seq,timestamp,r1,r2,r3,reel_1,reel_2,reel_3,spin_result,reward_code,is_triple,coins_won,coins,spins_remaining,shields,max_shields,bet_multiplier,bet_level,atk_count,stl_count,shd_count,spn_count,acc_count,accum_current,accum_total,accum_mission,accum_delta,accum_pct,gae_segment,gae_last_mission,gae_grand_prize,slot2_r1,slot2_r2,slot2_r3,event_bars,sa_spins,sa_atk,sa_stl,sa_shd,sa_spn,sa_acc,sa_3x_atk,sa_3x_stl,sa_3x_shd,ss_spins,ss_atk,ss_stl,ss_shd,ss_spn,ss_acc,ss_3x_atk,ss_3x_stl,ss_3x_shd
84245,2026-04-10 20:16:59,6,6,6,spins,spins,spins,spins,5,true,10,51892284839402,256348,5,5,1,11,0,0,0,3,0,167428,300000,52,0,55.8,bonus_bs15_gae3_no,100,2575000,LongExtraDayReduced,,,"{""slot_on_"":""41796\/55000@m24""}",1,0,0,0,3,0,0,0,0,1,0,0,0,3,0,0,0,0
84246,2026-04-10 20:17:02,1,4,4,coin,steal,steal,gold,1,false,25000,51892284864402,256347,5,5,1,11,0,2,0,0,0,167428,300000,52,0,55.8,bonus_bs15_gae3_no,100,2575000,,,LongExtraDayReduced,"{""slot_on_"":""41797\/55000@m24"",""bffc7787"":""31541\/38000@m9""}",2,0,2,0,3,0,0,0,0,1,0,2,0,0,0,0,0,0
84247,2026-04-10 20:17:03,30,30,1,accumulation,accumulation,coin,gold,1,false,25000,51892284889402,256346,5,5,1,11,0,0,0,0,2,167430,300000,52,2,55.8,bonus_bs15_gae3_no,100,2575000,,,,,3,0,2,0,3,2,0,0,0,2,0,2,0,0,2,0,0,0
84248,2026-04-10 20:17:04,3,3,3,attack,attack,attack,attack,2,true,0,51892284889402,256345,5,5,1,11,3,0,0,0,0,167430,300000,52,0,55.8,bonus_bs15_gae3_no,100,2575000,,,,,4,3,2,0,3,2,1,0,0,3,3,2,0,0,2,1,0,0
84249,2026-04-10 20:17:08,4,4,4,steal,steal,steal,steal,4,true,0,51892312889402,256344,5,5,1,11,0,3,0,0,0,167430,300000,52,0,55.8,bonus_bs15_gae3_no,100,2575000,,,,,5,3,5,0,3,2,1,1,0,4,3,5,0,0,2,1,1,0
84250,2026-04-10 20:17:13,1,1,6,coin,coin,spins,gold,1,false,50000,51892437289402,256343,5,5,1,11,0,0,0,1,0,167430,300000,52,0,55.8,bonus_bs15_gae3_no,100,2575000,,,LongExtraDayReduced,"{""slot_on_"":""41798\/55000@m24""}",6,3,5,0,4,2,1,1,0,5,3,5,0,1,2,1,1,0
84251,2026-04-10 20:17:28,1,1,6,coin,coin,spins,gold,1,false,50000,51892437339402,256342,5,5,1,11,0,0,0,1,0,167430,300000,52,0,55.8,bonus_bs15_gae3_no,100,2575000,,,,,7,3,5,0,5,2,1,1,0,6,3,5,0,2,2,1,1,0
84252,2026-04-10 20:17:28,1,4,4,coin,steal,steal,gold,1,false,25000,51892437364402,256341,5,5,1,11,0,2,0,0,0,167430,300000,52,0,55.8,bonus_bs15_gae3_no,100,2575000,,,,,8,3,7,0,5,2,1,1,0,7,3,7,0,2,2,1,1,0
84253,2026-04-10 20:17:29,3,4,2,attack,steal,goldSack,gold,1,false,100000,51892437464402,256340,5,5,1,11,1,1,0,0,0,167430,300000,52,0,55.8,bonus_bs15_gae3_no,100,2575000,,,,,9,4,8,0,5,2,1,1,0,8,4,8,0,2,2,1,1,0
84254,2026-04-10 20:17:30,1,1,6,coin,coin,spins,gold,1,false,50000,51892437514402,256339,5,5,1,11,0,0,0,1,0,167430,300000,52,0,55.8,bonus_bs15_gae3_no,100,2575000,LongExtraDayReduced,,,"{""slot_on_"":""41799\/55000@m24""}",10,4,8,0,6,2,1,1,0,9,4,8,0,3,2,1,1,0
84255,2026-04-10 20:17:31,1,1,6,coin,coin,spins,gold,1,false,50000,51892437564402,256338,5,5,1,11,0,0,0,1,0,167430,300000,52,0,55.8,bonus_bs15_gae3_no,100,2575000,LongExtraDayReduced,,,"{""e190af25"":""35316\/50000@m18"",""slot_on_"":""41800\/55000@m24"",""c5261ecd"":""773\/4200@m81""}",11,4,8,0,7,2,1,1,0,10,4,8,0,4,2,1,1,0
84256,2026-04-10 20:17:32,30,30,1,accumulation,accumulation,coin,gold,1,false,25000,51892437589402,256337,5,5,1,11,0,0,0,0,2,167432,300000,52,2,55.8,bonus_bs15_gae3_no,100,2575000,,,,,12,4,8,0,7,4,1,1,0,11,4,8,0,4,4,1,1,0
84257,2026-04-10 20:17:33,1,1,1,coin,coin,coin,gold,1,true,250000,51892437839402,256336,5,5,1,11,0,0,0,0,0,167432,300000,52,0,55.8,bonus_bs15_gae3_no,100,2575000,,,,,13,4,8,0,7,4,1,1,0,12,4,8,0,4,4,1,1,0
84258,2026-04-10 20:17:34,1,1,6,coin,coin,spins,gold,1,false,50000,51892437889402,256335,5,5,1,11,0,0,0,1,0,167432,300000,52,0,55.8,bonus_bs15_gae3_no,100,2575000,,,,,14,4,8,0,8,4,1,1,0,13,4,8,0,5,4,1,1,0
84259,2026-04-10 20:17:34,3,4,2,attack,steal,goldSack,gold,1,false,100000,51892437989402,256334,5,5,1,11,1,1,0,0,0,167432,300000,52,0,55.8,bonus_bs15_gae3_no,100,2575000,,,,,15,5,9,0,8,4,1,1,0,14,5,9,0,5,4,1,1,0
84260,2026-04-10 20:17:35,3,3,1,attack,attack,coin,gold,1,false,25000,51892438014402,256333,5,5,1,11,2,0,0,0,0,167432,300000,52,0,55.8,bonus_bs15_gae3_no,100,2575000,,,,,16,7,9,0,8,4,1,1,0,15,7,9,0,5,4,1,1,0
84261,2026-04-10 20:17:36,3,3,3,attack,attack,attack,attack,2,true,0,51892438014402,256332,5,5,1,11,3,0,0,0,0,167432,300000,52,0,55.8,bonus_bs15_gae3_no,100,2575000,,,,,17,10,9,0,8,4,2,1,0,16,10,9,0,5,4,2,1,0
84262,2026-04-10 20:17:40,3,4,2,attack,steal,goldSack,gold,1,false,100000,51892466114402,256331,5,5,1,11,1,1,0,0,0,167432,300000,52,0,55.8,bonus_bs15_gae3_no,100,2575000,,,,,18,11,10,0,8,4,2,1,0,17,11,10,0,5,4,2,1,0
84263,2026-04-10 20:17:41,30,2,2,accumulation,goldSack,goldSack,gold,1,false,150000,51892466264402,256330,5,5,1,11,0,0,0,0,1,167433,300000,52,1,55.8,bonus_bs15_gae3_no,100,2575000,,,,,19,11,10,0,8,5,2,1,0,18,11,10,0,5,5,2,1,0
84264,2026-04-10 20:17:42,2,2,2,goldSack,goldSack,goldSack,gold,1,true,2200000,51892468464402,256329,5,5,1,11,0,0,0,0,0,167433,300000,52,0,55.8,bonus_bs15_gae3_no,100,2575000,,,,,20,11,10,0,8,5,2,1,0,19,11,10,0,5,5,2,1,0
84265,2026-04-10 20:17:43,30,2,2,accumulation,goldSack,goldSack,gold,1,false,150000,51892468614402,256328,5,5,1,11,0,0,0,0,1,167434,300000,52,1,55.8,bonus_bs15_gae3_no,100,2575000,,,,"{""bffc7787"":""31542\/38000@m9""}",21,11,10,0,8,6,2,1,0,20,11,10,0,5,6,2,1,0
84266,2026-04-10 20:17:45,1,4,6,coin,steal,spins,gold,1,false,25000,51892468639402,256327,5,5,1,11,0,1,0,1,0,167434,300000,52,0,55.8,bonus_bs15_gae3_no,100,2575000,,LongExtraDayReduced,,"{""slot_on_"":""41801\/55000@m24"",""c5261ecd"":""775\/4200@m81""}",22,11,11,0,9,6,2,1,0,21,11,11,0,6,6,2,1,0
84267,2026-04-10 20:17:46,1,4,5,coin,steal,shield,gold,1,false,25000,51892468664402,256326,5,5,1,11,0,1,1,0,0,167434,300000,52,0,55.8,bonus_bs15_gae3_no,100,2575000,,,,,23,11,12,1,9,6,2,1,0,22,11,12,1,6,6,2,1,0
84268,2026-04-10 20:17:47,3,3,3,attack,attack,attack,attack,2,true,0,51892468664402,256325,5,5,1,11,3,0,0,0,0,167434,300000,52,0,55.8,bonus_bs15_gae3_no,100,2575000,,,,,24,14,12,1,9,6,3,1,0,23,14,12,1,6,6,3,1,0
84269,2026-04-10 20:17:51,3,4,2,attack,steal,goldSack,gold,1,false,100000,51892478004402,256324,5,5,1,11,1,1,0,0,0,167434,300000,52,0,55.8,bonus_bs15_gae3_no,100,2575000,,,,,25,15,13,1,9,6,3,1,0,24,15,13,1,6,6,3,1,0
84270,2026-04-10 20:17:51,3,4,2,attack,steal,goldSack,gold,1,false,100000,51892478104402,256323,5,5,1,11,1,1,0,0,0,167434,300000,52,0,55.8,bonus_bs15_gae3_no,100,2575000,,,,,26,16,14,1,9,6,3,1,0,25,16,14,1,6,6,3,1,0
84271,2026-04-10 20:17:52,3,3,2,attack,attack,goldSack,gold,1,false,100000,51892478204402,256322,5,5,1,11,2,0,0,0,0,167434,300000,52,0,55.8,bonus_bs15_gae3_no,100,2575000,,,,"{""e190af25"":""35318\/50000@m18""}",27,18,14,1,9,6,3,1,0,26,18,14,1,6,6,3,1,0
84272,2026-04-10 20:17:53,30,2,2,accumulation,goldSack,goldSack,gold,1,false,150000,51892478354402,256321,5,5,1,11,0,0,0,0,1,167435,300000,52,1,55.8,bonus_bs15_gae3_no,100,2575000,,,,"{""bffc7787"":""31543\/38000@m9""}",28,18,14,1,9,7,3,1,0,27,18,14,1,6,7,3,1,0
84273,2026-04-10 20:17:55,1,6,6,coin,spins,spins,gold,1,false,25000,51892478379402,256320,5,5,1,11,0,0,0,2,0,167435,300000,52,0,55.8,bonus_bs15_gae3_no,100,2575000,,,,,29,18,14,1,11,7,3,1,0,28,18,14,1,8,7,3,1,0
84274,2026-04-10 20:17:55,30,2,2,accumulation,goldSack,goldSack,gold,1,false,150000,51892478529402,256319,5,5,1,11,0,0,0,0,1,167436,300000,52,1,55.8,bonus_bs15_gae3_no,100,2575000,,LongExtraDayReduced,LongExtraDayReduced,"{""slot_on_"":""41803\/55000@m24""}",30,18,14,1,11,8,3,1,0,29,18,14,1,8,8,3,1,0
84275,2026-04-10 20:18:05,3,5,2,attack,shield,goldSack,gold,1,false,1500000,51892480029402,256304,5,5,15,11,1,0,1,0,0,167436,300000,52,0,55.8,bonus_bs15_gae3_no,100,2575000,,,,,31,19,14,2,11,8,3,1,0,30,19,14,2,8,8,3,1,0
84276,2026-04-10 20:18:06,4,4,4,steal,steal,steal,steal,4,true,0,51892480029402,256289,5,5,15,11,0,3,0,0,0,167436,300000,52,0,55.8,bonus_bs15_gae3_no,100,2575000,,,,,32,19,17,2,11,8,3,2,0,31,19,17,2,8,8,3,2,0
84277,2026-04-10 20:18:11,4,6,2,steal,spins,goldSack,gold,1,false,1500000,51895187019402,256274,5,5,15,11,0,1,0,1,0,167436,300000,52,0,55.8,bonus_bs15_gae3_no,100,2575000,,,,,33,19,18,2,12,8,3,2,0,32,19,18,2,9,8,3,2,0
84278,2026-04-10 20:18:12,30,2,2,accumulation,goldSack,goldSack,gold,1,false,2250000,51895189269402,256259,5,5,15,11,0,0,0,0,1,167451,300000,52,15,55.8,bonus_bs15_gae3_no,100,2575000,,,,,34,19,18,2,12,9,3,2,0,33,19,18,2,9,9,3,2,0
84279,2026-04-10 20:18:13,1,1,1,coin,coin,coin,gold,1,true,3750000,51895193019402,256244,5,5,15,11,0,0,0,0,0,167451,300000,52,0,55.8,bonus_bs15_gae3_no,100,2575000,,,LongExtraDayReduced,"{""slot_on_"":""41818\/55000@m24""}",35,19,18,2,12,9,3,2,0,34,19,18,2,9,9,3,2,0
84280,2026-04-10 20:18:14,4,6,2,steal,spins,goldSack,gold,1,false,1500000,51895194519402,256229,5,5,15,11,0,1,0,1,0,167451,300000,52,0,55.8,bonus_bs15_gae3_no,100,2575000,,,,,36,19,19,2,13,9,3,2,0,35,19,19,2,10,9,3,2,0
84281,2026-04-10 20:18:14,2,2,2,goldSack,goldSack,goldSack,gold,1,true,33000000,51895227519402,256214,5,5,15,11,0,0,0,0,0,167451,300000,52,0,55.8,bonus_bs15_gae3_no,100,2575000,,,,"{""bffc7787"":""31558\/38000@m9""}",37,19,19,2,13,9,3,2,0,36,19,19,2,10,9,3,2,0
84282,2026-04-10 20:18:15,30,2,2,accumulation,goldSack,goldSack,gold,1,false,2250000,51895229769402,256199,5,5,15,11,0,0,0,0,1,167466,300000,52,15,55.8,bonus_bs15_gae3_no,100,2575000,,,,,38,19,19,2,13,10,3,2,0,37,19,19,2,10,10,3,2,0
84283,2026-04-10 20:18:17,1,4,4,coin,steal,steal,gold,1,false,375000,51895230144402,256184,5,5,15,11,0,2,0,0,0,167466,300000,52,0,55.8,bonus_bs15_gae3_no,100,2575000,,,,,39,19,21,2,13,10,3,2,0,38,19,21,2,10,10,3,2,0
84284,2026-04-10 20:18:17,3,3,3,attack,attack,attack,attack,2,true,0,51895230144402,256169,5,5,15,11,3,0,0,0,0,167466,300000,52,0,55.8,bonus_bs15_gae3_no,100,2575000,,,,,40,22,21,2,13,10,4,2,0,39,22,21,2,10,10,4,2,0
84285,2026-04-10 20:18:21,2,2,2,goldSack,goldSack,goldSack,gold,1,true,33000000,51895683144402,256154,5,5,15,11,0,0,0,0,0,167466,300000,52,0,55.8,bonus_bs15_gae3_no,100,2575000,,,,"{""c5261ecd"":""805\/4200@m81""}",41,22,21,2,13,10,4,2,0,40,22,21,2,10,10,4,2,0
84286,2026-04-10 20:18:22,30,30,1,accumulation,accumulation,coin,gold,1,false,375000,51895683519402,256139,5,5,15,11,0,0,0,0,2,167496,300000,52,30,55.8,bonus_bs15_gae3_no,100,2575000,,LongExtraDayReduced,,"{""slot_on_"":""41833\/55000@m24"",""e190af25"":""35348\/50000@m18""}",42,22,21,2,13,12,4,2,0,41,22,21,2,10,12,4,2,0
84287,2026-04-10 20:18:23,30,2,2,accumulation,goldSack,goldSack,gold,1,false,2250000,51895685769402,256124,5,5,15,11,0,0,0,0,1,167511,300000,52,15,55.8,bonus_bs15_gae3_no,100,2575000,,,LongExtraDayReduced,"{""slot_on_"":""41848\/55000@m24""}",43,22,21,2,13,13,4,2,0,42,22,21,2,10,13,4,2,0
84288,2026-04-10 20:18:25,3,1,1,attack,coin,coin,gold,1,false,750000,51895506153402,256109,5,5,15,11,1,0,0,0,0,167511,300000,52,0,55.8,bonus_bs15_gae3_no,100,2575000,LongExtraDayReduced,,,"{""slot_on_"":""41863\/55000@m24""}",44,23,21,2,13,13,4,2,0,43,23,21,2,10,13,4,2,0
84289,2026-04-10 20:18:26,3,3,3,attack,attack,attack,attack,2,true,0,51895506153402,256094,5,5,15,11,3,0,0,0,0,167511,300000,52,0,55.8,bonus_bs15_gae3_no,100,2575000,,,,,45,26,21,2,13,13,5,2,0,44,26,21,2,10,13,5,2,0
84290,2026-04-10 20:18:29,4,4,4,steal,steal,steal,steal,4,true,0,51895644753402,256079,5,5,15,11,0,3,0,0,0,167511,300000,52,0,55.8,bonus_bs15_gae3_no,100,2575000,,,LongExtraDayReduced,"{""slot_on_"":""41878\/55000@m24""}",46,26,24,2,13,13,5,3,0,45,26,24,2,10,13,5,3,0
84291,2026-04-10 20:18:35,30,2,2,accumulation,goldSack,goldSack,gold,1,false,2250000,51899093373402,256064,5,5,15,11,0,0,0,0,1,167526,300000,52,15,55.8,bonus_bs15_gae3_no,100,2575000,,,,,47,26,24,2,13,14,5,3,0,46,26,24,2,10,14,5,3,0
84292,2026-04-10 20:18:36,6,6,6,spins,spins,spins,spins,5,true,150,51899093373402,256199,5,5,15,11,0,0,0,3,0,167526,300000,52,0,55.8,bonus_bs15_gae3_no,100,2575000,,,,,48,26,24,2,16,14,5,3,0,47,26,24,2,13,14,5,3,0
84293,2026-04-10 20:18:52,3,1,1,attack,coin,coin,gold,1,false,750000,51899094123402,256184,5,5,15,11,1,0,0,0,0,167526,300000,52,0,55.8,bonus_bs15_gae3_no,100,2575000,,,,,49,27,24,2,16,14,5,3,0,1,1,0,0,0,0,0,0,0
84294,2026-04-10 20:18:53,3,1,5,attack,coin,shield,gold,1,false,375000,51899094498402,256169,5,5,15,11,1,0,1,0,0,167526,300000,52,0,55.8,bonus_bs15_gae3_no,100,2575000,,,,,50,28,24,3,16,14,5,3,0,2,2,0,1,0,0,0,0,0
84295,2026-04-10 20:18:54,30,2,2,accumulation,goldSack,goldSack,gold,1,false,2250000,51899096748402,256154,5,5,15,11,0,0,0,0,1,167541,300000,52,15,55.8,bonus_bs15_gae3_no,100,2575000,,,,,51,28,24,3,16,15,5,3,0,3,2,0,1,0,1,0,0,0
84296,2026-04-10 20:18:54,3,1,1,attack,coin,coin,gold,1,false,750000,51899097498402,256139,5,5,15,11,1,0,0,0,0,167541,300000,52,0,55.8,bonus_bs15_gae3_no,100,2575000,,,,,52,29,24,3,16,15,5,3,0,4,3,0,1,0,1,0,0,0
84297,2026-04-10 20:18:55,5,5,5,shield,shield,shield,shield,3,true,15,51899097498402,256139,5,5,15,11,0,0,3,0,0,167541,300000,52,0,55.8,bonus_bs15_gae3_no,100,2575000,LongExtraDayReduced,,,"{""slot_on_"":""41893\/55000@m24""}",53,29,24,6,16,15,5,3,1,5,3,0,4,0,1,0,0,1
84298,2026-04-10 20:18:56,2,2,2,goldSack,goldSack,goldSack,gold,1,true,33000000,51899130498402,256124,5,5,15,11,0,0,0,0,0,167541,300000,52,0,55.8,bonus_bs15_gae3_no,100,2575000,,,,"{""e190af25"":""35378\/50000@m18""}",54,29,24,6,16,15,5,3,1,6,3,0,4,0,1,0,0,1
84299,2026-04-10 20:18:57,1,6,6,coin,spins,spins,gold,1,false,375000,51899130873402,256109,5,5,15,11,0,0,0,2,0,167541,300000,52,0,55.8,bonus_bs15_gae3_no,100,2575000,,,,,55,29,24,6,18,15,5,3,1,7,3,0,4,2,1,0,0,1
84300,2026-04-10 20:18:58,1,1,1,coin,coin,coin,gold,1,true,3750000,51899134623402,256094,5,5,15,11,0,0,0,0,0,167541,300000,52,0,55.8,bonus_bs15_gae3_no,100,2575000,,,,"{""bffc7787"":""31573\/38000@m9""}",56,29,24,6,18,15,5,3,1,8,3,0,4,2,1,0,0,1
84301,2026-04-10 20:18:59,3,1,5,attack,coin,shield,gold,1,false,375000,51899134998402,256079,5,5,15,11,1,0,1,0,0,167541,300000,52,0,55.8,bonus_bs15_gae3_no,100,2575000,,LongExtraDayReduced,,"{""slot_on_"":""41908\/55000@m24""}",57,30,24,7,18,15,5,3,1,9,4,0,5,2,1,0,0,1
84302,2026-04-10 20:19:00,1,6,6,coin,spins,spins,gold,1,false,375000,51899135373402,256064,5,5,15,11,0,0,0,2,0,167541,300000,52,0,55.8,bonus_bs15_gae3_no,100,2575000,,,LongExtraDayReduced,"{""slot_on_"":""41923\/55000@m24""}",58,30,24,7,20,15,5,3,1,10,4,0,5,4,1,0,0,1
84303,2026-04-10 20:19:06,2,2,2,goldSack,goldSack,goldSack,gold,1,true,33000000,51899180873402,256049,5,5,15,11,0,0,0,0,0,167541,300000,52,0,55.8,bonus_bs15_gae3_no,100,2575000,,,,,59,30,24,7,20,15,5,3,1,11,4,0,5,4,1,0,0,1
84304,2026-04-10 20:19:07,3,4,2,attack,steal,goldSack,gold,1,false,1500000,51899182373402,256034,5,5,15,11,1,1,0,0,0,167541,300000,52,0,55.8,bonus_bs15_gae3_no,100,2575000,,,,,60,31,25,7,20,15,5,3,1,12,5,1,5,4,1,0,0,1
84305,2026-04-10 20:19:08,30,2,2,accumulation,goldSack,goldSack,gold,1,false,7500000,51899189873402,255984,5,5,50,11,0,0,0,0,1,167591,300000,52,50,55.9,bonus_bs15_gae3_no,100,2575000,,,,,61,31,25,7,20,16,5,3,1,13,5,1,5,4,2,0,0,1
84306,2026-04-10 20:19:10,3,3,3,attack,attack,attack,attack,2,true,0,51899189873402,255934,5,5,50,11,3,0,0,0,0,167591,300000,52,0,55.9,bonus_bs15_gae3_no,100,2575000,,LongExtraDayReduced,,"{""slot_on_"":""41973\/55000@m24""}",62,34,25,7,20,16,6,3,1,14,8,1,5,4,2,1,0,1
84307,2026-04-10 20:19:13,30,30,1,accumulation,accumulation,coin,gold,1,false,1250000,51899653123402,255884,5,5,50,11,0,0,0,0,2,167691,300000,52,100,55.9,bonus_bs15_gae3_no,100,2575000,,,,"{""c5261ecd"":""905\/4200@m81""}",63,34,25,7,20,18,6,3,1,15,8,1,5,4,4,1,0,1
84308,2026-04-10 20:19:16,3,1,5,attack,coin,shield,gold,1,false,1250000,51899654373402,255834,5,5,50,11,1,0,1,0,0,167691,300000,52,0,55.9,bonus_bs15_gae3_no,100,2575000,,,,"{""e190af25"":""35478\/50000@m18"",""bffc7787"":""31623\/38000@m9""}",64,35,25,8,20,18,6,3,1,16,9,1,6,4,4,1,0,1
84309,2026-04-10 20:19:17,1,4,6,coin,steal,spins,gold,1,false,1250000,51899655623402,255784,5,5,50,11,0,1,0,1,0,167691,300000,52,0,55.9,bonus_bs15_gae3_no,100,2575000,,,,,65,35,26,8,21,18,6,3,1,17,9,2,6,5,4,1,0,1
84310,2026-04-10 20:19:18,1,1,4,coin,coin,steal,gold,1,false,2500000,51899658123402,255734,5,5,50,11,0,1,0,0,0,167691,300000,52,0,55.9,bonus_bs15_gae3_no,100,2575000,,,LongExtraDayReduced,"{""slot_on_"":""42023\/55000@m24""}",66,35,27,8,21,18,6,3,1,18,9,3,6,5,4,1,0,1
84311,2026-04-10 20:19:18,30,2,2,accumulation,goldSack,goldSack,gold,1,false,7500000,51899665623402,255684,5,5,50,11,0,0,0,0,1,167741,300000,52,50,55.9,bonus_bs15_gae3_no,100,2575000,,,,,67,35,27,8,21,19,6,3,1,19,9,3,6,5,5,1,0,1
84312,2026-04-10 20:19:20,3,3,3,attack,attack,attack,attack,2,true,0,51899665623402,255634,5,5,50,11,3,0,0,0,0,167741,300000,52,0,55.9,bonus_bs15_gae3_no,100,2575000,,,,,68,38,27,8,21,19,7,3,1,20,12,3,6,5,5,2,0,1
84313,2026-04-10 20:19:23,6,6,6,spins,spins,spins,spins,5,true,500,51900127623402,256084,5,5,50,11,0,0,0,3,0,167741,300000,52,0,55.9,bonus_bs15_gae3_no,100,2575000,LongExtraDayReduced,,LongExtraDayReduced,"{""slot_on_"":""42123\/55000@m24""}",69,38,27,8,24,19,7,3,1,21,12,3,6,8,5,2,0,1
84314,2026-04-10 20:19:25,3,6,2,attack,spins,goldSack,gold,1,false,5000000,51900132623402,256034,5,5,50,11,1,0,0,1,0,167741,300000,52,0,55.9,bonus_bs15_gae3_no,100,2575000,,,,,70,39,27,8,25,19,7,3,1,1,1,0,0,1,0,0,0,0
84315,2026-04-10 20:19:27,1,1,4,coin,coin,steal,gold,1,false,2500000,51900135123402,255984,5,5,50,11,0,1,0,0,0,167741,300000,52,0,55.9,bonus_bs15_gae3_no,100,2575000,LongExtraDayReduced,,,"{""slot_on_"":""42173\/55000@m24""}",71,39,28,8,25,19,7,3,1,2,1,1,0,1,0,0,0,0
84316,2026-04-10 20:19:28,2,2,2,goldSack,goldSack,goldSack,gold,1,true,110000000,51900245123402,255934,5,5,50,11,0,0,0,0,0,167741,300000,52,0,55.9,bonus_bs15_gae3_no,100,2575000,LongExtraDayReduced,,,"{""slot_on_"":""42223\/55000@m24""}",72,39,28,8,25,19,7,3,1,3,1,1,0,1,0,0,0,0
84317,2026-04-10 20:19:36,1,1,4,coin,coin,steal,gold,1,false,2500000,51900248873402,255984,5,5,50,11,0,1,0,0,0,167741,300000,52,0,55.9,bonus_bs15_gae3_no,100,2575000,LongExtraDayReduced,LongExtraDayReduced,LongExtraDayReduced,"{""slot_on_"":""42473\/55000@m24""}",73,39,29,8,25,19,7,3,1,4,1,2,0,1,0,0,0,0
84318,2026-04-10 20:19:36,4,6,2,steal,spins,goldSack,gold,1,false,5000000,51900256373402,255934,5,5,50,11,0,1,0,1,0,167741,300000,52,0,55.9,bonus_bs15_gae3_no,100,2575000,,,,,74,39,30,8,26,19,7,3,1,5,1,3,0,2,0,0,0,0
84319,2026-04-10 20:19:37,1,1,1,coin,coin,coin,gold,1,true,12500000,51900275173402,255884,5,5,50,11,0,0,0,0,0,167741,300000,52,0,55.9,bonus_bs15_gae3_no,100,2575000,,,,,75,39,30,8,26,19,7,3,1,6,1,3,0,2,0,0,0,0
84320,2026-04-10 20:19:38,3,1,4,attack,coin,steal,gold,1,false,1250000,51900277048402,255834,5,5,50,11,1,1,0,0,0,167741,300000,52,0,55.9,bonus_bs15_gae3_no,100,2575000,,,,"{""e190af25"":""35578\/50000@m18""}",76,40,31,8,26,19,7,3,1,7,2,4,0,2,0,0,0,0
84321,2026-04-10 20:19:39,1,1,4,coin,coin,steal,gold,1,false,2500000,51900280798402,255784,5,5,50,11,0,1,0,0,0,167741,300000,52,0,55.9,bonus_bs15_gae3_no,100,2575000,,,,,77,40,32,8,26,19,7,3,1,8,2,5,0,2,0,0,0,0
84322,2026-04-10 20:19:42,3,3,2,attack,attack,goldSack,gold,1,false,5000000,51900288298402,255734,5,5,50,11,2,0,0,0,0,167741,300000,52,0,55.9,bonus_bs15_gae3_no,100,2575000,,,,,78,42,32,8,26,19,7,3,1,9,4,5,0,2,0,0,0,0
84323,2026-04-10 20:19:42,3,1,4,attack,coin,steal,gold,1,false,1250000,51900290173402,255684,5,5,50,11,1,1,0,0,0,167741,300000,52,0,55.9,bonus_bs15_gae3_no,100,2575000,,,,"{""c5261ecd"":""1005\/4200@m81"",""bffc7787"":""31673\/38000@m9""}",79,43,33,8,26,19,7,3,1,10,5,6,0,2,0,0,0,0
84324,2026-04-10 20:19:43,30,2,2,accumulation,goldSack,goldSack,gold,1,false,7500000,51900301473402,255634,5,5,50,11,0,0,0,0,1,167791,300000,52,50,55.9,bonus_bs15_gae3_no,100,2575000,,,,,80,43,33,8,26,20,7,3,1,11,5,6,0,2,1,0,0,0
84325,2026-04-10 20:19:45,1,6,6,coin,spins,spins,gold,1,false,1250000,51900303348402,255584,5,5,50,11,0,0,0,2,0,167791,300000,52,0,55.9,bonus_bs15_gae3_no,100,2575000,,,,,81,43,33,8,28,20,7,3,1,12,5,6,0,4,1,0,0,0
84326,2026-04-10 20:19:45,30,2,2,accumulation,goldSack,goldSack,gold,1,false,7500000,51900314648402,255534,5,5,50,11,0,0,0,0,1,167841,300000,52,50,55.9,bonus_bs15_gae3_no,100,2575000,,LongExtraDayReduced,,"{""slot_on_"":""42523\/55000@m24""}",82,43,33,8,28,21,7,3,1,13,5,6,0,4,2,0,0,0
84327,2026-04-10 20:19:47,1,5,5,coin,shield,shield,gold,1,false,1250000,51900316523402,255484,5,5,50,11,0,0,2,0,0,167841,300000,52,0,55.9,bonus_bs15_gae3_no,100,2575000,,,,,83,43,33,10,28,21,7,3,1,14,5,6,2,4,2,0,0,0
84328,2026-04-10 20:19:47,1,1,1,coin,coin,coin,gold,1,true,12500000,51900335323402,255434,5,5,50,11,0,0,0,0,0,167841,300000,52,0,55.9,bonus_bs15_gae3_no,100,2575000,,,LongExtraDayReduced,"{""slot_on_"":""42573\/55000@m24""}",84,43,33,10,28,21,7,3,1,15,5,6,2,4,2,0,0,0
84329,2026-04-10 20:19:48,30,30,1,accumulation,accumulation,coin,gold,1,false,1250000,51900337198402,255384,5,5,50,11,0,0,0,0,2,167941,300000,52,100,56.0,bonus_bs15_gae3_no,100,2575000,,,,,85,43,33,10,28,23,7,3,1,16,5,6,2,4,4,0,0,0
84330,2026-04-10 20:19:49,3,3,3,attack,attack,attack,attack,2,true,0,51900337198402,255334,5,5,50,11,3,0,0,0,0,167941,300000,52,0,56.0,bonus_bs15_gae3_no,100,2575000,,,,"{""e190af25"":""35678\/50000@m18"",""bffc7787"":""31723\/38000@m9""}",86,46,33,10,28,23,8,3,1,17,8,6,2,4,4,1,0,0
84331,2026-04-10 20:19:56,3,1,4,attack,coin,steal,gold,1,false,1250000,51902339073402,255284,5,5,50,11,1,1,0,0,0,167941,300000,52,0,56.0,bonus_bs15_gae3_no,100,2575000,,,,,87,47,34,10,28,23,8,3,1,18,9,7,2,4,4,1,0,0
84332,2026-04-10 20:19:57,30,2,2,accumulation,goldSack,goldSack,gold,1,false,7500000,51902350373402,255234,5,5,50,11,0,0,0,0,1,167991,300000,52,50,56.0,bonus_bs15_gae3_no,100,2575000,,LongExtraDayReduced,LongExtraDayReduced,"{""slot_on_"":""42673\/55000@m24""}",88,47,34,10,28,24,8,3,1,19,9,7,2,4,5,1,0,0
84333,2026-04-10 20:19:58,30,30,1,accumulation,accumulation,coin,gold,1,false,1250000,51902352248402,255184,5,5,50,11,0,0,0,0,2,168091,300000,52,100,56.0,bonus_bs15_gae3_no,100,2575000,,,,,89,47,34,10,28,26,8,3,1,20,9,7,2,4,7,1,0,0
84334,2026-04-10 20:20:00,3,1,4,attack,coin,steal,gold,1,false,1250000,51902354123402,255134,5,5,50,11,1,1,0,0,0,168091,300000,52,0,56.0,bonus_bs15_gae3_no,100,2575000,,,,,90,48,35,10,28,26,8,3,1,21,10,8,2,4,7,1,0,0
84335,2026-04-10 20:20:02,3,3,2,attack,attack,goldSack,gold,1,false,5000000,51902361623402,255084,5,5,50,11,2,0,0,0,0,168091,300000,52,0,56.0,bonus_bs15_gae3_no,100,2575000,,,,,91,50,35,10,28,26,8,3,1,22,12,8,2,4,7,1,0,0
84336,2026-04-10 20:20:04,1,1,1,coin,coin,coin,gold,1,true,12500000,51902380423402,255034,5,5,50,11,0,0,0,0,0,168091,300000,52,0,56.0,bonus_bs15_gae3_no,100,2575000,,,,,92,50,35,10,28,26,8,3,1,23,12,8,2,4,7,1,0,0
84337,2026-04-10 20:20:05,1,4,4,coin,steal,steal,gold,1,false,1250000,51902382298402,254984,5,5,50,11,0,2,0,0,0,168091,300000,52,0,56.0,bonus_bs15_gae3_no,100,2575000,,,,"{""c5261ecd"":""1105\/4200@m81""}",93,50,37,10,28,26,8,3,1,24,12,10,2,4,7,1,0,0
84338,2026-04-10 20:20:06,3,6,2,attack,spins,goldSack,gold,1,false,5000000,51902389798402,254934,5,5,50,11,1,0,0,1,0,168091,300000,52,0,56.0,bonus_bs15_gae3_no,100,2575000,,,,,94,51,37,10,29,26,8,3,1,25,13,10,2,5,7,1,0,0
84339,2026-04-10 20:20:06,30,30,1,accumulation,accumulation,coin,gold,1,false,1250000,51902391673402,254884,5,5,50,11,0,0,0,0,2,168191,300000,52,100,56.1,bonus_bs15_gae3_no,100,2575000,,,,,95,51,37,10,29,28,8,3,1,26,13,10,2,5,9,1,0,0
84340,2026-04-10 20:20:08,3,6,2,attack,spins,goldSack,gold,1,false,5000000,51902399173402,254834,5,5,50,11,1,0,0,1,0,168191,300000,52,0,56.1,bonus_bs15_gae3_no,100,2575000,LongExtraDayReduced,,LongExtraDayReduced,"{""slot_on_"":""42773\/55000@m24""}",96,52,37,10,30,28,8,3,1,27,14,10,2,6,9,1,0,0
84341,2026-04-10 20:20:08,1,1,4,coin,coin,steal,gold,1,false,2500000,51902402923402,254784,5,5,50,11,0,1,0,0,0,168191,300000,52,0,56.1,bonus_bs15_gae3_no,100,2575000,,LongExtraDayReduced,LongExtraDayReduced,"{""slot_on_"":""42873\/55000@m24""}",97,52,38,10,30,28,8,3,1,28,14,11,2,6,9,1,0,0
84342,2026-04-10 20:20:09,1,6,6,coin,spins,spins,gold,1,false,1250000,51902404798402,254734,5,5,50,11,0,0,0,2,0,168191,300000,52,0,56.1,bonus_bs15_gae3_no,100,2575000,,,,,98,52,38,10,32,28,8,3,1,29,14,11,2,8,9,1,0,0
84343,2026-04-10 20:20:10,3,3,2,attack,attack,goldSack,gold,1,false,5000000,51902412298402,254684,5,5,50,11,2,0,0,0,0,168191,300000,52,0,56.1,bonus_bs15_gae3_no,100,2575000,,,,"{""e190af25"":""35778\/50000@m18""}",99,54,38,10,32,28,8,3,1,30,16,11,2,8,9,1,0,0
84344,2026-04-10 20:20:11,3,6,2,attack,spins,goldSack,gold,1,false,5000000,51902419798402,254634,5,5,50,11,1,0,0,1,0,168191,300000,52,0,56.1,bonus_bs15_gae3_no,100,2575000,LongExtraDayReduced,,,"{""slot_on_"":""42923\/55000@m24""}",100,55,38,10,33,28,8,3,1,31,17,11,2,9,9,1,0,0
84345,2026-04-10 20:20:12,5,5,5,shield,shield,shield,shield,3,true,50,51902419798402,254634,5,5,50,11,0,0,3,0,0,168191,300000,52,0,56.1,bonus_bs15_gae3_no,100,2575000,,,,"{""bffc7787"":""31773\/38000@m9""}",101,55,38,13,33,28,8,3,2,32,17,11,5,9,9,1,0,1
84346,2026-04-10 20:20:13,1,4,4,coin,steal,steal,gold,1,false,1250000,51902421673402,254584,5,5,50,11,0,2,0,0,0,168191,300000,52,0,56.1,bonus_bs15_gae3_no,100,2575000,,,,,102,55,40,13,33,28,8,3,2,33,17,13,5,9,9,1,0,1
84347,2026-04-10 20:20:16,30,2,2,accumulation,goldSack,goldSack,gold,1,false,7500000,51902432973402,254534,5,5,50,11,0,0,0,0,1,168241,300000,52,50,56.1,bonus_bs15_gae3_no,100,2575000,LongExtraDayReduced,,,"{""slot_on_"":""42973\/55000@m24""}",103,55,40,13,33,29,8,3,2,34,17,13,5,9,10,1,0,1
84348,2026-04-10 20:20:17,4,4,4,steal,steal,steal,steal,4,true,0,51902432973402,254484,5,5,50,11,0,3,0,0,0,168241,300000,52,0,56.1,bonus_bs15_gae3_no,100,2575000,,,,,104,55,43,13,33,29,8,4,2,35,17,16,5,9,10,1,1,1
84349,2026-04-10 20:20:22,1,4,6,coin,steal,spins,gold,1,false,1250000,51911684848402,254434,5,5,50,11,0,1,0,1,0,168241,300000,52,0,56.1,bonus_bs15_gae3_no,100,2575000,,,LongExtraDayReduced,"{""slot_on_"":""43023\/55000@m24"",""c5261ecd"":""1205\/4200@m81""}",105,55,44,13,34,29,8,4,2,36,17,17,5,10,10,1,1,1
84350,2026-04-10 20:20:23,5,5,5,shield,shield,shield,shield,3,true,50,51911684848402,254434,5,5,50,11,0,0,3,0,0,168241,300000,52,0,56.1,bonus_bs15_gae3_no,100,2575000,,,,,106,55,44,16,34,29,8,4,3,37,17,17,8,10,10,1,1,2
84351,2026-04-10 20:20:24,30,30,1,accumulation,accumulation,coin,gold,1,false,1250000,51911686723402,254384,5,5,50,11,0,0,0,0,2,168341,300000,52,100,56.1,bonus_bs15_gae3_no,100,2575000,,,,,107,55,44,16,34,31,8,4,3,38,17,17,8,10,12,1,1,2
84352,2026-04-10 20:20:25,3,6,2,attack,spins,goldSack,gold,1,false,5000000,51911694223402,254334,5,5,50,11,1,0,0,1,0,168341,300000,52,0,56.1,bonus_bs15_gae3_no,100,2575000,,,,,108,56,44,16,35,31,8,4,3,39,18,17,8,11,12,1,1,2
84353,2026-04-10 20:20:26,3,1,5,attack,coin,shield,gold,1,false,1250000,51911696098402,254284,5,5,50,11,1,0,1,0,0,168341,300000,52,0,56.1,bonus_bs15_gae3_no,100,2575000,,,,,109,57,44,17,35,31,8,4,3,40,19,17,9,11,12,1,1,2
84354,2026-04-10 20:20:30,1,1,4,coin,coin,steal,gold,1,false,2500000,51911699848402,254234,5,5,50,11,0,1,0,0,0,168341,300000,52,0,56.1,bonus_bs15_gae3_no,100,2575000,,,,,110,57,45,17,35,31,8,4,3,41,19,18,9,11,12,1,1,2
84355,2026-04-10 20:20:31,30,30,30,accumulation,accumulation,accumulation,gold,10,true,0,51911699848402,254184,5,5,50,11,0,0,0,0,3,168841,300000,52,500,56.3,bonus_bs15_gae3_no,100,2575000,,,,,111,57,45,17,35,34,8,4,3,42,19,18,9,11,15,1,1,2
84356,2026-04-10 20:20:35,2,2,2,goldSack,goldSack,goldSack,gold,1,true,2200000,51911703148402,254183,5,5,1,11,0,0,0,0,0,168841,300000,52,0,56.3,bonus_bs15_gae3_no,100,2575000,,,,,1,0,0,0,0,0,0,0,0,43,19,18,9,11,15,1,1,2
84357,2026-04-10 20:20:35,1,4,4,coin,steal,steal,gold,1,false,25000,51911703186402,254182,5,5,1,11,0,2,0,0,0,168841,300000,52,0,56.3,bonus_bs15_gae3_no,100,2575000,,,,,2,0,2,0,0,0,0,0,0,44,19,20,9,11,15,1,1,2
84358,2026-04-10 20:20:36,1,4,4,coin,steal,steal,gold,1,false,25000,51911703224402,254181,5,5,1,11,0,2,0,0,0,168841,300000,52,0,56.3,bonus_bs15_gae3_no,100,2575000,,,,"{""c5261ecd"":""1207\/4200@m81""}",3,0,4,0,0,0,0,0,0,45,19,22,9,11,15,1,1,2
84359,2026-04-10 20:20:37,30,2,2,accumulation,goldSack,goldSack,gold,1,false,150000,51911703449402,254180,5,5,1,11,0,0,0,0,1,168842,300000,52,1,56.3,bonus_bs15_gae3_no,100,2575000,,,,,4,0,4,0,0,1,0,0,0,46,19,22,9,11,16,1,1,2
84360,2026-04-10 20:20:38,3,3,3,attack,attack,attack,attack,2,true,0,51911703449402,254179,5,5,1,11,3,0,0,0,0,168842,300000,52,0,56.3,bonus_bs15_gae3_no,100,2575000,,LongExtraDayReduced,,"{""slot_on_"":""43024\/55000@m24""}",5,3,4,0,0,1,1,0,0,47,22,22,9,11,16,2,1,2
84361,2026-04-10 20:20:42,3,3,2,attack,attack,goldSack,gold,1,false,100000,51911717499402,254178,5,5,1,11,2,0,0,0,0,168842,300000,52,0,56.3,bonus_bs15_gae3_no,100,2575000,,LongExtraDayReduced,LongExtraDayReduced,"{""slot_on_"":""43026\/55000@m24"",""e190af25"":""35780\/50000@m18""}",6,5,4,0,0,1,1,0,0,48,24,22,9,11,16,2,1,2
84362,2026-04-10 20:20:43,5,5,5,shield,shield,shield,shield,3,true,1,51911717499402,254178,5,5,1,11,0,0,3,0,0,168842,300000,52,0,56.3,bonus_bs15_gae3_no,100,2575000,,,,,7,5,4,3,0,1,1,0,1,49,24,22,12,11,16,2,1,3
84363,2026-04-10 20:20:44,1,1,4,coin,coin,steal,gold,1,false,50000,51911717574402,254177,5,5,1,11,0,1,0,0,0,168842,300000,52,0,56.3,bonus_bs15_gae3_no,100,2575000,,,,,8,5,5,3,0,1,1,0,1,50,24,23,12,11,16,2,1,3
84364,2026-04-10 20:20:45,3,3,2,attack,attack,goldSack,gold,1,false,100000,51911717724402,254176,5,5,1,11,2,0,0,0,0,168842,300000,52,0,56.3,bonus_bs15_gae3_no,100,2575000,,,,"{""bffc7787"":""31774\/38000@m9""}",9,7,5,3,0,1,1,0,1,51,26,23,12,11,16,2,1,3
84365,2026-04-10 20:20:46,1,1,4,coin,coin,steal,gold,1,false,50000,51911717799402,254175,5,5,1,11,0,1,0,0,0,168842,300000,52,0,56.3,bonus_bs15_gae3_no,100,2575000,,,,,10,7,6,3,0,1,1,0,1,52,26,24,12,11,16,2,1,3
84366,2026-04-10 20:20:46,4,4,4,steal,steal,steal,steal,4,true,0,51911717799402,254174,5,5,1,11,0,3,0,0,0,168842,300000,52,0,56.3,bonus_bs15_gae3_no,100,2575000,,LongExtraDayReduced,,"{""slot_on_"":""43027\/55000@m24""}",11,7,9,3,0,1,1,1,1,53,26,27,12,11,16,2,2,3
84367,2026-04-10 20:20:51,1,1,1,coin,coin,coin,gold,1,true,250000,51911968174402,254173,5,5,1,11,0,0,0,0,0,168842,300000,52,0,56.3,bonus_bs15_gae3_no,100,2575000,,,,,12,7,9,3,0,1,1,1,1,54,26,27,12,11,16,2,2,3
84368,2026-04-10 20:20:52,3,6,2,attack,spins,goldSack,gold,1,false,100000,51911968324402,254172,5,5,1,11,1,0,0,1,0,168842,300000,52,0,56.3,bonus_bs15_gae3_no,100,2575000,,,,,13,8,9,3,1,1,1,1,1,55,27,27,12,12,16,2,2,3
84369,2026-04-10 20:20:53,1,6,6,coin,spins,spins,gold,1,false,25000,51911968362402,254171,5,5,1,11,0,0,0,2,0,168842,300000,52,0,56.3,bonus_bs15_gae3_no,100,2575000,,,,,14,8,9,3,3,1,1,1,1,56,27,27,12,14,16,2,2,3
84370,2026-04-10 20:20:53,3,6,2,attack,spins,goldSack,gold,1,false,100000,51911968512402,254170,5,5,1,11,1,0,0,1,0,168842,300000,52,0,56.3,bonus_bs15_gae3_no,100,2575000,,,,,15,9,9,3,4,1,1,1,1,57,28,27,12,15,16,2,2,3
84371,2026-04-10 20:20:54,30,2,2,accumulation,goldSack,goldSack,gold,1,false,150000,51911968737402,254169,5,5,1,11,0,0,0,0,1,168843,300000,52,1,56.3,bonus_bs15_gae3_no,100,2575000,,,,,16,9,9,3,4,2,1,1,1,58,28,27,12,15,17,2,2,3
84372,2026-04-10 20:20:55,2,2,2,goldSack,goldSack,goldSack,gold,1,true,2200000,51911972037402,254168,5,5,1,11,0,0,0,0,0,168843,300000,52,0,56.3,bonus_bs15_gae3_no,100,2575000,,,,"{""bffc7787"":""31775\/38000@m9""}",17,9,9,3,4,2,1,1,1,59,28,27,12,15,17,2,2,3
84373,2026-04-10 20:20:56,2,2,2,goldSack,goldSack,goldSack,gold,1,true,2200000,51911975337402,254167,5,5,1,11,0,0,0,0,0,168843,300000,52,0,56.3,bonus_bs15_gae3_no,100,2575000,,,,,18,9,9,3,4,2,1,1,1,60,28,27,12,15,17,2,2,3
84374,2026-04-10 20:20:56,30,30,1,accumulation,accumulation,coin,gold,1,false,25000,51911975375402,254166,5,5,1,11,0,0,0,0,2,168845,300000,52,2,56.3,bonus_bs15_gae3_no,100,2575000,LongExtraDayReduced,LongExtraDayReduced,LongExtraDayReduced,"{""slot_on_"":""43032\/55000@m24""}",19,9,9,3,4,4,1,1,1,61,28,27,12,15,19,2,2,3
84375,2026-04-10 20:20:57,1,1,4,coin,coin,steal,gold,1,false,50000,51911975450402,254165,5,5,1,11,0,1,0,0,0,168845,300000,52,0,56.3,bonus_bs15_gae3_no,100,2575000,,,,,20,9,10,3,4,4,1,1,1,62,28,28,12,15,19,2,2,3
84376,2026-04-10 20:20:58,1,1,1,coin,coin,coin,gold,1,true,250000,51911975825402,254164,5,5,1,11,0,0,0,0,0,168845,300000,52,0,56.3,bonus_bs15_gae3_no,100,2575000,LongExtraDayReduced,LongExtraDayReduced,,"{""slot_on_"":""43034\/55000@m24""}",21,9,10,3,4,4,1,1,1,63,28,28,12,15,19,2,2,3
84377,2026-04-10 20:20:59,2,2,2,goldSack,goldSack,goldSack,gold,1,true,2200000,51911979125402,254163,5,5,1,11,0,0,0,0,0,168845,300000,52,0,56.3,bonus_bs15_gae3_no,100,2575000,,,LongExtraDayReduced,"{""slot_on_"":""43035\/55000@m24""}",22,9,10,3,4,4,1,1,1,64,28,28,12,15,19,2,2,3
84378,2026-04-10 20:21:00,2,2,2,goldSack,goldSack,goldSack,gold,1,true,2200000,51911982425402,254162,5,5,1,11,0,0,0,0,0,168845,300000,52,0,56.3,bonus_bs15_gae3_no,100,2575000,,,,,23,9,10,3,4,4,1,1,1,65,28,28,12,15,19,2,2,3
84379,2026-04-10 20:21:01,30,2,2,accumulation,goldSack,goldSack,gold,1,false,150000,51911982650402,254161,5,5,1,11,0,0,0,0,1,168846,300000,52,1,56.3,bonus_bs15_gae3_no,100,2575000,,,,"{""e190af25"":""35782\/50000@m18"",""c5261ecd"":""1209\/4200@m81""}",24,9,10,3,4,5,1,1,1,66,28,28,12,15,20,2,2,3
84380,2026-04-10 20:21:02,3,3,2,attack,attack,goldSack,gold,1,false,100000,51911982800402,254160,5,5,1,11,2,0,0,0,0,168846,300000,52,0,56.3,bonus_bs15_gae3_no,100,2575000,LongExtraDayReduced,LongExtraDayReduced,,"{""slot_on_"":""43037\/55000@m24""}",25,11,10,3,4,5,1,1,1,67,30,28,12,15,20,2,2,3
84381,2026-04-10 20:21:03,3,6,2,attack,spins,goldSack,gold,1,false,100000,51911982950402,254159,5,5,1,11,1,0,0,1,0,168846,300000,52,0,56.3,bonus_bs15_gae3_no,100,2575000,,,,,26,12,10,3,5,5,1,1,1,68,31,28,12,16,20,2,2,3
84382,2026-04-10 20:21:03,3,6,2,attack,spins,goldSack,gold,1,false,100000,51911983100402,254158,5,5,1,11,1,0,0,1,0,168846,300000,52,0,56.3,bonus_bs15_gae3_no,100,2575000,,,,,27,13,10,3,6,5,1,1,1,69,32,28,12,17,20,2,2,3
84383,2026-04-10 20:21:04,3,6,2,attack,spins,goldSack,gold,1,false,100000,51911983250402,254157,5,5,1,11,1,0,0,1,0,168846,300000,52,0,56.3,bonus_bs15_gae3_no,100,2575000,,,LongExtraDayReduced,"{""slot_on_"":""43038\/55000@m24""}",28,14,10,3,7,5,1,1,1,70,33,28,12,18,20,2,2,3
84384,2026-04-10 20:21:05,3,3,3,attack,attack,attack,attack,2,true,0,51911983250402,254156,5,5,1,11,3,0,0,0,0,168846,300000,52,0,56.3,bonus_bs15_gae3_no,100,2575000,,,,,29,17,10,3,7,5,2,1,1,71,36,28,12,18,20,3,2,3
84385,2026-04-10 20:21:09,3,6,2,attack,spins,goldSack,gold,1,false,100000,51911997300402,254155,5,5,1,11,1,0,0,1,0,168846,300000,52,0,56.3,bonus_bs15_gae3_no,100,2575000,,LongExtraDayReduced,,"{""slot_on_"":""43039\/55000@m24""}",30,18,10,3,8,5,2,1,1,72,37,28,12,19,20,3,2,3
84386,2026-04-10 20:21:10,5,5,5,shield,shield,shield,shield,3,true,1,51911997300402,254155,5,5,1,11,0,0,3,0,0,168846,300000,52,0,56.3,bonus_bs15_gae3_no,100,2575000,,,,,31,18,10,6,8,5,2,1,2,73,37,28,15,19,20,3,2,4
84387,2026-04-10 20:21:10,1,1,1,coin,coin,coin,gold,1,true,250000,51911997675402,254154,5,5,1,11,0,0,0,0,0,168846,300000,52,0,56.3,bonus_bs15_gae3_no,100,2575000,,,LongExtraDayReduced,"{""slot_on_"":""43040\/55000@m24""}",32,18,10,6,8,5,2,1,2,74,37,28,15,19,20,3,2,4
84388,2026-04-10 20:21:11,30,2,2,accumulation,goldSack,goldSack,gold,1,false,150000,51911997900402,254153,5,5,1,11,0,0,0,0,1,168847,300000,52,1,56.3,bonus_bs15_gae3_no,100,2575000,,,,,33,18,10,6,8,6,2,1,2,75,37,28,15,19,21,3,2,4
84389,2026-04-10 20:21:12,3,6,2,attack,spins,goldSack,gold,1,false,100000,51911998050402,254152,5,5,1,11,1,0,0,1,0,168847,300000,52,0,56.3,bonus_bs15_gae3_no,100,2575000,,,,"{""bffc7787"":""31776\/38000@m9""}",34,19,10,6,9,6,2,1,2,76,38,28,15,20,21,3,2,4
84390,2026-04-10 20:21:13,3,3,3,attack,attack,attack,attack,2,true,0,51911998050402,254151,5,5,1,11,3,0,0,0,0,168847,300000,52,0,56.3,bonus_bs15_gae3_no,100,2575000,,,,,35,22,10,6,9,6,3,1,2,77,41,28,15,20,21,4,2,4
84391,2026-04-10 20:21:17,3,6,2,attack,spins,goldSack,gold,1,false,100000,51912012100402,254150,5,5,1,11,1,0,0,1,0,168847,300000,52,0,56.3,bonus_bs15_gae3_no,100,2575000,,,LongExtraDayReduced,"{""slot_on_"":""43041\/55000@m24""}",36,23,10,6,10,6,3,1,2,78,42,28,15,21,21,4,2,4
84392,2026-04-10 20:21:18,30,2,2,accumulation,goldSack,goldSack,gold,1,false,150000,51912012325402,254149,5,5,1,11,0,0,0,0,1,168848,300000,52,1,56.3,bonus_bs15_gae3_no,100,2575000,,,,,37,23,10,6,10,7,3,1,2,79,42,28,15,21,22,4,2,4
84393,2026-04-10 20:21:19,4,4,4,steal,steal,steal,steal,4,true,0,51912012325402,254148,5,5,1,11,0,3,0,0,0,168848,300000,52,0,56.3,bonus_bs15_gae3_no,100,2575000,,,,,38,23,13,6,10,7,3,2,2,80,42,31,15,21,22,4,3,4
84394,2026-04-10 20:21:24,1,1,1,coin,coin,coin,gold,1,true,250000,51912387700402,254147,5,5,1,11,0,0,0,0,0,168848,300000,52,0,56.3,bonus_bs15_gae3_no,100,2575000,,,,,39,23,13,6,10,7,3,2,2,81,42,31,15,21,22,4,3,4
84395,2026-04-10 20:21:25,30,2,2,accumulation,goldSack,goldSack,gold,1,false,150000,51912387925402,254146,5,5,1,11,0,0,0,0,1,168849,300000,52,1,56.3,bonus_bs15_gae3_no,100,2575000,,,,,40,23,13,6,10,8,3,2,2,82,42,31,15,21,23,4,3,4
84396,2026-04-10 20:21:26,30,2,2,accumulation,goldSack,goldSack,gold,1,false,150000,51912388150402,254145,5,5,1,11,0,0,0,0,1,168850,300000,52,1,56.3,bonus_bs15_gae3_no,100,2575000,,,,,41,23,13,6,10,9,3,2,2,83,42,31,15,21,24,4,3,4
84397,2026-04-10 20:21:27,30,2,2,accumulation,goldSack,goldSack,gold,1,false,150000,51912388375402,254144,5,5,1,11,0,0,0,0,1,168851,300000,52,1,56.3,bonus_bs15_gae3_no,100,2575000,,,,"{""e190af25"":""35784\/50000@m18""}",42,23,13,6,10,10,3,2,2,84,42,31,15,21,25,4,3,4
84398,2026-04-10 20:21:28,5,2,2,shield,goldSack,goldSack,gold,1,false,150000,51912388600402,254143,5,5,1,11,0,0,1,0,0,168851,300000,52,0,56.3,bonus_bs15_gae3_no,100,2575000,,,,,43,23,13,7,10,10,3,2,2,85,42,31,16,21,25,4,3,4
84399,2026-04-10 20:21:29,2,2,2,goldSack,goldSack,goldSack,gold,1,true,2200000,51912391900402,254142,5,5,1,11,0,0,0,0,0,168851,300000,52,0,56.3,bonus_bs15_gae3_no,100,2575000,,,,"{""c5261ecd"":""1211\/4200@m81""}",44,23,13,7,10,10,3,2,2,86,42,31,16,21,25,4,3,4
84400,2026-04-10 20:21:33,30,2,2,accumulation,goldSack,goldSack,gold,1,false,150000,51912392125402,254141,5,5,1,11,0,0,0,0,1,168852,300000,52,1,56.3,bonus_bs15_gae3_no,100,2575000,,LongExtraDayReduced,,"{""slot_on_"":""43042\/55000@m24"",""bffc7787"":""31777\/38000@m9""}",45,23,13,7,10,11,3,2,2,87,42,31,16,21,26,4,3,4
84401,2026-04-10 20:21:34,3,3,3,attack,attack,attack,attack,2,true,0,51912392125402,254140,5,5,1,11,3,0,0,0,0,168852,300000,52,0,56.3,bonus_bs15_gae3_no,100,2575000,,,,,46,26,13,7,10,11,4,2,2,88,45,31,16,21,26,5,3,4
84402,2026-04-10 20:21:40,4,4,4,steal,steal,steal,steal,4,true,0,51912406025402,254090,5,5,50,11,0,3,0,0,0,168852,300000,52,0,56.3,bonus_bs15_gae3_no,100,2575000,LongExtraDayReduced,,LongExtraDayReduced,"{""slot_on_"":""43142\/55000@m24""}",47,26,16,7,10,11,4,3,2,89,45,34,16,21,26,5,4,4
84403,2026-04-10 20:21:47,1,4,4,coin,steal,steal,gold,1,false,1250000,51924907900402,254040,5,5,50,11,0,2,0,0,0,168852,300000,52,0,56.3,bonus_bs15_gae3_no,100,2575000,,,,,48,26,18,7,10,11,4,3,2,90,45,36,16,21,26,5,4,4
84404,2026-04-10 20:21:48,30,2,2,accumulation,goldSack,goldSack,gold,1,false,7500000,51924919200402,253990,5,5,50,11,0,0,0,0,1,168902,300000,52,50,56.3,bonus_bs15_gae3_no,100,2575000,,,,,49,26,18,7,10,12,4,3,2,91,45,36,16,21,27,5,4,4
84405,2026-04-10 20:21:49,3,6,2,attack,spins,goldSack,gold,1,false,5000000,51924926700402,253940,5,5,50,11,1,0,0,1,0,168902,300000,52,0,56.3,bonus_bs15_gae3_no,100,2575000,,,,,50,27,18,7,11,12,4,3,2,92,46,36,16,22,27,5,4,4
84406,2026-04-10 20:21:49,30,2,2,accumulation,goldSack,goldSack,gold,1,false,7500000,51924938000402,253890,5,5,50,11,0,0,0,0,1,168952,300000,52,50,56.3,bonus_bs15_gae3_no,100,2575000,,,,,51,27,18,7,11,13,4,3,2,93,46,36,16,22,28,5,4,4
84407,2026-04-10 20:21:50,1,1,6,coin,coin,spins,gold,1,false,2500000,51924941750402,253840,5,5,50,11,0,0,0,1,0,168952,300000,52,0,56.3,bonus_bs15_gae3_no,100,2575000,,LongExtraDayReduced,,"{""slot_on_"":""43192\/55000@m24""}",52,27,18,7,12,13,4,3,2,94,46,36,16,23,28,5,4,4
84408,2026-04-10 20:21:51,3,3,3,attack,attack,attack,attack,2,true,0,51924941750402,253790,5,5,50,11,3,0,0,0,0,168952,300000,52,0,56.3,bonus_bs15_gae3_no,100,2575000,,,,,53,30,18,7,12,13,5,3,2,95,49,36,16,23,28,6,4,4
84409,2026-04-10 20:21:55,1,4,4,coin,steal,steal,gold,1,false,1250000,51926943625402,253740,5,5,50,11,0,2,0,0,0,168952,300000,52,0,56.3,bonus_bs15_gae3_no,100,2575000,,LongExtraDayReduced,,"{""e190af25"":""35884\/50000@m18"",""slot_on_"":""43242\/55000@m24"",""c5261ecd"":""1311\/4200@m81""}",54,30,20,7,12,13,5,3,2,96,49,38,16,23,28,6,4,4
84410,2026-04-10 20:21:56,3,6,2,attack,spins,goldSack,gold,1,false,5000000,51926951125402,253690,5,5,50,11,1,0,0,1,0,168952,300000,52,0,56.3,bonus_bs15_gae3_no,100,2575000,,,,,55,31,20,7,13,13,5,3,2,97,50,38,16,24,28,6,4,4
84411,2026-04-10 20:21:57,3,4,2,attack,steal,goldSack,gold,1,false,5000000,51926958625402,253640,5,5,50,11,1,1,0,0,0,168952,300000,52,0,56.3,bonus_bs15_gae3_no,100,2575000,,,,,56,32,21,7,13,13,5,3,2,98,51,39,16,24,28,6,4,4
84412,2026-04-10 20:21:58,3,4,2,attack,steal,goldSack,gold,1,false,5000000,51926966125402,253590,5,5,50,11,1,1,0,0,0,168952,300000,52,0,56.3,bonus_bs15_gae3_no,100,2575000,,,,,57,33,22,7,13,13,5,3,2,99,52,40,16,24,28,6,4,4
84413,2026-04-10 20:21:59,30,2,2,accumulation,goldSack,goldSack,gold,1,false,7500000,51926977425402,253540,5,5,50,11,0,0,0,0,1,169002,300000,52,50,56.3,bonus_bs15_gae3_no,100,2575000,,,,"{""bffc7787"":""31827\/38000@m9""}",58,33,22,7,13,14,5,3,2,100,52,40,16,24,29,6,4,4
84414,2026-04-10 20:22:00,5,2,2,shield,goldSack,goldSack,gold,1,false,7500000,51926988725402,253490,5,5,50,11,0,0,1,0,0,169002,300000,52,0,56.3,bonus_bs15_gae3_no,100,2575000,,,,,59,33,22,8,13,14,5,3,2,101,52,40,17,24,29,6,4,4
84415,2026-04-10 20:22:01,30,2,2,accumulation,goldSack,goldSack,gold,1,false,7500000,51927000025402,253440,5,5,50,11,0,0,0,0,1,169052,300000,52,50,56.4,bonus_bs15_gae3_no,100,2575000,,,,,60,33,22,8,13,15,5,3,2,102,52,40,17,24,30,6,4,4
84416,2026-04-10 20:22:02,3,4,2,attack,steal,goldSack,gold,1,false,5000000,51927007525402,253390,5,5,50,11,1,1,0,0,0,169052,300000,52,0,56.4,bonus_bs15_gae3_no,100,2575000,,,,,61,34,23,8,13,15,5,3,2,103,53,41,17,24,30,6,4,4
84417,2026-04-10 20:22:02,1,4,5,coin,steal,shield,gold,1,false,1250000,51927009400402,253340,5,5,50,11,0,1,1,0,0,169052,300000,52,0,56.4,bonus_bs15_gae3_no,100,2575000,,,,,62,34,24,9,13,15,5,3,2,104,53,42,18,24,30,6,4,4
84418,2026-04-10 20:22:03,1,1,1,coin,coin,coin,gold,1,true,12500000,51927028200402,253290,5,5,50,11,0,0,0,0,0,169052,300000,52,0,56.4,bonus_bs15_gae3_no,100,2575000,,,,"{""c5261ecd"":""1411\/4200@m81""}",63,34,24,9,13,15,5,3,2,105,53,42,18,24,30,6,4,4
84419,2026-04-10 20:22:04,30,2,2,accumulation,goldSack,goldSack,gold,1,false,7500000,51927039500402,253240,5,5,50,11,0,0,0,0,1,169102,300000,52,50,56.4,bonus_bs15_gae3_no,100,2575000,,,,,64,34,24,9,13,16,5,3,2,106,53,42,18,24,31,6,4,4
84420,2026-04-10 20:22:06,1,1,1,coin,coin,coin,gold,1,true,12500000,51927058300402,253190,5,5,50,11,0,0,0,0,0,169102,300000,52,0,56.4,bonus_bs15_gae3_no,100,2575000,,,,"{""bffc7787"":""31877\/38000@m9""}",65,34,24,9,13,16,5,3,2,107,53,42,18,24,31,6,4,4
84421,2026-04-10 20:22:07,1,1,6,coin,coin,spins,gold,1,false,2500000,51927062050402,253140,5,5,50,11,0,0,0,1,0,169102,300000,52,0,56.4,bonus_bs15_gae3_no,100,2575000,,,,,66,34,24,9,14,16,5,3,2,108,53,42,18,25,31,6,4,4
84422,2026-04-10 20:22:10,3,5,2,attack,shield,goldSack,gold,1,false,40000000,51927122050402,252740,5,5,400,11,1,0,1,0,0,169102,300000,52,0,56.4,bonus_bs15_gae3_no,100,2575000,,,,,67,35,24,10,14,16,5,3,2,109,54,42,19,25,31,6,4,4
84423,2026-04-10 20:22:12,4,6,2,steal,spins,goldSack,gold,1,false,40000000,51927182050402,252340,5,5,400,11,0,1,0,1,0,169102,300000,52,0,56.4,bonus_bs15_gae3_no,100,2575000,LongExtraDayReduced,,,"{""slot_on_"":""43642\/55000@m24""}",68,35,25,10,15,16,5,3,2,110,54,43,19,26,31,6,4,4
84424,2026-04-10 20:22:13,2,2,2,goldSack,goldSack,goldSack,gold,1,true,880000000,51928432050402,251940,5,5,400,11,0,0,0,0,0,169102,300000,52,0,56.4,bonus_bs15_gae3_no,100,2575000,,,,,69,35,25,10,15,16,5,3,2,111,54,43,19,26,31,6,4,4
84425,2026-04-10 20:22:47,1,1,1,coin,coin,coin,gold,1,true,100000000,51928597120422,251540,5,5,400,11,0,0,0,0,0,169102,300000,52,0,56.4,bonus_bs15_gae3_no,100,2575000,,,,,70,35,25,10,15,16,5,3,2,112,54,43,19,26,31,6,4,4
84426,2026-04-10 20:22:51,30,30,1,accumulation,accumulation,coin,gold,1,false,10000000,51928612120422,251140,5,5,400,11,0,0,0,0,2,169902,300000,52,800,56.6,bonus_bs15_gae3_no,100,2575000,,,LongExtraDayReduced,"{""slot_on_"":""44042\/55000@m24""}",71,35,25,10,15,18,5,3,2,113,54,43,19,26,33,6,4,4
84427,2026-04-10 20:22:53,3,1,1,attack,coin,coin,gold,1,false,20000000,51928642120422,250740,5,5,400,11,1,0,0,0,0,169902,300000,52,0,56.6,bonus_bs15_gae3_no,100,2575000,,LongExtraDayReduced,,"{""slot_on_"":""44442\/55000@m24""}",72,36,25,10,15,18,5,3,2,114,55,43,19,26,33,6,4,4
84428,2026-04-10 20:22:54,1,6,6,coin,spins,spins,gold,1,false,10000000,51928657120422,250340,5,5,400,11,0,0,0,2,0,169902,300000,52,0,56.6,bonus_bs15_gae3_no,100,2575000,LongExtraDayReduced,LongExtraDayReduced,,"{""slot_on_"":""45242\/55000@m24"",""e190af25"":""36684\/50000@m18""}",73,36,25,10,17,18,5,3,2,115,55,43,19,28,33,6,4,4
84429,2026-04-10 20:22:55,2,2,2,goldSack,goldSack,goldSack,gold,1,true,880000000,51929907120422,249940,5,5,400,11,0,0,0,0,0,169902,300000,52,0,56.6,bonus_bs15_gae3_no,100,2575000,,,,,74,36,25,10,17,18,5,3,2,116,55,43,19,28,33,6,4,4
84430,2026-04-10 20:22:57,30,30,1,accumulation,accumulation,coin,gold,1,false,10000000,51929922120422,249540,5,5,400,11,0,0,0,0,2,170702,300000,52,800,56.9,bonus_bs15_gae3_no,100,2575000,,LongExtraDayReduced,,"{""slot_on_"":""45642\/55000@m24""}",75,36,25,10,17,20,5,3,2,117,55,43,19,28,35,6,4,4
84431,2026-04-10 20:22:58,4,6,2,steal,spins,goldSack,gold,1,false,40000000,51929982120422,249140,5,5,400,11,0,1,0,1,0,170702,300000,52,0,56.9,bonus_bs15_gae3_no,100,2575000,,,,,76,36,26,10,18,20,5,3,2,118,55,44,19,29,35,6,4,4
84432,2026-04-10 20:22:59,1,4,4,coin,steal,steal,gold,1,false,10000000,51929997120422,248740,5,5,400,11,0,2,0,0,0,170702,300000,52,0,56.9,bonus_bs15_gae3_no,100,2575000,,,LongExtraDayReduced,"{""slot_on_"":""46042\/55000@m24""}",77,36,28,10,18,20,5,3,2,119,55,46,19,29,35,6,4,4
84433,2026-04-10 20:23:00,3,3,3,attack,attack,attack,attack,2,true,0,51929997120422,248340,5,5,400,11,3,0,0,0,0,170702,300000,52,0,56.9,bonus_bs15_gae3_no,100,2575000,,,,,78,39,28,10,18,20,6,3,2,120,58,46,19,29,35,7,4,4
84434,2026-04-10 20:23:06,1,1,1,coin,coin,coin,gold,1,true,100000000,51935647120422,248240,5,5,400,11,0,0,0,0,0,170702,300000,52,0,56.9,bonus_bs15_gae3_no,100,2575000,,,,,79,39,28,10,18,20,6,3,2,121,58,46,19,29,35,7,4,4
84435,2026-04-10 20:23:07,5,5,5,shield,shield,shield,shield,3,true,400,51935647120422,248240,5,5,400,11,0,0,3,0,0,170702,300000,52,0,56.9,bonus_bs15_gae3_no,100,2575000,,,,,80,39,28,13,18,20,6,3,3,122,58,46,22,29,35,7,4,5
84436,2026-04-10 20:23:15,1,1,1,coin,coin,coin,gold,1,true,12500000,51935665920422,248190,5,5,50,11,0,0,0,0,0,170702,300000,52,0,56.9,bonus_bs15_gae3_no,100,2575000,,,LongExtraDayReduced,"{""slot_on_"":""46092\/55000@m24"",""c5261ecd"":""1511\/4200@m81""}",81,39,28,13,18,20,6,3,3,123,58,46,22,29,35,7,4,5
84437,2026-04-10 20:23:18,3,6,2,attack,spins,goldSack,gold,1,false,40000000,51935725920422,247790,5,5,400,11,1,0,0,1,0,170702,300000,52,0,56.9,bonus_bs15_gae3_no,100,2575000,,,,,82,40,28,13,19,20,6,3,3,124,59,46,22,30,35,7,4,5
84438,2026-04-10 20:23:19,30,30,1,accumulation,accumulation,coin,gold,1,false,10000000,51935740920422,247390,5,5,400,11,0,0,0,0,2,171502,300000,52,800,57.2,bonus_bs15_gae3_no,100,2575000,,,,"{""bffc7787"":""32277\/38000@m9""}",83,40,28,13,19,22,6,3,3,125,59,46,22,30,37,7,4,5
84439,2026-04-10 20:23:20,30,30,1,accumulation,accumulation,coin,gold,1,false,10000000,51935755920422,246990,5,5,400,11,0,0,0,0,2,172302,300000,52,800,57.4,bonus_bs15_gae3_no,100,2575000,,,,,84,40,28,13,19,24,6,3,3,126,59,46,22,30,39,7,4,5
84440,2026-04-10 20:23:22,3,4,2,attack,steal,goldSack,gold,1,false,40000000,51935815920422,246590,5,5,400,11,1,1,0,0,0,172302,300000,52,0,57.4,bonus_bs15_gae3_no,100,2575000,,,LongExtraDayReduced,"{""slot_on_"":""46492\/55000@m24""}",85,41,29,13,19,24,6,3,3,127,60,47,22,30,39,7,4,5
84441,2026-04-10 20:23:23,1,1,4,coin,coin,steal,gold,1,false,20000000,51935845920422,246190,5,5,400,11,0,1,0,0,0,172302,300000,52,0,57.4,bonus_bs15_gae3_no,100,2575000,,,,,86,41,30,13,19,24,6,3,3,128,60,48,22,30,39,7,4,5
84442,2026-04-10 20:23:24,2,2,2,goldSack,goldSack,goldSack,gold,1,true,880000000,51937095920422,245790,5,5,400,11,0,0,0,0,0,172302,300000,52,0,57.4,bonus_bs15_gae3_no,100,2575000,,,,,87,41,30,13,19,24,6,3,3,129,60,48,22,30,39,7,4,5
84443,2026-04-10 20:23:27,3,6,2,attack,spins,goldSack,gold,1,false,40000000,51937155920422,245390,5,5,400,11,1,0,0,1,0,172302,300000,52,0,57.4,bonus_bs15_gae3_no,100,2575000,,,,,88,42,30,13,20,24,6,3,3,130,61,48,22,31,39,7,4,5
84444,2026-04-10 20:23:32,6,6,6,spins,spins,spins,spins,5,true,500,51937155920422,245840,5,5,50,11,0,0,0,3,0,172302,300000,52,0,57.4,bonus_bs15_gae3_no,100,2575000,LongExtraDayReduced,,,"{""slot_on_"":""46542\/55000@m24""}",89,42,30,13,23,24,6,3,3,131,61,48,22,34,39,7,4,5
84445,2026-04-10 20:23:34,1,1,1,coin,coin,coin,gold,1,true,12500000,51937174720422,245790,5,5,50,11,0,0,0,0,0,172302,300000,52,0,57.4,bonus_bs15_gae3_no,100,2575000,,,,,90,42,30,13,23,24,6,3,3,1,0,0,0,0,0,0,0,0
84446,2026-04-10 20:23:36,30,2,2,accumulation,goldSack,goldSack,gold,1,false,7500000,51937186020422,245740,5,5,50,11,0,0,0,0,1,172352,300000,52,50,57.5,bonus_bs15_gae3_no,100,2575000,,,,,91,42,30,13,23,25,6,3,3,2,0,0,0,0,1,0,0,0
84447,2026-04-10 20:23:39,30,2,2,accumulation,goldSack,goldSack,gold,1,false,7500000,51937197320422,245690,5,5,50,11,0,0,0,0,1,172402,300000,52,50,57.5,bonus_bs15_gae3_no,100,2575000,,LongExtraDayReduced,,"{""slot_on_"":""46592\/55000@m24""}",92,42,30,13,23,26,6,3,3,3,0,0,0,0,2,0,0,0
84448,2026-04-10 20:23:40,3,3,3,attack,attack,attack,attack,2,true,0,51937197320422,245640,5,5,50,11,3,0,0,0,0,172402,300000,52,0,57.5,bonus_bs15_gae3_no,100,2575000,,,,"{""e190af25"":""36784\/50000@m18""}",93,45,30,13,23,26,7,3,3,4,3,0,0,0,2,1,0,0
84449,2026-04-10 20:23:44,1,4,4,coin,steal,steal,gold,1,false,1250000,51937899195422,245590,5,5,50,11,0,2,0,0,0,172402,300000,52,0,57.5,bonus_bs15_gae3_no,100,2575000,,,,,94,45,32,13,23,26,7,3,3,5,3,2,0,0,2,1,0,0
84450,2026-04-10 20:23:45,30,30,1,accumulation,accumulation,coin,gold,1,false,1250000,51937901070422,245540,5,5,50,11,0,0,0,0,2,172502,300000,52,100,57.5,bonus_bs15_gae3_no,100,2575000,,,LongExtraDayReduced,"{""slot_on_"":""46642\/55000@m24""}",95,45,32,13,23,28,7,3,3,6,3,2,0,0,4,1,0,0
84451,2026-04-10 20:23:47,3,1,5,attack,coin,shield,gold,1,false,1250000,51937902945422,245490,5,5,50,11,1,0,1,0,0,172502,300000,52,0,57.5,bonus_bs15_gae3_no,100,2575000,,,,,96,46,32,14,23,28,7,3,3,7,4,2,1,0,4,1,0,0
84452,2026-04-10 20:23:48,1,1,6,coin,coin,spins,gold,1,false,2500000,51937906695422,245440,5,5,50,11,0,0,0,1,0,172502,300000,52,0,57.5,bonus_bs15_gae3_no,100,2575000,,,,,97,46,32,14,24,28,7,3,3,8,4,2,1,1,4,1,0,0
84453,2026-04-10 20:23:49,30,30,1,accumulation,accumulation,coin,gold,1,false,1250000,51937908570422,245390,5,5,50,11,0,0,0,0,2,172602,300000,52,100,57.5,bonus_bs15_gae3_no,100,2575000,,,,"{""c5261ecd"":""1611\/4200@m81""}",98,46,32,14,24,30,7,3,3,9,4,2,1,1,6,1,0,0
84454,2026-04-10 20:23:51,30,2,2,accumulation,goldSack,goldSack,gold,1,false,7500000,51937238419582,245340,5,5,50,11,0,0,0,0,1,172652,300000,52,50,57.6,bonus_bs15_gae3_no,100,2575000,,,LongExtraDayReduced,"{""slot_on_"":""46692\/55000@m24""}",99,46,32,14,24,31,7,3,3,10,4,2,1,1,7,1,0,0
84455,2026-04-10 20:23:52,30,2,2,accumulation,goldSack,goldSack,gold,1,false,7500000,51937249719582,245290,5,5,50,11,0,0,0,0,1,172702,300000,52,50,57.6,bonus_bs15_gae3_no,100,2575000,,,,,100,46,32,14,24,32,7,3,3,11,4,2,1,1,8,1,0,0
84456,2026-04-10 20:23:53,1,1,1,coin,coin,coin,gold,1,true,12500000,51937268519582,245240,5,5,50,11,0,0,0,0,0,172702,300000,52,0,57.6,bonus_bs15_gae3_no,100,2575000,,,,,101,46,32,14,24,32,7,3,3,12,4,2,1,1,8,1,0,0
84457,2026-04-10 20:23:54,1,1,6,coin,coin,spins,gold,1,false,2500000,51937272269582,245190,5,5,50,11,0,0,0,1,0,172702,300000,52,0,57.6,bonus_bs15_gae3_no,100,2575000,,,,,102,46,32,14,25,32,7,3,3,13,4,2,1,2,8,1,0,0
84458,2026-04-10 20:23:56,1,1,6,coin,coin,spins,gold,1,false,2500000,51937276019582,245140,5,5,50,11,0,0,0,1,0,172702,300000,52,0,57.6,bonus_bs15_gae3_no,100,2575000,LongExtraDayReduced,,,"{""slot_on_"":""46742\/55000@m24"",""bffc7787"":""32327\/38000@m9""}",103,46,32,14,26,32,7,3,3,14,4,2,1,3,8,1,0,0
84459,2026-04-10 20:23:59,1,1,6,coin,coin,spins,gold,1,false,20000000,51937306019582,244740,5,5,400,11,0,0,0,1,0,172702,300000,52,0,57.6,bonus_bs15_gae3_no,100,2575000,,,,,104,46,32,14,27,32,7,3,3,15,4,2,1,4,8,1,0,0
84460,2026-04-10 20:24:00,3,4,2,attack,steal,goldSack,gold,1,false,40000000,51937366019582,244340,5,5,400,11,1,1,0,0,0,172702,300000,52,0,57.6,bonus_bs15_gae3_no,100,2575000,,,,,105,47,33,14,27,32,7,3,3,16,5,3,1,4,8,1,0,0
84461,2026-04-10 20:24:01,30,2,2,accumulation,goldSack,goldSack,gold,1,false,60000000,51937456019582,243940,5,5,400,11,0,0,0,0,1,173102,300000,52,400,57.7,bonus_bs15_gae3_no,100,2575000,,,LongExtraDayReduced,"{""slot_on_"":""47142\/55000@m24""}",106,47,33,14,27,33,7,3,3,17,5,3,1,4,9,1,0,0
84462,2026-04-10 20:24:02,3,3,3,attack,attack,attack,attack,2,true,0,51937456019582,243540,5,5,400,11,3,0,0,0,0,173102,300000,52,0,57.7,bonus_bs15_gae3_no,100,2575000,,,,,107,50,33,14,27,33,8,3,3,18,8,3,1,4,9,2,0,0
84463,2026-04-10 20:24:07,3,4,2,attack,steal,goldSack,gold,1,false,40000000,51954266019582,243140,5,5,400,11,1,1,0,0,0,173102,300000,52,0,57.7,bonus_bs15_gae3_no,100,2575000,,,,"{""c5261ecd"":""2411\/4200@m81""}",108,51,34,14,27,33,8,3,3,19,9,4,1,4,9,2,0,0
84464,2026-04-10 20:24:12,30,2,2,accumulation,goldSack,goldSack,gold,1,false,60000000,51954356019582,243740,5,5,400,11,0,0,0,0,1,173502,300000,52,400,57.8,bonus_bs15_gae3_no,100,2575000,,,,,109,51,34,14,27,34,8,3,3,20,9,4,1,4,10,2,0,0
84465,2026-04-10 20:24:13,1,4,5,coin,steal,shield,gold,1,false,10000000,51954371019582,243340,5,5,400,11,0,1,1,0,0,173502,300000,52,0,57.8,bonus_bs15_gae3_no,100,2575000,,,,"{""e190af25"":""37584\/50000@m18""}",110,51,35,15,27,34,8,3,3,21,9,5,2,4,10,2,0,0
84466,2026-04-10 20:24:14,3,6,2,attack,spins,goldSack,gold,1,false,40000000,51954431019582,242940,5,5,400,11,1,0,0,1,0,173502,300000,52,0,57.8,bonus_bs15_gae3_no,100,2575000,,,,,111,52,35,15,28,34,8,3,3,22,10,5,2,5,10,2,0,0
84467,2026-04-10 20:24:14,1,1,6,coin,coin,spins,gold,1,false,20000000,51954461019582,242540,5,5,400,11,0,0,0,1,0,173502,300000,52,0,57.8,bonus_bs15_gae3_no,100,2575000,,,,,112,52,35,15,29,34,8,3,3,23,10,5,2,6,10,2,0,0
84468,2026-04-10 20:24:15,1,6,6,coin,spins,spins,gold,1,false,10000000,51954476019582,242140,5,5,400,11,0,0,0,2,0,173502,300000,52,0,57.8,bonus_bs15_gae3_no,100,2575000,,,,,113,52,35,15,31,34,8,3,3,24,10,5,2,8,10,2,0,0
84469,2026-04-10 20:24:16,3,3,3,attack,attack,attack,attack,2,true,0,51954476019582,241740,5,5,400,11,3,0,0,0,0,173502,300000,52,0,57.8,bonus_bs15_gae3_no,100,2575000,LongExtraDayReduced,,,"{""slot_on_"":""47542\/55000@m24""}",114,55,35,15,31,34,9,3,3,25,13,5,2,8,10,3,0,0
84470,2026-04-10 20:24:21,1,5,5,coin,shield,shield,gold,1,false,10000000,51980241019582,241340,5,5,400,11,0,0,2,0,0,173502,300000,52,0,57.8,bonus_bs15_gae3_no,100,2575000,,,,"{""e190af25"":""38384\/50000@m18""}",115,55,35,17,31,34,9,3,3,26,13,5,4,8,10,3,0,0
84471,2026-04-10 20:24:22,3,6,2,attack,spins,goldSack,gold,1,false,40000000,51980301019582,240940,5,5,400,11,1,0,0,1,0,173502,300000,52,0,57.8,bonus_bs15_gae3_no,100,2575000,,,,,116,56,35,17,32,34,9,3,3,27,14,5,4,9,10,3,0,0
84472,2026-04-10 20:24:22,3,4,2,attack,steal,goldSack,gold,1,false,40000000,51980361019582,240540,5,5,400,11,1,1,0,0,0,173502,300000,52,0,57.8,bonus_bs15_gae3_no,100,2575000,,LongExtraDayReduced,,"{""slot_on_"":""47942\/55000@m24""}",117,57,36,17,32,34,9,3,3,28,15,6,4,9,10,3,0,0
84473,2026-04-10 20:24:26,3,3,3,attack,attack,attack,attack,2,true,0,51980361019582,240140,5,5,400,11,3,0,0,0,0,173502,300000,52,0,57.8,bonus_bs15_gae3_no,100,2575000,LongExtraDayReduced,,,"{""slot_on_"":""48342\/55000@m24""}",118,60,36,17,32,34,10,3,3,29,18,6,4,9,10,4,0,0
84474,2026-04-10 20:24:40,6,6,6,spins,spins,spins,spins,5,true,4000,51985861019582,244540,5,5,400,11,0,0,0,3,0,173502,300000,52,0,57.8,bonus_bs15_gae3_no,100,2575000,,,,,119,60,36,17,35,34,10,3,3,30,18,6,4,12,10,4,0,0
84475,2026-04-10 20:24:43,3,3,2,attack,attack,goldSack,gold,1,false,40000000,51985901019582,244140,5,5,400,11,2,0,0,0,0,173502,300000,52,0,57.8,bonus_bs15_gae3_no,100,2575000,,LongExtraDayReduced,,"{""slot_on_"":""48742\/55000@m24""}",120,62,36,17,35,34,10,3,3,1,2,0,0,0,0,0,0,0
84476,2026-04-10 20:24:45,2,2,2,goldSack,goldSack,goldSack,gold,1,true,880000000,51986781019582,243740,5,5,400,11,0,0,0,0,0,173502,300000,52,0,57.8,bonus_bs15_gae3_no,100,2575000,,,,,121,62,36,17,35,34,10,3,3,2,2,0,0,0,0,0,0,0
84477,2026-04-10 20:24:46,1,6,6,coin,spins,spins,gold,1,false,10000000,51986791019582,243340,5,5,400,11,0,0,0,2,0,173502,300000,52,0,57.8,bonus_bs15_gae3_no,100,2575000,,,,"{""bffc7787"":""32727\/38000@m9""}",122,62,36,17,37,34,10,3,3,3,2,0,0,2,0,0,0,0
84478,2026-04-10 20:24:47,1,1,6,coin,coin,spins,gold,1,false,20000000,51986811019582,242940,5,5,400,11,0,0,0,1,0,173502,300000,52,0,57.8,bonus_bs15_gae3_no,100,2575000,,,,,123,62,36,17,38,34,10,3,3,4,2,0,0,3,0,0,0,0
84479,2026-04-10 20:24:48,1,4,5,coin,steal,shield,gold,1,false,10000000,51986821019582,242540,5,5,400,11,0,1,1,0,0,173502,300000,52,0,57.8,bonus_bs15_gae3_no,100,2575000,,,,"{""c5261ecd"":""3211\/4200@m81""}",124,62,37,18,38,34,10,3,3,5,2,1,1,3,0,0,0,0
84480,2026-04-10 20:24:49,30,2,2,accumulation,goldSack,goldSack,gold,1,false,60000000,51986881019582,242140,5,5,400,11,0,0,0,0,1,173902,300000,52,400,58.0,bonus_bs15_gae3_no,100,2575000,,,,,125,62,37,18,38,35,10,3,3,6,2,1,1,3,1,0,0,0
84481,2026-04-10 20:24:51,3,3,1,attack,attack,coin,gold,1,false,10000000,51986891019582,241740,5,5,400,11,2,0,0,0,0,173902,300000,52,0,58.0,bonus_bs15_gae3_no,100,2575000,,LongExtraDayReduced,,"{""slot_on_"":""49142\/55000@m24""}",126,64,37,18,38,35,10,3,3,7,4,1,1,3,1,0,0,0
84482,2026-04-10 20:24:52,1,4,5,coin,steal,shield,gold,1,false,10000000,51986901019582,241340,5,5,400,11,0,1,1,0,0,173902,300000,52,0,58.0,bonus_bs15_gae3_no,100,2575000,,,,"{""e190af25"":""39184\/50000@m18""}",127,64,38,19,38,35,10,3,3,8,4,2,2,3,1,0,0,0
84483,2026-04-10 20:24:53,1,6,6,coin,spins,spins,gold,1,false,10000000,51986911019582,240940,5,5,400,11,0,0,0,2,0,173902,300000,52,0,58.0,bonus_bs15_gae3_no,100,2575000,,,,,128,64,38,19,40,35,10,3,3,9,4,2,2,5,1,0,0,0
84484,2026-04-10 20:24:54,2,2,2,goldSack,goldSack,goldSack,gold,1,true,880000000,51987791019582,240540,5,5,400,11,0,0,0,0,0,173902,300000,52,0,58.0,bonus_bs15_gae3_no,100,2575000,LongExtraDayReduced,,LongExtraDayReduced,"{""slot_on_"":""49942\/55000@m24""}",129,64,38,19,40,35,10,3,3,10,4,2,2,5,1,0,0,0
84485,2026-04-10 20:24:55,3,3,3,attack,attack,attack,attack,2,true,0,51987791019582,240140,5,5,400,11,3,0,0,0,0,173902,300000,52,0,58.0,bonus_bs15_gae3_no,100,2575000,,,,,130,67,38,19,40,35,11,3,3,11,7,2,2,5,1,1,0,0
84486,2026-04-10 20:24:59,1,1,6,coin,coin,spins,gold,1,false,20000000,51991507019582,239740,5,5,400,11,0,0,0,1,0,173902,300000,52,0,58.0,bonus_bs15_gae3_no,100,2575000,,,,,131,67,38,19,41,35,11,3,3,12,7,2,2,6,1,1,0,0
84487,2026-04-10 20:25:00,4,4,4,steal,steal,steal,steal,4,true,0,51991507019582,239340,5,5,400,11,0,3,0,0,0,173902,300000,52,0,58.0,bonus_bs15_gae3_no,100,2575000,,,LongExtraDayReduced,"{""slot_on_"":""50342\/55000@m24""}",132,67,41,19,41,35,11,4,3,13,7,5,2,6,1,1,1,0
84488,2026-04-10 20:25:10,3,6,2,attack,spins,goldSack,gold,1,false,40000000,52141116635582,238940,5,5,400,11,1,0,0,1,0,173902,300000,52,0,58.0,bonus_bs15_gae3_no,100,2575000,LongExtraDayReduced,,,"{""slot_on_"":""50742\/55000@m24""}",133,68,41,19,42,35,11,4,3,14,8,5,2,7,1,1,1,0
84489,2026-04-10 20:25:12,3,4,2,attack,steal,goldSack,gold,1,false,40000000,52141156635582,238540,5,5,400,11,1,1,0,0,0,173902,300000,52,0,58.0,bonus_bs15_gae3_no,100,2575000,,,LongExtraDayReduced,"{""slot_on_"":""51142\/55000@m24""}",134,69,42,19,42,35,11,4,3,15,9,6,2,7,1,1,1,0
84490,2026-04-10 20:25:16,2,2,2,goldSack,goldSack,goldSack,gold,1,true,3300000000,52144456635582,237040,5,5,1500,11,0,0,0,0,0,173902,300000,52,0,58.0,bonus_bs15_gae3_no,100,2575000,,,,,135,69,42,19,42,35,11,4,3,16,9,6,2,7,1,1,1,0
84491,2026-04-10 20:25:16,2,2,2,goldSack,goldSack,goldSack,gold,1,true,3300000000,52147756635582,235540,5,5,1500,11,0,0,0,0,0,173902,300000,52,0,58.0,bonus_bs15_gae3_no,100,2575000,,,,,136,69,42,19,42,35,11,4,3,17,9,6,2,7,1,1,1,0
84492,2026-04-10 20:25:18,3,3,1,attack,attack,coin,gold,1,false,37500000,52147794135582,234040,5,5,1500,11,2,0,0,0,0,173902,300000,52,0,58.0,bonus_bs15_gae3_no,100,2575000,,,,,137,71,42,19,42,35,11,4,3,18,11,6,2,7,1,1,1,0
84493,2026-04-10 20:25:19,30,30,30,accumulation,accumulation,accumulation,gold,10,true,0,52147794135582,232540,5,5,1500,11,0,0,0,0,3,188902,300000,52,15000,63.0,bonus_bs15_gae3_no,100,2575000,,,,,138,71,42,19,42,38,11,4,3,19,11,6,2,7,4,1,1,0
84494,2026-04-10 20:25:28,1,4,4,coin,steal,steal,gold,1,false,50000,52147794185582,232538,5,5,2,11,0,2,0,0,0,188902,300000,52,0,63.0,bonus_bs15_gae3_no,100,2575000,,,,,1,0,2,0,0,0,0,0,0,20,11,8,2,7,4,1,1,0
84495,2026-04-10 20:25:28,1,1,4,coin,coin,steal,gold,1,false,100000,52147794285582,232536,5,5,2,11,0,1,0,0,0,188902,300000,52,0,63.0,bonus_bs15_gae3_no,100,2575000,,,,"{""e190af25"":""39188\/50000@m18"",""c5261ecd"":""3215\/4200@m81""}",2,0,3,0,0,0,0,0,0,21,11,9,2,7,4,1,1,0
84496,2026-04-10 20:25:30,30,2,2,accumulation,goldSack,goldSack,gold,1,false,300000,52147794585582,232534,5,5,2,11,0,0,0,0,1,188904,300000,52,2,63.0,bonus_bs15_gae3_no,100,2575000,LongExtraDayReduced,LongExtraDayReduced,,"{""slot_on_"":""51146\/55000@m24""}",3,0,3,0,0,1,0,0,0,22,11,9,2,7,5,1,1,0
84497,2026-04-10 20:25:31,3,6,2,attack,spins,goldSack,gold,1,false,200000,52147794785582,232532,5,5,2,11,1,0,0,1,0,188904,300000,52,0,63.0,bonus_bs15_gae3_no,100,2575000,,,LongExtraDayReduced,"{""slot_on_"":""51148\/55000@m24"",""bffc7787"":""32729\/38000@m9""}",4,1,3,0,1,1,0,0,0,23,12,9,2,8,5,1,1,0
84498,2026-04-10 20:25:32,1,1,4,coin,coin,steal,gold,1,false,100000,52147794885582,232530,5,5,2,11,0,1,0,0,0,188904,300000,52,0,63.0,bonus_bs15_gae3_no,100,2575000,,,,,5,1,4,0,1,1,0,0,0,24,12,10,2,8,5,1,1,0
84499,2026-04-10 20:25:33,30,30,1,accumulation,accumulation,coin,gold,1,false,50000,52147794935582,232528,5,5,2,11,0,0,0,0,2,188908,300000,52,4,63.0,bonus_bs15_gae3_no,100,2575000,LongExtraDayReduced,LongExtraDayReduced,LongExtraDayReduced,"{""slot_on_"":""51158\/55000@m24""}",6,1,4,0,1,3,0,0,0,25,12,10,2,8,7,1,1,0
84500,2026-04-10 20:25:34,30,2,2,accumulation,goldSack,goldSack,gold,1,false,300000,52147795235582,232526,5,5,2,11,0,0,0,0,1,188910,300000,52,2,63.0,bonus_bs15_gae3_no,100,2575000,LongExtraDayReduced,,,"{""slot_on_"":""51160\/55000@m24""}",7,1,4,0,1,4,0,0,0,26,12,10,2,8,8,1,1,0
84501,2026-04-10 20:25:36,5,2,2,shield,goldSack,goldSack,gold,1,false,300000,52147795535582,232524,5,5,2,11,0,0,1,0,0,188910,300000,52,0,63.0,bonus_bs15_gae3_no,100,2575000,LongExtraDayReduced,,LongExtraDayReduced,"{""slot_on_"":""51164\/55000@m24""}",8,1,4,1,1,4,0,0,0,27,12,10,3,8,8,1,1,0
84502,2026-04-10 20:25:37,1,4,5,coin,steal,shield,gold,1,false,50000,52147795585582,232522,5,5,2,11,0,1,1,0,0,188910,300000,52,0,63.0,bonus_bs15_gae3_no,100,2575000,,,,,9,1,5,2,1,4,0,0,0,28,12,11,4,8,8,1,1,0
84503,2026-04-10 20:25:37,3,4,2,attack,steal,goldSack,gold,1,false,200000,52147795785582,232520,5,5,2,11,1,1,0,0,0,188910,300000,52,0,63.0,bonus_bs15_gae3_no,100,2575000,,,,,10,2,6,2,1,4,0,0,0,29,13,12,4,8,8,1,1,0
84504,2026-04-10 20:25:38,3,3,3,attack,attack,attack,attack,2,true,0,52147795785582,232518,5,5,2,11,3,0,0,0,0,188910,300000,52,0,63.0,bonus_bs15_gae3_no,100,2575000,,,,,11,5,6,2,1,4,1,0,0,30,16,12,4,8,8,2,1,0
84505,2026-04-10 20:25:42,30,2,2,accumulation,goldSack,goldSack,gold,1,false,300000,52147852085582,232516,5,5,2,11,0,0,0,0,1,188912,300000,52,2,63.0,bonus_bs15_gae3_no,100,2575000,,,,,12,5,6,2,1,5,1,0,0,31,16,12,4,8,9,2,1,0
84506,2026-04-10 20:25:43,1,6,6,coin,spins,spins,gold,1,false,50000,52147852135582,232514,5,5,2,11,0,0,0,2,0,188912,300000,52,0,63.0,bonus_bs15_gae3_no,100,2575000,,,,,13,5,6,2,3,5,1,0,0,32,16,12,4,10,9,2,1,0
84507,2026-04-10 20:25:44,1,4,5,coin,steal,shield,gold,1,false,50000,52147852185582,232512,5,5,2,11,0,1,1,0,0,188912,300000,52,0,63.0,bonus_bs15_gae3_no,100,2575000,,,,,14,5,7,3,3,5,1,0,0,33,16,13,5,10,9,2,1,0
84508,2026-04-10 20:25:45,1,4,5,coin,steal,shield,gold,1,false,50000,52147852235582,232510,5,5,2,11,0,1,1,0,0,188912,300000,52,0,63.0,bonus_bs15_gae3_no,100,2575000,LongExtraDayReduced,,LongExtraDayReduced,"{""slot_on_"":""51168\/55000@m24""}",15,5,8,4,3,5,1,0,0,34,16,14,6,10,9,2,1,0
84509,2026-04-10 20:25:46,1,1,4,coin,coin,steal,gold,1,false,100000,52147852335582,232508,5,5,2,11,0,1,0,0,0,188912,300000,52,0,63.0,bonus_bs15_gae3_no,100,2575000,,,,"{""e190af25"":""39192\/50000@m18"",""c5261ecd"":""3219\/4200@m81""}",16,5,9,4,3,5,1,0,0,35,16,15,6,10,9,2,1,0
84510,2026-04-10 20:25:47,30,30,1,accumulation,accumulation,coin,gold,1,false,50000,52147852385582,232506,5,5,2,11,0,0,0,0,2,188916,300000,52,4,63.0,bonus_bs15_gae3_no,100,2575000,,,,,17,5,9,4,3,7,1,0,0,36,16,15,6,10,11,2,1,0
84511,2026-04-10 20:25:48,3,3,3,attack,attack,attack,attack,2,true,0,52147852385582,232504,5,5,2,11,3,0,0,0,0,188916,300000,52,0,63.0,bonus_bs15_gae3_no,100,2575000,,LongExtraDayReduced,,"{""slot_on_"":""51170\/55000@m24""}",18,8,9,4,3,7,2,0,0,37,19,15,6,10,11,3,1,0
84512,2026-04-10 20:25:52,3,6,2,attack,spins,goldSack,gold,1,false,200000,52147871065582,232502,5,5,2,11,1,0,0,1,0,188916,300000,52,0,63.0,bonus_bs15_gae3_no,100,2575000,,LongExtraDayReduced,,"{""slot_on_"":""51172\/55000@m24""}",19,9,9,4,4,7,2,0,0,38,20,15,6,11,11,3,1,0
84513,2026-04-10 20:25:53,3,3,3,attack,attack,attack,attack,2,true,0,52147871065582,232500,5,5,2,11,3,0,0,0,0,188916,300000,52,0,63.0,bonus_bs15_gae3_no,100,2575000,,,,,20,12,9,4,4,7,3,0,0,39,23,15,6,11,11,4,1,0
84514,2026-04-10 20:26:03,2,2,2,goldSack,goldSack,goldSack,gold,1,true,4400000,52147931465582,232498,5,5,2,11,0,0,0,0,0,188916,300000,52,0,63.0,bonus_bs15_gae3_no,100,2575000,,,,,21,12,9,4,4,7,3,0,0,40,23,15,6,11,11,4,1,0
84515,2026-04-10 20:26:04,3,3,3,attack,attack,attack,attack,2,true,0,52147931465582,232496,5,5,2,11,3,0,0,0,0,188916,300000,52,0,63.0,bonus_bs15_gae3_no,100,2575000,,,,"{""bffc7787"":""32731\/38000@m9""}",22,15,9,4,4,7,4,0,0,41,26,15,6,11,11,5,1,0
84516,2026-04-10 20:26:09,30,2,2,accumulation,goldSack,goldSack,gold,1,false,300000,52147950245582,232494,5,5,2,11,0,0,0,0,1,188918,300000,52,2,63.0,bonus_bs15_gae3_no,100,2575000,,,,,23,15,9,4,4,8,4,0,0,42,26,15,6,11,12,5,1,0
84517,2026-04-10 20:26:10,30,30,1,accumulation,accumulation,coin,gold,1,false,50000,52147950295582,232492,5,5,2,11,0,0,0,0,2,188922,300000,52,4,63.0,bonus_bs15_gae3_no,100,2575000,,,,,24,15,9,4,4,10,4,0,0,43,26,15,6,11,14,5,1,0
84518,2026-04-10 20:26:12,1,5,5,coin,shield,shield,gold,1,false,50000,52147950345582,232490,5,5,2,11,0,0,2,0,0,188922,300000,52,0,63.0,bonus_bs15_gae3_no,100,2575000,,,,,25,15,9,6,4,10,4,0,0,44,26,15,8,11,14,5,1,0
84519,2026-04-10 20:26:12,30,2,2,accumulation,goldSack,goldSack,gold,1,false,300000,52147950645582,232488,5,5,2,11,0,0,0,0,1,188924,300000,52,2,63.0,bonus_bs15_gae3_no,100,2575000,,,,,26,15,9,6,4,11,4,0,0,45,26,15,8,11,15,5,1,0
84520,2026-04-10 20:26:14,1,1,4,coin,coin,steal,gold,1,false,100000,52147950745582,232486,5,5,2,11,0,1,0,0,0,188924,300000,52,0,63.0,bonus_bs15_gae3_no,100,2575000,,,,,27,15,10,6,4,11,4,0,0,46,26,16,8,11,15,5,1,0
84521,2026-04-10 20:26:14,30,2,2,accumulation,goldSack,goldSack,gold,1,false,300000,52147951045582,232484,5,5,2,11,0,0,0,0,1,188926,300000,52,2,63.0,bonus_bs15_gae3_no,100,2575000,LongExtraDayReduced,,LongExtraDayReduced,"{""slot_on_"":""51176\/55000@m24""}",28,15,10,6,4,12,4,0,0,47,26,16,8,11,16,5,1,0
84522,2026-04-10 20:26:15,1,1,4,coin,coin,steal,gold,1,false,100000,52147951145582,232482,5,5,2,11,0,1,0,0,0,188926,300000,52,0,63.0,bonus_bs15_gae3_no,100,2575000,,,,,29,15,11,6,4,12,4,0,0,48,26,17,8,11,16,5,1,0
84523,2026-04-10 20:26:16,1,1,1,coin,coin,coin,gold,1,true,500000,52147951645582,232480,5,5,2,11,0,0,0,0,0,188926,300000,52,0,63.0,bonus_bs15_gae3_no,100,2575000,,,,"{""c5261ecd"":""3223\/4200@m81""}",30,15,11,6,4,12,4,0,0,49,26,17,8,11,16,5,1,0
84524,2026-04-10 20:26:17,3,6,2,attack,spins,goldSack,gold,1,false,200000,52147951845582,232478,5,5,2,11,1,0,0,1,0,188926,300000,52,0,63.0,bonus_bs15_gae3_no,100,2575000,,,,"{""bffc7787"":""32733\/38000@m9""}",31,16,11,6,5,12,4,0,0,50,27,17,8,12,16,5,1,0
84525,2026-04-10 20:26:18,30,30,1,accumulation,accumulation,coin,gold,1,false,50000,52147951895582,232476,5,5,2,11,0,0,0,0,2,188930,300000,52,4,63.0,bonus_bs15_gae3_no,100,2575000,,,,,32,16,11,6,5,14,4,0,0,51,27,17,8,12,18,5,1,0
84526,2026-04-10 20:26:19,30,2,2,accumulation,goldSack,goldSack,gold,1,false,300000,52147952195582,232474,5,5,2,11,0,0,0,0,1,188932,300000,52,2,63.0,bonus_bs15_gae3_no,100,2575000,,,,,33,16,11,6,5,15,4,0,0,52,27,17,8,12,19,5,1,0
84527,2026-04-10 20:26:20,30,2,2,accumulation,goldSack,goldSack,gold,1,false,300000,52147952495582,232472,5,5,2,11,0,0,0,0,1,188934,300000,52,2,63.0,bonus_bs15_gae3_no,100,2575000,,,,,34,16,11,6,5,16,4,0,0,53,27,17,8,12,20,5,1,0
84528,2026-04-10 20:26:22,1,1,4,coin,coin,steal,gold,1,false,100000,52147952595582,232470,5,5,2,11,0,1,0,0,0,188934,300000,52,0,63.0,bonus_bs15_gae3_no,100,2575000,LongExtraDayReduced,,,"{""slot_on_"":""51178\/55000@m24""}",35,16,12,6,5,16,4,0,0,54,27,18,8,12,20,5,1,0
84529,2026-04-10 20:26:23,1,6,6,coin,spins,spins,gold,1,false,50000,52147952645582,232468,5,5,2,11,0,0,0,2,0,188934,300000,52,0,63.0,bonus_bs15_gae3_no,100,2575000,,,,"{""e190af25"":""39196\/50000@m18""}",36,16,12,6,7,16,4,0,0,55,27,18,8,14,20,5,1,0
84530,2026-04-10 20:26:24,3,3,2,attack,attack,goldSack,gold,1,false,200000,52147952845582,232466,5,5,2,11,2,0,0,0,0,188934,300000,52,0,63.0,bonus_bs15_gae3_no,100,2575000,,,,,37,18,12,6,7,16,4,0,0,56,29,18,8,14,20,5,1,0
84531,2026-04-10 20:26:25,2,2,2,goldSack,goldSack,goldSack,gold,1,true,4400000,52147957245582,232464,5,5,2,11,0,0,0,0,0,188934,300000,52,0,63.0,bonus_bs15_gae3_no,100,2575000,,,,,38,18,12,6,7,16,4,0,0,57,29,18,8,14,20,5,1,0
84532,2026-04-10 20:26:26,1,4,5,coin,steal,shield,gold,1,false,50000,52147957295582,232462,5,5,2,11,0,1,1,0,0,188934,300000,52,0,63.0,bonus_bs15_gae3_no,100,2575000,,,,,39,18,13,7,7,16,4,0,0,58,29,19,9,14,20,5,1,0
84533,2026-04-10 20:26:26,2,2,2,goldSack,goldSack,goldSack,gold,1,true,4400000,52147961695582,232460,5,5,2,11,0,0,0,0,0,188934,300000,52,0,63.0,bonus_bs15_gae3_no,100,2575000,,,,,40,18,13,7,7,16,4,0,0,59,29,19,9,14,20,5,1,0
84534,2026-04-10 20:26:27,3,6,2,attack,spins,goldSack,gold,1,false,200000,52147961895582,232458,5,5,2,11,1,0,0,1,0,188934,300000,52,0,63.0,bonus_bs15_gae3_no,100,2575000,,,,,41,19,13,7,8,16,4,0,0,60,30,19,9,15,20,5,1,0
84535,2026-04-10 20:26:28,3,6,2,attack,spins,goldSack,gold,1,false,200000,52147962095582,232456,5,5,2,11,1,0,0,1,0,188934,300000,52,0,63.0,bonus_bs15_gae3_no,100,2575000,,,,,42,20,13,7,9,16,4,0,0,61,31,19,9,16,20,5,1,0
84536,2026-04-10 20:26:29,1,1,1,coin,coin,coin,gold,1,true,500000,52147962595582,232454,5,5,2,11,0,0,0,0,0,188934,300000,52,0,63.0,bonus_bs15_gae3_no,100,2575000,,,,"{""c5261ecd"":""3227\/4200@m81""}",43,20,13,7,9,16,4,0,0,62,31,19,9,16,20,5,1,0
84537,2026-04-10 20:26:30,3,6,2,attack,spins,goldSack,gold,1,false,200000,52147962795582,232452,5,5,2,11,1,0,0,1,0,188934,300000,52,0,63.0,bonus_bs15_gae3_no,100,2575000,,,,"{""bffc7787"":""32735\/38000@m9""}",44,21,13,7,10,16,4,0,0,63,32,19,9,17,20,5,1,0
84538,2026-04-10 20:26:31,30,2,2,accumulation,goldSack,goldSack,gold,1,false,300000,52147963095582,232450,5,5,2,11,0,0,0,0,1,188936,300000,52,2,63.0,bonus_bs15_gae3_no,100,2575000,,,,,45,21,13,7,10,17,4,0,0,64,32,19,9,17,21,5,1,0
84539,2026-04-10 20:26:32,30,2,2,accumulation,goldSack,goldSack,gold,1,false,300000,52147963395582,232448,5,5,2,11,0,0,0,0,1,188938,300000,52,2,63.0,bonus_bs15_gae3_no,100,2575000,,,,,46,21,13,7,10,18,4,0,0,65,32,19,9,17,22,5,1,0
84540,2026-04-10 20:26:33,1,1,4,coin,coin,steal,gold,1,false,100000,52147963495582,232446,5,5,2,11,0,1,0,0,0,188938,300000,52,0,63.0,bonus_bs15_gae3_no,100,2575000,,LongExtraDayReduced,,"{""slot_on_"":""51180\/55000@m24""}",47,21,14,7,10,18,4,0,0,66,32,20,9,17,22,5,1,0
84541,2026-04-10 20:26:34,1,1,1,coin,coin,coin,gold,1,true,500000,52147963995582,232444,5,5,2,11,0,0,0,0,0,188938,300000,52,0,63.0,bonus_bs15_gae3_no,100,2575000,,,LongExtraDayReduced,"{""slot_on_"":""51182\/55000@m24"",""e190af25"":""39200\/50000@m18""}",48,21,14,7,10,18,4,0,0,67,32,20,9,17,22,5,1,0
84542,2026-04-10 20:26:35,6,6,6,spins,spins,spins,spins,5,true,20,52147963995582,232462,5,5,2,11,0,0,0,3,0,188938,300000,52,0,63.0,bonus_bs15_gae3_no,100,2575000,,,,,49,21,14,7,13,18,4,0,0,68,32,20,9,20,22,5,1,0
84543,2026-04-10 20:26:37,4,4,4,steal,steal,steal,steal,4,true,0,52147963995582,232460,5,5,2,11,0,3,0,0,0,188938,300000,52,0,63.0,bonus_bs15_gae3_no,100,2575000,,,,,50,21,17,7,13,18,4,1,0,1,0,3,0,0,0,0,1,0
84544,2026-04-10 20:26:46,3,3,3,attack,attack,attack,attack,2,true,0,52148997508542,232458,5,5,2,11,3,0,0,0,0,188938,300000,52,0,63.0,bonus_bs15_gae3_no,100,2575000,,,,,51,24,17,7,13,18,5,1,0,2,3,3,0,0,0,1,1,0
84545,2026-04-10 20:26:50,1,4,5,coin,steal,shield,gold,1,false,50000,52149016038542,232456,5,5,2,11,0,1,1,0,0,188938,300000,52,0,63.0,bonus_bs15_gae3_no,100,2575000,,,,,52,24,18,8,13,18,5,1,0,3,3,4,1,0,0,1,1,0
84546,2026-04-10 20:26:51,1,1,4,coin,coin,steal,gold,1,false,100000,52149016138542,232454,5,5,2,11,0,1,0,0,0,188938,300000,52,0,63.0,bonus_bs15_gae3_no,100,2575000,,LongExtraDayReduced,,"{""slot_on_"":""51184\/55000@m24"",""c5261ecd"":""3231\/4200@m81""}",53,24,19,8,13,18,5,1,0,4,3,5,1,0,0,1,1,0
84547,2026-04-10 20:26:52,3,6,2,attack,spins,goldSack,gold,1,false,200000,52149016338542,232452,5,5,2,11,1,0,0,1,0,188938,300000,52,0,63.0,bonus_bs15_gae3_no,100,2575000,,,,,54,25,19,8,14,18,5,1,0,5,4,5,1,1,0,1,1,0
84548,2026-04-10 20:26:53,1,4,5,coin,steal,shield,gold,1,false,50000,52149016388542,232450,5,5,2,11,0,1,1,0,0,188938,300000,52,0,63.0,bonus_bs15_gae3_no,100,2575000,,LongExtraDayReduced,,"{""slot_on_"":""51186\/55000@m24""}",55,25,20,9,14,18,5,1,0,6,4,6,2,1,0,1,1,0
84549,2026-04-10 20:26:54,5,5,5,shield,shield,shield,shield,3,true,2,52149016388542,232450,5,5,2,11,0,0,3,0,0,188938,300000,52,0,63.0,bonus_bs15_gae3_no,100,2575000,,,,"{""bffc7787"":""32737\/38000@m9""}",56,25,20,12,14,18,5,1,1,7,4,6,5,1,0,1,1,1
84550,2026-04-10 20:26:55,30,2,2,accumulation,goldSack,goldSack,gold,1,false,300000,52149016688542,232448,5,5,2,11,0,0,0,0,1,188940,300000,52,2,63.0,bonus_bs15_gae3_no,100,2575000,,,,,57,25,20,12,14,19,5,1,1,8,4,6,5,1,1,1,1,1
84551,2026-04-10 20:26:56,3,6,2,attack,spins,goldSack,gold,1,false,200000,52149016888542,232446,5,5,2,11,1,0,0,1,0,188940,300000,52,0,63.0,bonus_bs15_gae3_no,100,2575000,,,,,58,26,20,12,15,19,5,1,1,9,5,6,5,2,1,1,1,1
84552,2026-04-10 20:26:57,3,6,2,attack,spins,goldSack,gold,1,false,200000,52149017088542,232444,5,5,2,11,1,0,0,1,0,188940,300000,52,0,63.0,bonus_bs15_gae3_no,100,2575000,,,,,59,27,20,12,16,19,5,1,1,10,6,6,5,3,1,1,1,1
84553,2026-04-10 20:26:58,30,30,3,accumulation,accumulation,attack,gold,6,false,0,52149017088542,232442,5,5,2,11,1,0,0,0,2,188944,300000,52,4,63.0,bonus_bs15_gae3_no,100,2575000,,,,,60,28,20,12,16,21,5,1,1,11,7,6,5,3,3,1,1,1
84554,2026-04-10 20:26:59,5,5,5,shield,shield,shield,shield,3,true,2,52149017088542,232442,5,5,2,11,0,0,3,0,0,188944,300000,52,0,63.0,bonus_bs15_gae3_no,100,2575000,LongExtraDayReduced,,,"{""slot_on_"":""51188\/55000@m24""}",61,28,20,15,16,21,5,1,2,12,7,6,8,3,3,1,1,2
84555,2026-04-10 20:27:01,3,3,3,attack,attack,attack,attack,2,true,0,52149017088542,232440,5,5,2,11,3,0,0,0,0,188944,300000,52,0,63.0,bonus_bs15_gae3_no,100,2575000,,,,,62,31,20,15,16,21,6,1,2,13,10,6,8,3,3,2,1,2
84556,2026-04-10 20:27:06,30,2,2,accumulation,goldSack,goldSack,gold,1,false,300000,52149035868542,232438,5,5,2,11,0,0,0,0,1,188946,300000,52,2,63.0,bonus_bs15_gae3_no,100,2575000,,LongExtraDayReduced,,"{""slot_on_"":""51190\/55000@m24""}",63,31,20,15,16,22,6,1,2,14,10,6,8,3,4,2,1,2
84557,2026-04-10 20:27:07,30,2,2,accumulation,goldSack,goldSack,gold,1,false,300000,52149036168542,232436,5,5,2,11,0,0,0,0,1,188948,300000,52,2,63.0,bonus_bs15_gae3_no,100,2575000,,LongExtraDayReduced,,"{""slot_on_"":""51192\/55000@m24""}",64,31,20,15,16,23,6,1,2,15,10,6,8,3,5,2,1,2
84558,2026-04-10 20:27:09,1,1,1,coin,coin,coin,gold,1,true,500000,52149036668542,232434,5,5,2,11,0,0,0,0,0,188948,300000,52,0,63.0,bonus_bs15_gae3_no,100,2575000,LongExtraDayReduced,,,"{""slot_on_"":""51194\/55000@m24"",""e190af25"":""39204\/50000@m18""}",65,31,20,15,16,23,6,1,2,16,10,6,8,3,5,2,1,2
84559,2026-04-10 20:27:10,3,6,2,attack,spins,goldSack,gold,1,false,200000,52149036868542,232432,5,5,2,11,1,0,0,1,0,188948,300000,52,0,63.0,bonus_bs15_gae3_no,100,2575000,,,,,66,32,20,15,17,23,6,1,2,17,11,6,8,4,5,2,1,2
84560,2026-04-10 20:27:10,3,6,2,attack,spins,goldSack,gold,1,false,200000,52149037068542,232430,5,5,2,11,1,0,0,1,0,188948,300000,52,0,63.0,bonus_bs15_gae3_no,100,2575000,,,,,67,33,20,15,18,23,6,1,2,18,12,6,8,5,5,2,1,2
84561,2026-04-10 20:27:12,2,2,2,goldSack,goldSack,goldSack,gold,1,true,4400000,52149041468542,232428,5,5,2,11,0,0,0,0,0,188948,300000,52,0,63.0,bonus_bs15_gae3_no,100,2575000,LongExtraDayReduced,,,"{""slot_on_"":""51196\/55000@m24""}",68,33,20,15,18,23,6,1,2,19,12,6,8,5,5,2,1,2
84562,2026-04-10 20:27:13,3,6,2,attack,spins,goldSack,gold,1,false,200000,52149041668542,232426,5,5,2,11,1,0,0,1,0,188948,300000,52,0,63.0,bonus_bs15_gae3_no,100,2575000,,,,,69,34,20,15,19,23,6,1,2,20,13,6,8,6,5,2,1,2
84563,2026-04-10 20:27:13,1,6,6,coin,spins,spins,gold,1,false,50000,52149041718542,232424,5,5,2,11,0,0,0,2,0,188948,300000,52,0,63.0,bonus_bs15_gae3_no,100,2575000,,LongExtraDayReduced,LongExtraDayReduced,"{""slot_on_"":""51200\/55000@m24"",""c5261ecd"":""3235\/4200@m81""}",70,34,20,15,21,23,6,1,2,21,13,6,8,8,5,2,1,2
84564,2026-04-10 20:27:15,30,2,2,accumulation,goldSack,goldSack,gold,1,false,300000,52149042018542,232422,5,5,2,11,0,0,0,0,1,188950,300000,52,2,63.0,bonus_bs15_gae3_no,100,2575000,,,,,71,34,20,15,21,24,6,1,2,22,13,6,8,8,6,2,1,2
84565,2026-04-10 20:27:16,1,4,4,coin,steal,steal,gold,1,false,50000,52149042068542,232420,5,5,2,11,0,2,0,0,0,188950,300000,52,0,63.0,bonus_bs15_gae3_no,100,2575000,,LongExtraDayReduced,,"{""slot_on_"":""51202\/55000@m24""}",72,34,22,15,21,24,6,1,2,23,13,8,8,8,6,2,1,2
84566,2026-04-10 20:27:16,1,4,4,coin,steal,steal,gold,1,false,50000,52149042118542,232418,5,5,2,11,0,2,0,0,0,188950,300000,52,0,63.0,bonus_bs15_gae3_no,100,2575000,,,,"{""e190af25"":""39208\/50000@m18""}",73,34,24,15,21,24,6,1,2,24,13,10,8,8,6,2,1,2
84567,2026-04-10 20:27:17,30,2,2,accumulation,goldSack,goldSack,gold,1,false,300000,52149042418542,232416,5,5,2,11,0,0,0,0,1,188952,300000,52,2,63.0,bonus_bs15_gae3_no,100,2575000,,,,"{""bffc7787"":""32739\/38000@m9""}",74,34,24,15,21,25,6,1,2,25,13,10,8,8,7,2,1,2
84568,2026-04-10 20:27:19,1,1,1,coin,coin,coin,gold,1,true,500000,52149042918542,232414,5,5,2,11,0,0,0,0,0,188952,300000,52,0,63.0,bonus_bs15_gae3_no,100,2575000,,,,,75,34,24,15,21,25,6,1,2,26,13,10,8,8,7,2,1,2
84569,2026-04-10 20:27:19,3,6,2,attack,spins,goldSack,gold,1,false,200000,52149043118542,232412,5,5,2,11,1,0,0,1,0,188952,300000,52,0,63.0,bonus_bs15_gae3_no,100,2575000,,,,,76,35,24,15,22,25,6,1,2,27,14,10,8,9,7,2,1,2
84570,2026-04-10 20:27:21,1,1,4,coin,coin,steal,gold,1,false,100000,52149043218542,232410,5,5,2,11,0,1,0,0,0,188952,300000,52,0,63.0,bonus_bs15_gae3_no,100,2575000,,,,,77,35,25,15,22,25,6,1,2,28,14,11,8,9,7,2,1,2
84571,2026-04-10 20:27:21,4,4,4,steal,steal,steal,steal,4,true,0,52149043218542,232408,5,5,2,11,0,3,0,0,0,188952,300000,52,0,63.0,bonus_bs15_gae3_no,100,2575000,,,,,78,35,28,15,22,25,6,2,2,29,14,14,8,9,7,2,2,2
84572,2026-04-10 20:27:30,30,2,2,accumulation,goldSack,goldSack,gold,1,false,300000,52149869930702,232406,5,5,2,11,0,0,0,0,1,188954,300000,52,2,63.0,bonus_bs15_gae3_no,100,2575000,,,,,79,35,28,15,22,26,6,2,2,30,14,14,8,9,8,2,2,2
84573,2026-04-10 20:27:31,3,4,2,attack,steal,goldSack,gold,1,false,200000,52149870130702,232404,5,5,2,11,1,1,0,0,0,188954,300000,52,0,63.0,bonus_bs15_gae3_no,100,2575000,,,,,80,36,29,15,22,26,6,2,2,31,15,15,8,9,8,2,2,2
84574,2026-04-10 20:27:32,1,4,5,coin,steal,shield,gold,1,false,50000,52149870180702,232402,5,5,2,11,0,1,1,0,0,188954,300000,52,0,63.0,bonus_bs15_gae3_no,100,2575000,,,,"{""e190af25"":""39212\/50000@m18""}",81,36,30,16,22,26,6,2,2,32,15,16,9,9,8,2,2,2
84575,2026-04-10 20:27:37,30,30,30,accumulation,accumulation,accumulation,gold,10,true,0,52149870180702,232352,5,5,50,11,0,0,0,0,3,189454,300000,52,500,63.2,bonus_bs15_gae3_no,100,2575000,,,,,82,36,30,16,22,29,6,2,2,33,15,16,9,9,11,2,2,2
84576,2026-04-10 20:27:38,1,1,6,coin,coin,spins,gold,1,false,2500000,52149872680702,232302,5,5,50,11,0,0,0,1,0,189454,300000,52,0,63.2,bonus_bs15_gae3_no,100,2575000,,,,,1,0,0,0,1,0,0,0,0,34,15,16,9,10,11,2,2,2
84577,2026-04-10 20:27:41,5,5,5,shield,shield,shield,shield,3,true,1,52149872680702,232302,5,5,1,11,0,0,3,0,0,189454,300000,52,0,63.2,bonus_bs15_gae3_no,100,2575000,,,,,2,0,0,3,1,0,0,0,1,35,15,16,12,10,11,2,2,3
84578,2026-04-10 20:27:42,30,2,2,accumulation,goldSack,goldSack,gold,1,false,150000,52149872830702,232301,5,5,1,11,0,0,0,0,1,189455,300000,52,1,63.2,bonus_bs15_gae3_no,100,2575000,,,,,3,0,0,3,1,1,0,0,1,36,15,16,12,10,12,2,2,3
84579,2026-04-10 20:27:43,1,4,6,coin,steal,spins,gold,1,false,25000,52149872855702,232300,5,5,1,11,0,1,0,1,0,189455,300000,52,0,63.2,bonus_bs15_gae3_no,100,2575000,,,,,4,0,1,3,2,1,0,0,1,37,15,17,12,11,12,2,2,3
84580,2026-04-10 20:27:44,30,30,1,accumulation,accumulation,coin,gold,1,false,25000,52149872880702,232299,5,5,1,11,0,0,0,0,2,189457,300000,52,2,63.2,bonus_bs15_gae3_no,100,2575000,,,,,5,0,1,3,2,3,0,0,1,38,15,17,12,11,14,2,2,3
84581,2026-04-10 20:27:50,3,3,3,attack,attack,attack,attack,2,true,0,52149872880702,232298,5,5,1,11,3,0,0,0,0,189457,300000,52,0,63.2,bonus_bs15_gae3_no,100,2575000,,,,"{""c5261ecd"":""3237\/4200@m81""}",6,3,1,3,2,3,1,0,1,39,18,17,12,11,14,3,2,3
84582,2026-04-10 20:27:55,30,2,2,accumulation,goldSack,goldSack,gold,1,false,150000,52149901030702,232297,5,5,1,11,0,0,0,0,1,189458,300000,52,1,63.2,bonus_bs15_gae3_no,100,2575000,,,,"{""e190af25"":""39214\/50000@m18""}",7,3,1,3,2,4,1,0,1,40,18,17,12,11,15,3,2,3
84583,2026-04-10 20:27:57,2,2,2,goldSack,goldSack,goldSack,gold,1,true,2200000,52149903230702,232296,5,5,1,11,0,0,0,0,0,189458,300000,52,0,63.2,bonus_bs15_gae3_no,100,2575000,,,,,8,3,1,3,2,4,1,0,1,41,18,17,12,11,15,3,2,3
84584,2026-04-10 20:27:57,30,2,2,accumulation,goldSack,goldSack,gold,1,false,150000,52149903380702,232295,5,5,1,11,0,0,0,0,1,189459,300000,52,1,63.2,bonus_bs15_gae3_no,100,2575000,,,LongExtraDayReduced,"{""slot_on_"":""51203\/55000@m24""}",9,3,1,3,2,5,1,0,1,42,18,17,12,11,16,3,2,3
84585,2026-04-10 20:27:58,30,2,2,accumulation,goldSack,goldSack,gold,1,false,150000,52149903530702,232294,5,5,1,11,0,0,0,0,1,189460,300000,52,1,63.2,bonus_bs15_gae3_no,100,2575000,,,,"{""bffc7787"":""32740\/38000@m9""}",10,3,1,3,2,6,1,0,1,43,18,17,12,11,17,3,2,3
84586,2026-04-10 20:28:00,3,4,2,attack,steal,goldSack,gold,1,false,100000,52149903630702,232293,5,5,1,11,1,1,0,0,0,189460,300000,52,0,63.2,bonus_bs15_gae3_no,100,2575000,LongExtraDayReduced,,LongExtraDayReduced,"{""slot_on_"":""51205\/55000@m24""}",11,4,2,3,2,6,1,0,1,44,19,18,12,11,17,3,2,3
84587,2026-04-10 20:28:01,3,4,2,attack,steal,goldSack,gold,1,false,100000,52149903730702,232292,5,5,1,11,1,1,0,0,0,189460,300000,52,0,63.2,bonus_bs15_gae3_no,100,2575000,,,,,12,5,3,3,2,6,1,0,1,45,20,19,12,11,17,3,2,3
84588,2026-04-10 20:28:02,1,1,6,coin,coin,spins,gold,1,false,50000,52149903780702,232291,5,5,1,11,0,0,0,1,0,189460,300000,52,0,63.2,bonus_bs15_gae3_no,100,2575000,,,,,13,5,3,3,3,6,1,0,1,46,20,19,12,12,17,3,2,3
84589,2026-04-10 20:28:02,3,4,2,attack,steal,goldSack,gold,1,false,100000,52149903880702,232290,5,5,1,11,1,1,0,0,0,189460,300000,52,0,63.2,bonus_bs15_gae3_no,100,2575000,,,,,14,6,4,3,3,6,1,0,1,47,21,20,12,12,17,3,2,3
84590,2026-04-10 20:28:03,3,6,2,attack,spins,goldSack,gold,1,false,100000,52149903980702,232289,5,5,1,11,1,0,0,1,0,189460,300000,52,0,63.2,bonus_bs15_gae3_no,100,2575000,,,,"{""c5261ecd"":""3239\/4200@m81""}",15,7,4,3,4,6,1,0,1,48,22,20,12,13,17,3,2,3
84591,2026-04-10 20:28:04,3,3,2,attack,attack,goldSack,gold,1,false,100000,52149904080702,232288,5,5,1,11,2,0,0,0,0,189460,300000,52,0,63.2,bonus_bs15_gae3_no,100,2575000,,LongExtraDayReduced,,"{""slot_on_"":""51206\/55000@m24""}",16,9,4,3,4,6,1,0,1,49,24,20,12,13,17,3,2,3
84592,2026-04-10 20:28:05,3,1,1,attack,coin,coin,gold,1,false,50000,52149904130702,232287,5,5,1,11,1,0,0,0,0,189460,300000,52,0,63.2,bonus_bs15_gae3_no,100,2575000,,,,,17,10,4,3,4,6,1,0,1,50,25,20,12,13,17,3,2,3
84593,2026-04-10 20:28:06,4,4,4,steal,steal,steal,steal,4,true,0,52149904130702,232286,5,5,1,11,0,3,0,0,0,189460,300000,52,0,63.2,bonus_bs15_gae3_no,100,2575000,,,,,18,10,7,3,4,6,1,1,1,51,25,23,12,13,17,3,3,3
84594,2026-04-10 20:28:13,1,4,4,coin,steal,steal,gold,1,false,25000,52150242387702,232285,5,5,1,11,0,2,0,0,0,189460,300000,52,0,63.2,bonus_bs15_gae3_no,100,2575000,,,,,19,10,9,3,4,6,1,1,1,52,25,25,12,13,17,3,3,3
84595,2026-04-10 20:28:18,30,30,1,accumulation,accumulation,coin,gold,1,false,25000,52150242412702,232284,5,5,1,11,0,0,0,0,2,189462,300000,52,2,63.2,bonus_bs15_gae3_no,100,2575000,,,,,20,10,9,3,4,8,1,1,1,53,25,25,12,13,19,3,3,3
84596,2026-04-10 20:28:19,3,4,2,attack,steal,goldSack,gold,1,false,100000,52150242512702,232283,5,5,1,11,1,1,0,0,0,189462,300000,52,0,63.2,bonus_bs15_gae3_no,100,2575000,,LongExtraDayReduced,LongExtraDayReduced,"{""slot_on_"":""51208\/55000@m24""}",21,11,10,3,4,8,1,1,1,54,26,26,12,13,19,3,3,3
84597,2026-04-10 20:28:20,1,4,6,coin,steal,spins,gold,1,false,25000,52150242537702,232282,5,5,1,11,0,1,0,1,0,189462,300000,52,0,63.2,bonus_bs15_gae3_no,100,2575000,,LongExtraDayReduced,,"{""slot_on_"":""51209\/55000@m24"",""e190af25"":""39216\/50000@m18""}",22,11,11,3,5,8,1,1,1,55,26,27,12,14,19,3,3,3
84598,2026-04-10 20:28:21,3,1,5,attack,coin,shield,gold,1,false,25000,52150242562702,232281,5,5,1,11,1,0,1,0,0,189462,300000,52,0,63.2,bonus_bs15_gae3_no,100,2575000,,,,,23,12,11,4,5,8,1,1,1,56,27,27,13,14,19,3,3,3
84599,2026-04-10 20:28:22,1,1,1,coin,coin,coin,gold,1,true,250000,52150242812702,232280,5,5,1,11,0,0,0,0,0,189462,300000,52,0,63.2,bonus_bs15_gae3_no,100,2575000,,,,,24,12,11,4,5,8,1,1,1,57,27,27,13,14,19,3,3,3
84600,2026-04-10 20:28:22,1,1,6,coin,coin,spins,gold,1,false,50000,52150242862702,232279,5,5,1,11,0,0,0,1,0,189462,300000,52,0,63.2,bonus_bs15_gae3_no,100,2575000,,,,,25,12,11,4,6,8,1,1,1,58,27,27,13,15,19,3,3,3
84601,2026-04-10 20:28:23,3,3,3,attack,attack,attack,attack,2,true,0,52150242862702,232278,5,5,1,11,3,0,0,0,0,189462,300000,52,0,63.2,bonus_bs15_gae3_no,100,2575000,,,,"{""bffc7787"":""32741\/38000@m9""}",26,15,11,4,6,8,2,1,1,59,30,27,13,15,19,4,3,3
84602,2026-04-10 20:28:27,3,4,2,attack,steal,goldSack,gold,1,false,100000,52150252202702,232277,5,5,1,11,1,1,0,0,0,189462,300000,52,0,63.2,bonus_bs15_gae3_no,100,2575000,,,,,27,16,12,4,6,8,2,1,1,60,31,28,13,15,19,4,3,3
84603,2026-04-10 20:28:28,3,3,3,attack,attack,attack,attack,2,true,0,52150252202702,232276,5,5,1,11,3,0,0,0,0,189462,300000,52,0,63.2,bonus_bs15_gae3_no,100,2575000,,,,,28,19,12,4,6,8,3,1,1,61,34,28,13,15,19,5,3,3
84604,2026-04-10 20:28:32,3,4,2,attack,steal,goldSack,gold,1,false,100000,52150280302702,232275,5,5,1,11,1,1,0,0,0,189462,300000,52,0,63.2,bonus_bs15_gae3_no,100,2575000,,LongExtraDayReduced,LongExtraDayReduced,"{""slot_on_"":""51211\/55000@m24""}",29,20,13,4,6,8,3,1,1,62,35,29,13,15,19,5,3,3
84605,2026-04-10 20:28:33,3,1,1,attack,coin,coin,gold,1,false,50000,52150280352702,232274,5,5,1,11,1,0,0,0,0,189462,300000,52,0,63.2,bonus_bs15_gae3_no,100,2575000,LongExtraDayReduced,LongExtraDayReduced,LongExtraDayReduced,"{""slot_on_"":""51216\/55000@m24"",""c5261ecd"":""3241\/4200@m81""}",30,21,13,4,6,8,3,1,1,63,36,29,13,15,19,5,3,3
84606,2026-04-10 20:28:34,1,6,6,coin,spins,spins,gold,1,false,25000,52150280377702,232273,5,5,1,11,0,0,0,2,0,189462,300000,52,0,63.2,bonus_bs15_gae3_no,100,2575000,,,LongExtraDayReduced,"{""slot_on_"":""51217\/55000@m24""}",31,21,13,4,8,8,3,1,1,64,36,29,13,17,19,5,3,3
84607,2026-04-10 20:28:35,3,3,3,attack,attack,attack,attack,2,true,0,52150280377702,232272,5,5,1,11,3,0,0,0,0,189462,300000,52,0,63.2,bonus_bs15_gae3_no,100,2575000,,LongExtraDayReduced,,"{""slot_on_"":""51218\/55000@m24"",""e190af25"":""39218\/50000@m18""}",32,24,13,4,8,8,4,1,1,65,39,29,13,17,19,6,3,3
84608,2026-04-10 20:28:39,3,3,2,attack,attack,goldSack,gold,1,false,100000,52150308477702,232271,5,5,1,11,2,0,0,0,0,189462,300000,52,0,63.2,bonus_bs15_gae3_no,100,2575000,,LongExtraDayReduced,,"{""slot_on_"":""51219\/55000@m24""}",33,26,13,4,8,8,4,1,1,66,41,29,13,17,19,6,3,3
84609,2026-04-10 20:28:40,5,5,5,shield,shield,shield,shield,3,true,1,52150308477702,232271,5,5,1,11,0,0,3,0,0,189462,300000,52,0,63.2,bonus_bs15_gae3_no,100,2575000,,LongExtraDayReduced,,"{""slot_on_"":""51220\/55000@m24""}",34,26,13,7,8,8,4,1,2,67,41,29,16,17,19,6,3,4
84610,2026-04-10 20:28:41,3,3,3,attack,attack,attack,attack,2,true,0,52150308477702,232270,5,5,1,11,3,0,0,0,0,189462,300000,52,0,63.2,bonus_bs15_gae3_no,100,2575000,,,,,35,29,13,7,8,8,5,1,2,68,44,29,16,17,19,7,3,4
84611,2026-04-10 20:28:45,3,4,2,attack,steal,goldSack,gold,1,false,100000,52150317817702,232269,5,5,1,11,1,1,0,0,0,189462,300000,52,0,63.2,bonus_bs15_gae3_no,100,2575000,,,,,36,30,14,7,8,8,5,1,2,69,45,30,16,17,19,7,3,4
84612,2026-04-10 20:28:46,1,4,6,coin,steal,spins,gold,1,false,25000,52150317842702,232268,5,5,1,11,0,1,0,1,0,189462,300000,52,0,63.2,bonus_bs15_gae3_no,100,2575000,,,LongExtraDayReduced,"{""slot_on_"":""51221\/55000@m24""}",37,30,15,7,9,8,5,1,2,70,45,31,16,18,19,7,3,4
84613,2026-04-10 20:28:47,3,6,2,attack,spins,goldSack,gold,1,false,100000,52150317942702,232267,5,5,1,11,1,0,0,1,0,189462,300000,52,0,63.2,bonus_bs15_gae3_no,100,2575000,,,,,38,31,15,7,10,8,5,1,2,71,46,31,16,19,19,7,3,4
84614,2026-04-10 20:28:48,1,1,1,coin,coin,coin,gold,1,true,250000,52150318192702,232266,5,5,1,11,0,0,0,0,0,189462,300000,52,0,63.2,bonus_bs15_gae3_no,100,2575000,,,,,39,31,15,7,10,8,5,1,2,72,46,31,16,19,19,7,3,4
84615,2026-04-10 20:28:48,30,2,2,accumulation,goldSack,goldSack,gold,1,false,150000,52150318342702,232265,5,5,1,11,0,0,0,0,1,189463,300000,52,1,63.2,bonus_bs15_gae3_no,100,2575000,,,,,40,31,15,7,10,9,5,1,2,73,46,31,16,19,20,7,3,4
84616,2026-04-10 20:28:50,2,2,2,goldSack,goldSack,goldSack,gold,1,true,2200000,52150320542702,232264,5,5,1,11,0,0,0,0,0,189463,300000,52,0,63.2,bonus_bs15_gae3_no,100,2575000,LongExtraDayReduced,,,"{""slot_on_"":""51222\/55000@m24""}",41,31,15,7,10,9,5,1,2,74,46,31,16,19,20,7,3,4
84617,2026-04-10 20:28:51,30,2,2,accumulation,goldSack,goldSack,gold,1,false,150000,52150320692702,232263,5,5,1,11,0,0,0,0,1,189464,300000,52,1,63.2,bonus_bs15_gae3_no,100,2575000,,,,"{""bffc7787"":""32742\/38000@m9""}",42,31,15,7,10,10,5,1,2,75,46,31,16,19,21,7,3,4
84618,2026-04-10 20:28:52,5,5,5,shield,shield,shield,shield,3,true,1,52150320692702,232263,5,5,1,11,0,0,3,0,0,189464,300000,52,0,63.2,bonus_bs15_gae3_no,100,2575000,,,,,43,31,15,10,10,10,5,1,3,76,46,31,19,19,21,7,3,5
84619,2026-04-10 20:28:53,3,3,2,attack,attack,goldSack,gold,1,false,100000,52150320792702,232262,5,5,1,11,2,0,0,0,0,189464,300000,52,0,63.2,bonus_bs15_gae3_no,100,2575000,LongExtraDayReduced,,,"{""slot_on_"":""51223\/55000@m24"",""c5261ecd"":""3243\/4200@m81""}",44,33,15,10,10,10,5,1,3,77,48,31,19,19,21,7,3,5
84620,2026-04-10 20:28:54,1,4,6,coin,steal,spins,gold,1,false,25000,52150320817702,232261,5,5,1,11,0,1,0,1,0,189464,300000,52,0,63.2,bonus_bs15_gae3_no,100,2575000,,,,,45,33,16,10,11,10,5,1,3,78,48,32,19,20,21,7,3,5
84621,2026-04-10 20:28:55,2,2,2,goldSack,goldSack,goldSack,gold,1,true,2200000,52150323017702,232260,5,5,1,11,0,0,0,0,0,189464,300000,52,0,63.2,bonus_bs15_gae3_no,100,2575000,,,,"{""e190af25"":""39220\/50000@m18""}",46,33,16,10,11,10,5,1,3,79,48,32,19,20,21,7,3,5
84622,2026-04-10 20:28:56,1,1,6,coin,coin,spins,gold,1,false,50000,52150323067702,232259,5,5,1,11,0,0,0,1,0,189464,300000,52,0,63.2,bonus_bs15_gae3_no,100,2575000,,,LongExtraDayReduced,"{""slot_on_"":""51224\/55000@m24""}",47,33,16,10,12,10,5,1,3,80,48,32,19,21,21,7,3,5
84623,2026-04-10 20:28:57,3,3,2,attack,attack,goldSack,gold,1,false,100000,52150323167702,232258,5,5,1,11,2,0,0,0,0,189464,300000,52,0,63.2,bonus_bs15_gae3_no,100,2575000,,LongExtraDayReduced,,"{""slot_on_"":""51225\/55000@m24""}",48,35,16,10,12,10,5,1,3,81,50,32,19,21,21,7,3,5
84624,2026-04-10 20:28:58,1,1,1,coin,coin,coin,gold,1,true,250000,52150323417702,232257,5,5,1,11,0,0,0,0,0,189464,300000,52,0,63.2,bonus_bs15_gae3_no,100,2575000,,,,,49,35,16,10,12,10,5,1,3,82,50,32,19,21,21,7,3,5
84625,2026-04-10 20:28:58,4,4,4,steal,steal,steal,steal,4,true,0,52150323417702,232256,5,5,1,11,0,3,0,0,0,189464,300000,52,0,63.2,bonus_bs15_gae3_no,100,2575000,,,,,50,35,19,10,12,10,5,2,3,83,50,35,19,21,21,7,4,5
84626,2026-04-10 20:29:11,1,1,1,coin,coin,coin,gold,1,true,250000,52150814263222,232255,5,5,1,11,0,0,0,0,0,189464,300000,52,0,63.2,bonus_bs15_gae3_no,100,2575000,,,,,51,35,19,10,12,10,5,2,3,84,50,35,19,21,21,7,4,5
84627,2026-04-10 20:29:12,3,4,2,attack,steal,goldSack,gold,1,false,100000,52150814363222,232254,5,5,1,11,1,1,0,0,0,189464,300000,52,0,63.2,bonus_bs15_gae3_no,100,2575000,,,,,52,36,20,10,12,10,5,2,3,85,51,36,19,21,21,7,4,5
84628,2026-04-10 20:29:13,3,1,5,attack,coin,shield,gold,1,false,25000,52150814388222,232253,5,5,1,11,1,0,1,0,0,189464,300000,52,0,63.2,bonus_bs15_gae3_no,100,2575000,,,,,53,37,20,11,12,10,5,2,3,86,52,36,20,21,21,7,4,5
84629,2026-04-10 20:29:13,30,2,2,accumulation,goldSack,goldSack,gold,1,false,150000,52150814538222,232252,5,5,1,11,0,0,0,0,1,189465,300000,52,1,63.2,bonus_bs15_gae3_no,100,2575000,,,,,54,37,20,11,12,11,5,2,3,87,52,36,20,21,22,7,4,5
84630,2026-04-10 20:29:15,1,1,6,coin,coin,spins,gold,1,false,50000,52150814588222,232251,5,5,1,11,0,0,0,1,0,189465,300000,52,0,63.2,bonus_bs15_gae3_no,100,2575000,,,,,55,37,20,11,13,11,5,2,3,88,52,36,20,22,22,7,4,5
84631,2026-04-10 20:29:16,1,4,4,coin,steal,steal,gold,1,false,25000,52150814613222,232250,5,5,1,11,0,2,0,0,0,189465,300000,52,0,63.2,bonus_bs15_gae3_no,100,2575000,,,,,56,37,22,11,13,11,5,2,3,89,52,38,20,22,22,7,4,5
84632,2026-04-10 20:29:16,2,2,2,goldSack,goldSack,goldSack,gold,1,true,2200000,52150816813222,232249,5,5,1,11,0,0,0,0,0,189465,300000,52,0,63.2,bonus_bs15_gae3_no,100,2575000,,,,"{""c5261ecd"":""3245\/4200@m81""}",57,37,22,11,13,11,5,2,3,90,52,38,20,22,22,7,4,5
84633,2026-04-10 20:29:17,1,1,1,coin,coin,coin,gold,1,true,250000,52150817063222,232248,5,5,1,11,0,0,0,0,0,189465,300000,52,0,63.2,bonus_bs15_gae3_no,100,2575000,,,,,58,37,22,11,13,11,5,2,3,91,52,38,20,22,22,7,4,5
84634,2026-04-10 20:29:18,30,30,1,accumulation,accumulation,coin,gold,1,false,25000,52150817088222,232247,5,5,1,11,0,0,0,0,2,189467,300000,52,2,63.2,bonus_bs15_gae3_no,100,2575000,,,,,59,37,22,11,13,13,5,2,3,92,52,38,20,22,24,7,4,5
84635,2026-04-10 20:29:19,3,1,5,attack,coin,shield,gold,1,false,25000,52150817113222,232246,5,5,1,11,1,0,1,0,0,189467,300000,52,0,63.2,bonus_bs15_gae3_no,100,2575000,,,,,60,38,22,12,13,13,5,2,3,93,53,38,21,22,24,7,4,5
84636,2026-04-10 20:29:20,1,5,5,coin,shield,shield,gold,1,false,25000,52150817138222,232245,5,5,1,11,0,0,2,0,0,189467,300000,52,0,63.2,bonus_bs15_gae3_no,100,2575000,,,,,61,38,22,14,13,13,5,2,3,94,53,38,23,22,24,7,4,5
84637,2026-04-10 20:29:21,3,3,2,attack,attack,goldSack,gold,1,false,100000,52150817238222,232244,5,5,1,11,2,0,0,0,0,189467,300000,52,0,63.2,bonus_bs15_gae3_no,100,2575000,,,,,62,40,22,14,13,13,5,2,3,95,55,38,23,22,24,7,4,5
84638,2026-04-10 20:29:22,2,2,2,goldSack,goldSack,goldSack,gold,1,true,2200000,52150819438222,232243,5,5,1,11,0,0,0,0,0,189467,300000,52,0,63.2,bonus_bs15_gae3_no,100,2575000,,,,"{""bffc7787"":""32743\/38000@m9""}",63,40,22,14,13,13,5,2,3,96,55,38,23,22,24,7,4,5
84639,2026-04-10 20:29:23,1,4,6,coin,steal,spins,gold,1,false,25000,52150819463222,232242,5,5,1,11,0,1,0,1,0,189467,300000,52,0,63.2,bonus_bs15_gae3_no,100,2575000,,,,,64,40,23,14,14,13,5,2,3,97,55,39,23,23,24,7,4,5
84640,2026-04-10 20:29:24,2,2,2,goldSack,goldSack,goldSack,gold,1,true,2200000,52150821663222,232241,5,5,1,11,0,0,0,0,0,189467,300000,52,0,63.2,bonus_bs15_gae3_no,100,2575000,LongExtraDayReduced,LongExtraDayReduced,,"{""slot_on_"":""51227\/55000@m24""}",65,40,23,14,14,13,5,2,3,98,55,39,23,23,24,7,4,5
84641,2026-04-10 20:29:25,3,3,3,attack,attack,attack,attack,2,true,0,52150821663222,232240,5,5,1,11,3,0,0,0,0,189467,300000,52,0,63.2,bonus_bs15_gae3_no,100,2575000,LongExtraDayReduced,,,"{""slot_on_"":""51228\/55000@m24"",""e190af25"":""39222\/50000@m18""}",66,43,23,14,14,13,6,2,3,99,58,39,23,23,24,8,4,5
84642,2026-04-10 20:29:30,3,4,2,attack,steal,goldSack,gold,1,false,100000,52150831003222,232239,5,5,1,11,1,1,0,0,0,189467,300000,52,0,63.2,bonus_bs15_gae3_no,100,2575000,,,,,67,44,24,14,14,13,6,2,3,100,59,40,23,23,24,8,4,5
84643,2026-04-10 20:29:31,3,3,3,attack,attack,attack,attack,2,true,0,52150831003222,232238,5,5,1,11,3,0,0,0,0,189467,300000,52,0,63.2,bonus_bs15_gae3_no,100,2575000,,,,,68,47,24,14,14,13,7,2,3,101,62,40,23,23,24,9,4,5
84644,2026-04-10 20:29:44,30,2,2,accumulation,goldSack,goldSack,gold,1,false,150000,52150840393222,232237,5,5,1,11,0,0,0,0,1,189468,300000,52,1,63.2,bonus_bs15_gae3_no,100,2575000,,,,,69,47,24,14,14,14,7,2,3,102,62,40,23,23,25,9,4,5
84645,2026-04-10 20:29:46,1,6,6,coin,spins,spins,gold,1,false,25000,52150840418222,232236,5,5,1,11,0,0,0,2,0,189468,300000,52,0,63.2,bonus_bs15_gae3_no,100,2575000,,,,"{""bffc7787"":""32744\/38000@m9""}",70,47,24,14,16,14,7,2,3,103,62,40,23,25,25,9,4,5
84646,2026-04-10 20:29:47,3,4,2,attack,steal,goldSack,gold,1,false,100000,52150840518222,232235,5,5,1,11,1,1,0,0,0,189468,300000,52,0,63.2,bonus_bs15_gae3_no,100,2575000,,,,"{""e190af25"":""39224\/50000@m18""}",71,48,25,14,16,14,7,2,3,104,63,41,23,25,25,9,4,5
84647,2026-04-10 20:29:48,30,2,2,accumulation,goldSack,goldSack,gold,1,false,150000,52150840668222,232234,5,5,1,11,0,0,0,0,1,189469,300000,52,1,63.2,bonus_bs15_gae3_no,100,2575000,,,,,72,48,25,14,16,15,7,2,3,105,63,41,23,25,26,9,4,5
84648,2026-04-10 20:29:49,2,2,2,goldSack,goldSack,goldSack,gold,1,true,2200000,52150842868222,232233,5,5,1,11,0,0,0,0,0,189469,300000,52,0,63.2,bonus_bs15_gae3_no,100,2575000,,,,,73,48,25,14,16,15,7,2,3,106,63,41,23,25,26,9,4,5
84649,2026-04-10 20:29:49,30,2,2,accumulation,goldSack,goldSack,gold,1,false,150000,52150843018222,232232,5,5,1,11,0,0,0,0,1,189470,300000,52,1,63.2,bonus_bs15_gae3_no,100,2575000,,,,,74,48,25,14,16,16,7,2,3,107,63,41,23,25,27,9,4,5
84650,2026-04-10 20:29:51,30,2,2,accumulation,goldSack,goldSack,gold,1,false,150000,52150843168222,232231,5,5,1,11,0,0,0,0,1,189471,300000,52,1,63.2,bonus_bs15_gae3_no,100,2575000,,,,,75,48,25,14,16,17,7,2,3,108,63,41,23,25,28,9,4,5
84651,2026-04-10 20:29:52,1,1,6,coin,coin,spins,gold,1,false,50000,52150843218222,232230,5,5,1,11,0,0,0,1,0,189471,300000,52,0,63.2,bonus_bs15_gae3_no,100,2575000,,,,,76,48,25,14,17,17,7,2,3,109,63,41,23,26,28,9,4,5
84652,2026-04-10 20:29:53,1,1,1,coin,coin,coin,gold,1,true,250000,52150843468222,232229,5,5,1,11,0,0,0,0,0,189471,300000,52,0,63.2,bonus_bs15_gae3_no,100,2575000,,,,,77,48,25,14,17,17,7,2,3,110,63,41,23,26,28,9,4,5
84653,2026-04-10 20:29:54,30,2,2,accumulation,goldSack,goldSack,gold,1,false,150000,52150843618222,232228,5,5,1,11,0,0,0,0,1,189472,300000,52,1,63.2,bonus_bs15_gae3_no,100,2575000,,,LongExtraDayReduced,"{""slot_on_"":""51229\/55000@m24""}",78,48,25,14,17,18,7,2,3,111,63,41,23,26,29,9,4,5
84654,2026-04-10 20:29:55,5,2,2,shield,goldSack,goldSack,gold,1,false,150000,52150843768222,232227,5,5,1,11,0,0,1,0,0,189472,300000,52,0,63.2,bonus_bs15_gae3_no,100,2575000,,LongExtraDayReduced,,"{""slot_on_"":""51230\/55000@m24""}",79,48,25,15,17,18,7,2,3,112,63,41,24,26,29,9,4,5
84655,2026-04-10 20:29:56,1,1,6,coin,coin,spins,gold,1,false,50000,52150843818222,232226,5,5,1,11,0,0,0,1,0,189472,300000,52,0,63.2,bonus_bs15_gae3_no,100,2575000,,,,,80,48,25,15,18,18,7,2,3,113,63,41,24,27,29,9,4,5
84656,2026-04-10 20:29:57,1,4,4,coin,steal,steal,gold,1,false,25000,52150843843222,232225,5,5,1,11,0,2,0,0,0,189472,300000,52,0,63.2,bonus_bs15_gae3_no,100,2575000,,,,"{""c5261ecd"":""3247\/4200@m81""}",81,48,27,15,18,18,7,2,3,114,63,43,24,27,29,9,4,5
84657,2026-04-10 20:29:58,3,4,2,attack,steal,goldSack,gold,1,false,100000,52150843943222,232224,5,5,1,11,1,1,0,0,0,189472,300000,52,0,63.2,bonus_bs15_gae3_no,100,2575000,,LongExtraDayReduced,,"{""slot_on_"":""51231\/55000@m24""}",82,49,28,15,18,18,7,2,3,115,64,44,24,27,29,9,4,5
84658,2026-04-10 20:29:59,30,2,2,accumulation,goldSack,goldSack,gold,1,false,150000,52150844093222,232223,5,5,1,11,0,0,0,0,1,189473,300000,52,1,63.2,bonus_bs15_gae3_no,100,2575000,,,,,83,49,28,15,18,19,7,2,3,116,64,44,24,27,30,9,4,5
84659,2026-04-10 20:30:00,1,4,6,coin,steal,spins,gold,1,false,25000,52150844118222,232222,5,5,1,11,0,1,0,1,0,189473,300000,52,0,63.2,bonus_bs15_gae3_no,100,2575000,,,,"{""bffc7787"":""32745\/38000@m9""}",84,49,29,15,19,19,7,2,3,117,64,45,24,28,30,9,4,5
84660,2026-04-10 20:30:01,30,30,1,accumulation,accumulation,coin,gold,1,false,25000,52150844143222,232221,5,5,1,11,0,0,0,0,2,189475,300000,52,2,63.2,bonus_bs15_gae3_no,100,2575000,LongExtraDayReduced,,,"{""slot_on_"":""51232\/55000@m24""}",85,49,29,15,19,21,7,2,3,118,64,45,24,28,32,9,4,5
84661,2026-04-10 20:30:02,30,30,1,accumulation,accumulation,coin,gold,1,false,25000,52150844168222,232220,5,5,1,11,0,0,0,0,2,189477,300000,52,2,63.2,bonus_bs15_gae3_no,100,2575000,,LongExtraDayReduced,,"{""slot_on_"":""51233\/55000@m24"",""e190af25"":""39226\/50000@m18""}",86,49,29,15,19,23,7,2,3,119,64,45,24,28,34,9,4,5
84662,2026-04-10 20:30:04,6,6,6,spins,spins,spins,spins,5,true,10,52150844168222,232229,5,5,1,11,0,0,0,3,0,189477,300000,52,0,63.2,bonus_bs15_gae3_no,100,2575000,,,,,87,49,29,15,22,23,7,2,3,120,64,45,24,31,34,9,4,5
84663,2026-04-10 20:30:07,3,3,2,attack,attack,goldSack,gold,1,false,100000,52150844268222,232228,5,5,1,11,2,0,0,0,0,189477,300000,52,0,63.2,bonus_bs15_gae3_no,100,2575000,,,,,88,51,29,15,22,23,7,2,3,1,2,0,0,0,0,0,0,0
84664,2026-04-10 20:30:08,30,2,2,accumulation,goldSack,goldSack,gold,1,false,150000,52150844418222,232227,5,5,1,11,0,0,0,0,1,189478,300000,52,1,63.2,bonus_bs15_gae3_no,100,2575000,,,LongExtraDayReduced,"{""slot_on_"":""51234\/55000@m24""}",89,51,29,15,22,24,7,2,3,2,2,0,0,0,1,0,0,0
84665,2026-04-10 20:30:09,5,5,5,shield,shield,shield,shield,3,true,1,52150844418222,232227,5,5,1,11,0,0,3,0,0,189478,300000,52,0,63.2,bonus_bs15_gae3_no,100,2575000,,,,,90,51,29,18,22,24,7,2,4,3,2,0,3,0,1,0,0,1
84666,2026-04-10 20:30:10,30,2,2,accumulation,goldSack,goldSack,gold,1,false,150000,52150844568222,232226,5,5,1,11,0,0,0,0,1,189479,300000,52,1,63.2,bonus_bs15_gae3_no,100,2575000,LongExtraDayReduced,LongExtraDayReduced,,"{""slot_on_"":""51236\/55000@m24""}",91,51,29,18,22,25,7,2,4,4,2,0,3,0,2,0,0,1
84667,2026-04-10 20:30:12,1,1,1,coin,coin,coin,gold,1,true,250000,52150844818222,232225,5,5,1,11,0,0,0,0,0,189479,300000,52,0,63.2,bonus_bs15_gae3_no,100,2575000,,LongExtraDayReduced,,"{""slot_on_"":""51237\/55000@m24""}",92,51,29,18,22,25,7,2,4,5,2,0,3,0,2,0,0,1
84668,2026-04-10 20:30:13,30,2,2,accumulation,goldSack,goldSack,gold,1,false,150000,52150844968222,232224,5,5,1,11,0,0,0,0,1,189480,300000,52,1,63.2,bonus_bs15_gae3_no,100,2575000,,,,"{""e190af25"":""39228\/50000@m18""}",93,51,29,18,22,26,7,2,4,6,2,0,3,0,3,0,0,1
84669,2026-04-10 20:30:15,30,2,2,accumulation,goldSack,goldSack,gold,1,false,7500000,52150852468222,232174,5,5,50,11,0,0,0,0,1,189530,300000,52,50,63.2,bonus_bs15_gae3_no,100,2575000,,,LongExtraDayReduced,"{""slot_on_"":""51287\/55000@m24""}",94,51,29,18,22,27,7,2,4,7,2,0,3,0,4,0,0,1
84670,2026-04-10 20:30:17,30,30,1,accumulation,accumulation,coin,gold,1,false,1250000,52150853718222,232124,5,5,50,11,0,0,0,0,2,189630,300000,52,100,63.2,bonus_bs15_gae3_no,100,2575000,,,,,95,51,29,18,22,29,7,2,4,8,2,0,3,0,6,0,0,1
84671,2026-04-10 20:30:18,4,4,4,steal,steal,steal,steal,4,true,0,52150853718222,232074,5,5,50,11,0,3,0,0,0,189630,300000,52,0,63.2,bonus_bs15_gae3_no,100,2575000,,,,,96,51,32,18,22,29,7,3,4,9,2,3,3,0,6,0,1,1
84672,2026-04-10 20:30:25,30,2,2,accumulation,goldSack,goldSack,gold,1,false,7500000,52182108306222,232024,5,5,50,11,0,0,0,0,1,189680,300000,52,50,63.2,bonus_bs15_gae3_no,100,2575000,,,,,97,51,32,18,22,30,7,3,4,10,2,3,3,0,7,0,1,1
84673,2026-04-10 20:30:27,1,4,4,coin,steal,steal,gold,1,false,1250000,52182109556222,231974,5,5,50,11,0,2,0,0,0,189680,300000,52,0,63.2,bonus_bs15_gae3_no,100,2575000,,,,,98,51,34,18,22,30,7,3,4,11,2,5,3,0,7,0,1,1
84674,2026-04-10 20:30:28,3,3,3,attack,attack,attack,attack,2,true,0,52182109556222,231924,5,5,50,11,3,0,0,0,0,189680,300000,52,0,63.2,bonus_bs15_gae3_no,100,2575000,,,,"{""c5261ecd"":""3347\/4200@m81""}",99,54,34,18,22,30,8,3,4,12,5,5,3,0,7,1,1,1
84675,2026-04-10 20:30:32,3,3,3,attack,attack,attack,attack,2,true,0,52182571556222,231874,5,5,50,11,3,0,0,0,0,189680,300000,52,0,63.2,bonus_bs15_gae3_no,100,2575000,,,,"{""bffc7787"":""32795\/38000@m9""}",100,57,34,18,22,30,9,3,4,13,8,5,3,0,7,2,1,1
84676,2026-04-10 20:30:37,30,2,2,accumulation,goldSack,goldSack,gold,1,false,7500000,52183979056222,231824,5,5,50,11,0,0,0,0,1,189730,300000,52,50,63.2,bonus_bs15_gae3_no,100,2575000,,,,,101,57,34,18,22,31,9,3,4,14,8,5,3,0,8,2,1,1
84677,2026-04-10 20:30:38,3,6,2,attack,spins,goldSack,gold,1,false,5000000,52183984056222,231774,5,5,50,11,1,0,0,1,0,189730,300000,52,0,63.2,bonus_bs15_gae3_no,100,2575000,,,,,102,58,34,18,23,31,9,3,4,15,9,5,3,1,8,2,1,1
84678,2026-04-10 20:30:39,1,5,5,coin,shield,shield,gold,1,false,1250000,52183985306222,231724,5,5,50,11,0,0,2,0,0,189730,300000,52,0,63.2,bonus_bs15_gae3_no,100,2575000,,,,,103,58,34,20,23,31,9,3,4,16,9,5,5,1,8,2,1,1
84679,2026-04-10 20:30:40,3,6,2,attack,spins,goldSack,gold,1,false,5000000,52183990306222,231674,5,5,50,11,1,0,0,1,0,189730,300000,52,0,63.2,bonus_bs15_gae3_no,100,2575000,,LongExtraDayReduced,,"{""slot_on_"":""51337\/55000@m24""}",104,59,34,20,24,31,9,3,4,17,10,5,5,2,8,2,1,1
84680,2026-04-10 20:30:42,30,30,30,accumulation,accumulation,accumulation,gold,10,true,0,52183990306222,231624,5,5,50,11,0,0,0,0,3,190230,300000,52,500,63.4,bonus_bs15_gae3_no,100,2575000,,,LongExtraDayReduced,"{""slot_on_"":""51387\/55000@m24"",""e190af25"":""39328\/50000@m18""}",105,59,34,20,24,34,9,3,4,18,10,5,5,2,11,2,1,1
84681,2026-04-10 20:30:46,3,3,3,attack,attack,attack,attack,2,true,0,52183990306222,231623,5,5,1,11,3,0,0,0,0,190230,300000,52,0,63.4,bonus_bs15_gae3_no,100,2575000,,,,,1,3,0,0,0,0,1,0,0,19,13,5,5,2,11,3,1,1
84682,2026-04-10 20:30:50,30,30,1,accumulation,accumulation,coin,gold,1,false,25000,52183999571222,231622,5,5,1,11,0,0,0,0,2,190232,300000,52,2,63.4,bonus_bs15_gae3_no,100,2575000,,,,,2,3,0,0,0,2,1,0,0,20,13,5,5,2,13,3,1,1
84683,2026-04-10 20:30:51,3,5,2,attack,shield,goldSack,gold,1,false,100000,52183999671222,231621,5,5,1,11,1,0,1,0,0,190232,300000,52,0,63.4,bonus_bs15_gae3_no,100,2575000,,,,,3,4,0,1,0,2,1,0,0,21,14,5,6,2,13,3,1,1
84684,2026-04-10 20:30:52,3,6,2,attack,spins,goldSack,gold,1,false,100000,52183999771222,231620,5,5,1,11,1,0,0,1,0,190232,300000,52,0,63.4,bonus_bs15_gae3_no,100,2575000,,,,,4,5,0,1,1,2,1,0,0,22,15,5,6,3,13,3,1,1
84685,2026-04-10 20:30:53,1,1,4,coin,coin,steal,gold,1,false,50000,52183999821222,231619,5,5,1,11,0,1,0,0,0,190232,300000,52,0,63.4,bonus_bs15_gae3_no,100,2575000,,,,,5,5,1,1,1,2,1,0,0,23,15,6,6,3,13,3,1,1
84686,2026-04-10 20:30:54,30,2,2,accumulation,goldSack,goldSack,gold,1,false,150000,52183999971222,231618,5,5,1,11,0,0,0,0,1,190233,300000,52,1,63.4,bonus_bs15_gae3_no,100,2575000,,,,"{""bffc7787"":""32796\/38000@m9""}",6,5,1,1,1,3,1,0,0,24,15,6,6,3,14,3,1,1
84687,2026-04-10 20:30:55,3,3,3,attack,attack,attack,attack,2,true,0,52183999971222,231617,5,5,1,11,3,0,0,0,0,190233,300000,52,0,63.4,bonus_bs15_gae3_no,100,2575000,,,,,7,8,1,1,1,3,2,0,0,25,18,6,6,3,14,4,1,1
84688,2026-04-10 20:31:08,30,30,3,accumulation,accumulation,attack,gold,6,false,0,52184009211222,231616,5,5,1,11,1,0,0,0,2,190235,300000,52,2,63.4,bonus_bs15_gae3_no,100,2575000,,,LongExtraDayReduced,"{""slot_on_"":""51388\/55000@m24""}",8,9,1,1,1,5,2,0,0,26,19,6,6,3,16,4,1,1
84689,2026-04-10 20:31:09,2,2,2,goldSack,goldSack,goldSack,gold,1,true,2200000,52184011411222,231615,5,5,1,11,0,0,0,0,0,190235,300000,52,0,63.4,bonus_bs15_gae3_no,100,2575000,LongExtraDayReduced,,LongExtraDayReduced,"{""slot_on_"":""51390\/55000@m24""}",9,9,1,1,1,5,2,0,0,27,19,6,6,3,16,4,1,1
84690,2026-04-10 20:31:10,1,1,4,coin,coin,steal,gold,1,false,50000,52184011461222,231614,5,5,1,11,0,1,0,0,0,190235,300000,52,0,63.4,bonus_bs15_gae3_no,100,2575000,,,LongExtraDayReduced,"{""slot_on_"":""51391\/55000@m24""}",10,9,2,1,1,5,2,0,0,28,19,7,6,3,16,4,1,1
84691,2026-04-10 20:31:11,3,6,2,attack,spins,goldSack,gold,1,false,100000,52184011561222,231613,5,5,1,11,1,0,0,1,0,190235,300000,52,0,63.4,bonus_bs15_gae3_no,100,2575000,,,,,11,10,2,1,2,5,2,0,0,29,20,7,6,4,16,4,1,1
84692,2026-04-10 20:31:12,3,1,1,attack,coin,coin,gold,1,false,50000,52184011611222,231612,5,5,1,11,1,0,0,0,0,190235,300000,52,0,63.4,bonus_bs15_gae3_no,100,2575000,,,,,12,11,2,1,2,5,2,0,0,30,21,7,6,4,16,4,1,1
84693,2026-04-10 20:31:12,4,4,4,steal,steal,steal,steal,4,true,0,52184011611222,231611,5,5,1,11,0,3,0,0,0,190235,300000,52,0,63.4,bonus_bs15_gae3_no,100,2575000,,,,,13,11,5,1,2,5,2,1,0,31,21,10,6,4,16,4,2,1
84694,2026-04-10 20:31:20,1,4,6,coin,steal,spins,gold,1,false,25000,52184294176222,231610,5,5,1,11,0,1,0,1,0,190235,300000,52,0,63.4,bonus_bs15_gae3_no,100,2575000,,,,,14,11,6,1,3,5,2,1,0,32,21,11,6,5,16,4,2,1
84695,2026-04-10 20:31:20,1,4,6,coin,steal,spins,gold,1,false,25000,52184294201222,231609,5,5,1,11,0,1,0,1,0,190235,300000,52,0,63.4,bonus_bs15_gae3_no,100,2575000,,,,,15,11,7,1,4,5,2,1,0,33,21,12,6,6,16,4,2,1
84696,2026-04-10 20:31:21,1,4,6,coin,steal,spins,gold,1,false,25000,52184294226222,231608,5,5,1,11,0,1,0,1,0,190235,300000,52,0,63.4,bonus_bs15_gae3_no,100,2575000,,,,"{""c5261ecd"":""3349\/4200@m81""}",16,11,8,1,5,5,2,1,0,34,21,13,6,7,16,4,2,1
84697,2026-04-10 20:31:22,5,2,2,shield,goldSack,goldSack,gold,1,false,150000,52184294376222,231607,5,5,1,11,0,0,1,0,0,190235,300000,52,0,63.4,bonus_bs15_gae3_no,100,2575000,LongExtraDayReduced,,,"{""slot_on_"":""51392\/55000@m24""}",17,11,8,2,5,5,2,1,0,35,21,13,7,7,16,4,2,1
84698,2026-04-10 20:31:23,1,1,4,coin,coin,steal,gold,1,false,50000,52184294426222,231606,5,5,1,11,0,1,0,0,0,190235,300000,52,0,63.4,bonus_bs15_gae3_no,100,2575000,,,,,18,11,9,2,5,5,2,1,0,36,21,14,7,7,16,4,2,1
84699,2026-04-10 20:31:24,2,2,2,goldSack,goldSack,goldSack,gold,1,true,2200000,52184296626222,231605,5,5,1,11,0,0,0,0,0,190235,300000,52,0,63.4,bonus_bs15_gae3_no,100,2575000,LongExtraDayReduced,LongExtraDayReduced,LongExtraDayReduced,"{""slot_on_"":""51397\/55000@m24""}",19,11,9,2,5,5,2,1,0,37,21,14,7,7,16,4,2,1
84700,2026-04-10 20:31:25,30,2,2,accumulation,goldSack,goldSack,gold,1,false,150000,52184296776222,231604,5,5,1,11,0,0,0,0,1,190236,300000,52,1,63.4,bonus_bs15_gae3_no,100,2575000,,,,,20,11,9,2,5,6,2,1,0,38,21,14,7,7,17,4,2,1
84701,2026-04-10 20:31:26,3,3,3,attack,attack,attack,attack,2,true,0,52184296776222,231603,5,5,1,11,3,0,0,0,0,190236,300000,52,0,63.4,bonus_bs15_gae3_no,100,2575000,,,,"{""e190af25"":""39330\/50000@m18""}",21,14,9,2,5,6,3,1,0,39,24,14,7,7,17,5,2,1
84702,2026-04-10 20:31:30,1,1,1,coin,coin,coin,gold,1,true,250000,52184325026222,231602,5,5,1,11,0,0,0,0,0,190236,300000,52,0,63.4,bonus_bs15_gae3_no,100,2575000,,,,,22,14,9,2,5,6,3,1,0,40,24,14,7,7,17,5,2,1
84703,2026-04-10 20:31:31,3,3,2,attack,attack,goldSack,gold,1,false,100000,52184325126222,231601,5,5,1,11,2,0,0,0,0,190236,300000,52,0,63.4,bonus_bs15_gae3_no,100,2575000,,,,,23,16,9,2,5,6,3,1,0,41,26,14,7,7,17,5,2,1
84704,2026-04-10 20:31:32,3,3,2,attack,attack,goldSack,gold,1,false,100000,52184325226222,231600,5,5,1,11,2,0,0,0,0,190236,300000,52,0,63.4,bonus_bs15_gae3_no,100,2575000,,,,,24,18,9,2,5,6,3,1,0,42,28,14,7,7,17,5,2,1
84705,2026-04-10 20:31:32,1,1,4,coin,coin,steal,gold,1,false,50000,52184325276222,231599,5,5,1,11,0,1,0,0,0,190236,300000,52,0,63.4,bonus_bs15_gae3_no,100,2575000,,,,"{""bffc7787"":""32797\/38000@m9""}",25,18,10,2,5,6,3,1,0,43,28,15,7,7,17,5,2,1
84706,2026-04-10 20:31:33,3,3,3,attack,attack,attack,attack,2,true,0,52184325276222,231598,5,5,1,11,3,0,0,0,0,190236,300000,52,0,63.4,bonus_bs15_gae3_no,100,2575000,,,,"{""c5261ecd"":""3351\/4200@m81""}",26,21,10,2,5,6,4,1,0,44,31,15,7,7,17,6,2,1
84707,2026-04-10 20:31:40,3,6,2,attack,spins,goldSack,gold,1,false,100000,52184353376222,231597,5,5,1,11,1,0,0,1,0,190236,300000,52,0,63.4,bonus_bs15_gae3_no,100,2575000,,,,,27,22,10,2,6,6,4,1,0,45,32,15,7,8,17,6,2,1
84708,2026-04-10 20:31:40,3,5,2,attack,shield,goldSack,gold,1,false,100000,52184353476222,231596,5,5,1,11,1,0,1,0,0,190236,300000,52,0,63.4,bonus_bs15_gae3_no,100,2575000,,,,,28,23,10,3,6,6,4,1,0,46,33,15,8,8,17,6,2,1
84709,2026-04-10 20:31:41,1,1,4,coin,coin,steal,gold,1,false,50000,52184353526222,231595,5,5,1,11,0,1,0,0,0,190236,300000,52,0,63.4,bonus_bs15_gae3_no,100,2575000,,,,,29,23,11,3,6,6,4,1,0,47,33,16,8,8,17,6,2,1
84710,2026-04-10 20:31:42,5,5,5,shield,shield,shield,shield,3,true,1,52184353526222,231595,5,5,1,11,0,0,3,0,0,190236,300000,52,0,63.4,bonus_bs15_gae3_no,100,2575000,,,,,30,23,11,6,6,6,4,1,1,48,33,16,11,8,17,6,2,2
84711,2026-04-10 20:31:43,1,6,6,coin,spins,spins,gold,1,false,25000,52184353551222,231594,5,5,1,11,0,0,0,2,0,190236,300000,52,0,63.4,bonus_bs15_gae3_no,100,2575000,,LongExtraDayReduced,,"{""slot_on_"":""51398\/55000@m24""}",31,23,11,6,8,6,4,1,1,49,33,16,11,10,17,6,2,2
84712,2026-04-10 20:31:44,30,30,1,accumulation,accumulation,coin,gold,1,false,25000,52184353576222,231593,5,5,1,11,0,0,0,0,2,190238,300000,52,2,63.4,bonus_bs15_gae3_no,100,2575000,,,,,32,23,11,6,8,8,4,1,1,50,33,16,11,10,19,6,2,2
84713,2026-04-10 20:31:45,1,4,6,coin,steal,spins,gold,1,false,25000,52184353601222,231592,5,5,1,11,0,1,0,1,0,190238,300000,52,0,63.4,bonus_bs15_gae3_no,100,2575000,,,,,33,23,12,6,9,8,4,1,1,51,33,17,11,11,19,6,2,2
84714,2026-04-10 20:31:46,2,2,2,goldSack,goldSack,goldSack,gold,1,true,2200000,52184355801222,231591,5,5,1,11,0,0,0,0,0,190238,300000,52,0,63.4,bonus_bs15_gae3_no,100,2575000,,,,,34,23,12,6,9,8,4,1,1,52,33,17,11,11,19,6,2,2
84715,2026-04-10 20:31:47,3,6,2,attack,spins,goldSack,gold,1,false,100000,52184355901222,231590,5,5,1,11,1,0,0,1,0,190238,300000,52,0,63.4,bonus_bs15_gae3_no,100,2575000,,,,,35,24,12,6,10,8,4,1,1,53,34,17,11,12,19,6,2,2
84716,2026-04-10 20:31:51,5,5,5,shield,shield,shield,shield,3,true,1,52184355901222,231590,5,5,1,11,0,0,3,0,0,190238,300000,52,0,63.4,bonus_bs15_gae3_no,100,2575000,,,,,36,24,12,9,10,8,4,1,2,54,34,17,14,12,19,6,2,3
84717,2026-04-10 20:31:52,1,4,4,coin,steal,steal,gold,1,false,25000,52184355926222,231589,5,5,1,11,0,2,0,0,0,190238,300000,52,0,63.4,bonus_bs15_gae3_no,100,2575000,,,,,37,24,14,9,10,8,4,1,2,55,34,19,14,12,19,6,2,3
84718,2026-04-10 20:31:52,1,4,6,coin,steal,spins,gold,1,false,25000,52184355951222,231588,5,5,1,11,0,1,0,1,0,190238,300000,52,0,63.4,bonus_bs15_gae3_no,100,2575000,LongExtraDayReduced,LongExtraDayReduced,,"{""slot_on_"":""51400\/55000@m24""}",38,24,15,9,11,8,4,1,2,56,34,20,14,13,19,6,2,3
84719,2026-04-10 20:31:53,5,5,5,shield,shield,shield,shield,3,true,1,52184355951222,231588,5,5,1,11,0,0,3,0,0,190238,300000,52,0,63.4,bonus_bs15_gae3_no,100,2575000,,,,,39,24,15,12,11,8,4,1,3,57,34,20,17,13,19,6,2,4
84720,2026-04-10 20:31:54,3,4,2,attack,steal,goldSack,gold,1,false,100000,52184356051222,231587,5,5,1,11,1,1,0,0,0,190238,300000,52,0,63.4,bonus_bs15_gae3_no,100,2575000,,,,"{""e190af25"":""39332\/50000@m18""}",40,25,16,12,11,8,4,1,3,58,35,21,17,13,19,6,2,4
84721,2026-04-10 20:32:07,3,1,1,attack,coin,coin,gold,1,false,50000,52184356101222,231586,5,5,1,11,1,0,0,0,0,190238,300000,52,0,63.4,bonus_bs15_gae3_no,100,2575000,,,,,41,26,16,12,11,8,4,1,3,59,36,21,17,13,19,6,2,4
84722,2026-04-10 20:32:07,1,1,1,coin,coin,coin,gold,1,true,250000,52184356351222,231585,5,5,1,11,0,0,0,0,0,190238,300000,52,0,63.4,bonus_bs15_gae3_no,100,2575000,LongExtraDayReduced,,,"{""slot_on_"":""51401\/55000@m24""}",42,26,16,12,11,8,4,1,3,60,36,21,17,13,19,6,2,4
84723,2026-04-10 20:32:08,3,6,2,attack,spins,goldSack,gold,1,false,100000,52184356451222,231584,5,5,1,11,1,0,0,1,0,190238,300000,52,0,63.4,bonus_bs15_gae3_no,100,2575000,,,,,43,27,16,12,12,8,4,1,3,61,37,21,17,14,19,6,2,4
84724,2026-04-10 20:32:09,3,4,2,attack,steal,goldSack,gold,1,false,100000,52184356551222,231583,5,5,1,11,1,1,0,0,0,190238,300000,52,0,63.4,bonus_bs15_gae3_no,100,2575000,LongExtraDayReduced,,,"{""slot_on_"":""51402\/55000@m24""}",44,28,17,12,12,8,4,1,3,62,38,22,17,14,19,6,2,4
84725,2026-04-10 20:32:10,1,4,6,coin,steal,spins,gold,1,false,25000,52184356576222,231582,5,5,1,11,0,1,0,1,0,190238,300000,52,0,63.4,bonus_bs15_gae3_no,100,2575000,,,LongExtraDayReduced,"{""slot_on_"":""51403\/55000@m24"",""bffc7787"":""32798\/38000@m9""}",45,28,18,12,13,8,4,1,3,63,38,23,17,15,19,6,2,4
84726,2026-04-10 20:32:11,2,2,2,goldSack,goldSack,goldSack,gold,1,true,2200000,52184358776222,231581,5,5,1,11,0,0,0,0,0,190238,300000,52,0,63.4,bonus_bs15_gae3_no,100,2575000,,,,,46,28,18,12,13,8,4,1,3,64,38,23,17,15,19,6,2,4
84727,2026-04-10 20:32:11,3,3,2,attack,attack,goldSack,gold,1,false,100000,52184358876222,231580,5,5,1,11,2,0,0,0,0,190238,300000,52,0,63.4,bonus_bs15_gae3_no,100,2575000,,,,"{""c5261ecd"":""3353\/4200@m81""}",47,30,18,12,13,8,4,1,3,65,40,23,17,15,19,6,2,4
84728,2026-04-10 20:32:12,30,2,2,accumulation,goldSack,goldSack,gold,1,false,150000,52184359026222,231579,5,5,1,11,0,0,0,0,1,190239,300000,52,1,63.4,bonus_bs15_gae3_no,100,2575000,,,,,48,30,18,12,13,9,4,1,3,66,40,23,17,15,20,6,2,4
84729,2026-04-10 20:32:13,1,6,6,coin,spins,spins,gold,1,false,25000,52184359051222,231578,5,5,1,11,0,0,0,2,0,190239,300000,52,0,63.4,bonus_bs15_gae3_no,100,2575000,LongExtraDayReduced,LongExtraDayReduced,,"{""slot_on_"":""51405\/55000@m24""}",49,30,18,12,15,9,4,1,3,67,40,23,17,17,20,6,2,4
84730,2026-04-10 20:32:15,3,5,2,attack,shield,goldSack,gold,1,false,100000,52184359151222,231577,5,5,1,11,1,0,1,0,0,190239,300000,52,0,63.4,bonus_bs15_gae3_no,100,2575000,,,,,50,31,18,13,15,9,4,1,3,68,41,23,18,17,20,6,2,4
84731,2026-04-10 20:32:17,3,4,2,attack,steal,goldSack,gold,1,false,5000000,52184364151222,231527,5,5,50,11,1,1,0,0,0,190239,300000,52,0,63.4,bonus_bs15_gae3_no,100,2575000,,,,,51,32,19,13,15,9,4,1,3,69,42,24,18,17,20,6,2,4
84732,2026-04-10 20:32:18,3,3,3,attack,attack,attack,attack,2,true,0,52184364151222,231477,5,5,50,11,3,0,0,0,0,190239,300000,52,0,63.4,bonus_bs15_gae3_no,100,2575000,,,LongExtraDayReduced,"{""slot_on_"":""51455\/55000@m24""}",52,35,19,13,15,9,5,1,3,70,45,24,18,17,20,7,2,4
84733,2026-04-10 20:32:22,30,2,2,accumulation,goldSack,goldSack,gold,1,false,7500000,52185771651222,231427,5,5,50,11,0,0,0,0,1,190289,300000,52,50,63.4,bonus_bs15_gae3_no,100,2575000,,,,"{""e190af25"":""39432\/50000@m18""}",53,35,19,13,15,10,5,1,3,71,45,24,18,17,21,7,2,4
84734,2026-04-10 20:32:24,3,4,2,attack,steal,goldSack,gold,1,false,5000000,52185776651222,231377,5,5,50,11,1,1,0,0,0,190289,300000,52,0,63.4,bonus_bs15_gae3_no,100,2575000,,,,"{""bffc7787"":""32848\/38000@m9""}",54,36,20,13,15,10,5,1,3,72,46,25,18,17,21,7,2,4
84735,2026-04-10 20:32:25,1,4,6,coin,steal,spins,gold,1,false,1250000,52185777901222,231327,5,5,50,11,0,1,0,1,0,190289,300000,52,0,63.4,bonus_bs15_gae3_no,100,2575000,,,,,55,36,21,13,16,10,5,1,3,73,46,26,18,18,21,7,2,4
84736,2026-04-10 20:32:27,1,1,1,coin,coin,coin,gold,1,true,12500000,52185790401222,231277,5,5,50,11,0,0,0,0,0,190289,300000,52,0,63.4,bonus_bs15_gae3_no,100,2575000,,,,,56,36,21,13,16,10,5,1,3,74,46,26,18,18,21,7,2,4
84737,2026-04-10 20:32:30,6,6,6,spins,spins,spins,spins,5,true,500,52185790401222,231727,5,5,50,11,0,0,0,3,0,190289,300000,52,0,63.4,bonus_bs15_gae3_no,100,2575000,LongExtraDayReduced,,,"{""slot_on_"":""51505\/55000@m24""}",57,36,21,13,19,10,5,1,3,75,46,26,18,21,21,7,2,4
84738,2026-04-10 20:32:32,3,3,2,attack,attack,goldSack,gold,1,false,5000000,52185795401222,231677,5,5,50,11,2,0,0,0,0,190289,300000,52,0,63.4,bonus_bs15_gae3_no,100,2575000,,,,,58,38,21,13,19,10,5,1,3,1,2,0,0,0,0,0,0,0
84739,2026-04-10 20:32:33,30,2,2,accumulation,goldSack,goldSack,gold,1,false,7500000,52185802901222,231627,5,5,50,11,0,0,0,0,1,190339,300000,52,50,63.4,bonus_bs15_gae3_no,100,2575000,LongExtraDayReduced,,LongExtraDayReduced,"{""slot_on_"":""51605\/55000@m24""}",59,38,21,13,19,11,5,1,3,2,2,0,0,0,1,0,0,0
84740,2026-04-10 20:32:35,3,4,2,attack,steal,goldSack,gold,1,false,5000000,52185807901222,231577,5,5,50,11,1,1,0,0,0,190339,300000,52,0,63.4,bonus_bs15_gae3_no,100,2575000,,,,,60,39,22,13,19,11,5,1,3,3,3,1,0,0,1,0,0,0
84741,2026-04-10 20:32:37,30,2,2,accumulation,goldSack,goldSack,gold,1,false,7500000,52185815401222,231527,5,5,50,11,0,0,0,0,1,190389,300000,52,50,63.5,bonus_bs15_gae3_no,100,2575000,,,,,61,39,22,13,19,12,5,1,3,4,3,1,0,0,2,0,0,0
84742,2026-04-10 20:32:38,3,4,2,attack,steal,goldSack,gold,1,false,5000000,52185820401222,231477,5,5,50,11,1,1,0,0,0,190389,300000,52,0,63.5,bonus_bs15_gae3_no,100,2575000,,,,,62,40,23,13,19,12,5,1,3,5,4,2,0,0,2,0,0,0
84743,2026-04-10 20:32:39,30,2,2,accumulation,goldSack,goldSack,gold,1,false,7500000,52185827901222,231427,5,5,50,11,0,0,0,0,1,190439,300000,52,50,63.5,bonus_bs15_gae3_no,100,2575000,,,,"{""bffc7787"":""32898\/38000@m9""}",63,40,23,13,19,13,5,1,3,6,4,2,0,0,3,0,0,0
84744,2026-04-10 20:32:41,5,5,5,shield,shield,shield,shield,3,true,50,52185827901222,231427,5,5,50,11,0,0,3,0,0,190439,300000,52,0,63.5,bonus_bs15_gae3_no,100,2575000,,,,"{""c5261ecd"":""3453\/4200@m81""}",64,40,23,16,19,13,5,1,4,7,4,2,3,0,3,0,0,1
84745,2026-04-10 20:32:42,2,2,2,goldSack,goldSack,goldSack,gold,1,true,110000000,52185937901222,231377,5,5,50,11,0,0,0,0,0,190439,300000,52,0,63.5,bonus_bs15_gae3_no,100,2575000,,,,,65,40,23,16,19,13,5,1,4,8,4,2,3,0,3,0,0,1
84746,2026-04-10 20:32:49,3,3,3,attack,attack,attack,attack,2,true,0,52185937901222,231327,5,5,50,11,3,0,0,0,0,190439,300000,52,0,63.5,bonus_bs15_gae3_no,100,2575000,,LongExtraDayReduced,,"{""slot_on_"":""51655\/55000@m24""}",66,43,23,16,19,13,6,1,4,9,7,2,3,0,3,1,0,1
84747,2026-04-10 20:32:54,5,5,5,shield,shield,shield,shield,3,true,50,52186399901222,231327,5,5,50,11,0,0,3,0,0,190439,300000,52,0,63.5,bonus_bs15_gae3_no,100,2575000,,,,,67,43,23,19,19,13,6,1,5,10,7,2,6,0,3,1,0,2
84748,2026-04-10 20:32:55,3,4,2,attack,steal,goldSack,gold,1,false,5000000,52186404901222,231277,5,5,50,11,1,1,0,0,0,190439,300000,52,0,63.5,bonus_bs15_gae3_no,100,2575000,,,,,68,44,24,19,19,13,6,1,5,11,8,3,6,0,3,1,0,2
84749,2026-04-10 20:32:56,4,4,4,steal,steal,steal,steal,4,true,0,52186404901222,231227,5,5,50,11,0,3,0,0,0,190439,300000,52,0,63.5,bonus_bs15_gae3_no,100,2575000,,,,,69,44,27,19,19,13,6,2,5,12,8,6,6,0,3,1,1,2
84750,2026-04-10 20:33:02,3,4,2,attack,steal,goldSack,gold,1,false,5000000,52209672429222,231177,5,5,50,11,1,1,0,0,0,190439,300000,52,0,63.5,bonus_bs15_gae3_no,100,2575000,,,,"{""e190af25"":""39532\/50000@m18""}",70,45,28,19,19,13,6,2,5,13,9,7,6,0,3,1,1,2
84751,2026-04-10 20:33:03,2,2,2,goldSack,goldSack,goldSack,gold,1,true,110000000,52209782429222,231127,5,5,50,11,0,0,0,0,0,190439,300000,52,0,63.5,bonus_bs15_gae3_no,100,2575000,,,,,71,45,28,19,19,13,6,2,5,14,9,7,6,0,3,1,1,2
84752,2026-04-10 20:33:04,30,2,2,accumulation,goldSack,goldSack,gold,1,false,7500000,52209789929222,231077,5,5,50,11,0,0,0,0,1,190489,300000,52,50,63.5,bonus_bs15_gae3_no,100,2575000,,,LongExtraDayReduced,"{""slot_on_"":""51705\/55000@m24""}",72,45,28,19,19,14,6,2,5,15,9,7,6,0,4,1,1,2
84753,2026-04-10 20:33:07,1,1,6,coin,coin,spins,gold,1,false,2500000,52209792429222,231027,5,5,50,11,0,0,0,1,0,190489,300000,52,0,63.5,bonus_bs15_gae3_no,100,2575000,,,,"{""e190af25"":""39632\/50000@m18""}",73,45,28,19,20,14,6,2,5,16,9,7,6,1,4,1,1,2
84754,2026-04-10 20:33:08,1,4,6,coin,steal,spins,gold,1,false,10000000,52209802429222,230627,5,5,400,11,0,1,0,1,0,190489,300000,52,0,63.5,bonus_bs15_gae3_no,100,2575000,,LongExtraDayReduced,,"{""slot_on_"":""52105\/55000@m24""}",74,45,29,19,21,14,6,2,5,17,9,8,6,2,4,1,1,2
84755,2026-04-10 20:33:09,5,5,2,shield,shield,goldSack,gold,1,false,40000000,52209842429222,230227,5,5,400,11,0,0,2,0,0,190489,300000,52,0,63.5,bonus_bs15_gae3_no,100,2575000,LongExtraDayReduced,,,"{""slot_on_"":""52505\/55000@m24""}",75,45,29,21,21,14,6,2,5,18,9,8,8,2,4,1,1,2
84756,2026-04-10 20:33:10,2,2,2,goldSack,goldSack,goldSack,gold,1,true,880000000,52210722429222,229827,5,5,400,11,0,0,0,0,0,190489,300000,52,0,63.5,bonus_bs15_gae3_no,100,2575000,,,,,76,45,29,21,21,14,6,2,5,19,9,8,8,2,4,1,1,2
84757,2026-04-10 20:33:11,2,2,2,goldSack,goldSack,goldSack,gold,1,true,880000000,52211602429222,229427,5,5,400,11,0,0,0,0,0,190489,300000,52,0,63.5,bonus_bs15_gae3_no,100,2575000,,,,"{""bffc7787"":""33298\/38000@m9""}",77,45,29,21,21,14,6,2,5,20,9,8,8,2,4,1,1,2
84758,2026-04-10 20:33:14,30,30,2,accumulation,accumulation,goldSack,gold,1,false,40000000,52211642429222,229027,5,5,400,11,0,0,0,0,2,191289,300000,52,800,63.8,bonus_bs15_gae3_no,100,2575000,,LongExtraDayReduced,LongExtraDayReduced,"{""slot_on_"":""53305\/55000@m24""}",78,45,29,21,21,16,6,2,5,21,9,8,8,2,6,1,1,2
84759,2026-04-10 20:33:15,3,6,2,attack,spins,goldSack,gold,1,false,40000000,52211682429222,228627,5,5,400,11,1,0,0,1,0,191289,300000,52,0,63.8,bonus_bs15_gae3_no,100,2575000,,,,,79,46,29,21,22,16,6,2,5,22,10,8,8,3,6,1,1,2
84760,2026-04-10 20:33:18,1,1,1,coin,coin,coin,gold,1,true,100000000,52211782429222,228227,5,5,400,11,0,0,0,0,0,191289,300000,52,0,63.8,bonus_bs15_gae3_no,100,2575000,,,,,80,46,29,21,22,16,6,2,5,23,10,8,8,3,6,1,1,2
84761,2026-04-10 20:33:19,3,1,1,attack,coin,coin,gold,1,false,20000000,52211802429222,227827,5,5,400,11,1,0,0,0,0,191289,300000,52,0,63.8,bonus_bs15_gae3_no,100,2575000,,,LongExtraDayReduced,"{""slot_on_"":""53705\/55000@m24""}",81,47,29,21,22,16,6,2,5,24,11,8,8,3,6,1,1,2
84762,2026-04-10 20:33:20,5,5,5,shield,shield,shield,shield,3,true,400,52211802429222,227827,5,5,400,11,0,0,3,0,0,191289,300000,52,0,63.8,bonus_bs15_gae3_no,100,2575000,,,,,82,47,29,24,22,16,6,2,6,25,11,8,11,3,6,1,1,3
84763,2026-04-10 20:33:22,3,3,2,attack,attack,goldSack,gold,1,false,40000000,52211842429222,227427,5,5,400,11,2,0,0,0,0,191289,300000,52,0,63.8,bonus_bs15_gae3_no,100,2575000,,,,"{""c5261ecd"":""53\/4200@m82""}",83,49,29,24,22,16,6,2,6,26,13,8,11,3,6,1,1,3
84764,2026-04-10 20:33:24,30,2,2,accumulation,goldSack,goldSack,gold,1,false,60000000,52211902429222,227027,5,5,400,11,0,0,0,0,1,191689,300000,52,400,63.9,bonus_bs15_gae3_no,100,2575000,,LongExtraDayReduced,,"{""slot_on_"":""54105\/55000@m24""}",84,49,29,24,22,17,6,2,6,27,13,8,11,3,7,1,1,3
84765,2026-04-10 20:33:29,30,30,30,accumulation,accumulation,accumulation,gold,10,true,0,52211902429222,226627,5,5,400,11,0,0,0,0,3,195689,300000,52,4000,65.2,bonus_bs15_gae3_no,100,2575000,,,,,85,49,29,24,22,20,6,2,6,28,13,8,11,3,10,1,1,3
84766,2026-04-10 20:33:33,3,3,3,attack,attack,attack,attack,2,true,0,52211902429222,226626,5,5,1,11,3,0,0,0,0,195689,300000,52,0,65.2,bonus_bs15_gae3_no,100,2575000,,,,,1,3,0,0,0,0,1,0,0,29,16,8,11,3,10,2,1,3
84767,2026-04-10 20:33:37,1,4,6,coin,steal,spins,gold,1,false,25000,52211911694222,226625,5,5,1,11,0,1,0,1,0,195689,300000,52,0,65.2,bonus_bs15_gae3_no,100,2575000,,,,,2,3,1,0,1,0,1,0,0,30,16,9,11,4,10,2,1,3
84768,2026-04-10 20:33:37,3,1,1,attack,coin,coin,gold,1,false,50000,52211911744222,226624,5,5,1,11,1,0,0,0,0,195689,300000,52,0,65.2,bonus_bs15_gae3_no,100,2575000,,,LongExtraDayReduced,"{""slot_on_"":""54106\/55000@m24""}",3,4,1,0,1,0,1,0,0,31,17,9,11,4,10,2,1,3
84769,2026-04-10 20:33:38,30,30,2,accumulation,accumulation,goldSack,gold,1,false,100000,52211911844222,226623,5,5,1,11,0,0,0,0,2,195691,300000,52,2,65.2,bonus_bs15_gae3_no,100,2575000,,,,,4,4,1,0,1,2,1,0,0,32,17,9,11,4,12,2,1,3
84770,2026-04-10 20:33:39,1,4,6,coin,steal,spins,gold,1,false,25000,52211911869222,226622,5,5,1,11,0,1,0,1,0,195691,300000,52,0,65.2,bonus_bs15_gae3_no,100,2575000,,,,,5,4,2,0,2,2,1,0,0,33,17,10,11,5,12,2,1,3
84771,2026-04-10 20:33:40,3,3,3,attack,attack,attack,attack,2,true,0,52211911869222,226621,5,5,1,11,3,0,0,0,0,195691,300000,52,0,65.2,bonus_bs15_gae3_no,100,2575000,,,,,6,7,2,0,2,2,2,0,0,34,20,10,11,5,12,3,1,3
84772,2026-04-10 20:33:43,3,1,4,attack,coin,steal,gold,1,false,25000,52211921134222,226620,5,5,1,11,1,1,0,0,0,195691,300000,52,0,65.2,bonus_bs15_gae3_no,100,2575000,,,,"{""e190af25"":""39634\/50000@m18""}",7,8,3,0,2,2,2,0,0,35,21,11,11,5,12,3,1,3
84773,2026-04-10 20:33:44,30,2,2,accumulation,goldSack,goldSack,gold,1,false,150000,52211921284222,226619,5,5,1,11,0,0,0,0,1,195692,300000,52,1,65.2,bonus_bs15_gae3_no,100,2575000,,,,,8,8,3,0,2,3,2,0,0,36,21,11,11,5,13,3,1,3
84774,2026-04-10 20:33:45,3,1,4,attack,coin,steal,gold,1,false,25000,52211921309222,226618,5,5,1,11,1,1,0,0,0,195692,300000,52,0,65.2,bonus_bs15_gae3_no,100,2575000,,,,"{""bffc7787"":""33299\/38000@m9""}",9,9,4,0,2,3,2,0,0,37,22,12,11,5,13,3,1,3
84775,2026-04-10 20:33:46,4,6,2,steal,spins,goldSack,gold,1,false,100000,52211921409222,226617,5,5,1,11,0,1,0,1,0,195692,300000,52,0,65.2,bonus_bs15_gae3_no,100,2575000,,,,,10,9,5,0,3,3,2,0,0,38,22,13,11,6,13,3,1,3
84776,2026-04-10 20:33:47,2,2,2,goldSack,goldSack,goldSack,gold,1,true,2200000,52211923609222,226616,5,5,1,11,0,0,0,0,0,195692,300000,52,0,65.2,bonus_bs15_gae3_no,100,2575000,,,,,11,9,5,0,3,3,2,0,0,39,22,13,11,6,13,3,1,3
84777,2026-04-10 20:33:48,30,2,2,accumulation,goldSack,goldSack,gold,1,false,150000,52211923759222,226615,5,5,1,11,0,0,0,0,1,195693,300000,52,1,65.2,bonus_bs15_gae3_no,100,2575000,,LongExtraDayReduced,,"{""slot_on_"":""54107\/55000@m24""}",12,9,5,0,3,4,2,0,0,40,22,13,11,6,14,3,1,3
84778,2026-04-10 20:33:49,3,3,3,attack,attack,attack,attack,2,true,0,52211923759222,226614,5,5,1,11,3,0,0,0,0,195693,300000,52,0,65.2,bonus_bs15_gae3_no,100,2575000,LongExtraDayReduced,,LongExtraDayReduced,"{""slot_on_"":""54109\/55000@m24""}",13,12,5,0,3,4,3,0,0,41,25,13,11,6,14,4,1,3
84779,2026-04-10 20:33:56,3,1,4,attack,coin,steal,gold,1,false,25000,52211933024222,226613,5,5,1,11,1,1,0,0,0,195693,300000,52,0,65.2,bonus_bs15_gae3_no,100,2575000,LongExtraDayReduced,LongExtraDayReduced,,"{""slot_on_"":""54111\/55000@m24""}",14,13,6,0,3,4,3,0,0,42,26,14,11,6,14,4,1,3
84780,2026-04-10 20:33:57,30,2,2,accumulation,goldSack,goldSack,gold,1,false,150000,52211933174222,226612,5,5,1,11,0,0,0,0,1,195694,300000,52,1,65.2,bonus_bs15_gae3_no,100,2575000,,,,,15,13,6,0,3,5,3,0,0,43,26,14,11,6,15,4,1,3
84781,2026-04-10 20:33:58,3,1,1,attack,coin,coin,gold,1,false,50000,52211933224222,226611,5,5,1,11,1,0,0,0,0,195694,300000,52,0,65.2,bonus_bs15_gae3_no,100,2575000,,,LongExtraDayReduced,"{""slot_on_"":""54112\/55000@m24""}",16,14,6,0,3,5,3,0,0,44,27,14,11,6,15,4,1,3
84782,2026-04-10 20:33:59,3,1,4,attack,coin,steal,gold,1,false,25000,52211933249222,226610,5,5,1,11,1,1,0,0,0,195694,300000,52,0,65.2,bonus_bs15_gae3_no,100,2575000,,,,,17,15,7,0,3,5,3,0,0,45,28,15,11,6,15,4,1,3
84783,2026-04-10 20:33:59,6,6,2,spins,spins,goldSack,gold,1,false,100000,52211933349222,226609,5,5,1,11,0,0,0,2,0,195694,300000,52,0,65.2,bonus_bs15_gae3_no,100,2575000,,,,,18,15,7,0,5,5,3,0,0,46,28,15,11,8,15,4,1,3
84784,2026-04-10 20:34:00,30,2,2,accumulation,goldSack,goldSack,gold,1,false,150000,52211933499222,226608,5,5,1,11,0,0,0,0,1,195695,300000,52,1,65.2,bonus_bs15_gae3_no,100,2575000,,,,"{""c5261ecd"":""55\/4200@m82""}",19,15,7,0,5,6,3,0,0,47,28,15,11,8,16,4,1,3
84785,2026-04-10 20:34:02,1,4,4,coin,steal,steal,gold,1,false,25000,52211933524222,226607,5,5,1,11,0,2,0,0,0,195695,300000,52,0,65.2,bonus_bs15_gae3_no,100,2575000,,,,,20,15,9,0,5,6,3,0,0,48,28,17,11,8,16,4,1,3
84786,2026-04-10 20:34:02,1,4,4,coin,steal,steal,gold,1,false,25000,52211933549222,226606,5,5,1,11,0,2,0,0,0,195695,300000,52,0,65.2,bonus_bs15_gae3_no,100,2575000,,,,"{""bffc7787"":""33300\/38000@m9""}",21,15,11,0,5,6,3,0,0,49,28,19,11,8,16,4,1,3
84787,2026-04-10 20:34:03,4,4,4,steal,steal,steal,steal,4,true,0,52211933549222,226605,5,5,1,11,0,3,0,0,0,195695,300000,52,0,65.2,bonus_bs15_gae3_no,100,2575000,LongExtraDayReduced,LongExtraDayReduced,,"{""slot_on_"":""54114\/55000@m24""}",22,15,14,0,5,6,3,1,0,50,28,22,11,8,16,4,2,3
84788,2026-04-10 20:34:10,3,1,1,attack,coin,coin,gold,1,false,50000,52212627052342,226604,5,5,1,11,1,0,0,0,0,195695,300000,52,0,65.2,bonus_bs15_gae3_no,100,2575000,,,,,23,16,14,0,5,6,3,1,0,51,29,22,11,8,16,4,2,3
84789,2026-04-10 20:34:11,1,4,6,coin,steal,spins,gold,1,false,25000,52212627077342,226603,5,5,1,11,0,1,0,1,0,195695,300000,52,0,65.2,bonus_bs15_gae3_no,100,2575000,,LongExtraDayReduced,,"{""slot_on_"":""54115\/55000@m24""}",24,16,15,0,6,6,3,1,0,52,29,23,11,9,16,4,2,3
84790,2026-04-10 20:34:12,1,4,6,coin,steal,spins,gold,1,false,25000,52212627102342,226602,5,5,1,11,0,1,0,1,0,195695,300000,52,0,65.2,bonus_bs15_gae3_no,100,2575000,,,,,25,16,16,0,7,6,3,1,0,53,29,24,11,10,16,4,2,3
84791,2026-04-10 20:34:13,3,6,2,attack,spins,goldSack,gold,1,false,100000,52212627202342,226601,5,5,1,11,1,0,0,1,0,195695,300000,52,0,65.2,bonus_bs15_gae3_no,100,2575000,,,,,26,17,16,0,8,6,3,1,0,54,30,24,11,11,16,4,2,3
84792,2026-04-10 20:34:14,2,2,2,goldSack,goldSack,goldSack,gold,1,true,2200000,52212629402342,226600,5,5,1,11,0,0,0,0,0,195695,300000,52,0,65.2,bonus_bs15_gae3_no,100,2575000,,,,,27,17,16,0,8,6,3,1,0,55,30,24,11,11,16,4,2,3
84793,2026-04-10 20:34:15,6,6,2,spins,spins,goldSack,gold,1,false,100000,52212629502342,226599,5,5,1,11,0,0,0,2,0,195695,300000,52,0,65.2,bonus_bs15_gae3_no,100,2575000,,,,"{""e190af25"":""39636\/50000@m18""}",28,17,16,0,10,6,3,1,0,56,30,24,11,13,16,4,2,3
84794,2026-04-10 20:34:16,3,3,3,attack,attack,attack,attack,2,true,0,52212629502342,226598,5,5,1,11,3,0,0,0,0,195695,300000,52,0,65.2,bonus_bs15_gae3_no,100,2575000,,,,,29,20,16,0,10,6,4,1,0,57,33,24,11,13,16,5,2,3
84795,2026-04-10 20:34:20,2,2,2,goldSack,goldSack,goldSack,gold,1,true,2200000,52212659702342,226597,5,5,1,11,0,0,0,0,0,195695,300000,52,0,65.2,bonus_bs15_gae3_no,100,2575000,,LongExtraDayReduced,,"{""slot_on_"":""54116\/55000@m24""}",30,20,16,0,10,6,4,1,0,58,33,24,11,13,16,5,2,3
84796,2026-04-10 20:34:21,30,30,2,accumulation,accumulation,goldSack,gold,1,false,100000,52212659802342,226596,5,5,1,11,0,0,0,0,2,195697,300000,52,2,65.2,bonus_bs15_gae3_no,100,2575000,,,,,31,20,16,0,10,8,4,1,0,59,33,24,11,13,18,5,2,3
84797,2026-04-10 20:34:22,3,3,2,attack,attack,goldSack,gold,1,false,100000,52212659902342,226595,5,5,1,11,2,0,0,0,0,195697,300000,52,0,65.2,bonus_bs15_gae3_no,100,2575000,,,,,32,22,16,0,10,8,4,1,0,60,35,24,11,13,18,5,2,3
84798,2026-04-10 20:34:23,1,1,1,coin,coin,coin,gold,1,true,250000,52212660152342,226594,5,5,1,11,0,0,0,0,0,195697,300000,52,0,65.2,bonus_bs15_gae3_no,100,2575000,,,,,33,22,16,0,10,8,4,1,0,61,35,24,11,13,18,5,2,3
84799,2026-04-10 20:34:23,1,1,1,coin,coin,coin,gold,1,true,250000,52212660402342,226593,5,5,1,11,0,0,0,0,0,195697,300000,52,0,65.2,bonus_bs15_gae3_no,100,2575000,LongExtraDayReduced,LongExtraDayReduced,LongExtraDayReduced,"{""slot_on_"":""54121\/55000@m24"",""c5261ecd"":""57\/4200@m82""}",34,22,16,0,10,8,4,1,0,62,35,24,11,13,18,5,2,3
84800,2026-04-10 20:34:48,3,3,2,attack,attack,goldSack,gold,1,false,100000,52212660502342,226592,5,5,1,11,2,0,0,0,0,195697,300000,52,0,65.2,bonus_bs15_gae3_no,100,2575000,,,,,35,24,16,0,10,8,4,1,0,63,37,24,11,13,18,5,2,3
84801,2026-04-10 20:34:49,3,1,5,attack,coin,shield,gold,1,false,25000,52212660527342,226591,5,5,1,11,1,0,1,0,0,195697,300000,52,0,65.2,bonus_bs15_gae3_no,100,2575000,,,LongExtraDayReduced,"{""slot_on_"":""54122\/55000@m24"",""e190af25"":""39638\/50000@m18""}",36,25,16,1,10,8,4,1,0,64,38,24,12,13,18,5,2,3
84802,2026-04-10 20:34:52,3,6,2,attack,spins,goldSack,gold,1,false,5000000,52212665527342,226541,5,5,50,11,1,0,0,1,0,195697,300000,52,0,65.2,bonus_bs15_gae3_no,100,2575000,,,,"{""bffc7787"":""33350\/38000@m9""}",37,26,16,1,11,8,4,1,0,65,39,24,12,14,18,5,2,3
84803,2026-04-10 20:34:53,5,5,5,shield,shield,shield,shield,3,true,50,52212665527342,226541,5,5,50,11,0,0,3,0,0,195697,300000,52,0,65.2,bonus_bs15_gae3_no,100,2575000,,,,,38,26,16,4,11,8,4,1,1,66,39,24,15,14,18,5,2,4
84804,2026-04-10 20:34:54,1,1,1,coin,coin,coin,gold,1,true,12500000,52212678027342,226491,5,5,50,11,0,0,0,0,0,195697,300000,52,0,65.2,bonus_bs15_gae3_no,100,2575000,LongExtraDayReduced,,LongExtraDayReduced,"{""slot_on_"":""54222\/55000@m24""}",39,26,16,4,11,8,4,1,1,67,39,24,15,14,18,5,2,4
84805,2026-04-10 20:34:55,30,2,2,accumulation,goldSack,goldSack,gold,1,false,7500000,52212685527342,226441,5,5,50,11,0,0,0,0,1,195747,300000,52,50,65.2,bonus_bs15_gae3_no,100,2575000,,,,,40,26,16,4,11,9,4,1,1,68,39,24,15,14,19,5,2,4
84806,2026-04-10 20:34:56,1,1,6,coin,coin,spins,gold,1,false,2500000,52212688027342,226391,5,5,50,11,0,0,0,1,0,195747,300000,52,0,65.2,bonus_bs15_gae3_no,100,2575000,,,,,41,26,16,4,12,9,4,1,1,69,39,24,15,15,19,5,2,4
84807,2026-04-10 20:34:56,1,1,1,coin,coin,coin,gold,1,true,12500000,52212700527342,226341,5,5,50,11,0,0,0,0,0,195747,300000,52,0,65.2,bonus_bs15_gae3_no,100,2575000,,,,"{""e190af25"":""39738\/50000@m18""}",42,26,16,4,12,9,4,1,1,70,39,24,15,15,19,5,2,4
84808,2026-04-10 20:34:58,3,3,1,attack,attack,coin,gold,1,false,1250000,52212701777342,226291,5,5,50,11,2,0,0,0,0,195747,300000,52,0,65.2,bonus_bs15_gae3_no,100,2575000,,,,,43,28,16,4,12,9,4,1,1,71,41,24,15,15,19,5,2,4
84809,2026-04-10 20:34:59,3,4,2,attack,steal,goldSack,gold,1,false,5000000,52212706777342,226241,5,5,50,11,1,1,0,0,0,195747,300000,52,0,65.2,bonus_bs15_gae3_no,100,2575000,,,,,44,29,17,4,12,9,4,1,1,72,42,25,15,15,19,5,2,4
84810,2026-04-10 20:34:59,3,3,3,attack,attack,attack,attack,2,true,0,52212706777342,226191,5,5,50,11,3,0,0,0,0,195747,300000,52,0,65.2,bonus_bs15_gae3_no,100,2575000,LongExtraDayReduced,,,"{""slot_on_"":""54272\/55000@m24"",""bffc7787"":""33400\/38000@m9""}",45,32,17,4,12,9,5,1,1,73,45,25,15,15,19,6,2,4
84811,2026-04-10 20:35:04,3,4,2,attack,steal,goldSack,gold,1,false,5000000,52214111777342,226141,5,5,50,11,1,1,0,0,0,195747,300000,52,0,65.2,bonus_bs15_gae3_no,100,2575000,,,,,46,33,18,4,12,9,5,1,1,74,46,26,15,15,19,6,2,4
84812,2026-04-10 20:35:04,1,1,6,coin,coin,spins,gold,1,false,2500000,52214114277342,226091,5,5,50,11,0,0,0,1,0,195747,300000,52,0,65.2,bonus_bs15_gae3_no,100,2575000,,LongExtraDayReduced,,"{""slot_on_"":""54322\/55000@m24""}",47,33,18,4,13,9,5,1,1,75,46,26,15,16,19,6,2,4
84813,2026-04-10 20:35:05,30,30,30,accumulation,accumulation,accumulation,gold,10,true,0,52214114277342,226041,5,5,50,11,0,0,0,0,3,196247,300000,52,500,65.4,bonus_bs15_gae3_no,100,2575000,,,,,48,33,18,4,13,12,5,1,1,76,46,26,15,16,22,6,2,4
84814,2026-04-10 20:35:09,30,2,2,accumulation,goldSack,goldSack,gold,1,false,150000,52214114427342,226040,5,5,1,11,0,0,0,0,1,196248,300000,52,1,65.4,bonus_bs15_gae3_no,100,2575000,,,,,1,0,0,0,0,1,0,0,0,77,46,26,15,16,23,6,2,4
84815,2026-04-10 20:35:10,2,2,2,goldSack,goldSack,goldSack,gold,1,true,2200000,52214116627342,226039,5,5,1,11,0,0,0,0,0,196248,300000,52,0,65.4,bonus_bs15_gae3_no,100,2575000,,,,,2,0,0,0,0,1,0,0,0,78,46,26,15,16,23,6,2,4
84816,2026-04-10 20:35:11,1,4,4,coin,steal,steal,gold,1,false,25000,52214116652342,226038,5,5,1,11,0,2,0,0,0,196248,300000,52,0,65.4,bonus_bs15_gae3_no,100,2575000,,,,,3,0,2,0,0,1,0,0,0,79,46,28,15,16,23,6,2,4
84817,2026-04-10 20:35:11,4,4,4,steal,steal,steal,steal,4,true,0,52214116652342,226037,5,5,1,11,0,3,0,0,0,196248,300000,52,0,65.4,bonus_bs15_gae3_no,100,2575000,,,,,4,0,5,0,0,1,0,1,0,80,46,31,15,16,23,6,3,4
84818,2026-04-10 20:35:19,5,2,2,shield,goldSack,goldSack,gold,1,false,150000,52214570025062,226036,5,5,1,11,0,0,1,0,0,196248,300000,52,0,65.4,bonus_bs15_gae3_no,100,2575000,LongExtraDayReduced,,,"{""slot_on_"":""54323\/55000@m24"",""bffc7787"":""33401\/38000@m9""}",5,0,5,1,0,1,0,1,0,81,46,31,16,16,23,6,3,4
84819,2026-04-10 20:35:20,1,1,6,coin,coin,spins,gold,1,false,50000,52214570075062,226035,5,5,1,11,0,0,0,1,0,196248,300000,52,0,65.4,bonus_bs15_gae3_no,100,2575000,,,,,6,0,5,1,1,1,0,1,0,82,46,31,16,17,23,6,3,4
84820,2026-04-10 20:35:21,1,6,6,coin,spins,spins,gold,1,false,25000,52214570100062,226034,5,5,1,11,0,0,0,2,0,196248,300000,52,0,65.4,bonus_bs15_gae3_no,100,2575000,,LongExtraDayReduced,,"{""slot_on_"":""54324\/55000@m24""}",7,0,5,1,3,1,0,1,0,83,46,31,16,19,23,6,3,4
84821,2026-04-10 20:35:22,3,3,3,attack,attack,attack,attack,2,true,0,52214570100062,226033,5,5,1,11,3,0,0,0,0,196248,300000,52,0,65.4,bonus_bs15_gae3_no,100,2575000,,,,,8,3,5,1,3,1,1,1,0,84,49,31,16,19,23,7,3,4
84822,2026-04-10 20:35:26,30,30,1,accumulation,accumulation,coin,gold,1,false,25000,52214598125062,226032,5,5,1,11,0,0,0,0,2,196250,300000,52,2,65.4,bonus_bs15_gae3_no,100,2575000,,,,"{""c5261ecd"":""59\/4200@m82""}",9,3,5,1,3,3,1,1,0,85,49,31,16,19,25,7,3,4
84823,2026-04-10 20:35:27,1,1,1,coin,coin,coin,gold,1,true,250000,52214598375062,226031,5,5,1,11,0,0,0,0,0,196250,300000,52,0,65.4,bonus_bs15_gae3_no,100,2575000,,,,,10,3,5,1,3,3,1,1,0,86,49,31,16,19,25,7,3,4
84824,2026-04-10 20:35:28,3,4,2,attack,steal,goldSack,gold,1,false,100000,52214598475062,226030,5,5,1,11,1,1,0,0,0,196250,300000,52,0,65.4,bonus_bs15_gae3_no,100,2575000,,,,,11,4,6,1,3,3,1,1,0,87,50,32,16,19,25,7,3,4
84825,2026-04-10 20:35:29,1,4,5,coin,steal,shield,gold,1,false,25000,52214598500062,226029,5,5,1,11,0,1,1,0,0,196250,300000,52,0,65.4,bonus_bs15_gae3_no,100,2575000,,,,,12,4,7,2,3,3,1,1,0,88,50,33,17,19,25,7,3,4
84826,2026-04-10 20:35:29,30,2,2,accumulation,goldSack,goldSack,gold,1,false,150000,52214598650062,226028,5,5,1,11,0,0,0,0,1,196251,300000,52,1,65.4,bonus_bs15_gae3_no,100,2575000,,,,,13,4,7,2,3,4,1,1,0,89,50,33,17,19,26,7,3,4
84827,2026-04-10 20:35:31,30,2,2,accumulation,goldSack,goldSack,gold,1,false,150000,52214598800062,226027,5,5,1,11,0,0,0,0,1,196252,300000,52,1,65.4,bonus_bs15_gae3_no,100,2575000,,LongExtraDayReduced,,"{""slot_on_"":""54325\/55000@m24"",""e190af25"":""39740\/50000@m18""}",14,4,7,2,3,5,1,1,0,90,50,33,17,19,27,7,3,4
84828,2026-04-10 20:35:33,1,1,1,coin,coin,coin,gold,1,true,250000,52214599050062,226026,5,5,1,11,0,0,0,0,0,196252,300000,52,0,65.4,bonus_bs15_gae3_no,100,2575000,,,,"{""bffc7787"":""33402\/38000@m9""}",15,4,7,2,3,5,1,1,0,91,50,33,17,19,27,7,3,4
84829,2026-04-10 20:35:34,5,5,5,shield,shield,shield,shield,3,true,1,52214599050062,226026,5,5,1,11,0,0,3,0,0,196252,300000,52,0,65.4,bonus_bs15_gae3_no,100,2575000,,,,,16,4,7,5,3,5,1,1,1,92,50,33,20,19,27,7,3,5
84830,2026-04-10 20:35:35,30,30,1,accumulation,accumulation,coin,gold,1,false,25000,52214599075062,226025,5,5,1,11,0,0,0,0,2,196254,300000,52,2,65.4,bonus_bs15_gae3_no,100,2575000,,,,,17,4,7,5,3,7,1,1,1,93,50,33,20,19,29,7,3,5
84831,2026-04-10 20:35:36,1,4,4,coin,steal,steal,gold,1,false,25000,52214599100062,226024,5,5,1,11,0,2,0,0,0,196254,300000,52,0,65.4,bonus_bs15_gae3_no,100,2575000,,,,"{""e190af25"":""39742\/50000@m18""}",18,4,9,5,3,7,1,1,1,94,50,35,20,19,29,7,3,5
84832,2026-04-10 20:35:41,1,5,5,coin,shield,shield,gold,1,false,25000,52214599125062,226023,5,5,1,11,0,0,2,0,0,196254,300000,52,0,65.4,bonus_bs15_gae3_no,100,2575000,,,,"{""c5261ecd"":""61\/4200@m82""}",19,4,9,7,3,7,1,1,1,95,50,35,22,19,29,7,3,5
84833,2026-04-10 20:35:42,2,2,2,goldSack,goldSack,goldSack,gold,1,true,2200000,52214601325062,226022,5,5,1,11,0,0,0,0,0,196254,300000,52,0,65.4,bonus_bs15_gae3_no,100,2575000,LongExtraDayReduced,,,"{""slot_on_"":""54326\/55000@m24""}",20,4,9,7,3,7,1,1,1,96,50,35,22,19,29,7,3,5
84834,2026-04-10 20:35:45,5,2,2,shield,goldSack,goldSack,gold,1,false,7500000,52214608825062,225972,5,5,50,11,0,0,1,0,0,196254,300000,52,0,65.4,bonus_bs15_gae3_no,100,2575000,,,,,21,4,9,8,3,7,1,1,1,97,50,35,23,19,29,7,3,5
84835,2026-04-10 20:35:45,5,5,5,shield,shield,shield,shield,3,true,50,52214608825062,225972,5,5,50,11,0,0,3,0,0,196254,300000,52,0,65.4,bonus_bs15_gae3_no,100,2575000,,,LongExtraDayReduced,"{""slot_on_"":""54376\/55000@m24""}",22,4,9,11,3,7,1,1,2,98,50,35,26,19,29,7,3,6
84836,2026-04-10 20:35:50,1,1,1,coin,coin,coin,gold,1,true,3750000,52214612575062,225957,5,5,15,11,0,0,0,0,0,196254,300000,52,0,65.4,bonus_bs15_gae3_no,100,2575000,,,,,23,4,9,11,3,7,1,1,2,99,50,35,26,19,29,7,3,6
84837,2026-04-10 20:35:50,2,2,2,goldSack,goldSack,goldSack,gold,1,true,33000000,52214645575062,225942,5,5,15,11,0,0,0,0,0,196254,300000,52,0,65.4,bonus_bs15_gae3_no,100,2575000,LongExtraDayReduced,,,"{""slot_on_"":""54391\/55000@m24""}",24,4,9,11,3,7,1,1,2,100,50,35,26,19,29,7,3,6
84838,2026-04-10 20:35:51,3,3,3,attack,attack,attack,attack,2,true,0,52214645575062,225927,5,5,15,11,3,0,0,0,0,196254,300000,52,0,65.4,bonus_bs15_gae3_no,100,2575000,,,,,25,7,9,11,3,7,2,1,2,101,53,35,26,19,29,8,3,6
84839,2026-04-10 20:35:54,1,4,6,coin,steal,spins,gold,1,false,375000,52214784550062,225912,5,5,15,11,0,1,0,1,0,196254,300000,52,0,65.4,bonus_bs15_gae3_no,100,2575000,,,,"{""bffc7787"":""33417\/38000@m9""}",26,7,10,11,4,7,2,1,2,102,53,36,26,20,29,8,3,6
84840,2026-04-10 20:35:55,4,4,4,steal,steal,steal,steal,4,true,0,52214784550062,225897,5,5,15,11,0,3,0,0,0,196254,300000,52,0,65.4,bonus_bs15_gae3_no,100,2575000,,,LongExtraDayReduced,"{""slot_on_"":""54406\/55000@m24""}",27,7,13,11,4,7,2,2,2,103,53,39,26,20,29,8,4,6
84841,2026-04-10 20:36:02,30,30,1,accumulation,accumulation,coin,gold,1,false,375000,52220393782662,225882,5,5,15,11,0,0,0,0,2,196284,300000,52,30,65.4,bonus_bs15_gae3_no,100,2575000,,,,,28,7,13,11,4,9,2,2,2,104,53,39,26,20,31,8,4,6
84842,2026-04-10 20:36:04,1,1,1,coin,coin,coin,gold,1,true,3750000,52220397532662,225867,5,5,15,11,0,0,0,0,0,196284,300000,52,0,65.4,bonus_bs15_gae3_no,100,2575000,,,,,29,7,13,11,4,9,2,2,2,105,53,39,26,20,31,8,4,6
84843,2026-04-10 20:36:04,4,6,2,steal,spins,goldSack,gold,1,false,1500000,52220399032662,225852,5,5,15,11,0,1,0,1,0,196284,300000,52,0,65.4,bonus_bs15_gae3_no,100,2575000,,,,,30,7,14,11,5,9,2,2,2,106,53,40,26,21,31,8,4,6
84844,2026-04-10 20:36:06,3,3,3,attack,attack,attack,attack,2,true,0,52220399032662,225837,5,5,15,11,3,0,0,0,0,196284,300000,52,0,65.4,bonus_bs15_gae3_no,100,2575000,,,,,31,10,14,11,5,9,3,2,2,107,56,40,26,21,31,9,4,6
84845,2026-04-10 20:36:09,30,2,2,accumulation,goldSack,goldSack,gold,1,false,2250000,52220539882662,225822,5,5,15,11,0,0,0,0,1,196299,300000,52,15,65.4,bonus_bs15_gae3_no,100,2575000,,,,,32,10,14,11,5,10,3,2,2,108,56,40,26,21,32,9,4,6
84846,2026-04-10 20:36:10,4,6,2,steal,spins,goldSack,gold,1,false,1500000,52220541382662,225807,5,5,15,11,0,1,0,1,0,196299,300000,52,0,65.4,bonus_bs15_gae3_no,100,2575000,,,,"{""c5261ecd"":""91\/4200@m82""}",33,10,15,11,6,10,3,2,2,109,56,41,26,22,32,9,4,6
84847,2026-04-10 20:36:11,3,1,1,attack,coin,coin,gold,1,false,750000,52220542132662,225792,5,5,15,11,1,0,0,0,0,196299,300000,52,0,65.4,bonus_bs15_gae3_no,100,2575000,,,,,34,11,15,11,6,10,3,2,2,110,57,41,26,22,32,9,4,6
84848,2026-04-10 20:36:13,4,4,4,steal,steal,steal,steal,4,true,0,52220542132662,225777,5,5,15,11,0,3,0,0,0,196299,300000,52,0,65.4,bonus_bs15_gae3_no,100,2575000,,LongExtraDayReduced,LongExtraDayReduced,"{""slot_on_"":""54436\/55000@m24""}",35,11,18,11,6,10,3,3,2,111,57,44,26,22,32,9,5,6
84849,2026-04-10 20:36:21,4,6,2,steal,spins,goldSack,gold,1,false,1500000,52228294979862,225762,5,5,15,11,0,1,0,1,0,196299,300000,52,0,65.4,bonus_bs15_gae3_no,100,2575000,,,,"{""e190af25"":""39772\/50000@m18""}",36,11,19,11,7,10,3,3,2,112,57,45,26,23,32,9,5,6
84850,2026-04-10 20:36:22,30,2,2,accumulation,goldSack,goldSack,gold,1,false,2250000,52228297229862,225747,5,5,15,11,0,0,0,0,1,196314,300000,52,15,65.4,bonus_bs15_gae3_no,100,2575000,,,LongExtraDayReduced,"{""slot_on_"":""54451\/55000@m24""}",37,11,19,11,7,11,3,3,2,113,57,45,26,23,33,9,5,6
84851,2026-04-10 20:36:24,2,2,2,goldSack,goldSack,goldSack,gold,1,true,33000000,52228330229862,225732,5,5,15,11,0,0,0,0,0,196314,300000,52,0,65.4,bonus_bs15_gae3_no,100,2575000,,,,,38,11,19,11,7,11,3,3,2,114,57,45,26,23,33,9,5,6
84852,2026-04-10 20:36:24,3,3,2,attack,attack,goldSack,gold,1,false,1500000,52228331729862,225717,5,5,15,11,2,0,0,0,0,196314,300000,52,0,65.4,bonus_bs15_gae3_no,100,2575000,,,,,39,13,19,11,7,11,3,3,2,115,59,45,26,23,33,9,5,6
84853,2026-04-10 20:36:26,1,4,4,coin,steal,steal,gold,1,false,375000,52228332104862,225702,5,5,15,11,0,2,0,0,0,196314,300000,52,0,65.4,bonus_bs15_gae3_no,100,2575000,,,,,40,13,21,11,7,11,3,3,2,116,59,47,26,23,33,9,5,6
84854,2026-04-10 20:36:33,5,5,5,shield,shield,shield,shield,3,true,15,52228332104862,225702,5,5,15,11,0,0,3,0,0,196314,300000,52,0,65.4,bonus_bs15_gae3_no,100,2575000,,,,,41,13,21,14,7,11,3,3,3,117,59,47,29,23,33,9,5,7
84855,2026-04-10 20:36:34,3,1,1,attack,coin,coin,gold,1,false,750000,52228332854862,225687,5,5,15,11,1,0,0,0,0,196314,300000,52,0,65.4,bonus_bs15_gae3_no,100,2575000,,,,"{""bffc7787"":""33432\/38000@m9""}",42,14,21,14,7,11,3,3,3,118,60,47,29,23,33,9,5,7
84856,2026-04-10 20:36:34,30,2,2,accumulation,goldSack,goldSack,gold,1,false,2250000,52228335104862,225672,5,5,15,11,0,0,0,0,1,196329,300000,52,15,65.4,bonus_bs15_gae3_no,100,2575000,,LongExtraDayReduced,,"{""slot_on_"":""54466\/55000@m24""}",43,14,21,14,7,12,3,3,3,119,60,47,29,23,34,9,5,7
84857,2026-04-10 20:36:36,1,6,6,coin,spins,spins,gold,1,false,375000,52228335479862,225657,5,5,15,11,0,0,0,2,0,196329,300000,52,0,65.4,bonus_bs15_gae3_no,100,2575000,,,,"{""e190af25"":""39802\/50000@m18""}",44,14,21,14,9,12,3,3,3,120,60,47,29,25,34,9,5,7
84858,2026-04-10 20:36:37,3,3,2,attack,attack,goldSack,gold,1,false,1500000,52228336979862,225642,5,5,15,11,2,0,0,0,0,196329,300000,52,0,65.4,bonus_bs15_gae3_no,100,2575000,,LongExtraDayReduced,,"{""slot_on_"":""54481\/55000@m24""}",45,16,21,14,9,12,3,3,3,121,62,47,29,25,34,9,5,7
84859,2026-04-10 20:36:38,5,5,5,shield,shield,shield,shield,3,true,15,52228336979862,225642,5,5,15,11,0,0,3,0,0,196329,300000,52,0,65.4,bonus_bs15_gae3_no,100,2575000,,,,,46,16,21,17,9,12,3,3,4,122,62,47,32,25,34,9,5,8
84860,2026-04-10 20:36:39,30,2,2,accumulation,goldSack,goldSack,gold,1,false,2250000,52228339229862,225627,5,5,15,11,0,0,0,0,1,196344,300000,52,15,65.4,bonus_bs15_gae3_no,100,2575000,,,,,47,16,21,17,9,13,3,3,4,123,62,47,32,25,35,9,5,8
84861,2026-04-10 20:36:40,3,3,3,attack,attack,attack,attack,2,true,0,52228339229862,225612,5,5,15,11,3,0,0,0,0,196344,300000,52,0,65.4,bonus_bs15_gae3_no,100,2575000,,,,"{""c5261ecd"":""121\/4200@m82""}",48,19,21,17,9,13,4,3,4,124,65,47,32,25,35,10,5,8
84862,2026-04-10 20:36:44,30,2,2,accumulation,goldSack,goldSack,gold,1,false,2250000,52228761479862,225597,5,5,15,11,0,0,0,0,1,196359,300000,52,15,65.5,bonus_bs15_gae3_no,100,2575000,,,,,49,19,21,17,9,14,4,3,4,125,65,47,32,25,36,10,5,8
84863,2026-04-10 20:36:46,4,6,2,steal,spins,goldSack,gold,1,false,1500000,52228762979862,225582,5,5,15,11,0,1,0,1,0,196359,300000,52,0,65.5,bonus_bs15_gae3_no,100,2575000,,,,"{""e190af25"":""39832\/50000@m18""}",50,19,22,17,10,14,4,3,4,126,65,48,32,26,36,10,5,8
84864,2026-04-10 20:36:47,5,5,5,shield,shield,shield,shield,3,true,15,52228762979862,225582,5,5,15,11,0,0,3,0,0,196359,300000,52,0,65.5,bonus_bs15_gae3_no,100,2575000,,,,,51,19,22,20,10,14,4,3,5,127,65,48,35,26,36,10,5,9
84865,2026-04-10 20:36:48,30,2,2,accumulation,goldSack,goldSack,gold,1,false,2250000,52228765229862,225567,5,5,15,11,0,0,0,0,1,196374,300000,52,15,65.5,bonus_bs15_gae3_no,100,2575000,,,,,52,19,22,20,10,15,4,3,5,128,65,48,35,26,37,10,5,9
84866,2026-04-10 20:36:49,30,30,1,accumulation,accumulation,coin,gold,1,false,375000,52228765604862,225552,5,5,15,11,0,0,0,0,2,196404,300000,52,30,65.5,bonus_bs15_gae3_no,100,2575000,LongExtraDayReduced,LongExtraDayReduced,LongExtraDayReduced,"{""slot_on_"":""54556\/55000@m24""}",53,19,22,20,10,17,4,3,5,129,65,48,35,26,39,10,5,9
84867,2026-04-10 20:36:51,1,4,6,coin,steal,spins,gold,1,false,375000,52228765979862,225537,5,5,15,11,0,1,0,1,0,196404,300000,52,0,65.5,bonus_bs15_gae3_no,100,2575000,,,,,54,19,23,20,11,17,4,3,5,130,65,49,35,27,39,10,5,9
84868,2026-04-10 20:36:51,3,1,5,attack,coin,shield,gold,1,false,375000,52228766354862,225522,5,5,15,11,1,0,1,0,0,196404,300000,52,0,65.5,bonus_bs15_gae3_no,100,2575000,,,,"{""bffc7787"":""33447\/38000@m9""}",55,20,23,21,11,17,4,3,5,131,66,49,36,27,39,10,5,9
84869,2026-04-10 20:36:53,30,30,1,accumulation,accumulation,coin,gold,1,false,375000,52228766729862,225507,5,5,15,11,0,0,0,0,2,196434,300000,52,30,65.5,bonus_bs15_gae3_no,100,2575000,,,,,56,20,23,21,11,19,4,3,5,132,66,49,36,27,41,10,5,9
84870,2026-04-10 20:36:54,3,3,2,attack,attack,goldSack,gold,1,false,1500000,52228768229862,225492,5,5,15,11,2,0,0,0,0,196434,300000,52,0,65.5,bonus_bs15_gae3_no,100,2575000,,,,,57,22,23,21,11,19,4,3,5,133,68,49,36,27,41,10,5,9
84871,2026-04-10 20:36:55,1,6,6,coin,spins,spins,gold,1,false,375000,52228768604862,225477,5,5,15,11,0,0,0,2,0,196434,300000,52,0,65.5,bonus_bs15_gae3_no,100,2575000,,,,,58,22,23,21,13,19,4,3,5,134,68,49,36,29,41,10,5,9
84872,2026-04-10 20:36:55,3,4,2,attack,steal,goldSack,gold,1,false,1500000,52228770104862,225462,5,5,15,11,1,1,0,0,0,196434,300000,52,0,65.5,bonus_bs15_gae3_no,100,2575000,,LongExtraDayReduced,,"{""slot_on_"":""54571\/55000@m24""}",59,23,24,21,13,19,4,3,5,135,69,50,36,29,41,10,5,9
84873,2026-04-10 20:36:56,3,1,1,attack,coin,coin,gold,1,false,750000,52228770854862,225447,5,5,15,11,1,0,0,0,0,196434,300000,52,0,65.5,bonus_bs15_gae3_no,100,2575000,,,,,60,24,24,21,13,19,4,3,5,136,70,50,36,29,41,10,5,9
84874,2026-04-10 20:36:58,1,1,1,coin,coin,coin,gold,1,true,3750000,52228774604862,225432,5,5,15,11,0,0,0,0,0,196434,300000,52,0,65.5,bonus_bs15_gae3_no,100,2575000,,,,"{""e190af25"":""39862\/50000@m18""}",61,24,24,21,13,19,4,3,5,137,70,50,36,29,41,10,5,9
84875,2026-04-10 20:36:59,30,2,2,accumulation,goldSack,goldSack,gold,1,false,2250000,52228776854862,225417,5,5,15,11,0,0,0,0,1,196449,300000,52,15,65.5,bonus_bs15_gae3_no,100,2575000,,,,,62,24,24,21,13,20,4,3,5,138,70,50,36,29,42,10,5,9
84876,2026-04-10 20:37:01,30,2,2,accumulation,goldSack,goldSack,gold,1,false,7500000,52228784354862,225367,5,5,50,11,0,0,0,0,1,196499,300000,52,50,65.5,bonus_bs15_gae3_no,100,2575000,,,,,63,24,24,21,13,21,4,3,5,139,70,50,36,29,43,10,5,9
84877,2026-04-10 20:37:02,3,1,1,attack,coin,coin,gold,1,false,2500000,52228786854862,225317,5,5,50,11,1,0,0,0,0,196499,300000,52,0,65.5,bonus_bs15_gae3_no,100,2575000,,,LongExtraDayReduced,"{""slot_on_"":""54621\/55000@m24""}",64,25,24,21,13,21,4,3,5,140,71,50,36,29,43,10,5,9
84878,2026-04-10 20:37:03,4,6,2,steal,spins,goldSack,gold,1,false,5000000,52228791854862,225267,5,5,50,11,0,1,0,1,0,196499,300000,52,0,65.5,bonus_bs15_gae3_no,100,2575000,,,,"{""c5261ecd"":""221\/4200@m82""}",65,25,25,21,14,21,4,3,5,141,71,51,36,30,43,10,5,9
84879,2026-04-10 20:37:04,5,5,5,shield,shield,shield,shield,3,true,50,52228791854862,225267,5,5,50,11,0,0,3,0,0,196499,300000,52,0,65.5,bonus_bs15_gae3_no,100,2575000,,,,,66,25,25,24,14,21,4,3,6,142,71,51,39,30,43,10,5,10
84880,2026-04-10 20:37:05,3,3,3,attack,attack,attack,attack,2,true,0,52228791854862,225217,5,5,50,11,3,0,0,0,0,196499,300000,52,0,65.5,bonus_bs15_gae3_no,100,2575000,,,,,67,28,25,24,14,21,5,3,6,143,74,51,39,30,43,11,5,10
84881,2026-04-10 20:37:09,3,3,3,attack,attack,attack,attack,2,true,0,52230191854862,225167,5,5,50,11,3,0,0,0,0,196499,300000,52,0,65.5,bonus_bs15_gae3_no,100,2575000,,,,,68,31,25,24,14,21,6,3,6,144,77,51,39,30,43,12,5,10
84882,2026-04-10 20:37:12,4,6,2,steal,spins,goldSack,gold,1,false,5000000,52231596854862,225117,5,5,50,11,0,1,0,1,0,196499,300000,52,0,65.5,bonus_bs15_gae3_no,100,2575000,,,,,69,31,26,24,15,21,6,3,6,145,77,52,39,31,43,12,5,10
84883,2026-04-10 20:37:13,2,2,2,goldSack,goldSack,goldSack,gold,1,true,110000000,52231706854862,225067,5,5,50,11,0,0,0,0,0,196499,300000,52,0,65.5,bonus_bs15_gae3_no,100,2575000,,LongExtraDayReduced,LongExtraDayReduced,"{""slot_on_"":""54721\/55000@m24""}",70,31,26,24,15,21,6,3,6,146,77,52,39,31,43,12,5,10
84884,2026-04-10 20:37:14,30,2,2,accumulation,goldSack,goldSack,gold,1,false,7500000,52231714354862,225017,5,5,50,11,0,0,0,0,1,196549,300000,52,50,65.5,bonus_bs15_gae3_no,100,2575000,,,,,71,31,26,24,15,22,6,3,6,147,77,52,39,31,44,12,5,10
84885,2026-04-10 20:37:15,1,4,6,coin,steal,spins,gold,1,false,1250000,52231715604862,224967,5,5,50,11,0,1,0,1,0,196549,300000,52,0,65.5,bonus_bs15_gae3_no,100,2575000,,,,,72,31,27,24,16,22,6,3,6,148,77,53,39,32,44,12,5,10
84886,2026-04-10 20:37:16,3,1,5,attack,coin,shield,gold,1,false,1250000,52231716854862,224917,5,5,50,11,1,0,1,0,0,196549,300000,52,0,65.5,bonus_bs15_gae3_no,100,2575000,,,,"{""e190af25"":""39962\/50000@m18""}",73,32,27,25,16,22,6,3,6,149,78,53,40,32,44,12,5,10
84887,2026-04-10 20:37:17,3,1,1,attack,coin,coin,gold,1,false,2500000,52231719354862,224867,5,5,50,11,1,0,0,0,0,196549,300000,52,0,65.5,bonus_bs15_gae3_no,100,2575000,,,LongExtraDayReduced,"{""slot_on_"":""54771\/55000@m24"",""bffc7787"":""33497\/38000@m9""}",74,33,27,25,16,22,6,3,6,150,79,53,40,32,44,12,5,10
84888,2026-04-10 20:37:33,1,1,1,coin,coin,coin,gold,1,true,12500000,52231731854862,224817,5,5,50,11,0,0,0,0,0,196549,300000,52,0,65.5,bonus_bs15_gae3_no,100,2575000,LongExtraDayReduced,,,"{""slot_on_"":""54821\/55000@m24""}",75,33,27,25,16,22,6,3,6,151,79,53,40,32,44,12,5,10
84889,2026-04-10 20:37:34,30,30,3,accumulation,accumulation,attack,gold,6,false,0,52231731854862,224767,5,5,50,11,1,0,0,0,2,196649,300000,52,100,65.5,bonus_bs15_gae3_no,100,2575000,,LongExtraDayReduced,,"{""slot_on_"":""54871\/55000@m24""}",76,34,27,25,16,24,6,3,6,152,80,53,40,32,46,12,5,10
84890,2026-04-10 20:37:37,3,3,2,attack,attack,goldSack,gold,1,false,5000000,52231736854862,224717,5,5,50,11,2,0,0,0,0,196649,300000,52,0,65.5,bonus_bs15_gae3_no,100,2575000,,,,,77,36,27,25,16,24,6,3,6,153,82,53,40,32,46,12,5,10
84891,2026-04-10 20:37:38,30,2,2,accumulation,goldSack,goldSack,gold,1,false,7500000,52231744354862,224667,5,5,50,11,0,0,0,0,1,196699,300000,52,50,65.6,bonus_bs15_gae3_no,100,2575000,,,,,78,36,27,25,16,25,6,3,6,154,82,53,40,32,47,12,5,10
84892,2026-04-10 20:37:39,3,3,2,attack,attack,goldSack,gold,1,false,5000000,52231749354862,224617,5,5,50,11,2,0,0,0,0,196699,300000,52,0,65.6,bonus_bs15_gae3_no,100,2575000,,,,,79,38,27,25,16,25,6,3,6,155,84,53,40,32,47,12,5,10
84893,2026-04-10 20:37:39,3,1,5,attack,coin,shield,gold,1,false,1250000,52231750604862,224567,5,5,50,11,1,0,1,0,0,196699,300000,52,0,65.6,bonus_bs15_gae3_no,100,2575000,,,,,80,39,27,26,16,25,6,3,6,156,85,53,41,32,47,12,5,10
84894,2026-04-10 20:37:40,30,30,1,accumulation,accumulation,coin,gold,1,false,1250000,52231751854862,224517,5,5,50,11,0,0,0,0,2,196799,300000,52,100,65.6,bonus_bs15_gae3_no,100,2575000,,,,"{""c5261ecd"":""321\/4200@m82""}",81,39,27,26,16,27,6,3,6,157,85,53,41,32,49,12,5,10
84895,2026-04-10 20:37:41,4,6,2,steal,spins,goldSack,gold,1,false,5000000,52231756854862,224467,5,5,50,11,0,1,0,1,0,196799,300000,52,0,65.6,bonus_bs15_gae3_no,100,2575000,LongExtraDayReduced,,,"{""slot_on_"":""54921\/55000@m24""}",82,39,28,26,17,27,6,3,6,158,85,54,41,33,49,12,5,10
84896,2026-04-10 20:37:42,30,2,2,accumulation,goldSack,goldSack,gold,1,false,7500000,52231764354862,224417,5,5,50,11,0,0,0,0,1,196849,300000,52,50,65.6,bonus_bs15_gae3_no,100,2575000,,,,"{""bffc7787"":""33547\/38000@m9""}",83,39,28,26,17,28,6,3,6,159,85,54,41,33,50,12,5,10
84897,2026-04-10 20:37:44,3,1,5,attack,coin,shield,gold,1,false,1250000,52231765604862,224367,5,5,50,11,1,0,1,0,0,196849,300000,52,0,65.6,bonus_bs15_gae3_no,100,2575000,,LongExtraDayReduced,LongExtraDayReduced,"{""slot_on_"":""21\/56000@m25""}",84,40,28,27,17,28,6,3,6,160,86,54,42,33,50,12,5,10
84898,2026-04-10 20:37:46,4,6,2,steal,spins,goldSack,gold,1,false,5000000,52231770604862,224317,5,5,50,11,0,1,0,1,0,196849,300000,52,0,65.6,bonus_bs15_gae3_no,100,2575000,,,,,85,40,29,27,18,28,6,3,6,161,86,55,42,34,50,12,5,10
84899,2026-04-10 20:37:47,3,3,3,attack,attack,attack,attack,2,true,0,52231770604862,224267,5,5,50,11,3,0,0,0,0,196849,300000,52,0,65.6,bonus_bs15_gae3_no,100,2575000,,LongExtraDayReduced,,"{""slot_on_"":""71\/56000@m25""}",86,43,29,27,18,28,7,3,6,162,89,55,42,34,50,13,5,10
84900,2026-04-10 20:37:51,2,2,2,goldSack,goldSack,goldSack,gold,1,true,110000000,52233280604862,224217,5,5,50,11,0,0,0,0,0,196849,300000,52,0,65.6,bonus_bs15_gae3_no,100,2575000,,,,,87,43,29,27,18,28,7,3,6,163,89,55,42,34,50,13,5,10
84901,2026-04-10 20:37:52,3,3,3,attack,attack,attack,attack,2,true,0,52233280604862,224167,5,5,50,11,3,0,0,0,0,196849,300000,52,0,65.6,bonus_bs15_gae3_no,100,2575000,,,,,88,46,29,27,18,28,8,3,6,164,92,55,42,34,50,14,5,10
84902,2026-04-10 20:37:56,30,2,2,accumulation,goldSack,goldSack,gold,1,false,7500000,52233750104862,224117,5,5,50,11,0,0,0,0,1,196899,300000,52,50,65.6,bonus_bs15_gae3_no,100,2575000,LongExtraDayReduced,,,"{""slot_on_"":""121\/56000@m25""}",89,46,29,27,18,29,8,3,6,165,92,55,42,34,51,14,5,10
84903,2026-04-10 20:37:57,1,4,4,coin,steal,steal,gold,1,false,1250000,52233751354862,224067,5,5,50,11,0,2,0,0,0,196899,300000,52,0,65.6,bonus_bs15_gae3_no,100,2575000,,,,"{""bffc7787"":""33597\/38000@m9""}",90,46,31,27,18,29,8,3,6,166,92,57,42,34,51,14,5,10
84904,2026-04-10 20:37:59,5,5,5,shield,shield,shield,shield,3,true,50,52233751354862,224067,5,5,50,11,0,0,3,0,0,196899,300000,52,0,65.6,bonus_bs15_gae3_no,100,2575000,,LongExtraDayReduced,,"{""slot_on_"":""171\/56000@m25""}",91,46,31,30,18,29,8,3,7,167,92,57,45,34,51,14,5,11
84905,2026-04-10 20:38:00,4,4,4,steal,steal,steal,steal,4,true,0,52233751354862,224017,5,5,50,11,0,3,0,0,0,196899,300000,52,0,65.6,bonus_bs15_gae3_no,100,2575000,,,,"{""e190af25"":""40062\/50000@m18""}",92,46,34,30,18,29,8,4,7,168,92,60,45,34,51,14,6,11
84906,2026-04-10 20:38:08,3,1,1,attack,coin,coin,gold,1,false,2500000,52254414158862,223967,5,5,50,11,1,0,0,0,0,196899,300000,52,0,65.6,bonus_bs15_gae3_no,100,2575000,,,LongExtraDayReduced,"{""slot_on_"":""221\/56000@m25""}",93,47,34,30,18,29,8,4,7,169,93,60,45,34,51,14,6,11
84907,2026-04-10 20:38:09,3,3,3,attack,attack,attack,attack,2,true,0,52254414158862,223917,5,5,50,11,3,0,0,0,0,196899,300000,52,0,65.6,bonus_bs15_gae3_no,100,2575000,,,,"{""c5261ecd"":""421\/4200@m82""}",94,50,34,30,18,29,9,4,7,170,96,60,45,34,51,15,6,11
84908,2026-04-10 20:38:13,1,1,1,coin,coin,coin,gold,1,true,12500000,52255826658862,223867,5,5,50,11,0,0,0,0,0,196899,300000,52,0,65.6,bonus_bs15_gae3_no,100,2575000,,,,,95,50,34,30,18,29,9,4,7,171,96,60,45,34,51,15,6,11
84909,2026-04-10 20:38:14,30,2,2,accumulation,goldSack,goldSack,gold,1,false,7500000,52255834158862,223817,5,5,50,11,0,0,0,0,1,196949,300000,52,50,65.6,bonus_bs15_gae3_no,100,2575000,,,,,96,50,34,30,18,30,9,4,7,172,96,60,45,34,52,15,6,11
84910,2026-04-10 20:38:15,3,4,2,attack,steal,goldSack,gold,1,false,5000000,52255839158862,223767,5,5,50,11,1,1,0,0,0,196949,300000,52,0,65.6,bonus_bs15_gae3_no,100,2575000,,LongExtraDayReduced,LongExtraDayReduced,"{""slot_on_"":""321\/56000@m25""}",97,51,35,30,18,30,9,4,7,173,97,61,45,34,52,15,6,11
84911,2026-04-10 20:38:18,3,4,2,attack,steal,goldSack,gold,1,false,40000000,52255879158862,223367,5,5,400,11,1,1,0,0,0,196949,300000,52,0,65.6,bonus_bs15_gae3_no,100,2575000,,,,,98,52,36,30,18,30,9,4,7,174,98,62,45,34,52,15,6,11
84912,2026-04-10 20:38:20,1,1,4,coin,coin,steal,gold,1,false,75000000,52255954158862,221867,5,5,1500,11,0,1,0,0,0,196949,300000,52,0,65.6,bonus_bs15_gae3_no,100,2575000,,,,,99,52,37,30,18,30,9,4,7,175,98,63,45,34,52,15,6,11
84913,2026-04-10 20:38:21,30,30,3,accumulation,accumulation,attack,gold,6,false,0,52255954158862,220367,5,5,1500,11,1,0,0,0,2,199949,300000,52,3000,66.6,bonus_bs15_gae3_no,100,2575000,,,,"{""bffc7787"":""35097\/38000@m9""}",100,53,37,30,18,32,9,4,7,176,99,63,45,34,54,15,6,11
84914,2026-04-10 20:38:23,30,2,2,accumulation,goldSack,goldSack,gold,1,false,225000000,52256179158862,218867,5,5,1500,11,0,0,0,0,1,201449,300000,52,1500,67.1,bonus_bs15_gae3_no,100,2575000,,,,,101,53,37,30,18,33,9,4,7,177,99,63,45,34,55,15,6,11
84915,2026-04-10 20:38:27,1,6,6,coin,spins,spins,gold,1,false,37500000,52256216658862,217367,5,5,1500,11,0,0,0,2,0,201449,300000,52,0,67.1,bonus_bs15_gae3_no,100,2575000,,,,,102,53,37,30,20,33,9,4,7,178,99,63,45,36,55,15,6,11
84916,2026-04-10 20:38:28,1,5,6,coin,shield,spins,gold,1,false,37500000,52256254158862,215867,5,5,1500,11,0,0,1,1,0,201449,300000,52,0,67.1,bonus_bs15_gae3_no,100,2575000,,,,,103,53,37,31,21,33,9,4,7,179,99,63,46,37,55,15,6,11
84917,2026-04-10 20:38:29,2,2,2,goldSack,goldSack,goldSack,gold,1,true,3300000000,52259554158862,214367,5,5,1500,11,0,0,0,0,0,201449,300000,52,0,67.1,bonus_bs15_gae3_no,100,2575000,,,,"{""c5261ecd"":""3421\/4200@m82""}",104,53,37,31,21,33,9,4,7,180,99,63,46,37,55,15,6,11
84918,2026-04-10 20:38:30,4,6,2,steal,spins,goldSack,gold,1,false,150000000,52259704158862,212867,5,5,1500,11,0,1,0,1,0,201449,300000,52,0,67.1,bonus_bs15_gae3_no,100,2575000,,,,,105,53,38,31,22,33,9,4,7,181,99,64,46,38,55,15,6,11
84919,2026-04-10 20:38:32,30,30,3,accumulation,accumulation,attack,gold,6,false,0,52259704158862,211367,5,5,1500,11,1,0,0,0,2,204449,300000,52,3000,68.1,bonus_bs15_gae3_no,100,2575000,,,,,106,54,38,31,22,35,9,4,7,182,100,64,46,38,57,15,6,11
84920,2026-04-10 20:38:33,1,6,6,coin,spins,spins,gold,1,false,37500000,52259741658862,209867,5,5,1500,11,0,0,0,2,0,204449,300000,52,0,68.1,bonus_bs15_gae3_no,100,2575000,,,,,107,54,38,31,24,35,9,4,7,183,100,64,46,40,57,15,6,11
84921,2026-04-10 20:38:34,3,5,2,attack,shield,goldSack,gold,1,false,150000000,52259891658862,208367,5,5,1500,11,1,0,1,0,0,204449,300000,52,0,68.1,bonus_bs15_gae3_no,100,2575000,,,,,108,55,38,32,24,35,9,4,7,184,101,64,47,40,57,15,6,11
84922,2026-04-10 20:38:36,30,2,2,accumulation,goldSack,goldSack,gold,1,false,225000000,52260116658862,206867,5,5,1500,11,0,0,0,0,1,205949,300000,52,1500,68.6,bonus_bs15_gae3_no,100,2575000,,,,,109,55,38,32,24,36,9,4,7,185,101,64,47,40,58,15,6,11
84923,2026-04-10 20:38:37,3,6,2,attack,spins,goldSack,gold,1,false,150000000,52260266658862,205367,5,5,1500,11,1,0,0,1,0,205949,300000,52,0,68.6,bonus_bs15_gae3_no,100,2575000,,,,"{""e190af25"":""43062\/50000@m18""}",110,56,38,32,25,36,9,4,7,186,102,64,47,41,58,15,6,11
84924,2026-04-10 20:38:38,3,3,3,attack,attack,attack,attack,2,true,0,52260266658862,203867,5,5,1500,11,3,0,0,0,0,205949,300000,52,0,68.6,bonus_bs15_gae3_no,100,2575000,,,,,111,59,38,32,25,36,10,4,7,187,105,64,47,41,58,16,6,11
84925,2026-04-10 20:38:45,30,30,3,accumulation,accumulation,attack,gold,6,false,0,52274126658862,203467,5,5,400,11,1,0,0,0,2,206749,300000,52,800,68.9,bonus_bs15_gae3_no,100,2575000,,LongExtraDayReduced,,"{""slot_on_"":""721\/56000@m25""}",112,60,38,32,25,38,10,4,7,188,106,64,47,41,60,16,6,11
84926,2026-04-10 20:38:46,3,4,2,attack,steal,goldSack,gold,1,false,40000000,52274166658862,203067,5,5,400,11,1,1,0,0,0,206749,300000,52,0,68.9,bonus_bs15_gae3_no,100,2575000,,,,,113,61,39,32,25,38,10,4,7,189,107,65,47,41,60,16,6,11
84927,2026-04-10 20:38:47,1,6,6,coin,spins,spins,gold,1,false,10000000,52274176658862,202667,5,5,400,11,0,0,0,2,0,206749,300000,52,0,68.9,bonus_bs15_gae3_no,100,2575000,,,,"{""e190af25"":""43862\/50000@m18"",""bffc7787"":""35497\/38000@m9""}",114,61,39,32,27,38,10,4,7,190,107,65,47,43,60,16,6,11
84928,2026-04-10 20:38:49,3,4,2,attack,steal,goldSack,gold,1,false,40000000,52274216658862,202267,5,5,400,11,1,1,0,0,0,206749,300000,52,0,68.9,bonus_bs15_gae3_no,100,2575000,,LongExtraDayReduced,,"{""slot_on_"":""1121\/56000@m25""}",115,62,40,32,27,38,10,4,7,191,108,66,47,43,60,16,6,11
84929,2026-04-10 20:38:50,30,2,2,accumulation,goldSack,goldSack,gold,1,false,60000000,52274276658862,201867,5,5,400,11,0,0,0,0,1,207149,300000,52,400,69.0,bonus_bs15_gae3_no,100,2575000,,,,,116,62,40,32,27,39,10,4,7,192,108,66,47,43,61,16,6,11
84930,2026-04-10 20:38:51,5,5,5,shield,shield,shield,shield,3,true,400,52274276658862,201867,5,5,400,11,0,0,3,0,0,207149,300000,52,0,69.0,bonus_bs15_gae3_no,100,2575000,,,,,117,62,40,35,27,39,10,4,8,193,108,66,50,43,61,16,6,12
84931,2026-04-10 20:38:53,30,2,2,accumulation,goldSack,goldSack,gold,1,false,60000000,52274336658862,201467,5,5,400,11,0,0,0,0,1,207549,300000,52,400,69.2,bonus_bs15_gae3_no,100,2575000,,,,,118,62,40,35,27,40,10,4,8,194,108,66,50,43,62,16,6,12
84932,2026-04-10 20:38:54,30,2,2,accumulation,goldSack,goldSack,gold,1,false,60000000,52274396658862,201067,5,5,400,11,0,0,0,0,1,207949,300000,52,400,69.3,bonus_bs15_gae3_no,100,2575000,,LongExtraDayReduced,,"{""slot_on_"":""1521\/56000@m25""}",119,62,40,35,27,41,10,4,8,195,108,66,50,43,63,16,6,12
84933,2026-04-10 20:38:58,3,6,2,attack,spins,goldSack,gold,1,false,150000000,52274546658862,199567,5,5,1500,11,1,0,0,1,0,207949,300000,52,0,69.3,bonus_bs15_gae3_no,100,2575000,,,,,120,63,40,35,28,41,10,4,8,196,109,66,50,44,63,16,6,12
84934,2026-04-10 20:38:59,3,6,2,attack,spins,goldSack,gold,1,false,150000000,52274696658862,198067,5,5,1500,11,1,0,0,1,0,207949,300000,52,0,69.3,bonus_bs15_gae3_no,100,2575000,,,,,121,64,40,35,29,41,10,4,8,197,110,66,50,45,63,16,6,12
84935,2026-04-10 20:39:00,3,1,4,attack,coin,steal,gold,1,false,37500000,52274734158862,196567,5,5,1500,11,1,1,0,0,0,207949,300000,52,0,69.3,bonus_bs15_gae3_no,100,2575000,,,,,122,65,41,35,29,41,10,4,8,198,111,67,50,45,63,16,6,12
84936,2026-04-10 20:39:01,30,2,2,accumulation,goldSack,goldSack,gold,1,false,225000000,52274959158862,195067,5,5,1500,11,0,0,0,0,1,209449,300000,52,1500,69.8,bonus_bs15_gae3_no,100,2575000,,,,,123,65,41,35,29,42,10,4,8,199,111,67,50,45,64,16,6,12
84937,2026-04-10 20:39:03,4,6,2,steal,spins,goldSack,gold,1,false,150000000,52275109158862,193567,5,5,1500,11,0,1,0,1,0,209449,300000,52,0,69.8,bonus_bs15_gae3_no,100,2575000,,,,"{""e190af25"":""46862\/50000@m18"",""bffc7787"":""36997\/38000@m9""}",124,65,42,35,30,42,10,4,8,200,111,68,50,46,64,16,6,12
84938,2026-04-10 20:39:05,3,5,2,attack,shield,goldSack,gold,1,false,150000000,52275259158862,192067,5,5,1500,11,1,0,1,0,0,209449,300000,52,0,69.8,bonus_bs15_gae3_no,100,2575000,,,LongExtraDayReduced,"{""slot_on_"":""3021\/56000@m25""}",125,66,42,36,30,42,10,4,8,201,112,68,51,46,64,16,6,12
84939,2026-04-10 20:39:06,3,3,3,attack,attack,attack,attack,2,true,0,52275259158862,190567,5,5,1500,11,3,0,0,0,0,209449,300000,52,0,69.8,bonus_bs15_gae3_no,100,2575000,,,,,126,69,42,36,30,42,11,4,8,202,115,68,51,46,64,17,6,12
84940,2026-04-10 20:39:14,3,5,2,attack,shield,goldSack,gold,1,false,40000000,52289159158862,190167,5,5,400,11,1,0,1,0,0,209449,300000,52,0,69.8,bonus_bs15_gae3_no,100,2575000,,,,"{""c5261ecd"":""21\/4200@m83""}",127,70,42,37,30,42,11,4,8,203,116,68,52,46,64,17,6,12
84941,2026-04-10 20:39:17,3,6,2,attack,spins,goldSack,gold,1,false,40000000,52289199158862,189767,5,5,400,11,1,0,0,1,0,209449,300000,52,0,69.8,bonus_bs15_gae3_no,100,2575000,,LongExtraDayReduced,,"{""slot_on_"":""3421\/56000@m25""}",128,71,42,37,31,42,11,4,8,204,117,68,52,47,64,17,6,12
84942,2026-04-10 20:39:18,1,1,1,coin,coin,coin,gold,1,true,100000000,52289299158862,189367,5,5,400,11,0,0,0,0,0,209449,300000,52,0,69.8,bonus_bs15_gae3_no,100,2575000,,,,,129,71,42,37,31,42,11,4,8,205,117,68,52,47,64,17,6,12
84943,2026-04-10 20:39:19,3,6,2,attack,spins,goldSack,gold,1,false,40000000,52289339158862,188967,5,5,400,11,1,0,0,1,0,209449,300000,52,0,69.8,bonus_bs15_gae3_no,100,2575000,,,,,130,72,42,37,32,42,11,4,8,206,118,68,52,48,64,17,6,12
84944,2026-04-10 20:39:20,30,30,1,accumulation,accumulation,coin,gold,1,false,10000000,52289349158862,188567,5,5,400,11,0,0,0,0,2,210249,300000,52,800,70.1,bonus_bs15_gae3_no,100,2575000,LongExtraDayReduced,,LongExtraDayReduced,"{""slot_on_"":""4221\/56000@m25""}",131,72,42,37,32,44,11,4,8,207,118,68,52,48,66,17,6,12
84945,2026-04-10 20:39:21,30,2,2,accumulation,goldSack,goldSack,gold,1,false,60000000,52289409158862,188167,5,5,400,11,0,0,0,0,1,210649,300000,52,400,70.2,bonus_bs15_gae3_no,100,2575000,,,LongExtraDayReduced,"{""slot_on_"":""4621\/56000@m25""}",132,72,42,37,32,45,11,4,8,208,118,68,52,48,67,17,6,12
84946,2026-04-10 20:39:23,3,6,2,attack,spins,goldSack,gold,1,false,40000000,52289449158862,187767,5,5,400,11,1,0,0,1,0,210649,300000,52,0,70.2,bonus_bs15_gae3_no,100,2575000,,LongExtraDayReduced,,"{""slot_on_"":""5021\/56000@m25""}",133,73,42,37,33,45,11,4,8,209,119,68,52,49,67,17,6,12
84947,2026-04-10 20:39:24,1,1,1,coin,coin,coin,gold,1,true,375000000,52289824158862,186267,5,5,1500,11,0,0,0,0,0,210649,300000,52,0,70.2,bonus_bs15_gae3_no,100,2575000,,,,,134,73,42,37,33,45,11,4,8,210,119,68,52,49,67,17,6,12
84948,2026-04-10 20:39:25,1,1,1,coin,coin,coin,gold,1,true,375000000,52290199158862,184767,5,5,1500,11,0,0,0,0,0,210649,300000,52,0,70.2,bonus_bs15_gae3_no,100,2575000,,,,,135,73,42,37,33,45,11,4,8,211,119,68,52,49,67,17,6,12
84949,2026-04-10 20:39:27,3,3,3,attack,attack,attack,attack,2,true,0,52290199158862,183267,5,5,1500,11,3,0,0,0,0,210649,300000,52,0,70.2,bonus_bs15_gae3_no,100,2575000,,,,,136,76,42,37,33,45,12,4,8,212,122,68,52,49,67,18,6,12
84950,2026-04-10 20:39:33,30,2,2,accumulation,goldSack,goldSack,gold,1,false,60000000,52332259158862,182867,5,5,400,11,0,0,0,0,1,211049,300000,52,400,70.3,bonus_bs15_gae3_no,100,2575000,,,,,137,76,42,37,33,46,12,4,8,213,122,68,52,49,68,18,6,12
84951,2026-04-10 20:40:28,1,4,6,coin,steal,spins,gold,1,false,10000000,52332269158862,182467,5,5,400,11,0,1,0,1,0,211049,300000,52,0,70.3,bonus_bs15_gae3_no,100,2575000,,,,"{""e190af25"":""47662\/50000@m18""}",138,76,43,37,34,46,12,4,8,214,122,69,52,50,68,18,6,12
84952,2026-04-10 20:40:29,30,2,2,accumulation,goldSack,goldSack,gold,1,false,60000000,52332329158862,182067,5,5,400,11,0,0,0,0,1,211449,300000,52,400,70.5,bonus_bs15_gae3_no,100,2575000,,,,,139,76,43,37,34,47,12,4,8,215,122,69,52,50,69,18,6,12
84953,2026-04-10 20:40:30,30,30,2,accumulation,accumulation,goldSack,gold,1,false,40000000,52332369158862,181667,5,5,400,11,0,0,0,0,2,212249,300000,52,800,70.7,bonus_bs15_gae3_no,100,2575000,,,,,140,76,43,37,34,49,12,4,8,216,122,69,52,50,71,18,6,12
84954,2026-04-10 20:40:32,2,2,2,goldSack,goldSack,goldSack,gold,1,true,880000000,52333249158862,181267,5,5,400,11,0,0,0,0,0,212249,300000,52,0,70.7,bonus_bs15_gae3_no,100,2575000,,LongExtraDayReduced,,"{""slot_on_"":""5421\/56000@m25""}",141,76,43,37,34,49,12,4,8,217,122,69,52,50,71,18,6,12
84955,2026-04-10 20:41:34,3,1,5,attack,coin,shield,gold,1,false,10000000,52333259158862,180867,5,5,400,11,1,0,1,0,0,212249,300000,52,0,70.7,bonus_bs15_gae3_no,100,2575000,,LongExtraDayReduced,,"{""slot_on_"":""5821\/56000@m25"",""bffc7787"":""37397\/38000@m9""}",142,77,43,38,34,49,12,4,8,218,123,69,53,50,71,18,6,12
84956,2026-04-10 20:41:37,4,4,4,steal,steal,steal,steal,4,true,0,52333259158862,180467,5,5,400,11,0,3,0,0,0,212249,300000,52,0,70.7,bonus_bs15_gae3_no,100,2575000,,,,,143,77,46,38,34,49,12,5,8,219,123,72,53,50,71,18,7,12
84957,2026-04-10 20:41:44,1,4,6,coin,steal,spins,gold,1,false,10000000,52468561958862,180067,5,5,400,11,0,1,0,1,0,212249,300000,52,0,70.7,bonus_bs15_gae3_no,100,2575000,,,,,144,77,47,38,35,49,12,5,8,220,123,73,53,51,71,18,7,12
84958,2026-04-10 20:41:45,3,6,2,attack,spins,goldSack,gold,1,false,40000000,52468601958862,179667,5,5,400,11,1,0,0,1,0,212249,300000,52,0,70.7,bonus_bs15_gae3_no,100,2575000,,LongExtraDayReduced,,"{""slot_on_"":""6221\/56000@m25""}",145,78,47,38,36,49,12,5,8,221,124,73,53,52,71,18,7,12
84959,2026-04-10 20:41:46,1,1,4,coin,coin,steal,gold,1,false,20000000,52468621958862,179267,5,5,400,11,0,1,0,0,0,212249,300000,52,0,70.7,bonus_bs15_gae3_no,100,2575000,,,,,146,78,48,38,36,49,12,5,8,222,124,74,53,52,71,18,7,12
84960,2026-04-10 20:41:47,30,2,2,accumulation,goldSack,goldSack,gold,1,false,60000000,52468681958862,178867,5,5,400,11,0,0,0,0,1,212649,300000,52,400,70.9,bonus_bs15_gae3_no,100,2575000,,,,,147,78,48,38,36,50,12,5,8,223,124,74,53,52,72,18,7,12
84961,2026-04-10 20:41:49,3,4,2,attack,steal,goldSack,gold,1,false,150000000,52468831958862,177367,5,5,1500,11,1,1,0,0,0,212649,300000,52,0,70.9,bonus_bs15_gae3_no,100,2575000,,LongExtraDayReduced,,"{""slot_on_"":""7721\/56000@m25"",""e190af25"":""662\/75000@m19""}",148,79,49,38,36,50,12,5,8,224,125,75,53,52,72,18,7,12
84962,2026-04-10 20:41:53,30,2,2,accumulation,goldSack,goldSack,gold,1,false,225000000,52469056958862,175867,5,5,1500,11,0,0,0,0,1,214149,300000,52,1500,71.4,bonus_bs15_gae3_no,100,2575000,,,,,149,79,49,38,36,51,12,5,8,225,125,75,53,52,73,18,7,12
84963,2026-04-10 20:41:54,2,2,2,goldSack,goldSack,goldSack,gold,1,true,3300000000,52472356958862,174367,5,5,1500,11,0,0,0,0,0,214149,300000,52,0,71.4,bonus_bs15_gae3_no,100,2575000,,LongExtraDayReduced,,"{""slot_on_"":""9221\/56000@m25""}",150,79,49,38,36,51,12,5,8,226,125,75,53,52,73,18,7,12
84964,2026-04-10 20:41:55,1,1,6,coin,coin,spins,gold,1,false,75000000,52472431958862,172867,5,5,1500,11,0,0,0,1,0,214149,300000,52,0,71.4,bonus_bs15_gae3_no,100,2575000,,,,,151,79,49,38,37,51,12,5,8,227,125,75,53,53,73,18,7,12
84965,2026-04-10 20:41:56,30,2,2,accumulation,goldSack,goldSack,gold,1,false,225000000,52472656958862,171367,5,5,1500,11,0,0,0,0,1,215649,300000,52,1500,71.9,bonus_bs15_gae3_no,100,2575000,,,,"{""c5261ecd"":""3021\/4200@m83""}",152,79,49,38,37,52,12,5,8,228,125,75,53,53,74,18,7,12
84966,2026-04-10 20:41:57,30,30,1,accumulation,accumulation,coin,gold,1,false,37500000,52472694458862,169867,5,5,1500,11,0,0,0,0,2,218649,300000,52,3000,72.9,bonus_bs15_gae3_no,100,2575000,,,,,153,79,49,38,37,54,12,5,8,229,125,75,53,53,76,18,7,12
84967,2026-04-10 20:41:59,1,1,1,coin,coin,coin,gold,1,true,375000000,52473069458862,168367,5,5,1500,11,0,0,0,0,0,218649,300000,52,0,72.9,bonus_bs15_gae3_no,100,2575000,,,,,154,79,49,38,37,54,12,5,8,230,125,75,53,53,76,18,7,12
84968,2026-04-10 20:42:00,3,3,3,attack,attack,attack,attack,2,true,0,52473069458862,166867,5,5,1500,11,3,0,0,0,0,218649,300000,52,0,72.9,bonus_bs15_gae3_no,100,2575000,,LongExtraDayReduced,,"{""slot_on_"":""10721\/56000@m25""}",155,82,49,38,37,54,13,5,8,231,128,75,53,53,76,19,7,12
84969,2026-04-10 20:42:05,1,1,6,coin,coin,spins,gold,1,false,75000000,52487004458862,165367,5,5,1500,11,0,0,0,1,0,218649,300000,52,0,72.9,bonus_bs15_gae3_no,100,2575000,,,,,156,82,49,38,38,54,13,5,8,232,128,75,53,54,76,19,7,12
84970,2026-04-10 20:42:06,1,1,1,coin,coin,coin,gold,1,true,375000000,52487379458862,163867,5,5,1500,11,0,0,0,0,0,218649,300000,52,0,72.9,bonus_bs15_gae3_no,100,2575000,,,,"{""e190af25"":""3662\/75000@m19""}",157,82,49,38,38,54,13,5,8,233,128,75,53,54,76,19,7,12
84971,2026-04-10 20:42:08,3,4,2,attack,steal,goldSack,gold,1,false,150000000,52487529458862,162367,5,5,1500,11,1,1,0,0,0,218649,300000,52,0,72.9,bonus_bs15_gae3_no,100,2575000,,,,,158,83,50,38,38,54,13,5,8,234,129,76,53,54,76,19,7,12
84972,2026-04-10 20:42:09,3,4,2,attack,steal,goldSack,gold,1,false,150000000,52487679458862,160867,5,5,1500,11,1,1,0,0,0,218649,300000,52,0,72.9,bonus_bs15_gae3_no,100,2575000,,,,,159,84,51,38,38,54,13,5,8,235,130,77,53,54,76,19,7,12
84973,2026-04-10 20:42:10,2,2,2,goldSack,goldSack,goldSack,gold,1,true,3300000000,52490979458862,159367,5,5,1500,11,0,0,0,0,0,218649,300000,52,0,72.9,bonus_bs15_gae3_no,100,2575000,,,,,160,84,51,38,38,54,13,5,8,236,130,77,53,54,76,19,7,12
84974,2026-04-10 20:42:11,1,1,6,coin,coin,spins,gold,1,false,75000000,52491054458862,157867,5,5,1500,11,0,0,0,1,0,218649,300000,52,0,72.9,bonus_bs15_gae3_no,100,2575000,,,,,161,84,51,38,39,54,13,5,8,237,130,77,53,55,76,19,7,12
84975,2026-04-10 20:42:12,2,2,2,goldSack,goldSack,goldSack,gold,1,true,3300000000,52494354458862,156367,5,5,1500,11,0,0,0,0,0,218649,300000,52,0,72.9,bonus_bs15_gae3_no,100,2575000,LongExtraDayReduced,LongExtraDayReduced,,"{""slot_on_"":""13721\/56000@m25"",""bffc7787"":""38000\/38000@m9""}",162,84,51,38,39,54,13,5,8,238,130,77,53,55,76,19,7,12
84976,2026-04-10 20:42:15,30,2,2,accumulation,goldSack,goldSack,gold,1,false,225000000,52494579458862,154867,5,5,1500,11,0,0,0,0,1,220149,300000,52,1500,73.4,bonus_bs15_gae3_no,100,2575000,,,,,163,84,51,38,39,55,13,5,8,239,130,77,53,55,77,19,7,12
84977,2026-04-10 20:42:17,1,4,4,coin,steal,steal,gold,1,false,37500000,52494616958862,153367,5,5,1500,11,0,2,0,0,0,220149,300000,52,0,73.4,bonus_bs15_gae3_no,100,2575000,,,,,164,84,53,38,39,55,13,5,8,240,130,79,53,55,77,19,7,12
84978,2026-04-10 20:42:19,5,5,5,shield,shield,shield,shield,3,true,1500,52494616958862,153367,5,5,1500,11,0,0,3,0,0,220149,300000,52,0,73.4,bonus_bs15_gae3_no,100,2575000,LongExtraDayReduced,LongExtraDayReduced,LongExtraDayReduced,"{""slot_on_"":""21221\/56000@m25""}",165,84,53,41,39,55,13,5,9,241,130,79,56,55,77,19,7,13
84979,2026-04-10 20:42:20,5,5,5,shield,shield,shield,shield,3,true,1500,52494616958862,153367,5,5,1500,11,0,0,3,0,0,220149,300000,52,0,73.4,bonus_bs15_gae3_no,100,2575000,,,,,166,84,53,44,39,55,13,5,10,242,130,79,59,55,77,19,7,14
84980,2026-04-10 20:42:27,2,2,2,goldSack,goldSack,goldSack,gold,1,true,3300000000,52497916958862,151867,5,5,1500,11,0,0,0,0,0,220149,300000,52,0,73.4,bonus_bs15_gae3_no,100,2575000,,LongExtraDayReduced,,"{""slot_on_"":""22721\/56000@m25""}",167,84,53,44,39,55,13,5,10,243,130,79,59,55,77,19,7,14
84981,2026-04-10 20:42:29,3,3,3,attack,attack,attack,attack,2,true,0,52497916958862,150367,5,5,1500,11,3,0,0,0,0,220149,300000,52,0,73.4,bonus_bs15_gae3_no,100,2575000,,,,,168,87,53,44,39,55,14,5,10,244,133,79,59,55,77,20,7,14
84982,2026-04-10 20:42:33,1,1,6,coin,coin,spins,gold,1,false,75000000,52511851958862,148867,5,5,1500,11,0,0,0,1,0,220149,300000,52,0,73.4,bonus_bs15_gae3_no,100,2575000,,,,,169,87,53,44,40,55,14,5,10,245,133,79,59,56,77,20,7,14
84983,2026-04-10 20:42:35,30,30,1,accumulation,accumulation,coin,gold,1,false,37500000,52511889458862,147367,5,5,1500,11,0,0,0,0,2,223149,300000,52,3000,74.4,bonus_bs15_gae3_no,100,2575000,,,,,170,87,53,44,40,57,14,5,10,246,133,79,59,56,79,20,7,14
84984,2026-04-10 20:42:37,30,2,2,accumulation,goldSack,goldSack,gold,1,false,225000000,52512114458862,145867,5,5,1500,11,0,0,0,0,1,224649,300000,52,1500,74.9,bonus_bs15_gae3_no,100,2575000,,,,,171,87,53,44,40,58,14,5,10,247,133,79,59,56,80,20,7,14
84985,2026-04-10 20:42:38,3,4,2,attack,steal,goldSack,gold,1,false,150000000,52512264458862,144367,5,5,1500,11,1,1,0,0,0,224649,300000,52,0,74.9,bonus_bs15_gae3_no,100,2575000,,,,"{""c5261ecd"":""1821\/4200@m84""}",172,88,54,44,40,58,14,5,10,248,134,80,59,56,80,20,7,14
84986,2026-04-10 20:42:41,3,4,2,attack,steal,goldSack,gold,1,false,150000000,52512414458862,142867,5,5,1500,11,1,1,0,0,0,224649,300000,52,0,74.9,bonus_bs15_gae3_no,100,2575000,,,,,173,89,55,44,40,58,14,5,10,249,135,81,59,56,80,20,7,14
84987,2026-04-10 20:42:42,30,2,2,accumulation,goldSack,goldSack,gold,1,false,225000000,52512639458862,141367,5,5,1500,11,0,0,0,0,1,226149,300000,52,1500,75.4,bonus_bs15_gae3_no,100,2575000,,,,,174,89,55,44,40,59,14,5,10,250,135,81,59,56,81,20,7,14
84988,2026-04-10 20:42:43,1,4,6,coin,steal,spins,gold,1,false,37500000,52512676958862,139867,5,5,1500,11,0,1,0,1,0,226149,300000,52,0,75.4,bonus_bs15_gae3_no,100,2575000,,,,,175,89,56,44,41,59,14,5,10,251,135,82,59,57,81,20,7,14
84989,2026-04-10 20:42:44,1,4,5,coin,steal,shield,gold,1,false,37500000,52512714458862,138367,5,5,1500,11,0,1,1,0,0,226149,300000,52,0,75.4,bonus_bs15_gae3_no,100,2575000,,,,,176,89,57,45,41,59,14,5,10,252,135,83,60,57,81,20,7,14
84990,2026-04-10 20:42:47,3,3,2,attack,attack,goldSack,gold,1,false,150000000,52512864458862,136867,5,5,1500,11,2,0,0,0,0,226149,300000,52,0,75.4,bonus_bs15_gae3_no,100,2575000,,,,"{""e190af25"":""6662\/75000@m19""}",177,91,57,45,41,59,14,5,10,253,137,83,60,57,81,20,7,14
84991,2026-04-10 20:42:49,30,2,2,accumulation,goldSack,goldSack,gold,1,false,900000000,52513764458862,130867,5,5,6000,11,0,0,0,0,1,232149,300000,52,6000,77.4,bonus_bs15_gae3_no,100,2575000,,LongExtraDayReduced,LongExtraDayReduced,"{""slot_on_"":""34721\/56000@m25""}",178,91,57,45,41,60,14,5,10,254,137,83,60,57,82,20,7,14
84992,2026-04-10 20:42:51,30,2,2,accumulation,goldSack,goldSack,gold,1,false,900000000,52514664458862,124867,5,5,6000,11,0,0,0,0,1,238149,300000,52,6000,79.4,bonus_bs15_gae3_no,100,2575000,,,,,179,91,57,45,41,61,14,5,10,255,137,83,60,57,83,20,7,14
84993,2026-04-10 20:42:53,2,2,2,goldSack,goldSack,goldSack,gold,1,true,13200000000,52527864458862,118867,5,5,6000,11,0,0,0,0,0,238149,300000,52,0,79.4,bonus_bs15_gae3_no,100,2575000,,,,,180,91,57,45,41,61,14,5,10,256,137,83,60,57,83,20,7,14
84994,2026-04-10 20:42:54,30,2,2,accumulation,goldSack,goldSack,gold,1,false,900000000,52528764458862,112867,5,5,6000,11,0,0,0,0,1,244149,300000,52,6000,81.4,bonus_bs15_gae3_no,100,2575000,,,,,181,91,57,45,41,62,14,5,10,257,137,83,60,57,84,20,7,14
84995,2026-04-10 20:42:56,30,2,2,accumulation,goldSack,goldSack,gold,1,false,900000000,52529664458862,106867,5,5,6000,11,0,0,0,0,1,250149,300000,52,6000,83.4,bonus_bs15_gae3_no,100,2575000,,,,,182,91,57,45,41,63,14,5,10,258,137,83,60,57,85,20,7,14
84996,2026-04-10 20:42:59,30,2,2,accumulation,goldSack,goldSack,gold,1,false,900000000,52530564458862,100867,5,5,6000,11,0,0,0,0,1,256149,300000,52,6000,85.4,bonus_bs15_gae3_no,100,2575000,,,,,183,91,57,45,41,64,14,5,10,259,137,83,60,57,86,20,7,14
84997,2026-04-10 20:43:04,3,3,3,attack,attack,attack,attack,2,true,0,52530564458862,94867,5,5,6000,11,3,0,0,0,0,256149,300000,52,0,85.4,bonus_bs15_gae3_no,100,2575000,LongExtraDayReduced,LongExtraDayReduced,,"{""slot_on_"":""46721\/56000@m25""}",184,94,57,45,41,64,15,5,10,260,140,83,60,57,86,21,7,14
84998,2026-04-10 20:43:17,30,2,2,accumulation,goldSack,goldSack,gold,1,false,225000000,52729789458862,93367,5,5,1500,11,0,0,0,0,1,257649,300000,52,1500,85.9,bonus_bs15_gae3_no,100,2575000,,,,,185,94,57,45,41,65,15,5,10,261,140,83,60,57,87,21,7,14
84999,2026-04-10 20:43:20,3,3,3,attack,attack,attack,attack,2,true,0,52729789458862,91867,5,5,1500,11,3,0,0,0,0,257649,300000,52,0,85.9,bonus_bs15_gae3_no,100,2575000,,,,,186,97,57,45,41,65,16,5,10,262,143,83,60,57,87,22,7,14
85000,2026-04-10 20:43:27,3,1,6,attack,coin,spins,gold,1,false,37500000,52743686958862,90367,5,5,1500,11,1,0,0,1,0,257649,300000,52,0,85.9,bonus_bs15_gae3_no,100,2575000,,,LongExtraDayReduced,"{""slot_on_"":""48221\/56000@m25""}",187,98,57,45,42,65,16,5,10,263,144,83,60,58,87,22,7,14
85001,2026-04-10 20:43:28,3,1,6,attack,coin,spins,gold,1,false,37500000,52743724458862,88867,5,5,1500,11,1,0,0,1,0,257649,300000,52,0,85.9,bonus_bs15_gae3_no,100,2575000,,,,,188,99,57,45,43,65,16,5,10,264,145,83,60,59,87,22,7,14
85002,2026-04-10 20:43:29,30,2,2,accumulation,goldSack,goldSack,gold,1,false,225000000,52743949458862,87367,5,5,1500,11,0,0,0,0,1,259149,300000,52,1500,86.4,bonus_bs15_gae3_no,100,2575000,,,,,189,99,57,45,43,66,16,5,10,265,145,83,60,59,88,22,7,14
85003,2026-04-10 20:43:31,3,1,6,attack,coin,spins,gold,1,false,37500000,52743986958862,85867,5,5,1500,11,1,0,0,1,0,259149,300000,52,0,86.4,bonus_bs15_gae3_no,100,2575000,,,,,190,100,57,45,44,66,16,5,10,266,146,83,60,60,88,22,7,14
85004,2026-04-10 20:43:32,3,1,6,attack,coin,spins,gold,1,false,37500000,52744024458862,84367,5,5,1500,11,1,0,0,1,0,259149,300000,52,0,86.4,bonus_bs15_gae3_no,100,2575000,,,,,191,101,57,45,45,66,16,5,10,267,147,83,60,61,88,22,7,14
85005,2026-04-10 20:43:33,3,1,4,attack,coin,steal,gold,1,false,37500000,52744061958862,82867,5,5,1500,11,1,1,0,0,0,259149,300000,52,0,86.4,bonus_bs15_gae3_no,100,2575000,,LongExtraDayReduced,,"{""slot_on_"":""49721\/56000@m25""}",192,102,58,45,45,66,16,5,10,268,148,84,60,61,88,22,7,14
85006,2026-04-10 20:43:35,3,1,6,attack,coin,spins,gold,1,false,37500000,52744099458862,81367,5,5,1500,11,1,0,0,1,0,259149,300000,52,0,86.4,bonus_bs15_gae3_no,100,2575000,LongExtraDayReduced,,LongExtraDayReduced,"{""slot_on_"":""52721\/56000@m25""}",193,103,58,45,46,66,16,5,10,269,149,84,60,62,88,22,7,14
85007,2026-04-10 20:43:36,2,2,2,goldSack,goldSack,goldSack,gold,1,true,3300000000,52747399458862,79867,5,5,1500,11,0,0,0,0,0,259149,300000,52,0,86.4,bonus_bs15_gae3_no,100,2575000,,,LongExtraDayReduced,"{""slot_on_"":""54221\/56000@m25""}",194,103,58,45,46,66,16,5,10,270,149,84,60,62,88,22,7,14
85008,2026-04-10 20:43:37,30,2,2,accumulation,goldSack,goldSack,gold,1,false,225000000,52747624458862,78367,5,5,1500,11,0,0,0,0,1,260649,300000,52,1500,86.9,bonus_bs15_gae3_no,100,2575000,,,,"{""e190af25"":""9662\/75000@m19"",""c5261ecd"":""621\/4200@m85""}",195,103,58,45,46,67,16,5,10,271,149,84,60,62,89,22,7,14
85009,2026-04-10 20:43:40,30,2,2,accumulation,goldSack,goldSack,gold,1,false,225000000,52747849458862,76867,5,5,1500,11,0,0,0,0,1,262149,300000,52,1500,87.4,bonus_bs15_gae3_no,100,2575000,,,,,196,103,58,45,46,68,16,5,10,272,149,84,60,62,90,22,7,14
85010,2026-04-10 20:43:42,30,2,2,accumulation,goldSack,goldSack,gold,1,false,225000000,52748074458862,75367,5,5,1500,11,0,0,0,0,1,263649,300000,52,1500,87.9,bonus_bs15_gae3_no,100,2575000,,LongExtraDayReduced,,"{""slot_on_"":""55721\/56000@m25""}",197,103,58,45,46,69,16,5,10,273,149,84,60,62,91,22,7,14
85011,2026-04-10 20:43:44,1,1,4,coin,coin,steal,gold,1,false,75000000,52748149458862,73867,5,5,1500,11,0,1,0,0,0,263649,300000,52,0,87.9,bonus_bs15_gae3_no,100,2575000,,,,,198,103,59,45,46,69,16,5,10,274,149,85,60,62,91,22,7,14
85012,2026-04-10 20:43:45,1,1,1,coin,coin,coin,gold,1,true,375000000,52748524458862,72367,5,5,1500,11,0,0,0,0,0,263649,300000,52,0,87.9,bonus_bs15_gae3_no,100,2575000,,,,,199,103,59,45,46,69,16,5,10,275,149,85,60,62,91,22,7,14
85013,2026-04-10 20:43:46,1,1,1,coin,coin,coin,gold,1,true,375000000,52748899458862,70867,5,5,1500,11,0,0,0,0,0,263649,300000,52,0,87.9,bonus_bs15_gae3_no,100,2575000,,,LongExtraDayReduced,"{""slot_on_"":""1221\/60000@m26""}",200,103,59,45,46,69,16,5,10,276,149,85,60,62,91,22,7,14
85014,2026-04-10 20:43:51,1,4,4,coin,steal,steal,gold,1,false,37500000,52748936958862,71067,5,5,1500,11,0,2,0,0,0,263649,300000,52,0,87.9,bonus_bs15_gae3_no,100,2575000,,,,,201,103,61,45,46,69,16,5,10,277,149,87,60,62,91,22,7,14
85015,2026-04-10 20:43:52,30,30,30,accumulation,accumulation,accumulation,gold,10,true,0,52748936958862,69567,5,5,1500,11,0,0,0,0,3,278649,300000,52,15000,92.9,bonus_bs15_gae3_no,100,2575000,,,LongExtraDayReduced,"{""slot_on_"":""2721\/60000@m26""}",202,103,61,45,46,72,16,5,10,278,149,87,60,62,94,22,7,14
85016,2026-04-10 20:44:02,30,2,2,accumulation,goldSack,goldSack,gold,1,false,150000,52748937108862,69566,5,5,1,11,0,0,0,0,1,278650,300000,52,1,92.9,bonus_bs15_gae3_no,100,2575000,,,,,1,0,0,0,0,1,0,0,0,279,149,87,60,62,95,22,7,14
85017,2026-04-10 20:44:03,30,30,2,accumulation,accumulation,goldSack,gold,1,false,100000,52748937208862,69565,5,5,1,11,0,0,0,0,2,278652,300000,52,2,92.9,bonus_bs15_gae3_no,100,2575000,LongExtraDayReduced,,,"{""slot_on_"":""2722\/60000@m26"",""e190af25"":""9664\/75000@m19""}",2,0,0,0,0,3,0,0,0,280,149,87,60,62,97,22,7,14
85018,2026-04-10 20:44:04,3,3,2,attack,attack,goldSack,gold,1,false,100000,52748937308862,69564,5,5,1,11,2,0,0,0,0,278652,300000,52,0,92.9,bonus_bs15_gae3_no,100,2575000,,,,,3,2,0,0,0,3,0,0,0,281,151,87,60,62,97,22,7,14
85019,2026-04-10 20:44:05,6,6,2,spins,spins,goldSack,gold,1,false,100000,52748937408862,69563,5,5,1,11,0,0,0,2,0,278652,300000,52,0,92.9,bonus_bs15_gae3_no,100,2575000,,,,,4,2,0,0,2,3,0,0,0,282,151,87,60,64,97,22,7,14
85020,2026-04-10 20:44:06,2,2,2,goldSack,goldSack,goldSack,gold,1,true,2200000,52748939608862,69562,5,5,1,11,0,0,0,0,0,278652,300000,52,0,92.9,bonus_bs15_gae3_no,100,2575000,,,,"{""e190af25"":""9666\/75000@m19""}",5,2,0,0,2,3,0,0,0,283,151,87,60,64,97,22,7,14
85021,2026-04-10 20:44:07,3,1,6,attack,coin,spins,gold,1,false,25000,52748939633862,69561,5,5,1,11,1,0,0,1,0,278652,300000,52,0,92.9,bonus_bs15_gae3_no,100,2575000,,,,,6,3,0,0,3,3,0,0,0,284,152,87,60,65,97,22,7,14
85022,2026-04-10 20:44:08,30,2,2,accumulation,goldSack,goldSack,gold,1,false,150000,52748939783862,69560,5,5,1,11,0,0,0,0,1,278653,300000,52,1,92.9,bonus_bs15_gae3_no,100,2575000,LongExtraDayReduced,,,"{""slot_on_"":""2723\/60000@m26""}",7,3,0,0,3,4,0,0,0,285,152,87,60,65,98,22,7,14
85023,2026-04-10 20:44:09,3,3,2,attack,attack,goldSack,gold,1,false,100000,52748939883862,69559,5,5,1,11,2,0,0,0,0,278653,300000,52,0,92.9,bonus_bs15_gae3_no,100,2575000,,,,,8,5,0,0,3,4,0,0,0,286,154,87,60,65,98,22,7,14
85024,2026-04-10 20:44:10,1,1,4,coin,coin,steal,gold,1,false,50000,52748939933862,69558,5,5,1,11,0,1,0,0,0,278653,300000,52,0,92.9,bonus_bs15_gae3_no,100,2575000,,,,"{""e190af25"":""9668\/75000@m19""}",9,5,1,0,3,4,0,0,0,287,154,88,60,65,98,22,7,14
85025,2026-04-10 20:44:10,3,1,4,attack,coin,steal,gold,1,false,25000,52748939958862,69557,5,5,1,11,1,1,0,0,0,278653,300000,52,0,92.9,bonus_bs15_gae3_no,100,2575000,,,,,10,6,2,0,3,4,0,0,0,288,155,89,60,65,98,22,7,14
85026,2026-04-10 20:44:11,1,1,1,coin,coin,coin,gold,1,true,250000,52748940208862,69556,5,5,1,11,0,0,0,0,0,278653,300000,52,0,92.9,bonus_bs15_gae3_no,100,2575000,,LongExtraDayReduced,,"{""slot_on_"":""2724\/60000@m26"",""c5261ecd"":""623\/4200@m85""}",11,6,2,0,3,4,0,0,0,289,155,89,60,65,98,22,7,14
85027,2026-04-10 20:44:12,1,1,4,coin,coin,steal,gold,1,false,50000,52748940258862,69555,5,5,1,11,0,1,0,0,0,278653,300000,52,0,92.9,bonus_bs15_gae3_no,100,2575000,,,,,12,6,3,0,3,4,0,0,0,290,155,90,60,65,98,22,7,14
85028,2026-04-10 20:44:13,4,6,2,steal,spins,goldSack,gold,1,false,100000,52748940358862,69554,5,5,1,11,0,1,0,1,0,278653,300000,52,0,92.9,bonus_bs15_gae3_no,100,2575000,,LongExtraDayReduced,,"{""slot_on_"":""2725\/60000@m26""}",13,6,4,0,4,4,0,0,0,291,155,91,60,66,98,22,7,14
85029,2026-04-10 20:44:14,5,2,2,shield,goldSack,goldSack,gold,1,false,150000,52748940508862,69553,5,5,1,11,0,0,1,0,0,278653,300000,52,0,92.9,bonus_bs15_gae3_no,100,2575000,,,,,14,6,4,1,4,4,0,0,0,292,155,91,61,66,98,22,7,14
85030,2026-04-10 20:44:14,2,2,2,goldSack,goldSack,goldSack,gold,1,true,2200000,52748942708862,69552,5,5,1,11,0,0,0,0,0,278653,300000,52,0,92.9,bonus_bs15_gae3_no,100,2575000,,,,,15,6,4,1,4,4,0,0,0,293,155,91,61,66,98,22,7,14
85031,2026-04-10 20:44:15,3,3,3,attack,attack,attack,attack,2,true,0,52748942708862,69551,5,5,1,11,3,0,0,0,0,278653,300000,52,0,92.9,bonus_bs15_gae3_no,100,2575000,,,LongExtraDayReduced,"{""slot_on_"":""2726\/60000@m26""}",16,9,4,1,4,4,1,0,0,294,158,91,61,66,98,23,7,14
85032,2026-04-10 20:44:21,5,5,5,shield,shield,shield,shield,3,true,50,52748951948862,69551,5,5,50,11,0,0,3,0,0,278653,300000,52,0,92.9,bonus_bs15_gae3_no,100,2575000,,,,,17,9,4,4,4,4,1,0,1,295,158,91,64,66,98,23,7,15
85033,2026-04-10 20:44:23,1,4,5,coin,steal,shield,gold,1,false,1250000,52748953198862,69501,5,5,50,11,0,1,1,0,0,278653,300000,52,0,92.9,bonus_bs15_gae3_no,100,2575000,,,,,18,9,5,5,4,4,1,0,1,296,158,92,65,66,98,23,7,15
85034,2026-04-10 20:44:23,1,4,5,coin,steal,shield,gold,1,false,1250000,52748954448862,69451,5,5,50,11,0,1,1,0,0,278653,300000,52,0,92.9,bonus_bs15_gae3_no,100,2575000,,,LongExtraDayReduced,"{""slot_on_"":""2776\/60000@m26""}",19,9,6,6,4,4,1,0,1,297,158,93,66,66,98,23,7,15
85035,2026-04-10 20:44:24,5,5,5,shield,shield,shield,shield,3,true,50,52748954448862,69451,5,5,50,11,0,0,3,0,0,278653,300000,52,0,92.9,bonus_bs15_gae3_no,100,2575000,,,,"{""e190af25"":""9768\/75000@m19""}",20,9,6,9,4,4,1,0,2,298,158,93,69,66,98,23,7,16
85036,2026-04-10 20:44:25,3,3,3,attack,attack,attack,attack,2,true,0,52748954448862,69401,5,5,50,11,3,0,0,0,0,278653,300000,52,0,92.9,bonus_bs15_gae3_no,100,2575000,,,,,21,12,6,9,4,4,2,0,2,299,161,93,69,66,98,24,7,16
85037,2026-04-10 20:44:29,3,6,2,attack,spins,goldSack,gold,1,false,5000000,52749421448862,69351,5,5,50,11,1,0,0,1,0,278653,300000,52,0,92.9,bonus_bs15_gae3_no,100,2575000,,,,,22,13,6,9,5,4,2,0,2,300,162,93,69,67,98,24,7,16
85038,2026-04-10 20:44:29,30,30,30,accumulation,accumulation,accumulation,gold,10,true,0,52749421448862,69301,5,5,50,11,0,0,0,0,3,279153,300000,52,500,93.1,bonus_bs15_gae3_no,100,2575000,LongExtraDayReduced,,LongExtraDayReduced,"{""slot_on_"":""2876\/60000@m26""}",23,13,6,9,5,7,2,0,2,301,162,93,69,67,101,24,7,16
85039,2026-04-10 20:44:30,3,6,2,attack,spins,goldSack,gold,1,false,5000000,52749426448862,69251,5,5,50,11,1,0,0,1,0,279153,300000,52,0,93.1,bonus_bs15_gae3_no,100,2575000,,,LongExtraDayReduced,"{""slot_on_"":""2926\/60000@m26""}",1,1,0,0,1,0,0,0,0,302,163,93,69,68,101,24,7,16
85040,2026-04-10 20:44:32,3,3,3,attack,attack,attack,attack,2,true,0,52749426448862,69201,5,5,50,11,3,0,0,0,0,279153,300000,52,0,93.1,bonus_bs15_gae3_no,100,2575000,,,,,2,4,0,0,1,0,1,0,0,303,166,93,69,68,101,25,7,16
85041,2026-04-10 20:44:39,1,4,5,coin,steal,shield,gold,1,false,1250000,52750827698862,69151,5,5,50,11,0,1,1,0,0,279153,300000,52,0,93.1,bonus_bs15_gae3_no,100,2575000,,,,,3,4,1,1,1,0,1,0,0,304,166,94,70,68,101,25,7,16
85042,2026-04-10 20:44:44,1,1,1,coin,coin,coin,gold,1,true,12500000,52750840198862,69101,5,5,50,11,0,0,0,0,0,279153,300000,52,0,93.1,bonus_bs15_gae3_no,100,2575000,,,,,4,4,1,1,1,0,1,0,0,305,166,94,70,68,101,25,7,16
85043,2026-04-10 20:44:45,3,3,2,attack,attack,goldSack,gold,1,false,5000000,52750845198862,69051,5,5,50,11,2,0,0,0,0,279153,300000,52,0,93.1,bonus_bs15_gae3_no,100,2575000,,,,,5,6,1,1,1,0,1,0,0,306,168,94,70,68,101,25,7,16
85044,2026-04-10 20:44:46,3,6,2,attack,spins,goldSack,gold,1,false,5000000,52750850198862,69001,5,5,50,11,1,0,0,1,0,279153,300000,52,0,93.1,bonus_bs15_gae3_no,100,2575000,,,,"{""c5261ecd"":""723\/4200@m85""}",6,7,1,1,2,0,1,0,0,307,169,94,70,69,101,25,7,16
85045,2026-04-10 20:44:47,1,1,1,coin,coin,coin,gold,1,true,12500000,52750862698862,68951,5,5,50,11,0,0,0,0,0,279153,300000,52,0,93.1,bonus_bs15_gae3_no,100,2575000,,,,,7,7,1,1,2,0,1,0,0,308,169,94,70,69,101,25,7,16
85046,2026-04-10 20:44:47,1,5,5,coin,shield,shield,gold,1,false,1250000,52750863948862,68901,5,5,50,11,0,0,2,0,0,279153,300000,52,0,93.1,bonus_bs15_gae3_no,100,2575000,,,,,8,7,1,3,2,0,1,0,0,309,169,94,72,69,101,25,7,16
85047,2026-04-10 20:44:48,30,30,1,accumulation,accumulation,coin,gold,1,false,1250000,52750865198862,68851,5,5,50,11,0,0,0,0,2,279253,300000,52,100,93.1,bonus_bs15_gae3_no,100,2575000,,,,,9,7,1,3,2,2,1,0,0,310,169,94,72,69,103,25,7,16
85048,2026-04-10 20:44:49,2,2,2,goldSack,goldSack,goldSack,gold,1,true,110000000,52750975198862,68801,5,5,50,11,0,0,0,0,0,279253,300000,52,0,93.1,bonus_bs15_gae3_no,100,2575000,LongExtraDayReduced,,,"{""slot_on_"":""2976\/60000@m26"",""e190af25"":""9868\/75000@m19""}",10,7,1,3,2,2,1,0,0,311,169,94,72,69,103,25,7,16
85049,2026-04-10 20:44:50,3,3,3,attack,attack,attack,attack,2,true,0,52750975198862,68751,5,5,50,11,3,0,0,0,0,279253,300000,52,0,93.1,bonus_bs15_gae3_no,100,2575000,,,,,11,10,1,3,2,2,2,0,0,312,172,94,72,69,103,26,7,16
85050,2026-04-10 20:44:54,3,3,3,attack,attack,attack,attack,2,true,0,52752375198862,68701,5,5,50,11,3,0,0,0,0,279253,300000,52,0,93.1,bonus_bs15_gae3_no,100,2575000,,,,,12,13,1,3,2,2,3,0,0,313,175,94,72,69,103,27,7,16
85051,2026-04-10 20:44:58,6,6,6,spins,spins,spins,spins,5,true,500,52752837198862,69151,5,5,50,11,0,0,0,3,0,279253,300000,52,0,93.1,bonus_bs15_gae3_no,100,2575000,,,,,13,13,1,3,5,2,3,0,0,314,175,94,72,72,103,27,7,16
85052,2026-04-10 20:44:59,30,30,3,accumulation,accumulation,attack,gold,6,false,0,52752837198862,69101,5,5,50,11,1,0,0,0,2,279353,300000,52,100,93.1,bonus_bs15_gae3_no,100,2575000,,,,,14,14,1,3,5,4,3,0,0,1,1,0,0,0,2,0,0,0
85053,2026-04-10 20:45:00,1,1,4,coin,coin,steal,gold,1,false,2500000,52752839698862,69051,5,5,50,11,0,1,0,0,0,279353,300000,52,0,93.1,bonus_bs15_gae3_no,100,2575000,,,LongExtraDayReduced,"{""slot_on_"":""3026\/60000@m26""}",15,14,2,3,5,4,3,0,0,2,1,1,0,0,2,0,0,0
85054,2026-04-10 20:45:01,3,6,2,attack,spins,goldSack,gold,1,false,5000000,52752844698862,69001,5,5,50,11,1,0,0,1,0,279353,300000,52,0,93.1,bonus_bs15_gae3_no,100,2575000,,,,"{""e190af25"":""9968\/75000@m19""}",16,15,2,3,6,4,3,0,0,3,2,1,0,1,2,0,0,0
85055,2026-04-10 20:45:02,1,1,1,coin,coin,coin,gold,1,true,12500000,52752857198862,68951,5,5,50,11,0,0,0,0,0,279353,300000,52,0,93.1,bonus_bs15_gae3_no,100,2575000,,,,,17,15,2,3,6,4,3,0,0,4,2,1,0,1,2,0,0,0
85056,2026-04-10 20:45:02,2,2,2,goldSack,goldSack,goldSack,gold,1,true,110000000,52752967198862,68901,5,5,50,11,0,0,0,0,0,279353,300000,52,0,93.1,bonus_bs15_gae3_no,100,2575000,,,,,18,15,2,3,6,4,3,0,0,5,2,1,0,1,2,0,0,0
85057,2026-04-10 20:45:03,1,6,6,coin,spins,spins,gold,1,false,1250000,52752968448862,68851,5,5,50,11,0,0,0,2,0,279353,300000,52,0,93.1,bonus_bs15_gae3_no,100,2575000,,,,,19,15,2,3,8,4,3,0,0,6,2,1,0,3,2,0,0,0
85058,2026-04-10 20:45:04,1,4,5,coin,steal,shield,gold,1,false,1250000,52752969698862,68801,5,5,50,11,0,1,1,0,0,279353,300000,52,0,93.1,bonus_bs15_gae3_no,100,2575000,,,,,20,15,3,4,8,4,3,0,0,7,2,2,1,3,2,0,0,0
85059,2026-04-10 20:45:05,3,6,2,attack,spins,goldSack,gold,1,false,5000000,52752974698862,68751,5,5,50,11,1,0,0,1,0,279353,300000,52,0,93.1,bonus_bs15_gae3_no,100,2575000,,,,,21,16,3,4,9,4,3,0,0,8,3,2,1,4,2,0,0,0
85060,2026-04-10 20:45:05,1,4,5,coin,steal,shield,gold,1,false,1250000,52752975948862,68701,5,5,50,11,0,1,1,0,0,279353,300000,52,0,93.1,bonus_bs15_gae3_no,100,2575000,,,,,22,16,4,5,9,4,3,0,0,9,3,3,2,4,2,0,0,0
85061,2026-04-10 20:45:09,1,4,4,coin,steal,steal,gold,1,false,375000,52752976323862,68686,5,5,15,11,0,2,0,0,0,279353,300000,52,0,93.1,bonus_bs15_gae3_no,100,2575000,,,LongExtraDayReduced,"{""slot_on_"":""3041\/60000@m26""}",23,16,6,5,9,4,3,0,0,10,3,5,2,4,2,0,0,0
85062,2026-04-10 20:45:10,3,3,2,attack,attack,goldSack,gold,1,false,1500000,52752977823862,68671,5,5,15,11,2,0,0,0,0,279353,300000,52,0,93.1,bonus_bs15_gae3_no,100,2575000,,,,,24,18,6,5,9,4,3,0,0,11,5,5,2,4,2,0,0,0
85063,2026-04-10 20:45:11,3,3,3,attack,attack,attack,attack,2,true,0,52752977823862,68656,5,5,15,11,3,0,0,0,0,279353,300000,52,0,93.1,bonus_bs15_gae3_no,100,2575000,,,,,25,21,6,5,9,4,4,0,0,12,8,5,2,4,2,1,0,0
85064,2026-04-10 20:45:16,3,3,2,attack,attack,goldSack,gold,1,false,1500000,52753117923862,68641,5,5,15,11,2,0,0,0,0,279353,300000,52,0,93.1,bonus_bs15_gae3_no,100,2575000,,LongExtraDayReduced,,"{""slot_on_"":""3056\/60000@m26""}",26,23,6,5,9,4,4,0,0,13,10,5,2,4,2,1,0,0
85065,2026-04-10 20:45:16,3,6,2,attack,spins,goldSack,gold,1,false,1500000,52753119423862,68626,5,5,15,11,1,0,0,1,0,279353,300000,52,0,93.1,bonus_bs15_gae3_no,100,2575000,,,,,27,24,6,5,10,4,4,0,0,14,11,5,2,5,2,1,0,0
85066,2026-04-10 20:45:17,3,3,2,attack,attack,goldSack,gold,1,false,1500000,52753120923862,68611,5,5,15,11,2,0,0,0,0,279353,300000,52,0,93.1,bonus_bs15_gae3_no,100,2575000,,,,,28,26,6,5,10,4,4,0,0,15,13,5,2,5,2,1,0,0
85067,2026-04-10 20:45:17,3,1,5,attack,coin,shield,gold,1,false,375000,52753121298862,68596,5,5,15,11,1,0,1,0,0,279353,300000,52,0,93.1,bonus_bs15_gae3_no,100,2575000,,,,,29,27,6,6,10,4,4,0,0,16,14,5,3,5,2,1,0,0
85068,2026-04-10 20:45:18,3,1,4,attack,coin,steal,gold,1,false,375000,52753121673862,68581,5,5,15,11,1,1,0,0,0,279353,300000,52,0,93.1,bonus_bs15_gae3_no,100,2575000,,,,"{""e190af25"":""9998\/75000@m19""}",30,28,7,6,10,4,4,0,0,17,15,6,3,5,2,1,0,0
85069,2026-04-10 20:45:19,3,3,2,attack,attack,goldSack,gold,1,false,1500000,52753123173862,68566,5,5,15,11,2,0,0,0,0,279353,300000,52,0,93.1,bonus_bs15_gae3_no,100,2575000,,,,"{""c5261ecd"":""753\/4200@m85""}",31,30,7,6,10,4,4,0,0,18,17,6,3,5,2,1,0,0
85070,2026-04-10 20:45:20,30,2,2,accumulation,goldSack,goldSack,gold,1,false,2250000,52753125423862,68551,5,5,15,11,0,0,0,0,1,279368,300000,52,15,93.1,bonus_bs15_gae3_no,100,2575000,,,,,32,30,7,6,10,5,4,0,0,19,17,6,3,5,3,1,0,0
85071,2026-04-10 20:45:21,1,4,6,coin,steal,spins,gold,1,false,375000,52753125798862,68536,5,5,15,11,0,1,0,1,0,279368,300000,52,0,93.1,bonus_bs15_gae3_no,100,2575000,LongExtraDayReduced,LongExtraDayReduced,LongExtraDayReduced,"{""slot_on_"":""3131\/60000@m26""}",33,30,8,6,11,5,4,0,0,20,17,7,3,6,3,1,0,0
85072,2026-04-10 20:45:22,2,2,2,goldSack,goldSack,goldSack,gold,1,true,110000000,52753235798862,68486,5,5,50,11,0,0,0,0,0,279368,300000,52,0,93.1,bonus_bs15_gae3_no,100,2575000,,,,,34,30,8,6,11,5,4,0,0,21,17,7,3,6,3,1,0,0
85073,2026-04-10 20:45:23,6,6,2,spins,spins,goldSack,gold,1,false,5000000,52753240798862,68436,5,5,50,11,0,0,0,2,0,279368,300000,52,0,93.1,bonus_bs15_gae3_no,100,2575000,,,,,35,30,8,6,13,5,4,0,0,22,17,7,3,8,3,1,0,0
85074,2026-04-10 20:45:24,30,30,1,accumulation,accumulation,coin,gold,1,false,1250000,52753242048862,68386,5,5,50,11,0,0,0,0,2,279468,300000,52,100,93.2,bonus_bs15_gae3_no,100,2575000,,LongExtraDayReduced,,"{""slot_on_"":""3181\/60000@m26""}",36,30,8,6,13,7,4,0,0,23,17,7,3,8,5,1,0,0
85075,2026-04-10 20:45:25,1,4,6,coin,steal,spins,gold,1,false,1250000,52753243298862,68336,5,5,50,11,0,1,0,1,0,279468,300000,52,0,93.2,bonus_bs15_gae3_no,100,2575000,,,,,37,30,9,6,14,7,4,0,0,24,17,8,3,9,5,1,0,0
85076,2026-04-10 20:45:26,30,2,2,accumulation,goldSack,goldSack,gold,1,false,7500000,52753250798862,68286,5,5,50,11,0,0,0,0,1,279518,300000,52,50,93.2,bonus_bs15_gae3_no,100,2575000,,,,,38,30,9,6,14,8,4,0,0,25,17,8,3,9,6,1,0,0
85077,2026-04-10 20:45:27,1,4,6,coin,steal,spins,gold,1,false,1250000,52753252048862,68236,5,5,50,11,0,1,0,1,0,279518,300000,52,0,93.2,bonus_bs15_gae3_no,100,2575000,,,LongExtraDayReduced,"{""slot_on_"":""3231\/60000@m26""}",39,30,10,6,15,8,4,0,0,26,17,9,3,10,6,1,0,0
85078,2026-04-10 20:45:28,1,1,4,coin,coin,steal,gold,1,false,2500000,52753254548862,68186,5,5,50,11,0,1,0,0,0,279518,300000,52,0,93.2,bonus_bs15_gae3_no,100,2575000,,,,,40,30,11,6,15,8,4,0,0,27,17,10,3,10,6,1,0,0
85079,2026-04-10 20:45:29,3,1,4,attack,coin,steal,gold,1,false,1250000,52753255798862,68136,5,5,50,11,1,1,0,0,0,279518,300000,52,0,93.2,bonus_bs15_gae3_no,100,2575000,,,,"{""e190af25"":""10098\/75000@m19""}",41,31,12,6,15,8,4,0,0,28,18,11,3,10,6,1,0,0
85080,2026-04-10 20:45:30,3,3,3,attack,attack,attack,attack,2,true,0,52753255798862,68086,5,5,50,11,3,0,0,0,0,279518,300000,52,0,93.2,bonus_bs15_gae3_no,100,2575000,,,,,42,34,12,6,15,8,5,0,0,29,21,11,3,10,6,2,0,0
85081,2026-04-10 20:45:34,30,30,1,accumulation,accumulation,coin,gold,1,false,1250000,52754657048862,68036,5,5,50,11,0,0,0,0,2,279618,300000,52,100,93.2,bonus_bs15_gae3_no,100,2575000,,,LongExtraDayReduced,"{""slot_on_"":""3281\/60000@m26""}",43,34,12,6,15,10,5,0,0,30,21,11,3,10,8,2,0,0
85082,2026-04-10 20:45:35,1,1,1,coin,coin,coin,gold,1,true,12500000,52754669548862,67986,5,5,50,11,0,0,0,0,0,279618,300000,52,0,93.2,bonus_bs15_gae3_no,100,2575000,,,,,44,34,12,6,15,10,5,0,0,31,21,11,3,10,8,2,0,0
85083,2026-04-10 20:45:36,30,2,2,accumulation,goldSack,goldSack,gold,1,false,7500000,52754677048862,67936,5,5,50,11,0,0,0,0,1,279668,300000,52,50,93.2,bonus_bs15_gae3_no,100,2575000,,,,,45,34,12,6,15,11,5,0,0,32,21,11,3,10,9,2,0,0
85084,2026-04-10 20:45:37,1,1,1,coin,coin,coin,gold,1,true,12500000,52754689548862,67886,5,5,50,11,0,0,0,0,0,279668,300000,52,0,93.2,bonus_bs15_gae3_no,100,2575000,,,,,46,34,12,6,15,11,5,0,0,33,21,11,3,10,9,2,0,0
85085,2026-04-10 20:45:37,3,3,1,attack,attack,coin,gold,1,false,1250000,52754690798862,67836,5,5,50,11,2,0,0,0,0,279668,300000,52,0,93.2,bonus_bs15_gae3_no,100,2575000,LongExtraDayReduced,LongExtraDayReduced,,"{""slot_on_"":""3381\/60000@m26""}",47,36,12,6,15,11,5,0,0,34,23,11,3,10,9,2,0,0
85086,2026-04-10 20:45:38,1,4,6,coin,steal,spins,gold,1,false,1250000,52754692048862,67786,5,5,50,11,0,1,0,1,0,279668,300000,52,0,93.2,bonus_bs15_gae3_no,100,2575000,,,,,48,36,13,6,16,11,5,0,0,35,23,12,3,11,9,2,0,0
85087,2026-04-10 20:45:39,2,2,2,goldSack,goldSack,goldSack,gold,1,true,110000000,52754802048862,67736,5,5,50,11,0,0,0,0,0,279668,300000,52,0,93.2,bonus_bs15_gae3_no,100,2575000,,,,,49,36,13,6,16,11,5,0,0,36,23,12,3,11,9,2,0,0
85088,2026-04-10 20:45:40,1,1,4,coin,coin,steal,gold,1,false,2500000,52754804548862,67686,5,5,50,11,0,1,0,0,0,279668,300000,52,0,93.2,bonus_bs15_gae3_no,100,2575000,,,,,50,36,14,6,16,11,5,0,0,37,23,13,3,11,9,2,0,0
85089,2026-04-10 20:45:40,6,6,6,spins,spins,spins,spins,5,true,500,52754804548862,68136,5,5,50,11,0,0,0,3,0,279668,300000,52,0,93.2,bonus_bs15_gae3_no,100,2575000,LongExtraDayReduced,,LongExtraDayReduced,"{""slot_on_"":""3481\/60000@m26""}",51,36,14,6,19,11,5,0,0,38,23,13,3,14,9,2,0,0
85090,2026-04-10 20:45:43,1,1,1,coin,coin,coin,gold,1,true,12500000,52754817048862,68086,5,5,50,11,0,0,0,0,0,279668,300000,52,0,93.2,bonus_bs15_gae3_no,100,2575000,,LongExtraDayReduced,LongExtraDayReduced,"{""slot_on_"":""3581\/60000@m26""}",52,36,14,6,19,11,5,0,0,1,0,0,0,0,0,0,0,0
85091,2026-04-10 20:45:44,3,3,1,attack,attack,coin,gold,1,false,1250000,52754818298862,68036,5,5,50,11,2,0,0,0,0,279668,300000,52,0,93.2,bonus_bs15_gae3_no,100,2575000,,,,"{""c5261ecd"":""853\/4200@m85""}",53,38,14,6,19,11,5,0,0,2,2,0,0,0,0,0,0,0
85092,2026-04-10 20:45:45,3,3,3,attack,attack,attack,attack,2,true,0,52754818298862,67986,5,5,50,11,3,0,0,0,0,279668,300000,52,0,93.2,bonus_bs15_gae3_no,100,2575000,,,,,54,41,14,6,19,11,6,0,0,3,5,0,0,0,0,1,0,0
85093,2026-04-10 20:45:48,1,1,1,coin,coin,coin,gold,1,true,12500000,52756230798862,67936,5,5,50,11,0,0,0,0,0,279668,300000,52,0,93.2,bonus_bs15_gae3_no,100,2575000,,,,,55,41,14,6,19,11,6,0,0,4,5,0,0,0,0,1,0,0
85094,2026-04-10 20:45:49,1,1,4,coin,coin,steal,gold,1,false,2500000,52756233298862,67886,5,5,50,11,0,1,0,0,0,279668,300000,52,0,93.2,bonus_bs15_gae3_no,100,2575000,,,,,56,41,15,6,19,11,6,0,0,5,5,1,0,0,0,1,0,0
85095,2026-04-10 20:45:50,4,4,2,steal,steal,goldSack,gold,1,false,5000000,52756238298862,67836,5,5,50,11,0,2,0,0,0,279668,300000,52,0,93.2,bonus_bs15_gae3_no,100,2575000,,,,"{""e190af25"":""10198\/75000@m19""}",57,41,17,6,19,11,6,0,0,6,5,3,0,0,0,1,0,0
85096,2026-04-10 20:45:51,3,6,2,attack,spins,goldSack,gold,1,false,5000000,52756243298862,67786,5,5,50,11,1,0,0,1,0,279668,300000,52,0,93.2,bonus_bs15_gae3_no,100,2575000,,,,,58,42,17,6,20,11,6,0,0,7,6,3,0,1,0,1,0,0
85097,2026-04-10 20:45:51,30,2,2,accumulation,goldSack,goldSack,gold,1,false,7500000,52756250798862,67736,5,5,50,11,0,0,0,0,1,279718,300000,52,50,93.2,bonus_bs15_gae3_no,100,2575000,,,,,59,42,17,6,20,12,6,0,0,8,6,3,0,1,1,1,0,0
85098,2026-04-10 20:45:53,3,6,2,attack,spins,goldSack,gold,1,false,5000000,52756255798862,67686,5,5,50,11,1,0,0,1,0,279718,300000,52,0,93.2,bonus_bs15_gae3_no,100,2575000,,,,,60,43,17,6,21,12,6,0,0,9,7,3,0,2,1,1,0,0
85099,2026-04-10 20:45:54,3,1,4,attack,coin,steal,gold,1,false,1250000,52756257048862,67636,5,5,50,11,1,1,0,0,0,279718,300000,52,0,93.2,bonus_bs15_gae3_no,100,2575000,LongExtraDayReduced,,,"{""slot_on_"":""3631\/60000@m26""}",61,44,18,6,21,12,6,0,0,10,8,4,0,2,1,1,0,0
85100,2026-04-10 20:45:56,1,1,4,coin,coin,steal,gold,1,false,20000000,52756277048862,67236,5,5,400,11,0,1,0,0,0,279718,300000,52,0,93.2,bonus_bs15_gae3_no,100,2575000,,,,,62,44,19,6,21,12,6,0,0,11,8,5,0,2,1,1,0,0
85101,2026-04-10 20:45:57,6,6,6,spins,spins,spins,spins,5,true,4000,52756277048862,70836,5,5,400,11,0,0,0,3,0,279718,300000,52,0,93.2,bonus_bs15_gae3_no,100,2575000,,,,,63,44,19,6,24,12,6,0,0,12,8,5,0,5,1,1,0,0
85102,2026-04-10 20:46:02,3,3,1,attack,attack,coin,gold,1,false,1250000,52756278298862,70786,5,5,50,11,2,0,0,0,0,279718,300000,52,0,93.2,bonus_bs15_gae3_no,100,2575000,,LongExtraDayReduced,,"{""slot_on_"":""3681\/60000@m26""}",64,46,19,6,24,12,6,0,0,1,2,0,0,0,0,0,0,0
85103,2026-04-10 20:46:03,30,2,2,accumulation,goldSack,goldSack,gold,1,false,7500000,52756285798862,70736,5,5,50,11,0,0,0,0,1,279768,300000,52,50,93.3,bonus_bs15_gae3_no,100,2575000,,,,,65,46,19,6,24,13,6,0,0,2,2,0,0,0,1,0,0,0
85104,2026-04-10 20:46:04,30,2,2,accumulation,goldSack,goldSack,gold,1,false,7500000,52756293298862,70686,5,5,50,11,0,0,0,0,1,279818,300000,52,50,93.3,bonus_bs15_gae3_no,100,2575000,,LongExtraDayReduced,,"{""slot_on_"":""3731\/60000@m26""}",66,46,19,6,24,14,6,0,0,3,2,0,0,0,2,0,0,0
85105,2026-04-10 20:46:05,3,6,2,attack,spins,goldSack,gold,1,false,5000000,52756298298862,70636,5,5,50,11,1,0,0,1,0,279818,300000,52,0,93.3,bonus_bs15_gae3_no,100,2575000,LongExtraDayReduced,,,"{""slot_on_"":""3781\/60000@m26""}",67,47,19,6,25,14,6,0,0,4,3,0,0,1,2,0,0,0
85106,2026-04-10 20:46:06,30,2,2,accumulation,goldSack,goldSack,gold,1,false,7500000,52756305798862,70586,5,5,50,11,0,0,0,0,1,279868,300000,52,50,93.3,bonus_bs15_gae3_no,100,2575000,,,,,68,47,19,6,25,15,6,0,0,5,3,0,0,1,3,0,0,0
85107,2026-04-10 20:46:08,1,5,5,coin,shield,shield,gold,1,false,1250000,52756307048862,70536,5,5,50,11,0,0,2,0,0,279868,300000,52,0,93.3,bonus_bs15_gae3_no,100,2575000,,,LongExtraDayReduced,"{""slot_on_"":""3831\/60000@m26""}",69,47,19,8,25,15,6,0,0,6,3,0,2,1,3,0,0,0
85108,2026-04-10 20:46:09,3,6,2,attack,spins,goldSack,gold,1,false,5000000,52756312048862,70486,5,5,50,11,1,0,0,1,0,279868,300000,52,0,93.3,bonus_bs15_gae3_no,100,2575000,,,,,70,48,19,8,26,15,6,0,0,7,4,0,2,2,3,0,0,0
85109,2026-04-10 20:46:10,30,30,1,accumulation,accumulation,coin,gold,1,false,1250000,52756313298862,70436,5,5,50,11,0,0,0,0,2,279968,300000,52,100,93.3,bonus_bs15_gae3_no,100,2575000,,,,,71,48,19,8,26,17,6,0,0,8,4,0,2,2,5,0,0,0
85110,2026-04-10 20:46:11,3,6,2,attack,spins,goldSack,gold,1,false,5000000,52756318298862,70386,5,5,50,11,1,0,0,1,0,279968,300000,52,0,93.3,bonus_bs15_gae3_no,100,2575000,,,,"{""e190af25"":""10298\/75000@m19""}",72,49,19,8,27,17,6,0,0,9,5,0,2,3,5,0,0,0
85111,2026-04-10 20:46:13,30,30,1,accumulation,accumulation,coin,gold,1,false,10000000,52756328298862,69986,5,5,400,11,0,0,0,0,2,280768,300000,52,800,93.6,bonus_bs15_gae3_no,100,2575000,LongExtraDayReduced,,,"{""slot_on_"":""4231\/60000@m26""}",73,49,19,8,27,19,6,0,0,10,5,0,2,3,7,0,0,0
85112,2026-04-10 20:46:14,4,6,2,steal,spins,goldSack,gold,1,false,40000000,52756368298862,69586,5,5,400,11,0,1,0,1,0,280768,300000,52,0,93.6,bonus_bs15_gae3_no,100,2575000,,,,,74,49,20,8,28,19,6,0,0,11,5,1,2,4,7,0,0,0
85113,2026-04-10 20:46:15,3,3,2,attack,attack,goldSack,gold,1,false,40000000,52756408298862,69186,5,5,400,11,2,0,0,0,0,280768,300000,52,0,93.6,bonus_bs15_gae3_no,100,2575000,,,,,75,51,20,8,28,19,6,0,0,12,7,1,2,4,7,0,0,0
85114,2026-04-10 20:46:16,30,2,2,accumulation,goldSack,goldSack,gold,1,false,60000000,52756468298862,68786,5,5,400,11,0,0,0,0,1,281168,300000,52,400,93.7,bonus_bs15_gae3_no,100,2575000,,,LongExtraDayReduced,"{""e190af25"":""11098\/75000@m19"",""slot_on_"":""4631\/60000@m26"",""c5261ecd"":""1653\/4200@m85""}",76,51,20,8,28,20,6,0,0,13,7,1,2,4,8,0,0,0
85115,2026-04-10 20:46:18,30,30,30,accumulation,accumulation,accumulation,gold,10,true,0,52756468298862,68386,5,5,400,11,0,0,0,0,3,285168,300000,52,4000,95.1,bonus_bs15_gae3_no,100,2575000,,,,,77,51,20,8,28,23,6,0,0,14,7,1,2,4,11,0,0,0
85116,2026-04-10 20:46:22,2,2,2,goldSack,goldSack,goldSack,gold,1,true,2200000,52756470498862,68385,5,5,1,11,0,0,0,0,0,285168,300000,52,0,95.1,bonus_bs15_gae3_no,100,2575000,,,,,1,0,0,0,0,0,0,0,0,15,7,1,2,4,11,0,0,0
85117,2026-04-10 20:46:23,30,30,1,accumulation,accumulation,coin,gold,1,false,25000,52756470523862,68384,5,5,1,11,0,0,0,0,2,285170,300000,52,2,95.1,bonus_bs15_gae3_no,100,2575000,,,,,2,0,0,0,0,2,0,0,0,16,7,1,2,4,13,0,0,0
85118,2026-04-10 20:46:24,4,6,2,steal,spins,goldSack,gold,1,false,100000,52756470623862,68383,5,5,1,11,0,1,0,1,0,285170,300000,52,0,95.1,bonus_bs15_gae3_no,100,2575000,,,,,3,0,1,0,1,2,0,0,0,17,7,2,2,5,13,0,0,0
85119,2026-04-10 20:46:24,4,6,2,steal,spins,goldSack,gold,1,false,100000,52756470723862,68382,5,5,1,11,0,1,0,1,0,285170,300000,52,0,95.1,bonus_bs15_gae3_no,100,2575000,,,,,4,0,2,0,2,2,0,0,0,18,7,3,2,6,13,0,0,0
85120,2026-04-10 20:46:25,4,4,4,steal,steal,steal,steal,4,true,0,52756470723862,68381,5,5,1,11,0,3,0,0,0,285170,300000,52,0,95.1,bonus_bs15_gae3_no,100,2575000,,,,,5,0,5,0,2,2,0,1,0,19,7,6,2,6,13,0,1,0
85121,2026-04-10 20:46:32,3,1,1,attack,coin,coin,gold,1,false,50000,52756961369382,68380,5,5,1,11,1,0,0,0,0,285170,300000,52,0,95.1,bonus_bs15_gae3_no,100,2575000,LongExtraDayReduced,,LongExtraDayReduced,"{""slot_on_"":""4633\/60000@m26""}",6,1,5,0,2,2,0,1,0,20,8,6,2,6,13,0,1,0
85122,2026-04-10 20:46:35,3,4,2,attack,steal,goldSack,gold,1,false,5000000,52756966369382,68330,5,5,50,11,1,1,0,0,0,285170,300000,52,0,95.1,bonus_bs15_gae3_no,100,2575000,,,,,7,2,6,0,2,2,0,1,0,21,9,7,2,6,13,0,1,0
85123,2026-04-10 20:46:36,1,1,6,coin,coin,spins,gold,1,false,2500000,52756968869382,68280,5,5,50,11,0,0,0,1,0,285170,300000,52,0,95.1,bonus_bs15_gae3_no,100,2575000,,,,"{""e190af25"":""11198\/75000@m19""}",8,2,6,0,3,2,0,1,0,22,9,7,2,7,13,0,1,0
85124,2026-04-10 20:46:37,3,3,3,attack,attack,attack,attack,2,true,0,52756968869382,68230,5,5,50,11,3,0,0,0,0,285170,300000,52,0,95.1,bonus_bs15_gae3_no,100,2575000,,,,,9,5,6,0,3,2,1,1,0,23,12,7,2,7,13,1,1,0
85125,2026-04-10 20:46:40,3,4,2,attack,steal,goldSack,gold,1,false,5000000,52758373869382,68180,5,5,50,11,1,1,0,0,0,285170,300000,52,0,95.1,bonus_bs15_gae3_no,100,2575000,,,LongExtraDayReduced,"{""slot_on_"":""4683\/60000@m26""}",10,6,7,0,3,2,1,1,0,24,13,8,2,7,13,1,1,0
85126,2026-04-10 20:46:43,2,2,2,goldSack,goldSack,goldSack,gold,1,true,880000000,52759253869382,67780,5,5,400,11,0,0,0,0,0,285170,300000,52,0,95.1,bonus_bs15_gae3_no,100,2575000,,,,,11,6,7,0,3,2,1,1,0,25,13,8,2,7,13,1,1,0
85127,2026-04-10 20:46:44,3,3,2,attack,attack,goldSack,gold,1,false,40000000,52759293869382,67380,5,5,400,11,2,0,0,0,0,285170,300000,52,0,95.1,bonus_bs15_gae3_no,100,2575000,,,,,12,8,7,0,3,2,1,1,0,26,15,8,2,7,13,1,1,0
85128,2026-04-10 20:46:45,3,4,2,attack,steal,goldSack,gold,1,false,40000000,52759333869382,66980,5,5,400,11,1,1,0,0,0,285170,300000,52,0,95.1,bonus_bs15_gae3_no,100,2575000,,,,,13,9,8,0,3,2,1,1,0,27,16,9,2,7,13,1,1,0
85129,2026-04-10 20:46:46,1,1,6,coin,coin,spins,gold,1,false,20000000,52759353869382,66580,5,5,400,11,0,0,0,1,0,285170,300000,52,0,95.1,bonus_bs15_gae3_no,100,2575000,,,,,14,9,8,0,4,2,1,1,0,28,16,9,2,8,13,1,1,0
85130,2026-04-10 20:46:47,1,1,1,coin,coin,coin,gold,1,true,100000000,52759453869382,66180,5,5,400,11,0,0,0,0,0,285170,300000,52,0,95.1,bonus_bs15_gae3_no,100,2575000,,,,,15,9,8,0,4,2,1,1,0,29,16,9,2,8,13,1,1,0
85131,2026-04-10 20:46:48,30,2,2,accumulation,goldSack,goldSack,gold,1,false,60000000,52759513869382,65780,5,5,400,11,0,0,0,0,1,285570,300000,52,400,95.2,bonus_bs15_gae3_no,100,2575000,,,,"{""c5261ecd"":""2453\/4200@m85""}",16,9,8,0,4,3,1,1,0,30,16,9,2,8,14,1,1,0
85132,2026-04-10 20:46:50,30,2,2,accumulation,goldSack,goldSack,gold,1,false,60000000,52759573869382,65380,5,5,400,11,0,0,0,0,1,285970,300000,52,400,95.3,bonus_bs15_gae3_no,100,2575000,,,,,17,9,8,0,4,4,1,1,0,31,16,9,2,8,15,1,1,0
85133,2026-04-10 20:46:52,1,1,6,coin,coin,spins,gold,1,false,20000000,52759593869382,64980,5,5,400,11,0,0,0,1,0,285970,300000,52,0,95.3,bonus_bs15_gae3_no,100,2575000,,,,,18,9,8,0,5,4,1,1,0,32,16,9,2,9,15,1,1,0
85134,2026-04-10 20:46:53,30,2,2,accumulation,goldSack,goldSack,gold,1,false,60000000,52759653869382,64580,5,5,400,11,0,0,0,0,1,286370,300000,52,400,95.5,bonus_bs15_gae3_no,100,2575000,,,,,19,9,8,0,5,5,1,1,0,33,16,9,2,9,16,1,1,0
85135,2026-04-10 20:46:54,2,2,2,goldSack,goldSack,goldSack,gold,1,true,880000000,52760533869382,64180,5,5,400,11,0,0,0,0,0,286370,300000,52,0,95.5,bonus_bs15_gae3_no,100,2575000,,,,,20,9,8,0,5,5,1,1,0,34,16,9,2,9,16,1,1,0
85136,2026-04-10 20:46:55,30,2,2,accumulation,goldSack,goldSack,gold,1,false,60000000,52760593869382,63780,5,5,400,11,0,0,0,0,1,286770,300000,52,400,95.6,bonus_bs15_gae3_no,100,2575000,LongExtraDayReduced,,,"{""slot_on_"":""5083\/60000@m26""}",21,9,8,0,5,6,1,1,0,35,16,9,2,9,17,1,1,0
85137,2026-04-10 20:46:57,30,2,2,accumulation,goldSack,goldSack,gold,1,false,60000000,52760653869382,63380,5,5,400,11,0,0,0,0,1,287170,300000,52,400,95.7,bonus_bs15_gae3_no,100,2575000,,,,,22,9,8,0,5,7,1,1,0,36,16,9,2,9,18,1,1,0
85138,2026-04-10 20:46:58,3,4,2,attack,steal,goldSack,gold,1,false,40000000,52760693869382,62980,5,5,400,11,1,1,0,0,0,287170,300000,52,0,95.7,bonus_bs15_gae3_no,100,2575000,,,,,23,10,9,0,5,7,1,1,0,37,17,10,2,9,18,1,1,0
85139,2026-04-10 20:46:59,3,3,1,attack,attack,coin,gold,1,false,10000000,52760703869382,62580,5,5,400,11,2,0,0,0,0,287170,300000,52,0,95.7,bonus_bs15_gae3_no,100,2575000,LongExtraDayReduced,,,"{""slot_on_"":""5483\/60000@m26""}",24,12,9,0,5,7,1,1,0,38,19,10,2,9,18,1,1,0
85140,2026-04-10 20:47:00,1,4,4,coin,steal,steal,gold,1,false,10000000,52760713869382,62180,5,5,400,11,0,2,0,0,0,287170,300000,52,0,95.7,bonus_bs15_gae3_no,100,2575000,,,,,25,12,11,0,5,7,1,1,0,39,19,12,2,9,18,1,1,0
85141,2026-04-10 20:47:01,3,6,2,attack,spins,goldSack,gold,1,false,40000000,52760753869382,61780,5,5,400,11,1,0,0,1,0,287170,300000,52,0,95.7,bonus_bs15_gae3_no,100,2575000,,,LongExtraDayReduced,"{""e190af25"":""11998\/75000@m19"",""slot_on_"":""5883\/60000@m26"",""c5261ecd"":""3253\/4200@m85""}",26,13,11,0,6,7,1,1,0,40,20,12,2,10,18,1,1,0
85142,2026-04-10 20:47:02,2,2,2,goldSack,goldSack,goldSack,gold,1,true,880000000,52761633869382,61380,5,5,400,11,0,0,0,0,0,287170,300000,52,0,95.7,bonus_bs15_gae3_no,100,2575000,,,,,27,13,11,0,6,7,1,1,0,41,20,12,2,10,18,1,1,0
85143,2026-04-10 20:47:03,30,30,1,accumulation,accumulation,coin,gold,1,false,10000000,52761643869382,60980,5,5,400,11,0,0,0,0,2,287970,300000,52,800,96.0,bonus_bs15_gae3_no,100,2575000,LongExtraDayReduced,,LongExtraDayReduced,"{""slot_on_"":""6683\/60000@m26""}",28,13,11,0,6,9,1,1,0,42,20,12,2,10,20,1,1,0
85144,2026-04-10 20:47:05,1,4,4,coin,steal,steal,gold,1,false,10000000,52761653869382,60580,5,5,400,11,0,2,0,0,0,287970,300000,52,0,96.0,bonus_bs15_gae3_no,100,2575000,,,,,29,13,13,0,6,9,1,1,0,43,20,14,2,10,20,1,1,0
85145,2026-04-10 20:47:06,1,4,6,coin,steal,spins,gold,1,false,10000000,52761663869382,60180,5,5,400,11,0,1,0,1,0,287970,300000,52,0,96.0,bonus_bs15_gae3_no,100,2575000,,,LongExtraDayReduced,"{""slot_on_"":""7083\/60000@m26""}",30,13,14,0,7,9,1,1,0,44,20,15,2,11,20,1,1,0
85146,2026-04-10 20:47:07,4,4,4,steal,steal,steal,steal,4,true,0,52761663869382,59780,5,5,400,11,0,3,0,0,0,287970,300000,52,0,96.0,bonus_bs15_gae3_no,100,2575000,,LongExtraDayReduced,,"{""slot_on_"":""7483\/60000@m26""}",31,13,17,0,7,9,1,2,0,45,20,18,2,11,20,1,2,0
85147,2026-04-10 20:47:18,3,3,3,attack,attack,attack,attack,2,true,0,53011760573382,59779,5,5,1,11,3,0,0,0,0,287970,300000,52,0,96.0,bonus_bs15_gae3_no,100,2575000,,,,,32,16,17,0,7,9,2,2,0,46,23,18,2,11,20,2,2,0
85148,2026-04-10 20:47:24,3,1,1,attack,coin,coin,gold,1,false,750000,53011770563382,59764,5,5,15,11,1,0,0,0,0,287970,300000,52,0,96.0,bonus_bs15_gae3_no,100,2575000,,,,,33,17,17,0,7,9,2,2,0,47,24,18,2,11,20,2,2,0
85149,2026-04-10 20:47:25,30,2,2,accumulation,goldSack,goldSack,gold,1,false,2250000,53011772813382,59749,5,5,15,11,0,0,0,0,1,287985,300000,52,15,96.0,bonus_bs15_gae3_no,100,2575000,,,,,34,17,17,0,7,10,2,2,0,48,24,18,2,11,21,2,2,0
85150,2026-04-10 20:47:26,1,5,5,coin,shield,shield,gold,1,false,375000,53011773188382,59734,5,5,15,11,0,0,2,0,0,287985,300000,52,0,96.0,bonus_bs15_gae3_no,100,2575000,,,,,35,17,17,2,7,10,2,2,0,49,24,18,4,11,21,2,2,0
85151,2026-04-10 20:47:27,30,2,2,accumulation,goldSack,goldSack,gold,1,false,2250000,53011775438382,59719,5,5,15,11,0,0,0,0,1,288000,300000,52,15,96.0,bonus_bs15_gae3_no,100,2575000,,,,,36,17,17,2,7,11,2,2,0,50,24,18,4,11,22,2,2,0
85152,2026-04-10 20:47:28,4,6,2,steal,spins,goldSack,gold,1,false,1500000,53011776938382,59704,5,5,15,11,0,1,0,1,0,288000,300000,52,0,96.0,bonus_bs15_gae3_no,100,2575000,,,,,37,17,18,2,8,11,2,2,0,51,24,19,4,12,22,2,2,0
85153,2026-04-10 20:47:28,4,6,2,steal,spins,goldSack,gold,1,false,1500000,53011778438382,59689,5,5,15,11,0,1,0,1,0,288000,300000,52,0,96.0,bonus_bs15_gae3_no,100,2575000,,,,,38,17,19,2,9,11,2,2,0,52,24,20,4,13,22,2,2,0
85154,2026-04-10 20:47:29,1,1,1,coin,coin,coin,gold,1,true,3750000,53011782188382,59674,5,5,15,11,0,0,0,0,0,288000,300000,52,0,96.0,bonus_bs15_gae3_no,100,2575000,LongExtraDayReduced,,,"{""slot_on_"":""7498\/60000@m26""}",39,17,19,2,9,11,2,2,0,53,24,20,4,13,22,2,2,0
85155,2026-04-10 20:47:30,3,3,1,attack,attack,coin,gold,1,false,375000,53011782563382,59659,5,5,15,11,2,0,0,0,0,288000,300000,52,0,96.0,bonus_bs15_gae3_no,100,2575000,,,,,40,19,19,2,9,11,2,2,0,54,26,20,4,13,22,2,2,0
85156,2026-04-10 20:47:31,30,30,1,accumulation,accumulation,coin,gold,1,false,375000,53011782938382,59644,5,5,15,11,0,0,0,0,2,288030,300000,52,30,96.0,bonus_bs15_gae3_no,100,2575000,,,,,41,19,19,2,9,13,2,2,0,55,26,20,4,13,24,2,2,0
85157,2026-04-10 20:47:32,6,6,6,spins,spins,spins,spins,5,true,150,53011782938382,59779,5,5,15,11,0,0,0,3,0,288030,300000,52,0,96.0,bonus_bs15_gae3_no,100,2575000,,,,,42,19,19,2,12,13,2,2,0,56,26,20,4,16,24,2,2,0
85158,2026-04-10 20:47:34,30,2,2,accumulation,goldSack,goldSack,gold,1,false,2250000,53011785188382,59764,5,5,15,11,0,0,0,0,1,288045,300000,52,15,96.0,bonus_bs15_gae3_no,100,2575000,,,,"{""e190af25"":""12028\/75000@m19""}",43,19,19,2,12,14,2,2,0,1,0,0,0,0,1,0,0,0
85159,2026-04-10 20:47:35,3,1,1,attack,coin,coin,gold,1,false,750000,53011785938382,59749,5,5,15,11,1,0,0,0,0,288045,300000,52,0,96.0,bonus_bs15_gae3_no,100,2575000,,,,,44,20,19,2,12,14,2,2,0,2,1,0,0,0,1,0,0,0
85160,2026-04-10 20:47:36,3,1,1,attack,coin,coin,gold,1,false,750000,53011786688382,59734,5,5,15,11,1,0,0,0,0,288045,300000,52,0,96.0,bonus_bs15_gae3_no,100,2575000,,,,"{""c5261ecd"":""3283\/4200@m85""}",45,21,19,2,12,14,2,2,0,3,2,0,0,0,1,0,0,0
85161,2026-04-10 20:47:37,4,6,2,steal,spins,goldSack,gold,1,false,1500000,53011788188382,59719,5,5,15,11,0,1,0,1,0,288045,300000,52,0,96.0,bonus_bs15_gae3_no,100,2575000,,,,,46,21,20,2,13,14,2,2,0,4,2,1,0,1,1,0,0,0
85162,2026-04-10 20:47:37,3,1,1,attack,coin,coin,gold,1,false,750000,53011788938382,59704,5,5,15,11,1,0,0,0,0,288045,300000,52,0,96.0,bonus_bs15_gae3_no,100,2575000,,,,,47,22,20,2,13,14,2,2,0,5,3,1,0,1,1,0,0,0
85163,2026-04-10 20:47:38,4,6,2,steal,spins,goldSack,gold,1,false,1500000,53011790438382,59689,5,5,15,11,0,1,0,1,0,288045,300000,52,0,96.0,bonus_bs15_gae3_no,100,2575000,,,,,48,22,21,2,14,14,2,2,0,6,3,2,0,2,1,0,0,0
85164,2026-04-10 20:47:39,5,5,5,shield,shield,shield,shield,3,true,15,53011790438382,59689,5,5,15,11,0,0,3,0,0,288045,300000,52,0,96.0,bonus_bs15_gae3_no,100,2575000,,,,,49,22,21,5,14,14,2,2,1,7,3,2,3,2,1,0,0,1
85165,2026-04-10 20:47:40,30,2,2,accumulation,goldSack,goldSack,gold,1,false,2250000,53011792688382,59674,5,5,15,11,0,0,0,0,1,288060,300000,52,15,96.0,bonus_bs15_gae3_no,100,2575000,,,,,50,22,21,5,14,15,2,2,1,8,3,2,3,2,2,0,0,1
85166,2026-04-10 20:47:40,30,2,2,accumulation,goldSack,goldSack,gold,1,false,2250000,53011794938382,59659,5,5,15,11,0,0,0,0,1,288075,300000,52,15,96.0,bonus_bs15_gae3_no,100,2575000,,,,,51,22,21,5,14,16,2,2,1,9,3,2,3,2,3,0,0,1
85167,2026-04-10 20:47:42,4,4,4,steal,steal,steal,steal,4,true,0,53011794938382,59644,5,5,15,11,0,3,0,0,0,288075,300000,52,0,96.0,bonus_bs15_gae3_no,100,2575000,,,,,52,22,24,5,14,16,2,3,1,10,3,5,3,2,3,0,1,1
85168,2026-04-10 20:47:48,4,6,2,steal,spins,goldSack,gold,1,false,1500000,53016882158382,59629,5,5,15,11,0,1,0,1,0,288075,300000,52,0,96.0,bonus_bs15_gae3_no,100,2575000,,,,,53,22,25,5,15,16,2,3,1,11,3,6,3,3,3,0,1,1
85169,2026-04-10 20:47:49,5,5,5,shield,shield,shield,shield,3,true,15,53016882158382,59629,5,5,15,11,0,0,3,0,0,288075,300000,52,0,96.0,bonus_bs15_gae3_no,100,2575000,LongExtraDayReduced,,,"{""slot_on_"":""7513\/60000@m26""}",54,22,25,8,15,16,2,3,2,12,3,6,6,3,3,0,1,2
85170,2026-04-10 20:47:50,1,4,4,coin,steal,steal,gold,1,false,375000,53016882533382,59614,5,5,15,11,0,2,0,0,0,288075,300000,52,0,96.0,bonus_bs15_gae3_no,100,2575000,,,,,55,22,27,8,15,16,2,3,2,13,3,8,6,3,3,0,1,2
85171,2026-04-10 20:47:51,30,2,2,accumulation,goldSack,goldSack,gold,1,false,2250000,53016884783382,59599,5,5,15,11,0,0,0,0,1,288090,300000,52,15,96.0,bonus_bs15_gae3_no,100,2575000,,,,,56,22,27,8,15,17,2,3,2,14,3,8,6,3,4,0,1,2
85172,2026-04-10 20:47:52,3,1,5,attack,coin,shield,gold,1,false,375000,53016885158382,59584,5,5,15,11,1,0,1,0,0,288090,300000,52,0,96.0,bonus_bs15_gae3_no,100,2575000,LongExtraDayReduced,LongExtraDayReduced,,"{""slot_on_"":""7543\/60000@m26"",""e190af25"":""12058\/75000@m19""}",57,23,27,9,15,17,2,3,2,15,4,8,7,3,4,0,1,2
85173,2026-04-10 20:47:53,2,2,2,goldSack,goldSack,goldSack,gold,1,true,33000000,53016918158382,59569,5,5,15,11,0,0,0,0,0,288090,300000,52,0,96.0,bonus_bs15_gae3_no,100,2575000,,,,,58,23,27,9,15,17,2,3,2,16,4,8,7,3,4,0,1,2
85174,2026-04-10 20:47:53,4,4,4,steal,steal,steal,steal,4,true,0,53016918158382,59554,5,5,15,11,0,3,0,0,0,288090,300000,52,0,96.0,bonus_bs15_gae3_no,100,2575000,,,,,59,23,30,9,15,17,2,4,2,17,4,11,7,3,4,0,2,2
85175,2026-04-10 20:48:00,3,5,2,attack,shield,goldSack,gold,1,false,1500000,53022735290382,59539,5,5,15,11,1,0,1,0,0,288090,300000,52,0,96.0,bonus_bs15_gae3_no,100,2575000,,,,,60,24,30,10,15,17,2,4,2,18,5,11,8,3,4,0,2,2
85176,2026-04-10 20:48:00,3,3,1,attack,attack,coin,gold,1,false,375000,53022735665382,59524,5,5,15,11,2,0,0,0,0,288090,300000,52,0,96.0,bonus_bs15_gae3_no,100,2575000,,,LongExtraDayReduced,"{""slot_on_"":""7558\/60000@m26""}",61,26,30,10,15,17,2,4,2,19,7,11,8,3,4,0,2,2
85177,2026-04-10 20:48:01,3,3,3,attack,attack,attack,attack,2,true,0,53022735665382,59509,5,5,15,11,3,0,0,0,0,288090,300000,52,0,96.0,bonus_bs15_gae3_no,100,2575000,,,LongExtraDayReduced,"{""slot_on_"":""7573\/60000@m26""}",62,29,30,10,15,17,3,4,2,20,10,11,8,3,4,1,2,2
85178,2026-04-10 20:48:05,30,30,1,accumulation,accumulation,coin,gold,1,false,375000,53022874640382,59494,5,5,15,11,0,0,0,0,2,288120,300000,52,30,96.0,bonus_bs15_gae3_no,100,2575000,,,,,63,29,30,10,15,19,3,4,2,21,10,11,8,3,6,1,2,2
85179,2026-04-10 20:48:06,4,6,2,steal,spins,goldSack,gold,1,false,1500000,53022876140382,59479,5,5,15,11,0,1,0,1,0,288120,300000,52,0,96.0,bonus_bs15_gae3_no,100,2575000,,,,"{""c5261ecd"":""3313\/4200@m85""}",64,29,31,10,16,19,3,4,2,22,10,12,8,4,6,1,2,2
85180,2026-04-10 20:48:08,30,30,1,accumulation,accumulation,coin,gold,1,false,1250000,53022877390382,59429,5,5,50,11,0,0,0,0,2,288220,300000,52,100,96.1,bonus_bs15_gae3_no,100,2575000,,,,,65,29,31,10,16,21,3,4,2,23,10,12,8,4,8,1,2,2
85181,2026-04-10 20:48:09,1,1,1,coin,coin,coin,gold,1,true,12500000,53022889890382,59379,5,5,50,11,0,0,0,0,0,288220,300000,52,0,96.1,bonus_bs15_gae3_no,100,2575000,LongExtraDayReduced,,,"{""slot_on_"":""7623\/60000@m26""}",66,29,31,10,16,21,3,4,2,24,10,12,8,4,8,1,2,2
85182,2026-04-10 20:48:10,30,30,3,accumulation,accumulation,attack,gold,6,false,0,53022889890382,59329,5,5,50,11,1,0,0,0,2,288320,300000,52,100,96.1,bonus_bs15_gae3_no,100,2575000,,LongExtraDayReduced,,"{""slot_on_"":""7673\/60000@m26"",""e190af25"":""12158\/75000@m19""}",67,30,31,10,16,23,3,4,2,25,11,12,8,4,10,1,2,2
85183,2026-04-10 20:48:11,3,3,2,attack,attack,goldSack,gold,1,false,5000000,53022894890382,59279,5,5,50,11,2,0,0,0,0,288320,300000,52,0,96.1,bonus_bs15_gae3_no,100,2575000,LongExtraDayReduced,,,"{""slot_on_"":""7723\/60000@m26""}",68,32,31,10,16,23,3,4,2,26,13,12,8,4,10,1,2,2
85184,2026-04-10 20:48:12,1,6,6,coin,spins,spins,gold,1,false,1250000,53022896140382,59229,5,5,50,11,0,0,0,2,0,288320,300000,52,0,96.1,bonus_bs15_gae3_no,100,2575000,LongExtraDayReduced,,,"{""slot_on_"":""7773\/60000@m26""}",69,32,31,10,18,23,3,4,2,27,13,12,8,6,10,1,2,2
85185,2026-04-10 20:48:13,30,2,2,accumulation,goldSack,goldSack,gold,1,false,7500000,53022903640382,59179,5,5,50,11,0,0,0,0,1,288370,300000,52,50,96.1,bonus_bs15_gae3_no,100,2575000,,,,,70,32,31,10,18,24,3,4,2,28,13,12,8,6,11,1,2,2
85186,2026-04-10 20:48:14,1,1,1,coin,coin,coin,gold,1,true,12500000,53022916140382,59129,5,5,50,11,0,0,0,0,0,288370,300000,52,0,96.1,bonus_bs15_gae3_no,100,2575000,,,,,71,32,31,10,18,24,3,4,2,29,13,12,8,6,11,1,2,2
85187,2026-04-10 20:48:15,3,3,2,attack,attack,goldSack,gold,1,false,5000000,53022921140382,59079,5,5,50,11,2,0,0,0,0,288370,300000,52,0,96.1,bonus_bs15_gae3_no,100,2575000,,,,,72,34,31,10,18,24,3,4,2,30,15,12,8,6,11,1,2,2
85188,2026-04-10 20:48:16,1,4,4,coin,steal,steal,gold,1,false,1250000,53022922390382,59029,5,5,50,11,0,2,0,0,0,288370,300000,52,0,96.1,bonus_bs15_gae3_no,100,2575000,,LongExtraDayReduced,,"{""slot_on_"":""7823\/60000@m26""}",73,34,33,10,18,24,3,4,2,31,15,14,8,6,11,1,2,2
85189,2026-04-10 20:48:16,1,1,1,coin,coin,coin,gold,1,true,12500000,53022934890382,58979,5,5,50,11,0,0,0,0,0,288370,300000,52,0,96.1,bonus_bs15_gae3_no,100,2575000,,,,,74,34,33,10,18,24,3,4,2,32,15,14,8,6,11,1,2,2
85190,2026-04-10 20:48:17,6,6,6,spins,spins,spins,spins,5,true,500,53022934890382,59429,5,5,50,11,0,0,0,3,0,288370,300000,52,0,96.1,bonus_bs15_gae3_no,100,2575000,,,,,75,34,33,10,21,24,3,4,2,33,15,14,8,9,11,1,2,2
85191,2026-04-10 20:48:18,30,30,30,accumulation,accumulation,accumulation,gold,10,true,0,53022934890382,59379,5,5,50,11,0,0,0,0,3,288870,300000,52,500,96.3,bonus_bs15_gae3_no,100,2575000,,,,,76,34,33,10,21,27,3,4,2,1,0,0,0,0,3,0,0,0
85192,2026-04-10 20:48:23,3,1,5,attack,coin,shield,gold,1,false,375000,53022935265382,59364,5,5,15,11,1,0,1,0,0,288870,300000,52,0,96.3,bonus_bs15_gae3_no,100,2575000,,,,"{""e190af25"":""12188\/75000@m19""}",1,1,0,1,0,0,0,0,0,2,1,0,1,0,3,0,0,0
85193,2026-04-10 20:48:24,1,1,4,coin,coin,steal,gold,1,false,750000,53022936015382,59349,5,5,15,11,0,1,0,0,0,288870,300000,52,0,96.3,bonus_bs15_gae3_no,100,2575000,,,LongExtraDayReduced,"{""slot_on_"":""7838\/60000@m26""}",2,1,1,1,0,0,0,0,0,3,1,1,1,0,3,0,0,0
85194,2026-04-10 20:48:25,3,3,2,attack,attack,goldSack,gold,1,false,1500000,53022937515382,59334,5,5,15,11,2,0,0,0,0,288870,300000,52,0,96.3,bonus_bs15_gae3_no,100,2575000,,,,,3,3,1,1,0,0,0,0,0,4,3,1,1,0,3,0,0,0
85195,2026-04-10 20:48:26,30,2,2,accumulation,goldSack,goldSack,gold,1,false,2250000,53022939765382,59319,5,5,15,11,0,0,0,0,1,288885,300000,52,15,96.3,bonus_bs15_gae3_no,100,2575000,LongExtraDayReduced,,LongExtraDayReduced,"{""slot_on_"":""7868\/60000@m26""}",4,3,1,1,0,1,0,0,0,5,3,1,1,0,4,0,0,0
85196,2026-04-10 20:48:27,2,2,2,goldSack,goldSack,goldSack,gold,1,true,33000000,53022972765382,59304,5,5,15,11,0,0,0,0,0,288885,300000,52,0,96.3,bonus_bs15_gae3_no,100,2575000,LongExtraDayReduced,LongExtraDayReduced,,"{""slot_on_"":""7898\/60000@m26""}",5,3,1,1,0,1,0,0,0,6,3,1,1,0,4,0,0,0
85197,2026-04-10 20:48:28,30,30,3,accumulation,accumulation,attack,gold,6,false,0,53022972765382,59289,5,5,15,11,1,0,0,0,2,288915,300000,52,30,96.3,bonus_bs15_gae3_no,100,2575000,,,,,6,4,1,1,0,3,0,0,0,7,4,1,1,0,6,0,0,0
85198,2026-04-10 20:48:30,1,1,4,coin,coin,steal,gold,1,false,750000,53022973515382,59274,5,5,15,11,0,1,0,0,0,288915,300000,52,0,96.3,bonus_bs15_gae3_no,100,2575000,LongExtraDayReduced,,LongExtraDayReduced,"{""slot_on_"":""7928\/60000@m26""}",7,4,2,1,0,3,0,0,0,8,4,2,1,0,6,0,0,0
85199,2026-04-10 20:48:31,1,1,4,coin,coin,steal,gold,1,false,750000,53022974265382,59259,5,5,15,11,0,1,0,0,0,288915,300000,52,0,96.3,bonus_bs15_gae3_no,100,2575000,,,,,8,4,3,1,0,3,0,0,0,9,4,3,1,0,6,0,0,0
85200,2026-04-10 20:48:31,30,2,2,accumulation,goldSack,goldSack,gold,1,false,2250000,53022976515382,59244,5,5,15,11,0,0,0,0,1,288930,300000,52,15,96.3,bonus_bs15_gae3_no,100,2575000,,,LongExtraDayReduced,"{""slot_on_"":""7943\/60000@m26""}",9,4,3,1,0,4,0,0,0,10,4,3,1,0,7,0,0,0
85201,2026-04-10 20:48:33,3,1,5,attack,coin,shield,gold,1,false,375000,53022976890382,59229,5,5,15,11,1,0,1,0,0,288930,300000,52,0,96.3,bonus_bs15_gae3_no,100,2575000,,,,,10,5,3,2,0,4,0,0,0,11,5,3,2,0,7,0,0,0
85202,2026-04-10 20:48:34,3,6,2,attack,spins,goldSack,gold,1,false,1500000,53022978390382,59214,5,5,15,11,1,0,0,1,0,288930,300000,52,0,96.3,bonus_bs15_gae3_no,100,2575000,,,,,11,6,3,2,1,4,0,0,0,12,6,3,2,1,7,0,0,0
85203,2026-04-10 20:48:35,3,3,2,attack,attack,goldSack,gold,1,false,1500000,53022979890382,59199,5,5,15,11,2,0,0,0,0,288930,300000,52,0,96.3,bonus_bs15_gae3_no,100,2575000,,,,"{""c5261ecd"":""3343\/4200@m85""}",12,8,3,2,1,4,0,0,0,13,8,3,2,1,7,0,0,0
85204,2026-04-10 20:48:36,1,1,6,coin,coin,spins,gold,1,false,750000,53022980640382,59184,5,5,15,11,0,0,0,1,0,288930,300000,52,0,96.3,bonus_bs15_gae3_no,100,2575000,,,,"{""e190af25"":""12218\/75000@m19""}",13,8,3,2,2,4,0,0,0,14,8,3,2,2,7,0,0,0
85205,2026-04-10 20:48:36,30,2,2,accumulation,goldSack,goldSack,gold,1,false,2250000,53022982890382,59169,5,5,15,11,0,0,0,0,1,288945,300000,52,15,96.3,bonus_bs15_gae3_no,100,2575000,LongExtraDayReduced,,,"{""slot_on_"":""7958\/60000@m26""}",14,8,3,2,2,5,0,0,0,15,8,3,2,2,8,0,0,0
85206,2026-04-10 20:48:38,4,6,2,steal,spins,goldSack,gold,1,false,1500000,53022984390382,59154,5,5,15,11,0,1,0,1,0,288945,300000,52,0,96.3,bonus_bs15_gae3_no,100,2575000,LongExtraDayReduced,,,"{""slot_on_"":""7973\/60000@m26""}",15,8,4,2,3,5,0,0,0,16,8,4,2,3,8,0,0,0
85207,2026-04-10 20:48:38,6,6,6,spins,spins,spins,spins,5,true,150,53022984390382,59289,5,5,15,11,0,0,0,3,0,288945,300000,52,0,96.3,bonus_bs15_gae3_no,100,2575000,,,,,16,8,4,2,6,5,0,0,0,17,8,4,2,6,8,0,0,0
85208,2026-04-10 20:48:40,1,1,1,coin,coin,coin,gold,1,true,3750000,53022988140382,59274,5,5,15,11,0,0,0,0,0,288945,300000,52,0,96.3,bonus_bs15_gae3_no,100,2575000,,,,,17,8,4,2,6,5,0,0,0,1,0,0,0,0,0,0,0,0
85209,2026-04-10 20:48:41,4,6,2,steal,spins,goldSack,gold,1,false,1500000,53022989640382,59259,5,5,15,11,0,1,0,1,0,288945,300000,52,0,96.3,bonus_bs15_gae3_no,100,2575000,,,LongExtraDayReduced,"{""slot_on_"":""7988\/60000@m26""}",18,8,5,2,7,5,0,0,0,2,0,1,0,1,0,0,0,0
85210,2026-04-10 20:48:41,3,1,5,attack,coin,shield,gold,1,false,375000,53022990015382,59244,5,5,15,11,1,0,1,0,0,288945,300000,52,0,96.3,bonus_bs15_gae3_no,100,2575000,,,,,19,9,5,3,7,5,0,0,0,3,1,1,1,1,0,0,0,0
85211,2026-04-10 20:48:42,2,2,2,goldSack,goldSack,goldSack,gold,1,true,33000000,53023023015382,59229,5,5,15,11,0,0,0,0,0,288945,300000,52,0,96.3,bonus_bs15_gae3_no,100,2575000,,LongExtraDayReduced,,"{""slot_on_"":""8003\/60000@m26""}",20,9,5,3,7,5,0,0,0,4,1,1,1,1,0,0,0,0
85212,2026-04-10 20:48:43,30,2,2,accumulation,goldSack,goldSack,gold,1,false,2250000,53023025265382,59214,5,5,15,11,0,0,0,0,1,288960,300000,52,15,96.3,bonus_bs15_gae3_no,100,2575000,,,,,21,9,5,3,7,6,0,0,0,5,1,1,1,1,1,0,0,0
85213,2026-04-10 20:48:44,30,2,2,accumulation,goldSack,goldSack,gold,1,false,2250000,53023027515382,59199,5,5,15,11,0,0,0,0,1,288975,300000,52,15,96.3,bonus_bs15_gae3_no,100,2575000,,,,,22,9,5,3,7,7,0,0,0,6,1,1,1,1,2,0,0,0
85214,2026-04-10 20:48:45,1,1,4,coin,coin,steal,gold,1,false,750000,53023028265382,59184,5,5,15,11,0,1,0,0,0,288975,300000,52,0,96.3,bonus_bs15_gae3_no,100,2575000,,,,,23,9,6,3,7,7,0,0,0,7,1,2,1,1,2,0,0,0
85215,2026-04-10 20:48:46,30,2,2,accumulation,goldSack,goldSack,gold,1,false,2250000,53023030515382,59169,5,5,15,11,0,0,0,0,1,288990,300000,52,15,96.3,bonus_bs15_gae3_no,100,2575000,,,,,24,9,6,3,7,8,0,0,0,8,1,2,1,1,3,0,0,0
85216,2026-04-10 20:48:47,30,2,2,accumulation,goldSack,goldSack,gold,1,false,2250000,53023032765382,59154,5,5,15,11,0,0,0,0,1,289005,300000,52,15,96.3,bonus_bs15_gae3_no,100,2575000,,,,,25,9,6,3,7,9,0,0,0,9,1,2,1,1,4,0,0,0
85217,2026-04-10 20:48:48,1,1,1,coin,coin,coin,gold,1,true,3750000,53023036515382,59139,5,5,15,11,0,0,0,0,0,289005,300000,52,0,96.3,bonus_bs15_gae3_no,100,2575000,,,,,26,9,6,3,7,9,0,0,0,10,1,2,1,1,4,0,0,0
85218,2026-04-10 20:48:49,1,6,6,coin,spins,spins,gold,1,false,375000,53023036890382,59124,5,5,15,11,0,0,0,2,0,289005,300000,52,0,96.3,bonus_bs15_gae3_no,100,2575000,,LongExtraDayReduced,,"{""slot_on_"":""8018\/60000@m26""}",27,9,6,3,9,9,0,0,0,11,1,2,1,3,4,0,0,0
85219,2026-04-10 20:48:50,2,2,2,goldSack,goldSack,goldSack,gold,1,true,33000000,53023069890382,59109,5,5,15,11,0,0,0,0,0,289005,300000,52,0,96.3,bonus_bs15_gae3_no,100,2575000,LongExtraDayReduced,,,"{""slot_on_"":""8033\/60000@m26""}",28,9,6,3,9,9,0,0,0,12,1,2,1,3,4,0,0,0
85220,2026-04-10 20:48:51,1,1,1,coin,coin,coin,gold,1,true,3750000,53023073640382,59094,5,5,15,11,0,0,0,0,0,289005,300000,52,0,96.3,bonus_bs15_gae3_no,100,2575000,LongExtraDayReduced,,,"{""slot_on_"":""8048\/60000@m26""}",29,9,6,3,9,9,0,0,0,13,1,2,1,3,4,0,0,0
85221,2026-04-10 20:48:52,4,6,2,steal,spins,goldSack,gold,1,false,1500000,53023075140382,59079,5,5,15,11,0,1,0,1,0,289005,300000,52,0,96.3,bonus_bs15_gae3_no,100,2575000,,,,,30,9,7,3,10,9,0,0,0,14,1,3,1,4,4,0,0,0
85222,2026-04-10 20:48:53,3,3,3,attack,attack,attack,attack,2,true,0,53023075140382,59064,5,5,15,11,3,0,0,0,0,289005,300000,52,0,96.3,bonus_bs15_gae3_no,100,2575000,,,,,31,12,7,3,10,9,1,0,0,15,4,3,1,4,4,1,0,0
85223,2026-04-10 20:48:56,30,30,1,accumulation,accumulation,coin,gold,1,false,375000,53023495515382,59049,5,5,15,11,0,0,0,0,2,289035,300000,52,30,96.3,bonus_bs15_gae3_no,100,2575000,,,,,32,12,7,3,10,11,1,0,0,16,4,3,1,4,6,1,0,0
85224,2026-04-10 20:48:58,2,2,2,goldSack,goldSack,goldSack,gold,1,true,33000000,53023528515382,59034,5,5,15,11,0,0,0,0,0,289035,300000,52,0,96.3,bonus_bs15_gae3_no,100,2575000,,,,,33,12,7,3,10,11,1,0,0,17,4,3,1,4,6,1,0,0
85225,2026-04-10 20:48:59,3,1,5,attack,coin,shield,gold,1,false,375000,53023528890382,59019,5,5,15,11,1,0,1,0,0,289035,300000,52,0,96.3,bonus_bs15_gae3_no,100,2575000,,,,"{""e190af25"":""12248\/75000@m19""}",34,13,7,4,10,11,1,0,0,18,5,3,2,4,6,1,0,0
85226,2026-04-10 20:49:00,3,3,2,attack,attack,goldSack,gold,1,false,1500000,53023530390382,59004,5,5,15,11,2,0,0,0,0,289035,300000,52,0,96.3,bonus_bs15_gae3_no,100,2575000,,,,,35,15,7,4,10,11,1,0,0,19,7,3,2,4,6,1,0,0
85227,2026-04-10 20:49:00,1,4,4,coin,steal,steal,gold,1,false,375000,53023530765382,58989,5,5,15,11,0,2,0,0,0,289035,300000,52,0,96.3,bonus_bs15_gae3_no,100,2575000,,,,"{""c5261ecd"":""3373\/4200@m85""}",36,15,9,4,10,11,1,0,0,20,7,5,2,4,6,1,0,0
85228,2026-04-10 20:49:01,4,6,2,steal,spins,goldSack,gold,1,false,1500000,53023532265382,58974,5,5,15,11,0,1,0,1,0,289035,300000,52,0,96.3,bonus_bs15_gae3_no,100,2575000,,,,"{""e190af25"":""12278\/75000@m19""}",37,15,10,4,11,11,1,0,0,21,7,6,2,5,6,1,0,0
85229,2026-04-10 20:49:02,3,3,3,attack,attack,attack,attack,2,true,0,53023532265382,58959,5,5,15,11,3,0,0,0,0,289035,300000,52,0,96.3,bonus_bs15_gae3_no,100,2575000,,,,,38,18,10,4,11,11,2,0,0,22,10,6,2,5,6,2,0,0
85230,2026-04-10 20:49:06,4,6,2,steal,spins,goldSack,gold,1,false,1500000,53023672365382,58944,5,5,15,11,0,1,0,1,0,289035,300000,52,0,96.3,bonus_bs15_gae3_no,100,2575000,,LongExtraDayReduced,,"{""slot_on_"":""8063\/60000@m26""}",39,18,11,4,12,11,2,0,0,23,10,7,2,6,6,2,0,0
85231,2026-04-10 20:49:06,3,1,5,attack,coin,shield,gold,1,false,375000,53023672740382,58929,5,5,15,11,1,0,1,0,0,289035,300000,52,0,96.3,bonus_bs15_gae3_no,100,2575000,,LongExtraDayReduced,LongExtraDayReduced,"{""slot_on_"":""8093\/60000@m26""}",40,19,11,5,12,11,2,0,0,24,11,7,3,6,6,2,0,0
85232,2026-04-10 20:49:07,3,1,5,attack,coin,shield,gold,1,false,375000,53023673115382,58914,5,5,15,11,1,0,1,0,0,289035,300000,52,0,96.3,bonus_bs15_gae3_no,100,2575000,,,,,41,20,11,6,12,11,2,0,0,25,12,7,4,6,6,2,0,0
85233,2026-04-10 20:49:08,3,3,3,attack,attack,attack,attack,2,true,0,53023673115382,58899,5,5,15,11,3,0,0,0,0,289035,300000,52,0,96.3,bonus_bs15_gae3_no,100,2575000,,,,,42,23,11,6,12,11,3,0,0,26,15,7,4,6,6,3,0,0
85234,2026-04-10 20:49:12,5,5,5,shield,shield,shield,shield,3,true,15,53024093115382,58899,5,5,15,11,0,0,3,0,0,289035,300000,52,0,96.3,bonus_bs15_gae3_no,100,2575000,,,,,43,23,11,9,12,11,3,0,1,27,15,7,7,6,6,3,0,1
85235,2026-04-10 20:49:13,30,2,2,accumulation,goldSack,goldSack,gold,1,false,2250000,53024095365382,58884,5,5,15,11,0,0,0,0,1,289050,300000,52,15,96.4,bonus_bs15_gae3_no,100,2575000,,,,,44,23,11,9,12,12,3,0,1,28,15,7,7,6,7,3,0,1
85236,2026-04-10 20:49:14,30,2,2,accumulation,goldSack,goldSack,gold,1,false,2250000,53024097615382,58869,5,5,15,11,0,0,0,0,1,289065,300000,52,15,96.4,bonus_bs15_gae3_no,100,2575000,LongExtraDayReduced,,,"{""slot_on_"":""8108\/60000@m26""}",45,23,11,9,12,13,3,0,1,29,15,7,7,6,8,3,0,1
85237,2026-04-10 20:49:16,4,6,2,steal,spins,goldSack,gold,1,false,1500000,53024099115382,58854,5,5,15,11,0,1,0,1,0,289065,300000,52,0,96.4,bonus_bs15_gae3_no,100,2575000,,,,"{""c5261ecd"":""3403\/4200@m85""}",46,23,12,9,13,13,3,0,1,30,15,8,7,7,8,3,0,1
85238,2026-04-10 20:49:17,2,2,2,goldSack,goldSack,goldSack,gold,1,true,33000000,53024132115382,58839,5,5,15,11,0,0,0,0,0,289065,300000,52,0,96.4,bonus_bs15_gae3_no,100,2575000,,,,,47,23,12,9,13,13,3,0,1,31,15,8,7,7,8,3,0,1
85239,2026-04-10 20:49:17,3,1,5,attack,coin,shield,gold,1,false,375000,53024132490382,58824,5,5,15,11,1,0,1,0,0,289065,300000,52,0,96.4,bonus_bs15_gae3_no,100,2575000,,,,,48,24,12,10,13,13,3,0,1,32,16,8,8,7,8,3,0,1
85240,2026-04-10 20:49:18,30,2,2,accumulation,goldSack,goldSack,gold,1,false,2250000,53024134740382,58809,5,5,15,11,0,0,0,0,1,289080,300000,52,15,96.4,bonus_bs15_gae3_no,100,2575000,,,,,49,24,12,10,13,14,3,0,1,33,16,8,8,7,9,3,0,1
85241,2026-04-10 20:49:19,3,1,5,attack,coin,shield,gold,1,false,375000,53024135115382,58794,5,5,15,11,1,0,1,0,0,289080,300000,52,0,96.4,bonus_bs15_gae3_no,100,2575000,LongExtraDayReduced,LongExtraDayReduced,LongExtraDayReduced,"{""slot_on_"":""8183\/60000@m26""}",50,25,12,11,13,14,3,0,1,34,17,8,9,7,9,3,0,1
85242,2026-04-10 20:49:20,30,2,2,accumulation,goldSack,goldSack,gold,1,false,2250000,53024137365382,58779,5,5,15,11,0,0,0,0,1,289095,300000,52,15,96.4,bonus_bs15_gae3_no,100,2575000,,,,"{""e190af25"":""12308\/75000@m19""}",51,25,12,11,13,15,3,0,1,35,17,8,9,7,10,3,0,1
85243,2026-04-10 20:49:22,30,30,3,accumulation,accumulation,attack,gold,6,false,0,53024137365382,58764,5,5,15,11,1,0,0,0,2,289125,300000,52,30,96.4,bonus_bs15_gae3_no,100,2575000,,,,,52,26,12,11,13,17,3,0,1,36,18,8,9,7,12,3,0,1
85244,2026-04-10 20:49:23,3,6,2,attack,spins,goldSack,gold,1,false,1500000,53024138865382,58749,5,5,15,11,1,0,0,1,0,289125,300000,52,0,96.4,bonus_bs15_gae3_no,100,2575000,,,,,53,27,12,11,14,17,3,0,1,37,19,8,9,8,12,3,0,1
85245,2026-04-10 20:49:24,30,30,3,accumulation,accumulation,attack,gold,6,false,0,53024138865382,58734,5,5,15,11,1,0,0,0,2,289155,300000,52,30,96.4,bonus_bs15_gae3_no,100,2575000,,,,,54,28,12,11,14,19,3,0,1,38,20,8,9,8,14,3,0,1
85246,2026-04-10 20:49:27,5,5,5,shield,shield,shield,shield,3,true,15,53024138865382,58734,5,5,15,11,0,0,3,0,0,289155,300000,52,0,96.4,bonus_bs15_gae3_no,100,2575000,,,,"{""e190af25"":""12338\/75000@m19""}",55,28,12,14,14,19,3,0,2,39,20,8,12,8,14,3,0,2
85247,2026-04-10 20:49:28,4,6,2,steal,spins,goldSack,gold,1,false,1500000,53024140365382,58719,5,5,15,11,0,1,0,1,0,289155,300000,52,0,96.4,bonus_bs15_gae3_no,100,2575000,,,,,56,28,13,14,15,19,3,0,2,40,20,9,12,9,14,3,0,2
85248,2026-04-10 20:49:30,2,2,2,goldSack,goldSack,goldSack,gold,1,true,110000000,53024250365382,58669,5,5,50,11,0,0,0,0,0,289155,300000,52,0,96.4,bonus_bs15_gae3_no,100,2575000,,,,,57,28,13,14,15,19,3,0,2,41,20,9,12,9,14,3,0,2
85249,2026-04-10 20:49:30,5,2,2,shield,goldSack,goldSack,gold,1,false,7500000,53024257865382,58619,5,5,50,11,0,0,1,0,0,289155,300000,52,0,96.4,bonus_bs15_gae3_no,100,2575000,,,,,58,28,13,15,15,19,3,0,2,42,20,9,13,9,14,3,0,2
85250,2026-04-10 20:49:31,5,5,5,shield,shield,shield,shield,3,true,50,53024257865382,58619,5,5,50,11,0,0,3,0,0,289155,300000,52,0,96.4,bonus_bs15_gae3_no,100,2575000,,LongExtraDayReduced,,"{""slot_on_"":""8233\/60000@m26""}",59,28,13,18,15,19,3,0,3,43,20,9,16,9,14,3,0,3
85251,2026-04-10 20:49:32,1,1,6,coin,coin,spins,gold,1,false,2500000,53024260365382,58569,5,5,50,11,0,0,0,1,0,289155,300000,52,0,96.4,bonus_bs15_gae3_no,100,2575000,,,,,60,28,13,18,16,19,3,0,3,44,20,9,16,10,14,3,0,3
85252,2026-04-10 20:49:33,5,5,5,shield,shield,shield,shield,3,true,50,53024260365382,58569,5,5,50,11,0,0,3,0,0,289155,300000,52,0,96.4,bonus_bs15_gae3_no,100,2575000,,,LongExtraDayReduced,"{""slot_on_"":""8283\/60000@m26"",""e190af25"":""12438\/75000@m19""}",61,28,13,21,16,19,3,0,4,45,20,9,19,10,14,3,0,4
85253,2026-04-10 20:49:34,30,30,30,accumulation,accumulation,accumulation,gold,10,true,0,53024260365382,58519,5,5,50,11,0,0,0,0,3,289655,300000,52,500,96.6,bonus_bs15_gae3_no,100,2575000,,,,,62,28,13,21,16,22,3,0,4,46,20,9,19,10,17,3,0,4
85254,2026-04-10 20:49:39,1,1,1,coin,coin,coin,gold,1,true,3750000,53024264115382,58504,5,5,15,11,0,0,0,0,0,289655,300000,52,0,96.6,bonus_bs15_gae3_no,100,2575000,,,,,1,0,0,0,0,0,0,0,0,47,20,9,19,10,17,3,0,4
85255,2026-04-10 20:49:40,30,2,2,accumulation,goldSack,goldSack,gold,1,false,2250000,53024266365382,58489,5,5,15,11,0,0,0,0,1,289670,300000,52,15,96.6,bonus_bs15_gae3_no,100,2575000,,,,,2,0,0,0,0,1,0,0,0,48,20,9,19,10,18,3,0,4
85256,2026-04-10 20:49:41,1,4,6,coin,steal,spins,gold,1,false,375000,53024266740382,58474,5,5,15,11,0,1,0,1,0,289670,300000,52,0,96.6,bonus_bs15_gae3_no,100,2575000,,,,"{""e190af25"":""12468\/75000@m19""}",3,0,1,0,1,1,0,0,0,49,20,10,19,11,18,3,0,4
85257,2026-04-10 20:49:41,3,5,2,attack,shield,goldSack,gold,1,false,1500000,53024268240382,58459,5,5,15,11,1,0,1,0,0,289670,300000,52,0,96.6,bonus_bs15_gae3_no,100,2575000,,,,,4,1,1,1,1,1,0,0,0,50,21,10,20,11,18,3,0,4
85258,2026-04-10 20:49:42,1,1,1,coin,coin,coin,gold,1,true,3750000,53024271990382,58444,5,5,15,11,0,0,0,0,0,289670,300000,52,0,96.6,bonus_bs15_gae3_no,100,2575000,,,LongExtraDayReduced,"{""slot_on_"":""8298\/60000@m26""}",5,1,1,1,1,1,0,0,0,51,21,10,20,11,18,3,0,4
85259,2026-04-10 20:49:43,1,6,6,coin,spins,spins,gold,1,false,375000,53024272365382,58429,5,5,15,11,0,0,0,2,0,289670,300000,52,0,96.6,bonus_bs15_gae3_no,100,2575000,,,,"{""c5261ecd"":""3433\/4200@m85""}",6,1,1,1,3,1,0,0,0,52,21,10,20,13,18,3,0,4
85260,2026-04-10 20:49:44,1,1,1,coin,coin,coin,gold,1,true,3750000,53024276115382,58414,5,5,15,11,0,0,0,0,0,289670,300000,52,0,96.6,bonus_bs15_gae3_no,100,2575000,,,,,7,1,1,1,3,1,0,0,0,53,21,10,20,13,18,3,0,4
85261,2026-04-10 20:49:45,30,2,2,accumulation,goldSack,goldSack,gold,1,false,2250000,53024278365382,58399,5,5,15,11,0,0,0,0,1,289685,300000,52,15,96.6,bonus_bs15_gae3_no,100,2575000,,,,,8,1,1,1,3,2,0,0,0,54,21,10,20,13,19,3,0,4
85262,2026-04-10 20:49:46,30,2,2,accumulation,goldSack,goldSack,gold,1,false,2250000,53024280615382,58384,5,5,15,11,0,0,0,0,1,289700,300000,52,15,96.6,bonus_bs15_gae3_no,100,2575000,,,,,9,1,1,1,3,3,0,0,0,55,21,10,20,13,20,3,0,4
85263,2026-04-10 20:49:47,30,30,1,accumulation,accumulation,coin,gold,1,false,375000,53024280990382,58369,5,5,15,11,0,0,0,0,2,289730,300000,52,30,96.6,bonus_bs15_gae3_no,100,2575000,,,,,10,1,1,1,3,5,0,0,0,56,21,10,20,13,22,3,0,4
85264,2026-04-10 20:49:49,3,3,3,attack,attack,attack,attack,2,true,0,53024280990382,58354,5,5,15,11,3,0,0,0,0,289730,300000,52,0,96.6,bonus_bs15_gae3_no,100,2575000,,,,,11,4,1,1,3,5,1,0,0,57,24,10,20,13,22,4,0,4
85265,2026-04-10 20:49:53,3,3,2,attack,attack,goldSack,gold,1,false,1500000,53024702490382,58339,5,5,15,11,2,0,0,0,0,289730,300000,52,0,96.6,bonus_bs15_gae3_no,100,2575000,,LongExtraDayReduced,LongExtraDayReduced,"{""slot_on_"":""8328\/60000@m26""}",12,6,1,1,3,5,1,0,0,58,26,10,20,13,22,4,0,4
85266,2026-04-10 20:49:54,30,2,2,accumulation,goldSack,goldSack,gold,1,false,2250000,53024704740382,58324,5,5,15,11,0,0,0,0,1,289745,300000,52,15,96.6,bonus_bs15_gae3_no,100,2575000,,,,,13,6,1,1,3,6,1,0,0,59,26,10,20,13,23,4,0,4
85267,2026-04-10 20:49:55,4,4,4,steal,steal,steal,steal,4,true,0,53024704740382,58309,5,5,15,11,0,3,0,0,0,289745,300000,52,0,96.6,bonus_bs15_gae3_no,100,2575000,,,,,14,6,4,1,3,6,1,1,0,60,26,13,20,13,23,4,1,4
85268,2026-04-10 20:50:01,30,30,3,accumulation,accumulation,attack,gold,6,false,0,53033372904382,58294,5,5,15,11,1,0,0,0,2,289775,300000,52,30,96.6,bonus_bs15_gae3_no,100,2575000,,,,,15,7,4,1,3,8,1,1,0,61,27,13,20,13,25,4,1,4
85269,2026-04-10 20:50:03,1,4,4,coin,steal,steal,gold,1,false,375000,53033373279382,58279,5,5,15,11,0,2,0,0,0,289775,300000,52,0,96.6,bonus_bs15_gae3_no,100,2575000,,,,,16,7,6,1,3,8,1,1,0,62,27,15,20,13,25,4,1,4
85270,2026-04-10 20:50:03,30,30,1,accumulation,accumulation,coin,gold,1,false,375000,53033373654382,58264,5,5,15,11,0,0,0,0,2,289805,300000,52,30,96.6,bonus_bs15_gae3_no,100,2575000,,LongExtraDayReduced,,"{""slot_on_"":""8343\/60000@m26""}",17,7,6,1,3,10,1,1,0,63,27,15,20,13,27,4,1,4
85271,2026-04-10 20:50:05,1,5,5,coin,shield,shield,gold,1,false,375000,53033374029382,58249,5,5,15,11,0,0,2,0,0,289805,300000,52,0,96.6,bonus_bs15_gae3_no,100,2575000,,,,"{""e190af25"":""12498\/75000@m19""}",18,7,6,3,3,10,1,1,0,64,27,15,22,13,27,4,1,4
85272,2026-04-10 20:50:06,3,3,3,attack,attack,attack,attack,2,true,0,53033374029382,58234,5,5,15,11,3,0,0,0,0,289805,300000,52,0,96.6,bonus_bs15_gae3_no,100,2575000,,,LongExtraDayReduced,"{""slot_on_"":""8358\/60000@m26""}",19,10,6,3,3,10,2,1,0,65,30,15,22,13,27,5,1,4
85273,2026-04-10 20:50:12,3,3,3,attack,attack,attack,attack,2,true,0,53033512629382,58219,5,5,15,11,3,0,0,0,0,289805,300000,52,0,96.6,bonus_bs15_gae3_no,100,2575000,,,,,20,13,6,3,3,10,3,1,0,66,33,15,22,13,27,6,1,4
85274,2026-04-10 20:50:15,2,2,2,goldSack,goldSack,goldSack,gold,1,true,33000000,53033965629382,58204,5,5,15,11,0,0,0,0,0,289805,300000,52,0,96.6,bonus_bs15_gae3_no,100,2575000,,,,,21,13,6,3,3,10,3,1,0,67,33,15,22,13,27,6,1,4
85275,2026-04-10 20:50:16,30,30,1,accumulation,accumulation,coin,gold,1,false,375000,53033966004382,58189,5,5,15,11,0,0,0,0,2,289835,300000,52,30,96.6,bonus_bs15_gae3_no,100,2575000,,,,"{""e190af25"":""12528\/75000@m19""}",22,13,6,3,3,12,3,1,0,68,33,15,22,13,29,6,1,4
85276,2026-04-10 20:50:17,1,4,6,coin,steal,spins,gold,1,false,375000,53033966379382,58174,5,5,15,11,0,1,0,1,0,289835,300000,52,0,96.6,bonus_bs15_gae3_no,100,2575000,,,,,23,13,7,3,4,12,3,1,0,69,33,16,22,14,29,6,1,4
85277,2026-04-10 20:50:17,30,2,2,accumulation,goldSack,goldSack,gold,1,false,2250000,53033968629382,58159,5,5,15,11,0,0,0,0,1,289850,300000,52,15,96.6,bonus_bs15_gae3_no,100,2575000,,,,,24,13,7,3,4,13,3,1,0,70,33,16,22,14,30,6,1,4
85278,2026-04-10 20:50:19,1,4,6,coin,steal,spins,gold,1,false,375000,53033969004382,58144,5,5,15,11,0,1,0,1,0,289850,300000,52,0,96.6,bonus_bs15_gae3_no,100,2575000,LongExtraDayReduced,,LongExtraDayReduced,"{""slot_on_"":""8388\/60000@m26""}",25,13,8,3,5,13,3,1,0,71,33,17,22,15,30,6,1,4
85279,2026-04-10 20:50:20,1,1,6,coin,coin,spins,gold,1,false,750000,53033969754382,58129,5,5,15,11,0,0,0,1,0,289850,300000,52,0,96.6,bonus_bs15_gae3_no,100,2575000,,LongExtraDayReduced,LongExtraDayReduced,"{""slot_on_"":""8418\/60000@m26"",""c5261ecd"":""3463\/4200@m85""}",26,13,8,3,6,13,3,1,0,72,33,17,22,16,30,6,1,4
85280,2026-04-10 20:50:21,3,5,2,attack,shield,goldSack,gold,1,false,1500000,53033971254382,58114,5,5,15,11,1,0,1,0,0,289850,300000,52,0,96.6,bonus_bs15_gae3_no,100,2575000,,,,,27,14,8,4,6,13,3,1,0,73,34,17,23,16,30,6,1,4
85281,2026-04-10 20:50:22,3,3,2,attack,attack,goldSack,gold,1,false,1500000,53033972754382,58099,5,5,15,11,2,0,0,0,0,289850,300000,52,0,96.6,bonus_bs15_gae3_no,100,2575000,,,,,28,16,8,4,6,13,3,1,0,74,36,17,23,16,30,6,1,4
85282,2026-04-10 20:50:23,3,5,2,attack,shield,goldSack,gold,1,false,1500000,53033974254382,58084,5,5,15,11,1,0,1,0,0,289850,300000,52,0,96.6,bonus_bs15_gae3_no,100,2575000,,,,,29,17,8,5,6,13,3,1,0,75,37,17,24,16,30,6,1,4
85283,2026-04-10 20:50:23,3,1,5,attack,coin,shield,gold,1,false,375000,53033974629382,58069,5,5,15,11,1,0,1,0,0,289850,300000,52,0,96.6,bonus_bs15_gae3_no,100,2575000,,,,,30,18,8,6,6,13,3,1,0,76,38,17,25,16,30,6,1,4
85284,2026-04-10 20:50:24,3,4,2,attack,steal,goldSack,gold,1,false,1500000,53033976129382,58054,5,5,15,11,1,1,0,0,0,289850,300000,52,0,96.6,bonus_bs15_gae3_no,100,2575000,,,,"{""e190af25"":""12558\/75000@m19""}",31,19,9,6,6,13,3,1,0,77,39,18,25,16,30,6,1,4
85285,2026-04-10 20:50:25,30,2,2,accumulation,goldSack,goldSack,gold,1,false,2250000,53033978379382,58039,5,5,15,11,0,0,0,0,1,289865,300000,52,15,96.6,bonus_bs15_gae3_no,100,2575000,,,,,32,19,9,6,6,14,3,1,0,78,39,18,25,16,31,6,1,4
85286,2026-04-10 20:50:26,1,4,6,coin,steal,spins,gold,1,false,375000,53033978754382,58024,5,5,15,11,0,1,0,1,0,289865,300000,52,0,96.6,bonus_bs15_gae3_no,100,2575000,,,,,33,19,10,6,7,14,3,1,0,79,39,19,25,17,31,6,1,4
85287,2026-04-10 20:50:27,30,30,3,accumulation,accumulation,attack,gold,6,false,0,53033978754382,58009,5,5,15,11,1,0,0,0,2,289895,300000,52,30,96.6,bonus_bs15_gae3_no,100,2575000,,,,,34,20,10,6,7,16,3,1,0,80,40,19,25,17,33,6,1,4
85288,2026-04-10 20:50:28,2,2,2,goldSack,goldSack,goldSack,gold,1,true,33000000,53034011754382,57994,5,5,15,11,0,0,0,0,0,289895,300000,52,0,96.6,bonus_bs15_gae3_no,100,2575000,,,,,35,20,10,6,7,16,3,1,0,81,40,19,25,17,33,6,1,4
85289,2026-04-10 20:50:29,3,3,2,attack,attack,goldSack,gold,1,false,1500000,53034013254382,57979,5,5,15,11,2,0,0,0,0,289895,300000,52,0,96.6,bonus_bs15_gae3_no,100,2575000,,,,,36,22,10,6,7,16,3,1,0,82,42,19,25,17,33,6,1,4
85290,2026-04-10 20:50:31,30,30,1,accumulation,accumulation,coin,gold,1,false,1250000,53034014504382,57929,5,5,50,11,0,0,0,0,2,289995,300000,52,100,96.7,bonus_bs15_gae3_no,100,2575000,,,,,37,22,10,6,7,18,3,1,0,83,42,19,25,17,35,6,1,4
85291,2026-04-10 20:50:32,3,1,4,attack,coin,steal,gold,1,false,1250000,53034015754382,57879,5,5,50,11,1,1,0,0,0,289995,300000,52,0,96.7,bonus_bs15_gae3_no,100,2575000,,,,"{""e190af25"":""12658\/75000@m19""}",38,23,11,6,7,18,3,1,0,84,43,20,25,17,35,6,1,4
85292,2026-04-10 20:50:33,1,5,5,coin,shield,shield,gold,1,false,1250000,53034017004382,57829,5,5,50,11,0,0,2,0,0,289995,300000,52,0,96.7,bonus_bs15_gae3_no,100,2575000,LongExtraDayReduced,,,"{""slot_on_"":""8468\/60000@m26""}",39,23,11,8,7,18,3,1,0,85,43,20,27,17,35,6,1,4
85293,2026-04-10 20:50:34,2,2,2,goldSack,goldSack,goldSack,gold,1,true,110000000,53034127004382,57779,5,5,50,11,0,0,0,0,0,289995,300000,52,0,96.7,bonus_bs15_gae3_no,100,2575000,,LongExtraDayReduced,,"{""slot_on_"":""8518\/60000@m26""}",40,23,11,8,7,18,3,1,0,86,43,20,27,17,35,6,1,4
85294,2026-04-10 20:50:35,4,6,2,steal,spins,goldSack,gold,1,false,5000000,53034132004382,57729,5,5,50,11,0,1,0,1,0,289995,300000,52,0,96.7,bonus_bs15_gae3_no,100,2575000,,,,,41,23,12,8,8,18,3,1,0,87,43,21,27,18,35,6,1,4
85295,2026-04-10 20:50:36,3,6,2,attack,spins,goldSack,gold,1,false,5000000,53034137004382,57679,5,5,50,11,1,0,0,1,0,289995,300000,52,0,96.7,bonus_bs15_gae3_no,100,2575000,,LongExtraDayReduced,,"{""slot_on_"":""8568\/60000@m26""}",42,24,12,8,9,18,3,1,0,88,44,21,27,19,35,6,1,4
85296,2026-04-10 20:50:37,30,2,2,accumulation,goldSack,goldSack,gold,1,false,7500000,53034144504382,57629,5,5,50,11,0,0,0,0,1,290045,300000,52,50,96.7,bonus_bs15_gae3_no,100,2575000,,,,,43,24,12,8,9,19,3,1,0,89,44,21,27,19,36,6,1,4
85297,2026-04-10 20:50:37,30,2,2,accumulation,goldSack,goldSack,gold,1,false,7500000,53034152004382,57579,5,5,50,11,0,0,0,0,1,290095,300000,52,50,96.7,bonus_bs15_gae3_no,100,2575000,LongExtraDayReduced,,,"{""slot_on_"":""8618\/60000@m26""}",44,24,12,8,9,20,3,1,0,90,44,21,27,19,37,6,1,4
85298,2026-04-10 20:50:39,4,4,4,steal,steal,steal,steal,4,true,0,53034152004382,57529,5,5,50,11,0,3,0,0,0,290095,300000,52,0,96.7,bonus_bs15_gae3_no,100,2575000,,,,,45,24,15,8,9,20,3,2,0,91,44,24,27,19,37,6,2,4
85299,2026-04-10 20:50:45,3,3,3,attack,attack,attack,attack,2,true,0,53056813140382,57479,5,5,50,11,3,0,0,0,0,290095,300000,52,0,96.7,bonus_bs15_gae3_no,100,2575000,LongExtraDayReduced,LongExtraDayReduced,LongExtraDayReduced,"{""slot_on_"":""8868\/60000@m26""}",46,27,15,8,9,20,4,2,0,92,47,24,27,19,37,7,2,4
85300,2026-04-10 20:50:48,4,6,2,steal,spins,goldSack,gold,1,false,5000000,53057280140382,57429,5,5,50,11,0,1,0,1,0,290095,300000,52,0,96.7,bonus_bs15_gae3_no,100,2575000,,,,"{""c5261ecd"":""3563\/4200@m85""}",47,27,16,8,10,20,4,2,0,93,47,25,27,20,37,7,2,4
85301,2026-04-10 20:50:49,3,6,2,attack,spins,goldSack,gold,1,false,5000000,53057285140382,57379,5,5,50,11,1,0,0,1,0,290095,300000,52,0,96.7,bonus_bs15_gae3_no,100,2575000,,,,,48,28,16,8,11,20,4,2,0,94,48,25,27,21,37,7,2,4
85302,2026-04-10 20:50:50,3,1,5,attack,coin,shield,gold,1,false,1250000,53057286390382,57329,5,5,50,11,1,0,1,0,0,290095,300000,52,0,96.7,bonus_bs15_gae3_no,100,2575000,,,,,49,29,16,9,11,20,4,2,0,95,49,25,28,21,37,7,2,4
85303,2026-04-10 20:50:51,5,5,5,shield,shield,shield,shield,3,true,50,53057286390382,57329,5,5,50,11,0,0,3,0,0,290095,300000,52,0,96.7,bonus_bs15_gae3_no,100,2575000,,,,,50,29,16,12,11,20,4,2,1,96,49,25,31,21,37,7,2,5
85304,2026-04-10 20:50:52,4,4,4,steal,steal,steal,steal,4,true,0,53057286390382,57279,5,5,50,11,0,3,0,0,0,290095,300000,52,0,96.7,bonus_bs15_gae3_no,100,2575000,,,,,51,29,19,12,11,20,4,3,1,97,49,28,31,21,37,7,3,5
85305,2026-04-10 20:50:59,2,2,2,goldSack,goldSack,goldSack,gold,1,true,110000000,53076092582382,57229,5,5,50,11,0,0,0,0,0,290095,300000,52,0,96.7,bonus_bs15_gae3_no,100,2575000,,,,,52,29,19,12,11,20,4,3,1,98,49,28,31,21,37,7,3,5
85306,2026-04-10 20:51:00,3,3,3,attack,attack,attack,attack,2,true,0,53076092582382,57179,5,5,50,11,3,0,0,0,0,290095,300000,52,0,96.7,bonus_bs15_gae3_no,100,2575000,LongExtraDayReduced,LongExtraDayReduced,,"{""slot_on_"":""8968\/60000@m26""}",53,32,19,12,11,20,5,3,1,99,52,28,31,21,37,8,3,5
85307,2026-04-10 20:51:07,1,1,4,coin,coin,steal,gold,1,false,2500000,53077495082382,57129,5,5,50,11,0,1,0,0,0,290095,300000,52,0,96.7,bonus_bs15_gae3_no,100,2575000,LongExtraDayReduced,,,"{""slot_on_"":""9018\/60000@m26""}",54,32,20,12,11,20,5,3,1,100,52,29,31,21,37,8,3,5
85308,2026-04-10 20:51:08,5,2,2,shield,goldSack,goldSack,gold,1,false,7500000,53077502582382,57079,5,5,50,11,0,0,1,0,0,290095,300000,52,0,96.7,bonus_bs15_gae3_no,100,2575000,,,,"{""e190af25"":""12758\/75000@m19""}",55,32,20,13,11,20,5,3,1,101,52,29,32,21,37,8,3,5
85309,2026-04-10 20:51:08,3,1,5,attack,coin,shield,gold,1,false,1250000,53077503832382,57029,5,5,50,11,1,0,1,0,0,290095,300000,52,0,96.7,bonus_bs15_gae3_no,100,2575000,,,,,56,33,20,14,11,20,5,3,1,102,53,29,33,21,37,8,3,5
85310,2026-04-10 20:51:09,30,2,2,accumulation,goldSack,goldSack,gold,1,false,7500000,53077511332382,56979,5,5,50,11,0,0,0,0,1,290145,300000,52,50,96.7,bonus_bs15_gae3_no,100,2575000,,,,,57,33,20,14,11,21,5,3,1,103,53,29,33,21,38,8,3,5
85311,2026-04-10 20:51:10,30,30,1,accumulation,accumulation,coin,gold,1,false,1250000,53077512582382,56929,5,5,50,11,0,0,0,0,2,290245,300000,52,100,96.7,bonus_bs15_gae3_no,100,2575000,,,,,58,33,20,14,11,23,5,3,1,104,53,29,33,21,40,8,3,5
85312,2026-04-10 20:51:12,1,1,4,coin,coin,steal,gold,1,false,2500000,53077515082382,56879,5,5,50,11,0,1,0,0,0,290245,300000,52,0,96.7,bonus_bs15_gae3_no,100,2575000,,,,,59,33,21,14,11,23,5,3,1,105,53,30,33,21,40,8,3,5
85313,2026-04-10 20:51:12,2,2,2,goldSack,goldSack,goldSack,gold,1,true,110000000,53077625082382,56829,5,5,50,11,0,0,0,0,0,290245,300000,52,0,96.7,bonus_bs15_gae3_no,100,2575000,LongExtraDayReduced,,,"{""slot_on_"":""9068\/60000@m26""}",60,33,21,14,11,23,5,3,1,106,53,30,33,21,40,8,3,5
85314,2026-04-10 20:51:13,5,5,5,shield,shield,shield,shield,3,true,50,53077625082382,56829,5,5,50,11,0,0,3,0,0,290245,300000,52,0,96.7,bonus_bs15_gae3_no,100,2575000,,,LongExtraDayReduced,"{""slot_on_"":""9118\/60000@m26""}",61,33,21,17,11,23,5,3,2,107,53,30,36,21,40,8,3,6
85315,2026-04-10 20:51:14,1,6,6,coin,spins,spins,gold,1,false,1250000,53077626332382,56779,5,5,50,11,0,0,0,2,0,290245,300000,52,0,96.7,bonus_bs15_gae3_no,100,2575000,,,,"{""c5261ecd"":""3663\/4200@m85""}",62,33,21,17,13,23,5,3,2,108,53,30,36,23,40,8,3,6
85316,2026-04-10 20:51:15,2,2,2,goldSack,goldSack,goldSack,gold,1,true,110000000,53077736332382,56729,5,5,50,11,0,0,0,0,0,290245,300000,52,0,96.7,bonus_bs15_gae3_no,100,2575000,,,,,63,33,21,17,13,23,5,3,2,109,53,30,36,23,40,8,3,6
85317,2026-04-10 20:51:16,30,2,2,accumulation,goldSack,goldSack,gold,1,false,7500000,53077743832382,56679,5,5,50,11,0,0,0,0,1,290295,300000,52,50,96.8,bonus_bs15_gae3_no,100,2575000,,LongExtraDayReduced,,"{""slot_on_"":""9168\/60000@m26""}",64,33,21,17,13,24,5,3,2,110,53,30,36,23,41,8,3,6
85318,2026-04-10 20:51:17,30,2,2,accumulation,goldSack,goldSack,gold,1,false,7500000,53077751332382,56629,5,5,50,11,0,0,0,0,1,290345,300000,52,50,96.8,bonus_bs15_gae3_no,100,2575000,,,,,65,33,21,17,13,25,5,3,2,111,53,30,36,23,42,8,3,6
85319,2026-04-10 20:51:19,30,30,1,accumulation,accumulation,coin,gold,1,false,1250000,53077752582382,56579,5,5,50,11,0,0,0,0,2,290445,300000,52,100,96.8,bonus_bs15_gae3_no,100,2575000,,,,,66,33,21,17,13,27,5,3,2,112,53,30,36,23,44,8,3,6
85320,2026-04-10 20:51:20,5,5,5,shield,shield,shield,shield,3,true,50,53077752582382,56579,5,5,50,11,0,0,3,0,0,290445,300000,52,0,96.8,bonus_bs15_gae3_no,100,2575000,,,,,67,33,21,20,13,27,5,3,3,113,53,30,39,23,44,8,3,7
85321,2026-04-10 20:51:21,1,1,1,coin,coin,coin,gold,1,true,12500000,53077765082382,56529,5,5,50,11,0,0,0,0,0,290445,300000,52,0,96.8,bonus_bs15_gae3_no,100,2575000,,,,"{""e190af25"":""12858\/75000@m19""}",68,33,21,20,13,27,5,3,3,114,53,30,39,23,44,8,3,7
85322,2026-04-10 20:51:22,4,6,2,steal,spins,goldSack,gold,1,false,5000000,53077770082382,56479,5,5,50,11,0,1,0,1,0,290445,300000,52,0,96.8,bonus_bs15_gae3_no,100,2575000,,,,,69,33,22,20,14,27,5,3,3,115,53,31,39,24,44,8,3,7
85323,2026-04-10 20:51:23,3,3,2,attack,attack,goldSack,gold,1,false,5000000,53077775082382,56429,5,5,50,11,2,0,0,0,0,290445,300000,52,0,96.8,bonus_bs15_gae3_no,100,2575000,,,,,70,35,22,20,14,27,5,3,3,116,55,31,39,24,44,8,3,7
85324,2026-04-10 20:51:24,1,1,4,coin,coin,steal,gold,1,false,2500000,53077777582382,56379,5,5,50,11,0,1,0,0,0,290445,300000,52,0,96.8,bonus_bs15_gae3_no,100,2575000,,LongExtraDayReduced,,"{""slot_on_"":""9218\/60000@m26""}",71,35,23,20,14,27,5,3,3,117,55,32,39,24,44,8,3,7
85325,2026-04-10 20:51:25,2,2,2,goldSack,goldSack,goldSack,gold,1,true,110000000,53077887582382,56329,5,5,50,11,0,0,0,0,0,290445,300000,52,0,96.8,bonus_bs15_gae3_no,100,2575000,LongExtraDayReduced,,,"{""slot_on_"":""9268\/60000@m26""}",72,35,23,20,14,27,5,3,3,118,55,32,39,24,44,8,3,7
85326,2026-04-10 20:51:26,3,6,2,attack,spins,goldSack,gold,1,false,5000000,53077892582382,56279,5,5,50,11,1,0,0,1,0,290445,300000,52,0,96.8,bonus_bs15_gae3_no,100,2575000,,,,,73,36,23,20,15,27,5,3,3,119,56,32,39,25,44,8,3,7
85327,2026-04-10 20:51:27,1,4,4,coin,steal,steal,gold,1,false,1250000,53077893832382,56229,5,5,50,11,0,2,0,0,0,290445,300000,52,0,96.8,bonus_bs15_gae3_no,100,2575000,,,LongExtraDayReduced,"{""slot_on_"":""9318\/60000@m26""}",74,36,25,20,15,27,5,3,3,120,56,34,39,25,44,8,3,7
85328,2026-04-10 20:51:27,3,3,2,attack,attack,goldSack,gold,1,false,5000000,53077898832382,56179,5,5,50,11,2,0,0,0,0,290445,300000,52,0,96.8,bonus_bs15_gae3_no,100,2575000,,,,,75,38,25,20,15,27,5,3,3,121,58,34,39,25,44,8,3,7
85329,2026-04-10 20:51:28,1,6,6,coin,spins,spins,gold,1,false,1250000,53077900082382,56129,5,5,50,11,0,0,0,2,0,290445,300000,52,0,96.8,bonus_bs15_gae3_no,100,2575000,,,,,76,38,25,20,17,27,5,3,3,122,58,34,39,27,44,8,3,7
85330,2026-04-10 20:51:29,1,1,4,coin,coin,steal,gold,1,false,2500000,53077902582382,56079,5,5,50,11,0,1,0,0,0,290445,300000,52,0,96.8,bonus_bs15_gae3_no,100,2575000,,LongExtraDayReduced,LongExtraDayReduced,"{""slot_on_"":""9418\/60000@m26""}",77,38,26,20,17,27,5,3,3,123,58,35,39,27,44,8,3,7
85331,2026-04-10 20:51:30,1,4,4,coin,steal,steal,gold,1,false,1250000,53077903832382,56029,5,5,50,11,0,2,0,0,0,290445,300000,52,0,96.8,bonus_bs15_gae3_no,100,2575000,,,,,78,38,28,20,17,27,5,3,3,124,58,37,39,27,44,8,3,7
85332,2026-04-10 20:51:31,3,6,2,attack,spins,goldSack,gold,1,false,5000000,53077908832382,55979,5,5,50,11,1,0,0,1,0,290445,300000,52,0,96.8,bonus_bs15_gae3_no,100,2575000,,,,,79,39,28,20,18,27,5,3,3,125,59,37,39,28,44,8,3,7
85333,2026-04-10 20:51:31,3,1,4,attack,coin,steal,gold,1,false,1250000,53077910082382,55929,5,5,50,11,1,1,0,0,0,290445,300000,52,0,96.8,bonus_bs15_gae3_no,100,2575000,,,,,80,40,29,20,18,27,5,3,3,126,60,38,39,28,44,8,3,7
85334,2026-04-10 20:51:32,30,2,2,accumulation,goldSack,goldSack,gold,1,false,7500000,53077917582382,55879,5,5,50,11,0,0,0,0,1,290495,300000,52,50,96.8,bonus_bs15_gae3_no,100,2575000,,,,"{""c5261ecd"":""3763\/4200@m85""}",81,40,29,20,18,28,5,3,3,127,60,38,39,28,45,8,3,7
85335,2026-04-10 20:51:34,1,1,4,coin,coin,steal,gold,1,false,2500000,53077920082382,55829,5,5,50,11,0,1,0,0,0,290495,300000,52,0,96.8,bonus_bs15_gae3_no,100,2575000,,,,,82,40,30,20,18,28,5,3,3,128,60,39,39,28,45,8,3,7
85336,2026-04-10 20:51:35,1,6,6,coin,spins,spins,gold,1,false,1250000,53077921332382,55779,5,5,50,11,0,0,0,2,0,290495,300000,52,0,96.8,bonus_bs15_gae3_no,100,2575000,,,,,83,40,30,20,20,28,5,3,3,129,60,39,39,30,45,8,3,7
85337,2026-04-10 20:51:36,3,3,3,attack,attack,attack,attack,2,true,0,53077921332382,55729,5,5,50,11,3,0,0,0,0,290495,300000,52,0,96.8,bonus_bs15_gae3_no,100,2575000,LongExtraDayReduced,,,"{""slot_on_"":""9468\/60000@m26""}",84,43,30,20,20,28,6,3,3,130,63,39,39,30,45,9,3,7
85338,2026-04-10 20:51:39,1,1,4,coin,coin,steal,gold,1,false,2500000,53078385832382,55679,5,5,50,11,0,1,0,0,0,290495,300000,52,0,96.8,bonus_bs15_gae3_no,100,2575000,,,,,85,43,31,20,20,28,6,3,3,131,63,40,39,30,45,9,3,7
85339,2026-04-10 20:51:40,3,6,2,attack,spins,goldSack,gold,1,false,5000000,53078390832382,55629,5,5,50,11,1,0,0,1,0,290495,300000,52,0,96.8,bonus_bs15_gae3_no,100,2575000,,LongExtraDayReduced,,"{""slot_on_"":""9518\/60000@m26""}",86,44,31,20,21,28,6,3,3,132,64,40,39,31,45,9,3,7
85340,2026-04-10 20:51:41,1,1,6,coin,coin,spins,gold,1,false,2500000,53078393332382,55579,5,5,50,11,0,0,0,1,0,290495,300000,52,0,96.8,bonus_bs15_gae3_no,100,2575000,,,,"{""e190af25"":""12958\/75000@m19""}",87,44,31,20,22,28,6,3,3,133,64,40,39,32,45,9,3,7
85341,2026-04-10 20:51:43,2,2,2,goldSack,goldSack,goldSack,gold,1,true,110000000,53078503332382,55529,5,5,50,11,0,0,0,0,0,290495,300000,52,0,96.8,bonus_bs15_gae3_no,100,2575000,,,,,88,44,31,20,22,28,6,3,3,134,64,40,39,32,45,9,3,7
85342,2026-04-10 20:51:44,3,3,2,attack,attack,goldSack,gold,1,false,5000000,53078508332382,55479,5,5,50,11,2,0,0,0,0,290495,300000,52,0,96.8,bonus_bs15_gae3_no,100,2575000,,,,,89,46,31,20,22,28,6,3,3,135,66,40,39,32,45,9,3,7
85343,2026-04-10 20:51:46,1,1,4,coin,coin,steal,gold,1,false,20000000,53078528332382,55079,5,5,400,11,0,1,0,0,0,290495,300000,52,0,96.8,bonus_bs15_gae3_no,100,2575000,,,,,90,46,32,20,22,28,6,3,3,136,66,41,39,32,45,9,3,7
85344,2026-04-10 20:51:47,1,4,4,coin,steal,steal,gold,1,false,10000000,53078538332382,54679,5,5,400,11,0,2,0,0,0,290495,300000,52,0,96.8,bonus_bs15_gae3_no,100,2575000,,LongExtraDayReduced,,"{""slot_on_"":""9918\/60000@m26""}",91,46,34,20,22,28,6,3,3,137,66,43,39,32,45,9,3,7
85345,2026-04-10 20:51:48,30,30,1,accumulation,accumulation,coin,gold,1,false,10000000,53078548332382,54279,5,5,400,11,0,0,0,0,2,291295,300000,52,800,97.1,bonus_bs15_gae3_no,100,2575000,,,,,92,46,34,20,22,30,6,3,3,138,66,43,39,32,47,9,3,7
85346,2026-04-10 20:51:49,30,30,1,accumulation,accumulation,coin,gold,1,false,10000000,53078558332382,53879,5,5,400,11,0,0,0,0,2,292095,300000,52,800,97.4,bonus_bs15_gae3_no,100,2575000,,,,,93,46,34,20,22,32,6,3,3,139,66,43,39,32,49,9,3,7
85347,2026-04-10 20:51:50,1,6,6,coin,spins,spins,gold,1,false,10000000,53078568332382,53479,5,5,400,11,0,0,0,2,0,292095,300000,52,0,97.4,bonus_bs15_gae3_no,100,2575000,,LongExtraDayReduced,,"{""slot_on_"":""10318\/60000@m26"",""e190af25"":""13758\/75000@m19""}",94,46,34,20,24,32,6,3,3,140,66,43,39,34,49,9,3,7
85348,2026-04-10 20:51:51,5,5,5,shield,shield,shield,shield,3,true,400,53078568332382,53479,5,5,400,11,0,0,3,0,0,292095,300000,52,0,97.4,bonus_bs15_gae3_no,100,2575000,,,,,95,46,34,23,24,32,6,3,4,141,66,43,42,34,49,9,3,8
85349,2026-04-10 20:51:52,3,3,2,attack,attack,goldSack,gold,1,false,40000000,53078608332382,53079,5,5,400,11,2,0,0,0,0,292095,300000,52,0,97.4,bonus_bs15_gae3_no,100,2575000,,,,,96,48,34,23,24,32,6,3,4,142,68,43,42,34,49,9,3,8
85350,2026-04-10 20:51:53,3,1,5,attack,coin,shield,gold,1,false,10000000,53078618332382,52679,5,5,400,11,1,0,1,0,0,292095,300000,52,0,97.4,bonus_bs15_gae3_no,100,2575000,,,,,97,49,34,24,24,32,6,3,4,143,69,43,43,34,49,9,3,8
85351,2026-04-10 20:51:54,3,6,2,attack,spins,goldSack,gold,1,false,40000000,53078658332382,52279,5,5,400,11,1,0,0,1,0,292095,300000,52,0,97.4,bonus_bs15_gae3_no,100,2575000,,LongExtraDayReduced,LongExtraDayReduced,"{""slot_on_"":""11118\/60000@m26""}",98,50,34,24,25,32,6,3,4,144,70,43,43,35,49,9,3,8
85352,2026-04-10 20:51:55,30,2,2,accumulation,goldSack,goldSack,gold,1,false,60000000,53078718332382,51879,5,5,400,11,0,0,0,0,1,292495,300000,52,400,97.5,bonus_bs15_gae3_no,100,2575000,,,,,99,50,34,24,25,33,6,3,4,145,70,43,43,35,50,9,3,8
85353,2026-04-10 20:51:57,2,2,2,goldSack,goldSack,goldSack,gold,1,true,880000000,53079598332382,51479,5,5,400,11,0,0,0,0,0,292495,300000,52,0,97.5,bonus_bs15_gae3_no,100,2575000,,LongExtraDayReduced,LongExtraDayReduced,"{""slot_on_"":""11918\/60000@m26""}",100,50,34,24,25,33,6,3,4,146,70,43,43,35,50,9,3,8
85354,2026-04-10 20:51:59,3,1,1,attack,coin,coin,gold,1,false,75000000,53079673332382,49979,5,5,1500,11,1,0,0,0,0,292495,300000,52,0,97.5,bonus_bs15_gae3_no,100,2575000,,,,,101,51,34,24,25,33,6,3,4,147,71,43,43,35,50,9,3,8
85355,2026-04-10 20:52:00,6,6,2,spins,spins,goldSack,gold,1,false,150000000,53079823332382,48479,5,5,1500,11,0,0,0,2,0,292495,300000,52,0,97.5,bonus_bs15_gae3_no,100,2575000,,LongExtraDayReduced,,"{""slot_on_"":""13418\/60000@m26""}",102,51,34,24,27,33,6,3,4,148,71,43,43,37,50,9,3,8
85356,2026-04-10 20:52:03,3,1,1,attack,coin,coin,gold,1,false,75000000,53079898332382,46979,5,5,1500,11,1,0,0,0,0,292495,300000,52,0,97.5,bonus_bs15_gae3_no,100,2575000,LongExtraDayReduced,,LongExtraDayReduced,"{""slot_on_"":""16418\/60000@m26"",""c5261ecd"":""2563\/4200@m86""}",103,52,34,24,27,33,6,3,4,149,72,43,43,37,50,9,3,8
85357,2026-04-10 20:52:05,3,1,1,attack,coin,coin,gold,1,false,75000000,53079973332382,45479,5,5,1500,11,1,0,0,0,0,292495,300000,52,0,97.5,bonus_bs15_gae3_no,100,2575000,,,,,104,53,34,24,27,33,6,3,4,150,73,43,43,37,50,9,3,8
85358,2026-04-10 20:52:07,3,1,5,attack,coin,shield,gold,1,false,37500000,53080010832382,43979,5,5,1500,11,1,0,1,0,0,292495,300000,52,0,97.5,bonus_bs15_gae3_no,100,2575000,,,LongExtraDayReduced,"{""slot_on_"":""17918\/60000@m26""}",105,54,34,25,27,33,6,3,4,151,74,43,44,37,50,9,3,8
85359,2026-04-10 20:52:08,30,30,2,accumulation,accumulation,goldSack,gold,1,false,150000000,53080160832382,42479,5,5,1500,11,0,0,0,0,2,295495,300000,52,3000,98.5,bonus_bs15_gae3_no,100,2575000,,,,,106,54,34,25,27,35,6,3,4,152,74,43,44,37,52,9,3,8
85360,2026-04-10 20:52:10,1,1,1,coin,coin,coin,gold,1,true,375000000,53080535832382,40979,5,5,1500,11,0,0,0,0,0,295495,300000,52,0,98.5,bonus_bs15_gae3_no,100,2575000,,,,,107,54,34,25,27,35,6,3,4,153,74,43,44,37,52,9,3,8
85361,2026-04-10 20:52:11,30,2,2,accumulation,goldSack,goldSack,gold,1,false,225000000,53080760832382,39479,5,5,1500,11,0,0,0,0,1,296995,300000,52,1500,99.0,bonus_bs15_gae3_no,100,2575000,,,,"{""e190af25"":""16758\/75000@m19""}",108,54,34,25,27,36,6,3,4,154,74,43,44,37,53,9,3,8
85362,2026-04-10 20:52:13,3,4,2,attack,steal,goldSack,gold,1,false,150000000,53080910832382,37979,5,5,1500,11,1,1,0,0,0,296995,300000,52,0,99.0,bonus_bs15_gae3_no,100,2575000,,,,,109,55,35,25,27,36,6,3,4,155,75,44,44,37,53,9,3,8
85363,2026-04-10 20:52:14,4,4,4,steal,steal,steal,steal,4,true,0,53080910832382,36479,5,5,1500,11,0,3,0,0,0,296995,300000,52,0,99.0,bonus_bs15_gae3_no,100,2575000,,,,,110,55,38,25,27,36,6,4,4,156,75,47,44,37,53,9,4,8
85364,2026-04-10 20:52:27,1,1,4,coin,coin,steal,gold,1,false,20000000,53856065552382,38579,5,5,400,11,0,1,0,0,0,296995,300000,52,0,99.0,bonus_bs15_gae3_no,100,2575000,LongExtraDayReduced,,,"{""slot_on_"":""18318\/60000@m26""}",111,55,39,25,27,36,6,4,4,157,75,48,44,37,53,9,4,8
85365,2026-04-10 20:52:27,1,6,6,coin,spins,spins,gold,1,false,10000000,53856075552382,38179,5,5,400,11,0,0,0,2,0,296995,300000,52,0,99.0,bonus_bs15_gae3_no,100,2575000,LongExtraDayReduced,LongExtraDayReduced,LongExtraDayReduced,"{""slot_on_"":""20318\/60000@m26""}",112,55,39,25,29,36,6,4,4,158,75,48,44,39,53,9,4,8
85366,2026-04-10 20:52:28,30,2,2,accumulation,goldSack,goldSack,gold,1,false,60000000,53856135552382,37779,5,5,400,11,0,0,0,0,1,297395,300000,52,400,99.1,bonus_bs15_gae3_no,100,2575000,,,,,113,55,39,25,29,37,6,4,4,159,75,48,44,39,54,9,4,8
85367,2026-04-10 20:52:30,30,2,2,accumulation,goldSack,goldSack,gold,1,false,60000000,53856195552382,37379,5,5,400,11,0,0,0,0,1,297795,300000,52,400,99.3,bonus_bs15_gae3_no,100,2575000,,,,,114,55,39,25,29,38,6,4,4,160,75,48,44,39,55,9,4,8
85368,2026-04-10 20:52:32,3,3,2,attack,attack,goldSack,gold,1,false,40000000,53856235552382,36979,5,5,400,11,2,0,0,0,0,297795,300000,52,0,99.3,bonus_bs15_gae3_no,100,2575000,,,,"{""c5261ecd"":""3363\/4200@m86""}",115,57,39,25,29,38,6,4,4,161,77,48,44,39,55,9,4,8
85369,2026-04-10 20:52:32,3,3,3,attack,attack,attack,attack,2,true,0,53856235552382,36579,5,5,400,11,3,0,0,0,0,297795,300000,52,0,99.3,bonus_bs15_gae3_no,100,2575000,,,,,116,60,39,25,29,38,7,4,4,162,80,48,44,39,55,10,4,8
85370,2026-04-10 20:52:37,3,6,2,attack,spins,goldSack,gold,1,false,40000000,53859971552382,36179,5,5,400,11,1,0,0,1,0,297795,300000,52,0,99.3,bonus_bs15_gae3_no,100,2575000,,,LongExtraDayReduced,"{""slot_on_"":""20718\/60000@m26""}",117,61,39,25,30,38,7,4,4,163,81,48,44,40,55,10,4,8
85371,2026-04-10 20:52:38,3,6,2,attack,spins,goldSack,gold,1,false,40000000,53860011552382,35779,5,5,400,11,1,0,0,1,0,297795,300000,52,0,99.3,bonus_bs15_gae3_no,100,2575000,,LongExtraDayReduced,,"{""slot_on_"":""21118\/60000@m26""}",118,62,39,25,31,38,7,4,4,164,82,48,44,41,55,10,4,8
85372,2026-04-10 20:52:39,2,2,2,goldSack,goldSack,goldSack,gold,1,true,880000000,53860891552382,35379,5,5,400,11,0,0,0,0,0,297795,300000,52,0,99.3,bonus_bs15_gae3_no,100,2575000,,LongExtraDayReduced,LongExtraDayReduced,"{""slot_on_"":""21918\/60000@m26""}",119,62,39,25,31,38,7,4,4,165,82,48,44,41,55,10,4,8
85373,2026-04-10 20:52:44,1,1,1,coin,coin,coin,gold,1,true,100000000,53860991552382,34979,5,5,400,11,0,0,0,0,0,297795,300000,52,0,99.3,bonus_bs15_gae3_no,100,2575000,,,,,120,62,39,25,31,38,7,4,4,166,82,48,44,41,55,10,4,8
85374,2026-04-10 20:52:45,1,4,4,coin,steal,steal,gold,1,false,10000000,53861001552382,34579,5,5,400,11,0,2,0,0,0,297795,300000,52,0,99.3,bonus_bs15_gae3_no,100,2575000,,,LongExtraDayReduced,"{""slot_on_"":""22318\/60000@m26""}",121,62,41,25,31,38,7,4,4,167,82,50,44,41,55,10,4,8
85375,2026-04-10 20:52:47,1,6,6,coin,spins,spins,gold,1,false,37500000,53861039052382,33079,5,5,1500,11,0,0,0,2,0,297795,300000,52,0,99.3,bonus_bs15_gae3_no,100,2575000,,,,"{""e190af25"":""19758\/75000@m19""}",122,62,41,25,33,38,7,4,4,168,82,50,44,43,55,10,4,8
85376,2026-04-10 20:52:48,1,4,6,coin,steal,spins,gold,1,false,37500000,53861076552382,31579,5,5,1500,11,0,1,0,1,0,297795,300000,52,0,99.3,bonus_bs15_gae3_no,100,2575000,,,LongExtraDayReduced,"{""slot_on_"":""23818\/60000@m26""}",123,62,42,25,34,38,7,4,4,169,82,51,44,44,55,10,4,8
85377,2026-04-10 20:52:49,3,5,2,attack,shield,goldSack,gold,1,false,150000000,53861226552382,30079,5,5,1500,11,1,0,1,0,0,297795,300000,52,0,99.3,bonus_bs15_gae3_no,100,2575000,,,,"{""c5261ecd"":""2163\/4900@m87""}",124,63,42,26,34,38,7,4,4,170,83,51,45,44,55,10,4,8
85378,2026-04-10 20:52:51,30,2,2,accumulation,goldSack,goldSack,gold,1,false,225000000,53861451552382,28579,5,5,1500,11,0,0,0,0,1,299295,300000,52,1500,99.8,bonus_bs15_gae3_no,100,2575000,,,,,125,63,42,26,34,39,7,4,4,171,83,51,45,44,56,10,4,8
85379,2026-04-10 20:52:53,1,1,6,coin,coin,spins,gold,1,false,75000000,53861526552382,27079,5,5,1500,11,0,0,0,1,0,299295,300000,52,0,99.8,bonus_bs15_gae3_no,100,2575000,,,,,126,63,42,26,35,39,7,4,4,172,83,51,45,45,56,10,4,8
85380,2026-04-10 20:52:54,30,30,1,accumulation,accumulation,coin,gold,1,false,37500000,53861564052382,25579,5,5,1500,11,0,0,0,0,2,2295,5400,53,0,42.5,bonus_bs15_gae3_no,100,2575000,,,,,127,63,42,26,35,41,7,4,4,173,83,51,45,45,58,10,4,8
85381,2026-04-10 20:52:57,3,5,2,attack,shield,goldSack,gold,1,false,150000000,53861714052382,566579,5,5,1500,11,1,0,1,0,0,2295,5400,53,0,42.5,bonus_bs15_gae3_no,100,2575000,,,,,128,64,42,27,35,41,7,4,4,174,84,51,46,45,58,10,4,8
85382,2026-04-10 20:52:58,30,2,2,accumulation,goldSack,goldSack,gold,1,false,225000000,53861939052382,565079,5,5,1500,11,0,0,0,0,1,3795,5400,53,1500,70.3,bonus_bs15_gae3_no,100,2575000,,,,,129,64,42,27,35,42,7,4,4,175,84,51,46,45,59,10,4,8
85383,2026-04-10 20:53:01,1,1,6,coin,coin,spins,gold,1,false,75000000,53862014052382,563579,5,5,1500,11,0,0,0,1,0,3795,5400,53,0,70.3,bonus_bs15_gae3_no,100,2575000,,,LongExtraDayReduced,"{""slot_on_"":""25318\/60000@m26""}",130,64,42,27,36,42,7,4,4,176,84,51,46,46,59,10,4,8
85384,2026-04-10 20:53:06,30,2,2,accumulation,goldSack,goldSack,gold,1,false,225000000,53862239052382,562079,5,5,1500,11,0,0,0,0,1,5295,5400,53,1500,98.1,bonus_bs15_gae3_no,100,2575000,,,,,131,64,42,27,36,43,7,4,4,177,84,51,46,46,60,10,4,8
85385,2026-04-10 20:53:08,1,4,6,coin,steal,spins,gold,1,false,37500000,53862276552382,560579,5,5,1500,11,0,1,0,1,0,5295,5400,53,0,98.1,bonus_bs15_gae3_no,100,2575000,,,,,132,64,43,27,37,43,7,4,4,178,84,52,46,47,60,10,4,8
85386,2026-04-10 20:53:09,6,6,6,spins,spins,spins,spins,5,true,15000,53862276552382,574079,5,5,1500,11,0,0,0,3,0,5295,5400,53,0,98.1,bonus_bs15_gae3_no,100,2575000,,,,"{""e190af25"":""22758\/75000@m19""}",133,64,43,27,40,43,7,4,4,179,84,52,46,50,60,10,4,8
85387,2026-04-10 20:53:15,1,1,1,coin,coin,coin,gold,1,true,100000000,53862376552382,573679,5,5,400,11,0,0,0,0,0,5295,5400,53,0,98.1,bonus_bs15_gae3_no,100,2575000,,,,,134,64,43,27,40,43,7,4,4,1,0,0,0,0,0,0,0,0
85388,2026-04-10 20:53:16,30,2,2,accumulation,goldSack,goldSack,gold,1,false,60000000,53862436552382,573279,5,5,400,11,0,0,0,0,1,295,5700,54,0,5.2,bonus_bs15_gae3_no,100,2575000,,,,,135,64,43,27,40,44,7,4,4,2,0,0,0,0,1,0,0,0
85389,2026-04-10 20:53:18,3,1,1,attack,coin,coin,gold,1,false,20000000,53862456552382,572879,5,5,400,11,1,0,0,0,0,295,5700,54,0,5.2,bonus_bs15_gae3_no,100,2575000,,,,,136,65,43,27,40,44,7,4,4,3,1,0,0,0,1,0,0,0
85390,2026-04-10 20:53:19,6,6,6,spins,spins,spins,spins,5,true,4000,53862456552382,576479,5,5,400,11,0,0,0,3,0,295,5700,54,0,5.2,bonus_bs15_gae3_no,100,2575000,,,,,137,65,43,27,43,44,7,4,4,4,1,0,0,3,1,0,0,0
85391,2026-04-10 20:53:21,3,3,3,attack,attack,attack,attack,2,true,0,53862456552382,576079,5,5,400,11,3,0,0,0,0,295,5700,54,0,5.2,bonus_bs15_gae3_no,100,2575000,,,,,138,68,43,27,43,44,8,4,4,1,3,0,0,0,0,1,0,0
85392,2026-04-10 20:53:30,30,2,2,accumulation,goldSack,goldSack,gold,1,false,60000000,53873716627382,575679,5,5,400,11,0,0,0,0,1,695,5700,54,400,12.2,bonus_bs15_gae3_no,100,2575000,,,,,139,68,43,27,43,45,8,4,4,2,3,0,0,0,1,1,0,0
85393,2026-04-10 20:53:31,5,5,5,shield,shield,shield,shield,3,true,400,53873716627382,575679,5,5,400,11,0,0,3,0,0,695,5700,54,0,12.2,bonus_bs15_gae3_no,100,2575000,,LongExtraDayReduced,,"{""slot_on_"":""25718\/60000@m26"",""c5261ecd"":""2963\/4900@m87""}",140,68,43,30,43,45,8,4,5,3,3,0,3,0,1,1,0,1
85394,2026-04-10 20:53:43,3,3,3,attack,attack,attack,attack,2,true,0,53873716627382,575279,5,5,400,11,3,0,0,0,0,695,5700,54,0,12.2,bonus_bs15_gae3_no,100,2575000,,,,,141,71,43,30,43,45,9,4,5,4,6,0,3,0,1,2,0,1
85395,2026-04-10 20:53:48,3,4,2,attack,steal,goldSack,gold,1,false,40000000,53884956627382,574879,5,5,400,11,1,1,0,0,0,695,5700,54,0,12.2,bonus_bs15_gae3_no,100,2575000,,,,,142,72,44,30,43,45,9,4,5,5,7,1,3,0,1,2,0,1
85396,2026-04-10 20:53:49,4,6,2,steal,spins,goldSack,gold,1,false,40000000,53884996627382,574479,5,5,400,11,0,1,0,1,0,695,5700,54,0,12.2,bonus_bs15_gae3_no,100,2575000,,,,,143,72,45,30,44,45,9,4,5,6,7,2,3,1,1,2,0,1
85397,2026-04-10 20:53:50,30,30,1,accumulation,accumulation,coin,gold,1,false,10000000,53885006627382,574079,5,5,400,11,0,0,0,0,2,1495,5700,54,800,26.2,bonus_bs15_gae3_no,100,2575000,,,,,144,72,45,30,44,47,9,4,5,7,7,2,3,1,3,2,0,1
85398,2026-04-10 20:53:51,3,1,5,attack,coin,shield,gold,1,false,10000000,53885016627382,573679,5,5,400,11,1,0,1,0,0,1495,5700,54,0,26.2,bonus_bs15_gae3_no,100,2575000,,,,,145,73,45,31,44,47,9,4,5,8,8,2,4,1,3,2,0,1
85399,2026-04-10 20:53:52,3,1,1,attack,coin,coin,gold,1,false,20000000,53885036627382,573279,5,5,400,11,1,0,0,0,0,1495,5700,54,0,26.2,bonus_bs15_gae3_no,100,2575000,,,LongExtraDayReduced,"{""slot_on_"":""26118\/60000@m26""}",146,74,45,31,44,47,9,4,5,9,9,2,4,1,3,2,0,1
85400,2026-04-10 20:53:53,1,1,1,coin,coin,coin,gold,1,true,100000000,53885136627382,572879,5,5,400,11,0,0,0,0,0,1495,5700,54,0,26.2,bonus_bs15_gae3_no,100,2575000,,,LongExtraDayReduced,"{""slot_on_"":""26518\/60000@m26""}",147,74,45,31,44,47,9,4,5,10,9,2,4,1,3,2,0,1
85401,2026-04-10 20:53:55,1,4,6,coin,steal,spins,gold,1,false,37500000,53885174127382,571379,5,5,1500,11,0,1,0,1,0,1495,5700,54,0,26.2,bonus_bs15_gae3_no,100,2575000,,,,,148,74,46,31,45,47,9,4,5,11,9,3,4,2,3,2,0,1
85402,2026-04-10 20:53:56,5,2,2,shield,goldSack,goldSack,gold,1,false,225000000,53885399127382,569879,5,5,1500,11,0,0,1,0,0,1495,5700,54,0,26.2,bonus_bs15_gae3_no,100,2575000,,,,,149,74,46,32,45,47,9,4,5,12,9,3,5,2,3,2,0,1
85403,2026-04-10 20:53:57,5,5,5,shield,shield,shield,shield,3,true,1500,53885399127382,569879,5,5,1500,11,0,0,3,0,0,1495,5700,54,0,26.2,bonus_bs15_gae3_no,100,2575000,LongExtraDayReduced,,,"{""slot_on_"":""28018\/60000@m26""}",150,74,46,35,45,47,9,4,6,13,9,3,8,2,3,2,0,2
85404,2026-04-10 20:54:01,4,6,2,steal,spins,goldSack,gold,1,false,40000000,53885439127382,569479,5,5,400,11,0,1,0,1,0,1495,5700,54,0,26.2,bonus_bs15_gae3_no,100,2575000,,,,"{""e190af25"":""23558\/75000@m19"",""c5261ecd"":""3763\/4900@m87""}",151,74,47,35,46,47,9,4,6,14,9,4,8,3,3,2,0,2
85405,2026-04-10 20:54:02,30,30,1,accumulation,accumulation,coin,gold,1,false,10000000,53885449127382,569079,5,5,400,11,0,0,0,0,2,2295,5700,54,800,40.3,bonus_bs15_gae3_no,100,2575000,,,,,152,74,47,35,46,49,9,4,6,15,9,4,8,3,5,2,0,2
85406,2026-04-10 20:54:03,2,2,2,goldSack,goldSack,goldSack,gold,1,true,880000000,53886329127382,568679,5,5,400,11,0,0,0,0,0,2295,5700,54,0,40.3,bonus_bs15_gae3_no,100,2575000,,,,,153,74,47,35,46,49,9,4,6,16,9,4,8,3,5,2,0,2
85407,2026-04-10 20:54:05,3,4,2,attack,steal,goldSack,gold,1,false,40000000,53886369127382,568279,5,5,400,11,1,1,0,0,0,2295,5700,54,0,40.3,bonus_bs15_gae3_no,100,2575000,,,LongExtraDayReduced,"{""slot_on_"":""28418\/60000@m26""}",154,75,48,35,46,49,9,4,6,17,10,5,8,3,5,2,0,2
85408,2026-04-10 20:54:06,3,3,3,attack,attack,attack,attack,2,true,0,53886369127382,567879,5,5,400,11,3,0,0,0,0,2295,5700,54,0,40.3,bonus_bs15_gae3_no,100,2575000,,,,,155,78,48,35,46,49,10,4,6,18,13,5,8,3,5,3,0,2
85409,2026-04-10 20:54:09,2,2,2,goldSack,goldSack,goldSack,gold,1,true,880000000,53890945127382,567479,5,5,400,11,0,0,0,0,0,2295,5700,54,0,40.3,bonus_bs15_gae3_no,100,2575000,,,,,156,78,48,35,46,49,10,4,6,19,13,5,8,3,5,3,0,2
85410,2026-04-10 20:54:10,30,2,2,accumulation,goldSack,goldSack,gold,1,false,60000000,53891005127382,567079,5,5,400,11,0,0,0,0,1,2695,5700,54,400,47.3,bonus_bs15_gae3_no,100,2575000,,,,,157,78,48,35,46,50,10,4,6,20,13,5,8,3,6,3,0,2
85411,2026-04-10 20:54:12,4,6,2,steal,spins,goldSack,gold,1,false,40000000,53891045127382,566679,5,5,400,11,0,1,0,1,0,2695,5700,54,0,47.3,bonus_bs15_gae3_no,100,2575000,,,,,158,78,49,35,47,50,10,4,6,21,13,6,8,4,6,3,0,2
85412,2026-04-10 20:54:13,1,4,6,coin,steal,spins,gold,1,false,10000000,53891055127382,566279,5,5,400,11,0,1,0,1,0,2695,5700,54,0,47.3,bonus_bs15_gae3_no,100,2575000,,,,,159,78,50,35,48,50,10,4,6,22,13,7,8,5,6,3,0,2
85413,2026-04-10 20:54:14,1,1,1,coin,coin,coin,gold,1,true,100000000,53891155127382,565879,5,5,400,11,0,0,0,0,0,2695,5700,54,0,47.3,bonus_bs15_gae3_no,100,2575000,,,,,160,78,50,35,48,50,10,4,6,23,13,7,8,5,6,3,0,2
85414,2026-04-10 20:54:15,30,2,2,accumulation,goldSack,goldSack,gold,1,false,225000000,53891380127382,564379,5,5,1500,11,0,0,0,0,1,4195,5700,54,1500,73.6,bonus_bs15_gae3_no,100,2575000,,LongExtraDayReduced,,"{""slot_on_"":""29918\/60000@m26""}",161,78,50,35,48,51,10,4,6,24,13,7,8,5,7,3,0,2
85415,2026-04-10 20:54:17,4,6,2,steal,spins,goldSack,gold,1,false,150000000,53891530127382,562879,5,5,1500,11,0,1,0,1,0,4195,5700,54,0,73.6,bonus_bs15_gae3_no,100,2575000,,,,,162,78,51,35,49,51,10,4,6,25,13,8,8,6,7,3,0,2
85416,2026-04-10 20:54:18,3,1,1,attack,coin,coin,gold,1,false,75000000,53891605127382,561379,5,5,1500,11,1,0,0,0,0,4195,5700,54,0,73.6,bonus_bs15_gae3_no,100,2575000,,,,"{""c5261ecd"":""1863\/4900@m88""}",163,79,51,35,49,51,10,4,6,26,14,8,8,6,7,3,0,2
85417,2026-04-10 20:54:21,30,2,2,accumulation,goldSack,goldSack,gold,1,false,225000000,53891830127382,559879,5,5,1500,11,0,0,0,0,1,5695,5700,54,1500,99.9,bonus_bs15_gae3_no,100,2575000,,,,,164,79,51,35,49,52,10,4,6,27,14,8,8,6,8,3,0,2
85418,2026-04-10 20:54:22,30,30,30,accumulation,accumulation,accumulation,gold,10,true,0,53891830127382,558379,5,5,1500,11,0,0,0,0,3,7595,450000,57,0,1.7,,100,2575000,,,,,165,79,51,35,49,55,10,4,6,28,14,8,8,6,11,3,0,2
85419,2026-04-10 21:01:03,3,1,1,attack,coin,coin,gold,1,false,100000,53907230297382,585477,5,5,2,11,1,0,0,0,0,7595,450000,57,0,1.7,,100,2575000,LongExtraDayReduced,,,"{""slot_on_"":""29920\/60000@m26""}",1,1,0,0,0,0,0,0,0,29,15,8,8,6,11,3,0,2
85420,2026-04-10 21:01:04,2,2,2,goldSack,goldSack,goldSack,gold,1,true,4400000,53907234697382,585475,5,5,2,11,0,0,0,0,0,7595,450000,57,0,1.7,,100,2575000,,,,,2,1,0,0,0,0,0,0,0,30,15,8,8,6,11,3,0,2
85421,2026-04-10 21:01:04,30,2,2,accumulation,goldSack,goldSack,gold,1,false,300000,53907234997382,585473,5,5,2,11,0,0,0,0,1,7597,450000,57,2,1.7,,100,2575000,,LongExtraDayReduced,,"{""slot_on_"":""29922\/60000@m26""}",3,1,0,0,0,1,0,0,0,31,15,8,8,6,12,3,0,2
85422,2026-04-10 21:01:05,2,2,2,goldSack,goldSack,goldSack,gold,1,true,4400000,53907239397382,585471,5,5,2,11,0,0,0,0,0,7597,450000,57,0,1.7,,100,2575000,LongExtraDayReduced,,,"{""slot_on_"":""29924\/60000@m26""}",4,1,0,0,0,1,0,0,0,32,15,8,8,6,12,3,0,2
85423,2026-04-10 21:01:07,3,1,5,attack,coin,shield,gold,1,false,50000,53907239447382,585469,5,5,2,11,1,0,1,0,0,7597,450000,57,0,1.7,bonus_as10_gae3_no,100,2575000,LongExtraDayReduced,LongExtraDayReduced,,"{""slot_on_"":""29928\/60000@m26""}",5,2,0,1,0,1,0,0,0,33,16,8,9,6,12,3,0,2
85424,2026-04-10 21:01:08,30,30,1,accumulation,accumulation,coin,gold,1,false,50000,53907239497382,585467,5,5,2,11,0,0,0,0,2,7601,450000,57,4,1.7,bonus_as10_gae3_no,100,2575000,,,,,6,2,0,1,0,3,0,0,0,34,16,8,9,6,14,3,0,2
85425,2026-04-10 21:01:09,1,1,1,coin,coin,coin,gold,1,true,500000,53907239997382,585465,5,5,2,11,0,0,0,0,0,7601,450000,57,0,1.7,bonus_as10_gae3_no,100,2575000,,,,,7,2,0,1,0,3,0,0,0,35,16,8,9,6,14,3,0,2
85426,2026-04-10 21:01:09,3,1,1,attack,coin,coin,gold,1,false,100000,53907240097382,585463,5,5,2,11,1,0,0,0,0,7601,450000,57,0,1.7,bonus_as10_gae3_no,100,2575000,,LongExtraDayReduced,,"{""slot_on_"":""29930\/60000@m26""}",8,3,0,1,0,3,0,0,0,36,17,8,9,6,14,3,0,2
85427,2026-04-10 21:01:10,3,1,5,attack,coin,shield,gold,1,false,50000,53907240147382,585461,5,5,2,11,1,0,1,0,0,7601,450000,57,0,1.7,bonus_as10_gae3_no,100,2575000,,,,,9,4,0,2,0,3,0,0,0,37,18,8,10,6,14,3,0,2
85428,2026-04-10 21:01:11,1,4,4,coin,steal,steal,gold,1,false,50000,53907240197382,585459,5,5,2,11,0,2,0,0,0,7601,450000,57,0,1.7,bonus_as10_gae3_no,100,2575000,,,,,10,4,2,2,0,3,0,0,0,38,18,10,10,6,14,3,0,2
85429,2026-04-10 21:01:12,30,2,2,accumulation,goldSack,goldSack,gold,1,false,300000,53907240497382,585457,5,5,2,11,0,0,0,0,1,7603,450000,57,2,1.7,bonus_as10_gae3_no,100,2575000,,,,,11,4,2,2,0,4,0,0,0,39,18,10,10,6,15,3,0,2
85430,2026-04-10 21:01:13,3,4,2,attack,steal,goldSack,gold,1,false,200000,53907240697382,585455,5,5,2,11,1,1,0,0,0,7603,450000,57,0,1.7,bonus_as10_gae3_no,100,2575000,LongExtraDayReduced,,,"{""slot_on_"":""29932\/60000@m26"",""c5261ecd"":""1867\/4900@m88""}",12,5,3,2,0,4,0,0,0,40,19,11,10,6,15,3,0,2
85431,2026-04-10 21:01:14,1,4,4,coin,steal,steal,gold,1,false,50000,53907240747382,585453,5,5,2,11,0,2,0,0,0,7603,450000,57,0,1.7,bonus_as10_gae3_no,100,2575000,,,,,13,5,5,2,0,4,0,0,0,41,19,13,10,6,15,3,0,2
85432,2026-04-10 21:01:34,3,3,1,attack,attack,coin,gold,1,false,50000,53907240797382,585451,5,5,2,11,2,0,0,0,0,7603,450000,57,0,1.7,bonus_as10_gae3_no,100,2575000,,,,,14,7,5,2,0,4,0,0,0,42,21,13,10,6,15,3,0,2
85433,2026-04-10 21:01:34,3,3,3,attack,attack,attack,attack,2,true,0,53907240797382,585449,5,5,2,11,3,0,0,0,0,7603,450000,57,0,1.7,bonus_as10_gae3_no,100,2575000,,,,,15,10,5,2,0,4,1,0,0,43,24,13,10,6,15,4,0,2
85434,2026-04-10 21:01:38,3,4,2,attack,steal,goldSack,gold,1,false,200000,53907296997382,585447,5,5,2,11,1,1,0,0,0,7603,450000,57,0,1.7,bonus_as10_gae3_no,100,2575000,,,,,16,11,6,2,0,4,1,0,0,44,25,14,10,6,15,4,0,2
85435,2026-04-10 21:01:40,3,3,2,attack,attack,goldSack,gold,1,false,1500000,53907298497382,585432,5,5,15,11,2,0,0,0,0,7603,450000,57,0,1.7,bonus_as10_gae3_no,100,2575000,,,,,17,13,6,2,0,4,1,0,0,45,27,14,10,6,15,4,0,2
85436,2026-04-10 21:01:41,30,2,2,accumulation,goldSack,goldSack,gold,1,false,2250000,53907300747382,585417,5,5,15,11,0,0,0,0,1,7618,450000,57,15,1.7,bonus_as10_gae3_no,100,2575000,,,,,18,13,6,2,0,5,1,0,0,46,27,14,10,6,16,4,0,2
85437,2026-04-10 21:01:42,2,2,2,goldSack,goldSack,goldSack,gold,1,true,33000000,53907333747382,585402,5,5,15,11,0,0,0,0,0,7618,450000,57,0,1.7,bonus_as10_gae3_no,100,2575000,,,,,19,13,6,2,0,5,1,0,0,47,27,14,10,6,16,4,0,2
85438,2026-04-10 21:01:43,30,2,2,accumulation,goldSack,goldSack,gold,1,false,2250000,53907335997382,585387,5,5,15,11,0,0,0,0,1,7633,450000,57,15,1.7,bonus_as10_gae3_no,100,2575000,,,,,20,13,6,2,0,6,1,0,0,48,27,14,10,6,17,4,0,2
85439,2026-04-10 21:01:44,3,3,3,attack,attack,attack,attack,2,true,0,53907335997382,585372,5,5,15,11,3,0,0,0,0,7633,450000,57,0,1.7,bonus_as10_gae3_no,100,2575000,,,,,21,16,6,2,0,6,2,0,0,49,30,14,10,6,17,5,0,2
85440,2026-04-10 21:01:47,30,2,2,accumulation,goldSack,goldSack,gold,1,false,2250000,53907476847382,585357,5,5,15,11,0,0,0,0,1,7648,450000,57,15,1.7,bonus_as10_gae3_no,100,2575000,,LongExtraDayReduced,,"{""slot_on_"":""29947\/60000@m26""}",22,16,6,2,0,7,2,0,0,50,30,14,10,6,18,5,0,2
85441,2026-04-10 21:01:49,3,1,1,attack,coin,coin,gold,1,false,750000,53907477597382,585342,5,5,15,11,1,0,0,0,0,7648,450000,57,0,1.7,bonus_as10_gae3_no,100,2575000,,,,,23,17,6,2,0,7,2,0,0,51,31,14,10,6,18,5,0,2
85442,2026-04-10 21:01:49,30,30,1,accumulation,accumulation,coin,gold,1,false,375000,53907477972382,585327,5,5,15,11,0,0,0,0,2,7678,450000,57,30,1.7,bonus_as10_gae3_no,100,2575000,,,,,24,17,6,2,0,9,2,0,0,52,31,14,10,6,20,5,0,2
85443,2026-04-10 21:01:50,4,6,2,steal,spins,goldSack,gold,1,false,1500000,53907479472382,585312,5,5,15,11,0,1,0,1,0,7678,450000,57,0,1.7,bonus_as10_gae3_no,100,2575000,,,,,25,17,7,2,1,9,2,0,0,53,31,15,10,7,20,5,0,2
85444,2026-04-10 21:01:51,3,1,1,attack,coin,coin,gold,1,false,750000,53907480222382,585297,5,5,15,11,1,0,0,0,0,7678,450000,57,0,1.7,bonus_as10_gae3_no,100,2575000,,,,,26,18,7,2,1,9,2,0,0,54,32,15,10,7,20,5,0,2
85445,2026-04-10 21:01:52,1,1,1,coin,coin,coin,gold,1,true,3750000,53907483972382,585282,5,5,15,11,0,0,0,0,0,7678,450000,57,0,1.7,bonus_as10_gae3_no,100,2575000,,,,"{""c5261ecd"":""1897\/4900@m88""}",27,18,7,2,1,9,2,0,0,55,32,15,10,7,20,5,0,2
85446,2026-04-10 21:01:53,30,30,1,accumulation,accumulation,coin,gold,1,false,375000,53907484347382,585267,5,5,15,11,0,0,0,0,2,7708,450000,57,30,1.7,bonus_as10_gae3_no,100,2575000,,,,,28,18,7,2,1,11,2,0,0,56,32,15,10,7,22,5,0,2
85447,2026-04-10 21:01:54,2,2,2,goldSack,goldSack,goldSack,gold,1,true,33000000,53907517347382,585252,5,5,15,11,0,0,0,0,0,7708,450000,57,0,1.7,bonus_as10_gae3_no,100,2575000,,,,,29,18,7,2,1,11,2,0,0,57,32,15,10,7,22,5,0,2
85448,2026-04-10 21:01:54,4,6,2,steal,spins,goldSack,gold,1,false,1500000,53907518847382,585237,5,5,15,11,0,1,0,1,0,7708,450000,57,0,1.7,bonus_as10_gae3_no,100,2575000,,,,,30,18,8,2,2,11,2,0,0,58,32,16,10,8,22,5,0,2
85449,2026-04-10 21:01:55,1,4,6,coin,steal,spins,gold,1,false,375000,53907519222382,585222,5,5,15,11,0,1,0,1,0,7708,450000,57,0,1.7,bonus_as10_gae3_no,100,2575000,,,,,31,18,9,2,3,11,2,0,0,59,32,17,10,9,22,5,0,2
85450,2026-04-10 21:01:56,5,5,5,shield,shield,shield,shield,3,true,15,53907519222382,585222,5,5,15,11,0,0,3,0,0,7708,450000,57,0,1.7,bonus_as10_gae3_no,100,2575000,,,,,32,18,9,5,3,11,2,0,1,60,32,17,13,9,22,5,0,3
85451,2026-04-10 21:01:57,4,6,2,steal,spins,goldSack,gold,1,false,1500000,53907520722382,585207,5,5,15,11,0,1,0,1,0,7708,450000,57,0,1.7,bonus_as10_gae3_no,100,2575000,,,,,33,18,10,5,4,11,2,0,1,61,32,18,13,10,22,5,0,3
85452,2026-04-10 21:01:58,3,4,2,attack,steal,goldSack,gold,1,false,1500000,53907522222382,585192,5,5,15,11,1,1,0,0,0,7708,450000,57,0,1.7,bonus_as10_gae3_no,100,2575000,,,,,34,19,11,5,4,11,2,0,1,62,33,19,13,10,22,5,0,3
85453,2026-04-10 21:01:58,3,4,2,attack,steal,goldSack,gold,1,false,1500000,53907523722382,585177,5,5,15,11,1,1,0,0,0,7708,450000,57,0,1.7,bonus_as10_gae3_no,100,2575000,,,,,35,20,12,5,4,11,2,0,1,63,34,20,13,10,22,5,0,3
85454,2026-04-10 21:02:04,30,30,1,accumulation,accumulation,coin,gold,1,false,375000,53907524097382,585162,5,5,15,11,0,0,0,0,2,7738,450000,57,30,1.7,bonus_as10_gae3_no,100,2575000,,,,,36,20,12,5,4,13,2,0,1,64,34,20,13,10,24,5,0,3
85455,2026-04-10 21:02:05,30,2,2,accumulation,goldSack,goldSack,gold,1,false,2250000,53907526347382,585147,5,5,15,11,0,0,0,0,1,7753,450000,57,15,1.7,bonus_as10_gae3_no,100,2575000,LongExtraDayReduced,,,"{""slot_on_"":""29962\/60000@m26""}",37,20,12,5,4,14,2,0,1,65,34,20,13,10,25,5,0,3
85456,2026-04-10 21:02:07,30,2,2,accumulation,goldSack,goldSack,gold,1,false,2250000,53907528597382,585132,5,5,15,11,0,0,0,0,1,7768,450000,57,15,1.7,bonus_as10_gae3_no,100,2575000,,,,,38,20,12,5,4,15,2,0,1,66,34,20,13,10,26,5,0,3
85457,2026-04-10 21:02:08,1,1,1,coin,coin,coin,gold,1,true,3750000,53907532347382,585117,5,5,15,11,0,0,0,0,0,7768,450000,57,0,1.7,bonus_as10_gae3_no,100,2575000,,,,,39,20,12,5,4,15,2,0,1,67,34,20,13,10,26,5,0,3
85458,2026-04-10 21:02:09,3,1,1,attack,coin,coin,gold,1,false,750000,53907533097382,585102,5,5,15,11,1,0,0,0,0,7768,450000,57,0,1.7,bonus_as10_gae3_no,100,2575000,,,LongExtraDayReduced,"{""slot_on_"":""29977\/60000@m26""}",40,21,12,5,4,15,2,0,1,68,35,20,13,10,26,5,0,3
85459,2026-04-10 21:02:10,4,4,4,steal,steal,steal,steal,4,true,0,53907533097382,585087,5,5,15,11,0,3,0,0,0,7768,450000,57,0,1.7,bonus_as10_gae3_no,100,2575000,,,,,41,21,15,5,4,15,2,1,1,69,35,23,13,10,26,5,1,3
85460,2026-04-10 21:02:16,2,2,2,goldSack,goldSack,goldSack,gold,1,true,33000000,53913855336982,585072,5,5,15,11,0,0,0,0,0,7768,450000,57,0,1.7,bonus_as10_gae3_no,100,2575000,,,,,42,21,15,5,4,15,2,1,1,70,35,23,13,10,26,5,1,3
85461,2026-04-10 21:02:17,1,1,1,coin,coin,coin,gold,1,true,3750000,53913859086982,585057,5,5,15,11,0,0,0,0,0,7768,450000,57,0,1.7,bonus_as10_gae3_no,100,2575000,,,LongExtraDayReduced,"{""slot_on_"":""29992\/60000@m26""}",43,21,15,5,4,15,2,1,1,71,35,23,13,10,26,5,1,3
85462,2026-04-10 21:02:18,30,2,2,accumulation,goldSack,goldSack,gold,1,false,2250000,53913861336982,585042,5,5,15,11,0,0,0,0,1,7783,450000,57,15,1.7,bonus_as10_gae3_no,100,2575000,,,,,44,21,15,5,4,16,2,1,1,72,35,23,13,10,27,5,1,3
85463,2026-04-10 21:02:19,1,6,6,coin,spins,spins,gold,1,false,375000,53913861711982,585027,5,5,15,11,0,0,0,2,0,7783,450000,57,0,1.7,bonus_as10_gae3_no,100,2575000,,,,,45,21,15,5,6,16,2,1,1,73,35,23,13,12,27,5,1,3
85464,2026-04-10 21:02:20,4,6,2,steal,spins,goldSack,gold,1,false,1500000,53913863211982,585012,5,5,15,11,0,1,0,1,0,7783,450000,57,0,1.7,bonus_as10_gae3_no,100,2575000,,,,,46,21,16,5,7,16,2,1,1,74,35,24,13,13,27,5,1,3
85465,2026-04-10 21:02:21,30,2,2,accumulation,goldSack,goldSack,gold,1,false,2250000,53913865461982,584997,5,5,15,11,0,0,0,0,1,7798,450000,57,15,1.7,bonus_as10_gae3_no,100,2575000,,,,"{""c5261ecd"":""1927\/4900@m88""}",47,21,16,5,7,17,2,1,1,75,35,24,13,13,28,5,1,3
85466,2026-04-10 21:02:23,3,1,1,attack,coin,coin,gold,1,false,750000,53913866211982,584982,5,5,15,11,1,0,0,0,0,7798,450000,57,0,1.7,bonus_as10_gae3_no,100,2575000,LongExtraDayReduced,,,"{""slot_on_"":""30007\/60000@m26""}",48,22,16,5,7,17,2,1,1,76,36,24,13,13,28,5,1,3
85467,2026-04-10 21:02:23,2,2,2,goldSack,goldSack,goldSack,gold,1,true,33000000,53913899211982,584967,5,5,15,11,0,0,0,0,0,7798,450000,57,0,1.7,bonus_as10_gae3_no,100,2575000,,,,,49,22,16,5,7,17,2,1,1,77,36,24,13,13,28,5,1,3
85468,2026-04-10 21:02:24,3,1,5,attack,coin,shield,gold,1,false,375000,53913899586982,584952,5,5,15,11,1,0,1,0,0,7798,450000,57,0,1.7,bonus_as10_gae3_no,100,2575000,,,,,50,23,16,6,7,17,2,1,1,78,37,24,14,13,28,5,1,3
85469,2026-04-10 21:02:25,2,2,2,goldSack,goldSack,goldSack,gold,1,true,33000000,53913932586982,584937,5,5,15,11,0,0,0,0,0,7798,450000,57,0,1.7,bonus_as10_gae3_no,100,2575000,,,,,51,23,16,6,7,17,2,1,1,79,37,24,14,13,28,5,1,3
85470,2026-04-10 21:02:26,1,4,6,coin,steal,spins,gold,1,false,375000,53913932961982,584922,5,5,15,11,0,1,0,1,0,7798,450000,57,0,1.7,bonus_as10_gae3_no,100,2575000,,,,,52,23,17,6,8,17,2,1,1,80,37,25,14,14,28,5,1,3
85471,2026-04-10 21:02:26,1,5,5,coin,shield,shield,gold,1,false,375000,53913933336982,584907,5,5,15,11,0,0,2,0,0,7798,450000,57,0,1.7,bonus_as10_gae3_no,100,2575000,LongExtraDayReduced,,,"{""slot_on_"":""30022\/60000@m26""}",53,23,17,8,8,17,2,1,1,81,37,25,16,14,28,5,1,3
85472,2026-04-10 21:02:27,5,5,5,shield,shield,shield,shield,3,true,15,53913933336982,584907,5,5,15,11,0,0,3,0,0,7798,450000,57,0,1.7,bonus_as10_gae3_no,100,2575000,LongExtraDayReduced,LongExtraDayReduced,,"{""slot_on_"":""30052\/60000@m26""}",54,23,17,11,8,17,2,1,2,82,37,25,19,14,28,5,1,4
85473,2026-04-10 21:02:28,3,3,3,attack,attack,attack,attack,2,true,0,53913933336982,584892,5,5,15,11,3,0,0,0,0,7798,450000,57,0,1.7,bonus_as10_gae3_no,100,2575000,,LongExtraDayReduced,LongExtraDayReduced,"{""slot_on_"":""30082\/60000@m26""}",55,26,17,11,8,17,3,1,2,83,40,25,19,14,28,6,1,4
85474,2026-04-10 21:02:36,3,1,1,attack,coin,coin,gold,1,false,750000,53914072686982,584877,5,5,15,11,1,0,0,0,0,7798,450000,57,0,1.7,bonus_as10_gae3_no,100,2575000,,,,,56,27,17,11,8,17,3,1,2,84,41,25,19,14,28,6,1,4
85475,2026-04-10 21:02:37,3,6,2,attack,spins,goldSack,gold,1,false,1500000,53914074186982,584862,5,5,15,11,1,0,0,1,0,7798,450000,57,0,1.7,bonus_as10_gae3_no,100,2575000,LongExtraDayReduced,,,"{""slot_on_"":""30097\/60000@m26""}",57,28,17,11,9,17,3,1,2,85,42,25,19,15,28,6,1,4
85476,2026-04-10 21:02:38,3,1,1,attack,coin,coin,gold,1,false,750000,53914074936982,584847,5,5,15,11,1,0,0,0,0,7798,450000,57,0,1.7,bonus_as10_gae3_no,100,2575000,,,,"{""c5261ecd"":""1957\/4900@m88""}",58,29,17,11,9,17,3,1,2,86,43,25,19,15,28,6,1,4
85477,2026-04-10 21:02:39,3,3,2,attack,attack,goldSack,gold,1,false,1500000,53914076436982,584832,5,5,15,11,2,0,0,0,0,7798,450000,57,0,1.7,bonus_as10_gae3_no,100,2575000,,,,,59,31,17,11,9,17,3,1,2,87,45,25,19,15,28,6,1,4
85478,2026-04-10 21:02:39,30,2,2,accumulation,goldSack,goldSack,gold,1,false,2250000,53914078686982,584817,5,5,15,11,0,0,0,0,1,7813,450000,57,15,1.7,bonus_as10_gae3_no,100,2575000,,,,,60,31,17,11,9,18,3,1,2,88,45,25,19,15,29,6,1,4
85479,2026-04-10 21:02:40,3,1,1,attack,coin,coin,gold,1,false,750000,53914079436982,584802,5,5,15,11,1,0,0,0,0,7813,450000,57,0,1.7,bonus_as10_gae3_no,100,2575000,,,,,61,32,17,11,9,18,3,1,2,89,46,25,19,15,29,6,1,4
85480,2026-04-10 21:02:41,4,6,2,steal,spins,goldSack,gold,1,false,1500000,53914080936982,584787,5,5,15,11,0,1,0,1,0,7813,450000,57,0,1.7,bonus_as10_gae3_no,100,2575000,,LongExtraDayReduced,,"{""slot_on_"":""30112\/60000@m26""}",62,32,18,11,10,18,3,1,2,90,46,26,19,16,29,6,1,4
85481,2026-04-10 21:02:42,3,3,3,attack,attack,attack,attack,2,true,0,53914080936982,584772,5,5,15,11,3,0,0,0,0,7813,450000,57,0,1.7,bonus_as10_gae3_no,100,2575000,,,,,63,35,18,11,10,18,4,1,2,91,49,26,19,16,29,7,1,4
85482,2026-04-10 21:02:46,3,1,5,attack,coin,shield,gold,1,false,375000,53914501311982,584757,5,5,15,11,1,0,1,0,0,7813,450000,57,0,1.7,bonus_as10_gae3_no,100,2575000,LongExtraDayReduced,LongExtraDayReduced,,"{""slot_on_"":""30142\/60000@m26""}",64,36,18,12,10,18,4,1,2,92,50,26,20,16,29,7,1,4
85483,2026-04-10 21:02:46,1,4,4,coin,steal,steal,gold,1,false,375000,53914501686982,584742,5,5,15,11,0,2,0,0,0,7813,450000,57,0,1.7,bonus_as10_gae3_no,100,2575000,,,,,65,36,20,12,10,18,4,1,2,93,50,28,20,16,29,7,1,4
85484,2026-04-10 21:02:47,30,30,1,accumulation,accumulation,coin,gold,1,false,375000,53914502061982,584727,5,5,15,11,0,0,0,0,2,7843,450000,57,30,1.7,bonus_as10_gae3_no,100,2575000,,,,,66,36,20,12,10,20,4,1,2,94,50,28,20,16,31,7,1,4
85485,2026-04-10 21:02:48,3,3,3,attack,attack,attack,attack,2,true,0,53914502061982,584712,5,5,15,11,3,0,0,0,0,7843,450000,57,0,1.7,bonus_as10_gae3_no,100,2575000,,,,"{""c5261ecd"":""1987\/4900@m88""}",67,39,20,12,10,20,5,1,2,95,53,28,20,16,31,8,1,4
85486,2026-04-10 21:02:52,3,3,3,attack,attack,attack,attack,2,true,0,53914640661982,584697,5,5,15,11,3,0,0,0,0,7843,450000,57,0,1.7,bonus_as10_gae3_no,100,2575000,,,,,68,42,20,12,10,20,6,1,2,96,56,28,20,16,31,9,1,4
85487,2026-04-10 21:02:57,1,1,1,coin,coin,coin,gold,1,true,3750000,53914783011982,584682,5,5,15,11,0,0,0,0,0,7843,450000,57,0,1.7,bonus_as10_gae3_no,100,2575000,,,,,69,42,20,12,10,20,6,1,2,97,56,28,20,16,31,9,1,4
85488,2026-04-10 21:02:58,4,4,4,steal,steal,steal,steal,4,true,0,53914783011982,584667,5,5,15,11,0,3,0,0,0,7843,450000,57,0,1.7,bonus_as10_gae3_no,100,2575000,LongExtraDayReduced,,,"{""slot_on_"":""30157\/60000@m26""}",70,42,23,12,10,20,6,2,2,98,56,31,20,16,31,9,2,4
85489,2026-04-10 21:03:05,3,3,2,attack,attack,goldSack,gold,1,false,1500000,53919932601982,584652,5,5,15,11,2,0,0,0,0,7843,450000,57,0,1.7,bonus_as10_gae3_no,100,2575000,,,,,71,44,23,12,10,20,6,2,2,99,58,31,20,16,31,9,2,4
85490,2026-04-10 21:03:06,1,4,6,coin,steal,spins,gold,1,false,375000,53919932976982,584637,5,5,15,11,0,1,0,1,0,7843,450000,57,0,1.7,bonus_as10_gae3_no,100,2575000,LongExtraDayReduced,,,"{""slot_on_"":""30172\/60000@m26""}",72,44,24,12,11,20,6,2,2,100,58,32,20,17,31,9,2,4
85491,2026-04-10 21:03:07,3,1,1,attack,coin,coin,gold,1,false,750000,53919933726982,584622,5,5,15,11,1,0,0,0,0,7843,450000,57,0,1.7,bonus_as10_gae3_no,100,2575000,,,,,73,45,24,12,11,20,6,2,2,101,59,32,20,17,31,9,2,4
85492,2026-04-10 21:03:07,30,2,2,accumulation,goldSack,goldSack,gold,1,false,2250000,53919935976982,584607,5,5,15,11,0,0,0,0,1,7858,450000,57,15,1.7,bonus_as10_gae3_no,100,2575000,,,,,74,45,24,12,11,21,6,2,2,102,59,32,20,17,32,9,2,4
85493,2026-04-10 21:03:08,1,1,1,coin,coin,coin,gold,1,true,3750000,53919939726982,584592,5,5,15,11,0,0,0,0,0,7858,450000,57,0,1.7,bonus_as10_gae3_no,100,2575000,,,,,75,45,24,12,11,21,6,2,2,103,59,32,20,17,32,9,2,4
85494,2026-04-10 21:03:09,3,6,2,attack,spins,goldSack,gold,1,false,1500000,53919941226982,584577,5,5,15,11,1,0,0,1,0,7858,450000,57,0,1.7,bonus_as10_gae3_no,100,2575000,,,,,76,46,24,12,12,21,6,2,2,104,60,32,20,18,32,9,2,4
85495,2026-04-10 21:03:09,1,6,6,coin,spins,spins,gold,1,false,375000,53919941601982,584562,5,5,15,11,0,0,0,2,0,7858,450000,57,0,1.7,bonus_as10_gae3_no,100,2575000,LongExtraDayReduced,LongExtraDayReduced,,"{""slot_on_"":""30202\/60000@m26""}",77,46,24,12,14,21,6,2,2,105,60,32,20,20,32,9,2,4
85496,2026-04-10 21:03:10,30,2,2,accumulation,goldSack,goldSack,gold,1,false,2250000,53919943851982,584547,5,5,15,11,0,0,0,0,1,7873,450000,57,15,1.7,bonus_as10_gae3_no,100,2575000,,,LongExtraDayReduced,"{""slot_on_"":""30217\/60000@m26""}",78,46,24,12,14,22,6,2,2,106,60,32,20,20,33,9,2,4
85497,2026-04-10 21:03:12,3,3,2,attack,attack,goldSack,gold,1,false,1500000,53919945351982,584532,5,5,15,11,2,0,0,0,0,7873,450000,57,0,1.7,bonus_as10_gae3_no,100,2575000,,,,,79,48,24,12,14,22,6,2,2,107,62,32,20,20,33,9,2,4
85498,2026-04-10 21:03:12,30,2,2,accumulation,goldSack,goldSack,gold,1,false,2250000,53919947601982,584517,5,5,15,11,0,0,0,0,1,7888,450000,57,15,1.8,bonus_as10_gae3_no,100,2575000,,,,,80,48,24,12,14,23,6,2,2,108,62,32,20,20,34,9,2,4
85499,2026-04-10 21:03:14,30,2,2,accumulation,goldSack,goldSack,gold,1,false,2250000,53919949851982,584502,5,5,15,11,0,0,0,0,1,7903,450000,57,15,1.8,bonus_as10_gae3_no,100,2575000,,,,,81,48,24,12,14,24,6,2,2,109,62,32,20,20,35,9,2,4
85500,2026-04-10 21:03:15,1,6,6,coin,spins,spins,gold,1,false,375000,53919950226982,584487,5,5,15,11,0,0,0,2,0,7903,450000,57,0,1.8,bonus_as10_gae3_no,100,2575000,,,,,82,48,24,12,16,24,6,2,2,110,62,32,20,22,35,9,2,4
85501,2026-04-10 21:03:16,3,1,5,attack,coin,shield,gold,1,false,375000,53919950601982,584472,5,5,15,11,1,0,1,0,0,7903,450000,57,0,1.8,bonus_as10_gae3_no,100,2575000,,,,,83,49,24,13,16,24,6,2,2,111,63,32,21,22,35,9,2,4
85502,2026-04-10 21:03:17,5,5,5,shield,shield,shield,shield,3,true,15,53919950601982,584472,5,5,15,11,0,0,3,0,0,7903,450000,57,0,1.8,bonus_as10_gae3_no,100,2575000,,LongExtraDayReduced,,"{""slot_on_"":""30232\/60000@m26""}",84,49,24,16,16,24,6,2,3,112,63,32,24,22,35,9,2,5
85503,2026-04-10 21:03:18,3,3,2,attack,attack,goldSack,gold,1,false,1500000,53919952101982,584457,5,5,15,11,2,0,0,0,0,7903,450000,57,0,1.8,bonus_as10_gae3_no,100,2575000,,,,"{""c5261ecd"":""2017\/4900@m88""}",85,51,24,16,16,24,6,2,3,113,65,32,24,22,35,9,2,5
85504,2026-04-10 21:03:19,4,6,2,steal,spins,goldSack,gold,1,false,1500000,53919953601982,584442,5,5,15,11,0,1,0,1,0,7903,450000,57,0,1.8,bonus_as10_gae3_no,100,2575000,,,,,86,51,25,16,17,24,6,2,3,114,65,33,24,23,35,9,2,5
85505,2026-04-10 21:03:20,3,1,5,attack,coin,shield,gold,1,false,375000,53919953976982,584427,5,5,15,11,1,0,1,0,0,7903,450000,57,0,1.8,bonus_as10_gae3_no,100,2575000,,,,,87,52,25,17,17,24,6,2,3,115,66,33,25,23,35,9,2,5
85506,2026-04-10 21:03:20,3,3,3,attack,attack,attack,attack,2,true,0,53919953976982,584412,5,5,15,11,3,0,0,0,0,7903,450000,57,0,1.8,bonus_as10_gae3_no,100,2575000,,,,,88,55,25,17,17,24,7,2,3,116,69,33,25,23,35,10,2,5
85507,2026-04-10 21:03:25,3,3,3,attack,attack,attack,attack,2,true,0,53920373976982,584397,5,5,15,11,3,0,0,0,0,7903,450000,57,0,1.8,bonus_as10_gae3_no,100,2575000,,,,,89,58,25,17,17,24,8,2,3,117,72,33,25,23,35,11,2,5
85508,2026-04-10 21:03:29,5,2,2,shield,goldSack,goldSack,gold,1,false,2250000,53920796226982,584382,5,5,15,11,0,0,1,0,0,7903,450000,57,0,1.8,bonus_as10_gae3_no,100,2575000,,LongExtraDayReduced,,"{""slot_on_"":""30247\/60000@m26""}",90,58,25,18,17,24,8,2,3,118,72,33,26,23,35,11,2,5
85509,2026-04-10 21:03:29,2,2,2,goldSack,goldSack,goldSack,gold,1,true,33000000,53920829226982,584367,5,5,15,11,0,0,0,0,0,7903,450000,57,0,1.8,bonus_as10_gae3_no,100,2575000,,,,,91,58,25,18,17,24,8,2,3,119,72,33,26,23,35,11,2,5
85510,2026-04-10 21:03:30,30,30,1,accumulation,accumulation,coin,gold,1,false,375000,53920829601982,584352,5,5,15,11,0,0,0,0,2,7933,450000,57,30,1.8,bonus_as10_gae3_no,100,2575000,,,,,92,58,25,18,17,26,8,2,3,120,72,33,26,23,37,11,2,5
85511,2026-04-10 21:03:31,3,4,2,attack,steal,goldSack,gold,1,false,1500000,53920831101982,584337,5,5,15,11,1,1,0,0,0,7933,450000,57,0,1.8,bonus_as10_gae3_no,100,2575000,,,LongExtraDayReduced,"{""slot_on_"":""30262\/60000@m26""}",93,59,26,18,17,26,8,2,3,121,73,34,26,23,37,11,2,5
85512,2026-04-10 21:03:32,30,2,2,accumulation,goldSack,goldSack,gold,1,false,2250000,53920833351982,584322,5,5,15,11,0,0,0,0,1,7948,450000,57,15,1.8,bonus_as10_gae3_no,100,2575000,,,,,94,59,26,18,17,27,8,2,3,122,73,34,26,23,38,11,2,5
85513,2026-04-10 21:03:33,5,5,5,shield,shield,shield,shield,3,true,15,53920833351982,584322,5,5,15,11,0,0,3,0,0,7948,450000,57,0,1.8,bonus_as10_gae3_no,100,2575000,,LongExtraDayReduced,,"{""slot_on_"":""30277\/60000@m26""}",95,59,26,21,17,27,8,2,4,123,73,34,29,23,38,11,2,6
85514,2026-04-10 21:03:34,3,3,2,attack,attack,goldSack,gold,1,false,1500000,53920834851982,584307,5,5,15,11,2,0,0,0,0,7948,450000,57,0,1.8,bonus_as10_gae3_no,100,2575000,,,,,96,61,26,21,17,27,8,2,4,124,75,34,29,23,38,11,2,6
85515,2026-04-10 21:03:35,4,6,2,steal,spins,goldSack,gold,1,false,1500000,53920836351982,584292,5,5,15,11,0,1,0,1,0,7948,450000,57,0,1.8,bonus_as10_gae3_no,100,2575000,,,,,97,61,27,21,18,27,8,2,4,125,75,35,29,24,38,11,2,6
85516,2026-04-10 21:03:36,4,4,4,steal,steal,steal,steal,4,true,0,53920836351982,584277,5,5,15,11,0,3,0,0,0,7948,450000,57,0,1.8,bonus_as10_gae3_no,100,2575000,LongExtraDayReduced,,,"{""slot_on_"":""30292\/60000@m26""}",98,61,30,21,18,27,8,3,4,126,75,38,29,24,38,11,3,6
85517,2026-04-10 21:03:43,3,4,2,attack,steal,goldSack,gold,1,false,1500000,53928305004382,584262,5,5,15,11,1,1,0,0,0,7948,450000,57,0,1.8,bonus_as10_gae3_no,100,2575000,,,,,99,62,31,21,18,27,8,3,4,127,76,39,29,24,38,11,3,6
85518,2026-04-10 21:03:44,1,4,6,coin,steal,spins,gold,1,false,375000,53928305379382,584247,5,5,15,11,0,1,0,1,0,7948,450000,57,0,1.8,bonus_as10_gae3_no,100,2575000,,,LongExtraDayReduced,"{""slot_on_"":""30307\/60000@m26""}",100,62,32,21,19,27,8,3,4,128,76,40,29,25,38,11,3,6
85519,2026-04-10 21:03:44,1,4,4,coin,steal,steal,gold,1,false,375000,53928305754382,584232,5,5,15,11,0,2,0,0,0,7948,450000,57,0,1.8,bonus_as10_gae3_no,100,2575000,,,,,101,62,34,21,19,27,8,3,4,129,76,42,29,25,38,11,3,6
85520,2026-04-10 21:03:46,30,2,2,accumulation,goldSack,goldSack,gold,1,false,2250000,53928308004382,584217,5,5,15,11,0,0,0,0,1,7963,450000,57,15,1.8,bonus_as10_gae3_no,100,2575000,,,,,102,62,34,21,19,28,8,3,4,130,76,42,29,25,39,11,3,6
85521,2026-04-10 21:03:47,30,2,2,accumulation,goldSack,goldSack,gold,1,false,2250000,53928310254382,584202,5,5,15,11,0,0,0,0,1,7978,450000,57,15,1.8,bonus_as10_gae3_no,100,2575000,,,,,103,62,34,21,19,29,8,3,4,131,76,42,29,25,40,11,3,6
85522,2026-04-10 21:03:49,6,6,6,spins,spins,spins,spins,5,true,150,53928310254382,584337,5,5,15,11,0,0,0,3,0,7978,450000,57,0,1.8,bonus_as10_gae3_no,100,2575000,,,,"{""c5261ecd"":""2047\/4900@m88""}",104,62,34,21,22,29,8,3,4,132,76,42,29,28,40,11,3,6
85523,2026-04-10 21:03:50,4,6,2,steal,spins,goldSack,gold,1,false,1500000,53928311754382,584322,5,5,15,11,0,1,0,1,0,7978,450000,57,0,1.8,bonus_as10_gae3_no,100,2575000,,,,,105,62,35,21,23,29,8,3,4,1,0,1,0,1,0,0,0,0
85524,2026-04-10 21:03:51,1,1,1,coin,coin,coin,gold,1,true,3750000,53928315504382,584307,5,5,15,11,0,0,0,0,0,7978,450000,57,0,1.8,bonus_as10_gae3_no,100,2575000,,,,,106,62,35,21,23,29,8,3,4,2,0,1,0,1,0,0,0,0
85525,2026-04-10 21:03:52,2,2,2,goldSack,goldSack,goldSack,gold,1,true,33000000,53928348504382,584292,5,5,15,11,0,0,0,0,0,7978,450000,57,0,1.8,bonus_as10_gae3_no,100,2575000,,,,,107,62,35,21,23,29,8,3,4,3,0,1,0,1,0,0,0,0
85526,2026-04-10 21:03:52,1,4,6,coin,steal,spins,gold,1,false,375000,53928348879382,584277,5,5,15,11,0,1,0,1,0,7978,450000,57,0,1.8,bonus_as10_gae3_no,100,2575000,,,,,108,62,36,21,24,29,8,3,4,4,0,2,0,2,0,0,0,0
85527,2026-04-10 21:03:54,30,30,30,accumulation,accumulation,accumulation,gold,10,true,0,53928348879382,584262,5,5,15,11,0,0,0,0,3,8128,450000,57,150,1.8,bonus_as10_gae3_no,100,2575000,,,,,109,62,36,21,24,32,8,3,4,5,0,2,0,2,3,0,0,0
85528,2026-04-10 21:04:00,1,1,1,coin,coin,coin,gold,1,true,500000,53928349379382,584260,5,5,2,11,0,0,0,0,0,8128,450000,57,0,1.8,bonus_as10_gae3_no,100,2575000,,,,,1,0,0,0,0,0,0,0,0,6,0,2,0,2,3,0,0,0
85529,2026-04-10 21:04:00,5,5,5,shield,shield,shield,shield,3,true,2,53928349379382,584260,5,5,2,11,0,0,3,0,0,8128,450000,57,0,1.8,bonus_as10_gae3_no,100,2575000,,,,,2,0,0,3,0,0,0,0,1,7,0,2,3,2,3,0,0,1
85530,2026-04-10 21:04:03,1,4,5,coin,steal,shield,gold,1,false,375000,53928349754382,584245,5,5,15,11,0,1,1,0,0,8128,450000,57,0,1.8,bonus_as10_gae3_no,100,2575000,,,,,3,0,1,4,0,0,0,0,1,8,0,3,4,2,3,0,0,1
85531,2026-04-10 21:04:04,1,1,1,coin,coin,coin,gold,1,true,3750000,53928353504382,584230,5,5,15,11,0,0,0,0,0,8128,450000,57,0,1.8,bonus_as10_gae3_no,100,2575000,,,,,4,0,1,4,0,0,0,0,1,9,0,3,4,2,3,0,0,1
85532,2026-04-10 21:04:04,3,3,3,attack,attack,attack,attack,2,true,0,53928353504382,584215,5,5,15,11,3,0,0,0,0,8128,450000,57,0,1.8,bonus_as10_gae3_no,100,2575000,,LongExtraDayReduced,,"{""slot_on_"":""30322\/60000@m26""}",5,3,1,4,0,0,1,0,1,10,3,3,4,2,3,1,0,1
85533,2026-04-10 21:04:11,3,3,3,attack,attack,attack,attack,2,true,0,53928773504382,584200,5,5,15,11,3,0,0,0,0,8128,450000,57,0,1.8,bonus_as10_gae3_no,100,2575000,LongExtraDayReduced,LongExtraDayReduced,LongExtraDayReduced,"{""slot_on_"":""30397\/60000@m26""}",6,6,1,4,0,0,2,0,1,11,6,3,4,2,3,2,0,1
85534,2026-04-10 21:04:15,3,3,3,attack,attack,attack,attack,2,true,0,53928912104382,584185,5,5,15,11,3,0,0,0,0,8128,450000,57,0,1.8,bonus_as10_gae3_no,100,2575000,,,,,7,9,1,4,0,0,3,0,1,12,9,3,4,2,3,3,0,1
85535,2026-04-10 21:04:18,1,1,4,coin,coin,steal,gold,1,false,750000,53929332854382,584170,5,5,15,11,0,1,0,0,0,8128,450000,57,0,1.8,bonus_as10_gae3_no,100,2575000,,,,"{""c5261ecd"":""2077\/4900@m88""}",8,9,2,4,0,0,3,0,1,13,9,4,4,2,3,3,0,1
85536,2026-04-10 21:04:19,1,6,6,coin,spins,spins,gold,1,false,375000,53929333229382,584155,5,5,15,11,0,0,0,2,0,8128,450000,57,0,1.8,bonus_as10_gae3_no,100,2575000,,,LongExtraDayReduced,"{""slot_on_"":""30412\/60000@m26""}",9,9,2,4,2,0,3,0,1,14,9,4,4,4,3,3,0,1
85537,2026-04-10 21:04:20,2,2,2,goldSack,goldSack,goldSack,gold,1,true,33000000,53929366229382,584140,5,5,15,11,0,0,0,0,0,8128,450000,57,0,1.8,bonus_as10_gae3_no,100,2575000,,,,,10,9,2,4,2,0,3,0,1,15,9,4,4,4,3,3,0,1
85538,2026-04-10 21:04:21,3,6,2,attack,spins,goldSack,gold,1,false,1500000,53929367729382,584125,5,5,15,11,1,0,0,1,0,8128,450000,57,0,1.8,bonus_as10_gae3_no,100,2575000,LongExtraDayReduced,LongExtraDayReduced,,"{""slot_on_"":""30442\/60000@m26""}",11,10,2,4,3,0,3,0,1,16,10,4,4,5,3,3,0,1
85539,2026-04-10 21:04:22,3,3,2,attack,attack,goldSack,gold,1,false,1500000,53929369229382,584110,5,5,15,11,2,0,0,0,0,8128,450000,57,0,1.8,bonus_as10_gae3_no,100,2575000,,,,,12,12,2,4,3,0,3,0,1,17,12,4,4,5,3,3,0,1
85540,2026-04-10 21:04:23,1,4,4,coin,steal,steal,gold,1,false,375000,53929369604382,584095,5,5,15,11,0,2,0,0,0,8128,450000,57,0,1.8,bonus_as10_gae3_no,100,2575000,,,,,13,12,4,4,3,0,3,0,1,18,12,6,4,5,3,3,0,1
85541,2026-04-10 21:04:23,1,1,4,coin,coin,steal,gold,1,false,750000,53929370354382,584080,5,5,15,11,0,1,0,0,0,8128,450000,57,0,1.8,bonus_as10_gae3_no,100,2575000,,,,,14,12,5,4,3,0,3,0,1,19,12,7,4,5,3,3,0,1
85542,2026-04-10 21:04:24,6,6,6,spins,spins,spins,spins,5,true,150,53929370354382,584215,5,5,15,11,0,0,0,3,0,8128,450000,57,0,1.8,bonus_as10_gae3_no,100,2575000,,,,,15,12,5,4,6,0,3,0,1,20,12,7,4,8,3,3,0,1
85543,2026-04-10 21:04:25,3,3,3,attack,attack,attack,attack,2,true,0,53929370354382,584200,5,5,15,11,3,0,0,0,0,8128,450000,57,0,1.8,bonus_as10_gae3_no,100,2575000,,,,,16,15,5,4,6,0,4,0,1,1,3,0,0,0,0,1,0,0
85544,2026-04-10 21:04:30,1,1,1,coin,coin,coin,gold,1,true,3750000,53929794104382,584185,5,5,15,11,0,0,0,0,0,8128,450000,57,0,1.8,bonus_as10_gae3_no,100,2575000,,LongExtraDayReduced,,"{""slot_on_"":""30457\/60000@m26""}",17,15,5,4,6,0,4,0,1,2,3,0,0,0,0,1,0,0
85545,2026-04-10 21:04:30,2,2,2,goldSack,goldSack,goldSack,gold,1,true,33000000,53929827104382,584170,5,5,15,11,0,0,0,0,0,8128,450000,57,0,1.8,bonus_as10_gae3_no,100,2575000,,,LongExtraDayReduced,"{""slot_on_"":""30472\/60000@m26""}",18,15,5,4,6,0,4,0,1,3,3,0,0,0,0,1,0,0
85546,2026-04-10 21:04:31,30,30,30,accumulation,accumulation,accumulation,gold,10,true,0,53929827104382,584155,5,5,15,11,0,0,0,0,3,8278,450000,57,150,1.8,bonus_as10_gae3_no,100,2575000,,,,,19,15,5,4,6,3,4,0,1,4,3,0,0,0,3,1,0,0
85547,2026-04-10 21:04:33,1,4,5,coin,steal,shield,gold,1,false,375000,53929827479382,584140,5,5,15,11,0,1,1,0,0,8278,450000,57,0,1.8,bonus_as10_gae3_no,100,2575000,,,,,1,0,1,1,0,0,0,0,0,5,3,1,1,0,3,1,0,0
85548,2026-04-10 21:04:33,3,6,2,attack,spins,goldSack,gold,1,false,1500000,53929828979382,584125,5,5,15,11,1,0,0,1,0,8278,450000,57,0,1.8,bonus_as10_gae3_no,100,2575000,,,,"{""c5261ecd"":""2107\/4900@m88""}",2,1,1,1,1,0,0,0,0,6,4,1,1,1,3,1,0,0
85549,2026-04-10 21:04:34,1,4,5,coin,steal,shield,gold,1,false,375000,53929829354382,584110,5,5,15,11,0,1,1,0,0,8278,450000,57,0,1.8,bonus_as10_gae3_no,100,2575000,,,,,3,1,2,2,1,0,0,0,0,7,4,2,2,1,3,1,0,0
85550,2026-04-10 21:04:35,3,6,2,attack,spins,goldSack,gold,1,false,1500000,53929830854382,584095,5,5,15,11,1,0,0,1,0,8278,450000,57,0,1.8,bonus_as10_gae3_no,100,2575000,,,LongExtraDayReduced,"{""slot_on_"":""30487\/60000@m26""}",4,2,2,2,2,0,0,0,0,8,5,2,2,2,3,1,0,0
85551,2026-04-10 21:04:36,1,4,4,coin,steal,steal,gold,1,false,375000,53929831229382,584080,5,5,15,11,0,2,0,0,0,8278,450000,57,0,1.8,bonus_as10_gae3_no,100,2575000,,,,,5,2,4,2,2,0,0,0,0,9,5,4,2,2,3,1,0,0
85552,2026-04-10 21:04:37,3,6,2,attack,spins,goldSack,gold,1,false,1500000,53929832729382,584065,5,5,15,11,1,0,0,1,0,8278,450000,57,0,1.8,bonus_as10_gae3_no,100,2575000,,,,,6,3,4,2,3,0,0,0,0,10,6,4,2,3,3,1,0,0
85553,2026-04-10 21:04:37,3,3,2,attack,attack,goldSack,gold,1,false,1500000,53929834229382,584050,5,5,15,11,2,0,0,0,0,8278,450000,57,0,1.8,bonus_as10_gae3_no,100,2575000,LongExtraDayReduced,,,"{""slot_on_"":""30502\/60000@m26""}",7,5,4,2,3,0,0,0,0,11,8,4,2,3,3,1,0,0
85554,2026-04-10 21:04:39,30,2,2,accumulation,goldSack,goldSack,gold,1,false,2250000,53929836479382,584035,5,5,15,11,0,0,0,0,1,8293,450000,57,15,1.8,bonus_as10_gae3_no,100,2575000,,,,,8,5,4,2,3,1,0,0,0,12,8,4,2,3,4,1,0,0
85555,2026-04-10 21:04:40,30,30,1,accumulation,accumulation,coin,gold,1,false,375000,53929836854382,584020,5,5,15,11,0,0,0,0,2,8323,450000,57,30,1.8,bonus_as10_gae3_no,100,2575000,,,LongExtraDayReduced,"{""slot_on_"":""30517\/60000@m26""}",9,5,4,2,3,3,0,0,0,13,8,4,2,3,6,1,0,0
85556,2026-04-10 21:04:42,3,3,2,attack,attack,goldSack,gold,1,false,1500000,53929838354382,584005,5,5,15,11,2,0,0,0,0,8323,450000,57,0,1.8,bonus_as10_gae3_no,100,2575000,,,,,10,7,4,2,3,3,0,0,0,14,10,4,2,3,6,1,0,0
85557,2026-04-10 21:04:43,1,4,4,coin,steal,steal,gold,1,false,375000,53929838729382,583990,5,5,15,11,0,2,0,0,0,8323,450000,57,0,1.8,bonus_as10_gae3_no,100,2575000,,,,,11,7,6,2,3,3,0,0,0,15,10,6,2,3,6,1,0,0
85558,2026-04-10 21:04:43,1,1,4,coin,coin,steal,gold,1,false,750000,53929839479382,583975,5,5,15,11,0,1,0,0,0,8323,450000,57,0,1.8,bonus_as10_gae3_no,100,2575000,,,LongExtraDayReduced,"{""slot_on_"":""30532\/60000@m26""}",12,7,7,2,3,3,0,0,0,16,10,7,2,3,6,1,0,0
85559,2026-04-10 21:04:44,1,1,1,coin,coin,coin,gold,1,true,3750000,53929843229382,583960,5,5,15,11,0,0,0,0,0,8323,450000,57,0,1.8,bonus_as10_gae3_no,100,2575000,,,,,13,7,7,2,3,3,0,0,0,17,10,7,2,3,6,1,0,0
85560,2026-04-10 21:04:45,5,5,5,shield,shield,shield,shield,3,true,15,53929843229382,583960,5,5,15,11,0,0,3,0,0,8323,450000,57,0,1.8,bonus_as10_gae3_no,100,2575000,,,,,14,7,7,5,3,3,0,0,1,18,10,7,5,3,6,1,0,1
85561,2026-04-10 21:04:46,4,4,4,steal,steal,steal,steal,4,true,0,53929843229382,583945,5,5,15,11,0,3,0,0,0,8323,450000,57,0,1.8,bonus_as10_gae3_no,100,2575000,LongExtraDayReduced,,,"{""slot_on_"":""30547\/60000@m26""}",15,7,10,5,3,3,0,1,1,19,10,10,5,3,6,1,1,1
85562,2026-04-10 21:04:52,1,1,4,coin,coin,steal,gold,1,false,750000,53937770630382,583930,5,5,15,11,0,1,0,0,0,8323,450000,57,0,1.8,bonus_as10_gae3_no,100,2575000,,,,,16,7,11,5,3,3,0,1,1,20,10,11,5,3,6,1,1,1
85563,2026-04-10 21:04:53,30,2,2,accumulation,goldSack,goldSack,gold,1,false,2250000,53937772880382,583915,5,5,15,11,0,0,0,0,1,8338,450000,57,15,1.9,bonus_as10_gae3_no,100,2575000,LongExtraDayReduced,LongExtraDayReduced,,"{""slot_on_"":""30577\/60000@m26""}",17,7,11,5,3,4,0,1,1,21,10,11,5,3,7,1,1,1
85564,2026-04-10 21:04:55,1,1,1,coin,coin,coin,gold,1,true,3750000,53937776630382,583900,5,5,15,11,0,0,0,0,0,8338,450000,57,0,1.9,bonus_as10_gae3_no,100,2575000,,,,,18,7,11,5,3,4,0,1,1,22,10,11,5,3,7,1,1,1
85565,2026-04-10 21:04:55,2,2,2,goldSack,goldSack,goldSack,gold,1,true,33000000,53937809630382,583885,5,5,15,11,0,0,0,0,0,8338,450000,57,0,1.9,bonus_as10_gae3_no,100,2575000,,,,,19,7,11,5,3,4,0,1,1,23,10,11,5,3,7,1,1,1
85566,2026-04-10 21:04:56,30,2,2,accumulation,goldSack,goldSack,gold,1,false,2250000,53937811880382,583870,5,5,15,11,0,0,0,0,1,8353,450000,57,15,1.9,bonus_as10_gae3_no,100,2575000,LongExtraDayReduced,,,"{""slot_on_"":""30592\/60000@m26""}",20,7,11,5,3,5,0,1,1,24,10,11,5,3,8,1,1,1
85567,2026-04-10 21:04:58,30,30,3,accumulation,accumulation,attack,gold,6,false,0,53937811880382,583855,5,5,15,11,1,0,0,0,2,8383,450000,57,30,1.9,bonus_as10_gae3_no,100,2575000,,,,,21,8,11,5,3,7,0,1,1,25,11,11,5,3,10,1,1,1
85568,2026-04-10 21:04:59,3,3,1,attack,attack,coin,gold,1,false,375000,53937812255382,583840,5,5,15,11,2,0,0,0,0,8383,450000,57,0,1.9,bonus_as10_gae3_no,100,2575000,,,,"{""c5261ecd"":""2137\/4900@m88""}",22,10,11,5,3,7,0,1,1,26,13,11,5,3,10,1,1,1
85569,2026-04-10 21:05:00,3,6,2,attack,spins,goldSack,gold,1,false,1500000,53937813755382,583825,5,5,15,11,1,0,0,1,0,8383,450000,57,0,1.9,bonus_as10_gae3_no,100,2575000,,,,,23,11,11,5,4,7,0,1,1,27,14,11,5,4,10,1,1,1
85570,2026-04-10 21:05:00,1,4,5,coin,steal,shield,gold,1,false,375000,53937814130382,583810,5,5,15,11,0,1,1,0,0,8383,450000,57,0,1.9,bonus_as10_gae3_no,100,2575000,,,LongExtraDayReduced,"{""slot_on_"":""30607\/60000@m26""}",24,11,12,6,4,7,0,1,1,28,14,12,6,4,10,1,1,1
85571,2026-04-10 21:05:01,3,6,2,attack,spins,goldSack,gold,1,false,1500000,53937815630382,583795,5,5,15,11,1,0,0,1,0,8383,450000,57,0,1.9,bonus_as10_gae3_no,100,2575000,,,,,25,12,12,6,5,7,0,1,1,29,15,12,6,5,10,1,1,1
85572,2026-04-10 21:05:03,30,2,2,accumulation,goldSack,goldSack,gold,1,false,2250000,53937817880382,583780,5,5,15,11,0,0,0,0,1,8398,450000,57,15,1.9,bonus_as10_gae3_no,100,2575000,,,,,26,12,12,6,5,8,0,1,1,30,15,12,6,5,11,1,1,1
85573,2026-04-10 21:05:04,1,1,1,coin,coin,coin,gold,1,true,3750000,53937821630382,583765,5,5,15,11,0,0,0,0,0,8398,450000,57,0,1.9,bonus_as10_gae3_no,100,2575000,LongExtraDayReduced,,,"{""slot_on_"":""30622\/60000@m26""}",27,12,12,6,5,8,0,1,1,31,15,12,6,5,11,1,1,1
85574,2026-04-10 21:05:05,1,4,5,coin,steal,shield,gold,1,false,375000,53937822005382,583750,5,5,15,11,0,1,1,0,0,8398,450000,57,0,1.9,bonus_as10_gae3_no,100,2575000,,,,,28,12,13,7,5,8,0,1,1,32,15,13,7,5,11,1,1,1
85575,2026-04-10 21:05:06,3,6,2,attack,spins,goldSack,gold,1,false,1500000,53937823505382,583735,5,5,15,11,1,0,0,1,0,8398,450000,57,0,1.9,bonus_as10_gae3_no,100,2575000,,,,,29,13,13,7,6,8,0,1,1,33,16,13,7,6,11,1,1,1
85576,2026-04-10 21:05:06,30,30,1,accumulation,accumulation,coin,gold,1,false,375000,53937823880382,583720,5,5,15,11,0,0,0,0,2,8428,450000,57,30,1.9,bonus_as10_gae3_no,100,2575000,,,,,30,13,13,7,6,10,0,1,1,34,16,13,7,6,13,1,1,1
85577,2026-04-10 21:05:08,1,1,4,coin,coin,steal,gold,1,false,750000,53937824630382,583705,5,5,15,11,0,1,0,0,0,8428,450000,57,0,1.9,bonus_as10_gae3_no,100,2575000,,,,,31,13,14,7,6,10,0,1,1,35,16,14,7,6,13,1,1,1
85578,2026-04-10 21:05:08,4,4,4,steal,steal,steal,steal,4,true,0,53937824630382,583690,5,5,15,11,0,3,0,0,0,8428,450000,57,0,1.9,bonus_as10_gae3_no,100,2575000,,,,,32,13,17,7,6,10,0,2,1,36,16,17,7,6,13,1,2,1
85579,2026-04-10 21:05:33,30,2,2,accumulation,goldSack,goldSack,gold,1,false,2250000,53942987390382,583675,5,5,15,11,0,0,0,0,1,8443,450000,57,15,1.9,bonus_as10_gae3_no,100,2575000,,LongExtraDayReduced,,"{""slot_on_"":""30637\/60000@m26""}",33,13,17,7,6,11,0,2,1,37,16,17,7,6,14,1,2,1
85580,2026-04-10 21:05:35,30,2,2,accumulation,goldSack,goldSack,gold,1,false,2250000,53942989640382,583660,5,5,15,11,0,0,0,0,1,8458,450000,57,15,1.9,bonus_as10_gae3_no,100,2575000,,LongExtraDayReduced,,"{""slot_on_"":""30652\/60000@m26""}",34,13,17,7,6,12,0,2,1,38,16,17,7,6,15,1,2,1
85581,2026-04-10 21:05:36,5,5,5,shield,shield,shield,shield,3,true,15,53942989640382,583660,5,5,15,11,0,0,3,0,0,8458,450000,57,0,1.9,bonus_as10_gae3_no,100,2575000,,,,,35,13,17,10,6,12,0,2,2,39,16,17,10,6,15,1,2,2
85582,2026-04-10 21:05:37,1,1,4,coin,coin,steal,gold,1,false,750000,53942990390382,583645,5,5,15,11,0,1,0,0,0,8458,450000,57,0,1.9,bonus_as10_gae3_no,100,2575000,,,,,36,13,18,10,6,12,0,2,2,40,16,18,10,6,15,1,2,2
85583,2026-04-10 21:05:38,30,2,2,accumulation,goldSack,goldSack,gold,1,false,2250000,53942992640382,583630,5,5,15,11,0,0,0,0,1,8473,450000,57,15,1.9,bonus_as10_gae3_no,100,2575000,LongExtraDayReduced,,,"{""slot_on_"":""30667\/60000@m26""}",37,13,18,10,6,13,0,2,2,41,16,18,10,6,16,1,2,2
85584,2026-04-10 21:05:39,30,2,2,accumulation,goldSack,goldSack,gold,1,false,2250000,53942994890382,583615,5,5,15,11,0,0,0,0,1,8488,450000,57,15,1.9,bonus_as10_gae3_no,100,2575000,,,,,38,13,18,10,6,14,0,2,2,42,16,18,10,6,17,1,2,2
85585,2026-04-10 21:05:40,3,3,3,attack,attack,attack,attack,2,true,0,53942994890382,583600,5,5,15,11,3,0,0,0,0,8488,450000,57,0,1.9,bonus_as10_gae3_no,100,2575000,,,,,39,16,18,10,6,14,1,2,2,43,19,18,10,6,17,2,2,2
85586,2026-04-10 21:05:55,1,1,4,coin,coin,steal,gold,1,false,750000,53943272840382,583585,5,5,15,11,0,1,0,0,0,8488,450000,57,0,1.9,bonus_as10_gae3_no,100,2575000,,,,,40,16,19,10,6,14,1,2,2,44,19,19,10,6,17,2,2,2
85587,2026-04-10 21:05:55,30,2,2,accumulation,goldSack,goldSack,gold,1,false,2250000,53943275090382,583570,5,5,15,11,0,0,0,0,1,8503,450000,57,15,1.9,bonus_as10_gae3_no,100,2575000,,,,,41,16,19,10,6,15,1,2,2,45,19,19,10,6,18,2,2,2
85588,2026-04-10 21:05:57,3,6,2,attack,spins,goldSack,gold,1,false,1500000,53943276590382,583555,5,5,15,11,1,0,0,1,0,8503,450000,57,0,1.9,bonus_as10_gae3_no,100,2575000,,LongExtraDayReduced,LongExtraDayReduced,"{""slot_on_"":""30697\/60000@m26""}",42,17,19,10,7,15,1,2,2,46,20,19,10,7,18,2,2,2
85589,2026-04-10 21:05:58,30,2,2,accumulation,goldSack,goldSack,gold,1,false,2250000,53943278840382,583540,5,5,15,11,0,0,0,0,1,8518,450000,57,15,1.9,bonus_as10_gae3_no,100,2575000,,,,,43,17,19,10,7,16,1,2,2,47,20,19,10,7,19,2,2,2
85590,2026-04-10 21:05:59,3,6,2,attack,spins,goldSack,gold,1,false,1500000,53943280340382,583525,5,5,15,11,1,0,0,1,0,8518,450000,57,0,1.9,bonus_as10_gae3_no,100,2575000,,,,,44,18,19,10,8,16,1,2,2,48,21,19,10,8,19,2,2,2
85591,2026-04-10 21:06:00,3,4,2,attack,steal,goldSack,gold,1,false,1500000,53943281840382,583510,5,5,15,11,1,1,0,0,0,8518,450000,57,0,1.9,bonus_as10_gae3_no,100,2575000,LongExtraDayReduced,,LongExtraDayReduced,"{""slot_on_"":""30727\/60000@m26""}",45,19,20,10,8,16,1,2,2,49,22,20,10,8,19,2,2,2
85592,2026-04-10 21:06:01,30,2,2,accumulation,goldSack,goldSack,gold,1,false,2250000,53943284090382,583495,5,5,15,11,0,0,0,0,1,8533,450000,57,15,1.9,bonus_as10_gae3_no,100,2575000,,,,"{""c5261ecd"":""2167\/4900@m88""}",46,19,20,10,8,17,1,2,2,50,22,20,10,8,20,2,2,2
85593,2026-04-10 21:06:02,1,4,5,coin,steal,shield,gold,1,false,375000,53943284465382,583480,5,5,15,11,0,1,1,0,0,8533,450000,57,0,1.9,bonus_as10_gae3_no,100,2575000,,,,,47,19,21,11,8,17,1,2,2,51,22,21,11,8,20,2,2,2
85594,2026-04-10 21:06:03,1,1,1,coin,coin,coin,gold,1,true,3750000,53943288215382,583465,5,5,15,11,0,0,0,0,0,8533,450000,57,0,1.9,bonus_as10_gae3_no,100,2575000,,,,,48,19,21,11,8,17,1,2,2,52,22,21,11,8,20,2,2,2
85595,2026-04-10 21:06:03,2,2,2,goldSack,goldSack,goldSack,gold,1,true,33000000,53943321215382,583450,5,5,15,11,0,0,0,0,0,8533,450000,57,0,1.9,bonus_as10_gae3_no,100,2575000,,,,,49,19,21,11,8,17,1,2,2,53,22,21,11,8,20,2,2,2
85596,2026-04-10 21:06:04,1,4,4,coin,steal,steal,gold,1,false,375000,53943321590382,583435,5,5,15,11,0,2,0,0,0,8533,450000,57,0,1.9,bonus_as10_gae3_no,100,2575000,LongExtraDayReduced,,,"{""slot_on_"":""30742\/60000@m26""}",50,19,23,11,8,17,1,2,2,54,22,23,11,8,20,2,2,2
85597,2026-04-10 21:06:05,1,6,6,coin,spins,spins,gold,1,false,375000,53943321965382,583420,5,5,15,11,0,0,0,2,0,8533,450000,57,0,1.9,bonus_as10_gae3_no,100,2575000,,LongExtraDayReduced,LongExtraDayReduced,"{""slot_on_"":""30772\/60000@m26""}",51,19,23,11,10,17,1,2,2,55,22,23,11,10,20,2,2,2
85598,2026-04-10 21:06:06,3,6,2,attack,spins,goldSack,gold,1,false,1500000,53943323465382,583405,5,5,15,11,1,0,0,1,0,8533,450000,57,0,1.9,bonus_as10_gae3_no,100,2575000,,,,,52,20,23,11,11,17,1,2,2,56,23,23,11,11,20,2,2,2
85599,2026-04-10 21:06:07,3,6,2,attack,spins,goldSack,gold,1,false,1500000,53943324965382,583390,5,5,15,11,1,0,0,1,0,8533,450000,57,0,1.9,bonus_as10_gae3_no,100,2575000,,,,,53,21,23,11,12,17,1,2,2,57,24,23,11,12,20,2,2,2
85600,2026-04-10 21:06:08,3,3,3,attack,attack,attack,attack,2,true,0,53943324965382,583375,5,5,15,11,3,0,0,0,0,8533,450000,57,0,1.9,bonus_as10_gae3_no,100,2575000,,,,,54,24,23,11,12,17,2,2,2,58,27,23,11,12,20,3,2,2
85601,2026-04-10 21:06:17,30,30,1,accumulation,accumulation,coin,gold,1,false,375000,53943463940382,583360,5,5,15,11,0,0,0,0,2,8563,450000,57,30,1.9,bonus_as10_gae3_no,100,2575000,,,,,55,24,23,11,12,19,2,2,2,59,27,23,11,12,22,3,2,2
85602,2026-04-10 21:06:18,2,2,2,goldSack,goldSack,goldSack,gold,1,true,33000000,53943496940382,583345,5,5,15,11,0,0,0,0,0,8563,450000,57,0,1.9,bonus_as10_gae3_no,100,2575000,,,LongExtraDayReduced,"{""slot_on_"":""30787\/60000@m26""}",56,24,23,11,12,19,2,2,2,60,27,23,11,12,22,3,2,2
85603,2026-04-10 21:06:19,30,30,3,accumulation,accumulation,attack,gold,6,false,0,53943496940382,583330,5,5,15,11,1,0,0,0,2,8593,450000,57,30,1.9,bonus_as10_gae3_no,100,2575000,,,,,57,25,23,11,12,21,2,2,2,61,28,23,11,12,24,3,2,2
85604,2026-04-10 21:06:21,3,4,2,attack,steal,goldSack,gold,1,false,5000000,53943501940382,583280,5,5,50,11,1,1,0,0,0,8593,450000,57,0,1.9,bonus_as10_gae3_no,100,2575000,,,,,58,26,24,11,12,21,2,2,2,62,29,24,11,12,24,3,2,2
85605,2026-04-10 21:06:21,30,2,2,accumulation,goldSack,goldSack,gold,1,false,7500000,53943509440382,583230,5,5,50,11,0,0,0,0,1,8643,450000,57,50,1.9,bonus_as10_gae3_no,100,2575000,,,,,59,26,24,11,12,22,2,2,2,63,29,24,11,12,25,3,2,2
85606,2026-04-10 21:06:22,3,4,2,attack,steal,goldSack,gold,1,false,5000000,53943514440382,583180,5,5,50,11,1,1,0,0,0,8643,450000,57,0,1.9,bonus_as10_gae3_no,100,2575000,,,,,60,27,25,11,12,22,2,2,2,64,30,25,11,12,25,3,2,2
85607,2026-04-10 21:06:23,2,2,2,goldSack,goldSack,goldSack,gold,1,true,110000000,53943624440382,583130,5,5,50,11,0,0,0,0,0,8643,450000,57,0,1.9,bonus_as10_gae3_no,100,2575000,,,,,61,27,25,11,12,22,2,2,2,65,30,25,11,12,25,3,2,2
85608,2026-04-10 21:06:24,3,4,2,attack,steal,goldSack,gold,1,false,5000000,53943629440382,583080,5,5,50,11,1,1,0,0,0,8643,450000,57,0,1.9,bonus_as10_gae3_no,100,2575000,,,,,62,28,26,11,12,22,2,2,2,66,31,26,11,12,25,3,2,2
85609,2026-04-10 21:06:25,1,1,6,coin,coin,spins,gold,1,false,2500000,53943631940382,583030,5,5,50,11,0,0,0,1,0,8643,450000,57,0,1.9,bonus_as10_gae3_no,100,2575000,,,,,63,28,26,11,13,22,2,2,2,67,31,26,11,13,25,3,2,2
85610,2026-04-10 21:06:26,1,4,6,coin,steal,spins,gold,1,false,1250000,53943633190382,582980,5,5,50,11,0,1,0,1,0,8643,450000,57,0,1.9,bonus_as10_gae3_no,100,2575000,,,,,64,28,27,11,14,22,2,2,2,68,31,27,11,14,25,3,2,2
85611,2026-04-10 21:06:27,1,1,6,coin,coin,spins,gold,1,false,2500000,53943635690382,582930,5,5,50,11,0,0,0,1,0,8643,450000,57,0,1.9,bonus_as10_gae3_no,100,2575000,,,,,65,28,27,11,15,22,2,2,2,69,31,27,11,15,25,3,2,2
85612,2026-04-10 21:06:28,5,5,5,shield,shield,shield,shield,3,true,50,53943635690382,582930,5,5,50,11,0,0,3,0,0,8643,450000,57,0,1.9,bonus_as10_gae3_no,100,2575000,,,,,66,28,27,14,15,22,2,2,3,70,31,27,14,15,25,3,2,3
85613,2026-04-10 21:06:28,1,1,6,coin,coin,spins,gold,1,false,2500000,53943638190382,582880,5,5,50,11,0,0,0,1,0,8643,450000,57,0,1.9,bonus_as10_gae3_no,100,2575000,,,,"{""c5261ecd"":""2267\/4900@m88""}",67,28,27,14,16,22,2,2,3,71,31,27,14,16,25,3,2,3
85614,2026-04-10 21:06:30,30,2,2,accumulation,goldSack,goldSack,gold,1,false,7500000,53943645690382,582830,5,5,50,11,0,0,0,0,1,8693,450000,57,50,1.9,bonus_as10_gae3_no,100,2575000,,,,,68,28,27,14,16,23,2,2,3,72,31,27,14,16,26,3,2,3
85615,2026-04-10 21:06:31,2,2,2,goldSack,goldSack,goldSack,gold,1,true,110000000,53943755690382,582780,5,5,50,11,0,0,0,0,0,8693,450000,57,0,1.9,bonus_as10_gae3_no,100,2575000,,,,,69,28,27,14,16,23,2,2,3,73,31,27,14,16,26,3,2,3
85616,2026-04-10 21:06:31,4,4,4,steal,steal,steal,steal,4,true,0,53943755690382,582730,5,5,50,11,0,3,0,0,0,8693,450000,57,0,1.9,bonus_as10_gae3_no,100,2575000,LongExtraDayReduced,,,"{""slot_on_"":""30837\/60000@m26""}",70,28,30,14,16,23,2,3,3,74,31,30,14,16,26,3,3,3
85617,2026-04-10 21:06:38,5,5,5,shield,shield,shield,shield,3,true,50,53967360314382,582730,5,5,50,11,0,0,3,0,0,8693,450000,57,0,1.9,bonus_as10_gae3_no,100,2575000,,LongExtraDayReduced,,"{""slot_on_"":""30887\/60000@m26""}",71,28,30,17,16,23,2,3,4,75,31,30,17,16,26,3,3,4
85618,2026-04-10 21:06:39,30,30,1,accumulation,accumulation,coin,gold,1,false,1250000,53967361564382,582680,5,5,50,11,0,0,0,0,2,8793,450000,57,100,2.0,bonus_as10_gae3_no,100,2575000,,,,,72,28,30,17,16,25,2,3,4,76,31,30,17,16,28,3,3,4
85619,2026-04-10 21:06:40,3,1,1,attack,coin,coin,gold,1,false,2500000,53967364064382,582630,5,5,50,11,1,0,0,0,0,8793,450000,57,0,2.0,bonus_as10_gae3_no,100,2575000,,,,,73,29,30,17,16,25,2,3,4,77,32,30,17,16,28,3,3,4
85620,2026-04-10 21:06:41,1,4,4,coin,steal,steal,gold,1,false,1250000,53967365314382,582580,5,5,50,11,0,2,0,0,0,8793,450000,57,0,2.0,bonus_as10_gae3_no,100,2575000,LongExtraDayReduced,LongExtraDayReduced,,"{""slot_on_"":""30987\/60000@m26""}",74,29,32,17,16,25,2,3,4,78,32,32,17,16,28,3,3,4
85621,2026-04-10 21:06:42,1,1,1,coin,coin,coin,gold,1,true,12500000,53967377814382,582530,5,5,50,11,0,0,0,0,0,8793,450000,57,0,2.0,bonus_as10_gae3_no,100,2575000,,,,,75,29,32,17,16,25,2,3,4,79,32,32,17,16,28,3,3,4
85622,2026-04-10 21:06:43,1,1,1,coin,coin,coin,gold,1,true,12500000,53967390314382,582480,5,5,50,11,0,0,0,0,0,8793,450000,57,0,2.0,bonus_as10_gae3_no,100,2575000,LongExtraDayReduced,,,"{""slot_on_"":""31037\/60000@m26""}",76,29,32,17,16,25,2,3,4,80,32,32,17,16,28,3,3,4
85623,2026-04-10 21:06:43,3,3,2,attack,attack,goldSack,gold,1,false,5000000,53967395314382,582430,5,5,50,11,2,0,0,0,0,8793,450000,57,0,2.0,bonus_as10_gae3_no,100,2575000,,,,,77,31,32,17,16,25,2,3,4,81,34,32,17,16,28,3,3,4
85624,2026-04-10 21:06:44,1,4,6,coin,steal,spins,gold,1,false,1250000,53967396564382,582380,5,5,50,11,0,1,0,1,0,8793,450000,57,0,2.0,bonus_as10_gae3_no,100,2575000,LongExtraDayReduced,,,"{""slot_on_"":""31087\/60000@m26""}",78,31,33,17,17,25,2,3,4,82,34,33,17,17,28,3,3,4
85625,2026-04-10 21:06:45,3,6,2,attack,spins,goldSack,gold,1,false,5000000,53967401564382,582330,5,5,50,11,1,0,0,1,0,8793,450000,57,0,2.0,bonus_as10_gae3_no,100,2575000,,,,,79,32,33,17,18,25,2,3,4,83,35,33,17,18,28,3,3,4
85626,2026-04-10 21:06:46,1,4,6,coin,steal,spins,gold,1,false,1250000,53967402814382,582280,5,5,50,11,0,1,0,1,0,8793,450000,57,0,2.0,bonus_as10_gae3_no,100,2575000,LongExtraDayReduced,LongExtraDayReduced,LongExtraDayReduced,"{""slot_on_"":""31337\/60000@m26""}",80,32,34,17,19,25,2,3,4,84,35,34,17,19,28,3,3,4
85627,2026-04-10 21:06:47,3,4,2,attack,steal,goldSack,gold,1,false,5000000,53967407814382,582230,5,5,50,11,1,1,0,0,0,8793,450000,57,0,2.0,bonus_as10_gae3_no,100,2575000,,,,,81,33,35,17,19,25,2,3,4,85,36,35,17,19,28,3,3,4
85628,2026-04-10 21:06:48,3,4,2,attack,steal,goldSack,gold,1,false,5000000,53967412814382,582180,5,5,50,11,1,1,0,0,0,8793,450000,57,0,2.0,bonus_as10_gae3_no,100,2575000,,,,,82,34,36,17,19,25,2,3,4,86,37,36,17,19,28,3,3,4
85629,2026-04-10 21:06:48,1,1,1,coin,coin,coin,gold,1,true,12500000,53967425314382,582130,5,5,50,11,0,0,0,0,0,8793,450000,57,0,2.0,bonus_as10_gae3_no,100,2575000,,,,,83,34,36,17,19,25,2,3,4,87,37,36,17,19,28,3,3,4
85630,2026-04-10 21:06:49,30,30,1,accumulation,accumulation,coin,gold,1,false,1250000,53967426564382,582080,5,5,50,11,0,0,0,0,2,8893,450000,57,100,2.0,bonus_as10_gae3_no,100,2575000,,,LongExtraDayReduced,"{""slot_on_"":""31387\/60000@m26""}",84,34,36,17,19,27,2,3,4,88,37,36,17,19,30,3,3,4
85631,2026-04-10 21:06:51,30,30,1,accumulation,accumulation,coin,gold,1,false,1250000,53967427814382,582030,5,5,50,11,0,0,0,0,2,8993,450000,57,100,2.0,bonus_as10_gae3_no,100,2575000,,,,,85,34,36,17,19,29,2,3,4,89,37,36,17,19,32,3,3,4
85632,2026-04-10 21:06:52,5,2,2,shield,goldSack,goldSack,gold,1,false,7500000,53967435314382,581980,5,5,50,11,0,0,1,0,0,8993,450000,57,0,2.0,bonus_as10_gae3_no,100,2575000,,,,,86,34,36,18,19,29,2,3,4,90,37,36,18,19,32,3,3,4
85633,2026-04-10 21:06:53,6,6,6,spins,spins,spins,spins,5,true,500,53967435314382,582430,5,5,50,11,0,0,0,3,0,8993,450000,57,0,2.0,bonus_as10_gae3_no,100,2575000,,,,,87,34,36,18,22,29,2,3,4,91,37,36,18,22,32,3,3,4
85634,2026-04-10 21:06:55,5,5,5,shield,shield,shield,shield,3,true,50,53967435314382,582430,5,5,50,11,0,0,3,0,0,8993,450000,57,0,2.0,bonus_as10_gae3_no,100,2575000,,,,,88,34,36,21,22,29,2,3,5,1,0,0,3,0,0,0,0,1
85635,2026-04-10 21:06:57,3,1,1,attack,coin,coin,gold,1,false,2500000,53967437814382,582380,5,5,50,11,1,0,0,0,0,8993,450000,57,0,2.0,bonus_as10_gae3_no,100,2575000,,,,,89,35,36,21,22,29,2,3,5,2,1,0,3,0,0,0,0,1
85636,2026-04-10 21:06:57,1,1,1,coin,coin,coin,gold,1,true,12500000,53967450314382,582330,5,5,50,11,0,0,0,0,0,8993,450000,57,0,2.0,bonus_as10_gae3_no,100,2575000,,,,,90,35,36,21,22,29,2,3,5,3,1,0,3,0,0,0,0,1
85637,2026-04-10 21:06:58,30,2,2,accumulation,goldSack,goldSack,gold,1,false,7500000,53967457814382,582280,5,5,50,11,0,0,0,0,1,9043,450000,57,50,2.0,bonus_as10_gae3_no,100,2575000,,,,"{""c5261ecd"":""2367\/4900@m88""}",91,35,36,21,22,30,2,3,5,4,1,0,3,0,1,0,0,1
85638,2026-04-10 21:06:59,3,3,2,attack,attack,goldSack,gold,1,false,5000000,53967462814382,582230,5,5,50,11,2,0,0,0,0,9043,450000,57,0,2.0,bonus_as10_gae3_no,100,2575000,,,,,92,37,36,21,22,30,2,3,5,5,3,0,3,0,1,0,0,1
85639,2026-04-10 21:07:00,1,4,6,coin,steal,spins,gold,1,false,1250000,53967464064382,582180,5,5,50,11,0,1,0,1,0,9043,450000,57,0,2.0,bonus_as10_gae3_no,100,2575000,,,,,93,37,37,21,23,30,2,3,5,6,3,1,3,1,1,0,0,1
85640,2026-04-10 21:07:01,2,2,2,goldSack,goldSack,goldSack,gold,1,true,110000000,53967574064382,582130,5,5,50,11,0,0,0,0,0,9043,450000,57,0,2.0,bonus_as10_gae3_no,100,2575000,,LongExtraDayReduced,,"{""slot_on_"":""31437\/60000@m26""}",94,37,37,21,23,30,2,3,5,7,3,1,3,1,1,0,0,1
85641,2026-04-10 21:07:01,3,6,2,attack,spins,goldSack,gold,1,false,5000000,53967579064382,582080,5,5,50,11,1,0,0,1,0,9043,450000,57,0,2.0,bonus_as10_gae3_no,100,2575000,,,LongExtraDayReduced,"{""slot_on_"":""31487\/60000@m26""}",95,38,37,21,24,30,2,3,5,8,4,1,3,2,1,0,0,1
85642,2026-04-10 21:07:02,3,3,2,attack,attack,goldSack,gold,1,false,5000000,53967584064382,582030,5,5,50,11,2,0,0,0,0,9043,450000,57,0,2.0,bonus_as10_gae3_no,100,2575000,,,,,96,40,37,21,24,30,2,3,5,9,6,1,3,2,1,0,0,1
85643,2026-04-10 21:07:03,1,6,6,coin,spins,spins,gold,1,false,1250000,53967585314382,581980,5,5,50,11,0,0,0,2,0,9043,450000,57,0,2.0,bonus_as10_gae3_no,100,2575000,,,,,97,40,37,21,26,30,2,3,5,10,6,1,3,4,1,0,0,1
85644,2026-04-10 21:07:04,1,4,6,coin,steal,spins,gold,1,false,1250000,53967586564382,581930,5,5,50,11,0,1,0,1,0,9043,450000,57,0,2.0,bonus_as10_gae3_no,100,2575000,,,,,98,40,38,21,27,30,2,3,5,11,6,2,3,5,1,0,0,1
85645,2026-04-10 21:07:05,3,4,2,attack,steal,goldSack,gold,1,false,5000000,53967591564382,581880,5,5,50,11,1,1,0,0,0,9043,450000,57,0,2.0,bonus_as10_gae3_no,100,2575000,,,,,99,41,39,21,27,30,2,3,5,12,7,3,3,5,1,0,0,1
85646,2026-04-10 21:07:05,1,5,5,coin,shield,shield,gold,1,false,1250000,53967592814382,581830,5,5,50,11,0,0,2,0,0,9043,450000,57,0,2.0,bonus_as10_gae3_no,100,2575000,,,,,100,41,39,23,27,30,2,3,5,13,7,3,5,5,1,0,0,1
85647,2026-04-10 21:07:06,30,2,2,accumulation,goldSack,goldSack,gold,1,false,7500000,53967600314382,581780,5,5,50,11,0,0,0,0,1,9093,450000,57,50,2.0,bonus_as10_gae3_no,100,2575000,,,,,101,41,39,23,27,31,2,3,5,14,7,3,5,5,2,0,0,1
85648,2026-04-10 21:07:07,30,2,2,accumulation,goldSack,goldSack,gold,1,false,7500000,53967607814382,581730,5,5,50,11,0,0,0,0,1,9143,450000,57,50,2.0,bonus_as10_gae3_no,100,2575000,,,,,102,41,39,23,27,32,2,3,5,15,7,3,5,5,3,0,0,1
85649,2026-04-10 21:07:10,1,1,6,coin,coin,spins,gold,1,false,75000000,53967682814382,580230,5,5,1500,11,0,0,0,1,0,9143,450000,57,0,2.0,bonus_as10_gae3_no,100,2575000,LongExtraDayReduced,,,"{""slot_on_"":""32987\/60000@m26""}",103,41,39,23,28,32,2,3,5,16,7,3,5,6,3,0,0,1
85650,2026-04-10 21:07:11,30,2,2,accumulation,goldSack,goldSack,gold,1,false,225000000,53967907814382,578730,5,5,1500,11,0,0,0,0,1,10643,450000,57,1500,2.4,bonus_as10_gae3_no,100,2575000,,LongExtraDayReduced,,"{""slot_on_"":""34487\/60000@m26""}",104,41,39,23,28,33,2,3,5,17,7,3,5,6,4,0,0,1
85651,2026-04-10 21:07:13,3,6,2,attack,spins,goldSack,gold,1,false,150000000,53968057814382,577230,5,5,1500,11,1,0,0,1,0,10643,450000,57,0,2.4,bonus_as10_gae3_no,100,2575000,,,,,105,42,39,23,29,33,2,3,5,18,8,3,5,7,4,0,0,1
85652,2026-04-10 21:07:14,2,2,2,goldSack,goldSack,goldSack,gold,1,true,3300000000,53971357814382,575730,5,5,1500,11,0,0,0,0,0,10643,450000,57,0,2.4,bonus_as10_gae3_no,100,2575000,,,,,106,42,39,23,29,33,2,3,5,19,8,3,5,7,4,0,0,1
85653,2026-04-10 21:07:15,1,6,6,coin,spins,spins,gold,1,false,37500000,53971395314382,574230,5,5,1500,11,0,0,0,2,0,10643,450000,57,0,2.4,bonus_as10_gae3_no,100,2575000,,,,,107,42,39,23,31,33,2,3,5,20,8,3,5,9,4,0,0,1
85654,2026-04-10 21:07:19,1,5,5,coin,shield,shield,gold,1,false,1250000,53971396564382,574180,5,5,50,11,0,0,2,0,0,10643,450000,57,0,2.4,bonus_as10_gae3_no,100,2575000,,,,,108,42,39,25,31,33,2,3,5,21,8,3,7,9,4,0,0,1
85655,2026-04-10 21:07:20,3,3,3,attack,attack,attack,attack,2,true,0,53971396564382,574130,5,5,50,11,3,0,0,0,0,10643,450000,57,0,2.4,bonus_as10_gae3_no,100,2575000,,,,,109,45,39,25,31,33,3,3,5,22,11,3,7,9,4,1,0,1
85656,2026-04-10 21:07:23,3,6,2,attack,spins,goldSack,gold,1,false,5000000,53971863564382,574080,5,5,50,11,1,0,0,1,0,10643,450000,57,0,2.4,bonus_as10_gae3_no,100,2575000,,,,,110,46,39,25,32,33,3,3,5,23,12,3,7,10,4,1,0,1
85657,2026-04-10 21:07:24,3,1,5,attack,coin,shield,gold,1,false,1250000,53971864814382,574030,5,5,50,11,1,0,1,0,0,10643,450000,57,0,2.4,bonus_as10_gae3_no,100,2575000,,,,,111,47,39,26,32,33,3,3,5,24,13,3,8,10,4,1,0,1
85658,2026-04-10 21:07:25,30,30,1,accumulation,accumulation,coin,gold,1,false,1250000,53971866064382,573980,5,5,50,11,0,0,0,0,2,10743,450000,57,100,2.4,bonus_as10_gae3_no,100,2575000,,,,,112,47,39,26,32,35,3,3,5,25,13,3,8,10,6,1,0,1
85659,2026-04-10 21:07:26,1,1,1,coin,coin,coin,gold,1,true,12500000,53971878564382,573930,5,5,50,11,0,0,0,0,0,10743,450000,57,0,2.4,bonus_as10_gae3_no,100,2575000,,,,,113,47,39,26,32,35,3,3,5,26,13,3,8,10,6,1,0,1
85660,2026-04-10 21:07:27,5,2,2,shield,goldSack,goldSack,gold,1,false,7500000,53971886064382,573880,5,5,50,11,0,0,1,0,0,10743,450000,57,0,2.4,bonus_as10_gae3_no,100,2575000,,,,,114,47,39,27,32,35,3,3,5,27,13,3,9,10,6,1,0,1
85661,2026-04-10 21:07:28,30,2,2,accumulation,goldSack,goldSack,gold,1,false,7500000,53971893564382,573830,5,5,50,11,0,0,0,0,1,10793,450000,57,50,2.4,bonus_as10_gae3_no,100,2575000,,,LongExtraDayReduced,"{""slot_on_"":""34537\/60000@m26""}",115,47,39,27,32,36,3,3,5,28,13,3,9,10,7,1,0,1
85662,2026-04-10 21:07:29,1,1,1,coin,coin,coin,gold,1,true,12500000,53971906064382,573780,5,5,50,11,0,0,0,0,0,10793,450000,57,0,2.4,bonus_as10_gae3_no,100,2575000,,,,"{""c5261ecd"":""2467\/4900@m88""}",116,47,39,27,32,36,3,3,5,29,13,3,9,10,7,1,0,1
85663,2026-04-10 21:07:30,3,1,5,attack,coin,shield,gold,1,false,1250000,53971907314382,573730,5,5,50,11,1,0,1,0,0,10793,450000,57,0,2.4,bonus_as10_gae3_no,100,2575000,,,LongExtraDayReduced,"{""slot_on_"":""34587\/60000@m26""}",117,48,39,28,32,36,3,3,5,30,14,3,10,10,7,1,0,1
85664,2026-04-10 21:07:31,5,5,5,shield,shield,shield,shield,3,true,50,53971907314382,573730,5,5,50,11,0,0,3,0,0,10793,450000,57,0,2.4,bonus_as10_gae3_no,100,2575000,,LongExtraDayReduced,,"{""slot_on_"":""34637\/60000@m26""}",118,48,39,31,32,36,3,3,6,31,14,3,13,10,7,1,0,2
85665,2026-04-10 21:07:32,1,4,4,coin,steal,steal,gold,1,false,1250000,53971908564382,573680,5,5,50,11,0,2,0,0,0,10793,450000,57,0,2.4,bonus_as10_gae3_no,100,2575000,,,,,119,48,41,31,32,36,3,3,6,32,14,5,13,10,7,1,0,2
85666,2026-04-10 21:07:32,30,2,2,accumulation,goldSack,goldSack,gold,1,false,7500000,53971916064382,573630,5,5,50,11,0,0,0,0,1,10843,450000,57,50,2.4,bonus_as10_gae3_no,100,2575000,,,,,120,48,41,31,32,37,3,3,6,33,14,5,13,10,8,1,0,2
85667,2026-04-10 21:07:33,30,30,1,accumulation,accumulation,coin,gold,1,false,1250000,53971917314382,573580,5,5,50,11,0,0,0,0,2,10943,450000,57,100,2.4,bonus_as10_gae3_no,100,2575000,,,,,121,48,41,31,32,39,3,3,6,34,14,5,13,10,10,1,0,2
85668,2026-04-10 21:07:35,4,4,4,steal,steal,steal,steal,4,true,0,53971917314382,573530,5,5,50,11,0,3,0,0,0,10943,450000,57,0,2.4,bonus_as10_gae3_no,100,2575000,,,,,122,48,44,31,32,39,3,4,6,35,14,8,13,10,10,1,1,2
85669,2026-04-10 21:07:42,2,2,2,goldSack,goldSack,goldSack,gold,1,true,110000000,54007209862382,573480,5,5,50,11,0,0,0,0,0,10943,450000,57,0,2.4,bonus_as10_gae3_no,100,2575000,,,,,123,48,44,31,32,39,3,4,6,36,14,8,13,10,10,1,1,2
85670,2026-04-10 21:07:42,1,1,4,coin,coin,steal,gold,1,false,2500000,54007212362382,573430,5,5,50,11,0,1,0,0,0,10943,450000,57,0,2.4,bonus_as10_gae3_no,100,2575000,,,,,124,48,45,31,32,39,3,4,6,37,14,9,13,10,10,1,1,2
85671,2026-04-10 21:07:43,2,2,2,goldSack,goldSack,goldSack,gold,1,true,110000000,54007322362382,573380,5,5,50,11,0,0,0,0,0,10943,450000,57,0,2.4,bonus_as10_gae3_no,100,2575000,,,,,125,48,45,31,32,39,3,4,6,38,14,9,13,10,10,1,1,2
85672,2026-04-10 21:07:44,3,6,2,attack,spins,goldSack,gold,1,false,5000000,54007327362382,573330,5,5,50,11,1,0,0,1,0,10943,450000,57,0,2.4,bonus_as10_gae3_no,100,2575000,,,,,126,49,45,31,33,39,3,4,6,39,15,9,13,11,10,1,1,2
85673,2026-04-10 21:07:45,1,6,6,coin,spins,spins,gold,1,false,1250000,54007328612382,573280,5,5,50,11,0,0,0,2,0,10943,450000,57,0,2.4,bonus_as10_gae3_no,100,2575000,,,,,127,49,45,31,35,39,3,4,6,40,15,9,13,13,10,1,1,2
85674,2026-04-10 21:07:46,1,1,4,coin,coin,steal,gold,1,false,2500000,54007331112382,573230,5,5,50,11,0,1,0,0,0,10943,450000,57,0,2.4,bonus_as10_gae3_no,100,2575000,,,,,128,49,46,31,35,39,3,4,6,41,15,10,13,13,10,1,1,2
85675,2026-04-10 21:07:48,1,1,4,coin,coin,steal,gold,1,false,2500000,54007333612382,573180,5,5,50,11,0,1,0,0,0,10943,450000,57,0,2.4,bonus_as10_gae3_no,100,2575000,,,,,129,49,47,31,35,39,3,4,6,42,15,11,13,13,10,1,1,2
85676,2026-04-10 21:07:49,3,1,5,attack,coin,shield,gold,1,false,1250000,54007334862382,573130,5,5,50,11,1,0,1,0,0,10943,450000,57,0,2.4,bonus_as10_gae3_no,100,2575000,,,,,130,50,47,32,35,39,3,4,6,43,16,11,14,13,10,1,1,2
85677,2026-04-10 21:07:51,30,2,2,accumulation,goldSack,goldSack,gold,1,false,225000000,54007559862382,571630,5,5,1500,11,0,0,0,0,1,12443,450000,57,1500,2.8,bonus_as10_gae3_no,100,2575000,,,,,131,50,47,32,35,40,3,4,6,44,16,11,14,13,11,1,1,2
85678,2026-04-10 21:07:53,3,3,3,attack,attack,attack,attack,2,true,0,54007559862382,565630,5,5,6000,11,3,0,0,0,0,12443,450000,57,0,2.8,bonus_as10_gae3_no,100,2575000,LongExtraDayReduced,,LongExtraDayReduced,"{""slot_on_"":""46637\/60000@m26""}",132,53,47,32,35,40,4,4,6,45,19,11,14,13,11,2,1,2
85679,2026-04-10 21:08:00,1,6,6,coin,spins,spins,gold,1,false,10000000,54063009862382,565230,5,5,400,11,0,0,0,2,0,12443,450000,57,0,2.8,bonus_as10_gae3_no,100,2575000,,,,,133,53,47,32,37,40,4,4,6,46,19,11,14,15,11,2,1,2
85680,2026-04-10 21:08:02,5,5,5,shield,shield,shield,shield,3,true,400,54063009862382,565230,5,5,400,11,0,0,3,0,0,12443,450000,57,0,2.8,bonus_as10_gae3_no,100,2575000,,,,"{""c5261ecd"":""3267\/4900@m88""}",134,53,47,35,37,40,4,4,7,47,19,11,17,15,11,2,1,3
85681,2026-04-10 21:08:03,1,1,4,coin,coin,steal,gold,1,false,20000000,54063029862382,564830,5,5,400,11,0,1,0,0,0,12443,450000,57,0,2.8,bonus_as10_gae3_no,100,2575000,,,,,135,53,48,35,37,40,4,4,7,48,19,12,17,15,11,2,1,3
85682,2026-04-10 21:08:05,1,4,5,coin,steal,shield,gold,1,false,10000000,54063039862382,564430,5,5,400,11,0,1,1,0,0,12443,450000,57,0,2.8,bonus_as10_gae3_no,100,2575000,,,,,136,53,49,36,37,40,4,4,7,49,19,13,18,15,11,2,1,3
85683,2026-04-10 21:08:09,1,1,1,coin,coin,coin,gold,1,true,100000000,54063139862382,564030,5,5,400,11,0,0,0,0,0,12443,450000,57,0,2.8,bonus_as10_gae3_no,100,2575000,,,,,137,53,49,36,37,40,4,4,7,50,19,13,18,15,11,2,1,3
85684,2026-04-10 21:08:09,3,3,3,attack,attack,attack,attack,2,true,0,54063139862382,563630,5,5,400,11,3,0,0,0,0,12443,450000,57,0,2.8,bonus_as10_gae3_no,100,2575000,LongExtraDayReduced,,,"{""slot_on_"":""47037\/60000@m26""}",138,56,49,36,37,40,5,4,7,51,22,13,18,15,11,3,1,3
85685,2026-04-10 21:08:18,1,4,5,coin,steal,shield,gold,1,false,10000000,54066845862382,563230,5,5,400,11,0,1,1,0,0,12443,450000,57,0,2.8,bonus_as10_gae3_no,100,2575000,,,,,139,56,50,37,37,40,5,4,7,52,22,14,19,15,11,3,1,3
85686,2026-04-10 21:08:19,30,30,1,accumulation,accumulation,coin,gold,1,false,10000000,54066855862382,562830,5,5,400,11,0,0,0,0,2,13243,450000,57,800,2.9,bonus_as10_gae3_no,100,2575000,,,,,140,56,50,37,37,42,5,4,7,53,22,14,19,15,13,3,1,3
85687,2026-04-10 21:08:20,3,6,2,attack,spins,goldSack,gold,1,false,40000000,54066895862382,562430,5,5,400,11,1,0,0,1,0,13243,450000,57,0,2.9,bonus_as10_gae3_no,100,2575000,,,LongExtraDayReduced,"{""slot_on_"":""47437\/60000@m26""}",141,57,50,37,38,42,5,4,7,54,23,14,19,16,13,3,1,3
85688,2026-04-10 21:08:22,3,6,2,attack,spins,goldSack,gold,1,false,40000000,54066935862382,562030,5,5,400,11,1,0,0,1,0,13243,450000,57,0,2.9,bonus_as10_gae3_no,100,2575000,,,,,142,58,50,37,39,42,5,4,7,55,24,14,19,17,13,3,1,3
85689,2026-04-10 21:08:24,1,1,4,coin,coin,steal,gold,1,false,20000000,54066955862382,561630,5,5,400,11,0,1,0,0,0,13243,450000,57,0,2.9,bonus_as10_gae3_no,100,2575000,,,,,143,58,51,37,39,42,5,4,7,56,24,15,19,17,13,3,1,3
85690,2026-04-10 21:08:32,1,1,6,coin,coin,spins,gold,1,false,75000000,54067030862382,560130,5,5,1500,11,0,0,0,1,0,13243,450000,57,0,2.9,bonus_as10_gae3_no,100,2575000,,,,,144,58,51,37,40,42,5,4,7,57,24,15,19,18,13,3,1,3
85691,2026-04-10 21:08:33,3,1,5,attack,coin,shield,gold,1,false,37500000,54067068362382,558630,5,5,1500,11,1,0,1,0,0,13243,450000,57,0,2.9,bonus_as10_gae3_no,100,2575000,,,,,145,59,51,38,40,42,5,4,7,58,25,15,20,18,13,3,1,3
85692,2026-04-10 21:08:35,3,3,2,attack,attack,goldSack,gold,1,false,150000000,54067218362382,557130,5,5,1500,11,2,0,0,0,0,13243,450000,57,0,2.9,bonus_as10_gae3_no,100,2575000,,,,,146,61,51,38,40,42,5,4,7,59,27,15,20,18,13,3,1,3
85693,2026-04-10 21:08:41,30,2,2,accumulation,goldSack,goldSack,gold,1,false,225000000,54067443362382,555630,5,5,1500,11,0,0,0,0,1,14743,450000,57,1500,3.3,bonus_as10_gae3_no,100,2575000,,,,,147,61,51,38,40,43,5,4,7,60,27,15,20,18,14,3,1,3
85694,2026-04-10 21:08:43,3,4,2,attack,steal,goldSack,gold,1,false,600000000,54068043362382,549630,5,5,6000,11,1,1,0,0,0,14743,450000,57,0,3.3,bonus_as10_gae3_no,100,2575000,,,,,148,62,52,38,40,43,5,4,7,61,28,16,20,18,14,3,1,3
85695,2026-04-10 21:08:44,4,4,4,steal,steal,steal,steal,4,true,0,54068043362382,543630,5,5,6000,11,0,3,0,0,0,14743,450000,57,0,3.3,bonus_as10_gae3_no,100,2575000,LongExtraDayReduced,LongExtraDayReduced,LongExtraDayReduced,"{""slot_on_"":""17437\/61000@m27""}",149,62,55,38,40,43,5,5,7,62,28,19,20,18,14,3,2,3
85696,2026-04-10 21:08:57,1,1,1,coin,coin,coin,gold,1,true,100000000,56827469922382,543230,5,5,400,11,0,0,0,0,0,14743,450000,57,0,3.3,bonus_as10_gae3_no,100,2575000,,,,,150,62,55,38,40,43,5,5,7,63,28,19,20,18,14,3,2,3
85697,2026-04-10 21:08:57,30,30,3,accumulation,accumulation,attack,gold,6,false,0,56827469922382,542830,5,5,400,11,1,0,0,0,2,15543,450000,57,800,3.5,bonus_as10_gae3_no,100,2575000,LongExtraDayReduced,LongExtraDayReduced,,"{""slot_on_"":""18237\/61000@m27""}",151,63,55,38,40,45,5,5,7,64,29,19,20,18,16,3,2,3
85698,2026-04-10 21:09:00,30,2,2,accumulation,goldSack,goldSack,gold,1,false,60000000,56827529922382,542430,5,5,400,11,0,0,0,0,1,15943,450000,57,400,3.5,bonus_as10_gae3_no,100,2575000,LongExtraDayReduced,,,"{""slot_on_"":""18637\/61000@m27""}",152,63,55,38,40,46,5,5,7,65,29,19,20,18,17,3,2,3
85699,2026-04-10 21:09:02,5,5,5,shield,shield,shield,shield,3,true,400,56827529922382,542430,5,5,400,11,0,0,3,0,0,15943,450000,57,0,3.5,bonus_as10_gae3_no,100,2575000,,,,"{""c5261ecd"":""4067\/4900@m88""}",153,63,55,41,40,46,5,5,8,66,29,19,23,18,17,3,2,4
85700,2026-04-10 21:09:03,1,6,6,coin,spins,spins,gold,1,false,10000000,56827539922382,542030,5,5,400,11,0,0,0,2,0,15943,450000,57,0,3.5,bonus_as10_gae3_no,100,2575000,,,,,154,63,55,41,42,46,5,5,8,67,29,19,23,20,17,3,2,4
85701,2026-04-10 21:09:04,3,1,5,attack,coin,shield,gold,1,false,10000000,56827549922382,541630,5,5,400,11,1,0,1,0,0,15943,450000,57,0,3.5,bonus_as10_gae3_no,100,2575000,,,,,155,64,55,42,42,46,5,5,8,68,30,19,24,20,17,3,2,4
85702,2026-04-10 21:09:05,4,6,2,steal,spins,goldSack,gold,1,false,40000000,56827589922382,541230,5,5,400,11,0,1,0,1,0,15943,450000,57,0,3.5,bonus_as10_gae3_no,100,2575000,,,,,156,64,56,42,43,46,5,5,8,69,30,20,24,21,17,3,2,4
85703,2026-04-10 21:09:06,30,2,2,accumulation,goldSack,goldSack,gold,1,false,60000000,56827649922382,540830,5,5,400,11,0,0,0,0,1,16343,450000,57,400,3.6,bonus_as10_gae3_no,100,2575000,,,,,157,64,56,42,43,47,5,5,8,70,30,20,24,21,18,3,2,4
85704,2026-04-10 21:09:08,1,6,6,coin,spins,spins,gold,1,false,10000000,56827659922382,540430,5,5,400,11,0,0,0,2,0,16343,450000,57,0,3.6,bonus_as10_gae3_no,100,2575000,,,,,158,64,56,42,45,47,5,5,8,71,30,20,24,23,18,3,2,4
85705,2026-04-10 21:09:13,1,1,1,coin,coin,coin,gold,1,true,1500000000,56829159922382,534430,5,5,6000,11,0,0,0,0,0,16343,450000,57,0,3.6,bonus_as10_gae3_no,100,2575000,LongExtraDayReduced,,,"{""slot_on_"":""24637\/61000@m27""}",159,64,56,42,45,47,5,5,8,72,30,20,24,23,18,3,2,4
85706,2026-04-10 21:09:14,3,3,3,attack,attack,attack,attack,2,true,0,56829159922382,528430,5,5,6000,11,3,0,0,0,0,16343,450000,57,0,3.6,bonus_as10_gae3_no,100,2575000,,,,,160,67,56,42,45,47,6,5,8,73,33,20,24,23,18,4,2,4
85707,2026-04-10 21:09:20,1,4,6,coin,steal,spins,gold,1,false,10000000,56884609922382,528030,5,5,400,11,0,1,0,1,0,16343,450000,57,0,3.6,bonus_as10_gae3_no,100,2575000,,,,,161,67,57,42,46,47,6,5,8,74,33,21,24,24,18,4,2,4
85708,2026-04-10 21:09:22,2,2,2,goldSack,goldSack,goldSack,gold,1,true,880000000,56885489922382,527630,5,5,400,11,0,0,0,0,0,16343,450000,57,0,3.6,bonus_as10_gae3_no,100,2575000,,,,,162,67,57,42,46,47,6,5,8,75,33,21,24,24,18,4,2,4
85709,2026-04-10 21:09:24,1,1,6,coin,coin,spins,gold,1,false,20000000,56885509922382,527230,5,5,400,11,0,0,0,1,0,16343,450000,57,0,3.6,bonus_as10_gae3_no,100,2575000,,LongExtraDayReduced,,"{""slot_on_"":""25037\/61000@m27""}",163,67,57,42,47,47,6,5,8,76,33,21,24,25,18,4,2,4
85710,2026-04-10 21:09:26,30,2,2,accumulation,goldSack,goldSack,gold,1,false,60000000,56885569922382,526830,5,5,400,11,0,0,0,0,1,16743,450000,57,400,3.7,bonus_as10_gae3_no,100,2575000,,,,,164,67,57,42,47,48,6,5,8,77,33,21,24,25,19,4,2,4
85711,2026-04-10 21:09:28,3,1,5,attack,coin,shield,gold,1,false,10000000,56885579922382,526430,5,5,400,11,1,0,1,0,0,16743,450000,57,0,3.7,bonus_as10_gae3_no,100,2575000,,LongExtraDayReduced,,"{""slot_on_"":""25437\/61000@m27""}",165,68,57,43,47,48,6,5,8,78,34,21,25,25,19,4,2,4
85712,2026-04-10 21:09:30,30,30,1,accumulation,accumulation,coin,gold,1,false,37500000,56885617422382,524930,5,5,1500,11,0,0,0,0,2,19743,450000,57,3000,4.4,bonus_as10_gae3_no,100,2575000,,LongExtraDayReduced,LongExtraDayReduced,"{""slot_on_"":""28437\/61000@m27""}",166,68,57,43,47,50,6,5,8,79,34,21,25,25,21,4,2,4
85713,2026-04-10 21:09:32,30,2,2,accumulation,goldSack,goldSack,gold,1,false,225000000,56885842422382,523430,5,5,1500,11,0,0,0,0,1,21243,450000,57,1500,4.7,bonus_as10_gae3_no,100,2575000,,,,,167,68,57,43,47,51,6,5,8,80,34,21,25,25,22,4,2,4
85714,2026-04-10 21:09:34,30,2,2,accumulation,goldSack,goldSack,gold,1,false,225000000,56886067422382,521930,5,5,1500,11,0,0,0,0,1,22743,450000,57,1500,5.1,bonus_as10_gae3_no,100,2575000,,,,,168,68,57,43,47,52,6,5,8,81,34,21,25,25,23,4,2,4
85715,2026-04-10 21:09:36,3,1,4,attack,coin,steal,gold,1,false,150000000,56886217422382,515930,5,5,6000,11,1,1,0,0,0,22743,450000,57,0,5.1,bonus_as10_gae3_no,100,2575000,,,,,169,69,58,43,47,52,6,5,8,82,35,22,25,25,23,4,2,4
85716,2026-04-10 21:09:37,1,4,4,coin,steal,steal,gold,1,false,150000000,56886367422382,509930,5,5,6000,11,0,2,0,0,0,22743,450000,57,0,5.1,bonus_as10_gae3_no,100,2575000,,LongExtraDayReduced,,"{""slot_on_"":""34437\/61000@m27""}",170,69,60,43,47,52,6,5,8,83,35,24,25,25,23,4,2,4
85717,2026-04-10 21:09:38,1,4,4,coin,steal,steal,gold,1,false,150000000,56886517422382,503930,5,5,6000,11,0,2,0,0,0,22743,450000,57,0,5.1,bonus_as10_gae3_no,100,2575000,,LongExtraDayReduced,,"{""slot_on_"":""40437\/61000@m27""}",171,69,62,43,47,52,6,5,8,84,35,26,25,25,23,4,2,4
85718,2026-04-10 21:09:41,1,6,6,coin,spins,spins,gold,1,false,150000000,56886667422382,497930,5,5,6000,11,0,0,0,2,0,22743,450000,57,0,5.1,bonus_as10_gae3_no,100,2575000,,LongExtraDayReduced,,"{""slot_on_"":""46437\/61000@m27""}",172,69,62,43,49,52,6,5,8,85,35,26,25,27,23,4,2,4
85719,2026-04-10 21:09:42,3,3,3,attack,attack,attack,attack,2,true,0,56886667422382,491930,5,5,6000,11,3,0,0,0,0,22743,450000,57,0,5.1,bonus_as10_gae3_no,100,2575000,,,,,173,72,62,43,49,52,7,5,8,86,38,26,25,27,23,5,2,4
85720,2026-04-10 21:09:49,30,2,2,accumulation,goldSack,goldSack,gold,1,false,60000000,56942167422382,491530,5,5,400,11,0,0,0,0,1,23143,450000,57,400,5.1,bonus_as10_gae3_no,100,2575000,,,,,174,72,62,43,49,53,7,5,8,87,38,26,25,27,24,5,2,4
85721,2026-04-10 21:09:50,1,6,6,coin,spins,spins,gold,1,false,10000000,56942177422382,491130,5,5,400,11,0,0,0,2,0,23143,450000,57,0,5.1,bonus_as10_gae3_no,100,2575000,,,,"{""c5261ecd"":""4867\/4900@m88""}",175,72,62,43,51,53,7,5,8,88,38,26,25,29,24,5,2,4
85722,2026-04-10 21:09:51,1,1,4,coin,coin,steal,gold,1,false,20000000,56942197422382,490730,5,5,400,11,0,1,0,0,0,23143,450000,57,0,5.1,bonus_as10_gae3_no,100,2575000,,,,,176,72,63,43,51,53,7,5,8,89,38,27,25,29,24,5,2,4
85723,2026-04-10 21:09:52,3,1,5,attack,coin,shield,gold,1,false,10000000,56942207422382,490330,5,5,400,11,1,0,1,0,0,23143,450000,57,0,5.1,bonus_as10_gae3_no,100,2575000,LongExtraDayReduced,,LongExtraDayReduced,"{""slot_on_"":""47237\/61000@m27""}",177,73,63,44,51,53,7,5,8,90,39,27,26,29,24,5,2,4
85724,2026-04-10 21:09:54,30,30,1,accumulation,accumulation,coin,gold,1,false,10000000,56942217422382,489930,5,5,400,11,0,0,0,0,2,23943,450000,57,800,5.3,bonus_as10_gae3_no,100,2575000,,,,,178,73,63,44,51,55,7,5,8,91,39,27,26,29,26,5,2,4
85725,2026-04-10 21:09:56,30,30,30,accumulation,accumulation,accumulation,gold,10,true,0,56942217422382,489530,5,5,400,11,0,0,0,0,3,27943,450000,57,4000,6.2,bonus_as10_gae3_no,100,2575000,,,,,179,73,63,44,51,58,7,5,8,92,39,27,26,29,29,5,2,4
85726,2026-04-10 21:10:00,30,2,2,accumulation,goldSack,goldSack,gold,1,false,150000,56942217572382,489529,5,5,1,11,0,0,0,0,1,27944,450000,57,1,6.2,bonus_as10_gae3_no,100,2575000,,,,,1,0,0,0,0,1,0,0,0,93,39,27,26,29,30,5,2,4
85727,2026-04-10 21:10:01,3,3,1,attack,attack,coin,gold,1,false,25000,56942217597382,489528,5,5,1,11,2,0,0,0,0,27944,450000,57,0,6.2,bonus_as10_gae3_no,100,2575000,LongExtraDayReduced,,,"{""slot_on_"":""47238\/61000@m27""}",2,2,0,0,0,1,0,0,0,94,41,27,26,29,30,5,2,4
85728,2026-04-10 21:10:02,1,1,1,coin,coin,coin,gold,1,true,250000,56942217847382,489527,5,5,1,11,0,0,0,0,0,27944,450000,57,0,6.2,bonus_as10_gae3_no,100,2575000,,,,,3,2,0,0,0,1,0,0,0,95,41,27,26,29,30,5,2,4
85729,2026-04-10 21:10:03,3,3,3,attack,attack,attack,attack,2,true,0,56942217847382,489526,5,5,1,11,3,0,0,0,0,27944,450000,57,0,6.2,bonus_as10_gae3_no,100,2575000,LongExtraDayReduced,,,"{""slot_on_"":""47239\/61000@m27""}",4,5,0,0,0,1,1,0,0,96,44,27,26,29,30,6,2,4
85730,2026-04-10 21:10:07,4,6,2,steal,spins,goldSack,gold,1,false,100000,56942227187382,489525,5,5,1,11,0,1,0,1,0,27944,450000,57,0,6.2,bonus_as10_gae3_no,100,2575000,,,,,5,5,1,0,1,1,1,0,0,97,44,28,26,30,30,6,2,4
85731,2026-04-10 21:10:08,6,6,6,spins,spins,spins,spins,5,true,10,56942227187382,489534,5,5,1,11,0,0,0,3,0,27944,450000,57,0,6.2,bonus_as10_gae3_no,100,2575000,,,,,6,5,1,0,4,1,1,0,0,98,44,28,26,33,30,6,2,4
85732,2026-04-10 21:10:09,4,4,4,steal,steal,steal,steal,4,true,0,56942227187382,489533,5,5,1,11,0,3,0,0,0,27944,450000,57,0,6.2,bonus_as10_gae3_no,100,2575000,LongExtraDayReduced,,LongExtraDayReduced,"{""slot_on_"":""47241\/61000@m27"",""c5261ecd"":""4869\/4900@m88""}",7,5,4,0,4,1,1,1,0,1,0,3,0,0,0,0,1,0
85733,2026-04-10 21:10:17,30,2,2,accumulation,goldSack,goldSack,gold,1,false,150000,56942353811622,489532,5,5,1,11,0,0,0,0,1,27945,450000,57,1,6.2,bonus_as10_gae3_no,100,2575000,,,,,8,5,4,0,4,2,1,1,0,2,0,3,0,0,1,0,1,0
85734,2026-04-10 21:10:18,2,2,2,goldSack,goldSack,goldSack,gold,1,true,2200000,56942356011622,489531,5,5,1,11,0,0,0,0,0,27945,450000,57,0,6.2,bonus_as10_gae3_no,100,2575000,,,LongExtraDayReduced,"{""slot_on_"":""47242\/61000@m27""}",9,5,4,0,4,2,1,1,0,3,0,3,0,0,1,0,1,0
85735,2026-04-10 21:10:22,2,2,2,goldSack,goldSack,goldSack,gold,1,true,2200000,56942358211622,489530,5,5,1,11,0,0,0,0,0,27945,450000,57,0,6.2,bonus_as10_gae3_no,100,2575000,,,,,10,5,4,0,4,2,1,1,0,4,0,3,0,0,1,0,1,0
85736,2026-04-10 21:10:23,4,6,2,steal,spins,goldSack,gold,1,false,100000,56942358311622,489529,5,5,1,11,0,1,0,1,0,27945,450000,57,0,6.2,bonus_as10_gae3_no,100,2575000,,LongExtraDayReduced,,"{""slot_on_"":""47243\/61000@m27""}",11,5,5,0,5,2,1,1,0,5,0,4,0,1,1,0,1,0
85737,2026-04-10 21:10:24,30,2,2,accumulation,goldSack,goldSack,gold,1,false,150000,56942358461622,489528,5,5,1,11,0,0,0,0,1,27946,450000,57,1,6.2,bonus_as10_gae3_no,100,2575000,LongExtraDayReduced,,,"{""slot_on_"":""47244\/61000@m27""}",12,5,5,0,5,3,1,1,0,6,0,4,0,1,2,0,1,0
85738,2026-04-10 21:10:25,2,2,2,goldSack,goldSack,goldSack,gold,1,true,2200000,56942360661622,489527,5,5,1,11,0,0,0,0,0,27946,450000,57,0,6.2,bonus_as10_gae3_no,100,2575000,,,,,13,5,5,0,5,3,1,1,0,7,0,4,0,1,2,0,1,0
85739,2026-04-10 21:10:26,30,2,2,accumulation,goldSack,goldSack,gold,1,false,150000,56942360811622,489526,5,5,1,11,0,0,0,0,1,27947,450000,57,1,6.2,bonus_as10_gae3_no,100,2575000,,,,,14,5,5,0,5,4,1,1,0,8,0,4,0,1,3,0,1,0
85740,2026-04-10 21:10:27,30,2,2,accumulation,goldSack,goldSack,gold,1,false,150000,56942360961622,489525,5,5,1,11,0,0,0,0,1,27948,450000,57,1,6.2,bonus_as10_gae3_no,100,2575000,,,,,15,5,5,0,5,5,1,1,0,9,0,4,0,1,4,0,1,0
85741,2026-04-10 21:10:28,3,3,3,attack,attack,attack,attack,2,true,0,56942360961622,489524,5,5,1,11,3,0,0,0,0,27948,450000,57,0,6.2,bonus_as10_gae3_no,100,2575000,,,,,16,8,5,0,5,5,2,1,0,10,3,4,0,1,4,1,1,0
85742,2026-04-10 21:10:34,3,1,5,attack,coin,shield,gold,1,false,25000,56942370226622,489523,5,5,1,11,1,0,1,0,0,27948,450000,57,0,6.2,bonus_as10_gae3_no,100,2575000,,,,,17,9,5,1,5,5,2,1,0,11,4,4,1,1,4,1,1,0
85743,2026-04-10 21:10:34,1,4,4,coin,steal,steal,gold,1,false,25000,56942370251622,489522,5,5,1,11,0,2,0,0,0,27948,450000,57,0,6.2,bonus_as10_gae3_no,100,2575000,,,,,18,9,7,1,5,5,2,1,0,12,4,6,1,1,4,1,1,0
85744,2026-04-10 21:10:35,3,6,2,attack,spins,goldSack,gold,1,false,100000,56942370351622,489521,5,5,1,11,1,0,0,1,0,27948,450000,57,0,6.2,bonus_as10_gae3_no,100,2575000,,,,,19,10,7,1,6,5,2,1,0,13,5,6,1,2,4,1,1,0
85745,2026-04-10 21:10:36,3,3,3,attack,attack,attack,attack,2,true,0,56942370351622,489520,5,5,1,11,3,0,0,0,0,27948,450000,57,0,6.2,bonus_as10_gae3_no,100,2575000,,,,"{""c5261ecd"":""4871\/4900@m88""}",20,13,7,1,6,5,3,1,0,14,8,6,1,2,4,2,1,0
85746,2026-04-10 21:10:40,4,6,2,steal,spins,goldSack,gold,1,false,100000,56942398451622,489519,5,5,1,11,0,1,0,1,0,27948,450000,57,0,6.2,bonus_as10_gae3_no,100,2575000,,,,,21,13,8,1,7,5,3,1,0,15,8,7,1,3,4,2,1,0
85747,2026-04-10 21:10:41,2,2,2,goldSack,goldSack,goldSack,gold,1,true,2200000,56942400651622,489518,5,5,1,11,0,0,0,0,0,27948,450000,57,0,6.2,bonus_as10_gae3_no,100,2575000,LongExtraDayReduced,,,"{""slot_on_"":""47245\/61000@m27""}",22,13,8,1,7,5,3,1,0,16,8,7,1,3,4,2,1,0
85748,2026-04-10 21:10:43,1,1,4,coin,coin,steal,gold,1,false,750000,56942401401622,489503,5,5,15,11,0,1,0,0,0,27948,450000,57,0,6.2,bonus_as10_gae3_no,100,2575000,,LongExtraDayReduced,,"{""slot_on_"":""47260\/61000@m27""}",23,13,9,1,7,5,3,1,0,17,8,8,1,3,4,2,1,0
85749,2026-04-10 21:10:44,30,2,2,accumulation,goldSack,goldSack,gold,1,false,2250000,56942403651622,489488,5,5,15,11,0,0,0,0,1,27963,450000,57,15,6.2,bonus_as10_gae3_no,100,2575000,,,,,24,13,9,1,7,6,3,1,0,18,8,8,1,3,5,2,1,0
85750,2026-04-10 21:10:45,3,1,6,attack,coin,spins,gold,1,false,375000,56942404026622,489473,5,5,15,11,1,0,0,1,0,27963,450000,57,0,6.2,bonus_as10_gae3_no,100,2575000,,,,,25,14,9,1,8,6,3,1,0,19,9,8,1,4,5,2,1,0
85751,2026-04-10 21:10:46,3,1,6,attack,coin,spins,gold,1,false,375000,56942404401622,489458,5,5,15,11,1,0,0,1,0,27963,450000,57,0,6.2,bonus_as10_gae3_no,100,2575000,,,,,26,15,9,1,9,6,3,1,0,20,10,8,1,5,5,2,1,0
85752,2026-04-10 21:10:47,3,3,2,attack,attack,goldSack,gold,1,false,1500000,56942405901622,489443,5,5,15,11,2,0,0,0,0,27963,450000,57,0,6.2,bonus_as10_gae3_no,100,2575000,,,,,27,17,9,1,9,6,3,1,0,21,12,8,1,5,5,2,1,0
85753,2026-04-10 21:10:47,2,2,2,goldSack,goldSack,goldSack,gold,1,true,33000000,56942438901622,489428,5,5,15,11,0,0,0,0,0,27963,450000,57,0,6.2,bonus_as10_gae3_no,100,2575000,,,,,28,17,9,1,9,6,3,1,0,22,12,8,1,5,5,2,1,0
85754,2026-04-10 21:10:48,3,3,3,attack,attack,attack,attack,2,true,0,56942438901622,489413,5,5,15,11,3,0,0,0,0,27963,450000,57,0,6.2,bonus_as10_gae3_no,100,2575000,LongExtraDayReduced,,,"{""slot_on_"":""47275\/61000@m27""}",29,20,9,1,9,6,4,1,0,23,15,8,1,5,5,3,1,0
85755,2026-04-10 21:10:54,1,1,1,coin,coin,coin,gold,1,true,3750000,56942581251622,489398,5,5,15,11,0,0,0,0,0,27963,450000,57,0,6.2,bonus_as10_gae3_no,100,2575000,,,,"{""c5261ecd"":""1\/4900@m89""}",30,20,9,1,9,6,4,1,0,24,15,8,1,5,5,3,1,0
85756,2026-04-10 21:10:56,30,30,1,accumulation,accumulation,coin,gold,1,false,375000,56942581626622,489383,5,5,15,11,0,0,0,0,2,27993,450000,57,30,6.2,bonus_as10_gae3_no,100,2575000,,,LongExtraDayReduced,"{""slot_on_"":""47290\/61000@m27""}",31,20,9,1,9,8,4,1,0,25,15,8,1,5,7,3,1,0
85757,2026-04-10 21:10:58,5,5,5,shield,shield,shield,shield,3,true,15,56942581626622,489383,5,5,15,11,0,0,3,0,0,27993,450000,57,0,6.2,bonus_as10_gae3_no,100,2575000,,LongExtraDayReduced,,"{""slot_on_"":""47305\/61000@m27""}",32,20,9,4,9,8,4,1,1,26,15,8,4,5,7,3,1,1
85758,2026-04-10 21:10:59,1,1,4,coin,coin,steal,gold,1,false,750000,56942582376622,489368,5,5,15,11,0,1,0,0,0,27993,450000,57,0,6.2,bonus_as10_gae3_no,100,2575000,,,,,33,20,10,4,9,8,4,1,1,27,15,9,4,5,7,3,1,1
85759,2026-04-10 21:11:00,1,1,4,coin,coin,steal,gold,1,false,750000,56942583126622,489353,5,5,15,11,0,1,0,0,0,27993,450000,57,0,6.2,bonus_as10_gae3_no,100,2575000,,,,,34,20,11,4,9,8,4,1,1,28,15,10,4,5,7,3,1,1
85760,2026-04-10 21:11:00,3,3,2,attack,attack,goldSack,gold,1,false,1500000,56942584626622,489338,5,5,15,11,2,0,0,0,0,27993,450000,57,0,6.2,bonus_as10_gae3_no,100,2575000,,,,,35,22,11,4,9,8,4,1,1,29,17,10,4,5,7,3,1,1
85761,2026-04-10 21:11:01,3,3,3,attack,attack,attack,attack,2,true,0,56942584626622,489323,5,5,15,11,3,0,0,0,0,27993,450000,57,0,6.2,bonus_as10_gae3_no,100,2575000,,,,,36,25,11,4,9,8,5,1,1,30,20,10,4,5,7,4,1,1
85762,2026-04-10 21:11:05,1,1,4,coin,coin,steal,gold,1,false,750000,56942723976622,489308,5,5,15,11,0,1,0,0,0,27993,450000,57,0,6.2,bonus_as10_gae3_no,100,2575000,,,,,37,25,12,4,9,8,5,1,1,31,20,11,4,5,7,4,1,1
85763,2026-04-10 21:11:05,3,3,3,attack,attack,attack,attack,2,true,0,56942723976622,489293,5,5,15,11,3,0,0,0,0,27993,450000,57,0,6.2,bonus_as10_gae3_no,100,2575000,,,,,38,28,12,4,9,8,6,1,1,32,23,11,4,5,7,5,1,1
85764,2026-04-10 21:11:09,3,1,4,attack,coin,steal,gold,1,false,375000,56943144351622,489278,5,5,15,11,1,1,0,0,0,27993,450000,57,0,6.2,bonus_as10_gae3_no,100,2575000,,,,,39,29,13,4,9,8,6,1,1,33,24,12,4,5,7,5,1,1
85765,2026-04-10 21:11:10,3,3,2,attack,attack,goldSack,gold,1,false,1500000,56943145851622,489263,5,5,15,11,2,0,0,0,0,27993,450000,57,0,6.2,bonus_as10_gae3_no,100,2575000,,,,,40,31,13,4,9,8,6,1,1,34,26,12,4,5,7,5,1,1
85766,2026-04-10 21:11:11,2,2,2,goldSack,goldSack,goldSack,gold,1,true,33000000,56943178851622,489248,5,5,15,11,0,0,0,0,0,27993,450000,57,0,6.2,bonus_as10_gae3_no,100,2575000,,,,,41,31,13,4,9,8,6,1,1,35,26,12,4,5,7,5,1,1
85767,2026-04-10 21:11:12,3,1,6,attack,coin,spins,gold,1,false,375000,56943179226622,489233,5,5,15,11,1,0,0,1,0,27993,450000,57,0,6.2,bonus_as10_gae3_no,100,2575000,,,,,42,32,13,4,10,8,6,1,1,36,27,12,4,6,7,5,1,1
85768,2026-04-10 21:11:12,3,1,6,attack,coin,spins,gold,1,false,375000,56943179601622,489218,5,5,15,11,1,0,0,1,0,27993,450000,57,0,6.2,bonus_as10_gae3_no,100,2575000,LongExtraDayReduced,,,"{""slot_on_"":""47320\/61000@m27""}",43,33,13,4,11,8,6,1,1,37,28,12,4,7,7,5,1,1
85769,2026-04-10 21:11:13,30,2,2,accumulation,goldSack,goldSack,gold,1,false,2250000,56943181851622,489203,5,5,15,11,0,0,0,0,1,28008,450000,57,15,6.2,bonus_as10_gae3_no,100,2575000,,,,,44,33,13,4,11,9,6,1,1,38,28,12,4,7,8,5,1,1
85770,2026-04-10 21:11:14,6,6,2,spins,spins,goldSack,gold,1,false,1500000,56943183351622,489188,5,5,15,11,0,0,0,2,0,28008,450000,57,0,6.2,bonus_as10_gae3_no,100,2575000,,LongExtraDayReduced,,"{""slot_on_"":""47335\/61000@m27""}",45,33,13,4,13,9,6,1,1,39,28,12,4,9,8,5,1,1
85771,2026-04-10 21:11:15,1,1,1,coin,coin,coin,gold,1,true,3750000,56943187101622,489173,5,5,15,11,0,0,0,0,0,28008,450000,57,0,6.2,bonus_as10_gae3_no,100,2575000,,,,"{""c5261ecd"":""31\/4900@m89""}",46,33,13,4,13,9,6,1,1,40,28,12,4,9,8,5,1,1
85772,2026-04-10 21:11:16,3,3,3,attack,attack,attack,attack,2,true,0,56943187101622,489158,5,5,15,11,3,0,0,0,0,28008,450000,57,0,6.2,bonus_as10_gae3_no,100,2575000,,,,,47,36,13,4,13,9,7,1,1,41,31,12,4,9,8,6,1,1
85773,2026-04-10 21:11:20,3,1,6,attack,coin,spins,gold,1,false,375000,56943326076622,489143,5,5,15,11,1,0,0,1,0,28008,450000,57,0,6.2,bonus_as10_gae3_no,100,2575000,,,,,48,37,13,4,14,9,7,1,1,42,32,12,4,10,8,6,1,1
85774,2026-04-10 21:11:32,1,1,4,coin,coin,steal,gold,1,false,750000,56943326826622,489128,5,5,15,11,0,1,0,0,0,28008,450000,57,0,6.2,bonus_as10_gae3_no,100,2575000,,,,,49,37,14,4,14,9,7,1,1,43,32,13,4,10,8,6,1,1
85775,2026-04-10 21:11:33,30,2,2,accumulation,goldSack,goldSack,gold,1,false,2250000,56943329076622,489113,5,5,15,11,0,0,0,0,1,28023,450000,57,15,6.2,bonus_as10_gae3_no,100,2575000,,,,,50,37,14,4,14,10,7,1,1,44,32,13,4,10,9,6,1,1
85776,2026-04-10 21:11:35,3,6,2,attack,spins,goldSack,gold,1,false,5000000,56943334076622,489063,5,5,50,11,1,0,0,1,0,28023,450000,57,0,6.2,bonus_as10_gae3_no,100,2575000,LongExtraDayReduced,,,"{""slot_on_"":""47385\/61000@m27""}",51,38,14,4,15,10,7,1,1,45,33,13,4,11,9,6,1,1
85777,2026-04-10 21:11:35,2,2,2,goldSack,goldSack,goldSack,gold,1,true,110000000,56943444076622,489013,5,5,50,11,0,0,0,0,0,28023,450000,57,0,6.2,bonus_as10_gae3_no,100,2575000,,,,,52,38,14,4,15,10,7,1,1,46,33,13,4,11,9,6,1,1
85778,2026-04-10 21:11:36,3,3,3,attack,attack,attack,attack,2,true,0,56943444076622,488963,5,5,50,11,3,0,0,0,0,28023,450000,57,0,6.2,bonus_as10_gae3_no,100,2575000,,,,,53,41,14,4,15,10,8,1,1,47,36,13,4,11,9,7,1,1
85779,2026-04-10 21:11:40,5,5,5,shield,shield,shield,shield,3,true,50,56943906076622,488963,5,5,50,11,0,0,3,0,0,28023,450000,57,0,6.2,bonus_as10_gae3_no,100,2575000,,LongExtraDayReduced,,"{""slot_on_"":""47435\/61000@m27""}",54,41,14,7,15,10,8,1,2,48,36,13,7,11,9,7,1,2
85780,2026-04-10 21:11:41,5,2,2,shield,goldSack,goldSack,gold,1,false,7500000,56943913576622,488913,5,5,50,11,0,0,1,0,0,28023,450000,57,0,6.2,bonus_as10_gae3_no,100,2575000,,,,,55,41,14,8,15,10,8,1,2,49,36,13,8,11,9,7,1,2
85781,2026-04-10 21:11:42,3,6,2,attack,spins,goldSack,gold,1,false,5000000,56943918576622,488863,5,5,50,11,1,0,0,1,0,28023,450000,57,0,6.2,bonus_as10_gae3_no,100,2575000,,,,,56,42,14,8,16,10,8,1,2,50,37,13,8,12,9,7,1,2
85782,2026-04-10 21:11:42,2,2,2,goldSack,goldSack,goldSack,gold,1,true,110000000,56944028576622,488813,5,5,50,11,0,0,0,0,0,28023,450000,57,0,6.2,bonus_as10_gae3_no,100,2575000,,LongExtraDayReduced,,"{""slot_on_"":""47485\/61000@m27""}",57,42,14,8,16,10,8,1,2,51,37,13,8,12,9,7,1,2
85783,2026-04-10 21:11:43,1,6,6,coin,spins,spins,gold,1,false,1250000,56944029826622,488763,5,5,50,11,0,0,0,2,0,28023,450000,57,0,6.2,bonus_as10_gae3_no,100,2575000,,,,"{""c5261ecd"":""131\/4900@m89""}",58,42,14,8,18,10,8,1,2,52,37,13,8,14,9,7,1,2
85784,2026-04-10 21:11:44,30,30,1,accumulation,accumulation,coin,gold,1,false,1250000,56944031076622,488713,5,5,50,11,0,0,0,0,2,28123,450000,57,100,6.2,bonus_as10_gae3_no,100,2575000,,,,,59,42,14,8,18,12,8,1,2,53,37,13,8,14,11,7,1,2
85785,2026-04-10 21:11:48,4,6,2,steal,spins,goldSack,gold,1,false,5000000,56944036076622,488663,5,5,50,11,0,1,0,1,0,28123,450000,57,0,6.2,bonus_as10_gae3_no,100,2575000,,,,,60,42,15,8,19,12,8,1,2,54,37,14,8,15,11,7,1,2
85786,2026-04-10 21:11:49,4,6,2,steal,spins,goldSack,gold,1,false,5000000,56944041076622,488613,5,5,50,11,0,1,0,1,0,28123,450000,57,0,6.2,bonus_as10_gae3_no,100,2575000,,,,,61,42,16,8,20,12,8,1,2,55,37,15,8,16,11,7,1,2
85787,2026-04-10 21:11:50,30,2,2,accumulation,goldSack,goldSack,gold,1,false,7500000,56944048576622,488563,5,5,50,11,0,0,0,0,1,28173,450000,57,50,6.3,bonus_as10_gae3_no,100,2575000,,,,,62,42,16,8,20,13,8,1,2,56,37,15,8,16,12,7,1,2
85788,2026-04-10 21:11:51,6,6,6,spins,spins,spins,spins,5,true,500,56944048576622,489013,5,5,50,11,0,0,0,3,0,28173,450000,57,0,6.3,bonus_as10_gae3_no,100,2575000,,,,,63,42,16,8,23,13,8,1,2,57,37,15,8,19,12,7,1,2
85789,2026-04-10 21:11:53,4,4,4,steal,steal,steal,steal,4,true,0,56944048576622,488963,5,5,50,11,0,3,0,0,0,28173,450000,57,0,6.3,bonus_as10_gae3_no,100,2575000,,,,,64,42,19,8,23,13,8,2,2,1,0,3,0,0,0,0,1,0
85790,2026-04-10 21:11:59,1,4,4,coin,steal,steal,gold,1,false,1250000,56970267618622,488913,5,5,50,11,0,2,0,0,0,28173,450000,57,0,6.3,bonus_as10_gae3_no,100,2575000,,,,,65,42,21,8,23,13,8,2,2,2,0,5,0,0,0,0,1,0
85791,2026-04-10 21:12:00,3,6,2,attack,spins,goldSack,gold,1,false,5000000,56970272618622,488863,5,5,50,11,1,0,0,1,0,28173,450000,57,0,6.3,bonus_as10_gae3_no,100,2575000,,,,,66,43,21,8,24,13,8,2,2,3,1,5,0,1,0,0,1,0
85792,2026-04-10 21:12:01,2,2,2,goldSack,goldSack,goldSack,gold,1,true,110000000,56970382618622,488813,5,5,50,11,0,0,0,0,0,28173,450000,57,0,6.3,bonus_as10_gae3_no,100,2575000,,,,,67,43,21,8,24,13,8,2,2,4,1,5,0,1,0,0,1,0
85793,2026-04-10 21:12:02,3,3,3,attack,attack,attack,attack,2,true,0,56970382618622,488763,5,5,50,11,3,0,0,0,0,28173,450000,57,0,6.3,bonus_as10_gae3_no,100,2575000,,,,,68,46,21,8,24,13,9,2,2,5,4,5,0,1,0,1,1,0
85794,2026-04-10 21:12:06,3,6,2,attack,spins,goldSack,gold,1,false,5000000,56971787618622,488713,5,5,50,11,1,0,0,1,0,28173,450000,57,0,6.3,bonus_as10_gae3_no,100,2575000,,LongExtraDayReduced,,"{""slot_on_"":""47535\/61000@m27""}",69,47,21,8,25,13,9,2,2,6,5,5,0,2,0,1,1,0
85795,2026-04-10 21:12:07,1,4,4,coin,steal,steal,gold,1,false,1250000,56971788868622,488663,5,5,50,11,0,2,0,0,0,28173,450000,57,0,6.3,bonus_as10_gae3_no,100,2575000,LongExtraDayReduced,LongExtraDayReduced,LongExtraDayReduced,"{""slot_on_"":""47785\/61000@m27""}",70,47,23,8,25,13,9,2,2,7,5,7,0,2,0,1,1,0
85796,2026-04-10 21:12:08,4,6,2,steal,spins,goldSack,gold,1,false,5000000,56971793868622,488613,5,5,50,11,0,1,0,1,0,28173,450000,57,0,6.3,bonus_as10_gae3_no,100,2575000,,,LongExtraDayReduced,"{""slot_on_"":""47835\/61000@m27"",""c5261ecd"":""231\/4900@m89""}",71,47,24,8,26,13,9,2,2,8,5,8,0,3,0,1,1,0
85797,2026-04-10 21:12:09,5,5,5,shield,shield,shield,shield,3,true,50,56971793868622,488613,5,5,50,11,0,0,3,0,0,28173,450000,57,0,6.3,bonus_as10_gae3_no,100,2575000,,LongExtraDayReduced,,"{""slot_on_"":""47885\/61000@m27""}",72,47,24,11,26,13,9,2,3,9,5,8,3,3,0,1,1,1
85798,2026-04-10 21:12:10,30,2,2,accumulation,goldSack,goldSack,gold,1,false,7500000,56971801368622,488563,5,5,50,11,0,0,0,0,1,28223,450000,57,50,6.3,bonus_as10_gae3_no,100,2575000,,LongExtraDayReduced,LongExtraDayReduced,"{""slot_on_"":""47985\/61000@m27""}",73,47,24,11,26,14,9,2,3,10,5,8,3,3,1,1,1,1
85799,2026-04-10 21:12:11,30,2,2,accumulation,goldSack,goldSack,gold,1,false,7500000,56971808868622,488513,5,5,50,11,0,0,0,0,1,28273,450000,57,50,6.3,bonus_as10_gae3_no,100,2575000,,,,,74,47,24,11,26,15,9,2,3,11,5,8,3,3,2,1,1,1
85800,2026-04-10 21:12:13,1,1,4,coin,coin,steal,gold,1,false,2500000,56971811368622,488463,5,5,50,11,0,1,0,0,0,28273,450000,57,0,6.3,bonus_as10_gae3_no,100,2575000,,,,,75,47,25,11,26,15,9,2,3,12,5,9,3,3,2,1,1,1
85801,2026-04-10 21:12:13,30,2,2,accumulation,goldSack,goldSack,gold,1,false,7500000,56971818868622,488413,5,5,50,11,0,0,0,0,1,28323,450000,57,50,6.3,bonus_as10_gae3_no,100,2575000,,LongExtraDayReduced,,"{""slot_on_"":""48035\/61000@m27""}",76,47,25,11,26,16,9,2,3,13,5,9,3,3,3,1,1,1
85802,2026-04-10 21:12:15,1,4,4,coin,steal,steal,gold,1,false,1250000,56971820118622,488363,5,5,50,11,0,2,0,0,0,28323,450000,57,0,6.3,bonus_as10_gae3_no,100,2575000,,,,,77,47,27,11,26,16,9,2,3,14,5,11,3,3,3,1,1,1
85803,2026-04-10 21:12:16,3,1,5,attack,coin,shield,gold,1,false,1250000,56971821368622,488313,5,5,50,11,1,0,1,0,0,28323,450000,57,0,6.3,bonus_as10_gae3_no,100,2575000,,,,,78,48,27,12,26,16,9,2,3,15,6,11,4,3,3,1,1,1
85804,2026-04-10 21:12:16,1,1,4,coin,coin,steal,gold,1,false,2500000,56971823868622,488263,5,5,50,11,0,1,0,0,0,28323,450000,57,0,6.3,bonus_as10_gae3_no,100,2575000,LongExtraDayReduced,,LongExtraDayReduced,"{""slot_on_"":""48135\/61000@m27""}",79,48,28,12,26,16,9,2,3,16,6,12,4,3,3,1,1,1
85805,2026-04-10 21:12:17,3,3,2,attack,attack,goldSack,gold,1,false,5000000,56971828868622,488213,5,5,50,11,2,0,0,0,0,28323,450000,57,0,6.3,bonus_as10_gae3_no,100,2575000,,,,,80,50,28,12,26,16,9,2,3,17,8,12,4,3,3,1,1,1
85806,2026-04-10 21:12:18,30,2,2,accumulation,goldSack,goldSack,gold,1,false,7500000,56971836368622,488163,5,5,50,11,0,0,0,0,1,28373,450000,57,50,6.3,bonus_as10_gae3_no,100,2575000,,,,,81,50,28,12,26,17,9,2,3,18,8,12,4,3,4,1,1,1
85807,2026-04-10 21:12:19,3,3,3,attack,attack,attack,attack,2,true,0,56971836368622,488113,5,5,50,11,3,0,0,0,0,28373,450000,57,0,6.3,bonus_as10_gae3_no,100,2575000,,,LongExtraDayReduced,"{""slot_on_"":""48185\/61000@m27"",""c5261ecd"":""331\/4900@m89""}",82,53,28,12,26,17,10,2,3,19,11,12,4,3,4,2,1,1
85808,2026-04-10 21:12:23,30,30,1,accumulation,accumulation,coin,gold,1,false,1250000,56972299618622,488063,5,5,50,11,0,0,0,0,2,28473,450000,57,100,6.3,bonus_as10_gae3_no,100,2575000,LongExtraDayReduced,,LongExtraDayReduced,"{""slot_on_"":""48285\/61000@m27""}",83,53,28,12,26,19,10,2,3,20,11,12,4,3,6,2,1,1
85809,2026-04-10 21:12:24,1,6,6,coin,spins,spins,gold,1,false,1250000,56972300868622,488013,5,5,50,11,0,0,0,2,0,28473,450000,57,0,6.3,bonus_as10_gae3_no,100,2575000,,,,,84,53,28,12,28,19,10,2,3,21,11,12,4,5,6,2,1,1
85810,2026-04-10 21:12:25,30,30,1,accumulation,accumulation,coin,gold,1,false,1250000,56972302118622,487963,5,5,50,11,0,0,0,0,2,28573,450000,57,100,6.3,bonus_as10_gae3_no,100,2575000,,,,,85,53,28,12,28,21,10,2,3,22,11,12,4,5,8,2,1,1
85811,2026-04-10 21:12:26,2,2,2,goldSack,goldSack,goldSack,gold,1,true,110000000,56972412118622,487913,5,5,50,11,0,0,0,0,0,28573,450000,57,0,6.3,bonus_as10_gae3_no,100,2575000,,,,,86,53,28,12,28,21,10,2,3,23,11,12,4,5,8,2,1,1
85812,2026-04-10 21:12:27,30,2,2,accumulation,goldSack,goldSack,gold,1,false,7500000,56972419618622,487863,5,5,50,11,0,0,0,0,1,28623,450000,57,50,6.4,bonus_as10_gae3_no,100,2575000,,,,,87,53,28,12,28,22,10,2,3,24,11,12,4,5,9,2,1,1
85813,2026-04-10 21:12:29,30,2,2,accumulation,goldSack,goldSack,gold,1,false,60000000,56972479618622,487463,5,5,400,11,0,0,0,0,1,29023,450000,57,400,6.4,bonus_as10_gae3_no,100,2575000,,,,,88,53,28,12,28,23,10,2,3,25,11,12,4,5,10,2,1,1
85814,2026-04-10 21:12:30,3,3,3,attack,attack,attack,attack,2,true,0,56972479618622,487063,5,5,400,11,3,0,0,0,0,29023,450000,57,0,6.4,bonus_as10_gae3_no,100,2575000,,,,,89,56,28,12,28,23,11,2,3,26,14,12,4,5,10,3,1,1
85815,2026-04-10 21:12:34,1,1,6,coin,coin,spins,gold,1,false,20000000,56976195618622,486663,5,5,400,11,0,0,0,1,0,29023,450000,57,0,6.4,bonus_as10_gae3_no,100,2575000,,,LongExtraDayReduced,"{""slot_on_"":""48685\/61000@m27""}",90,56,28,12,29,23,11,2,3,27,14,12,4,6,10,3,1,1
85816,2026-04-10 21:12:35,1,4,4,coin,steal,steal,gold,1,false,10000000,56976205618622,486263,5,5,400,11,0,2,0,0,0,29023,450000,57,0,6.4,bonus_as10_gae3_no,100,2575000,,,,,91,56,30,12,29,23,11,2,3,28,14,14,4,6,10,3,1,1
85817,2026-04-10 21:12:35,3,4,2,attack,steal,goldSack,gold,1,false,40000000,56976245618622,485863,5,5,400,11,1,1,0,0,0,29023,450000,57,0,6.4,bonus_as10_gae3_no,100,2575000,,,,,92,57,31,12,29,23,11,2,3,29,15,15,4,6,10,3,1,1
85818,2026-04-10 21:12:36,30,2,2,accumulation,goldSack,goldSack,gold,1,false,60000000,56976305618622,485463,5,5,400,11,0,0,0,0,1,29423,450000,57,400,6.5,bonus_as10_gae3_no,100,2575000,LongExtraDayReduced,,,"{""slot_on_"":""49085\/61000@m27""}",93,57,31,12,29,24,11,2,3,30,15,15,4,6,11,3,1,1
85819,2026-04-10 21:12:37,3,3,2,attack,attack,goldSack,gold,1,false,40000000,56976345618622,485063,5,5,400,11,2,0,0,0,0,29423,450000,57,0,6.5,bonus_as10_gae3_no,100,2575000,,,,,94,59,31,12,29,24,11,2,3,31,17,15,4,6,11,3,1,1
85820,2026-04-10 21:12:38,1,1,1,coin,coin,coin,gold,1,true,100000000,56976445618622,484663,5,5,400,11,0,0,0,0,0,29423,450000,57,0,6.5,bonus_as10_gae3_no,100,2575000,,,,,95,59,31,12,29,24,11,2,3,32,17,15,4,6,11,3,1,1
85821,2026-04-10 21:12:39,2,2,2,goldSack,goldSack,goldSack,gold,1,true,880000000,56977325618622,484263,5,5,400,11,0,0,0,0,0,29423,450000,57,0,6.5,bonus_as10_gae3_no,100,2575000,,,,,96,59,31,12,29,24,11,2,3,33,17,15,4,6,11,3,1,1
85822,2026-04-10 21:12:39,30,2,2,accumulation,goldSack,goldSack,gold,1,false,60000000,56977385618622,483863,5,5,400,11,0,0,0,0,1,29823,450000,57,400,6.6,bonus_as10_gae3_no,100,2575000,,,,,97,59,31,12,29,25,11,2,3,34,17,15,4,6,12,3,1,1
85823,2026-04-10 21:12:40,1,6,6,coin,spins,spins,gold,1,false,10000000,56977395618622,483463,5,5,400,11,0,0,0,2,0,29823,450000,57,0,6.6,bonus_as10_gae3_no,100,2575000,,,LongExtraDayReduced,"{""slot_on_"":""49485\/61000@m27""}",98,59,31,12,31,25,11,2,3,35,17,15,4,8,12,3,1,1
85824,2026-04-10 21:12:41,6,6,6,spins,spins,spins,spins,5,true,4000,56977395618622,487063,5,5,400,11,0,0,0,3,0,29823,450000,57,0,6.6,bonus_as10_gae3_no,100,2575000,,,,,99,59,31,12,34,25,11,2,3,36,17,15,4,11,12,3,1,1
85825,2026-04-10 21:12:42,3,1,5,attack,coin,shield,gold,1,false,10000000,56977405618622,486663,5,5,400,11,1,0,1,0,0,29823,450000,57,0,6.6,bonus_as10_gae3_no,100,2575000,,,,,100,60,31,13,34,25,11,2,3,1,1,0,1,0,0,0,0,0
85826,2026-04-10 21:12:43,3,3,2,attack,attack,goldSack,gold,1,false,40000000,56977445618622,486263,5,5,400,11,2,0,0,0,0,29823,450000,57,0,6.6,bonus_as10_gae3_no,100,2575000,,,,,101,62,31,13,34,25,11,2,3,2,3,0,1,0,0,0,0,0
85827,2026-04-10 21:12:43,5,5,5,shield,shield,shield,shield,3,true,400,56977445618622,486263,5,5,400,11,0,0,3,0,0,29823,450000,57,0,6.6,bonus_as10_gae3_no,100,2575000,,,,,102,62,31,16,34,25,11,2,4,3,3,0,4,0,0,0,0,1
85828,2026-04-10 21:12:44,3,4,2,attack,steal,goldSack,gold,1,false,40000000,56977485618622,485863,5,5,400,11,1,1,0,0,0,29823,450000,57,0,6.6,bonus_as10_gae3_no,100,2575000,LongExtraDayReduced,LongExtraDayReduced,,"{""slot_on_"":""50285\/61000@m27"",""c5261ecd"":""1131\/4900@m89""}",103,63,32,16,34,25,11,2,4,4,4,1,4,0,0,0,0,1
85829,2026-04-10 21:12:45,5,5,5,shield,shield,shield,shield,3,true,400,56977485618622,485863,5,5,400,11,0,0,3,0,0,29823,450000,57,0,6.6,bonus_as10_gae3_no,100,2575000,,,,,104,63,32,19,34,25,11,2,5,5,4,1,7,0,0,0,0,2
85830,2026-04-10 21:12:46,1,1,6,coin,coin,spins,gold,1,false,20000000,56977505618622,485463,5,5,400,11,0,0,0,1,0,29823,450000,57,0,6.6,bonus_as10_gae3_no,100,2575000,,,,,105,63,32,19,35,25,11,2,5,6,4,1,7,1,0,0,0,2
85831,2026-04-10 21:12:47,30,30,1,accumulation,accumulation,coin,gold,1,false,10000000,56977515618622,485063,5,5,400,11,0,0,0,0,2,30623,450000,57,800,6.8,bonus_as10_gae3_no,100,2575000,,,,,106,63,32,19,35,27,11,2,5,7,4,1,7,1,2,0,0,2
85832,2026-04-10 21:12:48,3,4,2,attack,steal,goldSack,gold,1,false,40000000,56977555618622,484663,5,5,400,11,1,1,0,0,0,30623,450000,57,0,6.8,bonus_as10_gae3_no,100,2575000,,,,,107,64,33,19,35,27,11,2,5,8,5,2,7,1,2,0,0,2
85833,2026-04-10 21:12:49,30,2,2,accumulation,goldSack,goldSack,gold,1,false,60000000,56977615618622,484263,5,5,400,11,0,0,0,0,1,31023,450000,57,400,6.9,bonus_as10_gae3_no,100,2575000,,,,,108,64,33,19,35,28,11,2,5,9,5,2,7,1,3,0,0,2
85834,2026-04-10 21:12:51,3,3,3,attack,attack,attack,attack,2,true,0,56977615618622,483863,5,5,400,11,3,0,0,0,0,31023,450000,57,0,6.9,bonus_as10_gae3_no,100,2575000,,,,,109,67,33,19,35,28,12,2,5,10,8,2,7,1,3,1,0,2
85835,2026-04-10 21:12:55,5,5,5,shield,shield,shield,shield,3,true,400,56981311618622,483863,5,5,400,11,0,0,3,0,0,31023,450000,57,0,6.9,bonus_as10_gae3_no,100,2575000,,,,,110,67,33,22,35,28,12,2,6,11,8,2,10,1,3,1,0,3
85836,2026-04-10 21:12:57,3,4,2,attack,steal,goldSack,gold,1,false,40000000,56981351618622,483463,5,5,400,11,1,1,0,0,0,31023,450000,57,0,6.9,bonus_as10_gae3_no,100,2575000,LongExtraDayReduced,,,"{""slot_on_"":""50685\/61000@m27""}",111,68,34,22,35,28,12,2,6,12,9,3,10,1,3,1,0,3
85837,2026-04-10 21:12:58,3,1,5,attack,coin,shield,gold,1,false,10000000,56981361618622,483063,5,5,400,11,1,0,1,0,0,31023,450000,57,0,6.9,bonus_as10_gae3_no,100,2575000,,,,,112,69,34,23,35,28,12,2,6,13,10,3,11,1,3,1,0,3
85838,2026-04-10 21:12:59,30,2,2,accumulation,goldSack,goldSack,gold,1,false,60000000,56981421618622,482663,5,5,400,11,0,0,0,0,1,31423,450000,57,400,7.0,bonus_as10_gae3_no,100,2575000,,LongExtraDayReduced,,"{""slot_on_"":""51085\/61000@m27""}",113,69,34,23,35,29,12,2,6,14,10,3,11,1,4,1,0,3
85839,2026-04-10 21:13:01,1,4,6,coin,steal,spins,gold,1,false,10000000,56981431618622,482263,5,5,400,11,0,1,0,1,0,31423,450000,57,0,7.0,bonus_as10_gae3_no,100,2575000,,,,"{""c5261ecd"":""1931\/4900@m89""}",114,69,35,23,36,29,12,2,6,15,10,4,11,2,4,1,0,3
85840,2026-04-10 21:13:03,30,30,1,accumulation,accumulation,coin,gold,1,false,10000000,56981441618622,481863,5,5,400,11,0,0,0,0,2,32223,450000,57,800,7.2,bonus_as10_gae3_no,100,2575000,,,,,115,69,35,23,36,31,12,2,6,16,10,4,11,2,6,1,0,3
85841,2026-04-10 21:13:04,3,4,2,attack,steal,goldSack,gold,1,false,40000000,56981481618622,481463,5,5,400,11,1,1,0,0,0,32223,450000,57,0,7.2,bonus_as10_gae3_no,100,2575000,,LongExtraDayReduced,LongExtraDayReduced,"{""slot_on_"":""51885\/61000@m27""}",116,70,36,23,36,31,12,2,6,17,11,5,11,2,6,1,0,3
85842,2026-04-10 21:13:06,30,30,3,accumulation,accumulation,attack,gold,6,false,0,56981481618622,481063,5,5,400,11,1,0,0,0,2,33023,450000,57,800,7.3,bonus_as10_gae3_no,100,2575000,,,,,117,71,36,23,36,33,12,2,6,18,12,5,11,2,8,1,0,3
85843,2026-04-10 21:13:07,2,2,2,goldSack,goldSack,goldSack,gold,1,true,880000000,56982361618622,480663,5,5,400,11,0,0,0,0,0,33023,450000,57,0,7.3,bonus_as10_gae3_no,100,2575000,,,LongExtraDayReduced,"{""slot_on_"":""52285\/61000@m27""}",118,71,36,23,36,33,12,2,6,19,12,5,11,2,8,1,0,3
85844,2026-04-10 21:13:09,3,1,5,attack,coin,shield,gold,1,false,10000000,56982371618622,480263,5,5,400,11,1,0,1,0,0,33023,450000,57,0,7.3,bonus_as10_gae3_no,100,2575000,,,,,119,72,36,24,36,33,12,2,6,20,13,5,12,2,8,1,0,3
85845,2026-04-10 21:13:11,3,3,2,attack,attack,goldSack,gold,1,false,40000000,56982411618622,479863,5,5,400,11,2,0,0,0,0,33023,450000,57,0,7.3,bonus_as10_gae3_no,100,2575000,,,,,120,74,36,24,36,33,12,2,6,21,15,5,12,2,8,1,0,3
85846,2026-04-10 21:13:13,2,2,2,goldSack,goldSack,goldSack,gold,1,true,3300000000,56985711618622,478363,5,5,1500,11,0,0,0,0,0,33023,450000,57,0,7.3,bonus_as10_gae3_no,100,2575000,,,,,121,74,36,24,36,33,12,2,6,22,15,5,12,2,8,1,0,3
85847,2026-04-10 21:13:14,3,6,2,attack,spins,goldSack,gold,1,false,150000000,56985861618622,476863,5,5,1500,11,1,0,0,1,0,33023,450000,57,0,7.3,bonus_as10_gae3_no,100,2575000,,,,,122,75,36,24,37,33,12,2,6,23,16,5,12,3,8,1,0,3
85848,2026-04-10 21:13:38,3,6,2,attack,spins,goldSack,gold,1,false,150000000,56986076618622,481363,5,5,1500,11,1,0,0,1,0,33023,450000,57,0,7.3,bonus_as10_gae3_no,100,2575000,,,,,123,76,36,24,38,33,12,2,6,24,17,5,12,4,8,1,0,3
85849,2026-04-10 21:13:40,3,3,3,attack,attack,attack,attack,2,true,0,56986076618622,479863,5,5,1500,11,3,0,0,0,0,33023,450000,57,0,7.3,bonus_as10_gae3_no,100,2575000,,,LongExtraDayReduced,"{""slot_on_"":""53785\/61000@m27""}",124,79,36,24,38,33,13,2,6,25,20,5,12,4,8,2,0,3
85850,2026-04-10 21:13:44,30,30,1,accumulation,accumulation,coin,gold,1,false,37500000,56999974118622,478363,5,5,1500,11,0,0,0,0,2,36023,450000,57,3000,8.0,bonus_as10_gae3_no,100,2575000,,,,,125,79,36,24,38,35,13,2,6,26,20,5,12,4,10,2,0,3
85851,2026-04-10 21:13:45,30,2,2,accumulation,goldSack,goldSack,gold,1,false,225000000,57000199118622,476863,5,5,1500,11,0,0,0,0,1,37523,450000,57,1500,8.3,bonus_as10_gae3_no,100,2575000,,,,,126,79,36,24,38,36,13,2,6,27,20,5,12,4,11,2,0,3
85852,2026-04-10 21:13:47,1,4,4,coin,steal,steal,gold,1,false,37500000,57000236618622,475363,5,5,1500,11,0,2,0,0,0,37523,450000,57,0,8.3,bonus_as10_gae3_no,100,2575000,LongExtraDayReduced,,LongExtraDayReduced,"{""slot_on_"":""56785\/61000@m27""}",127,79,38,24,38,36,13,2,6,28,20,7,12,4,11,2,0,3
85853,2026-04-10 21:13:48,5,2,2,shield,goldSack,goldSack,gold,1,false,225000000,57000461618622,473863,5,5,1500,11,0,0,1,0,0,37523,450000,57,0,8.3,bonus_as10_gae3_no,100,2575000,,,,,128,79,38,25,38,36,13,2,6,29,20,7,13,4,11,2,0,3
85854,2026-04-10 21:13:49,30,2,2,accumulation,goldSack,goldSack,gold,1,false,225000000,57000686618622,472363,5,5,1500,11,0,0,0,0,1,39023,450000,57,1500,8.7,bonus_as10_gae3_no,100,2575000,,,LongExtraDayReduced,"{""slot_on_"":""58285\/61000@m27""}",129,79,38,25,38,37,13,2,6,30,20,7,13,4,12,2,0,3
85855,2026-04-10 21:13:51,30,2,2,accumulation,goldSack,goldSack,gold,1,false,225000000,57000911618622,470863,5,5,1500,11,0,0,0,0,1,40523,450000,57,1500,9.0,bonus_as10_gae3_no,100,2575000,LongExtraDayReduced,,,"{""slot_on_"":""59785\/61000@m27""}",130,79,38,25,38,38,13,2,6,31,20,7,13,4,13,2,0,3
85856,2026-04-10 21:13:54,5,5,5,shield,shield,shield,shield,3,true,6000,57000911618622,470863,5,5,6000,11,0,0,3,0,0,40523,450000,57,0,9.0,bonus_as10_gae3_no,100,2575000,,,,,131,79,38,28,38,38,13,2,7,32,20,7,16,4,13,2,0,4
85857,2026-04-10 21:14:05,30,30,2,accumulation,accumulation,goldSack,gold,1,false,150000000,57001161618622,469363,5,5,1500,11,0,0,0,0,2,43523,450000,57,3000,9.7,bonus_as10_gae3_no,100,2575000,,,,,132,79,38,28,38,40,13,2,7,33,20,7,16,4,15,2,0,4
85858,2026-04-10 21:14:07,1,4,6,coin,steal,spins,gold,1,false,37500000,57001199118622,467863,5,5,1500,11,0,1,0,1,0,43523,450000,57,0,9.7,bonus_as10_gae3_no,100,2575000,,,,,133,79,39,28,39,40,13,2,7,34,20,8,16,5,15,2,0,4
85859,2026-04-10 21:14:08,3,3,1,attack,attack,coin,gold,1,false,37500000,57001236618622,466363,5,5,1500,11,2,0,0,0,0,43523,450000,57,0,9.7,bonus_as10_gae3_no,100,2575000,,,,,134,81,39,28,39,40,13,2,7,35,22,8,16,5,15,2,0,4
85860,2026-04-10 21:14:09,30,30,30,accumulation,accumulation,accumulation,gold,10,true,0,57001236618622,464863,5,5,1500,11,0,0,0,0,3,58523,450000,57,15000,13.0,bonus_as10_gae3_no,100,2575000,,LongExtraDayReduced,,"{""slot_on_"":""285\/62000@m28""}",135,81,39,28,39,43,13,2,7,36,22,8,16,5,18,2,0,4
85861,2026-04-10 21:14:25,30,2,2,accumulation,goldSack,goldSack,gold,1,false,2250000,57001238868622,466648,5,5,15,11,0,0,0,0,1,58538,450000,57,15,13.0,bonus_as10_gae3_no,100,2575000,,,,,1,0,0,0,0,1,0,0,0,37,22,8,16,5,19,2,0,4
85862,2026-04-10 21:14:26,2,2,2,goldSack,goldSack,goldSack,gold,1,true,33000000,57001271868622,466633,5,5,15,11,0,0,0,0,0,58538,450000,57,0,13.0,bonus_as10_gae3_no,100,2575000,,,,,2,0,0,0,0,1,0,0,0,38,22,8,16,5,19,2,0,4
85863,2026-04-10 21:14:27,30,2,2,accumulation,goldSack,goldSack,gold,1,false,2250000,57001274118622,466618,5,5,15,11,0,0,0,0,1,58553,450000,57,15,13.0,bonus_as10_gae3_no,100,2575000,,,,"{""c5261ecd"":""1961\/4900@m89""}",3,0,0,0,0,2,0,0,0,39,22,8,16,5,20,2,0,4
85864,2026-04-10 21:14:28,1,1,4,coin,coin,steal,gold,1,false,750000,57001274868622,466603,5,5,15,11,0,1,0,0,0,58553,450000,57,0,13.0,bonus_as10_gae3_no,100,2575000,,,,,4,0,1,0,0,2,0,0,0,40,22,9,16,5,20,2,0,4
85865,2026-04-10 21:14:29,1,1,1,coin,coin,coin,gold,1,true,3750000,57001278618622,466588,5,5,15,11,0,0,0,0,0,58553,450000,57,0,13.0,bonus_as10_gae3_no,100,2575000,,,,,5,0,1,0,0,2,0,0,0,41,22,9,16,5,20,2,0,4
85866,2026-04-10 21:14:29,1,1,1,coin,coin,coin,gold,1,true,3750000,57001282368622,466573,5,5,15,11,0,0,0,0,0,58553,450000,57,0,13.0,bonus_as10_gae3_no,100,2575000,,,,,6,0,1,0,0,2,0,0,0,42,22,9,16,5,20,2,0,4
85867,2026-04-10 21:14:30,3,6,2,attack,spins,goldSack,gold,1,false,1500000,57001283868622,466558,5,5,15,11,1,0,0,1,0,58553,450000,57,0,13.0,bonus_as10_gae3_no,100,2575000,,,,,7,1,1,0,1,2,0,0,0,43,23,9,16,6,20,2,0,4
85868,2026-04-10 21:14:31,2,2,2,goldSack,goldSack,goldSack,gold,1,true,33000000,57001316868622,466543,5,5,15,11,0,0,0,0,0,58553,450000,57,0,13.0,bonus_as10_gae3_no,100,2575000,,,,,8,1,1,0,1,2,0,0,0,44,23,9,16,6,20,2,0,4
85869,2026-04-10 21:14:32,1,1,4,coin,coin,steal,gold,1,false,750000,57001317618622,466528,5,5,15,11,0,1,0,0,0,58553,450000,57,0,13.0,bonus_as10_gae3_no,100,2575000,,,,,9,1,2,0,1,2,0,0,0,45,23,10,16,6,20,2,0,4
85870,2026-04-10 21:14:33,30,2,2,accumulation,goldSack,goldSack,gold,1,false,2250000,57001319868622,466513,5,5,15,11,0,0,0,0,1,58568,450000,57,15,13.0,bonus_as10_gae3_no,100,2575000,,,,,10,1,2,0,1,3,0,0,0,46,23,10,16,6,21,2,0,4
85871,2026-04-10 21:14:34,30,2,2,accumulation,goldSack,goldSack,gold,1,false,2250000,57001322118622,466498,5,5,15,11,0,0,0,0,1,58583,450000,57,15,13.0,bonus_as10_gae3_no,100,2575000,LongExtraDayReduced,LongExtraDayReduced,LongExtraDayReduced,"{""slot_on_"":""360\/62000@m28""}",11,1,2,0,1,4,0,0,0,47,23,10,16,6,22,2,0,4
85872,2026-04-10 21:14:35,30,2,2,accumulation,goldSack,goldSack,gold,1,false,2250000,57001324368622,466483,5,5,15,11,0,0,0,0,1,58598,450000,57,15,13.0,bonus_as10_gae3_no,100,2575000,,,,,12,1,2,0,1,5,0,0,0,48,23,10,16,6,23,2,0,4
85873,2026-04-10 21:14:37,4,6,2,steal,spins,goldSack,gold,1,false,1500000,57001325868622,466468,5,5,15,11,0,1,0,1,0,58598,450000,57,0,13.0,bonus_as10_gae3_no,100,2575000,,,,,13,1,3,0,2,5,0,0,0,49,23,11,16,7,23,2,0,4
85874,2026-04-10 21:14:37,1,1,4,coin,coin,steal,gold,1,false,750000,57001326618622,466453,5,5,15,11,0,1,0,0,0,58598,450000,57,0,13.0,bonus_as10_gae3_no,100,2575000,,LongExtraDayReduced,,"{""slot_on_"":""375\/62000@m28""}",14,1,4,0,2,5,0,0,0,50,23,12,16,7,23,2,0,4
85875,2026-04-10 21:14:38,3,6,2,attack,spins,goldSack,gold,1,false,1500000,57001328118622,466438,5,5,15,11,1,0,0,1,0,58598,450000,57,0,13.0,bonus_as10_gae3_no,100,2575000,,,,,15,2,4,0,3,5,0,0,0,51,24,12,16,8,23,2,0,4
85876,2026-04-10 21:14:39,30,2,2,accumulation,goldSack,goldSack,gold,1,false,2250000,57001330368622,466423,5,5,15,11,0,0,0,0,1,58613,450000,57,15,13.0,bonus_as10_gae3_no,100,2575000,,,,,16,2,4,0,3,6,0,0,0,52,24,12,16,8,24,2,0,4
85877,2026-04-10 21:14:40,2,2,2,goldSack,goldSack,goldSack,gold,1,true,33000000,57001363368622,466408,5,5,15,11,0,0,0,0,0,58613,450000,57,0,13.0,bonus_as10_gae3_no,100,2575000,,,,,17,2,4,0,3,6,0,0,0,53,24,12,16,8,24,2,0,4
85878,2026-04-10 21:14:41,1,1,1,coin,coin,coin,gold,1,true,3750000,57001367118622,466393,5,5,15,11,0,0,0,0,0,58613,450000,57,0,13.0,bonus_as10_gae3_no,100,2575000,,,,,18,2,4,0,3,6,0,0,0,54,24,12,16,8,24,2,0,4
85879,2026-04-10 21:14:42,6,6,6,spins,spins,spins,spins,5,true,150,57001367118622,466528,5,5,15,11,0,0,0,3,0,58613,450000,57,0,13.0,bonus_as10_gae3_no,100,2575000,,,,,19,2,4,0,6,6,0,0,0,55,24,12,16,11,24,2,0,4
85880,2026-04-10 21:14:43,3,6,2,attack,spins,goldSack,gold,1,false,1500000,57001368618622,466513,5,5,15,11,1,0,0,1,0,58613,450000,57,0,13.0,bonus_as10_gae3_no,100,2575000,,,,,20,3,4,0,7,6,0,0,0,1,1,0,0,1,0,0,0,0
85881,2026-04-10 21:14:44,3,3,3,attack,attack,attack,attack,2,true,0,57001368618622,466498,5,5,15,11,3,0,0,0,0,58613,450000,57,0,13.0,bonus_as10_gae3_no,100,2575000,,,,,21,6,4,0,7,6,1,0,0,2,4,0,0,1,0,1,0,0
85882,2026-04-10 21:14:47,3,6,2,attack,spins,goldSack,gold,1,false,1500000,57001508718622,466483,5,5,15,11,1,0,0,1,0,58613,450000,57,0,13.0,bonus_as10_gae3_no,100,2575000,,,,,22,7,4,0,8,6,1,0,0,3,5,0,0,2,0,1,0,0
85883,2026-04-10 21:14:48,5,5,5,shield,shield,shield,shield,3,true,15,57001508718622,466483,5,5,15,11,0,0,3,0,0,58613,450000,57,0,13.0,bonus_as10_gae3_no,100,2575000,,LongExtraDayReduced,,"{""slot_on_"":""390\/62000@m28""}",23,7,4,3,8,6,1,0,1,4,5,0,3,2,0,1,0,1
85884,2026-04-10 21:14:49,1,1,4,coin,coin,steal,gold,1,false,750000,57001509468622,466468,5,5,15,11,0,1,0,0,0,58613,450000,57,0,13.0,bonus_as10_gae3_no,100,2575000,,,,"{""c5261ecd"":""1991\/4900@m89""}",24,7,5,3,8,6,1,0,1,5,5,1,3,2,0,1,0,1
85885,2026-04-10 21:14:50,2,2,2,goldSack,goldSack,goldSack,gold,1,true,33000000,57001542468622,466453,5,5,15,11,0,0,0,0,0,58613,450000,57,0,13.0,bonus_as10_gae3_no,100,2575000,,,,,25,7,5,3,8,6,1,0,1,6,5,1,3,2,0,1,0,1
85886,2026-04-10 21:14:51,3,6,2,attack,spins,goldSack,gold,1,false,1500000,57001543968622,466438,5,5,15,11,1,0,0,1,0,58613,450000,57,0,13.0,bonus_as10_gae3_no,100,2575000,,,LongExtraDayReduced,"{""slot_on_"":""405\/62000@m28""}",26,8,5,3,9,6,1,0,1,7,6,1,3,3,0,1,0,1
85887,2026-04-10 21:14:52,5,5,5,shield,shield,shield,shield,3,true,15,57001543968622,466438,5,5,15,11,0,0,3,0,0,58613,450000,57,0,13.0,bonus_as10_gae3_no,100,2575000,LongExtraDayReduced,,LongExtraDayReduced,"{""slot_on_"":""435\/62000@m28""}",27,8,5,6,9,6,1,0,2,8,6,1,6,3,0,1,0,2
85888,2026-04-10 21:14:53,2,2,2,goldSack,goldSack,goldSack,gold,1,true,33000000,57001576968622,466423,5,5,15,11,0,0,0,0,0,58613,450000,57,0,13.0,bonus_as10_gae3_no,100,2575000,,,,,28,8,5,6,9,6,1,0,2,9,6,1,6,3,0,1,0,2
85889,2026-04-10 21:14:54,4,6,2,steal,spins,goldSack,gold,1,false,1500000,57001578468622,466408,5,5,15,11,0,1,0,1,0,58613,450000,57,0,13.0,bonus_as10_gae3_no,100,2575000,LongExtraDayReduced,,,"{""slot_on_"":""450\/62000@m28""}",29,8,6,6,10,6,1,0,2,10,6,2,6,4,0,1,0,2
85890,2026-04-10 21:14:54,3,3,1,attack,attack,coin,gold,1,false,375000,57001578843622,466393,5,5,15,11,2,0,0,0,0,58613,450000,57,0,13.0,bonus_as10_gae3_no,100,2575000,,,,,30,10,6,6,10,6,1,0,2,11,8,2,6,4,0,1,0,2
85891,2026-04-10 21:14:55,3,5,2,attack,shield,goldSack,gold,1,false,1500000,57001580343622,466378,5,5,15,11,1,0,1,0,0,58613,450000,57,0,13.0,bonus_as10_gae3_no,100,2575000,,LongExtraDayReduced,,"{""slot_on_"":""465\/62000@m28""}",31,11,6,7,10,6,1,0,2,12,9,2,7,4,0,1,0,2
85892,2026-04-10 21:14:56,1,4,4,coin,steal,steal,gold,1,false,375000,57001580718622,466363,5,5,15,11,0,2,0,0,0,58613,450000,57,0,13.0,bonus_as10_gae3_no,100,2575000,,,,,32,11,8,7,10,6,1,0,2,13,9,4,7,4,0,1,0,2
85893,2026-04-10 21:14:57,30,2,2,accumulation,goldSack,goldSack,gold,1,false,2250000,57001582968622,466348,5,5,15,11,0,0,0,0,1,58628,450000,57,15,13.0,bonus_as10_gae3_no,100,2575000,,,,,33,11,8,7,10,7,1,0,2,14,9,4,7,4,1,1,0,2
85894,2026-04-10 21:14:58,1,1,4,coin,coin,steal,gold,1,false,750000,57001583718622,466333,5,5,15,11,0,1,0,0,0,58628,450000,57,0,13.0,bonus_as10_gae3_no,100,2575000,,,,,34,11,9,7,10,7,1,0,2,15,9,5,7,4,1,1,0,2
85895,2026-04-10 21:14:58,3,3,1,attack,attack,coin,gold,1,false,375000,57001584093622,466318,5,5,15,11,2,0,0,0,0,58628,450000,57,0,13.0,bonus_as10_gae3_no,100,2575000,,,,,35,13,9,7,10,7,1,0,2,16,11,5,7,4,1,1,0,2
85896,2026-04-10 21:14:59,3,5,2,attack,shield,goldSack,gold,1,false,1500000,57001585593622,466303,5,5,15,11,1,0,1,0,0,58628,450000,57,0,13.0,bonus_as10_gae3_no,100,2575000,,LongExtraDayReduced,,"{""slot_on_"":""480\/62000@m28"",""c5261ecd"":""2021\/4900@m89""}",36,14,9,8,10,7,1,0,2,17,12,5,8,4,1,1,0,2
85897,2026-04-10 21:15:00,3,3,1,attack,attack,coin,gold,1,false,375000,57001585968622,466288,5,5,15,11,2,0,0,0,0,58628,450000,57,0,13.0,bonus_as10_gae3_no,100,2575000,,,,,37,16,9,8,10,7,1,0,2,18,14,5,8,4,1,1,0,2
85898,2026-04-10 21:15:01,3,6,2,attack,spins,goldSack,gold,1,false,1500000,57001587468622,466273,5,5,15,11,1,0,0,1,0,58628,450000,57,0,13.0,bonus_as10_gae3_no,100,2575000,,,,,38,17,9,8,11,7,1,0,2,19,15,5,8,5,1,1,0,2
85899,2026-04-10 21:15:01,1,1,1,coin,coin,coin,gold,1,true,3750000,57001591218622,466258,5,5,15,11,0,0,0,0,0,58628,450000,57,0,13.0,bonus_as10_gae3_no,100,2575000,,LongExtraDayReduced,LongExtraDayReduced,"{""slot_on_"":""510\/62000@m28""}",39,17,9,8,11,7,1,0,2,20,15,5,8,5,1,1,0,2
85900,2026-04-10 21:15:02,30,2,2,accumulation,goldSack,goldSack,gold,1,false,2250000,57001593468622,466243,5,5,15,11,0,0,0,0,1,58643,450000,57,15,13.0,bonus_as10_gae3_no,100,2575000,,,,,40,17,9,8,11,8,1,0,2,21,15,5,8,5,2,1,0,2
85901,2026-04-10 21:15:03,4,4,4,steal,steal,steal,steal,4,true,0,57001593468622,466228,5,5,15,11,0,3,0,0,0,58643,450000,57,0,13.0,bonus_as10_gae3_no,100,2575000,,LongExtraDayReduced,,"{""slot_on_"":""525\/62000@m28""}",41,17,12,8,11,8,1,1,2,22,15,8,8,5,2,1,1,2
85902,2026-04-10 21:15:09,30,2,2,accumulation,goldSack,goldSack,gold,1,false,2250000,57003692131822,466213,5,5,15,11,0,0,0,0,1,58658,450000,57,15,13.0,bonus_as10_gae3_no,100,2575000,,,,,42,17,12,8,11,9,1,1,2,23,15,8,8,5,3,1,1,2
85903,2026-04-10 21:15:10,3,6,2,attack,spins,goldSack,gold,1,false,1500000,57003693631822,466198,5,5,15,11,1,0,0,1,0,58658,450000,57,0,13.0,bonus_as10_gae3_no,100,2575000,,,,,43,18,12,8,12,9,1,1,2,24,16,8,8,6,3,1,1,2
85904,2026-04-10 21:15:11,3,3,1,attack,attack,coin,gold,1,false,375000,57003694006822,466183,5,5,15,11,2,0,0,0,0,58658,450000,57,0,13.0,bonus_as10_gae3_no,100,2575000,,,,,44,20,12,8,12,9,1,1,2,25,18,8,8,6,3,1,1,2
85905,2026-04-10 21:15:12,4,6,2,steal,spins,goldSack,gold,1,false,1500000,57003695506822,466168,5,5,15,11,0,1,0,1,0,58658,450000,57,0,13.0,bonus_as10_gae3_no,100,2575000,,,,,45,20,13,8,13,9,1,1,2,26,18,9,8,7,3,1,1,2
85906,2026-04-10 21:15:12,3,5,2,attack,shield,goldSack,gold,1,false,1500000,57003697006822,466153,5,5,15,11,1,0,1,0,0,58658,450000,57,0,13.0,bonus_as10_gae3_no,100,2575000,,,LongExtraDayReduced,"{""slot_on_"":""540\/62000@m28""}",46,21,13,9,13,9,1,1,2,27,19,9,9,7,3,1,1,2
85907,2026-04-10 21:15:13,1,6,6,coin,spins,spins,gold,1,false,375000,57003697381822,466138,5,5,15,11,0,0,0,2,0,58658,450000,57,0,13.0,bonus_as10_gae3_no,100,2575000,LongExtraDayReduced,,,"{""slot_on_"":""555\/62000@m28""}",47,21,13,9,15,9,1,1,2,28,19,9,9,9,3,1,1,2
85908,2026-04-10 21:15:14,30,2,2,accumulation,goldSack,goldSack,gold,1,false,2250000,57003699631822,466123,5,5,15,11,0,0,0,0,1,58673,450000,57,15,13.0,bonus_as10_gae3_no,100,2575000,,,,,48,21,13,9,15,10,1,1,2,29,19,9,9,9,4,1,1,2
85909,2026-04-10 21:15:15,30,2,2,accumulation,goldSack,goldSack,gold,1,false,2250000,57003701881822,466108,5,5,15,11,0,0,0,0,1,58688,450000,57,15,13.0,bonus_as10_gae3_no,100,2575000,,,,,49,21,13,9,15,11,1,1,2,30,19,9,9,9,5,1,1,2
85910,2026-04-10 21:15:16,2,2,2,goldSack,goldSack,goldSack,gold,1,true,33000000,57003734881822,466093,5,5,15,11,0,0,0,0,0,58688,450000,57,0,13.0,bonus_as10_gae3_no,100,2575000,,,,,50,21,13,9,15,11,1,1,2,31,19,9,9,9,5,1,1,2
85911,2026-04-10 21:15:17,1,4,4,coin,steal,steal,gold,1,false,375000,57003735256822,466078,5,5,15,11,0,2,0,0,0,58688,450000,57,0,13.0,bonus_as10_gae3_no,100,2575000,,,,,51,21,15,9,15,11,1,1,2,32,19,11,9,9,5,1,1,2
85912,2026-04-10 21:15:18,2,2,2,goldSack,goldSack,goldSack,gold,1,true,33000000,57003768256822,466063,5,5,15,11,0,0,0,0,0,58688,450000,57,0,13.0,bonus_as10_gae3_no,100,2575000,,,,,52,21,15,9,15,11,1,1,2,33,19,11,9,9,5,1,1,2
85913,2026-04-10 21:15:19,3,1,4,attack,coin,steal,gold,1,false,375000,57003768631822,466048,5,5,15,11,1,1,0,0,0,58688,450000,57,0,13.0,bonus_as10_gae3_no,100,2575000,,LongExtraDayReduced,,"{""slot_on_"":""570\/62000@m28""}",53,22,16,9,15,11,1,1,2,34,20,12,9,9,5,1,1,2
85914,2026-04-10 21:15:20,3,1,4,attack,coin,steal,gold,1,false,375000,57003769006822,466033,5,5,15,11,1,1,0,0,0,58688,450000,57,0,13.0,bonus_as10_gae3_no,100,2575000,LongExtraDayReduced,LongExtraDayReduced,,"{""slot_on_"":""600\/62000@m28""}",54,23,17,9,15,11,1,1,2,35,21,13,9,9,5,1,1,2
85915,2026-04-10 21:15:21,1,5,5,coin,shield,shield,gold,1,false,375000,57003769381822,466018,5,5,15,11,0,0,2,0,0,58688,450000,57,0,13.0,bonus_as10_gae3_no,100,2575000,,,,,55,23,17,11,15,11,1,1,2,36,21,13,11,9,5,1,1,2
85916,2026-04-10 21:15:22,30,30,1,accumulation,accumulation,coin,gold,1,false,375000,57003769756822,466003,5,5,15,11,0,0,0,0,2,58718,450000,57,30,13.0,bonus_as10_gae3_no,100,2575000,,LongExtraDayReduced,,"{""slot_on_"":""615\/62000@m28""}",56,23,17,11,15,13,1,1,2,37,21,13,11,9,7,1,1,2
85917,2026-04-10 21:15:23,1,6,6,coin,spins,spins,gold,1,false,375000,57003770131822,465988,5,5,15,11,0,0,0,2,0,58718,450000,57,0,13.0,bonus_as10_gae3_no,100,2575000,,,,"{""c5261ecd"":""2051\/4900@m89""}",57,23,17,11,17,13,1,1,2,38,21,13,11,11,7,1,1,2
85918,2026-04-10 21:15:24,3,3,3,attack,attack,attack,attack,2,true,0,57003770131822,465973,5,5,15,11,3,0,0,0,0,58718,450000,57,0,13.0,bonus_as10_gae3_no,100,2575000,,,,,58,26,17,11,17,13,2,1,2,39,24,13,11,11,7,2,1,2
85919,2026-04-10 21:15:27,3,6,2,attack,spins,goldSack,gold,1,false,1500000,57003910231822,465958,5,5,15,11,1,0,0,1,0,58718,450000,57,0,13.0,bonus_as10_gae3_no,100,2575000,,,,,59,27,17,11,18,13,2,1,2,40,25,13,11,12,7,2,1,2
85920,2026-04-10 21:15:28,4,4,4,steal,steal,steal,steal,4,true,0,57003910231822,465943,5,5,15,11,0,3,0,0,0,58718,450000,57,0,13.0,bonus_as10_gae3_no,100,2575000,,,,,60,27,20,11,18,13,2,2,2,41,25,16,11,12,7,2,2,2
85921,2026-04-10 21:15:36,4,6,2,steal,spins,goldSack,gold,1,false,5000000,57005631261822,465893,5,5,50,11,0,1,0,1,0,58718,450000,57,0,13.0,bonus_as10_gae3_no,100,2575000,,,,,61,27,21,11,19,13,2,2,2,42,25,17,11,13,7,2,2,2
85922,2026-04-10 21:15:37,3,1,1,attack,coin,coin,gold,1,false,2500000,57005633761822,465843,5,5,50,11,1,0,0,0,0,58718,450000,57,0,13.0,bonus_as10_gae3_no,100,2575000,,,,,62,28,21,11,19,13,2,2,2,43,26,17,11,13,7,2,2,2
85923,2026-04-10 21:15:38,2,2,2,goldSack,goldSack,goldSack,gold,1,true,110000000,57005743761822,465793,5,5,50,11,0,0,0,0,0,58718,450000,57,0,13.0,bonus_as10_gae3_no,100,2575000,,,,,63,28,21,11,19,13,2,2,2,44,26,17,11,13,7,2,2,2
85924,2026-04-10 21:15:39,1,1,1,coin,coin,coin,gold,1,true,12500000,57005756261822,465743,5,5,50,11,0,0,0,0,0,58718,450000,57,0,13.0,bonus_as10_gae3_no,100,2575000,,,,,64,28,21,11,19,13,2,2,2,45,26,17,11,13,7,2,2,2
85925,2026-04-10 21:15:39,30,30,2,accumulation,accumulation,goldSack,gold,1,false,5000000,57005761261822,465693,5,5,50,11,0,0,0,0,2,58818,450000,57,100,13.1,bonus_as10_gae3_no,100,2575000,,,,,65,28,21,11,19,15,2,2,2,46,26,17,11,13,9,2,2,2
85926,2026-04-10 21:15:40,4,4,4,steal,steal,steal,steal,4,true,0,57005761261822,465643,5,5,50,11,0,3,0,0,0,58818,450000,57,0,13.1,bonus_as10_gae3_no,100,2575000,,,,,66,28,24,11,19,15,2,3,2,47,26,20,11,13,9,2,3,2
85927,2026-04-10 21:15:50,1,4,6,coin,steal,spins,gold,1,false,1250000,57014059347822,465593,5,5,50,11,0,1,0,1,0,58818,450000,57,0,13.1,bonus_as10_gae3_no,100,2575000,,LongExtraDayReduced,,"{""slot_on_"":""665\/62000@m28""}",67,28,25,11,20,15,2,3,2,48,26,21,11,14,9,2,3,2
85928,2026-04-10 21:15:51,4,4,2,steal,steal,goldSack,gold,1,false,5000000,57014064347822,465543,5,5,50,11,0,2,0,0,0,58818,450000,57,0,13.1,bonus_as10_gae3_no,100,2575000,,,,,68,28,27,11,20,15,2,3,2,49,26,23,11,14,9,2,3,2
85929,2026-04-10 21:15:53,1,6,6,coin,spins,spins,gold,1,false,1250000,57014065597822,465493,5,5,50,11,0,0,0,2,0,58818,450000,57,0,13.1,bonus_as10_gae3_no,100,2575000,LongExtraDayReduced,LongExtraDayReduced,,"{""slot_on_"":""765\/62000@m28""}",69,28,27,11,22,15,2,3,2,50,26,23,11,16,9,2,3,2
85930,2026-04-10 21:15:54,30,2,2,accumulation,goldSack,goldSack,gold,1,false,7500000,57014073097822,465443,5,5,50,11,0,0,0,0,1,58868,450000,57,50,13.1,bonus_as10_gae3_no,100,2575000,,,,,70,28,27,11,22,16,2,3,2,51,26,23,11,16,10,2,3,2
85931,2026-04-10 21:15:55,3,1,1,attack,coin,coin,gold,1,false,2500000,57014075597822,465393,5,5,50,11,1,0,0,0,0,58868,450000,57,0,13.1,bonus_as10_gae3_no,100,2575000,,,,,71,29,27,11,22,16,2,3,2,52,27,23,11,16,10,2,3,2
85932,2026-04-10 21:15:55,3,3,3,attack,attack,attack,attack,2,true,0,57014075597822,465343,5,5,50,11,3,0,0,0,0,58868,450000,57,0,13.1,bonus_as10_gae3_no,100,2575000,,,,,72,32,27,11,22,16,3,3,2,53,30,23,11,16,10,3,3,2
85933,2026-04-10 21:15:59,30,2,2,accumulation,goldSack,goldSack,gold,1,false,7500000,57014545097822,465293,5,5,50,11,0,0,0,0,1,58918,450000,57,50,13.1,bonus_as10_gae3_no,100,2575000,,,,,73,32,27,11,22,17,3,3,2,54,30,23,11,16,11,3,3,2
85934,2026-04-10 21:16:00,3,4,2,attack,steal,goldSack,gold,1,false,5000000,57014550097822,465243,5,5,50,11,1,1,0,0,0,58918,450000,57,0,13.1,bonus_as10_gae3_no,100,2575000,,,,,74,33,28,11,22,17,3,3,2,55,31,24,11,16,11,3,3,2
85935,2026-04-10 21:16:01,2,2,2,goldSack,goldSack,goldSack,gold,1,true,110000000,57014660097822,465193,5,5,50,11,0,0,0,0,0,58918,450000,57,0,13.1,bonus_as10_gae3_no,100,2575000,,,,,75,33,28,11,22,17,3,3,2,56,31,24,11,16,11,3,3,2
85936,2026-04-10 21:16:01,2,2,2,goldSack,goldSack,goldSack,gold,1,true,110000000,57014770097822,465143,5,5,50,11,0,0,0,0,0,58918,450000,57,0,13.1,bonus_as10_gae3_no,100,2575000,,,LongExtraDayReduced,"{""slot_on_"":""815\/62000@m28""}",76,33,28,11,22,17,3,3,2,57,31,24,11,16,11,3,3,2
85937,2026-04-10 21:16:03,30,2,2,accumulation,goldSack,goldSack,gold,1,false,7500000,57014777597822,465093,5,5,50,11,0,0,0,0,1,58968,450000,57,50,13.1,bonus_as10_gae3_no,100,2575000,LongExtraDayReduced,,,"{""slot_on_"":""865\/62000@m28""}",77,33,28,11,22,18,3,3,2,58,31,24,11,16,12,3,3,2
85938,2026-04-10 21:16:04,1,4,6,coin,steal,spins,gold,1,false,1250000,57014778847822,465043,5,5,50,11,0,1,0,1,0,58968,450000,57,0,13.1,bonus_as10_gae3_no,100,2575000,,,,,78,33,29,11,23,18,3,3,2,59,31,25,11,17,12,3,3,2
85939,2026-04-10 21:16:05,5,5,5,shield,shield,shield,shield,3,true,50,57014778847822,465043,5,5,50,11,0,0,3,0,0,58968,450000,57,0,13.1,bonus_as10_gae3_no,100,2575000,,,,,79,33,29,14,23,18,3,3,3,60,31,25,14,17,12,3,3,3
85940,2026-04-10 21:16:06,1,4,6,coin,steal,spins,gold,1,false,1250000,57014780097822,464993,5,5,50,11,0,1,0,1,0,58968,450000,57,0,13.1,bonus_as10_gae3_no,100,2575000,,,,"{""c5261ecd"":""2151\/4900@m89""}",80,33,30,14,24,18,3,3,3,61,31,26,14,18,12,3,3,3
85941,2026-04-10 21:16:07,3,1,1,attack,coin,coin,gold,1,false,2500000,57014782597822,464943,5,5,50,11,1,0,0,0,0,58968,450000,57,0,13.1,bonus_as10_gae3_no,100,2575000,,,,,81,34,30,14,24,18,3,3,3,62,32,26,14,18,12,3,3,3
85942,2026-04-10 21:16:08,6,6,6,spins,spins,spins,spins,5,true,500,57014782597822,465393,5,5,50,11,0,0,0,3,0,58968,450000,57,0,13.1,bonus_as10_gae3_no,100,2575000,,,LongExtraDayReduced,"{""slot_on_"":""915\/62000@m28""}",82,34,30,14,27,18,3,3,3,63,32,26,14,21,12,3,3,3
85943,2026-04-10 21:16:10,3,4,2,attack,steal,goldSack,gold,1,false,5000000,57014787597822,465343,5,5,50,11,1,1,0,0,0,58968,450000,57,0,13.1,bonus_as10_gae3_no,100,2575000,,,,,83,35,31,14,27,18,3,3,3,1,1,1,0,0,0,0,0,0
85944,2026-04-10 21:16:11,3,1,1,attack,coin,coin,gold,1,false,2500000,57014790097822,465293,5,5,50,11,1,0,0,0,0,58968,450000,57,0,13.1,bonus_as10_gae3_no,100,2575000,LongExtraDayReduced,,,"{""slot_on_"":""965\/62000@m28""}",84,36,31,14,27,18,3,3,3,2,2,1,0,0,0,0,0,0
85945,2026-04-10 21:16:12,1,6,6,coin,spins,spins,gold,1,false,1250000,57014791347822,465243,5,5,50,11,0,0,0,2,0,58968,450000,57,0,13.1,bonus_as10_gae3_no,100,2575000,,,,,85,36,31,14,29,18,3,3,3,3,2,1,0,2,0,0,0,0
85946,2026-04-10 21:16:12,4,4,4,steal,steal,steal,steal,4,true,0,57014791347822,465193,5,5,50,11,0,3,0,0,0,58968,450000,57,0,13.1,bonus_as10_gae3_no,100,2575000,,,,,86,36,34,14,29,18,3,4,3,4,2,4,0,2,0,0,1,0
85947,2026-04-10 21:16:19,5,5,2,shield,shield,goldSack,gold,1,false,5000000,57046502951822,465143,5,5,50,11,0,0,2,0,0,58968,450000,57,0,13.1,bonus_as10_gae3_no,100,2575000,,,,,87,36,34,16,29,18,3,4,3,5,2,4,2,2,0,0,1,0
85948,2026-04-10 21:16:20,1,1,1,coin,coin,coin,gold,1,true,12500000,57046515451822,465093,5,5,50,11,0,0,0,0,0,58968,450000,57,0,13.1,bonus_as10_gae3_no,100,2575000,LongExtraDayReduced,,,"{""slot_on_"":""1015\/62000@m28""}",88,36,34,16,29,18,3,4,3,6,2,4,2,2,0,0,1,0
85949,2026-04-10 21:16:21,3,4,2,attack,steal,goldSack,gold,1,false,5000000,57046520451822,465043,5,5,50,11,1,1,0,0,0,58968,450000,57,0,13.1,bonus_as10_gae3_no,100,2575000,,,,"{""c5261ecd"":""2251\/4900@m89""}",89,37,35,16,29,18,3,4,3,7,3,5,2,2,0,0,1,0
85950,2026-04-10 21:16:22,3,1,1,attack,coin,coin,gold,1,false,2500000,57046522951822,464993,5,5,50,11,1,0,0,0,0,58968,450000,57,0,13.1,bonus_as10_gae3_no,100,2575000,,,,,90,38,35,16,29,18,3,4,3,8,4,5,2,2,0,0,1,0
85951,2026-04-10 21:16:22,30,30,2,accumulation,accumulation,goldSack,gold,1,false,5000000,57046527951822,464943,5,5,50,11,0,0,0,0,2,59068,450000,57,100,13.1,bonus_as10_gae3_no,100,2575000,,LongExtraDayReduced,,"{""slot_on_"":""1065\/62000@m28""}",91,38,35,16,29,20,3,4,3,9,4,5,2,2,2,0,1,0
85952,2026-04-10 21:16:23,1,1,1,coin,coin,coin,gold,1,true,12500000,57046540451822,464893,5,5,50,11,0,0,0,0,0,59068,450000,57,0,13.1,bonus_as10_gae3_no,100,2575000,,,,,92,38,35,16,29,20,3,4,3,10,4,5,2,2,2,0,1,0
85953,2026-04-10 21:16:24,3,1,5,attack,coin,shield,gold,1,false,1250000,57046541701822,464843,5,5,50,11,1,0,1,0,0,59068,450000,57,0,13.1,bonus_as10_gae3_no,100,2575000,,,,,93,39,35,17,29,20,3,4,3,11,5,5,3,2,2,0,1,0
85954,2026-04-10 21:16:24,4,6,2,steal,spins,goldSack,gold,1,false,5000000,57046546701822,464793,5,5,50,11,0,1,0,1,0,59068,450000,57,0,13.1,bonus_as10_gae3_no,100,2575000,,LongExtraDayReduced,LongExtraDayReduced,"{""slot_on_"":""1165\/62000@m28""}",94,39,36,17,30,20,3,4,3,12,5,6,3,3,2,0,1,0
85955,2026-04-10 21:16:25,2,2,2,goldSack,goldSack,goldSack,gold,1,true,110000000,57046656701822,464743,5,5,50,11,0,0,0,0,0,59068,450000,57,0,13.1,bonus_as10_gae3_no,100,2575000,,,,,95,39,36,17,30,20,3,4,3,13,5,6,3,3,2,0,1,0
85956,2026-04-10 21:16:26,4,4,2,steal,steal,goldSack,gold,1,false,5000000,57046661701822,464693,5,5,50,11,0,2,0,0,0,59068,450000,57,0,13.1,bonus_as10_gae3_no,100,2575000,,,,,96,39,38,17,30,20,3,4,3,14,5,8,3,3,2,0,1,0
85957,2026-04-10 21:16:26,1,4,6,coin,steal,spins,gold,1,false,1250000,57046662951822,464643,5,5,50,11,0,1,0,1,0,59068,450000,57,0,13.1,bonus_as10_gae3_no,100,2575000,,,,,97,39,39,17,31,20,3,4,3,15,5,9,3,4,2,0,1,0
85958,2026-04-10 21:16:27,3,1,6,attack,coin,spins,gold,1,false,1250000,57046664201822,464593,5,5,50,11,1,0,0,1,0,59068,450000,57,0,13.1,bonus_as10_gae3_no,100,2575000,,,,,98,40,39,17,32,20,3,4,3,16,6,9,3,5,2,0,1,0
85959,2026-04-10 21:16:28,3,1,5,attack,coin,shield,gold,1,false,1250000,57046665451822,464543,5,5,50,11,1,0,1,0,0,59068,450000,57,0,13.1,bonus_as10_gae3_no,100,2575000,,,,,99,41,39,18,32,20,3,4,3,17,7,9,4,5,2,0,1,0
85960,2026-04-10 21:16:29,3,3,3,attack,attack,attack,attack,2,true,0,57046665451822,464493,5,5,50,11,3,0,0,0,0,59068,450000,57,0,13.1,bonus_as10_gae3_no,100,2575000,,,,"{""c5261ecd"":""2351\/4900@m89""}",100,44,39,18,32,20,4,4,3,18,10,9,4,5,2,1,1,0
85961,2026-04-10 21:16:33,3,3,3,attack,attack,attack,attack,2,true,0,57047127451822,464443,5,5,50,11,3,0,0,0,0,59068,450000,57,0,13.1,bonus_as10_gae3_no,100,2575000,,,,,101,47,39,18,32,20,5,4,3,19,13,9,4,5,2,2,1,0
85962,2026-04-10 21:16:37,30,2,2,accumulation,goldSack,goldSack,gold,1,false,7500000,57048534951822,464393,5,5,50,11,0,0,0,0,1,59118,450000,57,50,13.1,bonus_as10_gae3_no,100,2575000,,,,,102,47,39,18,32,21,5,4,3,20,13,9,4,5,3,2,1,0
85963,2026-04-10 21:16:38,30,30,2,accumulation,accumulation,goldSack,gold,1,false,5000000,57048539951822,464343,5,5,50,11,0,0,0,0,2,59218,450000,57,100,13.2,bonus_as10_gae3_no,100,2575000,,,,,103,47,39,18,32,23,5,4,3,21,13,9,4,5,5,2,1,0
85964,2026-04-10 21:16:39,5,2,2,shield,goldSack,goldSack,gold,1,false,7500000,57048547451822,464293,5,5,50,11,0,0,1,0,0,59218,450000,57,0,13.2,bonus_as10_gae3_no,100,2575000,,,,,104,47,39,19,32,23,5,4,3,22,13,9,5,5,5,2,1,0
85965,2026-04-10 21:16:41,3,3,1,attack,attack,coin,gold,1,false,1250000,57048548701822,464243,5,5,50,11,2,0,0,0,0,59218,450000,57,0,13.2,bonus_as10_gae3_no,100,2575000,LongExtraDayReduced,LongExtraDayReduced,,"{""slot_on_"":""1265\/62000@m28""}",105,49,39,19,32,23,5,4,3,23,15,9,5,5,5,2,1,0
85966,2026-04-10 21:16:42,30,2,2,accumulation,goldSack,goldSack,gold,1,false,7500000,57048556201822,464193,5,5,50,11,0,0,0,0,1,59268,450000,57,50,13.2,bonus_as10_gae3_no,100,2575000,,,,,106,49,39,19,32,24,5,4,3,24,15,9,5,5,6,2,1,0
85967,2026-04-10 21:16:43,5,5,5,shield,shield,shield,shield,3,true,50,57048556201822,464193,5,5,50,11,0,0,3,0,0,59268,450000,57,0,13.2,bonus_as10_gae3_no,100,2575000,,,,,107,49,39,22,32,24,5,4,4,25,15,9,8,5,6,2,1,1
85968,2026-04-10 21:16:45,4,6,2,steal,spins,goldSack,gold,1,false,5000000,57048561201822,464143,5,5,50,11,0,1,0,1,0,59268,450000,57,0,13.2,bonus_as10_gae3_no,100,2575000,,,,,108,49,40,22,33,24,5,4,4,26,15,10,8,6,6,2,1,1
85969,2026-04-10 21:16:46,30,2,2,accumulation,goldSack,goldSack,gold,1,false,7500000,57048568701822,464093,5,5,50,11,0,0,0,0,1,59318,450000,57,50,13.2,bonus_as10_gae3_no,100,2575000,,,,,109,49,40,22,33,25,5,4,4,27,15,10,8,6,7,2,1,1
85970,2026-04-10 21:16:47,30,30,2,accumulation,accumulation,goldSack,gold,1,false,5000000,57048573701822,464043,5,5,50,11,0,0,0,0,2,59418,450000,57,100,13.2,bonus_as10_gae3_no,100,2575000,,,,,110,49,40,22,33,27,5,4,4,28,15,10,8,6,9,2,1,1
85971,2026-04-10 21:16:50,30,2,2,accumulation,goldSack,goldSack,gold,1,false,60000000,57048633701822,463643,5,5,400,11,0,0,0,0,1,59818,450000,57,400,13.3,bonus_as10_gae3_no,100,2575000,,,,,111,49,40,22,33,28,5,4,4,29,15,10,8,6,10,2,1,1
85972,2026-04-10 21:16:51,30,2,2,accumulation,goldSack,goldSack,gold,1,false,60000000,57048693701822,463243,5,5,400,11,0,0,0,0,1,60218,450000,57,400,13.4,bonus_as10_gae3_no,100,2575000,,,,,112,49,40,22,33,29,5,4,4,30,15,10,8,6,11,2,1,1
85973,2026-04-10 21:16:52,1,4,6,coin,steal,spins,gold,1,false,10000000,57048703701822,462843,5,5,400,11,0,1,0,1,0,60218,450000,57,0,13.4,bonus_as10_gae3_no,100,2575000,LongExtraDayReduced,,,"{""slot_on_"":""1665\/62000@m28""}",113,49,41,22,34,29,5,4,4,31,15,11,8,7,11,2,1,1
85974,2026-04-10 21:16:53,3,3,2,attack,attack,goldSack,gold,1,false,40000000,57048743701822,462443,5,5,400,11,2,0,0,0,0,60218,450000,57,0,13.4,bonus_as10_gae3_no,100,2575000,,,,,114,51,41,22,34,29,5,4,4,32,17,11,8,7,11,2,1,1
85975,2026-04-10 21:16:55,2,2,2,goldSack,goldSack,goldSack,gold,1,true,880000000,57049623701822,462043,5,5,400,11,0,0,0,0,0,60218,450000,57,0,13.4,bonus_as10_gae3_no,100,2575000,,,,,115,51,41,22,34,29,5,4,4,33,17,11,8,7,11,2,1,1
85976,2026-04-10 21:16:56,3,4,2,attack,steal,goldSack,gold,1,false,40000000,57049663701822,461643,5,5,400,11,1,1,0,0,0,60218,450000,57,0,13.4,bonus_as10_gae3_no,100,2575000,,,,,116,52,42,22,34,29,5,4,4,34,18,12,8,7,11,2,1,1
85977,2026-04-10 21:16:57,30,30,1,accumulation,accumulation,coin,gold,1,false,10000000,57049673701822,461243,5,5,400,11,0,0,0,0,2,61018,450000,57,800,13.6,bonus_as10_gae3_no,100,2575000,,,,,117,52,42,22,34,31,5,4,4,35,18,12,8,7,13,2,1,1
85978,2026-04-10 21:16:59,1,4,4,coin,steal,steal,gold,1,false,10000000,57049683701822,460843,5,5,400,11,0,2,0,0,0,61018,450000,57,0,13.6,bonus_as10_gae3_no,100,2575000,,,LongExtraDayReduced,"{""slot_on_"":""2065\/62000@m28""}",118,52,44,22,34,31,5,4,4,36,18,14,8,7,13,2,1,1
85979,2026-04-10 21:17:02,1,1,6,coin,coin,spins,gold,1,false,20000000,57049703701822,460443,5,5,400,11,0,0,0,1,0,61018,450000,57,0,13.6,bonus_as10_gae3_no,100,2575000,LongExtraDayReduced,,,"{""slot_on_"":""2465\/62000@m28""}",119,52,44,22,35,31,5,4,4,37,18,14,8,8,13,2,1,1
85980,2026-04-10 21:17:04,3,4,2,attack,steal,goldSack,gold,1,false,600000000,57050303701822,454443,5,5,6000,11,1,1,0,0,0,61018,450000,57,0,13.6,bonus_as10_gae3_no,100,2575000,,,,"{""c5261ecd"":""4551\/4900@m91""}",120,53,45,22,35,31,5,4,4,38,19,15,8,8,13,2,1,1
85981,2026-04-10 21:17:08,1,6,6,coin,spins,spins,gold,1,false,150000000,57050453701822,448443,5,5,6000,11,0,0,0,2,0,61018,450000,57,0,13.6,bonus_as10_gae3_no,100,2575000,,,LongExtraDayReduced,"{""slot_on_"":""8465\/62000@m28""}",121,53,45,22,37,31,5,4,4,39,19,15,8,10,13,2,1,1
85982,2026-04-10 21:17:10,1,4,6,coin,steal,spins,gold,1,false,150000000,57050603701822,442443,5,5,6000,11,0,1,0,1,0,61018,450000,57,0,13.6,bonus_as10_gae3_no,100,2575000,,LongExtraDayReduced,,"{""slot_on_"":""14465\/62000@m28""}",122,53,46,22,38,31,5,4,4,40,19,16,8,11,13,2,1,1
85983,2026-04-10 21:17:11,1,4,4,coin,steal,steal,gold,1,false,150000000,57050753701822,436443,5,5,6000,11,0,2,0,0,0,61018,450000,57,0,13.6,bonus_as10_gae3_no,100,2575000,,,,,123,53,48,22,38,31,5,4,4,41,19,18,8,11,13,2,1,1
85984,2026-04-10 21:17:15,5,5,5,shield,shield,shield,shield,3,true,20000,57050753701822,436443,5,5,20000,11,0,0,3,0,0,61018,450000,57,0,13.6,bonus_as10_gae3_no,100,2575000,,,,,124,53,48,25,38,31,5,4,5,42,19,18,11,11,13,2,1,2
85985,2026-04-10 21:17:32,2,2,2,goldSack,goldSack,goldSack,gold,1,true,880000000,57051933701822,436718,5,5,400,11,0,0,0,0,0,61018,450000,57,0,13.6,bonus_as10_gae3_no,100,2575000,,,,,125,53,48,25,38,31,5,4,5,43,19,18,11,11,13,2,1,2
85986,2026-04-10 21:17:34,3,5,2,attack,shield,goldSack,gold,1,false,150000000,57052083701822,435218,5,5,1500,11,1,0,1,0,0,61018,450000,57,0,13.6,bonus_as10_gae3_no,100,2575000,,,,,126,54,48,26,38,31,5,4,5,44,20,18,12,11,13,2,1,2
85987,2026-04-10 21:17:38,1,1,1,coin,coin,coin,gold,1,true,100000000,57052183701822,434818,5,5,400,11,0,0,0,0,0,61018,450000,57,0,13.6,bonus_as10_gae3_no,100,2575000,,LongExtraDayReduced,,"{""slot_on_"":""14865\/62000@m28""}",127,54,48,26,38,31,5,4,5,45,20,18,12,11,13,2,1,2
85988,2026-04-10 21:17:40,5,2,2,shield,goldSack,goldSack,gold,1,false,60000000,57052243701822,434418,5,5,400,11,0,0,1,0,0,61018,450000,57,0,13.6,bonus_as10_gae3_no,100,2575000,,,,,128,54,48,27,38,31,5,4,5,46,20,18,13,11,13,2,1,2
85989,2026-04-10 21:17:42,3,1,1,attack,coin,coin,gold,1,false,20000000,57052263701822,434018,5,5,400,11,1,0,0,0,0,61018,450000,57,0,13.6,bonus_as10_gae3_no,100,2575000,LongExtraDayReduced,,,"{""slot_on_"":""15265\/62000@m28""}",129,55,48,27,38,31,5,4,5,47,21,18,13,11,13,2,1,2
85990,2026-04-10 21:17:57,3,3,3,attack,attack,attack,attack,2,true,0,57052623701822,432518,5,5,1500,11,3,0,0,0,0,61018,450000,57,0,13.6,bonus_as10_gae3_no,100,2575000,,,,,130,58,48,27,38,31,6,4,5,48,24,18,13,11,13,3,1,2
85991,2026-04-10 21:18:04,30,2,2,accumulation,goldSack,goldSack,gold,1,false,60000000,57066543701822,432118,5,5,400,11,0,0,0,0,1,61418,450000,57,400,13.6,bonus_as10_gae3_no,100,2575000,,,,,131,58,48,27,38,32,6,4,5,49,24,18,13,11,14,3,1,2
85992,2026-04-10 21:18:05,4,6,2,steal,spins,goldSack,gold,1,false,40000000,57066583701822,431718,5,5,400,11,0,1,0,1,0,61418,450000,57,0,13.6,bonus_as10_gae3_no,100,2575000,,,,,132,58,49,27,39,32,6,4,5,50,24,19,13,12,14,3,1,2
85993,2026-04-10 21:18:08,5,5,5,shield,shield,shield,shield,3,true,400,57066583701822,431718,5,5,400,11,0,0,3,0,0,61418,450000,57,0,13.6,bonus_as10_gae3_no,100,2575000,,,,,133,58,49,30,39,32,6,4,6,51,24,19,16,12,14,3,1,3
85994,2026-04-10 21:18:10,3,3,3,attack,attack,attack,attack,2,true,0,57066583701822,431318,5,5,400,11,3,0,0,0,0,61418,450000,57,0,13.6,bonus_as10_gae3_no,100,2575000,,,,,134,61,49,30,39,32,7,4,6,52,27,19,16,12,14,4,1,3
85995,2026-04-10 21:18:15,4,6,2,steal,spins,goldSack,gold,1,false,40000000,57070319701822,430918,5,5,400,11,0,1,0,1,0,61418,450000,57,0,13.6,bonus_as10_gae3_no,100,2575000,,,,,135,61,50,30,40,32,7,4,6,53,27,20,16,13,14,4,1,3
85996,2026-04-10 21:18:16,4,6,2,steal,spins,goldSack,gold,1,false,40000000,57070359701822,430518,5,5,400,11,0,1,0,1,0,61418,450000,57,0,13.6,bonus_as10_gae3_no,100,2575000,,,,,136,61,51,30,41,32,7,4,6,54,27,21,16,14,14,4,1,3
85997,2026-04-10 21:18:18,30,2,2,accumulation,goldSack,goldSack,gold,1,false,225000000,57070584701822,429018,5,5,1500,11,0,0,0,0,1,62918,450000,57,1500,14.0,bonus_as10_gae3_no,100,2575000,,,,"{""c5261ecd"":""2651\/4900@m92""}",137,61,51,30,41,33,7,4,6,55,27,21,16,14,15,4,1,3
85998,2026-04-10 21:18:22,1,1,4,coin,coin,steal,gold,1,false,75000000,57070659701822,427518,5,5,1500,11,0,1,0,0,0,62918,450000,57,0,14.0,bonus_as10_gae3_no,100,2575000,,LongExtraDayReduced,,"{""slot_on_"":""16765\/62000@m28""}",138,61,52,30,41,33,7,4,6,56,27,22,16,14,15,4,1,3
85999,2026-04-10 21:18:23,1,1,1,coin,coin,coin,gold,1,true,375000000,57071034701822,426018,5,5,1500,11,0,0,0,0,0,62918,450000,57,0,14.0,bonus_as10_gae3_no,100,2575000,,LongExtraDayReduced,,"{""slot_on_"":""18265\/62000@m28""}",139,61,52,30,41,33,7,4,6,57,27,22,16,14,15,4,1,3
86000,2026-04-10 21:18:25,30,2,2,accumulation,goldSack,goldSack,gold,1,false,900000000,57071934701822,420018,5,5,6000,11,0,0,0,0,1,68918,450000,57,6000,15.3,bonus_as10_gae3_no,100,2575000,LongExtraDayReduced,,,"{""slot_on_"":""24265\/62000@m28""}",140,61,52,30,41,34,7,4,6,58,27,22,16,14,16,4,1,3
86001,2026-04-10 21:18:27,3,6,2,attack,spins,goldSack,gold,1,false,600000000,57072534701822,414018,5,5,6000,11,1,0,0,1,0,68918,450000,57,0,15.3,bonus_as10_gae3_no,100,2575000,,,,,141,62,52,30,42,34,7,4,6,59,28,22,16,15,16,4,1,3
86002,2026-04-10 21:18:29,3,6,2,attack,spins,goldSack,gold,1,false,600000000,57073134701822,408018,5,5,6000,11,1,0,0,1,0,68918,450000,57,0,15.3,bonus_as10_gae3_no,100,2575000,,,,,142,63,52,30,43,34,7,4,6,60,29,22,16,16,16,4,1,3
86003,2026-04-10 21:18:30,1,6,6,coin,spins,spins,gold,1,false,150000000,57073284701822,402018,5,5,6000,11,0,0,0,2,0,68918,450000,57,0,15.3,bonus_as10_gae3_no,100,2575000,LongExtraDayReduced,LongExtraDayReduced,,"{""slot_on_"":""36265\/62000@m28""}",143,63,52,30,45,34,7,4,6,61,29,22,16,18,16,4,1,3
86004,2026-04-10 21:18:32,3,3,2,attack,attack,goldSack,gold,1,false,600000000,57073884701822,396018,5,5,6000,11,2,0,0,0,0,68918,450000,57,0,15.3,bonus_as10_gae3_no,100,2575000,,,,,144,65,52,30,45,34,7,4,6,62,31,22,16,18,16,4,1,3
86005,2026-04-10 21:18:35,1,1,1,coin,coin,coin,gold,1,true,5000000000,57078884701822,376018,5,5,20000,11,0,0,0,0,0,68918,450000,57,0,15.3,bonus_as10_gae3_no,100,2575000,,,,,145,65,52,30,45,34,7,4,6,63,31,22,16,18,16,4,1,3
86006,2026-04-10 21:18:36,1,1,1,coin,coin,coin,gold,1,true,5000000000,57083884701822,356018,5,5,20000,11,0,0,0,0,0,68918,450000,57,0,15.3,bonus_as10_gae3_no,100,2575000,,,,,146,65,52,30,45,34,7,4,6,64,31,22,16,18,16,4,1,3
86007,2026-04-10 21:18:37,6,6,6,spins,spins,spins,spins,5,true,200000,57083884701822,536018,5,5,20000,11,0,0,0,3,0,68918,450000,57,0,15.3,bonus_as10_gae3_no,100,2575000,,,,,147,65,52,30,48,34,7,4,6,65,31,22,16,21,16,4,1,3
86008,2026-04-10 21:18:51,30,30,1,accumulation,accumulation,coin,gold,1,false,37500000,57083922201822,534518,5,5,1500,11,0,0,0,0,2,71918,450000,57,3000,16.0,bonus_as10_gae3_no,100,2575000,,,,,148,65,52,30,48,36,7,4,6,1,0,0,0,0,2,0,0,0
86009,2026-04-10 21:18:52,3,3,3,attack,attack,attack,attack,2,true,0,57083922201822,533018,5,5,1500,11,3,0,0,0,0,71918,450000,57,0,16.0,bonus_as10_gae3_no,100,2575000,,,,,149,68,52,30,48,36,8,4,6,2,3,0,0,0,2,1,0,0
86010,2026-04-10 21:19:00,3,3,3,attack,attack,attack,attack,2,true,0,57125922201822,531518,5,5,1500,11,3,0,0,0,0,71918,450000,57,0,16.0,bonus_as10_gae3_no,100,2575000,,,,,150,71,52,30,48,36,9,4,6,3,6,0,0,0,2,2,0,0
86011,2026-04-10 21:19:08,30,2,2,accumulation,goldSack,goldSack,gold,1,false,225000000,57140007201822,530018,5,5,1500,11,0,0,0,0,1,73418,450000,57,1500,16.3,bonus_as10_gae3_no,100,2575000,,,,,151,71,52,30,48,37,9,4,6,4,6,0,0,0,3,2,0,0
86012,2026-04-10 21:19:09,3,5,2,attack,shield,goldSack,gold,1,false,150000000,57140157201822,528518,5,5,1500,11,1,0,1,0,0,73418,450000,57,0,16.3,bonus_as10_gae3_no,100,2575000,,,,,152,72,52,31,48,37,9,4,6,5,7,0,1,0,3,2,0,0
86013,2026-04-10 21:19:10,1,4,4,coin,steal,steal,gold,1,false,37500000,57140194701822,527018,5,5,1500,11,0,2,0,0,0,73418,450000,57,0,16.3,bonus_as10_gae3_no,100,2575000,,,,"{""c5261ecd"":""751\/4900@m93""}",153,72,54,31,48,37,9,4,6,6,7,2,1,0,3,2,0,0
86014,2026-04-10 21:19:13,3,1,5,attack,coin,shield,gold,1,false,37500000,57140232201822,525518,5,5,1500,11,1,0,1,0,0,73418,450000,57,0,16.3,bonus_as10_gae3_no,100,2575000,,,,,154,73,54,32,48,37,9,4,6,7,8,2,2,0,3,2,0,0
86015,2026-04-10 21:19:15,1,6,6,coin,spins,spins,gold,1,false,150000000,57140382201822,519518,5,5,6000,11,0,0,0,2,0,73418,450000,57,0,16.3,bonus_as10_gae3_no,100,2575000,,,,,155,73,54,32,50,37,9,4,6,8,8,2,2,2,3,2,0,0
86016,2026-04-10 21:19:16,30,30,30,accumulation,accumulation,accumulation,gold,10,true,0,57140382201822,513518,5,5,6000,11,0,0,0,0,3,133418,450000,57,60000,29.6,bonus_as10_gae3_no,100,2575000,LongExtraDayReduced,,,"{""slot_on_"":""42265\/62000@m28""}",156,73,54,32,50,40,9,4,6,9,8,2,2,2,6,2,0,0
86017,2026-04-10 21:19:44,30,2,2,accumulation,goldSack,goldSack,gold,1,false,300000,57140382501822,513516,5,5,2,11,0,0,0,0,1,133420,450000,57,2,29.6,bonus_as10_gae3_no,100,2575000,LongExtraDayReduced,LongExtraDayReduced,LongExtraDayReduced,"{""slot_on_"":""42275\/62000@m28""}",1,0,0,0,0,1,0,0,0,10,8,2,2,2,7,2,0,0
86018,2026-04-10 21:19:45,4,6,2,steal,spins,goldSack,gold,1,false,200000,57140382701822,513514,5,5,2,11,0,1,0,1,0,133420,450000,57,0,29.6,bonus_as10_gae3_no,100,2575000,,LongExtraDayReduced,,"{""slot_on_"":""42277\/62000@m28""}",2,0,1,0,1,1,0,0,0,11,8,3,2,3,7,2,0,0
86019,2026-04-10 21:19:46,3,3,3,attack,attack,attack,attack,2,true,0,57140382701822,513512,5,5,2,11,3,0,0,0,0,133420,450000,57,0,29.6,bonus_as10_gae3_no,100,2575000,,,LongExtraDayReduced,"{""slot_on_"":""42279\/62000@m28""}",3,3,1,0,1,1,1,0,0,12,11,3,2,3,7,3,0,0
86020,2026-04-10 21:19:50,3,6,2,attack,spins,goldSack,gold,1,false,200000,57140401381822,513510,5,5,2,11,1,0,0,1,0,133420,450000,57,0,29.6,bonus_as10_gae3_no,100,2575000,,,,,4,4,1,0,2,1,1,0,0,13,12,3,2,4,7,3,0,0
86021,2026-04-10 21:19:51,2,2,2,goldSack,goldSack,goldSack,gold,1,true,4400000,57140405781822,513508,5,5,2,11,0,0,0,0,0,133420,450000,57,0,29.6,bonus_as10_gae3_no,100,2575000,,,,,5,4,1,0,2,1,1,0,0,14,12,3,2,4,7,3,0,0
86022,2026-04-10 21:19:52,30,2,2,accumulation,goldSack,goldSack,gold,1,false,300000,57140406081822,513506,5,5,2,11,0,0,0,0,1,133422,450000,57,2,29.6,bonus_as10_gae3_no,100,2575000,,LongExtraDayReduced,,"{""slot_on_"":""42281\/62000@m28""}",6,4,1,0,2,2,1,0,0,15,12,3,2,4,8,3,0,0
86023,2026-04-10 21:20:01,5,5,5,shield,shield,shield,shield,3,true,15,57140406081822,513506,5,5,15,11,0,0,3,0,0,133422,450000,57,0,29.6,bonus_as10_gae3_no,100,2575000,,,,,7,4,1,3,2,2,1,0,1,16,12,3,5,4,8,3,0,1
86024,2026-04-10 21:20:02,30,2,2,accumulation,goldSack,goldSack,gold,1,false,2250000,57140408331822,513491,5,5,15,11,0,0,0,0,1,133437,450000,57,15,29.7,bonus_as10_gae3_no,100,2575000,,,,,8,4,1,3,2,3,1,0,1,17,12,3,5,4,9,3,0,1
86025,2026-04-10 21:20:03,3,1,1,attack,coin,coin,gold,1,false,750000,57140409081822,513476,5,5,15,11,1,0,0,0,0,133437,450000,57,0,29.7,bonus_as10_gae3_no,100,2575000,,,,,9,5,1,3,2,3,1,0,1,18,13,3,5,4,9,3,0,1
86026,2026-04-10 21:20:04,30,2,2,accumulation,goldSack,goldSack,gold,1,false,2250000,57140411331822,513461,5,5,15,11,0,0,0,0,1,133452,450000,57,15,29.7,bonus_as10_gae3_no,100,2575000,,,,,10,5,1,3,2,4,1,0,1,19,13,3,5,4,10,3,0,1
86027,2026-04-10 21:20:05,1,6,6,coin,spins,spins,gold,1,false,375000,57140411706822,513446,5,5,15,11,0,0,0,2,0,133452,450000,57,0,29.7,bonus_as10_gae3_no,100,2575000,,,,,11,5,1,3,4,4,1,0,1,20,13,3,5,6,10,3,0,1
86028,2026-04-10 21:20:05,1,6,6,coin,spins,spins,gold,1,false,375000,57140412081822,513431,5,5,15,11,0,0,0,2,0,133452,450000,57,0,29.7,bonus_as10_gae3_no,100,2575000,,LongExtraDayReduced,,"{""slot_on_"":""42296\/62000@m28""}",12,5,1,3,6,4,1,0,1,21,13,3,5,8,10,3,0,1
86029,2026-04-10 21:20:06,2,2,2,goldSack,goldSack,goldSack,gold,1,true,33000000,57140445081822,513416,5,5,15,11,0,0,0,0,0,133452,450000,57,0,29.7,bonus_as10_gae3_no,100,2575000,,,,,13,5,1,3,6,4,1,0,1,22,13,3,5,8,10,3,0,1
86030,2026-04-10 21:20:07,4,6,2,steal,spins,goldSack,gold,1,false,1500000,57140446581822,513401,5,5,15,11,0,1,0,1,0,133452,450000,57,0,29.7,bonus_as10_gae3_no,100,2575000,,,LongExtraDayReduced,"{""slot_on_"":""42311\/62000@m28"",""c5261ecd"":""781\/4900@m93""}",14,5,2,3,7,4,1,0,1,23,13,4,5,9,10,3,0,1
86031,2026-04-10 21:20:08,30,30,1,accumulation,accumulation,coin,gold,1,false,375000,57140446956822,513386,5,5,15,11,0,0,0,0,2,133482,450000,57,30,29.7,bonus_as10_gae3_no,100,2575000,,,,,15,5,2,3,7,6,1,0,1,24,13,4,5,9,12,3,0,1
86032,2026-04-10 21:20:10,4,6,2,steal,spins,goldSack,gold,1,false,1500000,57140448456822,513371,5,5,15,11,0,1,0,1,0,133482,450000,57,0,29.7,bonus_as10_gae3_no,100,2575000,,,,,16,5,3,3,8,6,1,0,1,25,13,5,5,10,12,3,0,1
86033,2026-04-10 21:20:10,2,2,2,goldSack,goldSack,goldSack,gold,1,true,33000000,57140481456822,513356,5,5,15,11,0,0,0,0,0,133482,450000,57,0,29.7,bonus_as10_gae3_no,100,2575000,,,,,17,5,3,3,8,6,1,0,1,26,13,5,5,10,12,3,0,1
86034,2026-04-10 21:20:11,5,5,5,shield,shield,shield,shield,3,true,15,57140481456822,513356,5,5,15,11,0,0,3,0,0,133482,450000,57,0,29.7,bonus_as10_gae3_no,100,2575000,LongExtraDayReduced,LongExtraDayReduced,,"{""slot_on_"":""42341\/62000@m28""}",18,5,3,6,8,6,1,0,2,27,13,5,8,10,12,3,0,2
86035,2026-04-10 21:20:12,1,1,1,coin,coin,coin,gold,1,true,3750000,57140485206822,513341,5,5,15,11,0,0,0,0,0,133482,450000,57,0,29.7,bonus_as10_gae3_no,100,2575000,,,,,19,5,3,6,8,6,1,0,2,28,13,5,8,10,12,3,0,2
86036,2026-04-10 21:20:13,1,4,4,coin,steal,steal,gold,1,false,375000,57140485581822,513326,5,5,15,11,0,2,0,0,0,133482,450000,57,0,29.7,bonus_as10_gae3_no,100,2575000,,,LongExtraDayReduced,"{""slot_on_"":""42356\/62000@m28""}",20,5,5,6,8,6,1,0,2,29,13,7,8,10,12,3,0,2
86037,2026-04-10 21:20:14,1,1,1,coin,coin,coin,gold,1,true,3750000,57140489331822,513311,5,5,15,11,0,0,0,0,0,133482,450000,57,0,29.7,bonus_as10_gae3_no,100,2575000,,,,,21,5,5,6,8,6,1,0,2,30,13,7,8,10,12,3,0,2
86038,2026-04-10 21:20:14,4,6,2,steal,spins,goldSack,gold,1,false,1500000,57140490831822,513296,5,5,15,11,0,1,0,1,0,133482,450000,57,0,29.7,bonus_as10_gae3_no,100,2575000,,,,,22,5,6,6,9,6,1,0,2,31,13,8,8,11,12,3,0,2
86039,2026-04-10 21:20:15,30,2,2,accumulation,goldSack,goldSack,gold,1,false,2250000,57140493081822,513281,5,5,15,11,0,0,0,0,1,133497,450000,57,15,29.7,bonus_as10_gae3_no,100,2575000,,,,,23,5,6,6,9,7,1,0,2,32,13,8,8,11,13,3,0,2
86040,2026-04-10 21:20:16,2,2,2,goldSack,goldSack,goldSack,gold,1,true,33000000,57140526081822,513266,5,5,15,11,0,0,0,0,0,133497,450000,57,0,29.7,bonus_as10_gae3_no,100,2575000,,,,,24,5,6,6,9,7,1,0,2,33,13,8,8,11,13,3,0,2
86041,2026-04-10 21:20:17,30,2,2,accumulation,goldSack,goldSack,gold,1,false,2250000,57140528331822,513251,5,5,15,11,0,0,0,0,1,133512,450000,57,15,29.7,bonus_as10_gae3_no,100,2575000,,,,,25,5,6,6,9,8,1,0,2,34,13,8,8,11,14,3,0,2
86042,2026-04-10 21:20:18,1,4,4,coin,steal,steal,gold,1,false,375000,57140528706822,513236,5,5,15,11,0,2,0,0,0,133512,450000,57,0,29.7,bonus_as10_gae3_no,100,2575000,LongExtraDayReduced,,,"{""slot_on_"":""42371\/62000@m28""}",26,5,8,6,9,8,1,0,2,35,13,10,8,11,14,3,0,2
86043,2026-04-10 21:20:19,3,1,1,attack,coin,coin,gold,1,false,750000,57140529456822,513221,5,5,15,11,1,0,0,0,0,133512,450000,57,0,29.7,bonus_as10_gae3_no,100,2575000,,,,,27,6,8,6,9,8,1,0,2,36,14,10,8,11,14,3,0,2
86044,2026-04-10 21:20:20,30,2,2,accumulation,goldSack,goldSack,gold,1,false,2250000,57140531706822,513206,5,5,15,11,0,0,0,0,1,133527,450000,57,15,29.7,bonus_as10_gae3_no,100,2575000,,,,,28,6,8,6,9,9,1,0,2,37,14,10,8,11,15,3,0,2
86045,2026-04-10 21:20:21,4,4,4,steal,steal,steal,steal,4,true,0,57140531706822,513191,5,5,15,11,0,3,0,0,0,133527,450000,57,0,29.7,bonus_as10_gae3_no,100,2575000,LongExtraDayReduced,,LongExtraDayReduced,"{""slot_on_"":""42401\/62000@m28""}",29,6,11,6,9,9,1,1,2,38,14,13,8,11,15,3,1,2
86046,2026-04-10 21:20:28,3,1,1,attack,coin,coin,gold,1,false,750000,57145692966822,513176,5,5,15,11,1,0,0,0,0,133527,450000,57,0,29.7,bonus_as10_gae3_no,100,2575000,,,,,30,7,11,6,9,9,1,1,2,39,15,13,8,11,15,3,1,2
86047,2026-04-10 21:20:29,3,3,3,attack,attack,attack,attack,2,true,0,57145692966822,513161,5,5,15,11,3,0,0,0,0,133527,450000,57,0,29.7,bonus_as10_gae3_no,100,2575000,,,,,31,10,11,6,9,9,2,1,2,40,18,13,8,11,15,4,1,2
86048,2026-04-10 21:20:32,1,4,6,coin,steal,spins,gold,1,false,375000,57146113341822,513146,5,5,15,11,0,1,0,1,0,133527,450000,57,0,29.7,bonus_as10_gae3_no,100,2575000,LongExtraDayReduced,LongExtraDayReduced,,"{""slot_on_"":""42431\/62000@m28""}",32,10,12,6,10,9,2,1,2,41,18,14,8,12,15,4,1,2
86049,2026-04-10 21:20:33,1,1,1,coin,coin,coin,gold,1,true,3750000,57146117091822,513131,5,5,15,11,0,0,0,0,0,133527,450000,57,0,29.7,bonus_as10_gae3_no,100,2575000,,,,"{""c5261ecd"":""811\/4900@m93""}",33,10,12,6,10,9,2,1,2,42,18,14,8,12,15,4,1,2
86050,2026-04-10 21:20:34,3,3,2,attack,attack,goldSack,gold,1,false,1500000,57146118591822,513116,5,5,15,11,2,0,0,0,0,133527,450000,57,0,29.7,bonus_as10_gae3_no,100,2575000,,,,,34,12,12,6,10,9,2,1,2,43,20,14,8,12,15,4,1,2
86051,2026-04-10 21:20:35,4,6,2,steal,spins,goldSack,gold,1,false,1500000,57146120091822,513101,5,5,15,11,0,1,0,1,0,133527,450000,57,0,29.7,bonus_as10_gae3_no,100,2575000,LongExtraDayReduced,LongExtraDayReduced,LongExtraDayReduced,"{""slot_on_"":""42506\/62000@m28""}",35,12,13,6,11,9,2,1,2,44,20,15,8,13,15,4,1,2
86052,2026-04-10 21:20:36,3,1,5,attack,coin,shield,gold,1,false,375000,57146120466822,513086,5,5,15,11,1,0,1,0,0,133527,450000,57,0,29.7,bonus_as10_gae3_no,100,2575000,,,,,36,13,13,7,11,9,2,1,2,45,21,15,9,13,15,4,1,2
86053,2026-04-10 21:20:36,3,4,2,attack,steal,goldSack,gold,1,false,1500000,57146121966822,513071,5,5,15,11,1,1,0,0,0,133527,450000,57,0,29.7,bonus_as10_gae3_no,100,2575000,,,,,37,14,14,7,11,9,2,1,2,46,22,16,9,13,15,4,1,2
86054,2026-04-10 21:20:37,30,2,2,accumulation,goldSack,goldSack,gold,1,false,2250000,57146124216822,513056,5,5,15,11,0,0,0,0,1,133542,450000,57,15,29.7,bonus_as10_gae3_no,100,2575000,,,,,38,14,14,7,11,10,2,1,2,47,22,16,9,13,16,4,1,2
86055,2026-04-10 21:20:38,30,2,2,accumulation,goldSack,goldSack,gold,1,false,2250000,57146126466822,513041,5,5,15,11,0,0,0,0,1,133557,450000,57,15,29.7,bonus_as10_gae3_no,100,2575000,LongExtraDayReduced,,,"{""slot_on_"":""42521\/62000@m28""}",39,14,14,7,11,11,2,1,2,48,22,16,9,13,17,4,1,2
86056,2026-04-10 21:20:40,4,6,2,steal,spins,goldSack,gold,1,false,1500000,57146127966822,513026,5,5,15,11,0,1,0,1,0,133557,450000,57,0,29.7,bonus_as10_gae3_no,100,2575000,,,,,40,14,15,7,12,11,2,1,2,49,22,17,9,14,17,4,1,2
86057,2026-04-10 21:20:41,1,1,1,coin,coin,coin,gold,1,true,3750000,57146131716822,513011,5,5,15,11,0,0,0,0,0,133557,450000,57,0,29.7,bonus_as10_gae3_no,100,2575000,LongExtraDayReduced,,,"{""slot_on_"":""42536\/62000@m28""}",41,14,15,7,12,11,2,1,2,50,22,17,9,14,17,4,1,2
86058,2026-04-10 21:20:42,30,2,2,accumulation,goldSack,goldSack,gold,1,false,2250000,57146133966822,512996,5,5,15,11,0,0,0,0,1,133572,450000,57,15,29.7,bonus_as10_gae3_no,100,2575000,,,,,42,14,15,7,12,12,2,1,2,51,22,17,9,14,18,4,1,2
86059,2026-04-10 21:20:43,30,30,1,accumulation,accumulation,coin,gold,1,false,375000,57146134341822,512981,5,5,15,11,0,0,0,0,2,133602,450000,57,30,29.7,bonus_as10_gae3_no,100,2575000,,,,"{""c5261ecd"":""841\/4900@m93""}",43,14,15,7,12,14,2,1,2,52,22,17,9,14,20,4,1,2
86060,2026-04-10 21:20:44,3,1,1,attack,coin,coin,gold,1,false,750000,57146135091822,512966,5,5,15,11,1,0,0,0,0,133602,450000,57,0,29.7,bonus_as10_gae3_no,100,2575000,,,,,44,15,15,7,12,14,2,1,2,53,23,17,9,14,20,4,1,2
86061,2026-04-10 21:20:45,30,2,2,accumulation,goldSack,goldSack,gold,1,false,2250000,57146137341822,512951,5,5,15,11,0,0,0,0,1,133617,450000,57,15,29.7,bonus_as10_gae3_no,100,2575000,,LongExtraDayReduced,,"{""slot_on_"":""42551\/62000@m28""}",45,15,15,7,12,15,2,1,2,54,23,17,9,14,21,4,1,2
86062,2026-04-10 21:20:46,1,1,1,coin,coin,coin,gold,1,true,3750000,57146141091822,512936,5,5,15,11,0,0,0,0,0,133617,450000,57,0,29.7,bonus_as10_gae3_no,100,2575000,,,LongExtraDayReduced,"{""slot_on_"":""42566\/62000@m28""}",46,15,15,7,12,15,2,1,2,55,23,17,9,14,21,4,1,2
86063,2026-04-10 21:20:47,1,5,5,coin,shield,shield,gold,1,false,375000,57146141466822,512921,5,5,15,11,0,0,2,0,0,133617,450000,57,0,29.7,bonus_as10_gae3_no,100,2575000,,,,,47,15,15,9,12,15,2,1,2,56,23,17,11,14,21,4,1,2
86064,2026-04-10 21:20:47,3,1,1,attack,coin,coin,gold,1,false,750000,57146142216822,512906,5,5,15,11,1,0,0,0,0,133617,450000,57,0,29.7,bonus_as10_gae3_no,100,2575000,,LongExtraDayReduced,,"{""slot_on_"":""42581\/62000@m28""}",48,16,15,9,12,15,2,1,2,57,24,17,11,14,21,4,1,2
86065,2026-04-10 21:20:48,1,4,4,coin,steal,steal,gold,1,false,375000,57146142591822,512891,5,5,15,11,0,2,0,0,0,133617,450000,57,0,29.7,bonus_as10_gae3_no,100,2575000,,,,,49,16,17,9,12,15,2,1,2,58,24,19,11,14,21,4,1,2
86066,2026-04-10 21:20:49,30,30,1,accumulation,accumulation,coin,gold,1,false,375000,57146142966822,512876,5,5,15,11,0,0,0,0,2,133647,450000,57,30,29.7,bonus_as10_gae3_no,100,2575000,,LongExtraDayReduced,,"{""slot_on_"":""42596\/62000@m28""}",50,16,17,9,12,17,2,1,2,59,24,19,11,14,23,4,1,2
86067,2026-04-10 21:20:50,4,6,2,steal,spins,goldSack,gold,1,false,1500000,57146144466822,512861,5,5,15,11,0,1,0,1,0,133647,450000,57,0,29.7,bonus_as10_gae3_no,100,2575000,,,,,51,16,18,9,13,17,2,1,2,60,24,20,11,15,23,4,1,2
86068,2026-04-10 21:20:51,4,4,4,steal,steal,steal,steal,4,true,0,57146144466822,512846,5,5,15,11,0,3,0,0,0,133647,450000,57,0,29.7,bonus_as10_gae3_no,100,2575000,,,,,52,16,21,9,13,17,2,2,2,61,24,23,11,15,23,4,2,2
86069,2026-04-10 21:21:01,2,2,2,goldSack,goldSack,goldSack,gold,1,true,33000000,57153258854022,512831,5,5,15,11,0,0,0,0,0,133647,450000,57,0,29.7,bonus_as10_gae3_no,100,2575000,,,,,53,16,21,9,13,17,2,2,2,62,24,23,11,15,23,4,2,2
86070,2026-04-10 21:21:01,2,2,2,goldSack,goldSack,goldSack,gold,1,true,33000000,57153291854022,512816,5,5,15,11,0,0,0,0,0,133647,450000,57,0,29.7,bonus_as10_gae3_no,100,2575000,,,,,54,16,21,9,13,17,2,2,2,63,24,23,11,15,23,4,2,2
86071,2026-04-10 21:21:02,1,4,6,coin,steal,spins,gold,1,false,375000,57153292229022,512801,5,5,15,11,0,1,0,1,0,133647,450000,57,0,29.7,bonus_as10_gae3_no,100,2575000,,LongExtraDayReduced,,"{""slot_on_"":""42611\/62000@m28""}",55,16,22,9,14,17,2,2,2,64,24,24,11,16,23,4,2,2
86072,2026-04-10 21:21:03,1,6,6,coin,spins,spins,gold,1,false,375000,57153292604022,512786,5,5,15,11,0,0,0,2,0,133647,450000,57,0,29.7,bonus_as10_gae3_no,100,2575000,,,,,56,16,22,9,16,17,2,2,2,65,24,24,11,18,23,4,2,2
86073,2026-04-10 21:21:04,3,3,3,attack,attack,attack,attack,2,true,0,57153292604022,512771,5,5,15,11,3,0,0,0,0,133647,450000,57,0,29.7,bonus_as10_gae3_no,100,2575000,,,LongExtraDayReduced,"{""slot_on_"":""42626\/62000@m28""}",57,19,22,9,16,17,3,2,2,66,27,24,11,18,23,5,2,2
86074,2026-04-10 21:21:08,3,3,2,attack,attack,goldSack,gold,1,false,1500000,57153432704022,512756,5,5,15,11,2,0,0,0,0,133647,450000,57,0,29.7,bonus_as10_gae3_no,100,2575000,,LongExtraDayReduced,,"{""slot_on_"":""42641\/62000@m28""}",58,21,22,9,16,17,3,2,2,67,29,24,11,18,23,5,2,2
86075,2026-04-10 21:21:09,5,5,5,shield,shield,shield,shield,3,true,15,57153432704022,512756,5,5,15,11,0,0,3,0,0,133647,450000,57,0,29.7,bonus_as10_gae3_no,100,2575000,,,,"{""c5261ecd"":""871\/4900@m93""}",59,21,22,12,16,17,3,2,3,68,29,24,14,18,23,5,2,3
86076,2026-04-10 21:21:10,30,2,2,accumulation,goldSack,goldSack,gold,1,false,2250000,57153434954022,512741,5,5,15,11,0,0,0,0,1,133662,450000,57,15,29.7,bonus_as10_gae3_no,100,2575000,,,,,60,21,22,12,16,18,3,2,3,69,29,24,14,18,24,5,2,3
86077,2026-04-10 21:21:11,4,6,2,steal,spins,goldSack,gold,1,false,1500000,57153436454022,512726,5,5,15,11,0,1,0,1,0,133662,450000,57,0,29.7,bonus_as10_gae3_no,100,2575000,,,LongExtraDayReduced,"{""slot_on_"":""42656\/62000@m28""}",61,21,23,12,17,18,3,2,3,70,29,25,14,19,24,5,2,3
86078,2026-04-10 21:21:12,4,6,2,steal,spins,goldSack,gold,1,false,1500000,57153437954022,512711,5,5,15,11,0,1,0,1,0,133662,450000,57,0,29.7,bonus_as10_gae3_no,100,2575000,,,,,62,21,24,12,18,18,3,2,3,71,29,26,14,20,24,5,2,3
86079,2026-04-10 21:21:12,3,3,3,attack,attack,attack,attack,2,true,0,57153437954022,512696,5,5,15,11,3,0,0,0,0,133662,450000,57,0,29.7,bonus_as10_gae3_no,100,2575000,,,,,63,24,24,12,18,18,4,2,3,72,32,26,14,20,24,6,2,3
86080,2026-04-10 21:21:16,3,3,3,attack,attack,attack,attack,2,true,0,57153576554022,512681,5,5,15,11,3,0,0,0,0,133662,450000,57,0,29.7,bonus_as10_gae3_no,100,2575000,,,,,64,27,24,12,18,18,5,2,3,73,35,26,14,20,24,7,2,3
86081,2026-04-10 21:21:20,3,1,1,attack,coin,coin,gold,1,false,750000,57153715904022,512666,5,5,15,11,1,0,0,0,0,133662,450000,57,0,29.7,bonus_as10_gae3_no,100,2575000,,,,,65,28,24,12,18,18,5,2,3,74,36,26,14,20,24,7,2,3
86082,2026-04-10 21:21:20,3,1,5,attack,coin,shield,gold,1,false,375000,57153716279022,512651,5,5,15,11,1,0,1,0,0,133662,450000,57,0,29.7,bonus_as10_gae3_no,100,2575000,,,LongExtraDayReduced,"{""slot_on_"":""42671\/62000@m28""}",66,29,24,13,18,18,5,2,3,75,37,26,15,20,24,7,2,3
86083,2026-04-10 21:21:22,3,3,3,attack,attack,attack,attack,2,true,0,57153716279022,512601,5,5,50,11,3,0,0,0,0,133662,450000,57,0,29.7,bonus_as10_gae3_no,100,2575000,,,,,67,32,24,13,18,18,6,2,3,76,40,26,15,20,24,8,2,3
86084,2026-04-10 21:21:26,1,4,5,coin,steal,shield,gold,1,false,1250000,57154179529022,512551,5,5,50,11,0,1,1,0,0,133662,450000,57,0,29.7,bonus_as10_gae3_no,100,2575000,,,,,68,32,25,14,18,18,6,2,3,77,40,27,16,20,24,8,2,3
86085,2026-04-10 21:21:27,30,2,2,accumulation,goldSack,goldSack,gold,1,false,7500000,57154187029022,512501,5,5,50,11,0,0,0,0,1,133712,450000,57,50,29.7,bonus_as10_gae3_no,100,2575000,LongExtraDayReduced,,,"{""slot_on_"":""42721\/62000@m28""}",69,32,25,14,18,19,6,2,3,78,40,27,16,20,25,8,2,3
86086,2026-04-10 21:21:28,2,2,2,goldSack,goldSack,goldSack,gold,1,true,110000000,57154297029022,512451,5,5,50,11,0,0,0,0,0,133712,450000,57,0,29.7,bonus_as10_gae3_no,100,2575000,,,,,70,32,25,14,18,19,6,2,3,79,40,27,16,20,25,8,2,3
86087,2026-04-10 21:21:29,3,4,2,attack,steal,goldSack,gold,1,false,5000000,57154302029022,512401,5,5,50,11,1,1,0,0,0,133712,450000,57,0,29.7,bonus_as10_gae3_no,100,2575000,,,,,71,33,26,14,18,19,6,2,3,80,41,28,16,20,25,8,2,3
86088,2026-04-10 21:21:30,3,3,1,attack,attack,coin,gold,1,false,1250000,57154303279022,512351,5,5,50,11,2,0,0,0,0,133712,450000,57,0,29.7,bonus_as10_gae3_no,100,2575000,,,,,72,35,26,14,18,19,6,2,3,81,43,28,16,20,25,8,2,3
86089,2026-04-10 21:21:31,30,30,1,accumulation,accumulation,coin,gold,1,false,1250000,57154304529022,512301,5,5,50,11,0,0,0,0,2,133812,450000,57,100,29.7,bonus_as10_gae3_no,100,2575000,,,,,73,35,26,14,18,21,6,2,3,82,43,28,16,20,27,8,2,3
86090,2026-04-10 21:21:32,3,4,2,attack,steal,goldSack,gold,1,false,5000000,57154309529022,512251,5,5,50,11,1,1,0,0,0,133812,450000,57,0,29.7,bonus_as10_gae3_no,100,2575000,,,,"{""c5261ecd"":""971\/4900@m93""}",74,36,27,14,18,21,6,2,3,83,44,29,16,20,27,8,2,3
86091,2026-04-10 21:21:33,1,1,1,coin,coin,coin,gold,1,true,12500000,57154322029022,512201,5,5,50,11,0,0,0,0,0,133812,450000,57,0,29.7,bonus_as10_gae3_no,100,2575000,,,LongExtraDayReduced,"{""slot_on_"":""42771\/62000@m28""}",75,36,27,14,18,21,6,2,3,84,44,29,16,20,27,8,2,3
86092,2026-04-10 21:21:33,3,4,2,attack,steal,goldSack,gold,1,false,5000000,57154327029022,512151,5,5,50,11,1,1,0,0,0,133812,450000,57,0,29.7,bonus_as10_gae3_no,100,2575000,,,,,76,37,28,14,18,21,6,2,3,85,45,30,16,20,27,8,2,3
86093,2026-04-10 21:21:34,2,2,2,goldSack,goldSack,goldSack,gold,1,true,110000000,57154437029022,512101,5,5,50,11,0,0,0,0,0,133812,450000,57,0,29.7,bonus_as10_gae3_no,100,2575000,,,,,77,37,28,14,18,21,6,2,3,86,45,30,16,20,27,8,2,3
86094,2026-04-10 21:21:35,1,4,4,coin,steal,steal,gold,1,false,1250000,57154438279022,512051,5,5,50,11,0,2,0,0,0,133812,450000,57,0,29.7,bonus_as10_gae3_no,100,2575000,,,,,78,37,30,14,18,21,6,2,3,87,45,32,16,20,27,8,2,3
86095,2026-04-10 21:21:35,3,3,3,attack,attack,attack,attack,2,true,0,57154438279022,512001,5,5,50,11,3,0,0,0,0,133812,450000,57,0,29.7,bonus_as10_gae3_no,100,2575000,,,,,79,40,30,14,18,21,7,2,3,88,48,32,16,20,27,9,2,3
86096,2026-04-10 21:21:39,1,1,6,coin,coin,spins,gold,1,false,2500000,57155840779022,511951,5,5,50,11,0,0,0,1,0,133812,450000,57,0,29.7,bonus_as10_gae3_no,100,2575000,,,,,80,40,30,14,19,21,7,2,3,89,48,32,16,21,27,9,2,3
86097,2026-04-10 21:21:40,3,4,2,attack,steal,goldSack,gold,1,false,5000000,57155845779022,511901,5,5,50,11,1,1,0,0,0,133812,450000,57,0,29.7,bonus_as10_gae3_no,100,2575000,,,,,81,41,31,14,19,21,7,2,3,90,49,33,16,21,27,9,2,3
86098,2026-04-10 21:21:41,30,2,2,accumulation,goldSack,goldSack,gold,1,false,7500000,57155853279022,511851,5,5,50,11,0,0,0,0,1,133862,450000,57,50,29.7,bonus_as10_gae3_no,100,2575000,,,,,82,41,31,14,19,22,7,2,3,91,49,33,16,21,28,9,2,3
86099,2026-04-10 21:21:42,4,4,4,steal,steal,steal,steal,4,true,0,57155853279022,511801,5,5,50,11,0,3,0,0,0,133862,450000,57,0,29.7,bonus_as10_gae3_no,100,2575000,,,,"{""c5261ecd"":""1071\/4900@m93""}",83,41,34,14,19,22,7,3,3,92,49,36,16,21,28,9,3,3
86100,2026-04-10 21:21:48,5,2,2,shield,goldSack,goldSack,gold,1,false,7500000,57191043327022,511751,5,5,50,11,0,0,1,0,0,133862,450000,57,0,29.7,bonus_as10_gae3_no,100,2575000,,LongExtraDayReduced,,"{""slot_on_"":""42821\/62000@m28""}",84,41,34,15,19,22,7,3,3,93,49,36,17,21,28,9,3,3
86101,2026-04-10 21:21:49,3,3,1,attack,attack,coin,gold,1,false,1250000,57191044577022,511701,5,5,50,11,2,0,0,0,0,133862,450000,57,0,29.7,bonus_as10_gae3_no,100,2575000,,,,,85,43,34,15,19,22,7,3,3,94,51,36,17,21,28,9,3,3
86102,2026-04-10 21:21:50,30,2,2,accumulation,goldSack,goldSack,gold,1,false,7500000,57191052077022,511651,5,5,50,11,0,0,0,0,1,133912,450000,57,50,29.8,bonus_as10_gae3_no,100,2575000,,LongExtraDayReduced,,"{""slot_on_"":""42871\/62000@m28""}",86,43,34,15,19,23,7,3,3,95,51,36,17,21,29,9,3,3
86103,2026-04-10 21:21:51,1,1,6,coin,coin,spins,gold,1,false,2500000,57191054577022,511601,5,5,50,11,0,0,0,1,0,133912,450000,57,0,29.8,bonus_as10_gae3_no,100,2575000,,,,,87,43,34,15,20,23,7,3,3,96,51,36,17,22,29,9,3,3
86104,2026-04-10 21:21:52,3,4,2,attack,steal,goldSack,gold,1,false,5000000,57191059577022,511551,5,5,50,11,1,1,0,0,0,133912,450000,57,0,29.8,bonus_as10_gae3_no,100,2575000,,,,,88,44,35,15,20,23,7,3,3,97,52,37,17,22,29,9,3,3
86105,2026-04-10 21:21:53,5,5,5,shield,shield,shield,shield,3,true,50,57191059577022,511551,5,5,50,11,0,0,3,0,0,133912,450000,57,0,29.8,bonus_as10_gae3_no,100,2575000,,,,,89,44,35,18,20,23,7,3,4,98,52,37,20,22,29,9,3,4
86106,2026-04-10 21:21:54,1,6,6,coin,spins,spins,gold,1,false,1250000,57191060827022,511501,5,5,50,11,0,0,0,2,0,133912,450000,57,0,29.8,bonus_as10_gae3_no,100,2575000,,,,,90,44,35,18,22,23,7,3,4,99,52,37,20,24,29,9,3,4
86107,2026-04-10 21:21:55,5,5,5,shield,shield,shield,shield,3,true,50,57191060827022,511501,5,5,50,11,0,0,3,0,0,133912,450000,57,0,29.8,bonus_as10_gae3_no,100,2575000,,,,,91,44,35,21,22,23,7,3,5,100,52,37,23,24,29,9,3,5
86108,2026-04-10 21:21:56,30,30,30,accumulation,accumulation,accumulation,gold,10,true,0,57191060827022,511451,5,5,50,11,0,0,0,0,3,134412,450000,57,500,29.9,bonus_as10_gae3_no,100,2575000,,,,,92,44,35,21,22,26,7,3,5,101,52,37,23,24,32,9,3,5
86109,2026-04-10 21:22:00,1,1,6,coin,coin,spins,gold,1,false,50000,57191060877022,511450,5,5,1,11,0,0,0,1,0,134412,450000,57,0,29.9,bonus_as10_gae3_no,100,2575000,,LongExtraDayReduced,LongExtraDayReduced,"{""slot_on_"":""42873\/62000@m28""}",1,0,0,0,1,0,0,0,0,102,52,37,23,25,32,9,3,5
86110,2026-04-10 21:22:03,30,30,1,accumulation,accumulation,coin,gold,1,false,375000,57191061252022,511435,5,5,15,11,0,0,0,0,2,134442,450000,57,30,29.9,bonus_as10_gae3_no,100,2575000,,,,,2,0,0,0,1,2,0,0,0,103,52,37,23,25,34,9,3,5
86111,2026-04-10 21:22:04,2,2,2,goldSack,goldSack,goldSack,gold,1,true,33000000,57191094252022,511420,5,5,15,11,0,0,0,0,0,134442,450000,57,0,29.9,bonus_as10_gae3_no,100,2575000,,,,,3,0,0,0,1,2,0,0,0,104,52,37,23,25,34,9,3,5
86112,2026-04-10 21:22:05,30,2,2,accumulation,goldSack,goldSack,gold,1,false,2250000,57191096502022,511405,5,5,15,11,0,0,0,0,1,134457,450000,57,15,29.9,bonus_as10_gae3_no,100,2575000,LongExtraDayReduced,LongExtraDayReduced,,"{""slot_on_"":""42903\/62000@m28""}",4,0,0,0,1,3,0,0,0,105,52,37,23,25,35,9,3,5
86113,2026-04-10 21:22:06,5,5,5,shield,shield,shield,shield,3,true,15,57191096502022,511405,5,5,15,11,0,0,3,0,0,134457,450000,57,0,29.9,bonus_as10_gae3_no,100,2575000,,,,,5,0,0,3,1,3,0,0,1,106,52,37,26,25,35,9,3,6
86114,2026-04-10 21:22:07,30,2,2,accumulation,goldSack,goldSack,gold,1,false,2250000,57191098752022,511390,5,5,15,11,0,0,0,0,1,134472,450000,57,15,29.9,bonus_as10_gae3_no,100,2575000,,,,,6,0,0,3,1,4,0,0,1,107,52,37,26,25,36,9,3,6
86115,2026-04-10 21:22:08,1,1,1,coin,coin,coin,gold,1,true,3750000,57191102502022,511375,5,5,15,11,0,0,0,0,0,134472,450000,57,0,29.9,bonus_as10_gae3_no,100,2575000,,LongExtraDayReduced,,"{""slot_on_"":""42918\/62000@m28""}",7,0,0,3,1,4,0,0,1,108,52,37,26,25,36,9,3,6
86116,2026-04-10 21:22:10,3,5,2,attack,shield,goldSack,gold,1,false,1500000,57191104002022,511360,5,5,15,11,1,0,1,0,0,134472,450000,57,0,29.9,bonus_as10_gae3_no,100,2575000,,,,,8,1,0,4,1,4,0,0,1,109,53,37,27,25,36,9,3,6
86117,2026-04-10 21:22:11,3,5,2,attack,shield,goldSack,gold,1,false,1500000,57191105502022,511345,5,5,15,11,1,0,1,0,0,134472,450000,57,0,29.9,bonus_as10_gae3_no,100,2575000,,,,,9,2,0,5,1,4,0,0,1,110,54,37,28,25,36,9,3,6
86118,2026-04-10 21:22:12,1,4,4,coin,steal,steal,gold,1,false,375000,57191105877022,511330,5,5,15,11,0,2,0,0,0,134472,450000,57,0,29.9,bonus_as10_gae3_no,100,2575000,,,,,10,2,2,5,1,4,0,0,1,111,54,39,28,25,36,9,3,6
86119,2026-04-10 21:22:13,3,3,2,attack,attack,goldSack,gold,1,false,1500000,57191107377022,511315,5,5,15,11,2,0,0,0,0,134472,450000,57,0,29.9,bonus_as10_gae3_no,100,2575000,,,,,11,4,2,5,1,4,0,0,1,112,56,39,28,25,36,9,3,6
86120,2026-04-10 21:22:13,1,1,4,coin,coin,steal,gold,1,false,750000,57191108127022,511300,5,5,15,11,0,1,0,0,0,134472,450000,57,0,29.9,bonus_as10_gae3_no,100,2575000,,,,,12,4,3,5,1,4,0,0,1,113,56,40,28,25,36,9,3,6
86121,2026-04-10 21:22:14,30,2,2,accumulation,goldSack,goldSack,gold,1,false,2250000,57191110377022,511285,5,5,15,11,0,0,0,0,1,134487,450000,57,15,29.9,bonus_as10_gae3_no,100,2575000,,,,,13,4,3,5,1,5,0,0,1,114,56,40,28,25,37,9,3,6
86122,2026-04-10 21:22:15,3,3,2,attack,attack,goldSack,gold,1,false,1500000,57191111877022,511270,5,5,15,11,2,0,0,0,0,134487,450000,57,0,29.9,bonus_as10_gae3_no,100,2575000,LongExtraDayReduced,LongExtraDayReduced,,"{""slot_on_"":""42948\/62000@m28"",""c5261ecd"":""1101\/4900@m93""}",14,6,3,5,1,5,0,0,1,115,58,40,28,25,37,9,3,6
86123,2026-04-10 21:22:16,30,2,2,accumulation,goldSack,goldSack,gold,1,false,2250000,57191114127022,511255,5,5,15,11,0,0,0,0,1,134502,450000,57,15,29.9,bonus_as10_gae3_no,100,2575000,,,,,15,6,3,5,1,6,0,0,1,116,58,40,28,25,38,9,3,6
86124,2026-04-10 21:22:17,2,2,2,goldSack,goldSack,goldSack,gold,1,true,33000000,57191147127022,511240,5,5,15,11,0,0,0,0,0,134502,450000,57,0,29.9,bonus_as10_gae3_no,100,2575000,,,,,16,6,3,5,1,6,0,0,1,117,58,40,28,25,38,9,3,6
86125,2026-04-10 21:22:18,1,4,6,coin,steal,spins,gold,1,false,375000,57191147502022,511225,5,5,15,11,0,1,0,1,0,134502,450000,57,0,29.9,bonus_as10_gae3_no,100,2575000,,,,,17,6,4,5,2,6,0,0,1,118,58,41,28,26,38,9,3,6
86126,2026-04-10 21:22:19,3,3,3,attack,attack,attack,attack,2,true,0,57191147502022,511210,5,5,15,11,3,0,0,0,0,134502,450000,57,0,29.9,bonus_as10_gae3_no,100,2575000,,,,,18,9,4,5,2,6,1,0,1,119,61,41,28,26,38,10,3,6
86127,2026-04-10 21:22:23,3,5,2,attack,shield,goldSack,gold,1,false,1500000,57191569002022,511195,5,5,15,11,1,0,1,0,0,134502,450000,57,0,29.9,bonus_as10_gae3_no,100,2575000,,,,,19,10,4,6,2,6,1,0,1,120,62,41,29,26,38,10,3,6
86128,2026-04-10 21:22:23,1,4,6,coin,steal,spins,gold,1,false,375000,57191569377022,511180,5,5,15,11,0,1,0,1,0,134502,450000,57,0,29.9,bonus_as10_gae3_no,100,2575000,,,,,20,10,5,6,3,6,1,0,1,121,62,42,29,27,38,10,3,6
86129,2026-04-10 21:22:24,3,1,6,attack,coin,spins,gold,1,false,375000,57191569752022,511165,5,5,15,11,1,0,0,1,0,134502,450000,57,0,29.9,bonus_as10_gae3_no,100,2575000,LongExtraDayReduced,LongExtraDayReduced,,"{""slot_on_"":""42978\/62000@m28""}",21,11,5,6,4,6,1,0,1,122,63,42,29,28,38,10,3,6
86130,2026-04-10 21:22:25,3,1,6,attack,coin,spins,gold,1,false,375000,57191570127022,511150,5,5,15,11,1,0,0,1,0,134502,450000,57,0,29.9,bonus_as10_gae3_no,100,2575000,,,,,22,12,5,6,5,6,1,0,1,123,64,42,29,29,38,10,3,6
86131,2026-04-10 21:22:26,3,1,6,attack,coin,spins,gold,1,false,375000,57191570502022,511135,5,5,15,11,1,0,0,1,0,134502,450000,57,0,29.9,bonus_as10_gae3_no,100,2575000,,,,,23,13,5,6,6,6,1,0,1,124,65,42,29,30,38,10,3,6
86132,2026-04-10 21:22:27,3,5,2,attack,shield,goldSack,gold,1,false,1500000,57191572002022,511120,5,5,15,11,1,0,1,0,0,134502,450000,57,0,29.9,bonus_as10_gae3_no,100,2575000,,,,,24,14,5,7,6,6,1,0,1,125,66,42,30,30,38,10,3,6
86133,2026-04-10 21:22:27,4,4,4,steal,steal,steal,steal,4,true,0,57191572002022,511105,5,5,15,11,0,3,0,0,0,134502,450000,57,0,29.9,bonus_as10_gae3_no,100,2575000,,,,,25,14,8,7,6,6,1,1,1,126,66,45,30,30,38,10,4,6
86134,2026-04-10 21:22:35,30,30,1,accumulation,accumulation,coin,gold,1,false,375000,57193871815822,511090,5,5,15,11,0,0,0,0,2,134532,450000,57,30,29.9,bonus_as10_gae3_no,100,2575000,,,LongExtraDayReduced,"{""slot_on_"":""42993\/62000@m28""}",26,14,8,7,6,8,1,1,1,127,66,45,30,30,40,10,4,6
86135,2026-04-10 21:22:37,1,1,4,coin,coin,steal,gold,1,false,750000,57193872565822,511075,5,5,15,11,0,1,0,0,0,134532,450000,57,0,29.9,bonus_as10_gae3_no,100,2575000,,LongExtraDayReduced,,"{""slot_on_"":""43008\/62000@m28"",""c5261ecd"":""1131\/4900@m93""}",27,14,9,7,6,8,1,1,1,128,66,46,30,30,40,10,4,6
86136,2026-04-10 21:22:38,1,4,6,coin,steal,spins,gold,1,false,375000,57193872940822,511060,5,5,15,11,0,1,0,1,0,134532,450000,57,0,29.9,bonus_as10_gae3_no,100,2575000,,,,,28,14,10,7,7,8,1,1,1,129,66,47,30,31,40,10,4,6
86137,2026-04-10 21:22:39,1,1,1,coin,coin,coin,gold,1,true,3750000,57193876690822,511045,5,5,15,11,0,0,0,0,0,134532,450000,57,0,29.9,bonus_as10_gae3_no,100,2575000,,,,,29,14,10,7,7,8,1,1,1,130,66,47,30,31,40,10,4,6
86138,2026-04-10 21:22:39,1,1,1,coin,coin,coin,gold,1,true,3750000,57193880440822,511030,5,5,15,11,0,0,0,0,0,134532,450000,57,0,29.9,bonus_as10_gae3_no,100,2575000,,,,,30,14,10,7,7,8,1,1,1,131,66,47,30,31,40,10,4,6
86139,2026-04-10 21:22:40,2,2,2,goldSack,goldSack,goldSack,gold,1,true,33000000,57193913440822,511015,5,5,15,11,0,0,0,0,0,134532,450000,57,0,29.9,bonus_as10_gae3_no,100,2575000,LongExtraDayReduced,,,"{""slot_on_"":""43023\/62000@m28""}",31,14,10,7,7,8,1,1,1,132,66,47,30,31,40,10,4,6
86140,2026-04-10 21:22:41,2,2,2,goldSack,goldSack,goldSack,gold,1,true,33000000,57193946440822,511000,5,5,15,11,0,0,0,0,0,134532,450000,57,0,29.9,bonus_as10_gae3_no,100,2575000,,,,,32,14,10,7,7,8,1,1,1,133,66,47,30,31,40,10,4,6
86141,2026-04-10 21:22:42,4,4,4,steal,steal,steal,steal,4,true,0,57193946440822,510985,5,5,15,11,0,3,0,0,0,134532,450000,57,0,29.9,bonus_as10_gae3_no,100,2575000,,,,,33,14,13,7,7,8,1,2,1,134,66,50,30,31,40,10,5,6
86142,2026-04-10 21:22:50,3,3,3,attack,attack,attack,attack,2,true,0,57198689224822,510970,5,5,15,11,3,0,0,0,0,134532,450000,57,0,29.9,bonus_as10_gae3_no,100,2575000,,,,,34,17,13,7,7,8,2,2,1,135,69,50,30,31,40,11,5,6
86143,2026-04-10 21:22:54,4,6,2,steal,spins,goldSack,gold,1,false,1500000,57199110724822,510955,5,5,15,11,0,1,0,1,0,134532,450000,57,0,29.9,bonus_as10_gae3_no,100,2575000,,,,,35,17,14,7,8,8,2,2,1,136,69,51,30,32,40,11,5,6
86144,2026-04-10 21:22:55,30,2,2,accumulation,goldSack,goldSack,gold,1,false,2250000,57199112974822,510940,5,5,15,11,0,0,0,0,1,134547,450000,57,15,29.9,bonus_as10_gae3_no,100,2575000,,,,"{""c5261ecd"":""1161\/4900@m93""}",36,17,14,7,8,9,2,2,1,137,69,51,30,32,41,11,5,6
86145,2026-04-10 21:22:56,5,5,5,shield,shield,shield,shield,3,true,15,57199112974822,510940,5,5,15,11,0,0,3,0,0,134547,450000,57,0,29.9,bonus_as10_gae3_no,100,2575000,,,,,37,17,14,10,8,9,2,2,2,138,69,51,33,32,41,11,5,7
86146,2026-04-10 21:22:57,30,2,2,accumulation,goldSack,goldSack,gold,1,false,2250000,57199115224822,510925,5,5,15,11,0,0,0,0,1,134562,450000,57,15,29.9,bonus_as10_gae3_no,100,2575000,LongExtraDayReduced,,,"{""slot_on_"":""43038\/62000@m28""}",38,17,14,10,8,10,2,2,2,139,69,51,33,32,42,11,5,7
86147,2026-04-10 21:22:58,6,6,6,spins,spins,spins,spins,5,true,150,57199115224822,511060,5,5,15,11,0,0,0,3,0,134562,450000,57,0,29.9,bonus_as10_gae3_no,100,2575000,,,,,39,17,14,10,11,10,2,2,2,140,69,51,33,35,42,11,5,7
86148,2026-04-10 21:23:00,1,1,4,coin,coin,steal,gold,1,false,750000,57199115974822,511045,5,5,15,11,0,1,0,0,0,134562,450000,57,0,29.9,bonus_as10_gae3_no,100,2575000,,,,,40,17,15,10,11,10,2,2,2,1,0,1,0,0,0,0,0,0
86149,2026-04-10 21:23:00,1,1,4,coin,coin,steal,gold,1,false,750000,57199116724822,511030,5,5,15,11,0,1,0,0,0,134562,450000,57,0,29.9,bonus_as10_gae3_no,100,2575000,,,,,41,17,16,10,11,10,2,2,2,2,0,2,0,0,0,0,0,0
86150,2026-04-10 21:23:01,4,6,2,steal,spins,goldSack,gold,1,false,1500000,57199118224822,511015,5,5,15,11,0,1,0,1,0,134562,450000,57,0,29.9,bonus_as10_gae3_no,100,2575000,,LongExtraDayReduced,,"{""slot_on_"":""43053\/62000@m28""}",42,17,17,10,12,10,2,2,2,3,0,3,0,1,0,0,0,0
86151,2026-04-10 21:23:02,1,1,4,coin,coin,steal,gold,1,false,750000,57199118974822,511000,5,5,15,11,0,1,0,0,0,134562,450000,57,0,29.9,bonus_as10_gae3_no,100,2575000,,,,,43,17,18,10,12,10,2,2,2,4,0,4,0,1,0,0,0,0
86152,2026-04-10 21:23:03,1,5,5,coin,shield,shield,gold,1,false,375000,57199119349822,510985,5,5,15,11,0,0,2,0,0,134562,450000,57,0,29.9,bonus_as10_gae3_no,100,2575000,,,,,44,17,18,12,12,10,2,2,2,5,0,4,2,1,0,0,0,0
86153,2026-04-10 21:23:03,30,2,2,accumulation,goldSack,goldSack,gold,1,false,2250000,57199121599822,510970,5,5,15,11,0,0,0,0,1,134577,450000,57,15,29.9,bonus_as10_gae3_no,100,2575000,,,,,45,17,18,12,12,11,2,2,2,6,0,4,2,1,1,0,0,0
86154,2026-04-10 21:23:04,30,2,2,accumulation,goldSack,goldSack,gold,1,false,2250000,57199123849822,510955,5,5,15,11,0,0,0,0,1,134592,450000,57,15,29.9,bonus_as10_gae3_no,100,2575000,LongExtraDayReduced,,,"{""slot_on_"":""43068\/62000@m28""}",46,17,18,12,12,12,2,2,2,7,0,4,2,1,2,0,0,0
86155,2026-04-10 21:23:06,6,6,2,spins,spins,goldSack,gold,1,false,1500000,57199125349822,510940,5,5,15,11,0,0,0,2,0,134592,450000,57,0,29.9,bonus_as10_gae3_no,100,2575000,,,,,47,17,18,12,14,12,2,2,2,8,0,4,2,3,2,0,0,0
86156,2026-04-10 21:23:07,30,30,1,accumulation,accumulation,coin,gold,1,false,375000,57199125724822,510925,5,5,15,11,0,0,0,0,2,134622,450000,57,30,29.9,bonus_as10_gae3_no,100,2575000,,,,,48,17,18,12,14,14,2,2,2,9,0,4,2,3,4,0,0,0
86157,2026-04-10 21:23:08,4,4,4,steal,steal,steal,steal,4,true,0,57199125724822,510910,5,5,15,11,0,3,0,0,0,134622,450000,57,0,29.9,bonus_as10_gae3_no,100,2575000,,,,,49,17,21,12,14,14,2,3,2,10,0,7,2,3,4,0,1,0
86158,2026-04-10 21:23:15,30,2,2,accumulation,goldSack,goldSack,gold,1,false,2250000,57206993312422,510895,5,5,15,11,0,0,0,0,1,134637,450000,57,15,29.9,bonus_as10_gae3_no,100,2575000,,,,,50,17,21,12,14,15,2,3,2,11,0,7,2,3,5,0,1,0
86159,2026-04-10 21:23:16,30,30,30,accumulation,accumulation,accumulation,gold,10,true,0,57206993312422,510880,5,5,15,11,0,0,0,0,3,134787,450000,57,150,30.0,bonus_as10_gae3_no,100,2575000,,,,"{""c5261ecd"":""1191\/4900@m93""}",51,17,21,12,14,18,2,3,2,12,0,7,2,3,8,0,1,0
86160,2026-04-10 21:23:17,30,2,2,accumulation,goldSack,goldSack,gold,1,false,2250000,57206995562422,510865,5,5,15,11,0,0,0,0,1,134802,450000,57,15,30.0,bonus_as10_gae3_no,100,2575000,,LongExtraDayReduced,,"{""slot_on_"":""43083\/62000@m28""}",1,0,0,0,0,1,0,0,0,13,0,7,2,3,9,0,1,0
86161,2026-04-10 21:23:18,3,3,3,attack,attack,attack,attack,2,true,0,57206995562422,510850,5,5,15,11,3,0,0,0,0,134802,450000,57,0,30.0,bonus_as10_gae3_no,100,2575000,,,,,2,3,0,0,0,1,1,0,0,14,3,7,2,3,9,1,1,0
86162,2026-04-10 21:23:24,30,2,2,accumulation,goldSack,goldSack,gold,1,false,2250000,57207136412422,510835,5,5,15,11,0,0,0,0,1,134817,450000,57,15,30.0,bonus_as10_gae3_no,100,2575000,,,,,3,3,0,0,0,2,1,0,0,15,3,7,2,3,10,1,1,0
86163,2026-04-10 21:23:24,2,2,2,goldSack,goldSack,goldSack,gold,1,true,33000000,57207169412422,510820,5,5,15,11,0,0,0,0,0,134817,450000,57,0,30.0,bonus_as10_gae3_no,100,2575000,,,,,4,3,0,0,0,2,1,0,0,16,3,7,2,3,10,1,1,0
86164,2026-04-10 21:23:25,30,30,1,accumulation,accumulation,coin,gold,1,false,375000,57207169787422,510805,5,5,15,11,0,0,0,0,2,134847,450000,57,30,30.0,bonus_as10_gae3_no,100,2575000,,,,,5,3,0,0,0,4,1,0,0,17,3,7,2,3,12,1,1,0
86165,2026-04-10 21:23:26,3,3,3,attack,attack,attack,attack,2,true,0,57207169787422,510790,5,5,15,11,3,0,0,0,0,134847,450000,57,0,30.0,bonus_as10_gae3_no,100,2575000,,,,,6,6,0,0,0,4,2,0,0,18,6,7,2,3,12,2,1,0
86166,2026-04-10 21:23:30,30,2,2,accumulation,goldSack,goldSack,gold,1,false,2250000,57207592037422,510775,5,5,15,11,0,0,0,0,1,134862,450000,57,15,30.0,bonus_as10_gae3_no,100,2575000,,,,,7,6,0,0,0,5,2,0,0,19,6,7,2,3,13,2,1,0
86167,2026-04-10 21:23:32,1,1,4,coin,coin,steal,gold,1,false,750000,57207592787422,510760,5,5,15,11,0,1,0,0,0,134862,450000,57,0,30.0,bonus_as10_gae3_no,100,2575000,,,,,8,6,1,0,0,5,2,0,0,20,6,8,2,3,13,2,1,0
86168,2026-04-10 21:23:32,3,5,2,attack,shield,goldSack,gold,1,false,1500000,57207594287422,510745,5,5,15,11,1,0,1,0,0,134862,450000,57,0,30.0,bonus_as10_gae3_no,100,2575000,,,,,9,7,1,1,0,5,2,0,0,21,7,8,3,3,13,2,1,0
86169,2026-04-10 21:23:33,30,2,2,accumulation,goldSack,goldSack,gold,1,false,2250000,57207596537422,510730,5,5,15,11,0,0,0,0,1,134877,450000,57,15,30.0,bonus_as10_gae3_no,100,2575000,LongExtraDayReduced,LongExtraDayReduced,,"{""slot_on_"":""43113\/62000@m28""}",10,7,1,1,0,6,2,0,0,22,7,8,3,3,14,2,1,0
86170,2026-04-10 21:23:34,3,3,2,attack,attack,goldSack,gold,1,false,1500000,57207598037422,510715,5,5,15,11,2,0,0,0,0,134877,450000,57,0,30.0,bonus_as10_gae3_no,100,2575000,,,,"{""c5261ecd"":""1221\/4900@m93""}",11,9,1,1,0,6,2,0,0,23,9,8,3,3,14,2,1,0
86171,2026-04-10 21:23:35,3,1,6,attack,coin,spins,gold,1,false,375000,57207598412422,510700,5,5,15,11,1,0,0,1,0,134877,450000,57,0,30.0,bonus_as10_gae3_no,100,2575000,,,LongExtraDayReduced,"{""slot_on_"":""43128\/62000@m28""}",12,10,1,1,1,6,2,0,0,24,10,8,3,4,14,2,1,0
86172,2026-04-10 21:23:36,1,1,4,coin,coin,steal,gold,1,false,750000,57207599162422,510685,5,5,15,11,0,1,0,0,0,134877,450000,57,0,30.0,bonus_as10_gae3_no,100,2575000,,,,,13,10,2,1,1,6,2,0,0,25,10,9,3,4,14,2,1,0
86173,2026-04-10 21:23:36,1,4,4,coin,steal,steal,gold,1,false,375000,57207599537422,510670,5,5,15,11,0,2,0,0,0,134877,450000,57,0,30.0,bonus_as10_gae3_no,100,2575000,LongExtraDayReduced,,,"{""slot_on_"":""43143\/62000@m28""}",14,10,4,1,1,6,2,0,0,26,10,11,3,4,14,2,1,0
86174,2026-04-10 21:23:37,2,2,2,goldSack,goldSack,goldSack,gold,1,true,33000000,57207632537422,510655,5,5,15,11,0,0,0,0,0,134877,450000,57,0,30.0,bonus_as10_gae3_no,100,2575000,,,,,15,10,4,1,1,6,2,0,0,27,10,11,3,4,14,2,1,0
86175,2026-04-10 21:23:38,3,3,3,attack,attack,attack,attack,2,true,0,57207632537422,510640,5,5,15,11,3,0,0,0,0,134877,450000,57,0,30.0,bonus_as10_gae3_no,100,2575000,,,,,16,13,4,1,1,6,3,0,0,28,13,11,3,4,14,3,1,0
86176,2026-04-10 21:23:42,5,5,5,shield,shield,shield,shield,3,true,15,57207771137422,510640,5,5,15,11,0,0,3,0,0,134877,450000,57,0,30.0,bonus_as10_gae3_no,100,2575000,,,,,17,13,4,4,1,6,3,0,1,29,13,11,6,4,14,3,1,1
86177,2026-04-10 21:23:43,3,5,2,attack,shield,goldSack,gold,1,false,1500000,57207772637422,510625,5,5,15,11,1,0,1,0,0,134877,450000,57,0,30.0,bonus_as10_gae3_no,100,2575000,,,,,18,14,4,5,1,6,3,0,1,30,14,11,7,4,14,3,1,1
86178,2026-04-10 21:23:43,2,2,2,goldSack,goldSack,goldSack,gold,1,true,33000000,57207805637422,510610,5,5,15,11,0,0,0,0,0,134877,450000,57,0,30.0,bonus_as10_gae3_no,100,2575000,,,LongExtraDayReduced,"{""slot_on_"":""43158\/62000@m28""}",19,14,4,5,1,6,3,0,1,31,14,11,7,4,14,3,1,1
86179,2026-04-10 21:23:44,30,30,1,accumulation,accumulation,coin,gold,1,false,375000,57207806012422,510595,5,5,15,11,0,0,0,0,2,134907,450000,57,30,30.0,bonus_as10_gae3_no,100,2575000,,,,,20,14,4,5,1,8,3,0,1,32,14,11,7,4,16,3,1,1
86180,2026-04-10 21:23:45,3,1,6,attack,coin,spins,gold,1,false,375000,57207806387422,510580,5,5,15,11,1,0,0,1,0,134907,450000,57,0,30.0,bonus_as10_gae3_no,100,2575000,,LongExtraDayReduced,,"{""slot_on_"":""43173\/62000@m28"",""c5261ecd"":""1251\/4900@m93""}",21,15,4,5,2,8,3,0,1,33,15,11,7,5,16,3,1,1
86181,2026-04-10 21:23:46,1,1,4,coin,coin,steal,gold,1,false,750000,57207807137422,510565,5,5,15,11,0,1,0,0,0,134907,450000,57,0,30.0,bonus_as10_gae3_no,100,2575000,,,,,22,15,5,5,2,8,3,0,1,34,15,12,7,5,16,3,1,1
86182,2026-04-10 21:23:47,1,4,4,coin,steal,steal,gold,1,false,375000,57207807512422,510550,5,5,15,11,0,2,0,0,0,134907,450000,57,0,30.0,bonus_as10_gae3_no,100,2575000,,LongExtraDayReduced,,"{""slot_on_"":""43188\/62000@m28""}",23,15,7,5,2,8,3,0,1,35,15,14,7,5,16,3,1,1
86183,2026-04-10 21:23:48,1,1,1,coin,coin,coin,gold,1,true,3750000,57207811262422,510535,5,5,15,11,0,0,0,0,0,134907,450000,57,0,30.0,bonus_as10_gae3_no,100,2575000,,,,,24,15,7,5,2,8,3,0,1,36,15,14,7,5,16,3,1,1
86184,2026-04-10 21:23:49,1,1,1,coin,coin,coin,gold,1,true,3750000,57207815012422,510520,5,5,15,11,0,0,0,0,0,134907,450000,57,0,30.0,bonus_as10_gae3_no,100,2575000,,,,,25,15,7,5,2,8,3,0,1,37,15,14,7,5,16,3,1,1
86185,2026-04-10 21:23:50,1,1,4,coin,coin,steal,gold,1,false,750000,57207815762422,510505,5,5,15,11,0,1,0,0,0,134907,450000,57,0,30.0,bonus_as10_gae3_no,100,2575000,,,,,26,15,8,5,2,8,3,0,1,38,15,15,7,5,16,3,1,1
86186,2026-04-10 21:23:50,3,1,6,attack,coin,spins,gold,1,false,375000,57207816137422,510490,5,5,15,11,1,0,0,1,0,134907,450000,57,0,30.0,bonus_as10_gae3_no,100,2575000,,,,,27,16,8,5,3,8,3,0,1,39,16,15,7,6,16,3,1,1
86187,2026-04-10 21:23:51,3,5,2,attack,shield,goldSack,gold,1,false,1500000,57207817637422,510475,5,5,15,11,1,0,1,0,0,134907,450000,57,0,30.0,bonus_as10_gae3_no,100,2575000,,,LongExtraDayReduced,"{""slot_on_"":""43203\/62000@m28""}",28,17,8,6,3,8,3,0,1,40,17,15,8,6,16,3,1,1
86188,2026-04-10 21:23:52,1,1,4,coin,coin,steal,gold,1,false,750000,57207818387422,510460,5,5,15,11,0,1,0,0,0,134907,450000,57,0,30.0,bonus_as10_gae3_no,100,2575000,,,,,29,17,9,6,3,8,3,0,1,41,17,16,8,6,16,3,1,1
86189,2026-04-10 21:23:53,2,2,2,goldSack,goldSack,goldSack,gold,1,true,33000000,57207851387422,510445,5,5,15,11,0,0,0,0,0,134907,450000,57,0,30.0,bonus_as10_gae3_no,100,2575000,,LongExtraDayReduced,LongExtraDayReduced,"{""slot_on_"":""43233\/62000@m28""}",30,17,9,6,3,8,3,0,1,42,17,16,8,6,16,3,1,1
86190,2026-04-10 21:23:53,6,6,2,spins,spins,goldSack,gold,1,false,1500000,57207852887422,510430,5,5,15,11,0,0,0,2,0,134907,450000,57,0,30.0,bonus_as10_gae3_no,100,2575000,,,,"{""c5261ecd"":""1281\/4900@m93""}",31,17,9,6,5,8,3,0,1,43,17,16,8,8,16,3,1,1
86191,2026-04-10 21:23:55,3,1,6,attack,coin,spins,gold,1,false,375000,57207853262422,510415,5,5,15,11,1,0,0,1,0,134907,450000,57,0,30.0,bonus_as10_gae3_no,100,2575000,,,,,32,18,9,6,6,8,3,0,1,44,18,16,8,9,16,3,1,1
86192,2026-04-10 21:23:56,3,3,2,attack,attack,goldSack,gold,1,false,1500000,57207854762422,510400,5,5,15,11,2,0,0,0,0,134907,450000,57,0,30.0,bonus_as10_gae3_no,100,2575000,,,,,33,20,9,6,6,8,3,0,1,45,20,16,8,9,16,3,1,1
86193,2026-04-10 21:23:56,1,1,1,coin,coin,coin,gold,1,true,3750000,57207858512422,510385,5,5,15,11,0,0,0,0,0,134907,450000,57,0,30.0,bonus_as10_gae3_no,100,2575000,,,,,34,20,9,6,6,8,3,0,1,46,20,16,8,9,16,3,1,1
86194,2026-04-10 21:23:58,4,6,2,steal,spins,goldSack,gold,1,false,1500000,57207860012422,510370,5,5,15,11,0,1,0,1,0,134907,450000,57,0,30.0,bonus_as10_gae3_no,100,2575000,,,,,35,20,10,6,7,8,3,0,1,47,20,17,8,10,16,3,1,1
86195,2026-04-10 21:23:59,30,2,2,accumulation,goldSack,goldSack,gold,1,false,2250000,57207862262422,510355,5,5,15,11,0,0,0,0,1,134922,450000,57,15,30.0,bonus_as10_gae3_no,100,2575000,,LongExtraDayReduced,LongExtraDayReduced,"{""slot_on_"":""43263\/62000@m28""}",36,20,10,6,7,9,3,0,1,48,20,17,8,10,17,3,1,1
86196,2026-04-10 21:24:00,3,3,2,attack,attack,goldSack,gold,1,false,1500000,57207863762422,510340,5,5,15,11,2,0,0,0,0,134922,450000,57,0,30.0,bonus_as10_gae3_no,100,2575000,LongExtraDayReduced,,,"{""slot_on_"":""43278\/62000@m28""}",37,22,10,6,7,9,3,0,1,49,22,17,8,10,17,3,1,1
86197,2026-04-10 21:24:01,3,5,2,attack,shield,goldSack,gold,1,false,1500000,57207865262422,510325,5,5,15,11,1,0,1,0,0,134922,450000,57,0,30.0,bonus_as10_gae3_no,100,2575000,,,,,38,23,10,7,7,9,3,0,1,50,23,17,9,10,17,3,1,1
86198,2026-04-10 21:24:02,3,3,3,attack,attack,attack,attack,2,true,0,57207865262422,510310,5,5,15,11,3,0,0,0,0,134922,450000,57,0,30.0,bonus_as10_gae3_no,100,2575000,,,,,39,26,10,7,7,9,4,0,1,51,26,17,9,10,17,4,1,1
86199,2026-04-10 21:24:09,3,5,2,attack,shield,goldSack,gold,1,false,1500000,57208005362422,510295,5,5,15,11,1,0,1,0,0,134922,450000,57,0,30.0,bonus_as10_gae3_no,100,2575000,,,,,40,27,10,8,7,9,4,0,1,52,27,17,10,10,17,4,1,1
86200,2026-04-10 21:24:10,6,6,2,spins,spins,goldSack,gold,1,false,1500000,57208006862422,510280,5,5,15,11,0,0,0,2,0,134922,450000,57,0,30.0,bonus_as10_gae3_no,100,2575000,,,,,41,27,10,8,9,9,4,0,1,53,27,17,10,12,17,4,1,1
86201,2026-04-10 21:24:11,3,1,6,attack,coin,spins,gold,1,false,375000,57208007237422,510265,5,5,15,11,1,0,0,1,0,134922,450000,57,0,30.0,bonus_as10_gae3_no,100,2575000,,LongExtraDayReduced,,"{""slot_on_"":""43293\/62000@m28""}",42,28,10,8,10,9,4,0,1,54,28,17,10,13,17,4,1,1
86202,2026-04-10 21:24:12,5,5,5,shield,shield,shield,shield,3,true,15,57208007237422,510265,5,5,15,11,0,0,3,0,0,134922,450000,57,0,30.0,bonus_as10_gae3_no,100,2575000,LongExtraDayReduced,,LongExtraDayReduced,"{""slot_on_"":""43323\/62000@m28""}",43,28,10,11,10,9,4,0,2,55,28,17,13,13,17,4,1,2
86203,2026-04-10 21:24:13,30,30,3,accumulation,accumulation,attack,gold,6,false,0,57208007237422,510250,5,5,15,11,1,0,0,0,2,134952,450000,57,30,30.0,bonus_as10_gae3_no,100,2575000,,,,,44,29,10,11,10,11,4,0,2,56,29,17,13,13,19,4,1,2
86204,2026-04-10 21:24:15,4,6,2,steal,spins,goldSack,gold,1,false,1500000,57208008737422,510235,5,5,15,11,0,1,0,1,0,134952,450000,57,0,30.0,bonus_as10_gae3_no,100,2575000,,LongExtraDayReduced,,"{""slot_on_"":""43338\/62000@m28""}",45,29,11,11,11,11,4,0,2,57,29,18,13,14,19,4,1,2
86205,2026-04-10 21:24:16,30,2,2,accumulation,goldSack,goldSack,gold,1,false,2250000,57208010987422,510220,5,5,15,11,0,0,0,0,1,134967,450000,57,15,30.0,bonus_as10_gae3_no,100,2575000,,,,,46,29,11,11,11,12,4,0,2,58,29,18,13,14,20,4,1,2
86206,2026-04-10 21:24:17,1,1,1,coin,coin,coin,gold,1,true,3750000,57208014737422,510205,5,5,15,11,0,0,0,0,0,134967,450000,57,0,30.0,bonus_as10_gae3_no,100,2575000,,,,,47,29,11,11,11,12,4,0,2,59,29,18,13,14,20,4,1,2
86207,2026-04-10 21:24:17,3,1,6,attack,coin,spins,gold,1,false,375000,57208015112422,510190,5,5,15,11,1,0,0,1,0,134967,450000,57,0,30.0,bonus_as10_gae3_no,100,2575000,,,,,48,30,11,11,12,12,4,0,2,60,30,18,13,15,20,4,1,2
86208,2026-04-10 21:24:18,30,2,2,accumulation,goldSack,goldSack,gold,1,false,2250000,57208017362422,510175,5,5,15,11,0,0,0,0,1,134982,450000,57,15,30.0,bonus_as10_gae3_no,100,2575000,,,,,49,30,11,11,12,13,4,0,2,61,30,18,13,15,21,4,1,2
86209,2026-04-10 21:24:19,5,2,2,shield,goldSack,goldSack,gold,1,false,2250000,57208019612422,510160,5,5,15,11,0,0,1,0,0,134982,450000,57,0,30.0,bonus_as10_gae3_no,100,2575000,,LongExtraDayReduced,,"{""slot_on_"":""43353\/62000@m28""}",50,30,11,12,12,13,4,0,2,62,30,18,14,15,21,4,1,2
86210,2026-04-10 21:24:20,4,6,2,steal,spins,goldSack,gold,1,false,1500000,57208021112422,510145,5,5,15,11,0,1,0,1,0,134982,450000,57,0,30.0,bonus_as10_gae3_no,100,2575000,,,,,51,30,12,12,13,13,4,0,2,63,30,19,14,16,21,4,1,2
86211,2026-04-10 21:24:21,30,2,2,accumulation,goldSack,goldSack,gold,1,false,2250000,57208023362422,510130,5,5,15,11,0,0,0,0,1,134997,450000,57,15,30.0,bonus_as10_gae3_no,100,2575000,,,,,52,30,12,12,13,14,4,0,2,64,30,19,14,16,22,4,1,2
86212,2026-04-10 21:24:22,3,3,3,attack,attack,attack,attack,2,true,0,57208023362422,510115,5,5,15,11,3,0,0,0,0,134997,450000,57,0,30.0,bonus_as10_gae3_no,100,2575000,,,,,53,33,12,12,13,14,5,0,2,65,33,19,14,16,22,5,1,2
86213,2026-04-10 21:24:27,3,1,1,attack,coin,coin,gold,1,false,750000,57208162712422,510100,5,5,15,11,1,0,0,0,0,134997,450000,57,0,30.0,bonus_as10_gae3_no,100,2575000,,,,,54,34,12,12,13,14,5,0,2,66,34,19,14,16,22,5,1,2
86214,2026-04-10 21:24:28,30,2,2,accumulation,goldSack,goldSack,gold,1,false,2250000,57208164962422,510085,5,5,15,11,0,0,0,0,1,135012,450000,57,15,30.0,bonus_as10_gae3_no,100,2575000,,,,"{""c5261ecd"":""1311\/4900@m93""}",55,34,12,12,13,15,5,0,2,67,34,19,14,16,23,5,1,2
86215,2026-04-10 21:24:29,1,4,4,coin,steal,steal,gold,1,false,375000,57208165337422,510070,5,5,15,11,0,2,0,0,0,135012,450000,57,0,30.0,bonus_as10_gae3_no,100,2575000,,,,,56,34,14,12,13,15,5,0,2,68,34,21,14,16,23,5,1,2
86216,2026-04-10 21:24:30,3,1,1,attack,coin,coin,gold,1,false,750000,57208166087422,510055,5,5,15,11,1,0,0,0,0,135012,450000,57,0,30.0,bonus_as10_gae3_no,100,2575000,,,,,57,35,14,12,13,15,5,0,2,69,35,21,14,16,23,5,1,2
86217,2026-04-10 21:24:30,1,1,1,coin,coin,coin,gold,1,true,3750000,57208169837422,510040,5,5,15,11,0,0,0,0,0,135012,450000,57,0,30.0,bonus_as10_gae3_no,100,2575000,,,,,58,35,14,12,13,15,5,0,2,70,35,21,14,16,23,5,1,2
86218,2026-04-10 21:24:31,1,4,6,coin,steal,spins,gold,1,false,375000,57208170212422,510025,5,5,15,11,0,1,0,1,0,135012,450000,57,0,30.0,bonus_as10_gae3_no,100,2575000,,,,,59,35,15,12,14,15,5,0,2,71,35,22,14,17,23,5,1,2
86219,2026-04-10 21:24:32,6,6,6,spins,spins,spins,spins,5,true,150,57208170212422,510160,5,5,15,11,0,0,0,3,0,135012,450000,57,0,30.0,bonus_as10_gae3_no,100,2575000,,,,,60,35,15,12,17,15,5,0,2,72,35,22,14,20,23,5,1,2
86220,2026-04-10 21:24:33,2,2,2,goldSack,goldSack,goldSack,gold,1,true,33000000,57208203212422,510145,5,5,15,11,0,0,0,0,0,135012,450000,57,0,30.0,bonus_as10_gae3_no,100,2575000,,,,,61,35,15,12,17,15,5,0,2,1,0,0,0,0,0,0,0,0
86221,2026-04-10 21:24:34,1,1,1,coin,coin,coin,gold,1,true,3750000,57208206962422,510130,5,5,15,11,0,0,0,0,0,135012,450000,57,0,30.0,bonus_as10_gae3_no,100,2575000,,,,,62,35,15,12,17,15,5,0,2,2,0,0,0,0,0,0,0,0
86222,2026-04-10 21:24:34,30,2,2,accumulation,goldSack,goldSack,gold,1,false,2250000,57208209212422,510115,5,5,15,11,0,0,0,0,1,135027,450000,57,15,30.0,bonus_as10_gae3_no,100,2575000,LongExtraDayReduced,LongExtraDayReduced,LongExtraDayReduced,"{""slot_on_"":""43428\/62000@m28""}",63,35,15,12,17,16,5,0,2,3,0,0,0,0,1,0,0,0
86223,2026-04-10 21:24:35,30,2,2,accumulation,goldSack,goldSack,gold,1,false,2250000,57208211462422,510100,5,5,15,11,0,0,0,0,1,135042,450000,57,15,30.0,bonus_as10_gae3_no,100,2575000,,,,,64,35,15,12,17,17,5,0,2,4,0,0,0,0,2,0,0,0
86224,2026-04-10 21:24:37,1,1,1,coin,coin,coin,gold,1,true,3750000,57208215212422,510085,5,5,15,11,0,0,0,0,0,135042,450000,57,0,30.0,bonus_as10_gae3_no,100,2575000,,,LongExtraDayReduced,"{""slot_on_"":""43443\/62000@m28""}",65,35,15,12,17,17,5,0,2,5,0,0,0,0,2,0,0,0
86225,2026-04-10 21:24:38,30,2,2,accumulation,goldSack,goldSack,gold,1,false,2250000,57208217462422,510070,5,5,15,11,0,0,0,0,1,135057,450000,57,15,30.0,bonus_as10_gae3_no,100,2575000,,,LongExtraDayReduced,"{""slot_on_"":""43458\/62000@m28""}",66,35,15,12,17,18,5,0,2,6,0,0,0,0,3,0,0,0
86226,2026-04-10 21:24:39,30,30,1,accumulation,accumulation,coin,gold,1,false,375000,57208217837422,510055,5,5,15,11,0,0,0,0,2,135087,450000,57,30,30.0,bonus_as10_gae3_no,100,2575000,,,LongExtraDayReduced,"{""slot_on_"":""43473\/62000@m28""}",67,35,15,12,17,20,5,0,2,7,0,0,0,0,5,0,0,0
86227,2026-04-10 21:24:41,30,30,1,accumulation,accumulation,coin,gold,1,false,375000,57208218212422,510040,5,5,15,11,0,0,0,0,2,135117,450000,57,30,30.0,bonus_as10_gae3_no,100,2575000,,,,,68,35,15,12,17,22,5,0,2,8,0,0,0,0,7,0,0,0
86228,2026-04-10 21:24:42,30,30,1,accumulation,accumulation,coin,gold,1,false,375000,57208218587422,510025,5,5,15,11,0,0,0,0,2,135147,450000,57,30,30.0,bonus_as10_gae3_no,100,2575000,,,,,69,35,15,12,17,24,5,0,2,9,0,0,0,0,9,0,0,0
86229,2026-04-10 21:24:44,3,3,2,attack,attack,goldSack,gold,1,false,1500000,57208220087422,510010,5,5,15,11,2,0,0,0,0,135147,450000,57,0,30.0,bonus_as10_gae3_no,100,2575000,LongExtraDayReduced,,,"{""slot_on_"":""43488\/62000@m28""}",70,37,15,12,17,24,5,0,2,10,2,0,0,0,9,0,0,0
86230,2026-04-10 21:24:45,2,2,2,goldSack,goldSack,goldSack,gold,1,true,33000000,57208253087422,509995,5,5,15,11,0,0,0,0,0,135147,450000,57,0,30.0,bonus_as10_gae3_no,100,2575000,LongExtraDayReduced,,LongExtraDayReduced,"{""slot_on_"":""43518\/62000@m28""}",71,37,15,12,17,24,5,0,2,11,2,0,0,0,9,0,0,0
86231,2026-04-10 21:24:46,3,4,2,attack,steal,goldSack,gold,1,false,1500000,57208254587422,509980,5,5,15,11,1,1,0,0,0,135147,450000,57,0,30.0,bonus_as10_gae3_no,100,2575000,,,,"{""c5261ecd"":""1341\/4900@m93""}",72,38,16,12,17,24,5,0,2,12,3,1,0,0,9,0,0,0
86232,2026-04-10 21:24:47,5,5,5,shield,shield,shield,shield,3,true,15,57208254587422,509980,5,5,15,11,0,0,3,0,0,135147,450000,57,0,30.0,bonus_as10_gae3_no,100,2575000,,,,,73,38,16,15,17,24,5,0,3,13,3,1,3,0,9,0,0,1
86233,2026-04-10 21:24:48,4,6,2,steal,spins,goldSack,gold,1,false,1500000,57208256087422,509965,5,5,15,11,0,1,0,1,0,135147,450000,57,0,30.0,bonus_as10_gae3_no,100,2575000,,,,,74,38,17,15,18,24,5,0,3,14,3,2,3,1,9,0,0,1
86234,2026-04-10 21:24:48,30,30,1,accumulation,accumulation,coin,gold,1,false,375000,57208256462422,509950,5,5,15,11,0,0,0,0,2,135177,450000,57,30,30.0,bonus_as10_gae3_no,100,2575000,,,,,75,38,17,15,18,26,5,0,3,15,3,2,3,1,11,0,0,1
86235,2026-04-10 21:24:50,30,2,2,accumulation,goldSack,goldSack,gold,1,false,2250000,57208258712422,509935,5,5,15,11,0,0,0,0,1,135192,450000,57,15,30.0,bonus_as10_gae3_no,100,2575000,,,,,76,38,17,15,18,27,5,0,3,16,3,2,3,1,12,0,0,1
86236,2026-04-10 21:24:51,4,6,2,steal,spins,goldSack,gold,1,false,1500000,57208260212422,509920,5,5,15,11,0,1,0,1,0,135192,450000,57,0,30.0,bonus_as10_gae3_no,100,2575000,,,,,77,38,18,15,19,27,5,0,3,17,3,3,3,2,12,0,0,1
86237,2026-04-10 21:24:52,4,6,2,steal,spins,goldSack,gold,1,false,1500000,57208261712422,509905,5,5,15,11,0,1,0,1,0,135192,450000,57,0,30.0,bonus_as10_gae3_no,100,2575000,,,,,78,38,19,15,20,27,5,0,3,18,3,4,3,3,12,0,0,1
86238,2026-04-10 21:24:52,3,4,2,attack,steal,goldSack,gold,1,false,1500000,57208263212422,509890,5,5,15,11,1,1,0,0,0,135192,450000,57,0,30.0,bonus_as10_gae3_no,100,2575000,,,,,79,39,20,15,20,27,5,0,3,19,4,5,3,3,12,0,0,1
86239,2026-04-10 21:24:53,1,4,6,coin,steal,spins,gold,1,false,375000,57208263587422,509875,5,5,15,11,0,1,0,1,0,135192,450000,57,0,30.0,bonus_as10_gae3_no,100,2575000,,,,,80,39,21,15,21,27,5,0,3,20,4,6,3,4,12,0,0,1
86240,2026-04-10 21:24:54,3,3,2,attack,attack,goldSack,gold,1,false,1500000,57208265087422,509860,5,5,15,11,2,0,0,0,0,135192,450000,57,0,30.0,bonus_as10_gae3_no,100,2575000,,,,,81,41,21,15,21,27,5,0,3,21,6,6,3,4,12,0,0,1
86241,2026-04-10 21:24:54,1,4,4,coin,steal,steal,gold,1,false,375000,57208265462422,509845,5,5,15,11,0,2,0,0,0,135192,450000,57,0,30.0,bonus_as10_gae3_no,100,2575000,,,,,82,41,23,15,21,27,5,0,3,22,6,8,3,4,12,0,0,1
86242,2026-04-10 21:24:55,4,4,4,steal,steal,steal,steal,4,true,0,57208265462422,509830,5,5,15,11,0,3,0,0,0,135192,450000,57,0,30.0,bonus_as10_gae3_no,100,2575000,LongExtraDayReduced,,,"{""slot_on_"":""43533\/62000@m28""}",83,41,26,15,21,27,5,1,3,23,6,11,3,4,12,0,1,1
86243,2026-04-10 21:25:03,5,5,5,shield,shield,shield,shield,3,true,15,57214554702022,509830,5,5,15,11,0,0,3,0,0,135192,450000,57,0,30.0,bonus_as10_gae3_no,100,2575000,,,,,84,41,26,18,21,27,5,1,4,24,6,11,6,4,12,0,1,2
86244,2026-04-10 21:25:04,1,4,4,coin,steal,steal,gold,1,false,375000,57214555077022,509815,5,5,15,11,0,2,0,0,0,135192,450000,57,0,30.0,bonus_as10_gae3_no,100,2575000,LongExtraDayReduced,,,"{""slot_on_"":""43548\/62000@m28""}",85,41,28,18,21,27,5,1,4,25,6,13,6,4,12,0,1,2
86245,2026-04-10 21:25:05,30,2,2,accumulation,goldSack,goldSack,gold,1,false,2250000,57214557327022,509800,5,5,15,11,0,0,0,0,1,135207,450000,57,15,30.0,bonus_as10_gae3_no,100,2575000,,,,,86,41,28,18,21,28,5,1,4,26,6,13,6,4,13,0,1,2
86246,2026-04-10 21:25:06,3,1,5,attack,coin,shield,gold,1,false,375000,57214557702022,509785,5,5,15,11,1,0,1,0,0,135207,450000,57,0,30.0,bonus_as10_gae3_no,100,2575000,,LongExtraDayReduced,,"{""slot_on_"":""43563\/62000@m28"",""c5261ecd"":""1371\/4900@m93""}",87,42,28,19,21,28,5,1,4,27,7,13,7,4,13,0,1,2
86247,2026-04-10 21:25:07,4,4,4,steal,steal,steal,steal,4,true,0,57214557702022,509770,5,5,15,11,0,3,0,0,0,135207,450000,57,0,30.0,bonus_as10_gae3_no,100,2575000,,,,,88,42,31,19,21,28,5,2,4,28,7,16,7,4,13,0,2,2
86248,2026-04-10 21:25:14,3,3,3,attack,attack,attack,attack,2,true,0,57219705792022,509755,5,5,15,11,3,0,0,0,0,135207,450000,57,0,30.0,bonus_as10_gae3_no,100,2575000,,,,,89,45,31,19,21,28,6,2,4,29,10,16,7,4,13,1,2,2
86249,2026-04-10 21:25:19,4,6,2,steal,spins,goldSack,gold,1,false,1500000,57219845892022,509740,5,5,15,11,0,1,0,1,0,135207,450000,57,0,30.0,bonus_as10_gae3_no,100,2575000,,,,,90,45,32,19,22,28,6,2,4,30,10,17,7,5,13,1,2,2
86250,2026-04-10 21:25:21,3,3,2,attack,attack,goldSack,gold,1,false,1500000,57219847392022,509725,5,5,15,11,2,0,0,0,0,135207,450000,57,0,30.0,bonus_as10_gae3_no,100,2575000,,,,,91,47,32,19,22,28,6,2,4,31,12,17,7,5,13,1,2,2
86251,2026-04-10 21:25:21,30,2,2,accumulation,goldSack,goldSack,gold,1,false,2250000,57219849642022,509710,5,5,15,11,0,0,0,0,1,135222,450000,57,15,30.0,bonus_as10_gae3_no,100,2575000,,,,,92,47,32,19,22,29,6,2,4,32,12,17,7,5,14,1,2,2
86252,2026-04-10 21:25:22,3,3,3,attack,attack,attack,attack,2,true,0,57219849642022,509695,5,5,15,11,3,0,0,0,0,135222,450000,57,0,30.0,bonus_as10_gae3_no,100,2575000,,,,,93,50,32,19,22,29,7,2,4,33,15,17,7,5,14,2,2,2
86253,2026-04-10 21:25:26,3,1,5,attack,coin,shield,gold,1,false,375000,57220270017022,509680,5,5,15,11,1,0,1,0,0,135222,450000,57,0,30.0,bonus_as10_gae3_no,100,2575000,,,,,94,51,32,20,22,29,7,2,4,34,16,17,8,5,14,2,2,2
86254,2026-04-10 21:25:26,30,30,1,accumulation,accumulation,coin,gold,1,false,375000,57220270392022,509665,5,5,15,11,0,0,0,0,2,135252,450000,57,30,30.1,bonus_as10_gae3_no,100,2575000,,,,,95,51,32,20,22,31,7,2,4,35,16,17,8,5,16,2,2,2
86255,2026-04-10 21:25:27,4,6,2,steal,spins,goldSack,gold,1,false,1500000,57220271892022,509650,5,5,15,11,0,1,0,1,0,135252,450000,57,0,30.1,bonus_as10_gae3_no,100,2575000,LongExtraDayReduced,,,"{""slot_on_"":""43578\/62000@m28"",""c5261ecd"":""1401\/4900@m93""}",96,51,33,20,23,31,7,2,4,36,16,18,8,6,16,2,2,2
86256,2026-04-10 21:25:28,4,4,4,steal,steal,steal,steal,4,true,0,57220271892022,509635,5,5,15,11,0,3,0,0,0,135252,450000,57,0,30.1,bonus_as10_gae3_no,100,2575000,,LongExtraDayReduced,,"{""slot_on_"":""43593\/62000@m28""}",97,51,36,20,23,31,7,3,4,37,16,21,8,6,16,2,3,2
86257,2026-04-10 21:25:35,3,1,1,attack,coin,coin,gold,1,false,750000,57227739794422,509620,5,5,15,11,1,0,0,0,0,135252,450000,57,0,30.1,bonus_as10_gae3_no,100,2575000,,,,,98,52,36,20,23,31,7,3,4,38,17,21,8,6,16,2,3,2
86258,2026-04-10 21:25:36,1,6,6,coin,spins,spins,gold,1,false,375000,57227740169422,509605,5,5,15,11,0,0,0,2,0,135252,450000,57,0,30.1,bonus_as10_gae3_no,100,2575000,,,,,99,52,36,20,25,31,7,3,4,39,17,21,8,8,16,2,3,2
86259,2026-04-10 21:25:36,3,1,1,attack,coin,coin,gold,1,false,750000,57227740919422,509590,5,5,15,11,1,0,0,0,0,135252,450000,57,0,30.1,bonus_as10_gae3_no,100,2575000,,LongExtraDayReduced,,"{""slot_on_"":""43608\/62000@m28""}",100,53,36,20,25,31,7,3,4,40,18,21,8,8,16,2,3,2
86260,2026-04-10 21:25:37,30,30,30,accumulation,accumulation,accumulation,gold,10,true,0,57227740919422,509575,5,5,15,11,0,0,0,0,3,135402,450000,57,150,30.1,bonus_as10_gae3_no,100,2575000,,,,,101,53,36,20,25,34,7,3,4,41,18,21,8,8,19,2,3,2
86261,2026-04-10 21:25:40,3,6,2,attack,spins,goldSack,gold,1,false,1500000,57227742419422,509560,5,5,15,11,1,0,0,1,0,135402,450000,57,0,30.1,bonus_as10_gae3_no,100,2575000,,,,,1,1,0,0,1,0,0,0,0,42,19,21,8,9,19,2,3,2
86262,2026-04-10 21:25:41,5,5,5,shield,shield,shield,shield,3,true,15,57227742419422,509560,5,5,15,11,0,0,3,0,0,135402,450000,57,0,30.1,bonus_as10_gae3_no,100,2575000,,,,,2,1,0,3,1,0,0,0,1,43,19,21,11,9,19,2,3,3
86263,2026-04-10 21:25:42,1,4,6,coin,steal,spins,gold,1,false,375000,57227742794422,509545,5,5,15,11,0,1,0,1,0,135402,450000,57,0,30.1,bonus_as10_gae3_no,100,2575000,,,,,3,1,1,3,2,0,0,0,1,44,19,22,11,10,19,2,3,3
86264,2026-04-10 21:25:42,3,1,5,attack,coin,shield,gold,1,false,375000,57227743169422,509530,5,5,15,11,1,0,1,0,0,135402,450000,57,0,30.1,bonus_as10_gae3_no,100,2575000,,,,"{""c5261ecd"":""1431\/4900@m93""}",4,2,1,4,2,0,0,0,1,45,20,22,12,10,19,2,3,3
86265,2026-04-10 21:25:43,3,4,2,attack,steal,goldSack,gold,1,false,1500000,57227744669422,509515,5,5,15,11,1,1,0,0,0,135402,450000,57,0,30.1,bonus_as10_gae3_no,100,2575000,,,,,5,3,2,4,2,0,0,0,1,46,21,23,12,10,19,2,3,3
86266,2026-04-10 21:25:44,1,5,5,coin,shield,shield,gold,1,false,375000,57227745044422,509500,5,5,15,11,0,0,2,0,0,135402,450000,57,0,30.1,bonus_as10_gae3_no,100,2575000,,,,,6,3,2,6,2,0,0,0,1,47,21,23,14,10,19,2,3,3
86267,2026-04-10 21:25:45,4,6,2,steal,spins,goldSack,gold,1,false,1500000,57227746544422,509485,5,5,15,11,0,1,0,1,0,135402,450000,57,0,30.1,bonus_as10_gae3_no,100,2575000,,,,,7,3,3,6,3,0,0,0,1,48,21,24,14,11,19,2,3,3
86268,2026-04-10 21:25:45,2,2,2,goldSack,goldSack,goldSack,gold,1,true,33000000,57227779544422,509470,5,5,15,11,0,0,0,0,0,135402,450000,57,0,30.1,bonus_as10_gae3_no,100,2575000,,,,,8,3,3,6,3,0,0,0,1,49,21,24,14,11,19,2,3,3
86269,2026-04-10 21:25:46,3,3,3,attack,attack,attack,attack,2,true,0,57227779544422,509455,5,5,15,11,3,0,0,0,0,135402,450000,57,0,30.1,bonus_as10_gae3_no,100,2575000,,,,,9,6,3,6,3,0,1,0,1,50,24,24,14,11,19,3,3,3
86270,2026-04-10 21:25:50,2,2,2,goldSack,goldSack,goldSack,gold,1,true,33000000,57227951144422,509440,5,5,15,11,0,0,0,0,0,135402,450000,57,0,30.1,bonus_as10_gae3_no,100,2575000,,,,,10,6,3,6,3,0,1,0,1,51,24,24,14,11,19,3,3,3
86271,2026-04-10 21:25:50,3,3,2,attack,attack,goldSack,gold,1,false,1500000,57227952644422,509425,5,5,15,11,2,0,0,0,0,135402,450000,57,0,30.1,bonus_as10_gae3_no,100,2575000,,,,,11,8,3,6,3,0,1,0,1,52,26,24,14,11,19,3,3,3
86272,2026-04-10 21:25:51,3,1,1,attack,coin,coin,gold,1,false,750000,57227953394422,509410,5,5,15,11,1,0,0,0,0,135402,450000,57,0,30.1,bonus_as10_gae3_no,100,2575000,,,,,12,9,3,6,3,0,1,0,1,53,27,24,14,11,19,3,3,3
86273,2026-04-10 21:25:51,3,3,2,attack,attack,goldSack,gold,1,false,1500000,57227954894422,509395,5,5,15,11,2,0,0,0,0,135402,450000,57,0,30.1,bonus_as10_gae3_no,100,2575000,,,,,13,11,3,6,3,0,1,0,1,54,29,24,14,11,19,3,3,3
86274,2026-04-10 21:25:52,5,2,2,shield,goldSack,goldSack,gold,1,false,2250000,57227957144422,509380,5,5,15,11,0,0,1,0,0,135402,450000,57,0,30.1,bonus_as10_gae3_no,100,2575000,,,,,14,11,3,7,3,0,1,0,1,55,29,24,15,11,19,3,3,3
86275,2026-04-10 21:25:53,30,2,2,accumulation,goldSack,goldSack,gold,1,false,2250000,57227959394422,509365,5,5,15,11,0,0,0,0,1,135417,450000,57,15,30.1,bonus_as10_gae3_no,100,2575000,,LongExtraDayReduced,,"{""slot_on_"":""43623\/62000@m28""}",15,11,3,7,3,1,1,0,1,56,29,24,15,11,20,3,3,3
86276,2026-04-10 21:25:54,30,2,2,accumulation,goldSack,goldSack,gold,1,false,2250000,57227961644422,509350,5,5,15,11,0,0,0,0,1,135432,450000,57,15,30.1,bonus_as10_gae3_no,100,2575000,,,,,16,11,3,7,3,2,1,0,1,57,29,24,15,11,21,3,3,3
86277,2026-04-10 21:25:55,5,5,5,shield,shield,shield,shield,3,true,15,57227961644422,509350,5,5,15,11,0,0,3,0,0,135432,450000,57,0,30.1,bonus_as10_gae3_no,100,2575000,,,,,17,11,3,10,3,2,1,0,2,58,29,24,18,11,21,3,3,4
86278,2026-04-10 21:25:56,3,1,1,attack,coin,coin,gold,1,false,750000,57227962394422,509335,5,5,15,11,1,0,0,0,0,135432,450000,57,0,30.1,bonus_as10_gae3_no,100,2575000,,,,,18,12,3,10,3,2,1,0,2,59,30,24,18,11,21,3,3,4
86279,2026-04-10 21:25:57,3,3,3,attack,attack,attack,attack,2,true,0,57227962394422,509320,5,5,15,11,3,0,0,0,0,135432,450000,57,0,30.1,bonus_as10_gae3_no,100,2575000,,,,,19,15,3,10,3,2,2,0,2,60,33,24,18,11,21,4,3,4
86280,2026-04-10 21:26:01,4,6,2,steal,spins,goldSack,gold,1,false,1500000,57228102494422,509305,5,5,15,11,0,1,0,1,0,135432,450000,57,0,30.1,bonus_as10_gae3_no,100,2575000,,,LongExtraDayReduced,"{""slot_on_"":""43638\/62000@m28""}",20,15,4,10,4,2,2,0,2,61,33,25,18,12,21,4,3,4
86281,2026-04-10 21:26:01,4,6,2,steal,spins,goldSack,gold,1,false,1500000,57228103994422,509290,5,5,15,11,0,1,0,1,0,135432,450000,57,0,30.1,bonus_as10_gae3_no,100,2575000,,,,,21,15,5,10,5,2,2,0,2,62,33,26,18,13,21,4,3,4
86282,2026-04-10 21:26:03,30,30,1,accumulation,accumulation,coin,gold,1,false,375000,57228104369422,509275,5,5,15,11,0,0,0,0,2,135462,450000,57,30,30.1,bonus_as10_gae3_no,100,2575000,,,,,22,15,5,10,5,4,2,0,2,63,33,26,18,13,23,4,3,4
86283,2026-04-10 21:26:04,3,3,3,attack,attack,attack,attack,2,true,0,57228104369422,509260,5,5,15,11,3,0,0,0,0,135462,450000,57,0,30.1,bonus_as10_gae3_no,100,2575000,,,,,23,18,5,10,5,4,3,0,2,64,36,26,18,13,23,5,3,4
86284,2026-04-10 21:26:07,1,1,1,coin,coin,coin,gold,1,true,3750000,57228528119422,509245,5,5,15,11,0,0,0,0,0,135462,450000,57,0,30.1,bonus_as10_gae3_no,100,2575000,,,,,24,18,5,10,5,4,3,0,2,65,36,26,18,13,23,5,3,4
86285,2026-04-10 21:26:08,2,2,2,goldSack,goldSack,goldSack,gold,1,true,33000000,57228561119422,509230,5,5,15,11,0,0,0,0,0,135462,450000,57,0,30.1,bonus_as10_gae3_no,100,2575000,LongExtraDayReduced,LongExtraDayReduced,,"{""slot_on_"":""43668\/62000@m28""}",25,18,5,10,5,4,3,0,2,66,36,26,18,13,23,5,3,4
86286,2026-04-10 21:26:09,4,6,2,steal,spins,goldSack,gold,1,false,1500000,57228562619422,509215,5,5,15,11,0,1,0,1,0,135462,450000,57,0,30.1,bonus_as10_gae3_no,100,2575000,,,,,26,18,6,10,6,4,3,0,2,67,36,27,18,14,23,5,3,4
86287,2026-04-10 21:26:09,30,2,2,accumulation,goldSack,goldSack,gold,1,false,2250000,57228564869422,509200,5,5,15,11,0,0,0,0,1,135477,450000,57,15,30.1,bonus_as10_gae3_no,100,2575000,,,,"{""c5261ecd"":""1461\/4900@m93""}",27,18,6,10,6,5,3,0,2,68,36,27,18,14,24,5,3,4
86288,2026-04-10 21:26:11,3,1,1,attack,coin,coin,gold,1,false,750000,57228565619422,509185,5,5,15,11,1,0,0,0,0,135477,450000,57,0,30.1,bonus_as10_gae3_no,100,2575000,LongExtraDayReduced,LongExtraDayReduced,LongExtraDayReduced,"{""slot_on_"":""43743\/62000@m28""}",28,19,6,10,6,5,3,0,2,69,37,27,18,14,24,5,3,4
86289,2026-04-10 21:26:12,1,1,1,coin,coin,coin,gold,1,true,3750000,57228569369422,509170,5,5,15,11,0,0,0,0,0,135477,450000,57,0,30.1,bonus_as10_gae3_no,100,2575000,,,,,29,19,6,10,6,5,3,0,2,70,37,27,18,14,24,5,3,4
86290,2026-04-10 21:26:12,3,3,2,attack,attack,goldSack,gold,1,false,1500000,57228570869422,509155,5,5,15,11,2,0,0,0,0,135477,450000,57,0,30.1,bonus_as10_gae3_no,100,2575000,,,,,30,21,6,10,6,5,3,0,2,71,39,27,18,14,24,5,3,4
86291,2026-04-10 21:26:13,3,1,5,attack,coin,shield,gold,1,false,375000,57228571244422,509140,5,5,15,11,1,0,1,0,0,135477,450000,57,0,30.1,bonus_as10_gae3_no,100,2575000,,,,,31,22,6,11,6,5,3,0,2,72,40,27,19,14,24,5,3,4
86292,2026-04-10 21:26:13,2,2,2,goldSack,goldSack,goldSack,gold,1,true,33000000,57228604244422,509125,5,5,15,11,0,0,0,0,0,135477,450000,57,0,30.1,bonus_as10_gae3_no,100,2575000,,,,,32,22,6,11,6,5,3,0,2,73,40,27,19,14,24,5,3,4
86293,2026-04-10 21:26:14,1,6,6,coin,spins,spins,gold,1,false,375000,57228604619422,509110,5,5,15,11,0,0,0,2,0,135477,450000,57,0,30.1,bonus_as10_gae3_no,100,2575000,,,,,33,22,6,11,8,5,3,0,2,74,40,27,19,16,24,5,3,4
86294,2026-04-10 21:26:15,4,6,2,steal,spins,goldSack,gold,1,false,1500000,57228606119422,509095,5,5,15,11,0,1,0,1,0,135477,450000,57,0,30.1,bonus_as10_gae3_no,100,2575000,,LongExtraDayReduced,,"{""slot_on_"":""43758\/62000@m28""}",34,22,7,11,9,5,3,0,2,75,40,28,19,17,24,5,3,4
86295,2026-04-10 21:26:16,3,1,1,attack,coin,coin,gold,1,false,750000,57228606869422,509080,5,5,15,11,1,0,0,0,0,135477,450000,57,0,30.1,bonus_as10_gae3_no,100,2575000,,,LongExtraDayReduced,"{""slot_on_"":""43773\/62000@m28""}",35,23,7,11,9,5,3,0,2,76,41,28,19,17,24,5,3,4
86296,2026-04-10 21:26:17,5,5,5,shield,shield,shield,shield,3,true,15,57228606869422,509080,5,5,15,11,0,0,3,0,0,135477,450000,57,0,30.1,bonus_as10_gae3_no,100,2575000,,,,,36,23,7,14,9,5,3,0,3,77,41,28,22,17,24,5,3,5
86297,2026-04-10 21:26:18,1,6,6,coin,spins,spins,gold,1,false,375000,57228607244422,509065,5,5,15,11,0,0,0,2,0,135477,450000,57,0,30.1,bonus_as10_gae3_no,100,2575000,LongExtraDayReduced,,,"{""slot_on_"":""43788\/62000@m28""}",37,23,7,14,11,5,3,0,3,78,41,28,22,19,24,5,3,5
86298,2026-04-10 21:26:18,30,2,2,accumulation,goldSack,goldSack,gold,1,false,2250000,57228609494422,509050,5,5,15,11,0,0,0,0,1,135492,450000,57,15,30.1,bonus_as10_gae3_no,100,2575000,LongExtraDayReduced,,,"{""slot_on_"":""43803\/62000@m28""}",38,23,7,14,11,6,3,0,3,79,41,28,22,19,25,5,3,5
86299,2026-04-10 21:26:21,3,1,5,attack,coin,shield,gold,1,false,375000,57228609869422,509035,5,5,15,11,1,0,1,0,0,135492,450000,57,0,30.1,bonus_as10_gae3_no,100,2575000,,,,"{""c5261ecd"":""1491\/4900@m93""}",39,24,7,15,11,6,3,0,3,80,42,28,23,19,25,5,3,5
86300,2026-04-10 21:26:21,30,2,2,accumulation,goldSack,goldSack,gold,1,false,2250000,57228612119422,509020,5,5,15,11,0,0,0,0,1,135507,450000,57,15,30.1,bonus_as10_gae3_no,100,2575000,,,LongExtraDayReduced,"{""slot_on_"":""43818\/62000@m28""}",40,24,7,15,11,7,3,0,3,81,42,28,23,19,26,5,3,5
86301,2026-04-10 21:26:23,30,2,2,accumulation,goldSack,goldSack,gold,1,false,2250000,57228614369422,509005,5,5,15,11,0,0,0,0,1,135522,450000,57,15,30.1,bonus_as10_gae3_no,100,2575000,,,LongExtraDayReduced,"{""slot_on_"":""43833\/62000@m28""}",41,24,7,15,11,8,3,0,3,82,42,28,23,19,27,5,3,5
86302,2026-04-10 21:26:24,3,1,1,attack,coin,coin,gold,1,false,750000,57228615119422,508990,5,5,15,11,1,0,0,0,0,135522,450000,57,0,30.1,bonus_as10_gae3_no,100,2575000,,,,,42,25,7,15,11,8,3,0,3,83,43,28,23,19,27,5,3,5
86303,2026-04-10 21:26:25,30,2,2,accumulation,goldSack,goldSack,gold,1,false,2250000,57228617369422,508975,5,5,15,11,0,0,0,0,1,135537,450000,57,15,30.1,bonus_as10_gae3_no,100,2575000,,,,,43,25,7,15,11,9,3,0,3,84,43,28,23,19,28,5,3,5
86304,2026-04-10 21:26:27,3,1,1,attack,coin,coin,gold,1,false,750000,57228618119422,508960,5,5,15,11,1,0,0,0,0,135537,450000,57,0,30.1,bonus_as10_gae3_no,100,2575000,,,,,44,26,7,15,11,9,3,0,3,85,44,28,23,19,28,5,3,5
86305,2026-04-10 21:26:27,2,2,2,goldSack,goldSack,goldSack,gold,1,true,33000000,57228651119422,508945,5,5,15,11,0,0,0,0,0,135537,450000,57,0,30.1,bonus_as10_gae3_no,100,2575000,,,,,45,26,7,15,11,9,3,0,3,86,44,28,23,19,28,5,3,5
86306,2026-04-10 21:26:28,30,2,2,accumulation,goldSack,goldSack,gold,1,false,2250000,57228653369422,508930,5,5,15,11,0,0,0,0,1,135552,450000,57,15,30.1,bonus_as10_gae3_no,100,2575000,,,,,46,26,7,15,11,10,3,0,3,87,44,28,23,19,29,5,3,5
86307,2026-04-10 21:26:30,1,4,6,coin,steal,spins,gold,1,false,375000,57228653744422,508915,5,5,15,11,0,1,0,1,0,135552,450000,57,0,30.1,bonus_as10_gae3_no,100,2575000,,,,,47,26,8,15,12,10,3,0,3,88,44,29,23,20,29,5,3,5
86308,2026-04-10 21:26:30,1,1,1,coin,coin,coin,gold,1,true,3750000,57228657494422,508900,5,5,15,11,0,0,0,0,0,135552,450000,57,0,30.1,bonus_as10_gae3_no,100,2575000,,,,,48,26,8,15,12,10,3,0,3,89,44,29,23,20,29,5,3,5
86309,2026-04-10 21:26:32,3,3,3,attack,attack,attack,attack,2,true,0,57228657494422,508885,5,5,15,11,3,0,0,0,0,135552,450000,57,0,30.1,bonus_as10_gae3_no,100,2575000,,,,,49,29,8,15,12,10,4,0,3,90,47,29,23,20,29,6,3,5
86310,2026-04-10 21:26:35,1,1,1,coin,coin,coin,gold,1,true,3750000,57229081244422,508870,5,5,15,11,0,0,0,0,0,135552,450000,57,0,30.1,bonus_as10_gae3_no,100,2575000,,,,,50,29,8,15,12,10,4,0,3,91,47,29,23,20,29,6,3,5
86311,2026-04-10 21:26:36,30,2,2,accumulation,goldSack,goldSack,gold,1,false,2250000,57229083494422,508855,5,5,15,11,0,0,0,0,1,135567,450000,57,15,30.1,bonus_as10_gae3_no,100,2575000,,,LongExtraDayReduced,"{""slot_on_"":""43848\/62000@m28""}",51,29,8,15,12,11,4,0,3,92,47,29,23,20,30,6,3,5
86312,2026-04-10 21:26:37,30,2,2,accumulation,goldSack,goldSack,gold,1,false,2250000,57229085744422,508840,5,5,15,11,0,0,0,0,1,135582,450000,57,15,30.1,bonus_as10_gae3_no,100,2575000,LongExtraDayReduced,LongExtraDayReduced,,"{""slot_on_"":""43878\/62000@m28""}",52,29,8,15,12,12,4,0,3,93,47,29,23,20,31,6,3,5
86313,2026-04-10 21:26:39,30,30,3,accumulation,accumulation,attack,gold,6,false,0,57229085744422,508825,5,5,15,11,1,0,0,0,2,135612,450000,57,30,30.1,bonus_as10_gae3_no,100,2575000,,,,,53,30,8,15,12,14,4,0,3,94,48,29,23,20,33,6,3,5
86314,2026-04-10 21:26:40,1,1,4,coin,coin,steal,gold,1,false,750000,57229086494422,508810,5,5,15,11,0,1,0,0,0,135612,450000,57,0,30.1,bonus_as10_gae3_no,100,2575000,,,,,54,30,9,15,12,14,4,0,3,95,48,30,23,20,33,6,3,5
86315,2026-04-10 21:26:40,1,1,4,coin,coin,steal,gold,1,false,750000,57229087244422,508795,5,5,15,11,0,1,0,0,0,135612,450000,57,0,30.1,bonus_as10_gae3_no,100,2575000,,,,,55,30,10,15,12,14,4,0,3,96,48,31,23,20,33,6,3,5
86316,2026-04-10 21:26:41,30,2,2,accumulation,goldSack,goldSack,gold,1,false,2250000,57229089494422,508780,5,5,15,11,0,0,0,0,1,135627,450000,57,15,30.1,bonus_as10_gae3_no,100,2575000,,,,,56,30,10,15,12,15,4,0,3,97,48,31,23,20,34,6,3,5
86317,2026-04-10 21:26:43,1,5,5,coin,shield,shield,gold,1,false,375000,57229089869422,508765,5,5,15,11,0,0,2,0,0,135627,450000,57,0,30.1,bonus_as10_gae3_no,100,2575000,,,,,57,30,10,17,12,15,4,0,3,98,48,31,25,20,34,6,3,5
86318,2026-04-10 21:26:43,30,2,2,accumulation,goldSack,goldSack,gold,1,false,2250000,57229092119422,508750,5,5,15,11,0,0,0,0,1,135642,450000,57,15,30.1,bonus_as10_gae3_no,100,2575000,,,,,58,30,10,17,12,16,4,0,3,99,48,31,25,20,35,6,3,5
86319,2026-04-10 21:26:45,30,2,2,accumulation,goldSack,goldSack,gold,1,false,2250000,57229094369422,508735,5,5,15,11,0,0,0,0,1,135657,450000,57,15,30.1,bonus_as10_gae3_no,100,2575000,,,,"{""c5261ecd"":""1521\/4900@m93""}",59,30,10,17,12,17,4,0,3,100,48,31,25,20,36,6,3,5
86320,2026-04-10 21:26:46,3,5,2,attack,shield,goldSack,gold,1,false,1500000,57229095869422,508720,5,5,15,11,1,0,1,0,0,135657,450000,57,0,30.1,bonus_as10_gae3_no,100,2575000,LongExtraDayReduced,,,"{""slot_on_"":""43893\/62000@m28""}",60,31,10,18,12,17,4,0,3,101,49,31,26,20,36,6,3,5
86321,2026-04-10 21:26:47,4,6,2,steal,spins,goldSack,gold,1,false,1500000,57229097369422,508705,5,5,15,11,0,1,0,1,0,135657,450000,57,0,30.1,bonus_as10_gae3_no,100,2575000,,,,,61,31,11,18,13,17,4,0,3,102,49,32,26,21,36,6,3,5
86322,2026-04-10 21:26:47,5,5,5,shield,shield,shield,shield,3,true,15,57229097369422,508705,5,5,15,11,0,0,3,0,0,135657,450000,57,0,30.1,bonus_as10_gae3_no,100,2575000,,,,,62,31,11,21,13,17,4,0,4,103,49,32,29,21,36,6,3,6
86323,2026-04-10 21:26:49,3,1,4,attack,coin,steal,gold,1,false,375000,57229097744422,508690,5,5,15,11,1,1,0,0,0,135657,450000,57,0,30.1,bonus_as10_gae3_no,100,2575000,,LongExtraDayReduced,,"{""slot_on_"":""43908\/62000@m28""}",63,32,12,21,13,17,4,0,4,104,50,33,29,21,36,6,3,6
86324,2026-04-10 21:26:50,4,6,2,steal,spins,goldSack,gold,1,false,1500000,57229099244422,508675,5,5,15,11,0,1,0,1,0,135657,450000,57,0,30.1,bonus_as10_gae3_no,100,2575000,,,,,64,32,13,21,14,17,4,0,4,105,50,34,29,22,36,6,3,6
86325,2026-04-10 21:26:51,3,1,1,attack,coin,coin,gold,1,false,2500000,57229101744422,508625,5,5,50,11,1,0,0,0,0,135657,450000,57,0,30.1,bonus_as10_gae3_no,100,2575000,LongExtraDayReduced,,,"{""slot_on_"":""43958\/62000@m28""}",65,33,13,21,14,17,4,0,4,106,51,34,29,22,36,6,3,6
86326,2026-04-10 21:26:52,4,4,4,steal,steal,steal,steal,4,true,0,57229101744422,508575,5,5,50,11,0,3,0,0,0,135657,450000,57,0,30.1,bonus_as10_gae3_no,100,2575000,,,,,66,33,16,21,14,17,4,1,4,107,51,37,29,22,36,6,4,6
86327,2026-04-10 21:26:59,3,4,2,attack,steal,goldSack,gold,1,false,5000000,57260813348422,508525,5,5,50,11,1,1,0,0,0,135657,450000,57,0,30.1,bonus_as10_gae3_no,100,2575000,,,,,67,34,17,21,14,17,4,1,4,108,52,38,29,22,36,6,4,6
86328,2026-04-10 21:27:00,30,2,2,accumulation,goldSack,goldSack,gold,1,false,7500000,57260820848422,508475,5,5,50,11,0,0,0,0,1,135707,450000,57,50,30.2,bonus_as10_gae3_no,100,2575000,,,,,68,34,17,21,14,18,4,1,4,109,52,38,29,22,37,6,4,6
86329,2026-04-10 21:27:02,2,2,2,goldSack,goldSack,goldSack,gold,1,true,110000000,57260930848422,508425,5,5,50,11,0,0,0,0,0,135707,450000,57,0,30.2,bonus_as10_gae3_no,100,2575000,LongExtraDayReduced,,,"{""slot_on_"":""44008\/62000@m28""}",69,34,17,21,14,18,4,1,4,110,52,38,29,22,37,6,4,6
86330,2026-04-10 21:27:03,1,4,6,coin,steal,spins,gold,1,false,1250000,57260932098422,508375,5,5,50,11,0,1,0,1,0,135707,450000,57,0,30.2,bonus_as10_gae3_no,100,2575000,,,,,70,34,18,21,15,18,4,1,4,111,52,39,29,23,37,6,4,6
86331,2026-04-10 21:27:04,3,1,1,attack,coin,coin,gold,1,false,2500000,57260934598422,508325,5,5,50,11,1,0,0,0,0,135707,450000,57,0,30.2,bonus_as10_gae3_no,100,2575000,,,,,71,35,18,21,15,18,4,1,4,112,53,39,29,23,37,6,4,6
86332,2026-04-10 21:27:04,30,30,1,accumulation,accumulation,coin,gold,1,false,1250000,57260935848422,508275,5,5,50,11,0,0,0,0,2,135807,450000,57,100,30.2,bonus_as10_gae3_no,100,2575000,LongExtraDayReduced,LongExtraDayReduced,,"{""slot_on_"":""44108\/62000@m28""}",72,35,18,21,15,20,4,1,4,113,53,39,29,23,39,6,4,6
86333,2026-04-10 21:27:05,3,3,3,attack,attack,attack,attack,2,true,0,57260935848422,508225,5,5,50,11,3,0,0,0,0,135807,450000,57,0,30.2,bonus_as10_gae3_no,100,2575000,,LongExtraDayReduced,,"{""slot_on_"":""44158\/62000@m28""}",73,38,18,21,15,20,5,1,4,114,56,39,29,23,39,7,4,6
86334,2026-04-10 21:27:09,30,2,2,accumulation,goldSack,goldSack,gold,1,false,7500000,57262343348422,508175,5,5,50,11,0,0,0,0,1,135857,450000,57,50,30.2,bonus_as10_gae3_no,100,2575000,,,,,74,38,18,21,15,21,5,1,4,115,56,39,29,23,40,7,4,6
86335,2026-04-10 21:27:10,3,1,5,attack,coin,shield,gold,1,false,1250000,57262344598422,508125,5,5,50,11,1,0,1,0,0,135857,450000,57,0,30.2,bonus_as10_gae3_no,100,2575000,,,,,75,39,18,22,15,21,5,1,4,116,57,39,30,23,40,7,4,6
86336,2026-04-10 21:27:10,5,5,5,shield,shield,shield,shield,3,true,50,57262344598422,508125,5,5,50,11,0,0,3,0,0,135857,450000,57,0,30.2,bonus_as10_gae3_no,100,2575000,,,,,76,39,18,25,15,21,5,1,5,117,57,39,33,23,40,7,4,7
86337,2026-04-10 21:27:11,3,4,2,attack,steal,goldSack,gold,1,false,5000000,57262349598422,508075,5,5,50,11,1,1,0,0,0,135857,450000,57,0,30.2,bonus_as10_gae3_no,100,2575000,LongExtraDayReduced,,,"{""slot_on_"":""44208\/62000@m28""}",77,40,19,25,15,21,5,1,5,118,58,40,33,23,40,7,4,7
86338,2026-04-10 21:27:12,30,2,2,accumulation,goldSack,goldSack,gold,1,false,7500000,57262357098422,508025,5,5,50,11,0,0,0,0,1,135907,450000,57,50,30.2,bonus_as10_gae3_no,100,2575000,,,,,78,40,19,25,15,22,5,1,5,119,58,40,33,23,41,7,4,7
86339,2026-04-10 21:27:13,4,6,2,steal,spins,goldSack,gold,1,false,5000000,57262362098422,507975,5,5,50,11,0,1,0,1,0,135907,450000,57,0,30.2,bonus_as10_gae3_no,100,2575000,,,,,79,40,20,25,16,22,5,1,5,120,58,41,33,24,41,7,4,7
86340,2026-04-10 21:27:14,2,2,2,goldSack,goldSack,goldSack,gold,1,true,110000000,57262472098422,507925,5,5,50,11,0,0,0,0,0,135907,450000,57,0,30.2,bonus_as10_gae3_no,100,2575000,,LongExtraDayReduced,,"{""slot_on_"":""44258\/62000@m28""}",80,40,20,25,16,22,5,1,5,121,58,41,33,24,41,7,4,7
86341,2026-04-10 21:27:15,4,4,4,steal,steal,steal,steal,4,true,0,57262472098422,507875,5,5,50,11,0,3,0,0,0,135907,450000,57,0,30.2,bonus_as10_gae3_no,100,2575000,LongExtraDayReduced,,LongExtraDayReduced,"{""slot_on_"":""44358\/62000@m28""}",81,40,23,25,16,22,5,2,5,122,58,44,33,24,41,7,5,7
86342,2026-04-10 21:27:24,3,1,1,attack,coin,coin,gold,1,false,2500000,57279676298422,507825,5,5,50,11,1,0,0,0,0,135907,450000,57,0,30.2,bonus_as10_gae3_no,100,2575000,,,,"{""c5261ecd"":""1621\/4900@m93""}",82,41,23,25,16,22,5,2,5,123,59,44,33,24,41,7,5,7
86343,2026-04-10 21:27:25,3,6,2,attack,spins,goldSack,gold,1,false,5000000,57279681298422,507775,5,5,50,11,1,0,0,1,0,135907,450000,57,0,30.2,bonus_as10_gae3_no,100,2575000,,,,,83,42,23,25,17,22,5,2,5,124,60,44,33,25,41,7,5,7
86344,2026-04-10 21:27:26,2,2,2,goldSack,goldSack,goldSack,gold,1,true,110000000,57279791298422,507725,5,5,50,11,0,0,0,0,0,135907,450000,57,0,30.2,bonus_as10_gae3_no,100,2575000,,LongExtraDayReduced,LongExtraDayReduced,"{""slot_on_"":""44458\/62000@m28""}",84,42,23,25,17,22,5,2,5,125,60,44,33,25,41,7,5,7
86345,2026-04-10 21:27:28,4,6,2,steal,spins,goldSack,gold,1,false,5000000,57279796298422,507675,5,5,50,11,0,1,0,1,0,135907,450000,57,0,30.2,bonus_as10_gae3_no,100,2575000,,,,,85,42,24,25,18,22,5,2,5,126,60,45,33,26,41,7,5,7
86346,2026-04-10 21:27:28,3,1,1,attack,coin,coin,gold,1,false,2500000,57279798798422,507625,5,5,50,11,1,0,0,0,0,135907,450000,57,0,30.2,bonus_as10_gae3_no,100,2575000,,LongExtraDayReduced,,"{""slot_on_"":""44508\/62000@m28""}",86,43,24,25,18,22,5,2,5,127,61,45,33,26,41,7,5,7
86347,2026-04-10 21:27:29,3,1,5,attack,coin,shield,gold,1,false,1250000,57279800048422,507575,5,5,50,11,1,0,1,0,0,135907,450000,57,0,30.2,bonus_as10_gae3_no,100,2575000,,,,,87,44,24,26,18,22,5,2,5,128,62,45,34,26,41,7,5,7
86348,2026-04-10 21:27:30,3,3,3,attack,attack,attack,attack,2,true,0,57279800048422,507525,5,5,50,11,3,0,0,0,0,135907,450000,57,0,30.2,bonus_as10_gae3_no,100,2575000,,,,,88,47,24,26,18,22,6,2,5,129,65,45,34,26,41,8,5,7
86349,2026-04-10 21:27:33,1,4,4,coin,steal,steal,gold,1,false,1250000,57280263298422,507475,5,5,50,11,0,2,0,0,0,135907,450000,57,0,30.2,bonus_as10_gae3_no,100,2575000,,,,,89,47,26,26,18,22,6,2,5,130,65,47,34,26,41,8,5,7
86350,2026-04-10 21:27:34,30,2,2,accumulation,goldSack,goldSack,gold,1,false,7500000,57280270798422,507425,5,5,50,11,0,0,0,0,1,135957,450000,57,50,30.2,bonus_as10_gae3_no,100,2575000,,,LongExtraDayReduced,"{""slot_on_"":""44558\/62000@m28""}",90,47,26,26,18,23,6,2,5,131,65,47,34,26,42,8,5,7
86351,2026-04-10 21:27:35,3,3,3,attack,attack,attack,attack,2,true,0,57280270798422,507375,5,5,50,11,3,0,0,0,0,135957,450000,57,0,30.2,bonus_as10_gae3_no,100,2575000,LongExtraDayReduced,,LongExtraDayReduced,"{""slot_on_"":""44658\/62000@m28""}",91,50,26,26,18,23,7,2,5,132,68,47,34,26,42,9,5,7
86352,2026-04-10 21:27:39,1,4,6,coin,steal,spins,gold,1,false,1250000,57281672048422,507325,5,5,50,11,0,1,0,1,0,135957,450000,57,0,30.2,bonus_as10_gae3_no,100,2575000,,,,,92,50,27,26,19,23,7,2,5,133,68,48,34,27,42,9,5,7
86353,2026-04-10 21:27:40,30,30,1,accumulation,accumulation,coin,gold,1,false,1250000,57281673298422,507275,5,5,50,11,0,0,0,0,2,136057,450000,57,100,30.2,bonus_as10_gae3_no,100,2575000,,,,,93,50,27,26,19,25,7,2,5,134,68,48,34,27,44,9,5,7
86354,2026-04-10 21:27:42,30,2,2,accumulation,goldSack,goldSack,gold,1,false,7500000,57281680798422,507225,5,5,50,11,0,0,0,0,1,136107,450000,57,50,30.2,bonus_as10_gae3_no,100,2575000,,,,,94,50,27,26,19,26,7,2,5,135,68,48,34,27,45,9,5,7
86355,2026-04-10 21:27:43,30,2,2,accumulation,goldSack,goldSack,gold,1,false,60000000,57281740798422,506825,5,5,400,11,0,0,0,0,1,136507,450000,57,400,30.3,bonus_as10_gae3_no,100,2575000,,,,,95,50,27,26,19,27,7,2,5,136,68,48,34,27,46,9,5,7
86356,2026-04-10 21:27:44,5,5,5,shield,shield,shield,shield,3,true,400,57281740798422,506825,5,5,400,11,0,0,3,0,0,136507,450000,57,0,30.3,bonus_as10_gae3_no,100,2575000,LongExtraDayReduced,,,"{""slot_on_"":""45058\/62000@m28""}",96,50,27,29,19,27,7,2,6,137,68,48,37,27,46,9,5,8
86357,2026-04-10 21:27:45,3,6,2,attack,spins,goldSack,gold,1,false,40000000,57281780798422,506425,5,5,400,11,1,0,0,1,0,136507,450000,57,0,30.3,bonus_as10_gae3_no,100,2575000,,,,,97,51,27,29,20,27,7,2,6,138,69,48,37,28,46,9,5,8
86358,2026-04-10 21:27:46,3,6,2,attack,spins,goldSack,gold,1,false,40000000,57281820798422,506025,5,5,400,11,1,0,0,1,0,136507,450000,57,0,30.3,bonus_as10_gae3_no,100,2575000,,,,,98,52,27,29,21,27,7,2,6,139,70,48,37,29,46,9,5,8
86359,2026-04-10 21:27:47,6,6,6,spins,spins,spins,spins,5,true,4000,57281820798422,509625,5,5,400,11,0,0,0,3,0,136507,450000,57,0,30.3,bonus_as10_gae3_no,100,2575000,,,,,99,52,27,29,24,27,7,2,6,140,70,48,37,32,46,9,5,8
86360,2026-04-10 21:27:49,2,2,2,goldSack,goldSack,goldSack,gold,1,true,880000000,57282700798422,509225,5,5,400,11,0,0,0,0,0,136507,450000,57,0,30.3,bonus_as10_gae3_no,100,2575000,,,LongExtraDayReduced,"{""slot_on_"":""45458\/62000@m28""}",100,52,27,29,24,27,7,2,6,1,0,0,0,0,0,0,0,0
86361,2026-04-10 21:27:50,1,4,4,coin,steal,steal,gold,1,false,10000000,57282710798422,508825,5,5,400,11,0,2,0,0,0,136507,450000,57,0,30.3,bonus_as10_gae3_no,100,2575000,,,,,101,52,29,29,24,27,7,2,6,2,0,2,0,0,0,0,0,0
86362,2026-04-10 21:27:51,1,1,4,coin,coin,steal,gold,1,false,20000000,57282730798422,508425,5,5,400,11,0,1,0,0,0,136507,450000,57,0,30.3,bonus_as10_gae3_no,100,2575000,LongExtraDayReduced,,,"{""slot_on_"":""45858\/62000@m28"",""c5261ecd"":""2421\/4900@m93""}",102,52,30,29,24,27,7,2,6,3,0,3,0,0,0,0,0,0
86363,2026-04-10 21:27:52,4,6,2,steal,spins,goldSack,gold,1,false,40000000,57282770798422,508025,5,5,400,11,0,1,0,1,0,136507,450000,57,0,30.3,bonus_as10_gae3_no,100,2575000,,,LongExtraDayReduced,"{""slot_on_"":""46258\/62000@m28""}",103,52,31,29,25,27,7,2,6,4,0,4,0,1,0,0,0,0
86364,2026-04-10 21:27:53,3,3,2,attack,attack,goldSack,gold,1,false,40000000,57282810798422,507625,5,5,400,11,2,0,0,0,0,136507,450000,57,0,30.3,bonus_as10_gae3_no,100,2575000,,,,,104,54,31,29,25,27,7,2,6,5,2,4,0,1,0,0,0,0
86365,2026-04-10 21:27:53,3,6,2,attack,spins,goldSack,gold,1,false,40000000,57282850798422,507225,5,5,400,11,1,0,0,1,0,136507,450000,57,0,30.3,bonus_as10_gae3_no,100,2575000,,,,,105,55,31,29,26,27,7,2,6,6,3,4,0,2,0,0,0,0
86366,2026-04-10 21:27:55,3,1,5,attack,coin,shield,gold,1,false,10000000,57282860798422,506825,5,5,400,11,1,0,1,0,0,136507,450000,57,0,30.3,bonus_as10_gae3_no,100,2575000,,,,,106,56,31,30,26,27,7,2,6,7,4,4,1,2,0,0,0,0
86367,2026-04-10 21:27:56,1,1,1,coin,coin,coin,gold,1,true,100000000,57282960798422,506425,5,5,400,11,0,0,0,0,0,136507,450000,57,0,30.3,bonus_as10_gae3_no,100,2575000,,,,,107,56,31,30,26,27,7,2,6,8,4,4,1,2,0,0,0,0
86368,2026-04-10 21:27:57,5,5,5,shield,shield,shield,shield,3,true,400,57282960798422,506425,5,5,400,11,0,0,3,0,0,136507,450000,57,0,30.3,bonus_as10_gae3_no,100,2575000,,LongExtraDayReduced,,"{""slot_on_"":""46658\/62000@m28""}",108,56,31,33,26,27,7,2,7,9,4,4,4,2,0,0,0,1
86369,2026-04-10 21:27:59,3,1,4,attack,coin,steal,gold,1,false,10000000,57282970798422,506025,5,5,400,11,1,1,0,0,0,136507,450000,57,0,30.3,bonus_as10_gae3_no,100,2575000,,,,,109,57,32,33,26,27,7,2,7,10,5,5,4,2,0,0,0,1
86370,2026-04-10 21:28:00,1,6,6,coin,spins,spins,gold,1,false,10000000,57282980798422,505625,5,5,400,11,0,0,0,2,0,136507,450000,57,0,30.3,bonus_as10_gae3_no,100,2575000,,,,,110,57,32,33,28,27,7,2,7,11,5,5,4,4,0,0,0,1
86371,2026-04-10 21:28:01,3,1,5,attack,coin,shield,gold,1,false,10000000,57282990798422,505225,5,5,400,11,1,0,1,0,0,136507,450000,57,0,30.3,bonus_as10_gae3_no,100,2575000,,LongExtraDayReduced,,"{""slot_on_"":""47058\/62000@m28""}",111,58,32,34,28,27,7,2,7,12,6,5,5,4,0,0,0,1
86372,2026-04-10 21:28:02,30,30,1,accumulation,accumulation,coin,gold,1,false,10000000,57283000798422,504825,5,5,400,11,0,0,0,0,2,137307,450000,57,800,30.5,bonus_as10_gae3_no,100,2575000,,,,,112,58,32,34,28,29,7,2,7,13,6,5,5,4,2,0,0,1
86373,2026-04-10 21:28:04,1,1,4,coin,coin,steal,gold,1,false,20000000,57283020798422,504425,5,5,400,11,0,1,0,0,0,137307,450000,57,0,30.5,bonus_as10_gae3_no,100,2575000,LongExtraDayReduced,,,"{""slot_on_"":""47458\/62000@m28""}",113,58,33,34,28,29,7,2,7,14,6,6,5,4,2,0,0,1
86374,2026-04-10 21:28:07,3,3,3,attack,attack,attack,attack,2,true,0,57283020798422,502925,5,5,1500,11,3,0,0,0,0,137307,450000,57,0,30.5,bonus_as10_gae3_no,100,2575000,,,,,114,61,33,34,28,29,8,2,7,15,9,6,5,4,2,1,0,1
86375,2026-04-10 21:28:12,1,1,1,coin,coin,coin,gold,1,true,100000000,57325120798422,502525,5,5,400,11,0,0,0,0,0,137307,450000,57,0,30.5,bonus_as10_gae3_no,100,2575000,,,LongExtraDayReduced,"{""slot_on_"":""47858\/62000@m28"",""c5261ecd"":""3221\/4900@m93""}",115,61,33,34,28,29,8,2,7,16,9,6,5,4,2,1,0,1
86376,2026-04-10 21:28:13,3,3,3,attack,attack,attack,attack,2,true,0,57325120798422,502125,5,5,400,11,3,0,0,0,0,137307,450000,57,0,30.5,bonus_as10_gae3_no,100,2575000,,,,,116,64,33,34,28,29,9,2,7,17,12,6,5,4,2,2,0,1
86377,2026-04-10 21:28:17,3,3,3,attack,attack,attack,attack,2,true,0,57328816798422,501725,5,5,400,11,3,0,0,0,0,137307,450000,57,0,30.5,bonus_as10_gae3_no,100,2575000,,,,,117,67,33,34,28,29,10,2,7,18,15,6,5,4,2,3,0,1
86378,2026-04-10 21:28:21,30,2,2,accumulation,goldSack,goldSack,gold,1,false,60000000,57332572798422,501325,5,5,400,11,0,0,0,0,1,137707,450000,57,400,30.6,bonus_as10_gae3_no,100,2575000,,,,,118,67,33,34,28,30,10,2,7,19,15,6,5,4,3,3,0,1
86379,2026-04-10 21:28:23,1,1,4,coin,coin,steal,gold,1,false,20000000,57332592798422,500925,5,5,400,11,0,1,0,0,0,137707,450000,57,0,30.6,bonus_as10_gae3_no,100,2575000,,LongExtraDayReduced,,"{""slot_on_"":""48258\/62000@m28""}",119,67,34,34,28,30,10,2,7,20,15,7,5,4,3,3,0,1
86380,2026-04-10 21:28:28,4,6,2,steal,spins,goldSack,gold,1,false,40000000,57332632798422,500525,5,5,400,11,0,1,0,1,0,137707,450000,57,0,30.6,bonus_as10_gae3_no,100,2575000,LongExtraDayReduced,,LongExtraDayReduced,"{""slot_on_"":""49058\/62000@m28""}",120,67,35,34,29,30,10,2,7,21,15,8,5,5,3,3,0,1
86381,2026-04-10 21:28:30,5,2,2,shield,goldSack,goldSack,gold,1,false,225000000,57332857798422,499025,5,5,1500,11,0,0,1,0,0,137707,450000,57,0,30.6,bonus_as10_gae3_no,100,2575000,,,LongExtraDayReduced,"{""slot_on_"":""50558\/62000@m28""}",121,67,35,35,29,30,10,2,7,22,15,8,6,5,3,3,0,1
86382,2026-04-10 21:28:31,30,2,2,accumulation,goldSack,goldSack,gold,1,false,225000000,57333082798422,497525,5,5,1500,11,0,0,0,0,1,139207,450000,57,1500,30.9,bonus_as10_gae3_no,100,2575000,,,,,122,67,35,35,29,31,10,2,7,23,15,8,6,5,4,3,0,1
86383,2026-04-10 21:28:33,3,3,3,attack,attack,attack,attack,2,true,0,57333082798422,496025,5,5,1500,11,3,0,0,0,0,139207,450000,57,0,30.9,bonus_as10_gae3_no,100,2575000,,,,,123,70,35,35,29,31,11,2,7,24,18,8,6,5,4,4,0,1
86384,2026-04-10 21:28:40,30,30,1,accumulation,accumulation,coin,gold,1,false,10000000,57375092798422,495625,5,5,400,11,0,0,0,0,2,140007,450000,57,800,31.1,bonus_as10_gae3_no,100,2575000,,,,,124,70,35,35,29,33,11,2,7,25,18,8,6,5,6,4,0,1
86385,2026-04-10 21:28:42,1,1,1,coin,coin,coin,gold,1,true,100000000,57375192798422,495225,5,5,400,11,0,0,0,0,0,140007,450000,57,0,31.1,bonus_as10_gae3_no,100,2575000,LongExtraDayReduced,,,"{""slot_on_"":""50958\/62000@m28""}",125,70,35,35,29,33,11,2,7,26,18,8,6,5,6,4,0,1
86386,2026-04-10 21:28:43,3,1,4,attack,coin,steal,gold,1,false,10000000,57375202798422,494825,5,5,400,11,1,1,0,0,0,140007,450000,57,0,31.1,bonus_as10_gae3_no,100,2575000,,,,,126,71,36,35,29,33,11,2,7,27,19,9,6,5,6,4,0,1
86387,2026-04-10 21:28:46,30,2,2,accumulation,goldSack,goldSack,gold,1,false,60000000,57375262798422,494425,5,5,400,11,0,0,0,0,1,140407,450000,57,400,31.2,bonus_as10_gae3_no,100,2575000,,,,"{""c5261ecd"":""4021\/4900@m93""}",127,71,36,35,29,34,11,2,7,28,19,9,6,5,7,4,0,1
86388,2026-04-10 21:28:49,30,2,2,accumulation,goldSack,goldSack,gold,1,false,225000000,57375487798422,492925,5,5,1500,11,0,0,0,0,1,141907,450000,57,1500,31.5,bonus_as10_gae3_no,100,2575000,,,,,128,71,36,35,29,35,11,2,7,29,19,9,6,5,8,4,0,1
86389,2026-04-10 21:28:51,30,2,2,accumulation,goldSack,goldSack,gold,1,false,225000000,57375712798422,491425,5,5,1500,11,0,0,0,0,1,143407,450000,57,1500,31.9,bonus_as10_gae3_no,100,2575000,,,,,129,71,36,35,29,36,11,2,7,30,19,9,6,5,9,4,0,1
86390,2026-04-10 21:28:54,1,1,1,coin,coin,coin,gold,1,true,1500000000,57377212798422,485425,5,5,6000,11,0,0,0,0,0,143407,450000,57,0,31.9,bonus_as10_gae3_no,100,2575000,,,,,130,71,36,35,29,36,11,2,7,31,19,9,6,5,9,4,0,1
86391,2026-04-10 21:28:55,3,1,5,attack,coin,shield,gold,1,false,150000000,57377362798422,479425,5,5,6000,11,1,0,1,0,0,143407,450000,57,0,31.9,bonus_as10_gae3_no,100,2575000,,,,,131,72,36,36,29,36,11,2,7,32,20,9,7,5,9,4,0,1
86392,2026-04-10 21:28:56,1,4,4,coin,steal,steal,gold,1,false,150000000,57377512798422,473425,5,5,6000,11,0,2,0,0,0,143407,450000,57,0,31.9,bonus_as10_gae3_no,100,2575000,,LongExtraDayReduced,,"{""slot_on_"":""56958\/62000@m28""}",132,72,38,36,29,36,11,2,7,33,20,11,7,5,9,4,0,1
86393,2026-04-10 21:28:57,1,6,6,coin,spins,spins,gold,1,false,150000000,57377662798422,467425,5,5,6000,11,0,0,0,2,0,143407,450000,57,0,31.9,bonus_as10_gae3_no,100,2575000,,,,,133,72,38,36,31,36,11,2,7,34,20,11,7,7,9,4,0,1
86394,2026-04-10 21:28:58,3,4,2,attack,steal,goldSack,gold,1,false,600000000,57378262798422,461425,5,5,6000,11,1,1,0,0,0,143407,450000,57,0,31.9,bonus_as10_gae3_no,100,2575000,,,,,134,73,39,36,31,36,11,2,7,35,21,12,7,7,9,4,0,1
86395,2026-04-10 21:29:00,2,2,2,goldSack,goldSack,goldSack,gold,1,true,13200000000,57391462798422,455425,5,5,6000,11,0,0,0,0,0,143407,450000,57,0,31.9,bonus_as10_gae3_no,100,2575000,,,,,135,73,39,36,31,36,11,2,7,36,21,12,7,7,9,4,0,1
86396,2026-04-10 21:29:02,30,2,2,accumulation,goldSack,goldSack,gold,1,false,900000000,57392362798422,449425,5,5,6000,11,0,0,0,0,1,149407,450000,57,6000,33.2,bonus_as10_gae3_no,100,2575000,,,,,136,73,39,36,31,37,11,2,7,37,21,12,7,7,10,4,0,1
86397,2026-04-10 21:29:03,30,2,2,accumulation,goldSack,goldSack,gold,1,false,900000000,57393262798422,443425,5,5,6000,11,0,0,0,0,1,155407,450000,57,6000,34.5,bonus_as10_gae3_no,100,2575000,,,,,137,73,39,36,31,38,11,2,7,38,21,12,7,7,11,4,0,1
86398,2026-04-10 21:29:06,30,2,2,accumulation,goldSack,goldSack,gold,1,false,3000000000,57396262798422,423425,5,5,20000,11,0,0,0,0,1,175407,450000,57,20000,39.0,bonus_as10_gae3_no,100,2575000,,,,,138,73,39,36,31,39,11,2,7,39,21,12,7,7,12,4,0,1
86399,2026-04-10 21:29:47,4,4,4,steal,steal,steal,steal,4,true,0,57396462798422,418425,5,5,20000,11,0,3,0,0,0,175407,450000,57,0,39.0,bonus_as10_gae3_no,100,2575000,,,,,139,73,42,36,31,39,11,3,7,40,21,15,7,7,12,4,1,1
86400,2026-04-10 21:30:04,1,5,5,coin,shield,shield,gold,1,false,37500000,65264708298422,416925,5,5,1500,11,0,0,2,0,0,175407,450000,57,0,39.0,bonus_as10_gae3_no,100,2575000,LongExtraDayReduced,,,"{""slot_on_"":""58458\/62000@m28""}",140,73,42,38,31,39,11,3,7,41,21,15,9,7,12,4,1,1
86401,2026-04-10 21:30:05,1,1,1,coin,coin,coin,gold,1,true,375000000,65265083298422,415425,5,5,1500,11,0,0,0,0,0,175407,450000,57,0,39.0,bonus_as10_gae3_no,100,2575000,,,,,141,73,42,38,31,39,11,3,7,42,21,15,9,7,12,4,1,1
86402,2026-04-10 21:30:06,5,5,5,shield,shield,shield,shield,3,true,1500,65265083298422,415425,5,5,1500,11,0,0,3,0,0,175407,450000,57,0,39.0,bonus_as10_gae3_no,100,2575000,,,,,142,73,42,41,31,39,11,3,8,43,21,15,12,7,12,4,1,2
86403,2026-04-10 21:30:08,30,30,30,accumulation,accumulation,accumulation,gold,10,true,0,65265083298422,413925,5,5,1500,11,0,0,0,0,3,190407,450000,57,15000,42.3,bonus_as10_gae3_no,100,2575000,LongExtraDayReduced,,,"{""slot_on_"":""59958\/62000@m28"",""c5261ecd"":""2121\/4900@m94""}",143,73,42,41,31,42,11,3,8,44,21,15,12,7,15,4,1,2
86404,2026-04-11 14:07:24,3,6,2,attack,spins,goldSack,gold,1,false,100000,65256580701689,418899,5,5,1,11,1,0,0,1,0,190407,450000,57,0,42.3,bonus_as10_gae3_no,100,2575000,,,,,1,1,0,0,1,0,0,0,0,45,22,15,12,8,15,4,1,2
86405,2026-04-11 14:07:28,30,2,2,accumulation,goldSack,goldSack,gold,1,false,150000,65256580851689,418898,5,5,1,11,0,0,0,0,1,190408,450000,57,1,42.3,bonus_as10_gae3_no,100,2575000,,,,,2,1,0,0,1,1,0,0,0,46,22,15,12,8,16,4,1,2
86406,2026-04-11 14:07:29,3,3,2,attack,attack,goldSack,gold,1,false,100000,65256580951689,418897,5,5,1,11,2,0,0,0,0,190408,450000,57,0,42.3,bonus_as10_gae3_no,100,2575000,,,,,3,3,0,0,1,1,0,0,0,47,24,15,12,8,16,4,1,2
86407,2026-04-11 14:07:29,1,1,4,coin,coin,steal,gold,1,false,50000,65256581001689,418896,5,5,1,11,0,1,0,0,0,190408,450000,57,0,42.3,bonus_as10_gae3_no,100,2575000,,,,,4,3,1,0,1,1,0,0,0,48,24,16,12,8,16,4,1,2
86408,2026-04-11 14:07:30,30,30,1,accumulation,accumulation,coin,gold,1,false,25000,65256581026689,418895,5,5,1,11,0,0,0,0,2,190410,450000,57,2,42.3,bonus_as10_gae3_no,100,2575000,,,,,5,3,1,0,1,3,0,0,0,49,24,16,12,8,18,4,1,2
86409,2026-04-11 14:07:31,1,4,5,coin,steal,shield,gold,1,false,25000,65256581051689,418894,5,5,1,11,0,1,1,0,0,190410,450000,57,0,42.3,bonus_as10_gae3_no,100,2575000,,LongExtraDayReduced,,"{""slot_on_"":""59959\/62000@m28""}",6,3,2,1,1,3,0,0,0,50,24,17,13,8,18,4,1,2
86410,2026-04-11 14:07:32,3,6,2,attack,spins,goldSack,gold,1,false,100000,65256581151689,418893,5,5,1,11,1,0,0,1,0,190410,450000,57,0,42.3,bonus_as10_gae3_no,100,2575000,,LongExtraDayReduced,,"{""slot_on_"":""59960\/62000@m28""}",7,4,2,1,2,3,0,0,0,51,25,17,13,9,18,4,1,2
86411,2026-04-11 14:07:33,3,6,2,attack,spins,goldSack,gold,1,false,100000,65256581251689,418892,5,5,1,11,1,0,0,1,0,190410,450000,57,0,42.3,bonus_as10_gae3_no,100,2575000,,,,,8,5,2,1,3,3,0,0,0,52,26,17,13,10,18,4,1,2
86412,2026-04-11 14:07:34,30,30,3,accumulation,accumulation,attack,gold,6,false,0,65256581251689,418891,5,5,1,11,1,0,0,0,2,190412,450000,57,2,42.3,bonus_as10_gae3_no,100,2575000,LongExtraDayReduced,LongExtraDayReduced,LongExtraDayReduced,"{""slot_on_"":""59965\/62000@m28""}",9,6,2,1,3,5,0,0,0,53,27,17,13,10,20,4,1,2
86413,2026-04-11 14:07:35,1,1,1,coin,coin,coin,gold,1,true,250000,65256581501689,418890,5,5,1,11,0,0,0,0,0,190412,450000,57,0,42.3,bonus_as10_gae3_no,100,2575000,LongExtraDayReduced,LongExtraDayReduced,,"{""slot_on_"":""59967\/62000@m28""}",10,6,2,1,3,5,0,0,0,54,27,17,13,10,20,4,1,2
86414,2026-04-11 14:07:36,1,1,1,coin,coin,coin,gold,1,true,250000,65256581751689,418889,5,5,1,11,0,0,0,0,0,190412,450000,57,0,42.3,bonus_as10_gae3_no,100,2575000,,,,,11,6,2,1,3,5,0,0,0,55,27,17,13,10,20,4,1,2
86415,2026-04-11 14:07:37,3,6,2,attack,spins,goldSack,gold,1,false,100000,65256581851689,418888,5,5,1,11,1,0,0,1,0,190412,450000,57,0,42.3,bonus_as10_gae3_no,100,2575000,,,,,12,7,2,1,4,5,0,0,0,56,28,17,13,11,20,4,1,2
86416,2026-04-11 14:07:37,1,1,4,coin,coin,steal,gold,1,false,50000,65256581901689,418887,5,5,1,11,0,1,0,0,0,190412,450000,57,0,42.3,bonus_as10_gae3_no,100,2575000,,,,,13,7,3,1,4,5,0,0,0,57,28,18,13,11,20,4,1,2
86417,2026-04-11 14:07:38,30,30,3,accumulation,accumulation,attack,gold,6,false,0,65256581901689,418886,5,5,1,11,1,0,0,0,2,190414,450000,57,2,42.3,bonus_as10_gae3_no,100,2575000,,,,,14,8,3,1,4,7,0,0,0,58,29,18,13,11,22,4,1,2
86418,2026-04-11 14:07:39,30,30,1,accumulation,accumulation,coin,gold,1,false,25000,65256581926689,418885,5,5,1,11,0,0,0,0,2,190416,450000,57,2,42.3,bonus_as10_gae3_no,100,2575000,,,,,15,8,3,1,4,9,0,0,0,59,29,18,13,11,24,4,1,2
86419,2026-04-11 14:07:40,1,1,1,coin,coin,coin,gold,1,true,250000,65256582176689,418884,5,5,1,11,0,0,0,0,0,190416,450000,57,0,42.3,bonus_as10_gae3_no,100,2575000,,,,,16,8,3,1,4,9,0,0,0,60,29,18,13,11,24,4,1,2
86420,2026-04-11 14:07:41,1,1,1,coin,coin,coin,gold,1,true,250000,65256582426689,418883,5,5,1,11,0,0,0,0,0,190416,450000,57,0,42.3,bonus_as10_gae3_no,100,2575000,,,,,17,8,3,1,4,9,0,0,0,61,29,18,13,11,24,4,1,2
86421,2026-04-11 14:07:42,1,1,1,coin,coin,coin,gold,1,true,250000,65256582676689,418882,5,5,1,11,0,0,0,0,0,190416,450000,57,0,42.3,bonus_as10_gae3_no,100,2575000,,,,"{""c5261ecd"":""2123\/4900@m94""}",18,8,3,1,4,9,0,0,0,62,29,18,13,11,24,4,1,2
86422,2026-04-11 14:07:43,3,3,3,attack,attack,attack,attack,2,true,0,65256582676689,418881,5,5,1,11,3,0,0,0,0,190416,450000,57,0,42.3,bonus_as10_gae3_no,100,2575000,,LongExtraDayReduced,,"{""slot_on_"":""59968\/62000@m28""}",19,11,3,1,4,9,1,0,0,63,32,18,13,11,24,5,1,2
86423,2026-04-11 14:07:48,5,5,5,shield,shield,shield,shield,3,true,1,65256591916689,418881,5,5,1,11,0,0,3,0,0,190416,450000,57,0,42.3,bonus_as10_gae3_no,100,2575000,,,,,20,11,3,4,4,9,1,0,1,64,32,18,16,11,24,5,1,3
86424,2026-04-11 14:07:48,4,4,4,steal,steal,steal,steal,4,true,0,65256591916689,418880,5,5,1,11,0,3,0,0,0,190416,450000,57,0,42.3,bonus_as10_gae3_no,100,2575000,,,,,21,11,6,4,4,9,1,1,1,65,32,21,16,11,24,5,2,3
86425,2026-04-11 14:07:57,1,6,6,coin,spins,spins,gold,1,false,25000,65256676923689,418879,5,5,1,11,0,0,0,2,0,190416,450000,57,0,42.3,bonus_as10_gae3_no,100,2575000,,,,,22,11,6,4,6,9,1,1,1,66,32,21,16,13,24,5,2,3
86426,2026-04-11 14:07:58,3,6,2,attack,spins,goldSack,gold,1,false,100000,65256677023689,418878,5,5,1,11,1,0,0,1,0,190416,450000,57,0,42.3,bonus_as10_gae3_no,100,2575000,,,,,23,12,6,4,7,9,1,1,1,67,33,21,16,14,24,5,2,3
86427,2026-04-11 14:07:58,30,2,2,accumulation,goldSack,goldSack,gold,1,false,150000,65256677173689,418877,5,5,1,11,0,0,0,0,1,190417,450000,57,1,42.3,bonus_as10_gae3_no,100,2575000,,,,,24,12,6,4,7,10,1,1,1,68,33,21,16,14,25,5,2,3
86428,2026-04-11 14:07:59,3,3,3,attack,attack,attack,attack,2,true,0,65256677173689,418876,5,5,1,11,3,0,0,0,0,190417,450000,57,0,42.3,bonus_as10_gae3_no,100,2575000,,LongExtraDayReduced,LongExtraDayReduced,"{""slot_on_"":""59970\/62000@m28""}",25,15,6,4,7,10,2,1,1,69,36,21,16,14,25,6,2,3
86429,2026-04-11 14:08:03,3,6,2,attack,spins,goldSack,gold,1,false,100000,65256686513689,418875,5,5,1,11,1,0,0,1,0,190417,450000,57,0,42.3,bonus_as10_gae3_no,100,2575000,,,,,26,16,6,4,8,10,2,1,1,70,37,21,16,15,25,6,2,3
86430,2026-04-11 14:08:04,1,4,6,coin,steal,spins,gold,1,false,25000,65256686538689,418874,5,5,1,11,0,1,0,1,0,190417,450000,57,0,42.3,bonus_as10_gae3_no,100,2575000,,,,,27,16,7,4,9,10,2,1,1,71,37,22,16,16,25,6,2,3
86431,2026-04-11 14:08:05,3,6,2,attack,spins,goldSack,gold,1,false,100000,65256686638689,418873,5,5,1,11,1,0,0,1,0,190417,450000,57,0,42.3,bonus_as10_gae3_no,100,2575000,,,,,28,17,7,4,10,10,2,1,1,72,38,22,16,17,25,6,2,3
86432,2026-04-11 14:08:05,3,6,2,attack,spins,goldSack,gold,1,false,100000,65256686738689,418872,5,5,1,11,1,0,0,1,0,190417,450000,57,0,42.3,bonus_as10_gae3_no,100,2575000,,,,,29,18,7,4,11,10,2,1,1,73,39,22,16,18,25,6,2,3
86433,2026-04-11 14:08:06,2,2,2,goldSack,goldSack,goldSack,gold,1,true,2200000,65256688938689,418871,5,5,1,11,0,0,0,0,0,190417,450000,57,0,42.3,bonus_as10_gae3_no,100,2575000,,,,,30,18,7,4,11,10,2,1,1,74,39,22,16,18,25,6,2,3
86434,2026-04-11 14:08:07,1,1,4,coin,coin,steal,gold,1,false,50000,65256688988689,418870,5,5,1,11,0,1,0,0,0,190417,450000,57,0,42.3,bonus_as10_gae3_no,100,2575000,,,,"{""c5261ecd"":""2125\/4900@m94""}",31,18,8,4,11,10,2,1,1,75,39,23,16,18,25,6,2,3
86435,2026-04-11 14:08:08,3,3,3,attack,attack,attack,attack,2,true,0,65256688988689,418869,5,5,1,11,3,0,0,0,0,190417,450000,57,0,42.3,bonus_as10_gae3_no,100,2575000,,,,,32,21,8,4,11,10,3,1,1,76,42,23,16,18,25,7,2,3
86436,2026-04-11 14:08:12,4,4,4,steal,steal,steal,steal,4,true,0,65256716988689,418868,5,5,1,11,0,3,0,0,0,190417,450000,57,0,42.3,bonus_as10_gae3_no,100,2575000,,,LongExtraDayReduced,"{""slot_on_"":""59971\/62000@m28""}",33,21,11,4,11,10,3,2,1,77,42,26,16,18,25,7,3,3
86437,2026-04-11 14:08:17,5,5,5,shield,shield,shield,shield,3,true,1,65256883614689,418868,5,5,1,11,0,0,3,0,0,190417,450000,57,0,42.3,bonus_as10_gae3_no,100,2575000,LongExtraDayReduced,,,"{""slot_on_"":""59972\/62000@m28""}",34,21,11,7,11,10,3,2,2,78,42,26,19,18,25,7,3,4
86438,2026-04-11 14:08:18,1,4,5,coin,steal,shield,gold,1,false,25000,65256883639689,418867,5,5,1,11,0,1,1,0,0,190417,450000,57,0,42.3,bonus_as10_gae3_no,100,2575000,,LongExtraDayReduced,LongExtraDayReduced,"{""slot_on_"":""59974\/62000@m28""}",35,21,12,8,11,10,3,2,2,79,42,27,20,18,25,7,3,4
86439,2026-04-11 14:08:19,1,4,4,coin,steal,steal,gold,1,false,25000,65256883664689,418866,5,5,1,11,0,2,0,0,0,190417,450000,57,0,42.3,bonus_as10_gae3_no,100,2575000,,,,,36,21,14,8,11,10,3,2,2,80,42,29,20,18,25,7,3,4
86440,2026-04-11 14:08:20,2,2,2,goldSack,goldSack,goldSack,gold,1,true,2200000,65256885864689,418865,5,5,1,11,0,0,0,0,0,190417,450000,57,0,42.3,bonus_as10_gae3_no,100,2575000,,,,,37,21,14,8,11,10,3,2,2,81,42,29,20,18,25,7,3,4
86441,2026-04-11 14:08:20,3,1,1,attack,coin,coin,gold,1,false,50000,65256885914689,418864,5,5,1,11,1,0,0,0,0,190417,450000,57,0,42.3,bonus_as10_gae3_no,100,2575000,,,,,38,22,14,8,11,10,3,2,2,82,43,29,20,18,25,7,3,4
86442,2026-04-11 14:08:21,3,6,2,attack,spins,goldSack,gold,1,false,100000,65256886014689,418863,5,5,1,11,1,0,0,1,0,190417,450000,57,0,42.3,bonus_as10_gae3_no,100,2575000,,,,,39,23,14,8,12,10,3,2,2,83,44,29,20,19,25,7,3,4
86443,2026-04-11 14:08:22,30,2,2,accumulation,goldSack,goldSack,gold,1,false,150000,65256886164689,418862,5,5,1,11,0,0,0,0,1,190418,450000,57,1,42.3,bonus_as10_gae3_no,100,2575000,,,,,40,23,14,8,12,11,3,2,2,84,44,29,20,19,26,7,3,4
86444,2026-04-11 14:08:24,30,30,3,accumulation,accumulation,attack,gold,6,false,0,65256886164689,418861,5,5,1,11,1,0,0,0,2,190420,450000,57,2,42.3,bonus_as10_gae3_no,100,2575000,,,,,41,24,14,8,12,13,3,2,2,85,45,29,20,19,28,7,3,4
86445,2026-04-11 14:08:25,30,2,2,accumulation,goldSack,goldSack,gold,1,false,150000,65256886314689,418860,5,5,1,11,0,0,0,0,1,190421,450000,57,1,42.3,bonus_as10_gae3_no,100,2575000,,,,,42,24,14,8,12,14,3,2,2,86,45,29,20,19,29,7,3,4
86446,2026-04-11 14:08:26,1,6,6,coin,spins,spins,gold,1,false,25000,65256886339689,418859,5,5,1,11,0,0,0,2,0,190421,450000,57,0,42.3,bonus_as10_gae3_no,100,2575000,,,,,43,24,14,8,14,14,3,2,2,87,45,29,20,21,29,7,3,4
86447,2026-04-11 14:08:27,1,1,1,coin,coin,coin,gold,1,true,250000,65256886589689,418858,5,5,1,11,0,0,0,0,0,190421,450000,57,0,42.3,bonus_as10_gae3_no,100,2575000,,,,,44,24,14,8,14,14,3,2,2,88,45,29,20,21,29,7,3,4
86448,2026-04-11 14:08:28,2,2,2,goldSack,goldSack,goldSack,gold,1,true,2200000,65256888789689,418857,5,5,1,11,0,0,0,0,0,190421,450000,57,0,42.3,bonus_as10_gae3_no,100,2575000,LongExtraDayReduced,,,"{""slot_on_"":""59975\/62000@m28""}",45,24,14,8,14,14,3,2,2,89,45,29,20,21,29,7,3,4
86449,2026-04-11 14:08:29,30,2,2,accumulation,goldSack,goldSack,gold,1,false,150000,65256888939689,418856,5,5,1,11,0,0,0,0,1,190422,450000,57,1,42.3,bonus_as10_gae3_no,100,2575000,,,,"{""c5261ecd"":""2127\/4900@m94""}",46,24,14,8,14,15,3,2,2,90,45,29,20,21,30,7,3,4
86450,2026-04-11 14:08:32,3,3,3,attack,attack,attack,attack,2,true,0,65256888939689,418806,5,5,50,11,3,0,0,0,0,190422,450000,57,0,42.3,bonus_as10_gae3_no,100,2575000,LongExtraDayReduced,,LongExtraDayReduced,"{""slot_on_"":""60075\/62000@m28""}",47,27,14,8,14,15,4,2,2,91,48,29,20,21,30,8,3,4
86451,2026-04-11 14:08:36,30,2,2,accumulation,goldSack,goldSack,gold,1,false,7500000,65257358439689,418756,5,5,50,11,0,0,0,0,1,190472,450000,57,50,42.3,bonus_as10_gae3_no,100,2575000,,,,,48,27,14,8,14,16,4,2,2,92,48,29,20,21,31,8,3,4
86452,2026-04-11 14:08:37,3,1,5,attack,coin,shield,gold,1,false,1250000,65257359689689,418706,5,5,50,11,1,0,1,0,0,190472,450000,57,0,42.3,bonus_as10_gae3_no,100,2575000,,,,,49,28,14,9,14,16,4,2,2,93,49,29,21,21,31,8,3,4
86453,2026-04-11 14:08:38,30,30,1,accumulation,accumulation,coin,gold,1,false,1250000,65257360939689,418656,5,5,50,11,0,0,0,0,2,190572,450000,57,100,42.3,bonus_as10_gae3_no,100,2575000,,,,,50,28,14,9,14,18,4,2,2,94,49,29,21,21,33,8,3,4
86454,2026-04-11 14:08:39,3,3,2,attack,attack,goldSack,gold,1,false,5000000,65257365939689,418606,5,5,50,11,2,0,0,0,0,190572,450000,57,0,42.3,bonus_as10_gae3_no,100,2575000,,,,,51,30,14,9,14,18,4,2,2,95,51,29,21,21,33,8,3,4
86455,2026-04-11 14:08:40,1,6,6,coin,spins,spins,gold,1,false,1250000,65257367189689,418556,5,5,50,11,0,0,0,2,0,190572,450000,57,0,42.3,bonus_as10_gae3_no,100,2575000,,,,,52,30,14,9,16,18,4,2,2,96,51,29,21,23,33,8,3,4
86456,2026-04-11 14:08:40,2,2,2,goldSack,goldSack,goldSack,gold,1,true,110000000,65257477189689,418506,5,5,50,11,0,0,0,0,0,190572,450000,57,0,42.3,bonus_as10_gae3_no,100,2575000,,,LongExtraDayReduced,"{""slot_on_"":""60125\/62000@m28""}",53,30,14,9,16,18,4,2,2,97,51,29,21,23,33,8,3,4
86457,2026-04-11 14:08:41,4,4,4,steal,steal,steal,steal,4,true,0,65257477189689,418456,5,5,50,11,0,3,0,0,0,190572,450000,57,0,42.3,bonus_as10_gae3_no,100,2575000,,,,,54,30,17,9,16,18,4,3,2,98,51,32,21,23,33,8,4,4
86458,2026-04-11 14:08:47,3,6,2,attack,spins,goldSack,gold,1,false,5000000,65264355789689,418406,5,5,50,11,1,0,0,1,0,190572,450000,57,0,42.3,bonus_as10_gae3_no,100,2575000,,,,,55,31,17,9,17,18,4,3,2,99,52,32,21,24,33,8,4,4
86459,2026-04-11 14:08:47,1,1,1,coin,coin,coin,gold,1,true,12500000,65264368289689,418356,5,5,50,11,0,0,0,0,0,190572,450000,57,0,42.3,bonus_as10_gae3_no,100,2575000,,,,,56,31,17,9,17,18,4,3,2,100,52,32,21,24,33,8,4,4
86460,2026-04-11 14:08:48,3,1,5,attack,coin,shield,gold,1,false,1250000,65264369539689,418306,5,5,50,11,1,0,1,0,0,190572,450000,57,0,42.3,bonus_as10_gae3_no,100,2575000,,,,,57,32,17,10,17,18,4,3,2,101,53,32,22,24,33,8,4,4
86461,2026-04-11 14:08:49,3,3,3,attack,attack,attack,attack,2,true,0,65264369539689,418256,5,5,50,11,3,0,0,0,0,190572,450000,57,0,42.3,bonus_as10_gae3_no,100,2575000,,,,,58,35,17,10,17,18,5,3,2,102,56,32,22,24,33,9,4,4
86462,2026-04-11 14:08:53,3,3,3,attack,attack,attack,attack,2,true,0,65264831539689,418206,5,5,50,11,3,0,0,0,0,190572,450000,57,0,42.3,bonus_as10_gae3_no,100,2575000,,LongExtraDayReduced,,"{""slot_on_"":""60175\/62000@m28""}",59,38,17,10,17,18,6,3,2,103,59,32,22,24,33,10,4,4
86463,2026-04-11 14:08:56,3,3,2,attack,attack,goldSack,gold,1,false,5000000,65265298539689,418156,5,5,50,11,2,0,0,0,0,190572,450000,57,0,42.3,bonus_as10_gae3_no,100,2575000,,,,,60,40,17,10,17,18,6,3,2,104,61,32,22,24,33,10,4,4
86464,2026-04-11 14:08:57,1,1,4,coin,coin,steal,gold,1,false,2500000,65265301039689,418106,5,5,50,11,0,1,0,0,0,190572,450000,57,0,42.3,bonus_as10_gae3_no,100,2575000,,,,,61,40,18,10,17,18,6,3,2,105,61,33,22,24,33,10,4,4
86465,2026-04-11 14:08:58,4,6,2,steal,spins,goldSack,gold,1,false,5000000,65265306039689,418056,5,5,50,11,0,1,0,1,0,190572,450000,57,0,42.3,bonus_as10_gae3_no,100,2575000,,,,,62,40,19,10,18,18,6,3,2,106,61,34,22,25,33,10,4,4
86466,2026-04-11 14:08:58,30,30,1,accumulation,accumulation,coin,gold,1,false,1250000,65265307289689,418006,5,5,50,11,0,0,0,0,2,190672,450000,57,100,42.4,bonus_as10_gae3_no,100,2575000,,,,,63,40,19,10,18,20,6,3,2,107,61,34,22,25,35,10,4,4
86467,2026-04-11 14:08:59,1,4,6,coin,steal,spins,gold,1,false,1250000,65265308539689,417956,5,5,50,11,0,1,0,1,0,190672,450000,57,0,42.4,bonus_as10_gae3_no,100,2575000,,,,,64,40,20,10,19,20,6,3,2,108,61,35,22,26,35,10,4,4
86468,2026-04-11 14:09:00,3,6,2,attack,spins,goldSack,gold,1,false,5000000,65265313539689,417906,5,5,50,11,1,0,0,1,0,190672,450000,57,0,42.4,bonus_as10_gae3_no,100,2575000,LongExtraDayReduced,,,"{""slot_on_"":""60225\/62000@m28""}",65,41,20,10,20,20,6,3,2,109,62,35,22,27,35,10,4,4
86469,2026-04-11 14:09:01,30,30,1,accumulation,accumulation,coin,gold,1,false,1250000,65265314789689,417856,5,5,50,11,0,0,0,0,2,190772,450000,57,100,42.4,bonus_as10_gae3_no,100,2575000,,,,,66,41,20,10,20,22,6,3,2,110,62,35,22,27,37,10,4,4
86470,2026-04-11 14:09:03,1,4,6,coin,steal,spins,gold,1,false,1250000,65265316039689,417806,5,5,50,11,0,1,0,1,0,190772,450000,57,0,42.4,bonus_as10_gae3_no,100,2575000,,LongExtraDayReduced,,"{""slot_on_"":""60275\/62000@m28""}",67,41,21,10,21,22,6,3,2,111,62,36,22,28,37,10,4,4
86471,2026-04-11 14:09:04,30,2,2,accumulation,goldSack,goldSack,gold,1,false,7500000,65265323539689,417756,5,5,50,11,0,0,0,0,1,190822,450000,57,50,42.4,bonus_as10_gae3_no,100,2575000,,,,"{""c5261ecd"":""2227\/4900@m94""}",68,41,21,10,21,23,6,3,2,112,62,36,22,28,38,10,4,4
86472,2026-04-11 14:09:05,1,1,4,coin,coin,steal,gold,1,false,2500000,65265326039689,417706,5,5,50,11,0,1,0,0,0,190822,450000,57,0,42.4,bonus_as10_gae3_no,100,2575000,,,,,69,41,22,10,21,23,6,3,2,113,62,37,22,28,38,10,4,4
86473,2026-04-11 14:09:05,4,6,2,steal,spins,goldSack,gold,1,false,5000000,65265331039689,417656,5,5,50,11,0,1,0,1,0,190822,450000,57,0,42.4,bonus_as10_gae3_no,100,2575000,,,,,70,41,23,10,22,23,6,3,2,114,62,38,22,29,38,10,4,4
86474,2026-04-11 14:09:06,3,3,3,attack,attack,attack,attack,2,true,0,65265331039689,417606,5,5,50,11,3,0,0,0,0,190822,450000,57,0,42.4,bonus_as10_gae3_no,100,2575000,LongExtraDayReduced,LongExtraDayReduced,,"{""slot_on_"":""60375\/62000@m28""}",71,44,23,10,22,23,7,3,2,115,65,38,22,29,38,11,4,4
86475,2026-04-11 14:09:10,30,30,3,accumulation,accumulation,attack,gold,6,false,0,65265793039689,417556,5,5,50,11,1,0,0,0,2,190922,450000,57,100,42.4,bonus_as10_gae3_no,100,2575000,,LongExtraDayReduced,,"{""slot_on_"":""60425\/62000@m28""}",72,45,23,10,22,25,7,3,2,116,66,38,22,29,40,11,4,4
86476,2026-04-11 14:09:12,1,6,6,coin,spins,spins,gold,1,false,1250000,65265794289689,417506,5,5,50,11,0,0,0,2,0,190922,450000,57,0,42.4,bonus_as10_gae3_no,100,2575000,LongExtraDayReduced,,,"{""slot_on_"":""60475\/62000@m28""}",73,45,23,10,24,25,7,3,2,117,66,38,22,31,40,11,4,4
86477,2026-04-11 14:09:13,3,1,5,attack,coin,shield,gold,1,false,1250000,65265795539689,417456,5,5,50,11,1,0,1,0,0,190922,450000,57,0,42.4,bonus_as10_gae3_no,100,2575000,,,,,74,46,23,11,24,25,7,3,2,118,67,38,23,31,40,11,4,4
86478,2026-04-11 14:09:14,1,1,4,coin,coin,steal,gold,1,false,2500000,65265798039689,417406,5,5,50,11,0,1,0,0,0,190922,450000,57,0,42.4,bonus_as10_gae3_no,100,2575000,,,,,75,46,24,11,24,25,7,3,2,119,67,39,23,31,40,11,4,4
86479,2026-04-11 14:09:14,1,5,5,coin,shield,shield,gold,1,false,1250000,65265799289689,417356,5,5,50,11,0,0,2,0,0,190922,450000,57,0,42.4,bonus_as10_gae3_no,100,2575000,,LongExtraDayReduced,,"{""slot_on_"":""60525\/62000@m28""}",76,46,24,13,24,25,7,3,2,120,67,39,25,31,40,11,4,4
86480,2026-04-11 14:09:15,30,2,2,accumulation,goldSack,goldSack,gold,1,false,7500000,65265806789689,417306,5,5,50,11,0,0,0,0,1,190972,450000,57,50,42.4,bonus_as10_gae3_no,100,2575000,,,,,77,46,24,13,24,26,7,3,2,121,67,39,25,31,41,11,4,4
86481,2026-04-11 14:09:16,3,4,2,attack,steal,goldSack,gold,1,false,5000000,65265811789689,417256,5,5,50,11,1,1,0,0,0,190972,450000,57,0,42.4,bonus_as10_gae3_no,100,2575000,,,,,78,47,25,13,24,26,7,3,2,122,68,40,25,31,41,11,4,4
86482,2026-04-11 14:09:17,2,2,2,goldSack,goldSack,goldSack,gold,1,true,110000000,65265921789689,417206,5,5,50,11,0,0,0,0,0,190972,450000,57,0,42.4,bonus_as10_gae3_no,100,2575000,,,,,79,47,25,13,24,26,7,3,2,123,68,40,25,31,41,11,4,4
86483,2026-04-11 14:09:18,3,6,2,attack,spins,goldSack,gold,1,false,5000000,65265926789689,417156,5,5,50,11,1,0,0,1,0,190972,450000,57,0,42.4,bonus_as10_gae3_no,100,2575000,,,,,80,48,25,13,25,26,7,3,2,124,69,40,25,32,41,11,4,4
86484,2026-04-11 14:09:19,3,3,3,attack,attack,attack,attack,2,true,0,65265926789689,417106,5,5,50,11,3,0,0,0,0,190972,450000,57,0,42.4,bonus_as10_gae3_no,100,2575000,,,,,81,51,25,13,25,26,8,3,2,125,72,40,25,32,41,12,4,4
86485,2026-04-11 14:09:28,3,4,2,attack,steal,goldSack,gold,1,false,40000000,65266428789689,416706,5,5,400,11,1,1,0,0,0,190972,450000,57,0,42.4,bonus_as10_gae3_no,100,2575000,,,,,82,52,26,13,25,26,8,3,2,126,73,41,25,32,41,12,4,4
86486,2026-04-11 14:09:28,3,3,2,attack,attack,goldSack,gold,1,false,40000000,65266468789689,416306,5,5,400,11,2,0,0,0,0,190972,450000,57,0,42.4,bonus_as10_gae3_no,100,2575000,,,,,83,54,26,13,25,26,8,3,2,127,75,41,25,32,41,12,4,4
86487,2026-04-11 14:09:29,3,3,3,attack,attack,attack,attack,2,true,0,65266468789689,415906,5,5,400,11,3,0,0,0,0,190972,450000,57,0,42.4,bonus_as10_gae3_no,100,2575000,,,,,84,57,26,13,25,26,9,3,2,128,78,41,25,32,41,13,4,4
86488,2026-04-11 14:09:34,2,2,2,goldSack,goldSack,goldSack,gold,1,true,880000000,65271044789689,415806,5,5,400,11,0,0,0,0,0,190972,450000,57,0,42.4,bonus_as10_gae3_no,100,2575000,,,,,85,57,26,13,25,26,9,3,2,129,78,41,25,32,41,13,4,4
86489,2026-04-11 14:09:35,4,4,4,steal,steal,steal,steal,4,true,0,65271044789689,415406,5,5,400,11,0,3,0,0,0,190972,450000,57,0,42.4,bonus_as10_gae3_no,100,2575000,,,,,86,57,29,13,25,26,9,4,2,130,78,44,25,32,41,13,5,4
86490,2026-04-11 14:09:42,30,30,1,accumulation,accumulation,coin,gold,1,false,10000000,65365548389689,415006,5,5,400,11,0,0,0,0,2,191772,450000,57,800,42.6,bonus_as10_gae3_no,100,2575000,,,,,87,57,29,13,25,28,9,4,2,131,78,44,25,32,43,13,5,4
86491,2026-04-11 14:09:43,1,6,6,coin,spins,spins,gold,1,false,10000000,65365558389689,414606,5,5,400,11,0,0,0,2,0,191772,450000,57,0,42.6,bonus_as10_gae3_no,100,2575000,,,,,88,57,29,13,27,28,9,4,2,132,78,44,25,34,43,13,5,4
86492,2026-04-11 14:09:44,2,2,2,goldSack,goldSack,goldSack,gold,1,true,880000000,65366438389689,414206,5,5,400,11,0,0,0,0,0,191772,450000,57,0,42.6,bonus_as10_gae3_no,100,2575000,,,,,89,57,29,13,27,28,9,4,2,133,78,44,25,34,43,13,5,4
86493,2026-04-11 14:09:45,1,1,1,coin,coin,coin,gold,1,true,100000000,65366538389689,413806,5,5,400,11,0,0,0,0,0,191772,450000,57,0,42.6,bonus_as10_gae3_no,100,2575000,,LongExtraDayReduced,LongExtraDayReduced,"{""slot_on_"":""61325\/62000@m28""}",90,57,29,13,27,28,9,4,2,134,78,44,25,34,43,13,5,4
86494,2026-04-11 14:09:46,3,4,2,attack,steal,goldSack,gold,1,false,40000000,65366578389689,413406,5,5,400,11,1,1,0,0,0,191772,450000,57,0,42.6,bonus_as10_gae3_no,100,2575000,LongExtraDayReduced,,,"{""slot_on_"":""61725\/62000@m28""}",91,58,30,13,27,28,9,4,2,135,79,45,25,34,43,13,5,4
86495,2026-04-11 14:09:47,1,4,6,coin,steal,spins,gold,1,false,10000000,65366588389689,413006,5,5,400,11,0,1,0,1,0,191772,450000,57,0,42.6,bonus_as10_gae3_no,100,2575000,,,,"{""c5261ecd"":""3027\/4900@m94""}",92,58,31,13,28,28,9,4,2,136,79,46,25,35,43,13,5,4
86496,2026-04-11 14:09:48,5,5,5,shield,shield,shield,shield,3,true,400,65366588389689,413006,5,5,400,11,0,0,3,0,0,191772,450000,57,0,42.6,bonus_as10_gae3_no,100,2575000,,,,,93,58,31,16,28,28,9,4,3,137,79,46,28,35,43,13,5,5
86497,2026-04-11 14:09:49,30,2,2,accumulation,goldSack,goldSack,gold,1,false,60000000,65366648389689,412606,5,5,400,11,0,0,0,0,1,192172,450000,57,400,42.7,bonus_as10_gae3_no,100,2575000,,,,,94,58,31,16,28,29,9,4,3,138,79,46,28,35,44,13,5,5
86498,2026-04-11 14:09:50,30,2,2,accumulation,goldSack,goldSack,gold,1,false,60000000,65366708389689,412206,5,5,400,11,0,0,0,0,1,192572,450000,57,400,42.8,bonus_as10_gae3_no,100,2575000,,LongExtraDayReduced,,"{""slot_on_"":""125\/64000@m29""}",95,58,31,16,28,30,9,4,3,139,79,46,28,35,45,13,5,5
86499,2026-04-11 14:09:53,30,2,2,accumulation,goldSack,goldSack,gold,1,false,60000000,65366768389689,413706,5,5,400,11,0,0,0,0,1,192972,450000,57,400,42.9,bonus_as10_gae3_no,100,2575000,,,,,96,58,31,16,28,31,9,4,3,140,79,46,28,35,46,13,5,5
86500,2026-04-11 14:09:54,30,2,2,accumulation,goldSack,goldSack,gold,1,false,60000000,65366828389689,413306,5,5,400,11,0,0,0,0,1,193372,450000,57,400,43.0,bonus_as10_gae3_no,100,2575000,,,,,97,58,31,16,28,32,9,4,3,141,79,46,28,35,47,13,5,5
86501,2026-04-11 14:09:57,30,2,2,accumulation,goldSack,goldSack,gold,1,false,60000000,65366888389689,412906,5,5,400,11,0,0,0,0,1,193772,450000,57,400,43.1,bonus_as10_gae3_no,100,2575000,,,,,98,58,31,16,28,33,9,4,3,142,79,46,28,35,48,13,5,5
86502,2026-04-11 14:09:58,1,1,1,coin,coin,coin,gold,1,true,100000000,65366988389689,412506,5,5,400,11,0,0,0,0,0,193772,450000,57,0,43.1,bonus_as10_gae3_no,100,2575000,,,,,99,58,31,16,28,33,9,4,3,143,79,46,28,35,48,13,5,5
86503,2026-04-11 14:09:58,3,1,5,attack,coin,shield,gold,1,false,10000000,65366998389689,412106,5,5,400,11,1,0,1,0,0,193772,450000,57,0,43.1,bonus_as10_gae3_no,100,2575000,LongExtraDayReduced,,LongExtraDayReduced,"{""slot_on_"":""925\/64000@m29""}",100,59,31,17,28,33,9,4,3,144,80,46,29,35,48,13,5,5
86504,2026-04-11 14:09:59,2,2,2,goldSack,goldSack,goldSack,gold,1,true,880000000,65367878389689,411706,5,5,400,11,0,0,0,0,0,193772,450000,57,0,43.1,bonus_as10_gae3_no,100,2575000,,,LongExtraDayReduced,"{""slot_on_"":""1325\/64000@m29""}",101,59,31,17,28,33,9,4,3,145,80,46,29,35,48,13,5,5
86505,2026-04-11 14:10:01,1,1,6,coin,coin,spins,gold,1,false,20000000,65367898389689,411306,5,5,400,11,0,0,0,1,0,193772,450000,57,0,43.1,bonus_as10_gae3_no,100,2575000,,,,,102,59,31,17,29,33,9,4,3,146,80,46,29,36,48,13,5,5
86506,2026-04-11 14:10:02,5,5,5,shield,shield,shield,shield,3,true,400,65367898389689,411306,5,5,400,11,0,0,3,0,0,193772,450000,57,0,43.1,bonus_as10_gae3_no,100,2575000,,,LongExtraDayReduced,"{""slot_on_"":""1725\/64000@m29""}",103,59,31,20,29,33,9,4,4,147,80,46,32,36,48,13,5,6
86507,2026-04-11 14:10:08,3,3,3,attack,attack,attack,attack,2,true,0,65367898389689,410906,5,5,400,11,3,0,0,0,0,193772,450000,57,0,43.1,bonus_as10_gae3_no,100,2575000,,LongExtraDayReduced,,"{""slot_on_"":""2125\/64000@m29""}",104,62,31,20,29,33,10,4,4,148,83,46,32,36,48,14,5,6
86508,2026-04-11 14:10:13,1,1,1,coin,coin,coin,gold,1,true,100000000,65371694389689,410506,5,5,400,11,0,0,0,0,0,193772,450000,57,0,43.1,bonus_as10_gae3_no,100,2575000,,,,,105,62,31,20,29,33,10,4,4,149,83,46,32,36,48,14,5,6
86509,2026-04-11 14:10:14,30,2,2,accumulation,goldSack,goldSack,gold,1,false,60000000,65371754389689,410106,5,5,400,11,0,0,0,0,1,194172,450000,57,400,43.1,bonus_as10_gae3_no,100,2575000,,,,,106,62,31,20,29,34,10,4,4,150,83,46,32,36,49,14,5,6
86510,2026-04-11 14:10:15,2,2,2,goldSack,goldSack,goldSack,gold,1,true,880000000,65372634389689,409706,5,5,400,11,0,0,0,0,0,194172,450000,57,0,43.1,bonus_as10_gae3_no,100,2575000,,,,,107,62,31,20,29,34,10,4,4,151,83,46,32,36,49,14,5,6
86511,2026-04-11 14:10:16,30,30,1,accumulation,accumulation,coin,gold,1,false,10000000,65372644389689,409306,5,5,400,11,0,0,0,0,2,194972,450000,57,800,43.3,bonus_as10_gae3_no,100,2575000,,,,,108,62,31,20,29,36,10,4,4,152,83,46,32,36,51,14,5,6
86512,2026-04-11 14:10:18,4,4,4,steal,steal,steal,steal,4,true,0,65372644389689,408906,5,5,400,11,0,3,0,0,0,194972,450000,57,0,43.3,bonus_as10_gae3_no,100,2575000,,,,,109,62,34,20,29,36,10,5,4,153,83,49,32,36,51,14,6,6
86513,2026-04-11 14:10:25,1,1,1,coin,coin,coin,gold,1,true,100000000,65433509989689,409006,5,5,400,11,0,0,0,0,0,194972,450000,57,0,43.3,bonus_as10_gae3_no,100,2575000,,,,,110,62,34,20,29,36,10,5,4,154,83,49,32,36,51,14,6,6
86514,2026-04-11 14:10:26,1,1,1,coin,coin,coin,gold,1,true,100000000,65433609989689,408606,5,5,400,11,0,0,0,0,0,194972,450000,57,0,43.3,bonus_as10_gae3_no,100,2575000,,,,,111,62,34,20,29,36,10,5,4,155,83,49,32,36,51,14,6,6
86515,2026-04-11 14:10:27,3,3,2,attack,attack,goldSack,gold,1,false,40000000,65433649989689,408206,5,5,400,11,2,0,0,0,0,194972,450000,57,0,43.3,bonus_as10_gae3_no,100,2575000,,,,,112,64,34,20,29,36,10,5,4,156,85,49,32,36,51,14,6,6
86516,2026-04-11 14:10:28,1,6,6,coin,spins,spins,gold,1,false,10000000,65433659989689,407806,5,5,400,11,0,0,0,2,0,194972,450000,57,0,43.3,bonus_as10_gae3_no,100,2575000,,,,,113,64,34,20,31,36,10,5,4,157,85,49,32,38,51,14,6,6
86517,2026-04-11 14:10:29,3,4,2,attack,steal,goldSack,gold,1,false,40000000,65433699989689,407406,5,5,400,11,1,1,0,0,0,194972,450000,57,0,43.3,bonus_as10_gae3_no,100,2575000,,,,,114,65,35,20,31,36,10,5,4,158,86,50,32,38,51,14,6,6
86518,2026-04-11 14:10:30,30,2,2,accumulation,goldSack,goldSack,gold,1,false,60000000,65433759989689,407006,5,5,400,11,0,0,0,0,1,195372,450000,57,400,43.4,bonus_as10_gae3_no,100,2575000,,,,,115,65,35,20,31,37,10,5,4,159,86,50,32,38,52,14,6,6
86519,2026-04-11 14:10:31,3,3,3,attack,attack,attack,attack,2,true,0,65433759989689,406606,5,5,400,11,3,0,0,0,0,195372,450000,57,0,43.4,bonus_as10_gae3_no,100,2575000,LongExtraDayReduced,,LongExtraDayReduced,"{""slot_on_"":""2925\/64000@m29"",""c5261ecd"":""3827\/4900@m94""}",116,68,35,20,31,37,11,5,4,160,89,50,32,38,52,15,6,6
86520,2026-04-11 14:10:36,30,2,2,accumulation,goldSack,goldSack,gold,1,false,60000000,65437515989689,406206,5,5,400,11,0,0,0,0,1,195772,450000,57,400,43.5,bonus_as10_gae3_no,100,2575000,,LongExtraDayReduced,,"{""slot_on_"":""3325\/64000@m29""}",117,68,35,20,31,38,11,5,4,161,89,50,32,38,53,15,6,6
86521,2026-04-11 14:10:37,30,30,1,accumulation,accumulation,coin,gold,1,false,10000000,65437525989689,405806,5,5,400,11,0,0,0,0,2,196572,450000,57,800,43.7,bonus_as10_gae3_no,100,2575000,,,,,118,68,35,20,31,40,11,5,4,162,89,50,32,38,55,15,6,6
86522,2026-04-11 14:10:39,3,6,2,attack,spins,goldSack,gold,1,false,150000000,65437675989689,404306,5,5,1500,11,1,0,0,1,0,196572,450000,57,0,43.7,bonus_as10_gae3_no,100,2575000,,LongExtraDayReduced,,"{""slot_on_"":""4825\/64000@m29""}",119,69,35,20,32,40,11,5,4,163,90,50,32,39,55,15,6,6
86523,2026-04-11 14:10:40,1,1,4,coin,coin,steal,gold,1,false,75000000,65437750989689,402806,5,5,1500,11,0,1,0,0,0,196572,450000,57,0,43.7,bonus_as10_gae3_no,100,2575000,,,,,120,69,36,20,32,40,11,5,4,164,90,51,32,39,55,15,6,6
86524,2026-04-11 14:10:41,30,2,2,accumulation,goldSack,goldSack,gold,1,false,225000000,65437975989689,401306,5,5,1500,11,0,0,0,0,1,198072,450000,57,1500,44.0,bonus_as10_gae3_no,100,2575000,,,,,121,69,36,20,32,41,11,5,4,165,90,51,32,39,56,15,6,6
86525,2026-04-11 14:10:42,1,4,6,coin,steal,spins,gold,1,false,37500000,65438013489689,399806,5,5,1500,11,0,1,0,1,0,198072,450000,57,0,44.0,bonus_as10_gae3_no,100,2575000,,LongExtraDayReduced,,"{""slot_on_"":""6325\/64000@m29""}",122,69,37,20,33,41,11,5,4,166,90,52,32,40,56,15,6,6
86526,2026-04-11 14:10:44,1,1,4,coin,coin,steal,gold,1,false,75000000,65438088489689,398306,5,5,1500,11,0,1,0,0,0,198072,450000,57,0,44.0,bonus_as10_gae3_no,100,2575000,,,,,123,69,38,20,33,41,11,5,4,167,90,53,32,40,56,15,6,6
86527,2026-04-11 14:10:45,1,1,1,coin,coin,coin,gold,1,true,375000000,65438463489689,396806,5,5,1500,11,0,0,0,0,0,198072,450000,57,0,44.0,bonus_as10_gae3_no,100,2575000,LongExtraDayReduced,LongExtraDayReduced,LongExtraDayReduced,"{""slot_on_"":""13825\/64000@m29""}",124,69,38,20,33,41,11,5,4,168,90,53,32,40,56,15,6,6
86528,2026-04-11 14:10:46,3,3,3,attack,attack,attack,attack,2,true,0,65438463489689,395306,5,5,1500,11,3,0,0,0,0,198072,450000,57,0,44.0,bonus_as10_gae3_no,100,2575000,,,,,125,72,38,20,33,41,12,5,4,169,93,53,32,40,56,16,6,6
86529,2026-04-11 14:10:51,2,2,2,goldSack,goldSack,goldSack,gold,1,true,3300000000,65455623489689,393806,5,5,1500,11,0,0,0,0,0,198072,450000,57,0,44.0,bonus_as10_gae3_no,100,2575000,LongExtraDayReduced,,,"{""slot_on_"":""15325\/64000@m29""}",126,72,38,20,33,41,12,5,4,170,93,53,32,40,56,16,6,6
86530,2026-04-11 14:10:52,4,4,4,steal,steal,steal,steal,4,true,0,65455623489689,392306,5,5,1500,11,0,3,0,0,0,198072,450000,57,0,44.0,bonus_as10_gae3_no,100,2575000,,,,,127,72,41,20,33,41,12,6,4,171,93,56,32,40,56,16,7,6
86531,2026-04-11 14:10:59,1,1,1,coin,coin,coin,gold,1,true,375000000,65642523489689,390806,5,5,1500,11,0,0,0,0,0,198072,450000,57,0,44.0,bonus_as10_gae3_no,100,2575000,,,,,128,72,41,20,33,41,12,6,4,172,93,56,32,40,56,16,7,6
86532,2026-04-11 14:11:00,1,4,6,coin,steal,spins,gold,1,false,37500000,65642560989689,389306,5,5,1500,11,0,1,0,1,0,198072,450000,57,0,44.0,bonus_as10_gae3_no,100,2575000,,,,,129,72,42,20,34,41,12,6,4,173,93,57,32,41,56,16,7,6
86533,2026-04-11 14:11:01,3,3,2,attack,attack,goldSack,gold,1,false,150000000,65642710989689,387806,5,5,1500,11,2,0,0,0,0,198072,450000,57,0,44.0,bonus_as10_gae3_no,100,2575000,,,,,130,74,42,20,34,41,12,6,4,174,95,57,32,41,56,16,7,6
86534,2026-04-11 14:11:02,1,1,1,coin,coin,coin,gold,1,true,375000000,65643085989689,386306,5,5,1500,11,0,0,0,0,0,198072,450000,57,0,44.0,bonus_as10_gae3_no,100,2575000,,,,,131,74,42,20,34,41,12,6,4,175,95,57,32,41,56,16,7,6
86535,2026-04-11 14:11:03,30,2,2,accumulation,goldSack,goldSack,gold,1,false,225000000,65643310989689,384806,5,5,1500,11,0,0,0,0,1,199572,450000,57,1500,44.3,bonus_as10_gae3_no,100,2575000,,,,,132,74,42,20,34,42,12,6,4,176,95,57,32,41,57,16,7,6
86536,2026-04-11 14:11:05,30,2,2,accumulation,goldSack,goldSack,gold,1,false,225000000,65643535989689,383306,5,5,1500,11,0,0,0,0,1,201072,450000,57,1500,44.7,bonus_as10_gae3_no,100,2575000,,,,,133,74,42,20,34,43,12,6,4,177,95,57,32,41,58,16,7,6
86537,2026-04-11 14:11:07,5,5,5,shield,shield,shield,shield,3,true,1500,65643535989689,383306,5,5,1500,11,0,0,3,0,0,201072,450000,57,0,44.7,bonus_as10_gae3_no,100,2575000,LongExtraDayReduced,,,"{""slot_on_"":""16825\/64000@m29""}",134,74,42,23,34,43,12,6,5,178,95,57,35,41,58,16,7,7
86538,2026-04-11 14:11:09,30,30,1,accumulation,accumulation,coin,gold,1,false,37500000,65643573489689,381806,5,5,1500,11,0,0,0,0,2,204072,450000,57,3000,45.3,bonus_as10_gae3_no,100,2575000,,,,,135,74,42,23,34,45,12,6,5,179,95,57,35,41,60,16,7,7
86539,2026-04-11 14:11:11,2,2,2,goldSack,goldSack,goldSack,gold,1,true,3300000000,65646873489689,380306,5,5,1500,11,0,0,0,0,0,204072,450000,57,0,45.3,bonus_as10_gae3_no,100,2575000,,,,"{""c5261ecd"":""1927\/4900@m95""}",136,74,42,23,34,45,12,6,5,180,95,57,35,41,60,16,7,7
86540,2026-04-11 14:11:45,1,1,1,coin,coin,coin,gold,1,true,375000000,65647248489689,378806,5,5,1500,11,0,0,0,0,0,204072,450000,57,0,45.3,bonus_as10_gae3_no,100,2575000,,LongExtraDayReduced,,"{""slot_on_"":""18325\/64000@m29""}",137,74,42,23,34,45,12,6,5,181,95,57,35,41,60,16,7,7
86541,2026-04-11 14:11:46,1,4,6,coin,steal,spins,gold,1,false,37500000,65647285989689,377306,5,5,1500,11,0,1,0,1,0,204072,450000,57,0,45.3,bonus_as10_gae3_no,100,2575000,LongExtraDayReduced,,,"{""slot_on_"":""19825\/64000@m29""}",138,74,43,23,35,45,12,6,5,182,95,58,35,42,60,16,7,7
86542,2026-04-11 14:11:48,3,4,2,attack,steal,goldSack,gold,1,false,150000000,65647435989689,375806,5,5,1500,11,1,1,0,0,0,204072,450000,57,0,45.3,bonus_as10_gae3_no,100,2575000,,,,,139,75,44,23,35,45,12,6,5,183,96,59,35,42,60,16,7,7
86543,2026-04-11 14:11:49,3,6,2,attack,spins,goldSack,gold,1,false,150000000,65647585989689,374306,5,5,1500,11,1,0,0,1,0,204072,450000,57,0,45.3,bonus_as10_gae3_no,100,2575000,,,,,140,76,44,23,36,45,12,6,5,184,97,59,35,43,60,16,7,7
86544,2026-04-11 14:11:51,30,30,1,accumulation,accumulation,coin,gold,1,false,37500000,65647623489689,372806,5,5,1500,11,0,0,0,0,2,207072,450000,57,3000,46.0,bonus_as10_gae3_no,100,2575000,,,,,141,76,44,23,36,47,12,6,5,185,97,59,35,43,62,16,7,7
86545,2026-04-11 14:11:55,30,2,2,accumulation,goldSack,goldSack,gold,1,false,225000000,65647848489689,371306,5,5,1500,11,0,0,0,0,1,208572,450000,57,1500,46.3,bonus_as10_gae3_no,100,2575000,,,,,142,76,44,23,36,48,12,6,5,186,97,59,35,43,63,16,7,7
86546,2026-04-11 14:11:56,30,2,2,accumulation,goldSack,goldSack,gold,1,false,225000000,65648073489689,369806,5,5,1500,11,0,0,0,0,1,210072,450000,57,1500,46.7,bonus_as10_gae3_no,100,2575000,,,,,143,76,44,23,36,49,12,6,5,187,97,59,35,43,64,16,7,7
86547,2026-04-11 14:11:59,1,4,4,coin,steal,steal,gold,1,false,37500000,65648110989689,368306,5,5,1500,11,0,2,0,0,0,210072,450000,57,0,46.7,bonus_as10_gae3_no,100,2575000,,,,,144,76,46,23,36,49,12,6,5,188,97,61,35,43,64,16,7,7
86548,2026-04-11 14:12:00,1,1,4,coin,coin,steal,gold,1,false,75000000,65648185989689,366806,5,5,1500,11,0,1,0,0,0,210072,450000,57,0,46.7,bonus_as10_gae3_no,100,2575000,,,,,145,76,47,23,36,49,12,6,5,189,97,62,35,43,64,16,7,7
86549,2026-04-11 14:12:02,1,4,6,coin,steal,spins,gold,1,false,37500000,65648223489689,365306,5,5,1500,11,0,1,0,1,0,210072,450000,57,0,46.7,bonus_as10_gae3_no,100,2575000,,,,,146,76,48,23,37,49,12,6,5,190,97,63,35,44,64,16,7,7
86550,2026-04-11 14:12:03,3,1,1,attack,coin,coin,gold,1,false,75000000,65648298489689,363806,5,5,1500,11,1,0,0,0,0,210072,450000,57,0,46.7,bonus_as10_gae3_no,100,2575000,,,,,147,77,48,23,37,49,12,6,5,191,98,63,35,44,64,16,7,7
86551,2026-04-11 14:12:05,1,1,4,coin,coin,steal,gold,1,false,75000000,65648373489689,362306,5,5,1500,11,0,1,0,0,0,210072,450000,57,0,46.7,bonus_as10_gae3_no,100,2575000,,,,,148,77,49,23,37,49,12,6,5,192,98,64,35,44,64,16,7,7
86552,2026-04-11 14:12:06,1,1,1,coin,coin,coin,gold,1,true,375000000,65648748489689,360806,5,5,1500,11,0,0,0,0,0,210072,450000,57,0,46.7,bonus_as10_gae3_no,100,2575000,,,,,149,77,49,23,37,49,12,6,5,193,98,64,35,44,64,16,7,7
86553,2026-04-11 14:12:07,30,2,2,accumulation,goldSack,goldSack,gold,1,false,225000000,65648973489689,359306,5,5,1500,11,0,0,0,0,1,211572,450000,57,1500,47.0,bonus_as10_gae3_no,100,2575000,,,,,150,77,49,23,37,50,12,6,5,194,98,64,35,44,65,16,7,7
86554,2026-04-11 14:12:08,3,1,1,attack,coin,coin,gold,1,false,75000000,65649048489689,357806,5,5,1500,11,1,0,0,0,0,211572,450000,57,0,47.0,bonus_as10_gae3_no,100,2575000,,,,,151,78,49,23,37,50,12,6,5,195,99,64,35,44,65,16,7,7
86555,2026-04-11 14:12:09,1,4,6,coin,steal,spins,gold,1,false,37500000,65649085989689,356306,5,5,1500,11,0,1,0,1,0,211572,450000,57,0,47.0,bonus_as10_gae3_no,100,2575000,,,,,152,78,50,23,38,50,12,6,5,196,99,65,35,45,65,16,7,7
86556,2026-04-11 14:12:10,3,6,2,attack,spins,goldSack,gold,1,false,150000000,65649235989689,354806,5,5,1500,11,1,0,0,1,0,211572,450000,57,0,47.0,bonus_as10_gae3_no,100,2575000,,,LongExtraDayReduced,"{""slot_on_"":""21325\/64000@m29""}",153,79,50,23,39,50,12,6,5,197,100,65,35,46,65,16,7,7
86557,2026-04-11 14:12:11,30,2,2,accumulation,goldSack,goldSack,gold,1,false,225000000,65649460989689,353306,5,5,1500,11,0,0,0,0,1,213072,450000,57,1500,47.3,bonus_as10_gae3_no,100,2575000,,,,,154,79,50,23,39,51,12,6,5,198,100,65,35,46,66,16,7,7
86558,2026-04-11 14:12:15,30,2,2,accumulation,goldSack,goldSack,gold,1,false,225000000,65649685989689,351806,5,5,1500,11,0,0,0,0,1,214572,450000,57,1500,47.7,bonus_as10_gae3_no,100,2575000,LongExtraDayReduced,,,"{""slot_on_"":""22825\/64000@m29""}",155,79,50,23,39,52,12,6,5,199,100,65,35,46,67,16,7,7
86559,2026-04-11 14:12:17,1,6,6,coin,spins,spins,gold,1,false,37500000,65649723489689,350306,5,5,1500,11,0,0,0,2,0,214572,450000,57,0,47.7,bonus_as10_gae3_no,100,2575000,,,,,156,79,50,23,41,52,12,6,5,200,100,65,35,48,67,16,7,7
86560,2026-04-11 14:12:20,5,5,5,shield,shield,shield,shield,3,true,1500,65649723489689,350306,5,5,1500,11,0,0,3,0,0,214572,450000,57,0,47.7,bonus_as10_gae3_no,100,2575000,,,,,157,79,50,26,41,52,12,6,6,201,100,65,38,48,67,16,7,8
86561,2026-04-11 14:12:22,3,1,1,attack,coin,coin,gold,1,false,75000000,65649798489689,348806,5,5,1500,11,1,0,0,0,0,214572,450000,57,0,47.7,bonus_as10_gae3_no,100,2575000,,,,,158,80,50,26,41,52,12,6,6,202,101,65,38,48,67,16,7,8
86562,2026-04-11 14:12:23,3,3,3,attack,attack,attack,attack,2,true,0,65649798489689,347306,5,5,1500,11,3,0,0,0,0,214572,450000,57,0,47.7,bonus_as10_gae3_no,100,2575000,,,,"{""c5261ecd"":""27\/4900@m96""}",159,83,50,26,41,52,13,6,6,203,104,65,38,48,67,17,7,8
86563,2026-04-11 14:13:47,6,6,6,spins,spins,spins,spins,5,true,4000,65665208489689,387006,5,5,400,11,0,0,0,3,0,214572,450000,57,0,47.7,bonus_as10_gae3_no,100,2575000,,,,,160,83,50,26,44,52,13,6,6,204,104,65,38,51,67,17,7,8
86564,2026-04-11 14:13:49,2,2,2,goldSack,goldSack,goldSack,gold,1,true,880000000,65666088489689,386606,5,5,400,11,0,0,0,0,0,214572,450000,57,0,47.7,bonus_as10_gae3_no,100,2575000,,LongExtraDayReduced,LongExtraDayReduced,"{""slot_on_"":""23625\/64000@m29""}",161,83,50,26,44,52,13,6,6,1,0,0,0,0,0,0,0,0
86565,2026-04-11 14:13:50,2,2,2,goldSack,goldSack,goldSack,gold,1,true,880000000,65666968489689,386206,5,5,400,11,0,0,0,0,0,214572,450000,57,0,47.7,bonus_as10_gae3_no,100,2575000,,,,,162,83,50,26,44,52,13,6,6,2,0,0,0,0,0,0,0,0
86566,2026-04-11 14:13:52,3,6,2,attack,spins,goldSack,gold,1,false,40000000,65667008489689,385806,5,5,400,11,1,0,0,1,0,214572,450000,57,0,47.7,bonus_as10_gae3_no,100,2575000,,,,,163,84,50,26,45,52,13,6,6,3,1,0,0,1,0,0,0,0
86567,2026-04-11 14:13:53,30,30,1,accumulation,accumulation,coin,gold,1,false,10000000,65667018489689,385406,5,5,400,11,0,0,0,0,2,215372,450000,57,800,47.9,bonus_as10_gae3_no,100,2575000,,,,,164,84,50,26,45,54,13,6,6,4,1,0,0,1,2,0,0,0
86568,2026-04-11 14:13:54,4,4,4,steal,steal,steal,steal,4,true,0,65667018489689,385006,5,5,400,11,0,3,0,0,0,215372,450000,57,0,47.9,bonus_as10_gae3_no,100,2575000,,,,,165,84,53,26,45,54,13,7,6,5,1,3,0,1,2,0,1,0
86569,2026-04-11 14:14:00,3,3,3,attack,attack,attack,attack,2,true,0,65691067289689,384606,5,5,400,11,3,0,0,0,0,215372,450000,57,0,47.9,bonus_as10_gae3_no,100,2575000,,,,,166,87,53,26,45,54,14,7,6,6,4,3,0,1,2,1,1,0
86570,2026-04-11 14:14:05,30,2,2,accumulation,goldSack,goldSack,gold,1,false,60000000,65702327289689,384206,5,5,400,11,0,0,0,0,1,215772,450000,57,400,47.9,bonus_as10_gae3_no,100,2575000,,LongExtraDayReduced,LongExtraDayReduced,"{""slot_on_"":""24425\/64000@m29""}",167,87,53,26,45,55,14,7,6,7,4,3,0,1,3,1,1,0
86571,2026-04-11 14:14:09,5,5,5,shield,shield,shield,shield,3,true,400,65702327289689,384206,5,5,400,11,0,0,3,0,0,215772,450000,57,0,47.9,bonus_as10_gae3_no,100,2575000,,,,,168,87,53,29,45,55,14,7,7,8,4,3,3,1,3,1,1,1
86572,2026-04-11 14:14:10,3,1,4,attack,coin,steal,gold,1,false,10000000,65702337289689,383806,5,5,400,11,1,1,0,0,0,215772,450000,57,0,47.9,bonus_as10_gae3_no,100,2575000,,,,,169,88,54,29,45,55,14,7,7,9,5,4,3,1,3,1,1,1
86573,2026-04-11 14:14:12,1,1,4,coin,coin,steal,gold,1,false,75000000,65702412289689,382306,5,5,1500,11,0,1,0,0,0,215772,450000,57,0,47.9,bonus_as10_gae3_no,100,2575000,,,,,170,88,55,29,45,55,14,7,7,10,5,5,3,1,3,1,1,1
86574,2026-04-11 14:14:13,30,30,1,accumulation,accumulation,coin,gold,1,false,37500000,65702449789689,380806,5,5,1500,11,0,0,0,0,2,218772,450000,57,3000,48.6,bonus_as10_gae3_no,100,2575000,,,LongExtraDayReduced,"{""slot_on_"":""25925\/64000@m29""}",171,88,55,29,45,57,14,7,7,11,5,5,3,1,5,1,1,1
86575,2026-04-11 14:14:14,30,2,2,accumulation,goldSack,goldSack,gold,1,false,225000000,65702674789689,379306,5,5,1500,11,0,0,0,0,1,220272,450000,57,1500,48.9,bonus_as10_gae3_no,100,2575000,,LongExtraDayReduced,,"{""slot_on_"":""27425\/64000@m29""}",172,88,55,29,45,58,14,7,7,12,5,5,3,1,6,1,1,1
86576,2026-04-11 14:14:16,1,1,1,coin,coin,coin,gold,1,true,375000000,65703049789689,377806,5,5,1500,11,0,0,0,0,0,220272,450000,57,0,48.9,bonus_as10_gae3_no,100,2575000,,,,,173,88,55,29,45,58,14,7,7,13,5,5,3,1,6,1,1,1
86577,2026-04-11 14:14:17,1,1,1,coin,coin,coin,gold,1,true,375000000,65703424789689,376306,5,5,1500,11,0,0,0,0,0,220272,450000,57,0,48.9,bonus_as10_gae3_no,100,2575000,LongExtraDayReduced,,,"{""slot_on_"":""28925\/64000@m29""}",174,88,55,29,45,58,14,7,7,14,5,5,3,1,6,1,1,1
86578,2026-04-11 14:14:19,3,5,2,attack,shield,goldSack,gold,1,false,150000000,65703574789689,374806,5,5,1500,11,1,0,1,0,0,220272,450000,57,0,48.9,bonus_as10_gae3_no,100,2575000,,,,,175,89,55,30,45,58,14,7,7,15,6,5,4,1,6,1,1,1
86579,2026-04-11 14:14:20,4,6,2,steal,spins,goldSack,gold,1,false,150000000,65703724789689,373306,5,5,1500,11,0,1,0,1,0,220272,450000,57,0,48.9,bonus_as10_gae3_no,100,2575000,LongExtraDayReduced,,LongExtraDayReduced,"{""slot_on_"":""31925\/64000@m29""}",176,89,56,30,46,58,14,7,7,16,6,6,4,2,6,1,1,1
86580,2026-04-11 14:14:21,1,4,4,coin,steal,steal,gold,1,false,37500000,65703762289689,371806,5,5,1500,11,0,2,0,0,0,220272,450000,57,0,48.9,bonus_as10_gae3_no,100,2575000,,,LongExtraDayReduced,"{""slot_on_"":""33425\/64000@m29""}",177,89,58,30,46,58,14,7,7,17,6,8,4,2,6,1,1,1
86581,2026-04-11 14:14:22,30,2,2,accumulation,goldSack,goldSack,gold,1,false,225000000,65703987289689,370306,5,5,1500,11,0,0,0,0,1,221772,450000,57,1500,49.3,bonus_as10_gae3_no,100,2575000,,,,,178,89,58,30,46,59,14,7,7,18,6,8,4,2,7,1,1,1
86582,2026-04-11 14:14:24,3,6,2,attack,spins,goldSack,gold,1,false,150000000,65704137289689,368806,5,5,1500,11,1,0,0,1,0,221772,450000,57,0,49.3,bonus_as10_gae3_no,100,2575000,,,,"{""c5261ecd"":""3027\/4900@m96""}",179,90,58,30,47,59,14,7,7,19,7,8,4,3,7,1,1,1
86583,2026-04-11 14:14:26,3,1,1,attack,coin,coin,gold,1,false,300000000,65704437289689,362806,5,5,6000,11,1,0,0,0,0,221772,450000,57,0,49.3,bonus_as10_gae3_no,100,2575000,,,,,180,91,58,30,47,59,14,7,7,20,8,8,4,3,7,1,1,1
86584,2026-04-11 14:14:31,1,1,1,coin,coin,coin,gold,1,true,375000000,65704812289689,361306,5,5,1500,11,0,0,0,0,0,221772,450000,57,0,49.3,bonus_as10_gae3_no,100,2575000,,,LongExtraDayReduced,"{""slot_on_"":""34925\/64000@m29""}",181,91,58,30,47,59,14,7,7,21,8,8,4,3,7,1,1,1
86585,2026-04-11 14:14:32,3,1,6,attack,coin,spins,gold,1,false,37500000,65704849789689,359806,5,5,1500,11,1,0,0,1,0,221772,450000,57,0,49.3,bonus_as10_gae3_no,100,2575000,LongExtraDayReduced,,,"{""slot_on_"":""36425\/64000@m29""}",182,92,58,30,48,59,14,7,7,22,9,8,4,4,7,1,1,1
86586,2026-04-11 14:14:34,3,3,1,attack,attack,coin,gold,1,false,37500000,65704887289689,358306,5,5,1500,11,2,0,0,0,0,221772,450000,57,0,49.3,bonus_as10_gae3_no,100,2575000,,,,,183,94,58,30,48,59,14,7,7,23,11,8,4,4,7,1,1,1
86587,2026-04-11 14:14:36,30,2,2,accumulation,goldSack,goldSack,gold,1,false,900000000,65705787289689,352306,5,5,6000,11,0,0,0,0,1,227772,450000,57,6000,50.6,bonus_as10_gae3_no,100,2575000,,,,,184,94,58,30,48,60,14,7,7,24,11,8,4,4,8,1,1,1
86588,2026-04-11 14:14:38,30,2,2,accumulation,goldSack,goldSack,gold,1,false,900000000,65706687289689,346306,5,5,6000,11,0,0,0,0,1,233772,450000,57,6000,51.9,bonus_as10_gae3_no,100,2575000,,,,,185,94,58,30,48,61,14,7,7,25,11,8,4,4,9,1,1,1
86589,2026-04-11 14:14:40,30,2,2,accumulation,goldSack,goldSack,gold,1,false,900000000,65707587289689,340306,5,5,6000,11,0,0,0,0,1,239772,450000,57,6000,53.3,bonus_as10_gae3_no,100,2575000,,,,,186,94,58,30,48,62,14,7,7,26,11,8,4,4,10,1,1,1
86590,2026-04-11 14:14:41,30,2,2,accumulation,goldSack,goldSack,gold,1,false,900000000,65708487289689,334306,5,5,6000,11,0,0,0,0,1,245772,450000,57,6000,54.6,bonus_as10_gae3_no,100,2575000,,,,,187,94,58,30,48,63,14,7,7,27,11,8,4,4,11,1,1,1
86591,2026-04-11 14:14:43,1,4,4,coin,steal,steal,gold,1,false,150000000,65708637289689,328306,5,5,6000,11,0,2,0,0,0,245772,450000,57,0,54.6,bonus_as10_gae3_no,100,2575000,,,,,188,94,60,30,48,63,14,7,7,28,11,10,4,4,11,1,1,1
86592,2026-04-11 14:14:44,3,1,6,attack,coin,spins,gold,1,false,150000000,65708787289689,322306,5,5,6000,11,1,0,0,1,0,245772,450000,57,0,54.6,bonus_as10_gae3_no,100,2575000,,,,,189,95,60,30,49,63,14,7,7,29,12,10,4,5,11,1,1,1
86593,2026-04-11 14:14:50,4,6,2,steal,spins,goldSack,gold,1,false,150000000,65708937289689,320806,5,5,1500,11,0,1,0,1,0,245772,450000,57,0,54.6,bonus_as10_gae3_no,100,2575000,,,,,190,95,61,30,50,63,14,7,7,30,12,11,4,6,11,1,1,1
86594,2026-04-11 14:14:51,4,4,4,steal,steal,steal,steal,4,true,0,65708937289689,319306,5,5,1500,11,0,3,0,0,0,245772,450000,57,0,54.6,bonus_as10_gae3_no,100,2575000,,,LongExtraDayReduced,"{""slot_on_"":""37925\/64000@m29"",""c5261ecd"":""1127\/4900@m97""}",191,95,64,30,50,63,14,8,7,31,12,14,4,6,11,1,2,1
86595,2026-04-11 14:15:02,4,6,2,steal,spins,goldSack,gold,1,false,150000000,66053724289689,317806,5,5,1500,11,0,1,0,1,0,245772,450000,57,0,54.6,bonus_as10_gae3_no,100,2575000,,,,,192,95,65,30,51,63,14,8,7,32,12,15,4,7,11,1,2,1
86596,2026-04-11 14:15:04,30,2,2,accumulation,goldSack,goldSack,gold,1,false,225000000,66053949289689,316306,5,5,1500,11,0,0,0,0,1,247272,450000,57,1500,54.9,bonus_as10_gae3_no,100,2575000,,,,,193,95,65,30,51,64,14,8,7,33,12,15,4,7,12,1,2,1
86597,2026-04-11 14:15:05,1,4,4,coin,steal,steal,gold,1,false,37500000,66053986789689,314806,5,5,1500,11,0,2,0,0,0,247272,450000,57,0,54.9,bonus_as10_gae3_no,100,2575000,,,,,194,95,67,30,51,64,14,8,7,34,12,17,4,7,12,1,2,1
86598,2026-04-11 14:15:05,3,4,2,attack,steal,goldSack,gold,1,false,150000000,66054136789689,313306,5,5,1500,11,1,1,0,0,0,247272,450000,57,0,54.9,bonus_as10_gae3_no,100,2575000,,LongExtraDayReduced,,"{""slot_on_"":""39425\/64000@m29""}",195,96,68,30,51,64,14,8,7,35,13,18,4,7,12,1,2,1
86599,2026-04-11 14:15:07,30,30,30,accumulation,accumulation,accumulation,gold,10,true,0,66054136789689,311806,5,5,1500,11,0,0,0,0,3,262272,450000,57,15000,58.3,bonus_as10_gae3_no,100,2575000,,,,,196,96,68,30,51,67,14,8,7,36,13,18,4,7,15,1,2,1
86600,2026-04-11 15:18:25,1,5,5,coin,shield,shield,gold,1,false,25000,66054197964689,315060,5,5,1,11,0,0,2,0,0,262272,450000,57,0,58.3,bonus_as10_gae3_no,100,2575000,,,,,1,0,0,2,0,0,0,0,0,37,13,18,6,7,15,1,2,1
86601,2026-04-11 15:18:25,30,30,1,accumulation,accumulation,coin,gold,1,false,25000,66054197989689,315059,5,5,1,11,0,0,0,0,2,262274,450000,57,2,58.3,bonus_as10_gae3_no,100,2575000,,,,,2,0,0,2,0,2,0,0,0,38,13,18,6,7,17,1,2,1
86602,2026-04-11 15:18:26,4,6,2,steal,spins,goldSack,gold,1,false,100000,66054198089689,315058,5,5,1,11,0,1,0,1,0,262274,450000,57,0,58.3,bonus_as10_gae3_no,100,2575000,,,,,3,0,1,2,1,2,0,0,0,39,13,19,6,8,17,1,2,1
86603,2026-04-11 15:18:28,1,4,6,coin,steal,spins,gold,1,false,25000,66054198114689,315057,5,5,1,11,0,1,0,1,0,262274,450000,57,0,58.3,bonus_as10_gae3_no,100,2575000,,,,,4,0,2,2,2,2,0,0,0,40,13,20,6,9,17,1,2,1
86604,2026-04-11 15:18:28,1,1,1,coin,coin,coin,gold,1,true,250000,66054198364689,315056,5,5,1,11,0,0,0,0,0,262274,450000,57,0,58.3,bonus_as10_gae3_no,100,2575000,,LongExtraDayReduced,,"{""slot_on_"":""39426\/64000@m29""}",5,0,2,2,2,2,0,0,0,41,13,20,6,9,17,1,2,1
86605,2026-04-11 15:18:29,30,2,2,accumulation,goldSack,goldSack,gold,1,false,150000,66054198514689,315055,5,5,1,11,0,0,0,0,1,262275,450000,57,1,58.3,bonus_as10_gae3_no,100,2575000,,,,,6,0,2,2,2,3,0,0,0,42,13,20,6,9,18,1,2,1
86606,2026-04-11 15:18:31,5,5,5,shield,shield,shield,shield,3,true,1,66054198514689,315055,5,5,1,11,0,0,3,0,0,262275,450000,57,0,58.3,bonus_as10_gae3_no,100,2575000,,,LongExtraDayReduced,"{""slot_on_"":""39427\/64000@m29""}",7,0,2,5,2,3,0,0,1,43,13,20,9,9,18,1,2,2
86607,2026-04-11 15:18:32,3,3,2,attack,attack,goldSack,gold,1,false,100000,66054198614689,315054,5,5,1,11,2,0,0,0,0,262275,450000,57,0,58.3,bonus_as10_gae3_no,100,2575000,LongExtraDayReduced,LongExtraDayReduced,LongExtraDayReduced,"{""slot_on_"":""39432\/64000@m29""}",8,2,2,5,2,3,0,0,1,44,15,20,9,9,18,1,2,2
86608,2026-04-11 15:18:33,3,3,2,attack,attack,goldSack,gold,1,false,100000,66054198714689,315053,5,5,1,11,2,0,0,0,0,262275,450000,57,0,58.3,bonus_as10_gae3_no,100,2575000,,,,,9,4,2,5,2,3,0,0,1,45,17,20,9,9,18,1,2,2
86609,2026-04-11 15:18:33,4,6,2,steal,spins,goldSack,gold,1,false,100000,66054198814689,315052,5,5,1,11,0,1,0,1,0,262275,450000,57,0,58.3,bonus_as10_gae3_no,100,2575000,,,,,10,4,3,5,3,3,0,0,1,46,17,21,9,10,18,1,2,2
86610,2026-04-11 15:18:34,3,3,3,attack,attack,attack,attack,2,true,0,66054198814689,315051,5,5,1,11,3,0,0,0,0,262275,450000,57,0,58.3,bonus_as10_gae3_no,100,2575000,,,,,11,7,3,5,3,3,1,0,1,47,20,21,9,10,18,2,2,2
86611,2026-04-11 15:18:39,3,3,3,attack,attack,attack,attack,2,true,0,66054350294689,315050,5,5,1,11,3,0,0,0,0,262275,450000,57,0,58.3,bonus_as10_gae3_no,100,2575000,,,,,12,10,3,5,3,3,2,0,1,48,23,21,9,10,18,3,2,2
86612,2026-04-11 15:18:44,4,4,4,steal,steal,steal,steal,4,true,0,66054400282489,315049,5,5,1,11,0,3,0,0,0,262275,450000,57,0,58.3,bonus_as10_gae3_no,100,2575000,,,,,13,10,6,5,3,3,2,1,1,49,23,24,9,10,18,3,3,2
86613,2026-04-11 15:18:50,30,2,2,accumulation,goldSack,goldSack,gold,1,false,150000,66054525082489,315048,5,5,1,11,0,0,0,0,1,262276,450000,57,1,58.3,bonus_as10_gae3_no,100,2575000,,,,,14,10,6,5,3,4,2,1,1,50,23,24,9,10,19,3,3,2
86614,2026-04-11 15:18:51,3,4,2,attack,steal,goldSack,gold,1,false,100000,66054525182489,315047,5,5,1,11,1,1,0,0,0,262276,450000,57,0,58.3,bonus_as10_gae3_no,100,2575000,,,,,15,11,7,5,3,4,2,1,1,51,24,25,9,10,19,3,3,2
86615,2026-04-11 15:18:52,3,1,1,attack,coin,coin,gold,1,false,50000,66054525232489,315046,5,5,1,11,1,0,0,0,0,262276,450000,57,0,58.3,bonus_as10_gae3_no,100,2575000,,LongExtraDayReduced,LongExtraDayReduced,"{""slot_on_"":""39434\/64000@m29""}",16,12,7,5,3,4,2,1,1,52,25,25,9,10,19,3,3,2
86616,2026-04-11 15:18:53,3,3,3,attack,attack,attack,attack,2,true,0,66054525232489,315045,5,5,1,11,3,0,0,0,0,262276,450000,57,0,58.3,bonus_as10_gae3_no,100,2575000,,,,,17,15,7,5,3,4,3,1,1,53,28,25,9,10,19,4,3,2
86617,2026-04-11 15:18:57,3,3,2,attack,attack,goldSack,gold,1,false,100000,66054676812489,315044,5,5,1,11,2,0,0,0,0,262276,450000,57,0,58.3,bonus_as10_gae3_no,100,2575000,,,,,18,17,7,5,3,4,3,1,1,54,30,25,9,10,19,4,3,2
86618,2026-04-11 15:18:58,1,4,6,coin,steal,spins,gold,1,false,25000,66054676837489,315043,5,5,1,11,0,1,0,1,0,262276,450000,57,0,58.3,bonus_as10_gae3_no,100,2575000,,,,,19,17,8,5,4,4,3,1,1,55,30,26,9,11,19,4,3,2
86619,2026-04-11 15:18:58,30,2,2,accumulation,goldSack,goldSack,gold,1,false,150000,66054676987489,315042,5,5,1,11,0,0,0,0,1,262277,450000,57,1,58.3,bonus_as10_gae3_no,100,2575000,,,,,20,17,8,5,4,5,3,1,1,56,30,26,9,11,20,4,3,2
86620,2026-04-11 15:19:00,1,1,1,coin,coin,coin,gold,1,true,250000,66054677237489,315041,5,5,1,11,0,0,0,0,0,262277,450000,57,0,58.3,bonus_as10_gae3_no,100,2575000,LongExtraDayReduced,,,"{""slot_on_"":""39435\/64000@m29""}",21,17,8,5,4,5,3,1,1,57,30,26,9,11,20,4,3,2
86621,2026-04-11 15:19:01,2,2,2,goldSack,goldSack,goldSack,gold,1,true,2200000,66054679437489,315040,5,5,1,11,0,0,0,0,0,262277,450000,57,0,58.3,bonus_as10_gae3_no,100,2575000,LongExtraDayReduced,,,"{""slot_on_"":""39436\/64000@m29""}",22,17,8,5,4,5,3,1,1,58,30,26,9,11,20,4,3,2
86622,2026-04-11 15:19:02,30,2,2,accumulation,goldSack,goldSack,gold,1,false,150000,66054679587489,315039,5,5,1,11,0,0,0,0,1,262278,450000,57,1,58.3,bonus_as10_gae3_no,100,2575000,,,,,23,17,8,5,4,6,3,1,1,59,30,26,9,11,21,4,3,2
86623,2026-04-11 15:19:03,3,3,3,attack,attack,attack,attack,2,true,0,66054679587489,315038,5,5,1,11,3,0,0,0,0,262278,450000,57,0,58.3,bonus_as10_gae3_no,100,2575000,,,,,24,20,8,5,4,6,4,1,1,60,33,26,9,11,21,5,3,2
86624,2026-04-11 15:19:08,3,1,5,attack,coin,shield,gold,1,false,25000,66054729600289,315037,5,5,1,11,1,0,1,0,0,262278,450000,57,0,58.3,bonus_as10_gae3_no,100,2575000,,,,,25,21,8,6,4,6,4,1,1,61,34,26,10,11,21,5,3,2
86625,2026-04-11 15:19:09,30,2,2,accumulation,goldSack,goldSack,gold,1,false,150000,66054729750289,315036,5,5,1,11,0,0,0,0,1,262279,450000,57,1,58.3,bonus_as10_gae3_no,100,2575000,,,,,26,21,8,6,4,7,4,1,1,62,34,26,10,11,22,5,3,2
86626,2026-04-11 15:19:10,3,1,1,attack,coin,coin,gold,1,false,50000,66054729800289,315035,5,5,1,11,1,0,0,0,0,262279,450000,57,0,58.3,bonus_as10_gae3_no,100,2575000,,LongExtraDayReduced,,"{""slot_on_"":""39437\/64000@m29""}",27,22,8,6,4,7,4,1,1,63,35,26,10,11,22,5,3,2
86627,2026-04-11 15:19:11,2,2,2,goldSack,goldSack,goldSack,gold,1,true,2200000,66054732000289,315034,5,5,1,11,0,0,0,0,0,262279,450000,57,0,58.3,bonus_as10_gae3_no,100,2575000,,,,,28,22,8,6,4,7,4,1,1,64,35,26,10,11,22,5,3,2
86628,2026-04-11 15:19:11,3,3,3,attack,attack,attack,attack,2,true,0,66054732000289,315033,5,5,1,11,3,0,0,0,0,262279,450000,57,0,58.3,bonus_as10_gae3_no,100,2575000,,,,,29,25,8,6,4,7,5,1,1,65,38,26,10,11,22,6,3,2
86629,2026-04-11 15:19:16,30,2,2,accumulation,goldSack,goldSack,gold,1,false,150000,66054782138089,315032,5,5,1,11,0,0,0,0,1,262280,450000,57,1,58.3,bonus_as10_gae3_no,100,2575000,,,,,30,25,8,6,4,8,5,1,1,66,38,26,10,11,23,6,3,2
86630,2026-04-11 15:19:17,3,4,2,attack,steal,goldSack,gold,1,false,100000,66054782238089,315031,5,5,1,11,1,1,0,0,0,262280,450000,57,0,58.3,bonus_as10_gae3_no,100,2575000,,LongExtraDayReduced,,"{""slot_on_"":""39438\/64000@m29""}",31,26,9,6,4,8,5,1,1,67,39,27,10,11,23,6,3,2
86631,2026-04-11 15:19:18,3,3,2,attack,attack,goldSack,gold,1,false,100000,66054782338089,315030,5,5,1,11,2,0,0,0,0,262280,450000,57,0,58.3,bonus_as10_gae3_no,100,2575000,,LongExtraDayReduced,,"{""slot_on_"":""39439\/64000@m29""}",32,28,9,6,4,8,5,1,1,68,41,27,10,11,23,6,3,2
86632,2026-04-11 15:19:20,1,4,4,coin,steal,steal,gold,1,false,25000,66054782363089,315029,5,5,1,11,0,2,0,0,0,262280,450000,57,0,58.3,bonus_as10_gae3_no,100,2575000,,,,,33,28,11,6,4,8,5,1,1,69,41,29,10,11,23,6,3,2
86633,2026-04-11 15:19:28,4,6,2,steal,spins,goldSack,gold,1,false,100000,66054782463089,315028,5,5,1,11,0,1,0,1,0,262280,450000,57,0,58.3,bonus_as10_gae3_no,100,2575000,,,,,34,28,12,6,5,8,5,1,1,70,41,30,10,12,23,6,3,2
86634,2026-04-11 15:19:28,30,30,1,accumulation,accumulation,coin,gold,1,false,25000,66054782488089,315027,5,5,1,11,0,0,0,0,2,262282,450000,57,2,58.3,bonus_as10_gae3_no,100,2575000,,,,,35,28,12,6,5,10,5,1,1,71,41,30,10,12,25,6,3,2
86635,2026-04-11 15:19:30,4,6,2,steal,spins,goldSack,gold,1,false,100000,66054782588089,315026,5,5,1,11,0,1,0,1,0,262282,450000,57,0,58.3,bonus_as10_gae3_no,100,2575000,,,,,36,28,13,6,6,10,5,1,1,72,41,31,10,13,25,6,3,2
86636,2026-04-11 15:19:31,5,2,2,shield,goldSack,goldSack,gold,1,false,150000,66054782738089,315025,5,5,1,11,0,0,1,0,0,262282,450000,57,0,58.3,bonus_as10_gae3_no,100,2575000,,,,,37,28,13,7,6,10,5,1,1,73,41,31,11,13,25,6,3,2
86637,2026-04-11 15:19:32,30,2,2,accumulation,goldSack,goldSack,gold,1,false,150000,66054782888089,315024,5,5,1,11,0,0,0,0,1,262283,450000,57,1,58.3,bonus_as10_gae3_no,100,2575000,,,LongExtraDayReduced,"{""slot_on_"":""39440\/64000@m29""}",38,28,13,7,6,11,5,1,1,74,41,31,11,13,26,6,3,2
86638,2026-04-11 15:19:34,5,5,5,shield,shield,shield,shield,3,true,1,66054782888089,315024,5,5,1,11,0,0,3,0,0,262283,450000,57,0,58.3,bonus_as10_gae3_no,100,2575000,,,,,39,28,13,10,6,11,5,1,2,75,41,31,14,13,26,6,3,3
86639,2026-04-11 15:19:34,1,4,6,coin,steal,spins,gold,1,false,25000,66054782913089,315023,5,5,1,11,0,1,0,1,0,262283,450000,57,0,58.3,bonus_as10_gae3_no,100,2575000,,,,,40,28,14,10,7,11,5,1,2,76,41,32,14,14,26,6,3,3
86640,2026-04-11 15:19:35,4,6,2,steal,spins,goldSack,gold,1,false,100000,66054783013089,315022,5,5,1,11,0,1,0,1,0,262283,450000,57,0,58.3,bonus_as10_gae3_no,100,2575000,,,LongExtraDayReduced,"{""slot_on_"":""39441\/64000@m29""}",41,28,15,10,8,11,5,1,2,77,41,33,14,15,26,6,3,3
86641,2026-04-11 15:19:36,3,1,1,attack,coin,coin,gold,1,false,50000,66054783063089,315021,5,5,1,11,1,0,0,0,0,262283,450000,57,0,58.3,bonus_as10_gae3_no,100,2575000,,,,,42,29,15,10,8,11,5,1,2,78,42,33,14,15,26,6,3,3
86642,2026-04-11 15:19:37,3,1,5,attack,coin,shield,gold,1,false,25000,66054783088089,315020,5,5,1,11,1,0,1,0,0,262283,450000,57,0,58.3,bonus_as10_gae3_no,100,2575000,,,,,43,30,15,11,8,11,5,1,2,79,43,33,15,15,26,6,3,3
86643,2026-04-11 15:19:37,2,2,2,goldSack,goldSack,goldSack,gold,1,true,2200000,66054785288089,315019,5,5,1,11,0,0,0,0,0,262283,450000,57,0,58.3,bonus_as10_gae3_no,100,2575000,,,,,44,30,15,11,8,11,5,1,2,80,43,33,15,15,26,6,3,3
86644,2026-04-11 15:19:38,4,4,4,steal,steal,steal,steal,4,true,0,66054785288089,315018,5,5,1,11,0,3,0,0,0,262283,450000,57,0,58.3,bonus_as10_gae3_no,100,2575000,LongExtraDayReduced,,LongExtraDayReduced,"{""slot_on_"":""39443\/64000@m29""}",45,30,18,11,8,11,5,2,2,81,43,36,15,15,26,6,4,3
86645,2026-04-11 15:19:44,2,2,2,goldSack,goldSack,goldSack,gold,1,true,2200000,66054930028089,315017,5,5,1,11,0,0,0,0,0,262283,450000,57,0,58.3,bonus_as10_gae3_no,100,2575000,,,,,46,30,18,11,8,11,5,2,2,82,43,36,15,15,26,6,4,3
86646,2026-04-11 15:19:45,2,2,2,goldSack,goldSack,goldSack,gold,1,true,2200000,66054932228089,315016,5,5,1,11,0,0,0,0,0,262283,450000,57,0,58.3,bonus_as10_gae3_no,100,2575000,,,,,47,30,18,11,8,11,5,2,2,83,43,36,15,15,26,6,4,3
86647,2026-04-11 15:19:46,3,1,5,attack,coin,shield,gold,1,false,25000,66054932253089,315015,5,5,1,11,1,0,1,0,0,262283,450000,57,0,58.3,bonus_as10_gae3_no,100,2575000,,LongExtraDayReduced,,"{""slot_on_"":""39444\/64000@m29""}",48,31,18,12,8,11,5,2,2,84,44,36,16,15,26,6,4,3
86648,2026-04-11 15:19:48,3,1,1,attack,coin,coin,gold,1,false,50000,66054932303089,315014,5,5,1,11,1,0,0,0,0,262283,450000,57,0,58.3,bonus_as10_gae3_no,100,2575000,,,,,49,32,18,12,8,11,5,2,2,85,45,36,16,15,26,6,4,3
86649,2026-04-11 15:19:48,30,30,1,accumulation,accumulation,coin,gold,1,false,25000,66054932328089,315013,5,5,1,11,0,0,0,0,2,262285,450000,57,2,58.3,bonus_as10_gae3_no,100,2575000,,,,,50,32,18,12,8,13,5,2,2,86,45,36,16,15,28,6,4,3
86650,2026-04-11 15:19:49,4,6,2,steal,spins,goldSack,gold,1,false,100000,66054932428089,315012,5,5,1,11,0,1,0,1,0,262285,450000,57,0,58.3,bonus_as10_gae3_no,100,2575000,,,,,51,32,19,12,9,13,5,2,2,87,45,37,16,16,28,6,4,3
86651,2026-04-11 15:19:50,1,1,1,coin,coin,coin,gold,1,true,250000,66054932678089,315011,5,5,1,11,0,0,0,0,0,262285,450000,57,0,58.3,bonus_as10_gae3_no,100,2575000,,,,,52,32,19,12,9,13,5,2,2,88,45,37,16,16,28,6,4,3
86652,2026-04-11 15:19:51,1,6,6,coin,spins,spins,gold,1,false,25000,66054932703089,315010,5,5,1,11,0,0,0,2,0,262285,450000,57,0,58.3,bonus_as10_gae3_no,100,2575000,LongExtraDayReduced,,LongExtraDayReduced,"{""slot_on_"":""39446\/64000@m29""}",53,32,19,12,11,13,5,2,2,89,45,37,16,18,28,6,4,3
86653,2026-04-11 15:19:52,30,30,1,accumulation,accumulation,coin,gold,1,false,25000,66054932728089,315009,5,5,1,11,0,0,0,0,2,262287,450000,57,2,58.3,bonus_as10_gae3_no,100,2575000,,,,,54,32,19,12,11,15,5,2,2,90,45,37,16,18,30,6,4,3
86654,2026-04-11 15:19:53,4,6,2,steal,spins,goldSack,gold,1,false,100000,66054932828089,315008,5,5,1,11,0,1,0,1,0,262287,450000,57,0,58.3,bonus_as10_gae3_no,100,2575000,,,,,55,32,20,12,12,15,5,2,2,91,45,38,16,19,30,6,4,3
86655,2026-04-11 15:19:54,30,2,2,accumulation,goldSack,goldSack,gold,1,false,150000,66054932978089,315007,5,5,1,11,0,0,0,0,1,262288,450000,57,1,58.3,bonus_as10_gae3_no,100,2575000,,,,,56,32,20,12,12,16,5,2,2,92,45,38,16,19,31,6,4,3
86656,2026-04-11 15:19:55,5,5,5,shield,shield,shield,shield,3,true,1,66054932978089,315007,5,5,1,11,0,0,3,0,0,262288,450000,57,0,58.3,bonus_as10_gae3_no,100,2575000,,,LongExtraDayReduced,"{""slot_on_"":""39447\/64000@m29""}",57,32,20,15,12,16,5,2,3,93,45,38,19,19,31,6,4,4
86657,2026-04-11 15:19:57,30,2,2,accumulation,goldSack,goldSack,gold,1,false,150000,66054933128089,315006,5,5,1,11,0,0,0,0,1,262289,450000,57,1,58.3,bonus_as10_gae3_no,100,2575000,,,,,58,32,20,15,12,17,5,2,3,94,45,38,19,19,32,6,4,4
86658,2026-04-11 15:19:58,30,30,1,accumulation,accumulation,coin,gold,1,false,25000,66054933153089,315005,5,5,1,11,0,0,0,0,2,262291,450000,57,2,58.3,bonus_as10_gae3_no,100,2575000,LongExtraDayReduced,,,"{""slot_on_"":""39448\/64000@m29""}",59,32,20,15,12,19,5,2,3,95,45,38,19,19,34,6,4,4
86659,2026-04-11 15:20:00,4,6,2,steal,spins,goldSack,gold,1,false,100000,66054933253089,315004,5,5,1,11,0,1,0,1,0,262291,450000,57,0,58.3,bonus_as10_gae3_no,100,2575000,LongExtraDayReduced,,,"{""slot_on_"":""39449\/64000@m29""}",60,32,21,15,13,19,5,2,3,96,45,39,19,20,34,6,4,4
86660,2026-04-11 15:20:01,30,2,2,accumulation,goldSack,goldSack,gold,1,false,150000,66054933403089,315003,5,5,1,11,0,0,0,0,1,262292,450000,57,1,58.3,bonus_as10_gae3_no,100,2575000,,,,,61,32,21,15,13,20,5,2,3,97,45,39,19,20,35,6,4,4
86661,2026-04-11 15:20:02,1,1,1,coin,coin,coin,gold,1,true,250000,66054933653089,315002,5,5,1,11,0,0,0,0,0,262292,450000,57,0,58.3,bonus_as10_gae3_no,100,2575000,LongExtraDayReduced,,,"{""slot_on_"":""39450\/64000@m29""}",62,32,21,15,13,20,5,2,3,98,45,39,19,20,35,6,4,4
86662,2026-04-11 15:20:03,3,6,2,attack,spins,goldSack,gold,1,false,100000,66054933753089,315001,5,5,1,11,1,0,0,1,0,262292,450000,57,0,58.3,bonus_as10_gae3_no,100,2575000,,,,,63,33,21,15,14,20,5,2,3,99,46,39,19,21,35,6,4,4
86663,2026-04-11 15:20:04,30,2,2,accumulation,goldSack,goldSack,gold,1,false,150000,66054933903089,315000,5,5,1,11,0,0,0,0,1,262293,450000,57,1,58.3,bonus_as10_gae3_no,100,2575000,,,LongExtraDayReduced,"{""slot_on_"":""39451\/64000@m29""}",64,33,21,15,14,21,5,2,3,100,46,39,19,21,36,6,4,4
86664,2026-04-11 15:20:06,2,2,2,goldSack,goldSack,goldSack,gold,1,true,2200000,66054936103089,314999,5,5,1,11,0,0,0,0,0,262293,450000,57,0,58.3,bonus_as10_gae3_no,100,2575000,,,,,65,33,21,15,14,21,5,2,3,101,46,39,19,21,36,6,4,4
86665,2026-04-11 15:20:07,1,1,1,coin,coin,coin,gold,1,true,250000,66054936353089,314998,5,5,1,11,0,0,0,0,0,262293,450000,57,0,58.3,bonus_as10_gae3_no,100,2575000,,,,,66,33,21,15,14,21,5,2,3,102,46,39,19,21,36,6,4,4
86666,2026-04-11 15:20:08,3,1,1,attack,coin,coin,gold,1,false,50000,66054936403089,314997,5,5,1,11,1,0,0,0,0,262293,450000,57,0,58.3,bonus_as10_gae3_no,100,2575000,,,,,67,34,21,15,14,21,5,2,3,103,47,39,19,21,36,6,4,4
86667,2026-04-11 15:20:09,6,6,6,spins,spins,spins,spins,5,true,10,66054936403089,315006,5,5,1,11,0,0,0,3,0,262293,450000,57,0,58.3,bonus_as10_gae3_no,100,2575000,,,,,68,34,21,15,17,21,5,2,3,104,47,39,19,24,36,6,4,4
86668,2026-04-11 15:20:10,1,6,6,coin,spins,spins,gold,1,false,25000,66054936428089,315005,5,5,1,11,0,0,0,2,0,262293,450000,57,0,58.3,bonus_as10_gae3_no,100,2575000,,,,,69,34,21,15,19,21,5,2,3,1,0,0,0,2,0,0,0,0
86669,2026-04-11 15:20:11,30,2,2,accumulation,goldSack,goldSack,gold,1,false,150000,66054936578089,315004,5,5,1,11,0,0,0,0,1,262294,450000,57,1,58.3,bonus_as10_gae3_no,100,2575000,,,,,70,34,21,15,19,22,5,2,3,2,0,0,0,2,1,0,0,0
86670,2026-04-11 15:20:12,1,4,4,coin,steal,steal,gold,1,false,25000,66054936603089,315003,5,5,1,11,0,2,0,0,0,262294,450000,57,0,58.3,bonus_as10_gae3_no,100,2575000,LongExtraDayReduced,LongExtraDayReduced,,"{""slot_on_"":""39453\/64000@m29""}",71,34,23,15,19,22,5,2,3,3,0,2,0,2,1,0,0,0
86671,2026-04-11 15:20:13,3,1,5,attack,coin,shield,gold,1,false,25000,66054936628089,315002,5,5,1,11,1,0,1,0,0,262294,450000,57,0,58.3,bonus_as10_gae3_no,100,2575000,LongExtraDayReduced,,,"{""slot_on_"":""39454\/64000@m29""}",72,35,23,16,19,22,5,2,3,4,1,2,1,2,1,0,0,0
86672,2026-04-11 15:20:14,2,2,2,goldSack,goldSack,goldSack,gold,1,true,2200000,66054938828089,315001,5,5,1,11,0,0,0,0,0,262294,450000,57,0,58.3,bonus_as10_gae3_no,100,2575000,,,,,73,35,23,16,19,22,5,2,3,5,1,2,1,2,1,0,0,0
86673,2026-04-11 15:20:15,1,4,6,coin,steal,spins,gold,1,false,25000,66054938853089,315000,5,5,1,11,0,1,0,1,0,262294,450000,57,0,58.3,bonus_as10_gae3_no,100,2575000,,,,,74,35,24,16,20,22,5,2,3,6,1,3,1,3,1,0,0,0
86674,2026-04-11 15:20:16,30,2,2,accumulation,goldSack,goldSack,gold,1,false,150000,66054939003089,314999,5,5,1,11,0,0,0,0,1,262295,450000,57,1,58.3,bonus_as10_gae3_no,100,2575000,,,,,75,35,24,16,20,23,5,2,3,7,1,3,1,3,2,0,0,0
86675,2026-04-11 15:20:18,3,3,1,attack,attack,coin,gold,1,false,1250000,66054940253089,314949,5,5,50,11,2,0,0,0,0,262295,450000,57,0,58.3,bonus_as10_gae3_no,100,2575000,,,,,76,37,24,16,20,23,5,2,3,8,3,3,1,3,2,0,0,0
86676,2026-04-11 15:20:19,4,4,4,steal,steal,steal,steal,4,true,0,66054940253089,314899,5,5,50,11,0,3,0,0,0,262295,450000,57,0,58.3,bonus_as10_gae3_no,100,2575000,,LongExtraDayReduced,,"{""slot_on_"":""39504\/64000@m29""}",77,37,27,16,20,23,5,3,3,9,3,6,1,3,2,0,1,0
86677,2026-04-11 15:20:25,1,1,6,coin,coin,spins,gold,1,false,2500000,66067690053089,314849,5,5,50,11,0,0,0,1,0,262295,450000,57,0,58.3,bonus_as10_gae3_no,100,2575000,,,,,78,37,27,16,21,23,5,3,3,10,3,6,1,4,2,0,1,0
86678,2026-04-11 15:20:26,30,2,2,accumulation,goldSack,goldSack,gold,1,false,7500000,66067697553089,314799,5,5,50,11,0,0,0,0,1,262345,450000,57,50,58.3,bonus_as10_gae3_no,100,2575000,,,,,79,37,27,16,21,24,5,3,3,11,3,6,1,4,3,0,1,0
86679,2026-04-11 15:20:27,2,2,2,goldSack,goldSack,goldSack,gold,1,true,110000000,66067807553089,314749,5,5,50,11,0,0,0,0,0,262345,450000,57,0,58.3,bonus_as10_gae3_no,100,2575000,,,,,80,37,27,16,21,24,5,3,3,12,3,6,1,4,3,0,1,0
86680,2026-04-11 15:20:28,2,2,2,goldSack,goldSack,goldSack,gold,1,true,110000000,66067917553089,314699,5,5,50,11,0,0,0,0,0,262345,450000,57,0,58.3,bonus_as10_gae3_no,100,2575000,,,,,81,37,27,16,21,24,5,3,3,13,3,6,1,4,3,0,1,0
86681,2026-04-11 15:20:29,30,2,2,accumulation,goldSack,goldSack,gold,1,false,7500000,66067925053089,314649,5,5,50,11,0,0,0,0,1,262395,450000,57,50,58.3,bonus_as10_gae3_no,100,2575000,,,,,82,37,27,16,21,25,5,3,3,14,3,6,1,4,4,0,1,0
86682,2026-04-11 15:20:31,1,1,6,coin,coin,spins,gold,1,false,2500000,66067927553089,314599,5,5,50,11,0,0,0,1,0,262395,450000,57,0,58.3,bonus_as10_gae3_no,100,2575000,,,,,83,37,27,16,22,25,5,3,3,15,3,6,1,5,4,0,1,0
86683,2026-04-11 15:20:31,30,2,2,accumulation,goldSack,goldSack,gold,1,false,7500000,66067935053089,314549,5,5,50,11,0,0,0,0,1,262445,450000,57,50,58.3,bonus_as10_gae3_no,100,2575000,LongExtraDayReduced,LongExtraDayReduced,LongExtraDayReduced,"{""slot_on_"":""39754\/64000@m29""}",84,37,27,16,22,26,5,3,3,16,3,6,1,5,5,0,1,0
86684,2026-04-11 15:20:33,1,1,1,coin,coin,coin,gold,1,true,12500000,66067947553089,314499,5,5,50,11,0,0,0,0,0,262445,450000,57,0,58.3,bonus_as10_gae3_no,100,2575000,,,,,85,37,27,16,22,26,5,3,3,17,3,6,1,5,5,0,1,0
86685,2026-04-11 15:20:34,30,2,2,accumulation,goldSack,goldSack,gold,1,false,7500000,66067955053089,314449,5,5,50,11,0,0,0,0,1,262495,450000,57,50,58.3,bonus_as10_gae3_no,100,2575000,,,,,86,37,27,16,22,27,5,3,3,18,3,6,1,5,6,0,1,0
86686,2026-04-11 15:20:36,30,2,2,accumulation,goldSack,goldSack,gold,1,false,7500000,66067962553089,314399,5,5,50,11,0,0,0,0,1,262545,450000,57,50,58.3,bonus_as10_gae3_no,100,2575000,,,,,87,37,27,16,22,28,5,3,3,19,3,6,1,5,7,0,1,0
86687,2026-04-11 15:20:37,1,4,5,coin,steal,shield,gold,1,false,1250000,66067963803089,314349,5,5,50,11,0,1,1,0,0,262545,450000,57,0,58.3,bonus_as10_gae3_no,100,2575000,LongExtraDayReduced,LongExtraDayReduced,,"{""slot_on_"":""39854\/64000@m29""}",88,37,28,17,22,28,5,3,3,20,3,7,2,5,7,0,1,0
86688,2026-04-11 15:20:38,3,6,2,attack,spins,goldSack,gold,1,false,5000000,66067968803089,314299,5,5,50,11,1,0,0,1,0,262545,450000,57,0,58.3,bonus_as10_gae3_no,100,2575000,,,,,89,38,28,17,23,28,5,3,3,21,4,7,2,6,7,0,1,0
86689,2026-04-11 15:20:39,3,3,3,attack,attack,attack,attack,2,true,0,66067968803089,314249,5,5,50,11,3,0,0,0,0,262545,450000,57,0,58.3,bonus_as10_gae3_no,100,2575000,,,,,90,41,28,17,23,28,6,3,3,22,7,7,2,6,7,1,1,0
86690,2026-04-11 15:20:44,3,3,3,attack,attack,attack,attack,2,true,0,66070468193089,314199,5,5,50,11,3,0,0,0,0,262545,450000,57,0,58.3,bonus_as10_gae3_no,100,2575000,,,,,91,44,28,17,23,28,7,3,3,23,10,7,2,6,7,2,1,0
86691,2026-04-11 15:20:49,4,4,4,steal,steal,steal,steal,4,true,0,66078042193089,314149,5,5,50,11,0,3,0,0,0,262545,450000,57,0,58.3,bonus_as10_gae3_no,100,2575000,,,,,92,44,31,17,23,28,7,4,3,24,10,10,2,6,7,2,2,0
86692,2026-04-11 15:21:14,3,6,2,attack,spins,goldSack,gold,1,false,5000000,66086378493089,314099,5,5,50,11,1,0,0,1,0,262545,450000,57,0,58.3,bonus_as10_gae3_no,100,2575000,,,,,93,45,31,17,24,28,7,4,3,25,11,10,2,7,7,2,2,0
86693,2026-04-11 15:21:15,3,4,2,attack,steal,goldSack,gold,1,false,5000000,66086383493089,314049,5,5,50,11,1,1,0,0,0,262545,450000,57,0,58.3,bonus_as10_gae3_no,100,2575000,,,,,94,46,32,17,24,28,7,4,3,26,12,11,2,7,7,2,2,0
86694,2026-04-11 15:21:16,30,2,2,accumulation,goldSack,goldSack,gold,1,false,7500000,66086390993089,313999,5,5,50,11,0,0,0,0,1,262595,450000,57,50,58.4,bonus_as10_gae3_no,100,2575000,,,,,95,46,32,17,24,29,7,4,3,27,12,11,2,7,8,2,2,0
86695,2026-04-11 15:21:17,30,2,2,accumulation,goldSack,goldSack,gold,1,false,7500000,66086398493089,313949,5,5,50,11,0,0,0,0,1,262645,450000,57,50,58.4,bonus_as10_gae3_no,100,2575000,,,,,96,46,32,17,24,30,7,4,3,28,12,11,2,7,9,2,2,0
86696,2026-04-11 15:21:19,1,1,1,coin,coin,coin,gold,1,true,12500000,66086410993089,313899,5,5,50,11,0,0,0,0,0,262645,450000,57,0,58.4,bonus_as10_gae3_no,100,2575000,,,,,97,46,32,17,24,30,7,4,3,29,12,11,2,7,9,2,2,0
86697,2026-04-11 15:21:22,3,4,2,attack,steal,goldSack,gold,1,false,40000000,66086450993089,313499,5,5,400,11,1,1,0,0,0,262645,450000,57,0,58.4,bonus_as10_gae3_no,100,2575000,,,,,98,47,33,17,24,30,7,4,3,30,13,12,2,7,9,2,2,0
86698,2026-04-11 15:21:23,2,2,2,goldSack,goldSack,goldSack,gold,1,true,880000000,66087330993089,313099,5,5,400,11,0,0,0,0,0,262645,450000,57,0,58.4,bonus_as10_gae3_no,100,2575000,,,,,99,47,33,17,24,30,7,4,3,31,13,12,2,7,9,2,2,0
86699,2026-04-11 15:21:25,4,6,2,steal,spins,goldSack,gold,1,false,40000000,66087370993089,312699,5,5,400,11,0,1,0,1,0,262645,450000,57,0,58.4,bonus_as10_gae3_no,100,2575000,,,,,100,47,34,17,25,30,7,4,3,32,13,13,2,8,9,2,2,0
86700,2026-04-11 15:21:26,3,3,2,attack,attack,goldSack,gold,1,false,40000000,66087410993089,312299,5,5,400,11,2,0,0,0,0,262645,450000,57,0,58.4,bonus_as10_gae3_no,100,2575000,,LongExtraDayReduced,,"{""slot_on_"":""40254\/64000@m29""}",101,49,34,17,25,30,7,4,3,33,15,13,2,8,9,2,2,0
86701,2026-04-11 15:21:30,30,30,1,accumulation,accumulation,coin,gold,1,false,10000000,66087420993089,311899,5,5,400,11,0,0,0,0,2,263445,450000,57,800,58.5,bonus_as10_gae3_no,100,2575000,,,,,102,49,34,17,25,32,7,4,3,34,15,13,2,8,11,2,2,0
86702,2026-04-11 15:21:33,30,30,1,accumulation,accumulation,coin,gold,1,false,37500000,66087458493089,310399,5,5,1500,11,0,0,0,0,2,266445,450000,57,3000,59.2,bonus_as10_gae3_no,100,2575000,,,,,103,49,34,17,25,34,7,4,3,35,15,13,2,8,13,2,2,0
86703,2026-04-11 15:21:37,3,3,3,attack,attack,attack,attack,2,true,0,66087458493089,309999,5,5,400,11,3,0,0,0,0,266445,450000,57,0,59.2,bonus_as10_gae3_no,100,2575000,,,,,104,52,34,17,25,34,8,4,3,36,18,13,2,8,13,3,2,0
86704,2026-04-11 15:21:43,30,2,2,accumulation,goldSack,goldSack,gold,1,false,60000000,66107513613089,309599,5,5,400,11,0,0,0,0,1,266845,450000,57,400,59.3,bonus_as10_gae3_no,100,2575000,,LongExtraDayReduced,,"{""slot_on_"":""40654\/64000@m29""}",105,52,34,17,25,35,8,4,3,37,18,13,2,8,14,3,2,0
86705,2026-04-11 15:21:44,30,30,1,accumulation,accumulation,coin,gold,1,false,10000000,66107523613089,309199,5,5,400,11,0,0,0,0,2,267645,450000,57,800,59.5,bonus_as10_gae3_no,100,2575000,,,,,106,52,34,17,25,37,8,4,3,38,18,13,2,8,16,3,2,0
86706,2026-04-11 15:21:46,4,6,2,steal,spins,goldSack,gold,1,false,40000000,66107563613089,308799,5,5,400,11,0,1,0,1,0,267645,450000,57,0,59.5,bonus_as10_gae3_no,100,2575000,LongExtraDayReduced,,,"{""slot_on_"":""41054\/64000@m29""}",107,52,35,17,26,37,8,4,3,39,18,14,2,9,16,3,2,0
86707,2026-04-11 15:21:47,30,2,2,accumulation,goldSack,goldSack,gold,1,false,60000000,66107623613089,308399,5,5,400,11,0,0,0,0,1,268045,450000,57,400,59.6,bonus_as10_gae3_no,100,2575000,,,,,108,52,35,17,26,38,8,4,3,40,18,14,2,9,17,3,2,0
86708,2026-04-11 15:21:48,3,6,2,attack,spins,goldSack,gold,1,false,40000000,66107663613089,307999,5,5,400,11,1,0,0,1,0,268045,450000,57,0,59.6,bonus_as10_gae3_no,100,2575000,,,,,109,53,35,17,27,38,8,4,3,41,19,14,2,10,17,3,2,0
86709,2026-04-11 15:21:50,3,1,1,attack,coin,coin,gold,1,false,20000000,66107683613089,307599,5,5,400,11,1,0,0,0,0,268045,450000,57,0,59.6,bonus_as10_gae3_no,100,2575000,,,,,110,54,35,17,27,38,8,4,3,42,20,14,2,10,17,3,2,0
86710,2026-04-11 15:21:52,4,6,2,steal,spins,goldSack,gold,1,false,40000000,66107723613089,307199,5,5,400,11,0,1,0,1,0,268045,450000,57,0,59.6,bonus_as10_gae3_no,100,2575000,,,,,111,54,36,17,28,38,8,4,3,43,20,15,2,11,17,3,2,0
86711,2026-04-11 15:21:53,30,30,1,accumulation,accumulation,coin,gold,1,false,10000000,66107733613089,306799,5,5,400,11,0,0,0,0,2,268845,450000,57,800,59.7,bonus_as10_gae3_no,100,2575000,,,,,112,54,36,17,28,40,8,4,3,44,20,15,2,11,19,3,2,0
86712,2026-04-11 15:21:55,3,3,1,attack,attack,coin,gold,1,false,10000000,66107743613089,306399,5,5,400,11,2,0,0,0,0,268845,450000,57,0,59.7,bonus_as10_gae3_no,100,2575000,,,,,113,56,36,17,28,40,8,4,3,45,22,15,2,11,19,3,2,0
86713,2026-04-11 15:21:56,3,1,5,attack,coin,shield,gold,1,false,10000000,66107753613089,305999,5,5,400,11,1,0,1,0,0,268845,450000,57,0,59.7,bonus_as10_gae3_no,100,2575000,,,,,114,57,36,18,28,40,8,4,3,46,23,15,3,11,19,3,2,0
86714,2026-04-11 15:21:58,3,5,2,attack,shield,goldSack,gold,1,false,150000000,66107903613089,304499,5,5,1500,11,1,0,1,0,0,268845,450000,57,0,59.7,bonus_as10_gae3_no,100,2575000,,,,,115,58,36,19,28,40,8,4,3,47,24,15,4,11,19,3,2,0
86715,2026-04-11 15:21:59,30,2,2,accumulation,goldSack,goldSack,gold,1,false,225000000,66108128613089,302999,5,5,1500,11,0,0,0,0,1,270345,450000,57,1500,60.1,bonus_as10_gae3_no,100,2575000,,,,,116,58,36,19,28,41,8,4,3,48,24,15,4,11,20,3,2,0
86716,2026-04-11 15:22:01,1,4,4,coin,steal,steal,gold,1,false,37500000,66108166113089,301499,5,5,1500,11,0,2,0,0,0,270345,450000,57,0,60.1,bonus_as10_gae3_no,100,2575000,,,,,117,58,38,19,28,41,8,4,3,49,24,17,4,11,20,3,2,0
86717,2026-04-11 15:22:02,30,2,2,accumulation,goldSack,goldSack,gold,1,false,225000000,66108391113089,299999,5,5,1500,11,0,0,0,0,1,271845,450000,57,1500,60.4,bonus_as10_gae3_no,100,2575000,,,,,118,58,38,19,28,42,8,4,3,50,24,17,4,11,21,3,2,0
86718,2026-04-11 15:22:04,30,2,2,accumulation,goldSack,goldSack,gold,1,false,225000000,66108616113089,298499,5,5,1500,11,0,0,0,0,1,273345,450000,57,1500,60.7,bonus_as10_gae3_no,100,2575000,,,,,119,58,38,19,28,43,8,4,3,51,24,17,4,11,22,3,2,0
86719,2026-04-11 15:22:07,3,3,3,attack,attack,attack,attack,2,true,0,66108616113089,296999,5,5,1500,11,3,0,0,0,0,273345,450000,57,0,60.7,bonus_as10_gae3_no,100,2575000,LongExtraDayReduced,,LongExtraDayReduced,"{""slot_on_"":""44054\/64000@m29""}",120,61,38,19,28,43,9,4,3,52,27,17,4,11,22,4,2,0
86720,2026-04-11 15:22:16,5,5,5,shield,shield,shield,shield,3,true,400,66183597813089,297999,5,5,400,11,0,0,3,0,0,273345,450000,57,0,60.7,bonus_as10_gae3_no,100,2575000,,,,,121,61,38,22,28,43,9,4,4,53,27,17,7,11,22,4,2,1
86721,2026-04-11 15:22:19,1,1,1,coin,coin,coin,gold,1,true,100000000,66183697813089,297599,5,5,400,11,0,0,0,0,0,273345,450000,57,0,60.7,bonus_as10_gae3_no,100,2575000,,,,,122,61,38,22,28,43,9,4,4,54,27,17,7,11,22,4,2,1
86722,2026-04-11 15:22:27,1,1,1,coin,coin,coin,gold,1,true,100000000,66183797813089,297199,5,5,400,11,0,0,0,0,0,273345,450000,57,0,60.7,bonus_as10_gae3_no,100,2575000,,,,,123,61,38,22,28,43,9,4,4,55,27,17,7,11,22,4,2,1
86723,2026-04-11 15:22:29,3,1,1,attack,coin,coin,gold,1,false,75000000,66183872813089,295699,5,5,1500,11,1,0,0,0,0,273345,450000,57,0,60.7,bonus_as10_gae3_no,100,2575000,LongExtraDayReduced,LongExtraDayReduced,,"{""slot_on_"":""47054\/64000@m29""}",124,62,38,22,28,43,9,4,4,56,28,17,7,11,22,4,2,1
86724,2026-04-11 15:22:30,3,6,2,attack,spins,goldSack,gold,1,false,150000000,66184022813089,294199,5,5,1500,11,1,0,0,1,0,273345,450000,57,0,60.7,bonus_as10_gae3_no,100,2575000,,,LongExtraDayReduced,"{""slot_on_"":""48554\/64000@m29""}",125,63,38,22,29,43,9,4,4,57,29,17,7,12,22,4,2,1
86725,2026-04-11 15:22:32,3,1,1,attack,coin,coin,gold,1,false,75000000,66184097813089,292699,5,5,1500,11,1,0,0,0,0,273345,450000,57,0,60.7,bonus_as10_gae3_no,100,2575000,,,LongExtraDayReduced,"{""slot_on_"":""50054\/64000@m29""}",126,64,38,22,29,43,9,4,4,58,30,17,7,12,22,4,2,1
86726,2026-04-11 15:22:34,30,30,1,accumulation,accumulation,coin,gold,1,false,37500000,66184135313089,291199,5,5,1500,11,0,0,0,0,2,276345,450000,57,3000,61.4,bonus_as10_gae3_no,100,2575000,,,,,127,64,38,22,29,45,9,4,4,59,30,17,7,12,24,4,2,1
86727,2026-04-11 15:22:35,1,6,6,coin,spins,spins,gold,1,false,37500000,66184172813089,289699,5,5,1500,11,0,0,0,2,0,276345,450000,57,0,61.4,bonus_as10_gae3_no,100,2575000,,,,,128,64,38,22,31,45,9,4,4,60,30,17,7,14,24,4,2,1
86728,2026-04-11 15:22:37,30,2,2,accumulation,goldSack,goldSack,gold,1,false,225000000,66184397813089,288199,5,5,1500,11,0,0,0,0,1,277845,450000,57,1500,61.7,bonus_as10_gae3_no,100,2575000,,,LongExtraDayReduced,"{""slot_on_"":""51554\/64000@m29""}",129,64,38,22,31,46,9,4,4,61,30,17,7,14,25,4,2,1
86729,2026-04-11 15:22:38,3,4,2,attack,steal,goldSack,gold,1,false,150000000,66184547813089,286699,5,5,1500,11,1,1,0,0,0,277845,450000,57,0,61.7,bonus_as10_gae3_no,100,2575000,,,,,130,65,39,22,31,46,9,4,4,62,31,18,7,14,25,4,2,1
86730,2026-04-11 15:22:40,30,2,2,accumulation,goldSack,goldSack,gold,1,false,225000000,66184772813089,285199,5,5,1500,11,0,0,0,0,1,279345,450000,57,1500,62.1,bonus_as10_gae3_no,100,2575000,,,,,131,65,39,22,31,47,9,4,4,63,31,18,7,14,26,4,2,1
86731,2026-04-11 15:22:41,1,4,4,coin,steal,steal,gold,1,false,37500000,66184810313089,283699,5,5,1500,11,0,2,0,0,0,279345,450000,57,0,62.1,bonus_as10_gae3_no,100,2575000,LongExtraDayReduced,,,"{""slot_on_"":""53054\/64000@m29""}",132,65,41,22,31,47,9,4,4,64,31,20,7,14,26,4,2,1
86732,2026-04-11 15:22:43,30,30,1,accumulation,accumulation,coin,gold,1,false,37500000,66184847813089,282199,5,5,1500,11,0,0,0,0,2,282345,450000,57,3000,62.7,bonus_as10_gae3_no,100,2575000,,,,,133,65,41,22,31,49,9,4,4,65,31,20,7,14,28,4,2,1
86733,2026-04-11 15:22:45,2,2,2,goldSack,goldSack,goldSack,gold,1,true,3300000000,66188147813089,280699,5,5,1500,11,0,0,0,0,0,282345,450000,57,0,62.7,bonus_as10_gae3_no,100,2575000,,,,,134,65,41,22,31,49,9,4,4,66,31,20,7,14,28,4,2,1
86734,2026-04-11 15:22:47,1,1,1,coin,coin,coin,gold,1,true,1500000000,66189647813089,274699,5,5,6000,11,0,0,0,0,0,282345,450000,57,0,62.7,bonus_as10_gae3_no,100,2575000,,,,,135,65,41,22,31,49,9,4,4,67,31,20,7,14,28,4,2,1
86735,2026-04-11 15:22:49,30,30,1,accumulation,accumulation,coin,gold,1,false,150000000,66189797813089,268699,5,5,6000,11,0,0,0,0,2,294345,450000,57,12000,65.4,bonus_as10_gae3_no,100,2575000,LongExtraDayReduced,,,"{""slot_on_"":""59054\/64000@m29""}",136,65,41,22,31,51,9,4,4,68,31,20,7,14,30,4,2,1
86736,2026-04-11 15:22:51,1,1,4,coin,coin,steal,gold,1,false,300000000,66190097813089,262699,5,5,6000,11,0,1,0,0,0,294345,450000,57,0,65.4,bonus_as10_gae3_no,100,2575000,,,,,137,65,42,22,31,51,9,4,4,69,31,21,7,14,30,4,2,1
86737,2026-04-11 15:22:52,1,1,4,coin,coin,steal,gold,1,false,300000000,66190397813089,256699,5,5,6000,11,0,1,0,0,0,294345,450000,57,0,65.4,bonus_as10_gae3_no,100,2575000,,,,,138,65,43,22,31,51,9,4,4,70,31,22,7,14,30,4,2,1
86738,2026-04-11 15:22:54,3,3,3,attack,attack,attack,attack,2,true,0,66190397813089,250699,5,5,6000,11,3,0,0,0,0,294345,450000,57,0,65.4,bonus_as10_gae3_no,100,2575000,,LongExtraDayReduced,,"{""slot_on_"":""1054\/65000@m30""}",139,68,43,22,31,51,10,4,4,71,34,22,7,14,30,5,2,1
86739,2026-04-11 15:23:06,3,1,5,attack,coin,shield,gold,1,false,10000000,66490334613089,250299,5,5,400,11,1,0,1,0,0,294345,450000,57,0,65.4,bonus_as10_gae3_no,100,2575000,,,,,140,69,43,23,31,51,10,4,4,72,35,22,8,14,30,5,2,1
86740,2026-04-11 15:23:07,3,3,3,attack,attack,attack,attack,2,true,0,66490334613089,249899,5,5,400,11,3,0,0,0,0,294345,450000,57,0,65.4,bonus_as10_gae3_no,100,2575000,,,,,141,72,43,23,31,51,11,4,4,73,38,22,8,14,30,6,2,1
86741,2026-04-11 15:23:17,30,2,2,accumulation,goldSack,goldSack,gold,1,false,60000000,66510426933089,249499,5,5,400,11,0,0,0,0,1,294745,450000,57,400,65.5,bonus_as10_gae3_no,100,2575000,,,,,142,72,43,23,31,52,11,4,4,74,38,22,8,14,31,6,2,1
86742,2026-04-11 15:23:19,30,30,1,accumulation,accumulation,coin,gold,1,false,10000000,66510436933089,249099,5,5,400,11,0,0,0,0,2,295545,450000,57,800,65.7,bonus_as10_gae3_no,100,2575000,,,,,143,72,43,23,31,54,11,4,4,75,38,22,8,14,33,6,2,1
86743,2026-04-11 15:23:20,3,4,2,attack,steal,goldSack,gold,1,false,40000000,66510476933089,248699,5,5,400,11,1,1,0,0,0,295545,450000,57,0,65.7,bonus_as10_gae3_no,100,2575000,LongExtraDayReduced,,,"{""slot_on_"":""1454\/65000@m30""}",144,73,44,23,31,54,11,4,4,76,39,23,8,14,33,6,2,1
86744,2026-04-11 15:23:23,1,1,1,coin,coin,coin,gold,1,true,100000000,66510576933089,248299,5,5,400,11,0,0,0,0,0,295545,450000,57,0,65.7,bonus_as10_gae3_no,100,2575000,LongExtraDayReduced,,,"{""slot_on_"":""1854\/65000@m30""}",145,73,44,23,31,54,11,4,4,77,39,23,8,14,33,6,2,1
86745,2026-04-11 15:23:24,4,6,2,steal,spins,goldSack,gold,1,false,150000000,66510726933089,246799,5,5,1500,11,0,1,0,1,0,295545,450000,57,0,65.7,bonus_as10_gae3_no,100,2575000,,,LongExtraDayReduced,"{""slot_on_"":""3354\/65000@m30""}",146,73,45,23,32,54,11,4,4,78,39,24,8,15,33,6,2,1
86746,2026-04-11 15:23:26,1,1,1,coin,coin,coin,gold,1,true,375000000,66511101933089,245299,5,5,1500,11,0,0,0,0,0,295545,450000,57,0,65.7,bonus_as10_gae3_no,100,2575000,,,,,147,73,45,23,32,54,11,4,4,79,39,24,8,15,33,6,2,1
86747,2026-04-11 15:23:28,2,2,2,goldSack,goldSack,goldSack,gold,1,true,13200000000,66524301933089,239299,5,5,6000,11,0,0,0,0,0,295545,450000,57,0,65.7,bonus_as10_gae3_no,100,2575000,,LongExtraDayReduced,,"{""slot_on_"":""9354\/65000@m30""}",148,73,45,23,32,54,11,4,4,80,39,24,8,15,33,6,2,1
86748,2026-04-11 15:23:29,3,3,2,attack,attack,goldSack,gold,1,false,600000000,66524901933089,233299,5,5,6000,11,2,0,0,0,0,295545,450000,57,0,65.7,bonus_as10_gae3_no,100,2575000,,,,,149,75,45,23,32,54,11,4,4,81,41,24,8,15,33,6,2,1
86749,2026-04-11 15:23:31,3,1,6,attack,coin,spins,gold,1,false,150000000,66525051933089,227299,5,5,6000,11,1,0,0,1,0,295545,450000,57,0,65.7,bonus_as10_gae3_no,100,2575000,LongExtraDayReduced,,,"{""slot_on_"":""15354\/65000@m30""}",150,76,45,23,33,54,11,4,4,82,42,24,8,16,33,6,2,1
86750,2026-04-11 15:23:32,5,5,5,shield,shield,shield,shield,3,true,6000,66525051933089,227299,5,5,6000,11,0,0,3,0,0,295545,450000,57,0,65.7,bonus_as10_gae3_no,100,2575000,,LongExtraDayReduced,,"{""slot_on_"":""21354\/65000@m30""}",151,76,45,26,33,54,11,4,5,83,42,24,11,16,33,6,2,2
86751,2026-04-11 15:23:39,3,5,2,attack,shield,goldSack,gold,1,false,40000000,66525091933089,226899,5,5,400,11,1,0,1,0,0,295545,450000,57,0,65.7,bonus_as10_gae3_no,100,2575000,LongExtraDayReduced,,,"{""slot_on_"":""21754\/65000@m30""}",152,77,45,27,33,54,11,4,5,84,43,24,12,16,33,6,2,2
86752,2026-04-11 15:23:40,3,3,3,attack,attack,attack,attack,2,true,0,66525091933089,226499,5,5,400,11,3,0,0,0,0,295545,450000,57,0,65.7,bonus_as10_gae3_no,100,2575000,,,,,153,80,45,27,33,54,12,4,5,85,46,24,12,16,33,7,2,2
86753,2026-04-11 15:23:45,3,1,1,attack,coin,coin,gold,1,false,20000000,66545144253089,226099,5,5,400,11,1,0,0,0,0,295545,450000,57,0,65.7,bonus_as10_gae3_no,100,2575000,,,,,154,81,45,27,33,54,12,4,5,86,47,24,12,16,33,7,2,2
86754,2026-04-11 15:23:46,4,6,2,steal,spins,goldSack,gold,1,false,40000000,66545184253089,225699,5,5,400,11,0,1,0,1,0,295545,450000,57,0,65.7,bonus_as10_gae3_no,100,2575000,,,,,155,81,46,27,34,54,12,4,5,87,47,25,12,17,33,7,2,2
86755,2026-04-11 15:23:48,30,2,2,accumulation,goldSack,goldSack,gold,1,false,60000000,66545244253089,225299,5,5,400,11,0,0,0,0,1,295945,450000,57,400,65.8,bonus_as10_gae3_no,100,2575000,,,,,156,81,46,27,34,55,12,4,5,88,47,25,12,17,34,7,2,2
86756,2026-04-11 15:23:50,30,30,1,accumulation,accumulation,coin,gold,1,false,37500000,66545281753089,223799,5,5,1500,11,0,0,0,0,2,298945,450000,57,3000,66.4,bonus_as10_gae3_no,100,2575000,,,,,157,81,46,27,34,57,12,4,5,89,47,25,12,17,36,7,2,2
86757,2026-04-11 15:23:51,4,6,2,steal,spins,goldSack,gold,1,false,150000000,66545431753089,222299,5,5,1500,11,0,1,0,1,0,298945,450000,57,0,66.4,bonus_as10_gae3_no,100,2575000,,,LongExtraDayReduced,"{""slot_on_"":""23254\/65000@m30""}",158,81,47,27,35,57,12,4,5,90,47,26,12,18,36,7,2,2
86758,2026-04-11 15:23:54,2,2,2,goldSack,goldSack,goldSack,gold,1,true,3300000000,66548731753089,220799,5,5,1500,11,0,0,0,0,0,298945,450000,57,0,66.4,bonus_as10_gae3_no,100,2575000,,,,,159,81,47,27,35,57,12,4,5,91,47,26,12,18,36,7,2,2
86759,2026-04-11 15:23:55,1,1,4,coin,coin,steal,gold,1,false,300000000,66549031753089,214799,5,5,6000,11,0,1,0,0,0,298945,450000,57,0,66.4,bonus_as10_gae3_no,100,2575000,LongExtraDayReduced,,,"{""slot_on_"":""29254\/65000@m30""}",160,81,48,27,35,57,12,4,5,92,47,27,12,18,36,7,2,2
86760,2026-04-11 15:23:57,2,2,2,goldSack,goldSack,goldSack,gold,1,true,13200000000,66562231753089,208799,5,5,6000,11,0,0,0,0,0,298945,450000,57,0,66.4,bonus_as10_gae3_no,100,2575000,,LongExtraDayReduced,,"{""slot_on_"":""35254\/65000@m30""}",161,81,48,27,35,57,12,4,5,93,47,27,12,18,36,7,2,2
86761,2026-04-11 15:23:58,3,1,5,attack,coin,shield,gold,1,false,150000000,66562381753089,202799,5,5,6000,11,1,0,1,0,0,298945,450000,57,0,66.4,bonus_as10_gae3_no,100,2575000,,,,,162,82,48,28,35,57,12,4,5,94,48,27,13,18,36,7,2,2
86762,2026-04-11 15:23:59,3,6,2,attack,spins,goldSack,gold,1,false,600000000,66562981753089,196799,5,5,6000,11,1,0,0,1,0,298945,450000,57,0,66.4,bonus_as10_gae3_no,100,2575000,,LongExtraDayReduced,,"{""slot_on_"":""41254\/65000@m30""}",163,83,48,28,36,57,12,4,5,95,49,27,13,19,36,7,2,2
86763,2026-04-11 15:24:01,3,3,2,attack,attack,goldSack,gold,1,false,600000000,66563581753089,190799,5,5,6000,11,2,0,0,0,0,298945,450000,57,0,66.4,bonus_as10_gae3_no,100,2575000,,,,,164,85,48,28,36,57,12,4,5,96,51,27,13,19,36,7,2,2
86764,2026-04-11 15:24:03,3,5,2,attack,shield,goldSack,gold,1,false,2000000000,66565581753089,170799,5,5,20000,11,1,0,1,0,0,298945,450000,57,0,66.4,bonus_as10_gae3_no,100,2575000,,LongExtraDayReduced,,"{""slot_on_"":""61254\/65000@m30""}",165,86,48,29,36,57,12,4,5,97,52,27,14,19,36,7,2,2
86765,2026-04-11 15:24:04,5,5,2,shield,shield,goldSack,gold,1,false,2000000000,66567581753089,150799,5,5,20000,11,0,0,2,0,0,298945,450000,57,0,66.4,bonus_as10_gae3_no,100,2575000,,,,,166,86,48,31,36,57,12,4,5,98,52,27,16,19,36,7,2,2
86766,2026-04-11 15:24:05,3,3,2,attack,attack,goldSack,gold,1,false,2000000000,66569581753089,130799,5,5,20000,11,2,0,0,0,0,298945,450000,57,0,66.4,bonus_as10_gae3_no,100,2575000,,,,,167,88,48,31,36,57,12,4,5,99,54,27,16,19,36,7,2,2
86767,2026-04-11 15:24:07,3,3,3,attack,attack,attack,attack,2,true,0,66569581753089,110799,5,5,20000,11,3,0,0,0,0,298945,450000,57,0,66.4,bonus_as10_gae3_no,100,2575000,,LongExtraDayReduced,,"{""slot_on_"":""16254\/70000@m31""}",168,91,48,31,36,57,13,4,5,100,57,27,16,19,36,8,2,2
86768,2026-04-11 15:24:25,30,30,1,accumulation,accumulation,coin,gold,1,false,37500000,69604819253089,111299,5,5,1500,11,0,0,0,0,2,301945,450000,57,3000,67.1,bonus_as10_gae3_no,100,2575000,,,,,169,91,48,31,36,59,13,4,5,101,57,27,16,19,38,8,2,2
86769,2026-04-11 15:24:27,30,2,2,accumulation,goldSack,goldSack,gold,1,false,225000000,69605044253089,109799,5,5,1500,11,0,0,0,0,1,303445,450000,57,1500,67.4,bonus_as10_gae3_no,100,2575000,,,,,170,91,48,31,36,60,13,4,5,102,57,27,16,19,39,8,2,2
86770,2026-04-11 15:24:28,3,6,2,attack,spins,goldSack,gold,1,false,150000000,69605194253089,108299,5,5,1500,11,1,0,0,1,0,303445,450000,57,0,67.4,bonus_as10_gae3_no,100,2575000,,,,,171,92,48,31,37,60,13,4,5,103,58,27,16,20,39,8,2,2
86771,2026-04-11 15:24:29,5,5,5,shield,shield,shield,shield,3,true,1500,69605194253089,108299,5,5,1500,11,0,0,3,0,0,303445,450000,57,0,67.4,bonus_as10_gae3_no,100,2575000,,,,,172,92,48,34,37,60,13,4,6,104,58,27,19,20,39,8,2,3
86772,2026-04-11 15:24:30,3,1,5,attack,coin,shield,gold,1,false,37500000,69605231753089,106799,5,5,1500,11,1,0,1,0,0,303445,450000,57,0,67.4,bonus_as10_gae3_no,100,2575000,,LongExtraDayReduced,LongExtraDayReduced,"{""slot_on_"":""19254\/70000@m31""}",173,93,48,35,37,60,13,4,6,105,59,27,20,20,39,8,2,3
86773,2026-04-11 15:24:32,1,4,6,coin,steal,spins,gold,1,false,37500000,69605269253089,105299,5,5,1500,11,0,1,0,1,0,303445,450000,57,0,67.4,bonus_as10_gae3_no,100,2575000,,,LongExtraDayReduced,"{""slot_on_"":""20754\/70000@m31""}",174,93,49,35,38,60,13,4,6,106,59,28,20,21,39,8,2,3
86774,2026-04-11 15:24:33,3,6,2,attack,spins,goldSack,gold,1,false,150000000,69605419253089,103799,5,5,1500,11,1,0,0,1,0,303445,450000,57,0,67.4,bonus_as10_gae3_no,100,2575000,LongExtraDayReduced,LongExtraDayReduced,,"{""slot_on_"":""23754\/70000@m31""}",175,94,49,35,39,60,13,4,6,107,60,28,20,22,39,8,2,3
86775,2026-04-11 15:24:35,30,2,2,accumulation,goldSack,goldSack,gold,1,false,225000000,69605644253089,102299,5,5,1500,11,0,0,0,0,1,304945,450000,57,1500,67.8,bonus_as10_gae3_no,100,2575000,LongExtraDayReduced,,,"{""slot_on_"":""25254\/70000@m31""}",176,94,49,35,39,61,13,4,6,108,60,28,20,22,40,8,2,3
86776,2026-04-11 15:24:37,3,3,3,attack,attack,attack,attack,2,true,0,69605644253089,100799,5,5,1500,11,3,0,0,0,0,304945,450000,57,0,67.8,bonus_as10_gae3_no,100,2575000,LongExtraDayReduced,,,"{""slot_on_"":""26754\/70000@m31""}",177,97,49,35,39,61,14,4,6,109,63,28,20,22,40,9,2,3
86777,2026-04-11 15:24:43,30,2,2,accumulation,goldSack,goldSack,gold,1,false,225000000,69680990453089,99299,5,5,1500,11,0,0,0,0,1,306445,450000,57,1500,68.1,bonus_as10_gae3_no,100,2575000,LongExtraDayReduced,,,"{""slot_on_"":""28254\/70000@m31""}",178,97,49,35,39,62,14,4,6,110,63,28,20,22,41,9,2,3
86778,2026-04-11 15:24:44,2,2,2,goldSack,goldSack,goldSack,gold,1,true,3300000000,69684290453089,97799,5,5,1500,11,0,0,0,0,0,306445,450000,57,0,68.1,bonus_as10_gae3_no,100,2575000,,,,,179,97,49,35,39,62,14,4,6,111,63,28,20,22,41,9,2,3
86779,2026-04-11 15:24:46,3,4,2,attack,steal,goldSack,gold,1,false,150000000,69684440453089,96299,5,5,1500,11,1,1,0,0,0,306445,450000,57,0,68.1,bonus_as10_gae3_no,100,2575000,,,,,180,98,50,35,39,62,14,4,6,112,64,29,20,22,41,9,2,3
86780,2026-04-11 15:24:47,1,4,6,coin,steal,spins,gold,1,false,37500000,69684477953089,94799,5,5,1500,11,0,1,0,1,0,306445,450000,57,0,68.1,bonus_as10_gae3_no,100,2575000,,,,,181,98,51,35,40,62,14,4,6,113,64,30,20,23,41,9,2,3
86781,2026-04-11 15:24:49,2,2,2,goldSack,goldSack,goldSack,gold,1,true,3300000000,69687777953089,93299,5,5,1500,11,0,0,0,0,0,306445,450000,57,0,68.1,bonus_as10_gae3_no,100,2575000,,,,,182,98,51,35,40,62,14,4,6,114,64,30,20,23,41,9,2,3
86782,2026-04-11 15:24:51,3,3,1,attack,attack,coin,gold,1,false,37500000,69687815453089,91799,5,5,1500,11,2,0,0,0,0,306445,450000,57,0,68.1,bonus_as10_gae3_no,100,2575000,,,,,183,100,51,35,40,62,14,4,6,115,66,30,20,23,41,9,2,3
86783,2026-04-11 15:24:52,3,3,1,attack,attack,coin,gold,1,false,37500000,69687852953089,90299,5,5,1500,11,2,0,0,0,0,306445,450000,57,0,68.1,bonus_as10_gae3_no,100,2575000,,,,,184,102,51,35,40,62,14,4,6,116,68,30,20,23,41,9,2,3
86784,2026-04-11 15:24:55,1,1,4,coin,coin,steal,gold,1,false,300000000,69688152953089,84299,5,5,6000,11,0,1,0,0,0,306445,450000,57,0,68.1,bonus_as10_gae3_no,100,2575000,,,,,185,102,52,35,40,62,14,4,6,117,68,31,20,23,41,9,2,3
86785,2026-04-11 15:24:56,3,6,2,attack,spins,goldSack,gold,1,false,600000000,69688752953089,78299,5,5,6000,11,1,0,0,1,0,306445,450000,57,0,68.1,bonus_as10_gae3_no,100,2575000,,,,,186,103,52,35,41,62,14,4,6,118,69,31,20,24,41,9,2,3
86786,2026-04-11 15:24:58,1,1,4,coin,coin,steal,gold,1,false,300000000,69689052953089,72299,5,5,6000,11,0,1,0,0,0,306445,450000,57,0,68.1,bonus_as10_gae3_no,100,2575000,,,,,187,103,53,35,41,62,14,4,6,119,69,32,20,24,41,9,2,3
86787,2026-04-11 15:24:59,1,1,4,coin,coin,steal,gold,1,false,300000000,69689352953089,66299,5,5,6000,11,0,1,0,0,0,306445,450000,57,0,68.1,bonus_as10_gae3_no,100,2575000,,,,,188,103,54,35,41,62,14,4,6,120,69,33,20,24,41,9,2,3
86788,2026-04-11 15:25:01,3,6,2,attack,spins,goldSack,gold,1,false,600000000,69689952953089,60299,5,5,6000,11,1,0,0,1,0,306445,450000,57,0,68.1,bonus_as10_gae3_no,100,2575000,,LongExtraDayReduced,,"{""slot_on_"":""34254\/70000@m31""}",189,104,54,35,42,62,14,4,6,121,70,33,20,25,41,9,2,3
86789,2026-04-11 15:25:04,3,3,2,attack,attack,goldSack,gold,1,false,600000000,69690552953089,54299,5,5,6000,11,2,0,0,0,0,306445,450000,57,0,68.1,bonus_as10_gae3_no,100,2575000,,,,,190,106,54,35,42,62,14,4,6,122,72,33,20,25,41,9,2,3
86790,2026-04-11 15:25:07,3,3,3,attack,attack,attack,attack,2,true,0,69690552953089,34299,5,5,20000,11,3,0,0,0,0,306445,450000,57,0,68.1,bonus_as10_gae3_no,100,2575000,,LongExtraDayReduced,,"{""slot_on_"":""54254\/70000@m31""}",191,109,54,35,42,62,15,4,6,123,75,33,20,25,41,10,2,3
86791,2026-04-11 15:26:00,3,6,2,attack,spins,goldSack,gold,1,false,40000000,72725792953089,35199,5,5,400,11,1,0,0,1,0,306445,450000,57,0,68.1,bonus_as10_gae3_no,100,2575000,,,,,192,110,54,35,43,62,15,4,6,124,76,33,20,26,41,10,2,3
86792,2026-04-11 15:26:04,3,3,2,attack,attack,goldSack,gold,1,false,150000000,72725942953089,33699,5,5,1500,11,2,0,0,0,0,306445,450000,57,0,68.1,bonus_as10_gae3_no,100,2575000,,,,,193,112,54,35,43,62,15,4,6,125,78,33,20,26,41,10,2,3
86793,2026-04-11 15:27:21,3,1,5,attack,coin,shield,gold,1,false,37500000,72726680453089,50474,5,5,1500,11,1,0,1,0,0,306445,450000,57,0,68.1,bonus_as10_gae3_no,100,2575000,,,,,194,113,54,36,43,62,15,4,6,126,79,33,21,26,41,10,2,3
86794,2026-04-11 15:27:22,2,2,2,goldSack,goldSack,goldSack,gold,1,true,3300000000,72729980453089,48974,5,5,1500,11,0,0,0,0,0,306445,450000,57,0,68.1,bonus_as10_gae3_no,100,2575000,LongExtraDayReduced,LongExtraDayReduced,LongExtraDayReduced,"{""slot_on_"":""61754\/70000@m31""}",195,113,54,36,43,62,15,4,6,127,79,33,21,26,41,10,2,3
86795,2026-04-11 15:27:23,3,4,2,attack,steal,goldSack,gold,1,false,150000000,72730130453089,47474,5,5,1500,11,1,1,0,0,0,306445,450000,57,0,68.1,bonus_as10_gae3_no,100,2575000,LongExtraDayReduced,,LongExtraDayReduced,"{""slot_on_"":""64754\/70000@m31""}",196,114,55,36,43,62,15,4,6,128,80,34,21,26,41,10,2,3
86796,2026-04-11 15:27:25,1,1,1,coin,coin,coin,gold,1,true,375000000,72730505453089,45974,5,5,1500,11,0,0,0,0,0,306445,450000,57,0,68.1,bonus_as10_gae3_no,100,2575000,,,,,197,114,55,36,43,62,15,4,6,129,80,34,21,26,41,10,2,3
86797,2026-04-11 15:27:26,30,2,2,accumulation,goldSack,goldSack,gold,1,false,225000000,72730730453089,44474,5,5,1500,11,0,0,0,0,1,307945,450000,57,1500,68.4,bonus_as10_gae3_no,100,2575000,,,,,198,114,55,36,43,63,15,4,6,130,80,34,21,26,42,10,2,3
86798,2026-04-11 15:27:28,3,6,2,attack,spins,goldSack,gold,1,false,600000000,72731330453089,38474,5,5,6000,11,1,0,0,1,0,307945,450000,57,0,68.4,bonus_as10_gae3_no,100,2575000,,,LongExtraDayReduced,"{""slot_on_"":""754\/75000@m32""}",199,115,55,36,44,63,15,4,6,131,81,34,21,27,42,10,2,3
86799,2026-04-11 15:27:31,30,2,2,accumulation,goldSack,goldSack,gold,1,false,900000000,72732230453089,32474,5,5,6000,11,0,0,0,0,1,313945,450000,57,6000,69.8,bonus_as10_gae3_no,100,2575000,,,,,200,115,55,36,44,64,15,4,6,132,81,34,21,27,43,10,2,3
86800,2026-04-11 15:27:33,1,1,4,coin,coin,steal,gold,1,false,300000000,72732530453089,26474,5,5,6000,11,0,1,0,0,0,313945,450000,57,0,69.8,bonus_as10_gae3_no,100,2575000,,,,,201,115,56,36,44,64,15,4,6,133,81,35,21,27,43,10,2,3
86801,2026-04-11 15:27:34,3,3,3,attack,attack,attack,attack,2,true,0,72732530453089,20474,5,5,6000,11,3,0,0,0,0,313945,450000,57,0,69.8,bonus_as10_gae3_no,100,2575000,,,,,202,118,56,36,44,64,16,4,6,134,84,35,21,27,43,11,2,3
86802,2026-04-11 15:27:42,2,2,2,goldSack,goldSack,goldSack,gold,1,true,13200000000,73047319253089,14474,5,5,6000,11,0,0,0,0,0,313945,450000,57,0,69.8,bonus_as10_gae3_no,100,2575000,LongExtraDayReduced,,,"{""slot_on_"":""6754\/75000@m32""}",203,118,56,36,44,64,16,4,6,135,84,35,21,27,43,11,2,3
86803,2026-04-11 15:27:44,30,30,1,accumulation,accumulation,coin,gold,1,false,150000000,73047469253089,8474,5,5,6000,11,0,0,0,0,2,325945,450000,57,12000,72.4,bonus_as10_gae3_no,100,2575000,LongExtraDayReduced,,,"{""slot_on_"":""12754\/75000@m32""}",204,118,56,36,44,66,16,4,6,136,84,35,21,27,45,11,2,3
86804,2026-04-11 15:27:46,1,4,4,coin,steal,steal,gold,1,false,150000000,73047619253089,2474,5,5,6000,0,0,2,0,0,0,325945,450000,57,0,72.4,bonus_as10_gae3_no,100,2575000,,LongExtraDayReduced,LongExtraDayReduced,"{""slot_on_"":""24754\/75000@m32""}",205,118,58,36,44,66,16,4,6,137,84,37,21,27,45,11,2,3
86805,2026-04-13 06:40:59,3,1,5,attack,coin,shield,gold,1,false,75000,73150534543486,3951,5,5,3,5,1,0,1,0,0,325945,450000,57,0,72.4,bonus_bs15_gae3_no,100,2575000,,,,,206,119,58,37,44,66,16,4,6,138,85,37,22,27,45,11,2,3,2,1,0,false,NORMAL,0
86806,2026-04-13 06:41:05,30,30,1,accumulation,accumulation,coin,gold,1,false,3750000,73150538293486,3803,5,5,150,5,0,0,0,0,2,326245,450000,57,300,72.5,bonus_bs15_gae3_no,100,2575000,,,,,207,119,58,37,44,68,16,4,6,139,85,37,22,27,47,11,2,3,1,8,8,false,BIG,2
86807,2026-04-13 06:41:06,1,1,4,coin,coin,steal,gold,1,false,7500000,73150545793486,3653,5,5,150,5,0,1,0,0,0,326245,450000,57,0,72.5,bonus_bs15_gae3_no,100,2575000,,,,,208,119,59,37,44,68,16,4,6,140,85,38,22,27,47,11,2,3,4,1,5,false,BIG,2
86808,2026-04-13 06:41:07,1,1,1,coin,coin,coin,gold,1,true,37500000,73150583293486,3503,5,5,150,5,0,0,0,0,0,326245,450000,57,0,72.5,bonus_bs15_gae3_no,100,2575000,,,,,209,119,59,37,44,68,16,4,6,141,85,38,22,27,47,11,2,3,5,1,1,false,MIN,-4
86809,2026-04-13 06:41:08,1,1,4,coin,coin,steal,gold,1,false,7500000,73150590793486,3353,5,5,150,5,0,1,0,0,0,326245,450000,57,0,72.5,bonus_bs15_gae3_no,100,2575000,,,LongExtraDayReduced,"{""slot_on_"":""24904\/75000@m32""}",210,119,60,37,44,68,16,4,6,142,85,39,22,27,47,11,2,3,4,5,1,false,MIN,-3
86810,2026-04-13 06:41:09,3,3,3,attack,attack,attack,attack,2,true,0,73150590793486,3203,5,5,150,5,3,0,0,0,0,326245,450000,57,0,72.5,bonus_bs15_gae3_no,100,2575000,,,,,211,122,60,37,44,68,17,4,6,143,88,39,22,27,47,12,2,3,0,0,0,false,MIN,-3
86811,2026-04-13 06:41:15,1,4,4,coin,steal,steal,gold,1,false,3750000,73154794543486,3053,5,5,150,5,0,2,0,0,0,326245,450000,57,0,72.5,bonus_bs15_gae3_no,100,2575000,LongExtraDayReduced,,,"{""slot_on_"":""25054\/75000@m32""}",212,122,62,37,44,68,17,4,6,144,88,41,22,27,47,12,2,3,4,4,5,false,SMALL,-2
86812,2026-04-13 06:41:16,1,6,6,coin,spins,spins,gold,1,false,3750000,73154798293486,2903,5,5,150,5,0,0,0,2,0,326245,450000,57,0,72.5,bonus_bs15_gae3_no,100,2575000,,,,,213,122,62,37,46,68,17,4,6,145,88,41,22,29,47,12,2,3,6,6,1,false,MIN,-3
86813,2026-04-13 06:41:17,5,2,2,shield,goldSack,goldSack,gold,1,false,22500000,73154820793486,2753,5,5,150,5,0,0,1,0,0,326245,450000,57,0,72.5,bonus_bs15_gae3_no,100,2575000,,,,,214,122,62,38,46,68,17,4,6,146,88,41,23,29,47,12,2,3,3,3,2,false,NORMAL,1
86814,2026-04-13 06:41:18,1,1,4,coin,coin,steal,gold,1,false,7500000,73154828293486,2603,5,5,150,5,0,1,0,0,0,326245,450000,57,0,72.5,bonus_bs15_gae3_no,100,2575000,,,,,215,122,63,38,46,68,17,4,6,147,88,42,23,29,47,12,2,3,4,1,1,false,SMALL,-2
86815,2026-04-13 06:41:20,5,5,5,shield,shield,shield,shield,3,true,200,73154828293486,2603,5,5,200,5,0,0,3,0,0,326245,450000,57,0,72.5,bonus_bs15_gae3_no,100,2575000,,,,,216,122,63,41,46,68,17,4,7,148,88,42,26,29,47,12,2,4,2,2,2,false,SMALL,-1
86816,2026-04-13 06:41:22,3,3,2,attack,attack,goldSack,gold,1,false,20000000,73154848293486,2403,5,5,200,5,2,0,0,0,0,326245,450000,57,0,72.5,bonus_bs15_gae3_no,100,2575000,,,,,217,124,63,41,46,68,17,4,7,149,90,42,26,29,47,12,2,4,7,0,0,false,SMALL,-1
86817,2026-04-13 06:41:23,1,1,1,coin,coin,coin,gold,1,true,50000000,73154898293486,2203,5,5,200,5,0,0,0,0,0,326245,450000,57,0,72.5,bonus_bs15_gae3_no,100,2575000,,,,,218,124,63,41,46,68,17,4,7,150,90,42,26,29,47,12,2,4,5,1,1,false,MIN,-4
86818,2026-04-13 06:41:24,4,6,2,steal,spins,goldSack,gold,1,false,20000000,73154918293486,2003,5,5,200,5,0,1,0,1,0,326245,450000,57,0,72.5,bonus_bs15_gae3_no,100,2575000,LongExtraDayReduced,LongExtraDayReduced,,"{""slot_on_"":""25454\/75000@m32""}",219,124,64,41,47,68,17,4,7,151,90,43,26,30,47,12,2,4,3,6,4,false,NORMAL,1
86819,2026-04-13 06:41:25,1,1,4,coin,coin,steal,gold,1,false,10000000,73154928293486,1803,5,5,200,5,0,1,0,0,0,326245,450000,57,0,72.5,bonus_bs15_gae3_no,100,2575000,,,,,220,124,65,41,47,68,17,4,7,152,90,44,26,30,47,12,2,4,4,5,5,false,MAX,5
86820,2026-04-13 06:41:26,3,1,4,attack,coin,steal,gold,1,false,15000000,73154943293486,1203,5,5,600,5,1,1,0,0,0,326245,450000,57,0,72.5,bonus_bs15_gae3_no,100,2575000,,,,,221,125,66,41,47,68,17,4,7,153,91,45,26,30,47,12,2,4,4,5,0,false,MAX,5
86821,2026-04-13 06:41:28,3,3,3,attack,attack,attack,attack,2,true,0,73154943293486,603,5,5,600,5,3,0,0,0,0,326245,450000,57,0,72.5,bonus_bs15_gae3_no,100,2575000,,,,,222,128,66,41,47,68,18,4,7,154,94,45,26,30,47,13,2,4,0,0,0,false,BIG,3
86822,2026-04-13 06:42:06,1,4,6,coin,steal,spins,gold,1,false,50000,73160487343486,801,5,5,2,5,0,1,0,1,0,326245,450000,57,0,72.5,bonus_bs15_gae3_no,100,2575000,,,,,223,128,67,41,48,68,18,4,7,155,94,46,26,31,47,13,2,4,6,4,1,false,NORMAL,0
86823,2026-04-13 06:42:07,30,30,1,accumulation,accumulation,coin,gold,1,false,50000,73160487393486,799,5,5,2,5,0,0,0,0,2,326249,450000,57,4,72.5,bonus_bs15_gae3_no,100,2575000,,,,,224,128,67,41,48,70,18,4,7,156,94,46,26,31,49,13,2,4,1,8,8,false,SMALL,-1
86824,2026-04-13 06:42:08,30,2,2,accumulation,goldSack,goldSack,gold,1,false,300000,73160487693486,797,5,5,2,5,0,0,0,0,1,326251,450000,57,2,72.5,bonus_bs15_gae3_no,100,2575000,,,,,225,128,67,41,48,71,18,4,7,157,94,46,26,31,50,13,2,4,7,3,8,false,BIG,3
86825,2026-04-13 06:42:10,30,30,1,accumulation,accumulation,coin,gold,1,false,50000,73160487743486,795,5,5,2,5,0,0,0,0,2,326255,450000,57,4,72.5,bonus_bs15_gae3_no,100,2575000,,,,,226,128,67,41,48,73,18,4,7,158,94,46,26,31,52,13,2,4,1,8,8,false,NORMAL,0
86826,2026-04-13 06:42:11,3,6,2,attack,spins,goldSack,gold,1,false,200000,73160487943486,793,5,5,2,5,1,0,0,1,0,326255,450000,57,0,72.5,bonus_bs15_gae3_no,100,2575000,,,,,227,129,67,41,49,73,18,4,7,159,95,46,26,32,52,13,2,4,3,6,0,false,BIG,2
86827,2026-04-13 06:42:12,3,1,5,attack,coin,shield,gold,1,false,50000,73160487993486,791,5,5,2,5,1,0,1,0,0,326255,450000,57,0,72.5,bonus_bs15_gae3_no,100,2575000,,,,,228,130,67,42,49,73,18,4,7,160,96,46,27,32,52,13,2,4,2,5,0,false,BIG,2
86828,2026-04-13 06:42:14,3,1,4,attack,coin,steal,gold,1,false,50000,73160488043486,789,5,5,2,5,1,1,0,0,0,326255,450000,57,0,72.5,bonus_bs15_gae3_no,100,2575000,,,,,229,131,68,42,49,73,18,4,7,161,97,47,27,32,52,13,2,4,4,5,0,false,BIG,3
86829,2026-04-13 06:42:17,3,6,2,attack,spins,goldSack,gold,1,false,15000000,73160503043486,639,5,5,150,5,1,0,0,1,0,326255,450000,57,0,72.5,bonus_bs15_gae3_no,100,2575000,,,,,230,132,68,42,50,73,18,4,7,162,98,47,27,33,52,13,2,4,7,6,0,false,BIG,2
86830,2026-04-13 06:42:21,2,2,2,goldSack,goldSack,goldSack,gold,1,true,1320000000,73161823043486,39,5,5,600,0,0,0,0,0,0,326255,450000,57,0,72.5,bonus_bs15_gae3_no,100,2575000,,,,,231,132,68,42,50,73,18,4,7,163,98,47,27,33,52,13,2,4,7,3,7,false,MAX,5
