seq,timestamp,r1,r2,r3,reel_1,reel_2,reel_3,spin_result,reward_code,is_triple,coins_won,coins,spins_remaining,shields,max_shields,bet_multiplier,bet_level,atk_count,stl_count,shd_count,spn_count,acc_count,accum_current,accum_total,accum_mission,accum_delta,accum_pct,gae_segment,gae_last_mission,gae_grand_prize,slot2_r1,slot2_r2,slot2_r3,event_bars,sa_spins,sa_atk,sa_stl,sa_shd,sa_spn,sa_acc,sa_3x_atk,sa_3x_stl,sa_3x_shd,ss_spins,ss_atk,ss_stl,ss_shd,ss_spn,ss_acc,ss_3x_atk,ss_3x_stl,ss_3x_shd
81347,2026-04-09 22:17:43,3,3,3,attack,attack,attack,attack,2,true,0,44668268537920,278132,5,5,1,11,3,0,0,0,0,144629,225000,47,0,64.3,bonus_as10_gae3_no,100,2575000,,,,,20,13,5,4,5,7,3,1,1,158,80,49,34,40,56,12,4,7
81348,2026-04-09 22:17:47,3,1,5,attack,coin,shield,gold,1,false,25000,44668277142920,278131,5,5,1,11,1,0,1,0,0,144629,225000,47,0,64.3,bonus_as10_gae3_no,100,2575000,,,,"{""bffc7787"":""62\/9000@m7""}",21,14,5,5,5,7,3,1,1,159,81,49,35,40,56,12,4,7
81349,2026-04-09 22:17:48,30,30,1,accumulation,accumulation,coin,gold,1,false,25000,44668277167920,278130,5,5,1,11,0,0,0,0,2,144631,225000,47,2,64.3,bonus_as10_gae3_no,100,2575000,,,,"{""c5261ecd"":""2779\/3800@m63""}",22,14,5,5,5,9,3,1,1,160,81,49,35,40,58,12,4,7
81350,2026-04-09 22:17:49,3,3,3,attack,attack,attack,attack,2,true,0,44668277167920,278129,5,5,1,11,3,0,0,0,0,144631,225000,47,0,64.3,bonus_as10_gae3_no,100,2575000,,,,,23,17,5,5,5,9,4,1,1,161,84,49,35,40,58,13,4,7
81351,2026-04-09 22:17:53,3,6,2,attack,spins,goldSack,gold,1,false,100000,44668285847920,278128,5,5,1,11,1,0,0,1,0,144631,225000,47,0,64.3,bonus_as10_gae3_no,100,2575000,,,,,24,18,5,5,6,9,4,1,1,162,85,49,35,41,58,13,4,7
81352,2026-04-09 22:17:54,3,6,2,attack,spins,goldSack,gold,1,false,100000,44668285947920,278127,5,5,1,11,1,0,0,1,0,144631,225000,47,0,64.3,bonus_as10_gae3_no,100,2575000,,,,"{""e190af25"":""1782\/2500@m7""}",25,19,5,5,7,9,4,1,1,163,86,49,35,42,58,13,4,7
81353,2026-04-09 22:17:55,2,2,2,goldSack,goldSack,goldSack,gold,1,true,2000000,44668287947920,278126,5,5,1,11,0,0,0,0,0,144631,225000,47,0,64.3,bonus_as10_gae3_no,100,2575000,LongExtraDayReduced,LongExtraDayReduced,LongExtraDayReduced,"{""slot_on_"":""5127\/17000@m17""}",26,19,5,5,7,9,4,1,1,164,86,49,35,42,58,13,4,7
81354,2026-04-09 22:17:56,2,2,2,goldSack,goldSack,goldSack,gold,1,true,2000000,44668289947920,278125,5,5,1,11,0,0,0,0,0,144631,225000,47,0,64.3,bonus_as10_gae3_no,100,2575000,,LongExtraDayReduced,,"{""slot_on_"":""5128\/17000@m17""}",27,19,5,5,7,9,4,1,1,165,86,49,35,42,58,13,4,7
81355,2026-04-09 22:17:56,2,2,2,goldSack,goldSack,goldSack,gold,1,true,2000000,44668291947920,278124,5,5,1,11,0,0,0,0,0,144631,225000,47,0,64.3,bonus_as10_gae3_no,100,2575000,,,,"{""bffc7787"":""63\/9000@m7""}",28,19,5,5,7,9,4,1,1,166,86,49,35,42,58,13,4,7
81356,2026-04-09 22:17:58,3,1,4,attack,coin,steal,gold,1,false,25000,44668291972920,278123,5,5,1,11,1,1,0,0,0,144631,225000,47,0,64.3,bonus_as10_gae3_no,100,2575000,,,LongExtraDayReduced,"{""slot_on_"":""5129\/17000@m17""}",29,20,6,5,7,9,4,1,1,167,87,50,35,42,58,13,4,7
81357,2026-04-09 22:17:59,30,2,2,accumulation,goldSack,goldSack,gold,1,false,150000,44668292122920,278122,5,5,1,11,0,0,0,0,1,144632,225000,47,1,64.3,bonus_as10_gae3_no,100,2575000,,,,,30,20,6,5,7,10,4,1,1,168,87,50,35,42,59,13,4,7
81358,2026-04-09 22:18:01,3,3,1,attack,attack,coin,gold,1,false,25000,44668292147920,278121,5,5,1,11,2,0,0,0,0,144632,225000,47,0,64.3,bonus_as10_gae3_no,100,2575000,,,,,31,22,6,5,7,10,4,1,1,169,89,50,35,42,59,13,4,7
81359,2026-04-09 22:18:02,1,1,1,coin,coin,coin,gold,1,true,250000,44668292397920,278120,5,5,1,11,0,0,0,0,0,144632,225000,47,0,64.3,bonus_as10_gae3_no,100,2575000,,,,,32,22,6,5,7,10,4,1,1,170,89,50,35,42,59,13,4,7
81360,2026-04-09 22:18:04,30,2,2,accumulation,goldSack,goldSack,gold,1,false,150000,44668292547920,278119,5,5,1,11,0,0,0,0,1,144633,225000,47,1,64.3,bonus_as10_gae3_no,100,2575000,,,,,33,22,6,5,7,11,4,1,1,171,89,50,35,42,60,13,4,7
81361,2026-04-09 22:18:05,1,1,4,coin,coin,steal,gold,1,false,50000,44668292597920,278118,5,5,1,11,0,1,0,0,0,144633,225000,47,0,64.3,bonus_as10_gae3_no,100,2575000,LongExtraDayReduced,LongExtraDayReduced,,"{""slot_on_"":""5131\/17000@m17""}",34,22,7,5,7,11,4,1,1,172,89,51,35,42,60,13,4,7
81362,2026-04-09 22:18:06,4,4,4,steal,steal,steal,steal,4,true,0,44668292597920,278117,5,5,1,11,0,3,0,0,0,144633,225000,47,0,64.3,bonus_as10_gae3_no,100,2575000,LongExtraDayReduced,,,"{""slot_on_"":""5132\/17000@m17"",""c5261ecd"":""2781\/3800@m63""}",35,22,10,5,7,11,4,2,1,173,89,54,35,42,60,13,5,7
81363,2026-04-09 22:18:32,30,2,2,accumulation,goldSack,goldSack,gold,1,false,150000,44668407647920,278116,5,5,1,11,0,0,0,0,1,144634,225000,47,1,64.3,bonus_as10_gae3_no,100,2575000,,,,,36,22,10,5,7,12,4,2,1,174,89,54,35,42,61,13,5,7
81364,2026-04-09 22:18:33,1,1,4,coin,coin,steal,gold,1,false,50000,44668407697920,278115,5,5,1,11,0,1,0,0,0,144634,225000,47,0,64.3,bonus_as10_gae3_no,100,2575000,,,,,37,22,11,5,7,12,4,2,1,175,89,55,35,42,61,13,5,7
81365,2026-04-09 22:18:34,1,5,5,coin,shield,shield,gold,1,false,25000,44668407722920,278114,5,5,1,11,0,0,2,0,0,144634,225000,47,0,64.3,bonus_as10_gae3_no,100,2575000,,,,,38,22,11,7,7,12,4,2,1,176,89,55,37,42,61,13,5,7
81366,2026-04-09 22:18:35,30,2,2,accumulation,goldSack,goldSack,gold,1,false,150000,44668407872920,278113,5,5,1,11,0,0,0,0,1,144635,225000,47,1,64.3,bonus_as10_gae3_no,100,2575000,,LongExtraDayReduced,,"{""slot_on_"":""5133\/17000@m17""}",39,22,11,7,7,13,4,2,1,177,89,55,37,42,62,13,5,7
81367,2026-04-09 22:18:37,3,6,2,attack,spins,goldSack,gold,1,false,100000,44668407972920,278112,5,5,1,11,1,0,0,1,0,144635,225000,47,0,64.3,bonus_as10_gae3_no,100,2575000,,,,,40,23,11,7,8,13,4,2,1,178,90,55,37,43,62,13,5,7
81368,2026-04-09 22:18:37,1,4,6,coin,steal,spins,gold,1,false,25000,44668407997920,278111,5,5,1,11,0,1,0,1,0,144635,225000,47,0,64.3,bonus_as10_gae3_no,100,2575000,,,,,41,23,12,7,9,13,4,2,1,179,90,56,37,44,62,13,5,7
81369,2026-04-09 22:18:38,3,3,3,attack,attack,attack,attack,2,true,0,44668407997920,278110,5,5,1,11,3,0,0,0,0,144635,225000,47,0,64.3,bonus_as10_gae3_no,100,2575000,,,,,42,26,12,7,9,13,5,2,1,180,93,56,37,44,62,14,5,7
81370,2026-04-09 22:18:44,2,2,2,goldSack,goldSack,goldSack,gold,1,true,2000000,44668547017920,278109,5,5,1,11,0,0,0,0,0,144635,225000,47,0,64.3,bonus_as10_gae3_no,100,2575000,,,,,43,26,12,7,9,13,5,2,1,181,93,56,37,44,62,14,5,7
81371,2026-04-09 22:18:44,1,1,1,coin,coin,coin,gold,1,true,250000,44668547267920,278108,5,5,1,11,0,0,0,0,0,144635,225000,47,0,64.3,bonus_as10_gae3_no,100,2575000,,,,,44,26,12,7,9,13,5,2,1,182,93,56,37,44,62,14,5,7
81372,2026-04-09 22:18:45,5,5,5,shield,shield,shield,shield,3,true,1,44668547267920,278108,5,5,1,11,0,0,3,0,0,144635,225000,47,0,64.3,bonus_as10_gae3_no,100,2575000,,,,"{""e190af25"":""1784\/2500@m7"",""c5261ecd"":""2783\/3800@m63""}",45,26,12,10,9,13,5,2,2,183,93,56,40,44,62,14,5,8
81373,2026-04-09 22:18:46,1,1,4,coin,coin,steal,gold,1,false,50000,44668547317920,278107,5,5,1,11,0,1,0,0,0,144635,225000,47,0,64.3,bonus_as10_gae3_no,100,2575000,,,,,46,26,13,10,9,13,5,2,2,184,93,57,40,44,62,14,5,8
81374,2026-04-09 22:18:47,5,5,5,shield,shield,shield,shield,3,true,1,44668547317920,278107,5,5,1,11,0,0,3,0,0,144635,225000,47,0,64.3,bonus_as10_gae3_no,100,2575000,,,LongExtraDayReduced,"{""slot_on_"":""5134\/17000@m17""}",47,26,13,13,9,13,5,2,3,185,93,57,43,44,62,14,5,9
81375,2026-04-09 22:18:48,3,6,2,attack,spins,goldSack,gold,1,false,100000,44668547417920,278106,5,5,1,11,1,0,0,1,0,144635,225000,47,0,64.3,bonus_as10_gae3_no,100,2575000,,,,,48,27,13,13,10,13,5,2,3,186,94,57,43,45,62,14,5,9
81376,2026-04-09 22:18:49,1,1,4,coin,coin,steal,gold,1,false,50000,44668547467920,278105,5,5,1,11,0,1,0,0,0,144635,225000,47,0,64.3,bonus_as10_gae3_no,100,2575000,,,LongExtraDayReduced,"{""slot_on_"":""5135\/17000@m17"",""bffc7787"":""64\/9000@m7""}",49,27,14,13,10,13,5,2,3,187,94,58,43,45,62,14,5,9
81377,2026-04-09 22:18:50,30,2,2,accumulation,goldSack,goldSack,gold,1,false,150000,44668547617920,278104,5,5,1,11,0,0,0,0,1,144636,225000,47,1,64.3,bonus_as10_gae3_no,100,2575000,,LongExtraDayReduced,LongExtraDayReduced,"{""slot_on_"":""5137\/17000@m17""}",50,27,14,13,10,14,5,2,3,188,94,58,43,45,63,14,5,9
81378,2026-04-09 22:18:51,3,6,2,attack,spins,goldSack,gold,1,false,100000,44668547717920,278103,5,5,1,11,1,0,0,1,0,144636,225000,47,0,64.3,bonus_as10_gae3_no,100,2575000,LongExtraDayReduced,,,"{""slot_on_"":""5138\/17000@m17"",""e190af25"":""1786\/2500@m7""}",51,28,14,13,11,14,5,2,3,189,95,58,43,46,63,14,5,9
81379,2026-04-09 22:18:52,1,4,6,coin,steal,spins,gold,1,false,25000,44668547742920,278102,5,5,1,11,0,1,0,1,0,144636,225000,47,0,64.3,bonus_as10_gae3_no,100,2575000,,,,,52,28,15,13,12,14,5,2,3,190,95,59,43,47,63,14,5,9
81380,2026-04-09 22:18:53,6,6,6,spins,spins,spins,spins,5,true,10,44668547742920,278111,5,5,1,11,0,0,0,3,0,144636,225000,47,0,64.3,bonus_as10_gae3_no,100,2575000,,,,,53,28,15,13,15,14,5,2,3,191,95,59,43,50,63,14,5,9
81381,2026-04-09 22:18:54,3,1,5,attack,coin,shield,gold,1,false,25000,44668547767920,278110,5,5,1,11,1,0,1,0,0,144636,225000,47,0,64.3,bonus_as10_gae3_no,100,2575000,,,,"{""e190af25"":""1788\/2500@m7""}",54,29,15,14,15,14,5,2,3,1,1,0,1,0,0,0,0,0
81382,2026-04-09 22:18:55,30,2,2,accumulation,goldSack,goldSack,gold,1,false,150000,44668547917920,278109,5,5,1,11,0,0,0,0,1,144637,225000,47,1,64.3,bonus_as10_gae3_no,100,2575000,,,,,55,29,15,14,15,15,5,2,3,2,1,0,1,0,1,0,0,0
81383,2026-04-09 22:18:56,1,1,1,coin,coin,coin,gold,1,true,250000,44668548167920,278108,5,5,1,11,0,0,0,0,0,144637,225000,47,0,64.3,bonus_as10_gae3_no,100,2575000,,,,,56,29,15,14,15,15,5,2,3,3,1,0,1,0,1,0,0,0
81384,2026-04-09 22:18:57,5,5,5,shield,shield,shield,shield,3,true,1,44668548167920,278108,5,5,1,11,0,0,3,0,0,144637,225000,47,0,64.3,bonus_as10_gae3_no,100,2575000,,,,,57,29,15,17,15,15,5,2,4,4,1,0,4,0,1,0,0,1
81385,2026-04-09 22:19:05,3,3,2,attack,attack,goldSack,gold,1,false,100000,44668548267920,278107,5,5,1,11,2,0,0,0,0,144637,225000,47,0,64.3,bonus_as10_gae3_no,100,2575000,,,,,58,31,15,17,15,15,5,2,4,5,3,0,4,0,1,0,0,1
81386,2026-04-09 22:19:06,30,30,1,accumulation,accumulation,coin,gold,1,false,25000,44668548292920,278106,5,5,1,11,0,0,0,0,2,144639,225000,47,2,64.3,bonus_as10_gae3_no,100,2575000,,LongExtraDayReduced,,"{""slot_on_"":""5139\/17000@m17""}",59,31,15,17,15,17,5,2,4,6,3,0,4,0,3,0,0,1
81387,2026-04-09 22:19:07,1,1,1,coin,coin,coin,gold,1,true,250000,44668548542920,278105,5,5,1,11,0,0,0,0,0,144639,225000,47,0,64.3,bonus_as10_gae3_no,100,2575000,,,,,60,31,15,17,15,17,5,2,4,7,3,0,4,0,3,0,0,1
81388,2026-04-09 22:19:08,3,3,3,attack,attack,attack,attack,2,true,0,44668548542920,278104,5,5,1,11,3,0,0,0,0,144639,225000,47,0,64.3,bonus_as10_gae3_no,100,2575000,,,,,61,34,15,17,15,17,6,2,4,8,6,0,4,0,3,1,0,1
81389,2026-04-09 22:19:13,4,4,4,steal,steal,steal,steal,4,true,0,44668685562920,278103,5,5,1,11,0,3,0,0,0,144639,225000,47,0,64.3,bonus_as10_gae3_no,100,2575000,,,,,62,34,18,17,15,17,6,3,4,9,6,3,4,0,3,1,1,1
81390,2026-04-09 22:19:20,1,4,6,coin,steal,spins,gold,1,false,25000,44668833591120,278102,5,5,1,11,0,1,0,1,0,144639,225000,47,0,64.3,bonus_as10_gae3_no,100,2575000,,,LongExtraDayReduced,"{""slot_on_"":""5140\/17000@m17""}",63,34,19,17,16,17,6,3,4,10,6,4,4,1,3,1,1,1
81391,2026-04-09 22:19:21,5,5,5,shield,shield,shield,shield,3,true,1,44668833591120,278102,5,5,1,11,0,0,3,0,0,144639,225000,47,0,64.3,bonus_as10_gae3_no,100,2575000,,,,"{""c5261ecd"":""2785\/3800@m63"",""e190af25"":""1790\/2500@m7"",""bffc7787"":""65\/9000@m7""}",64,34,19,20,16,17,6,3,5,11,6,4,7,1,3,1,1,2
81392,2026-04-09 22:19:22,3,6,2,attack,spins,goldSack,gold,1,false,100000,44668833691120,278101,5,5,1,11,1,0,0,1,0,144639,225000,47,0,64.3,bonus_as10_gae3_no,100,2575000,,,,,65,35,19,20,17,17,6,3,5,12,7,4,7,2,3,1,1,2
81393,2026-04-09 22:19:23,30,2,2,accumulation,goldSack,goldSack,gold,1,false,150000,44668833841120,278100,5,5,1,11,0,0,0,0,1,144640,225000,47,1,64.3,bonus_as10_gae3_no,100,2575000,,,,,66,35,19,20,17,18,6,3,5,13,7,4,7,2,4,1,1,2
81394,2026-04-09 22:19:24,30,30,1,accumulation,accumulation,coin,gold,1,false,25000,44668833866120,278099,5,5,1,11,0,0,0,0,2,144642,225000,47,2,64.3,bonus_as10_gae3_no,100,2575000,,,,"{""e190af25"":""1792\/2500@m7""}",67,35,19,20,17,20,6,3,5,14,7,4,7,2,6,1,1,2
81395,2026-04-09 22:19:25,30,2,2,accumulation,goldSack,goldSack,gold,1,false,150000,44668834016120,278098,5,5,1,11,0,0,0,0,1,144643,225000,47,1,64.3,bonus_as10_gae3_no,100,2575000,,,,,68,35,19,20,17,21,6,3,5,15,7,4,7,2,7,1,1,2
81396,2026-04-09 22:19:26,2,2,2,goldSack,goldSack,goldSack,gold,1,true,2000000,44668836016120,278097,5,5,1,11,0,0,0,0,0,144643,225000,47,0,64.3,bonus_as10_gae3_no,100,2575000,LongExtraDayReduced,LongExtraDayReduced,,"{""slot_on_"":""5142\/17000@m17""}",69,35,19,20,17,21,6,3,5,16,7,4,7,2,7,1,1,2
81397,2026-04-09 22:19:27,5,2,2,shield,goldSack,goldSack,gold,1,false,150000,44668836166120,278096,5,5,1,11,0,0,1,0,0,144643,225000,47,0,64.3,bonus_as10_gae3_no,100,2575000,,,,,70,35,19,21,17,21,6,3,5,17,7,4,8,2,7,1,1,2
81398,2026-04-09 22:19:28,3,1,5,attack,coin,shield,gold,1,false,25000,44668836191120,278095,5,5,1,11,1,0,1,0,0,144643,225000,47,0,64.3,bonus_as10_gae3_no,100,2575000,,LongExtraDayReduced,,"{""slot_on_"":""5143\/17000@m17"",""e190af25"":""1794\/2500@m7""}",71,36,19,22,17,21,6,3,5,18,8,4,9,2,7,1,1,2
81399,2026-04-09 22:19:29,30,2,2,accumulation,goldSack,goldSack,gold,1,false,150000,44668836341120,278094,5,5,1,11,0,0,0,0,1,144644,225000,47,1,64.3,bonus_as10_gae3_no,100,2575000,,,,,72,36,19,22,17,22,6,3,5,19,8,4,9,2,8,1,1,2
81400,2026-04-09 22:19:30,1,4,6,coin,steal,spins,gold,1,false,25000,44668836366120,278093,5,5,1,11,0,1,0,1,0,144644,225000,47,0,64.3,bonus_as10_gae3_no,100,2575000,,,,,73,36,20,22,18,22,6,3,5,20,8,5,9,3,8,1,1,2
81401,2026-04-09 22:19:31,30,2,2,accumulation,goldSack,goldSack,gold,1,false,150000,44668836516120,278092,5,5,1,11,0,0,0,0,1,144645,225000,47,1,64.3,bonus_as10_gae3_no,100,2575000,,,,,74,36,20,22,18,23,6,3,5,21,8,5,9,3,9,1,1,2
81402,2026-04-09 22:19:32,4,4,2,steal,steal,goldSack,gold,1,false,100000,44668836616120,278091,5,5,1,11,0,2,0,0,0,144645,225000,47,0,64.3,bonus_as10_gae3_no,100,2575000,,LongExtraDayReduced,,"{""slot_on_"":""5144\/17000@m17""}",75,36,22,22,18,23,6,3,5,22,8,7,9,3,9,1,1,2
81403,2026-04-09 22:19:33,1,1,4,coin,coin,steal,gold,1,false,50000,44668836666120,278090,5,5,1,11,0,1,0,0,0,144645,225000,47,0,64.3,bonus_as10_gae3_no,100,2575000,LongExtraDayReduced,,,"{""slot_on_"":""5145\/17000@m17""}",76,36,23,22,18,23,6,3,5,23,8,8,9,3,9,1,1,2
81404,2026-04-09 22:19:34,6,6,2,spins,spins,goldSack,gold,1,false,100000,44668836766120,278089,5,5,1,11,0,0,0,2,0,144645,225000,47,0,64.3,bonus_as10_gae3_no,100,2575000,,,,,77,36,23,22,20,23,6,3,5,24,8,8,9,5,9,1,1,2
81405,2026-04-09 22:19:34,30,2,2,accumulation,goldSack,goldSack,gold,1,false,150000,44668836916120,278088,5,5,1,11,0,0,0,0,1,144646,225000,47,1,64.3,bonus_as10_gae3_no,100,2575000,,,,,78,36,23,22,20,24,6,3,5,25,8,8,9,5,10,1,1,2
81406,2026-04-09 22:19:35,3,1,4,attack,coin,steal,gold,1,false,25000,44668836941120,278087,5,5,1,11,1,1,0,0,0,144646,225000,47,0,64.3,bonus_as10_gae3_no,100,2575000,,,,,79,37,24,22,20,24,6,3,5,26,9,9,9,5,10,1,1,2
81407,2026-04-09 22:19:36,30,30,3,accumulation,accumulation,attack,gold,6,false,0,44668836941120,278086,5,5,1,11,1,0,0,0,2,144648,225000,47,2,64.3,bonus_as10_gae3_no,100,2575000,,,,,80,38,24,22,20,26,6,3,5,27,10,9,9,5,12,1,1,2
81408,2026-04-09 22:19:37,30,2,2,accumulation,goldSack,goldSack,gold,1,false,150000,44668837091120,278085,5,5,1,11,0,0,0,0,1,144649,225000,47,1,64.3,bonus_as10_gae3_no,100,2575000,,,,,81,38,24,22,20,27,6,3,5,28,10,9,9,5,13,1,1,2
81409,2026-04-09 22:19:38,2,2,2,goldSack,goldSack,goldSack,gold,1,true,2000000,44668839091120,278084,5,5,1,11,0,0,0,0,0,144649,225000,47,0,64.3,bonus_as10_gae3_no,100,2575000,,LongExtraDayReduced,,"{""slot_on_"":""5146\/17000@m17"",""e190af25"":""1796\/2500@m7""}",82,38,24,22,20,27,6,3,5,29,10,9,9,5,13,1,1,2
81410,2026-04-09 22:19:39,3,3,1,attack,attack,coin,gold,1,false,25000,44668839116120,278083,5,5,1,11,2,0,0,0,0,144649,225000,47,0,64.3,bonus_as10_gae3_no,100,2575000,,,,"{""bffc7787"":""66\/9000@m7""}",83,40,24,22,20,27,6,3,5,30,12,9,9,5,13,1,1,2
81411,2026-04-09 22:19:40,3,6,2,attack,spins,goldSack,gold,1,false,100000,44668839216120,278082,5,5,1,11,1,0,0,1,0,144649,225000,47,0,64.3,bonus_as10_gae3_no,100,2575000,,,,,84,41,24,22,21,27,6,3,5,31,13,9,9,6,13,1,1,2
81412,2026-04-09 22:19:40,1,1,4,coin,coin,steal,gold,1,false,50000,44668839266120,278081,5,5,1,11,0,1,0,0,0,144649,225000,47,0,64.3,bonus_as10_gae3_no,100,2575000,,,LongExtraDayReduced,"{""slot_on_"":""5147\/17000@m17""}",85,41,25,22,21,27,6,3,5,32,13,10,9,6,13,1,1,2
81413,2026-04-09 22:19:41,3,6,2,attack,spins,goldSack,gold,1,false,100000,44668839366120,278080,5,5,1,11,1,0,0,1,0,144649,225000,47,0,64.3,bonus_as10_gae3_no,100,2575000,,,,,86,42,25,22,22,27,6,3,5,33,14,10,9,7,13,1,1,2
81414,2026-04-09 22:19:42,1,1,4,coin,coin,steal,gold,1,false,50000,44668839416120,278079,5,5,1,11,0,1,0,0,0,144649,225000,47,0,64.3,bonus_as10_gae3_no,100,2575000,,,,,87,42,26,22,22,27,6,3,5,34,14,11,9,7,13,1,1,2
81415,2026-04-09 22:19:43,3,3,2,attack,attack,goldSack,gold,1,false,100000,44668839516120,278078,5,5,1,11,2,0,0,0,0,144649,225000,47,0,64.3,bonus_as10_gae3_no,100,2575000,,,,,88,44,26,22,22,27,6,3,5,35,16,11,9,7,13,1,1,2
81416,2026-04-09 22:19:43,2,2,2,goldSack,goldSack,goldSack,gold,1,true,2000000,44668841516120,278077,5,5,1,11,0,0,0,0,0,144649,225000,47,0,64.3,bonus_as10_gae3_no,100,2575000,,,,"{""c5261ecd"":""2787\/3800@m63""}",89,44,26,22,22,27,6,3,5,36,16,11,9,7,13,1,1,2
81417,2026-04-09 22:19:44,1,1,1,coin,coin,coin,gold,1,true,250000,44668841766120,278076,5,5,1,11,0,0,0,0,0,144649,225000,47,0,64.3,bonus_as10_gae3_no,100,2575000,,,,,90,44,26,22,22,27,6,3,5,37,16,11,9,7,13,1,1,2
81418,2026-04-09 22:19:45,2,2,2,goldSack,goldSack,goldSack,gold,1,true,2000000,44668843766120,278075,5,5,1,11,0,0,0,0,0,144649,225000,47,0,64.3,bonus_as10_gae3_no,100,2575000,,,,,91,44,26,22,22,27,6,3,5,38,16,11,9,7,13,1,1,2
81419,2026-04-09 22:19:46,2,2,2,goldSack,goldSack,goldSack,gold,1,true,2000000,44668845766120,278074,5,5,1,11,0,0,0,0,0,144649,225000,47,0,64.3,bonus_as10_gae3_no,100,2575000,,,LongExtraDayReduced,"{""slot_on_"":""5148\/17000@m17"",""bffc7787"":""67\/9000@m7""}",92,44,26,22,22,27,6,3,5,39,16,11,9,7,13,1,1,2
81420,2026-04-09 22:19:47,3,1,1,attack,coin,coin,gold,1,false,50000,44668845816120,278073,5,5,1,11,1,0,0,0,0,144649,225000,47,0,64.3,bonus_as10_gae3_no,100,2575000,,,,,93,45,26,22,22,27,6,3,5,40,17,11,9,7,13,1,1,2
81421,2026-04-09 22:19:49,3,3,3,attack,attack,attack,attack,2,true,0,44668845816120,278072,5,5,1,11,3,0,0,0,0,144649,225000,47,0,64.3,bonus_as10_gae3_no,100,2575000,LongExtraDayReduced,,,"{""slot_on_"":""5149\/17000@m17""}",94,48,26,22,22,27,7,3,5,41,20,11,9,7,13,2,1,2
81422,2026-04-09 22:19:54,3,1,1,attack,coin,coin,gold,1,false,50000,44668982886120,278071,5,5,1,11,1,0,0,0,0,144649,225000,47,0,64.3,bonus_as10_gae3_no,100,2575000,,,,,95,49,26,22,22,27,7,3,5,42,21,11,9,7,13,2,1,2
81423,2026-04-09 22:19:55,3,4,2,attack,steal,goldSack,gold,1,false,100000,44668982986120,278070,5,5,1,11,1,1,0,0,0,144649,225000,47,0,64.3,bonus_as10_gae3_no,100,2575000,LongExtraDayReduced,LongExtraDayReduced,,"{""slot_on_"":""5151\/17000@m17"",""e190af25"":""1798\/2500@m7""}",96,50,27,22,22,27,7,3,5,43,22,12,9,7,13,2,1,2
81424,2026-04-09 22:19:56,1,4,4,coin,steal,steal,gold,1,false,25000,44668983011120,278069,5,5,1,11,0,2,0,0,0,144649,225000,47,0,64.3,bonus_as10_gae3_no,100,2575000,,,,,97,50,29,22,22,27,7,3,5,44,22,14,9,7,13,2,1,2
81425,2026-04-09 22:19:57,4,4,4,steal,steal,steal,steal,4,true,0,44668983011120,278068,5,5,1,11,0,3,0,0,0,144649,225000,47,0,64.3,bonus_as10_gae3_no,100,2575000,,,,,98,50,32,22,22,27,7,4,5,45,22,17,9,7,13,2,2,2
81426,2026-04-09 22:20:07,3,1,5,attack,coin,shield,gold,1,false,25000,44669454348120,278067,5,5,1,11,1,0,1,0,0,144649,225000,47,0,64.3,bonus_as10_gae3_no,100,2575000,,,,,99,51,32,23,22,27,7,4,5,46,23,17,10,7,13,2,2,2
81427,2026-04-09 22:20:08,3,1,1,attack,coin,coin,gold,1,false,50000,44669454398120,278066,5,5,1,11,1,0,0,0,0,144649,225000,47,0,64.3,bonus_as10_gae3_no,100,2575000,,,,,100,52,32,23,22,27,7,4,5,47,24,17,10,7,13,2,2,2
81428,2026-04-09 22:20:09,4,6,2,steal,spins,goldSack,gold,1,false,100000,44669454498120,278065,5,5,1,11,0,1,0,1,0,144649,225000,47,0,64.3,bonus_as10_gae3_no,100,2575000,,,,"{""c5261ecd"":""2789\/3800@m63""}",101,52,33,23,23,27,7,4,5,48,24,18,10,8,13,2,2,2
81429,2026-04-09 22:20:11,3,3,3,attack,attack,attack,attack,2,true,0,44669454498120,278064,5,5,1,11,3,0,0,0,0,144649,225000,47,0,64.3,bonus_as10_gae3_no,100,2575000,,,LongExtraDayReduced,"{""slot_on_"":""5152\/17000@m17""}",102,55,33,23,23,27,8,4,5,49,27,18,10,8,13,3,2,2
81430,2026-04-09 22:20:16,1,1,1,coin,coin,coin,gold,1,true,250000,44669591768120,278063,5,5,1,11,0,0,0,0,0,144649,225000,47,0,64.3,bonus_as10_gae3_no,100,2575000,,,,"{""bffc7787"":""68\/9000@m7""}",103,55,33,23,23,27,8,4,5,50,27,18,10,8,13,3,2,2
81431,2026-04-09 22:20:17,4,6,2,steal,spins,goldSack,gold,1,false,100000,44669591868120,278062,5,5,1,11,0,1,0,1,0,144649,225000,47,0,64.3,bonus_as10_gae3_no,100,2575000,LongExtraDayReduced,,,"{""slot_on_"":""5153\/17000@m17""}",104,55,34,23,24,27,8,4,5,51,27,19,10,9,13,3,2,2
81432,2026-04-09 22:20:18,4,4,4,steal,steal,steal,steal,4,true,0,44669591868120,278061,5,5,1,11,0,3,0,0,0,144649,225000,47,0,64.3,bonus_as10_gae3_no,100,2575000,,,,,105,55,37,23,24,27,8,5,5,52,27,22,10,9,13,3,3,2
81433,2026-04-09 22:20:27,3,3,2,attack,attack,goldSack,gold,1,false,100000,44669903008120,278060,5,5,1,11,2,0,0,0,0,144649,225000,47,0,64.3,bonus_as10_gae3_no,100,2575000,,,,,106,57,37,23,24,27,8,5,5,53,29,22,10,9,13,3,3,2
81434,2026-04-09 22:20:29,4,6,2,steal,spins,goldSack,gold,1,false,100000,44669903108120,278059,5,5,1,11,0,1,0,1,0,144649,225000,47,0,64.3,bonus_as10_gae3_no,100,2575000,,,,,107,57,38,23,25,27,8,5,5,54,29,23,10,10,13,3,3,2
81435,2026-04-09 22:20:30,3,4,2,attack,steal,goldSack,gold,1,false,100000,44669903208120,278058,5,5,1,11,1,1,0,0,0,144649,225000,47,0,64.3,bonus_as10_gae3_no,100,2575000,,,,,108,58,39,23,25,27,8,5,5,55,30,24,10,10,13,3,3,2
81436,2026-04-09 22:20:31,3,4,2,attack,steal,goldSack,gold,1,false,100000,44669903308120,278057,5,5,1,11,1,1,0,0,0,144649,225000,47,0,64.3,bonus_as10_gae3_no,100,2575000,,,,,109,59,40,23,25,27,8,5,5,56,31,25,10,10,13,3,3,2
81437,2026-04-09 22:20:35,2,2,2,goldSack,goldSack,goldSack,gold,1,true,3000000000,44672903308120,276557,5,5,1500,11,0,0,0,0,0,144649,225000,47,0,64.3,bonus_as10_gae3_no,100,2575000,,LongExtraDayReduced,,"{""slot_on_"":""6653\/17000@m17""}",110,59,40,23,25,27,8,5,5,57,31,25,10,10,13,3,3,2
81438,2026-04-09 22:20:36,3,6,2,attack,spins,goldSack,gold,1,false,150000000,44673053308120,275057,5,5,1500,11,1,0,0,1,0,144649,225000,47,0,64.3,bonus_as10_gae3_no,100,2575000,,,,,111,60,40,23,26,27,8,5,5,58,32,25,10,11,13,3,3,2
81439,2026-04-09 22:20:37,2,2,2,goldSack,goldSack,goldSack,gold,1,true,3000000000,44676053308120,273557,5,5,1500,11,0,0,0,0,0,144649,225000,47,0,64.3,bonus_as10_gae3_no,100,2575000,,LongExtraDayReduced,LongExtraDayReduced,"{""slot_on_"":""9653\/17000@m17""}",112,60,40,23,26,27,8,5,5,59,32,25,10,11,13,3,3,2
81440,2026-04-09 22:20:39,1,1,4,coin,coin,steal,gold,1,false,75000000,44676128308120,272057,5,5,1500,11,0,1,0,0,0,144649,225000,47,0,64.3,bonus_as10_gae3_no,100,2575000,,,,,113,60,41,23,26,27,8,5,5,60,32,26,10,11,13,3,3,2
81441,2026-04-09 22:20:40,3,3,3,attack,attack,attack,attack,2,true,0,44676128308120,270557,5,5,1500,11,3,0,0,0,0,144649,225000,47,0,64.3,bonus_as10_gae3_no,100,2575000,,,,,114,63,41,23,26,27,9,5,5,61,35,26,10,11,13,4,3,2
81442,2026-04-09 22:20:49,3,6,2,attack,spins,goldSack,gold,1,false,100000,44890408408120,270856,5,5,1,11,1,0,0,1,0,144649,225000,47,0,64.3,bonus_as10_gae3_no,100,2575000,,,,"{""e190af25"":""1800\/2500@m7""}",115,64,41,23,27,27,9,5,5,62,36,26,10,12,13,4,3,2
81443,2026-04-09 22:20:50,1,1,1,coin,coin,coin,gold,1,true,250000,44890408658120,270855,5,5,1,11,0,0,0,0,0,144649,225000,47,0,64.3,bonus_as10_gae3_no,100,2575000,,,,"{""c5261ecd"":""2791\/3800@m63""}",116,64,41,23,27,27,9,5,5,63,36,26,10,12,13,4,3,2
81444,2026-04-09 22:20:51,3,3,3,attack,attack,attack,attack,2,true,0,44890408658120,270854,5,5,1,11,3,0,0,0,0,144649,225000,47,0,64.3,bonus_as10_gae3_no,100,2575000,,,LongExtraDayReduced,"{""slot_on_"":""9654\/17000@m17""}",117,67,41,23,27,27,10,5,5,64,39,26,10,12,13,5,3,2
81445,2026-04-09 22:20:57,3,6,2,attack,spins,goldSack,gold,1,false,100000,44890454060120,270853,5,5,1,11,1,0,0,1,0,144649,225000,47,0,64.3,bonus_as10_gae3_no,100,2575000,,,,,118,68,41,23,28,27,10,5,5,65,40,26,10,13,13,5,3,2
81446,2026-04-09 22:21:00,5,5,5,shield,shield,shield,shield,3,true,1,44890454060120,270853,5,5,1,11,0,0,3,0,0,144649,225000,47,0,64.3,bonus_as10_gae3_no,100,2575000,,,,,119,68,41,26,28,27,10,5,6,66,40,26,13,13,13,5,3,3
81447,2026-04-09 22:21:01,3,4,2,attack,steal,goldSack,gold,1,false,100000,44890454160120,270852,5,5,1,11,1,1,0,0,0,144649,225000,47,0,64.3,bonus_as10_gae3_no,100,2575000,,,,,120,69,42,26,28,27,10,5,6,67,41,27,13,13,13,5,3,3
81448,2026-04-09 22:21:02,6,6,6,spins,spins,spins,spins,5,true,10,44890454160120,270861,5,5,1,11,0,0,0,3,0,144649,225000,47,0,64.3,bonus_as10_gae3_no,100,2575000,,,,,121,69,42,26,31,27,10,5,6,68,41,27,13,16,13,5,3,3
81449,2026-04-09 22:21:12,4,4,4,steal,steal,steal,steal,4,true,0,44890454160120,270860,5,5,1,11,0,3,0,0,0,144649,225000,47,0,64.3,bonus_as10_gae3_no,100,2575000,,,,"{""bffc7787"":""69\/9000@m7""}",122,69,45,26,31,27,10,6,6,1,0,3,0,0,0,0,1,0
81450,2026-04-09 22:21:19,1,1,1,coin,coin,coin,gold,1,true,250000,44890874670520,270859,5,5,1,11,0,0,0,0,0,144649,225000,47,0,64.3,bonus_as10_gae3_no,100,2575000,,,LongExtraDayReduced,"{""slot_on_"":""9655\/17000@m17""}",123,69,45,26,31,27,10,6,6,2,0,3,0,0,0,0,1,0
81451,2026-04-09 22:21:20,1,1,1,coin,coin,coin,gold,1,true,250000,44890874920520,270858,5,5,1,11,0,0,0,0,0,144649,225000,47,0,64.3,bonus_as10_gae3_no,100,2575000,,,,,124,69,45,26,31,27,10,6,6,3,0,3,0,0,0,0,1,0
81452,2026-04-09 22:21:21,3,6,2,attack,spins,goldSack,gold,1,false,100000,44890875020520,270857,5,5,1,11,1,0,0,1,0,144649,225000,47,0,64.3,bonus_as10_gae3_no,100,2575000,,,,,125,70,45,26,32,27,10,6,6,4,1,3,0,1,0,0,1,0
81453,2026-04-09 22:21:22,1,4,4,coin,steal,steal,gold,1,false,25000,44890875045520,270856,5,5,1,11,0,2,0,0,0,144649,225000,47,0,64.3,bonus_as10_gae3_no,100,2575000,,,LongExtraDayReduced,"{""slot_on_"":""9656\/17000@m17""}",126,70,47,26,32,27,10,6,6,5,1,5,0,1,0,0,1,0
81454,2026-04-09 22:21:23,1,1,1,coin,coin,coin,gold,1,true,250000,44890875295520,270855,5,5,1,11,0,0,0,0,0,144649,225000,47,0,64.3,bonus_as10_gae3_no,100,2575000,,,,"{""e190af25"":""1802\/2500@m7""}",127,70,47,26,32,27,10,6,6,6,1,5,0,1,0,0,1,0
81455,2026-04-09 22:21:24,30,2,2,accumulation,goldSack,goldSack,gold,1,false,150000,44890875445520,270854,5,5,1,11,0,0,0,0,1,144650,225000,47,1,64.3,bonus_as10_gae3_no,100,2575000,,,,,128,70,47,26,32,28,10,6,6,7,1,5,0,1,1,0,1,0
81456,2026-04-09 22:21:26,1,1,4,coin,coin,steal,gold,1,false,50000,44890875495520,270853,5,5,1,11,0,1,0,0,0,144650,225000,47,0,64.3,bonus_as10_gae3_no,100,2575000,LongExtraDayReduced,,,"{""slot_on_"":""9657\/17000@m17""}",129,70,48,26,32,28,10,6,6,8,1,6,0,1,1,0,1,0
81457,2026-04-09 22:21:27,2,2,2,goldSack,goldSack,goldSack,gold,1,true,2000000,44890877495520,270852,5,5,1,11,0,0,0,0,0,144650,225000,47,0,64.3,bonus_as10_gae3_no,100,2575000,,,,,130,70,48,26,32,28,10,6,6,9,1,6,0,1,1,0,1,0
81458,2026-04-09 22:21:28,30,30,1,accumulation,accumulation,coin,gold,1,false,25000,44890877520520,270851,5,5,1,11,0,0,0,0,2,144652,225000,47,2,64.3,bonus_as10_gae3_no,100,2575000,,,,"{""bffc7787"":""70\/9000@m7""}",131,70,48,26,32,30,10,6,6,10,1,6,0,1,3,0,1,0
81459,2026-04-09 22:21:29,3,3,3,attack,attack,attack,attack,2,true,0,44890877520520,270850,5,5,1,11,3,0,0,0,0,144652,225000,47,0,64.3,bonus_as10_gae3_no,100,2575000,,,,,132,73,48,26,32,30,11,6,6,11,4,6,0,1,3,1,1,0
81460,2026-04-09 22:21:35,3,6,2,attack,spins,goldSack,gold,1,false,100000,44890922922520,270849,5,5,1,11,1,0,0,1,0,144652,225000,47,0,64.3,bonus_as10_gae3_no,100,2575000,,,,,133,74,48,26,33,30,11,6,6,12,5,6,0,2,3,1,1,0
81461,2026-04-09 22:21:36,30,30,1,accumulation,accumulation,coin,gold,1,false,25000,44890922947520,270848,5,5,1,11,0,0,0,0,2,144654,225000,47,2,64.3,bonus_as10_gae3_no,100,2575000,,,,"{""e190af25"":""1804\/2500@m7""}",134,74,48,26,33,32,11,6,6,13,5,6,0,2,5,1,1,0
81462,2026-04-09 22:21:38,1,1,4,coin,coin,steal,gold,1,false,50000,44890922997520,270847,5,5,1,11,0,1,0,0,0,144654,225000,47,0,64.3,bonus_as10_gae3_no,100,2575000,,LongExtraDayReduced,,"{""slot_on_"":""9658\/17000@m17"",""c5261ecd"":""2793\/3800@m63""}",135,74,49,26,33,32,11,6,6,14,5,7,0,2,5,1,1,0
81463,2026-04-09 22:21:39,1,1,1,coin,coin,coin,gold,1,true,250000,44890923247520,270846,5,5,1,11,0,0,0,0,0,144654,225000,47,0,64.3,bonus_as10_gae3_no,100,2575000,,,LongExtraDayReduced,"{""slot_on_"":""9659\/17000@m17""}",136,74,49,26,33,32,11,6,6,15,5,7,0,2,5,1,1,0
81464,2026-04-09 22:21:40,3,6,2,attack,spins,goldSack,gold,1,false,100000,44890923347520,270845,5,5,1,11,1,0,0,1,0,144654,225000,47,0,64.3,bonus_as10_gae3_no,100,2575000,,,,,137,75,49,26,34,32,11,6,6,16,6,7,0,3,5,1,1,0
81465,2026-04-09 22:21:42,30,2,2,accumulation,goldSack,goldSack,gold,1,false,150000,44890923497520,270844,5,5,1,11,0,0,0,0,1,144655,225000,47,1,64.3,bonus_as10_gae3_no,100,2575000,LongExtraDayReduced,,LongExtraDayReduced,"{""slot_on_"":""9661\/17000@m17""}",138,75,49,26,34,33,11,6,6,17,6,7,0,3,6,1,1,0
81466,2026-04-09 22:21:43,30,2,2,accumulation,goldSack,goldSack,gold,1,false,150000,44890923647520,270843,5,5,1,11,0,0,0,0,1,144656,225000,47,1,64.3,bonus_as10_gae3_no,100,2575000,,,,,139,75,49,26,34,34,11,6,6,18,6,7,0,3,7,1,1,0
81467,2026-04-09 22:21:47,3,3,3,attack,attack,attack,attack,2,true,0,44890923647520,269343,5,5,1500,11,3,0,0,0,0,144656,225000,47,0,64.3,bonus_as10_gae3_no,100,2575000,,,,,140,78,49,26,34,34,12,6,6,19,9,7,0,3,7,2,1,0
81468,2026-04-09 22:21:54,1,1,4,coin,coin,steal,gold,1,false,100000,44958876747520,270141,5,5,2,11,0,1,0,0,0,144656,225000,47,0,64.3,bonus_as10_gae3_no,100,2575000,,,,,141,78,50,26,34,34,12,6,6,20,9,8,0,3,7,2,1,0
81469,2026-04-09 22:21:55,5,2,2,shield,goldSack,goldSack,gold,1,false,300000,44958877047520,270139,5,5,2,11,0,0,1,0,0,144656,225000,47,0,64.3,bonus_as10_gae3_no,100,2575000,,,,,142,78,50,27,34,34,12,6,6,21,9,8,1,3,7,2,1,0
81470,2026-04-09 22:21:56,3,3,1,attack,attack,coin,gold,1,false,50000,44958877097520,270137,5,5,2,11,2,0,0,0,0,144656,225000,47,0,64.3,bonus_as10_gae3_no,100,2575000,,,,,143,80,50,27,34,34,12,6,6,22,11,8,1,3,7,2,1,0
81471,2026-04-09 22:21:57,3,3,1,attack,attack,coin,gold,1,false,50000,44958877147520,270135,5,5,2,11,2,0,0,0,0,144656,225000,47,0,64.3,bonus_as10_gae3_no,100,2575000,,,,,144,82,50,27,34,34,12,6,6,23,13,8,1,3,7,2,1,0
81472,2026-04-09 22:22:04,2,2,2,goldSack,goldSack,goldSack,gold,1,true,3000000000,44961877147520,268635,5,5,1500,11,0,0,0,0,0,144656,225000,47,0,64.3,bonus_as10_gae3_no,100,2575000,,,,"{""bffc7787"":""1570\/9000@m7""}",145,82,50,27,34,34,12,6,6,24,13,8,1,3,7,2,1,0
81473,2026-04-09 22:22:05,4,6,2,steal,spins,goldSack,gold,1,false,150000000,44962027147520,267135,5,5,1500,11,0,1,0,1,0,144656,225000,47,0,64.3,bonus_as10_gae3_no,100,2575000,,,,"{""e190af25"":""2304\/5000@m8""}",146,82,51,27,35,34,12,6,6,25,13,9,1,4,7,2,1,0
81474,2026-04-09 22:22:09,3,3,3,attack,attack,attack,attack,2,true,0,44962027147520,265635,5,5,1500,11,3,0,0,0,0,144656,225000,47,0,64.3,bonus_as10_gae3_no,100,2575000,,,,,147,85,51,27,35,34,13,6,6,26,16,9,1,4,7,3,1,0
81475,2026-04-09 22:22:15,3,1,5,attack,coin,shield,gold,1,false,25000,45029980172520,265634,5,5,1,11,1,0,1,0,0,144656,225000,47,0,64.3,bonus_as10_gae3_no,100,2575000,,,,,148,86,51,28,35,34,13,6,6,27,17,9,2,4,7,3,1,0
81476,2026-04-09 22:22:16,2,2,2,goldSack,goldSack,goldSack,gold,1,true,2000000,45029982172520,265633,5,5,1,11,0,0,0,0,0,144656,225000,47,0,64.3,bonus_as10_gae3_no,100,2575000,,,,,149,86,51,28,35,34,13,6,6,28,17,9,2,4,7,3,1,0
81477,2026-04-09 22:22:17,30,30,1,accumulation,accumulation,coin,gold,1,false,25000,45029982197520,265632,5,5,1,11,0,0,0,0,2,144658,225000,47,2,64.3,bonus_as10_gae3_no,100,2575000,,,,,150,86,51,28,35,36,13,6,6,29,17,9,2,4,9,3,1,0
81478,2026-04-09 22:22:21,3,3,3,attack,attack,attack,attack,2,true,0,45029982197520,265631,5,5,1,11,3,0,0,0,0,144658,225000,47,0,64.3,bonus_as10_gae3_no,100,2575000,,,,,151,89,51,28,35,36,14,6,6,30,20,9,2,4,9,4,1,0
81479,2026-04-09 22:22:25,3,5,2,attack,shield,goldSack,gold,1,false,100000,45030027599520,265630,5,5,1,11,1,0,1,0,0,144658,225000,47,0,64.3,bonus_as10_gae3_no,100,2575000,,,,,152,90,51,29,35,36,14,6,6,31,21,9,3,4,9,4,1,0
81480,2026-04-09 22:22:26,30,30,1,accumulation,accumulation,coin,gold,1,false,25000,45030027624520,265629,5,5,1,11,0,0,0,0,2,144660,225000,47,2,64.3,bonus_as10_gae3_no,100,2575000,,,,"{""e190af25"":""2306\/5000@m8""}",153,90,51,29,35,38,14,6,6,32,21,9,3,4,11,4,1,0
81481,2026-04-09 22:22:28,4,4,4,steal,steal,steal,steal,4,true,0,45030027624520,265628,5,5,1,11,0,3,0,0,0,144660,225000,47,0,64.3,bonus_as10_gae3_no,100,2575000,,,,,154,90,54,29,35,38,14,7,6,33,21,12,3,4,11,4,2,0
81482,2026-04-09 22:22:35,3,4,2,attack,steal,goldSack,gold,1,false,100000,45030655134320,265627,5,5,1,11,1,1,0,0,0,144660,225000,47,0,64.3,bonus_as10_gae3_no,100,2575000,,,,"{""c5261ecd"":""2795\/3800@m63""}",155,91,55,29,35,38,14,7,6,34,22,13,3,4,11,4,2,0
81483,2026-04-09 22:22:40,3,3,1,attack,attack,coin,gold,1,false,25000,45030655159320,265626,5,5,1,11,2,0,0,0,0,144660,225000,47,0,64.3,bonus_as10_gae3_no,100,2575000,,,LongExtraDayReduced,"{""slot_on_"":""9662\/17000@m17""}",156,93,55,29,35,38,14,7,6,35,24,13,3,4,11,4,2,0
81484,2026-04-09 22:22:42,3,1,1,attack,coin,coin,gold,1,false,50000,45030655209320,265625,5,5,1,11,1,0,0,0,0,144660,225000,47,0,64.3,bonus_as10_gae3_no,100,2575000,,,,,157,94,55,29,35,38,14,7,6,36,25,13,3,4,11,4,2,0
81485,2026-04-09 22:22:44,30,2,2,accumulation,goldSack,goldSack,gold,1,false,150000,45030655359320,265624,5,5,1,11,0,0,0,0,1,144661,225000,47,1,64.3,bonus_as10_gae3_no,100,2575000,,LongExtraDayReduced,,"{""slot_on_"":""9663\/17000@m17""}",158,94,55,29,35,39,14,7,6,37,25,13,3,4,12,4,2,0
81486,2026-04-09 22:22:45,1,5,5,coin,shield,shield,gold,1,false,25000,45030655384320,265623,5,5,1,11,0,0,2,0,0,144661,225000,47,0,64.3,bonus_as10_gae3_no,100,2575000,,,,,159,94,55,31,35,39,14,7,6,38,25,13,5,4,12,4,2,0
81487,2026-04-09 22:22:46,2,2,2,goldSack,goldSack,goldSack,gold,1,true,2000000,45030657384320,265622,5,5,1,11,0,0,0,0,0,144661,225000,47,0,64.3,bonus_as10_gae3_no,100,2575000,,,,,160,94,55,31,35,39,14,7,6,39,25,13,5,4,12,4,2,0
81488,2026-04-09 22:22:48,2,2,2,goldSack,goldSack,goldSack,gold,1,true,2000000,45030659384320,265621,5,5,1,11,0,0,0,0,0,144661,225000,47,0,64.3,bonus_as10_gae3_no,100,2575000,LongExtraDayReduced,,,"{""slot_on_"":""9664\/17000@m17""}",161,94,55,31,35,39,14,7,6,40,25,13,5,4,12,4,2,0
81489,2026-04-09 22:22:53,5,2,2,shield,goldSack,goldSack,gold,1,false,225000000,45030884384320,264121,5,5,1500,11,0,0,1,0,0,144661,225000,47,0,64.3,bonus_as10_gae3_no,100,2575000,,,,,162,94,55,32,35,39,14,7,6,41,25,13,6,4,12,4,2,0
81490,2026-04-09 22:22:54,3,3,3,attack,attack,attack,attack,2,true,0,45030884384320,262621,5,5,1500,11,3,0,0,0,0,144661,225000,47,0,64.3,bonus_as10_gae3_no,100,2575000,,,,,163,97,55,32,35,39,15,7,6,42,28,13,6,4,12,5,2,0
81491,2026-04-09 22:23:00,5,5,5,shield,shield,shield,shield,3,true,1,45236804384320,262621,5,5,1,11,0,0,3,0,0,144661,225000,47,0,64.3,bonus_as10_gae3_no,100,2575000,,,,,164,97,55,35,35,39,15,7,7,43,28,13,9,4,12,5,2,1
81492,2026-04-09 22:23:01,3,6,2,attack,spins,goldSack,gold,1,false,100000,45236804484320,262620,5,5,1,11,1,0,0,1,0,144661,225000,47,0,64.3,bonus_as10_gae3_no,100,2575000,,,,"{""bffc7787"":""1571\/9000@m7""}",165,98,55,35,36,39,15,7,7,44,29,13,9,5,12,5,2,1
81493,2026-04-09 22:23:02,30,30,1,accumulation,accumulation,coin,gold,1,false,25000,45236804509320,262619,5,5,1,11,0,0,0,0,2,144663,225000,47,2,64.3,bonus_as10_gae3_no,100,2575000,,,,,166,98,55,35,36,41,15,7,7,45,29,13,9,5,14,5,2,1
81494,2026-04-09 22:23:04,4,6,2,steal,spins,goldSack,gold,1,false,100000,45236804609320,262618,5,5,1,11,0,1,0,1,0,144663,225000,47,0,64.3,bonus_as10_gae3_no,100,2575000,,,,"{""e190af25"":""2308\/5000@m8""}",167,98,56,35,37,41,15,7,7,46,29,14,9,6,14,5,2,1
81495,2026-04-09 22:23:05,1,1,4,coin,coin,steal,gold,1,false,50000,45236804659320,262617,5,5,1,11,0,1,0,0,0,144663,225000,47,0,64.3,bonus_as10_gae3_no,100,2575000,,,,,168,98,57,35,37,41,15,7,7,47,29,15,9,6,14,5,2,1
81496,2026-04-09 22:23:06,2,2,2,goldSack,goldSack,goldSack,gold,1,true,2000000,45236806659320,262616,5,5,1,11,0,0,0,0,0,144663,225000,47,0,64.3,bonus_as10_gae3_no,100,2575000,LongExtraDayReduced,,,"{""slot_on_"":""9665\/17000@m17"",""c5261ecd"":""2797\/3800@m63""}",169,98,57,35,37,41,15,7,7,48,29,15,9,6,14,5,2,1
81497,2026-04-09 22:23:08,30,2,2,accumulation,goldSack,goldSack,gold,1,false,150000,45236806809320,262615,5,5,1,11,0,0,0,0,1,144664,225000,47,1,64.3,bonus_as10_gae3_no,100,2575000,,,,,170,98,57,35,37,42,15,7,7,49,29,15,9,6,15,5,2,1
81498,2026-04-09 22:23:10,3,6,2,attack,spins,goldSack,gold,1,false,100000,45236806909320,262614,5,5,1,11,1,0,0,1,0,144664,225000,47,0,64.3,bonus_as10_gae3_no,100,2575000,,LongExtraDayReduced,,"{""slot_on_"":""9666\/17000@m17""}",171,99,57,35,38,42,15,7,7,50,30,15,9,7,15,5,2,1
81499,2026-04-09 22:23:11,3,1,4,attack,coin,steal,gold,1,false,25000,45236806934320,262613,5,5,1,11,1,1,0,0,0,144664,225000,47,0,64.3,bonus_as10_gae3_no,100,2575000,,,LongExtraDayReduced,"{""slot_on_"":""9667\/17000@m17""}",172,100,58,35,38,42,15,7,7,51,31,16,9,7,15,5,2,1
81500,2026-04-09 22:23:12,1,1,4,coin,coin,steal,gold,1,false,50000,45236806984320,262612,5,5,1,11,0,1,0,0,0,144664,225000,47,0,64.3,bonus_as10_gae3_no,100,2575000,,,,,173,100,59,35,38,42,15,7,7,52,31,17,9,7,15,5,2,1
81501,2026-04-09 22:23:16,3,3,3,attack,attack,attack,attack,2,true,0,45236806984320,262611,5,5,1,11,3,0,0,0,0,144664,225000,47,0,64.3,bonus_as10_gae3_no,100,2575000,,LongExtraDayReduced,,"{""slot_on_"":""9668\/17000@m17""}",174,103,59,35,38,42,16,7,7,53,34,17,9,7,15,6,2,1
81502,2026-04-09 22:23:21,5,5,5,shield,shield,shield,shield,3,true,1,45236944264320,262611,5,5,1,11,0,0,3,0,0,144664,225000,47,0,64.3,bonus_as10_gae3_no,100,2575000,,LongExtraDayReduced,,"{""slot_on_"":""9669\/17000@m17""}",175,103,59,38,38,42,16,7,8,54,34,17,12,7,15,6,2,2
81503,2026-04-09 22:23:23,30,30,1,accumulation,accumulation,coin,gold,1,false,25000,45236944289320,262610,5,5,1,11,0,0,0,0,2,144666,225000,47,2,64.3,bonus_as10_gae3_no,100,2575000,,,,"{""e190af25"":""2310\/5000@m8""}",176,103,59,38,38,44,16,7,8,55,34,17,12,7,17,6,2,2
81504,2026-04-09 22:23:25,3,6,2,attack,spins,goldSack,gold,1,false,100000,45236944389320,262609,5,5,1,11,1,0,0,1,0,144666,225000,47,0,64.3,bonus_as10_gae3_no,100,2575000,,,,,177,104,59,38,39,44,16,7,8,56,35,17,12,8,17,6,2,2
81505,2026-04-09 22:23:26,4,4,4,steal,steal,steal,steal,4,true,0,45236944389320,262608,5,5,1,11,0,3,0,0,0,144666,225000,47,0,64.3,bonus_as10_gae3_no,100,2575000,,LongExtraDayReduced,,"{""slot_on_"":""9670\/17000@m17""}",178,104,62,38,39,44,16,8,8,57,35,20,12,8,17,6,3,2
81506,2026-04-09 22:23:33,3,3,2,attack,attack,goldSack,gold,1,false,100000,45237354365520,262607,5,5,1,11,2,0,0,0,0,144666,225000,47,0,64.3,bonus_as10_gae3_no,100,2575000,,,,,179,106,62,38,39,44,16,8,8,58,37,20,12,8,17,6,3,2
81507,2026-04-09 22:23:34,6,6,6,spins,spins,spins,spins,5,true,10,45237354365520,262616,5,5,1,11,0,0,0,3,0,144666,225000,47,0,64.3,bonus_as10_gae3_no,100,2575000,,,,"{""bffc7787"":""1572\/9000@m7""}",180,106,62,38,42,44,16,8,8,59,37,20,12,11,17,6,3,2
81508,2026-04-09 22:23:37,30,2,2,accumulation,goldSack,goldSack,gold,1,false,150000,45237354515520,262615,5,5,1,11,0,0,0,0,1,144667,225000,47,1,64.3,bonus_as10_gae3_no,100,2575000,,,,,181,106,62,38,42,45,16,8,8,1,0,0,0,0,1,0,0,0
81509,2026-04-09 22:23:38,1,1,4,coin,coin,steal,gold,1,false,50000,45237354565520,262614,5,5,1,11,0,1,0,0,0,144667,225000,47,0,64.3,bonus_as10_gae3_no,100,2575000,,LongExtraDayReduced,LongExtraDayReduced,"{""slot_on_"":""9672\/17000@m17""}",182,106,63,38,42,45,16,8,8,2,0,1,0,0,1,0,0,0
81510,2026-04-09 22:23:38,1,1,4,coin,coin,steal,gold,1,false,50000,45237354615520,262613,5,5,1,11,0,1,0,0,0,144667,225000,47,0,64.3,bonus_as10_gae3_no,100,2575000,,,,,183,106,64,38,42,45,16,8,8,3,0,2,0,0,1,0,0,0
81511,2026-04-09 22:23:39,30,30,1,accumulation,accumulation,coin,gold,1,false,25000,45237354640520,262612,5,5,1,11,0,0,0,0,2,144669,225000,47,2,64.3,bonus_as10_gae3_no,100,2575000,,,,,184,106,64,38,42,47,16,8,8,4,0,2,0,0,3,0,0,0
81512,2026-04-09 22:23:40,3,6,2,attack,spins,goldSack,gold,1,false,100000,45237354740520,262611,5,5,1,11,1,0,0,1,0,144669,225000,47,0,64.3,bonus_as10_gae3_no,100,2575000,,,,,185,107,64,38,43,47,16,8,8,5,1,2,0,1,3,0,0,0
81513,2026-04-09 22:23:41,1,1,4,coin,coin,steal,gold,1,false,50000,45237354790520,262610,5,5,1,11,0,1,0,0,0,144669,225000,47,0,64.3,bonus_as10_gae3_no,100,2575000,,,,,186,107,65,38,43,47,16,8,8,6,1,3,0,1,3,0,0,0
81514,2026-04-09 22:23:41,3,6,2,attack,spins,goldSack,gold,1,false,100000,45237354890520,262609,5,5,1,11,1,0,0,1,0,144669,225000,47,0,64.3,bonus_as10_gae3_no,100,2575000,,,,,187,108,65,38,44,47,16,8,8,7,2,3,0,2,3,0,0,0
81515,2026-04-09 22:23:42,1,1,4,coin,coin,steal,gold,1,false,50000,45237354940520,262608,5,5,1,11,0,1,0,0,0,144669,225000,47,0,64.3,bonus_as10_gae3_no,100,2575000,,,,"{""bffc7787"":""1573\/9000@m7""}",188,108,66,38,44,47,16,8,8,8,2,4,0,2,3,0,0,0
81516,2026-04-09 22:23:43,3,3,2,attack,attack,goldSack,gold,1,false,100000,45237355040520,262607,5,5,1,11,2,0,0,0,0,144669,225000,47,0,64.3,bonus_as10_gae3_no,100,2575000,,,,,189,110,66,38,44,47,16,8,8,9,4,4,0,2,3,0,0,0
81517,2026-04-09 22:23:44,30,2,2,accumulation,goldSack,goldSack,gold,1,false,150000,45237355190520,262606,5,5,1,11,0,0,0,0,1,144670,225000,47,1,64.3,bonus_as10_gae3_no,100,2575000,,,,,190,110,66,38,44,48,16,8,8,10,4,4,0,2,4,0,0,0
81518,2026-04-09 22:23:46,2,2,2,goldSack,goldSack,goldSack,gold,1,true,2000000,45237357190520,262605,5,5,1,11,0,0,0,0,0,144670,225000,47,0,64.3,bonus_as10_gae3_no,100,2575000,,,,"{""e190af25"":""2312\/5000@m8""}",191,110,66,38,44,48,16,8,8,11,4,4,0,2,4,0,0,0
81519,2026-04-09 22:23:47,5,2,2,shield,goldSack,goldSack,gold,1,false,150000,45237357340520,262604,5,5,1,11,0,0,1,0,0,144670,225000,47,0,64.3,bonus_as10_gae3_no,100,2575000,,,,,192,110,66,39,44,48,16,8,8,12,4,4,1,2,4,0,0,0
81520,2026-04-09 22:23:48,30,2,2,accumulation,goldSack,goldSack,gold,1,false,150000,45237357490520,262603,5,5,1,11,0,0,0,0,1,144671,225000,47,1,64.3,bonus_as10_gae3_no,100,2575000,,LongExtraDayReduced,,"{""slot_on_"":""9673\/17000@m17""}",193,110,66,39,44,49,16,8,8,13,4,4,1,2,5,0,0,0
81521,2026-04-09 22:23:49,3,1,5,attack,coin,shield,gold,1,false,25000,45237357515520,262602,5,5,1,11,1,0,1,0,0,144671,225000,47,0,64.3,bonus_as10_gae3_no,100,2575000,,,,"{""c5261ecd"":""2799\/3800@m63""}",194,111,66,40,44,49,16,8,8,14,5,4,2,2,5,0,0,0
81522,2026-04-09 22:23:50,30,2,2,accumulation,goldSack,goldSack,gold,1,false,150000,45237357665520,262601,5,5,1,11,0,0,0,0,1,144672,225000,47,1,64.3,bonus_as10_gae3_no,100,2575000,LongExtraDayReduced,,LongExtraDayReduced,"{""slot_on_"":""9675\/17000@m17""}",195,111,66,40,44,50,16,8,8,15,5,4,2,2,6,0,0,0
81523,2026-04-09 22:23:51,1,1,1,coin,coin,coin,gold,1,true,250000,45237357915520,262600,5,5,1,11,0,0,0,0,0,144672,225000,47,0,64.3,bonus_as10_gae3_no,100,2575000,,,,,196,111,66,40,44,50,16,8,8,16,5,4,2,2,6,0,0,0
81524,2026-04-09 22:23:53,1,1,4,coin,coin,steal,gold,1,false,50000,45237357965520,262599,5,5,1,11,0,1,0,0,0,144672,225000,47,0,64.3,bonus_as10_gae3_no,100,2575000,,,,,197,111,67,40,44,50,16,8,8,17,5,5,2,2,6,0,0,0
81525,2026-04-09 22:23:58,30,2,2,accumulation,goldSack,goldSack,gold,1,false,225000000,45237582965520,261099,5,5,1500,11,0,0,0,0,1,146172,225000,47,1500,65.0,bonus_as10_gae3_no,100,2575000,,,,,198,111,67,40,44,51,16,8,8,18,5,5,2,2,7,0,0,0
81526,2026-04-09 22:23:59,4,4,4,steal,steal,steal,steal,4,true,0,45237582965520,259599,5,5,1500,11,0,3,0,0,0,146172,225000,47,0,65.0,bonus_as10_gae3_no,100,2575000,,,,,199,111,70,40,44,51,16,9,8,19,5,8,2,2,7,0,1,0
81527,2026-04-09 22:24:08,3,6,2,attack,spins,goldSack,gold,1,false,100000,45661314315520,259598,5,5,1,11,1,0,0,1,0,146172,225000,47,0,65.0,bonus_as10_gae3_no,100,2575000,,,,,200,112,70,40,45,51,16,9,8,20,6,8,2,3,7,0,1,0
81528,2026-04-09 22:24:09,1,4,5,coin,steal,shield,gold,1,false,25000,45661314340520,259597,5,5,1,11,0,1,1,0,0,146172,225000,47,0,65.0,bonus_as10_gae3_no,100,2575000,,LongExtraDayReduced,LongExtraDayReduced,"{""slot_on_"":""9677\/17000@m17""}",201,112,71,41,45,51,16,9,8,21,6,9,3,3,7,0,1,0
81529,2026-04-09 22:24:10,30,30,30,accumulation,accumulation,accumulation,gold,10,true,0,45661314340520,259596,5,5,1,11,0,0,0,0,3,146182,225000,47,10,65.0,bonus_as10_gae3_no,100,2575000,,,,"{""bffc7787"":""1574\/9000@m7""}",202,112,71,41,45,54,16,9,8,22,6,9,3,3,10,0,1,0
81530,2026-04-09 22:24:20,30,30,1,accumulation,accumulation,coin,gold,1,false,25000,45661314365520,259595,5,5,1,11,0,0,0,0,2,146184,225000,47,2,65.0,bonus_as10_gae3_no,100,2575000,,,,"{""c5261ecd"":""2801\/3800@m63""}",1,0,0,0,0,2,0,0,0,23,6,9,3,3,12,0,1,0
81531,2026-04-09 22:24:22,1,1,1,coin,coin,coin,gold,1,true,250000,45661314615520,259594,5,5,1,11,0,0,0,0,0,146184,225000,47,0,65.0,bonus_as10_gae3_no,100,2575000,,,,"{""e190af25"":""2314\/5000@m8""}",2,0,0,0,0,2,0,0,0,24,6,9,3,3,12,0,1,0
81532,2026-04-09 22:24:23,1,1,4,coin,coin,steal,gold,1,false,50000,45661314665520,259593,5,5,1,11,0,1,0,0,0,146184,225000,47,0,65.0,bonus_as10_gae3_no,100,2575000,,,,,3,0,1,0,0,2,0,0,0,25,6,10,3,3,12,0,1,0
81533,2026-04-09 22:24:23,2,2,2,goldSack,goldSack,goldSack,gold,1,true,2000000,45661316665520,259592,5,5,1,11,0,0,0,0,0,146184,225000,47,0,65.0,bonus_as10_gae3_no,100,2575000,,,LongExtraDayReduced,"{""slot_on_"":""9678\/17000@m17""}",4,0,1,0,0,2,0,0,0,26,6,10,3,3,12,0,1,0
81534,2026-04-09 22:24:24,1,5,5,coin,shield,shield,gold,1,false,25000,45661316690520,259591,5,5,1,11,0,0,2,0,0,146184,225000,47,0,65.0,bonus_as10_gae3_no,100,2575000,LongExtraDayReduced,,,"{""slot_on_"":""9679\/17000@m17""}",5,0,1,2,0,2,0,0,0,27,6,10,5,3,12,0,1,0
81535,2026-04-09 22:24:25,30,30,1,accumulation,accumulation,coin,gold,1,false,25000,45661316715520,259590,5,5,1,11,0,0,0,0,2,146186,225000,47,2,65.0,bonus_as10_gae3_no,100,2575000,LongExtraDayReduced,,,"{""slot_on_"":""9680\/17000@m17""}",6,0,1,2,0,4,0,0,0,28,6,10,5,3,14,0,1,0
81536,2026-04-09 22:24:26,1,4,5,coin,steal,shield,gold,1,false,25000,45661316740520,259589,5,5,1,11,0,1,1,0,0,146186,225000,47,0,65.0,bonus_as10_gae3_no,100,2575000,,,,,7,0,2,3,0,4,0,0,0,29,6,11,6,3,14,0,1,0
81537,2026-04-09 22:24:27,1,4,4,coin,steal,steal,gold,1,false,25000,45661316765520,259588,5,5,1,11,0,2,0,0,0,146186,225000,47,0,65.0,bonus_as10_gae3_no,100,2575000,,,,,8,0,4,3,0,4,0,0,0,30,6,13,6,3,14,0,1,0
81538,2026-04-09 22:24:27,4,4,4,steal,steal,steal,steal,4,true,0,45661316765520,259587,5,5,1,11,0,3,0,0,0,146186,225000,47,0,65.0,bonus_as10_gae3_no,100,2575000,,,,,9,0,7,3,0,4,0,1,0,31,6,16,6,3,14,0,2,0
81539,2026-04-09 22:24:34,2,2,2,goldSack,goldSack,goldSack,gold,1,true,2000000,45661786232720,259586,5,5,1,11,0,0,0,0,0,146186,225000,47,0,65.0,bonus_as10_gae3_no,100,2575000,,,,,10,0,7,3,0,4,0,1,0,32,6,16,6,3,14,0,2,0
81540,2026-04-09 22:24:35,5,5,5,shield,shield,shield,shield,3,true,1,45661786232720,259586,5,5,1,11,0,0,3,0,0,146186,225000,47,0,65.0,bonus_as10_gae3_no,100,2575000,,,,,11,0,7,6,0,4,0,1,1,33,6,16,9,3,14,0,2,1
81541,2026-04-09 22:24:36,3,3,2,attack,attack,goldSack,gold,1,false,100000,45661786332720,259585,5,5,1,11,2,0,0,0,0,146186,225000,47,0,65.0,bonus_as10_gae3_no,100,2575000,,,,,12,2,7,6,0,4,0,1,1,34,8,16,9,3,14,0,2,1
81542,2026-04-09 22:24:37,5,5,5,shield,shield,shield,shield,3,true,1,45661786332720,259585,5,5,1,11,0,0,3,0,0,146186,225000,47,0,65.0,bonus_as10_gae3_no,100,2575000,,,,,13,2,7,9,0,4,0,1,2,35,8,16,12,3,14,0,2,2
81543,2026-04-09 22:24:38,3,6,2,attack,spins,goldSack,gold,1,false,100000,45661786432720,259584,5,5,1,11,1,0,0,1,0,146186,225000,47,0,65.0,bonus_as10_gae3_no,100,2575000,,,LongExtraDayReduced,"{""slot_on_"":""9681\/17000@m17"",""e190af25"":""2316\/5000@m8""}",14,3,7,9,1,4,0,1,2,36,9,16,12,4,14,0,2,2
81544,2026-04-09 22:24:39,1,1,1,coin,coin,coin,gold,1,true,250000,45661786682720,259583,5,5,1,11,0,0,0,0,0,146186,225000,47,0,65.0,bonus_as10_gae3_no,100,2575000,,LongExtraDayReduced,LongExtraDayReduced,"{""slot_on_"":""9683\/17000@m17""}",15,3,7,9,1,4,0,1,2,37,9,16,12,4,14,0,2,2
81545,2026-04-09 22:24:40,30,2,2,accumulation,goldSack,goldSack,gold,1,false,150000,45661786832720,259582,5,5,1,11,0,0,0,0,1,146187,225000,47,1,65.0,bonus_as10_gae3_no,100,2575000,,,,,16,3,7,9,1,5,0,1,2,38,9,16,12,4,15,0,2,2
81546,2026-04-09 22:24:41,1,1,1,coin,coin,coin,gold,1,true,250000,45661787082720,259581,5,5,1,11,0,0,0,0,0,146187,225000,47,0,65.0,bonus_as10_gae3_no,100,2575000,LongExtraDayReduced,LongExtraDayReduced,LongExtraDayReduced,"{""slot_on_"":""9688\/17000@m17"",""bffc7787"":""1575\/9000@m7""}",17,3,7,9,1,5,0,1,2,39,9,16,12,4,15,0,2,2
81547,2026-04-09 22:24:42,1,1,1,coin,coin,coin,gold,1,true,250000,45661787332720,259580,5,5,1,11,0,0,0,0,0,146187,225000,47,0,65.0,bonus_as10_gae3_no,100,2575000,,,LongExtraDayReduced,"{""slot_on_"":""9689\/17000@m17""}",18,3,7,9,1,5,0,1,2,40,9,16,12,4,15,0,2,2
81548,2026-04-09 22:24:43,1,4,5,coin,steal,shield,gold,1,false,25000,45661787357720,259579,5,5,1,11,0,1,1,0,0,146187,225000,47,0,65.0,bonus_as10_gae3_no,100,2575000,,,,"{""c5261ecd"":""2803\/3800@m63""}",19,3,8,10,1,5,0,1,2,41,9,17,13,4,15,0,2,2
81549,2026-04-09 22:24:43,30,30,3,accumulation,accumulation,attack,gold,6,false,0,45661787357720,259578,5,5,1,11,1,0,0,0,2,146189,225000,47,2,65.0,bonus_as10_gae3_no,100,2575000,,,,,20,4,8,10,1,7,0,1,2,42,10,17,13,4,17,0,2,2
81550,2026-04-09 22:24:44,3,6,2,attack,spins,goldSack,gold,1,false,100000,45661787457720,259577,5,5,1,11,1,0,0,1,0,146189,225000,47,0,65.0,bonus_as10_gae3_no,100,2575000,,,,,21,5,8,10,2,7,0,1,2,43,11,17,13,5,17,0,2,2
81551,2026-04-09 22:24:45,5,2,2,shield,goldSack,goldSack,gold,1,false,150000,45661787607720,259576,5,5,1,11,0,0,1,0,0,146189,225000,47,0,65.0,bonus_as10_gae3_no,100,2575000,,,,,22,5,8,11,2,7,0,1,2,44,11,17,14,5,17,0,2,2
81552,2026-04-09 22:24:46,1,1,4,coin,coin,steal,gold,1,false,50000,45661787657720,259575,5,5,1,11,0,1,0,0,0,146189,225000,47,0,65.0,bonus_as10_gae3_no,100,2575000,,LongExtraDayReduced,,"{""slot_on_"":""9690\/17000@m17""}",23,5,9,11,2,7,0,1,2,45,11,18,14,5,17,0,2,2
81553,2026-04-09 22:24:47,3,6,2,attack,spins,goldSack,gold,1,false,100000,45661787757720,259574,5,5,1,11,1,0,0,1,0,146189,225000,47,0,65.0,bonus_as10_gae3_no,100,2575000,,,,,24,6,9,11,3,7,0,1,2,46,12,18,14,6,17,0,2,2
81554,2026-04-09 22:24:47,30,2,2,accumulation,goldSack,goldSack,gold,1,false,150000,45661787907720,259573,5,5,1,11,0,0,0,0,1,146190,225000,47,1,65.0,bonus_as10_gae3_no,100,2575000,,,,,25,6,9,11,3,8,0,1,2,47,12,18,14,6,18,0,2,2
81555,2026-04-09 22:24:48,3,3,2,attack,attack,goldSack,gold,1,false,100000,45661788007720,259572,5,5,1,11,2,0,0,0,0,146190,225000,47,0,65.0,bonus_as10_gae3_no,100,2575000,LongExtraDayReduced,LongExtraDayReduced,,"{""slot_on_"":""9692\/17000@m17""}",26,8,9,11,3,8,0,1,2,48,14,18,14,6,18,0,2,2
81556,2026-04-09 22:24:49,30,2,2,accumulation,goldSack,goldSack,gold,1,false,150000,45661788157720,259571,5,5,1,11,0,0,0,0,1,146191,225000,47,1,65.0,bonus_as10_gae3_no,100,2575000,,,,,27,8,9,11,3,9,0,1,2,49,14,18,14,6,19,0,2,2
81557,2026-04-09 22:24:50,5,5,5,shield,shield,shield,shield,3,true,1,45661788157720,259571,5,5,1,11,0,0,3,0,0,146191,225000,47,0,65.0,bonus_as10_gae3_no,100,2575000,,,,,28,8,9,14,3,9,0,1,3,50,14,18,17,6,19,0,2,3
81558,2026-04-09 22:24:51,1,1,4,coin,coin,steal,gold,1,false,50000,45661788207720,259570,5,5,1,11,0,1,0,0,0,146191,225000,47,0,65.0,bonus_as10_gae3_no,100,2575000,,,,,29,8,10,14,3,9,0,1,3,51,14,19,17,6,19,0,2,3
81559,2026-04-09 22:24:52,1,4,5,coin,steal,shield,gold,1,false,25000,45661788232720,259569,5,5,1,11,0,1,1,0,0,146191,225000,47,0,65.0,bonus_as10_gae3_no,100,2575000,,,,,30,8,11,15,3,9,0,1,3,52,14,20,18,6,19,0,2,3
81560,2026-04-09 22:24:52,2,2,2,goldSack,goldSack,goldSack,gold,1,true,2000000,45661790232720,259568,5,5,1,11,0,0,0,0,0,146191,225000,47,0,65.0,bonus_as10_gae3_no,100,2575000,,,,,31,8,11,15,3,9,0,1,3,53,14,20,18,6,19,0,2,3
81561,2026-04-09 22:24:53,1,1,4,coin,coin,steal,gold,1,false,50000,45661790282720,259567,5,5,1,11,0,1,0,0,0,146191,225000,47,0,65.0,bonus_as10_gae3_no,100,2575000,,,LongExtraDayReduced,"{""slot_on_"":""9693\/17000@m17""}",32,8,12,15,3,9,0,1,3,54,14,21,18,6,19,0,2,3
81562,2026-04-09 22:24:54,30,30,1,accumulation,accumulation,coin,gold,1,false,25000,45661790307720,259566,5,5,1,11,0,0,0,0,2,146193,225000,47,2,65.0,bonus_as10_gae3_no,100,2575000,,,,"{""bffc7787"":""1576\/9000@m7""}",33,8,12,15,3,11,0,1,3,55,14,21,18,6,21,0,2,3
81563,2026-04-09 22:24:55,1,6,6,coin,spins,spins,gold,1,false,25000,45661790332720,259565,5,5,1,11,0,0,0,2,0,146193,225000,47,0,65.0,bonus_as10_gae3_no,100,2575000,,,,"{""e190af25"":""2318\/5000@m8""}",34,8,12,15,5,11,0,1,3,56,14,21,18,8,21,0,2,3
81564,2026-04-09 22:24:56,3,6,2,attack,spins,goldSack,gold,1,false,100000,45661790432720,259564,5,5,1,11,1,0,0,1,0,146193,225000,47,0,65.0,bonus_as10_gae3_no,100,2575000,,,,,35,9,12,15,6,11,0,1,3,57,15,21,18,9,21,0,2,3
81565,2026-04-09 22:24:57,2,2,2,goldSack,goldSack,goldSack,gold,1,true,2000000,45661792432720,259563,5,5,1,11,0,0,0,0,0,146193,225000,47,0,65.0,bonus_as10_gae3_no,100,2575000,,,,,36,9,12,15,6,11,0,1,3,58,15,21,18,9,21,0,2,3
81566,2026-04-09 22:24:57,3,6,2,attack,spins,goldSack,gold,1,false,100000,45661792532720,259562,5,5,1,11,1,0,0,1,0,146193,225000,47,0,65.0,bonus_as10_gae3_no,100,2575000,,,,,37,10,12,15,7,11,0,1,3,59,16,21,18,10,21,0,2,3
81567,2026-04-09 22:24:58,3,3,3,attack,attack,attack,attack,2,true,0,45661792532720,259561,5,5,1,11,3,0,0,0,0,146193,225000,47,0,65.0,bonus_as10_gae3_no,100,2575000,,,,,38,13,12,15,7,11,1,1,3,60,19,21,18,10,21,1,2,3
81568,2026-04-09 22:25:03,3,6,2,attack,spins,goldSack,gold,1,false,100000,45661837934720,259560,5,5,1,11,1,0,0,1,0,146193,225000,47,0,65.0,bonus_as10_gae3_no,100,2575000,,,,"{""c5261ecd"":""2805\/3800@m63""}",39,14,12,15,8,11,1,1,3,61,20,21,18,11,21,1,2,3
81569,2026-04-09 22:25:04,2,2,2,goldSack,goldSack,goldSack,gold,1,true,2000000,45661839934720,259559,5,5,1,11,0,0,0,0,0,146193,225000,47,0,65.0,bonus_as10_gae3_no,100,2575000,,,,,40,14,12,15,8,11,1,1,3,62,20,21,18,11,21,1,2,3
81570,2026-04-09 22:25:05,5,5,5,shield,shield,shield,shield,3,true,1,45661839934720,259559,5,5,1,11,0,0,3,0,0,146193,225000,47,0,65.0,bonus_as10_gae3_no,100,2575000,,,LongExtraDayReduced,"{""slot_on_"":""9694\/17000@m17""}",41,14,12,18,8,11,1,1,4,63,20,21,21,11,21,1,2,4
81571,2026-04-09 22:25:06,1,4,4,coin,steal,steal,gold,1,false,25000,45661839959720,259558,5,5,1,11,0,2,0,0,0,146193,225000,47,0,65.0,bonus_as10_gae3_no,100,2575000,,LongExtraDayReduced,,"{""slot_on_"":""9695\/17000@m17""}",42,14,14,18,8,11,1,1,4,64,20,23,21,11,21,1,2,4
81572,2026-04-09 22:25:07,30,2,2,accumulation,goldSack,goldSack,gold,1,false,150000,45661840109720,259557,5,5,1,11,0,0,0,0,1,146194,225000,47,1,65.0,bonus_as10_gae3_no,100,2575000,,,,"{""bffc7787"":""1577\/9000@m7""}",43,14,14,18,8,12,1,1,4,65,20,23,21,11,22,1,2,4
81573,2026-04-09 22:25:08,1,1,4,coin,coin,steal,gold,1,false,50000,45661840159720,259556,5,5,1,11,0,1,0,0,0,146194,225000,47,0,65.0,bonus_as10_gae3_no,100,2575000,,LongExtraDayReduced,,"{""slot_on_"":""9696\/17000@m17""}",44,14,15,18,8,12,1,1,4,66,20,24,21,11,22,1,2,4
81574,2026-04-09 22:25:09,3,6,2,attack,spins,goldSack,gold,1,false,100000,45661840259720,259555,5,5,1,11,1,0,0,1,0,146194,225000,47,0,65.0,bonus_as10_gae3_no,100,2575000,,,,,45,15,15,18,9,12,1,1,4,67,21,24,21,12,22,1,2,4
81575,2026-04-09 22:25:09,1,1,4,coin,coin,steal,gold,1,false,50000,45661840309720,259554,5,5,1,11,0,1,0,0,0,146194,225000,47,0,65.0,bonus_as10_gae3_no,100,2575000,,,,"{""e190af25"":""2320\/5000@m8""}",46,15,16,18,9,12,1,1,4,68,21,25,21,12,22,1,2,4
81576,2026-04-09 22:25:10,1,1,1,coin,coin,coin,gold,1,true,250000,45661840559720,259553,5,5,1,11,0,0,0,0,0,146194,225000,47,0,65.0,bonus_as10_gae3_no,100,2575000,,,,,47,15,16,18,9,12,1,1,4,69,21,25,21,12,22,1,2,4
81577,2026-04-09 22:25:11,1,1,1,coin,coin,coin,gold,1,true,250000,45661840809720,259552,5,5,1,11,0,0,0,0,0,146194,225000,47,0,65.0,bonus_as10_gae3_no,100,2575000,,,,,48,15,16,18,9,12,1,1,4,70,21,25,21,12,22,1,2,4
81578,2026-04-09 22:25:11,1,6,6,coin,spins,spins,gold,1,false,25000,45661840834720,259551,5,5,1,11,0,0,0,2,0,146194,225000,47,0,65.0,bonus_as10_gae3_no,100,2575000,,,,,49,15,16,18,11,12,1,1,4,71,21,25,21,14,22,1,2,4
81579,2026-04-09 22:25:12,30,2,2,accumulation,goldSack,goldSack,gold,1,false,150000,45661840984720,259550,5,5,1,11,0,0,0,0,1,146195,225000,47,1,65.0,bonus_as10_gae3_no,100,2575000,,,,,50,15,16,18,11,13,1,1,4,72,21,25,21,14,23,1,2,4
81580,2026-04-09 22:25:13,6,6,6,spins,spins,spins,spins,5,true,10,45661840984720,259559,5,5,1,11,0,0,0,3,0,146195,225000,47,0,65.0,bonus_as10_gae3_no,100,2575000,,,,"{""c5261ecd"":""2807\/3800@m63""}",51,15,16,18,14,13,1,1,4,73,21,25,21,17,23,1,2,4
81581,2026-04-09 22:25:15,2,2,2,goldSack,goldSack,goldSack,gold,1,true,2000000,45661842984720,259558,5,5,1,11,0,0,0,0,0,146195,225000,47,0,65.0,bonus_as10_gae3_no,100,2575000,LongExtraDayReduced,,LongExtraDayReduced,"{""slot_on_"":""9698\/17000@m17"",""bffc7787"":""1578\/9000@m7""}",52,15,16,18,14,13,1,1,4,1,0,0,0,0,0,0,0,0
81582,2026-04-09 22:25:16,3,3,1,attack,attack,coin,gold,1,false,25000,45661843009720,259557,5,5,1,11,2,0,0,0,0,146195,225000,47,0,65.0,bonus_as10_gae3_no,100,2575000,,,LongExtraDayReduced,"{""slot_on_"":""9699\/17000@m17""}",53,17,16,18,14,13,1,1,4,2,2,0,0,0,0,0,0,0
81583,2026-04-09 22:25:16,1,6,6,coin,spins,spins,gold,1,false,25000,45661843034720,259556,5,5,1,11,0,0,0,2,0,146195,225000,47,0,65.0,bonus_as10_gae3_no,100,2575000,,,,,54,17,16,18,16,13,1,1,4,3,2,0,0,2,0,0,0,0
81584,2026-04-09 22:25:19,30,30,3,accumulation,accumulation,attack,gold,6,false,0,45661843034720,259555,5,5,1,11,1,0,0,0,2,146197,225000,47,2,65.0,bonus_as10_gae3_no,100,2575000,,,,,55,18,16,18,16,15,1,1,4,4,3,0,0,2,2,0,0,0
81585,2026-04-09 22:25:21,3,3,3,attack,attack,attack,attack,2,true,0,45661843034720,259554,5,5,1,11,3,0,0,0,0,146197,225000,47,0,65.0,bonus_as10_gae3_no,100,2575000,,,,,56,21,16,18,16,15,2,1,4,5,6,0,0,2,2,1,0,0
81586,2026-04-09 22:25:26,3,6,2,attack,spins,goldSack,gold,1,false,100000,45661888436720,259553,5,5,1,11,1,0,0,1,0,146197,225000,47,0,65.0,bonus_as10_gae3_no,100,2575000,,,,,57,22,16,18,17,15,2,1,4,6,7,0,0,3,2,1,0,0
81587,2026-04-09 22:25:26,1,1,4,coin,coin,steal,gold,1,false,50000,45661888486720,259552,5,5,1,11,0,1,0,0,0,146197,225000,47,0,65.0,bonus_as10_gae3_no,100,2575000,LongExtraDayReduced,,LongExtraDayReduced,"{""slot_on_"":""9701\/17000@m17""}",58,22,17,18,17,15,2,1,4,7,7,1,0,3,2,1,0,0
81588,2026-04-09 22:25:27,1,4,5,coin,steal,shield,gold,1,false,25000,45661888511720,259551,5,5,1,11,0,1,1,0,0,146197,225000,47,0,65.0,bonus_as10_gae3_no,100,2575000,,,,,59,22,18,19,17,15,2,1,4,8,7,2,1,3,2,1,0,0
81589,2026-04-09 22:25:28,30,30,1,accumulation,accumulation,coin,gold,1,false,25000,45661888536720,259550,5,5,1,11,0,0,0,0,2,146199,225000,47,2,65.0,bonus_as10_gae3_no,100,2575000,,,,,60,22,18,19,17,17,2,1,4,9,7,2,1,3,4,1,0,0
81590,2026-04-09 22:25:29,3,6,2,attack,spins,goldSack,gold,1,false,100000,45661888636720,259549,5,5,1,11,1,0,0,1,0,146199,225000,47,0,65.0,bonus_as10_gae3_no,100,2575000,LongExtraDayReduced,,,"{""slot_on_"":""9702\/17000@m17""}",61,23,18,19,18,17,2,1,4,10,8,2,1,4,4,1,0,0
81591,2026-04-09 22:25:30,3,4,2,attack,steal,goldSack,gold,1,false,100000,45661888736720,259548,5,5,1,11,1,1,0,0,0,146199,225000,47,0,65.0,bonus_as10_gae3_no,100,2575000,,,,,62,24,19,19,18,17,2,1,4,11,9,3,1,4,4,1,0,0
81592,2026-04-09 22:25:31,30,30,1,accumulation,accumulation,coin,gold,1,false,25000,45661888761720,259547,5,5,1,11,0,0,0,0,2,146201,225000,47,2,65.0,bonus_as10_gae3_no,100,2575000,,,,"{""bffc7787"":""1579\/9000@m7""}",63,24,19,19,18,19,2,1,4,12,9,3,1,4,6,1,0,0
81593,2026-04-09 22:25:32,2,2,2,goldSack,goldSack,goldSack,gold,1,true,2000000,45661890761720,259546,5,5,1,11,0,0,0,0,0,146201,225000,47,0,65.0,bonus_as10_gae3_no,100,2575000,LongExtraDayReduced,,,"{""slot_on_"":""9703\/17000@m17""}",64,24,19,19,18,19,2,1,4,13,9,3,1,4,6,1,0,0
81594,2026-04-09 22:25:32,3,3,3,attack,attack,attack,attack,2,true,0,45661890761720,259545,5,5,1,11,3,0,0,0,0,146201,225000,47,0,65.0,bonus_as10_gae3_no,100,2575000,,,,,65,27,19,19,18,19,3,1,4,14,12,3,1,4,6,2,0,0
81595,2026-04-09 22:25:38,3,6,2,attack,spins,goldSack,gold,1,false,100000,45661936163720,259544,5,5,1,11,1,0,0,1,0,146201,225000,47,0,65.0,bonus_as10_gae3_no,100,2575000,,LongExtraDayReduced,,"{""slot_on_"":""9704\/17000@m17"",""e190af25"":""2322\/5000@m8""}",66,28,19,19,19,19,3,1,4,15,13,3,1,5,6,2,0,0
81596,2026-04-09 22:25:39,30,2,2,accumulation,goldSack,goldSack,gold,1,false,150000,45661936313720,259543,5,5,1,11,0,0,0,0,1,146202,225000,47,1,65.0,bonus_as10_gae3_no,100,2575000,,,,,67,28,19,19,19,20,3,1,4,16,13,3,1,5,7,2,0,0
81597,2026-04-09 22:25:40,30,2,2,accumulation,goldSack,goldSack,gold,1,false,150000,45661936463720,259542,5,5,1,11,0,0,0,0,1,146203,225000,47,1,65.0,bonus_as10_gae3_no,100,2575000,,,,,68,28,19,19,19,21,3,1,4,17,13,3,1,5,8,2,0,0
81598,2026-04-09 22:25:41,2,2,2,goldSack,goldSack,goldSack,gold,1,true,2000000,45661938463720,259541,5,5,1,11,0,0,0,0,0,146203,225000,47,0,65.0,bonus_as10_gae3_no,100,2575000,,,,"{""e190af25"":""2324\/5000@m8""}",69,28,19,19,19,21,3,1,4,18,13,3,1,5,8,2,0,0
81599,2026-04-09 22:25:42,1,4,5,coin,steal,shield,gold,1,false,25000,45661938488720,259540,5,5,1,11,0,1,1,0,0,146203,225000,47,0,65.0,bonus_as10_gae3_no,100,2575000,,,,"{""c5261ecd"":""2809\/3800@m63""}",70,28,20,20,19,21,3,1,4,19,13,4,2,5,8,2,0,0
81600,2026-04-09 22:25:43,30,2,2,accumulation,goldSack,goldSack,gold,1,false,150000,45661938638720,259539,5,5,1,11,0,0,0,0,1,146204,225000,47,1,65.0,bonus_as10_gae3_no,100,2575000,,,,"{""bffc7787"":""1580\/9000@m7""}",71,28,20,20,19,22,3,1,4,20,13,4,2,5,9,2,0,0
81601,2026-04-09 22:25:44,3,6,2,attack,spins,goldSack,gold,1,false,100000,45661938738720,259538,5,5,1,11,1,0,0,1,0,146204,225000,47,0,65.0,bonus_as10_gae3_no,100,2575000,LongExtraDayReduced,,,"{""slot_on_"":""9705\/17000@m17""}",72,29,20,20,20,22,3,1,4,21,14,4,2,6,9,2,0,0
81602,2026-04-09 22:25:45,30,2,2,accumulation,goldSack,goldSack,gold,1,false,150000,45661938888720,259537,5,5,1,11,0,0,0,0,1,146205,225000,47,1,65.0,bonus_as10_gae3_no,100,2575000,,LongExtraDayReduced,LongExtraDayReduced,"{""slot_on_"":""9707\/17000@m17""}",73,29,20,20,20,23,3,1,4,22,14,4,2,6,10,2,0,0
81603,2026-04-09 22:25:46,3,6,2,attack,spins,goldSack,gold,1,false,100000,45661938988720,259536,5,5,1,11,1,0,0,1,0,146205,225000,47,0,65.0,bonus_as10_gae3_no,100,2575000,,,,,74,30,20,20,21,23,3,1,4,23,15,4,2,7,10,2,0,0
81604,2026-04-09 22:25:47,30,2,2,accumulation,goldSack,goldSack,gold,1,false,150000,45661939138720,259535,5,5,1,11,0,0,0,0,1,146206,225000,47,1,65.0,bonus_as10_gae3_no,100,2575000,LongExtraDayReduced,,,"{""slot_on_"":""9708\/17000@m17""}",75,30,20,20,21,24,3,1,4,24,15,4,2,7,11,2,0,0
81605,2026-04-09 22:25:48,30,2,2,accumulation,goldSack,goldSack,gold,1,false,150000,45661939288720,259534,5,5,1,11,0,0,0,0,1,146207,225000,47,1,65.0,bonus_as10_gae3_no,100,2575000,,,,,76,30,20,20,21,25,3,1,4,25,15,4,2,7,12,2,0,0
81606,2026-04-09 22:25:49,30,2,2,accumulation,goldSack,goldSack,gold,1,false,150000,45661939438720,259533,5,5,1,11,0,0,0,0,1,146208,225000,47,1,65.0,bonus_as10_gae3_no,100,2575000,,,,,77,30,20,20,21,26,3,1,4,26,15,4,2,7,13,2,0,0
81607,2026-04-09 22:25:50,3,3,1,attack,attack,coin,gold,1,false,25000,45661939463720,259532,5,5,1,11,2,0,0,0,0,146208,225000,47,0,65.0,bonus_as10_gae3_no,100,2575000,,,,"{""e190af25"":""2326\/5000@m8""}",78,32,20,20,21,26,3,1,4,27,17,4,2,7,13,2,0,0
81608,2026-04-09 22:25:51,3,6,2,attack,spins,goldSack,gold,1,false,100000,45661939563720,259531,5,5,1,11,1,0,0,1,0,146208,225000,47,0,65.0,bonus_as10_gae3_no,100,2575000,,,,,79,33,20,20,22,26,3,1,4,28,18,4,2,8,13,2,0,0
81609,2026-04-09 22:25:51,30,2,2,accumulation,goldSack,goldSack,gold,1,false,150000,45661939713720,259530,5,5,1,11,0,0,0,0,1,146209,225000,47,1,65.0,bonus_as10_gae3_no,100,2575000,,,,,80,33,20,20,22,27,3,1,4,29,18,4,2,8,14,2,0,0
81610,2026-04-09 22:25:52,1,4,4,coin,steal,steal,gold,1,false,25000,45661939738720,259529,5,5,1,11,0,2,0,0,0,146209,225000,47,0,65.0,bonus_as10_gae3_no,100,2575000,LongExtraDayReduced,,,"{""slot_on_"":""9709\/17000@m17""}",81,33,22,20,22,27,3,1,4,30,18,6,2,8,14,2,0,0
81611,2026-04-09 22:25:53,1,1,4,coin,coin,steal,gold,1,false,50000,45661939788720,259528,5,5,1,11,0,1,0,0,0,146209,225000,47,0,65.0,bonus_as10_gae3_no,100,2575000,,,,,82,33,23,20,22,27,3,1,4,31,18,7,2,8,14,2,0,0
81612,2026-04-09 22:25:54,30,2,2,accumulation,goldSack,goldSack,gold,1,false,150000,45661939938720,259527,5,5,1,11,0,0,0,0,1,146210,225000,47,1,65.0,bonus_as10_gae3_no,100,2575000,,,,"{""c5261ecd"":""2811\/3800@m63""}",83,33,23,20,22,28,3,1,4,32,18,7,2,8,15,2,0,0
81613,2026-04-09 22:25:55,3,6,2,attack,spins,goldSack,gold,1,false,100000,45661940038720,259526,5,5,1,11,1,0,0,1,0,146210,225000,47,0,65.0,bonus_as10_gae3_no,100,2575000,,,,,84,34,23,20,23,28,3,1,4,33,19,7,2,9,15,2,0,0
81614,2026-04-09 22:25:56,3,3,2,attack,attack,goldSack,gold,1,false,100000,45661940138720,259525,5,5,1,11,2,0,0,0,0,146210,225000,47,0,65.0,bonus_as10_gae3_no,100,2575000,,,,,85,36,23,20,23,28,3,1,4,34,21,7,2,9,15,2,0,0
81615,2026-04-09 22:25:56,3,3,3,attack,attack,attack,attack,2,true,0,45661940138720,259524,5,5,1,11,3,0,0,0,0,146210,225000,47,0,65.0,bonus_as10_gae3_no,100,2575000,,,,,86,39,23,20,23,28,4,1,4,35,24,7,2,9,15,3,0,0
81616,2026-04-09 22:26:01,3,6,2,attack,spins,goldSack,gold,1,false,100000,45661985540720,259523,5,5,1,11,1,0,0,1,0,146210,225000,47,0,65.0,bonus_as10_gae3_no,100,2575000,,,,,87,40,23,20,24,28,4,1,4,36,25,7,2,10,15,3,0,0
81617,2026-04-09 22:26:02,1,1,4,coin,coin,steal,gold,1,false,50000,45661985590720,259522,5,5,1,11,0,1,0,0,0,146210,225000,47,0,65.0,bonus_as10_gae3_no,100,2575000,LongExtraDayReduced,,,"{""slot_on_"":""9710\/17000@m17""}",88,40,24,20,24,28,4,1,4,37,25,8,2,10,15,3,0,0
81618,2026-04-09 22:26:02,4,4,4,steal,steal,steal,steal,4,true,0,45661985590720,259521,5,5,1,11,0,3,0,0,0,146210,225000,47,0,65.0,bonus_as10_gae3_no,100,2575000,,,,,89,40,27,20,24,28,4,2,4,38,25,11,2,10,15,3,1,0
81619,2026-04-09 22:26:09,30,2,2,accumulation,goldSack,goldSack,gold,1,false,150000,45662297293720,259520,5,5,1,11,0,0,0,0,1,146211,225000,47,1,65.0,bonus_as10_gae3_no,100,2575000,LongExtraDayReduced,LongExtraDayReduced,LongExtraDayReduced,"{""slot_on_"":""9715\/17000@m17""}",90,40,27,20,24,29,4,2,4,39,25,11,2,10,16,3,1,0
81620,2026-04-09 22:26:11,3,3,3,attack,attack,attack,attack,2,true,0,45662297293720,259519,5,5,1,11,3,0,0,0,0,146211,225000,47,0,65.0,bonus_as10_gae3_no,100,2575000,,,,"{""bffc7787"":""1581\/9000@m7""}",91,43,27,20,24,29,5,2,4,40,28,11,2,10,16,4,1,0
81621,2026-04-09 22:26:15,3,3,3,attack,attack,attack,attack,2,true,0,45662342595720,259518,5,5,1,11,3,0,0,0,0,146211,225000,47,0,65.0,bonus_as10_gae3_no,100,2575000,,,,,92,46,27,20,24,29,6,2,4,41,31,11,2,10,16,5,1,0
81622,2026-04-09 22:26:20,1,4,5,coin,steal,shield,gold,1,false,25000,45662387922720,259517,5,5,1,11,0,1,1,0,0,146211,225000,47,0,65.0,bonus_as10_gae3_no,100,2575000,,,,,93,46,28,21,24,29,6,2,4,42,31,12,3,10,16,5,1,0
81623,2026-04-09 22:26:21,1,1,1,coin,coin,coin,gold,1,true,250000,45662388172720,259516,5,5,1,11,0,0,0,0,0,146211,225000,47,0,65.0,bonus_as10_gae3_no,100,2575000,,,,,94,46,28,21,24,29,6,2,4,43,31,12,3,10,16,5,1,0
81624,2026-04-09 22:26:21,1,4,5,coin,steal,shield,gold,1,false,25000,45662388197720,259515,5,5,1,11,0,1,1,0,0,146211,225000,47,0,65.0,bonus_as10_gae3_no,100,2575000,LongExtraDayReduced,,,"{""slot_on_"":""9716\/17000@m17"",""e190af25"":""2328\/5000@m8""}",95,46,29,22,24,29,6,2,4,44,31,13,4,10,16,5,1,0
81625,2026-04-09 22:26:22,1,1,1,coin,coin,coin,gold,1,true,250000,45662388447720,259514,5,5,1,11,0,0,0,0,0,146211,225000,47,0,65.0,bonus_as10_gae3_no,100,2575000,,,,,96,46,29,22,24,29,6,2,4,45,31,13,4,10,16,5,1,0
81626,2026-04-09 22:26:23,3,4,2,attack,steal,goldSack,gold,1,false,100000,45662388547720,259513,5,5,1,11,1,1,0,0,0,146211,225000,47,0,65.0,bonus_as10_gae3_no,100,2575000,,,LongExtraDayReduced,"{""slot_on_"":""9717\/17000@m17""}",97,47,30,22,24,29,6,2,4,46,32,14,4,10,16,5,1,0
81627,2026-04-09 22:26:24,2,2,2,goldSack,goldSack,goldSack,gold,1,true,2000000,45662390547720,259512,5,5,1,11,0,0,0,0,0,146211,225000,47,0,65.0,bonus_as10_gae3_no,100,2575000,,,,,98,47,30,22,24,29,6,2,4,47,32,14,4,10,16,5,1,0
81628,2026-04-09 22:26:25,30,30,1,accumulation,accumulation,coin,gold,1,false,25000,45662390572720,259511,5,5,1,11,0,0,0,0,2,146213,225000,47,2,65.0,bonus_as10_gae3_no,100,2575000,,,,,99,47,30,22,24,31,6,2,4,48,32,14,4,10,18,5,1,0
81629,2026-04-09 22:26:28,4,4,4,steal,steal,steal,steal,4,true,0,45662390572720,259510,5,5,1,11,0,3,0,0,0,146213,225000,47,0,65.0,bonus_as10_gae3_no,100,2575000,,,LongExtraDayReduced,"{""slot_on_"":""9718\/17000@m17""}",100,47,33,22,24,31,6,3,4,49,32,17,4,10,18,5,2,0
81630,2026-04-09 22:26:34,1,5,5,coin,shield,shield,gold,1,false,25000,45662700827720,259509,5,5,1,11,0,0,2,0,0,146213,225000,47,0,65.0,bonus_as10_gae3_no,100,2575000,,,,,101,47,33,24,24,31,6,3,4,50,32,17,6,10,18,5,2,0
81631,2026-04-09 22:26:35,3,3,3,attack,attack,attack,attack,2,true,0,45662700827720,259508,5,5,1,11,3,0,0,0,0,146213,225000,47,0,65.0,bonus_as10_gae3_no,100,2575000,,,,"{""c5261ecd"":""2813\/3800@m63""}",102,50,33,24,24,31,7,3,4,51,35,17,6,10,18,6,2,0
81632,2026-04-09 22:26:40,30,2,2,accumulation,goldSack,goldSack,gold,1,false,150000,45662746279720,259507,5,5,1,11,0,0,0,0,1,146214,225000,47,1,65.0,bonus_as10_gae3_no,100,2575000,,,LongExtraDayReduced,"{""slot_on_"":""9719\/17000@m17""}",103,50,33,24,24,32,7,3,4,52,35,17,6,10,19,6,2,0
81633,2026-04-09 22:26:41,30,30,1,accumulation,accumulation,coin,gold,1,false,25000,45662746304720,259506,5,5,1,11,0,0,0,0,2,146216,225000,47,2,65.0,bonus_as10_gae3_no,100,2575000,,,,,104,50,33,24,24,34,7,3,4,53,35,17,6,10,21,6,2,0
81634,2026-04-09 22:26:42,2,2,2,goldSack,goldSack,goldSack,gold,1,true,2000000,45662748304720,259505,5,5,1,11,0,0,0,0,0,146216,225000,47,0,65.0,bonus_as10_gae3_no,100,2575000,,,,,105,50,33,24,24,34,7,3,4,54,35,17,6,10,21,6,2,0
81635,2026-04-09 22:26:43,1,4,6,coin,steal,spins,gold,1,false,25000,45662748329720,259504,5,5,1,11,0,1,0,1,0,146216,225000,47,0,65.0,bonus_as10_gae3_no,100,2575000,,,,,106,50,34,24,25,34,7,3,4,55,35,18,6,11,21,6,2,0
81636,2026-04-09 22:26:44,1,1,1,coin,coin,coin,gold,1,true,250000,45662748579720,259503,5,5,1,11,0,0,0,0,0,146216,225000,47,0,65.0,bonus_as10_gae3_no,100,2575000,,,LongExtraDayReduced,"{""slot_on_"":""9720\/17000@m17""}",107,50,34,24,25,34,7,3,4,56,35,18,6,11,21,6,2,0
81637,2026-04-09 22:26:46,1,4,6,coin,steal,spins,gold,1,false,25000,45662748604720,259502,5,5,1,11,0,1,0,1,0,146216,225000,47,0,65.0,bonus_as10_gae3_no,100,2575000,,,,,108,50,35,24,26,34,7,3,4,57,35,19,6,12,21,6,2,0
81638,2026-04-09 22:26:47,4,4,4,steal,steal,steal,steal,4,true,0,45662748604720,259501,5,5,1,11,0,3,0,0,0,146216,225000,47,0,65.0,bonus_as10_gae3_no,100,2575000,,,,"{""e190af25"":""2330\/5000@m8""}",109,50,38,24,26,34,7,4,4,58,35,22,6,12,21,6,3,0
81639,2026-04-09 22:26:54,3,5,2,attack,shield,goldSack,gold,1,false,100000,45663192714320,259500,5,5,1,11,1,0,1,0,0,146216,225000,47,0,65.0,bonus_as10_gae3_no,100,2575000,,,,,110,51,38,25,26,34,7,4,4,59,36,22,7,12,21,6,3,0
81640,2026-04-09 22:26:55,30,30,1,accumulation,accumulation,coin,gold,1,false,25000,45663192739320,259499,5,5,1,11,0,0,0,0,2,146218,225000,47,2,65.0,bonus_as10_gae3_no,100,2575000,,,LongExtraDayReduced,"{""slot_on_"":""9721\/17000@m17"",""bffc7787"":""1582\/9000@m7""}",111,51,38,25,26,36,7,4,4,60,36,22,7,12,23,6,3,0
81641,2026-04-09 22:26:58,30,2,2,accumulation,goldSack,goldSack,gold,1,false,150000,45663192889320,259498,5,5,1,11,0,0,0,0,1,146219,225000,47,1,65.0,bonus_as10_gae3_no,100,2575000,,,,,112,51,38,25,26,37,7,4,4,61,36,22,7,12,24,6,3,0
81642,2026-04-09 22:27:00,3,5,2,attack,shield,goldSack,gold,1,false,100000,45663192989320,259497,5,5,1,11,1,0,1,0,0,146219,225000,47,0,65.0,bonus_as10_gae3_no,100,2575000,LongExtraDayReduced,,LongExtraDayReduced,"{""slot_on_"":""9723\/17000@m17""}",113,52,38,26,26,37,7,4,4,62,37,22,8,12,24,6,3,0
81643,2026-04-09 22:27:01,3,6,2,attack,spins,goldSack,gold,1,false,100000,45663193089320,259496,5,5,1,11,1,0,0,1,0,146219,225000,47,0,65.0,bonus_as10_gae3_no,100,2575000,,,,"{""e190af25"":""2332\/5000@m8""}",114,53,38,26,27,37,7,4,4,63,38,22,8,13,24,6,3,0
81644,2026-04-09 22:27:02,1,1,1,coin,coin,coin,gold,1,true,250000,45663193339320,259495,5,5,1,11,0,0,0,0,0,146219,225000,47,0,65.0,bonus_as10_gae3_no,100,2575000,,,,,115,53,38,26,27,37,7,4,4,64,38,22,8,13,24,6,3,0
81645,2026-04-09 22:27:03,1,6,6,coin,spins,spins,gold,1,false,25000,45663193364320,259494,5,5,1,11,0,0,0,2,0,146219,225000,47,0,65.0,bonus_as10_gae3_no,100,2575000,,,,,116,53,38,26,29,37,7,4,4,65,38,22,8,15,24,6,3,0
81646,2026-04-09 22:27:05,3,6,2,attack,spins,goldSack,gold,1,false,100000,45663193464320,259493,5,5,1,11,1,0,0,1,0,146219,225000,47,0,65.0,bonus_as10_gae3_no,100,2575000,LongExtraDayReduced,,,"{""slot_on_"":""9724\/17000@m17"",""c5261ecd"":""2815\/3800@m63""}",117,54,38,26,30,37,7,4,4,66,39,22,8,16,24,6,3,0
81647,2026-04-09 22:27:07,3,3,3,attack,attack,attack,attack,2,true,0,45663193464320,259492,5,5,1,11,3,0,0,0,0,146219,225000,47,0,65.0,bonus_as10_gae3_no,100,2575000,,,,,118,57,38,26,30,37,8,4,4,67,42,22,8,16,24,7,3,0
81648,2026-04-09 22:27:12,1,1,4,coin,coin,steal,gold,1,false,50000,45663238816320,259491,5,5,1,11,0,1,0,0,0,146219,225000,47,0,65.0,bonus_as10_gae3_no,100,2575000,,,LongExtraDayReduced,"{""slot_on_"":""9725\/17000@m17""}",119,57,39,26,30,37,8,4,4,68,42,23,8,16,24,7,3,0
81649,2026-04-09 22:27:14,5,5,5,shield,shield,shield,shield,3,true,1,45663238816320,259491,5,5,1,11,0,0,3,0,0,146219,225000,47,0,65.0,bonus_as10_gae3_no,100,2575000,,,,,120,57,39,29,30,37,8,4,5,69,42,23,11,16,24,7,3,1
81650,2026-04-09 22:27:15,1,1,4,coin,coin,steal,gold,1,false,50000,45663238866320,259490,5,5,1,11,0,1,0,0,0,146219,225000,47,0,65.0,bonus_as10_gae3_no,100,2575000,,,,,121,57,40,29,30,37,8,4,5,70,42,24,11,16,24,7,3,1
81651,2026-04-09 22:27:17,3,6,2,attack,spins,goldSack,gold,1,false,100000,45663238966320,259489,5,5,1,11,1,0,0,1,0,146219,225000,47,0,65.0,bonus_as10_gae3_no,100,2575000,,,,,122,58,40,29,31,37,8,4,5,71,43,24,11,17,24,7,3,1
81652,2026-04-09 22:27:18,30,2,2,accumulation,goldSack,goldSack,gold,1,false,150000,45663239116320,259488,5,5,1,11,0,0,0,0,1,146220,225000,47,1,65.0,bonus_as10_gae3_no,100,2575000,LongExtraDayReduced,LongExtraDayReduced,LongExtraDayReduced,"{""slot_on_"":""9730\/17000@m17""}",123,58,40,29,31,38,8,4,5,72,43,24,11,17,25,7,3,1
81653,2026-04-09 22:27:20,1,4,4,coin,steal,steal,gold,1,false,25000,45663239141320,259487,5,5,1,11,0,2,0,0,0,146220,225000,47,0,65.0,bonus_as10_gae3_no,100,2575000,,,,"{""e190af25"":""2334\/5000@m8""}",124,58,42,29,31,38,8,4,5,73,43,26,11,17,25,7,3,1
81654,2026-04-09 22:27:22,1,4,6,coin,steal,spins,gold,1,false,25000,45663239166320,259486,5,5,1,11,0,1,0,1,0,146220,225000,47,0,65.0,bonus_as10_gae3_no,100,2575000,,,,"{""bffc7787"":""1583\/9000@m7""}",125,58,43,29,32,38,8,4,5,74,43,27,11,18,25,7,3,1
81655,2026-04-09 22:27:24,2,2,2,goldSack,goldSack,goldSack,gold,1,true,2000000,45663241166320,259485,5,5,1,11,0,0,0,0,0,146220,225000,47,0,65.0,bonus_as10_gae3_no,100,2575000,,LongExtraDayReduced,LongExtraDayReduced,"{""slot_on_"":""9732\/17000@m17"",""c5261ecd"":""2817\/3800@m63""}",126,58,43,29,32,38,8,4,5,75,43,27,11,18,25,7,3,1
81656,2026-04-09 22:27:25,30,2,2,accumulation,goldSack,goldSack,gold,1,false,150000,45663241316320,259484,5,5,1,11,0,0,0,0,1,146221,225000,47,1,65.0,bonus_as10_gae3_no,100,2575000,,,,,127,58,43,29,32,39,8,4,5,76,43,27,11,18,26,7,3,1
81657,2026-04-09 22:27:26,1,4,6,coin,steal,spins,gold,1,false,25000,45663241341320,259483,5,5,1,11,0,1,0,1,0,146221,225000,47,0,65.0,bonus_as10_gae3_no,100,2575000,,,,,128,58,44,29,33,39,8,4,5,77,43,28,11,19,26,7,3,1
81658,2026-04-09 22:27:28,5,5,5,shield,shield,shield,shield,3,true,1,45663241341320,259483,5,5,1,11,0,0,3,0,0,146221,225000,47,0,65.0,bonus_as10_gae3_no,100,2575000,,,,,129,58,44,32,33,39,8,4,6,78,43,28,14,19,26,7,3,2
81659,2026-04-09 22:27:30,3,3,3,attack,attack,attack,attack,2,true,0,45663241341320,259482,5,5,1,11,3,0,0,0,0,146221,225000,47,0,65.0,bonus_as10_gae3_no,100,2575000,LongExtraDayReduced,,,"{""slot_on_"":""9733\/17000@m17""}",130,61,44,32,33,39,9,4,6,79,46,28,14,19,26,8,3,2
81660,2026-04-09 22:27:35,3,3,2,attack,attack,goldSack,gold,1,false,100000,45663378721320,259481,5,5,1,11,2,0,0,0,0,146221,225000,47,0,65.0,bonus_as10_gae3_no,100,2575000,,,,,131,63,44,32,33,39,9,4,6,80,48,28,14,19,26,8,3,2
81661,2026-04-09 22:27:37,1,6,6,coin,spins,spins,gold,1,false,25000,45663378746320,259480,5,5,1,11,0,0,0,2,0,146221,225000,47,0,65.0,bonus_as10_gae3_no,100,2575000,,,,,132,63,44,32,35,39,9,4,6,81,48,28,14,21,26,8,3,2
81662,2026-04-09 22:27:39,1,4,6,coin,steal,spins,gold,1,false,25000,45663378771320,259479,5,5,1,11,0,1,0,1,0,146221,225000,47,0,65.0,bonus_as10_gae3_no,100,2575000,,,,,133,63,45,32,36,39,9,4,6,82,48,29,14,22,26,8,3,2
81663,2026-04-09 22:27:45,1,1,1,coin,coin,coin,gold,1,true,375000000,45663753771320,257979,5,5,1500,11,0,0,0,0,0,146221,225000,47,0,65.0,bonus_as10_gae3_no,100,2575000,,,,,134,63,45,32,36,39,9,4,6,83,48,29,14,22,26,8,3,2
81664,2026-04-09 22:27:46,2,2,2,goldSack,goldSack,goldSack,gold,1,true,3000000000,45666753771320,256479,5,5,1500,11,0,0,0,0,0,146221,225000,47,0,65.0,bonus_as10_gae3_no,100,2575000,,,LongExtraDayReduced,"{""slot_on_"":""11233\/17000@m17""}",135,63,45,32,36,39,9,4,6,84,48,29,14,22,26,8,3,2
81665,2026-04-09 22:27:47,2,2,2,goldSack,goldSack,goldSack,gold,1,true,3000000000,45669753771320,254979,5,5,1500,11,0,0,0,0,0,146221,225000,47,0,65.0,bonus_as10_gae3_no,100,2575000,,,,,136,63,45,32,36,39,9,4,6,85,48,29,14,22,26,8,3,2
81666,2026-04-09 22:27:48,3,6,2,attack,spins,goldSack,gold,1,false,150000000,45669903771320,253479,5,5,1500,11,1,0,0,1,0,146221,225000,47,0,65.0,bonus_as10_gae3_no,100,2575000,,,,,137,64,45,32,37,39,9,4,6,86,49,29,14,23,26,8,3,2
81667,2026-04-09 22:27:50,3,1,4,attack,coin,steal,gold,1,false,37500000,45669941271320,251979,5,5,1500,11,1,1,0,0,0,146221,225000,47,0,65.0,bonus_as10_gae3_no,100,2575000,,,,,138,65,46,32,37,39,9,4,6,87,50,30,14,23,26,8,3,2
81668,2026-04-09 22:27:51,5,5,5,shield,shield,shield,shield,3,true,1500,45669941271320,251979,5,5,1500,11,0,0,3,0,0,146221,225000,47,0,65.0,bonus_as10_gae3_no,100,2575000,,,,,139,65,46,35,37,39,9,4,7,88,50,30,17,23,26,8,3,3
81669,2026-04-09 22:27:54,1,4,6,coin,steal,spins,gold,1,false,25000,45669941296320,251978,5,5,1,11,0,1,0,1,0,146221,225000,47,0,65.0,bonus_as10_gae3_no,100,2575000,LongExtraDayReduced,,LongExtraDayReduced,"{""slot_on_"":""11235\/17000@m17""}",140,65,47,35,38,39,9,4,7,89,50,31,17,24,26,8,3,3
81670,2026-04-09 22:27:55,1,1,1,coin,coin,coin,gold,1,true,250000,45669941546320,251977,5,5,1,11,0,0,0,0,0,146221,225000,47,0,65.0,bonus_as10_gae3_no,100,2575000,,,,"{""bffc7787"":""1584\/9000@m7""}",141,65,47,35,38,39,9,4,7,90,50,31,17,24,26,8,3,3
81671,2026-04-09 22:27:56,3,1,4,attack,coin,steal,gold,1,false,25000,45669941571320,251976,5,5,1,11,1,1,0,0,0,146221,225000,47,0,65.0,bonus_as10_gae3_no,100,2575000,,,LongExtraDayReduced,"{""slot_on_"":""11236\/17000@m17""}",142,66,48,35,38,39,9,4,7,91,51,32,17,24,26,8,3,3
81672,2026-04-09 22:27:57,3,6,2,attack,spins,goldSack,gold,1,false,100000,45669941671320,251975,5,5,1,11,1,0,0,1,0,146221,225000,47,0,65.0,bonus_as10_gae3_no,100,2575000,,,,,143,67,48,35,39,39,9,4,7,92,52,32,17,25,26,8,3,3
81673,2026-04-09 22:27:58,3,3,3,attack,attack,attack,attack,2,true,0,45669941671320,251974,5,5,1,11,3,0,0,0,0,146221,225000,47,0,65.0,bonus_as10_gae3_no,100,2575000,,,,"{""e190af25"":""2336\/5000@m8"",""c5261ecd"":""2819\/3800@m63""}",144,70,48,35,39,39,10,4,7,93,55,32,17,25,26,9,3,3
81674,2026-04-09 22:28:04,3,5,2,attack,shield,goldSack,gold,1,false,100000,45669987073320,251973,5,5,1,11,1,0,1,0,0,146221,225000,47,0,65.0,bonus_as10_gae3_no,100,2575000,LongExtraDayReduced,,,"{""slot_on_"":""11237\/17000@m17""}",145,71,48,36,39,39,10,4,7,94,56,32,18,25,26,9,3,3
81675,2026-04-09 22:28:05,30,30,30,accumulation,accumulation,accumulation,gold,10,true,0,45669987073320,251972,5,5,1,11,0,0,0,0,3,146231,225000,47,10,65.0,bonus_as10_gae3_no,100,2575000,,,,,146,71,48,36,39,42,10,4,7,95,56,32,18,25,29,9,3,3
81676,2026-04-09 22:28:10,5,2,2,shield,goldSack,goldSack,gold,1,false,150000,45669987223320,251971,5,5,1,11,0,0,1,0,0,146231,225000,47,0,65.0,bonus_as10_gae3_no,100,2575000,,,,,1,0,0,1,0,0,0,0,0,96,56,32,19,25,29,9,3,3
81677,2026-04-09 22:28:10,3,1,1,attack,coin,coin,gold,1,false,50000,45669987273320,251970,5,5,1,11,1,0,0,0,0,146231,225000,47,0,65.0,bonus_as10_gae3_no,100,2575000,,,,"{""e190af25"":""2338\/5000@m8""}",2,1,0,1,0,0,0,0,0,97,57,32,19,25,29,9,3,3
81678,2026-04-09 22:28:11,30,2,2,accumulation,goldSack,goldSack,gold,1,false,150000,45669987423320,251969,5,5,1,11,0,0,0,0,1,146232,225000,47,1,65.0,bonus_as10_gae3_no,100,2575000,,,LongExtraDayReduced,"{""slot_on_"":""11238\/17000@m17""}",3,1,0,1,0,1,0,0,0,98,57,32,19,25,30,9,3,3
81679,2026-04-09 22:28:13,30,30,2,accumulation,accumulation,goldSack,gold,1,false,100000,45669987523320,251968,5,5,1,11,0,0,0,0,2,146234,225000,47,2,65.0,bonus_as10_gae3_no,100,2575000,,,,,4,1,0,1,0,3,0,0,0,99,57,32,19,25,32,9,3,3
81680,2026-04-09 22:28:14,1,1,1,coin,coin,coin,gold,1,true,250000,45669987773320,251967,5,5,1,11,0,0,0,0,0,146234,225000,47,0,65.0,bonus_as10_gae3_no,100,2575000,LongExtraDayReduced,,LongExtraDayReduced,"{""slot_on_"":""11240\/17000@m17"",""e190af25"":""2340\/5000@m8""}",5,1,0,1,0,3,0,0,0,100,57,32,19,25,32,9,3,3
81681,2026-04-09 22:28:15,30,2,2,accumulation,goldSack,goldSack,gold,1,false,150000,45669987923320,251966,5,5,1,11,0,0,0,0,1,146235,225000,47,1,65.0,bonus_as10_gae3_no,100,2575000,,,,,6,1,0,1,0,4,0,0,0,101,57,32,19,25,33,9,3,3
81682,2026-04-09 22:28:16,3,3,1,attack,attack,coin,gold,1,false,25000,45669987948320,251965,5,5,1,11,2,0,0,0,0,146235,225000,47,0,65.0,bonus_as10_gae3_no,100,2575000,,,,,7,3,0,1,0,4,0,0,0,102,59,32,19,25,33,9,3,3
81683,2026-04-09 22:28:16,2,2,2,goldSack,goldSack,goldSack,gold,1,true,2000000,45669989948320,251964,5,5,1,11,0,0,0,0,0,146235,225000,47,0,65.0,bonus_as10_gae3_no,100,2575000,,,,,8,3,0,1,0,4,0,0,0,103,59,32,19,25,33,9,3,3
81684,2026-04-09 22:28:17,3,1,1,attack,coin,coin,gold,1,false,50000,45669989998320,251963,5,5,1,11,1,0,0,0,0,146235,225000,47,0,65.0,bonus_as10_gae3_no,100,2575000,,,,,9,4,0,1,0,4,0,0,0,104,60,32,19,25,33,9,3,3
81685,2026-04-09 22:28:18,30,30,2,accumulation,accumulation,goldSack,gold,1,false,100000,45669990098320,251962,5,5,1,11,0,0,0,0,2,146237,225000,47,2,65.0,bonus_as10_gae3_no,100,2575000,,,,,10,4,0,1,0,6,0,0,0,105,60,32,19,25,35,9,3,3
81686,2026-04-09 22:28:19,3,3,1,attack,attack,coin,gold,1,false,25000,45669990123320,251961,5,5,1,11,2,0,0,0,0,146237,225000,47,0,65.0,bonus_as10_gae3_no,100,2575000,,,,"{""bffc7787"":""1585\/9000@m7""}",11,6,0,1,0,6,0,0,0,106,62,32,19,25,35,9,3,3
81687,2026-04-09 22:28:20,30,30,2,accumulation,accumulation,goldSack,gold,1,false,100000,45669990223320,251960,5,5,1,11,0,0,0,0,2,146239,225000,47,2,65.0,bonus_as10_gae3_no,100,2575000,LongExtraDayReduced,,,"{""slot_on_"":""11241\/17000@m17""}",12,6,0,1,0,8,0,0,0,107,62,32,19,25,37,9,3,3
81688,2026-04-09 22:28:21,30,2,2,accumulation,goldSack,goldSack,gold,1,false,150000,45669990373320,251959,5,5,1,11,0,0,0,0,1,146240,225000,47,1,65.0,bonus_as10_gae3_no,100,2575000,,,,,13,6,0,1,0,9,0,0,0,108,62,32,19,25,38,9,3,3
81689,2026-04-09 22:28:22,4,4,2,steal,steal,goldSack,gold,1,false,100000,45669990473320,251958,5,5,1,11,0,2,0,0,0,146240,225000,47,0,65.0,bonus_as10_gae3_no,100,2575000,,,,"{""e190af25"":""2342\/5000@m8""}",14,6,2,1,0,9,0,0,0,109,62,34,19,25,38,9,3,3
81690,2026-04-09 22:28:23,1,1,1,coin,coin,coin,gold,1,true,250000,45669990723320,251957,5,5,1,11,0,0,0,0,0,146240,225000,47,0,65.0,bonus_as10_gae3_no,100,2575000,,,,,15,6,2,1,0,9,0,0,0,110,62,34,19,25,38,9,3,3
81691,2026-04-09 22:28:24,2,2,2,goldSack,goldSack,goldSack,gold,1,true,2000000,45669992723320,251956,5,5,1,11,0,0,0,0,0,146240,225000,47,0,65.0,bonus_as10_gae3_no,100,2575000,,LongExtraDayReduced,,"{""slot_on_"":""11242\/17000@m17""}",16,6,2,1,0,9,0,0,0,111,62,34,19,25,38,9,3,3
81692,2026-04-09 22:28:25,5,5,5,shield,shield,shield,shield,3,true,1,45669992723320,251956,5,5,1,11,0,0,3,0,0,146240,225000,47,0,65.0,bonus_as10_gae3_no,100,2575000,,,,,17,6,2,4,0,9,0,0,1,112,62,34,22,25,38,9,3,4
81693,2026-04-09 22:28:26,30,30,2,accumulation,accumulation,goldSack,gold,1,false,100000,45669992823320,251955,5,5,1,11,0,0,0,0,2,146242,225000,47,2,65.0,bonus_as10_gae3_no,100,2575000,,,,,18,6,2,4,0,11,0,0,1,113,62,34,22,25,40,9,3,4
81694,2026-04-09 22:28:27,30,2,2,accumulation,goldSack,goldSack,gold,1,false,150000,45669992973320,251954,5,5,1,11,0,0,0,0,1,146243,225000,47,1,65.0,bonus_as10_gae3_no,100,2575000,,,LongExtraDayReduced,"{""slot_on_"":""11243\/17000@m17""}",19,6,2,4,0,12,0,0,1,114,62,34,22,25,41,9,3,4
81695,2026-04-09 22:28:28,3,3,1,attack,attack,coin,gold,1,false,25000,45669992998320,251953,5,5,1,11,2,0,0,0,0,146243,225000,47,0,65.0,bonus_as10_gae3_no,100,2575000,LongExtraDayReduced,,,"{""slot_on_"":""11244\/17000@m17""}",20,8,2,4,0,12,0,0,1,115,64,34,22,25,41,9,3,4
81696,2026-04-09 22:28:29,5,5,5,shield,shield,shield,shield,3,true,1,45669992998320,251953,5,5,1,11,0,0,3,0,0,146243,225000,47,0,65.0,bonus_as10_gae3_no,100,2575000,,,,,21,8,2,7,0,12,0,0,2,116,64,34,25,25,41,9,3,5
81697,2026-04-09 22:28:30,3,3,1,attack,attack,coin,gold,1,false,25000,45669993023320,251952,5,5,1,11,2,0,0,0,0,146243,225000,47,0,65.0,bonus_as10_gae3_no,100,2575000,,,,"{""c5261ecd"":""2821\/3800@m63""}",22,10,2,7,0,12,0,0,2,117,66,34,25,25,41,9,3,5
81698,2026-04-09 22:28:45,30,30,2,accumulation,accumulation,goldSack,gold,1,false,100000,45669993123320,251951,5,5,1,11,0,0,0,0,2,146245,225000,47,2,65.0,bonus_as10_gae3_no,100,2575000,,,,,23,10,2,7,0,14,0,0,2,118,66,34,25,25,43,9,3,5
81699,2026-04-09 22:29:01,4,4,4,steal,steal,steal,steal,4,true,0,45669993123320,251950,5,5,1,11,0,3,0,0,0,146245,225000,47,0,65.0,bonus_as10_gae3_no,100,2575000,,,,,24,10,5,7,0,14,0,1,2,119,66,37,25,25,43,9,4,5
81700,2026-04-09 22:29:09,3,1,1,attack,coin,coin,gold,1,false,50000,45670181698120,251949,5,5,1,11,1,0,0,0,0,146245,225000,47,0,65.0,bonus_as10_gae3_no,100,2575000,,,,"{""bffc7787"":""1586\/9000@m7""}",25,11,5,7,0,14,0,1,2,120,67,37,25,25,43,9,4,5
81701,2026-04-09 22:29:09,3,3,3,attack,attack,attack,attack,2,true,0,45670181698120,251948,5,5,1,11,3,0,0,0,0,146245,225000,47,0,65.0,bonus_as10_gae3_no,100,2575000,,,,,26,14,5,7,0,14,1,1,2,121,70,37,25,25,43,10,4,5
81702,2026-04-09 22:29:14,3,1,1,attack,coin,coin,gold,1,false,50000,45670319028120,251947,5,5,1,11,1,0,0,0,0,146245,225000,47,0,65.0,bonus_as10_gae3_no,100,2575000,,,,,27,15,5,7,0,14,1,1,2,122,71,37,25,25,43,10,4,5
81703,2026-04-09 22:29:15,2,2,2,goldSack,goldSack,goldSack,gold,1,true,2000000,45670321028120,251946,5,5,1,11,0,0,0,0,0,146245,225000,47,0,65.0,bonus_as10_gae3_no,100,2575000,,,,,28,15,5,7,0,14,1,1,2,123,71,37,25,25,43,10,4,5
81704,2026-04-09 22:29:15,3,3,3,attack,attack,attack,attack,2,true,0,45670321028120,251945,5,5,1,11,3,0,0,0,0,146245,225000,47,0,65.0,bonus_as10_gae3_no,100,2575000,,,,,29,18,5,7,0,14,2,1,2,124,74,37,25,25,43,11,4,5
81705,2026-04-09 22:29:20,3,3,1,attack,attack,coin,gold,1,false,25000,45670458333120,251944,5,5,1,11,2,0,0,0,0,146245,225000,47,0,65.0,bonus_as10_gae3_no,100,2575000,,,,,30,20,5,7,0,14,2,1,2,125,76,37,25,25,43,11,4,5
81706,2026-04-09 22:29:21,30,30,2,accumulation,accumulation,goldSack,gold,1,false,100000,45670458433120,251943,5,5,1,11,0,0,0,0,2,146247,225000,47,2,65.0,bonus_as10_gae3_no,100,2575000,,LongExtraDayReduced,,"{""slot_on_"":""11245\/17000@m17""}",31,20,5,7,0,16,2,1,2,126,76,37,25,25,45,11,4,5
81707,2026-04-09 22:29:22,30,2,2,accumulation,goldSack,goldSack,gold,1,false,150000,45670458583120,251942,5,5,1,11,0,0,0,0,1,146248,225000,47,1,65.0,bonus_as10_gae3_no,100,2575000,,,,,32,20,5,7,0,17,2,1,2,127,76,37,25,25,46,11,4,5
81708,2026-04-09 22:29:23,30,2,2,accumulation,goldSack,goldSack,gold,1,false,150000,45670458733120,251941,5,5,1,11,0,0,0,0,1,146249,225000,47,1,65.0,bonus_as10_gae3_no,100,2575000,,,,,33,20,5,7,0,18,2,1,2,128,76,37,25,25,47,11,4,5
81709,2026-04-09 22:29:24,4,4,4,steal,steal,steal,steal,4,true,0,45670458733120,251940,5,5,1,11,0,3,0,0,0,146249,225000,47,0,65.0,bonus_as10_gae3_no,100,2575000,,,,,34,20,8,7,0,18,2,2,2,129,76,40,25,25,47,11,5,5
81710,2026-04-09 22:29:31,30,2,2,accumulation,goldSack,goldSack,gold,1,false,150000,45670769923120,251939,5,5,1,11,0,0,0,0,1,146250,225000,47,1,65.0,bonus_as10_gae3_no,100,2575000,,,,"{""e190af25"":""2344\/5000@m8""}",35,20,8,7,0,19,2,2,2,130,76,40,25,25,48,11,5,5
81711,2026-04-09 22:29:32,30,30,2,accumulation,accumulation,goldSack,gold,1,false,100000,45670770023120,251938,5,5,1,11,0,0,0,0,2,146252,225000,47,2,65.0,bonus_as10_gae3_no,100,2575000,,,,,36,20,8,7,0,21,2,2,2,131,76,40,25,25,50,11,5,5
81712,2026-04-09 22:29:33,1,4,6,coin,steal,spins,gold,1,false,25000,45670770048120,251937,5,5,1,11,0,1,0,1,0,146252,225000,47,0,65.0,bonus_as10_gae3_no,100,2575000,,LongExtraDayReduced,LongExtraDayReduced,"{""slot_on_"":""11247\/17000@m17""}",37,20,9,7,1,21,2,2,2,132,76,41,25,26,50,11,5,5
81713,2026-04-09 22:29:34,3,4,2,attack,steal,goldSack,gold,1,false,100000,45670770148120,251936,5,5,1,11,1,1,0,0,0,146252,225000,47,0,65.0,bonus_as10_gae3_no,100,2575000,,,,,38,21,10,7,1,21,2,2,2,133,77,42,25,26,50,11,5,5
81714,2026-04-09 22:29:35,6,6,6,spins,spins,spins,spins,5,true,10,45670770148120,251945,5,5,1,11,0,0,0,3,0,146252,225000,47,0,65.0,bonus_as10_gae3_no,100,2575000,,LongExtraDayReduced,LongExtraDayReduced,"{""slot_on_"":""11249\/17000@m17""}",39,21,10,7,4,21,2,2,2,134,77,42,25,29,50,11,5,5
81715,2026-04-09 22:29:36,2,2,2,goldSack,goldSack,goldSack,gold,1,true,2000000,45670772148120,251944,5,5,1,11,0,0,0,0,0,146252,225000,47,0,65.0,bonus_as10_gae3_no,100,2575000,,,,"{""bffc7787"":""1587\/9000@m7""}",40,21,10,7,4,21,2,2,2,1,0,0,0,0,0,0,0,0
81716,2026-04-09 22:29:37,1,5,5,coin,shield,shield,gold,1,false,25000,45670772173120,251943,5,5,1,11,0,0,2,0,0,146252,225000,47,0,65.0,bonus_as10_gae3_no,100,2575000,,LongExtraDayReduced,,"{""slot_on_"":""11250\/17000@m17""}",41,21,10,9,4,21,2,2,2,2,0,0,2,0,0,0,0,0
81717,2026-04-09 22:29:49,3,1,1,attack,coin,coin,gold,1,false,50000,45670772223120,251942,5,5,1,11,1,0,0,0,0,146252,225000,47,0,65.0,bonus_as10_gae3_no,100,2575000,,,,"{""e190af25"":""2346\/5000@m8""}",42,22,10,9,4,21,2,2,2,3,1,0,2,0,0,0,0,0
81718,2026-04-09 22:29:50,1,4,6,coin,steal,spins,gold,1,false,25000,45670772248120,251941,5,5,1,11,0,1,0,1,0,146252,225000,47,0,65.0,bonus_as10_gae3_no,100,2575000,,,,,43,22,11,9,5,21,2,2,2,4,1,1,2,1,0,0,0,0
81719,2026-04-09 22:29:50,30,2,2,accumulation,goldSack,goldSack,gold,1,false,150000,45670772398120,251940,5,5,1,11,0,0,0,0,1,146253,225000,47,1,65.0,bonus_as10_gae3_no,100,2575000,,,,,44,22,11,9,5,22,2,2,2,5,1,1,2,1,1,0,0,0
81720,2026-04-09 22:29:51,1,1,1,coin,coin,coin,gold,1,true,250000,45670772648120,251939,5,5,1,11,0,0,0,0,0,146253,225000,47,0,65.0,bonus_as10_gae3_no,100,2575000,,,,,45,22,11,9,5,22,2,2,2,6,1,1,2,1,1,0,0,0
81721,2026-04-09 22:29:52,1,4,6,coin,steal,spins,gold,1,false,25000,45670772673120,251938,5,5,1,11,0,1,0,1,0,146253,225000,47,0,65.0,bonus_as10_gae3_no,100,2575000,,,,,46,22,12,9,6,22,2,2,2,7,1,2,2,2,1,0,0,0
81722,2026-04-09 22:29:53,3,1,1,attack,coin,coin,gold,1,false,50000,45670772723120,251937,5,5,1,11,1,0,0,0,0,146253,225000,47,0,65.0,bonus_as10_gae3_no,100,2575000,,,,"{""c5261ecd"":""2823\/3800@m63""}",47,23,12,9,6,22,2,2,2,8,2,2,2,2,1,0,0,0
81723,2026-04-09 22:29:54,4,4,2,steal,steal,goldSack,gold,1,false,100000,45670772823120,251936,5,5,1,11,0,2,0,0,0,146253,225000,47,0,65.0,bonus_as10_gae3_no,100,2575000,LongExtraDayReduced,,,"{""slot_on_"":""11251\/17000@m17""}",48,23,14,9,6,22,2,2,2,9,2,4,2,2,1,0,0,0
81724,2026-04-09 22:29:55,30,2,2,accumulation,goldSack,goldSack,gold,1,false,150000,45670772973120,251935,5,5,1,11,0,0,0,0,1,146254,225000,47,1,65.0,bonus_as10_gae3_no,100,2575000,,,,,49,23,14,9,6,23,2,2,2,10,2,4,2,2,2,0,0,0
81725,2026-04-09 22:29:56,30,2,2,accumulation,goldSack,goldSack,gold,1,false,150000,45670773123120,251934,5,5,1,11,0,0,0,0,1,146255,225000,47,1,65.0,bonus_as10_gae3_no,100,2575000,,,,"{""bffc7787"":""1588\/9000@m7""}",50,23,14,9,6,24,2,2,2,11,2,4,2,2,3,0,0,0
81726,2026-04-09 22:29:57,3,5,2,attack,shield,goldSack,gold,1,false,100000,45670773223120,251933,5,5,1,11,1,0,1,0,0,146255,225000,47,0,65.0,bonus_as10_gae3_no,100,2575000,,,,,51,24,14,10,6,24,2,2,2,12,3,4,3,2,3,0,0,0
81727,2026-04-09 22:29:58,1,4,6,coin,steal,spins,gold,1,false,25000,45670773248120,251932,5,5,1,11,0,1,0,1,0,146255,225000,47,0,65.0,bonus_as10_gae3_no,100,2575000,,,,,52,24,15,10,7,24,2,2,2,13,3,5,3,3,3,0,0,0
81728,2026-04-09 22:29:58,30,2,2,accumulation,goldSack,goldSack,gold,1,false,150000,45670773398120,251931,5,5,1,11,0,0,0,0,1,146256,225000,47,1,65.0,bonus_as10_gae3_no,100,2575000,,,,,53,24,15,10,7,25,2,2,2,14,3,5,3,3,4,0,0,0
81729,2026-04-09 22:29:59,1,4,6,coin,steal,spins,gold,1,false,25000,45670773423120,251930,5,5,1,11,0,1,0,1,0,146256,225000,47,0,65.0,bonus_as10_gae3_no,100,2575000,,,,"{""e190af25"":""2348\/5000@m8""}",54,24,16,10,8,25,2,2,2,15,3,6,3,4,4,0,0,0
81730,2026-04-09 22:30:00,2,2,2,goldSack,goldSack,goldSack,gold,1,true,2000000,45670775423120,251929,5,5,1,11,0,0,0,0,0,146256,225000,47,0,65.0,bonus_as10_gae3_no,100,2575000,,,,,55,24,16,10,8,25,2,2,2,16,3,6,3,4,4,0,0,0
81731,2026-04-09 22:30:01,6,6,2,spins,spins,goldSack,gold,1,false,100000,45670775523120,251928,5,5,1,11,0,0,0,2,0,146256,225000,47,0,65.0,bonus_as10_gae3_no,100,2575000,,,,,56,24,16,10,10,25,2,2,2,17,3,6,3,6,4,0,0,0
81732,2026-04-09 22:30:01,3,1,1,attack,coin,coin,gold,1,false,50000,45670775573120,251927,5,5,1,11,1,0,0,0,0,146256,225000,47,0,65.0,bonus_as10_gae3_no,100,2575000,,,,,57,25,16,10,10,25,2,2,2,18,4,6,3,6,4,0,0,0
81733,2026-04-09 22:30:02,3,3,3,attack,attack,attack,attack,2,true,0,45670775573120,251926,5,5,1,11,3,0,0,0,0,146256,225000,47,0,65.0,bonus_as10_gae3_no,100,2575000,LongExtraDayReduced,,,"{""slot_on_"":""11252\/17000@m17""}",58,28,16,10,10,25,3,2,2,19,7,6,3,6,4,1,0,0
81734,2026-04-09 22:30:08,30,2,2,accumulation,goldSack,goldSack,gold,1,false,150000,45670821025120,251925,5,5,1,11,0,0,0,0,1,146257,225000,47,1,65.0,bonus_as10_gae3_no,100,2575000,,,,"{""bffc7787"":""1589\/9000@m7""}",59,28,16,10,10,26,3,2,2,20,7,6,3,6,5,1,0,0
81735,2026-04-09 22:30:09,1,4,6,coin,steal,spins,gold,1,false,25000,45670821050120,251924,5,5,1,11,0,1,0,1,0,146257,225000,47,0,65.0,bonus_as10_gae3_no,100,2575000,,,,"{""c5261ecd"":""2825\/3800@m63""}",60,28,17,10,11,26,3,2,2,21,7,7,3,7,5,1,0,0
81736,2026-04-09 22:30:10,1,1,1,coin,coin,coin,gold,1,true,250000,45670821300120,251923,5,5,1,11,0,0,0,0,0,146257,225000,47,0,65.0,bonus_as10_gae3_no,100,2575000,,LongExtraDayReduced,,"{""slot_on_"":""11253\/17000@m17""}",61,28,17,10,11,26,3,2,2,22,7,7,3,7,5,1,0,0
81737,2026-04-09 22:30:11,3,1,1,attack,coin,coin,gold,1,false,50000,45670821350120,251922,5,5,1,11,1,0,0,0,0,146257,225000,47,0,65.0,bonus_as10_gae3_no,100,2575000,,,,,62,29,17,10,11,26,3,2,2,23,8,7,3,7,5,1,0,0
81738,2026-04-09 22:30:11,6,6,2,spins,spins,goldSack,gold,1,false,100000,45670821450120,251921,5,5,1,11,0,0,0,2,0,146257,225000,47,0,65.0,bonus_as10_gae3_no,100,2575000,LongExtraDayReduced,,,"{""slot_on_"":""11254\/17000@m17""}",63,29,17,10,13,26,3,2,2,24,8,7,3,9,5,1,0,0
81739,2026-04-09 22:30:12,5,5,5,shield,shield,shield,shield,3,true,1,45670821450120,251921,5,5,1,11,0,0,3,0,0,146257,225000,47,0,65.0,bonus_as10_gae3_no,100,2575000,,LongExtraDayReduced,,"{""slot_on_"":""11255\/17000@m17""}",64,29,17,13,13,26,3,2,3,25,8,7,6,9,5,1,0,1
81740,2026-04-09 22:30:14,6,6,2,spins,spins,goldSack,gold,1,false,100000,45670821550120,251920,5,5,1,11,0,0,0,2,0,146257,225000,47,0,65.0,bonus_as10_gae3_no,100,2575000,,,,,65,29,17,13,15,26,3,2,3,26,8,7,6,11,5,1,0,1
81741,2026-04-09 22:30:14,1,4,6,coin,steal,spins,gold,1,false,25000,45670821575120,251919,5,5,1,11,0,1,0,1,0,146257,225000,47,0,65.0,bonus_as10_gae3_no,100,2575000,,,,,66,29,18,13,16,26,3,2,3,27,8,8,6,12,5,1,0,1
81742,2026-04-09 22:30:15,30,2,2,accumulation,goldSack,goldSack,gold,1,false,150000,45670821725120,251918,5,5,1,11,0,0,0,0,1,146258,225000,47,1,65.0,bonus_as10_gae3_no,100,2575000,,,LongExtraDayReduced,"{""slot_on_"":""11256\/17000@m17""}",67,29,18,13,16,27,3,2,3,28,8,8,6,12,6,1,0,1
81743,2026-04-09 22:30:16,2,2,2,goldSack,goldSack,goldSack,gold,1,true,2000000,45670823725120,251917,5,5,1,11,0,0,0,0,0,146258,225000,47,0,65.0,bonus_as10_gae3_no,100,2575000,,LongExtraDayReduced,,"{""slot_on_"":""11257\/17000@m17""}",68,29,18,13,16,27,3,2,3,29,8,8,6,12,6,1,0,1
81744,2026-04-09 22:30:17,30,2,2,accumulation,goldSack,goldSack,gold,1,false,150000,45670823875120,251916,5,5,1,11,0,0,0,0,1,146259,225000,47,1,65.0,bonus_as10_gae3_no,100,2575000,,,,"{""e190af25"":""2350\/5000@m8""}",69,29,18,13,16,28,3,2,3,30,8,8,6,12,7,1,0,1
81745,2026-04-09 22:30:18,1,4,6,coin,steal,spins,gold,1,false,25000,45670823900120,251915,5,5,1,11,0,1,0,1,0,146259,225000,47,0,65.0,bonus_as10_gae3_no,100,2575000,,,LongExtraDayReduced,"{""slot_on_"":""11258\/17000@m17""}",70,29,19,13,17,28,3,2,3,31,8,9,6,13,7,1,0,1
81746,2026-04-09 22:30:19,5,5,5,shield,shield,shield,shield,3,true,1,45670823900120,251915,5,5,1,11,0,0,3,0,0,146259,225000,47,0,65.0,bonus_as10_gae3_no,100,2575000,,,,,71,29,19,16,17,28,3,2,4,32,8,9,9,13,7,1,0,2
81747,2026-04-09 22:30:20,3,3,3,attack,attack,attack,attack,2,true,0,45670823900120,251914,5,5,1,11,3,0,0,0,0,146259,225000,47,0,65.0,bonus_as10_gae3_no,100,2575000,,,,,72,32,19,16,17,28,4,2,4,33,11,9,9,13,7,2,0,2
81748,2026-04-09 22:30:25,1,1,1,coin,coin,coin,gold,1,true,250000,45670869452120,251913,5,5,1,11,0,0,0,0,0,146259,225000,47,0,65.0,bonus_as10_gae3_no,100,2575000,,,,,73,32,19,16,17,28,4,2,4,34,11,9,9,13,7,2,0,2
81749,2026-04-09 22:30:26,4,4,4,steal,steal,steal,steal,4,true,0,45670869452120,251912,5,5,1,11,0,3,0,0,0,146259,225000,47,0,65.0,bonus_as10_gae3_no,100,2575000,,,,"{""e190af25"":""2352\/5000@m8""}",74,32,22,16,17,28,4,3,4,35,11,12,9,13,7,2,1,2
81750,2026-04-09 22:30:34,1,4,6,coin,steal,spins,gold,1,false,25000,45671289737520,251911,5,5,1,11,0,1,0,1,0,146259,225000,47,0,65.0,bonus_as10_gae3_no,100,2575000,,,LongExtraDayReduced,"{""slot_on_"":""11259\/17000@m17"",""bffc7787"":""1590\/9000@m7""}",75,32,23,16,18,28,4,3,4,36,11,13,9,14,7,2,1,2
81751,2026-04-09 22:30:35,1,4,6,coin,steal,spins,gold,1,false,25000,45671289762520,251910,5,5,1,11,0,1,0,1,0,146259,225000,47,0,65.0,bonus_as10_gae3_no,100,2575000,,,,,76,32,24,16,19,28,4,3,4,37,11,14,9,15,7,2,1,2
81752,2026-04-09 22:30:36,30,2,2,accumulation,goldSack,goldSack,gold,1,false,150000,45671289912520,251909,5,5,1,11,0,0,0,0,1,146260,225000,47,1,65.0,bonus_as10_gae3_no,100,2575000,,,,,77,32,24,16,19,29,4,3,4,38,11,14,9,15,8,2,1,2
81753,2026-04-09 22:30:38,2,2,2,goldSack,goldSack,goldSack,gold,1,true,3000000000,45674289912520,250409,5,5,1500,11,0,0,0,0,0,146260,225000,47,0,65.0,bonus_as10_gae3_no,100,2575000,,,,,78,32,24,16,19,29,4,3,4,39,11,14,9,15,8,2,1,2
81754,2026-04-09 22:30:39,3,4,2,attack,steal,goldSack,gold,1,false,150000000,45674439912520,248909,5,5,1500,11,1,1,0,0,0,146260,225000,47,0,65.0,bonus_as10_gae3_no,100,2575000,,,,,79,33,25,16,19,29,4,3,4,40,12,15,9,15,8,2,1,2
81755,2026-04-09 22:30:41,1,1,1,coin,coin,coin,gold,1,true,375000000,45674814912520,247409,5,5,1500,11,0,0,0,0,0,146260,225000,47,0,65.0,bonus_as10_gae3_no,100,2575000,,,,,80,33,25,16,19,29,4,3,4,41,12,15,9,15,8,2,1,2
81756,2026-04-09 22:30:42,3,4,2,attack,steal,goldSack,gold,1,false,150000000,45674964912520,245909,5,5,1500,11,1,1,0,0,0,146260,225000,47,0,65.0,bonus_as10_gae3_no,100,2575000,,,,,81,34,26,16,19,29,4,3,4,42,13,16,9,15,8,2,1,2
81757,2026-04-09 22:30:43,30,30,1,accumulation,accumulation,coin,gold,1,false,37500000,45675002412520,244409,5,5,1500,11,0,0,0,0,2,149260,225000,47,3000,66.3,bonus_as10_gae3_no,100,2575000,,,,,82,34,26,16,19,31,4,3,4,43,13,16,9,15,10,2,1,2
81758,2026-04-09 22:30:45,3,4,2,attack,steal,goldSack,gold,1,false,150000000,45675152412520,242909,5,5,1500,11,1,1,0,0,0,149260,225000,47,0,66.3,bonus_as10_gae3_no,100,2575000,,,,,83,35,27,16,19,31,4,3,4,44,14,17,9,15,10,2,1,2
81759,2026-04-09 22:30:46,30,2,2,accumulation,goldSack,goldSack,gold,1,false,225000000,45675377412520,241409,5,5,1500,11,0,0,0,0,1,150760,225000,47,1500,67.0,bonus_as10_gae3_no,100,2575000,,,,"{""c5261ecd"":""2025\/3800@m64""}",84,35,27,16,19,32,4,3,4,45,14,17,9,15,11,2,1,2
81760,2026-04-09 22:30:50,3,3,3,attack,attack,attack,attack,2,true,0,45675377412520,239909,5,5,1500,11,3,0,0,0,0,150760,225000,47,0,67.0,bonus_as10_gae3_no,100,2575000,,,,,85,38,27,16,19,32,5,3,4,46,17,17,9,15,11,3,1,2
81761,2026-04-09 22:30:56,30,2,2,accumulation,goldSack,goldSack,gold,1,false,150000,45743330562520,239908,5,5,1,11,0,0,0,0,1,150761,225000,47,1,67.0,bonus_as10_gae3_no,100,2575000,LongExtraDayReduced,LongExtraDayReduced,,"{""slot_on_"":""11261\/17000@m17""}",86,38,27,16,19,33,5,3,4,47,17,17,9,15,12,3,1,2
81762,2026-04-09 22:30:58,1,4,6,coin,steal,spins,gold,1,false,25000,45743330587520,239907,5,5,1,11,0,1,0,1,0,150761,225000,47,0,67.0,bonus_as10_gae3_no,100,2575000,,,,,87,38,28,16,20,33,5,3,4,48,17,18,9,16,12,3,1,2
81763,2026-04-09 22:30:59,30,2,2,accumulation,goldSack,goldSack,gold,1,false,150000,45743330737520,239906,5,5,1,11,0,0,0,0,1,150762,225000,47,1,67.0,bonus_as10_gae3_no,100,2575000,,,,,88,38,28,16,20,34,5,3,4,49,17,18,9,16,13,3,1,2
81764,2026-04-09 22:31:01,2,2,2,goldSack,goldSack,goldSack,gold,1,true,2000000,45743332737520,239905,5,5,1,11,0,0,0,0,0,150762,225000,47,0,67.0,bonus_as10_gae3_no,100,2575000,,,LongExtraDayReduced,"{""slot_on_"":""11262\/17000@m17""}",89,38,28,16,20,34,5,3,4,50,17,18,9,16,13,3,1,2
81765,2026-04-09 22:31:02,3,6,2,attack,spins,goldSack,gold,1,false,100000,45743332837520,239904,5,5,1,11,1,0,0,1,0,150762,225000,47,0,67.0,bonus_as10_gae3_no,100,2575000,,,,"{""e190af25"":""2354\/5000@m8""}",90,39,28,16,21,34,5,3,4,51,18,18,9,17,13,3,1,2
81766,2026-04-09 22:31:03,4,4,4,steal,steal,steal,steal,4,true,0,45743332837520,239903,5,5,1,11,0,3,0,0,0,150762,225000,47,0,67.0,bonus_as10_gae3_no,100,2575000,,,,,91,39,31,16,21,34,5,4,4,52,18,21,9,17,13,3,2,2
81767,2026-04-09 22:31:09,1,6,6,coin,spins,spins,gold,1,false,25000,45743960272320,239902,5,5,1,11,0,0,0,2,0,150762,225000,47,0,67.0,bonus_as10_gae3_no,100,2575000,,,,,92,39,31,16,23,34,5,4,4,53,18,21,9,19,13,3,2,2
81768,2026-04-09 22:31:12,4,4,4,steal,steal,steal,steal,4,true,0,45743960272320,239901,5,5,1,11,0,3,0,0,0,150762,225000,47,0,67.0,bonus_as10_gae3_no,100,2575000,,,,"{""bffc7787"":""1591\/9000@m7""}",93,39,34,16,23,34,5,5,4,54,18,24,9,19,13,3,3,2
81769,2026-04-09 22:31:20,1,1,1,coin,coin,coin,gold,1,true,250000,45744370398520,239900,5,5,1,11,0,0,0,0,0,150762,225000,47,0,67.0,bonus_as10_gae3_no,100,2575000,,,LongExtraDayReduced,"{""slot_on_"":""11263\/17000@m17""}",94,39,34,16,23,34,5,5,4,55,18,24,9,19,13,3,3,2
81770,2026-04-09 22:31:20,30,2,2,accumulation,goldSack,goldSack,gold,1,false,150000,45744370548520,239899,5,5,1,11,0,0,0,0,1,150763,225000,47,1,67.0,bonus_as10_gae3_no,100,2575000,,,,"{""c5261ecd"":""2027\/3800@m64""}",95,39,34,16,23,35,5,5,4,56,18,24,9,19,14,3,3,2
81771,2026-04-09 22:31:22,30,2,2,accumulation,goldSack,goldSack,gold,1,false,150000,45744370698520,239898,5,5,1,11,0,0,0,0,1,150764,225000,47,1,67.0,bonus_as10_gae3_no,100,2575000,,,LongExtraDayReduced,"{""slot_on_"":""11264\/17000@m17"",""e190af25"":""2356\/5000@m8""}",96,39,34,16,23,36,5,5,4,57,18,24,9,19,15,3,3,2
81772,2026-04-09 22:31:26,3,1,4,attack,coin,steal,gold,1,false,37500000,45744408198520,238398,5,5,1500,11,1,1,0,0,0,150764,225000,47,0,67.0,bonus_as10_gae3_no,100,2575000,LongExtraDayReduced,,,"{""slot_on_"":""12764\/17000@m17""}",97,40,35,16,23,36,5,5,4,58,19,25,9,19,15,3,3,2
81773,2026-04-09 22:31:26,30,30,1,accumulation,accumulation,coin,gold,1,false,37500000,45744445698520,236898,5,5,1500,11,0,0,0,0,2,153764,225000,47,3000,68.3,bonus_as10_gae3_no,100,2575000,,,,,98,40,35,16,23,38,5,5,4,59,19,25,9,19,17,3,3,2
81774,2026-04-09 22:31:28,3,3,3,attack,attack,attack,attack,2,true,0,45744445698520,235398,5,5,1500,11,3,0,0,0,0,153764,225000,47,0,68.3,bonus_as10_gae3_no,100,2575000,LongExtraDayReduced,LongExtraDayReduced,,"{""slot_on_"":""15764\/17000@m17""}",99,43,35,16,23,38,6,5,4,60,22,25,9,19,17,4,3,2
81775,2026-04-09 22:31:36,3,6,2,attack,spins,goldSack,gold,1,false,100000,45950365798520,235397,5,5,1,11,1,0,0,1,0,153764,225000,47,0,68.3,bonus_as10_gae3_no,100,2575000,,,LongExtraDayReduced,"{""slot_on_"":""15765\/17000@m17""}",100,44,35,16,24,38,6,5,4,61,23,25,9,20,17,4,3,2
81776,2026-04-09 22:31:37,2,2,2,goldSack,goldSack,goldSack,gold,1,true,2000000,45950367798520,235396,5,5,1,11,0,0,0,0,0,153764,225000,47,0,68.3,bonus_as10_gae3_no,100,2575000,,,,,101,44,35,16,24,38,6,5,4,62,23,25,9,20,17,4,3,2
81777,2026-04-09 22:31:39,5,5,5,shield,shield,shield,shield,3,true,1,45950367798520,235396,5,5,1,11,0,0,3,0,0,153764,225000,47,0,68.3,bonus_as10_gae3_no,100,2575000,,,,,102,44,35,19,24,38,6,5,5,63,23,25,12,20,17,4,3,3
81778,2026-04-09 22:31:41,30,2,2,accumulation,goldSack,goldSack,gold,1,false,150000,45950367948520,235395,5,5,1,11,0,0,0,0,1,153765,225000,47,1,68.3,bonus_as10_gae3_no,100,2575000,,,,,103,44,35,19,24,39,6,5,5,64,23,25,12,20,18,4,3,3
81779,2026-04-09 22:31:42,3,6,2,attack,spins,goldSack,gold,1,false,100000,45950368048520,235394,5,5,1,11,1,0,0,1,0,153765,225000,47,0,68.3,bonus_as10_gae3_no,100,2575000,,,,,104,45,35,19,25,39,6,5,5,65,24,25,12,21,18,4,3,3
81780,2026-04-09 22:31:43,3,6,2,attack,spins,goldSack,gold,1,false,100000,45950368148520,235393,5,5,1,11,1,0,0,1,0,153765,225000,47,0,68.3,bonus_as10_gae3_no,100,2575000,,LongExtraDayReduced,,"{""slot_on_"":""15766\/17000@m17""}",105,46,35,19,26,39,6,5,5,66,25,25,12,22,18,4,3,3
81781,2026-04-09 22:31:47,1,1,6,coin,coin,spins,gold,1,false,75000000,45950443148520,233893,5,5,1500,11,0,0,0,1,0,153765,225000,47,0,68.3,bonus_as10_gae3_no,100,2575000,,,,,106,46,35,19,27,39,6,5,5,67,25,25,12,23,18,4,3,3
81782,2026-04-09 22:31:48,5,5,5,shield,shield,shield,shield,3,true,1500,45950443148520,233893,5,5,1500,11,0,0,3,0,0,153765,225000,47,0,68.3,bonus_as10_gae3_no,100,2575000,LongExtraDayReduced,,,"{""slot_on_"":""266\/26000@m18""}",107,46,35,22,27,39,6,5,6,68,25,25,15,23,18,4,3,4
81783,2026-04-09 22:31:54,3,3,3,attack,attack,attack,attack,2,true,0,45950443148520,235192,5,5,1,11,3,0,0,0,0,153765,225000,47,0,68.3,bonus_as10_gae3_no,100,2575000,,,,,108,49,35,22,27,39,7,5,6,69,28,25,15,23,18,5,3,4
81784,2026-04-09 22:32:00,30,2,2,accumulation,goldSack,goldSack,gold,1,false,150000,45950488600520,235191,5,5,1,11,0,0,0,0,1,153766,225000,47,1,68.3,bonus_as10_gae3_no,100,2575000,,,,"{""e190af25"":""2358\/5000@m8""}",109,49,35,22,27,40,7,5,6,70,28,25,15,23,19,5,3,4
81785,2026-04-09 22:32:02,1,6,6,coin,spins,spins,gold,1,false,25000,45950488625520,235190,5,5,1,11,0,0,0,2,0,153766,225000,47,0,68.3,bonus_as10_gae3_no,100,2575000,,LongExtraDayReduced,,"{""slot_on_"":""267\/26000@m18""}",110,49,35,22,29,40,7,5,6,71,28,25,15,25,19,5,3,4
81786,2026-04-09 22:32:03,3,4,2,attack,steal,goldSack,gold,1,false,100000,45950488725520,235189,5,5,1,11,1,1,0,0,0,153766,225000,47,0,68.3,bonus_as10_gae3_no,100,2575000,,,LongExtraDayReduced,"{""slot_on_"":""268\/26000@m18""}",111,50,36,22,29,40,7,5,6,72,29,26,15,25,19,5,3,4
81787,2026-04-09 22:32:04,30,2,2,accumulation,goldSack,goldSack,gold,1,false,150000,45950488875520,235188,5,5,1,11,0,0,0,0,1,153767,225000,47,1,68.3,bonus_as10_gae3_no,100,2575000,,,,"{""c5261ecd"":""2029\/3800@m64""}",112,50,36,22,29,41,7,5,6,73,29,26,15,25,20,5,3,4
81788,2026-04-09 22:32:06,3,3,3,attack,attack,attack,attack,2,true,0,45950488875520,235187,5,5,1,11,3,0,0,0,0,153767,225000,47,0,68.3,bonus_as10_gae3_no,100,2575000,,,,"{""bffc7787"":""1592\/9000@m7""}",113,53,36,22,29,41,8,5,6,74,32,26,15,25,20,6,3,4
81789,2026-04-09 22:32:11,3,3,3,attack,attack,attack,attack,2,true,0,45950534177520,235186,5,5,1,11,3,0,0,0,0,153767,225000,47,0,68.3,bonus_as10_gae3_no,100,2575000,,,,,114,56,36,22,29,41,9,5,6,75,35,26,15,25,20,7,3,4
81790,2026-04-09 22:32:16,5,5,5,shield,shield,shield,shield,3,true,1,45950671457520,235186,5,5,1,11,0,0,3,0,0,153767,225000,47,0,68.3,bonus_as10_gae3_no,100,2575000,LongExtraDayReduced,,LongExtraDayReduced,"{""slot_on_"":""270\/26000@m18""}",115,56,36,25,29,41,9,5,7,76,35,26,18,25,20,7,3,5
81791,2026-04-09 22:32:17,1,4,6,coin,steal,spins,gold,1,false,25000,45950671482520,235185,5,5,1,11,0,1,0,1,0,153767,225000,47,0,68.3,bonus_as10_gae3_no,100,2575000,,,,,116,56,37,25,30,41,9,5,7,77,35,27,18,26,20,7,3,5
81792,2026-04-09 22:32:18,1,1,1,coin,coin,coin,gold,1,true,250000,45950671732520,235184,5,5,1,11,0,0,0,0,0,153767,225000,47,0,68.3,bonus_as10_gae3_no,100,2575000,,,,,117,56,37,25,30,41,9,5,7,78,35,27,18,26,20,7,3,5
81793,2026-04-09 22:32:20,30,30,3,accumulation,accumulation,attack,gold,6,false,0,45950671732520,235183,5,5,1,11,1,0,0,0,2,153769,225000,47,2,68.3,bonus_as10_gae3_no,100,2575000,,,,,118,57,37,25,30,43,9,5,7,79,36,27,18,26,22,7,3,5
81794,2026-04-09 22:32:22,2,2,2,goldSack,goldSack,goldSack,gold,1,true,2000000,45950673732520,235182,5,5,1,11,0,0,0,0,0,153769,225000,47,0,68.3,bonus_as10_gae3_no,100,2575000,,,LongExtraDayReduced,"{""slot_on_"":""271\/26000@m18"",""e190af25"":""2360\/5000@m8""}",119,57,37,25,30,43,9,5,7,80,36,27,18,26,22,7,3,5
81795,2026-04-09 22:32:23,3,3,2,attack,attack,goldSack,gold,1,false,100000,45950673832520,235181,5,5,1,11,2,0,0,0,0,153769,225000,47,0,68.3,bonus_as10_gae3_no,100,2575000,,,,,120,59,37,25,30,43,9,5,7,81,38,27,18,26,22,7,3,5
81796,2026-04-09 22:32:25,2,2,2,goldSack,goldSack,goldSack,gold,1,true,2000000,45950675832520,235180,5,5,1,11,0,0,0,0,0,153769,225000,47,0,68.3,bonus_as10_gae3_no,100,2575000,,,,,121,59,37,25,30,43,9,5,7,82,38,27,18,26,22,7,3,5
81797,2026-04-09 22:32:26,30,2,2,accumulation,goldSack,goldSack,gold,1,false,150000,45950675982520,235179,5,5,1,11,0,0,0,0,1,153770,225000,47,1,68.3,bonus_as10_gae3_no,100,2575000,,,,,122,59,37,25,30,44,9,5,7,83,38,27,18,26,23,7,3,5
81798,2026-04-09 22:32:28,3,4,2,attack,steal,goldSack,gold,1,false,100000,45950676082520,235178,5,5,1,11,1,1,0,0,0,153770,225000,47,0,68.3,bonus_as10_gae3_no,100,2575000,,,,,123,60,38,25,30,44,9,5,7,84,39,28,18,26,23,7,3,5
81799,2026-04-09 22:32:29,30,2,2,accumulation,goldSack,goldSack,gold,1,false,150000,45950676232520,235177,5,5,1,11,0,0,0,0,1,153771,225000,47,1,68.3,bonus_as10_gae3_no,100,2575000,,,,,124,60,38,25,30,45,9,5,7,85,39,28,18,26,24,7,3,5
81800,2026-04-09 22:32:31,1,4,6,coin,steal,spins,gold,1,false,25000,45950676257520,235176,5,5,1,11,0,1,0,1,0,153771,225000,47,0,68.3,bonus_as10_gae3_no,100,2575000,,LongExtraDayReduced,LongExtraDayReduced,"{""slot_on_"":""273\/26000@m18""}",125,60,39,25,31,45,9,5,7,86,39,29,18,27,24,7,3,5
81801,2026-04-09 22:32:32,1,4,6,coin,steal,spins,gold,1,false,25000,45950676282520,235175,5,5,1,11,0,1,0,1,0,153771,225000,47,0,68.3,bonus_as10_gae3_no,100,2575000,,,,,126,60,40,25,32,45,9,5,7,87,39,30,18,28,24,7,3,5
81802,2026-04-09 22:32:36,3,3,3,attack,attack,attack,attack,2,true,0,45950676282520,233675,5,5,1500,11,3,0,0,0,0,153771,225000,47,0,68.3,bonus_as10_gae3_no,100,2575000,,,,,127,63,40,25,32,45,10,5,7,88,42,30,18,28,24,8,3,5
81803,2026-04-09 22:32:51,1,1,1,coin,coin,coin,gold,1,true,250000,46048629532520,233674,5,5,1,11,0,0,0,0,0,153771,225000,47,0,68.3,bonus_as10_gae3_no,100,2575000,,,,,128,63,40,25,32,45,10,5,7,89,42,30,18,28,24,8,3,5
81804,2026-04-09 22:32:53,1,1,4,coin,coin,steal,gold,1,false,50000,46048629582520,233673,5,5,1,11,0,1,0,0,0,153771,225000,47,0,68.3,bonus_as10_gae3_no,100,2575000,,,,,129,63,41,25,32,45,10,5,7,90,42,31,18,28,24,8,3,5
81805,2026-04-09 22:32:54,3,4,2,attack,steal,goldSack,gold,1,false,100000,46048629682520,233672,5,5,1,11,1,1,0,0,0,153771,225000,47,0,68.3,bonus_as10_gae3_no,100,2575000,LongExtraDayReduced,,LongExtraDayReduced,"{""slot_on_"":""275\/26000@m18""}",130,64,42,25,32,45,10,5,7,91,43,32,18,28,24,8,3,5
81806,2026-04-09 22:32:56,1,4,6,coin,steal,spins,gold,1,false,25000,46048629707520,233671,5,5,1,11,0,1,0,1,0,153771,225000,47,0,68.3,bonus_as10_gae3_no,100,2575000,,,,"{""e190af25"":""2362\/5000@m8"",""c5261ecd"":""2031\/3800@m64""}",131,64,43,25,33,45,10,5,7,92,43,33,18,29,24,8,3,5
81807,2026-04-09 22:32:59,1,1,1,coin,coin,coin,gold,1,true,375000000,46049004707520,232171,5,5,1500,11,0,0,0,0,0,153771,225000,47,0,68.3,bonus_as10_gae3_no,100,2575000,LongExtraDayReduced,,,"{""slot_on_"":""1775\/26000@m18"",""bffc7787"":""3092\/9000@m7""}",132,64,43,25,33,45,10,5,7,93,43,33,18,29,24,8,3,5
81808,2026-04-09 22:33:00,30,2,2,accumulation,goldSack,goldSack,gold,1,false,225000000,46049229707520,230671,5,5,1500,11,0,0,0,0,1,155271,225000,47,1500,69.0,bonus_as10_gae3_no,100,2575000,,,,,133,64,43,25,33,46,10,5,7,94,43,33,18,29,25,8,3,5
81809,2026-04-09 22:33:01,30,2,2,accumulation,goldSack,goldSack,gold,1,false,225000000,46049454707520,229171,5,5,1500,11,0,0,0,0,1,156771,225000,47,1500,69.7,bonus_as10_gae3_no,100,2575000,,,,,134,64,43,25,33,47,10,5,7,95,43,33,18,29,26,8,3,5
81810,2026-04-09 22:33:04,30,30,3,accumulation,accumulation,attack,gold,6,false,0,46049454707520,223171,5,5,6000,11,1,0,0,0,2,168771,225000,47,12000,75.0,bonus_as10_gae3_no,100,2575000,,,,,135,65,43,25,33,49,10,5,7,96,44,33,18,29,28,8,3,5
81811,2026-04-09 22:33:06,3,6,2,attack,spins,goldSack,gold,1,false,600000000,46050054707520,217171,5,5,6000,11,1,0,0,1,0,168771,225000,47,0,75.0,bonus_as10_gae3_no,100,2575000,,,,,136,66,43,25,34,49,10,5,7,97,45,33,18,30,28,8,3,5
81812,2026-04-09 22:33:07,1,1,4,coin,coin,steal,gold,1,false,300000000,46050354707520,211171,5,5,6000,11,0,1,0,0,0,168771,225000,47,0,75.0,bonus_as10_gae3_no,100,2575000,,,,,137,66,44,25,34,49,10,5,7,98,45,34,18,30,28,8,3,5
81813,2026-04-09 22:33:08,1,6,6,coin,spins,spins,gold,1,false,150000000,46050504707520,205171,5,5,6000,11,0,0,0,2,0,168771,225000,47,0,75.0,bonus_as10_gae3_no,100,2575000,,,,"{""e190af25"":""3862\/9000@m10""}",138,66,44,25,36,49,10,5,7,99,45,34,18,32,28,8,3,5
81814,2026-04-09 22:33:12,4,6,2,steal,spins,goldSack,gold,1,false,600000000,46051104707520,199171,5,5,6000,11,0,1,0,1,0,168771,225000,47,0,75.0,bonus_as10_gae3_no,100,2575000,,,,,139,66,45,25,37,49,10,5,7,100,45,35,18,33,28,8,3,5
81815,2026-04-09 22:33:14,3,3,2,attack,attack,goldSack,gold,1,false,600000000,46051704707520,193171,5,5,6000,11,2,0,0,0,0,168771,225000,47,0,75.0,bonus_as10_gae3_no,100,2575000,,,,,140,68,45,25,37,49,10,5,7,101,47,35,18,33,28,8,3,5
81816,2026-04-09 22:33:15,5,5,5,shield,shield,shield,shield,3,true,6000,46051704707520,193171,5,5,6000,11,0,0,3,0,0,168771,225000,47,0,75.0,bonus_as10_gae3_no,100,2575000,,,,"{""bffc7787"":""92\/11000@m8""}",141,68,45,28,37,49,10,5,8,102,47,35,21,33,28,8,3,6
81817,2026-04-09 22:33:20,30,2,2,accumulation,goldSack,goldSack,gold,1,false,300000,46051705007520,193169,5,5,2,11,0,0,0,0,1,168773,225000,47,2,75.0,bonus_as10_gae3_no,100,2575000,,,,,142,68,45,28,37,50,10,5,8,103,47,35,21,33,29,8,3,6
81818,2026-04-09 22:33:21,1,6,6,coin,spins,spins,gold,1,false,50000,46051705057520,193167,5,5,2,11,0,0,0,2,0,168773,225000,47,0,75.0,bonus_as10_gae3_no,100,2575000,,,,,143,68,45,28,39,50,10,5,8,104,47,35,21,35,29,8,3,6
81819,2026-04-09 22:33:22,2,2,2,goldSack,goldSack,goldSack,gold,1,true,4000000,46051709057520,193165,5,5,2,11,0,0,0,0,0,168773,225000,47,0,75.0,bonus_as10_gae3_no,100,2575000,,,,,144,68,45,28,39,50,10,5,8,105,47,35,21,35,29,8,3,6
81820,2026-04-09 22:33:23,3,3,2,attack,attack,goldSack,gold,1,false,200000,46051709257520,193163,5,5,2,11,2,0,0,0,0,168773,225000,47,0,75.0,bonus_as10_gae3_no,100,2575000,,,,,145,70,45,28,39,50,10,5,8,106,49,35,21,35,29,8,3,6
81821,2026-04-09 22:33:24,3,6,2,attack,spins,goldSack,gold,1,false,200000,46051709457520,193161,5,5,2,11,1,0,0,1,0,168773,225000,47,0,75.0,bonus_as10_gae3_no,100,2575000,,,,,146,71,45,28,40,50,10,5,8,107,50,35,21,36,29,8,3,6
81822,2026-04-09 22:33:26,6,6,6,spins,spins,spins,spins,5,true,20,46051709457520,193179,5,5,2,11,0,0,0,3,0,168773,225000,47,0,75.0,bonus_as10_gae3_no,100,2575000,,,,"{""e190af25"":""3866\/9000@m10"",""c5261ecd"":""2035\/3800@m64""}",147,71,45,28,43,50,10,5,8,108,50,35,21,39,29,8,3,6
81823,2026-04-09 22:33:28,30,30,1,accumulation,accumulation,coin,gold,1,false,50000,46051709507520,193177,5,5,2,11,0,0,0,0,2,168777,225000,47,4,75.0,bonus_as10_gae3_no,100,2575000,,,,,148,71,45,28,43,52,10,5,8,1,0,0,0,0,2,0,0,0
81824,2026-04-09 22:33:31,1,1,4,coin,coin,steal,gold,1,false,100000,46051709607520,193175,5,5,2,11,0,1,0,0,0,168777,225000,47,0,75.0,bonus_as10_gae3_no,100,2575000,LongExtraDayReduced,,,"{""slot_on_"":""1777\/26000@m18""}",149,71,46,28,43,52,10,5,8,2,0,1,0,0,2,0,0,0
81825,2026-04-09 22:33:31,3,6,2,attack,spins,goldSack,gold,1,false,200000,46051709807520,193173,5,5,2,11,1,0,0,1,0,168777,225000,47,0,75.0,bonus_as10_gae3_no,100,2575000,,,,,150,72,46,28,44,52,10,5,8,3,1,1,0,1,2,0,0,0
81826,2026-04-09 22:33:32,1,1,1,coin,coin,coin,gold,1,true,500000,46051710307520,193171,5,5,2,11,0,0,0,0,0,168777,225000,47,0,75.0,bonus_as10_gae3_no,100,2575000,LongExtraDayReduced,LongExtraDayReduced,LongExtraDayReduced,"{""slot_on_"":""1787\/26000@m18""}",151,72,46,28,44,52,10,5,8,4,1,1,0,1,2,0,0,0
81827,2026-04-09 22:33:33,1,4,4,coin,steal,steal,gold,1,false,50000,46051710357520,193169,5,5,2,11,0,2,0,0,0,168777,225000,47,0,75.0,bonus_as10_gae3_no,100,2575000,,,,,152,72,48,28,44,52,10,5,8,5,1,3,0,1,2,0,0,0
81828,2026-04-09 22:33:38,30,2,2,accumulation,goldSack,goldSack,gold,1,false,300000,46051710657520,193167,5,5,2,11,0,0,0,0,1,168779,225000,47,2,75.0,bonus_as10_gae3_no,100,2575000,,,,"{""bffc7787"":""94\/11000@m8""}",153,72,48,28,44,53,10,5,8,6,1,3,0,1,3,0,0,0
81829,2026-04-09 22:33:40,5,5,5,shield,shield,shield,shield,3,true,2,46051710657520,193167,5,5,2,11,0,0,3,0,0,168779,225000,47,0,75.0,bonus_as10_gae3_no,100,2575000,,,LongExtraDayReduced,"{""slot_on_"":""1789\/26000@m18""}",154,72,48,31,44,53,10,5,9,7,1,3,3,1,3,0,0,1
81830,2026-04-09 22:33:41,3,1,5,attack,coin,shield,gold,1,false,50000,46051710707520,193165,5,5,2,11,1,0,1,0,0,168779,225000,47,0,75.0,bonus_as10_gae3_no,100,2575000,LongExtraDayReduced,,,"{""slot_on_"":""1791\/26000@m18""}",155,73,48,32,44,53,10,5,9,8,2,3,4,1,3,0,0,1
81831,2026-04-09 22:33:43,3,3,3,attack,attack,attack,attack,2,true,0,46051710707520,193163,5,5,2,11,3,0,0,0,0,168779,225000,47,0,75.0,bonus_as10_gae3_no,100,2575000,LongExtraDayReduced,,,"{""slot_on_"":""1793\/26000@m18"",""c5261ecd"":""2039\/3800@m64""}",156,76,48,32,44,53,11,5,9,9,5,3,4,1,3,1,0,1
81832,2026-04-09 22:33:48,30,2,2,accumulation,goldSack,goldSack,gold,1,false,300000,46051728167520,193161,5,5,2,11,0,0,0,0,1,168781,225000,47,2,75.0,bonus_as10_gae3_no,100,2575000,,,,,157,76,48,32,44,54,11,5,9,10,5,3,4,1,4,1,0,1
81833,2026-04-09 22:33:49,3,6,2,attack,spins,goldSack,gold,1,false,200000,46051728367520,193159,5,5,2,11,1,0,0,1,0,168781,225000,47,0,75.0,bonus_as10_gae3_no,100,2575000,,,,,158,77,48,32,45,54,11,5,9,11,6,3,4,2,4,1,0,1
81834,2026-04-09 22:33:52,3,3,2,attack,attack,goldSack,gold,1,false,150000000,46051878367520,191659,5,5,1500,11,2,0,0,0,0,168781,225000,47,0,75.0,bonus_as10_gae3_no,100,2575000,,,,,159,79,48,32,45,54,11,5,9,12,8,3,4,2,4,1,0,1
81835,2026-04-09 22:33:53,4,4,4,steal,steal,steal,steal,4,true,0,46051878367520,190159,5,5,1500,11,0,3,0,0,0,168781,225000,47,0,75.0,bonus_as10_gae3_no,100,2575000,,,,,160,79,51,32,45,54,11,6,9,13,8,6,4,2,4,1,1,1
81836,2026-04-09 22:34:00,1,1,6,coin,coin,spins,gold,1,false,75000000,46560430867520,188659,5,5,1500,11,0,0,0,1,0,168781,225000,47,0,75.0,bonus_as10_gae3_no,100,2575000,,,,,161,79,51,32,46,54,11,6,9,14,8,6,4,3,4,1,1,1
81837,2026-04-09 22:34:01,3,6,2,attack,spins,goldSack,gold,1,false,150000000,46560580867520,187159,5,5,1500,11,1,0,0,1,0,168781,225000,47,0,75.0,bonus_as10_gae3_no,100,2575000,,,,"{""bffc7787"":""1594\/11000@m8""}",162,80,51,32,47,54,11,6,9,15,9,6,4,4,4,1,1,1
81838,2026-04-09 22:34:02,2,2,2,goldSack,goldSack,goldSack,gold,1,true,3000000000,46563580867520,185659,5,5,1500,11,0,0,0,0,0,168781,225000,47,0,75.0,bonus_as10_gae3_no,100,2575000,,,,,163,80,51,32,47,54,11,6,9,16,9,6,4,4,4,1,1,1
81839,2026-04-09 22:34:03,5,5,5,shield,shield,shield,shield,3,true,1500,46563580867520,185659,5,5,1500,11,0,0,3,0,0,168781,225000,47,0,75.0,bonus_as10_gae3_no,100,2575000,,,,,164,80,51,35,47,54,11,6,10,17,9,6,7,4,4,1,1,2
81840,2026-04-09 22:34:05,3,6,2,attack,spins,goldSack,gold,1,false,150000000,46563730867520,184159,5,5,1500,11,1,0,0,1,0,168781,225000,47,0,75.0,bonus_as10_gae3_no,100,2575000,,,,,165,81,51,35,48,54,11,6,10,18,10,6,7,5,4,1,1,2
81841,2026-04-09 22:34:07,30,2,2,accumulation,goldSack,goldSack,gold,1,false,225000000,46563955867520,182659,5,5,1500,11,0,0,0,0,1,170281,225000,47,1500,75.7,bonus_as10_gae3_no,100,2575000,LongExtraDayReduced,,,"{""slot_on_"":""3293\/26000@m18"",""e190af25"":""6866\/9000@m10""}",166,81,51,35,48,55,11,6,10,19,10,6,7,5,5,1,1,2
81842,2026-04-09 22:34:10,1,4,6,coin,steal,spins,gold,1,false,37500000,46563993367520,181159,5,5,1500,11,0,1,0,1,0,170281,225000,47,0,75.7,bonus_as10_gae3_no,100,2575000,,LongExtraDayReduced,,"{""slot_on_"":""4793\/26000@m18""}",167,81,52,35,49,55,11,6,10,20,10,7,7,6,5,1,1,2
81843,2026-04-09 22:34:11,30,2,2,accumulation,goldSack,goldSack,gold,1,false,225000000,46564218367520,179659,5,5,1500,11,0,0,0,0,1,171781,225000,47,1500,76.3,bonus_as10_gae3_no,100,2575000,,,,,168,81,52,35,49,56,11,6,10,21,10,7,7,6,6,1,1,2
81844,2026-04-09 22:34:13,5,2,2,shield,goldSack,goldSack,gold,1,false,225000000,46564443367520,178159,5,5,1500,11,0,0,1,0,0,171781,225000,47,0,76.3,bonus_as10_gae3_no,100,2575000,,,,,169,81,52,36,49,56,11,6,10,22,10,7,8,6,6,1,1,2
81845,2026-04-09 22:34:14,1,4,6,coin,steal,spins,gold,1,false,37500000,46564480867520,176659,5,5,1500,11,0,1,0,1,0,171781,225000,47,0,76.3,bonus_as10_gae3_no,100,2575000,LongExtraDayReduced,,,"{""slot_on_"":""6293\/26000@m18""}",170,81,53,36,50,56,11,6,10,23,10,8,8,7,6,1,1,2
81846,2026-04-09 22:34:15,1,1,1,coin,coin,coin,gold,1,true,375000000,46564855867520,175159,5,5,1500,11,0,0,0,0,0,171781,225000,47,0,76.3,bonus_as10_gae3_no,100,2575000,,,,,171,81,53,36,50,56,11,6,10,24,10,8,8,7,6,1,1,2
81847,2026-04-09 22:34:17,3,4,2,attack,steal,goldSack,gold,1,false,150000000,46565005867520,173659,5,5,1500,11,1,1,0,0,0,171781,225000,47,0,76.3,bonus_as10_gae3_no,100,2575000,,,LongExtraDayReduced,"{""slot_on_"":""7793\/26000@m18"",""bffc7787"":""3094\/11000@m8""}",172,82,54,36,50,56,11,6,10,25,11,9,8,7,6,1,1,2
81848,2026-04-09 22:34:19,3,4,2,attack,steal,goldSack,gold,1,false,100000,46565005967520,173658,5,5,1,11,1,1,0,0,0,171781,225000,47,0,76.3,bonus_as10_gae3_no,100,2575000,,,,,173,83,55,36,50,56,11,6,10,26,12,10,8,7,6,1,1,2
81849,2026-04-09 22:34:22,30,30,1,accumulation,accumulation,coin,gold,1,false,37500000,46565043467520,172158,5,5,1500,11,0,0,0,0,2,174781,225000,47,3000,77.7,bonus_as10_gae3_no,100,2575000,LongExtraDayReduced,,,"{""slot_on_"":""9293\/26000@m18""}",174,83,55,36,50,58,11,6,10,27,12,10,8,7,8,1,1,2
81850,2026-04-09 22:34:27,1,1,4,coin,coin,steal,gold,1,false,75000000,46565118467520,170658,5,5,1500,11,0,1,0,0,0,174781,225000,47,0,77.7,bonus_as10_gae3_no,100,2575000,,,,"{""c5261ecd"":""1239\/3800@m65""}",175,83,56,36,50,58,11,6,10,28,12,11,8,7,8,1,1,2
81851,2026-04-09 22:34:29,2,2,2,goldSack,goldSack,goldSack,gold,1,true,3000000000,46568118467520,169158,5,5,1500,11,0,0,0,0,0,174781,225000,47,0,77.7,bonus_as10_gae3_no,100,2575000,,,LongExtraDayReduced,"{""slot_on_"":""10793\/26000@m18""}",176,83,56,36,50,58,11,6,10,29,12,11,8,7,8,1,1,2
81852,2026-04-09 22:34:31,3,5,2,attack,shield,goldSack,gold,1,false,150000000,46568268467520,167658,5,5,1500,11,1,0,1,0,0,174781,225000,47,0,77.7,bonus_as10_gae3_no,100,2575000,,,,,177,84,56,37,50,58,11,6,10,30,13,11,9,7,8,1,1,2
81853,2026-04-09 22:34:32,30,30,1,accumulation,accumulation,coin,gold,1,false,37500000,46568305967520,166158,5,5,1500,11,0,0,0,0,2,177781,225000,47,3000,79.0,bonus_as10_gae3_no,100,2575000,,,,,178,84,56,37,50,60,11,6,10,31,13,11,9,7,10,1,1,2
81854,2026-04-09 22:34:34,30,2,2,accumulation,goldSack,goldSack,gold,1,false,225000000,46568530967520,164658,5,5,1500,11,0,0,0,0,1,179281,225000,47,1500,79.7,bonus_as10_gae3_no,100,2575000,,,,,179,84,56,37,50,61,11,6,10,32,13,11,9,7,11,1,1,2
81855,2026-04-09 22:34:36,3,6,2,attack,spins,goldSack,gold,1,false,150000000,46568680967520,163158,5,5,1500,11,1,0,0,1,0,179281,225000,47,0,79.7,bonus_as10_gae3_no,100,2575000,,,,,180,85,56,37,51,61,11,6,10,33,14,11,9,8,11,1,1,2
81856,2026-04-09 22:34:37,5,5,5,shield,shield,shield,shield,3,true,1500,46568680967520,163158,5,5,1500,11,0,0,3,0,0,179281,225000,47,0,79.7,bonus_as10_gae3_no,100,2575000,,,,,181,85,56,40,51,61,11,6,11,34,14,11,12,8,11,1,1,3
81857,2026-04-09 22:34:40,1,1,1,coin,coin,coin,gold,1,true,250000,46568681217520,163157,5,5,1,11,0,0,0,0,0,179281,225000,47,0,79.7,bonus_as10_gae3_no,100,2575000,,,,,182,85,56,40,51,61,11,6,11,35,14,11,12,8,11,1,1,3
81858,2026-04-09 22:34:41,1,4,4,coin,steal,steal,gold,1,false,25000,46568681242520,163156,5,5,1,11,0,2,0,0,0,179281,225000,47,0,79.7,bonus_as10_gae3_no,100,2575000,,,,"{""e190af25"":""6868\/9000@m10""}",183,85,58,40,51,61,11,6,11,36,14,13,12,8,11,1,1,3
81859,2026-04-09 22:34:44,5,5,5,shield,shield,shield,shield,3,true,1500,46568681242520,163156,5,5,1500,11,0,0,3,0,0,179281,225000,47,0,79.7,bonus_as10_gae3_no,100,2575000,,,,,184,85,58,43,51,61,11,6,12,37,14,13,15,8,11,1,1,4
81860,2026-04-09 22:34:47,1,4,6,coin,steal,spins,gold,1,false,25000,46568681267520,163155,5,5,1,11,0,1,0,1,0,179281,225000,47,0,79.7,bonus_as10_gae3_no,100,2575000,,,,,185,85,59,43,52,61,11,6,12,38,14,14,15,9,11,1,1,4
81861,2026-04-09 22:34:48,1,1,1,coin,coin,coin,gold,1,true,250000,46568681517520,163154,5,5,1,11,0,0,0,0,0,179281,225000,47,0,79.7,bonus_as10_gae3_no,100,2575000,,,,,186,85,59,43,52,61,11,6,12,39,14,14,15,9,11,1,1,4
81862,2026-04-09 22:34:51,30,2,2,accumulation,goldSack,goldSack,gold,1,false,225000000,46568906517520,161654,5,5,1500,11,0,0,0,0,1,180781,225000,47,1500,80.3,bonus_as10_gae3_no,100,2575000,,,,"{""bffc7787"":""4594\/11000@m8""}",187,85,59,43,52,62,11,6,12,40,14,14,15,9,12,1,1,4
81863,2026-04-09 22:34:53,30,2,2,accumulation,goldSack,goldSack,gold,1,false,225000000,46569131517520,160154,5,5,1500,11,0,0,0,0,1,182281,225000,47,1500,81.0,bonus_as10_gae3_no,100,2575000,,,,,188,85,59,43,52,63,11,6,12,41,14,14,15,9,13,1,1,4
81864,2026-04-09 22:34:55,1,1,1,coin,coin,coin,gold,1,true,1500000000,46570631517520,154154,5,5,6000,11,0,0,0,0,0,182281,225000,47,0,81.0,bonus_as10_gae3_no,100,2575000,,,LongExtraDayReduced,"{""slot_on_"":""16793\/26000@m18""}",189,85,59,43,52,63,11,6,12,42,14,14,15,9,13,1,1,4
81865,2026-04-09 22:34:56,4,4,4,steal,steal,steal,steal,4,true,0,46570631517520,148154,5,5,6000,11,0,3,0,0,0,182281,225000,47,0,81.0,bonus_as10_gae3_no,100,2575000,,,,,190,85,62,43,52,63,11,7,12,43,14,17,15,9,13,1,2,4
81866,2026-04-09 22:35:09,4,6,2,steal,spins,goldSack,gold,1,false,100000,49375434817520,148153,5,5,1,11,0,1,0,1,0,182281,225000,47,0,81.0,bonus_as10_gae3_no,100,2575000,,,LongExtraDayReduced,"{""slot_on_"":""16794\/26000@m18""}",191,85,63,43,53,63,11,7,12,44,14,18,15,10,13,1,2,4
81867,2026-04-09 22:35:11,4,6,2,steal,spins,goldSack,gold,1,false,100000,49375434917520,148152,5,5,1,11,0,1,0,1,0,182281,225000,47,0,81.0,bonus_as10_gae3_no,100,2575000,,,,,192,85,64,43,54,63,11,7,12,45,14,19,15,11,13,1,2,4
81868,2026-04-09 22:35:15,5,5,5,shield,shield,shield,shield,3,true,1500,49375434917520,148152,5,5,1500,11,0,0,3,0,0,182281,225000,47,0,81.0,bonus_as10_gae3_no,100,2575000,,,,,193,85,64,46,54,63,11,7,13,46,14,19,18,11,13,1,2,5
81869,2026-04-09 22:35:19,3,4,2,attack,steal,goldSack,gold,1,false,100000,49375435017520,148151,5,5,1,11,1,1,0,0,0,182281,225000,47,0,81.0,bonus_as10_gae3_no,100,2575000,,,,"{""bffc7787"":""4595\/11000@m8""}",194,86,65,46,54,63,11,7,13,47,15,20,18,11,13,1,2,5
81870,2026-04-09 22:35:20,3,1,1,attack,coin,coin,gold,1,false,50000,49375435067520,148150,5,5,1,11,1,0,0,0,0,182281,225000,47,0,81.0,bonus_as10_gae3_no,100,2575000,LongExtraDayReduced,,LongExtraDayReduced,"{""slot_on_"":""16796\/26000@m18""}",195,87,65,46,54,63,11,7,13,48,16,20,18,11,13,1,2,5
81871,2026-04-09 22:35:21,3,1,1,attack,coin,coin,gold,1,false,50000,49375435117520,148149,5,5,1,11,1,0,0,0,0,182281,225000,47,0,81.0,bonus_as10_gae3_no,100,2575000,,,,,196,88,65,46,54,63,11,7,13,49,17,20,18,11,13,1,2,5
81872,2026-04-09 22:35:25,30,30,1,accumulation,accumulation,coin,gold,1,false,37500000,49375472617520,146649,5,5,1500,11,0,0,0,0,2,185281,225000,47,3000,82.3,bonus_as10_gae3_no,100,2575000,,,,"{""e190af25"":""868\/2500@m11"",""c5261ecd"":""439\/3800@m66""}",197,88,65,46,54,65,11,7,13,50,17,20,18,11,15,1,2,5
81873,2026-04-09 22:35:30,2,2,2,goldSack,goldSack,goldSack,gold,1,true,3000000000,49378472617520,145149,5,5,1500,11,0,0,0,0,0,185281,225000,47,0,82.3,bonus_as10_gae3_no,100,2575000,,,,,198,88,65,46,54,65,11,7,13,51,17,20,18,11,15,1,2,5
81874,2026-04-09 22:35:31,30,2,2,accumulation,goldSack,goldSack,gold,1,false,225000000,49378697617520,143649,5,5,1500,11,0,0,0,0,1,186781,225000,47,1500,83.0,bonus_as10_gae3_no,100,2575000,,,,,199,88,65,46,54,66,11,7,13,52,17,20,18,11,16,1,2,5
81875,2026-04-09 22:35:33,2,2,2,goldSack,goldSack,goldSack,gold,1,true,3000000000,49381697617520,142149,5,5,1500,11,0,0,0,0,0,186781,225000,47,0,83.0,bonus_as10_gae3_no,100,2575000,,,,"{""e190af25"":""1368\/6000@m12""}",200,88,65,46,54,66,11,7,13,53,17,20,18,11,16,1,2,5
81876,2026-04-09 22:35:36,1,1,6,coin,coin,spins,gold,1,false,75000000,49381772617520,140649,5,5,1500,11,0,0,0,1,0,186781,225000,47,0,83.0,bonus_as10_gae3_no,100,2575000,,,,,201,88,65,46,55,66,11,7,13,54,17,20,18,12,16,1,2,5
81877,2026-04-09 22:35:37,4,4,4,steal,steal,steal,steal,4,true,0,49381772617520,139149,5,5,1500,11,0,3,0,0,0,186781,225000,47,0,83.0,bonus_as10_gae3_no,100,2575000,,,LongExtraDayReduced,"{""slot_on_"":""18296\/26000@m18""}",202,88,68,46,55,66,11,8,13,55,17,23,18,12,16,1,3,5
81878,2026-04-09 22:35:44,4,4,4,steal,steal,steal,steal,4,true,0,49942568017520,137649,5,5,1500,11,0,3,0,0,0,186781,225000,47,0,83.0,bonus_as10_gae3_no,100,2575000,,LongExtraDayReduced,LongExtraDayReduced,"{""slot_on_"":""21296\/26000@m18""}",203,88,71,46,55,66,11,9,13,56,17,26,18,12,16,1,4,5
81879,2026-04-09 22:35:57,1,4,5,coin,steal,shield,gold,1,false,25000,50097683042520,137648,5,5,1,11,0,1,1,0,0,186781,225000,47,0,83.0,bonus_as10_gae3_no,100,2575000,,,,,204,88,72,47,55,66,11,9,13,57,17,27,19,12,16,1,4,5
81880,2026-04-09 22:35:58,1,1,1,coin,coin,coin,gold,1,true,250000,50097683292520,137647,5,5,1,11,0,0,0,0,0,186781,225000,47,0,83.0,bonus_as10_gae3_no,100,2575000,,,,,205,88,72,47,55,66,11,9,13,58,17,27,19,12,16,1,4,5
81881,2026-04-09 22:35:59,3,4,2,attack,steal,goldSack,gold,1,false,100000,50097683392520,137646,5,5,1,11,1,1,0,0,0,186781,225000,47,0,83.0,bonus_as10_gae3_no,100,2575000,,,,,206,89,73,47,55,66,11,9,13,59,18,28,19,12,16,1,4,5
81882,2026-04-09 22:36:00,1,1,6,coin,coin,spins,gold,1,false,50000,50097683442520,137645,5,5,1,11,0,0,0,1,0,186781,225000,47,0,83.0,bonus_as10_gae3_no,100,2575000,,,,,207,89,73,47,56,66,11,9,13,60,18,28,19,13,16,1,4,5
81883,2026-04-09 22:36:01,1,1,1,coin,coin,coin,gold,1,true,250000,50097683692520,137644,5,5,1,11,0,0,0,0,0,186781,225000,47,0,83.0,bonus_as10_gae3_no,100,2575000,,,,,208,89,73,47,56,66,11,9,13,61,18,28,19,13,16,1,4,5
81884,2026-04-09 22:36:05,30,30,1,accumulation,accumulation,coin,gold,1,false,37500000,50097721192520,136144,5,5,1500,11,0,0,0,0,2,189781,225000,47,3000,84.3,bonus_as10_gae3_no,100,2575000,,,,,209,89,73,47,56,68,11,9,13,62,18,28,19,13,18,1,4,5
81885,2026-04-09 22:36:06,30,30,1,accumulation,accumulation,coin,gold,1,false,37500000,50097758692520,134644,5,5,1500,11,0,0,0,0,2,192781,225000,47,3000,85.7,bonus_as10_gae3_no,100,2575000,,,,"{""bffc7787"":""6095\/11000@m8""}",210,89,73,47,56,70,11,9,13,63,18,28,19,13,20,1,4,5
81886,2026-04-09 22:36:08,3,3,1,attack,attack,coin,gold,1,false,150000000,50097908692520,128644,5,5,6000,11,2,0,0,0,0,192781,225000,47,0,85.7,bonus_as10_gae3_no,100,2575000,,,,,211,91,73,47,56,70,11,9,13,64,20,28,19,13,20,1,4,5
81887,2026-04-09 22:36:09,30,2,2,accumulation,goldSack,goldSack,gold,1,false,900000000,50098808692520,122644,5,5,6000,11,0,0,0,0,1,198781,225000,47,6000,88.3,bonus_as10_gae3_no,100,2575000,,LongExtraDayReduced,,"{""slot_on_"":""1296\/33000@m19""}",212,91,73,47,56,71,11,9,13,65,20,28,19,13,21,1,4,5
81888,2026-04-09 22:36:16,3,6,2,attack,spins,goldSack,gold,1,false,600000000,50099883692520,141644,5,5,6000,11,1,0,0,1,0,198781,225000,47,0,88.3,bonus_as10_gae3_no,100,2575000,,,LongExtraDayReduced,"{""slot_on_"":""7296\/33000@m19""}",213,92,73,47,57,71,11,9,13,66,21,28,19,14,21,1,4,5
81889,2026-04-09 22:36:18,2,2,2,goldSack,goldSack,goldSack,gold,1,true,12000000000,50111883692520,135644,5,5,6000,11,0,0,0,0,0,198781,225000,47,0,88.3,bonus_as10_gae3_no,100,2575000,,,,,214,92,73,47,57,71,11,9,13,67,21,28,19,14,21,1,4,5
81890,2026-04-09 22:36:19,1,1,4,coin,coin,steal,gold,1,false,300000000,50112183692520,129644,5,5,6000,11,0,1,0,0,0,198781,225000,47,0,88.3,bonus_as10_gae3_no,100,2575000,,,,,215,92,74,47,57,71,11,9,13,68,21,29,19,14,21,1,4,5
81891,2026-04-09 22:36:20,3,3,3,attack,attack,attack,attack,2,true,0,50112183692520,123644,5,5,6000,11,3,0,0,0,0,198781,225000,47,0,88.3,bonus_as10_gae3_no,100,2575000,,,,,216,95,74,47,57,71,12,9,13,69,24,29,19,14,21,2,4,5
81892,2026-04-09 22:36:26,30,2,2,accumulation,goldSack,goldSack,gold,1,false,150000,50163663842520,123643,5,5,1,11,0,0,0,0,1,198782,225000,47,1,88.3,bonus_as10_gae3_no,100,2575000,,,LongExtraDayReduced,"{""slot_on_"":""7297\/33000@m19"",""e190af25"":""1370\/6000@m12""}",217,95,74,47,57,72,12,9,13,70,24,29,19,14,22,2,4,5
81893,2026-04-09 22:36:30,3,6,2,attack,spins,goldSack,gold,1,false,150000000,50163813842520,122143,5,5,1500,11,1,0,0,1,0,198782,225000,47,0,88.3,bonus_as10_gae3_no,100,2575000,,,,,218,96,74,47,58,72,12,9,13,71,25,29,19,15,22,2,4,5
81894,2026-04-09 22:36:31,5,2,2,shield,goldSack,goldSack,gold,1,false,225000000,50164038842520,120643,5,5,1500,11,0,0,1,0,0,198782,225000,47,0,88.3,bonus_as10_gae3_no,100,2575000,,,,,219,96,74,48,58,72,12,9,13,72,25,29,20,15,22,2,4,5
81895,2026-04-09 22:36:32,5,5,5,shield,shield,shield,shield,3,true,1500,50164038842520,120643,5,5,1500,11,0,0,3,0,0,198782,225000,47,0,88.3,bonus_as10_gae3_no,100,2575000,LongExtraDayReduced,LongExtraDayReduced,,"{""slot_on_"":""10297\/33000@m19""}",220,96,74,51,58,72,12,9,14,73,25,29,23,15,22,2,4,6
81896,2026-04-09 22:36:35,30,2,2,accumulation,goldSack,goldSack,gold,1,false,150000,50164038992520,120642,5,5,1,11,0,0,0,0,1,198783,225000,47,1,88.3,bonus_as10_gae3_no,100,2575000,,,,"{""c5261ecd"":""441\/3800@m66""}",221,96,74,51,58,73,12,9,14,74,25,29,23,15,23,2,4,6
81897,2026-04-09 22:36:36,4,4,4,steal,steal,steal,steal,4,true,0,50164038992520,120641,5,5,1,11,0,3,0,0,0,198783,225000,47,0,88.3,bonus_as10_gae3_no,100,2575000,,,,,222,96,77,51,58,73,12,10,14,75,25,32,23,15,23,2,5,6
81898,2026-04-09 22:36:45,1,1,4,coin,coin,steal,gold,1,false,50000,50164187045720,120640,5,5,1,11,0,1,0,0,0,198783,225000,47,0,88.3,bonus_as10_gae3_no,100,2575000,,,,,223,96,78,51,58,73,12,10,14,76,25,33,23,15,23,2,5,6
81899,2026-04-09 22:36:47,1,4,4,coin,steal,steal,gold,1,false,25000,50164187070720,120639,5,5,1,11,0,2,0,0,0,198783,225000,47,0,88.3,bonus_as10_gae3_no,100,2575000,,,,"{""bffc7787"":""6096\/11000@m8""}",224,96,80,51,58,73,12,10,14,77,25,35,23,15,23,2,5,6
81900,2026-04-09 22:36:48,30,30,1,accumulation,accumulation,coin,gold,1,false,25000,50164187095720,120638,5,5,1,11,0,0,0,0,2,198785,225000,47,2,88.3,bonus_as10_gae3_no,100,2575000,,,,,225,96,80,51,58,75,12,10,14,78,25,35,23,15,25,2,5,6
81901,2026-04-09 22:36:51,3,6,2,attack,spins,goldSack,gold,1,false,40000000,50164227095720,120238,5,5,400,11,1,0,0,1,0,198785,225000,47,0,88.3,bonus_as10_gae3_no,100,2575000,,,,,226,97,80,51,59,75,12,10,14,79,26,35,23,16,25,2,5,6
81902,2026-04-09 22:36:52,4,6,2,steal,spins,goldSack,gold,1,false,40000000,50164267095720,119838,5,5,400,11,0,1,0,1,0,198785,225000,47,0,88.3,bonus_as10_gae3_no,100,2575000,,,,,227,97,81,51,60,75,12,10,14,80,26,36,23,17,25,2,5,6
81903,2026-04-09 22:36:54,1,4,4,coin,steal,steal,gold,1,false,10000000,50164277095720,119438,5,5,400,11,0,2,0,0,0,198785,225000,47,0,88.3,bonus_as10_gae3_no,100,2575000,,,,,228,97,83,51,60,75,12,10,14,81,26,38,23,17,25,2,5,6
81904,2026-04-09 22:36:55,2,2,2,goldSack,goldSack,goldSack,gold,1,true,800000000,50165077095720,119038,5,5,400,11,0,0,0,0,0,198785,225000,47,0,88.3,bonus_as10_gae3_no,100,2575000,,,,,229,97,83,51,60,75,12,10,14,82,26,38,23,17,25,2,5,6
81905,2026-04-09 22:36:56,3,3,3,attack,attack,attack,attack,2,true,0,50165077095720,118638,5,5,400,11,3,0,0,0,0,198785,225000,47,0,88.3,bonus_as10_gae3_no,100,2575000,LongExtraDayReduced,,LongExtraDayReduced,"{""slot_on_"":""11097\/33000@m19""}",230,100,83,51,60,75,13,10,14,83,29,38,23,17,25,3,5,6
81906,2026-04-09 22:37:01,1,1,4,coin,coin,steal,gold,1,false,20000000,50175497095720,118238,5,5,400,11,0,1,0,0,0,198785,225000,47,0,88.3,bonus_as10_gae3_no,100,2575000,,LongExtraDayReduced,,"{""slot_on_"":""11497\/33000@m19""}",231,100,84,51,60,75,13,10,14,84,29,39,23,17,25,3,5,6
81907,2026-04-09 22:37:02,30,30,1,accumulation,accumulation,coin,gold,1,false,10000000,50175507095720,117838,5,5,400,11,0,0,0,0,2,199585,225000,47,800,88.7,bonus_as10_gae3_no,100,2575000,,LongExtraDayReduced,,"{""slot_on_"":""11897\/33000@m19""}",232,100,84,51,60,77,13,10,14,85,29,39,23,17,27,3,5,6
81908,2026-04-09 22:37:06,30,30,1,accumulation,accumulation,coin,gold,1,false,25000,50175507120720,117837,5,5,1,11,0,0,0,0,2,199587,225000,47,2,88.7,bonus_as10_gae3_no,100,2575000,,,,,233,100,84,51,60,79,13,10,14,86,29,39,23,17,29,3,5,6
81909,2026-04-09 22:37:07,30,2,2,accumulation,goldSack,goldSack,gold,1,false,150000,50175507270720,117836,5,5,1,11,0,0,0,0,1,199588,225000,47,1,88.7,bonus_as10_gae3_no,100,2575000,,,,"{""e190af25"":""1372\/6000@m12""}",234,100,84,51,60,80,13,10,14,87,29,39,23,17,30,3,5,6
81910,2026-04-09 22:37:08,1,1,1,coin,coin,coin,gold,1,true,250000,50175507520720,117835,5,5,1,11,0,0,0,0,0,199588,225000,47,0,88.7,bonus_as10_gae3_no,100,2575000,,,,,235,100,84,51,60,80,13,10,14,88,29,39,23,17,30,3,5,6
81911,2026-04-09 22:37:09,1,5,5,coin,shield,shield,gold,1,false,25000,50175507545720,117834,5,5,1,11,0,0,2,0,0,199588,225000,47,0,88.7,bonus_as10_gae3_no,100,2575000,,,,,236,100,84,53,60,80,13,10,14,89,29,39,25,17,30,3,5,6
81912,2026-04-09 22:37:10,30,2,2,accumulation,goldSack,goldSack,gold,1,false,150000,50175507695720,117833,5,5,1,11,0,0,0,0,1,199589,225000,47,1,88.7,bonus_as10_gae3_no,100,2575000,LongExtraDayReduced,LongExtraDayReduced,LongExtraDayReduced,"{""slot_on_"":""11902\/33000@m19""}",237,100,84,53,60,81,13,10,14,90,29,39,25,17,31,3,5,6
81913,2026-04-09 22:37:12,3,3,1,attack,attack,coin,gold,1,false,25000,50175507720720,117832,5,5,1,11,2,0,0,0,0,199589,225000,47,0,88.7,bonus_as10_gae3_no,100,2575000,,LongExtraDayReduced,,"{""slot_on_"":""11903\/33000@m19""}",238,102,84,53,60,81,13,10,14,91,31,39,25,17,31,3,5,6
81914,2026-04-09 22:37:13,1,1,1,coin,coin,coin,gold,1,true,250000,50175507970720,117831,5,5,1,11,0,0,0,0,0,199589,225000,47,0,88.7,bonus_as10_gae3_no,100,2575000,,LongExtraDayReduced,,"{""slot_on_"":""11904\/33000@m19""}",239,102,84,53,60,81,13,10,14,92,31,39,25,17,31,3,5,6
81915,2026-04-09 22:37:14,30,2,2,accumulation,goldSack,goldSack,gold,1,false,150000,50175508120720,117830,5,5,1,11,0,0,0,0,1,199590,225000,47,1,88.7,bonus_as10_gae3_no,100,2575000,,,,,240,102,84,53,60,82,13,10,14,93,31,39,25,17,32,3,5,6
81916,2026-04-09 22:37:15,5,2,2,shield,goldSack,goldSack,gold,1,false,150000,50175508270720,117829,5,5,1,11,0,0,1,0,0,199590,225000,47,0,88.7,bonus_as10_gae3_no,100,2575000,,,,,241,102,84,54,60,82,13,10,14,94,31,39,26,17,32,3,5,6
81917,2026-04-09 22:37:16,3,3,3,attack,attack,attack,attack,2,true,0,50175508270720,117828,5,5,1,11,3,0,0,0,0,199590,225000,47,0,88.7,bonus_as10_gae3_no,100,2575000,,,,,242,105,84,54,60,82,14,10,14,95,34,39,26,17,32,4,5,6
81918,2026-04-09 22:37:20,1,1,4,coin,coin,steal,gold,1,false,50000,50175516900720,117827,5,5,1,11,0,1,0,0,0,199590,225000,47,0,88.7,bonus_as10_gae3_no,100,2575000,,,,,243,105,85,54,60,82,14,10,14,96,34,40,26,17,32,4,5,6
81919,2026-04-09 22:37:20,30,2,2,accumulation,goldSack,goldSack,gold,1,false,150000,50175517050720,117826,5,5,1,11,0,0,0,0,1,199591,225000,47,1,88.7,bonus_as10_gae3_no,100,2575000,,,,,244,105,85,54,60,83,14,10,14,97,34,40,26,17,33,4,5,6
81920,2026-04-09 22:37:21,30,30,1,accumulation,accumulation,coin,gold,1,false,25000,50175517075720,117825,5,5,1,11,0,0,0,0,2,199593,225000,47,2,88.7,bonus_as10_gae3_no,100,2575000,,,,"{""bffc7787"":""6097\/11000@m8""}",245,105,85,54,60,85,14,10,14,98,34,40,26,17,35,4,5,6
81921,2026-04-09 22:37:23,1,1,4,coin,coin,steal,gold,1,false,50000,50175517125720,117824,5,5,1,11,0,1,0,0,0,199593,225000,47,0,88.7,bonus_as10_gae3_no,100,2575000,,,,"{""c5261ecd"":""443\/3800@m66""}",246,105,86,54,60,85,14,10,14,99,34,41,26,17,35,4,5,6
81922,2026-04-09 22:37:23,3,1,4,attack,coin,steal,gold,1,false,25000,50175517150720,117823,5,5,1,11,1,1,0,0,0,199593,225000,47,0,88.7,bonus_as10_gae3_no,100,2575000,,,,,247,106,87,54,60,85,14,10,14,100,35,42,26,17,35,4,5,6
81923,2026-04-09 22:37:24,30,2,2,accumulation,goldSack,goldSack,gold,1,false,150000,50175517300720,117822,5,5,1,11,0,0,0,0,1,199594,225000,47,1,88.7,bonus_as10_gae3_no,100,2575000,,,LongExtraDayReduced,"{""slot_on_"":""11905\/33000@m19""}",248,106,87,54,60,86,14,10,14,101,35,42,26,17,36,4,5,6
81924,2026-04-09 22:37:25,5,5,5,shield,shield,shield,shield,3,true,1,50175517300720,117822,5,5,1,11,0,0,3,0,0,199594,225000,47,0,88.7,bonus_as10_gae3_no,100,2575000,,,,,249,106,87,57,60,86,14,10,15,102,35,42,29,17,36,4,5,7
81925,2026-04-09 22:37:27,30,2,2,accumulation,goldSack,goldSack,gold,1,false,150000,50175517450720,117821,5,5,1,11,0,0,0,0,1,199595,225000,47,1,88.7,bonus_as10_gae3_no,100,2575000,,,,,250,106,87,57,60,87,14,10,15,103,35,42,29,17,37,4,5,7
81926,2026-04-09 22:37:28,30,2,2,accumulation,goldSack,goldSack,gold,1,false,150000,50175517600720,117820,5,5,1,11,0,0,0,0,1,199596,225000,47,1,88.7,bonus_as10_gae3_no,100,2575000,LongExtraDayReduced,,,"{""slot_on_"":""11906\/33000@m19"",""e190af25"":""1374\/6000@m12""}",251,106,87,57,60,88,14,10,15,104,35,42,29,17,38,4,5,7
81927,2026-04-09 22:37:31,3,6,2,attack,spins,goldSack,gold,1,false,150000000,50175667600720,116320,5,5,1500,11,1,0,0,1,0,199596,225000,47,0,88.7,bonus_as10_gae3_no,100,2575000,,,,,252,107,87,57,61,88,14,10,15,105,36,42,29,18,38,4,5,7
81928,2026-04-09 22:37:33,1,1,4,coin,coin,steal,gold,1,false,75000000,50175742600720,114820,5,5,1500,11,0,1,0,0,0,199596,225000,47,0,88.7,bonus_as10_gae3_no,100,2575000,,,,,253,107,88,57,61,88,14,10,15,106,36,43,29,18,38,4,5,7
81929,2026-04-09 22:37:33,3,6,2,attack,spins,goldSack,gold,1,false,150000000,50175892600720,113320,5,5,1500,11,1,0,0,1,0,199596,225000,47,0,88.7,bonus_as10_gae3_no,100,2575000,,,,,254,108,88,57,62,88,14,10,15,107,37,43,29,19,38,4,5,7
81930,2026-04-09 22:37:34,5,5,5,shield,shield,shield,shield,3,true,1500,50175892600720,113320,5,5,1500,11,0,0,3,0,0,199596,225000,47,0,88.7,bonus_as10_gae3_no,100,2575000,,LongExtraDayReduced,,"{""slot_on_"":""13406\/33000@m19""}",255,108,88,60,62,88,14,10,16,108,37,43,32,19,38,4,5,8
81931,2026-04-09 22:37:37,1,4,4,coin,steal,steal,gold,1,false,25000,50175892625720,113319,5,5,1,11,0,2,0,0,0,199596,225000,47,0,88.7,bonus_as10_gae3_no,100,2575000,LongExtraDayReduced,,,"{""slot_on_"":""13407\/33000@m19""}",256,108,90,60,62,88,14,10,16,109,37,45,32,19,38,4,5,8
81932,2026-04-09 22:37:38,30,2,2,accumulation,goldSack,goldSack,gold,1,false,150000,50175892775720,113318,5,5,1,11,0,0,0,0,1,199597,225000,47,1,88.7,bonus_as10_gae3_no,100,2575000,,,,"{""c5261ecd"":""445\/3800@m66""}",257,108,90,60,62,89,14,10,16,110,37,45,32,19,39,4,5,8
81933,2026-04-09 22:37:42,5,5,2,shield,shield,goldSack,gold,1,false,150000000,50176042775720,111818,5,5,1500,11,0,0,2,0,0,199597,225000,47,0,88.7,bonus_as10_gae3_no,100,2575000,,,LongExtraDayReduced,"{""slot_on_"":""14907\/33000@m19""}",258,108,90,62,62,89,14,10,16,111,37,45,34,19,39,4,5,8
81934,2026-04-09 22:37:43,30,2,2,accumulation,goldSack,goldSack,gold,1,false,225000000,50176267775720,110318,5,5,1500,11,0,0,0,0,1,201097,225000,47,1500,89.4,bonus_as10_gae3_no,100,2575000,LongExtraDayReduced,LongExtraDayReduced,,"{""slot_on_"":""17907\/33000@m19""}",259,108,90,62,62,90,14,10,16,112,37,45,34,19,40,4,5,8
81935,2026-04-09 22:37:45,4,4,4,steal,steal,steal,steal,4,true,0,50176267775720,108818,5,5,1500,11,0,3,0,0,0,201097,225000,47,0,89.4,bonus_as10_gae3_no,100,2575000,,,,,260,108,93,62,62,90,14,11,16,113,37,48,34,19,40,4,6,8
81936,2026-04-09 22:37:52,5,5,5,shield,shield,shield,shield,3,true,1,50459054975720,108818,5,5,1,11,0,0,3,0,0,201097,225000,47,0,89.4,bonus_as10_gae3_no,100,2575000,LongExtraDayReduced,,,"{""slot_on_"":""17908\/33000@m19""}",261,108,93,65,62,90,14,11,17,114,37,48,37,19,40,4,6,9
81937,2026-04-09 22:37:54,3,6,2,attack,spins,goldSack,gold,1,false,100000,50459055075720,108817,5,5,1,11,1,0,0,1,0,201097,225000,47,0,89.4,bonus_as10_gae3_no,100,2575000,,,,,262,109,93,65,63,90,14,11,17,115,38,48,37,20,40,4,6,9
81938,2026-04-09 22:37:55,1,4,4,coin,steal,steal,gold,1,false,25000,50459055100720,108816,5,5,1,11,0,2,0,0,0,201097,225000,47,0,89.4,bonus_as10_gae3_no,100,2575000,,,,,263,109,95,65,63,90,14,11,17,116,38,50,37,20,40,4,6,9
81939,2026-04-09 22:37:56,1,1,4,coin,coin,steal,gold,1,false,50000,50459055150720,108815,5,5,1,11,0,1,0,0,0,201097,225000,47,0,89.4,bonus_as10_gae3_no,100,2575000,,,,,264,109,96,65,63,90,14,11,17,117,38,51,37,20,40,4,6,9
81940,2026-04-09 22:37:57,3,3,3,attack,attack,attack,attack,2,true,0,50459055150720,108814,5,5,1,11,3,0,0,0,0,201097,225000,47,0,89.4,bonus_as10_gae3_no,100,2575000,,,,,265,112,96,65,63,90,15,11,17,118,41,51,37,20,40,5,6,9
81941,2026-04-09 22:38:02,30,2,2,accumulation,goldSack,goldSack,gold,1,false,150000,50459081300720,108813,5,5,1,11,0,0,0,0,1,201098,225000,47,1,89.4,bonus_as10_gae3_no,100,2575000,,LongExtraDayReduced,,"{""slot_on_"":""17909\/33000@m19"",""bffc7787"":""6098\/11000@m8""}",266,112,96,65,63,91,15,11,17,119,41,51,37,20,41,5,6,9
81942,2026-04-09 22:38:03,1,1,4,coin,coin,steal,gold,1,false,50000,50459081350720,108812,5,5,1,11,0,1,0,0,0,201098,225000,47,0,89.4,bonus_as10_gae3_no,100,2575000,,,,,267,112,97,65,63,91,15,11,17,120,41,52,37,20,41,5,6,9
81943,2026-04-09 22:38:04,1,1,4,coin,coin,steal,gold,1,false,50000,50459081400720,108811,5,5,1,11,0,1,0,0,0,201098,225000,47,0,89.4,bonus_as10_gae3_no,100,2575000,,,,"{""e190af25"":""1376\/6000@m12""}",268,112,98,65,63,91,15,11,17,121,41,53,37,20,41,5,6,9
81944,2026-04-09 22:38:05,1,6,6,coin,spins,spins,gold,1,false,25000,50459081425720,108810,5,5,1,11,0,0,0,2,0,201098,225000,47,0,89.4,bonus_as10_gae3_no,100,2575000,,,,,269,112,98,65,65,91,15,11,17,122,41,53,37,22,41,5,6,9
81945,2026-04-09 22:38:06,3,3,1,attack,attack,coin,gold,1,false,25000,50459081450720,108809,5,5,1,11,2,0,0,0,0,201098,225000,47,0,89.4,bonus_as10_gae3_no,100,2575000,LongExtraDayReduced,,,"{""slot_on_"":""17910\/33000@m19""}",270,114,98,65,65,91,15,11,17,123,43,53,37,22,41,5,6,9
81946,2026-04-09 22:38:07,3,6,2,attack,spins,goldSack,gold,1,false,100000,50459081550720,108808,5,5,1,11,1,0,0,1,0,201098,225000,47,0,89.4,bonus_as10_gae3_no,100,2575000,,,,,271,115,98,65,66,91,15,11,17,124,44,53,37,23,41,5,6,9
81947,2026-04-09 22:38:08,3,3,3,attack,attack,attack,attack,2,true,0,50459081550720,108807,5,5,1,11,3,0,0,0,0,201098,225000,47,0,89.4,bonus_as10_gae3_no,100,2575000,,,,,272,118,98,65,66,91,16,11,17,125,47,53,37,23,41,6,6,9
81948,2026-04-09 22:38:12,30,2,2,accumulation,goldSack,goldSack,gold,1,false,150000,50459107700720,108806,5,5,1,11,0,0,0,0,1,201099,225000,47,1,89.4,bonus_as10_gae3_no,100,2575000,,,,"{""bffc7787"":""6099\/11000@m8""}",273,118,98,65,66,92,16,11,17,126,47,53,37,23,42,6,6,9
81949,2026-04-09 22:38:14,3,6,2,attack,spins,goldSack,gold,1,false,100000,50459107800720,108805,5,5,1,11,1,0,0,1,0,201099,225000,47,0,89.4,bonus_as10_gae3_no,100,2575000,LongExtraDayReduced,,,"{""slot_on_"":""17911\/33000@m19""}",274,119,98,65,67,92,16,11,17,127,48,53,37,24,42,6,6,9
81950,2026-04-09 22:38:15,1,1,4,coin,coin,steal,gold,1,false,50000,50459107850720,108804,5,5,1,11,0,1,0,0,0,201099,225000,47,0,89.4,bonus_as10_gae3_no,100,2575000,,,,,275,119,99,65,67,92,16,11,17,128,48,54,37,24,42,6,6,9
81951,2026-04-09 22:38:16,30,2,2,accumulation,goldSack,goldSack,gold,1,false,150000,50459108000720,108803,5,5,1,11,0,0,0,0,1,201100,225000,47,1,89.4,bonus_as10_gae3_no,100,2575000,,,,,276,119,99,65,67,93,16,11,17,129,48,54,37,24,43,6,6,9
81952,2026-04-09 22:38:17,1,4,4,coin,steal,steal,gold,1,false,25000,50459108025720,108802,5,5,1,11,0,2,0,0,0,201100,225000,47,0,89.4,bonus_as10_gae3_no,100,2575000,,,,,277,119,101,65,67,93,16,11,17,130,48,56,37,24,43,6,6,9
81953,2026-04-09 22:38:18,3,6,2,attack,spins,goldSack,gold,1,false,100000,50459108125720,108801,5,5,1,11,1,0,0,1,0,201100,225000,47,0,89.4,bonus_as10_gae3_no,100,2575000,,LongExtraDayReduced,,"{""slot_on_"":""17912\/33000@m19"",""c5261ecd"":""447\/3800@m66""}",278,120,101,65,68,93,16,11,17,131,49,56,37,25,43,6,6,9
81954,2026-04-09 22:38:19,30,30,1,accumulation,accumulation,coin,gold,1,false,25000,50459108150720,108800,5,5,1,11,0,0,0,0,2,201102,225000,47,2,89.4,bonus_as10_gae3_no,100,2575000,,LongExtraDayReduced,,"{""slot_on_"":""17913\/33000@m19""}",279,120,101,65,68,95,16,11,17,132,49,56,37,25,45,6,6,9
81955,2026-04-09 22:38:21,3,6,2,attack,spins,goldSack,gold,1,false,100000,50459108250720,108799,5,5,1,11,1,0,0,1,0,201102,225000,47,0,89.4,bonus_as10_gae3_no,100,2575000,,,,,280,121,101,65,69,95,16,11,17,133,50,56,37,26,45,6,6,9
81956,2026-04-09 22:38:22,30,2,2,accumulation,goldSack,goldSack,gold,1,false,150000,50459108400720,108798,5,5,1,11,0,0,0,0,1,201103,225000,47,1,89.4,bonus_as10_gae3_no,100,2575000,,,,,281,121,101,65,69,96,16,11,17,134,50,56,37,26,46,6,6,9
81957,2026-04-09 22:38:23,1,4,4,coin,steal,steal,gold,1,false,25000,50459108425720,108797,5,5,1,11,0,2,0,0,0,201103,225000,47,0,89.4,bonus_as10_gae3_no,100,2575000,,,,"{""bffc7787"":""6100\/11000@m8""}",282,121,103,65,69,96,16,11,17,135,50,58,37,26,46,6,6,9
81958,2026-04-09 22:38:25,1,4,6,coin,steal,spins,gold,1,false,25000,50459108450720,108796,5,5,1,11,0,1,0,1,0,201103,225000,47,0,89.4,bonus_as10_gae3_no,100,2575000,,,,,283,121,104,65,70,96,16,11,17,136,50,59,37,27,46,6,6,9
81959,2026-04-09 22:38:26,5,5,5,shield,shield,shield,shield,3,true,1,50459108450720,108796,5,5,1,11,0,0,3,0,0,201103,225000,47,0,89.4,bonus_as10_gae3_no,100,2575000,,,,,284,121,104,68,70,96,16,11,18,137,50,59,40,27,46,6,6,10
81960,2026-04-09 22:38:27,3,3,1,attack,attack,coin,gold,1,false,25000,50459108475720,108795,5,5,1,11,2,0,0,0,0,201103,225000,47,0,89.4,bonus_as10_gae3_no,100,2575000,LongExtraDayReduced,,,"{""slot_on_"":""17914\/33000@m19""}",285,123,104,68,70,96,16,11,18,138,52,59,40,27,46,6,6,10
81961,2026-04-09 22:38:28,30,30,1,accumulation,accumulation,coin,gold,1,false,25000,50459108500720,108794,5,5,1,11,0,0,0,0,2,201105,225000,47,2,89.4,bonus_as10_gae3_no,100,2575000,,,LongExtraDayReduced,"{""slot_on_"":""17915\/33000@m19""}",286,123,104,68,70,98,16,11,18,139,52,59,40,27,48,6,6,10
81962,2026-04-09 22:38:30,2,2,2,goldSack,goldSack,goldSack,gold,1,true,2000000,50459110500720,108793,5,5,1,11,0,0,0,0,0,201105,225000,47,0,89.4,bonus_as10_gae3_no,100,2575000,,,,"{""e190af25"":""1378\/6000@m12""}",287,123,104,68,70,98,16,11,18,140,52,59,40,27,48,6,6,10
81963,2026-04-09 22:38:31,30,2,2,accumulation,goldSack,goldSack,gold,1,false,150000,50459110650720,108792,5,5,1,11,0,0,0,0,1,201106,225000,47,1,89.4,bonus_as10_gae3_no,100,2575000,LongExtraDayReduced,,,"{""slot_on_"":""17916\/33000@m19""}",288,123,104,68,70,99,16,11,18,141,52,59,40,27,49,6,6,10
81964,2026-04-09 22:38:33,3,3,1,attack,attack,coin,gold,1,false,25000,50459110675720,108791,5,5,1,11,2,0,0,0,0,201106,225000,47,0,89.4,bonus_as10_gae3_no,100,2575000,,,,,289,125,104,68,70,99,16,11,18,142,54,59,40,27,49,6,6,10
81965,2026-04-09 22:38:34,1,1,1,coin,coin,coin,gold,1,true,250000,50459110925720,108790,5,5,1,11,0,0,0,0,0,201106,225000,47,0,89.4,bonus_as10_gae3_no,100,2575000,,LongExtraDayReduced,,"{""slot_on_"":""17917\/33000@m19""}",290,125,104,68,70,99,16,11,18,143,54,59,40,27,49,6,6,10
81966,2026-04-09 22:38:35,30,2,2,accumulation,goldSack,goldSack,gold,1,false,150000,50459111075720,108789,5,5,1,11,0,0,0,0,1,201107,225000,47,1,89.4,bonus_as10_gae3_no,100,2575000,,,,,291,125,104,68,70,100,16,11,18,144,54,59,40,27,50,6,6,10
81967,2026-04-09 22:38:36,3,6,2,attack,spins,goldSack,gold,1,false,100000,50459111175720,108788,5,5,1,11,1,0,0,1,0,201107,225000,47,0,89.4,bonus_as10_gae3_no,100,2575000,,,,"{""c5261ecd"":""449\/3800@m66"",""bffc7787"":""6101\/11000@m8""}",292,126,104,68,71,100,16,11,18,145,55,59,40,28,50,6,6,10
81968,2026-04-09 22:38:37,2,2,2,goldSack,goldSack,goldSack,gold,1,true,2000000,50459113175720,108787,5,5,1,11,0,0,0,0,0,201107,225000,47,0,89.4,bonus_as10_gae3_no,100,2575000,LongExtraDayReduced,,,"{""slot_on_"":""17918\/33000@m19""}",293,126,104,68,71,100,16,11,18,146,55,59,40,28,50,6,6,10
81969,2026-04-09 22:38:38,3,3,1,attack,attack,coin,gold,1,false,25000,50459113200720,108786,5,5,1,11,2,0,0,0,0,201107,225000,47,0,89.4,bonus_as10_gae3_no,100,2575000,,,,,294,128,104,68,71,100,16,11,18,147,57,59,40,28,50,6,6,10
81970,2026-04-09 22:38:39,3,6,2,attack,spins,goldSack,gold,1,false,100000,50459113300720,108785,5,5,1,11,1,0,0,1,0,201107,225000,47,0,89.4,bonus_as10_gae3_no,100,2575000,,,,,295,129,104,68,72,100,16,11,18,148,58,59,40,29,50,6,6,10
81971,2026-04-09 22:38:40,1,1,1,coin,coin,coin,gold,1,true,250000,50459113550720,108784,5,5,1,11,0,0,0,0,0,201107,225000,47,0,89.4,bonus_as10_gae3_no,100,2575000,,,,,296,129,104,68,72,100,16,11,18,149,58,59,40,29,50,6,6,10
81972,2026-04-09 22:38:41,30,30,1,accumulation,accumulation,coin,gold,1,false,25000,50459113575720,108783,5,5,1,11,0,0,0,0,2,201109,225000,47,2,89.4,bonus_as10_gae3_no,100,2575000,,,,,297,129,104,68,72,102,16,11,18,150,58,59,40,29,52,6,6,10
81973,2026-04-09 22:38:42,2,2,2,goldSack,goldSack,goldSack,gold,1,true,2000000,50459115575720,108782,5,5,1,11,0,0,0,0,0,201109,225000,47,0,89.4,bonus_as10_gae3_no,100,2575000,,,,,298,129,104,68,72,102,16,11,18,151,58,59,40,29,52,6,6,10
81974,2026-04-09 22:38:43,30,30,1,accumulation,accumulation,coin,gold,1,false,25000,50459115600720,108781,5,5,1,11,0,0,0,0,2,201111,225000,47,2,89.4,bonus_as10_gae3_no,100,2575000,,,,,299,129,104,68,72,104,16,11,18,152,58,59,40,29,54,6,6,10
81975,2026-04-09 22:38:45,1,1,1,coin,coin,coin,gold,1,true,250000,50459115850720,108780,5,5,1,11,0,0,0,0,0,201111,225000,47,0,89.4,bonus_as10_gae3_no,100,2575000,,LongExtraDayReduced,,"{""slot_on_"":""17919\/33000@m19""}",300,129,104,68,72,104,16,11,18,153,58,59,40,29,54,6,6,10
81976,2026-04-09 22:38:46,3,4,2,attack,steal,goldSack,gold,1,false,100000,50459115950720,108779,5,5,1,11,1,1,0,0,0,201111,225000,47,0,89.4,bonus_as10_gae3_no,100,2575000,,,,"{""c5261ecd"":""451\/3800@m66""}",301,130,105,68,72,104,16,11,18,154,59,60,40,29,54,6,6,10
81977,2026-04-09 22:38:47,3,3,3,attack,attack,attack,attack,2,true,0,50459115950720,108778,5,5,1,11,3,0,0,0,0,201111,225000,47,0,89.4,bonus_as10_gae3_no,100,2575000,LongExtraDayReduced,,,"{""slot_on_"":""17920\/33000@m19"",""e190af25"":""1380\/6000@m12""}",302,133,105,68,72,104,17,11,18,155,62,60,40,29,54,7,6,10
81978,2026-04-09 22:38:56,6,6,6,spins,spins,spins,spins,5,true,10,50459141950720,108787,5,5,1,11,0,0,0,3,0,201111,225000,47,0,89.4,bonus_as10_gae3_no,100,2575000,,,LongExtraDayReduced,"{""slot_on_"":""17921\/33000@m19"",""bffc7787"":""6102\/11000@m8""}",303,133,105,68,75,104,17,11,18,156,62,60,40,32,54,7,6,10
81979,2026-04-09 22:38:59,3,3,1,attack,attack,coin,gold,1,false,25000,50459141975720,108786,5,5,1,11,2,0,0,0,0,201111,225000,47,0,89.4,bonus_as10_gae3_no,100,2575000,,,,,304,135,105,68,75,104,17,11,18,1,2,0,0,0,0,0,0,0
81980,2026-04-09 22:39:00,4,6,2,steal,spins,goldSack,gold,1,false,100000,50459142075720,108785,5,5,1,11,0,1,0,1,0,201111,225000,47,0,89.4,bonus_as10_gae3_no,100,2575000,,,,,305,135,106,68,76,104,17,11,18,2,2,1,0,1,0,0,0,0
81981,2026-04-09 22:39:01,1,1,4,coin,coin,steal,gold,1,false,50000,50459142125720,108784,5,5,1,11,0,1,0,0,0,201111,225000,47,0,89.4,bonus_as10_gae3_no,100,2575000,,,,,306,135,107,68,76,104,17,11,18,3,2,2,0,1,0,0,0,0
81982,2026-04-09 22:39:02,1,1,4,coin,coin,steal,gold,1,false,50000,50459142175720,108783,5,5,1,11,0,1,0,0,0,201111,225000,47,0,89.4,bonus_as10_gae3_no,100,2575000,,,,,307,135,108,68,76,104,17,11,18,4,2,3,0,1,0,0,0,0
81983,2026-04-09 22:39:03,3,5,2,attack,shield,goldSack,gold,1,false,100000,50459142275720,108782,5,5,1,11,1,0,1,0,0,201111,225000,47,0,89.4,bonus_as10_gae3_no,100,2575000,,,,,308,136,108,69,76,104,17,11,18,5,3,3,1,1,0,0,0,0
81984,2026-04-09 22:39:04,3,6,2,attack,spins,goldSack,gold,1,false,100000,50459142375720,108781,5,5,1,11,1,0,0,1,0,201111,225000,47,0,89.4,bonus_as10_gae3_no,100,2575000,,,,,309,137,108,69,77,104,17,11,18,6,4,3,1,2,0,0,0,0
81985,2026-04-09 22:39:05,3,3,3,attack,attack,attack,attack,2,true,0,50459142375720,108780,5,5,1,11,3,0,0,0,0,201111,225000,47,0,89.4,bonus_as10_gae3_no,100,2575000,,,,,310,140,108,69,77,104,18,11,18,7,7,3,1,2,0,1,0,0
81986,2026-04-09 22:39:09,1,1,1,coin,coin,coin,gold,1,true,250000,50459168625720,108779,5,5,1,11,0,0,0,0,0,201111,225000,47,0,89.4,bonus_as10_gae3_no,100,2575000,,,,,311,140,108,69,77,104,18,11,18,8,7,3,1,2,0,1,0,0
81987,2026-04-09 22:39:10,2,2,2,goldSack,goldSack,goldSack,gold,1,true,2000000,50459170625720,108778,5,5,1,11,0,0,0,0,0,201111,225000,47,0,89.4,bonus_as10_gae3_no,100,2575000,,,,,312,140,108,69,77,104,18,11,18,9,7,3,1,2,0,1,0,0
81988,2026-04-09 22:39:11,30,2,2,accumulation,goldSack,goldSack,gold,1,false,150000,50459170775720,108777,5,5,1,11,0,0,0,0,1,201112,225000,47,1,89.4,bonus_as10_gae3_no,100,2575000,,,,,313,140,108,69,77,105,18,11,18,10,7,3,1,2,1,1,0,0
81989,2026-04-09 22:39:12,2,2,2,goldSack,goldSack,goldSack,gold,1,true,2000000,50459172775720,108776,5,5,1,11,0,0,0,0,0,201112,225000,47,0,89.4,bonus_as10_gae3_no,100,2575000,,,,"{""c5261ecd"":""453\/3800@m66""}",314,140,108,69,77,105,18,11,18,11,7,3,1,2,1,1,0,0
81990,2026-04-09 22:39:13,3,3,3,attack,attack,attack,attack,2,true,0,50459172775720,108775,5,5,1,11,3,0,0,0,0,201112,225000,47,0,89.4,bonus_as10_gae3_no,100,2575000,,,,,315,143,108,69,77,105,19,11,18,12,10,3,1,2,1,2,0,0
81991,2026-04-09 22:39:17,30,2,2,accumulation,goldSack,goldSack,gold,1,false,150000,50459181505720,108774,5,5,1,11,0,0,0,0,1,201113,225000,47,1,89.4,bonus_as10_gae3_no,100,2575000,,,,,316,143,108,69,77,106,19,11,18,13,10,3,1,2,2,2,0,0
81992,2026-04-09 22:39:18,3,6,2,attack,spins,goldSack,gold,1,false,100000,50459181605720,108773,5,5,1,11,1,0,0,1,0,201113,225000,47,0,89.4,bonus_as10_gae3_no,100,2575000,LongExtraDayReduced,LongExtraDayReduced,,"{""slot_on_"":""17923\/33000@m19""}",317,144,108,69,78,106,19,11,18,14,11,3,1,3,2,2,0,0
81993,2026-04-09 22:39:19,5,5,5,shield,shield,shield,shield,3,true,1,50459181605720,108773,5,5,1,11,0,0,3,0,0,201113,225000,47,0,89.4,bonus_as10_gae3_no,100,2575000,,,,,318,144,108,72,78,106,19,11,19,15,11,3,4,3,2,2,0,1
81994,2026-04-09 22:39:20,4,4,4,steal,steal,steal,steal,4,true,0,50459181605720,108772,5,5,1,11,0,3,0,0,0,201113,225000,47,0,89.4,bonus_as10_gae3_no,100,2575000,,,,"{""bffc7787"":""6103\/11000@m8""}",319,144,111,72,78,106,19,12,19,16,11,6,4,3,2,2,1,1
81995,2026-04-09 22:39:30,3,4,2,attack,steal,goldSack,gold,1,false,100000,50459440905720,108771,5,5,1,11,1,1,0,0,0,201113,225000,47,0,89.4,bonus_as10_gae3_no,100,2575000,,,,,320,145,112,72,78,106,19,12,19,17,12,7,4,3,2,2,1,1
81996,2026-04-09 22:39:31,1,1,4,coin,coin,steal,gold,1,false,50000,50459440955720,108770,5,5,1,11,0,1,0,0,0,201113,225000,47,0,89.4,bonus_as10_gae3_no,100,2575000,,,,,321,145,113,72,78,106,19,12,19,18,12,8,4,3,2,2,1,1
81997,2026-04-09 22:39:32,5,5,5,shield,shield,shield,shield,3,true,1,50459440955720,108770,5,5,1,11,0,0,3,0,0,201113,225000,47,0,89.4,bonus_as10_gae3_no,100,2575000,LongExtraDayReduced,LongExtraDayReduced,,"{""slot_on_"":""17925\/33000@m19""}",322,145,113,75,78,106,19,12,20,19,12,8,7,3,2,2,1,2
81998,2026-04-09 22:39:33,30,2,2,accumulation,goldSack,goldSack,gold,1,false,150000,50459441105720,108769,5,5,1,11,0,0,0,0,1,201114,225000,47,1,89.4,bonus_as10_gae3_no,100,2575000,,,,"{""e190af25"":""1382\/6000@m12""}",323,145,113,75,78,107,19,12,20,20,12,8,7,3,3,2,1,2
81999,2026-04-09 22:39:34,30,30,3,accumulation,accumulation,attack,gold,6,false,0,50459441105720,108768,5,5,1,11,1,0,0,0,2,201116,225000,47,2,89.4,bonus_as10_gae3_no,100,2575000,,LongExtraDayReduced,,"{""slot_on_"":""17926\/33000@m19""}",324,146,113,75,78,109,19,12,20,21,13,8,7,3,5,2,1,2
82000,2026-04-09 22:39:35,30,2,2,accumulation,goldSack,goldSack,gold,1,false,150000,50459441255720,108767,5,5,1,11,0,0,0,0,1,201117,225000,47,1,89.4,bonus_as10_gae3_no,100,2575000,,,,,325,146,113,75,78,110,19,12,20,22,13,8,7,3,6,2,1,2
82001,2026-04-09 22:39:36,30,30,1,accumulation,accumulation,coin,gold,1,false,25000,50459441280720,108766,5,5,1,11,0,0,0,0,2,201119,225000,47,2,89.4,bonus_as10_gae3_no,100,2575000,,,,,326,146,113,75,78,112,19,12,20,23,13,8,7,3,8,2,1,2
82002,2026-04-09 22:39:37,1,1,4,coin,coin,steal,gold,1,false,50000,50459441330720,108765,5,5,1,11,0,1,0,0,0,201119,225000,47,0,89.4,bonus_as10_gae3_no,100,2575000,,,,,327,146,114,75,78,112,19,12,20,24,13,9,7,3,8,2,1,2
82003,2026-04-09 22:39:38,3,6,2,attack,spins,goldSack,gold,1,false,100000,50459441430720,108764,5,5,1,11,1,0,0,1,0,201119,225000,47,0,89.4,bonus_as10_gae3_no,100,2575000,,,,,328,147,114,75,79,112,19,12,20,25,14,9,7,4,8,2,1,2
82004,2026-04-09 22:39:39,2,2,2,goldSack,goldSack,goldSack,gold,1,true,2000000,50459443430720,108763,5,5,1,11,0,0,0,0,0,201119,225000,47,0,89.4,bonus_as10_gae3_no,100,2575000,,LongExtraDayReduced,LongExtraDayReduced,"{""slot_on_"":""17928\/33000@m19""}",329,147,114,75,79,112,19,12,20,26,14,9,7,4,8,2,1,2
82005,2026-04-09 22:39:40,1,4,6,coin,steal,spins,gold,1,false,25000,50459443455720,108762,5,5,1,11,0,1,0,1,0,201119,225000,47,0,89.4,bonus_as10_gae3_no,100,2575000,,,LongExtraDayReduced,"{""slot_on_"":""17929\/33000@m19""}",330,147,115,75,80,112,19,12,20,27,14,10,7,5,8,2,1,2
82006,2026-04-09 22:39:41,1,1,4,coin,coin,steal,gold,1,false,50000,50459443505720,108761,5,5,1,11,0,1,0,0,0,201119,225000,47,0,89.4,bonus_as10_gae3_no,100,2575000,LongExtraDayReduced,LongExtraDayReduced,,"{""slot_on_"":""17931\/33000@m19""}",331,147,116,75,80,112,19,12,20,28,14,11,7,5,8,2,1,2
82007,2026-04-09 22:39:41,3,3,3,attack,attack,attack,attack,2,true,0,50459443505720,108760,5,5,1,11,3,0,0,0,0,201119,225000,47,0,89.4,bonus_as10_gae3_no,100,2575000,,,LongExtraDayReduced,"{""slot_on_"":""17932\/33000@m19""}",332,150,116,75,80,112,20,12,20,29,17,11,7,5,8,3,1,2
82008,2026-04-09 22:39:45,1,1,4,coin,coin,steal,gold,1,false,50000,50459452135720,108759,5,5,1,11,0,1,0,0,0,201119,225000,47,0,89.4,bonus_as10_gae3_no,100,2575000,,,,"{""c5261ecd"":""455\/3800@m66""}",333,150,117,75,80,112,20,12,20,30,17,12,7,5,8,3,1,2
82009,2026-04-09 22:39:46,3,6,2,attack,spins,goldSack,gold,1,false,100000,50459452235720,108758,5,5,1,11,1,0,0,1,0,201119,225000,47,0,89.4,bonus_as10_gae3_no,100,2575000,,,,"{""bffc7787"":""6104\/11000@m8""}",334,151,117,75,81,112,20,12,20,31,18,12,7,6,8,3,1,2
82010,2026-04-09 22:39:47,30,30,30,accumulation,accumulation,accumulation,gold,10,true,0,50459452235720,108757,5,5,1,11,0,0,0,0,3,201129,225000,47,10,89.4,bonus_as10_gae3_no,100,2575000,,,,,335,151,117,75,81,115,20,12,20,32,18,12,7,6,11,3,1,2
82011,2026-04-09 22:40:29,4,4,4,steal,steal,steal,steal,4,true,0,50459452235720,108756,5,5,1,11,0,3,0,0,0,201129,225000,47,0,89.4,bonus_as10_gae3_no,100,2575000,,,,,1,0,3,0,0,0,0,1,0,33,18,15,7,6,11,3,2,2
82012,2026-04-09 22:40:36,30,2,2,accumulation,goldSack,goldSack,gold,1,false,150000,50459872646120,108755,5,5,1,11,0,0,0,0,1,201130,225000,47,1,89.4,bonus_as10_gae3_no,100,2575000,LongExtraDayReduced,,,"{""slot_on_"":""17933\/33000@m19""}",2,0,3,0,0,1,0,1,0,34,18,15,7,6,12,3,2,2
82013,2026-04-09 22:40:37,1,6,6,coin,spins,spins,gold,1,false,25000,50459872671120,108754,5,5,1,11,0,0,0,2,0,201130,225000,47,0,89.4,bonus_as10_gae3_no,100,2575000,,,,,3,0,3,0,2,1,0,1,0,35,18,15,7,8,12,3,2,2
82014,2026-04-09 22:40:38,30,2,2,accumulation,goldSack,goldSack,gold,1,false,150000,50459872821120,108753,5,5,1,11,0,0,0,0,1,201131,225000,47,1,89.4,bonus_as10_gae3_no,100,2575000,,,,,4,0,3,0,2,2,0,1,0,36,18,15,7,8,13,3,2,2
82015,2026-04-09 22:40:39,3,5,2,attack,shield,goldSack,gold,1,false,100000,50459872921120,108752,5,5,1,11,1,0,1,0,0,201131,225000,47,0,89.4,bonus_as10_gae3_no,100,2575000,,,,"{""e190af25"":""1384\/6000@m12""}",5,1,3,1,2,2,0,1,0,37,19,15,8,8,13,3,2,2
82016,2026-04-09 22:40:40,3,3,3,attack,attack,attack,attack,2,true,0,50459872921120,108751,5,5,1,11,3,0,0,0,0,201131,225000,47,0,89.4,bonus_as10_gae3_no,100,2575000,,,,,6,4,3,1,2,2,1,1,0,38,22,15,8,8,13,4,2,2
82017,2026-04-09 22:40:47,3,3,1,attack,attack,coin,gold,1,false,25000,50459881526120,108750,5,5,1,11,2,0,0,0,0,201131,225000,47,0,89.4,bonus_as10_gae3_no,100,2575000,,,,,7,6,3,1,2,2,1,1,0,39,24,15,8,8,13,4,2,2
82018,2026-04-09 22:40:47,30,2,2,accumulation,goldSack,goldSack,gold,1,false,150000,50459881676120,108749,5,5,1,11,0,0,0,0,1,201132,225000,47,1,89.4,bonus_as10_gae3_no,100,2575000,,,,"{""e190af25"":""1386\/6000@m12""}",8,6,3,1,2,3,1,1,0,40,24,15,8,8,14,4,2,2
82019,2026-04-09 22:40:48,4,6,2,steal,spins,goldSack,gold,1,false,100000,50459881776120,108748,5,5,1,11,0,1,0,1,0,201132,225000,47,0,89.4,bonus_as10_gae3_no,100,2575000,,,,,9,6,4,1,3,3,1,1,0,41,24,16,8,9,14,4,2,2
82020,2026-04-09 22:40:49,1,4,4,coin,steal,steal,gold,1,false,25000,50459881801120,108747,5,5,1,11,0,2,0,0,0,201132,225000,47,0,89.4,bonus_as10_gae3_no,100,2575000,,,,,10,6,6,1,3,3,1,1,0,42,24,18,8,9,14,4,2,2
82021,2026-04-09 22:40:50,2,2,2,goldSack,goldSack,goldSack,gold,1,true,2000000,50459883801120,108746,5,5,1,11,0,0,0,0,0,201132,225000,47,0,89.4,bonus_as10_gae3_no,100,2575000,LongExtraDayReduced,LongExtraDayReduced,LongExtraDayReduced,"{""slot_on_"":""17938\/33000@m19""}",11,6,6,1,3,3,1,1,0,43,24,18,8,9,14,4,2,2
82022,2026-04-09 22:40:51,30,2,2,accumulation,goldSack,goldSack,gold,1,false,150000,50459883951120,108745,5,5,1,11,0,0,0,0,1,201133,225000,47,1,89.4,bonus_as10_gae3_no,100,2575000,,,,"{""bffc7787"":""6105\/11000@m8""}",12,6,6,1,3,4,1,1,0,44,24,18,8,9,15,4,2,2
82023,2026-04-09 22:40:52,2,2,2,goldSack,goldSack,goldSack,gold,1,true,2000000,50459885951120,108744,5,5,1,11,0,0,0,0,0,201133,225000,47,0,89.4,bonus_as10_gae3_no,100,2575000,,,,,13,6,6,1,3,4,1,1,0,45,24,18,8,9,15,4,2,2
82024,2026-04-09 22:40:53,3,5,2,attack,shield,goldSack,gold,1,false,100000,50459886051120,108743,5,5,1,11,1,0,1,0,0,201133,225000,47,0,89.4,bonus_as10_gae3_no,100,2575000,,,LongExtraDayReduced,"{""slot_on_"":""17939\/33000@m19""}",14,7,6,2,3,4,1,1,0,46,25,18,9,9,15,4,2,2
82025,2026-04-09 22:40:53,1,1,1,coin,coin,coin,gold,1,true,250000,50459886301120,108742,5,5,1,11,0,0,0,0,0,201133,225000,47,0,89.4,bonus_as10_gae3_no,100,2575000,,,,"{""e190af25"":""1388\/6000@m12""}",15,7,6,2,3,4,1,1,0,47,25,18,9,9,15,4,2,2
82026,2026-04-09 22:40:54,1,1,1,coin,coin,coin,gold,1,true,250000,50459886551120,108741,5,5,1,11,0,0,0,0,0,201133,225000,47,0,89.4,bonus_as10_gae3_no,100,2575000,,,,,16,7,6,2,3,4,1,1,0,48,25,18,9,9,15,4,2,2
82027,2026-04-09 22:40:55,3,4,2,attack,steal,goldSack,gold,1,false,100000,50459886651120,108740,5,5,1,11,1,1,0,0,0,201133,225000,47,0,89.4,bonus_as10_gae3_no,100,2575000,,,,,17,8,7,2,3,4,1,1,0,49,26,19,9,9,15,4,2,2
82028,2026-04-09 22:40:55,3,6,2,attack,spins,goldSack,gold,1,false,100000,50459886751120,108739,5,5,1,11,1,0,0,1,0,201133,225000,47,0,89.4,bonus_as10_gae3_no,100,2575000,,,LongExtraDayReduced,"{""slot_on_"":""17940\/33000@m19""}",18,9,7,2,4,4,1,1,0,50,27,19,9,10,15,4,2,2
82029,2026-04-09 22:40:56,30,30,1,accumulation,accumulation,coin,gold,1,false,25000,50459886776120,108738,5,5,1,11,0,0,0,0,2,201135,225000,47,2,89.4,bonus_as10_gae3_no,100,2575000,,,,,19,9,7,2,4,6,1,1,0,51,27,19,9,10,17,4,2,2
82030,2026-04-09 22:40:57,1,1,1,coin,coin,coin,gold,1,true,250000,50459887026120,108737,5,5,1,11,0,0,0,0,0,201135,225000,47,0,89.4,bonus_as10_gae3_no,100,2575000,,,,,20,9,7,2,4,6,1,1,0,52,27,19,9,10,17,4,2,2
82031,2026-04-09 22:41:26,1,6,6,coin,spins,spins,gold,1,false,25000,50459887051120,108736,5,5,1,11,0,0,0,2,0,201135,225000,47,0,89.4,bonus_as10_gae3_no,100,2575000,,,,,21,9,7,2,6,6,1,1,0,53,27,19,9,12,17,4,2,2
82032,2026-04-09 22:41:26,30,2,2,accumulation,goldSack,goldSack,gold,1,false,150000,50459887201120,108735,5,5,1,11,0,0,0,0,1,201136,225000,47,1,89.4,bonus_as10_gae3_no,100,2575000,,,,"{""c5261ecd"":""457\/3800@m66""}",22,9,7,2,6,7,1,1,0,54,27,19,9,12,18,4,2,2
82033,2026-04-09 22:41:27,1,6,6,coin,spins,spins,gold,1,false,25000,50459887226120,108734,5,5,1,11,0,0,0,2,0,201136,225000,47,0,89.4,bonus_as10_gae3_no,100,2575000,,,,,23,9,7,2,8,7,1,1,0,55,27,19,9,14,18,4,2,2
82034,2026-04-09 22:41:28,30,2,2,accumulation,goldSack,goldSack,gold,1,false,150000,50459887376120,108733,5,5,1,11,0,0,0,0,1,201137,225000,47,1,89.4,bonus_as10_gae3_no,100,2575000,,,,,24,9,7,2,8,8,1,1,0,56,27,19,9,14,19,4,2,2
82035,2026-04-09 22:41:29,1,4,5,coin,steal,shield,gold,1,false,25000,50459887401120,108732,5,5,1,11,0,1,1,0,0,201137,225000,47,0,89.4,bonus_as10_gae3_no,100,2575000,,,,,25,9,8,3,8,8,1,1,0,57,27,20,10,14,19,4,2,2
82036,2026-04-09 22:41:30,1,4,5,coin,steal,shield,gold,1,false,25000,50459887426120,108731,5,5,1,11,0,1,1,0,0,201137,225000,47,0,89.4,bonus_as10_gae3_no,100,2575000,,,,,26,9,9,4,8,8,1,1,0,58,27,21,11,14,19,4,2,2
82037,2026-04-09 22:41:30,3,3,3,attack,attack,attack,attack,2,true,0,50459887426120,108730,5,5,1,11,3,0,0,0,0,201137,225000,47,0,89.4,bonus_as10_gae3_no,100,2575000,,,,,27,12,9,4,8,8,2,1,0,59,30,21,11,14,19,5,2,2
82038,2026-04-09 22:41:34,5,5,5,shield,shield,shield,shield,3,true,1,50459896006120,108730,5,5,1,11,0,0,3,0,0,201137,225000,47,0,89.4,bonus_as10_gae3_no,100,2575000,,,,,28,12,9,7,8,8,2,1,1,60,30,21,14,14,19,5,2,3
82039,2026-04-09 22:41:35,2,2,2,goldSack,goldSack,goldSack,gold,1,true,2000000,50459898006120,108729,5,5,1,11,0,0,0,0,0,201137,225000,47,0,89.4,bonus_as10_gae3_no,100,2575000,,LongExtraDayReduced,,"{""slot_on_"":""17941\/33000@m19""}",29,12,9,7,8,8,2,1,1,61,30,21,14,14,19,5,2,3
82040,2026-04-09 22:41:36,1,6,6,coin,spins,spins,gold,1,false,25000,50459898031120,108728,5,5,1,11,0,0,0,2,0,201137,225000,47,0,89.4,bonus_as10_gae3_no,100,2575000,LongExtraDayReduced,LongExtraDayReduced,,"{""slot_on_"":""17943\/33000@m19"",""bffc7787"":""6106\/11000@m8""}",30,12,9,7,10,8,2,1,1,62,30,21,14,16,19,5,2,3
82041,2026-04-09 22:41:37,2,2,2,goldSack,goldSack,goldSack,gold,1,true,2000000,50459900031120,108727,5,5,1,11,0,0,0,0,0,201137,225000,47,0,89.4,bonus_as10_gae3_no,100,2575000,,,,,31,12,9,7,10,8,2,1,1,63,30,21,14,16,19,5,2,3
82042,2026-04-09 22:41:38,2,2,2,goldSack,goldSack,goldSack,gold,1,true,2000000,50459902031120,108726,5,5,1,11,0,0,0,0,0,201137,225000,47,0,89.4,bonus_as10_gae3_no,100,2575000,,,,,32,12,9,7,10,8,2,1,1,64,30,21,14,16,19,5,2,3
82043,2026-04-09 22:41:39,30,2,2,accumulation,goldSack,goldSack,gold,1,false,150000,50459902181120,108725,5,5,1,11,0,0,0,0,1,201138,225000,47,1,89.4,bonus_as10_gae3_no,100,2575000,LongExtraDayReduced,,,"{""slot_on_"":""17944\/33000@m19""}",33,12,9,7,10,9,2,1,1,65,30,21,14,16,20,5,2,3
82044,2026-04-09 22:41:40,3,1,1,attack,coin,coin,gold,1,false,50000,50459902231120,108724,5,5,1,11,1,0,0,0,0,201138,225000,47,0,89.4,bonus_as10_gae3_no,100,2575000,LongExtraDayReduced,,,"{""slot_on_"":""17945\/33000@m19"",""e190af25"":""1390\/6000@m12""}",34,13,9,7,10,9,2,1,1,66,31,21,14,16,20,5,2,3
82045,2026-04-09 22:41:41,5,5,5,shield,shield,shield,shield,3,true,1,50459902231120,108724,5,5,1,11,0,0,3,0,0,201138,225000,47,0,89.4,bonus_as10_gae3_no,100,2575000,,,,,35,13,9,10,10,9,2,1,2,67,31,21,17,16,20,5,2,4
82046,2026-04-09 22:41:42,1,1,1,coin,coin,coin,gold,1,true,250000,50459902481120,108723,5,5,1,11,0,0,0,0,0,201138,225000,47,0,89.4,bonus_as10_gae3_no,100,2575000,,,,"{""c5261ecd"":""459\/3800@m66""}",36,13,9,10,10,9,2,1,2,68,31,21,17,16,20,5,2,4
82047,2026-04-09 22:41:43,3,6,2,attack,spins,goldSack,gold,1,false,100000,50459902581120,108722,5,5,1,11,1,0,0,1,0,201138,225000,47,0,89.4,bonus_as10_gae3_no,100,2575000,,,,,37,14,9,10,11,9,2,1,2,69,32,21,17,17,20,5,2,4
82048,2026-04-09 22:41:44,1,4,6,coin,steal,spins,gold,1,false,25000,50459902606120,108721,5,5,1,11,0,1,0,1,0,201138,225000,47,0,89.4,bonus_as10_gae3_no,100,2575000,,,,,38,14,10,10,12,9,2,1,2,70,32,22,17,18,20,5,2,4
82049,2026-04-09 22:41:45,1,4,4,coin,steal,steal,gold,1,false,25000,50459902631120,108720,5,5,1,11,0,2,0,0,0,201138,225000,47,0,89.4,bonus_as10_gae3_no,100,2575000,,,,,39,14,12,10,12,9,2,1,2,71,32,24,17,18,20,5,2,4
82050,2026-04-09 22:41:45,1,4,6,coin,steal,spins,gold,1,false,25000,50459902656120,108719,5,5,1,11,0,1,0,1,0,201138,225000,47,0,89.4,bonus_as10_gae3_no,100,2575000,,,,"{""bffc7787"":""6107\/11000@m8""}",40,14,13,10,13,9,2,1,2,72,32,25,17,19,20,5,2,4
82051,2026-04-09 22:41:46,3,6,2,attack,spins,goldSack,gold,1,false,100000,50459902756120,108718,5,5,1,11,1,0,0,1,0,201138,225000,47,0,89.4,bonus_as10_gae3_no,100,2575000,,LongExtraDayReduced,,"{""slot_on_"":""17946\/33000@m19""}",41,15,13,10,14,9,2,1,2,73,33,25,17,20,20,5,2,4
82052,2026-04-09 22:41:47,3,3,3,attack,attack,attack,attack,2,true,0,50459902756120,108717,5,5,1,11,3,0,0,0,0,201138,225000,47,0,89.4,bonus_as10_gae3_no,100,2575000,,,,,42,18,13,10,14,9,3,1,2,74,36,25,17,20,20,6,2,4
82053,2026-04-09 22:41:51,30,30,3,accumulation,accumulation,attack,gold,6,false,0,50459911336120,108716,5,5,1,11,1,0,0,0,2,201140,225000,47,2,89.4,bonus_as10_gae3_no,100,2575000,,,LongExtraDayReduced,"{""slot_on_"":""17947\/33000@m19""}",43,19,13,10,14,11,3,1,2,75,37,25,17,20,22,6,2,4
82054,2026-04-09 22:41:53,30,30,1,accumulation,accumulation,coin,gold,1,false,25000,50459911361120,108715,5,5,1,11,0,0,0,0,2,201142,225000,47,2,89.4,bonus_as10_gae3_no,100,2575000,,,,,44,19,13,10,14,13,3,1,2,76,37,25,17,20,24,6,2,4
82055,2026-04-09 22:41:54,1,4,5,coin,steal,shield,gold,1,false,25000,50459911386120,108714,5,5,1,11,0,1,1,0,0,201142,225000,47,0,89.4,bonus_as10_gae3_no,100,2575000,,,,,45,19,14,11,14,13,3,1,2,77,37,26,18,20,24,6,2,4
82056,2026-04-09 22:41:55,3,1,1,attack,coin,coin,gold,1,false,50000,50459911436120,108713,5,5,1,11,1,0,0,0,0,201142,225000,47,0,89.4,bonus_as10_gae3_no,100,2575000,,,,,46,20,14,11,14,13,3,1,2,78,38,26,18,20,24,6,2,4
82057,2026-04-09 22:41:55,2,2,2,goldSack,goldSack,goldSack,gold,1,true,2000000,50459913436120,108712,5,5,1,11,0,0,0,0,0,201142,225000,47,0,89.4,bonus_as10_gae3_no,100,2575000,,,,,47,20,14,11,14,13,3,1,2,79,38,26,18,20,24,6,2,4
82058,2026-04-09 22:41:56,3,3,2,attack,attack,goldSack,gold,1,false,100000,50459913536120,108711,5,5,1,11,2,0,0,0,0,201142,225000,47,0,89.4,bonus_as10_gae3_no,100,2575000,,,,,48,22,14,11,14,13,3,1,2,80,40,26,18,20,24,6,2,4
82059,2026-04-09 22:41:57,30,2,2,accumulation,goldSack,goldSack,gold,1,false,150000,50459913686120,108710,5,5,1,11,0,0,0,0,1,201143,225000,47,1,89.4,bonus_as10_gae3_no,100,2575000,LongExtraDayReduced,,,"{""slot_on_"":""17948\/33000@m19""}",49,22,14,11,14,14,3,1,2,81,40,26,18,20,25,6,2,4
82060,2026-04-09 22:41:58,1,1,1,coin,coin,coin,gold,1,true,250000,50459913936120,108709,5,5,1,11,0,0,0,0,0,201143,225000,47,0,89.4,bonus_as10_gae3_no,100,2575000,,,,,50,22,14,11,14,14,3,1,2,82,40,26,18,20,25,6,2,4
82061,2026-04-09 22:41:59,1,1,1,coin,coin,coin,gold,1,true,250000,50459914186120,108708,5,5,1,11,0,0,0,0,0,201143,225000,47,0,89.4,bonus_as10_gae3_no,100,2575000,,,,,51,22,14,11,14,14,3,1,2,83,40,26,18,20,25,6,2,4
82062,2026-04-09 22:41:59,3,6,2,attack,spins,goldSack,gold,1,false,100000,50459914286120,108707,5,5,1,11,1,0,0,1,0,201143,225000,47,0,89.4,bonus_as10_gae3_no,100,2575000,,,LongExtraDayReduced,"{""slot_on_"":""17949\/33000@m19"",""e190af25"":""1392\/6000@m12""}",52,23,14,11,15,14,3,1,2,84,41,26,18,21,25,6,2,4
82063,2026-04-09 22:42:00,1,4,5,coin,steal,shield,gold,1,false,25000,50459914311120,108706,5,5,1,11,0,1,1,0,0,201143,225000,47,0,89.4,bonus_as10_gae3_no,100,2575000,,,,,53,23,15,12,15,14,3,1,2,85,41,27,19,21,25,6,2,4
82064,2026-04-09 22:42:01,30,2,2,accumulation,goldSack,goldSack,gold,1,false,150000,50459914461120,108705,5,5,1,11,0,0,0,0,1,201144,225000,47,1,89.4,bonus_as10_gae3_no,100,2575000,,,,,54,23,15,12,15,15,3,1,2,86,41,27,19,21,26,6,2,4
82065,2026-04-09 22:42:02,3,3,3,attack,attack,attack,attack,2,true,0,50459914461120,108704,5,5,1,11,3,0,0,0,0,201144,225000,47,0,89.4,bonus_as10_gae3_no,100,2575000,,,,,55,26,15,12,15,15,4,1,2,87,44,27,19,21,26,7,2,4
82066,2026-04-09 22:42:06,3,3,3,attack,attack,attack,attack,2,true,0,50459923041120,108703,5,5,1,11,3,0,0,0,0,201144,225000,47,0,89.4,bonus_as10_gae3_no,100,2575000,,,,,56,29,15,12,15,15,5,1,2,88,47,27,19,21,26,8,2,4
82067,2026-04-09 22:42:09,2,2,2,goldSack,goldSack,goldSack,gold,1,true,2000000,50459951041120,108702,5,5,1,11,0,0,0,0,0,201144,225000,47,0,89.4,bonus_as10_gae3_no,100,2575000,LongExtraDayReduced,,,"{""slot_on_"":""17950\/33000@m19""}",57,29,15,12,15,15,5,1,2,89,47,27,19,21,26,8,2,4
82068,2026-04-09 22:42:10,1,1,4,coin,coin,steal,gold,1,false,50000,50459951091120,108701,5,5,1,11,0,1,0,0,0,201144,225000,47,0,89.4,bonus_as10_gae3_no,100,2575000,,,,,58,29,16,12,15,15,5,1,2,90,47,28,19,21,26,8,2,4
82069,2026-04-09 22:42:11,1,1,4,coin,coin,steal,gold,1,false,50000,50459951141120,108700,5,5,1,11,0,1,0,0,0,201144,225000,47,0,89.4,bonus_as10_gae3_no,100,2575000,,,LongExtraDayReduced,"{""slot_on_"":""17951\/33000@m19"",""bffc7787"":""6108\/11000@m8""}",59,29,17,12,15,15,5,1,2,91,47,29,19,21,26,8,2,4
82070,2026-04-09 22:42:12,5,5,5,shield,shield,shield,shield,3,true,1,50459951141120,108700,5,5,1,11,0,0,3,0,0,201144,225000,47,0,89.4,bonus_as10_gae3_no,100,2575000,,,,,60,29,17,15,15,15,5,1,3,92,47,29,22,21,26,8,2,5
82071,2026-04-09 22:42:14,3,6,2,attack,spins,goldSack,gold,1,false,100000,50459951241120,108699,5,5,1,11,1,0,0,1,0,201144,225000,47,0,89.4,bonus_as10_gae3_no,100,2575000,,,,"{""c5261ecd"":""461\/3800@m66""}",61,30,17,15,16,15,5,1,3,93,48,29,22,22,26,8,2,5
82072,2026-04-09 22:42:14,4,4,4,steal,steal,steal,steal,4,true,0,50459951241120,108698,5,5,1,11,0,3,0,0,0,201144,225000,47,0,89.4,bonus_as10_gae3_no,100,2575000,,,,,62,30,20,15,16,15,5,2,3,94,48,32,22,22,26,8,3,5
82073,2026-04-09 22:42:21,30,2,2,accumulation,goldSack,goldSack,gold,1,false,150000,50460160527720,108697,5,5,1,11,0,0,0,0,1,201145,225000,47,1,89.4,bonus_as10_gae3_no,100,2575000,LongExtraDayReduced,,,"{""slot_on_"":""17952\/33000@m19""}",63,30,20,15,16,16,5,2,3,95,48,32,22,22,27,8,3,5
82074,2026-04-09 22:42:22,2,2,2,goldSack,goldSack,goldSack,gold,1,true,2000000,50460162527720,108696,5,5,1,11,0,0,0,0,0,201145,225000,47,0,89.4,bonus_as10_gae3_no,100,2575000,,,,,64,30,20,15,16,16,5,2,3,96,48,32,22,22,27,8,3,5
82075,2026-04-09 22:42:23,30,2,2,accumulation,goldSack,goldSack,gold,1,false,150000,50460162677720,108695,5,5,1,11,0,0,0,0,1,201146,225000,47,1,89.4,bonus_as10_gae3_no,100,2575000,,LongExtraDayReduced,,"{""slot_on_"":""17953\/33000@m19""}",65,30,20,15,16,17,5,2,3,97,48,32,22,22,28,8,3,5
82076,2026-04-09 22:42:24,1,6,6,coin,spins,spins,gold,1,false,25000,50460162702720,108694,5,5,1,11,0,0,0,2,0,201146,225000,47,0,89.4,bonus_as10_gae3_no,100,2575000,,,,,66,30,20,15,18,17,5,2,3,98,48,32,22,24,28,8,3,5
82077,2026-04-09 22:42:25,1,1,4,coin,coin,steal,gold,1,false,50000,50460162752720,108693,5,5,1,11,0,1,0,0,0,201146,225000,47,0,89.4,bonus_as10_gae3_no,100,2575000,,,,,67,30,21,15,18,17,5,2,3,99,48,33,22,24,28,8,3,5
82078,2026-04-09 22:42:26,3,3,2,attack,attack,goldSack,gold,1,false,100000,50460162852720,108692,5,5,1,11,2,0,0,0,0,201146,225000,47,0,89.4,bonus_as10_gae3_no,100,2575000,,,,,68,32,21,15,18,17,5,2,3,100,50,33,22,24,28,8,3,5
82079,2026-04-09 22:42:27,1,1,1,coin,coin,coin,gold,1,true,250000,50460163102720,108691,5,5,1,11,0,0,0,0,0,201146,225000,47,0,89.4,bonus_as10_gae3_no,100,2575000,LongExtraDayReduced,,,"{""slot_on_"":""17954\/33000@m19"",""e190af25"":""1394\/6000@m12""}",69,32,21,15,18,17,5,2,3,101,50,33,22,24,28,8,3,5
82080,2026-04-09 22:42:28,30,2,2,accumulation,goldSack,goldSack,gold,1,false,150000,50460163252720,108690,5,5,1,11,0,0,0,0,1,201147,225000,47,1,89.4,bonus_as10_gae3_no,100,2575000,,LongExtraDayReduced,,"{""slot_on_"":""17955\/33000@m19""}",70,32,21,15,18,18,5,2,3,102,50,33,22,24,29,8,3,5
82081,2026-04-09 22:42:29,1,4,5,coin,steal,shield,gold,1,false,25000,50460163277720,108689,5,5,1,11,0,1,1,0,0,201147,225000,47,0,89.4,bonus_as10_gae3_no,100,2575000,,,,,71,32,22,16,18,18,5,2,3,103,50,34,23,24,29,8,3,5
82082,2026-04-09 22:42:30,30,2,2,accumulation,goldSack,goldSack,gold,1,false,150000,50460163427720,108688,5,5,1,11,0,0,0,0,1,201148,225000,47,1,89.4,bonus_as10_gae3_no,100,2575000,,LongExtraDayReduced,,"{""slot_on_"":""17956\/33000@m19"",""c5261ecd"":""463\/3800@m66""}",72,32,22,16,18,19,5,2,3,104,50,34,23,24,30,8,3,5
82083,2026-04-09 22:42:31,30,2,2,accumulation,goldSack,goldSack,gold,1,false,150000,50460163577720,108687,5,5,1,11,0,0,0,0,1,201149,225000,47,1,89.4,bonus_as10_gae3_no,100,2575000,,,,,73,32,22,16,18,20,5,2,3,105,50,34,23,24,31,8,3,5
82084,2026-04-09 22:42:33,3,6,2,attack,spins,goldSack,gold,1,false,100000,50460163677720,108686,5,5,1,11,1,0,0,1,0,201149,225000,47,0,89.4,bonus_as10_gae3_no,100,2575000,,,,,74,33,22,16,19,20,5,2,3,106,51,34,23,25,31,8,3,5
82085,2026-04-09 22:42:35,30,30,1,accumulation,accumulation,coin,gold,1,false,10000000,50460173677720,108286,5,5,400,11,0,0,0,0,2,201949,225000,47,800,89.8,bonus_as10_gae3_no,100,2575000,LongExtraDayReduced,,,"{""slot_on_"":""18356\/33000@m19""}",75,33,22,16,19,22,5,2,3,107,51,34,23,25,33,8,3,5
82086,2026-04-09 22:42:37,3,4,2,attack,steal,goldSack,gold,1,false,40000000,50460213677720,107886,5,5,400,11,1,1,0,0,0,201949,225000,47,0,89.8,bonus_as10_gae3_no,100,2575000,,,,,76,34,23,16,19,22,5,2,3,108,52,35,23,25,33,8,3,5
82087,2026-04-09 22:42:38,2,2,2,goldSack,goldSack,goldSack,gold,1,true,800000000,50461013677720,107486,5,5,400,11,0,0,0,0,0,201949,225000,47,0,89.8,bonus_as10_gae3_no,100,2575000,,,,,77,34,23,16,19,22,5,2,3,109,52,35,23,25,33,8,3,5
82088,2026-04-09 22:42:39,1,4,4,coin,steal,steal,gold,1,false,10000000,50461023677720,107086,5,5,400,11,0,2,0,0,0,201949,225000,47,0,89.8,bonus_as10_gae3_no,100,2575000,,,,,78,34,25,16,19,22,5,2,3,110,52,37,23,25,33,8,3,5
82089,2026-04-09 22:42:40,2,2,2,goldSack,goldSack,goldSack,gold,1,true,800000000,50461823677720,106686,5,5,400,11,0,0,0,0,0,201949,225000,47,0,89.8,bonus_as10_gae3_no,100,2575000,,,,,79,34,25,16,19,22,5,2,3,111,52,37,23,25,33,8,3,5
82090,2026-04-09 22:42:42,30,30,1,accumulation,accumulation,coin,gold,1,false,10000000,50461833677720,106286,5,5,400,11,0,0,0,0,2,202749,225000,47,800,90.1,bonus_as10_gae3_no,100,2575000,LongExtraDayReduced,,LongExtraDayReduced,"{""slot_on_"":""19156\/33000@m19"",""bffc7787"":""6508\/11000@m8""}",80,34,25,16,19,24,5,2,3,112,52,37,23,25,35,8,3,5
82091,2026-04-09 22:42:44,1,4,6,coin,steal,spins,gold,1,false,10000000,50461843677720,105886,5,5,400,11,0,1,0,1,0,202749,225000,47,0,90.1,bonus_as10_gae3_no,100,2575000,,LongExtraDayReduced,,"{""slot_on_"":""19556\/33000@m19""}",81,34,26,16,20,24,5,2,3,113,52,38,23,26,35,8,3,5
82092,2026-04-09 22:42:45,3,4,2,attack,steal,goldSack,gold,1,false,40000000,50461883677720,105486,5,5,400,11,1,1,0,0,0,202749,225000,47,0,90.1,bonus_as10_gae3_no,100,2575000,,,,,82,35,27,16,20,24,5,2,3,114,53,39,23,26,35,8,3,5
82093,2026-04-09 22:42:47,30,30,1,accumulation,accumulation,coin,gold,1,false,37500000,50461921177720,103986,5,5,1500,11,0,0,0,0,2,205749,225000,47,3000,91.4,bonus_as10_gae3_no,100,2575000,,LongExtraDayReduced,LongExtraDayReduced,"{""slot_on_"":""22556\/33000@m19""}",83,35,27,16,20,26,5,2,3,115,53,39,23,26,37,8,3,5
82094,2026-04-09 22:42:49,30,2,2,accumulation,goldSack,goldSack,gold,1,false,225000000,50462146177720,102486,5,5,1500,11,0,0,0,0,1,207249,225000,47,1500,92.1,bonus_as10_gae3_no,100,2575000,LongExtraDayReduced,,,"{""slot_on_"":""24056\/33000@m19""}",84,35,27,16,20,27,5,2,3,116,53,39,23,26,38,8,3,5
82095,2026-04-09 22:42:50,5,5,5,shield,shield,shield,shield,3,true,1500,50462146177720,102486,5,5,1500,11,0,0,3,0,0,207249,225000,47,0,92.1,bonus_as10_gae3_no,100,2575000,,,,,85,35,27,19,20,27,5,2,4,117,53,39,26,26,38,8,3,6
82096,2026-04-09 22:42:53,3,3,3,attack,attack,attack,attack,2,true,0,50462146177720,102485,5,5,1,11,3,0,0,0,0,207249,225000,47,0,92.1,bonus_as10_gae3_no,100,2575000,,,,,86,38,27,19,20,27,6,2,4,118,56,39,26,26,38,9,3,6
82097,2026-04-09 22:42:58,6,6,6,spins,spins,spins,spins,5,true,10,50462154757720,102494,5,5,1,11,0,0,0,3,0,207249,225000,47,0,92.1,bonus_as10_gae3_no,100,2575000,,,,"{""e190af25"":""1396\/6000@m12""}",87,38,27,19,23,27,6,2,4,119,56,39,26,29,38,9,3,6
82098,2026-04-09 22:43:02,1,1,4,coin,coin,steal,gold,1,false,50000,50462154807720,102493,5,5,1,11,0,1,0,0,0,207249,225000,47,0,92.1,bonus_as10_gae3_no,100,2575000,,,,,88,38,28,19,23,27,6,2,4,1,0,1,0,0,0,0,0,0
82099,2026-04-09 22:43:03,2,2,2,goldSack,goldSack,goldSack,gold,1,true,2000000,50462156807720,102492,5,5,1,11,0,0,0,0,0,207249,225000,47,0,92.1,bonus_as10_gae3_no,100,2575000,,,,,89,38,28,19,23,27,6,2,4,2,0,1,0,0,0,0,0,0
82100,2026-04-09 22:43:04,30,2,2,accumulation,goldSack,goldSack,gold,1,false,150000,50462156957720,102491,5,5,1,11,0,0,0,0,1,207250,225000,47,1,92.1,bonus_as10_gae3_no,100,2575000,,,,,90,38,28,19,23,28,6,2,4,3,0,1,0,0,1,0,0,0
82101,2026-04-09 22:43:05,1,1,4,coin,coin,steal,gold,1,false,50000,50462157007720,102490,5,5,1,11,0,1,0,0,0,207250,225000,47,0,92.1,bonus_as10_gae3_no,100,2575000,,,,,91,38,29,19,23,28,6,2,4,4,0,2,0,0,1,0,0,0
82102,2026-04-09 22:43:05,2,2,2,goldSack,goldSack,goldSack,gold,1,true,2000000,50462159007720,102489,5,5,1,11,0,0,0,0,0,207250,225000,47,0,92.1,bonus_as10_gae3_no,100,2575000,,LongExtraDayReduced,,"{""slot_on_"":""24057\/33000@m19""}",92,38,29,19,23,28,6,2,4,5,0,2,0,0,1,0,0,0
82103,2026-04-09 22:43:06,3,3,2,attack,attack,goldSack,gold,1,false,100000,50462159107720,102488,5,5,1,11,2,0,0,0,0,207250,225000,47,0,92.1,bonus_as10_gae3_no,100,2575000,,,,"{""bffc7787"":""6509\/11000@m8""}",93,40,29,19,23,28,6,2,4,6,2,2,0,0,1,0,0,0
82104,2026-04-09 22:43:07,3,6,2,attack,spins,goldSack,gold,1,false,100000,50462159207720,102487,5,5,1,11,1,0,0,1,0,207250,225000,47,0,92.1,bonus_as10_gae3_no,100,2575000,LongExtraDayReduced,,LongExtraDayReduced,"{""slot_on_"":""24059\/33000@m19""}",94,41,29,19,24,28,6,2,4,7,3,2,0,1,1,0,0,0
82105,2026-04-09 22:43:08,30,2,2,accumulation,goldSack,goldSack,gold,1,false,150000,50462159357720,102486,5,5,1,11,0,0,0,0,1,207251,225000,47,1,92.1,bonus_as10_gae3_no,100,2575000,,,,,95,41,29,19,24,29,6,2,4,8,3,2,0,1,2,0,0,0
82106,2026-04-09 22:43:09,2,2,2,goldSack,goldSack,goldSack,gold,1,true,2000000,50462161357720,102485,5,5,1,11,0,0,0,0,0,207251,225000,47,0,92.1,bonus_as10_gae3_no,100,2575000,,,,"{""c5261ecd"":""465\/3800@m66""}",96,41,29,19,24,29,6,2,4,9,3,2,0,1,2,0,0,0
82107,2026-04-09 22:43:10,30,2,2,accumulation,goldSack,goldSack,gold,1,false,150000,50462161507720,102484,5,5,1,11,0,0,0,0,1,207252,225000,47,1,92.1,bonus_as10_gae3_no,100,2575000,LongExtraDayReduced,,LongExtraDayReduced,"{""slot_on_"":""24061\/33000@m19""}",97,41,29,19,24,30,6,2,4,10,3,2,0,1,3,0,0,0
82108,2026-04-09 22:43:12,1,4,6,coin,steal,spins,gold,1,false,25000,50462161532720,102483,5,5,1,11,0,1,0,1,0,207252,225000,47,0,92.1,bonus_as10_gae3_no,100,2575000,,,LongExtraDayReduced,"{""slot_on_"":""24062\/33000@m19""}",98,41,30,19,25,30,6,2,4,11,3,3,0,2,3,0,0,0
82109,2026-04-09 22:43:13,30,2,2,accumulation,goldSack,goldSack,gold,1,false,150000,50462161682720,102482,5,5,1,11,0,0,0,0,1,207253,225000,47,1,92.1,bonus_as10_gae3_no,100,2575000,,,,,99,41,30,19,25,31,6,2,4,12,3,3,0,2,4,0,0,0
82110,2026-04-09 22:43:15,3,5,2,attack,shield,goldSack,gold,1,false,100000,50462161782720,102481,5,5,1,11,1,0,1,0,0,207253,225000,47,0,92.1,bonus_as10_gae3_no,100,2575000,,,,,100,42,30,20,25,31,6,2,4,13,4,3,1,2,4,0,0,0
82111,2026-04-09 22:43:16,1,1,4,coin,coin,steal,gold,1,false,50000,50462161832720,102480,5,5,1,11,0,1,0,0,0,207253,225000,47,0,92.1,bonus_as10_gae3_no,100,2575000,,,,,101,42,31,20,25,31,6,2,4,14,4,4,1,2,4,0,0,0
82112,2026-04-09 22:43:17,3,3,2,attack,attack,goldSack,gold,1,false,100000,50462161932720,102479,5,5,1,11,2,0,0,0,0,207253,225000,47,0,92.1,bonus_as10_gae3_no,100,2575000,,,,,102,44,31,20,25,31,6,2,4,15,6,4,1,2,4,0,0,0
82113,2026-04-09 22:43:18,30,2,2,accumulation,goldSack,goldSack,gold,1,false,150000,50462162082720,102478,5,5,1,11,0,0,0,0,1,207254,225000,47,1,92.1,bonus_as10_gae3_no,100,2575000,LongExtraDayReduced,,,"{""slot_on_"":""24063\/33000@m19"",""bffc7787"":""6510\/11000@m8""}",103,44,31,20,25,32,6,2,4,16,6,4,1,2,5,0,0,0
82114,2026-04-09 22:43:19,30,2,2,accumulation,goldSack,goldSack,gold,1,false,150000,50462162232720,102477,5,5,1,11,0,0,0,0,1,207255,225000,47,1,92.1,bonus_as10_gae3_no,100,2575000,,,,,104,44,31,20,25,33,6,2,4,17,6,4,1,2,6,0,0,0
82115,2026-04-09 22:43:23,30,2,2,accumulation,goldSack,goldSack,gold,1,false,225000000,50462387232720,100977,5,5,1500,11,0,0,0,0,1,208755,225000,47,1500,92.8,bonus_as10_gae3_no,100,2575000,,,,,105,44,31,20,25,34,6,2,4,18,6,4,1,2,7,0,0,0
82116,2026-04-09 22:43:25,3,3,3,attack,attack,attack,attack,2,true,0,50462387232720,99477,5,5,1500,11,3,0,0,0,0,208755,225000,47,0,92.8,bonus_as10_gae3_no,100,2575000,,,,,106,47,31,20,25,34,7,2,4,19,9,4,1,2,7,1,0,0
82117,2026-04-09 22:43:38,1,4,6,coin,steal,spins,gold,1,false,25000,50501387257720,99476,5,5,1,11,0,1,0,1,0,208755,225000,47,0,92.8,bonus_as10_gae3_no,100,2575000,,,,"{""e190af25"":""1398\/6000@m12""}",107,47,32,20,26,34,7,2,4,20,9,5,1,3,7,1,0,0
82118,2026-04-09 22:43:39,30,2,2,accumulation,goldSack,goldSack,gold,1,false,150000,50501387407720,99475,5,5,1,11,0,0,0,0,1,208756,225000,47,1,92.8,bonus_as10_gae3_no,100,2575000,,,,,108,47,32,20,26,35,7,2,4,21,9,5,1,3,8,1,0,0
82119,2026-04-09 22:43:40,30,2,2,accumulation,goldSack,goldSack,gold,1,false,150000,50501387557720,99474,5,5,1,11,0,0,0,0,1,208757,225000,47,1,92.8,bonus_as10_gae3_no,100,2575000,,,LongExtraDayReduced,"{""slot_on_"":""24064\/33000@m19""}",109,47,32,20,26,36,7,2,4,22,9,5,1,3,9,1,0,0
82120,2026-04-09 22:43:44,2,2,2,goldSack,goldSack,goldSack,gold,1,true,3000000000,50504387557720,97974,5,5,1500,11,0,0,0,0,0,208757,225000,47,0,92.8,bonus_as10_gae3_no,100,2575000,,,,"{""e190af25"":""4398\/6000@m12""}",110,47,32,20,26,36,7,2,4,23,9,5,1,3,9,1,0,0
82121,2026-04-09 22:43:45,1,4,4,coin,steal,steal,gold,1,false,37500000,50504425057720,96474,5,5,1500,11,0,2,0,0,0,208757,225000,47,0,92.8,bonus_as10_gae3_no,100,2575000,,,,,111,47,34,20,26,36,7,2,4,24,9,7,1,3,9,1,0,0
82122,2026-04-09 22:43:46,30,30,3,accumulation,accumulation,attack,gold,6,false,0,50504425057720,94974,5,5,1500,11,1,0,0,0,2,211757,225000,47,3000,94.1,bonus_as10_gae3_no,100,2575000,,,,,112,48,34,20,26,38,7,2,4,25,10,7,1,3,11,1,0,0
82123,2026-04-09 22:43:48,1,1,1,coin,coin,coin,gold,1,true,375000000,50504800057720,93474,5,5,1500,11,0,0,0,0,0,211757,225000,47,0,94.1,bonus_as10_gae3_no,100,2575000,,,,,113,48,34,20,26,38,7,2,4,26,10,7,1,3,11,1,0,0
82124,2026-04-09 22:43:50,3,3,1,attack,attack,coin,gold,1,false,37500000,50504837557720,91974,5,5,1500,11,2,0,0,0,0,211757,225000,47,0,94.1,bonus_as10_gae3_no,100,2575000,,,,"{""c5261ecd"":""3465\/3800@m66""}",114,50,34,20,26,38,7,2,4,27,12,7,1,3,11,1,0,0
82125,2026-04-09 22:43:51,2,2,2,goldSack,goldSack,goldSack,gold,1,true,3000000000,50507837557720,90474,5,5,1500,11,0,0,0,0,0,211757,225000,47,0,94.1,bonus_as10_gae3_no,100,2575000,,,,,115,50,34,20,26,38,7,2,4,28,12,7,1,3,11,1,0,0
82126,2026-04-09 22:43:52,4,4,4,steal,steal,steal,steal,4,true,0,50507837557720,88974,5,5,1500,11,0,3,0,0,0,211757,225000,47,0,94.1,bonus_as10_gae3_no,100,2575000,,,,,116,50,37,20,26,38,7,3,4,29,12,10,1,3,11,1,1,0
82127,2026-04-09 22:44:08,1,4,5,coin,steal,shield,gold,1,false,37500000,51122689357720,87474,5,5,1500,11,0,1,1,0,0,211757,225000,47,0,94.1,bonus_as10_gae3_no,100,2575000,,,,,117,50,38,21,26,38,7,3,4,30,12,11,2,3,11,1,1,0
82128,2026-04-09 22:44:09,4,4,4,steal,steal,steal,steal,4,true,0,51122689357720,85974,5,5,1500,11,0,3,0,0,0,211757,225000,47,0,94.1,bonus_as10_gae3_no,100,2575000,,,,,118,50,41,21,26,38,7,4,4,31,12,14,2,3,11,1,2,0
82129,2026-04-09 22:44:17,1,4,5,coin,steal,shield,gold,1,false,25000,51292181882720,85973,5,5,1,11,0,1,1,0,0,211757,225000,47,0,94.1,bonus_as10_gae3_no,100,2575000,LongExtraDayReduced,,LongExtraDayReduced,"{""slot_on_"":""24066\/33000@m19""}",119,50,42,22,26,38,7,4,4,32,12,15,3,3,11,1,2,0
82130,2026-04-09 22:44:18,30,2,2,accumulation,goldSack,goldSack,gold,1,false,150000,51292182032720,85972,5,5,1,11,0,0,0,0,1,211758,225000,47,1,94.1,bonus_as10_gae3_no,100,2575000,,,,,120,50,42,22,26,39,7,4,4,33,12,15,3,3,12,1,2,0
82131,2026-04-09 22:44:19,2,2,2,goldSack,goldSack,goldSack,gold,1,true,2000000,51292184032720,85971,5,5,1,11,0,0,0,0,0,211758,225000,47,0,94.1,bonus_as10_gae3_no,100,2575000,,,,"{""bffc7787"":""6511\/11000@m8""}",121,50,42,22,26,39,7,4,4,34,12,15,3,3,12,1,2,0
82132,2026-04-09 22:44:20,2,2,2,goldSack,goldSack,goldSack,gold,1,true,2000000,51292186032720,85970,5,5,1,11,0,0,0,0,0,211758,225000,47,0,94.1,bonus_as10_gae3_no,100,2575000,,,,,122,50,42,22,26,39,7,4,4,35,12,15,3,3,12,1,2,0
82133,2026-04-09 22:44:23,3,3,1,attack,attack,coin,gold,1,false,37500000,51292223532720,84470,5,5,1500,11,2,0,0,0,0,211758,225000,47,0,94.1,bonus_as10_gae3_no,100,2575000,,,,,123,52,42,22,26,39,7,4,4,36,14,15,3,3,12,1,2,0
82134,2026-04-09 22:44:24,5,5,5,shield,shield,shield,shield,3,true,1500,51292223532720,84470,5,5,1500,11,0,0,3,0,0,211758,225000,47,0,94.1,bonus_as10_gae3_no,100,2575000,,,,,124,52,42,25,26,39,7,4,5,37,14,15,6,3,12,1,2,1
82135,2026-04-09 22:44:27,3,1,1,attack,coin,coin,gold,1,false,50000,51292223582720,84469,5,5,1,11,1,0,0,0,0,211758,225000,47,0,94.1,bonus_as10_gae3_no,100,2575000,,,,,125,53,42,25,26,39,7,4,5,38,15,15,6,3,12,1,2,1
82136,2026-04-09 22:44:28,1,1,1,coin,coin,coin,gold,1,true,250000,51292223832720,84468,5,5,1,11,0,0,0,0,0,211758,225000,47,0,94.1,bonus_as10_gae3_no,100,2575000,,,,,126,53,42,25,26,39,7,4,5,39,15,15,6,3,12,1,2,1
82137,2026-04-09 22:44:29,5,5,5,shield,shield,shield,shield,3,true,1,51292223832720,84468,5,5,1,11,0,0,3,0,0,211758,225000,47,0,94.1,bonus_as10_gae3_no,100,2575000,,,,,127,53,42,28,26,39,7,4,6,40,15,15,9,3,12,1,2,2
82138,2026-04-09 22:44:31,4,6,2,steal,spins,goldSack,gold,1,false,100000,51292223932720,84467,5,5,1,11,0,1,0,1,0,211758,225000,47,0,94.1,bonus_as10_gae3_no,100,2575000,,,,,128,53,43,28,27,39,7,4,6,41,15,16,9,4,12,1,2,2
82139,2026-04-09 22:44:32,3,3,1,attack,attack,coin,gold,1,false,25000,51292223957720,84466,5,5,1,11,2,0,0,0,0,211758,225000,47,0,94.1,bonus_as10_gae3_no,100,2575000,,LongExtraDayReduced,,"{""slot_on_"":""24067\/33000@m19"",""e190af25"":""4400\/6000@m12""}",129,55,43,28,27,39,7,4,6,42,17,16,9,4,12,1,2,2
82140,2026-04-09 22:44:35,4,6,2,steal,spins,goldSack,gold,1,false,150000000,51292373957720,82966,5,5,1500,11,0,1,0,1,0,211758,225000,47,0,94.1,bonus_as10_gae3_no,100,2575000,,,,,130,55,44,28,28,39,7,4,6,43,17,17,9,5,12,1,2,2
82141,2026-04-09 22:44:37,1,4,4,coin,steal,steal,gold,1,false,37500000,51292411457720,81466,5,5,1500,11,0,2,0,0,0,211758,225000,47,0,94.1,bonus_as10_gae3_no,100,2575000,LongExtraDayReduced,LongExtraDayReduced,LongExtraDayReduced,"{""slot_on_"":""31567\/33000@m19""}",131,55,46,28,28,39,7,4,6,44,17,19,9,5,12,1,2,2
82142,2026-04-09 22:44:38,3,4,2,attack,steal,goldSack,gold,1,false,150000000,51292561457720,79966,5,5,1500,11,1,1,0,0,0,211758,225000,47,0,94.1,bonus_as10_gae3_no,100,2575000,,,,,132,56,47,28,28,39,7,4,6,45,18,20,9,5,12,1,2,2
82143,2026-04-09 22:44:39,2,2,2,goldSack,goldSack,goldSack,gold,1,true,3000000000,51295561457720,78466,5,5,1500,11,0,0,0,0,0,211758,225000,47,0,94.1,bonus_as10_gae3_no,100,2575000,,,,,133,56,47,28,28,39,7,4,6,46,18,20,9,5,12,1,2,2
82144,2026-04-09 22:44:40,30,2,2,accumulation,goldSack,goldSack,gold,1,false,225000000,51295786457720,76966,5,5,1500,11,0,0,0,0,1,213258,225000,47,1500,94.8,bonus_as10_gae3_no,100,2575000,,,,,134,56,47,28,28,40,7,4,6,47,18,20,9,5,13,1,2,2
82145,2026-04-09 22:44:42,1,4,6,coin,steal,spins,gold,1,false,37500000,51295823957720,75466,5,5,1500,11,0,1,0,1,0,213258,225000,47,0,94.8,bonus_as10_gae3_no,100,2575000,,,LongExtraDayReduced,"{""slot_on_"":""67\/42000@m20""}",135,56,48,28,29,40,7,4,6,48,18,21,9,6,13,1,2,2
82146,2026-04-09 22:44:45,30,30,1,accumulation,accumulation,coin,gold,1,false,37500000,51295861457720,75366,5,5,1500,11,0,0,0,0,2,216258,225000,47,3000,96.1,bonus_as10_gae3_no,100,2575000,,,,"{""c5261ecd"":""2665\/3800@m67""}",136,56,48,28,29,42,7,4,6,49,18,21,9,6,15,1,2,2
82147,2026-04-09 22:44:48,30,2,2,accumulation,goldSack,goldSack,gold,1,false,225000000,51296086457720,73866,5,5,1500,11,0,0,0,0,1,217758,225000,47,1500,96.8,bonus_as10_gae3_no,100,2575000,,,,,137,56,48,28,29,43,7,4,6,50,18,21,9,6,16,1,2,2
82148,2026-04-09 22:44:50,3,3,3,attack,attack,attack,attack,2,true,0,51296086457720,72366,5,5,1500,11,3,0,0,0,0,217758,225000,47,0,96.8,bonus_as10_gae3_no,100,2575000,,,,,138,59,48,28,29,43,8,4,6,51,21,21,9,6,16,2,2,2
82149,2026-04-09 22:44:57,3,1,1,attack,coin,coin,gold,1,false,50000,51308956507720,72365,5,5,1,11,1,0,0,0,0,217758,225000,47,0,96.8,bonus_as10_gae3_no,100,2575000,,,,,139,60,48,28,29,43,8,4,6,52,22,21,9,6,16,2,2,2
82150,2026-04-09 22:44:58,30,2,2,accumulation,goldSack,goldSack,gold,1,false,150000,51308956657720,72364,5,5,1,11,0,0,0,0,1,217759,225000,47,1,96.8,bonus_as10_gae3_no,100,2575000,LongExtraDayReduced,,,"{""slot_on_"":""68\/42000@m20""}",140,60,48,28,29,44,8,4,6,53,22,21,9,6,17,2,2,2
82151,2026-04-09 22:45:00,3,1,1,attack,coin,coin,gold,1,false,50000,51308956707720,72363,5,5,1,11,1,0,0,0,0,217759,225000,47,0,96.8,bonus_as10_gae3_no,100,2575000,,,LongExtraDayReduced,"{""slot_on_"":""69\/42000@m20"",""bffc7787"":""6512\/11000@m8""}",141,61,48,28,29,44,8,4,6,54,23,21,9,6,17,2,2,2
82152,2026-04-09 22:45:02,3,1,1,attack,coin,coin,gold,1,false,50000,51308956757720,72362,5,5,1,11,1,0,0,0,0,217759,225000,47,0,96.8,bonus_as10_gae3_no,100,2575000,,,,"{""e190af25"":""4402\/6000@m12""}",142,62,48,28,29,44,8,4,6,55,24,21,9,6,17,2,2,2
82153,2026-04-09 22:45:04,6,6,6,spins,spins,spins,spins,5,true,10,51308956757720,72371,5,5,1,11,0,0,0,3,0,217759,225000,47,0,96.8,bonus_as10_gae3_no,100,2575000,,,,,143,62,48,28,32,44,8,4,6,56,24,21,9,9,17,2,2,2
82154,2026-04-09 22:45:11,5,5,5,shield,shield,shield,shield,3,true,1,51308956757720,72371,5,5,1,11,0,0,3,0,0,217759,225000,47,0,96.8,bonus_as10_gae3_no,100,2575000,,,,,144,62,48,31,32,44,8,4,7,1,0,0,3,0,0,0,0,1
82155,2026-04-09 22:45:12,4,4,4,steal,steal,steal,steal,4,true,0,51308956757720,72370,5,5,1,11,0,3,0,0,0,217759,225000,47,0,96.8,bonus_as10_gae3_no,100,2575000,LongExtraDayReduced,,,"{""slot_on_"":""70\/42000@m20""}",145,62,51,31,32,44,8,5,7,2,0,3,3,0,0,0,1,1
82156,2026-04-09 22:45:21,1,6,6,coin,spins,spins,gold,1,false,25000,51309346338720,72369,5,5,1,11,0,0,0,2,0,217759,225000,47,0,96.8,bonus_as10_gae3_no,100,2575000,,,,,146,62,51,31,34,44,8,5,7,3,0,3,3,2,0,0,1,1
82157,2026-04-09 22:45:22,1,1,1,coin,coin,coin,gold,1,true,250000,51309346588720,72368,5,5,1,11,0,0,0,0,0,217759,225000,47,0,96.8,bonus_as10_gae3_no,100,2575000,,,,"{""e190af25"":""4404\/6000@m12""}",147,62,51,31,34,44,8,5,7,4,0,3,3,2,0,0,1,1
82158,2026-04-09 22:45:23,3,3,2,attack,attack,goldSack,gold,1,false,100000,51309346688720,72367,5,5,1,11,2,0,0,0,0,217759,225000,47,0,96.8,bonus_as10_gae3_no,100,2575000,,,,,148,64,51,31,34,44,8,5,7,5,2,3,3,2,0,0,1,1
82159,2026-04-09 22:45:24,5,5,5,shield,shield,shield,shield,3,true,1,51309346688720,72367,5,5,1,11,0,0,3,0,0,217759,225000,47,0,96.8,bonus_as10_gae3_no,100,2575000,,,,,149,64,51,34,34,44,8,5,8,6,2,3,6,2,0,0,1,2
82160,2026-04-09 22:45:25,5,5,5,shield,shield,shield,shield,3,true,1,51309346688720,72367,5,5,1,11,0,0,3,0,0,217759,225000,47,0,96.8,bonus_as10_gae3_no,100,2575000,,LongExtraDayReduced,,"{""slot_on_"":""71\/42000@m20""}",150,64,51,37,34,44,8,5,9,7,2,3,9,2,0,0,1,3
82161,2026-04-09 22:45:26,1,1,1,coin,coin,coin,gold,1,true,250000,51309346938720,72366,5,5,1,11,0,0,0,0,0,217759,225000,47,0,96.8,bonus_as10_gae3_no,100,2575000,,,,,151,64,51,37,34,44,8,5,9,8,2,3,9,2,0,0,1,3
82162,2026-04-09 22:45:27,3,3,2,attack,attack,goldSack,gold,1,false,100000,51309347038720,72365,5,5,1,11,2,0,0,0,0,217759,225000,47,0,96.8,bonus_as10_gae3_no,100,2575000,,,,,152,66,51,37,34,44,8,5,9,9,4,3,9,2,0,0,1,3
82163,2026-04-09 22:45:28,4,6,2,steal,spins,goldSack,gold,1,false,100000,51309347138720,72364,5,5,1,11,0,1,0,1,0,217759,225000,47,0,96.8,bonus_as10_gae3_no,100,2575000,,,,,153,66,52,37,35,44,8,5,9,10,4,4,9,3,0,0,1,3
82164,2026-04-09 22:45:29,2,2,2,goldSack,goldSack,goldSack,gold,1,true,2000000,51309349138720,72363,5,5,1,11,0,0,0,0,0,217759,225000,47,0,96.8,bonus_as10_gae3_no,100,2575000,,,,,154,66,52,37,35,44,8,5,9,11,4,4,9,3,0,0,1,3
82165,2026-04-09 22:45:31,3,3,3,attack,attack,attack,attack,2,true,0,51309349138720,72362,5,5,1,11,3,0,0,0,0,217759,225000,47,0,96.8,bonus_as10_gae3_no,100,2575000,,,,"{""e190af25"":""4406\/6000@m12""}",155,69,52,37,35,44,9,5,9,12,7,4,9,3,0,1,1,3
82166,2026-04-09 22:45:35,3,3,2,attack,attack,goldSack,gold,1,false,100000,51309375238720,72361,5,5,1,11,2,0,0,0,0,217759,225000,47,0,96.8,bonus_as10_gae3_no,100,2575000,,,,,156,71,52,37,35,44,9,5,9,13,9,4,9,3,0,1,1,3
82167,2026-04-09 22:45:36,4,6,2,steal,spins,goldSack,gold,1,false,100000,51309375338720,72360,5,5,1,11,0,1,0,1,0,217759,225000,47,0,96.8,bonus_as10_gae3_no,100,2575000,,,,"{""bffc7787"":""6513\/11000@m8""}",157,71,53,37,36,44,9,5,9,14,9,5,9,4,0,1,1,3
82168,2026-04-09 22:45:37,3,3,3,attack,attack,attack,attack,2,true,0,51309375338720,72359,5,5,1,11,3,0,0,0,0,217759,225000,47,0,96.8,bonus_as10_gae3_no,100,2575000,,,,,158,74,53,37,36,44,10,5,9,15,12,5,9,4,0,2,1,3
82169,2026-04-09 22:45:41,1,1,1,coin,coin,coin,gold,1,true,250000,51309384168720,72358,5,5,1,11,0,0,0,0,0,217759,225000,47,0,96.8,bonus_as10_gae3_no,100,2575000,,LongExtraDayReduced,,"{""slot_on_"":""72\/42000@m20""}",159,74,53,37,36,44,10,5,9,16,12,5,9,4,0,2,1,3
82170,2026-04-09 22:45:42,4,4,4,steal,steal,steal,steal,4,true,0,51309384168720,72357,5,5,1,11,0,3,0,0,0,217759,225000,47,0,96.8,bonus_as10_gae3_no,100,2575000,LongExtraDayReduced,LongExtraDayReduced,LongExtraDayReduced,"{""slot_on_"":""77\/42000@m20"",""c5261ecd"":""2667\/3800@m67""}",160,74,56,37,36,44,10,6,9,17,12,8,9,4,0,2,2,3
82171,2026-04-09 22:45:48,2,2,2,goldSack,goldSack,goldSack,gold,1,true,2000000,51309760032320,72356,5,5,1,11,0,0,0,0,0,217759,225000,47,0,96.8,bonus_as10_gae3_no,100,2575000,,,,,161,74,56,37,36,44,10,6,9,18,12,8,9,4,0,2,2,3
82172,2026-04-09 22:45:49,30,2,2,accumulation,goldSack,goldSack,gold,1,false,150000,51309760182320,72355,5,5,1,11,0,0,0,0,1,217760,225000,47,1,96.8,bonus_as10_gae3_no,100,2575000,LongExtraDayReduced,,,"{""slot_on_"":""78\/42000@m20""}",162,74,56,37,36,45,10,6,9,19,12,8,9,4,1,2,2,3
82173,2026-04-09 22:45:51,4,6,2,steal,spins,goldSack,gold,1,false,100000,51309760282320,72354,5,5,1,11,0,1,0,1,0,217760,225000,47,0,96.8,bonus_as10_gae3_no,100,2575000,,,,,163,74,57,37,37,45,10,6,9,20,12,9,9,5,1,2,2,3
82174,2026-04-09 22:45:51,3,1,1,attack,coin,coin,gold,1,false,50000,51309760332320,72353,5,5,1,11,1,0,0,0,0,217760,225000,47,0,96.8,bonus_as10_gae3_no,100,2575000,,,,"{""e190af25"":""4408\/6000@m12""}",164,75,57,37,37,45,10,6,9,21,13,9,9,5,1,2,2,3
82175,2026-04-09 22:45:52,3,4,2,attack,steal,goldSack,gold,1,false,100000,51309760432320,72352,5,5,1,11,1,1,0,0,0,217760,225000,47,0,96.8,bonus_as10_gae3_no,100,2575000,,,,,165,76,58,37,37,45,10,6,9,22,14,10,9,5,1,2,2,3
82176,2026-04-09 22:45:53,2,2,2,goldSack,goldSack,goldSack,gold,1,true,2000000,51309762432320,72351,5,5,1,11,0,0,0,0,0,217760,225000,47,0,96.8,bonus_as10_gae3_no,100,2575000,,,,,166,76,58,37,37,45,10,6,9,23,14,10,9,5,1,2,2,3
82177,2026-04-09 22:45:54,30,2,2,accumulation,goldSack,goldSack,gold,1,false,150000,51309762582320,72350,5,5,1,11,0,0,0,0,1,217761,225000,47,1,96.8,bonus_as10_gae3_no,100,2575000,,LongExtraDayReduced,LongExtraDayReduced,"{""slot_on_"":""80\/42000@m20"",""bffc7787"":""6514\/11000@m8""}",167,76,58,37,37,46,10,6,9,24,14,10,9,5,2,2,2,3
82178,2026-04-09 22:45:55,3,3,2,attack,attack,goldSack,gold,1,false,100000,51309762682320,72349,5,5,1,11,2,0,0,0,0,217761,225000,47,0,96.8,bonus_as10_gae3_no,100,2575000,,,,,168,78,58,37,37,46,10,6,9,25,16,10,9,5,2,2,2,3
82179,2026-04-09 22:45:56,30,2,2,accumulation,goldSack,goldSack,gold,1,false,150000,51309762832320,72348,5,5,1,11,0,0,0,0,1,217762,225000,47,1,96.8,bonus_as10_gae3_no,100,2575000,,,,"{""e190af25"":""4410\/6000@m12""}",169,78,58,37,37,47,10,6,9,26,16,10,9,5,3,2,2,3
82180,2026-04-09 22:45:57,2,2,2,goldSack,goldSack,goldSack,gold,1,true,2000000,51309764832320,72347,5,5,1,11,0,0,0,0,0,217762,225000,47,0,96.8,bonus_as10_gae3_no,100,2575000,,,,,170,78,58,37,37,47,10,6,9,27,16,10,9,5,3,2,2,3
82181,2026-04-09 22:45:57,2,2,2,goldSack,goldSack,goldSack,gold,1,true,2000000,51309766832320,72346,5,5,1,11,0,0,0,0,0,217762,225000,47,0,96.8,bonus_as10_gae3_no,100,2575000,,,,,171,78,58,37,37,47,10,6,9,28,16,10,9,5,3,2,2,3
82182,2026-04-09 22:45:58,30,2,2,accumulation,goldSack,goldSack,gold,1,false,150000,51309766982320,72345,5,5,1,11,0,0,0,0,1,217763,225000,47,1,96.8,bonus_as10_gae3_no,100,2575000,,,,,172,78,58,37,37,48,10,6,9,29,16,10,9,5,4,2,2,3
82183,2026-04-09 22:46:02,30,30,1,accumulation,accumulation,coin,gold,1,false,37500000,51309804482320,70845,5,5,1500,11,0,0,0,0,2,220763,225000,47,3000,98.1,bonus_as10_gae3_no,100,2575000,,,,,173,78,58,37,37,50,10,6,9,30,16,10,9,5,6,2,2,3
82184,2026-04-09 22:46:04,6,6,6,spins,spins,spins,spins,5,true,15000,51309804482320,84345,5,5,1500,11,0,0,0,3,0,220763,225000,47,0,98.1,bonus_as10_gae3_no,100,2575000,,LongExtraDayReduced,,"{""slot_on_"":""1580\/42000@m20""}",174,78,58,37,40,50,10,6,9,31,16,10,9,8,6,2,2,3
82185,2026-04-09 22:46:08,3,4,2,attack,steal,goldSack,gold,1,false,100000,51309804582320,84344,5,5,1,11,1,1,0,0,0,220763,225000,47,0,98.1,bonus_as10_gae3_no,100,2575000,,,,,175,79,59,37,40,50,10,6,9,1,1,1,0,0,0,0,0,0
82186,2026-04-09 22:46:10,1,1,1,coin,coin,coin,gold,1,true,250000,51309804832320,84343,5,5,1,11,0,0,0,0,0,220763,225000,47,0,98.1,bonus_as10_gae3_no,100,2575000,LongExtraDayReduced,LongExtraDayReduced,,"{""slot_on_"":""1582\/42000@m20""}",176,79,59,37,40,50,10,6,9,2,1,1,0,0,0,0,0,0
82187,2026-04-09 22:46:11,30,30,1,accumulation,accumulation,coin,gold,1,false,25000,51309804857320,84342,5,5,1,11,0,0,0,0,2,220765,225000,47,2,98.1,bonus_as10_gae3_no,100,2575000,,,,,177,79,59,37,40,52,10,6,9,3,1,1,0,0,2,0,0,0
82188,2026-04-09 22:46:13,5,5,5,shield,shield,shield,shield,3,true,1,51309804857320,84342,5,5,1,11,0,0,3,0,0,220765,225000,47,0,98.1,bonus_as10_gae3_no,100,2575000,,,,,178,79,59,40,40,52,10,6,10,4,1,1,3,0,2,0,0,1
82189,2026-04-09 22:46:14,30,2,2,accumulation,goldSack,goldSack,gold,1,false,150000,51309805007320,84341,5,5,1,11,0,0,0,0,1,220766,225000,47,1,98.1,bonus_as10_gae3_no,100,2575000,,,,,179,79,59,40,40,53,10,6,10,5,1,1,3,0,3,0,0,1
82190,2026-04-09 22:46:17,3,1,4,attack,coin,steal,gold,1,false,10000000,51309815007320,83941,5,5,400,11,1,1,0,0,0,220766,225000,47,0,98.1,bonus_as10_gae3_no,100,2575000,,,,,180,80,60,40,40,53,10,6,10,6,2,2,3,0,3,0,0,1
82191,2026-04-09 22:46:18,1,1,4,coin,coin,steal,gold,1,false,20000000,51309835007320,83541,5,5,400,11,0,1,0,0,0,220766,225000,47,0,98.1,bonus_as10_gae3_no,100,2575000,,,,,181,80,61,40,40,53,10,6,10,7,2,3,3,0,3,0,0,1
82192,2026-04-09 22:46:19,1,6,6,coin,spins,spins,gold,1,false,10000000,51309845007320,83141,5,5,400,11,0,0,0,2,0,220766,225000,47,0,98.1,bonus_as10_gae3_no,100,2575000,,,,,182,80,61,40,42,53,10,6,10,8,2,3,3,2,3,0,0,1
82193,2026-04-09 22:46:20,30,2,2,accumulation,goldSack,goldSack,gold,1,false,60000000,51309905007320,82741,5,5,400,11,0,0,0,0,1,221166,225000,47,400,98.3,bonus_as10_gae3_no,100,2575000,,,,,183,80,61,40,42,54,10,6,10,9,2,3,3,2,4,0,0,1
82194,2026-04-09 22:46:22,4,4,4,steal,steal,steal,steal,4,true,0,51309905007320,81241,5,5,1500,11,0,3,0,0,0,221166,225000,47,0,98.3,bonus_as10_gae3_no,100,2575000,,,,"{""c5261ecd"":""1867\/3800@m68""}",184,80,64,40,42,54,10,7,10,10,2,6,3,2,4,0,1,1
82195,2026-04-09 22:46:40,3,4,2,attack,steal,goldSack,gold,1,false,100000,51465020107320,81240,5,5,1,11,1,1,0,0,0,221166,225000,47,0,98.3,bonus_as10_gae3_no,100,2575000,,,,,185,81,65,40,42,54,10,7,10,11,3,7,3,2,4,0,1,1
82196,2026-04-09 22:46:41,30,30,30,accumulation,accumulation,accumulation,gold,10,true,0,51465020107320,81239,5,5,1,11,0,0,0,0,3,221176,225000,47,10,98.3,bonus_as10_gae3_no,100,2575000,,,,,186,81,65,40,42,57,10,7,10,12,3,7,3,2,7,0,1,1
82197,2026-04-09 22:46:44,3,4,2,attack,steal,goldSack,gold,1,false,100000,51465020207320,81238,5,5,1,11,1,1,0,0,0,221176,225000,47,0,98.3,bonus_as10_gae3_no,100,2575000,,,,,1,1,1,0,0,0,0,0,0,13,4,8,3,2,7,0,1,1
82198,2026-04-09 22:46:45,3,1,1,attack,coin,coin,gold,1,false,50000,51465020257320,81237,5,5,1,11,1,0,0,0,0,221176,225000,47,0,98.3,bonus_as10_gae3_no,100,2575000,,LongExtraDayReduced,,"{""slot_on_"":""1583\/42000@m20"",""bffc7787"":""6515\/11000@m8""}",2,2,1,0,0,0,0,0,0,14,5,8,3,2,7,0,1,1
82199,2026-04-09 22:46:46,3,3,1,attack,attack,coin,gold,1,false,25000,51465020282320,81236,5,5,1,11,2,0,0,0,0,221176,225000,47,0,98.3,bonus_as10_gae3_no,100,2575000,LongExtraDayReduced,,LongExtraDayReduced,"{""slot_on_"":""1585\/42000@m20""}",3,4,1,0,0,0,0,0,0,15,7,8,3,2,7,0,1,1
82200,2026-04-09 22:46:47,30,30,1,accumulation,accumulation,coin,gold,1,false,25000,51465020307320,81235,5,5,1,11,0,0,0,0,2,221178,225000,47,2,98.3,bonus_as10_gae3_no,100,2575000,,,,"{""e190af25"":""4412\/6000@m12""}",4,4,1,0,0,2,0,0,0,16,7,8,3,2,9,0,1,1
82201,2026-04-09 22:46:48,3,3,3,attack,attack,attack,attack,2,true,0,51465020307320,81234,5,5,1,11,3,0,0,0,0,221178,225000,47,0,98.3,bonus_as10_gae3_no,100,2575000,,,,,5,7,1,0,0,2,1,0,0,17,10,8,3,2,9,1,1,1
82202,2026-04-09 22:46:52,5,5,5,shield,shield,shield,shield,3,true,1,51465028887320,81234,5,5,1,11,0,0,3,0,0,221178,225000,47,0,98.3,bonus_as10_gae3_no,100,2575000,,,,,6,7,1,3,0,2,1,0,1,18,10,8,6,2,9,1,1,2
82203,2026-04-09 22:46:53,30,30,1,accumulation,accumulation,coin,gold,1,false,25000,51465028912320,81233,5,5,1,11,0,0,0,0,2,221180,225000,47,2,98.3,bonus_as10_gae3_no,100,2575000,,LongExtraDayReduced,,"{""slot_on_"":""1586\/42000@m20""}",7,7,1,3,0,4,1,0,1,19,10,8,6,2,11,1,1,2
82204,2026-04-09 22:46:55,2,2,2,goldSack,goldSack,goldSack,gold,1,true,2000000,51465030912320,81232,5,5,1,11,0,0,0,0,0,221180,225000,47,0,98.3,bonus_as10_gae3_no,100,2575000,,,,,8,7,1,3,0,4,1,0,1,20,10,8,6,2,11,1,1,2
82205,2026-04-09 22:46:55,3,3,3,attack,attack,attack,attack,2,true,0,51465030912320,81231,5,5,1,11,3,0,0,0,0,221180,225000,47,0,98.3,bonus_as10_gae3_no,100,2575000,,,,"{""bffc7787"":""6516\/11000@m8""}",9,10,1,3,0,4,2,0,1,21,13,8,6,2,11,2,1,2
82206,2026-04-09 22:46:59,5,5,5,shield,shield,shield,shield,3,true,1,51465039492320,81231,5,5,1,11,0,0,3,0,0,221180,225000,47,0,98.3,bonus_as10_gae3_no,100,2575000,LongExtraDayReduced,LongExtraDayReduced,,"{""slot_on_"":""1588\/42000@m20""}",10,10,1,6,0,4,2,0,2,22,13,8,9,2,11,2,1,3
82207,2026-04-09 22:47:01,30,30,1,accumulation,accumulation,coin,gold,1,false,25000,51465039517320,81230,5,5,1,11,0,0,0,0,2,221182,225000,47,2,98.3,bonus_as10_gae3_no,100,2575000,,,,,11,10,1,6,0,6,2,0,2,23,13,8,9,2,13,2,1,3
82208,2026-04-09 22:47:02,30,30,1,accumulation,accumulation,coin,gold,1,false,25000,51465039542320,81229,5,5,1,11,0,0,0,0,2,221184,225000,47,2,98.3,bonus_as10_gae3_no,100,2575000,,,,,12,10,1,6,0,8,2,0,2,24,13,8,9,2,15,2,1,3
82209,2026-04-09 22:47:03,30,2,2,accumulation,goldSack,goldSack,gold,1,false,150000,51465039692320,81228,5,5,1,11,0,0,0,0,1,221185,225000,47,1,98.3,bonus_as10_gae3_no,100,2575000,LongExtraDayReduced,,,"{""slot_on_"":""1589\/42000@m20""}",13,10,1,6,0,9,2,0,2,25,13,8,9,2,16,2,1,3
82210,2026-04-09 22:47:04,4,6,2,steal,spins,goldSack,gold,1,false,100000,51465039792320,81227,5,5,1,11,0,1,0,1,0,221185,225000,47,0,98.3,bonus_as10_gae3_no,100,2575000,,,,,14,10,2,6,1,9,2,0,2,26,13,9,9,3,16,2,1,3
82211,2026-04-09 22:47:05,3,4,2,attack,steal,goldSack,gold,1,false,100000,51465039892320,81226,5,5,1,11,1,1,0,0,0,221185,225000,47,0,98.3,bonus_as10_gae3_no,100,2575000,,,LongExtraDayReduced,"{""slot_on_"":""1590\/42000@m20"",""c5261ecd"":""1869\/3800@m68""}",15,11,3,6,1,9,2,0,2,27,14,10,9,3,16,2,1,3
82212,2026-04-09 22:47:06,1,6,6,coin,spins,spins,gold,1,false,25000,51465039917320,81225,5,5,1,11,0,0,0,2,0,221185,225000,47,0,98.3,bonus_as10_gae3_no,100,2575000,,,,,16,11,3,6,3,9,2,0,2,28,14,10,9,5,16,2,1,3
82213,2026-04-09 22:47:07,30,2,2,accumulation,goldSack,goldSack,gold,1,false,150000,51465040067320,81224,5,5,1,11,0,0,0,0,1,221186,225000,47,1,98.3,bonus_as10_gae3_no,100,2575000,,,,,17,11,3,6,3,10,2,0,2,29,14,10,9,5,17,2,1,3
82214,2026-04-09 22:47:08,2,2,2,goldSack,goldSack,goldSack,gold,1,true,2000000,51465042067320,81223,5,5,1,11,0,0,0,0,0,221186,225000,47,0,98.3,bonus_as10_gae3_no,100,2575000,,,,,18,11,3,6,3,10,2,0,2,30,14,10,9,5,17,2,1,3
82215,2026-04-09 22:47:09,3,3,3,attack,attack,attack,attack,2,true,0,51465042067320,81222,5,5,1,11,3,0,0,0,0,221186,225000,47,0,98.3,bonus_as10_gae3_no,100,2575000,,,,,19,14,3,6,3,10,3,0,2,31,17,10,9,5,17,3,1,3
82216,2026-04-09 22:47:13,30,2,2,accumulation,goldSack,goldSack,gold,1,false,150000,51465050797320,81221,5,5,1,11,0,0,0,0,1,221187,225000,47,1,98.3,bonus_as10_gae3_no,100,2575000,,,,,20,14,3,6,3,11,3,0,2,32,17,10,9,5,18,3,1,3
82217,2026-04-09 22:47:14,30,2,2,accumulation,goldSack,goldSack,gold,1,false,150000,51465050947320,81220,5,5,1,11,0,0,0,0,1,221188,225000,47,1,98.3,bonus_as10_gae3_no,100,2575000,,,,,21,14,3,6,3,12,3,0,2,33,17,10,9,5,19,3,1,3
82218,2026-04-09 22:47:15,4,6,2,steal,spins,goldSack,gold,1,false,100000,51465051047320,81219,5,5,1,11,0,1,0,1,0,221188,225000,47,0,98.3,bonus_as10_gae3_no,100,2575000,,,,,22,14,4,6,4,12,3,0,2,34,17,11,9,6,19,3,1,3
82219,2026-04-09 22:47:15,2,2,2,goldSack,goldSack,goldSack,gold,1,true,2000000,51465053047320,81218,5,5,1,11,0,0,0,0,0,221188,225000,47,0,98.3,bonus_as10_gae3_no,100,2575000,,,,,23,14,4,6,4,12,3,0,2,35,17,11,9,6,19,3,1,3
82220,2026-04-09 22:47:16,3,1,1,attack,coin,coin,gold,1,false,50000,51465053097320,81217,5,5,1,11,1,0,0,0,0,221188,225000,47,0,98.3,bonus_as10_gae3_no,100,2575000,,,,"{""c5261ecd"":""1871\/3800@m68""}",24,15,4,6,4,12,3,0,2,36,18,11,9,6,19,3,1,3
82221,2026-04-09 22:47:17,3,3,3,attack,attack,attack,attack,2,true,0,51465053097320,81216,5,5,1,11,3,0,0,0,0,221188,225000,47,0,98.3,bonus_as10_gae3_no,100,2575000,LongExtraDayReduced,,,"{""slot_on_"":""1591\/42000@m20"",""e190af25"":""4414\/6000@m12""}",25,18,4,6,4,12,4,0,2,37,21,11,9,6,19,4,1,3
82222,2026-04-09 22:47:31,4,6,2,steal,spins,goldSack,gold,1,false,100000,51465061777320,81215,5,5,1,11,0,1,0,1,0,221188,225000,47,0,98.3,bonus_as10_gae3_no,100,2575000,,LongExtraDayReduced,,"{""slot_on_"":""1592\/42000@m20""}",26,18,5,6,5,12,4,0,2,38,21,12,9,7,19,4,1,3
82223,2026-04-09 22:47:32,4,4,4,steal,steal,steal,steal,4,true,0,51465061777320,81214,5,5,1,11,0,3,0,0,0,221188,225000,47,0,98.3,bonus_as10_gae3_no,100,2575000,,LongExtraDayReduced,,"{""slot_on_"":""1593\/42000@m20""}",27,18,8,6,5,12,4,1,2,39,21,15,9,7,19,4,2,3
82224,2026-04-09 22:47:39,3,1,1,attack,coin,coin,gold,1,false,50000,51465505836920,81213,5,5,1,11,1,0,0,0,0,221188,225000,47,0,98.3,bonus_as10_gae3_no,100,2575000,,,,,28,19,8,6,5,12,4,1,2,40,22,15,9,7,19,4,2,3
82225,2026-04-09 22:47:40,2,2,2,goldSack,goldSack,goldSack,gold,1,true,2000000,51465507836920,81212,5,5,1,11,0,0,0,0,0,221188,225000,47,0,98.3,bonus_as10_gae3_no,100,2575000,,,,"{""bffc7787"":""6517\/11000@m8""}",29,19,8,6,5,12,4,1,2,41,22,15,9,7,19,4,2,3
82226,2026-04-09 22:47:41,3,1,1,attack,coin,coin,gold,1,false,50000,51465507886920,81211,5,5,1,11,1,0,0,0,0,221188,225000,47,0,98.3,bonus_as10_gae3_no,100,2575000,,,,,30,20,8,6,5,12,4,1,2,42,23,15,9,7,19,4,2,3
82227,2026-04-09 22:47:41,4,6,2,steal,spins,goldSack,gold,1,false,100000,51465507986920,81210,5,5,1,11,0,1,0,1,0,221188,225000,47,0,98.3,bonus_as10_gae3_no,100,2575000,,,,,31,20,9,6,6,12,4,1,2,43,23,16,9,8,19,4,2,3
82228,2026-04-09 22:47:45,30,2,2,accumulation,goldSack,goldSack,gold,1,false,150000,51465508136920,81209,5,5,1,11,0,0,0,0,1,221189,225000,47,1,98.3,bonus_as10_gae3_no,100,2575000,LongExtraDayReduced,,,"{""slot_on_"":""1594\/42000@m20"",""e190af25"":""4416\/6000@m12""}",32,20,9,6,6,13,4,1,2,44,23,16,9,8,20,4,2,3
82229,2026-04-09 22:47:46,4,4,4,steal,steal,steal,steal,4,true,0,51465508136920,81208,5,5,1,11,0,3,0,0,0,221189,225000,47,0,98.3,bonus_as10_gae3_no,100,2575000,,,,,33,20,12,6,6,13,4,2,2,45,23,19,9,8,20,4,3,3
82230,2026-04-09 22:47:53,1,4,4,coin,steal,steal,gold,1,false,25000,51465696686720,81207,5,5,1,11,0,2,0,0,0,221189,225000,47,0,98.3,bonus_as10_gae3_no,100,2575000,,,,,34,20,14,6,6,13,4,2,2,46,23,21,9,8,20,4,3,3
82231,2026-04-09 22:47:54,30,2,2,accumulation,goldSack,goldSack,gold,1,false,150000,51465696836720,81206,5,5,1,11,0,0,0,0,1,221190,225000,47,1,98.3,bonus_as10_gae3_no,100,2575000,,,,,35,20,14,6,6,14,4,2,2,47,23,21,9,8,21,4,3,3
82232,2026-04-09 22:47:55,30,2,2,accumulation,goldSack,goldSack,gold,1,false,150000,51465696986720,81205,5,5,1,11,0,0,0,0,1,221191,225000,47,1,98.3,bonus_as10_gae3_no,100,2575000,,,,,36,20,14,6,6,15,4,2,2,48,23,21,9,8,22,4,3,3
82233,2026-04-09 22:47:56,3,3,3,attack,attack,attack,attack,2,true,0,51465696986720,81204,5,5,1,11,3,0,0,0,0,221191,225000,47,0,98.3,bonus_as10_gae3_no,100,2575000,,,,,37,23,14,6,6,15,5,2,2,49,26,21,9,8,22,5,3,3
82234,2026-04-09 22:48:00,4,6,2,steal,spins,goldSack,gold,1,false,100000,51465705666720,81203,5,5,1,11,0,1,0,1,0,221191,225000,47,0,98.3,bonus_as10_gae3_no,100,2575000,,,,,38,23,15,6,7,15,5,2,2,50,26,22,9,9,22,5,3,3
82235,2026-04-09 22:48:01,1,1,1,coin,coin,coin,gold,1,true,250000,51465705916720,81202,5,5,1,11,0,0,0,0,0,221191,225000,47,0,98.3,bonus_as10_gae3_no,100,2575000,,LongExtraDayReduced,LongExtraDayReduced,"{""slot_on_"":""1596\/42000@m20"",""e190af25"":""4418\/6000@m12""}",39,23,15,6,7,15,5,2,2,51,26,22,9,9,22,5,3,3
82236,2026-04-09 22:48:02,5,5,5,shield,shield,shield,shield,3,true,1,51465705916720,81202,5,5,1,11,0,0,3,0,0,221191,225000,47,0,98.3,bonus_as10_gae3_no,100,2575000,,,,,40,23,15,9,7,15,5,2,3,52,26,22,12,9,22,5,3,4
82237,2026-04-09 22:48:03,3,3,3,attack,attack,attack,attack,2,true,0,51465705916720,81201,5,5,1,11,3,0,0,0,0,221191,225000,47,0,98.3,bonus_as10_gae3_no,100,2575000,,,,,41,26,15,9,7,15,6,2,3,53,29,22,12,9,22,6,3,4
82238,2026-04-09 22:48:07,4,6,2,steal,spins,goldSack,gold,1,false,100000,51465732016720,81200,5,5,1,11,0,1,0,1,0,221191,225000,47,0,98.3,bonus_as10_gae3_no,100,2575000,,,,,42,26,16,9,8,15,6,2,3,54,29,23,12,10,22,6,3,4
82239,2026-04-09 22:48:07,4,6,2,steal,spins,goldSack,gold,1,false,100000,51465732116720,81199,5,5,1,11,0,1,0,1,0,221191,225000,47,0,98.3,bonus_as10_gae3_no,100,2575000,,,,"{""c5261ecd"":""1873\/3800@m68""}",43,26,17,9,9,15,6,2,3,55,29,24,12,11,22,6,3,4
82240,2026-04-09 22:48:08,5,5,5,shield,shield,shield,shield,3,true,1,51465732116720,81199,5,5,1,11,0,0,3,0,0,221191,225000,47,0,98.3,bonus_as10_gae3_no,100,2575000,,,,,44,26,17,12,9,15,6,2,4,56,29,24,15,11,22,6,3,5
82241,2026-04-09 22:48:09,30,30,1,accumulation,accumulation,coin,gold,1,false,25000,51465732141720,81198,5,5,1,11,0,0,0,0,2,221193,225000,47,2,98.3,bonus_as10_gae3_no,100,2575000,LongExtraDayReduced,,,"{""slot_on_"":""1597\/42000@m20""}",45,26,17,12,9,17,6,2,4,57,29,24,15,11,24,6,3,5
82242,2026-04-09 22:48:10,4,6,2,steal,spins,goldSack,gold,1,false,100000,51465732241720,81197,5,5,1,11,0,1,0,1,0,221193,225000,47,0,98.3,bonus_as10_gae3_no,100,2575000,,LongExtraDayReduced,,"{""slot_on_"":""1598\/42000@m20""}",46,26,18,12,10,17,6,2,4,58,29,25,15,12,24,6,3,5
82243,2026-04-09 22:48:11,30,2,2,accumulation,goldSack,goldSack,gold,1,false,150000,51465732391720,81196,5,5,1,11,0,0,0,0,1,221194,225000,47,1,98.3,bonus_as10_gae3_no,100,2575000,,,,,47,26,18,12,10,18,6,2,4,59,29,25,15,12,25,6,3,5
82244,2026-04-09 22:48:12,3,3,3,attack,attack,attack,attack,2,true,0,51465732391720,81195,5,5,1,11,3,0,0,0,0,221194,225000,47,0,98.3,bonus_as10_gae3_no,100,2575000,,LongExtraDayReduced,,"{""slot_on_"":""1599\/42000@m20""}",48,29,18,12,10,18,7,2,4,60,32,25,15,12,25,7,3,5
82245,2026-04-09 22:48:16,30,30,1,accumulation,accumulation,coin,gold,1,false,25000,51465740996720,81194,5,5,1,11,0,0,0,0,2,221196,225000,47,2,98.3,bonus_as10_gae3_no,100,2575000,LongExtraDayReduced,,,"{""slot_on_"":""1600\/42000@m20""}",49,29,18,12,10,20,7,2,4,61,32,25,15,12,27,7,3,5
82246,2026-04-09 22:48:18,3,1,1,attack,coin,coin,gold,1,false,50000,51465741046720,81193,5,5,1,11,1,0,0,0,0,221196,225000,47,0,98.3,bonus_as10_gae3_no,100,2575000,,,,"{""bffc7787"":""6518\/11000@m8""}",50,30,18,12,10,20,7,2,4,62,33,25,15,12,27,7,3,5
82247,2026-04-09 22:48:19,30,2,2,accumulation,goldSack,goldSack,gold,1,false,150000,51465741196720,81192,5,5,1,11,0,0,0,0,1,221197,225000,47,1,98.3,bonus_as10_gae3_no,100,2575000,,,LongExtraDayReduced,"{""slot_on_"":""1601\/42000@m20""}",51,30,18,12,10,21,7,2,4,63,33,25,15,12,28,7,3,5
82248,2026-04-09 22:48:20,4,6,2,steal,spins,goldSack,gold,1,false,100000,51465741296720,81191,5,5,1,11,0,1,0,1,0,221197,225000,47,0,98.3,bonus_as10_gae3_no,100,2575000,,,,,52,30,19,12,11,21,7,2,4,64,33,26,15,13,28,7,3,5
82249,2026-04-09 22:48:22,3,1,1,attack,coin,coin,gold,1,false,50000,51465741346720,81190,5,5,1,11,1,0,0,0,0,221197,225000,47,0,98.3,bonus_as10_gae3_no,100,2575000,,,,,53,31,19,12,11,21,7,2,4,65,34,26,15,13,28,7,3,5
82250,2026-04-09 22:48:23,4,6,2,steal,spins,goldSack,gold,1,false,100000,51465741446720,81189,5,5,1,11,0,1,0,1,0,221197,225000,47,0,98.3,bonus_as10_gae3_no,100,2575000,,,,,54,31,20,12,12,21,7,2,4,66,34,27,15,14,28,7,3,5
82251,2026-04-09 22:48:24,1,1,1,coin,coin,coin,gold,1,true,250000,51465741696720,81188,5,5,1,11,0,0,0,0,0,221197,225000,47,0,98.3,bonus_as10_gae3_no,100,2575000,,,,,55,31,20,12,12,21,7,2,4,67,34,27,15,14,28,7,3,5
82252,2026-04-09 22:48:24,3,5,2,attack,shield,goldSack,gold,1,false,100000,51465741796720,81187,5,5,1,11,1,0,1,0,0,221197,225000,47,0,98.3,bonus_as10_gae3_no,100,2575000,,,,,56,32,20,13,12,21,7,2,4,68,35,27,16,14,28,7,3,5
82253,2026-04-09 22:48:25,30,2,2,accumulation,goldSack,goldSack,gold,1,false,150000,51465741946720,81186,5,5,1,11,0,0,0,0,1,221198,225000,47,1,98.3,bonus_as10_gae3_no,100,2575000,,,,"{""e190af25"":""4420\/6000@m12""}",57,32,20,13,12,22,7,2,4,69,35,27,16,14,29,7,3,5
82254,2026-04-09 22:48:27,3,3,1,attack,attack,coin,gold,1,false,25000,51465741971720,81185,5,5,1,11,2,0,0,0,0,221198,225000,47,0,98.3,bonus_as10_gae3_no,100,2575000,,,,,58,34,20,13,12,22,7,2,4,70,37,27,16,14,29,7,3,5
82255,2026-04-09 22:48:28,4,6,2,steal,spins,goldSack,gold,1,false,100000,51465742071720,81184,5,5,1,11,0,1,0,1,0,221198,225000,47,0,98.3,bonus_as10_gae3_no,100,2575000,,,LongExtraDayReduced,"{""slot_on_"":""1602\/42000@m20""}",59,34,21,13,13,22,7,2,4,71,37,28,16,15,29,7,3,5
82256,2026-04-09 22:48:29,1,1,1,coin,coin,coin,gold,1,true,250000,51465742321720,81183,5,5,1,11,0,0,0,0,0,221198,225000,47,0,98.3,bonus_as10_gae3_no,100,2575000,,LongExtraDayReduced,,"{""slot_on_"":""1603\/42000@m20"",""c5261ecd"":""1875\/3800@m68""}",60,34,21,13,13,22,7,2,4,72,37,28,16,15,29,7,3,5
82257,2026-04-09 22:48:30,1,6,6,coin,spins,spins,gold,1,false,25000,51465742346720,81182,5,5,1,11,0,0,0,2,0,221198,225000,47,0,98.3,bonus_as10_gae3_no,100,2575000,LongExtraDayReduced,LongExtraDayReduced,LongExtraDayReduced,"{""slot_on_"":""1608\/42000@m20""}",61,34,21,13,15,22,7,2,4,73,37,28,16,17,29,7,3,5
82258,2026-04-09 22:48:33,2,2,2,goldSack,goldSack,goldSack,gold,1,true,800000000,51466542346720,80782,5,5,400,11,0,0,0,0,0,221198,225000,47,0,98.3,bonus_as10_gae3_no,100,2575000,,,,"{""bffc7787"":""6918\/11000@m8""}",62,34,21,13,15,22,7,2,4,74,37,28,16,17,29,7,3,5
82259,2026-04-09 22:48:34,1,5,5,coin,shield,shield,gold,1,false,10000000,51466552346720,80382,5,5,400,11,0,0,2,0,0,221198,225000,47,0,98.3,bonus_as10_gae3_no,100,2575000,,,LongExtraDayReduced,"{""slot_on_"":""2008\/42000@m20""}",63,34,21,15,15,22,7,2,4,75,37,28,18,17,29,7,3,5
82260,2026-04-09 22:48:35,30,2,2,accumulation,goldSack,goldSack,gold,1,false,60000000,51466612346720,79982,5,5,400,11,0,0,0,0,1,221598,225000,47,400,98.5,bonus_as10_gae3_no,100,2575000,,,,,64,34,21,15,15,23,7,2,4,76,37,28,18,17,30,7,3,5
82261,2026-04-09 22:48:36,3,1,1,attack,coin,coin,gold,1,false,20000000,51466632346720,79582,5,5,400,11,1,0,0,0,0,221598,225000,47,0,98.5,bonus_as10_gae3_no,100,2575000,LongExtraDayReduced,,,"{""slot_on_"":""2408\/42000@m20""}",65,35,21,15,15,23,7,2,4,77,38,28,18,17,30,7,3,5
82262,2026-04-09 22:48:36,30,30,1,accumulation,accumulation,coin,gold,1,false,10000000,51466642346720,79182,5,5,400,11,0,0,0,0,2,222398,225000,47,800,98.8,bonus_as10_gae3_no,100,2575000,,,,,66,35,21,15,15,25,7,2,4,78,38,28,18,17,32,7,3,5
82263,2026-04-09 22:48:37,2,2,2,goldSack,goldSack,goldSack,gold,1,true,800000000,51467442346720,78782,5,5,400,11,0,0,0,0,0,222398,225000,47,0,98.8,bonus_as10_gae3_no,100,2575000,,,,,67,35,21,15,15,25,7,2,4,79,38,28,18,17,32,7,3,5
82264,2026-04-09 22:48:38,4,6,2,steal,spins,goldSack,gold,1,false,40000000,51467482346720,78382,5,5,400,11,0,1,0,1,0,222398,225000,47,0,98.8,bonus_as10_gae3_no,100,2575000,,,,,68,35,22,15,16,25,7,2,4,80,38,29,18,18,32,7,3,5
82265,2026-04-09 22:48:39,1,4,4,coin,steal,steal,gold,1,false,10000000,51467492346720,77982,5,5,400,11,0,2,0,0,0,222398,225000,47,0,98.8,bonus_as10_gae3_no,100,2575000,,,,,69,35,24,15,16,25,7,2,4,81,38,31,18,18,32,7,3,5
82266,2026-04-09 22:48:39,1,1,1,coin,coin,coin,gold,1,true,100000000,51467592346720,77582,5,5,400,11,0,0,0,0,0,222398,225000,47,0,98.8,bonus_as10_gae3_no,100,2575000,,,,"{""e190af25"":""5220\/6000@m12""}",70,35,24,15,16,25,7,2,4,82,38,31,18,18,32,7,3,5
82267,2026-04-09 22:48:41,3,5,2,attack,shield,goldSack,gold,1,false,40000000,51467632346720,77182,5,5,400,11,1,0,1,0,0,222398,225000,47,0,98.8,bonus_as10_gae3_no,100,2575000,,,,,71,36,24,16,16,25,7,2,4,83,39,31,19,18,32,7,3,5
82268,2026-04-09 22:48:41,3,3,3,attack,attack,attack,attack,2,true,0,51467632346720,76782,5,5,400,11,3,0,0,0,0,222398,225000,47,0,98.8,bonus_as10_gae3_no,100,2575000,,LongExtraDayReduced,,"{""slot_on_"":""2808\/42000@m20""}",72,39,24,16,16,25,8,2,4,84,42,31,19,18,32,8,3,5
82269,2026-04-09 22:48:45,30,30,3,accumulation,accumulation,attack,gold,6,false,0,51471064346720,76382,5,5,400,11,1,0,0,0,2,223198,225000,47,800,99.2,bonus_as10_gae3_no,100,2575000,,,,,73,40,24,16,16,27,8,2,4,85,43,31,19,18,34,8,3,5
82270,2026-04-09 22:48:46,4,6,2,steal,spins,goldSack,gold,1,false,40000000,51471104346720,75982,5,5,400,11,0,1,0,1,0,223198,225000,47,0,99.2,bonus_as10_gae3_no,100,2575000,,,,,74,40,25,16,17,27,8,2,4,86,43,32,19,19,34,8,3,5
82271,2026-04-09 22:48:47,30,2,2,accumulation,goldSack,goldSack,gold,1,false,60000000,51471164346720,75582,5,5,400,11,0,0,0,0,1,223598,225000,47,400,99.4,bonus_as10_gae3_no,100,2575000,,,,,75,40,25,16,17,28,8,2,4,87,43,32,19,19,35,8,3,5
82272,2026-04-09 22:48:48,4,6,2,steal,spins,goldSack,gold,1,false,40000000,51471204346720,75182,5,5,400,11,0,1,0,1,0,223598,225000,47,0,99.4,bonus_as10_gae3_no,100,2575000,LongExtraDayReduced,,,"{""slot_on_"":""3208\/42000@m20""}",76,40,26,16,18,28,8,2,4,88,43,33,19,20,35,8,3,5
82273,2026-04-09 22:48:49,3,3,3,attack,attack,attack,attack,2,true,0,51471204346720,74782,5,5,400,11,3,0,0,0,0,223598,225000,47,0,99.4,bonus_as10_gae3_no,100,2575000,,,,,77,43,26,16,18,28,9,2,4,89,46,33,19,20,35,9,3,5
82274,2026-04-09 22:48:53,3,3,1,attack,attack,coin,gold,1,false,10000000,51481614346720,74382,5,5,400,11,2,0,0,0,0,223598,225000,47,0,99.4,bonus_as10_gae3_no,100,2575000,,LongExtraDayReduced,,"{""slot_on_"":""3608\/42000@m20"",""bffc7787"":""7318\/11000@m8""}",78,45,26,16,18,28,9,2,4,90,48,33,19,20,35,9,3,5
82275,2026-04-09 22:48:54,5,5,5,shield,shield,shield,shield,3,true,400,51481614346720,74382,5,5,400,11,0,0,3,0,0,223598,225000,47,0,99.4,bonus_as10_gae3_no,100,2575000,LongExtraDayReduced,,LongExtraDayReduced,"{""slot_on_"":""4408\/42000@m20""}",79,45,26,19,18,28,9,2,5,91,48,33,22,20,35,9,3,6
82276,2026-04-09 22:48:55,4,6,2,steal,spins,goldSack,gold,1,false,40000000,51481654346720,73982,5,5,400,11,0,1,0,1,0,223598,225000,47,0,99.4,bonus_as10_gae3_no,100,2575000,,,,"{""c5261ecd"":""2675\/3800@m68""}",80,45,27,19,19,28,9,2,5,92,48,34,22,21,35,9,3,6
82277,2026-04-09 22:48:56,1,1,1,coin,coin,coin,gold,1,true,100000000,51481754346720,73582,5,5,400,11,0,0,0,0,0,223598,225000,47,0,99.4,bonus_as10_gae3_no,100,2575000,,,,,81,45,27,19,19,28,9,2,5,93,48,34,22,21,35,9,3,6
82278,2026-04-09 22:48:57,30,2,2,accumulation,goldSack,goldSack,gold,1,false,60000000,51481814346720,73182,5,5,400,11,0,0,0,0,1,223998,225000,47,400,99.6,bonus_as10_gae3_no,100,2575000,,,,,82,45,27,19,19,29,9,2,5,94,48,34,22,21,36,9,3,6
82279,2026-04-09 22:48:58,3,1,5,attack,coin,shield,gold,1,false,10000000,51481824346720,72782,5,5,400,11,1,0,1,0,0,223998,225000,47,0,99.6,bonus_as10_gae3_no,100,2575000,,,,,83,46,27,20,19,29,9,2,5,95,49,34,23,21,36,9,3,6
82280,2026-04-09 22:48:58,3,3,1,attack,attack,coin,gold,1,false,10000000,51481834346720,72382,5,5,400,11,2,0,0,0,0,223998,225000,47,0,99.6,bonus_as10_gae3_no,100,2575000,LongExtraDayReduced,LongExtraDayReduced,,"{""slot_on_"":""5208\/42000@m20""}",84,48,27,20,19,29,9,2,5,96,51,34,23,21,36,9,3,6
82281,2026-04-09 22:48:59,5,2,2,shield,goldSack,goldSack,gold,1,false,60000000,51481894346720,71982,5,5,400,11,0,0,1,0,0,223998,225000,47,0,99.6,bonus_as10_gae3_no,100,2575000,,,,,85,48,27,21,19,29,9,2,5,97,51,34,24,21,36,9,3,6
82282,2026-04-09 22:49:00,3,4,2,attack,steal,goldSack,gold,1,false,40000000,51481934346720,71582,5,5,400,11,1,1,0,0,0,223998,225000,47,0,99.6,bonus_as10_gae3_no,100,2575000,,,,"{""e190af25"":""20\/6500@m13""}",86,49,28,21,19,29,9,2,5,98,52,35,24,21,36,9,3,6
82283,2026-04-09 22:49:02,4,6,2,steal,spins,goldSack,gold,1,false,40000000,51481974346720,71182,5,5,400,11,0,1,0,1,0,223998,225000,47,0,99.6,bonus_as10_gae3_no,100,2575000,,,,,87,49,29,21,20,29,9,2,5,99,52,36,24,22,36,9,3,6
82284,2026-04-09 22:49:03,1,4,5,coin,steal,shield,gold,1,false,10000000,51481984346720,70782,5,5,400,11,0,1,1,0,0,223998,225000,47,0,99.6,bonus_as10_gae3_no,100,2575000,,,,,88,49,30,22,20,29,9,2,5,100,52,37,25,22,36,9,3,6
82285,2026-04-09 22:49:04,4,6,2,steal,spins,goldSack,gold,1,false,40000000,51482024346720,70382,5,5,400,11,0,1,0,1,0,223998,225000,47,0,99.6,bonus_as10_gae3_no,100,2575000,,,,,89,49,31,22,21,29,9,2,5,101,52,38,25,23,36,9,3,6
82286,2026-04-09 22:49:05,30,2,2,accumulation,goldSack,goldSack,gold,1,false,60000000,51482084346720,69982,5,5,400,11,0,0,0,0,1,224398,225000,47,400,99.7,bonus_as10_gae3_no,100,2575000,,,,,90,49,31,22,21,30,9,2,5,102,52,38,25,23,37,9,3,6
82287,2026-04-09 22:49:06,4,6,2,steal,spins,goldSack,gold,1,false,40000000,51482124346720,69582,5,5,400,11,0,1,0,1,0,224398,225000,47,0,99.7,bonus_as10_gae3_no,100,2575000,,,,"{""e190af25"":""820\/6500@m13""}",91,49,32,22,22,30,9,2,5,103,52,39,25,24,37,9,3,6
82288,2026-04-09 22:49:07,30,2,2,accumulation,goldSack,goldSack,gold,1,false,60000000,51482184346720,69182,5,5,400,11,0,0,0,0,1,224798,225000,47,400,99.9,bonus_as10_gae3_no,100,2575000,,,,,92,49,32,22,22,31,9,2,5,104,52,39,25,24,38,9,3,6
82289,2026-04-09 22:49:08,2,2,2,goldSack,goldSack,goldSack,gold,1,true,800000000,51482984346720,68782,5,5,400,11,0,0,0,0,0,224798,225000,47,0,99.9,bonus_as10_gae3_no,100,2575000,,,,,93,49,32,22,22,31,9,2,5,105,52,39,25,24,38,9,3,6
82290,2026-04-09 22:49:09,2,2,2,goldSack,goldSack,goldSack,gold,1,true,800000000,51483784346720,68382,5,5,400,11,0,0,0,0,0,224798,225000,47,0,99.9,bonus_as10_gae3_no,100,2575000,,LongExtraDayReduced,LongExtraDayReduced,"{""slot_on_"":""6008\/42000@m20""}",94,49,32,22,22,31,9,2,5,106,52,39,25,24,38,9,3,6
82291,2026-04-09 22:49:10,30,2,2,accumulation,goldSack,goldSack,gold,1,false,60000000,51483844346720,67982,5,5,400,11,0,0,0,0,1,198,900,48,0,22.0,bonus_as10_gae3_no,100,2575000,,,,"{""e190af25"":""1620\/6500@m13""}",95,49,32,22,22,32,9,2,5,107,52,39,25,24,39,9,3,6
82292,2026-04-09 22:49:14,1,4,4,coin,steal,steal,gold,1,false,10000000,51483689221720,439082,5,5,400,11,0,2,0,0,0,198,900,48,0,22.0,bonus_as10_gae3_no,100,2575000,,LongExtraDayReduced,,"{""slot_on_"":""6408\/42000@m20"",""c5261ecd"":""3475\/3800@m68""}",96,49,34,22,22,32,9,2,5,108,52,41,25,24,39,9,3,6
82293,2026-04-09 22:49:15,3,3,3,attack,attack,attack,attack,2,true,0,51483689221720,438682,5,5,400,11,3,0,0,0,0,198,900,48,0,22.0,bonus_as10_gae3_no,100,2575000,LongExtraDayReduced,,,"{""slot_on_"":""6808\/42000@m20"",""bffc7787"":""7718\/11000@m8""}",97,52,34,22,22,32,10,2,5,109,55,41,25,24,39,10,3,6
82294,2026-04-09 22:49:19,30,2,2,accumulation,goldSack,goldSack,gold,1,false,60000000,51494149221720,438282,5,5,400,11,0,0,0,0,1,598,900,48,400,66.4,bonus_as10_gae3_no,100,2575000,,,,,98,52,34,22,22,33,10,2,5,110,55,41,25,24,40,10,3,6
82295,2026-04-09 22:49:20,4,6,2,steal,spins,goldSack,gold,1,false,40000000,51494189221720,437882,5,5,400,11,0,1,0,1,0,598,900,48,0,66.4,bonus_as10_gae3_no,100,2575000,,,LongExtraDayReduced,"{""slot_on_"":""7208\/42000@m20""}",99,52,35,22,23,33,10,2,5,111,55,42,25,25,40,10,3,6
82296,2026-04-09 22:49:21,3,1,1,attack,coin,coin,gold,1,false,20000000,51494209221720,437482,5,5,400,11,1,0,0,0,0,598,900,48,0,66.4,bonus_as10_gae3_no,100,2575000,,,,,100,53,35,22,23,33,10,2,5,112,56,42,25,25,40,10,3,6
82297,2026-04-09 22:49:21,4,6,2,steal,spins,goldSack,gold,1,false,40000000,51494249221720,437082,5,5,400,11,0,1,0,1,0,598,900,48,0,66.4,bonus_as10_gae3_no,100,2575000,,,,,101,53,36,22,24,33,10,2,5,113,56,43,25,26,40,10,3,6
82298,2026-04-09 22:49:22,30,2,2,accumulation,goldSack,goldSack,gold,1,false,60000000,51494309221720,436682,5,5,400,11,0,0,0,0,1,98,23000,49,0,0.4,bonus_as10_gae3_no,100,2575000,,,,,102,53,36,22,24,34,10,2,5,114,56,43,25,26,41,10,3,6
82299,2026-04-09 22:49:24,1,6,6,coin,spins,spins,gold,1,false,10000000,51494319221720,436282,5,5,400,11,0,0,0,2,0,98,23000,49,0,0.4,bonus_as10_gae3_no,100,2575000,,,,,103,53,36,22,26,34,10,2,5,115,56,43,25,28,41,10,3,6
82300,2026-04-09 22:49:25,3,3,1,attack,attack,coin,gold,1,false,10000000,51494329221720,435882,5,5,400,11,2,0,0,0,0,98,23000,49,0,0.4,bonus_as10_gae3_no,100,2575000,,,,,104,55,36,22,26,34,10,2,5,116,58,43,25,28,41,10,3,6
82301,2026-04-09 22:49:26,3,1,5,attack,coin,shield,gold,1,false,10000000,51494339221720,435482,5,5,400,11,1,0,1,0,0,98,23000,49,0,0.4,bonus_as10_gae3_no,100,2575000,,,,,105,56,36,23,26,34,10,2,5,117,59,43,26,28,41,10,3,6
82302,2026-04-09 22:49:26,3,1,5,attack,coin,shield,gold,1,false,10000000,51494349221720,435082,5,5,400,11,1,0,1,0,0,98,23000,49,0,0.4,bonus_as10_gae3_no,100,2575000,,,,,106,57,36,24,26,34,10,2,5,118,60,43,27,28,41,10,3,6
82303,2026-04-09 22:49:27,30,30,1,accumulation,accumulation,coin,gold,1,false,10000000,51494359221720,434682,5,5,400,11,0,0,0,0,2,898,23000,49,800,3.9,bonus_as10_gae3_no,100,2575000,,,,,107,57,36,24,26,36,10,2,5,119,60,43,27,28,43,10,3,6
82304,2026-04-09 22:49:31,30,30,3,accumulation,accumulation,attack,gold,6,false,0,51494359221720,433182,5,5,1500,11,1,0,0,0,2,3898,23000,49,3000,16.9,bonus_as10_gae3_no,100,2575000,,,,,108,58,36,24,26,38,10,2,5,120,61,43,27,28,45,10,3,6
82305,2026-04-09 22:49:34,1,1,1,coin,coin,coin,gold,1,true,375000000,51494734221720,431682,5,5,1500,11,0,0,0,0,0,3898,23000,49,0,16.9,bonus_as10_gae3_no,100,2575000,,LongExtraDayReduced,,"{""slot_on_"":""8708\/42000@m20""}",109,58,36,24,26,38,10,2,5,121,61,43,27,28,45,10,3,6
82306,2026-04-09 22:49:35,3,3,1,attack,attack,coin,gold,1,false,37500000,51494771721720,430182,5,5,1500,11,2,0,0,0,0,3898,23000,49,0,16.9,bonus_as10_gae3_no,100,2575000,,,,"{""bffc7787"":""9218\/11000@m8""}",110,60,36,24,26,38,10,2,5,122,63,43,27,28,45,10,3,6
82307,2026-04-09 22:49:36,1,1,4,coin,coin,steal,gold,1,false,75000000,51494846721720,428682,5,5,1500,11,0,1,0,0,0,3898,23000,49,0,16.9,bonus_as10_gae3_no,100,2575000,,,,"{""c5261ecd"":""2675\/3800@m69""}",111,60,37,24,26,38,10,2,5,123,63,44,27,28,45,10,3,6
82308,2026-04-09 22:49:39,3,3,3,attack,attack,attack,attack,2,true,0,51494846721720,427182,5,5,1500,11,3,0,0,0,0,3898,23000,49,0,16.9,bonus_as10_gae3_no,100,2575000,,,,,112,63,37,24,26,38,11,2,5,124,66,44,27,28,45,11,3,6
82309,2026-04-09 22:49:43,2,2,2,goldSack,goldSack,goldSack,gold,1,true,3000000000,51536846721720,425682,5,5,1500,11,0,0,0,0,0,3898,23000,49,0,16.9,bonus_as10_gae3_no,100,2575000,,,,"{""e190af25"":""4620\/6500@m13""}",113,63,37,24,26,38,11,2,5,125,66,44,27,28,45,11,3,6
82310,2026-04-09 22:49:44,30,30,1,accumulation,accumulation,coin,gold,1,false,37500000,51536884221720,424182,5,5,1500,11,0,0,0,0,2,6898,23000,49,3000,30.0,bonus_as10_gae3_no,100,2575000,,,,,114,63,37,24,26,40,11,2,5,126,66,44,27,28,47,11,3,6
82311,2026-04-09 22:49:45,3,1,5,attack,coin,shield,gold,1,false,37500000,51536921721720,422682,5,5,1500,11,1,0,1,0,0,6898,23000,49,0,30.0,bonus_as10_gae3_no,100,2575000,,,,,115,64,37,25,26,40,11,2,5,127,67,44,28,28,47,11,3,6
82312,2026-04-09 22:49:45,1,1,4,coin,coin,steal,gold,1,false,75000000,51536996721720,421182,5,5,1500,11,0,1,0,0,0,6898,23000,49,0,30.0,bonus_as10_gae3_no,100,2575000,,,,,116,64,38,25,26,40,11,2,5,128,67,45,28,28,47,11,3,6
82313,2026-04-09 22:49:46,3,3,1,attack,attack,coin,gold,1,false,37500000,51537034221720,419682,5,5,1500,11,2,0,0,0,0,6898,23000,49,0,30.0,bonus_as10_gae3_no,100,2575000,,,,,117,66,38,25,26,40,11,2,5,129,69,45,28,28,47,11,3,6
82314,2026-04-09 22:49:47,30,2,2,accumulation,goldSack,goldSack,gold,1,false,225000000,51537259221720,418182,5,5,1500,11,0,0,0,0,1,8398,23000,49,1500,36.5,bonus_as10_gae3_no,100,2575000,,LongExtraDayReduced,,"{""slot_on_"":""10208\/42000@m20""}",118,66,38,25,26,41,11,2,5,130,69,45,28,28,48,11,3,6
82315,2026-04-09 22:49:48,3,6,2,attack,spins,goldSack,gold,1,false,150000000,51537409221720,416682,5,5,1500,11,1,0,0,1,0,8398,23000,49,0,36.5,bonus_as10_gae3_no,100,2575000,,,,,119,67,38,25,27,41,11,2,5,131,70,45,28,29,48,11,3,6
82316,2026-04-09 22:49:49,3,3,3,attack,attack,attack,attack,2,true,0,51537409221720,415182,5,5,1500,11,3,0,0,0,0,8398,23000,49,0,36.5,bonus_as10_gae3_no,100,2575000,,,,,120,70,38,25,27,41,12,2,5,132,73,45,28,29,48,12,3,6
82317,2026-04-09 22:49:52,30,2,2,accumulation,goldSack,goldSack,gold,1,false,225000000,51550504221720,413682,5,5,1500,11,0,0,0,0,1,9898,23000,49,1500,43.0,bonus_as10_gae3_no,100,2575000,LongExtraDayReduced,,,"{""slot_on_"":""11708\/42000@m20""}",121,70,38,25,27,42,12,2,5,133,73,45,28,29,49,12,3,6
82318,2026-04-09 22:49:53,4,4,4,steal,steal,steal,steal,4,true,0,51550504221720,412182,5,5,1500,11,0,3,0,0,0,9898,23000,49,0,43.0,bonus_as10_gae3_no,100,2575000,,,,"{""e190af25"":""1120\/13000@m14""}",122,70,41,25,27,42,12,3,5,134,73,48,28,29,49,12,4,6
82319,2026-04-09 22:50:10,4,6,2,steal,spins,goldSack,gold,1,false,150000000,52017214221720,410682,5,5,1500,11,0,1,0,1,0,9898,23000,49,0,43.0,bonus_as10_gae3_no,100,2575000,,,,"{""c5261ecd"":""1875\/3800@m70""}",123,70,42,25,28,42,12,3,5,135,73,49,28,30,49,12,4,6
82320,2026-04-09 22:50:13,1,1,1,coin,coin,coin,gold,1,true,375000000,52017589221720,409182,5,5,1500,11,0,0,0,0,0,9898,23000,49,0,43.0,bonus_as10_gae3_no,100,2575000,,,,,124,70,42,25,28,42,12,3,5,136,73,49,28,30,49,12,4,6
82321,2026-04-09 22:50:14,4,6,2,steal,spins,goldSack,gold,1,false,150000000,52017739221720,407682,5,5,1500,11,0,1,0,1,0,9898,23000,49,0,43.0,bonus_as10_gae3_no,100,2575000,,,,,125,70,43,25,29,42,12,3,5,137,73,50,28,31,49,12,4,6
82322,2026-04-09 22:50:15,5,5,5,shield,shield,shield,shield,3,true,1500,52017739221720,407682,5,5,1500,11,0,0,3,0,0,9898,23000,49,0,43.0,bonus_as10_gae3_no,100,2575000,,,,,126,70,43,28,29,42,12,3,6,138,73,50,31,31,49,12,4,7
82323,2026-04-09 22:50:17,1,4,4,coin,steal,steal,gold,1,false,37500000,52017776721720,406182,5,5,1500,11,0,2,0,0,0,9898,23000,49,0,43.0,bonus_as10_gae3_no,100,2575000,,,LongExtraDayReduced,"{""slot_on_"":""13208\/42000@m20""}",127,70,45,28,29,42,12,3,6,139,73,52,31,31,49,12,4,7
82324,2026-04-09 22:50:18,4,6,2,steal,spins,goldSack,gold,1,false,150000000,52017926721720,404682,5,5,1500,11,0,1,0,1,0,9898,23000,49,0,43.0,bonus_as10_gae3_no,100,2575000,,,,"{""e190af25"":""4120\/13000@m14""}",128,70,46,28,30,42,12,3,6,140,73,53,31,32,49,12,4,7
82325,2026-04-09 22:50:19,30,2,2,accumulation,goldSack,goldSack,gold,1,false,225000000,52018151721720,403182,5,5,1500,11,0,0,0,0,1,11398,23000,49,1500,49.6,bonus_as10_gae3_no,100,2575000,,,,,129,70,46,28,30,43,12,3,6,141,73,53,31,32,50,12,4,7
82326,2026-04-09 22:50:20,3,6,2,attack,spins,goldSack,gold,1,false,150000000,52018301721720,401682,5,5,1500,11,1,0,0,1,0,11398,23000,49,0,49.6,bonus_as10_gae3_no,100,2575000,,,,,130,71,46,28,31,43,12,3,6,142,74,53,31,33,50,12,4,7
82327,2026-04-09 22:50:21,30,2,2,accumulation,goldSack,goldSack,gold,1,false,225000000,52018526721720,400182,5,5,1500,11,0,0,0,0,1,12898,23000,49,1500,56.1,bonus_as10_gae3_no,100,2575000,,,LongExtraDayReduced,"{""slot_on_"":""14708\/42000@m20"",""bffc7787"":""10718\/11000@m8""}",131,71,46,28,31,44,12,3,6,143,74,53,31,33,51,12,4,7
82328,2026-04-09 22:50:23,2,2,2,goldSack,goldSack,goldSack,gold,1,true,3000000000,52021526721720,398682,5,5,1500,11,0,0,0,0,0,12898,23000,49,0,56.1,bonus_as10_gae3_no,100,2575000,,LongExtraDayReduced,,"{""slot_on_"":""16208\/42000@m20"",""e190af25"":""7120\/13000@m14""}",132,71,46,28,31,44,12,3,6,144,74,53,31,33,51,12,4,7
82329,2026-04-09 22:50:24,3,1,5,attack,coin,shield,gold,1,false,37500000,52021564221720,397182,5,5,1500,11,1,0,1,0,0,12898,23000,49,0,56.1,bonus_as10_gae3_no,100,2575000,,,LongExtraDayReduced,"{""slot_on_"":""17708\/42000@m20""}",133,72,46,29,31,44,12,3,6,145,75,53,32,33,51,12,4,7
82330,2026-04-09 22:50:25,3,3,1,attack,attack,coin,gold,1,false,37500000,52021601721720,395682,5,5,1500,11,2,0,0,0,0,12898,23000,49,0,56.1,bonus_as10_gae3_no,100,2575000,,,LongExtraDayReduced,"{""slot_on_"":""19208\/42000@m20""}",134,74,46,29,31,44,12,3,6,146,77,53,32,33,51,12,4,7
82331,2026-04-09 22:50:26,2,2,2,goldSack,goldSack,goldSack,gold,1,true,3000000000,52024601721720,394182,5,5,1500,11,0,0,0,0,0,12898,23000,49,0,56.1,bonus_as10_gae3_no,100,2575000,,,,,135,74,46,29,31,44,12,3,6,147,77,53,32,33,51,12,4,7
82332,2026-04-09 22:50:27,1,4,4,coin,steal,steal,gold,1,false,37500000,52024639221720,392682,5,5,1500,11,0,2,0,0,0,12898,23000,49,0,56.1,bonus_as10_gae3_no,100,2575000,,,,,136,74,48,29,31,44,12,3,6,148,77,55,32,33,51,12,4,7
82333,2026-04-09 22:50:28,3,6,2,attack,spins,goldSack,gold,1,false,150000000,52024789221720,391182,5,5,1500,11,1,0,0,1,0,12898,23000,49,0,56.1,bonus_as10_gae3_no,100,2575000,,,,,137,75,48,29,32,44,12,3,6,149,78,55,32,34,51,12,4,7
82334,2026-04-09 22:50:29,3,5,2,attack,shield,goldSack,gold,1,false,150000000,52024939221720,389682,5,5,1500,11,1,0,1,0,0,12898,23000,49,0,56.1,bonus_as10_gae3_no,100,2575000,,,,,138,76,48,30,32,44,12,3,6,150,79,55,33,34,51,12,4,7
82335,2026-04-09 22:50:30,4,6,2,steal,spins,goldSack,gold,1,false,150000000,52025089221720,388182,5,5,1500,11,0,1,0,1,0,12898,23000,49,0,56.1,bonus_as10_gae3_no,100,2575000,,,,,139,76,49,30,33,44,12,3,6,151,79,56,33,35,51,12,4,7
82336,2026-04-09 22:50:31,5,5,5,shield,shield,shield,shield,3,true,1500,52025089221720,388182,5,5,1500,11,0,0,3,0,0,12898,23000,49,0,56.1,bonus_as10_gae3_no,100,2575000,LongExtraDayReduced,,LongExtraDayReduced,"{""slot_on_"":""22208\/42000@m20""}",140,76,49,33,33,44,12,3,7,152,79,56,36,35,51,12,4,8
82337,2026-04-09 22:50:35,30,2,2,accumulation,goldSack,goldSack,gold,1,false,150000,52025089371720,388181,5,5,1,11,0,0,0,0,1,12899,23000,49,1,56.1,bonus_as10_gae3_no,100,2575000,,,,,141,76,49,33,33,45,12,3,7,153,79,56,36,35,52,12,4,8
82338,2026-04-09 22:50:36,3,3,3,attack,attack,attack,attack,2,true,0,52025089371720,388180,5,5,1,11,3,0,0,0,0,12899,23000,49,0,56.1,bonus_as10_gae3_no,100,2575000,LongExtraDayReduced,LongExtraDayReduced,,"{""slot_on_"":""22210\/42000@m20""}",142,79,49,33,33,45,13,3,7,154,82,56,36,35,52,13,4,8
82339,2026-04-09 22:50:40,4,6,2,steal,spins,goldSack,gold,1,false,100000,52025115471720,388179,5,5,1,11,0,1,0,1,0,12899,23000,49,0,56.1,bonus_as10_gae3_no,100,2575000,,,,"{""c5261ecd"":""1877\/3800@m70""}",143,79,50,33,34,45,13,3,7,155,82,57,36,36,52,13,4,8
82340,2026-04-09 22:50:41,1,1,4,coin,coin,steal,gold,1,false,50000,52025115521720,388178,5,5,1,11,0,1,0,0,0,12899,23000,49,0,56.1,bonus_as10_gae3_no,100,2575000,,,,,144,79,51,33,34,45,13,3,7,156,82,58,36,36,52,13,4,8
82341,2026-04-09 22:50:42,1,1,4,coin,coin,steal,gold,1,false,50000,52025115571720,388177,5,5,1,11,0,1,0,0,0,12899,23000,49,0,56.1,bonus_as10_gae3_no,100,2575000,,LongExtraDayReduced,,"{""slot_on_"":""22211\/42000@m20""}",145,79,52,33,34,45,13,3,7,157,82,59,36,36,52,13,4,8
82342,2026-04-09 22:50:43,6,6,6,spins,spins,spins,spins,5,true,10,52025115571720,388186,5,5,1,11,0,0,0,3,0,12899,23000,49,0,56.1,bonus_as10_gae3_no,100,2575000,,LongExtraDayReduced,,"{""slot_on_"":""22212\/42000@m20""}",146,79,52,33,37,45,13,3,7,158,82,59,36,39,52,13,4,8
82343,2026-04-09 22:50:50,30,2,2,accumulation,goldSack,goldSack,gold,1,false,150000,52025115721720,388185,5,5,1,11,0,0,0,0,1,12900,23000,49,1,56.1,bonus_as10_gae3_no,100,2575000,,,,"{""e190af25"":""7122\/13000@m14"",""bffc7787"":""10719\/11000@m8""}",147,79,52,33,37,46,13,3,7,1,0,0,0,0,1,0,0,0
82344,2026-04-09 22:50:52,3,6,2,attack,spins,goldSack,gold,1,false,100000,52025115821720,388184,5,5,1,11,1,0,0,1,0,12900,23000,49,0,56.1,bonus_as10_gae3_no,100,2575000,,,,,148,80,52,33,38,46,13,3,7,2,1,0,0,1,1,0,0,0
82345,2026-04-09 22:50:57,1,6,6,coin,spins,spins,gold,1,false,25000,52025115846720,388183,5,5,1,11,0,0,0,2,0,12900,23000,49,0,56.1,bonus_as10_gae3_no,100,2575000,,,,,149,80,52,33,40,46,13,3,7,3,1,0,0,3,1,0,0,0
82346,2026-04-09 22:51:01,30,30,2,accumulation,accumulation,goldSack,gold,1,false,40000000,52025155846720,387783,5,5,400,11,0,0,0,0,2,13700,23000,49,800,59.6,bonus_as10_gae3_no,100,2575000,,,,,150,80,52,33,40,48,13,3,7,4,1,0,0,3,3,0,0,0
82347,2026-04-09 22:51:02,1,1,1,coin,coin,coin,gold,1,true,100000000,52025255846720,387383,5,5,400,11,0,0,0,0,0,13700,23000,49,0,59.6,bonus_as10_gae3_no,100,2575000,,,,,151,80,52,33,40,48,13,3,7,5,1,0,0,3,3,0,0,0
82348,2026-04-09 22:51:03,3,3,3,attack,attack,attack,attack,2,true,0,52025255846720,386983,5,5,400,11,3,0,0,0,0,13700,23000,49,0,59.6,bonus_as10_gae3_no,100,2575000,,,,,152,83,52,33,40,48,14,3,7,6,4,0,0,3,3,1,0,0
82349,2026-04-09 22:51:07,3,6,2,attack,spins,goldSack,gold,1,false,40000000,52028727846720,386583,5,5,400,11,1,0,0,1,0,13700,23000,49,0,59.6,bonus_as10_gae3_no,100,2575000,,,,,153,84,52,33,41,48,14,3,7,7,5,0,0,4,3,1,0,0
82350,2026-04-09 22:51:08,30,30,2,accumulation,accumulation,goldSack,gold,1,false,40000000,52028767846720,386183,5,5,400,11,0,0,0,0,2,14500,23000,49,800,63.0,bonus_as10_gae3_no,100,2575000,,,,,154,84,52,33,41,50,14,3,7,8,5,0,0,4,5,1,0,0
82351,2026-04-09 22:51:09,30,2,2,accumulation,goldSack,goldSack,gold,1,false,60000000,52028827846720,385783,5,5,400,11,0,0,0,0,1,14900,23000,49,400,64.8,bonus_as10_gae3_no,100,2575000,,,,,155,84,52,33,41,51,14,3,7,9,5,0,0,4,6,1,0,0
82352,2026-04-09 22:51:10,1,1,1,coin,coin,coin,gold,1,true,100000000,52028927846720,385383,5,5,400,11,0,0,0,0,0,14900,23000,49,0,64.8,bonus_as10_gae3_no,100,2575000,,,LongExtraDayReduced,"{""slot_on_"":""22612\/42000@m20""}",156,84,52,33,41,51,14,3,7,10,5,0,0,4,6,1,0,0
82353,2026-04-09 22:51:11,1,4,6,coin,steal,spins,gold,1,false,10000000,52028937846720,384983,5,5,400,11,0,1,0,1,0,14900,23000,49,0,64.8,bonus_as10_gae3_no,100,2575000,,,,"{""bffc7787"":""119\/38000@m9""}",157,84,53,33,42,51,14,3,7,11,5,1,0,5,6,1,0,0
82354,2026-04-09 22:51:13,1,5,5,coin,shield,shield,gold,1,false,10000000,52028947846720,384583,5,5,400,11,0,0,2,0,0,14900,23000,49,0,64.8,bonus_as10_gae3_no,100,2575000,,,LongExtraDayReduced,"{""slot_on_"":""23012\/42000@m20"",""c5261ecd"":""2677\/3800@m70""}",158,84,53,35,42,51,14,3,7,12,5,1,2,5,6,1,0,0
82355,2026-04-09 22:51:14,1,1,1,coin,coin,coin,gold,1,true,100000000,52029047846720,384183,5,5,400,11,0,0,0,0,0,14900,23000,49,0,64.8,bonus_as10_gae3_no,100,2575000,,,,"{""e190af25"":""7922\/13000@m14""}",159,84,53,35,42,51,14,3,7,13,5,1,2,5,6,1,0,0
82356,2026-04-09 22:51:15,3,6,2,attack,spins,goldSack,gold,1,false,40000000,52029087846720,383783,5,5,400,11,1,0,0,1,0,14900,23000,49,0,64.8,bonus_as10_gae3_no,100,2575000,,,,,160,85,53,35,43,51,14,3,7,14,6,1,2,6,6,1,0,0
82357,2026-04-09 22:51:16,3,3,3,attack,attack,attack,attack,2,true,0,52029087846720,383383,5,5,400,11,3,0,0,0,0,14900,23000,49,0,64.8,bonus_as10_gae3_no,100,2575000,LongExtraDayReduced,LongExtraDayReduced,LongExtraDayReduced,"{""slot_on_"":""25012\/42000@m20""}",161,88,53,35,43,51,15,3,7,15,9,1,2,6,6,2,0,0
82358,2026-04-09 22:52:11,3,1,5,attack,coin,shield,gold,1,false,10000000,52032529846720,382983,5,5,400,11,1,0,1,0,0,14900,23000,49,0,64.8,bonus_as10_gae3_no,100,2575000,,,,,162,89,53,36,43,51,15,3,7,16,10,1,3,6,6,2,0,0
82359,2026-04-09 22:52:12,2,2,2,goldSack,goldSack,goldSack,gold,1,true,800000000,52033329846720,382583,5,5,400,11,0,0,0,0,0,14900,23000,49,0,64.8,bonus_as10_gae3_no,100,2575000,,,,,163,89,53,36,43,51,15,3,7,17,10,1,3,6,6,2,0,0
82360,2026-04-09 22:52:12,2,2,2,goldSack,goldSack,goldSack,gold,1,true,800000000,52034129846720,382183,5,5,400,11,0,0,0,0,0,14900,23000,49,0,64.8,bonus_as10_gae3_no,100,2575000,LongExtraDayReduced,,,"{""slot_on_"":""25412\/42000@m20""}",164,89,53,36,43,51,15,3,7,18,10,1,3,6,6,2,0,0
82361,2026-04-09 22:52:13,3,3,1,attack,attack,coin,gold,1,false,10000000,52034139846720,381783,5,5,400,11,2,0,0,0,0,14900,23000,49,0,64.8,bonus_as10_gae3_no,100,2575000,,,,,165,91,53,36,43,51,15,3,7,19,12,1,3,6,6,2,0,0
82362,2026-04-09 22:52:14,2,2,2,goldSack,goldSack,goldSack,gold,1,true,800000000,52034939846720,381383,5,5,400,11,0,0,0,0,0,14900,23000,49,0,64.8,bonus_as10_gae3_no,100,2575000,,,,"{""bffc7787"":""519\/38000@m9""}",166,91,53,36,43,51,15,3,7,20,12,1,3,6,6,2,0,0
82363,2026-04-09 22:52:15,30,2,2,accumulation,goldSack,goldSack,gold,1,false,60000000,52034999846720,380983,5,5,400,11,0,0,0,0,1,15300,23000,49,400,66.5,bonus_as10_gae3_no,100,2575000,,,,,167,91,53,36,43,52,15,3,7,21,12,1,3,6,7,2,0,0
82364,2026-04-09 22:52:16,4,4,4,steal,steal,steal,steal,4,true,0,52034999846720,380583,5,5,400,11,0,3,0,0,0,15300,23000,49,0,66.5,bonus_as10_gae3_no,100,2575000,,LongExtraDayReduced,,"{""slot_on_"":""25812\/42000@m20""}",168,91,56,36,43,52,15,4,7,22,12,4,3,6,7,2,1,0
82365,2026-04-09 22:52:23,3,1,6,attack,coin,spins,gold,1,false,10000000,52203114006720,380183,5,5,400,11,1,0,0,1,0,15300,23000,49,0,66.5,bonus_as10_gae3_no,100,2575000,,,,,169,92,56,36,44,52,15,4,7,23,13,4,3,7,7,2,1,0
82366,2026-04-09 22:52:24,30,2,2,accumulation,goldSack,goldSack,gold,1,false,60000000,52203174006720,379783,5,5,400,11,0,0,0,0,1,15700,23000,49,400,68.3,bonus_as10_gae3_no,100,2575000,,,LongExtraDayReduced,"{""slot_on_"":""26212\/42000@m20""}",170,92,56,36,44,53,15,4,7,24,13,4,3,7,8,2,1,0
82367,2026-04-09 22:52:25,3,3,1,attack,attack,coin,gold,1,false,10000000,52203184006720,379383,5,5,400,11,2,0,0,0,0,15700,23000,49,0,68.3,bonus_as10_gae3_no,100,2575000,,,,,171,94,56,36,44,53,15,4,7,25,15,4,3,7,8,2,1,0
82368,2026-04-09 22:52:26,2,2,2,goldSack,goldSack,goldSack,gold,1,true,800000000,52203984006720,378983,5,5,400,11,0,0,0,0,0,15700,23000,49,0,68.3,bonus_as10_gae3_no,100,2575000,,,,,172,94,56,36,44,53,15,4,7,26,15,4,3,7,8,2,1,0
82369,2026-04-09 22:52:27,3,6,2,attack,spins,goldSack,gold,1,false,40000000,52204024006720,378583,5,5,400,11,1,0,0,1,0,15700,23000,49,0,68.3,bonus_as10_gae3_no,100,2575000,LongExtraDayReduced,,,"{""slot_on_"":""26612\/42000@m20""}",173,95,56,36,45,53,15,4,7,27,16,4,3,8,8,2,1,0
82370,2026-04-09 22:52:27,30,2,2,accumulation,goldSack,goldSack,gold,1,false,60000000,52204084006720,378183,5,5,400,11,0,0,0,0,1,16100,23000,49,400,70.0,bonus_as10_gae3_no,100,2575000,,,,,174,95,56,36,45,54,15,4,7,28,16,4,3,8,9,2,1,0
82371,2026-04-09 22:52:29,5,5,5,shield,shield,shield,shield,3,true,400,52204084006720,378183,5,5,400,11,0,0,3,0,0,16100,23000,49,0,70.0,bonus_as10_gae3_no,100,2575000,,,,,175,95,56,39,45,54,15,4,8,29,16,4,6,8,9,2,1,1
82372,2026-04-09 22:52:29,30,2,2,accumulation,goldSack,goldSack,gold,1,false,60000000,52204144006720,377783,5,5,400,11,0,0,0,0,1,16500,23000,49,400,71.7,bonus_as10_gae3_no,100,2575000,,,,,176,95,56,39,45,55,15,4,8,30,16,4,6,8,10,2,1,1
82373,2026-04-09 22:52:31,30,30,2,accumulation,accumulation,goldSack,gold,1,false,40000000,52204184006720,377383,5,5,400,11,0,0,0,0,2,17300,23000,49,800,75.2,bonus_as10_gae3_no,100,2575000,,,,"{""bffc7787"":""919\/38000@m9""}",177,95,56,39,45,57,15,4,8,31,16,4,6,8,12,2,1,1
82374,2026-04-09 22:52:32,1,1,4,coin,coin,steal,gold,1,false,20000000,52204204006720,376983,5,5,400,11,0,1,0,0,0,17300,23000,49,0,75.2,bonus_as10_gae3_no,100,2575000,,,,,178,95,57,39,45,57,15,4,8,32,16,5,6,8,12,2,1,1
82375,2026-04-09 22:52:34,3,6,2,attack,spins,goldSack,gold,1,false,40000000,52204244006720,376583,5,5,400,11,1,0,0,1,0,17300,23000,49,0,75.2,bonus_as10_gae3_no,100,2575000,,,,,179,96,57,39,46,57,15,4,8,33,17,5,6,9,12,2,1,1
82376,2026-04-09 22:52:35,3,3,3,attack,attack,attack,attack,2,true,0,52204244006720,376183,5,5,400,11,3,0,0,0,0,17300,23000,49,0,75.2,bonus_as10_gae3_no,100,2575000,,,,"{""e190af25"":""8722\/13000@m14""}",180,99,57,39,46,57,16,4,8,34,20,5,6,9,12,3,1,1
82377,2026-04-09 22:52:40,30,30,2,accumulation,accumulation,goldSack,gold,1,false,40000000,52207716006720,375783,5,5,400,11,0,0,0,0,2,18100,23000,49,800,78.7,bonus_as10_gae3_no,100,2575000,,LongExtraDayReduced,LongExtraDayReduced,"{""slot_on_"":""27412\/42000@m20""}",181,99,57,39,46,59,16,4,8,35,20,5,6,9,14,3,1,1
82378,2026-04-09 22:52:41,3,6,2,attack,spins,goldSack,gold,1,false,40000000,52207756006720,375383,5,5,400,11,1,0,0,1,0,18100,23000,49,0,78.7,bonus_as10_gae3_no,100,2575000,,,,,182,100,57,39,47,59,16,4,8,36,21,5,6,10,14,3,1,1
82379,2026-04-09 22:52:42,3,6,2,attack,spins,goldSack,gold,1,false,40000000,52207796006720,374983,5,5,400,11,1,0,0,1,0,18100,23000,49,0,78.7,bonus_as10_gae3_no,100,2575000,,,,"{""c5261ecd"":""3477\/3800@m70""}",183,101,57,39,48,59,16,4,8,37,22,5,6,11,14,3,1,1
82380,2026-04-09 22:52:45,4,6,2,steal,spins,goldSack,gold,1,false,150000000,52207946006720,373483,5,5,1500,11,0,1,0,1,0,18100,23000,49,0,78.7,bonus_as10_gae3_no,100,2575000,,LongExtraDayReduced,,"{""slot_on_"":""28912\/42000@m20"",""bffc7787"":""2419\/38000@m9""}",184,101,58,39,49,59,16,4,8,38,22,6,6,12,14,3,1,1
82381,2026-04-09 22:52:46,3,3,1,attack,attack,coin,gold,1,false,37500000,52207983506720,371983,5,5,1500,11,2,0,0,0,0,18100,23000,49,0,78.7,bonus_as10_gae3_no,100,2575000,,,,,185,103,58,39,49,59,16,4,8,39,24,6,6,12,14,3,1,1
82382,2026-04-09 22:52:47,30,2,2,accumulation,goldSack,goldSack,gold,1,false,225000000,52208208506720,370483,5,5,1500,11,0,0,0,0,1,19600,23000,49,1500,85.2,bonus_as10_gae3_no,100,2575000,,LongExtraDayReduced,,"{""slot_on_"":""30412\/42000@m20""}",186,103,58,39,49,60,16,4,8,40,24,6,6,12,15,3,1,1
82383,2026-04-09 22:52:49,1,4,4,coin,steal,steal,gold,1,false,37500000,52208246006720,368983,5,5,1500,11,0,2,0,0,0,19600,23000,49,0,85.2,bonus_as10_gae3_no,100,2575000,,,,,187,103,60,39,49,60,16,4,8,41,24,8,6,12,15,3,1,1
82384,2026-04-09 22:52:50,5,5,5,shield,shield,shield,shield,3,true,1500,52208246006720,368983,5,5,1500,11,0,0,3,0,0,19600,23000,49,0,85.2,bonus_as10_gae3_no,100,2575000,,,,,188,103,60,42,49,60,16,4,9,42,24,8,9,12,15,3,1,2
82385,2026-04-09 22:52:52,30,30,1,accumulation,accumulation,coin,gold,1,false,37500000,52208283506720,367483,5,5,1500,11,0,0,0,0,2,22600,23000,49,3000,98.3,bonus_as10_gae3_no,100,2575000,,,,,189,103,60,42,49,62,16,4,9,43,24,8,9,12,17,3,1,2
82386,2026-04-09 22:52:54,3,3,3,attack,attack,attack,attack,2,true,0,52208283506720,365983,5,5,1500,11,3,0,0,0,0,22600,23000,49,0,98.3,bonus_as10_gae3_no,100,2575000,,,,,190,106,60,42,49,62,17,4,9,44,27,8,9,12,17,4,1,2
82387,2026-04-09 22:53:02,1,4,6,coin,steal,spins,gold,1,false,375000,52221153881720,365968,5,5,15,11,0,1,0,1,0,22600,23000,49,0,98.3,bonus_as10_gae3_no,100,2575000,,,,,191,106,61,42,50,62,17,4,9,45,27,9,9,13,17,4,1,2
82388,2026-04-09 22:53:03,2,2,2,goldSack,goldSack,goldSack,gold,1,true,30000000,52221183881720,365953,5,5,15,11,0,0,0,0,0,22600,23000,49,0,98.3,bonus_as10_gae3_no,100,2575000,,,,,192,106,61,42,50,62,17,4,9,46,27,9,9,13,17,4,1,2
82389,2026-04-09 22:53:05,30,2,2,accumulation,goldSack,goldSack,gold,1,false,60000000,52221243881720,365553,5,5,400,11,0,0,0,0,1,0,1800,50,0,0.0,,100,2575000,,LongExtraDayReduced,,"{""slot_on_"":""30812\/42000@m20""}",193,106,61,42,50,63,17,4,9,47,27,9,9,13,18,4,1,2
82390,2026-04-09 22:53:09,3,3,2,attack,attack,goldSack,gold,1,false,40000000,52281283881720,374153,5,5,400,11,2,0,0,0,0,0,1800,50,0,0.0,,100,2575000,,,,,194,108,61,42,50,63,17,4,9,48,29,9,9,13,18,4,1,2
82391,2026-04-09 22:53:10,3,3,2,attack,attack,goldSack,gold,1,false,40000000,52281323881720,373753,5,5,400,11,2,0,0,0,0,0,1800,50,0,0.0,,100,2575000,,,,,195,110,61,42,50,63,17,4,9,49,31,9,9,13,18,4,1,2
82392,2026-04-09 22:53:11,3,3,3,attack,attack,attack,attack,2,true,0,52281323881720,373353,5,5,400,11,3,0,0,0,0,0,1800,50,0,0.0,,100,2575000,,,,"{""e190af25"":""9522\/13000@m14"",""c5261ecd"":""477\/4200@m71""}",196,113,61,42,50,63,18,4,9,50,34,9,9,13,18,5,1,2
82393,2026-04-09 22:53:17,3,4,2,attack,steal,goldSack,gold,1,false,40000000,52291763881720,372953,5,5,400,11,1,1,0,0,0,0,1800,50,0,0.0,,100,2575000,,,,,197,114,62,42,50,63,18,4,9,51,35,10,9,13,18,5,1,2
82394,2026-04-09 22:53:18,3,1,5,attack,coin,shield,gold,1,false,10000000,52291773881720,372553,5,5,400,11,1,0,1,0,0,0,1800,50,0,0.0,,100,2575000,,LongExtraDayReduced,,"{""slot_on_"":""31212\/42000@m20"",""bffc7787"":""2819\/38000@m9""}",198,115,62,43,50,63,18,4,9,52,36,10,10,13,18,5,1,2
82395,2026-04-09 22:53:19,4,4,4,steal,steal,steal,steal,4,true,0,52291773881720,371053,5,5,1500,11,0,3,0,0,0,0,1800,50,0,0.0,,100,2575000,LongExtraDayReduced,,LongExtraDayReduced,"{""slot_on_"":""34212\/42000@m20""}",199,115,65,43,50,63,18,5,9,53,36,13,10,13,18,5,2,2
82396,2026-04-09 22:53:33,30,30,1,accumulation,accumulation,coin,gold,1,false,10000000,53232898581720,370653,5,5,400,11,0,0,0,0,2,800,1800,50,800,44.4,,100,2575000,LongExtraDayReduced,,,"{""slot_on_"":""34612\/42000@m20""}",200,115,65,43,50,65,18,5,9,54,36,13,10,13,20,5,2,2
82397,2026-04-09 22:53:34,1,1,1,coin,coin,coin,gold,1,true,100000000,53232998581720,370253,5,5,400,11,0,0,0,0,0,800,1800,50,0,44.4,,100,2575000,,,,,201,115,65,43,50,65,18,5,9,55,36,13,10,13,20,5,2,2
82398,2026-04-09 22:59:37,3,3,3,attack,attack,attack,attack,2,true,0,42936236308190,391588,5,5,400,11,3,0,0,0,0,800,1800,50,0,44.4,,100,2575000,,,,,202,118,65,43,50,65,19,5,9,56,39,13,10,13,20,6,2,2
82399,2026-04-09 22:59:40,1,4,6,coin,steal,spins,gold,1,false,10000000,42939942308190,391188,5,5,400,11,0,1,0,1,0,800,1800,50,0,44.4,,100,2575000,,,,,203,118,66,43,51,65,19,5,9,57,39,14,10,14,20,6,2,2
82400,2026-04-09 22:59:41,4,4,4,steal,steal,steal,steal,4,true,0,42939942308190,390788,5,5,400,11,0,3,0,0,0,800,1800,50,0,44.4,,100,2575000,,,,,204,118,69,43,51,65,19,6,9,58,39,17,10,14,20,6,3,2
82401,2026-04-09 22:59:49,3,3,2,attack,attack,goldSack,gold,1,false,40000000,43103932788190,390388,5,5,400,11,2,0,0,0,0,800,1800,50,0,44.4,,100,2575000,,,,,205,120,69,43,51,65,19,6,9,59,41,17,10,14,20,6,3,2
82402,2026-04-09 22:59:55,30,2,2,accumulation,goldSack,goldSack,gold,1,false,60000000,43103992788190,389988,5,5,400,11,0,0,0,0,1,1200,1800,50,400,66.7,,100,2575000,,,,,206,120,69,43,51,66,19,6,9,60,41,17,10,14,21,6,3,2
82403,2026-04-09 22:59:57,1,6,6,coin,spins,spins,gold,1,false,10000000,43104002788190,389588,5,5,400,11,0,0,0,2,0,1200,1800,50,0,66.7,,100,2575000,,,,,207,120,69,43,53,66,19,6,9,61,41,17,10,16,21,6,3,2
82404,2026-04-09 22:59:57,4,4,4,steal,steal,steal,steal,4,true,0,43104002788190,389188,5,5,400,11,0,3,0,0,0,1200,1800,50,0,66.7,,100,2575000,,,,,208,120,72,43,53,66,19,7,9,62,41,20,10,16,21,6,4,2
82405,2026-04-09 23:00:05,3,3,2,attack,attack,goldSack,gold,1,false,40000000,43186898228190,388788,5,5,400,11,2,0,0,0,0,1200,1800,50,0,66.7,,100,2575000,,,LongExtraDayReduced,"{""slot_on_"":""35012\/42000@m20""}",209,122,72,43,53,66,19,7,9,63,43,20,10,16,21,6,4,2
82406,2026-04-09 23:00:06,3,3,3,attack,attack,attack,attack,2,true,0,43186898228190,388388,5,5,400,11,3,0,0,0,0,1200,1800,50,0,66.7,,100,2575000,,,,,210,125,72,43,53,66,20,7,9,64,46,20,10,16,21,7,4,2
82407,2026-04-09 23:00:12,3,3,2,attack,attack,goldSack,gold,1,false,40000000,43190634228190,387988,5,5,400,11,2,0,0,0,0,1200,1800,50,0,66.7,,100,2575000,,,,"{""e190af25"":""10322\/13000@m14"",""c5261ecd"":""1277\/4200@m71""}",211,127,72,43,53,66,20,7,9,65,48,20,10,16,21,7,4,2
82408,2026-04-09 23:00:13,2,2,2,goldSack,goldSack,goldSack,gold,1,true,880000000,43191514228190,387588,5,5,400,11,0,0,0,0,0,1200,1800,50,0,66.7,,100,2575000,,,,,212,127,72,43,53,66,20,7,9,66,48,20,10,16,21,7,4,2
82409,2026-04-09 23:00:14,3,1,1,attack,coin,coin,gold,1,false,20000000,43191534228190,387188,5,5,400,11,1,0,0,0,0,1200,1800,50,0,66.7,,100,2575000,,LongExtraDayReduced,,"{""slot_on_"":""35412\/42000@m20""}",213,128,72,43,53,66,20,7,9,67,49,20,10,16,21,7,4,2
82410,2026-04-09 23:00:15,1,1,6,coin,coin,spins,gold,1,false,20000000,43191554228190,386788,5,5,400,11,0,0,0,1,0,1200,1800,50,0,66.7,,100,2575000,LongExtraDayReduced,,,"{""slot_on_"":""35812\/42000@m20""}",214,128,72,43,54,66,20,7,9,68,49,20,10,17,21,7,4,2
82411,2026-04-09 23:00:16,30,2,2,accumulation,goldSack,goldSack,gold,1,false,60000000,43191614228190,386388,5,5,400,11,0,0,0,0,1,1600,1800,50,400,88.9,,100,2575000,,,,,215,128,72,43,54,67,20,7,9,69,49,20,10,17,22,7,4,2
82412,2026-04-09 23:00:18,30,30,1,accumulation,accumulation,coin,gold,1,false,10000000,43191624228190,385988,5,5,400,11,0,0,0,0,2,600,5400,51,0,11.1,,100,2575000,,,,,216,128,72,43,54,69,20,7,9,70,49,20,10,17,24,7,4,2
82413,2026-04-09 23:00:20,3,4,2,attack,steal,goldSack,gold,1,false,40000000,43191664228190,385588,5,5,400,11,1,1,0,0,0,600,5400,51,0,11.1,,100,2575000,,,,"{""bffc7787"":""3219\/38000@m9""}",217,129,73,43,54,69,20,7,9,71,50,21,10,17,24,7,4,2
82414,2026-04-09 23:00:21,3,4,2,attack,steal,goldSack,gold,1,false,40000000,43191704228190,385188,5,5,400,11,1,1,0,0,0,600,5400,51,0,11.1,,100,2575000,,,,,218,130,74,43,54,69,20,7,9,72,51,22,10,17,24,7,4,2
82415,2026-04-09 23:00:23,3,6,2,attack,spins,goldSack,gold,1,false,150000000,43191854228190,383688,5,5,1500,11,1,0,0,1,0,600,5400,51,0,11.1,,100,2575000,,,,,219,131,74,43,55,69,20,7,9,73,52,22,10,18,24,7,4,2
82416,2026-04-09 23:00:24,5,5,5,shield,shield,shield,shield,3,true,1500,43191854228190,383688,5,5,1500,11,0,0,3,0,0,600,5400,51,0,11.1,,100,2575000,,,,,220,131,74,46,55,69,20,7,10,74,52,22,13,18,24,7,4,3
82417,2026-04-09 23:00:26,2,2,2,goldSack,goldSack,goldSack,gold,1,true,3300000000,43195154228190,382188,5,5,1500,11,0,0,0,0,0,600,5400,51,0,11.1,,100,2575000,LongExtraDayReduced,,,"{""slot_on_"":""37312\/42000@m20""}",221,131,74,46,55,69,20,7,10,75,52,22,13,18,24,7,4,3
82418,2026-04-09 23:00:28,4,6,2,steal,spins,goldSack,gold,1,false,150000000,43195304228190,380688,5,5,1500,11,0,1,0,1,0,600,5400,51,0,11.1,,100,2575000,,LongExtraDayReduced,,"{""slot_on_"":""38812\/42000@m20""}",222,131,75,46,56,69,20,7,10,76,52,23,13,19,24,7,4,3
82419,2026-04-09 23:00:29,3,3,3,attack,attack,attack,attack,2,true,0,43195304228190,379188,5,5,1500,11,3,0,0,0,0,600,5400,51,0,11.1,,100,2575000,,,,"{""e190af25"":""322\/7500@m15""}",223,134,75,46,56,69,21,7,10,77,55,23,13,19,24,8,4,3
82420,2026-04-09 23:00:40,30,30,1,accumulation,accumulation,coin,gold,1,false,37500000,43238591728190,414388,5,5,1500,11,0,0,0,0,2,3600,5400,51,3000,66.7,,100,2575000,,,,"{""c5261ecd"":""77\/4200@m72""}",224,134,75,46,56,71,21,7,10,78,55,23,13,19,26,8,4,3
82421,2026-04-09 23:00:43,4,4,4,steal,steal,steal,steal,4,true,0,43238591728190,412888,5,5,1500,11,0,3,0,0,0,3600,5400,51,0,66.7,,100,2575000,,,,,225,134,78,46,56,71,21,8,10,79,55,26,13,19,26,8,5,3
82422,2026-04-09 23:01:11,3,4,2,attack,steal,goldSack,gold,1,false,150000000,43659435478190,411388,5,5,1500,11,1,1,0,0,0,3600,5400,51,0,66.7,,100,2575000,,,,,226,135,79,46,56,71,21,8,10,80,56,27,13,19,26,8,5,3
82423,2026-04-09 23:01:12,4,6,2,steal,spins,goldSack,gold,1,false,150000000,43659585478190,409888,5,5,1500,11,0,1,0,1,0,3600,5400,51,0,66.7,,100,2575000,,LongExtraDayReduced,,"{""slot_on_"":""40312\/42000@m20""}",227,135,80,46,57,71,21,8,10,81,56,28,13,20,26,8,5,3
82424,2026-04-09 23:01:13,30,30,1,accumulation,accumulation,coin,gold,1,false,37500000,43659622978190,408388,5,5,1500,11,0,0,0,0,2,1200,300000,52,0,0.4,,100,2575000,,,,,228,135,80,46,57,73,21,8,10,82,56,28,13,20,28,8,5,3
82425,2026-04-09 23:01:21,6,6,6,spins,spins,spins,spins,5,true,15000,43659822978190,423388,5,5,1500,11,0,0,0,3,0,1200,300000,52,0,0.4,,100,2575000,LongExtraDayReduced,LongExtraDayReduced,,"{""slot_on_"":""1312\/47000@m21""}",229,135,80,46,60,73,21,8,10,83,56,28,13,23,28,8,5,3
82426,2026-04-09 23:01:26,30,2,2,accumulation,goldSack,goldSack,gold,1,false,225000000,43660047978190,421888,5,5,1500,11,0,0,0,0,1,2700,300000,52,1500,0.9,bonus_as10_gae3_no,100,2575000,,,,,230,135,80,46,60,74,21,8,10,1,0,0,0,0,1,0,0,0
82427,2026-04-09 23:01:28,5,5,5,shield,shield,shield,shield,3,true,1500,43660047978190,421888,5,5,1500,11,0,0,3,0,0,2700,300000,52,0,0.9,bonus_as10_gae3_no,100,2575000,LongExtraDayReduced,LongExtraDayReduced,,"{""slot_on_"":""4312\/47000@m21""}",231,135,80,49,60,74,21,8,11,2,0,0,3,0,1,0,0,1
82428,2026-04-09 23:01:32,1,1,1,coin,coin,coin,gold,1,true,250000,43660048228190,421887,5,5,1,11,0,0,0,0,0,2700,300000,52,0,0.9,bonus_as10_gae3_no,100,2575000,,,,"{""bffc7787"":""3220\/38000@m9""}",232,135,80,49,60,74,21,8,11,3,0,0,3,0,1,0,0,1
82429,2026-04-09 23:01:33,3,3,1,attack,attack,coin,gold,1,false,25000,43660048253190,421886,5,5,1,11,2,0,0,0,0,2700,300000,52,0,0.9,bonus_as10_gae3_no,100,2575000,,,,,233,137,80,49,60,74,21,8,11,4,2,0,3,0,1,0,0,1
82430,2026-04-09 23:01:34,1,1,1,coin,coin,coin,gold,1,true,250000,43660048503190,421885,5,5,1,11,0,0,0,0,0,2700,300000,52,0,0.9,bonus_as10_gae3_no,100,2575000,,,,"{""e190af25"":""324\/7500@m15""}",234,137,80,49,60,74,21,8,11,5,2,0,3,0,1,0,0,1
82431,2026-04-09 23:01:35,1,1,1,coin,coin,coin,gold,1,true,250000,43660048753190,421884,5,5,1,11,0,0,0,0,0,2700,300000,52,0,0.9,bonus_as10_gae3_no,100,2575000,,,,,235,137,80,49,60,74,21,8,11,6,2,0,3,0,1,0,0,1
82432,2026-04-09 23:01:40,4,4,4,steal,steal,steal,steal,4,true,0,43660048753190,415884,5,5,6000,11,0,3,0,0,0,2700,300000,52,0,0.9,bonus_as10_gae3_no,100,2575000,,,,,236,137,83,49,60,74,21,9,11,7,2,3,3,0,1,0,1,1
82433,2026-04-09 23:01:50,5,5,5,shield,shield,shield,shield,3,true,2,44587128913190,415884,5,5,2,11,0,0,3,0,0,2700,300000,52,0,0.9,bonus_as10_gae3_no,100,2575000,,,,,237,137,83,52,60,74,21,9,12,8,2,3,6,0,1,0,1,2
82434,2026-04-09 23:01:51,4,6,2,steal,spins,goldSack,gold,1,false,200000,44587129113190,415884,5,5,2,11,0,1,0,1,0,2700,300000,52,0,0.9,bonus_as10_gae3_no,100,2575000,,,,,238,137,84,52,61,74,21,9,12,9,2,4,6,1,1,0,1,2
82435,2026-04-09 23:01:53,30,2,2,accumulation,goldSack,goldSack,gold,1,false,300000,44587129413190,415882,5,5,2,11,0,0,0,0,1,2702,300000,52,2,0.9,bonus_as10_gae3_no,100,2575000,,,,,239,137,84,52,61,75,21,9,12,10,2,4,6,1,2,0,1,2
82436,2026-04-09 23:01:54,5,5,5,shield,shield,shield,shield,3,true,2,44587129413190,415882,5,5,2,11,0,0,3,0,0,2702,300000,52,0,0.9,bonus_as10_gae3_no,100,2575000,,,LongExtraDayReduced,"{""slot_on_"":""4314\/47000@m21""}",240,137,84,55,61,75,21,9,13,11,2,4,9,1,2,0,1,3
82437,2026-04-09 23:01:56,3,3,2,attack,attack,goldSack,gold,1,false,200000,44587129613190,415880,5,5,2,11,2,0,0,0,0,2702,300000,52,0,0.9,bonus_as10_gae3_no,100,2575000,LongExtraDayReduced,,,"{""e190af25"":""328\/7500@m15"",""slot_on_"":""4316\/47000@m21"",""bffc7787"":""3222\/38000@m9""}",241,139,84,55,61,75,21,9,13,12,4,4,9,1,2,0,1,3
82438,2026-04-10 00:08:29,3,4,2,attack,steal,goldSack,gold,1,false,200000,44588112628631,434711,5,5,2,11,1,1,0,0,0,2702,300000,52,0,0.9,bonus_bs15_gae3_no,100,2575000,,,,,242,140,85,55,61,75,21,9,13,13,5,5,9,1,2,0,1,3
82439,2026-04-10 00:08:29,3,3,3,attack,attack,attack,attack,2,true,0,44588112628631,434709,5,5,2,11,3,0,0,0,0,2702,300000,52,0,0.9,bonus_bs15_gae3_no,100,2575000,,,,,243,143,85,55,61,75,22,9,13,14,8,5,9,1,2,1,1,3
82440,2026-04-10 00:08:36,30,2,2,accumulation,goldSack,goldSack,gold,1,false,300000,44588131408631,434707,5,5,2,11,0,0,0,0,1,2704,300000,52,2,0.9,bonus_bs15_gae3_no,100,2575000,,LongExtraDayReduced,LongExtraDayReduced,"{""slot_on_"":""4320\/47000@m21"",""e190af25"":""332\/7500@m15""}",244,143,85,55,61,76,22,9,13,15,8,5,9,1,3,1,1,3
82441,2026-04-10 00:08:37,3,1,1,attack,coin,coin,gold,1,false,100000,44588131508631,434705,5,5,2,11,1,0,0,0,0,2704,300000,52,0,0.9,bonus_bs15_gae3_no,100,2575000,LongExtraDayReduced,,,"{""slot_on_"":""4322\/47000@m21""}",245,144,85,55,61,76,22,9,13,16,9,5,9,1,3,1,1,3
82442,2026-04-10 00:08:38,30,2,2,accumulation,goldSack,goldSack,gold,1,false,300000,44588131808631,434703,5,5,2,11,0,0,0,0,1,2706,300000,52,2,0.9,bonus_bs15_gae3_no,100,2575000,,,,,246,144,85,55,61,77,22,9,13,17,9,5,9,1,4,1,1,3
82443,2026-04-10 00:08:39,1,1,1,coin,coin,coin,gold,1,true,500000,44588132308631,434701,5,5,2,11,0,0,0,0,0,2706,300000,52,0,0.9,bonus_bs15_gae3_no,100,2575000,,,,,247,144,85,55,61,77,22,9,13,18,9,5,9,1,4,1,1,3
82444,2026-04-10 00:08:40,30,30,1,accumulation,accumulation,coin,gold,1,false,50000,44588132358631,434699,5,5,2,11,0,0,0,0,2,2710,300000,52,4,0.9,bonus_bs15_gae3_no,100,2575000,,,,,248,144,85,55,61,79,22,9,13,19,9,5,9,1,6,1,1,3
82445,2026-04-10 00:08:41,30,2,2,accumulation,goldSack,goldSack,gold,1,false,300000,44588132658631,434697,5,5,2,11,0,0,0,0,1,2712,300000,52,2,0.9,bonus_bs15_gae3_no,100,2575000,,,,"{""c5261ecd"":""81\/4200@m72""}",249,144,85,55,61,80,22,9,13,20,9,5,9,1,7,1,1,3
82446,2026-04-10 00:08:42,30,2,2,accumulation,goldSack,goldSack,gold,1,false,300000,44588132958631,434695,5,5,2,11,0,0,0,0,1,2714,300000,52,2,0.9,bonus_bs15_gae3_no,100,2575000,,,,,250,144,85,55,61,81,22,9,13,21,9,5,9,1,8,1,1,3
82447,2026-04-10 00:08:43,3,3,2,attack,attack,goldSack,gold,1,false,200000,44588133158631,434693,5,5,2,11,2,0,0,0,0,2714,300000,52,0,0.9,bonus_bs15_gae3_no,100,2575000,,,,,251,146,85,55,61,81,22,9,13,22,11,5,9,1,8,1,1,3
82448,2026-04-10 00:08:44,3,6,2,attack,spins,goldSack,gold,1,false,200000,44588133358631,434691,5,5,2,11,1,0,0,1,0,2714,300000,52,0,0.9,bonus_bs15_gae3_no,100,2575000,,,,"{""e190af25"":""336\/7500@m15""}",252,147,85,55,62,81,22,9,13,23,12,5,9,2,8,1,1,3
82449,2026-04-10 00:08:45,2,2,2,goldSack,goldSack,goldSack,gold,1,true,4400000,44588137758631,434689,5,5,2,11,0,0,0,0,0,2714,300000,52,0,0.9,bonus_bs15_gae3_no,100,2575000,LongExtraDayReduced,,,"{""slot_on_"":""4324\/47000@m21"",""bffc7787"":""3224\/38000@m9""}",253,147,85,55,62,81,22,9,13,24,12,5,9,2,8,1,1,3
82450,2026-04-10 00:08:46,2,2,2,goldSack,goldSack,goldSack,gold,1,true,4400000,44588142158631,434687,5,5,2,11,0,0,0,0,0,2714,300000,52,0,0.9,bonus_bs15_gae3_no,100,2575000,,,,,254,147,85,55,62,81,22,9,13,25,12,5,9,2,8,1,1,3
82451,2026-04-10 00:08:49,2,2,2,goldSack,goldSack,goldSack,gold,1,true,880000000,44589022158631,434287,5,5,400,11,0,0,0,0,0,2714,300000,52,0,0.9,bonus_bs15_gae3_no,100,2575000,,,,,255,147,85,55,62,81,22,9,13,26,12,5,9,2,8,1,1,3
82452,2026-04-10 00:08:50,3,1,1,attack,coin,coin,gold,1,false,20000000,44589042158631,433887,5,5,400,11,1,0,0,0,0,2714,300000,52,0,0.9,bonus_bs15_gae3_no,100,2575000,,LongExtraDayReduced,,"{""slot_on_"":""4724\/47000@m21""}",256,148,85,55,62,81,22,9,13,27,13,5,9,2,8,1,1,3
82453,2026-04-10 00:08:53,30,2,2,accumulation,goldSack,goldSack,gold,1,false,60000000,44589102158631,433487,5,5,400,11,0,0,0,0,1,3114,300000,52,400,1.0,bonus_bs15_gae3_no,100,2575000,,,,,257,148,85,55,62,82,22,9,13,28,13,5,9,2,9,1,1,3
82454,2026-04-10 00:08:57,2,2,2,goldSack,goldSack,goldSack,gold,1,true,880000000,44589982158631,433087,5,5,400,11,0,0,0,0,0,3114,300000,52,0,1.0,bonus_bs15_gae3_no,100,2575000,,,,,258,148,85,55,62,82,22,9,13,29,13,5,9,2,9,1,1,3
82455,2026-04-10 00:08:59,1,1,1,coin,coin,coin,gold,1,true,375000000,44590357158631,431587,5,5,1500,11,0,0,0,0,0,3114,300000,52,0,1.0,bonus_bs15_gae3_no,100,2575000,,LongExtraDayReduced,,"{""slot_on_"":""6224\/47000@m21""}",259,148,85,55,62,82,22,9,13,30,13,5,9,2,9,1,1,3
82456,2026-04-10 00:09:00,1,1,1,coin,coin,coin,gold,1,true,375000000,44590732158631,430087,5,5,1500,11,0,0,0,0,0,3114,300000,52,0,1.0,bonus_bs15_gae3_no,100,2575000,,,,,260,148,85,55,62,82,22,9,13,31,13,5,9,2,9,1,1,3
82457,2026-04-10 00:09:02,30,30,2,accumulation,accumulation,goldSack,gold,1,false,150000000,44590882158631,428587,5,5,1500,11,0,0,0,0,2,6114,300000,52,3000,2.0,bonus_bs15_gae3_no,100,2575000,,,,,261,148,85,55,62,84,22,9,13,32,13,5,9,2,11,1,1,3
82458,2026-04-10 00:09:04,3,3,3,attack,attack,attack,attack,2,true,0,44590882158631,427087,5,5,1500,11,3,0,0,0,0,6114,300000,52,0,2.0,bonus_bs15_gae3_no,100,2575000,,,,"{""bffc7787"":""4724\/38000@m9""}",262,151,85,55,62,84,23,9,13,33,16,5,9,2,11,2,1,3
82459,2026-04-10 00:09:11,2,2,2,goldSack,goldSack,goldSack,gold,1,true,3300000000,44654682158631,426387,5,5,1500,11,0,0,0,0,0,6114,300000,52,0,2.0,bonus_bs15_gae3_no,100,2575000,,,,,263,151,85,55,62,84,23,9,13,34,16,5,9,2,11,2,1,3
82460,2026-04-10 00:09:13,1,1,1,coin,coin,coin,gold,1,true,375000000,44655057158631,424887,5,5,1500,11,0,0,0,0,0,6114,300000,52,0,2.0,bonus_bs15_gae3_no,100,2575000,,,,,264,151,85,55,62,84,23,9,13,35,16,5,9,2,11,2,1,3
82461,2026-04-10 00:09:14,3,1,6,attack,coin,spins,gold,1,false,37500000,44655094658631,423387,5,5,1500,11,1,0,0,1,0,6114,300000,52,0,2.0,bonus_bs15_gae3_no,100,2575000,,,,,265,152,85,55,63,84,23,9,13,36,17,5,9,3,11,2,1,3
82462,2026-04-10 00:09:15,3,5,2,attack,shield,goldSack,gold,1,false,150000000,44655244658631,421887,5,5,1500,11,1,0,1,0,0,6114,300000,52,0,2.0,bonus_bs15_gae3_no,100,2575000,,,,,266,153,85,56,63,84,23,9,13,37,18,5,10,3,11,2,1,3
82463,2026-04-10 00:09:17,4,4,4,steal,steal,steal,steal,4,true,0,44655244658631,420387,5,5,1500,11,0,3,0,0,0,6114,300000,52,0,2.0,bonus_bs15_gae3_no,100,2575000,,,,,267,153,88,56,63,84,23,10,13,38,18,8,10,3,11,2,2,3
82464,2026-04-10 00:09:26,30,2,2,accumulation,goldSack,goldSack,gold,1,false,150000,45691600298631,421186,5,5,1,11,0,0,0,0,1,6115,300000,52,1,2.0,bonus_bs15_gae3_no,100,2575000,,,,,268,153,88,56,63,85,23,10,13,39,18,8,10,3,12,2,2,3
82465,2026-04-10 00:09:28,3,1,4,attack,coin,steal,gold,1,false,25000,45691600323631,421185,5,5,1,11,1,1,0,0,0,6115,300000,52,0,2.0,bonus_bs15_gae3_no,100,2575000,,,,,269,154,89,56,63,85,23,10,13,40,19,9,10,3,12,2,2,3
82466,2026-04-10 00:09:28,3,1,1,attack,coin,coin,gold,1,false,50000,45691600373631,421184,5,5,1,11,1,0,0,0,0,6115,300000,52,0,2.0,bonus_bs15_gae3_no,100,2575000,,,,"{""e190af25"":""338\/7500@m15""}",270,155,89,56,63,85,23,10,13,41,20,9,10,3,12,2,2,3
82467,2026-04-10 00:09:29,30,30,2,accumulation,accumulation,goldSack,gold,1,false,100000,45691600473631,421183,5,5,1,11,0,0,0,0,2,6117,300000,52,2,2.0,bonus_bs15_gae3_no,100,2575000,,,,,271,155,89,56,63,87,23,10,13,42,20,9,10,3,14,2,2,3
82468,2026-04-10 00:09:30,1,4,6,coin,steal,spins,gold,1,false,25000,45691600498631,421182,5,5,1,11,0,1,0,1,0,6117,300000,52,0,2.0,bonus_bs15_gae3_no,100,2575000,,,,"{""c5261ecd"":""83\/4200@m72""}",272,155,90,56,64,87,23,10,13,43,20,10,10,4,14,2,2,3
82469,2026-04-10 00:09:31,3,1,1,attack,coin,coin,gold,1,false,50000,45691600548631,421181,5,5,1,11,1,0,0,0,0,6117,300000,52,0,2.0,bonus_bs15_gae3_no,100,2575000,,,,,273,156,90,56,64,87,23,10,13,44,21,10,10,4,14,2,2,3
82470,2026-04-10 00:09:32,30,30,2,accumulation,accumulation,goldSack,gold,1,false,100000,45691600648631,421180,5,5,1,11,0,0,0,0,2,6119,300000,52,2,2.0,bonus_bs15_gae3_no,100,2575000,,,,"{""e190af25"":""340\/7500@m15""}",274,156,90,56,64,89,23,10,13,45,21,10,10,4,16,2,2,3
82471,2026-04-10 00:09:33,3,3,1,attack,attack,coin,gold,1,false,25000,45691600673631,421179,5,5,1,11,2,0,0,0,0,6119,300000,52,0,2.0,bonus_bs15_gae3_no,100,2575000,,,,,275,158,90,56,64,89,23,10,13,46,23,10,10,4,16,2,2,3
82472,2026-04-10 00:09:34,4,6,2,steal,spins,goldSack,gold,1,false,100000,45691600773631,421178,5,5,1,11,0,1,0,1,0,6119,300000,52,0,2.0,bonus_bs15_gae3_no,100,2575000,,,,,276,158,91,56,65,89,23,10,13,47,23,11,10,5,16,2,2,3
82473,2026-04-10 00:09:34,1,4,6,coin,steal,spins,gold,1,false,25000,45691600798631,421177,5,5,1,11,0,1,0,1,0,6119,300000,52,0,2.0,bonus_bs15_gae3_no,100,2575000,,,,,277,158,92,56,66,89,23,10,13,48,23,12,10,6,16,2,2,3
82474,2026-04-10 00:09:35,3,1,1,attack,coin,coin,gold,1,false,50000,45691600848631,421176,5,5,1,11,1,0,0,0,0,6119,300000,52,0,2.0,bonus_bs15_gae3_no,100,2575000,,,,,278,159,92,56,66,89,23,10,13,49,24,12,10,6,16,2,2,3
82475,2026-04-10 00:09:36,5,2,2,shield,goldSack,goldSack,gold,1,false,150000,45691600998631,421175,5,5,1,11,0,0,1,0,0,6119,300000,52,0,2.0,bonus_bs15_gae3_no,100,2575000,,LongExtraDayReduced,,"{""slot_on_"":""6225\/47000@m21""}",279,159,92,57,66,89,23,10,13,50,24,12,11,6,16,2,2,3
82476,2026-04-10 00:09:37,3,1,4,attack,coin,steal,gold,1,false,25000,45691601023631,421174,5,5,1,11,1,1,0,0,0,6119,300000,52,0,2.0,bonus_bs15_gae3_no,100,2575000,,,LongExtraDayReduced,"{""slot_on_"":""6226\/47000@m21""}",280,160,93,57,66,89,23,10,13,51,25,13,11,6,16,2,2,3
82477,2026-04-10 00:09:37,5,5,5,shield,shield,shield,shield,3,true,1,45691601023631,421174,5,5,1,11,0,0,3,0,0,6119,300000,52,0,2.0,bonus_bs15_gae3_no,100,2575000,,LongExtraDayReduced,LongExtraDayReduced,"{""slot_on_"":""6228\/47000@m21""}",281,160,93,60,66,89,23,10,14,52,25,13,14,6,16,2,2,4
82478,2026-04-10 00:09:38,4,4,2,steal,steal,goldSack,gold,1,false,100000,45691601123631,421173,5,5,1,11,0,2,0,0,0,6119,300000,52,0,2.0,bonus_bs15_gae3_no,100,2575000,,,,"{""bffc7787"":""4725\/38000@m9""}",282,160,95,60,66,89,23,10,14,53,25,15,14,6,16,2,2,4
82479,2026-04-10 00:09:39,6,6,6,spins,spins,spins,spins,5,true,10,45691601123631,421182,5,5,1,11,0,0,0,3,0,6119,300000,52,0,2.0,bonus_bs15_gae3_no,100,2575000,,,,"{""c5261ecd"":""85\/4200@m72""}",283,160,95,60,69,89,23,10,14,54,25,15,14,9,16,2,2,4
82480,2026-04-10 00:09:41,1,4,6,coin,steal,spins,gold,1,false,25000,45691601148631,421181,5,5,1,11,0,1,0,1,0,6119,300000,52,0,2.0,bonus_bs15_gae3_no,100,2575000,LongExtraDayReduced,LongExtraDayReduced,LongExtraDayReduced,"{""slot_on_"":""6233\/47000@m21""}",284,160,96,60,70,89,23,10,14,1,0,1,0,1,0,0,0,0
82481,2026-04-10 00:09:42,30,2,2,accumulation,goldSack,goldSack,gold,1,false,150000,45691601298631,421180,5,5,1,11,0,0,0,0,1,6120,300000,52,1,2.0,bonus_bs15_gae3_no,100,2575000,,,,,285,160,96,60,70,90,23,10,14,2,0,1,0,1,1,0,0,0
82482,2026-04-10 00:09:43,3,1,1,attack,coin,coin,gold,1,false,50000,45691601348631,421179,5,5,1,11,1,0,0,0,0,6120,300000,52,0,2.0,bonus_bs15_gae3_no,100,2575000,,,,,286,161,96,60,70,90,23,10,14,3,1,1,0,1,1,0,0,0
82483,2026-04-10 00:09:43,30,2,2,accumulation,goldSack,goldSack,gold,1,false,150000,45691601498631,421178,5,5,1,11,0,0,0,0,1,6121,300000,52,1,2.0,bonus_bs15_gae3_no,100,2575000,,,,,287,161,96,60,70,91,23,10,14,4,1,1,0,1,2,0,0,0
82484,2026-04-10 00:09:45,3,3,1,attack,attack,coin,gold,1,false,25000,45691601523631,421177,5,5,1,11,2,0,0,0,0,6121,300000,52,0,2.0,bonus_bs15_gae3_no,100,2575000,,,,,288,163,96,60,70,91,23,10,14,5,3,1,0,1,2,0,0,0
82485,2026-04-10 00:09:45,2,2,2,goldSack,goldSack,goldSack,gold,1,true,2200000,45691603723631,421176,5,5,1,11,0,0,0,0,0,6121,300000,52,0,2.0,bonus_bs15_gae3_no,100,2575000,,,,,289,163,96,60,70,91,23,10,14,6,3,1,0,1,2,0,0,0
82486,2026-04-10 00:09:46,30,30,2,accumulation,accumulation,goldSack,gold,1,false,100000,45691603823631,421175,5,5,1,11,0,0,0,0,2,6123,300000,52,2,2.0,bonus_bs15_gae3_no,100,2575000,,,,,290,163,96,60,70,93,23,10,14,7,3,1,0,1,4,0,0,0
82487,2026-04-10 00:09:47,30,30,2,accumulation,accumulation,goldSack,gold,1,false,100000,45691603923631,421174,5,5,1,11,0,0,0,0,2,6125,300000,52,2,2.0,bonus_bs15_gae3_no,100,2575000,,,,,291,163,96,60,70,95,23,10,14,8,3,1,0,1,6,0,0,0
82488,2026-04-10 00:09:50,30,2,2,accumulation,goldSack,goldSack,gold,1,false,225000000,45691828923631,419674,5,5,1500,11,0,0,0,0,1,7625,300000,52,1500,2.5,bonus_bs15_gae3_no,100,2575000,,,,"{""e190af25"":""3340\/7500@m15""}",292,163,96,60,70,96,23,10,14,9,3,1,0,1,7,0,0,0
82489,2026-04-10 00:09:53,6,6,6,spins,spins,spins,spins,5,true,15000,45691828923631,433174,5,5,1500,11,0,0,0,3,0,7625,300000,52,0,2.5,bonus_bs15_gae3_no,100,2575000,,,,"{""c5261ecd"":""3085\/4200@m72""}",293,163,96,60,73,96,23,10,14,10,3,1,0,4,7,0,0,0
82490,2026-04-10 00:09:55,30,2,2,accumulation,goldSack,goldSack,gold,1,false,225000000,45692053923631,431674,5,5,1500,11,0,0,0,0,1,9125,300000,52,1500,3.0,bonus_bs15_gae3_no,100,2575000,LongExtraDayReduced,,LongExtraDayReduced,"{""slot_on_"":""9233\/47000@m21""}",294,163,96,60,73,97,23,10,14,1,0,0,0,0,1,0,0,0
82491,2026-04-10 00:09:56,2,2,2,goldSack,goldSack,goldSack,gold,1,true,3300000000,45695353923631,430174,5,5,1500,11,0,0,0,0,0,9125,300000,52,0,3.0,bonus_bs15_gae3_no,100,2575000,,,,,295,163,96,60,73,97,23,10,14,2,0,0,0,0,1,0,0,0
82492,2026-04-10 00:09:57,3,6,2,attack,spins,goldSack,gold,1,false,150000000,45695503923631,428674,5,5,1500,11,1,0,0,1,0,9125,300000,52,0,3.0,bonus_bs15_gae3_no,100,2575000,LongExtraDayReduced,,,"{""slot_on_"":""10733\/47000@m21""}",296,164,96,60,74,97,23,10,14,3,1,0,0,1,1,0,0,0
82493,2026-04-10 00:09:59,2,2,2,goldSack,goldSack,goldSack,gold,1,true,3300000000,45698803923631,427174,5,5,1500,11,0,0,0,0,0,9125,300000,52,0,3.0,bonus_bs15_gae3_no,100,2575000,,,,,297,164,96,60,74,97,23,10,14,4,1,0,0,1,1,0,0,0
82494,2026-04-10 00:10:00,2,2,2,goldSack,goldSack,goldSack,gold,1,true,3300000000,45702103923631,425674,5,5,1500,11,0,0,0,0,0,9125,300000,52,0,3.0,bonus_bs15_gae3_no,100,2575000,,,,,298,164,96,60,74,97,23,10,14,5,1,0,0,1,1,0,0,0
82495,2026-04-10 00:10:01,3,6,2,attack,spins,goldSack,gold,1,false,150000000,45702253923631,424174,5,5,1500,11,1,0,0,1,0,9125,300000,52,0,3.0,bonus_bs15_gae3_no,100,2575000,,,,,299,165,96,60,75,97,23,10,14,6,2,0,0,2,1,0,0,0
82496,2026-04-10 00:10:03,3,3,3,attack,attack,attack,attack,2,true,0,45702253923631,422674,5,5,1500,11,3,0,0,0,0,9125,300000,52,0,3.0,bonus_bs15_gae3_no,100,2575000,,,,"{""e190af25"":""6340\/7500@m15""}",300,168,96,60,75,97,24,10,14,7,5,0,0,2,1,1,0,0
82497,2026-04-10 00:10:08,30,30,1,accumulation,accumulation,coin,gold,1,false,37500000,45716151423631,421174,5,5,1500,11,0,0,0,0,2,12125,300000,52,3000,4.0,bonus_bs15_gae3_no,100,2575000,,,,,301,168,96,60,75,99,24,10,14,8,5,0,0,2,3,1,0,0
82498,2026-04-10 00:10:09,3,3,3,attack,attack,attack,attack,2,true,0,45716151423631,419674,5,5,1500,11,3,0,0,0,0,12125,300000,52,0,4.0,bonus_bs15_gae3_no,100,2575000,,,,"{""bffc7787"":""6225\/38000@m9""}",302,171,96,60,75,99,25,10,14,9,8,0,0,2,3,2,0,0
82499,2026-04-10 00:10:14,1,1,4,coin,coin,steal,gold,1,false,75000000,45758226423631,418174,5,5,1500,11,0,1,0,0,0,12125,300000,52,0,4.0,bonus_bs15_gae3_no,100,2575000,,,,"{""c5261ecd"":""1885\/4200@m73""}",303,171,97,60,75,99,25,10,14,10,8,1,0,2,3,2,0,0
82500,2026-04-10 00:10:17,3,6,2,attack,spins,goldSack,gold,1,false,150000000,45758376423631,416674,5,5,1500,11,1,0,0,1,0,12125,300000,52,0,4.0,bonus_bs15_gae3_no,100,2575000,,,,,304,172,97,60,76,99,25,10,14,11,9,1,0,3,3,2,0,0
82501,2026-04-10 00:10:18,30,2,2,accumulation,goldSack,goldSack,gold,1,false,225000000,45758601423631,415174,5,5,1500,11,0,0,0,0,1,13625,300000,52,1500,4.5,bonus_bs15_gae3_no,100,2575000,,,,,305,172,97,60,76,100,25,10,14,12,9,1,0,3,4,2,0,0
82502,2026-04-10 00:10:19,1,6,6,coin,spins,spins,gold,1,false,37500000,45758638923631,413674,5,5,1500,11,0,0,0,2,0,13625,300000,52,0,4.5,bonus_bs15_gae3_no,100,2575000,LongExtraDayReduced,LongExtraDayReduced,,"{""slot_on_"":""13733\/47000@m21""}",306,172,97,60,78,100,25,10,14,13,9,1,0,5,4,2,0,0
82503,2026-04-10 00:10:21,3,3,3,attack,attack,attack,attack,2,true,0,45758638923631,412174,5,5,1500,11,3,0,0,0,0,13625,300000,52,0,4.5,bonus_bs15_gae3_no,100,2575000,,,,,307,175,97,60,78,100,26,10,14,14,12,1,0,5,4,3,0,0
82504,2026-04-10 00:10:25,3,5,2,attack,shield,goldSack,gold,1,false,150000000,45772648923631,410674,5,5,1500,11,1,0,1,0,0,13625,300000,52,0,4.5,bonus_bs15_gae3_no,100,2575000,,LongExtraDayReduced,,"{""slot_on_"":""15233\/47000@m21""}",308,176,97,61,78,100,26,10,14,15,13,1,1,5,4,3,0,0
82505,2026-04-10 00:10:26,3,6,2,attack,spins,goldSack,gold,1,false,150000000,45772798923631,409174,5,5,1500,11,1,0,0,1,0,13625,300000,52,0,4.5,bonus_bs15_gae3_no,100,2575000,,,,,309,177,97,61,79,100,26,10,14,16,14,1,1,6,4,3,0,0
82506,2026-04-10 00:10:26,1,1,4,coin,coin,steal,gold,1,false,75000000,45772873923631,407674,5,5,1500,11,0,1,0,0,0,13625,300000,52,0,4.5,bonus_bs15_gae3_no,100,2575000,,,,"{""bffc7787"":""7725\/38000@m9""}",310,177,98,61,79,100,26,10,14,17,14,2,1,6,4,3,0,0
82507,2026-04-10 00:10:28,2,2,2,goldSack,goldSack,goldSack,gold,1,true,3300000000,45776173923631,406174,5,5,1500,11,0,0,0,0,0,13625,300000,52,0,4.5,bonus_bs15_gae3_no,100,2575000,,,,,311,177,98,61,79,100,26,10,14,18,14,2,1,6,4,3,0,0
82508,2026-04-10 00:10:29,1,1,4,coin,coin,steal,gold,1,false,75000000,45776248923631,404674,5,5,1500,11,0,1,0,0,0,13625,300000,52,0,4.5,bonus_bs15_gae3_no,100,2575000,,,,,312,177,99,61,79,100,26,10,14,19,14,3,1,6,4,3,0,0
82509,2026-04-10 00:10:30,3,6,2,attack,spins,goldSack,gold,1,false,150000000,45776398923631,403174,5,5,1500,11,1,0,0,1,0,13625,300000,52,0,4.5,bonus_bs15_gae3_no,100,2575000,,,,"{""c5261ecd"":""685\/4200@m74""}",313,178,99,61,80,100,26,10,14,20,15,3,1,7,4,3,0,0
82510,2026-04-10 00:10:32,3,3,3,attack,attack,attack,attack,2,true,0,45776398923631,401674,5,5,1500,11,3,0,0,0,0,13625,300000,52,0,4.5,bonus_bs15_gae3_no,100,2575000,,LongExtraDayReduced,,"{""slot_on_"":""16733\/47000@m21""}",314,181,99,61,80,100,27,10,14,21,18,3,1,7,4,4,0,0
82511,2026-04-10 00:10:39,2,2,2,goldSack,goldSack,goldSack,gold,1,true,2200000,45790261123631,401673,5,5,1,11,0,0,0,0,0,13625,300000,52,0,4.5,bonus_bs15_gae3_no,100,2575000,LongExtraDayReduced,LongExtraDayReduced,,"{""slot_on_"":""16735\/47000@m21""}",315,181,99,61,80,100,27,10,14,22,18,3,1,7,4,4,0,0
82512,2026-04-10 00:10:40,30,2,2,accumulation,goldSack,goldSack,gold,1,false,150000,45790261273631,401672,5,5,1,11,0,0,0,0,1,13626,300000,52,1,4.5,bonus_bs15_gae3_no,100,2575000,,,,,316,181,99,61,80,101,27,10,14,23,18,3,1,7,5,4,0,0
82513,2026-04-10 00:10:41,3,3,1,attack,attack,coin,gold,1,false,25000,45790261298631,401671,5,5,1,11,2,0,0,0,0,13626,300000,52,0,4.5,bonus_bs15_gae3_no,100,2575000,,,,,317,183,99,61,80,101,27,10,14,24,20,3,1,7,5,4,0,0
82514,2026-04-10 00:10:42,3,6,2,attack,spins,goldSack,gold,1,false,100000,45790261398631,401670,5,5,1,11,1,0,0,1,0,13626,300000,52,0,4.5,bonus_bs15_gae3_no,100,2575000,,,LongExtraDayReduced,"{""slot_on_"":""16736\/47000@m21"",""e190af25"":""6342\/7500@m15""}",318,184,99,61,81,101,27,10,14,25,21,3,1,8,5,4,0,0
82515,2026-04-10 00:10:43,1,1,1,coin,coin,coin,gold,1,true,250000,45790261648631,401669,5,5,1,11,0,0,0,0,0,13626,300000,52,0,4.5,bonus_bs15_gae3_no,100,2575000,,,,,319,184,99,61,81,101,27,10,14,26,21,3,1,8,5,4,0,0
82516,2026-04-10 00:10:43,3,1,4,attack,coin,steal,gold,1,false,25000,45790261673631,401668,5,5,1,11,1,1,0,0,0,13626,300000,52,0,4.5,bonus_bs15_gae3_no,100,2575000,,,,,320,185,100,61,81,101,27,10,14,27,22,4,1,8,5,4,0,0
82517,2026-04-10 00:10:44,4,6,2,steal,spins,goldSack,gold,1,false,100000,45790261773631,401667,5,5,1,11,0,1,0,1,0,13626,300000,52,0,4.5,bonus_bs15_gae3_no,100,2575000,,,,,321,185,101,61,82,101,27,10,14,28,22,5,1,9,5,4,0,0
82518,2026-04-10 00:10:45,30,2,2,accumulation,goldSack,goldSack,gold,1,false,150000,45790261923631,401666,5,5,1,11,0,0,0,0,1,13627,300000,52,1,4.5,bonus_bs15_gae3_no,100,2575000,,,,,322,185,101,61,82,102,27,10,14,29,22,5,1,9,6,4,0,0
82519,2026-04-10 00:10:46,3,5,2,attack,shield,goldSack,gold,1,false,100000,45790262023631,401665,5,5,1,11,1,0,1,0,0,13627,300000,52,0,4.5,bonus_bs15_gae3_no,100,2575000,,,,,323,186,101,62,82,102,27,10,14,30,23,5,2,9,6,4,0,0
82520,2026-04-10 00:10:46,30,2,2,accumulation,goldSack,goldSack,gold,1,false,150000,45790262173631,401664,5,5,1,11,0,0,0,0,1,13628,300000,52,1,4.5,bonus_bs15_gae3_no,100,2575000,,,LongExtraDayReduced,"{""slot_on_"":""16737\/47000@m21""}",324,186,101,62,82,103,27,10,14,31,23,5,2,9,7,4,0,0
82521,2026-04-10 00:10:48,1,1,4,coin,coin,steal,gold,1,false,50000,45790262223631,401663,5,5,1,11,0,1,0,0,0,13628,300000,52,0,4.5,bonus_bs15_gae3_no,100,2575000,,LongExtraDayReduced,,"{""slot_on_"":""16738\/47000@m21""}",325,186,102,62,82,103,27,10,14,32,23,6,2,9,7,4,0,0
82522,2026-04-10 00:10:49,5,5,5,shield,shield,shield,shield,3,true,1,45790262223631,401663,5,5,1,11,0,0,3,0,0,13628,300000,52,0,4.5,bonus_bs15_gae3_no,100,2575000,,,,,326,186,102,65,82,103,27,10,15,33,23,6,5,9,7,4,0,1
82523,2026-04-10 00:10:50,1,1,4,coin,coin,steal,gold,1,false,50000,45790262273631,401662,5,5,1,11,0,1,0,0,0,13628,300000,52,0,4.5,bonus_bs15_gae3_no,100,2575000,,,,,327,186,103,65,82,103,27,10,15,34,23,7,5,9,7,4,0,1
82524,2026-04-10 00:10:51,1,1,4,coin,coin,steal,gold,1,false,50000,45790262323631,401661,5,5,1,11,0,1,0,0,0,13628,300000,52,0,4.5,bonus_bs15_gae3_no,100,2575000,,,,,328,186,104,65,82,103,27,10,15,35,23,8,5,9,7,4,0,1
82525,2026-04-10 00:10:52,1,4,4,coin,steal,steal,gold,1,false,25000,45790262348631,401660,5,5,1,11,0,2,0,0,0,13628,300000,52,0,4.5,bonus_bs15_gae3_no,100,2575000,,,,"{""bffc7787"":""7726\/38000@m9""}",329,186,106,65,82,103,27,10,15,36,23,10,5,9,7,4,0,1
82526,2026-04-10 00:10:53,30,2,2,accumulation,goldSack,goldSack,gold,1,false,150000,45790262498631,401659,5,5,1,11,0,0,0,0,1,13629,300000,52,1,4.5,bonus_bs15_gae3_no,100,2575000,LongExtraDayReduced,,,"{""slot_on_"":""16739\/47000@m21""}",330,186,106,65,82,104,27,10,15,37,23,10,5,9,8,4,0,1
82527,2026-04-10 00:10:55,1,1,1,coin,coin,coin,gold,1,true,250000,45790262748631,401658,5,5,1,11,0,0,0,0,0,13629,300000,52,0,4.5,bonus_bs15_gae3_no,100,2575000,,,,,331,186,106,65,82,104,27,10,15,38,23,10,5,9,8,4,0,1
82528,2026-04-10 00:10:55,1,1,1,coin,coin,coin,gold,1,true,250000,45790262998631,401657,5,5,1,11,0,0,0,0,0,13629,300000,52,0,4.5,bonus_bs15_gae3_no,100,2575000,,,,,332,186,106,65,82,104,27,10,15,39,23,10,5,9,8,4,0,1
82529,2026-04-10 00:10:56,30,30,1,accumulation,accumulation,coin,gold,1,false,25000,45790263023631,401656,5,5,1,11,0,0,0,0,2,13631,300000,52,2,4.5,bonus_bs15_gae3_no,100,2575000,,,,,333,186,106,65,82,106,27,10,15,40,23,10,5,9,10,4,0,1
82530,2026-04-10 00:10:57,30,2,2,accumulation,goldSack,goldSack,gold,1,false,150000,45790263173631,401655,5,5,1,11,0,0,0,0,1,13632,300000,52,1,4.5,bonus_bs15_gae3_no,100,2575000,,,,,334,186,106,65,82,107,27,10,15,41,23,10,5,9,11,4,0,1
82531,2026-04-10 00:11:00,30,2,2,accumulation,goldSack,goldSack,gold,1,false,60000000,45790323173631,401255,5,5,400,11,0,0,0,0,1,14032,300000,52,400,4.7,bonus_bs15_gae3_no,100,2575000,,,,,335,186,106,65,82,108,27,10,15,42,23,10,5,9,12,4,0,1
82532,2026-04-10 00:11:02,30,2,2,accumulation,goldSack,goldSack,gold,1,false,225000000,45790548173631,399755,5,5,1500,11,0,0,0,0,1,15532,300000,52,1500,5.2,bonus_bs15_gae3_no,100,2575000,,,,"{""e190af25"":""1842\/22000@m16"",""bffc7787"":""9226\/38000@m9""}",336,186,106,65,82,109,27,10,15,43,23,10,5,9,13,4,0,1
82533,2026-04-10 00:11:05,1,1,1,coin,coin,coin,gold,1,true,375000000,45790923173631,398255,5,5,1500,11,0,0,0,0,0,15532,300000,52,0,5.2,bonus_bs15_gae3_no,100,2575000,,,LongExtraDayReduced,"{""slot_on_"":""18239\/47000@m21""}",337,186,106,65,82,109,27,10,15,44,23,10,5,9,13,4,0,1
82534,2026-04-10 00:11:06,4,6,2,steal,spins,goldSack,gold,1,false,150000000,45791073173631,396755,5,5,1500,11,0,1,0,1,0,15532,300000,52,0,5.2,bonus_bs15_gae3_no,100,2575000,,,LongExtraDayReduced,"{""slot_on_"":""19739\/47000@m21"",""c5261ecd"":""3685\/4200@m74""}",338,186,107,65,83,109,27,10,15,45,23,11,5,10,13,4,0,1
82535,2026-04-10 00:11:08,4,4,4,steal,steal,steal,steal,4,true,0,45791073173631,395255,5,5,1500,11,0,3,0,0,0,15532,300000,52,0,5.2,bonus_bs15_gae3_no,100,2575000,,,,,339,186,110,65,83,109,27,11,15,46,23,14,5,10,13,4,1,1
82536,2026-04-10 00:11:16,30,30,1,accumulation,accumulation,coin,gold,1,false,37500000,46468445363631,393755,5,5,1500,11,0,0,0,0,2,18532,300000,52,3000,6.2,bonus_bs15_gae3_no,100,2575000,LongExtraDayReduced,,,"{""slot_on_"":""21239\/47000@m21""}",340,186,110,65,83,111,27,11,15,47,23,14,5,10,15,4,1,1
82537,2026-04-10 00:11:18,3,3,3,attack,attack,attack,attack,2,true,0,46468445363631,392255,5,5,1500,11,3,0,0,0,0,18532,300000,52,0,6.2,bonus_bs15_gae3_no,100,2575000,,,LongExtraDayReduced,"{""slot_on_"":""22739\/47000@m21""}",341,189,110,65,83,111,28,11,15,48,26,14,5,10,15,5,1,1
82538,2026-04-10 00:11:26,30,30,1,accumulation,accumulation,coin,gold,1,false,37500000,46510482863631,390755,5,5,1500,11,0,0,0,0,2,21532,300000,52,3000,7.2,bonus_bs15_gae3_no,100,2575000,LongExtraDayReduced,,,"{""slot_on_"":""24239\/47000@m21""}",342,189,110,65,83,113,28,11,15,49,26,14,5,10,17,5,1,1
82539,2026-04-10 00:11:30,3,1,4,attack,coin,steal,gold,1,false,37500000,46510520363631,389255,5,5,1500,11,1,1,0,0,0,21532,300000,52,0,7.2,bonus_bs15_gae3_no,100,2575000,,,,,343,190,111,65,83,113,28,11,15,50,27,15,5,10,17,5,1,1
82540,2026-04-10 00:11:31,3,1,1,attack,coin,coin,gold,1,false,75000000,46510595363631,387755,5,5,1500,11,1,0,0,0,0,21532,300000,52,0,7.2,bonus_bs15_gae3_no,100,2575000,,LongExtraDayReduced,,"{""slot_on_"":""25739\/47000@m21""}",344,191,111,65,83,113,28,11,15,51,28,15,5,10,17,5,1,1
82541,2026-04-10 00:11:32,4,6,2,steal,spins,goldSack,gold,1,false,150000000,46510745363631,386255,5,5,1500,11,0,1,0,1,0,21532,300000,52,0,7.2,bonus_bs15_gae3_no,100,2575000,,,,,345,191,112,65,84,113,28,11,15,52,28,16,5,11,17,5,1,1
82542,2026-04-10 00:11:35,6,6,2,spins,spins,goldSack,gold,1,false,100000,46510745463631,386254,5,5,1,11,0,0,0,2,0,21532,300000,52,0,7.2,bonus_bs15_gae3_no,100,2575000,LongExtraDayReduced,,,"{""slot_on_"":""25740\/47000@m21""}",346,191,112,65,86,113,28,11,15,53,28,16,5,13,17,5,1,1
82543,2026-04-10 00:11:36,3,3,1,attack,attack,coin,gold,1,false,25000,46510745488631,386253,5,5,1,11,2,0,0,0,0,21532,300000,52,0,7.2,bonus_bs15_gae3_no,100,2575000,,,,,347,193,112,65,86,113,28,11,15,54,30,16,5,13,17,5,1,1
82544,2026-04-10 00:11:37,3,3,1,attack,attack,coin,gold,1,false,25000,46510745513631,386252,5,5,1,11,2,0,0,0,0,21532,300000,52,0,7.2,bonus_bs15_gae3_no,100,2575000,,,LongExtraDayReduced,"{""slot_on_"":""25741\/47000@m21""}",348,195,112,65,86,113,28,11,15,55,32,16,5,13,17,5,1,1
82545,2026-04-10 00:11:38,5,2,2,shield,goldSack,goldSack,gold,1,false,150000,46510745663631,386251,5,5,1,11,0,0,1,0,0,21532,300000,52,0,7.2,bonus_bs15_gae3_no,100,2575000,,,,"{""bffc7787"":""9227\/38000@m9""}",349,195,112,66,86,113,28,11,15,56,32,16,6,13,17,5,1,1
82546,2026-04-10 00:11:38,4,6,2,steal,spins,goldSack,gold,1,false,100000,46510745763631,386250,5,5,1,11,0,1,0,1,0,21532,300000,52,0,7.2,bonus_bs15_gae3_no,100,2575000,,,,,350,195,113,66,87,113,28,11,15,57,32,17,6,14,17,5,1,1
82547,2026-04-10 00:11:39,30,2,2,accumulation,goldSack,goldSack,gold,1,false,150000,46510745913631,386249,5,5,1,11,0,0,0,0,1,21533,300000,52,1,7.2,bonus_bs15_gae3_no,100,2575000,LongExtraDayReduced,LongExtraDayReduced,,"{""slot_on_"":""25743\/47000@m21"",""e190af25"":""1844\/22000@m16""}",351,195,113,66,87,114,28,11,15,58,32,17,6,14,18,5,1,1
82548,2026-04-10 00:11:40,3,1,1,attack,coin,coin,gold,1,false,50000,46510745963631,386248,5,5,1,11,1,0,0,0,0,21533,300000,52,0,7.2,bonus_bs15_gae3_no,100,2575000,LongExtraDayReduced,,LongExtraDayReduced,"{""slot_on_"":""25745\/47000@m21""}",352,196,113,66,87,114,28,11,15,59,33,17,6,14,18,5,1,1
82549,2026-04-10 00:11:41,6,6,6,spins,spins,spins,spins,5,true,10,46510745963631,386257,5,5,1,11,0,0,0,3,0,21533,300000,52,0,7.2,bonus_bs15_gae3_no,100,2575000,,,,,353,196,113,66,90,114,28,11,15,60,33,17,6,17,18,5,1,1
82550,2026-04-10 00:11:43,2,2,2,goldSack,goldSack,goldSack,gold,1,true,2200000,46510748163631,386256,5,5,1,11,0,0,0,0,0,21533,300000,52,0,7.2,bonus_bs15_gae3_no,100,2575000,LongExtraDayReduced,LongExtraDayReduced,,"{""slot_on_"":""25747\/47000@m21""}",354,196,113,66,90,114,28,11,15,1,0,0,0,0,0,0,0,0
82551,2026-04-10 00:11:44,6,6,2,spins,spins,goldSack,gold,1,false,100000,46510748263631,386255,5,5,1,11,0,0,0,2,0,21533,300000,52,0,7.2,bonus_bs15_gae3_no,100,2575000,,,,,355,196,113,66,92,114,28,11,15,2,0,0,0,2,0,0,0,0
82552,2026-04-10 00:11:45,3,1,1,attack,coin,coin,gold,1,false,50000,46510748313631,386254,5,5,1,11,1,0,0,0,0,21533,300000,52,0,7.2,bonus_bs15_gae3_no,100,2575000,,,LongExtraDayReduced,"{""slot_on_"":""25748\/47000@m21""}",356,197,113,66,92,114,28,11,15,3,1,0,0,2,0,0,0,0
82553,2026-04-10 00:11:46,1,1,1,coin,coin,coin,gold,1,true,250000,46510748563631,386253,5,5,1,11,0,0,0,0,0,21533,300000,52,0,7.2,bonus_bs15_gae3_no,100,2575000,,,,"{""e190af25"":""1846\/22000@m16"",""c5261ecd"":""3687\/4200@m74""}",357,197,113,66,92,114,28,11,15,4,1,0,0,2,0,0,0,0
82554,2026-04-10 00:11:49,4,6,2,steal,spins,goldSack,gold,1,false,100000,46510748663631,386252,5,5,1,11,0,1,0,1,0,21533,300000,52,0,7.2,bonus_bs15_gae3_no,100,2575000,,,,,358,197,114,66,93,114,28,11,15,5,1,1,0,3,0,0,0,0
82555,2026-04-10 00:11:52,5,5,5,shield,shield,shield,shield,3,true,1,46510748663631,386252,5,5,1,11,0,0,3,0,0,21533,300000,52,0,7.2,bonus_bs15_gae3_no,100,2575000,,,,,359,197,114,69,93,114,28,11,16,6,1,1,3,3,0,0,0,1
82556,2026-04-10 00:11:54,5,5,5,shield,shield,shield,shield,3,true,1,46510748663631,386252,5,5,1,11,0,0,3,0,0,21533,300000,52,0,7.2,bonus_bs15_gae3_no,100,2575000,,,,"{""bffc7787"":""9228\/38000@m9""}",360,197,114,72,93,114,28,11,17,7,1,1,6,3,0,0,0,2
82557,2026-04-10 00:11:55,30,30,30,accumulation,accumulation,accumulation,gold,10,true,0,46510748663631,386251,5,5,1,11,0,0,0,0,3,21543,300000,52,10,7.2,bonus_bs15_gae3_no,100,2575000,,,LongExtraDayReduced,"{""slot_on_"":""25749\/47000@m21""}",361,197,114,72,93,117,28,11,17,8,1,1,6,3,3,0,0,2
82558,2026-04-10 00:11:57,30,30,1,accumulation,accumulation,coin,gold,1,false,25000,46510748688631,386250,5,5,1,11,0,0,0,0,2,21545,300000,52,2,7.2,bonus_bs15_gae3_no,100,2575000,LongExtraDayReduced,,,"{""slot_on_"":""25750\/47000@m21""}",1,0,0,0,0,2,0,0,0,9,1,1,6,3,5,0,0,2
82559,2026-04-10 00:11:58,4,4,2,steal,steal,goldSack,gold,1,false,100000,46510748788631,386249,5,5,1,11,0,2,0,0,0,21545,300000,52,0,7.2,bonus_bs15_gae3_no,100,2575000,LongExtraDayReduced,LongExtraDayReduced,LongExtraDayReduced,"{""slot_on_"":""25755\/47000@m21""}",2,0,2,0,0,2,0,0,0,10,1,3,6,3,5,0,0,2
82560,2026-04-10 00:11:59,3,3,3,attack,attack,attack,attack,2,true,0,46510748788631,386248,5,5,1,11,3,0,0,0,0,21545,300000,52,0,7.2,bonus_bs15_gae3_no,100,2575000,,,,,3,3,2,0,0,2,1,0,0,11,4,3,6,3,5,1,0,2
82561,2026-04-10 00:12:20,5,5,5,shield,shield,shield,shield,3,true,1,46510776788631,386248,5,5,1,11,0,0,3,0,0,21545,300000,52,0,7.2,bonus_bs15_gae3_no,100,2575000,,,,,4,3,2,3,0,2,1,0,1,12,4,3,9,3,5,1,0,3
82562,2026-04-10 00:12:21,3,1,6,attack,coin,spins,gold,1,false,25000,46510776813631,386247,5,5,1,11,1,0,0,1,0,21545,300000,52,0,7.2,bonus_bs15_gae3_no,100,2575000,,LongExtraDayReduced,,"{""slot_on_"":""25756\/47000@m21""}",5,4,2,3,1,2,1,0,1,13,5,3,9,4,5,1,0,3
82563,2026-04-10 00:12:22,3,5,2,attack,shield,goldSack,gold,1,false,100000,46510776913631,386246,5,5,1,11,1,0,1,0,0,21545,300000,52,0,7.2,bonus_bs15_gae3_no,100,2575000,,,,,6,5,2,4,1,2,1,0,1,14,6,3,10,4,5,1,0,3
82564,2026-04-10 00:12:22,3,3,3,attack,attack,attack,attack,2,true,0,46510776913631,386245,5,5,1,11,3,0,0,0,0,21545,300000,52,0,7.2,bonus_bs15_gae3_no,100,2575000,,,,"{""e190af25"":""1848\/22000@m16""}",7,8,2,4,1,2,2,0,1,15,9,3,10,4,5,2,0,3
82565,2026-04-10 00:12:27,2,2,2,goldSack,goldSack,goldSack,gold,1,true,2200000,46510788353631,386244,5,5,1,11,0,0,0,0,0,21545,300000,52,0,7.2,bonus_bs15_gae3_no,100,2575000,,,,,8,8,2,4,1,2,2,0,1,16,9,3,10,4,5,2,0,3
82566,2026-04-10 00:12:28,5,5,5,shield,shield,shield,shield,3,true,1,46510788353631,386244,5,5,1,11,0,0,3,0,0,21545,300000,52,0,7.2,bonus_bs15_gae3_no,100,2575000,,,,,9,8,2,7,1,2,2,0,2,17,9,3,13,4,5,2,0,4
82567,2026-04-10 00:12:29,3,3,1,attack,attack,coin,gold,1,false,25000,46510788378631,386243,5,5,1,11,2,0,0,0,0,21545,300000,52,0,7.2,bonus_bs15_gae3_no,100,2575000,LongExtraDayReduced,LongExtraDayReduced,,"{""slot_on_"":""25758\/47000@m21""}",10,10,2,7,1,2,2,0,2,18,11,3,13,4,5,2,0,4
82568,2026-04-10 00:12:30,3,3,3,attack,attack,attack,attack,2,true,0,46510788378631,386242,5,5,1,11,3,0,0,0,0,21545,300000,52,0,7.2,bonus_bs15_gae3_no,100,2575000,LongExtraDayReduced,,,"{""slot_on_"":""25759\/47000@m21""}",11,13,2,7,1,2,3,0,2,19,14,3,13,4,5,3,0,4
82569,2026-04-10 00:12:33,4,4,4,steal,steal,steal,steal,4,true,0,46510797618631,386241,5,5,1,11,0,3,0,0,0,21545,300000,52,0,7.2,bonus_bs15_gae3_no,100,2575000,,,,,12,13,5,7,1,2,3,1,2,20,14,6,13,4,5,3,1,4
82570,2026-04-10 00:12:40,3,1,4,attack,coin,steal,gold,1,false,25000,46511108101231,386240,5,5,1,11,1,1,0,0,0,21545,300000,52,0,7.2,bonus_bs15_gae3_no,100,2575000,,,,,13,14,6,7,1,2,3,1,2,21,15,7,13,4,5,3,1,4
82571,2026-04-10 00:12:40,1,1,1,coin,coin,coin,gold,1,true,250000,46511108351231,386239,5,5,1,11,0,0,0,0,0,21545,300000,52,0,7.2,bonus_bs15_gae3_no,100,2575000,,,,"{""c5261ecd"":""3689\/4200@m74""}",14,14,6,7,1,2,3,1,2,22,15,7,13,4,5,3,1,4
82572,2026-04-10 00:12:41,6,6,2,spins,spins,goldSack,gold,1,false,100000,46511108451231,386238,5,5,1,11,0,0,0,2,0,21545,300000,52,0,7.2,bonus_bs15_gae3_no,100,2575000,,,,,15,14,6,7,3,2,3,1,2,23,15,7,13,6,5,3,1,4
82573,2026-04-10 00:12:42,1,1,1,coin,coin,coin,gold,1,true,250000,46511108701231,386237,5,5,1,11,0,0,0,0,0,21545,300000,52,0,7.2,bonus_bs15_gae3_no,100,2575000,,,,,16,14,6,7,3,2,3,1,2,24,15,7,13,6,5,3,1,4
82574,2026-04-10 00:12:43,30,2,2,accumulation,goldSack,goldSack,gold,1,false,150000,46511108851231,386236,5,5,1,11,0,0,0,0,1,21546,300000,52,1,7.2,bonus_bs15_gae3_no,100,2575000,,LongExtraDayReduced,LongExtraDayReduced,"{""slot_on_"":""25761\/47000@m21"",""bffc7787"":""9229\/38000@m9""}",17,14,6,7,3,3,3,1,2,25,15,7,13,6,6,3,1,4
82575,2026-04-10 00:17:53,4,6,2,steal,spins,goldSack,gold,1,false,100000,46512345593231,414285,5,5,1,11,0,1,0,1,0,21546,300000,52,0,7.2,bonus_bs15_gae3_no,100,2575000,,,,,18,14,7,7,4,3,3,1,2,26,15,8,13,7,6,3,1,4
82576,2026-04-10 00:17:53,1,1,1,coin,coin,coin,gold,1,true,250000,46512345843231,414284,5,5,1,11,0,0,0,0,0,21546,300000,52,0,7.2,bonus_bs15_gae3_no,100,2575000,,,,,19,14,7,7,4,3,3,1,2,27,15,8,13,7,6,3,1,4
82577,2026-04-10 00:17:54,1,1,1,coin,coin,coin,gold,1,true,250000,46512346093231,414283,5,5,1,11,0,0,0,0,0,21546,300000,52,0,7.2,bonus_bs15_gae3_no,100,2575000,,,,,20,14,7,7,4,3,3,1,2,28,15,8,13,7,6,3,1,4
82578,2026-04-10 00:17:55,4,6,2,steal,spins,goldSack,gold,1,false,100000,46512346193231,414282,5,5,1,11,0,1,0,1,0,21546,300000,52,0,7.2,bonus_bs15_gae3_no,100,2575000,,,,,21,14,8,7,5,3,3,1,2,29,15,9,13,8,6,3,1,4
82579,2026-04-10 00:17:55,30,2,2,accumulation,goldSack,goldSack,gold,1,false,150000,46512346343231,414281,5,5,1,11,0,0,0,0,1,21547,300000,52,1,7.2,bonus_bs15_gae3_no,100,2575000,,,,,22,14,8,7,5,4,3,1,2,30,15,9,13,8,7,3,1,4
82580,2026-04-10 00:17:57,3,1,1,attack,coin,coin,gold,1,false,50000,46512346393231,414280,5,5,1,11,1,0,0,0,0,21547,300000,52,0,7.2,bonus_bs15_gae3_no,100,2575000,,,,,23,15,8,7,5,4,3,1,2,31,16,9,13,8,7,3,1,4
82581,2026-04-10 00:17:57,4,6,2,steal,spins,goldSack,gold,1,false,100000,46512346493231,414279,5,5,1,11,0,1,0,1,0,21547,300000,52,0,7.2,bonus_bs15_gae3_no,100,2575000,,LongExtraDayReduced,,"{""slot_on_"":""25762\/47000@m21"",""c5261ecd"":""3691\/4200@m74""}",24,15,9,7,6,4,3,1,2,32,16,10,13,9,7,3,1,4
82582,2026-04-10 00:17:58,4,6,2,steal,spins,goldSack,gold,1,false,100000,46512346593231,414278,5,5,1,11,0,1,0,1,0,21547,300000,52,0,7.2,bonus_bs15_gae3_no,100,2575000,,,,"{""e190af25"":""1850\/22000@m16""}",25,15,10,7,7,4,3,1,2,33,16,11,13,10,7,3,1,4
82583,2026-04-10 00:18:00,30,2,2,accumulation,goldSack,goldSack,gold,1,false,150000,46512346743231,414277,5,5,1,11,0,0,0,0,1,21548,300000,52,1,7.2,bonus_bs15_gae3_no,100,2575000,,,,,26,15,10,7,7,5,3,1,2,34,16,11,13,10,8,3,1,4
82584,2026-04-10 00:18:01,4,4,2,steal,steal,goldSack,gold,1,false,100000,46512346843231,414276,5,5,1,11,0,2,0,0,0,21548,300000,52,0,7.2,bonus_bs15_gae3_no,100,2575000,,,,,27,15,12,7,7,5,3,1,2,35,16,13,13,10,8,3,1,4
82585,2026-04-10 00:18:01,3,3,3,attack,attack,attack,attack,2,true,0,46512346843231,414275,5,5,1,11,3,0,0,0,0,21548,300000,52,0,7.2,bonus_bs15_gae3_no,100,2575000,,,LongExtraDayReduced,"{""slot_on_"":""25763\/47000@m21""}",28,18,12,7,7,5,4,1,2,36,19,13,13,10,8,4,1,4
82586,2026-04-10 00:18:06,2,2,2,goldSack,goldSack,goldSack,gold,1,true,2200000,46512377043231,414274,5,5,1,11,0,0,0,0,0,21548,300000,52,0,7.2,bonus_bs15_gae3_no,100,2575000,,,,"{""bffc7787"":""9230\/38000@m9""}",29,18,12,7,7,5,4,1,2,37,19,13,13,10,8,4,1,4
82587,2026-04-10 00:18:07,3,3,1,attack,attack,coin,gold,1,false,25000,46512377068231,414273,5,5,1,11,2,0,0,0,0,21548,300000,52,0,7.2,bonus_bs15_gae3_no,100,2575000,,,,,30,20,12,7,7,5,4,1,2,38,21,13,13,10,8,4,1,4
82588,2026-04-10 00:18:08,1,1,1,coin,coin,coin,gold,1,true,250000,46512377318231,414272,5,5,1,11,0,0,0,0,0,21548,300000,52,0,7.2,bonus_bs15_gae3_no,100,2575000,LongExtraDayReduced,,,"{""slot_on_"":""25764\/47000@m21""}",31,20,12,7,7,5,4,1,2,39,21,13,13,10,8,4,1,4
82589,2026-04-10 00:18:08,30,2,2,accumulation,goldSack,goldSack,gold,1,false,150000,46512377468231,414271,5,5,1,11,0,0,0,0,1,21549,300000,52,1,7.2,bonus_bs15_gae3_no,100,2575000,,,,,32,20,12,7,7,6,4,1,2,40,21,13,13,10,9,4,1,4
82590,2026-04-10 00:18:09,5,5,2,shield,shield,goldSack,gold,1,false,100000,46512377568231,414270,5,5,1,11,0,0,2,0,0,21549,300000,52,0,7.2,bonus_bs15_gae3_no,100,2575000,,,,"{""c5261ecd"":""3693\/4200@m74""}",33,20,12,9,7,6,4,1,2,41,21,13,15,10,9,4,1,4
82591,2026-04-10 00:18:10,4,4,4,steal,steal,steal,steal,4,true,0,46512377568231,414269,5,5,1,11,0,3,0,0,0,21549,300000,52,0,7.2,bonus_bs15_gae3_no,100,2575000,,,,,34,20,15,9,7,6,4,2,2,42,21,16,15,10,9,4,2,4
82592,2026-04-10 00:18:17,30,2,2,accumulation,goldSack,goldSack,gold,1,false,150000,46512549337111,414268,5,5,1,11,0,0,0,0,1,21550,300000,52,1,7.2,bonus_bs15_gae3_no,100,2575000,,,,,35,20,15,9,7,7,4,2,2,43,21,16,15,10,10,4,2,4
82593,2026-04-10 00:18:18,3,1,6,attack,coin,spins,gold,1,false,25000,46512549362111,414267,5,5,1,11,1,0,0,1,0,21550,300000,52,0,7.2,bonus_bs15_gae3_no,100,2575000,,,,,36,21,15,9,8,7,4,2,2,44,22,16,15,11,10,4,2,4
82594,2026-04-10 00:18:19,30,2,2,accumulation,goldSack,goldSack,gold,1,false,150000,46512549512111,414266,5,5,1,11,0,0,0,0,1,21551,300000,52,1,7.2,bonus_bs15_gae3_no,100,2575000,,,,"{""bffc7787"":""9231\/38000@m9""}",37,21,15,9,8,8,4,2,2,45,22,16,15,11,11,4,2,4
82595,2026-04-10 00:18:20,30,30,1,accumulation,accumulation,coin,gold,1,false,25000,46512549537111,414265,5,5,1,11,0,0,0,0,2,21553,300000,52,2,7.2,bonus_bs15_gae3_no,100,2575000,,LongExtraDayReduced,,"{""slot_on_"":""25765\/47000@m21""}",38,21,15,9,8,10,4,2,2,46,22,16,15,11,13,4,2,4
82596,2026-04-10 00:18:22,3,1,1,attack,coin,coin,gold,1,false,50000,46512549587111,414264,5,5,1,11,1,0,0,0,0,21553,300000,52,0,7.2,bonus_bs15_gae3_no,100,2575000,,,,,39,22,15,9,8,10,4,2,2,47,23,16,15,11,13,4,2,4
82597,2026-04-10 00:18:23,30,2,2,accumulation,goldSack,goldSack,gold,1,false,150000,46512549737111,414263,5,5,1,11,0,0,0,0,1,21554,300000,52,1,7.2,bonus_bs15_gae3_no,100,2575000,,,,,40,22,15,9,8,11,4,2,2,48,23,16,15,11,14,4,2,4
82598,2026-04-10 00:18:24,4,6,2,steal,spins,goldSack,gold,1,false,100000,46512549837111,414262,5,5,1,11,0,1,0,1,0,21554,300000,52,0,7.2,bonus_bs15_gae3_no,100,2575000,,,,,41,22,16,9,9,11,4,2,2,49,23,17,15,12,14,4,2,4
82599,2026-04-10 00:18:25,30,30,1,accumulation,accumulation,coin,gold,1,false,25000,46512549862111,414261,5,5,1,11,0,0,0,0,2,21556,300000,52,2,7.2,bonus_bs15_gae3_no,100,2575000,,LongExtraDayReduced,,"{""slot_on_"":""25766\/47000@m21""}",42,22,16,9,9,13,4,2,2,50,23,17,15,12,16,4,2,4
82600,2026-04-10 00:18:26,3,1,4,attack,coin,steal,gold,1,false,25000,46512549887111,414260,5,5,1,11,1,1,0,0,0,21556,300000,52,0,7.2,bonus_bs15_gae3_no,100,2575000,,,,"{""e190af25"":""1852\/22000@m16""}",43,23,17,9,9,13,4,2,2,51,24,18,15,12,16,4,2,4
82601,2026-04-10 00:18:27,4,6,2,steal,spins,goldSack,gold,1,false,100000,46512549987111,414259,5,5,1,11,0,1,0,1,0,21556,300000,52,0,7.2,bonus_bs15_gae3_no,100,2575000,,,,,44,23,18,9,10,13,4,2,2,52,24,19,15,13,16,4,2,4
82602,2026-04-10 00:18:28,4,6,2,steal,spins,goldSack,gold,1,false,100000,46512550087111,414258,5,5,1,11,0,1,0,1,0,21556,300000,52,0,7.2,bonus_bs15_gae3_no,100,2575000,,,,,45,23,19,9,11,13,4,2,2,53,24,20,15,14,16,4,2,4
82603,2026-04-10 00:18:28,3,3,3,attack,attack,attack,attack,2,true,0,46512550087111,414257,5,5,1,11,3,0,0,0,0,21556,300000,52,0,7.2,bonus_bs15_gae3_no,100,2575000,,,,,46,26,19,9,11,13,5,2,2,54,27,20,15,14,16,5,2,4
82604,2026-04-10 00:18:32,3,1,1,attack,coin,coin,gold,1,false,50000,46512559377111,414256,5,5,1,11,1,0,0,0,0,21556,300000,52,0,7.2,bonus_bs15_gae3_no,100,2575000,,,,,47,27,19,9,11,13,5,2,2,55,28,20,15,14,16,5,2,4
82605,2026-04-10 00:18:33,30,30,1,accumulation,accumulation,coin,gold,1,false,25000,46512559402111,414255,5,5,1,11,0,0,0,0,2,21558,300000,52,2,7.2,bonus_bs15_gae3_no,100,2575000,,,,,48,27,19,9,11,15,5,2,2,56,28,20,15,14,18,5,2,4
82606,2026-04-10 00:18:34,3,1,6,attack,coin,spins,gold,1,false,25000,46512559427111,414254,5,5,1,11,1,0,0,1,0,21558,300000,52,0,7.2,bonus_bs15_gae3_no,100,2575000,,,,,49,28,19,9,12,15,5,2,2,57,29,20,15,15,18,5,2,4
82607,2026-04-10 00:18:34,3,1,1,attack,coin,coin,gold,1,false,50000,46512559477111,414253,5,5,1,11,1,0,0,0,0,21558,300000,52,0,7.2,bonus_bs15_gae3_no,100,2575000,,,LongExtraDayReduced,"{""slot_on_"":""25767\/47000@m21"",""c5261ecd"":""3695\/4200@m74""}",50,29,19,9,12,15,5,2,2,58,30,20,15,15,18,5,2,4
82608,2026-04-10 00:18:35,30,30,1,accumulation,accumulation,coin,gold,1,false,25000,46512559502111,414252,5,5,1,11,0,0,0,0,2,21560,300000,52,2,7.2,bonus_bs15_gae3_no,100,2575000,,,,,51,29,19,9,12,17,5,2,2,59,30,20,15,15,20,5,2,4
82609,2026-04-10 00:18:37,2,2,2,goldSack,goldSack,goldSack,gold,1,true,2200000,46512561702111,414251,5,5,1,11,0,0,0,0,0,21560,300000,52,0,7.2,bonus_bs15_gae3_no,100,2575000,,,,,52,29,19,9,12,17,5,2,2,60,30,20,15,15,20,5,2,4
82610,2026-04-10 00:18:38,3,1,4,attack,coin,steal,gold,1,false,25000,46512561727111,414250,5,5,1,11,1,1,0,0,0,21560,300000,52,0,7.2,bonus_bs15_gae3_no,100,2575000,,,,,53,30,20,9,12,17,5,2,2,61,31,21,15,15,20,5,2,4
82611,2026-04-10 00:18:38,4,6,2,steal,spins,goldSack,gold,1,false,100000,46512561827111,414249,5,5,1,11,0,1,0,1,0,21560,300000,52,0,7.2,bonus_bs15_gae3_no,100,2575000,,,,,54,30,21,9,13,17,5,2,2,62,31,22,15,16,20,5,2,4
82612,2026-04-10 00:18:39,1,1,1,coin,coin,coin,gold,1,true,250000,46512562077111,414248,5,5,1,11,0,0,0,0,0,21560,300000,52,0,7.2,bonus_bs15_gae3_no,100,2575000,,,,"{""bffc7787"":""9232\/38000@m9""}",55,30,21,9,13,17,5,2,2,63,31,22,15,16,20,5,2,4
82613,2026-04-10 00:18:40,4,6,2,steal,spins,goldSack,gold,1,false,100000,46512562177111,414247,5,5,1,11,0,1,0,1,0,21560,300000,52,0,7.2,bonus_bs15_gae3_no,100,2575000,,,,,56,30,22,9,14,17,5,2,2,64,31,23,15,17,20,5,2,4
82614,2026-04-10 00:18:41,30,2,2,accumulation,goldSack,goldSack,gold,1,false,150000,46512562327111,414246,5,5,1,11,0,0,0,0,1,21561,300000,52,1,7.2,bonus_bs15_gae3_no,100,2575000,LongExtraDayReduced,,,"{""slot_on_"":""25768\/47000@m21""}",57,30,22,9,14,18,5,2,2,65,31,23,15,17,21,5,2,4
82615,2026-04-10 00:18:42,3,3,1,attack,attack,coin,gold,1,false,25000,46512562352111,414245,5,5,1,11,2,0,0,0,0,21561,300000,52,0,7.2,bonus_bs15_gae3_no,100,2575000,,,,,58,32,22,9,14,18,5,2,2,66,33,23,15,17,21,5,2,4
82616,2026-04-10 00:18:43,30,2,2,accumulation,goldSack,goldSack,gold,1,false,150000,46512562502111,414244,5,5,1,11,0,0,0,0,1,21562,300000,52,1,7.2,bonus_bs15_gae3_no,100,2575000,,,,,59,32,22,9,14,19,5,2,2,67,33,23,15,17,22,5,2,4
82617,2026-04-10 00:18:44,3,3,1,attack,attack,coin,gold,1,false,25000,46512562527111,414243,5,5,1,11,2,0,0,0,0,21562,300000,52,0,7.2,bonus_bs15_gae3_no,100,2575000,,,,"{""c5261ecd"":""3697\/4200@m74""}",60,34,22,9,14,19,5,2,2,68,35,23,15,17,22,5,2,4
82618,2026-04-10 00:18:45,30,2,2,accumulation,goldSack,goldSack,gold,1,false,150000,46512562677111,414242,5,5,1,11,0,0,0,0,1,21563,300000,52,1,7.2,bonus_bs15_gae3_no,100,2575000,,LongExtraDayReduced,,"{""slot_on_"":""25769\/47000@m21""}",61,34,22,9,14,20,5,2,2,69,35,23,15,17,23,5,2,4
82619,2026-04-10 00:18:46,3,1,1,attack,coin,coin,gold,1,false,50000,46512562727111,414241,5,5,1,11,1,0,0,0,0,21563,300000,52,0,7.2,bonus_bs15_gae3_no,100,2575000,,,LongExtraDayReduced,"{""slot_on_"":""25770\/47000@m21"",""e190af25"":""1854\/22000@m16""}",62,35,22,9,14,20,5,2,2,70,36,23,15,17,23,5,2,4
82620,2026-04-10 00:18:47,3,1,4,attack,coin,steal,gold,1,false,25000,46512562752111,414240,5,5,1,11,1,1,0,0,0,21563,300000,52,0,7.2,bonus_bs15_gae3_no,100,2575000,,LongExtraDayReduced,,"{""slot_on_"":""25771\/47000@m21""}",63,36,23,9,14,20,5,2,2,71,37,24,15,17,23,5,2,4
82621,2026-04-10 00:18:48,2,2,2,goldSack,goldSack,goldSack,gold,1,true,2200000,46512564952111,414239,5,5,1,11,0,0,0,0,0,21563,300000,52,0,7.2,bonus_bs15_gae3_no,100,2575000,,,,,64,36,23,9,14,20,5,2,2,72,37,24,15,17,23,5,2,4
82622,2026-04-10 00:18:49,2,2,2,goldSack,goldSack,goldSack,gold,1,true,2200000,46512567152111,414238,5,5,1,11,0,0,0,0,0,21563,300000,52,0,7.2,bonus_bs15_gae3_no,100,2575000,,,,,65,36,23,9,14,20,5,2,2,73,37,24,15,17,23,5,2,4
82623,2026-04-10 00:18:49,30,2,2,accumulation,goldSack,goldSack,gold,1,false,150000,46512567302111,414237,5,5,1,11,0,0,0,0,1,21564,300000,52,1,7.2,bonus_bs15_gae3_no,100,2575000,,,,,66,36,23,9,14,21,5,2,2,74,37,24,15,17,24,5,2,4
82624,2026-04-10 00:18:50,3,3,3,attack,attack,attack,attack,2,true,0,46512567302111,414236,5,5,1,11,3,0,0,0,0,21564,300000,52,0,7.2,bonus_bs15_gae3_no,100,2575000,,,LongExtraDayReduced,"{""slot_on_"":""25772\/47000@m21""}",67,39,23,9,14,21,6,2,2,75,40,24,15,17,24,6,2,4
82625,2026-04-10 00:18:54,30,2,2,accumulation,goldSack,goldSack,gold,1,false,150000,46512576692111,414235,5,5,1,11,0,0,0,0,1,21565,300000,52,1,7.2,bonus_bs15_gae3_no,100,2575000,,,,,68,39,23,9,14,22,6,2,2,76,40,24,15,17,25,6,2,4
82626,2026-04-10 00:18:55,3,1,1,attack,coin,coin,gold,1,false,50000,46512576742111,414234,5,5,1,11,1,0,0,0,0,21565,300000,52,0,7.2,bonus_bs15_gae3_no,100,2575000,LongExtraDayReduced,LongExtraDayReduced,,"{""slot_on_"":""25774\/47000@m21"",""bffc7787"":""9233\/38000@m9""}",69,40,23,9,14,22,6,2,2,77,41,24,15,17,25,6,2,4
82627,2026-04-10 00:18:56,2,2,2,goldSack,goldSack,goldSack,gold,1,true,2200000,46512578942111,414233,5,5,1,11,0,0,0,0,0,21565,300000,52,0,7.2,bonus_bs15_gae3_no,100,2575000,,,,"{""c5261ecd"":""3699\/4200@m74""}",70,40,23,9,14,22,6,2,2,78,41,24,15,17,25,6,2,4
82628,2026-04-10 00:18:57,4,4,2,steal,steal,goldSack,gold,1,false,100000,46512579042111,414232,5,5,1,11,0,2,0,0,0,21565,300000,52,0,7.2,bonus_bs15_gae3_no,100,2575000,,,,,71,40,25,9,14,22,6,2,2,79,41,26,15,17,25,6,2,4
82629,2026-04-10 00:18:58,3,1,1,attack,coin,coin,gold,1,false,50000,46512579092111,414231,5,5,1,11,1,0,0,0,0,21565,300000,52,0,7.2,bonus_bs15_gae3_no,100,2575000,,,,,72,41,25,9,14,22,6,2,2,80,42,26,15,17,25,6,2,4
82630,2026-04-10 00:18:59,30,2,2,accumulation,goldSack,goldSack,gold,1,false,150000,46512579242111,414230,5,5,1,11,0,0,0,0,1,21566,300000,52,1,7.2,bonus_bs15_gae3_no,100,2575000,,,LongExtraDayReduced,"{""slot_on_"":""25775\/47000@m21"",""e190af25"":""1856\/22000@m16""}",73,41,25,9,14,23,6,2,2,81,42,26,15,17,26,6,2,4
82631,2026-04-10 00:19:00,30,2,2,accumulation,goldSack,goldSack,gold,1,false,150000,46512579392111,414229,5,5,1,11,0,0,0,0,1,21567,300000,52,1,7.2,bonus_bs15_gae3_no,100,2575000,,,LongExtraDayReduced,"{""slot_on_"":""25776\/47000@m21""}",74,41,25,9,14,24,6,2,2,82,42,26,15,17,27,6,2,4
82632,2026-04-10 00:19:02,3,1,1,attack,coin,coin,gold,1,false,50000,46512579442111,414228,5,5,1,11,1,0,0,0,0,21567,300000,52,0,7.2,bonus_bs15_gae3_no,100,2575000,,,,,75,42,25,9,14,24,6,2,2,83,43,26,15,17,27,6,2,4
82633,2026-04-10 00:19:02,30,30,30,accumulation,accumulation,accumulation,gold,10,true,0,46512579442111,414227,5,5,1,11,0,0,0,0,3,21577,300000,52,10,7.2,bonus_bs15_gae3_no,100,2575000,,,,,76,42,25,9,14,27,6,2,2,84,43,26,15,17,30,6,2,4
82634,2026-04-10 00:19:04,2,2,2,goldSack,goldSack,goldSack,gold,1,true,2200000,46512581642111,414226,5,5,1,11,0,0,0,0,0,21577,300000,52,0,7.2,bonus_bs15_gae3_no,100,2575000,,,,,1,0,0,0,0,0,0,0,0,85,43,26,15,17,30,6,2,4
82635,2026-04-10 00:19:05,2,2,2,goldSack,goldSack,goldSack,gold,1,true,2200000,46512583842111,414225,5,5,1,11,0,0,0,0,0,21577,300000,52,0,7.2,bonus_bs15_gae3_no,100,2575000,,,,,2,0,0,0,0,0,0,0,0,86,43,26,15,17,30,6,2,4
82636,2026-04-10 00:19:05,5,5,5,shield,shield,shield,shield,3,true,1,46512583842111,414225,5,5,1,11,0,0,3,0,0,21577,300000,52,0,7.2,bonus_bs15_gae3_no,100,2575000,,,,,3,0,0,3,0,0,0,0,1,87,43,26,18,17,30,6,2,5
82637,2026-04-10 00:19:06,1,1,1,coin,coin,coin,gold,1,true,250000,46512584092111,414224,5,5,1,11,0,0,0,0,0,21577,300000,52,0,7.2,bonus_bs15_gae3_no,100,2575000,,,,,4,0,0,3,0,0,0,0,1,88,43,26,18,17,30,6,2,5
82638,2026-04-10 00:19:07,30,2,2,accumulation,goldSack,goldSack,gold,1,false,150000,46512584242111,414223,5,5,1,11,0,0,0,0,1,21578,300000,52,1,7.2,bonus_bs15_gae3_no,100,2575000,,,,"{""bffc7787"":""9234\/38000@m9""}",5,0,0,3,0,1,0,0,1,89,43,26,18,17,31,6,2,5
82639,2026-04-10 00:19:08,4,6,2,steal,spins,goldSack,gold,1,false,100000,46512584342111,414222,5,5,1,11,0,1,0,1,0,21578,300000,52,0,7.2,bonus_bs15_gae3_no,100,2575000,,,,,6,0,1,3,1,1,0,0,1,90,43,27,18,18,31,6,2,5
82640,2026-04-10 00:19:09,1,6,6,coin,spins,spins,gold,1,false,25000,46512584367111,414221,5,5,1,11,0,0,0,2,0,21578,300000,52,0,7.2,bonus_bs15_gae3_no,100,2575000,,,,"{""e190af25"":""1858\/22000@m16""}",7,0,1,3,3,1,0,0,1,91,43,27,18,20,31,6,2,5
82641,2026-04-10 00:19:10,5,5,5,shield,shield,shield,shield,3,true,1,46512584367111,414221,5,5,1,11,0,0,3,0,0,21578,300000,52,0,7.2,bonus_bs15_gae3_no,100,2575000,,,,,8,0,1,6,3,1,0,0,2,92,43,27,21,20,31,6,2,6
82642,2026-04-10 00:19:11,30,2,2,accumulation,goldSack,goldSack,gold,1,false,150000,46512584517111,414220,5,5,1,11,0,0,0,0,1,21579,300000,52,1,7.2,bonus_bs15_gae3_no,100,2575000,,,,,9,0,1,6,3,2,0,0,2,93,43,27,21,20,32,6,2,6
82643,2026-04-10 00:19:12,3,3,1,attack,attack,coin,gold,1,false,25000,46512584542111,414219,5,5,1,11,2,0,0,0,0,21579,300000,52,0,7.2,bonus_bs15_gae3_no,100,2575000,,,,,10,2,1,6,3,2,0,0,2,94,45,27,21,20,32,6,2,6
82644,2026-04-10 00:19:12,4,6,2,steal,spins,goldSack,gold,1,false,100000,46512584642111,414218,5,5,1,11,0,1,0,1,0,21579,300000,52,0,7.2,bonus_bs15_gae3_no,100,2575000,,,,,11,2,2,6,4,2,0,0,2,95,45,28,21,21,32,6,2,6
82645,2026-04-10 00:19:13,4,6,2,steal,spins,goldSack,gold,1,false,100000,46512584742111,414217,5,5,1,11,0,1,0,1,0,21579,300000,52,0,7.2,bonus_bs15_gae3_no,100,2575000,,,LongExtraDayReduced,"{""slot_on_"":""25777\/47000@m21""}",12,2,3,6,5,2,0,0,2,96,45,29,21,22,32,6,2,6
82646,2026-04-10 00:19:14,3,3,1,attack,attack,coin,gold,1,false,25000,46512584767111,414216,5,5,1,11,2,0,0,0,0,21579,300000,52,0,7.2,bonus_bs15_gae3_no,100,2575000,,LongExtraDayReduced,,"{""slot_on_"":""25778\/47000@m21"",""c5261ecd"":""3701\/4200@m74""}",13,4,3,6,5,2,0,0,2,97,47,29,21,22,32,6,2,6
82647,2026-04-10 00:19:15,3,1,1,attack,coin,coin,gold,1,false,50000,46512584817111,414215,5,5,1,11,1,0,0,0,0,21579,300000,52,0,7.2,bonus_bs15_gae3_no,100,2575000,,,,,14,5,3,6,5,2,0,0,2,98,48,29,21,22,32,6,2,6
82648,2026-04-10 00:19:16,3,1,1,attack,coin,coin,gold,1,false,50000,46512584867111,414214,5,5,1,11,1,0,0,0,0,21579,300000,52,0,7.2,bonus_bs15_gae3_no,100,2575000,,,,,15,6,3,6,5,2,0,0,2,99,49,29,21,22,32,6,2,6
82649,2026-04-10 00:19:16,2,2,2,goldSack,goldSack,goldSack,gold,1,true,2200000,46512587067111,414213,5,5,1,11,0,0,0,0,0,21579,300000,52,0,7.2,bonus_bs15_gae3_no,100,2575000,,,,,16,6,3,6,5,2,0,0,2,100,49,29,21,22,32,6,2,6
82650,2026-04-10 00:19:17,3,6,2,attack,spins,goldSack,gold,1,false,100000,46512587167111,414212,5,5,1,11,1,0,0,1,0,21579,300000,52,0,7.2,bonus_bs15_gae3_no,100,2575000,,,,,17,7,3,6,6,2,0,0,2,101,50,29,21,23,32,6,2,6
82651,2026-04-10 00:19:18,30,2,2,accumulation,goldSack,goldSack,gold,1,false,150000,46512587317111,414211,5,5,1,11,0,0,0,0,1,21580,300000,52,1,7.2,bonus_bs15_gae3_no,100,2575000,,,,,18,7,3,6,6,3,0,0,2,102,50,29,21,23,33,6,2,6
82652,2026-04-10 00:19:19,2,2,2,goldSack,goldSack,goldSack,gold,1,true,2200000,46512589517111,414210,5,5,1,11,0,0,0,0,0,21580,300000,52,0,7.2,bonus_bs15_gae3_no,100,2575000,,,,,19,7,3,6,6,3,0,0,2,103,50,29,21,23,33,6,2,6
82653,2026-04-10 00:19:20,30,30,1,accumulation,accumulation,coin,gold,1,false,25000,46512589542111,414209,5,5,1,11,0,0,0,0,2,21582,300000,52,2,7.2,bonus_bs15_gae3_no,100,2575000,LongExtraDayReduced,,,"{""slot_on_"":""25779\/47000@m21""}",20,7,3,6,6,5,0,0,2,104,50,29,21,23,35,6,2,6
82654,2026-04-10 00:19:21,30,2,2,accumulation,goldSack,goldSack,gold,1,false,150000,46512589692111,414208,5,5,1,11,0,0,0,0,1,21583,300000,52,1,7.2,bonus_bs15_gae3_no,100,2575000,,,,,21,7,3,6,6,6,0,0,2,105,50,29,21,23,36,6,2,6
82655,2026-04-10 00:19:22,30,30,1,accumulation,accumulation,coin,gold,1,false,25000,46512589717111,414207,5,5,1,11,0,0,0,0,2,21585,300000,52,2,7.2,bonus_bs15_gae3_no,100,2575000,LongExtraDayReduced,,,"{""slot_on_"":""25780\/47000@m21""}",22,7,3,6,6,8,0,0,2,106,50,29,21,23,38,6,2,6
82656,2026-04-10 00:19:24,3,3,3,attack,attack,attack,attack,2,true,0,46512589717111,414206,5,5,1,11,3,0,0,0,0,21585,300000,52,0,7.2,bonus_bs15_gae3_no,100,2575000,,,,"{""e190af25"":""1860\/22000@m16""}",23,10,3,6,6,8,1,0,2,107,53,29,21,23,38,7,2,6
82657,2026-04-10 00:19:28,6,6,6,spins,spins,spins,spins,5,true,10,46512598957111,414215,5,5,1,11,0,0,0,3,0,21585,300000,52,0,7.2,bonus_bs15_gae3_no,100,2575000,,,,"{""bffc7787"":""9235\/38000@m9""}",24,10,3,6,9,8,1,0,2,108,53,29,21,26,38,7,2,6
82658,2026-04-10 00:19:29,1,4,4,coin,steal,steal,gold,1,false,25000,46512598982111,414214,5,5,1,11,0,2,0,0,0,21585,300000,52,0,7.2,bonus_bs15_gae3_no,100,2575000,,LongExtraDayReduced,,"{""slot_on_"":""25781\/47000@m21""}",25,10,5,6,9,8,1,0,2,1,0,2,0,0,0,0,0,0
82659,2026-04-10 00:19:30,3,4,2,attack,steal,goldSack,gold,1,false,100000,46512599082111,414213,5,5,1,11,1,1,0,0,0,21585,300000,52,0,7.2,bonus_bs15_gae3_no,100,2575000,,,,,26,11,6,6,9,8,1,0,2,2,1,3,0,0,0,0,0,0
82660,2026-04-10 00:19:31,30,2,2,accumulation,goldSack,goldSack,gold,1,false,150000,46512599232111,414212,5,5,1,11,0,0,0,0,1,21586,300000,52,1,7.2,bonus_bs15_gae3_no,100,2575000,,,,,27,11,6,6,9,9,1,0,2,3,1,3,0,0,1,0,0,0
82661,2026-04-10 00:19:32,3,4,2,attack,steal,goldSack,gold,1,false,100000,46512599332111,414211,5,5,1,11,1,1,0,0,0,21586,300000,52,0,7.2,bonus_bs15_gae3_no,100,2575000,,,,,28,12,7,6,9,9,1,0,2,4,2,4,0,0,1,0,0,0
82662,2026-04-10 00:19:33,4,4,4,steal,steal,steal,steal,4,true,0,46512599332111,414210,5,5,1,11,0,3,0,0,0,21586,300000,52,0,7.2,bonus_bs15_gae3_no,100,2575000,,,,,29,12,10,6,9,9,1,1,2,5,2,7,0,0,1,0,1,0
82663,2026-04-10 00:19:40,30,2,2,accumulation,goldSack,goldSack,gold,1,false,150000,46513011169051,414209,5,5,1,11,0,0,0,0,1,21587,300000,52,1,7.2,bonus_bs15_gae3_no,100,2575000,LongExtraDayReduced,,LongExtraDayReduced,"{""slot_on_"":""25783\/47000@m21""}",30,12,10,6,9,10,1,1,2,6,2,7,0,0,2,0,1,0
82664,2026-04-10 00:19:42,30,30,1,accumulation,accumulation,coin,gold,1,false,25000,46513011194051,414208,5,5,1,11,0,0,0,0,2,21589,300000,52,2,7.2,bonus_bs15_gae3_no,100,2575000,,,,"{""c5261ecd"":""3703\/4200@m74""}",31,12,10,6,9,12,1,1,2,7,2,7,0,0,4,0,1,0
82665,2026-04-10 00:19:43,3,3,1,attack,attack,coin,gold,1,false,25000,46513011219051,414207,5,5,1,11,2,0,0,0,0,21589,300000,52,0,7.2,bonus_bs15_gae3_no,100,2575000,,LongExtraDayReduced,LongExtraDayReduced,"{""slot_on_"":""25785\/47000@m21""}",32,14,10,6,9,12,1,1,2,8,4,7,0,0,4,0,1,0
82666,2026-04-10 00:19:44,3,3,3,attack,attack,attack,attack,2,true,0,46513011219051,414206,5,5,1,11,3,0,0,0,0,21589,300000,52,0,7.2,bonus_bs15_gae3_no,100,2575000,,,,,33,17,10,6,9,12,2,1,2,9,7,7,0,0,4,1,1,0
82667,2026-04-10 00:19:56,1,6,6,coin,spins,spins,gold,1,false,25000,46513039244051,414205,5,5,1,11,0,0,0,2,0,21589,300000,52,0,7.2,bonus_bs15_gae3_no,100,2575000,,,,,34,17,10,6,11,12,2,1,2,10,7,7,0,2,4,1,1,0
82668,2026-04-10 00:19:56,4,6,2,steal,spins,goldSack,gold,1,false,100000,46513039344051,414204,5,5,1,11,0,1,0,1,0,21589,300000,52,0,7.2,bonus_bs15_gae3_no,100,2575000,,,,,35,17,11,6,12,12,2,1,2,11,7,8,0,3,4,1,1,0
82669,2026-04-10 00:19:57,5,5,5,shield,shield,shield,shield,3,true,1,46513039344051,414204,5,5,1,11,0,0,3,0,0,21589,300000,52,0,7.2,bonus_bs15_gae3_no,100,2575000,,,,,36,17,11,9,12,12,2,1,3,12,7,8,3,3,4,1,1,1
82670,2026-04-10 00:19:58,1,4,4,coin,steal,steal,gold,1,false,25000,46513039369051,414203,5,5,1,11,0,2,0,0,0,21589,300000,52,0,7.2,bonus_bs15_gae3_no,100,2575000,,,,"{""e190af25"":""1862\/22000@m16""}",37,17,13,9,12,12,2,1,3,13,7,10,3,3,4,1,1,1
82671,2026-04-10 00:19:59,3,3,1,attack,attack,coin,gold,1,false,25000,46513039394051,414202,5,5,1,11,2,0,0,0,0,21589,300000,52,0,7.2,bonus_bs15_gae3_no,100,2575000,,LongExtraDayReduced,LongExtraDayReduced,"{""slot_on_"":""25787\/47000@m21""}",38,19,13,9,12,12,2,1,3,14,9,10,3,3,4,1,1,1
82672,2026-04-10 00:20:00,4,6,2,steal,spins,goldSack,gold,1,false,100000,46513039494051,414201,5,5,1,11,0,1,0,1,0,21589,300000,52,0,7.2,bonus_bs15_gae3_no,100,2575000,,,,,39,19,14,9,13,12,2,1,3,15,9,11,3,4,4,1,1,1
82673,2026-04-10 00:20:00,4,6,2,steal,spins,goldSack,gold,1,false,100000,46513039594051,414200,5,5,1,11,0,1,0,1,0,21589,300000,52,0,7.2,bonus_bs15_gae3_no,100,2575000,,,,,40,19,15,9,14,12,2,1,3,16,9,12,3,5,4,1,1,1
82674,2026-04-10 00:20:01,3,1,5,attack,coin,shield,gold,1,false,25000,46513039619051,414199,5,5,1,11,1,0,1,0,0,21589,300000,52,0,7.2,bonus_bs15_gae3_no,100,2575000,,,,"{""c5261ecd"":""3705\/4200@m74""}",41,20,15,10,14,12,2,1,3,17,10,12,4,5,4,1,1,1
82675,2026-04-10 00:20:02,30,2,2,accumulation,goldSack,goldSack,gold,1,false,150000,46513039769051,414198,5,5,1,11,0,0,0,0,1,21590,300000,52,1,7.2,bonus_bs15_gae3_no,100,2575000,,,,,42,20,15,10,14,13,2,1,3,18,10,12,4,5,5,1,1,1
82676,2026-04-10 00:20:03,2,2,2,goldSack,goldSack,goldSack,gold,1,true,2200000,46513041969051,414197,5,5,1,11,0,0,0,0,0,21590,300000,52,0,7.2,bonus_bs15_gae3_no,100,2575000,LongExtraDayReduced,,,"{""slot_on_"":""25788\/47000@m21"",""bffc7787"":""9236\/38000@m9""}",43,20,15,10,14,13,2,1,3,19,10,12,4,5,5,1,1,1
82677,2026-04-10 00:20:04,3,5,2,attack,shield,goldSack,gold,1,false,100000,46513042069051,414196,5,5,1,11,1,0,1,0,0,21590,300000,52,0,7.2,bonus_bs15_gae3_no,100,2575000,LongExtraDayReduced,,,"{""slot_on_"":""25789\/47000@m21""}",44,21,15,11,14,13,2,1,3,20,11,12,5,5,5,1,1,1
82678,2026-04-10 00:20:05,4,6,2,steal,spins,goldSack,gold,1,false,100000,46513042169051,414195,5,5,1,11,0,1,0,1,0,21590,300000,52,0,7.2,bonus_bs15_gae3_no,100,2575000,LongExtraDayReduced,,,"{""slot_on_"":""25790\/47000@m21""}",45,21,16,11,15,13,2,1,3,21,11,13,5,6,5,1,1,1
82679,2026-04-10 00:20:06,1,6,6,coin,spins,spins,gold,1,false,25000,46513042194051,414194,5,5,1,11,0,0,0,2,0,21590,300000,52,0,7.2,bonus_bs15_gae3_no,100,2575000,,,,,46,21,16,11,17,13,2,1,3,22,11,13,5,8,5,1,1,1
82680,2026-04-10 00:20:07,3,3,3,attack,attack,attack,attack,2,true,0,46513042194051,414193,5,5,1,11,3,0,0,0,0,21590,300000,52,0,7.2,bonus_bs15_gae3_no,100,2575000,,,,,47,24,16,11,17,13,3,1,3,23,14,13,5,8,5,2,1,1
82681,2026-04-10 00:20:11,30,2,2,accumulation,goldSack,goldSack,gold,1,false,150000,46513051584051,414192,5,5,1,11,0,0,0,0,1,21591,300000,52,1,7.2,bonus_bs15_gae3_no,100,2575000,,,,,48,24,16,11,17,14,3,1,3,24,14,13,5,8,6,2,1,1
82682,2026-04-10 00:20:12,3,1,5,attack,coin,shield,gold,1,false,25000,46513051609051,414191,5,5,1,11,1,0,1,0,0,21591,300000,52,0,7.2,bonus_bs15_gae3_no,100,2575000,,LongExtraDayReduced,,"{""slot_on_"":""25791\/47000@m21""}",49,25,16,12,17,14,3,1,3,25,15,13,6,8,6,2,1,1
82683,2026-04-10 00:20:13,5,5,5,shield,shield,shield,shield,3,true,1,46513051609051,414191,5,5,1,11,0,0,3,0,0,21591,300000,52,0,7.2,bonus_bs15_gae3_no,100,2575000,,,,,50,25,16,15,17,14,3,1,4,26,15,13,9,8,6,2,1,2
82684,2026-04-10 00:20:14,2,2,2,goldSack,goldSack,goldSack,gold,1,true,2200000,46513053809051,414190,5,5,1,11,0,0,0,0,0,21591,300000,52,0,7.2,bonus_bs15_gae3_no,100,2575000,,,,,51,25,16,15,17,14,3,1,4,27,15,13,9,8,6,2,1,2
82685,2026-04-10 00:20:14,4,6,2,steal,spins,goldSack,gold,1,false,100000,46513053909051,414189,5,5,1,11,0,1,0,1,0,21591,300000,52,0,7.2,bonus_bs15_gae3_no,100,2575000,,,LongExtraDayReduced,"{""slot_on_"":""25792\/47000@m21"",""c5261ecd"":""3707\/4200@m74""}",52,25,17,15,18,14,3,1,4,28,15,14,9,9,6,2,1,2
82686,2026-04-10 00:20:16,30,2,2,accumulation,goldSack,goldSack,gold,1,false,150000,46513054059051,414188,5,5,1,11,0,0,0,0,1,21592,300000,52,1,7.2,bonus_bs15_gae3_no,100,2575000,LongExtraDayReduced,LongExtraDayReduced,LongExtraDayReduced,"{""slot_on_"":""25797\/47000@m21""}",53,25,17,15,18,15,3,1,4,29,15,14,9,9,7,2,1,2
82687,2026-04-10 00:20:17,30,2,2,accumulation,goldSack,goldSack,gold,1,false,150000,46513054209051,414187,5,5,1,11,0,0,0,0,1,21593,300000,52,1,7.2,bonus_bs15_gae3_no,100,2575000,,,LongExtraDayReduced,"{""slot_on_"":""25798\/47000@m21""}",54,25,17,15,18,16,3,1,4,30,15,14,9,9,8,2,1,2
82688,2026-04-10 00:20:19,4,4,4,steal,steal,steal,steal,4,true,0,46513054209051,414186,5,5,1,11,0,3,0,0,0,21593,300000,52,0,7.2,bonus_bs15_gae3_no,100,2575000,,,,,55,25,20,15,18,16,3,2,4,31,15,17,9,9,8,2,2,2
82689,2026-04-10 00:20:26,3,3,3,attack,attack,attack,attack,2,true,0,46513391197551,414185,5,5,1,11,3,0,0,0,0,21593,300000,52,0,7.2,bonus_bs15_gae3_no,100,2575000,LongExtraDayReduced,,,"{""slot_on_"":""25799\/47000@m21""}",56,28,20,15,18,16,4,2,4,32,18,17,9,9,8,3,2,2
82690,2026-04-10 00:20:30,1,4,4,coin,steal,steal,gold,1,false,25000,46513400462551,414184,5,5,1,11,0,2,0,0,0,21593,300000,52,0,7.2,bonus_bs15_gae3_no,100,2575000,,,,,57,28,22,15,18,16,4,2,4,33,18,19,9,9,8,3,2,2
82691,2026-04-10 00:20:30,3,3,3,attack,attack,attack,attack,2,true,0,46513400462551,414183,5,5,1,11,3,0,0,0,0,21593,300000,52,0,7.2,bonus_bs15_gae3_no,100,2575000,,,,"{""e190af25"":""1864\/22000@m16"",""bffc7787"":""9237\/38000@m9""}",58,31,22,15,18,16,5,2,4,34,21,19,9,9,8,4,2,2
82692,2026-04-10 00:20:35,3,3,3,attack,attack,attack,attack,2,true,0,46513428462551,414182,5,5,1,11,3,0,0,0,0,21593,300000,52,0,7.2,bonus_bs15_gae3_no,100,2575000,LongExtraDayReduced,,,"{""slot_on_"":""25800\/47000@m21""}",59,34,22,15,18,16,6,2,4,35,24,19,9,9,8,5,2,2
82693,2026-04-10 00:20:39,3,1,1,attack,coin,coin,gold,1,false,50000,46513456512551,414181,5,5,1,11,1,0,0,0,0,21593,300000,52,0,7.2,bonus_bs15_gae3_no,100,2575000,,,,,60,35,22,15,18,16,6,2,4,36,25,19,9,9,8,5,2,2
82694,2026-04-10 00:20:39,3,3,3,attack,attack,attack,attack,2,true,0,46513456512551,414180,5,5,1,11,3,0,0,0,0,21593,300000,52,0,7.2,bonus_bs15_gae3_no,100,2575000,,,,,61,38,22,15,18,16,7,2,4,37,28,19,9,9,8,6,2,2
82695,2026-04-10 00:20:57,1,1,1,coin,coin,coin,gold,1,true,250000,46513466002551,414179,5,5,1,11,0,0,0,0,0,21593,300000,52,0,7.2,bonus_bs15_gae3_no,100,2575000,,,,"{""e190af25"":""1866\/22000@m16""}",62,38,22,15,18,16,7,2,4,38,28,19,9,9,8,6,2,2
82696,2026-04-10 00:20:57,1,1,1,coin,coin,coin,gold,1,true,250000,46513466252551,414178,5,5,1,11,0,0,0,0,0,21593,300000,52,0,7.2,bonus_bs15_gae3_no,100,2575000,,,LongExtraDayReduced,"{""slot_on_"":""25801\/47000@m21"",""c5261ecd"":""3709\/4200@m74""}",63,38,22,15,18,16,7,2,4,39,28,19,9,9,8,6,2,2
82697,2026-04-10 00:20:58,30,2,2,accumulation,goldSack,goldSack,gold,1,false,150000,46513466402551,414177,5,5,1,11,0,0,0,0,1,21594,300000,52,1,7.2,bonus_bs15_gae3_no,100,2575000,,,,,64,38,22,15,18,17,7,2,4,40,28,19,9,9,9,6,2,2
82698,2026-04-10 00:21:00,1,1,1,coin,coin,coin,gold,1,true,250000,46513466652551,414176,5,5,1,11,0,0,0,0,0,21594,300000,52,0,7.2,bonus_bs15_gae3_no,100,2575000,,,,,65,38,22,15,18,17,7,2,4,41,28,19,9,9,9,6,2,2
82699,2026-04-10 00:21:00,3,1,1,attack,coin,coin,gold,1,false,50000,46513466702551,414175,5,5,1,11,1,0,0,0,0,21594,300000,52,0,7.2,bonus_bs15_gae3_no,100,2575000,,,,,66,39,22,15,18,17,7,2,4,42,29,19,9,9,9,6,2,2
82700,2026-04-10 00:21:01,30,30,1,accumulation,accumulation,coin,gold,1,false,25000,46513466727551,414174,5,5,1,11,0,0,0,0,2,21596,300000,52,2,7.2,bonus_bs15_gae3_no,100,2575000,,,,,67,39,22,15,18,19,7,2,4,43,29,19,9,9,11,6,2,2
82701,2026-04-10 00:21:02,4,6,2,steal,spins,goldSack,gold,1,false,100000,46513466827551,414173,5,5,1,11,0,1,0,1,0,21596,300000,52,0,7.2,bonus_bs15_gae3_no,100,2575000,,,,,68,39,23,15,19,19,7,2,4,44,29,20,9,10,11,6,2,2
82702,2026-04-10 00:21:03,4,6,2,steal,spins,goldSack,gold,1,false,100000,46513466927551,414172,5,5,1,11,0,1,0,1,0,21596,300000,52,0,7.2,bonus_bs15_gae3_no,100,2575000,,,LongExtraDayReduced,"{""slot_on_"":""25802\/47000@m21"",""bffc7787"":""9238\/38000@m9""}",69,39,24,15,20,19,7,2,4,45,29,21,9,11,11,6,2,2
82703,2026-04-10 00:21:04,4,6,2,steal,spins,goldSack,gold,1,false,100000,46513467027551,414171,5,5,1,11,0,1,0,1,0,21596,300000,52,0,7.2,bonus_bs15_gae3_no,100,2575000,,,,,70,39,25,15,21,19,7,2,4,46,29,22,9,12,11,6,2,2
82704,2026-04-10 00:21:05,3,1,1,attack,coin,coin,gold,1,false,50000,46513467077551,414170,5,5,1,11,1,0,0,0,0,21596,300000,52,0,7.2,bonus_bs15_gae3_no,100,2575000,,,,,71,40,25,15,21,19,7,2,4,47,30,22,9,12,11,6,2,2
82705,2026-04-10 00:21:06,1,1,1,coin,coin,coin,gold,1,true,250000,46513467327551,414169,5,5,1,11,0,0,0,0,0,21596,300000,52,0,7.2,bonus_bs15_gae3_no,100,2575000,,LongExtraDayReduced,,"{""slot_on_"":""25803\/47000@m21""}",72,40,25,15,21,19,7,2,4,48,30,22,9,12,11,6,2,2
82706,2026-04-10 00:21:06,4,6,2,steal,spins,goldSack,gold,1,false,100000,46513467427551,414168,5,5,1,11,0,1,0,1,0,21596,300000,52,0,7.2,bonus_bs15_gae3_no,100,2575000,,LongExtraDayReduced,,"{""slot_on_"":""25804\/47000@m21""}",73,40,26,15,22,19,7,2,4,49,30,23,9,13,11,6,2,2
82707,2026-04-10 00:21:07,30,2,2,accumulation,goldSack,goldSack,gold,1,false,150000,46513467577551,414167,5,5,1,11,0,0,0,0,1,21597,300000,52,1,7.2,bonus_bs15_gae3_no,100,2575000,,,,,74,40,26,15,22,20,7,2,4,50,30,23,9,13,12,6,2,2
82708,2026-04-10 00:21:08,1,5,5,coin,shield,shield,gold,1,false,25000,46513467602551,414166,5,5,1,11,0,0,2,0,0,21597,300000,52,0,7.2,bonus_bs15_gae3_no,100,2575000,,,,,75,40,26,17,22,20,7,2,4,51,30,23,11,13,12,6,2,2
82709,2026-04-10 00:21:09,3,4,2,attack,steal,goldSack,gold,1,false,100000,46513467702551,414165,5,5,1,11,1,1,0,0,0,21597,300000,52,0,7.2,bonus_bs15_gae3_no,100,2575000,,,,,76,41,27,17,22,20,7,2,4,52,31,24,11,13,12,6,2,2
82710,2026-04-10 00:21:10,3,5,2,attack,shield,goldSack,gold,1,false,100000,46513467802551,414164,5,5,1,11,1,0,1,0,0,21597,300000,52,0,7.2,bonus_bs15_gae3_no,100,2575000,,,,,77,42,27,18,22,20,7,2,4,53,32,24,12,13,12,6,2,2
82711,2026-04-10 00:21:10,30,2,2,accumulation,goldSack,goldSack,gold,1,false,150000,46513467952551,414163,5,5,1,11,0,0,0,0,1,21598,300000,52,1,7.2,bonus_bs15_gae3_no,100,2575000,,LongExtraDayReduced,LongExtraDayReduced,"{""slot_on_"":""25806\/47000@m21""}",78,42,27,18,22,21,7,2,4,54,32,24,12,13,13,6,2,2
82712,2026-04-10 00:21:12,30,30,1,accumulation,accumulation,coin,gold,1,false,25000,46513467977551,414162,5,5,1,11,0,0,0,0,2,21600,300000,52,2,7.2,bonus_bs15_gae3_no,100,2575000,,,,"{""e190af25"":""1868\/22000@m16"",""bffc7787"":""9239\/38000@m9""}",79,42,27,18,22,23,7,2,4,55,32,24,12,13,15,6,2,2
82713,2026-04-10 00:21:13,30,2,2,accumulation,goldSack,goldSack,gold,1,false,150000,46513468127551,414161,5,5,1,11,0,0,0,0,1,21601,300000,52,1,7.2,bonus_bs15_gae3_no,100,2575000,,,,,80,42,27,18,22,24,7,2,4,56,32,24,12,13,16,6,2,2
82714,2026-04-10 00:21:15,3,1,1,attack,coin,coin,gold,1,false,50000,46513468177551,414160,5,5,1,11,1,0,0,0,0,21601,300000,52,0,7.2,bonus_bs15_gae3_no,100,2575000,,,LongExtraDayReduced,"{""slot_on_"":""25807\/47000@m21""}",81,43,27,18,22,24,7,2,4,57,33,24,12,13,16,6,2,2
82715,2026-04-10 00:21:16,2,2,2,goldSack,goldSack,goldSack,gold,1,true,2200000,46513470377551,414159,5,5,1,11,0,0,0,0,0,21601,300000,52,0,7.2,bonus_bs15_gae3_no,100,2575000,LongExtraDayReduced,,,"{""e190af25"":""1870\/22000@m16"",""slot_on_"":""25808\/47000@m21"",""c5261ecd"":""3711\/4200@m74""}",82,43,27,18,22,24,7,2,4,58,33,24,12,13,16,6,2,2
82716,2026-04-10 00:21:17,4,6,2,steal,spins,goldSack,gold,1,false,100000,46513470477551,414158,5,5,1,11,0,1,0,1,0,21601,300000,52,0,7.2,bonus_bs15_gae3_no,100,2575000,,,,,83,43,28,18,23,24,7,2,4,59,33,25,12,14,16,6,2,2
82717,2026-04-10 00:21:18,3,1,1,attack,coin,coin,gold,1,false,50000,46513470527551,414157,5,5,1,11,1,0,0,0,0,21601,300000,52,0,7.2,bonus_bs15_gae3_no,100,2575000,,,,,84,44,28,18,23,24,7,2,4,60,34,25,12,14,16,6,2,2
82718,2026-04-10 00:21:18,3,1,1,attack,coin,coin,gold,1,false,50000,46513470577551,414156,5,5,1,11,1,0,0,0,0,21601,300000,52,0,7.2,bonus_bs15_gae3_no,100,2575000,LongExtraDayReduced,,,"{""slot_on_"":""25809\/47000@m21""}",85,45,28,18,23,24,7,2,4,61,35,25,12,14,16,6,2,2
82719,2026-04-10 00:21:19,30,2,2,accumulation,goldSack,goldSack,gold,1,false,150000,46513470727551,414155,5,5,1,11,0,0,0,0,1,21602,300000,52,1,7.2,bonus_bs15_gae3_no,100,2575000,,,,,86,45,28,18,23,25,7,2,4,62,35,25,12,14,17,6,2,2
82720,2026-04-10 00:21:20,30,2,2,accumulation,goldSack,goldSack,gold,1,false,150000,46513470877551,414154,5,5,1,11,0,0,0,0,1,21603,300000,52,1,7.2,bonus_bs15_gae3_no,100,2575000,,,,,87,45,28,18,23,26,7,2,4,63,35,25,12,14,18,6,2,2
82721,2026-04-10 00:21:22,4,4,4,steal,steal,steal,steal,4,true,0,46513470877551,414153,5,5,1,11,0,3,0,0,0,21603,300000,52,0,7.2,bonus_bs15_gae3_no,100,2575000,,,,,88,45,31,18,23,26,7,3,4,64,35,28,12,14,18,6,3,2
82722,2026-04-10 00:21:30,1,1,1,coin,coin,coin,gold,1,true,250000,46513959919411,414152,5,5,1,11,0,0,0,0,0,21603,300000,52,0,7.2,bonus_bs15_gae3_no,100,2575000,,,,,89,45,31,18,23,26,7,3,4,65,35,28,12,14,18,6,3,2
82723,2026-04-10 00:21:30,4,6,2,steal,spins,goldSack,gold,1,false,100000,46513960019411,414151,5,5,1,11,0,1,0,1,0,21603,300000,52,0,7.2,bonus_bs15_gae3_no,100,2575000,,,,,90,45,32,18,24,26,7,3,4,66,35,29,12,15,18,6,3,2
82724,2026-04-10 00:21:31,3,1,1,attack,coin,coin,gold,1,false,50000,46513960069411,414150,5,5,1,11,1,0,0,0,0,21603,300000,52,0,7.2,bonus_bs15_gae3_no,100,2575000,,,,,91,46,32,18,24,26,7,3,4,67,36,29,12,15,18,6,3,2
82725,2026-04-10 00:21:32,4,6,2,steal,spins,goldSack,gold,1,false,100000,46513960169411,414149,5,5,1,11,0,1,0,1,0,21603,300000,52,0,7.2,bonus_bs15_gae3_no,100,2575000,,,,,92,46,33,18,25,26,7,3,4,68,36,30,12,16,18,6,3,2
82726,2026-04-10 00:21:33,5,2,2,shield,goldSack,goldSack,gold,1,false,150000,46513960319411,414148,5,5,1,11,0,0,1,0,0,21603,300000,52,0,7.2,bonus_bs15_gae3_no,100,2575000,,,,,93,46,33,19,25,26,7,3,4,69,36,30,13,16,18,6,3,2
82727,2026-04-10 00:21:34,1,1,1,coin,coin,coin,gold,1,true,250000,46513960569411,414147,5,5,1,11,0,0,0,0,0,21603,300000,52,0,7.2,bonus_bs15_gae3_no,100,2575000,,,,,94,46,33,19,25,26,7,3,4,70,36,30,13,16,18,6,3,2
82728,2026-04-10 00:21:34,3,3,1,attack,attack,coin,gold,1,false,25000,46513960594411,414146,5,5,1,11,2,0,0,0,0,21603,300000,52,0,7.2,bonus_bs15_gae3_no,100,2575000,,,,,95,48,33,19,25,26,7,3,4,71,38,30,13,16,18,6,3,2
82729,2026-04-10 00:21:35,3,1,5,attack,coin,shield,gold,1,false,25000,46513960619411,414145,5,5,1,11,1,0,1,0,0,21603,300000,52,0,7.2,bonus_bs15_gae3_no,100,2575000,,,,"{""e190af25"":""1872\/22000@m16""}",96,49,33,20,25,26,7,3,4,72,39,30,14,16,18,6,3,2
82730,2026-04-10 00:21:36,30,30,1,accumulation,accumulation,coin,gold,1,false,25000,46513960644411,414144,5,5,1,11,0,0,0,0,2,21605,300000,52,2,7.2,bonus_bs15_gae3_no,100,2575000,,,,"{""bffc7787"":""9240\/38000@m9""}",97,49,33,20,25,28,7,3,4,73,39,30,14,16,20,6,3,2
82731,2026-04-10 00:21:37,30,30,1,accumulation,accumulation,coin,gold,1,false,25000,46513960669411,414143,5,5,1,11,0,0,0,0,2,21607,300000,52,2,7.2,bonus_bs15_gae3_no,100,2575000,,,,,98,49,33,20,25,30,7,3,4,74,39,30,14,16,22,6,3,2
82732,2026-04-10 00:21:38,2,2,2,goldSack,goldSack,goldSack,gold,1,true,2200000,46513962869411,414142,5,5,1,11,0,0,0,0,0,21607,300000,52,0,7.2,bonus_bs15_gae3_no,100,2575000,,,,,99,49,33,20,25,30,7,3,4,75,39,30,14,16,22,6,3,2
82733,2026-04-10 00:21:39,5,5,5,shield,shield,shield,shield,3,true,1,46513962869411,414142,5,5,1,11,0,0,3,0,0,21607,300000,52,0,7.2,bonus_bs15_gae3_no,100,2575000,,,,"{""e190af25"":""1874\/22000@m16""}",100,49,33,23,25,30,7,3,5,76,39,30,17,16,22,6,3,3
82734,2026-04-10 00:21:40,3,1,5,attack,coin,shield,gold,1,false,25000,46513962894411,414141,5,5,1,11,1,0,1,0,0,21607,300000,52,0,7.2,bonus_bs15_gae3_no,100,2575000,,,,"{""c5261ecd"":""3713\/4200@m74""}",101,50,33,24,25,30,7,3,5,77,40,30,18,16,22,6,3,3
82735,2026-04-10 00:21:41,5,5,5,shield,shield,shield,shield,3,true,1,46513962894411,414141,5,5,1,11,0,0,3,0,0,21607,300000,52,0,7.2,bonus_bs15_gae3_no,100,2575000,,,,,102,50,33,27,25,30,7,3,6,78,40,30,21,16,22,6,3,4
82736,2026-04-10 00:21:42,30,2,2,accumulation,goldSack,goldSack,gold,1,false,150000,46513963044411,414140,5,5,1,11,0,0,0,0,1,21608,300000,52,1,7.2,bonus_bs15_gae3_no,100,2575000,,,,,103,50,33,27,25,31,7,3,6,79,40,30,21,16,23,6,3,4
82737,2026-04-10 00:21:43,3,4,2,attack,steal,goldSack,gold,1,false,100000,46513963144411,414139,5,5,1,11,1,1,0,0,0,21608,300000,52,0,7.2,bonus_bs15_gae3_no,100,2575000,,,,,104,51,34,27,25,31,7,3,6,80,41,31,21,16,23,6,3,4
82738,2026-04-10 00:21:43,1,1,6,coin,coin,spins,gold,1,false,50000,46513963194411,414138,5,5,1,11,0,0,0,1,0,21608,300000,52,0,7.2,bonus_bs15_gae3_no,100,2575000,,,,,105,51,34,27,26,31,7,3,6,81,41,31,21,17,23,6,3,4
82739,2026-04-10 00:21:44,3,3,2,attack,attack,goldSack,gold,1,false,100000,46513963294411,414137,5,5,1,11,2,0,0,0,0,21608,300000,52,0,7.2,bonus_bs15_gae3_no,100,2575000,,,,,106,53,34,27,26,31,7,3,6,82,43,31,21,17,23,6,3,4
82740,2026-04-10 00:21:45,2,2,2,goldSack,goldSack,goldSack,gold,1,true,2200000,46513965494411,414136,5,5,1,11,0,0,0,0,0,21608,300000,52,0,7.2,bonus_bs15_gae3_no,100,2575000,,,,,107,53,34,27,26,31,7,3,6,83,43,31,21,17,23,6,3,4
82741,2026-04-10 00:21:45,30,30,1,accumulation,accumulation,coin,gold,1,false,25000,46513965519411,414135,5,5,1,11,0,0,0,0,2,21610,300000,52,2,7.2,bonus_bs15_gae3_no,100,2575000,LongExtraDayReduced,,,"{""slot_on_"":""25810\/47000@m21""}",108,53,34,27,26,33,7,3,6,84,43,31,21,17,25,6,3,4
82742,2026-04-10 00:21:47,3,1,5,attack,coin,shield,gold,1,false,25000,46513965544411,414134,5,5,1,11,1,0,1,0,0,21610,300000,52,0,7.2,bonus_bs15_gae3_no,100,2575000,,,,,109,54,34,28,26,33,7,3,6,85,44,31,22,17,25,6,3,4
82743,2026-04-10 00:21:47,1,1,1,coin,coin,coin,gold,1,true,250000,46513965794411,414133,5,5,1,11,0,0,0,0,0,21610,300000,52,0,7.2,bonus_bs15_gae3_no,100,2575000,,LongExtraDayReduced,,"{""slot_on_"":""25811\/47000@m21""}",110,54,34,28,26,33,7,3,6,86,44,31,22,17,25,6,3,4
82744,2026-04-10 00:21:48,3,3,3,attack,attack,attack,attack,2,true,0,46513965794411,414132,5,5,1,11,3,0,0,0,0,21610,300000,52,0,7.2,bonus_bs15_gae3_no,100,2575000,,,,"{""c5261ecd"":""3715\/4200@m74""}",111,57,34,28,26,33,8,3,6,87,47,31,22,17,25,7,3,4
82745,2026-04-10 00:21:52,3,3,2,attack,attack,goldSack,gold,1,false,100000,46513993894411,414131,5,5,1,11,2,0,0,0,0,21610,300000,52,0,7.2,bonus_bs15_gae3_no,100,2575000,,,,,112,59,34,28,26,33,8,3,6,88,49,31,22,17,25,7,3,4
82746,2026-04-10 00:21:53,5,2,2,shield,goldSack,goldSack,gold,1,false,150000,46513994044411,414130,5,5,1,11,0,0,1,0,0,21610,300000,52,0,7.2,bonus_bs15_gae3_no,100,2575000,LongExtraDayReduced,,LongExtraDayReduced,"{""slot_on_"":""25813\/47000@m21""}",113,59,34,29,26,33,8,3,6,89,49,31,23,17,25,7,3,4
82747,2026-04-10 00:21:53,4,4,4,steal,steal,steal,steal,4,true,0,46513994044411,414129,5,5,1,11,0,3,0,0,0,21610,300000,52,0,7.2,bonus_bs15_gae3_no,100,2575000,,,,,114,59,37,29,26,33,8,4,6,90,49,34,23,17,25,7,4,4
82748,2026-04-10 00:22:00,5,5,5,shield,shield,shield,shield,3,true,1,46514201592471,414129,5,5,1,11,0,0,3,0,0,21610,300000,52,0,7.2,bonus_bs15_gae3_no,100,2575000,,,,"{""bffc7787"":""9241\/38000@m9""}",115,59,37,32,26,33,8,4,7,91,49,34,26,17,25,7,4,5
82749,2026-04-10 00:22:01,3,1,5,attack,coin,shield,gold,1,false,25000,46514201617471,414128,5,5,1,11,1,0,1,0,0,21610,300000,52,0,7.2,bonus_bs15_gae3_no,100,2575000,,,,,116,60,37,33,26,33,8,4,7,92,50,34,27,17,25,7,4,5
82750,2026-04-10 00:22:01,1,1,1,coin,coin,coin,gold,1,true,250000,46514201867471,414127,5,5,1,11,0,0,0,0,0,21610,300000,52,0,7.2,bonus_bs15_gae3_no,100,2575000,,,LongExtraDayReduced,"{""slot_on_"":""25814\/47000@m21""}",117,60,37,33,26,33,8,4,7,93,50,34,27,17,25,7,4,5
82751,2026-04-10 00:22:02,3,3,2,attack,attack,goldSack,gold,1,false,100000,46514201967471,414126,5,5,1,11,2,0,0,0,0,21610,300000,52,0,7.2,bonus_bs15_gae3_no,100,2575000,,,,"{""e190af25"":""1876\/22000@m16""}",118,62,37,33,26,33,8,4,7,94,52,34,27,17,25,7,4,5
82752,2026-04-10 00:22:03,5,5,5,shield,shield,shield,shield,3,true,1,46514201967471,414126,5,5,1,11,0,0,3,0,0,21610,300000,52,0,7.2,bonus_bs15_gae3_no,100,2575000,,,,,119,62,37,36,26,33,8,4,8,95,52,34,30,17,25,7,4,6
82753,2026-04-10 00:22:04,2,2,2,goldSack,goldSack,goldSack,gold,1,true,2200000,46514204167471,414125,5,5,1,11,0,0,0,0,0,21610,300000,52,0,7.2,bonus_bs15_gae3_no,100,2575000,,,,,120,62,37,36,26,33,8,4,8,96,52,34,30,17,25,7,4,6
82754,2026-04-10 00:22:05,30,2,2,accumulation,goldSack,goldSack,gold,1,false,150000,46514204317471,414124,5,5,1,11,0,0,0,0,1,21611,300000,52,1,7.2,bonus_bs15_gae3_no,100,2575000,,,,,121,62,37,36,26,34,8,4,8,97,52,34,30,17,26,7,4,6
82755,2026-04-10 00:22:06,30,2,2,accumulation,goldSack,goldSack,gold,1,false,150000,46514204467471,414123,5,5,1,11,0,0,0,0,1,21612,300000,52,1,7.2,bonus_bs15_gae3_no,100,2575000,,,,"{""bffc7787"":""9242\/38000@m9""}",122,62,37,36,26,35,8,4,8,98,52,34,30,17,27,7,4,6
82756,2026-04-10 00:22:08,1,6,6,coin,spins,spins,gold,1,false,25000,46514204492471,414122,5,5,1,11,0,0,0,2,0,21612,300000,52,0,7.2,bonus_bs15_gae3_no,100,2575000,,,,,123,62,37,36,28,35,8,4,8,99,52,34,30,19,27,7,4,6
82757,2026-04-10 00:22:09,1,4,6,coin,steal,spins,gold,1,false,25000,46514204517471,414121,5,5,1,11,0,1,0,1,0,21612,300000,52,0,7.2,bonus_bs15_gae3_no,100,2575000,,,,,124,62,38,36,29,35,8,4,8,100,52,35,30,20,27,7,4,6
82758,2026-04-10 00:22:10,1,1,6,coin,coin,spins,gold,1,false,50000,46514204567471,414120,5,5,1,11,0,0,0,1,0,21612,300000,52,0,7.2,bonus_bs15_gae3_no,100,2575000,,,,,125,62,38,36,30,35,8,4,8,101,52,35,30,21,27,7,4,6
82759,2026-04-10 00:22:11,3,3,2,attack,attack,goldSack,gold,1,false,100000,46514204667471,414119,5,5,1,11,2,0,0,0,0,21612,300000,52,0,7.2,bonus_bs15_gae3_no,100,2575000,,,LongExtraDayReduced,"{""slot_on_"":""25815\/47000@m21""}",126,64,38,36,30,35,8,4,8,102,54,35,30,21,27,7,4,6
82760,2026-04-10 00:22:12,2,2,2,goldSack,goldSack,goldSack,gold,1,true,2200000,46514206867471,414118,5,5,1,11,0,0,0,0,0,21612,300000,52,0,7.2,bonus_bs15_gae3_no,100,2575000,,,,"{""c5261ecd"":""3717\/4200@m74""}",127,64,38,36,30,35,8,4,8,103,54,35,30,21,27,7,4,6
82761,2026-04-10 00:22:13,30,30,1,accumulation,accumulation,coin,gold,1,false,25000,46514206892471,414117,5,5,1,11,0,0,0,0,2,21614,300000,52,2,7.2,bonus_bs15_gae3_no,100,2575000,,,,,128,64,38,36,30,37,8,4,8,104,54,35,30,21,29,7,4,6
82762,2026-04-10 00:22:14,1,4,4,coin,steal,steal,gold,1,false,25000,46514206917471,414116,5,5,1,11,0,2,0,0,0,21614,300000,52,0,7.2,bonus_bs15_gae3_no,100,2575000,,,,,129,64,40,36,30,37,8,4,8,105,54,37,30,21,29,7,4,6
82763,2026-04-10 00:22:16,1,4,4,coin,steal,steal,gold,1,false,25000,46514206942471,414115,5,5,1,11,0,2,0,0,0,21614,300000,52,0,7.2,bonus_bs15_gae3_no,100,2575000,,,,,130,64,42,36,30,37,8,4,8,106,54,39,30,21,29,7,4,6
82764,2026-04-10 00:22:17,1,1,6,coin,coin,spins,gold,1,false,50000,46514206992471,414114,5,5,1,11,0,0,0,1,0,21614,300000,52,0,7.2,bonus_bs15_gae3_no,100,2575000,,,,,131,64,42,36,31,37,8,4,8,107,54,39,30,22,29,7,4,6
82765,2026-04-10 00:22:21,30,2,2,accumulation,goldSack,goldSack,gold,1,false,60000000,46514266992471,413714,5,5,400,11,0,0,0,0,1,22014,300000,52,400,7.3,bonus_bs15_gae3_no,100,2575000,,,,,132,64,42,36,31,38,8,4,8,108,54,39,30,22,30,7,4,6
82766,2026-04-10 00:22:22,1,6,6,coin,spins,spins,gold,1,false,10000000,46514276992471,413314,5,5,400,11,0,0,0,2,0,22014,300000,52,0,7.3,bonus_bs15_gae3_no,100,2575000,,,,,133,64,42,36,33,38,8,4,8,109,54,39,30,24,30,7,4,6
82767,2026-04-10 00:22:24,1,1,1,coin,coin,coin,gold,1,true,100000000,46514376992471,412914,5,5,400,11,0,0,0,0,0,22014,300000,52,0,7.3,bonus_bs15_gae3_no,100,2575000,,,,"{""bffc7787"":""9642\/38000@m9""}",134,64,42,36,33,38,8,4,8,110,54,39,30,24,30,7,4,6
82768,2026-04-10 00:22:26,30,2,2,accumulation,goldSack,goldSack,gold,1,false,225000000,46514601992471,411414,5,5,1500,11,0,0,0,0,1,23514,300000,52,1500,7.8,bonus_bs15_gae3_no,100,2575000,,,,,135,64,42,36,33,39,8,4,8,111,54,39,30,24,31,7,4,6
82769,2026-04-10 00:22:28,1,1,1,coin,coin,coin,gold,1,true,375000000,46514976992471,409914,5,5,1500,11,0,0,0,0,0,23514,300000,52,0,7.8,bonus_bs15_gae3_no,100,2575000,,,,"{""e190af25"":""4876\/22000@m16""}",136,64,42,36,33,39,8,4,8,112,54,39,30,24,31,7,4,6
82770,2026-04-10 00:22:29,3,3,3,attack,attack,attack,attack,2,true,0,46514976992471,408414,5,5,1500,11,3,0,0,0,0,23514,300000,52,0,7.8,bonus_bs15_gae3_no,100,2575000,,,,,137,67,42,36,33,39,9,4,8,113,57,39,30,24,31,8,4,6
82771,2026-04-10 00:22:33,3,1,1,attack,coin,coin,gold,1,false,75000000,46528911992471,406914,5,5,1500,11,1,0,0,0,0,23514,300000,52,0,7.8,bonus_bs15_gae3_no,100,2575000,,,,,138,68,42,36,33,39,9,4,8,114,58,39,30,24,31,8,4,6
82772,2026-04-10 00:22:35,3,3,2,attack,attack,goldSack,gold,1,false,100000,46528912092471,406913,5,5,1,11,2,0,0,0,0,23514,300000,52,0,7.8,bonus_bs15_gae3_no,100,2575000,,,LongExtraDayReduced,"{""slot_on_"":""25816\/47000@m21""}",139,70,42,36,33,39,9,4,8,115,60,39,30,24,31,8,4,6
82773,2026-04-10 00:22:37,3,1,1,attack,coin,coin,gold,1,false,50000,46528912142471,406912,5,5,1,11,1,0,0,0,0,23514,300000,52,0,7.8,bonus_bs15_gae3_no,100,2575000,,,,,140,71,42,36,33,39,9,4,8,116,61,39,30,24,31,8,4,6
82774,2026-04-10 00:22:37,5,5,5,shield,shield,shield,shield,3,true,1,46528912142471,406912,5,5,1,11,0,0,3,0,0,23514,300000,52,0,7.8,bonus_bs15_gae3_no,100,2575000,,,,"{""e190af25"":""4878\/22000@m16""}",141,71,42,39,33,39,9,4,9,117,61,39,33,24,31,8,4,7
82775,2026-04-10 00:22:39,30,30,1,accumulation,accumulation,coin,gold,1,false,25000,46528912167471,406911,5,5,1,11,0,0,0,0,2,23516,300000,52,2,7.8,bonus_bs15_gae3_no,100,2575000,,,,,142,71,42,39,33,41,9,4,9,118,61,39,33,24,33,8,4,7
82776,2026-04-10 00:22:40,1,6,6,coin,spins,spins,gold,1,false,25000,46528912192471,406910,5,5,1,11,0,0,0,2,0,23516,300000,52,0,7.8,bonus_bs15_gae3_no,100,2575000,,,,,143,71,42,39,35,41,9,4,9,119,61,39,33,26,33,8,4,7
82777,2026-04-10 00:22:43,2,2,2,goldSack,goldSack,goldSack,gold,1,true,880000000,46529792192471,406510,5,5,400,11,0,0,0,0,0,23516,300000,52,0,7.8,bonus_bs15_gae3_no,100,2575000,,,,,144,71,42,39,35,41,9,4,9,120,61,39,33,26,33,8,4,7
82778,2026-04-10 00:22:44,30,2,2,accumulation,goldSack,goldSack,gold,1,false,60000000,46529852192471,406110,5,5,400,11,0,0,0,0,1,23916,300000,52,400,8.0,bonus_bs15_gae3_no,100,2575000,,,,"{""c5261ecd"":""317\/4200@m75""}",145,71,42,39,35,42,9,4,9,121,61,39,33,26,34,8,4,7
82779,2026-04-10 00:22:47,30,2,2,accumulation,goldSack,goldSack,gold,1,false,225000000,46530077192471,404610,5,5,1500,11,0,0,0,0,1,25416,300000,52,1500,8.5,bonus_bs15_gae3_no,100,2575000,,,,,146,71,42,39,35,43,9,4,9,122,61,39,33,26,35,8,4,7
82780,2026-04-10 00:22:48,3,3,3,attack,attack,attack,attack,2,true,0,46530077192471,403110,5,5,1500,11,3,0,0,0,0,25416,300000,52,0,8.5,bonus_bs15_gae3_no,100,2575000,,,,,147,74,42,39,35,43,10,4,9,123,64,39,33,26,35,9,4,7
82781,2026-04-10 00:22:53,1,4,6,coin,steal,spins,gold,1,false,25000,46572077217471,403109,5,5,1,11,0,1,0,1,0,25416,300000,52,0,8.5,bonus_bs15_gae3_no,100,2575000,LongExtraDayReduced,,,"{""slot_on_"":""25817\/47000@m21""}",148,74,43,39,36,43,10,4,9,124,64,40,33,27,35,9,4,7
82782,2026-04-10 00:22:54,3,3,2,attack,attack,goldSack,gold,1,false,100000,46572077317471,403108,5,5,1,11,2,0,0,0,0,25416,300000,52,0,8.5,bonus_bs15_gae3_no,100,2575000,,,,,149,76,43,39,36,43,10,4,9,125,66,40,33,27,35,9,4,7
82783,2026-04-10 00:22:55,1,1,1,coin,coin,coin,gold,1,true,250000,46572077567471,403107,5,5,1,11,0,0,0,0,0,25416,300000,52,0,8.5,bonus_bs15_gae3_no,100,2575000,,,,,150,76,43,39,36,43,10,4,9,126,66,40,33,27,35,9,4,7
82784,2026-04-10 00:22:58,5,5,5,shield,shield,shield,shield,3,true,400,46572077567471,403107,5,5,400,11,0,0,3,0,0,25416,300000,52,0,8.5,bonus_bs15_gae3_no,100,2575000,,,,,151,76,43,42,36,43,10,4,10,127,66,40,36,27,35,9,4,8
82785,2026-04-10 00:23:00,30,30,1,accumulation,accumulation,coin,gold,1,false,10000000,46572087567471,402707,5,5,400,11,0,0,0,0,2,26216,300000,52,800,8.7,bonus_bs15_gae3_no,100,2575000,,,,,152,76,43,42,36,45,10,4,10,128,66,40,36,27,37,9,4,8
82786,2026-04-10 00:23:01,2,2,2,goldSack,goldSack,goldSack,gold,1,true,880000000,46572967567471,402307,5,5,400,11,0,0,0,0,0,26216,300000,52,0,8.7,bonus_bs15_gae3_no,100,2575000,,LongExtraDayReduced,,"{""slot_on_"":""26217\/47000@m21""}",153,76,43,42,36,45,10,4,10,129,66,40,36,27,37,9,4,8
82787,2026-04-10 00:23:04,1,1,1,coin,coin,coin,gold,1,true,250000,46572967817471,402306,5,5,1,11,0,0,0,0,0,26216,300000,52,0,8.7,bonus_bs15_gae3_no,100,2575000,,,LongExtraDayReduced,"{""slot_on_"":""26218\/47000@m21""}",154,76,43,42,36,45,10,4,10,130,66,40,36,27,37,9,4,8
82788,2026-04-10 00:23:06,30,30,30,accumulation,accumulation,accumulation,gold,10,true,0,46572967817471,402305,5,5,1,11,0,0,0,0,3,26226,300000,52,10,8.7,bonus_bs15_gae3_no,100,2575000,,,,"{""bffc7787"":""9643\/38000@m9""}",155,76,43,42,36,48,10,4,10,131,66,40,36,27,40,9,4,8
82789,2026-04-10 00:23:10,4,6,2,steal,spins,goldSack,gold,1,false,100000,46572967917471,402304,5,5,1,11,0,1,0,1,0,26226,300000,52,0,8.7,bonus_bs15_gae3_no,100,2575000,,,,,1,0,1,0,1,0,0,0,0,132,66,41,36,28,40,9,4,8
82790,2026-04-10 00:23:11,1,1,1,coin,coin,coin,gold,1,true,250000,46572968167471,402303,5,5,1,11,0,0,0,0,0,26226,300000,52,0,8.7,bonus_bs15_gae3_no,100,2575000,LongExtraDayReduced,LongExtraDayReduced,,"{""slot_on_"":""26220\/47000@m21""}",2,0,1,0,1,0,0,0,0,133,66,41,36,28,40,9,4,8
82791,2026-04-10 00:23:12,30,30,1,accumulation,accumulation,coin,gold,1,false,25000,46572968192471,402302,5,5,1,11,0,0,0,0,2,26228,300000,52,2,8.7,bonus_bs15_gae3_no,100,2575000,,,,"{""e190af25"":""4880\/22000@m16""}",3,0,1,0,1,2,0,0,0,134,66,41,36,28,42,9,4,8
82792,2026-04-10 00:23:13,3,3,2,attack,attack,goldSack,gold,1,false,100000,46572968292471,402301,5,5,1,11,2,0,0,0,0,26228,300000,52,0,8.7,bonus_bs15_gae3_no,100,2575000,,,,,4,2,1,0,1,2,0,0,0,135,68,41,36,28,42,9,4,8
82793,2026-04-10 00:23:14,30,30,1,accumulation,accumulation,coin,gold,1,false,25000,46572968317471,402300,5,5,1,11,0,0,0,0,2,26230,300000,52,2,8.7,bonus_bs15_gae3_no,100,2575000,,,,,5,2,1,0,1,4,0,0,0,136,68,41,36,28,44,9,4,8
82794,2026-04-10 00:23:15,30,30,1,accumulation,accumulation,coin,gold,1,false,25000,46572968342471,402299,5,5,1,11,0,0,0,0,2,26232,300000,52,2,8.7,bonus_bs15_gae3_no,100,2575000,LongExtraDayReduced,,LongExtraDayReduced,"{""slot_on_"":""26222\/47000@m21""}",6,2,1,0,1,6,0,0,0,137,68,41,36,28,46,9,4,8
82795,2026-04-10 00:23:17,1,4,4,coin,steal,steal,gold,1,false,25000,46572968367471,402298,5,5,1,11,0,2,0,0,0,26232,300000,52,0,8.7,bonus_bs15_gae3_no,100,2575000,,,,,7,2,3,0,1,6,0,0,0,138,68,43,36,28,46,9,4,8
82796,2026-04-10 00:23:18,3,3,2,attack,attack,goldSack,gold,1,false,100000,46572968467471,402297,5,5,1,11,2,0,0,0,0,26232,300000,52,0,8.7,bonus_bs15_gae3_no,100,2575000,,,,,8,4,3,0,1,6,0,0,0,139,70,43,36,28,46,9,4,8
82797,2026-04-10 00:23:18,3,6,2,attack,spins,goldSack,gold,1,false,100000,46572968567471,402296,5,5,1,11,1,0,0,1,0,26232,300000,52,0,8.7,bonus_bs15_gae3_no,100,2575000,LongExtraDayReduced,,,"{""slot_on_"":""26223\/47000@m21""}",9,5,3,0,2,6,0,0,0,140,71,43,36,29,46,9,4,8
82798,2026-04-10 00:23:19,3,6,2,attack,spins,goldSack,gold,1,false,100000,46572968667471,402295,5,5,1,11,1,0,0,1,0,26232,300000,52,0,8.7,bonus_bs15_gae3_no,100,2575000,,,,,10,6,3,0,3,6,0,0,0,141,72,43,36,30,46,9,4,8
82799,2026-04-10 00:23:20,3,1,4,attack,coin,steal,gold,1,false,25000,46572968692471,402294,5,5,1,11,1,1,0,0,0,26232,300000,52,0,8.7,bonus_bs15_gae3_no,100,2575000,,,,,11,7,4,0,3,6,0,0,0,142,73,44,36,30,46,9,4,8
82800,2026-04-10 00:23:21,3,3,2,attack,attack,goldSack,gold,1,false,100000,46572968792471,402293,5,5,1,11,2,0,0,0,0,26232,300000,52,0,8.7,bonus_bs15_gae3_no,100,2575000,,,,"{""c5261ecd"":""319\/4200@m75""}",12,9,4,0,3,6,0,0,0,143,75,44,36,30,46,9,4,8
82801,2026-04-10 00:23:22,30,2,2,accumulation,goldSack,goldSack,gold,1,false,150000,46572968942471,402292,5,5,1,11,0,0,0,0,1,26233,300000,52,1,8.7,bonus_bs15_gae3_no,100,2575000,,,,,13,9,4,0,3,7,0,0,0,144,75,44,36,30,47,9,4,8
82802,2026-04-10 00:23:23,3,3,3,attack,attack,attack,attack,2,true,0,46572968942471,402291,5,5,1,11,3,0,0,0,0,26233,300000,52,0,8.7,bonus_bs15_gae3_no,100,2575000,LongExtraDayReduced,,,"{""slot_on_"":""26224\/47000@m21""}",14,12,4,0,3,7,1,0,0,145,78,44,36,30,47,10,4,8
82803,2026-04-10 00:23:28,1,1,1,coin,coin,coin,gold,1,true,250000,46572997192471,402290,5,5,1,11,0,0,0,0,0,26233,300000,52,0,8.7,bonus_bs15_gae3_no,100,2575000,,,,,15,12,4,0,3,7,1,0,0,146,78,44,36,30,47,10,4,8
82804,2026-04-10 00:23:28,30,30,1,accumulation,accumulation,coin,gold,1,false,25000,46572997217471,402289,5,5,1,11,0,0,0,0,2,26235,300000,52,2,8.7,bonus_bs15_gae3_no,100,2575000,,,,"{""bffc7787"":""9644\/38000@m9""}",16,12,4,0,3,9,1,0,0,147,78,44,36,30,49,10,4,8
82805,2026-04-10 00:23:30,30,2,2,accumulation,goldSack,goldSack,gold,1,false,150000,46572997367471,402288,5,5,1,11,0,0,0,0,1,26236,300000,52,1,8.7,bonus_bs15_gae3_no,100,2575000,,,,,17,12,4,0,3,10,1,0,0,148,78,44,36,30,50,10,4,8
82806,2026-04-10 00:23:30,3,6,2,attack,spins,goldSack,gold,1,false,100000,46572997467471,402287,5,5,1,11,1,0,0,1,0,26236,300000,52,0,8.7,bonus_bs15_gae3_no,100,2575000,,LongExtraDayReduced,,"{""slot_on_"":""26225\/47000@m21""}",18,13,4,0,4,10,1,0,0,149,79,44,36,31,50,10,4,8
82807,2026-04-10 00:23:31,30,2,2,accumulation,goldSack,goldSack,gold,1,false,150000,46572997617471,402286,5,5,1,11,0,0,0,0,1,26237,300000,52,1,8.7,bonus_bs15_gae3_no,100,2575000,LongExtraDayReduced,,LongExtraDayReduced,"{""slot_on_"":""26227\/47000@m21""}",19,13,4,0,4,11,1,0,0,150,79,44,36,31,51,10,4,8
82808,2026-04-10 00:23:32,30,30,1,accumulation,accumulation,coin,gold,1,false,25000,46572997642471,402285,5,5,1,11,0,0,0,0,2,26239,300000,52,2,8.7,bonus_bs15_gae3_no,100,2575000,,,LongExtraDayReduced,"{""slot_on_"":""26228\/47000@m21""}",20,13,4,0,4,13,1,0,0,151,79,44,36,31,53,10,4,8
82809,2026-04-10 00:23:34,3,1,4,attack,coin,steal,gold,1,false,25000,46572997667471,402284,5,5,1,11,1,1,0,0,0,26239,300000,52,0,8.7,bonus_bs15_gae3_no,100,2575000,,,,,21,14,5,0,4,13,1,0,0,152,80,45,36,31,53,10,4,8
82810,2026-04-10 00:23:35,2,2,2,goldSack,goldSack,goldSack,gold,1,true,2200000,46572999867471,402283,5,5,1,11,0,0,0,0,0,26239,300000,52,0,8.7,bonus_bs15_gae3_no,100,2575000,,,,"{""e190af25"":""4882\/22000@m16"",""c5261ecd"":""321\/4200@m75""}",22,14,5,0,4,13,1,0,0,153,80,45,36,31,53,10,4,8
82811,2026-04-10 00:23:36,3,6,2,attack,spins,goldSack,gold,1,false,100000,46572999967471,402282,5,5,1,11,1,0,0,1,0,26239,300000,52,0,8.7,bonus_bs15_gae3_no,100,2575000,LongExtraDayReduced,,LongExtraDayReduced,"{""slot_on_"":""26230\/47000@m21""}",23,15,5,0,5,13,1,0,0,154,81,45,36,32,53,10,4,8
82812,2026-04-10 00:23:37,1,6,6,coin,spins,spins,gold,1,false,25000,46572999992471,402281,5,5,1,11,0,0,0,2,0,26239,300000,52,0,8.7,bonus_bs15_gae3_no,100,2575000,,,,,24,15,5,0,7,13,1,0,0,155,81,45,36,34,53,10,4,8
82813,2026-04-10 00:23:38,30,2,2,accumulation,goldSack,goldSack,gold,1,false,150000,46573000142471,402280,5,5,1,11,0,0,0,0,1,26240,300000,52,1,8.7,bonus_bs15_gae3_no,100,2575000,,,LongExtraDayReduced,"{""slot_on_"":""26231\/47000@m21""}",25,15,5,0,7,14,1,0,0,156,81,45,36,34,54,10,4,8
82814,2026-04-10 00:23:39,3,3,3,attack,attack,attack,attack,2,true,0,46573000142471,402279,5,5,1,11,3,0,0,0,0,26240,300000,52,0,8.7,bonus_bs15_gae3_no,100,2575000,,LongExtraDayReduced,,"{""slot_on_"":""26232\/47000@m21""}",26,18,5,0,7,14,2,0,0,157,84,45,36,34,54,11,4,8
82815,2026-04-10 00:23:43,3,6,2,attack,spins,goldSack,gold,1,false,100000,46573009482471,402278,5,5,1,11,1,0,0,1,0,26240,300000,52,0,8.7,bonus_bs15_gae3_no,100,2575000,,,,,27,19,5,0,8,14,2,0,0,158,85,45,36,35,54,11,4,8
82816,2026-04-10 00:23:43,3,3,3,attack,attack,attack,attack,2,true,0,46573009482471,402277,5,5,1,11,3,0,0,0,0,26240,300000,52,0,8.7,bonus_bs15_gae3_no,100,2575000,,,,,28,22,5,0,8,14,3,0,0,159,88,45,36,35,54,12,4,8
82817,2026-04-10 00:23:47,3,6,2,attack,spins,goldSack,gold,1,false,100000,46573018822471,402276,5,5,1,11,1,0,0,1,0,26240,300000,52,0,8.7,bonus_bs15_gae3_no,100,2575000,,,,"{""e190af25"":""4884\/22000@m16""}",29,23,5,0,9,14,3,0,0,160,89,45,36,36,54,12,4,8
82818,2026-04-10 00:23:48,3,1,4,attack,coin,steal,gold,1,false,25000,46573018847471,402275,5,5,1,11,1,1,0,0,0,26240,300000,52,0,8.7,bonus_bs15_gae3_no,100,2575000,,,LongExtraDayReduced,"{""slot_on_"":""26233\/47000@m21""}",30,24,6,0,9,14,3,0,0,161,90,46,36,36,54,12,4,8
82819,2026-04-10 00:23:49,3,3,3,attack,attack,attack,attack,2,true,0,46573018847471,402274,5,5,1,11,3,0,0,0,0,26240,300000,52,0,8.7,bonus_bs15_gae3_no,100,2575000,,,,,31,27,6,0,9,14,4,0,0,162,93,46,36,36,54,13,4,8
82820,2026-04-10 00:23:53,1,1,1,coin,coin,coin,gold,1,true,250000,46573047097471,402273,5,5,1,11,0,0,0,0,0,26240,300000,52,0,8.7,bonus_bs15_gae3_no,100,2575000,LongExtraDayReduced,,,"{""slot_on_"":""26234\/47000@m21""}",32,27,6,0,9,14,4,0,0,163,93,46,36,36,54,13,4,8
82821,2026-04-10 00:23:54,30,30,1,accumulation,accumulation,coin,gold,1,false,25000,46573047122471,402272,5,5,1,11,0,0,0,0,2,26242,300000,52,2,8.7,bonus_bs15_gae3_no,100,2575000,,,,"{""c5261ecd"":""323\/4200@m75"",""bffc7787"":""9645\/38000@m9""}",33,27,6,0,9,16,4,0,0,164,93,46,36,36,56,13,4,8
82822,2026-04-10 00:23:55,4,4,4,steal,steal,steal,steal,4,true,0,46573047122471,402271,5,5,1,11,0,3,0,0,0,26242,300000,52,0,8.7,bonus_bs15_gae3_no,100,2575000,,,,,34,27,9,0,9,16,4,1,0,165,93,49,36,36,56,13,5,8
82823,2026-04-10 00:24:02,4,4,4,steal,steal,steal,steal,4,true,0,46573384923971,402270,5,5,1,11,0,3,0,0,0,26242,300000,52,0,8.7,bonus_bs15_gae3_no,100,2575000,,,,,35,27,12,0,9,16,4,2,0,166,93,52,36,36,56,13,6,8
82824,2026-04-10 00:24:09,3,6,2,attack,spins,goldSack,gold,1,false,100000,46573848564051,402269,5,5,1,11,1,0,0,1,0,26242,300000,52,0,8.7,bonus_bs15_gae3_no,100,2575000,,,,,36,28,12,0,10,16,4,2,0,167,94,52,36,37,56,13,6,8
82825,2026-04-10 00:24:10,1,1,4,coin,coin,steal,gold,1,false,50000,46573848614051,402268,5,5,1,11,0,1,0,0,0,26242,300000,52,0,8.7,bonus_bs15_gae3_no,100,2575000,,,,,37,28,13,0,10,16,4,2,0,168,94,53,36,37,56,13,6,8
82826,2026-04-10 00:24:11,1,1,1,coin,coin,coin,gold,1,true,250000,46573848864051,402267,5,5,1,11,0,0,0,0,0,26242,300000,52,0,8.7,bonus_bs15_gae3_no,100,2575000,LongExtraDayReduced,,,"{""slot_on_"":""26235\/47000@m21""}",38,28,13,0,10,16,4,2,0,169,94,53,36,37,56,13,6,8
82827,2026-04-10 00:24:12,3,1,5,attack,coin,shield,gold,1,false,25000,46573848889051,402266,5,5,1,11,1,0,1,0,0,26242,300000,52,0,8.7,bonus_bs15_gae3_no,100,2575000,,,,,39,29,13,1,10,16,4,2,0,170,95,53,37,37,56,13,6,8
82828,2026-04-10 00:24:12,2,2,2,goldSack,goldSack,goldSack,gold,1,true,2200000,46573851089051,402265,5,5,1,11,0,0,0,0,0,26242,300000,52,0,8.7,bonus_bs15_gae3_no,100,2575000,,,,,40,29,13,1,10,16,4,2,0,171,95,53,37,37,56,13,6,8
82829,2026-04-10 00:24:13,1,1,4,coin,coin,steal,gold,1,false,50000,46573851139051,402264,5,5,1,11,0,1,0,0,0,26242,300000,52,0,8.7,bonus_bs15_gae3_no,100,2575000,,LongExtraDayReduced,,"{""slot_on_"":""26236\/47000@m21""}",41,29,14,1,10,16,4,2,0,172,95,54,37,37,56,13,6,8
82830,2026-04-10 00:24:14,6,6,6,spins,spins,spins,spins,5,true,10,46573851139051,402273,5,5,1,11,0,0,0,3,0,26242,300000,52,0,8.7,bonus_bs15_gae3_no,100,2575000,,,,,42,29,14,1,13,16,4,2,0,173,95,54,37,40,56,13,6,8
82831,2026-04-10 00:24:16,1,5,5,coin,shield,shield,gold,1,false,25000,46573851164051,402272,5,5,1,11,0,0,2,0,0,26242,300000,52,0,8.7,bonus_bs15_gae3_no,100,2575000,,,,"{""e190af25"":""4886\/22000@m16""}",43,29,14,3,13,16,4,2,0,1,0,0,2,0,0,0,0,0
82832,2026-04-10 00:24:16,3,6,2,attack,spins,goldSack,gold,1,false,100000,46573851264051,402271,5,5,1,11,1,0,0,1,0,26242,300000,52,0,8.7,bonus_bs15_gae3_no,100,2575000,,LongExtraDayReduced,,"{""slot_on_"":""26237\/47000@m21""}",44,30,14,3,14,16,4,2,0,2,1,0,2,1,0,0,0,0
82833,2026-04-10 00:24:17,1,1,1,coin,coin,coin,gold,1,true,250000,46573851514051,402270,5,5,1,11,0,0,0,0,0,26242,300000,52,0,8.7,bonus_bs15_gae3_no,100,2575000,,,,,45,30,14,3,14,16,4,2,0,3,1,0,2,1,0,0,0,0
82834,2026-04-10 00:24:18,30,2,2,accumulation,goldSack,goldSack,gold,1,false,150000,46573851664051,402269,5,5,1,11,0,0,0,0,1,26243,300000,52,1,8.7,bonus_bs15_gae3_no,100,2575000,,,,,46,30,14,3,14,17,4,2,0,4,1,0,2,1,1,0,0,0
82835,2026-04-10 00:24:19,5,2,2,shield,goldSack,goldSack,gold,1,false,150000,46573851814051,402268,5,5,1,11,0,0,1,0,0,26243,300000,52,0,8.7,bonus_bs15_gae3_no,100,2575000,,,,,47,30,14,4,14,17,4,2,0,5,1,0,3,1,1,0,0,0
82836,2026-04-10 00:24:20,30,2,2,accumulation,goldSack,goldSack,gold,1,false,150000,46573851964051,402267,5,5,1,11,0,0,0,0,1,26244,300000,52,1,8.7,bonus_bs15_gae3_no,100,2575000,,,LongExtraDayReduced,"{""slot_on_"":""26238\/47000@m21""}",48,30,14,4,14,18,4,2,0,6,1,0,3,1,2,0,0,0
82837,2026-04-10 00:24:21,5,5,5,shield,shield,shield,shield,3,true,1,46573851964051,402267,5,5,1,11,0,0,3,0,0,26244,300000,52,0,8.7,bonus_bs15_gae3_no,100,2575000,,,LongExtraDayReduced,"{""slot_on_"":""26239\/47000@m21""}",49,30,14,7,14,18,4,2,1,7,1,0,6,1,2,0,0,1
82838,2026-04-10 00:24:22,4,4,4,steal,steal,steal,steal,4,true,0,46573851964051,402266,5,5,1,11,0,3,0,0,0,26244,300000,52,0,8.7,bonus_bs15_gae3_no,100,2575000,,,,,50,30,17,7,14,18,4,3,1,8,1,3,6,1,2,0,1,1
82839,2026-04-10 00:24:29,30,2,2,accumulation,goldSack,goldSack,gold,1,false,150000,46574543017711,402265,5,5,1,11,0,0,0,0,1,26245,300000,52,1,8.7,bonus_bs15_gae3_no,100,2575000,LongExtraDayReduced,LongExtraDayReduced,LongExtraDayReduced,"{""slot_on_"":""26244\/47000@m21"",""bffc7787"":""9646\/38000@m9""}",51,30,17,7,14,19,4,3,1,9,1,3,6,1,3,0,1,1
82840,2026-04-10 00:24:31,1,1,4,coin,coin,steal,gold,1,false,50000,46574543067711,402264,5,5,1,11,0,1,0,0,0,26245,300000,52,0,8.7,bonus_bs15_gae3_no,100,2575000,,LongExtraDayReduced,LongExtraDayReduced,"{""slot_on_"":""26246\/47000@m21"",""c5261ecd"":""325\/4200@m75""}",52,30,18,7,14,19,4,3,1,10,1,4,6,1,3,0,1,1
82841,2026-04-10 00:24:32,1,6,6,coin,spins,spins,gold,1,false,25000,46574543092711,402263,5,5,1,11,0,0,0,2,0,26245,300000,52,0,8.7,bonus_bs15_gae3_no,100,2575000,,,,,53,30,18,7,16,19,4,3,1,11,1,4,6,3,3,0,1,1
82842,2026-04-10 00:24:32,5,5,5,shield,shield,shield,shield,3,true,1,46574543092711,402263,5,5,1,11,0,0,3,0,0,26245,300000,52,0,8.7,bonus_bs15_gae3_no,100,2575000,,,LongExtraDayReduced,"{""slot_on_"":""26247\/47000@m21""}",54,30,18,10,16,19,4,3,2,12,1,4,9,3,3,0,1,2
82843,2026-04-10 00:24:34,3,3,3,attack,attack,attack,attack,2,true,0,46574543092711,402262,5,5,1,11,3,0,0,0,0,26245,300000,52,0,8.7,bonus_bs15_gae3_no,100,2575000,,,,,55,33,18,10,16,19,5,3,2,13,4,4,9,3,3,1,1,2
82844,2026-04-10 00:24:38,30,2,2,accumulation,goldSack,goldSack,gold,1,false,150000,46574552482711,402261,5,5,1,11,0,0,0,0,1,26246,300000,52,1,8.7,bonus_bs15_gae3_no,100,2575000,,,,,56,33,18,10,16,20,5,3,2,14,4,4,9,3,4,1,1,2
82845,2026-04-10 00:24:39,3,3,3,attack,attack,attack,attack,2,true,0,46574552482711,402260,5,5,1,11,3,0,0,0,0,26246,300000,52,0,8.7,bonus_bs15_gae3_no,100,2575000,,,,"{""e190af25"":""4888\/22000@m16""}",57,36,18,10,16,20,6,3,2,15,7,4,9,3,4,2,1,2
82846,2026-04-10 00:24:56,1,4,4,coin,steal,steal,gold,1,false,25000,46574561747711,402259,5,5,1,11,0,2,0,0,0,26246,300000,52,0,8.7,bonus_bs15_gae3_no,100,2575000,,,,,58,36,20,10,16,20,6,3,2,16,7,6,9,3,4,2,1,2
82847,2026-04-10 00:24:56,2,2,2,goldSack,goldSack,goldSack,gold,1,true,2200000,46574563947711,402258,5,5,1,11,0,0,0,0,0,26246,300000,52,0,8.7,bonus_bs15_gae3_no,100,2575000,,,,,59,36,20,10,16,20,6,3,2,17,7,6,9,3,4,2,1,2
82848,2026-04-10 00:24:57,1,1,4,coin,coin,steal,gold,1,false,50000,46574563997711,402257,5,5,1,11,0,1,0,0,0,26246,300000,52,0,8.7,bonus_bs15_gae3_no,100,2575000,,,,,60,36,21,10,16,20,6,3,2,18,7,7,9,3,4,2,1,2
82849,2026-04-10 00:24:58,1,1,4,coin,coin,steal,gold,1,false,50000,46574564047711,402256,5,5,1,11,0,1,0,0,0,26246,300000,52,0,8.7,bonus_bs15_gae3_no,100,2575000,,,,,61,36,22,10,16,20,6,3,2,19,7,8,9,3,4,2,1,2
82850,2026-04-10 00:24:59,1,1,4,coin,coin,steal,gold,1,false,50000,46574564097711,402255,5,5,1,11,0,1,0,0,0,26246,300000,52,0,8.7,bonus_bs15_gae3_no,100,2575000,,,,,62,36,23,10,16,20,6,3,2,20,7,9,9,3,4,2,1,2
82851,2026-04-10 00:24:59,3,6,2,attack,spins,goldSack,gold,1,false,100000,46574564197711,402254,5,5,1,11,1,0,0,1,0,26246,300000,52,0,8.7,bonus_bs15_gae3_no,100,2575000,,,LongExtraDayReduced,"{""slot_on_"":""26248\/47000@m21""}",63,37,23,10,17,20,6,3,2,21,8,9,9,4,4,2,1,2
82852,2026-04-10 00:25:00,3,6,2,attack,spins,goldSack,gold,1,false,100000,46574564297711,402253,5,5,1,11,1,0,0,1,0,26246,300000,52,0,8.7,bonus_bs15_gae3_no,100,2575000,,LongExtraDayReduced,,"{""slot_on_"":""26249\/47000@m21""}",64,38,23,10,18,20,6,3,2,22,9,9,9,5,4,2,1,2
82853,2026-04-10 00:25:01,30,2,2,accumulation,goldSack,goldSack,gold,1,false,150000,46574564447711,402252,5,5,1,11,0,0,0,0,1,26247,300000,52,1,8.7,bonus_bs15_gae3_no,100,2575000,,,,,65,38,23,10,18,21,6,3,2,23,9,9,9,5,5,2,1,2
82854,2026-04-10 00:25:05,3,4,2,attack,steal,goldSack,gold,1,false,40000000,46574604447711,401852,5,5,400,11,1,1,0,0,0,26247,300000,52,0,8.7,bonus_bs15_gae3_no,100,2575000,,,,,66,39,24,10,18,21,6,3,2,24,10,10,9,5,5,2,1,2
82855,2026-04-10 00:25:06,3,3,3,attack,attack,attack,attack,2,true,0,46574604447711,401452,5,5,400,11,3,0,0,0,0,26247,300000,52,0,8.7,bonus_bs15_gae3_no,100,2575000,,,,,67,42,24,10,18,21,7,3,2,25,13,10,9,5,5,3,1,2
82856,2026-04-10 00:25:10,3,6,2,attack,spins,goldSack,gold,1,false,40000000,46578340447711,401052,5,5,400,11,1,0,0,1,0,26247,300000,52,0,8.7,bonus_bs15_gae3_no,100,2575000,,,,"{""e190af25"":""5688\/22000@m16"",""c5261ecd"":""1125\/4200@m75""}",68,43,24,10,19,21,7,3,2,26,14,10,9,6,5,3,1,2
82857,2026-04-10 00:25:11,4,4,4,steal,steal,steal,steal,4,true,0,46578340447711,400652,5,5,400,11,0,3,0,0,0,26247,300000,52,0,8.7,bonus_bs15_gae3_no,100,2575000,,,,,69,43,27,10,19,21,7,4,2,27,14,13,9,6,5,3,2,2
82858,2026-04-10 00:25:20,1,6,6,coin,spins,spins,gold,1,false,10000000,46758973031711,400252,5,5,400,11,0,0,0,2,0,26247,300000,52,0,8.7,bonus_bs15_gae3_no,100,2575000,LongExtraDayReduced,LongExtraDayReduced,LongExtraDayReduced,"{""slot_on_"":""28249\/47000@m21""}",70,43,27,10,21,21,7,4,2,28,14,13,9,8,5,3,2,2
82859,2026-04-10 00:25:21,3,3,3,attack,attack,attack,attack,2,true,0,46758973031711,399852,5,5,400,11,3,0,0,0,0,26247,300000,52,0,8.7,bonus_bs15_gae3_no,100,2575000,,,,,71,46,27,10,21,21,8,4,2,29,17,13,9,8,5,4,2,2
82860,2026-04-10 00:25:26,3,6,2,attack,spins,goldSack,gold,1,false,40000000,46762709031711,399452,5,5,400,11,1,0,0,1,0,26247,300000,52,0,8.7,bonus_bs15_gae3_no,100,2575000,,LongExtraDayReduced,,"{""slot_on_"":""28649\/47000@m21"",""bffc7787"":""10046\/38000@m9""}",72,47,27,10,22,21,8,4,2,30,18,13,9,9,5,4,2,2
82861,2026-04-10 00:25:27,30,30,1,accumulation,accumulation,coin,gold,1,false,10000000,46762719031711,399052,5,5,400,11,0,0,0,0,2,27047,300000,52,800,9.0,bonus_bs15_gae3_no,100,2575000,,,,,73,47,27,10,22,23,8,4,2,31,18,13,9,9,7,4,2,2
82862,2026-04-10 00:25:28,30,30,30,accumulation,accumulation,accumulation,gold,10,true,0,46762719031711,398652,5,5,400,11,0,0,0,0,3,31047,300000,52,4000,10.3,bonus_bs15_gae3_no,100,2575000,LongExtraDayReduced,,,"{""slot_on_"":""29049\/47000@m21""}",74,47,27,10,22,26,8,4,2,32,18,13,9,9,10,4,2,2
82863,2026-04-10 00:25:33,1,1,6,coin,coin,spins,gold,1,false,50000,46762719081711,398651,5,5,1,11,0,0,0,1,0,31047,300000,52,0,10.3,bonus_bs15_gae3_no,100,2575000,,LongExtraDayReduced,,"{""slot_on_"":""29050\/47000@m21""}",1,0,0,0,1,0,0,0,0,33,18,13,9,10,10,4,2,2
82864,2026-04-10 00:25:33,5,5,5,shield,shield,shield,shield,3,true,1,46762719081711,398651,5,5,1,11,0,0,3,0,0,31047,300000,52,0,10.3,bonus_bs15_gae3_no,100,2575000,,,LongExtraDayReduced,"{""slot_on_"":""29051\/47000@m21""}",2,0,0,3,1,0,0,0,1,34,18,13,12,10,10,4,2,3
82865,2026-04-10 00:25:35,3,3,3,attack,attack,attack,attack,2,true,0,46762719081711,398650,5,5,1,11,3,0,0,0,0,31047,300000,52,0,10.3,bonus_bs15_gae3_no,100,2575000,,,,,3,3,0,3,1,0,1,0,1,35,21,13,12,10,10,5,2,3
82866,2026-04-10 00:25:39,1,1,6,coin,coin,spins,gold,1,false,50000,46762747131711,398649,5,5,1,11,0,0,0,1,0,31047,300000,52,0,10.3,bonus_bs15_gae3_no,100,2575000,,,,,4,3,0,3,2,0,1,0,1,36,21,13,12,11,10,5,2,3
82867,2026-04-10 00:25:39,30,2,2,accumulation,goldSack,goldSack,gold,1,false,150000,46762747281711,398648,5,5,1,11,0,0,0,0,1,31048,300000,52,1,10.3,bonus_bs15_gae3_no,100,2575000,,,,,5,3,0,3,2,1,1,0,1,37,21,13,12,11,11,5,2,3
82868,2026-04-10 00:25:40,3,4,2,attack,steal,goldSack,gold,1,false,100000,46762747381711,398647,5,5,1,11,1,1,0,0,0,31048,300000,52,0,10.3,bonus_bs15_gae3_no,100,2575000,LongExtraDayReduced,,,"{""slot_on_"":""29052\/47000@m21""}",6,4,1,3,2,1,1,0,1,38,22,14,12,11,11,5,2,3
82869,2026-04-10 00:25:41,2,2,2,goldSack,goldSack,goldSack,gold,1,true,2200000,46762749581711,398646,5,5,1,11,0,0,0,0,0,31048,300000,52,0,10.3,bonus_bs15_gae3_no,100,2575000,,LongExtraDayReduced,,"{""slot_on_"":""29053\/47000@m21""}",7,4,1,3,2,1,1,0,1,39,22,14,12,11,11,5,2,3
82870,2026-04-10 00:25:42,3,4,2,attack,steal,goldSack,gold,1,false,100000,46762749681711,398645,5,5,1,11,1,1,0,0,0,31048,300000,52,0,10.3,bonus_bs15_gae3_no,100,2575000,,,,,8,5,2,3,2,1,1,0,1,40,23,15,12,11,11,5,2,3
82871,2026-04-10 00:25:43,30,2,2,accumulation,goldSack,goldSack,gold,1,false,150000,46762749831711,398644,5,5,1,11,0,0,0,0,1,31049,300000,52,1,10.3,bonus_bs15_gae3_no,100,2575000,LongExtraDayReduced,,,"{""slot_on_"":""29054\/47000@m21"",""e190af25"":""5690\/22000@m16""}",9,5,2,3,2,2,1,0,1,41,23,15,12,11,12,5,2,3
82872,2026-04-10 00:25:45,30,30,1,accumulation,accumulation,coin,gold,1,false,25000,46762749856711,398643,5,5,1,11,0,0,0,0,2,31051,300000,52,2,10.4,bonus_bs15_gae3_no,100,2575000,,,,,10,5,2,3,2,4,1,0,1,42,23,15,12,11,14,5,2,3
82873,2026-04-10 00:25:46,1,6,6,coin,spins,spins,gold,1,false,25000,46762749881711,398642,5,5,1,11,0,0,0,2,0,31051,300000,52,0,10.4,bonus_bs15_gae3_no,100,2575000,,LongExtraDayReduced,LongExtraDayReduced,"{""slot_on_"":""29056\/47000@m21""}",11,5,2,3,4,4,1,0,1,43,23,15,12,13,14,5,2,3
82874,2026-04-10 00:25:47,30,2,2,accumulation,goldSack,goldSack,gold,1,false,150000,46762750031711,398641,5,5,1,11,0,0,0,0,1,31052,300000,52,1,10.4,bonus_bs15_gae3_no,100,2575000,,,,,12,5,2,3,4,5,1,0,1,44,23,15,12,13,15,5,2,3
82875,2026-04-10 00:25:48,5,5,5,shield,shield,shield,shield,3,true,1,46762750031711,398641,5,5,1,11,0,0,3,0,0,31052,300000,52,0,10.4,bonus_bs15_gae3_no,100,2575000,LongExtraDayReduced,,,"{""slot_on_"":""29057\/47000@m21""}",13,5,2,6,4,5,1,0,2,45,23,15,15,13,15,5,2,4
82876,2026-04-10 00:25:49,2,2,2,goldSack,goldSack,goldSack,gold,1,true,2200000,46762752231711,398640,5,5,1,11,0,0,0,0,0,31052,300000,52,0,10.4,bonus_bs15_gae3_no,100,2575000,,,,,14,5,2,6,4,5,1,0,2,46,23,15,15,13,15,5,2,4
82877,2026-04-10 00:25:50,3,3,3,attack,attack,attack,attack,2,true,0,46762752231711,398639,5,5,1,11,3,0,0,0,0,31052,300000,52,0,10.4,bonus_bs15_gae3_no,100,2575000,,,,,15,8,2,6,4,5,2,0,2,47,26,15,15,13,15,6,2,4
82878,2026-04-10 00:25:54,5,2,2,shield,goldSack,goldSack,gold,1,false,150000,46762780381711,398638,5,5,1,11,0,0,1,0,0,31052,300000,52,0,10.4,bonus_bs15_gae3_no,100,2575000,,,,"{""c5261ecd"":""1127\/4200@m75""}",16,8,2,7,4,5,2,0,2,48,26,15,16,13,15,6,2,4
82879,2026-04-10 00:25:55,1,1,1,coin,coin,coin,gold,1,true,250000,46762780631711,398637,5,5,1,11,0,0,0,0,0,31052,300000,52,0,10.4,bonus_bs15_gae3_no,100,2575000,,,,"{""bffc7787"":""10047\/38000@m9""}",17,8,2,7,4,5,2,0,2,49,26,15,16,13,15,6,2,4
82880,2026-04-10 00:25:56,1,1,1,coin,coin,coin,gold,1,true,250000,46762780881711,398636,5,5,1,11,0,0,0,0,0,31052,300000,52,0,10.4,bonus_bs15_gae3_no,100,2575000,,,,"{""e190af25"":""5692\/22000@m16""}",18,8,2,7,4,5,2,0,2,50,26,15,16,13,15,6,2,4
82881,2026-04-10 00:25:57,1,4,4,coin,steal,steal,gold,1,false,25000,46762780906711,398635,5,5,1,11,0,2,0,0,0,31052,300000,52,0,10.4,bonus_bs15_gae3_no,100,2575000,,,,,19,8,4,7,4,5,2,0,2,51,26,17,16,13,15,6,2,4
82882,2026-04-10 00:25:57,1,1,6,coin,coin,spins,gold,1,false,50000,46762780956711,398634,5,5,1,11,0,0,0,1,0,31052,300000,52,0,10.4,bonus_bs15_gae3_no,100,2575000,,,,,20,8,4,7,5,5,2,0,2,52,26,17,16,14,15,6,2,4
82883,2026-04-10 00:25:58,3,6,2,attack,spins,goldSack,gold,1,false,100000,46762781056711,398633,5,5,1,11,1,0,0,1,0,31052,300000,52,0,10.4,bonus_bs15_gae3_no,100,2575000,,,LongExtraDayReduced,"{""slot_on_"":""29058\/47000@m21""}",21,9,4,7,6,5,2,0,2,53,27,17,16,15,15,6,2,4
82884,2026-04-10 00:25:59,3,4,2,attack,steal,goldSack,gold,1,false,100000,46762781156711,398632,5,5,1,11,1,1,0,0,0,31052,300000,52,0,10.4,bonus_bs15_gae3_no,100,2575000,,,,,22,10,5,7,6,5,2,0,2,54,28,18,16,15,15,6,2,4
82885,2026-04-10 00:26:00,2,2,2,goldSack,goldSack,goldSack,gold,1,true,2200000,46762783356711,398631,5,5,1,11,0,0,0,0,0,31052,300000,52,0,10.4,bonus_bs15_gae3_no,100,2575000,,,,,23,10,5,7,6,5,2,0,2,55,28,18,16,15,15,6,2,4
82886,2026-04-10 00:26:00,3,6,2,attack,spins,goldSack,gold,1,false,100000,46762783456711,398630,5,5,1,11,1,0,0,1,0,31052,300000,52,0,10.4,bonus_bs15_gae3_no,100,2575000,,,,"{""e190af25"":""5694\/22000@m16""}",24,11,5,7,7,5,2,0,2,56,29,18,16,16,15,6,2,4
82887,2026-04-10 00:26:01,1,1,1,coin,coin,coin,gold,1,true,250000,46762783706711,398629,5,5,1,11,0,0,0,0,0,31052,300000,52,0,10.4,bonus_bs15_gae3_no,100,2575000,,,,,25,11,5,7,7,5,2,0,2,57,29,18,16,16,15,6,2,4
82888,2026-04-10 00:26:02,5,5,5,shield,shield,shield,shield,3,true,1,46762783706711,398629,5,5,1,11,0,0,3,0,0,31052,300000,52,0,10.4,bonus_bs15_gae3_no,100,2575000,,,,,26,11,5,10,7,5,2,0,3,58,29,18,19,16,15,6,2,5
82889,2026-04-10 00:26:03,1,5,5,coin,shield,shield,gold,1,false,25000,46762783731711,398628,5,5,1,11,0,0,2,0,0,31052,300000,52,0,10.4,bonus_bs15_gae3_no,100,2575000,,,,,27,11,5,12,7,5,2,0,3,59,29,18,21,16,15,6,2,5
82890,2026-04-10 00:26:04,3,3,3,attack,attack,attack,attack,2,true,0,46762783731711,398627,5,5,1,11,3,0,0,0,0,31052,300000,52,0,10.4,bonus_bs15_gae3_no,100,2575000,,,,,28,14,5,12,7,5,3,0,3,60,32,18,21,16,15,7,2,5
82891,2026-04-10 00:26:08,1,1,1,coin,coin,coin,gold,1,true,250000,46762793221711,398626,5,5,1,11,0,0,0,0,0,31052,300000,52,0,10.4,bonus_bs15_gae3_no,100,2575000,,,,,29,14,5,12,7,5,3,0,3,61,32,18,21,16,15,7,2,5
82892,2026-04-10 00:26:08,2,2,2,goldSack,goldSack,goldSack,gold,1,true,2200000,46762795421711,398625,5,5,1,11,0,0,0,0,0,31052,300000,52,0,10.4,bonus_bs15_gae3_no,100,2575000,,,,,30,14,5,12,7,5,3,0,3,62,32,18,21,16,15,7,2,5
82893,2026-04-10 00:26:09,1,4,4,coin,steal,steal,gold,1,false,25000,46762795446711,398624,5,5,1,11,0,2,0,0,0,31052,300000,52,0,10.4,bonus_bs15_gae3_no,100,2575000,,,,,31,14,7,12,7,5,3,0,3,63,32,20,21,16,15,7,2,5
82894,2026-04-10 00:26:10,30,2,2,accumulation,goldSack,goldSack,gold,1,false,150000,46762795596711,398623,5,5,1,11,0,0,0,0,1,31053,300000,52,1,10.4,bonus_bs15_gae3_no,100,2575000,,,,"{""bffc7787"":""10048\/38000@m9""}",32,14,7,12,7,6,3,0,3,64,32,20,21,16,16,7,2,5
82895,2026-04-10 00:26:11,1,4,6,coin,steal,spins,gold,1,false,25000,46762795621711,398622,5,5,1,11,0,1,0,1,0,31053,300000,52,0,10.4,bonus_bs15_gae3_no,100,2575000,,,,,33,14,8,12,8,6,3,0,3,65,32,21,21,17,16,7,2,5
82896,2026-04-10 00:26:12,30,2,2,accumulation,goldSack,goldSack,gold,1,false,150000,46762795771711,398621,5,5,1,11,0,0,0,0,1,31054,300000,52,1,10.4,bonus_bs15_gae3_no,100,2575000,,,,,34,14,8,12,8,7,3,0,3,66,32,21,21,17,17,7,2,5
82897,2026-04-10 00:26:13,30,30,1,accumulation,accumulation,coin,gold,1,false,25000,46762795796711,398620,5,5,1,11,0,0,0,0,2,31056,300000,52,2,10.4,bonus_bs15_gae3_no,100,2575000,,,,"{""e190af25"":""5696\/22000@m16""}",35,14,8,12,8,9,3,0,3,67,32,21,21,17,19,7,2,5
82898,2026-04-10 00:26:14,1,4,4,coin,steal,steal,gold,1,false,25000,46762795821711,398619,5,5,1,11,0,2,0,0,0,31056,300000,52,0,10.4,bonus_bs15_gae3_no,100,2575000,,,,"{""c5261ecd"":""1129\/4200@m75""}",36,14,10,12,8,9,3,0,3,68,32,23,21,17,19,7,2,5
82899,2026-04-10 00:26:15,2,2,2,goldSack,goldSack,goldSack,gold,1,true,2200000,46762798021711,398618,5,5,1,11,0,0,0,0,0,31056,300000,52,0,10.4,bonus_bs15_gae3_no,100,2575000,,,,,37,14,10,12,8,9,3,0,3,69,32,23,21,17,19,7,2,5
82900,2026-04-10 00:26:16,30,2,2,accumulation,goldSack,goldSack,gold,1,false,150000,46762798171711,398617,5,5,1,11,0,0,0,0,1,31057,300000,52,1,10.4,bonus_bs15_gae3_no,100,2575000,,,,,38,14,10,12,8,10,3,0,3,70,32,23,21,17,20,7,2,5
82901,2026-04-10 00:26:17,30,30,1,accumulation,accumulation,coin,gold,1,false,25000,46762798196711,398616,5,5,1,11,0,0,0,0,2,31059,300000,52,2,10.4,bonus_bs15_gae3_no,100,2575000,,,,,39,14,10,12,8,12,3,0,3,71,32,23,21,17,22,7,2,5
82902,2026-04-10 00:26:18,1,4,5,coin,steal,shield,gold,1,false,25000,46762798221711,398615,5,5,1,11,0,1,1,0,0,31059,300000,52,0,10.4,bonus_bs15_gae3_no,100,2575000,,LongExtraDayReduced,LongExtraDayReduced,"{""slot_on_"":""29060\/47000@m21""}",40,14,11,13,8,12,3,0,3,72,32,24,22,17,22,7,2,5
82903,2026-04-10 00:26:19,3,4,2,attack,steal,goldSack,gold,1,false,100000,46762798321711,398614,5,5,1,11,1,1,0,0,0,31059,300000,52,0,10.4,bonus_bs15_gae3_no,100,2575000,,,,,41,15,12,13,8,12,3,0,3,73,33,25,22,17,22,7,2,5
82904,2026-04-10 00:26:20,5,5,5,shield,shield,shield,shield,3,true,1,46762798321711,398614,5,5,1,11,0,0,3,0,0,31059,300000,52,0,10.4,bonus_bs15_gae3_no,100,2575000,,,,,42,15,12,16,8,12,3,0,4,74,33,25,25,17,22,7,2,6
82905,2026-04-10 00:26:21,30,2,2,accumulation,goldSack,goldSack,gold,1,false,150000,46762798471711,398613,5,5,1,11,0,0,0,0,1,31060,300000,52,1,10.4,bonus_bs15_gae3_no,100,2575000,,,,,43,15,12,16,8,13,3,0,4,75,33,25,25,17,23,7,2,6
82906,2026-04-10 00:26:22,3,3,2,attack,attack,goldSack,gold,1,false,100000,46762798571711,398612,5,5,1,11,2,0,0,0,0,31060,300000,52,0,10.4,bonus_bs15_gae3_no,100,2575000,,,,,44,17,12,16,8,13,3,0,4,76,35,25,25,17,23,7,2,6
82907,2026-04-10 00:26:23,30,2,2,accumulation,goldSack,goldSack,gold,1,false,150000,46762798721711,398611,5,5,1,11,0,0,0,0,1,31061,300000,52,1,10.4,bonus_bs15_gae3_no,100,2575000,,LongExtraDayReduced,,"{""slot_on_"":""29061\/47000@m21""}",45,17,12,16,8,14,3,0,4,77,35,25,25,17,24,7,2,6
82908,2026-04-10 00:26:24,4,4,4,steal,steal,steal,steal,4,true,0,46762798721711,398610,5,5,1,11,0,3,0,0,0,31061,300000,52,0,10.4,bonus_bs15_gae3_no,100,2575000,,,,,46,17,15,16,8,14,3,1,4,78,35,28,25,17,24,7,3,6
82909,2026-04-10 00:26:40,1,1,6,coin,coin,spins,gold,1,false,50000,46763109229311,398609,5,5,1,11,0,0,0,1,0,31061,300000,52,0,10.4,bonus_bs15_gae3_no,100,2575000,,,,"{""bffc7787"":""10049\/38000@m9""}",47,17,15,16,9,14,3,1,4,79,35,28,25,18,24,7,3,6
82910,2026-04-10 00:26:41,3,3,1,attack,attack,coin,gold,1,false,25000,46763109254311,398608,5,5,1,11,2,0,0,0,0,31061,300000,52,0,10.4,bonus_bs15_gae3_no,100,2575000,,LongExtraDayReduced,LongExtraDayReduced,"{""slot_on_"":""29063\/47000@m21""}",48,19,15,16,9,14,3,1,4,80,37,28,25,18,24,7,3,6
82911,2026-04-10 00:26:42,30,2,2,accumulation,goldSack,goldSack,gold,1,false,150000,46763109404311,398607,5,5,1,11,0,0,0,0,1,31062,300000,52,1,10.4,bonus_bs15_gae3_no,100,2575000,,,,"{""c5261ecd"":""1131\/4200@m75""}",49,19,15,16,9,15,3,1,4,81,37,28,25,18,25,7,3,6
82912,2026-04-10 00:26:43,1,1,6,coin,coin,spins,gold,1,false,50000,46763109454311,398606,5,5,1,11,0,0,0,1,0,31062,300000,52,0,10.4,bonus_bs15_gae3_no,100,2575000,,,,,50,19,15,16,10,15,3,1,4,82,37,28,25,19,25,7,3,6
82913,2026-04-10 00:26:44,30,2,2,accumulation,goldSack,goldSack,gold,1,false,150000,46763109604311,398605,5,5,1,11,0,0,0,0,1,31063,300000,52,1,10.4,bonus_bs15_gae3_no,100,2575000,,,,,51,19,15,16,10,16,3,1,4,83,37,28,25,19,26,7,3,6
82914,2026-04-10 00:26:45,30,2,2,accumulation,goldSack,goldSack,gold,1,false,150000,46763109754311,398604,5,5,1,11,0,0,0,0,1,31064,300000,52,1,10.4,bonus_bs15_gae3_no,100,2575000,LongExtraDayReduced,,,"{""slot_on_"":""29064\/47000@m21""}",52,19,15,16,10,17,3,1,4,84,37,28,25,19,27,7,3,6
82915,2026-04-10 00:26:46,3,4,2,attack,steal,goldSack,gold,1,false,100000,46763109854311,398603,5,5,1,11,1,1,0,0,0,31064,300000,52,0,10.4,bonus_bs15_gae3_no,100,2575000,,,,,53,20,16,16,10,17,3,1,4,85,38,29,25,19,27,7,3,6
82916,2026-04-10 00:26:47,1,4,6,coin,steal,spins,gold,1,false,25000,46763109879311,398602,5,5,1,11,0,1,0,1,0,31064,300000,52,0,10.4,bonus_bs15_gae3_no,100,2575000,LongExtraDayReduced,,,"{""slot_on_"":""29065\/47000@m21"",""e190af25"":""5698\/22000@m16""}",54,20,17,16,11,17,3,1,4,86,38,30,25,20,27,7,3,6
82917,2026-04-10 00:26:48,30,2,2,accumulation,goldSack,goldSack,gold,1,false,150000,46763110029311,398601,5,5,1,11,0,0,0,0,1,31065,300000,52,1,10.4,bonus_bs15_gae3_no,100,2575000,,,,"{""bffc7787"":""10050\/38000@m9""}",55,20,17,16,11,18,3,1,4,87,38,30,25,20,28,7,3,6
82918,2026-04-10 00:26:49,3,3,3,attack,attack,attack,attack,2,true,0,46763110029311,398600,5,5,1,11,3,0,0,0,0,31065,300000,52,0,10.4,bonus_bs15_gae3_no,100,2575000,,,,,56,23,17,16,11,18,4,1,4,88,41,30,25,20,28,8,3,6
82919,2026-04-10 00:26:53,3,3,1,attack,attack,coin,gold,1,false,25000,46763119294311,398599,5,5,1,11,2,0,0,0,0,31065,300000,52,0,10.4,bonus_bs15_gae3_no,100,2575000,,,,,57,25,17,16,11,18,4,1,4,89,43,30,25,20,28,8,3,6
82920,2026-04-10 00:26:53,30,2,2,accumulation,goldSack,goldSack,gold,1,false,150000,46763119444311,398598,5,5,1,11,0,0,0,0,1,31066,300000,52,1,10.4,bonus_bs15_gae3_no,100,2575000,,,,,58,25,17,16,11,19,4,1,4,90,43,30,25,20,29,8,3,6
82921,2026-04-10 00:26:54,1,1,6,coin,coin,spins,gold,1,false,50000,46763119494311,398597,5,5,1,11,0,0,0,1,0,31066,300000,52,0,10.4,bonus_bs15_gae3_no,100,2575000,,,,,59,25,17,16,12,19,4,1,4,91,43,30,25,21,29,8,3,6
82922,2026-04-10 00:26:55,6,6,6,spins,spins,spins,spins,5,true,10,46763119494311,398606,5,5,1,11,0,0,0,3,0,31066,300000,52,0,10.4,bonus_bs15_gae3_no,100,2575000,,,,,60,25,17,16,15,19,4,1,4,92,43,30,25,24,29,8,3,6
82923,2026-04-10 00:26:57,2,2,2,goldSack,goldSack,goldSack,gold,1,true,2200000,46763121694311,398605,5,5,1,11,0,0,0,0,0,31066,300000,52,0,10.4,bonus_bs15_gae3_no,100,2575000,,,,,61,25,17,16,15,19,4,1,4,1,0,0,0,0,0,0,0,0
82924,2026-04-10 00:26:58,30,2,2,accumulation,goldSack,goldSack,gold,1,false,150000,46763121844311,398604,5,5,1,11,0,0,0,0,1,31067,300000,52,1,10.4,bonus_bs15_gae3_no,100,2575000,,,,"{""e190af25"":""5700\/22000@m16""}",62,25,17,16,15,20,4,1,4,2,0,0,0,0,1,0,0,0
82925,2026-04-10 00:26:59,1,4,4,coin,steal,steal,gold,1,false,25000,46763121869311,398603,5,5,1,11,0,2,0,0,0,31067,300000,52,0,10.4,bonus_bs15_gae3_no,100,2575000,,,,,63,25,19,16,15,20,4,1,4,3,0,2,0,0,1,0,0,0
82926,2026-04-10 00:27:00,3,4,2,attack,steal,goldSack,gold,1,false,100000,46763121969311,398602,5,5,1,11,1,1,0,0,0,31067,300000,52,0,10.4,bonus_bs15_gae3_no,100,2575000,,,,,64,26,20,16,15,20,4,1,4,4,1,3,0,0,1,0,0,0
82927,2026-04-10 00:27:00,4,4,4,steal,steal,steal,steal,4,true,0,46763121969311,398601,5,5,1,11,0,3,0,0,0,31067,300000,52,0,10.4,bonus_bs15_gae3_no,100,2575000,,,,,65,26,23,16,15,20,4,2,4,5,1,6,0,0,1,0,1,0
82928,2026-04-10 00:27:06,3,4,2,attack,steal,goldSack,gold,1,false,100000,46763636925951,398600,5,5,1,11,1,1,0,0,0,31067,300000,52,0,10.4,bonus_bs15_gae3_no,100,2575000,,,,,66,27,24,16,15,20,4,2,4,6,2,7,0,0,1,0,1,0
82929,2026-04-10 00:27:07,3,3,1,attack,attack,coin,gold,1,false,25000,46763636950951,398599,5,5,1,11,2,0,0,0,0,31067,300000,52,0,10.4,bonus_bs15_gae3_no,100,2575000,,,,,67,29,24,16,15,20,4,2,4,7,4,7,0,0,1,0,1,0
82930,2026-04-10 00:27:08,1,1,6,coin,coin,spins,gold,1,false,50000,46763637000951,398598,5,5,1,11,0,0,0,1,0,31067,300000,52,0,10.4,bonus_bs15_gae3_no,100,2575000,LongExtraDayReduced,,,"{""slot_on_"":""29066\/47000@m21""}",68,29,24,16,16,20,4,2,4,8,4,7,0,1,1,0,1,0
82931,2026-04-10 00:27:09,1,1,6,coin,coin,spins,gold,1,false,50000,46763637050951,398597,5,5,1,11,0,0,0,1,0,31067,300000,52,0,10.4,bonus_bs15_gae3_no,100,2575000,,,,,69,29,24,16,17,20,4,2,4,9,4,7,0,2,1,0,1,0
82932,2026-04-10 00:27:10,2,2,2,goldSack,goldSack,goldSack,gold,1,true,2200000,46763639250951,398596,5,5,1,11,0,0,0,0,0,31067,300000,52,0,10.4,bonus_bs15_gae3_no,100,2575000,,,,,70,29,24,16,17,20,4,2,4,10,4,7,0,2,1,0,1,0
82933,2026-04-10 00:27:11,1,1,1,coin,coin,coin,gold,1,true,250000,46763639500951,398595,5,5,1,11,0,0,0,0,0,31067,300000,52,0,10.4,bonus_bs15_gae3_no,100,2575000,,LongExtraDayReduced,,"{""slot_on_"":""29067\/47000@m21"",""c5261ecd"":""1133\/4200@m75""}",71,29,24,16,17,20,4,2,4,11,4,7,0,2,1,0,1,0
82934,2026-04-10 00:27:12,30,30,1,accumulation,accumulation,coin,gold,1,false,25000,46763639525951,398594,5,5,1,11,0,0,0,0,2,31069,300000,52,2,10.4,bonus_bs15_gae3_no,100,2575000,,,,,72,29,24,16,17,22,4,2,4,12,4,7,0,2,3,0,1,0
82935,2026-04-10 00:27:13,3,4,2,attack,steal,goldSack,gold,1,false,100000,46763639625951,398593,5,5,1,11,1,1,0,0,0,31069,300000,52,0,10.4,bonus_bs15_gae3_no,100,2575000,,LongExtraDayReduced,,"{""slot_on_"":""29068\/47000@m21"",""e190af25"":""5702\/22000@m16""}",73,30,25,16,17,22,4,2,4,13,5,8,0,2,3,0,1,0
82936,2026-04-10 00:27:14,1,1,1,coin,coin,coin,gold,1,true,250000,46763639875951,398592,5,5,1,11,0,0,0,0,0,31069,300000,52,0,10.4,bonus_bs15_gae3_no,100,2575000,,,,,74,30,25,16,17,22,4,2,4,14,5,8,0,2,3,0,1,0
82937,2026-04-10 00:27:15,1,1,6,coin,coin,spins,gold,1,false,50000,46763639925951,398591,5,5,1,11,0,0,0,1,0,31069,300000,52,0,10.4,bonus_bs15_gae3_no,100,2575000,LongExtraDayReduced,,,"{""slot_on_"":""29069\/47000@m21""}",75,30,25,16,18,22,4,2,4,15,5,8,0,3,3,0,1,0
82938,2026-04-10 00:27:16,30,30,1,accumulation,accumulation,coin,gold,1,false,25000,46763639950951,398590,5,5,1,11,0,0,0,0,2,31071,300000,52,2,10.4,bonus_bs15_gae3_no,100,2575000,,,,"{""bffc7787"":""10051\/38000@m9""}",76,30,25,16,18,24,4,2,4,16,5,8,0,3,5,0,1,0
82939,2026-04-10 00:27:17,1,1,1,coin,coin,coin,gold,1,true,250000,46763640200951,398589,5,5,1,11,0,0,0,0,0,31071,300000,52,0,10.4,bonus_bs15_gae3_no,100,2575000,LongExtraDayReduced,,,"{""slot_on_"":""29070\/47000@m21""}",77,30,25,16,18,24,4,2,4,17,5,8,0,3,5,0,1,0
82940,2026-04-10 00:27:18,30,2,2,accumulation,goldSack,goldSack,gold,1,false,150000,46763640350951,398588,5,5,1,11,0,0,0,0,1,31072,300000,52,1,10.4,bonus_bs15_gae3_no,100,2575000,,,,,78,30,25,16,18,25,4,2,4,18,5,8,0,3,6,0,1,0
82941,2026-04-10 00:27:19,1,6,6,coin,spins,spins,gold,1,false,25000,46763640375951,398587,5,5,1,11,0,0,0,2,0,31072,300000,52,0,10.4,bonus_bs15_gae3_no,100,2575000,,,,,79,30,25,16,20,25,4,2,4,19,5,8,0,5,6,0,1,0
82942,2026-04-10 00:27:20,30,30,1,accumulation,accumulation,coin,gold,1,false,25000,46763640400951,398586,5,5,1,11,0,0,0,0,2,31074,300000,52,2,10.4,bonus_bs15_gae3_no,100,2575000,LongExtraDayReduced,LongExtraDayReduced,,"{""slot_on_"":""29072\/47000@m21""}",80,30,25,16,20,27,4,2,4,20,5,8,0,5,8,0,1,0
82943,2026-04-10 00:27:21,3,3,1,attack,attack,coin,gold,1,false,25000,46763640425951,398585,5,5,1,11,2,0,0,0,0,31074,300000,52,0,10.4,bonus_bs15_gae3_no,100,2575000,,,,"{""e190af25"":""5704\/22000@m16""}",81,32,25,16,20,27,4,2,4,21,7,8,0,5,8,0,1,0
82944,2026-04-10 00:27:22,3,3,3,attack,attack,attack,attack,2,true,0,46763640425951,398584,5,5,1,11,3,0,0,0,0,31074,300000,52,0,10.4,bonus_bs15_gae3_no,100,2575000,LongExtraDayReduced,,LongExtraDayReduced,"{""slot_on_"":""29074\/47000@m21""}",82,35,25,16,20,27,5,2,4,22,10,8,0,5,8,1,1,0
82945,2026-04-10 00:27:26,3,4,2,attack,steal,goldSack,gold,1,false,100000,46763649765951,398583,5,5,1,11,1,1,0,0,0,31074,300000,52,0,10.4,bonus_bs15_gae3_no,100,2575000,,,,,83,36,26,16,20,27,5,2,4,23,11,9,0,5,8,1,1,0
82946,2026-04-10 00:27:27,3,4,2,attack,steal,goldSack,gold,1,false,100000,46763649865951,398582,5,5,1,11,1,1,0,0,0,31074,300000,52,0,10.4,bonus_bs15_gae3_no,100,2575000,,,,,84,37,27,16,20,27,5,2,4,24,12,10,0,5,8,1,1,0
82947,2026-04-10 00:27:28,3,4,2,attack,steal,goldSack,gold,1,false,100000,46763649965951,398581,5,5,1,11,1,1,0,0,0,31074,300000,52,0,10.4,bonus_bs15_gae3_no,100,2575000,LongExtraDayReduced,,,"{""slot_on_"":""29075\/47000@m21""}",85,38,28,16,20,27,5,2,4,25,13,11,0,5,8,1,1,0
82948,2026-04-10 00:27:29,2,2,2,goldSack,goldSack,goldSack,gold,1,true,2200000,46763652165951,398580,5,5,1,11,0,0,0,0,0,31074,300000,52,0,10.4,bonus_bs15_gae3_no,100,2575000,,,,"{""bffc7787"":""10052\/38000@m9""}",86,38,28,16,20,27,5,2,4,26,13,11,0,5,8,1,1,0
82949,2026-04-10 00:27:29,1,1,6,coin,coin,spins,gold,1,false,50000,46763652215951,398579,5,5,1,11,0,0,0,1,0,31074,300000,52,0,10.4,bonus_bs15_gae3_no,100,2575000,,,,,87,38,28,16,21,27,5,2,4,27,13,11,0,6,8,1,1,0
82950,2026-04-10 00:27:30,3,4,2,attack,steal,goldSack,gold,1,false,100000,46763652315951,398578,5,5,1,11,1,1,0,0,0,31074,300000,52,0,10.4,bonus_bs15_gae3_no,100,2575000,,,,,88,39,29,16,21,27,5,2,4,28,14,12,0,6,8,1,1,0
82951,2026-04-10 00:27:31,3,4,2,attack,steal,goldSack,gold,1,false,100000,46763652415951,398577,5,5,1,11,1,1,0,0,0,31074,300000,52,0,10.4,bonus_bs15_gae3_no,100,2575000,,,,,89,40,30,16,21,27,5,2,4,29,15,13,0,6,8,1,1,0
82952,2026-04-10 00:27:32,30,2,2,accumulation,goldSack,goldSack,gold,1,false,150000,46763652565951,398576,5,5,1,11,0,0,0,0,1,31075,300000,52,1,10.4,bonus_bs15_gae3_no,100,2575000,LongExtraDayReduced,,,"{""slot_on_"":""29076\/47000@m21"",""c5261ecd"":""1135\/4200@m75""}",90,40,30,16,21,28,5,2,4,30,15,13,0,6,9,1,1,0
82953,2026-04-10 00:27:33,3,4,2,attack,steal,goldSack,gold,1,false,100000,46763652665951,398575,5,5,1,11,1,1,0,0,0,31075,300000,52,0,10.4,bonus_bs15_gae3_no,100,2575000,,,,,91,41,31,16,21,28,5,2,4,31,16,14,0,6,9,1,1,0
82954,2026-04-10 00:27:34,5,5,5,shield,shield,shield,shield,3,true,1,46763652665951,398575,5,5,1,11,0,0,3,0,0,31075,300000,52,0,10.4,bonus_bs15_gae3_no,100,2575000,,,,,92,41,31,19,21,28,5,2,5,32,16,14,3,6,9,1,1,1
82955,2026-04-10 00:27:35,1,1,1,coin,coin,coin,gold,1,true,250000,46763652915951,398574,5,5,1,11,0,0,0,0,0,31075,300000,52,0,10.4,bonus_bs15_gae3_no,100,2575000,,,,,93,41,31,19,21,28,5,2,5,33,16,14,3,6,9,1,1,1
82956,2026-04-10 00:27:36,3,4,2,attack,steal,goldSack,gold,1,false,100000,46763653015951,398573,5,5,1,11,1,1,0,0,0,31075,300000,52,0,10.4,bonus_bs15_gae3_no,100,2575000,,,,,94,42,32,19,21,28,5,2,5,34,17,15,3,6,9,1,1,1
82957,2026-04-10 00:27:36,30,2,2,accumulation,goldSack,goldSack,gold,1,false,150000,46763653165951,398572,5,5,1,11,0,0,0,0,1,31076,300000,52,1,10.4,bonus_bs15_gae3_no,100,2575000,,,,,95,42,32,19,21,29,5,2,5,35,17,15,3,6,10,1,1,1
82958,2026-04-10 00:27:37,2,2,2,goldSack,goldSack,goldSack,gold,1,true,2200000,46763655365951,398571,5,5,1,11,0,0,0,0,0,31076,300000,52,0,10.4,bonus_bs15_gae3_no,100,2575000,,,,,96,42,32,19,21,29,5,2,5,36,17,15,3,6,10,1,1,1
82959,2026-04-10 00:27:38,30,2,2,accumulation,goldSack,goldSack,gold,1,false,150000,46763655515951,398570,5,5,1,11,0,0,0,0,1,31077,300000,52,1,10.4,bonus_bs15_gae3_no,100,2575000,,,,,97,42,32,19,21,30,5,2,5,37,17,15,3,6,11,1,1,1
82960,2026-04-10 00:27:39,1,4,6,coin,steal,spins,gold,1,false,25000,46763655540951,398569,5,5,1,11,0,1,0,1,0,31077,300000,52,0,10.4,bonus_bs15_gae3_no,100,2575000,,,,"{""e190af25"":""5706\/22000@m16""}",98,42,33,19,22,30,5,2,5,38,17,16,3,7,11,1,1,1
82961,2026-04-10 00:27:40,4,4,4,steal,steal,steal,steal,4,true,0,46763655540951,398568,5,5,1,11,0,3,0,0,0,31077,300000,52,0,10.4,bonus_bs15_gae3_no,100,2575000,,,,,99,42,36,19,22,30,5,3,5,39,17,19,3,7,11,1,2,1
82962,2026-04-10 00:27:46,30,30,1,accumulation,accumulation,coin,gold,1,false,25000,46764067252891,398567,5,5,1,11,0,0,0,0,2,31079,300000,52,2,10.4,bonus_bs15_gae3_no,100,2575000,,,,"{""bffc7787"":""10053\/38000@m9""}",100,42,36,19,22,32,5,3,5,40,17,19,3,7,13,1,2,1
82963,2026-04-10 00:27:48,1,1,6,coin,coin,spins,gold,1,false,50000,46764067302891,398566,5,5,1,11,0,0,0,1,0,31079,300000,52,0,10.4,bonus_bs15_gae3_no,100,2575000,,,,,101,42,36,19,23,32,5,3,5,41,17,19,3,8,13,1,2,1
82964,2026-04-10 00:27:49,3,3,3,attack,attack,attack,attack,2,true,0,46764067302891,398565,5,5,1,11,3,0,0,0,0,31079,300000,52,0,10.4,bonus_bs15_gae3_no,100,2575000,,,,,102,45,36,19,23,32,6,3,5,42,20,19,3,8,13,2,2,1
82965,2026-04-10 00:27:52,1,4,6,coin,steal,spins,gold,1,false,25000,46764076567891,398564,5,5,1,11,0,1,0,1,0,31079,300000,52,0,10.4,bonus_bs15_gae3_no,100,2575000,,,,,103,45,37,19,24,32,6,3,5,43,20,20,3,9,13,2,2,1
82966,2026-04-10 00:27:53,1,1,1,coin,coin,coin,gold,1,true,250000,46764076817891,398563,5,5,1,11,0,0,0,0,0,31079,300000,52,0,10.4,bonus_bs15_gae3_no,100,2575000,,,,,104,45,37,19,24,32,6,3,5,44,20,20,3,9,13,2,2,1
82967,2026-04-10 00:27:53,3,1,1,attack,coin,coin,gold,1,false,50000,46764076867891,398562,5,5,1,11,1,0,0,0,0,31079,300000,52,0,10.4,bonus_bs15_gae3_no,100,2575000,,,,,105,46,37,19,24,32,6,3,5,45,21,20,3,9,13,2,2,1
82968,2026-04-10 00:27:54,30,2,2,accumulation,goldSack,goldSack,gold,1,false,150000,46764077017891,398561,5,5,1,11,0,0,0,0,1,31080,300000,52,1,10.4,bonus_bs15_gae3_no,100,2575000,,LongExtraDayReduced,,"{""slot_on_"":""29077\/47000@m21""}",106,46,37,19,24,33,6,3,5,46,21,20,3,9,14,2,2,1
82969,2026-04-10 00:27:55,30,2,2,accumulation,goldSack,goldSack,gold,1,false,150000,46764077167891,398560,5,5,1,11,0,0,0,0,1,31081,300000,52,1,10.4,bonus_bs15_gae3_no,100,2575000,,,,,107,46,37,19,24,34,6,3,5,47,21,20,3,9,15,2,2,1
82970,2026-04-10 00:27:56,30,2,2,accumulation,goldSack,goldSack,gold,1,false,150000,46764077317891,398559,5,5,1,11,0,0,0,0,1,31082,300000,52,1,10.4,bonus_bs15_gae3_no,100,2575000,,,,,108,46,37,19,24,35,6,3,5,48,21,20,3,9,16,2,2,1
82971,2026-04-10 00:28:00,1,4,6,coin,steal,spins,gold,1,false,10000000,46764087317891,398159,5,5,400,11,0,1,0,1,0,31082,300000,52,0,10.4,bonus_bs15_gae3_no,100,2575000,,,LongExtraDayReduced,"{""slot_on_"":""29477\/47000@m21"",""c5261ecd"":""1935\/4200@m75""}",109,46,38,19,25,35,6,3,5,49,21,21,3,10,16,2,2,1
82972,2026-04-10 00:28:01,2,2,2,goldSack,goldSack,goldSack,gold,1,true,880000000,46764967317891,397759,5,5,400,11,0,0,0,0,0,31082,300000,52,0,10.4,bonus_bs15_gae3_no,100,2575000,,,,,110,46,38,19,25,35,6,3,5,50,21,21,3,10,16,2,2,1
82973,2026-04-10 00:28:02,30,2,2,accumulation,goldSack,goldSack,gold,1,false,60000000,46765027317891,397359,5,5,400,11,0,0,0,0,1,31482,300000,52,400,10.5,bonus_bs15_gae3_no,100,2575000,,,,"{""bffc7787"":""10453\/38000@m9""}",111,46,38,19,25,36,6,3,5,51,21,21,3,10,17,2,2,1
82974,2026-04-10 00:28:03,1,4,4,coin,steal,steal,gold,1,false,10000000,46765037317891,396959,5,5,400,11,0,2,0,0,0,31482,300000,52,0,10.5,bonus_bs15_gae3_no,100,2575000,,,,"{""e190af25"":""6506\/22000@m16""}",112,46,40,19,25,36,6,3,5,52,21,23,3,10,17,2,2,1
82975,2026-04-10 00:28:04,2,2,2,goldSack,goldSack,goldSack,gold,1,true,880000000,46765917317891,396559,5,5,400,11,0,0,0,0,0,31482,300000,52,0,10.5,bonus_bs15_gae3_no,100,2575000,,,,,113,46,40,19,25,36,6,3,5,53,21,23,3,10,17,2,2,1
82976,2026-04-10 00:28:05,3,1,5,attack,coin,shield,gold,1,false,10000000,46765927317891,396159,5,5,400,11,1,0,1,0,0,31482,300000,52,0,10.5,bonus_bs15_gae3_no,100,2575000,,,,,114,47,40,20,25,36,6,3,5,54,22,23,4,10,17,2,2,1
82977,2026-04-10 00:28:06,2,2,2,goldSack,goldSack,goldSack,gold,1,true,880000000,46766807317891,395759,5,5,400,11,0,0,0,0,0,31482,300000,52,0,10.5,bonus_bs15_gae3_no,100,2575000,,,,,115,47,40,20,25,36,6,3,5,55,22,23,4,10,17,2,2,1
82978,2026-04-10 00:28:06,3,1,1,attack,coin,coin,gold,1,false,20000000,46766827317891,395359,5,5,400,11,1,0,0,0,0,31482,300000,52,0,10.5,bonus_bs15_gae3_no,100,2575000,,LongExtraDayReduced,LongExtraDayReduced,"{""slot_on_"":""30277\/47000@m21""}",116,48,40,20,25,36,6,3,5,56,23,23,4,10,17,2,2,1
82979,2026-04-10 00:28:07,30,30,1,accumulation,accumulation,coin,gold,1,false,10000000,46766837317891,394959,5,5,400,11,0,0,0,0,2,32282,300000,52,800,10.8,bonus_bs15_gae3_no,100,2575000,,,LongExtraDayReduced,"{""slot_on_"":""30677\/47000@m21""}",117,48,40,20,25,38,6,3,5,57,23,23,4,10,19,2,2,1
82980,2026-04-10 00:28:09,3,3,3,attack,attack,attack,attack,2,true,0,46766837317891,394559,5,5,400,11,3,0,0,0,0,32282,300000,52,0,10.8,bonus_bs15_gae3_no,100,2575000,,,,,118,51,40,20,25,38,7,3,5,58,26,23,4,10,19,3,2,1
82981,2026-04-10 00:28:13,30,2,2,accumulation,goldSack,goldSack,gold,1,false,60000000,46770593317891,394159,5,5,400,11,0,0,0,0,1,32682,300000,52,400,10.9,bonus_bs15_gae3_no,100,2575000,,,,,119,51,40,20,25,39,7,3,5,59,26,23,4,10,20,3,2,1
82982,2026-04-10 00:28:14,2,2,2,goldSack,goldSack,goldSack,gold,1,true,880000000,46771473317891,393759,5,5,400,11,0,0,0,0,0,32682,300000,52,0,10.9,bonus_bs15_gae3_no,100,2575000,,,,,120,51,40,20,25,39,7,3,5,60,26,23,4,10,20,3,2,1
82983,2026-04-10 00:28:15,3,3,3,attack,attack,attack,attack,2,true,0,46771473317891,393359,5,5,400,11,3,0,0,0,0,32682,300000,52,0,10.9,bonus_bs15_gae3_no,100,2575000,,,,,121,54,40,20,25,39,8,3,5,61,29,23,4,10,20,4,2,1
82984,2026-04-10 00:28:19,1,4,6,coin,steal,spins,gold,1,false,10000000,46775179317891,392959,5,5,400,11,0,1,0,1,0,32682,300000,52,0,10.9,bonus_bs15_gae3_no,100,2575000,,LongExtraDayReduced,,"{""slot_on_"":""31077\/47000@m21""}",122,54,41,20,26,39,8,3,5,62,29,24,4,11,20,4,2,1
82985,2026-04-10 00:28:19,30,2,2,accumulation,goldSack,goldSack,gold,1,false,60000000,46775239317891,392559,5,5,400,11,0,0,0,0,1,33082,300000,52,400,11.0,bonus_bs15_gae3_no,100,2575000,LongExtraDayReduced,LongExtraDayReduced,,"{""slot_on_"":""31877\/47000@m21""}",123,54,41,20,26,40,8,3,5,63,29,24,4,11,21,4,2,1
82986,2026-04-10 00:28:21,3,1,1,attack,coin,coin,gold,1,false,20000000,46775259317891,392159,5,5,400,11,1,0,0,0,0,33082,300000,52,0,11.0,bonus_bs15_gae3_no,100,2575000,,,,,124,55,41,20,26,40,8,3,5,64,30,24,4,11,21,4,2,1
82987,2026-04-10 00:28:22,3,3,3,attack,attack,attack,attack,2,true,0,46775259317891,391759,5,5,400,11,3,0,0,0,0,33082,300000,52,0,11.0,bonus_bs15_gae3_no,100,2575000,,,,"{""c5261ecd"":""2735\/4200@m75""}",125,58,41,20,26,40,9,3,5,65,33,24,4,11,21,5,2,1
82988,2026-04-10 00:28:26,3,3,2,attack,attack,goldSack,gold,1,false,40000000,46778995317891,391359,5,5,400,11,2,0,0,0,0,33082,300000,52,0,11.0,bonus_bs15_gae3_no,100,2575000,,,,,126,60,41,20,26,40,9,3,5,66,35,24,4,11,21,5,2,1
82989,2026-04-10 00:28:30,30,2,2,accumulation,goldSack,goldSack,gold,1,false,60000000,46779055317891,390959,5,5,400,11,0,0,0,0,1,33482,300000,52,400,11.2,bonus_bs15_gae3_no,100,2575000,,,,"{""e190af25"":""7306\/22000@m16""}",127,60,41,20,26,41,9,3,5,67,35,24,4,11,22,5,2,1
82990,2026-04-10 00:28:31,1,1,1,coin,coin,coin,gold,1,true,100000000,46779155317891,390559,5,5,400,11,0,0,0,0,0,33482,300000,52,0,11.2,bonus_bs15_gae3_no,100,2575000,,,LongExtraDayReduced,"{""slot_on_"":""32277\/47000@m21""}",128,60,41,20,26,41,9,3,5,68,35,24,4,11,22,5,2,1
82991,2026-04-10 00:28:32,30,30,1,accumulation,accumulation,coin,gold,1,false,10000000,46779165317891,390159,5,5,400,11,0,0,0,0,2,34282,300000,52,800,11.4,bonus_bs15_gae3_no,100,2575000,,,,,129,60,41,20,26,43,9,3,5,69,35,24,4,11,24,5,2,1
82992,2026-04-10 00:28:34,3,3,3,attack,attack,attack,attack,2,true,0,46779165317891,389759,5,5,400,11,3,0,0,0,0,34282,300000,52,0,11.4,bonus_bs15_gae3_no,100,2575000,,,,"{""bffc7787"":""10853\/38000@m9""}",130,63,41,20,26,43,10,3,5,70,38,24,4,11,24,6,2,1
82993,2026-04-10 00:28:38,30,30,1,accumulation,accumulation,coin,gold,1,false,10000000,46790375317891,389359,5,5,400,11,0,0,0,0,2,35082,300000,52,800,11.7,bonus_bs15_gae3_no,100,2575000,,LongExtraDayReduced,,"{""slot_on_"":""32677\/47000@m21""}",131,63,41,20,26,45,10,3,5,71,38,24,4,11,26,6,2,1
82994,2026-04-10 00:28:39,6,6,6,spins,spins,spins,spins,5,true,4000,46790375317891,392959,5,5,400,11,0,0,0,3,0,35082,300000,52,0,11.7,bonus_bs15_gae3_no,100,2575000,,,LongExtraDayReduced,"{""slot_on_"":""33077\/47000@m21""}",132,63,41,20,29,45,10,3,5,72,38,24,4,14,26,6,2,1
82995,2026-04-10 00:28:41,3,3,2,attack,attack,goldSack,gold,1,false,40000000,46790415317891,392559,5,5,400,11,2,0,0,0,0,35082,300000,52,0,11.7,bonus_bs15_gae3_no,100,2575000,,,,,133,65,41,20,29,45,10,3,5,1,2,0,0,0,0,0,0,0
82996,2026-04-10 00:28:42,30,2,2,accumulation,goldSack,goldSack,gold,1,false,60000000,46790475317891,392159,5,5,400,11,0,0,0,0,1,35482,300000,52,400,11.8,bonus_bs15_gae3_no,100,2575000,,,,,134,65,41,20,29,46,10,3,5,2,2,0,0,0,1,0,0,0
82997,2026-04-10 00:28:43,3,1,1,attack,coin,coin,gold,1,false,20000000,46790495317891,391759,5,5,400,11,1,0,0,0,0,35482,300000,52,0,11.8,bonus_bs15_gae3_no,100,2575000,,,,,135,66,41,20,29,46,10,3,5,3,3,0,0,0,1,0,0,0
82998,2026-04-10 00:28:44,1,6,6,coin,spins,spins,gold,1,false,10000000,46790505317891,391359,5,5,400,11,0,0,0,2,0,35482,300000,52,0,11.8,bonus_bs15_gae3_no,100,2575000,,,,"{""c5261ecd"":""3535\/4200@m75""}",136,66,41,20,31,46,10,3,5,4,3,0,0,2,1,0,0,0
82999,2026-04-10 00:28:45,3,1,1,attack,coin,coin,gold,1,false,20000000,46790525317891,390959,5,5,400,11,1,0,0,0,0,35482,300000,52,0,11.8,bonus_bs15_gae3_no,100,2575000,,,,"{""e190af25"":""8106\/22000@m16""}",137,67,41,20,31,46,10,3,5,5,4,0,0,2,1,0,0,0
83000,2026-04-10 00:28:46,30,2,2,accumulation,goldSack,goldSack,gold,1,false,60000000,46790585317891,390559,5,5,400,11,0,0,0,0,1,35882,300000,52,400,12.0,bonus_bs15_gae3_no,100,2575000,,,,,138,67,41,20,31,47,10,3,5,6,4,0,0,2,2,0,0,0
83001,2026-04-10 00:28:47,1,1,1,coin,coin,coin,gold,1,true,100000000,46790685317891,390159,5,5,400,11,0,0,0,0,0,35882,300000,52,0,12.0,bonus_bs15_gae3_no,100,2575000,,,,,139,67,41,20,31,47,10,3,5,7,4,0,0,2,2,0,0,0
83002,2026-04-10 00:28:48,3,4,2,attack,steal,goldSack,gold,1,false,40000000,46790725317891,389759,5,5,400,11,1,1,0,0,0,35882,300000,52,0,12.0,bonus_bs15_gae3_no,100,2575000,,,LongExtraDayReduced,"{""slot_on_"":""33477\/47000@m21""}",140,68,42,20,31,47,10,3,5,8,5,1,0,2,2,0,0,0
83003,2026-04-10 00:28:49,4,6,2,steal,spins,goldSack,gold,1,false,40000000,46790765317891,389359,5,5,400,11,0,1,0,1,0,35882,300000,52,0,12.0,bonus_bs15_gae3_no,100,2575000,,,LongExtraDayReduced,"{""slot_on_"":""33877\/47000@m21""}",141,68,43,20,32,47,10,3,5,9,5,2,0,3,2,0,0,0
83004,2026-04-10 00:28:50,4,4,4,steal,steal,steal,steal,4,true,0,46790765317891,388959,5,5,400,11,0,3,0,0,0,35882,300000,52,0,12.0,bonus_bs15_gae3_no,100,2575000,,,,,142,68,46,20,32,47,10,4,5,10,5,5,0,3,2,0,1,0
83005,2026-04-10 00:28:58,30,30,1,accumulation,accumulation,coin,gold,1,false,37500000,46835734617891,387459,5,5,1500,11,0,0,0,0,2,38882,300000,52,3000,13.0,bonus_bs15_gae3_no,100,2575000,LongExtraDayReduced,,,"{""slot_on_"":""35377\/47000@m21"",""e190af25"":""11106\/22000@m16""}",143,68,46,20,32,49,10,4,5,11,5,5,0,3,4,0,1,0
83006,2026-04-10 00:29:04,1,1,6,coin,coin,spins,gold,1,false,75000000,46835809617891,385959,5,5,1500,11,0,0,0,1,0,38882,300000,52,0,13.0,bonus_bs15_gae3_no,100,2575000,,,,,144,68,46,20,33,49,10,4,5,12,5,5,0,4,4,0,1,0
83007,2026-04-10 00:29:06,3,4,2,attack,steal,goldSack,gold,1,false,150000000,46835959617891,384459,5,5,1500,11,1,1,0,0,0,38882,300000,52,0,13.0,bonus_bs15_gae3_no,100,2575000,,,LongExtraDayReduced,"{""slot_on_"":""36877\/47000@m21"",""bffc7787"":""12353\/38000@m9""}",145,69,47,20,33,49,10,4,5,13,6,6,0,4,4,0,1,0
83008,2026-04-10 00:29:07,1,1,1,coin,coin,coin,gold,1,true,375000000,46836334617891,382959,5,5,1500,11,0,0,0,0,0,38882,300000,52,0,13.0,bonus_bs15_gae3_no,100,2575000,LongExtraDayReduced,,LongExtraDayReduced,"{""slot_on_"":""39877\/47000@m21""}",146,69,47,20,33,49,10,4,5,14,6,6,0,4,4,0,1,0
83009,2026-04-10 00:29:08,30,2,2,accumulation,goldSack,goldSack,gold,1,false,225000000,46836559617891,381459,5,5,1500,11,0,0,0,0,1,40382,300000,52,1500,13.5,bonus_bs15_gae3_no,100,2575000,,,,,147,69,47,20,33,50,10,4,5,15,6,6,0,4,5,0,1,0
83010,2026-04-10 00:29:09,2,2,2,goldSack,goldSack,goldSack,gold,1,true,3300000000,46839859617891,379959,5,5,1500,11,0,0,0,0,0,40382,300000,52,0,13.5,bonus_bs15_gae3_no,100,2575000,LongExtraDayReduced,,,"{""slot_on_"":""41377\/47000@m21""}",148,69,47,20,33,50,10,4,5,16,6,6,0,4,5,0,1,0
83011,2026-04-10 00:29:11,1,4,4,coin,steal,steal,gold,1,false,37500000,46839897117891,378459,5,5,1500,11,0,2,0,0,0,40382,300000,52,0,13.5,bonus_bs15_gae3_no,100,2575000,,,,,149,69,49,20,33,50,10,4,5,17,6,8,0,4,5,0,1,0
83012,2026-04-10 00:29:12,3,4,2,attack,steal,goldSack,gold,1,false,150000000,46840047117891,376959,5,5,1500,11,1,1,0,0,0,40382,300000,52,0,13.5,bonus_bs15_gae3_no,100,2575000,,,,,150,70,50,20,33,50,10,4,5,18,7,9,0,4,5,0,1,0
83013,2026-04-10 00:29:13,5,5,5,shield,shield,shield,shield,3,true,1500,46840047117891,376959,5,5,1500,11,0,0,3,0,0,40382,300000,52,0,13.5,bonus_bs15_gae3_no,100,2575000,,,,,151,70,50,23,33,50,10,4,6,19,7,9,3,4,5,0,1,1
83014,2026-04-10 00:29:15,1,6,6,coin,spins,spins,gold,1,false,25000,46840047142891,376958,5,5,1,11,0,0,0,2,0,40382,300000,52,0,13.5,bonus_bs15_gae3_no,100,2575000,,LongExtraDayReduced,,"{""slot_on_"":""41378\/47000@m21""}",152,70,50,23,35,50,10,4,6,20,7,9,3,6,5,0,1,1
83015,2026-04-10 00:29:17,1,1,6,coin,coin,spins,gold,1,false,50000,46840047192891,376957,5,5,1,11,0,0,0,1,0,40382,300000,52,0,13.5,bonus_bs15_gae3_no,100,2575000,,,,,153,70,50,23,36,50,10,4,6,21,7,9,3,7,5,0,1,1
83016,2026-04-10 00:29:20,3,6,2,attack,spins,goldSack,gold,1,false,150000000,46840197192891,375457,5,5,1500,11,1,0,0,1,0,40382,300000,52,0,13.5,bonus_bs15_gae3_no,100,2575000,,LongExtraDayReduced,,"{""slot_on_"":""42878\/47000@m21""}",154,71,50,23,37,50,10,4,6,22,8,9,3,8,5,0,1,1
83017,2026-04-10 00:29:21,3,4,2,attack,steal,goldSack,gold,1,false,150000000,46840347192891,373957,5,5,1500,11,1,1,0,0,0,40382,300000,52,0,13.5,bonus_bs15_gae3_no,100,2575000,,,,,155,72,51,23,37,50,10,4,6,23,9,10,3,8,5,0,1,1
83018,2026-04-10 00:29:22,1,4,4,coin,steal,steal,gold,1,false,37500000,46840384692891,372457,5,5,1500,11,0,2,0,0,0,40382,300000,52,0,13.5,bonus_bs15_gae3_no,100,2575000,,LongExtraDayReduced,,"{""slot_on_"":""44378\/47000@m21""}",156,72,53,23,37,50,10,4,6,24,9,12,3,8,5,0,1,1
83019,2026-04-10 00:29:25,5,5,5,shield,shield,shield,shield,3,true,1500,46840384692891,372457,5,5,1500,11,0,0,3,0,0,40382,300000,52,0,13.5,bonus_bs15_gae3_no,100,2575000,,,,,157,72,53,26,37,50,10,4,7,25,9,12,6,8,5,0,1,2
83020,2026-04-10 00:29:26,30,30,30,accumulation,accumulation,accumulation,gold,10,true,0,46840384692891,370957,5,5,1500,11,0,0,0,0,3,55382,300000,52,15000,18.5,bonus_bs15_gae3_no,100,2575000,,LongExtraDayReduced,,"{""c5261ecd"":""2335\/4200@m76"",""slot_on_"":""45878\/47000@m21"",""bffc7787"":""13853\/38000@m9""}",158,72,53,26,37,53,10,4,7,26,9,12,6,8,8,0,1,2
83021,2026-04-10 00:29:46,2,2,2,goldSack,goldSack,goldSack,gold,1,true,2200000,46840386892891,370956,5,5,1,11,0,0,0,0,0,55382,300000,52,0,18.5,bonus_bs15_gae3_no,100,2575000,,,,,1,0,0,0,0,0,0,0,0,27,9,12,6,8,8,0,1,2
83022,2026-04-10 00:29:47,4,6,2,steal,spins,goldSack,gold,1,false,100000,46840386992891,370955,5,5,1,11,0,1,0,1,0,55382,300000,52,0,18.5,bonus_bs15_gae3_no,100,2575000,,,,,2,0,1,0,1,0,0,0,0,28,9,13,6,9,8,0,1,2
83023,2026-04-10 00:29:48,4,6,2,steal,spins,goldSack,gold,1,false,100000,46840387092891,370954,5,5,1,11,0,1,0,1,0,55382,300000,52,0,18.5,bonus_bs15_gae3_no,100,2575000,,,,,3,0,2,0,2,0,0,0,0,29,9,14,6,10,8,0,1,2
83024,2026-04-10 00:29:49,3,3,1,attack,attack,coin,gold,1,false,25000,46840387117891,370953,5,5,1,11,2,0,0,0,0,55382,300000,52,0,18.5,bonus_bs15_gae3_no,100,2575000,LongExtraDayReduced,,LongExtraDayReduced,"{""slot_on_"":""45880\/47000@m21"",""e190af25"":""11108\/22000@m16""}",4,2,2,0,2,0,0,0,0,30,11,14,6,10,8,0,1,2
83025,2026-04-10 00:29:50,1,6,6,coin,spins,spins,gold,1,false,25000,46840387142891,370952,5,5,1,11,0,0,0,2,0,55382,300000,52,0,18.5,bonus_bs15_gae3_no,100,2575000,,,LongExtraDayReduced,"{""slot_on_"":""45881\/47000@m21""}",5,2,2,0,4,0,0,0,0,31,11,14,6,12,8,0,1,2
83026,2026-04-10 00:29:51,1,1,1,coin,coin,coin,gold,1,true,250000,46840387392891,370951,5,5,1,11,0,0,0,0,0,55382,300000,52,0,18.5,bonus_bs15_gae3_no,100,2575000,,,,,6,2,2,0,4,0,0,0,0,32,11,14,6,12,8,0,1,2
83027,2026-04-10 00:29:52,1,1,1,coin,coin,coin,gold,1,true,250000,46840387642891,370950,5,5,1,11,0,0,0,0,0,55382,300000,52,0,18.5,bonus_bs15_gae3_no,100,2575000,,,,,7,2,2,0,4,0,0,0,0,33,11,14,6,12,8,0,1,2
83028,2026-04-10 00:29:52,1,6,6,coin,spins,spins,gold,1,false,25000,46840387667891,370949,5,5,1,11,0,0,0,2,0,55382,300000,52,0,18.5,bonus_bs15_gae3_no,100,2575000,,,,,8,2,2,0,6,0,0,0,0,34,11,14,6,14,8,0,1,2
83029,2026-04-10 00:29:53,3,4,2,attack,steal,goldSack,gold,1,false,100000,46840387767891,370948,5,5,1,11,1,1,0,0,0,55382,300000,52,0,18.5,bonus_bs15_gae3_no,100,2575000,,,,,9,3,3,0,6,0,0,0,0,35,12,15,6,14,8,0,1,2
83030,2026-04-10 00:29:54,30,2,2,accumulation,goldSack,goldSack,gold,1,false,150000,46840387917891,370947,5,5,1,11,0,0,0,0,1,55383,300000,52,1,18.5,bonus_bs15_gae3_no,100,2575000,,,,,10,3,3,0,6,1,0,0,0,36,12,15,6,14,9,0,1,2
83031,2026-04-10 00:29:55,30,30,1,accumulation,accumulation,coin,gold,1,false,25000,46840387942891,370946,5,5,1,11,0,0,0,0,2,55385,300000,52,2,18.5,bonus_bs15_gae3_no,100,2575000,,,,,11,3,3,0,6,3,0,0,0,37,12,15,6,14,11,0,1,2
83032,2026-04-10 00:29:56,3,6,2,attack,spins,goldSack,gold,1,false,100000,46840388042891,370945,5,5,1,11,1,0,0,1,0,55385,300000,52,0,18.5,bonus_bs15_gae3_no,100,2575000,,,,,12,4,3,0,7,3,0,0,0,38,13,15,6,15,11,0,1,2
83033,2026-04-10 00:29:57,30,2,2,accumulation,goldSack,goldSack,gold,1,false,150000,46840388192891,370944,5,5,1,11,0,0,0,0,1,55386,300000,52,1,18.5,bonus_bs15_gae3_no,100,2575000,,,,,13,4,3,0,7,4,0,0,0,39,13,15,6,15,12,0,1,2
83034,2026-04-10 00:29:58,4,6,2,steal,spins,goldSack,gold,1,false,100000,46840388292891,370943,5,5,1,11,0,1,0,1,0,55386,300000,52,0,18.5,bonus_bs15_gae3_no,100,2575000,,,,,14,4,4,0,8,4,0,0,0,40,13,16,6,16,12,0,1,2
83035,2026-04-10 00:29:59,3,1,1,attack,coin,coin,gold,1,false,50000,46840388342891,370942,5,5,1,11,1,0,0,0,0,55386,300000,52,0,18.5,bonus_bs15_gae3_no,100,2575000,,,,,15,5,4,0,8,4,0,0,0,41,14,16,6,16,12,0,1,2
83036,2026-04-10 00:30:00,3,1,1,attack,coin,coin,gold,1,false,50000,46840388392891,370941,5,5,1,11,1,0,0,0,0,55386,300000,52,0,18.5,bonus_bs15_gae3_no,100,2575000,,,,"{""bffc7787"":""13854\/38000@m9""}",16,6,4,0,8,4,0,0,0,42,15,16,6,16,12,0,1,2
83037,2026-04-10 00:30:01,2,2,2,goldSack,goldSack,goldSack,gold,1,true,2200000,46840390592891,370940,5,5,1,11,0,0,0,0,0,55386,300000,52,0,18.5,bonus_bs15_gae3_no,100,2575000,,,,"{""e190af25"":""11110\/22000@m16""}",17,6,4,0,8,4,0,0,0,43,15,16,6,16,12,0,1,2
83038,2026-04-10 00:30:02,4,4,4,steal,steal,steal,steal,4,true,0,46840390592891,370939,5,5,1,11,0,3,0,0,0,55386,300000,52,0,18.5,bonus_bs15_gae3_no,100,2575000,,,,,18,6,7,0,8,4,0,1,0,44,15,19,6,16,12,0,2,2
83039,2026-04-10 00:30:09,30,2,2,accumulation,goldSack,goldSack,gold,1,false,150000,46840879534751,370938,5,5,1,11,0,0,0,0,1,55387,300000,52,1,18.5,bonus_bs15_gae3_no,100,2575000,,,,,19,6,7,0,8,5,0,1,0,45,15,19,6,16,13,0,2,2
83040,2026-04-10 00:30:10,3,1,1,attack,coin,coin,gold,1,false,50000,46840879584751,370937,5,5,1,11,1,0,0,0,0,55387,300000,52,0,18.5,bonus_bs15_gae3_no,100,2575000,,,,"{""c5261ecd"":""2337\/4200@m76""}",20,7,7,0,8,5,0,1,0,46,16,19,6,16,13,0,2,2
83041,2026-04-10 00:30:11,3,1,1,attack,coin,coin,gold,1,false,50000,46840879634751,370936,5,5,1,11,1,0,0,0,0,55387,300000,52,0,18.5,bonus_bs15_gae3_no,100,2575000,,LongExtraDayReduced,,"{""slot_on_"":""45882\/47000@m21""}",21,8,7,0,8,5,0,1,0,47,17,19,6,16,13,0,2,2
83042,2026-04-10 00:30:12,1,5,5,coin,shield,shield,gold,1,false,25000,46840879659751,370935,5,5,1,11,0,0,2,0,0,55387,300000,52,0,18.5,bonus_bs15_gae3_no,100,2575000,LongExtraDayReduced,LongExtraDayReduced,LongExtraDayReduced,"{""slot_on_"":""45887\/47000@m21""}",22,8,7,2,8,5,0,1,0,48,17,19,8,16,13,0,2,2
83043,2026-04-10 00:30:12,30,2,2,accumulation,goldSack,goldSack,gold,1,false,150000,46840879809751,370934,5,5,1,11,0,0,0,0,1,55388,300000,52,1,18.5,bonus_bs15_gae3_no,100,2575000,,,,,23,8,7,2,8,6,0,1,0,49,17,19,8,16,14,0,2,2
83044,2026-04-10 00:30:13,3,1,5,attack,coin,shield,gold,1,false,25000,46840879834751,370933,5,5,1,11,1,0,1,0,0,55388,300000,52,0,18.5,bonus_bs15_gae3_no,100,2575000,,,,,24,9,7,3,8,6,0,1,0,50,18,19,9,16,14,0,2,2
83045,2026-04-10 00:30:14,4,6,2,steal,spins,goldSack,gold,1,false,100000,46840879934751,370932,5,5,1,11,0,1,0,1,0,55388,300000,52,0,18.5,bonus_bs15_gae3_no,100,2575000,LongExtraDayReduced,,,"{""slot_on_"":""45888\/47000@m21""}",25,9,8,3,9,6,0,1,0,51,18,20,9,17,14,0,2,2
83046,2026-04-10 00:30:15,30,2,2,accumulation,goldSack,goldSack,gold,1,false,150000,46840880084751,370931,5,5,1,11,0,0,0,0,1,55389,300000,52,1,18.5,bonus_bs15_gae3_no,100,2575000,,,,"{""e190af25"":""11112\/22000@m16""}",26,9,8,3,9,7,0,1,0,52,18,20,9,17,15,0,2,2
83047,2026-04-10 00:30:17,30,2,2,accumulation,goldSack,goldSack,gold,1,false,150000,46840880234751,370930,5,5,1,11,0,0,0,0,1,55390,300000,52,1,18.5,bonus_bs15_gae3_no,100,2575000,LongExtraDayReduced,LongExtraDayReduced,,"{""slot_on_"":""45890\/47000@m21""}",27,9,8,3,9,8,0,1,0,53,18,20,9,17,16,0,2,2
83048,2026-04-10 00:30:18,3,3,1,attack,attack,coin,gold,1,false,25000,46840880259751,370929,5,5,1,11,2,0,0,0,0,55390,300000,52,0,18.5,bonus_bs15_gae3_no,100,2575000,LongExtraDayReduced,LongExtraDayReduced,,"{""slot_on_"":""45892\/47000@m21""}",28,11,8,3,9,8,0,1,0,54,20,20,9,17,16,0,2,2
83049,2026-04-10 00:30:19,1,1,1,coin,coin,coin,gold,1,true,250000,46840880509751,370928,5,5,1,11,0,0,0,0,0,55390,300000,52,0,18.5,bonus_bs15_gae3_no,100,2575000,,,,,29,11,8,3,9,8,0,1,0,55,20,20,9,17,16,0,2,2
83050,2026-04-10 00:30:20,5,5,5,shield,shield,shield,shield,3,true,1,46840880509751,370928,5,5,1,11,0,0,3,0,0,55390,300000,52,0,18.5,bonus_bs15_gae3_no,100,2575000,,,,,30,11,8,6,9,8,0,1,1,56,20,20,12,17,16,0,2,3
83051,2026-04-10 00:30:21,3,1,1,attack,coin,coin,gold,1,false,50000,46840880559751,370927,5,5,1,11,1,0,0,0,0,55390,300000,52,0,18.5,bonus_bs15_gae3_no,100,2575000,,,,,31,12,8,6,9,8,0,1,1,57,21,20,12,17,16,0,2,3
83052,2026-04-10 00:30:22,3,3,3,attack,attack,attack,attack,2,true,0,46840880559751,370926,5,5,1,11,3,0,0,0,0,55390,300000,52,0,18.5,bonus_bs15_gae3_no,100,2575000,,,,,32,15,8,6,9,8,1,1,1,58,24,20,12,17,16,1,2,3
83053,2026-04-10 00:30:25,30,2,2,accumulation,goldSack,goldSack,gold,1,false,150000,46840889949751,370925,5,5,1,11,0,0,0,0,1,55391,300000,52,1,18.5,bonus_bs15_gae3_no,100,2575000,,LongExtraDayReduced,LongExtraDayReduced,"{""slot_on_"":""45894\/47000@m21""}",33,15,8,6,9,9,1,1,1,59,24,20,12,17,17,1,2,3
83054,2026-04-10 00:30:26,5,5,5,shield,shield,shield,shield,3,true,1,46840889949751,370925,5,5,1,11,0,0,3,0,0,55391,300000,52,0,18.5,bonus_bs15_gae3_no,100,2575000,,,,,34,15,8,9,9,9,1,1,2,60,24,20,15,17,17,1,2,4
83055,2026-04-10 00:30:27,3,1,1,attack,coin,coin,gold,1,false,50000,46840889999751,370924,5,5,1,11,1,0,0,0,0,55391,300000,52,0,18.5,bonus_bs15_gae3_no,100,2575000,,,LongExtraDayReduced,"{""slot_on_"":""45895\/47000@m21"",""c5261ecd"":""2339\/4200@m76""}",35,16,8,9,9,9,1,1,2,61,25,20,15,17,17,1,2,4
83056,2026-04-10 00:30:28,4,4,4,steal,steal,steal,steal,4,true,0,46840889999751,370923,5,5,1,11,0,3,0,0,0,55391,300000,52,0,18.5,bonus_bs15_gae3_no,100,2575000,,,,,36,16,11,9,9,9,1,2,2,62,25,23,15,17,17,1,3,4
83057,2026-04-10 00:30:35,3,4,2,attack,steal,goldSack,gold,1,false,100000,46841512743931,370922,5,5,1,11,1,1,0,0,0,55391,300000,52,0,18.5,bonus_bs15_gae3_no,100,2575000,,,,"{""bffc7787"":""13855\/38000@m9""}",37,17,12,9,9,9,1,2,2,63,26,24,15,17,17,1,3,4
83058,2026-04-10 00:30:36,5,2,2,shield,goldSack,goldSack,gold,1,false,150000,46841512893931,370921,5,5,1,11,0,0,1,0,0,55391,300000,52,0,18.5,bonus_bs15_gae3_no,100,2575000,,,,"{""e190af25"":""11114\/22000@m16""}",38,17,12,10,9,9,1,2,2,64,26,24,16,17,17,1,3,4
83059,2026-04-10 00:30:37,3,3,3,attack,attack,attack,attack,2,true,0,46841512893931,370920,5,5,1,11,3,0,0,0,0,55391,300000,52,0,18.5,bonus_bs15_gae3_no,100,2575000,,,,,39,20,12,10,9,9,2,2,2,65,29,24,16,17,17,2,3,4
83060,2026-04-10 00:30:41,30,2,2,accumulation,goldSack,goldSack,gold,1,false,150000,46841522283931,370919,5,5,1,11,0,0,0,0,1,55392,300000,52,1,18.5,bonus_bs15_gae3_no,100,2575000,,,,,40,20,12,10,9,10,2,2,2,66,29,24,16,17,18,2,3,4
83061,2026-04-10 00:30:42,2,2,2,goldSack,goldSack,goldSack,gold,1,true,2200000,46841524483931,370918,5,5,1,11,0,0,0,0,0,55392,300000,52,0,18.5,bonus_bs15_gae3_no,100,2575000,,,,"{""e190af25"":""11116\/22000@m16""}",41,20,12,10,9,10,2,2,2,67,29,24,16,17,18,2,3,4
83062,2026-04-10 00:30:43,3,4,2,attack,steal,goldSack,gold,1,false,100000,46841524583931,370917,5,5,1,11,1,1,0,0,0,55392,300000,52,0,18.5,bonus_bs15_gae3_no,100,2575000,,,LongExtraDayReduced,"{""slot_on_"":""45896\/47000@m21""}",42,21,13,10,9,10,2,2,2,68,30,25,16,17,18,2,3,4
83063,2026-04-10 00:30:44,3,3,3,attack,attack,attack,attack,2,true,0,46841524583931,370916,5,5,1,11,3,0,0,0,0,55392,300000,52,0,18.5,bonus_bs15_gae3_no,100,2575000,,,,,43,24,13,10,9,10,3,2,2,69,33,25,16,17,18,3,3,4
83064,2026-04-10 00:30:48,3,1,1,attack,coin,coin,gold,1,false,50000,46841533873931,370915,5,5,1,11,1,0,0,0,0,55392,300000,52,0,18.5,bonus_bs15_gae3_no,100,2575000,,,,,44,25,13,10,9,10,3,2,2,70,34,25,16,17,18,3,3,4
83065,2026-04-10 00:30:49,1,4,4,coin,steal,steal,gold,1,false,25000,46841533898931,370914,5,5,1,11,0,2,0,0,0,55392,300000,52,0,18.5,bonus_bs15_gae3_no,100,2575000,,LongExtraDayReduced,,"{""slot_on_"":""45897\/47000@m21""}",45,25,15,10,9,10,3,2,2,71,34,27,16,17,18,3,3,4
83066,2026-04-10 00:30:50,4,4,4,steal,steal,steal,steal,4,true,0,46841533898931,370913,5,5,1,11,0,3,0,0,0,55392,300000,52,0,18.5,bonus_bs15_gae3_no,100,2575000,,,LongExtraDayReduced,"{""slot_on_"":""45898\/47000@m21""}",46,25,18,10,9,10,3,3,2,72,34,30,16,17,18,3,4,4
83067,2026-04-10 00:30:57,3,3,1,attack,attack,coin,gold,1,false,25000,46841646524431,370912,5,5,1,11,2,0,0,0,0,55392,300000,52,0,18.5,bonus_bs15_gae3_no,100,2575000,LongExtraDayReduced,,,"{""slot_on_"":""45899\/47000@m21""}",47,27,18,10,9,10,3,3,2,73,36,30,16,17,18,3,4,4
83068,2026-04-10 00:30:58,4,6,2,steal,spins,goldSack,gold,1,false,100000,46841646624431,370911,5,5,1,11,0,1,0,1,0,55392,300000,52,0,18.5,bonus_bs15_gae3_no,100,2575000,,,,,48,27,19,10,10,10,3,3,2,74,36,31,16,18,18,3,4,4
83069,2026-04-10 00:30:59,1,1,1,coin,coin,coin,gold,1,true,250000,46841646874431,370910,5,5,1,11,0,0,0,0,0,55392,300000,52,0,18.5,bonus_bs15_gae3_no,100,2575000,,,,"{""c5261ecd"":""2341\/4200@m76"",""bffc7787"":""13856\/38000@m9""}",49,27,19,10,10,10,3,3,2,75,36,31,16,18,18,3,4,4
83070,2026-04-10 00:31:00,1,1,1,coin,coin,coin,gold,1,true,250000,46841647124431,370909,5,5,1,11,0,0,0,0,0,55392,300000,52,0,18.5,bonus_bs15_gae3_no,100,2575000,,,,,50,27,19,10,10,10,3,3,2,76,36,31,16,18,18,3,4,4
83071,2026-04-10 00:31:01,2,2,2,goldSack,goldSack,goldSack,gold,1,true,2200000,46841649324431,370908,5,5,1,11,0,0,0,0,0,55392,300000,52,0,18.5,bonus_bs15_gae3_no,100,2575000,,,,,51,27,19,10,10,10,3,3,2,77,36,31,16,18,18,3,4,4
83072,2026-04-10 00:31:01,3,3,3,attack,attack,attack,attack,2,true,0,46841649324431,370907,5,5,1,11,3,0,0,0,0,55392,300000,52,0,18.5,bonus_bs15_gae3_no,100,2575000,,,,,52,30,19,10,10,10,4,3,2,78,39,31,16,18,18,4,4,4
83073,2026-04-10 00:31:05,6,6,6,spins,spins,spins,spins,5,true,10,46841658564431,370916,5,5,1,11,0,0,0,3,0,55392,300000,52,0,18.5,bonus_bs15_gae3_no,100,2575000,,,,,53,30,19,10,13,10,4,3,2,79,39,31,16,21,18,4,4,4
83074,2026-04-10 00:31:07,1,4,4,coin,steal,steal,gold,1,false,25000,46841658589431,370915,5,5,1,11,0,2,0,0,0,55392,300000,52,0,18.5,bonus_bs15_gae3_no,100,2575000,,,,,54,30,21,10,13,10,4,3,2,1,0,2,0,0,0,0,0,0
83075,2026-04-10 00:31:07,30,2,2,accumulation,goldSack,goldSack,gold,1,false,150000,46841658739431,370914,5,5,1,11,0,0,0,0,1,55393,300000,52,1,18.5,bonus_bs15_gae3_no,100,2575000,,,,"{""e190af25"":""11118\/22000@m16""}",55,30,21,10,13,11,4,3,2,2,0,2,0,0,1,0,0,0
83076,2026-04-10 00:31:09,4,6,2,steal,spins,goldSack,gold,1,false,100000,46841658839431,370913,5,5,1,11,0,1,0,1,0,55393,300000,52,0,18.5,bonus_bs15_gae3_no,100,2575000,,LongExtraDayReduced,,"{""slot_on_"":""45900\/47000@m21""}",56,30,22,10,14,11,4,3,2,3,0,3,0,1,1,0,0,0
83077,2026-04-10 00:31:10,3,1,5,attack,coin,shield,gold,1,false,25000,46841658864431,370912,5,5,1,11,1,0,1,0,0,55393,300000,52,0,18.5,bonus_bs15_gae3_no,100,2575000,,,,,57,31,22,11,14,11,4,3,2,4,1,3,1,1,1,0,0,0
83078,2026-04-10 00:31:11,30,30,1,accumulation,accumulation,coin,gold,1,false,25000,46841658889431,370911,5,5,1,11,0,0,0,0,2,55395,300000,52,2,18.5,bonus_bs15_gae3_no,100,2575000,,,,,58,31,22,11,14,13,4,3,2,5,1,3,1,1,3,0,0,0
83079,2026-04-10 00:31:12,3,1,1,attack,coin,coin,gold,1,false,50000,46841658939431,370910,5,5,1,11,1,0,0,0,0,55395,300000,52,0,18.5,bonus_bs15_gae3_no,100,2575000,,LongExtraDayReduced,,"{""slot_on_"":""45901\/47000@m21""}",59,32,22,11,14,13,4,3,2,6,2,3,1,1,3,0,0,0
83080,2026-04-10 00:31:13,30,2,2,accumulation,goldSack,goldSack,gold,1,false,150000,46841659089431,370909,5,5,1,11,0,0,0,0,1,55396,300000,52,1,18.5,bonus_bs15_gae3_no,100,2575000,,,,,60,32,22,11,14,14,4,3,2,7,2,3,1,1,4,0,0,0
83081,2026-04-10 00:31:14,4,6,2,steal,spins,goldSack,gold,1,false,100000,46841659189431,370908,5,5,1,11,0,1,0,1,0,55396,300000,52,0,18.5,bonus_bs15_gae3_no,100,2575000,,,,"{""bffc7787"":""13857\/38000@m9""}",61,32,23,11,15,14,4,3,2,8,2,4,1,2,4,0,0,0
83082,2026-04-10 00:31:15,2,2,2,goldSack,goldSack,goldSack,gold,1,true,2200000,46841661389431,370907,5,5,1,11,0,0,0,0,0,55396,300000,52,0,18.5,bonus_bs15_gae3_no,100,2575000,,,,"{""e190af25"":""11120\/22000@m16""}",62,32,23,11,15,14,4,3,2,9,2,4,1,2,4,0,0,0
83083,2026-04-10 00:31:16,2,2,2,goldSack,goldSack,goldSack,gold,1,true,2200000,46841663589431,370906,5,5,1,11,0,0,0,0,0,55396,300000,52,0,18.5,bonus_bs15_gae3_no,100,2575000,,,,,63,32,23,11,15,14,4,3,2,10,2,4,1,2,4,0,0,0
83084,2026-04-10 00:31:17,4,6,2,steal,spins,goldSack,gold,1,false,100000,46841663689431,370905,5,5,1,11,0,1,0,1,0,55396,300000,52,0,18.5,bonus_bs15_gae3_no,100,2575000,,,,,64,32,24,11,16,14,4,3,2,11,2,5,1,3,4,0,0,0
83085,2026-04-10 00:31:18,30,30,1,accumulation,accumulation,coin,gold,1,false,25000,46841663714431,370904,5,5,1,11,0,0,0,0,2,55398,300000,52,2,18.5,bonus_bs15_gae3_no,100,2575000,,LongExtraDayReduced,,"{""slot_on_"":""45902\/47000@m21""}",65,32,24,11,16,16,4,3,2,12,2,5,1,3,6,0,0,0
83086,2026-04-10 00:31:19,1,6,6,coin,spins,spins,gold,1,false,25000,46841663739431,370903,5,5,1,11,0,0,0,2,0,55398,300000,52,0,18.5,bonus_bs15_gae3_no,100,2575000,,,,,66,32,24,11,18,16,4,3,2,13,2,5,1,5,6,0,0,0
83087,2026-04-10 00:31:20,3,4,2,attack,steal,goldSack,gold,1,false,100000,46841663839431,370902,5,5,1,11,1,1,0,0,0,55398,300000,52,0,18.5,bonus_bs15_gae3_no,100,2575000,,,,,67,33,25,11,18,16,4,3,2,14,3,6,1,5,6,0,0,0
83088,2026-04-10 00:31:21,4,6,2,steal,spins,goldSack,gold,1,false,100000,46841663939431,370901,5,5,1,11,0,1,0,1,0,55398,300000,52,0,18.5,bonus_bs15_gae3_no,100,2575000,LongExtraDayReduced,,,"{""slot_on_"":""45903\/47000@m21""}",68,33,26,11,19,16,4,3,2,15,3,7,1,6,6,0,0,0
83089,2026-04-10 00:31:22,30,30,1,accumulation,accumulation,coin,gold,1,false,25000,46841663964431,370900,5,5,1,11,0,0,0,0,2,55400,300000,52,2,18.5,bonus_bs15_gae3_no,100,2575000,LongExtraDayReduced,LongExtraDayReduced,,"{""slot_on_"":""45905\/47000@m21""}",69,33,26,11,19,18,4,3,2,16,3,7,1,6,8,0,0,0
83090,2026-04-10 00:31:23,4,6,2,steal,spins,goldSack,gold,1,false,100000,46841664064431,370899,5,5,1,11,0,1,0,1,0,55400,300000,52,0,18.5,bonus_bs15_gae3_no,100,2575000,,,,"{""c5261ecd"":""2343\/4200@m76""}",70,33,27,11,20,18,4,3,2,17,3,8,1,7,8,0,0,0
83091,2026-04-10 00:31:24,2,2,2,goldSack,goldSack,goldSack,gold,1,true,2200000,46841666264431,370898,5,5,1,11,0,0,0,0,0,55400,300000,52,0,18.5,bonus_bs15_gae3_no,100,2575000,,,,,71,33,27,11,20,18,4,3,2,18,3,8,1,7,8,0,0,0
83092,2026-04-10 00:31:25,4,6,2,steal,spins,goldSack,gold,1,false,100000,46841666364431,370897,5,5,1,11,0,1,0,1,0,55400,300000,52,0,18.5,bonus_bs15_gae3_no,100,2575000,,,,"{""e190af25"":""11122\/22000@m16""}",72,33,28,11,21,18,4,3,2,19,3,9,1,8,8,0,0,0
83093,2026-04-10 00:31:26,1,1,1,coin,coin,coin,gold,1,true,250000,46841666614431,370896,5,5,1,11,0,0,0,0,0,55400,300000,52,0,18.5,bonus_bs15_gae3_no,100,2575000,,,LongExtraDayReduced,"{""slot_on_"":""45906\/47000@m21""}",73,33,28,11,21,18,4,3,2,20,3,9,1,8,8,0,0,0
83094,2026-04-10 00:31:27,30,2,2,accumulation,goldSack,goldSack,gold,1,false,150000,46841666764431,370895,5,5,1,11,0,0,0,0,1,55401,300000,52,1,18.5,bonus_bs15_gae3_no,100,2575000,,,,,74,33,28,11,21,19,4,3,2,21,3,9,1,8,9,0,0,0
83095,2026-04-10 00:31:28,30,2,2,accumulation,goldSack,goldSack,gold,1,false,150000,46841666914431,370894,5,5,1,11,0,0,0,0,1,55402,300000,52,1,18.5,bonus_bs15_gae3_no,100,2575000,,,,,75,33,28,11,21,20,4,3,2,22,3,9,1,8,10,0,0,0
83096,2026-04-10 00:31:32,1,1,1,coin,coin,coin,gold,1,true,375000000,46842041914431,369394,5,5,1500,11,0,0,0,0,0,55402,300000,52,0,18.5,bonus_bs15_gae3_no,100,2575000,,,,,76,33,28,11,21,20,4,3,2,23,3,9,1,8,10,0,0,0
83097,2026-04-10 00:31:33,1,5,5,coin,shield,shield,gold,1,false,37500000,46842079414431,367894,5,5,1500,11,0,0,2,0,0,55402,300000,52,0,18.5,bonus_bs15_gae3_no,100,2575000,,,,"{""bffc7787"":""15357\/38000@m9""}",77,33,28,13,21,20,4,3,2,24,3,9,3,8,10,0,0,0
83098,2026-04-10 00:31:34,3,3,3,attack,attack,attack,attack,2,true,0,46842079414431,366394,5,5,1500,11,3,0,0,0,0,55402,300000,52,0,18.5,bonus_bs15_gae3_no,100,2575000,,,,,78,36,28,13,21,20,5,3,2,25,6,9,3,8,10,1,0,0
83099,2026-04-10 00:31:39,3,4,2,attack,steal,goldSack,gold,1,false,100000,46884079514431,366393,5,5,1,11,1,1,0,0,0,55402,300000,52,0,18.5,bonus_bs15_gae3_no,100,2575000,,,,,79,37,29,13,21,20,5,3,2,26,7,10,3,8,10,1,0,0
83100,2026-04-10 00:31:40,5,5,5,shield,shield,shield,shield,3,true,1,46884079514431,366393,5,5,1,11,0,0,3,0,0,55402,300000,52,0,18.5,bonus_bs15_gae3_no,100,2575000,,LongExtraDayReduced,,"{""slot_on_"":""45907\/47000@m21""}",80,37,29,16,21,20,5,3,3,27,7,10,6,8,10,1,0,1
83101,2026-04-10 00:31:41,2,2,2,goldSack,goldSack,goldSack,gold,1,true,2200000,46884081714431,366392,5,5,1,11,0,0,0,0,0,55402,300000,52,0,18.5,bonus_bs15_gae3_no,100,2575000,,,,,81,37,29,16,21,20,5,3,3,28,7,10,6,8,10,1,0,1
83102,2026-04-10 00:31:42,2,2,2,goldSack,goldSack,goldSack,gold,1,true,2200000,46884083914431,366391,5,5,1,11,0,0,0,0,0,55402,300000,52,0,18.5,bonus_bs15_gae3_no,100,2575000,,,,,82,37,29,16,21,20,5,3,3,29,7,10,6,8,10,1,0,1
83103,2026-04-10 00:31:44,30,2,2,accumulation,goldSack,goldSack,gold,1,false,150000,46884084064431,366390,5,5,1,11,0,0,0,0,1,55403,300000,52,1,18.5,bonus_bs15_gae3_no,100,2575000,,,,,83,37,29,16,21,21,5,3,3,30,7,10,6,8,11,1,0,1
83104,2026-04-10 00:31:47,3,1,5,attack,coin,shield,gold,1,false,10000000,46884094064431,365990,5,5,400,11,1,0,1,0,0,55403,300000,52,0,18.5,bonus_bs15_gae3_no,100,2575000,,,,,84,38,29,17,21,21,5,3,3,31,8,10,7,8,11,1,0,1
83105,2026-04-10 00:31:48,1,4,6,coin,steal,spins,gold,1,false,10000000,46884104064431,365590,5,5,400,11,0,1,0,1,0,55403,300000,52,0,18.5,bonus_bs15_gae3_no,100,2575000,LongExtraDayReduced,,,"{""slot_on_"":""46307\/47000@m21"",""c5261ecd"":""3143\/4200@m76""}",85,38,30,17,22,21,5,3,3,32,8,11,7,9,11,1,0,1
83106,2026-04-10 00:31:50,2,2,2,goldSack,goldSack,goldSack,gold,1,true,880000000,46884984064431,365190,5,5,400,11,0,0,0,0,0,55403,300000,52,0,18.5,bonus_bs15_gae3_no,100,2575000,,,,,86,38,30,17,22,21,5,3,3,33,8,11,7,9,11,1,0,1
83107,2026-04-10 00:31:50,1,1,6,coin,coin,spins,gold,1,false,20000000,46885004064431,364790,5,5,400,11,0,0,0,1,0,55403,300000,52,0,18.5,bonus_bs15_gae3_no,100,2575000,,,,,87,38,30,17,23,21,5,3,3,34,8,11,7,10,11,1,0,1
83108,2026-04-10 00:31:51,2,2,2,goldSack,goldSack,goldSack,gold,1,true,880000000,46885884064431,364390,5,5,400,11,0,0,0,0,0,55403,300000,52,0,18.5,bonus_bs15_gae3_no,100,2575000,LongExtraDayReduced,,,"{""slot_on_"":""46707\/47000@m21""}",88,38,30,17,23,21,5,3,3,35,8,11,7,10,11,1,0,1
83109,2026-04-10 00:31:52,1,1,6,coin,coin,spins,gold,1,false,20000000,46885904064431,363990,5,5,400,11,0,0,0,1,0,55403,300000,52,0,18.5,bonus_bs15_gae3_no,100,2575000,,,,,89,38,30,17,24,21,5,3,3,36,8,11,7,11,11,1,0,1
83110,2026-04-10 00:31:53,5,5,5,shield,shield,shield,shield,3,true,400,46885904064431,363990,5,5,400,11,0,0,3,0,0,55403,300000,52,0,18.5,bonus_bs15_gae3_no,100,2575000,,,,,90,38,30,20,24,21,5,3,4,37,8,11,10,11,11,1,0,2
83111,2026-04-10 00:31:54,1,1,1,coin,coin,coin,gold,1,true,100000000,46886004064431,363590,5,5,400,11,0,0,0,0,0,55403,300000,52,0,18.5,bonus_bs15_gae3_no,100,2575000,,,,,91,38,30,20,24,21,5,3,4,38,8,11,10,11,11,1,0,2
83112,2026-04-10 00:31:55,30,2,2,accumulation,goldSack,goldSack,gold,1,false,60000000,46886064064431,363190,5,5,400,11,0,0,0,0,1,55803,300000,52,400,18.6,bonus_bs15_gae3_no,100,2575000,,,,,92,38,30,20,24,22,5,3,4,39,8,11,10,11,12,1,0,2
83113,2026-04-10 00:31:57,1,4,4,coin,steal,steal,gold,1,false,37500000,46886101564431,361690,5,5,1500,11,0,2,0,0,0,55803,300000,52,0,18.6,bonus_bs15_gae3_no,100,2575000,,,,"{""e190af25"":""14122\/22000@m16""}",93,38,32,20,24,22,5,3,4,40,8,13,10,11,12,1,0,2
83114,2026-04-10 00:31:58,3,4,2,attack,steal,goldSack,gold,1,false,150000000,46886251564431,360190,5,5,1500,11,1,1,0,0,0,55803,300000,52,0,18.6,bonus_bs15_gae3_no,100,2575000,,,,,94,39,33,20,24,22,5,3,4,41,9,14,10,11,12,1,0,2
83115,2026-04-10 00:31:59,1,4,4,coin,steal,steal,gold,1,false,37500000,46886289064431,358690,5,5,1500,11,0,2,0,0,0,55803,300000,52,0,18.6,bonus_bs15_gae3_no,100,2575000,LongExtraDayReduced,LongExtraDayReduced,,"{""slot_on_"":""2707\/48000@m22""}",95,39,35,20,24,22,5,3,4,42,9,16,10,11,12,1,0,2
83116,2026-04-10 00:32:01,1,1,1,coin,coin,coin,gold,1,true,375000000,46886664064431,358690,5,5,1500,11,0,0,0,0,0,55803,300000,52,0,18.6,bonus_bs15_gae3_no,100,2575000,,,,,96,39,35,20,24,22,5,3,4,43,9,16,10,11,12,1,0,2
83117,2026-04-10 00:32:03,1,1,6,coin,coin,spins,gold,1,false,75000000,46886739064431,357190,5,5,1500,11,0,0,0,1,0,55803,300000,52,0,18.6,bonus_bs15_gae3_no,100,2575000,,,,,97,39,35,20,25,22,5,3,4,44,9,16,10,12,12,1,0,2
83118,2026-04-10 00:32:04,2,2,2,goldSack,goldSack,goldSack,gold,1,true,3300000000,46890039064431,355690,5,5,1500,11,0,0,0,0,0,55803,300000,52,0,18.6,bonus_bs15_gae3_no,100,2575000,,LongExtraDayReduced,,"{""slot_on_"":""4207\/48000@m22"",""bffc7787"":""16857\/38000@m9""}",98,39,35,20,25,22,5,3,4,45,9,16,10,12,12,1,0,2
83119,2026-04-10 00:32:05,3,1,1,attack,coin,coin,gold,1,false,75000000,46890114064431,354190,5,5,1500,11,1,0,0,0,0,55803,300000,52,0,18.6,bonus_bs15_gae3_no,100,2575000,,,,"{""c5261ecd"":""1943\/4200@m77""}",99,40,35,20,25,22,5,3,4,46,10,16,10,12,12,1,0,2
83120,2026-04-10 00:32:08,30,2,2,accumulation,goldSack,goldSack,gold,1,false,900000000,46891014064431,348190,5,5,6000,11,0,0,0,0,1,61803,300000,52,6000,20.6,bonus_bs15_gae3_no,100,2575000,,LongExtraDayReduced,,"{""slot_on_"":""10207\/48000@m22""}",100,40,35,20,25,23,5,3,4,47,10,16,10,12,13,1,0,2
83121,2026-04-10 00:32:10,3,1,4,attack,coin,steal,gold,1,false,150000000,46891164064431,342190,5,5,6000,11,1,1,0,0,0,61803,300000,52,0,20.6,bonus_bs15_gae3_no,100,2575000,,,LongExtraDayReduced,"{""slot_on_"":""16207\/48000@m22"",""e190af25"":""4122\/15000@m17""}",101,41,36,20,25,23,5,3,4,48,11,17,10,12,13,1,0,2
83122,2026-04-10 00:32:15,3,6,2,attack,spins,goldSack,gold,1,false,200000,46891164264431,342188,5,5,2,11,1,0,0,1,0,61803,300000,52,0,20.6,bonus_bs15_gae3_no,100,2575000,,,,,102,42,36,20,26,23,5,3,4,49,12,17,10,13,13,1,0,2
83123,2026-04-10 00:32:17,30,30,1,accumulation,accumulation,coin,gold,1,false,50000,46891164314431,342186,5,5,2,11,0,0,0,0,2,61807,300000,52,4,20.6,bonus_bs15_gae3_no,100,2575000,LongExtraDayReduced,,,"{""slot_on_"":""16209\/48000@m22""}",103,42,36,20,26,25,5,3,4,50,12,17,10,13,15,1,0,2
83124,2026-04-10 00:32:47,30,30,1,accumulation,accumulation,coin,gold,1,false,50000,46891164364431,342184,5,5,2,11,0,0,0,0,2,61811,300000,52,4,20.6,bonus_bs15_gae3_no,100,2575000,,,,,104,42,36,20,26,27,5,3,4,51,12,17,10,13,17,1,0,2
83125,2026-04-10 00:32:48,2,2,2,goldSack,goldSack,goldSack,gold,1,true,4400000,46891168764431,342182,5,5,2,11,0,0,0,0,0,61811,300000,52,0,20.6,bonus_bs15_gae3_no,100,2575000,,,,,105,42,36,20,26,27,5,3,4,52,12,17,10,13,17,1,0,2
83126,2026-04-10 00:32:48,5,5,5,shield,shield,shield,shield,3,true,2,46891168764431,342182,5,5,2,11,0,0,3,0,0,61811,300000,52,0,20.6,bonus_bs15_gae3_no,100,2575000,LongExtraDayReduced,,,"{""slot_on_"":""16211\/48000@m22""}",106,42,36,23,26,27,5,3,5,53,12,17,13,13,17,1,0,3
83127,2026-04-10 00:32:50,1,1,1,coin,coin,coin,gold,1,true,500000,46891169264431,342180,5,5,2,11,0,0,0,0,0,61811,300000,52,0,20.6,bonus_bs15_gae3_no,100,2575000,,,,"{""e190af25"":""4126\/15000@m17""}",107,42,36,23,26,27,5,3,5,54,12,17,13,13,17,1,0,3
83128,2026-04-10 00:32:51,30,2,2,accumulation,goldSack,goldSack,gold,1,false,300000,46891169564431,342178,5,5,2,11,0,0,0,0,1,61813,300000,52,2,20.6,bonus_bs15_gae3_no,100,2575000,,,,,108,42,36,23,26,28,5,3,5,55,12,17,13,13,18,1,0,3
83129,2026-04-10 00:32:53,30,30,1,accumulation,accumulation,coin,gold,1,false,10000000,46891179564431,341778,5,5,400,11,0,0,0,0,2,62613,300000,52,800,20.9,bonus_bs15_gae3_no,100,2575000,,,,,109,42,36,23,26,30,5,3,5,56,12,17,13,13,20,1,0,3
83130,2026-04-10 00:32:55,5,5,5,shield,shield,shield,shield,3,true,400,46891179564431,341778,5,5,400,11,0,0,3,0,0,62613,300000,52,0,20.9,bonus_bs15_gae3_no,100,2575000,,,,,110,42,36,26,26,30,5,3,6,57,12,17,16,13,20,1,0,4
83131,2026-04-10 00:32:58,3,1,6,attack,coin,spins,gold,1,false,25000,46891179589431,341777,5,5,1,11,1,0,0,1,0,62613,300000,52,0,20.9,bonus_bs15_gae3_no,100,2575000,,,,,111,43,36,26,27,30,5,3,6,58,13,17,16,14,20,1,0,4
83132,2026-04-10 00:32:59,2,2,2,goldSack,goldSack,goldSack,gold,1,true,2200000,46891181789431,341776,5,5,1,11,0,0,0,0,0,62613,300000,52,0,20.9,bonus_bs15_gae3_no,100,2575000,LongExtraDayReduced,LongExtraDayReduced,LongExtraDayReduced,"{""slot_on_"":""16216\/48000@m22"",""bffc7787"":""16858\/38000@m9""}",112,43,36,26,27,30,5,3,6,59,13,17,16,14,20,1,0,4
83133,2026-04-10 00:33:00,6,6,2,spins,spins,goldSack,gold,1,false,100000,46891181889431,341775,5,5,1,11,0,0,0,2,0,62613,300000,52,0,20.9,bonus_bs15_gae3_no,100,2575000,,,,,113,43,36,26,29,30,5,3,6,60,13,17,16,16,20,1,0,4
83134,2026-04-10 00:33:01,4,4,4,steal,steal,steal,steal,4,true,0,46891181889431,341774,5,5,1,11,0,3,0,0,0,62613,300000,52,0,20.9,bonus_bs15_gae3_no,100,2575000,,,,,114,43,39,26,29,30,5,4,6,61,13,20,16,16,20,1,1,4
83135,2026-04-10 00:33:07,30,2,2,accumulation,goldSack,goldSack,gold,1,false,150000,46891645579511,341773,5,5,1,11,0,0,0,0,1,62614,300000,52,1,20.9,bonus_bs15_gae3_no,100,2575000,,LongExtraDayReduced,,"{""slot_on_"":""16217\/48000@m22""}",115,43,39,26,29,31,5,4,6,62,13,20,16,16,21,1,1,4
83136,2026-04-10 00:33:08,3,3,1,attack,attack,coin,gold,1,false,25000,46891645604511,341772,5,5,1,11,2,0,0,0,0,62614,300000,52,0,20.9,bonus_bs15_gae3_no,100,2575000,LongExtraDayReduced,,,"{""slot_on_"":""16218\/48000@m22"",""c5261ecd"":""1945\/4200@m77""}",116,45,39,26,29,31,5,4,6,63,15,20,16,16,21,1,1,4
83137,2026-04-10 00:33:09,3,1,6,attack,coin,spins,gold,1,false,25000,46891645629511,341771,5,5,1,11,1,0,0,1,0,62614,300000,52,0,20.9,bonus_bs15_gae3_no,100,2575000,,,,,117,46,39,26,30,31,5,4,6,64,16,20,16,17,21,1,1,4
83138,2026-04-10 00:33:10,3,3,1,attack,attack,coin,gold,1,false,25000,46891645654511,341770,5,5,1,11,2,0,0,0,0,62614,300000,52,0,20.9,bonus_bs15_gae3_no,100,2575000,,LongExtraDayReduced,LongExtraDayReduced,"{""slot_on_"":""16220\/48000@m22""}",118,48,39,26,30,31,5,4,6,65,18,20,16,17,21,1,1,4
83139,2026-04-10 00:33:11,3,5,2,attack,shield,goldSack,gold,1,false,100000,46891645754511,341769,5,5,1,11,1,0,1,0,0,62614,300000,52,0,20.9,bonus_bs15_gae3_no,100,2575000,,,,,119,49,39,27,30,31,5,4,6,66,19,20,17,17,21,1,1,4
83140,2026-04-10 00:33:12,30,30,1,accumulation,accumulation,coin,gold,1,false,25000,46891645779511,341768,5,5,1,11,0,0,0,0,2,62616,300000,52,2,20.9,bonus_bs15_gae3_no,100,2575000,,,,,120,49,39,27,30,33,5,4,6,67,19,20,17,17,23,1,1,4
83141,2026-04-10 00:33:13,6,6,2,spins,spins,goldSack,gold,1,false,100000,46891645879511,341767,5,5,1,11,0,0,0,2,0,62616,300000,52,0,20.9,bonus_bs15_gae3_no,100,2575000,,,,,121,49,39,27,32,33,5,4,6,68,19,20,17,19,23,1,1,4
83142,2026-04-10 00:33:13,1,1,4,coin,coin,steal,gold,1,false,50000,46891645929511,341766,5,5,1,11,0,1,0,0,0,62616,300000,52,0,20.9,bonus_bs15_gae3_no,100,2575000,,,,,122,49,40,27,32,33,5,4,6,69,19,21,17,19,23,1,1,4
83143,2026-04-10 00:33:14,1,1,4,coin,coin,steal,gold,1,false,50000,46891645979511,341765,5,5,1,11,0,1,0,0,0,62616,300000,52,0,20.9,bonus_bs15_gae3_no,100,2575000,,,,,123,49,41,27,32,33,5,4,6,70,19,22,17,19,23,1,1,4
83144,2026-04-10 00:33:15,1,1,1,coin,coin,coin,gold,1,true,250000,46891646229511,341764,5,5,1,11,0,0,0,0,0,62616,300000,52,0,20.9,bonus_bs15_gae3_no,100,2575000,,,,,124,49,41,27,32,33,5,4,6,71,19,22,17,19,23,1,1,4
83145,2026-04-10 00:33:16,30,30,30,accumulation,accumulation,accumulation,gold,10,true,0,46891646229511,341763,5,5,1,11,0,0,0,0,3,62626,300000,52,10,20.9,bonus_bs15_gae3_no,100,2575000,,,,,125,49,41,27,32,36,5,4,6,72,19,22,17,19,26,1,1,4
83146,2026-04-10 00:33:18,3,5,2,attack,shield,goldSack,gold,1,false,100000,46891646329511,341762,5,5,1,11,1,0,1,0,0,62626,300000,52,0,20.9,bonus_bs15_gae3_no,100,2575000,,,,"{""bffc7787"":""16859\/38000@m9""}",1,1,0,1,0,0,0,0,0,73,20,22,18,19,26,1,1,4
83147,2026-04-10 00:33:19,3,3,3,attack,attack,attack,attack,2,true,0,46891646329511,341761,5,5,1,11,3,0,0,0,0,62626,300000,52,0,20.9,bonus_bs15_gae3_no,100,2575000,,,,,2,4,0,1,0,0,1,0,0,74,23,22,18,19,26,2,1,4
83148,2026-04-10 00:33:22,1,1,1,coin,coin,coin,gold,1,true,250000,46891674579511,341760,5,5,1,11,0,0,0,0,0,62626,300000,52,0,20.9,bonus_bs15_gae3_no,100,2575000,,,,"{""e190af25"":""4128\/15000@m17""}",3,4,0,1,0,0,1,0,0,75,23,22,18,19,26,2,1,4
83149,2026-04-10 00:33:23,30,30,1,accumulation,accumulation,coin,gold,1,false,25000,46891674604511,341759,5,5,1,11,0,0,0,0,2,62628,300000,52,2,20.9,bonus_bs15_gae3_no,100,2575000,,,,,4,4,0,1,0,2,1,0,0,76,23,22,18,19,28,2,1,4
83150,2026-04-10 00:33:24,4,6,2,steal,spins,goldSack,gold,1,false,100000,46891674704511,341758,5,5,1,11,0,1,0,1,0,62628,300000,52,0,20.9,bonus_bs15_gae3_no,100,2575000,,,,,5,4,1,1,1,2,1,0,0,77,23,23,18,20,28,2,1,4
83151,2026-04-10 00:33:25,1,1,1,coin,coin,coin,gold,1,true,250000,46891674954511,341757,5,5,1,11,0,0,0,0,0,62628,300000,52,0,20.9,bonus_bs15_gae3_no,100,2575000,,,,,6,4,1,1,1,2,1,0,0,78,23,23,18,20,28,2,1,4
83152,2026-04-10 00:33:26,3,3,3,attack,attack,attack,attack,2,true,0,46891674954511,341756,5,5,1,11,3,0,0,0,0,62628,300000,52,0,20.9,bonus_bs15_gae3_no,100,2575000,,,,,7,7,1,1,1,2,2,0,0,79,26,23,18,20,28,3,1,4
83153,2026-04-10 00:33:29,6,6,6,spins,spins,spins,spins,5,true,10,46891684194511,341765,5,5,1,11,0,0,0,3,0,62628,300000,52,0,20.9,bonus_bs15_gae3_no,100,2575000,,,,,8,7,1,1,4,2,2,0,0,80,26,23,18,23,28,3,1,4
83154,2026-04-10 00:33:30,30,30,2,accumulation,accumulation,goldSack,gold,1,false,100000,46891684294511,341764,5,5,1,11,0,0,0,0,2,62630,300000,52,2,20.9,bonus_bs15_gae3_no,100,2575000,,,LongExtraDayReduced,"{""slot_on_"":""16221\/48000@m22""}",9,7,1,1,4,4,2,0,0,1,0,0,0,0,2,0,0,0
83155,2026-04-10 00:33:31,3,4,2,attack,steal,goldSack,gold,1,false,100000,46891684394511,341763,5,5,1,11,1,1,0,0,0,62630,300000,52,0,20.9,bonus_bs15_gae3_no,100,2575000,,,,"{""bffc7787"":""16860\/38000@m9""}",10,8,2,1,4,4,2,0,0,2,1,1,0,0,2,0,0,0
83156,2026-04-10 00:33:32,3,5,2,attack,shield,goldSack,gold,1,false,100000,46891684494511,341762,5,5,1,11,1,0,1,0,0,62630,300000,52,0,20.9,bonus_bs15_gae3_no,100,2575000,,,,,11,9,2,2,4,4,2,0,0,3,2,1,1,0,2,0,0,0
83157,2026-04-10 00:33:33,3,3,1,attack,attack,coin,gold,1,false,25000,46891684519511,341761,5,5,1,11,2,0,0,0,0,62630,300000,52,0,20.9,bonus_bs15_gae3_no,100,2575000,,,,,12,11,2,2,4,4,2,0,0,4,4,1,1,0,2,0,0,0
83158,2026-04-10 00:33:33,5,5,2,shield,shield,goldSack,gold,1,false,100000,46891684619511,341760,5,5,1,11,0,0,2,0,0,62630,300000,52,0,20.9,bonus_bs15_gae3_no,100,2575000,,,,,13,11,2,4,4,4,2,0,0,5,4,1,3,0,2,0,0,0
83159,2026-04-10 00:33:34,3,1,6,attack,coin,spins,gold,1,false,25000,46891684644511,341759,5,5,1,11,1,0,0,1,0,62630,300000,52,0,20.9,bonus_bs15_gae3_no,100,2575000,,,,"{""c5261ecd"":""1947\/4200@m77""}",14,12,2,4,5,4,2,0,0,6,5,1,3,1,2,0,0,0
83160,2026-04-10 00:33:35,30,2,2,accumulation,goldSack,goldSack,gold,1,false,150000,46891684794511,341758,5,5,1,11,0,0,0,0,1,62631,300000,52,1,20.9,bonus_bs15_gae3_no,100,2575000,,,LongExtraDayReduced,"{""slot_on_"":""16222\/48000@m22""}",15,12,2,4,5,5,2,0,0,7,5,1,3,1,3,0,0,0
83161,2026-04-10 00:33:36,4,6,2,steal,spins,goldSack,gold,1,false,100000,46891684894511,341757,5,5,1,11,0,1,0,1,0,62631,300000,52,0,20.9,bonus_bs15_gae3_no,100,2575000,,,,,16,12,3,4,6,5,2,0,0,8,5,2,3,2,3,0,0,0
83162,2026-04-10 00:33:37,1,1,4,coin,coin,steal,gold,1,false,50000,46891684944511,341756,5,5,1,11,0,1,0,0,0,62631,300000,52,0,20.9,bonus_bs15_gae3_no,100,2575000,,,LongExtraDayReduced,"{""slot_on_"":""16223\/48000@m22""}",17,12,4,4,6,5,2,0,0,9,5,3,3,2,3,0,0,0
83163,2026-04-10 00:33:38,5,5,5,shield,shield,shield,shield,3,true,1,46891684944511,341756,5,5,1,11,0,0,3,0,0,62631,300000,52,0,20.9,bonus_bs15_gae3_no,100,2575000,LongExtraDayReduced,,,"{""slot_on_"":""16224\/48000@m22""}",18,12,4,7,6,5,2,0,1,10,5,3,6,2,3,0,0,1
83164,2026-04-10 00:33:39,3,5,2,attack,shield,goldSack,gold,1,false,100000,46891685044511,341755,5,5,1,11,1,0,1,0,0,62631,300000,52,0,20.9,bonus_bs15_gae3_no,100,2575000,,,,,19,13,4,8,6,5,2,0,1,11,6,3,7,2,3,0,0,1
83165,2026-04-10 00:33:40,2,2,2,goldSack,goldSack,goldSack,gold,1,true,2200000,46891687244511,341754,5,5,1,11,0,0,0,0,0,62631,300000,52,0,20.9,bonus_bs15_gae3_no,100,2575000,,LongExtraDayReduced,,"{""slot_on_"":""16225\/48000@m22""}",20,13,4,8,6,5,2,0,1,12,6,3,7,2,3,0,0,1
83166,2026-04-10 00:33:41,3,3,3,attack,attack,attack,attack,2,true,0,46891687244511,341753,5,5,1,11,3,0,0,0,0,62631,300000,52,0,20.9,bonus_bs15_gae3_no,100,2575000,,,,,21,16,4,8,6,5,3,0,1,13,9,3,7,2,3,1,0,1
83167,2026-04-10 00:33:44,30,2,2,accumulation,goldSack,goldSack,gold,1,false,150000,46891696634511,341752,5,5,1,11,0,0,0,0,1,62632,300000,52,1,20.9,bonus_bs15_gae3_no,100,2575000,,,,,22,16,4,8,6,6,3,0,1,14,9,3,7,2,4,1,0,1
83168,2026-04-10 00:33:45,3,1,6,attack,coin,spins,gold,1,false,25000,46891696659511,341751,5,5,1,11,1,0,0,1,0,62632,300000,52,0,20.9,bonus_bs15_gae3_no,100,2575000,,,,"{""e190af25"":""4130\/15000@m17"",""bffc7787"":""16861\/38000@m9""}",23,17,4,8,7,6,3,0,1,15,10,3,7,3,4,1,0,1
83169,2026-04-10 00:33:46,2,2,2,goldSack,goldSack,goldSack,gold,1,true,2200000,46891698859511,341750,5,5,1,11,0,0,0,0,0,62632,300000,52,0,20.9,bonus_bs15_gae3_no,100,2575000,,,,,24,17,4,8,7,6,3,0,1,16,10,3,7,3,4,1,0,1
83170,2026-04-10 00:33:47,30,30,3,accumulation,accumulation,attack,gold,6,false,0,46891698859511,341749,5,5,1,11,1,0,0,0,2,62634,300000,52,2,20.9,bonus_bs15_gae3_no,100,2575000,,,,,25,18,4,8,7,8,3,0,1,17,11,3,7,3,6,1,0,1
83171,2026-04-10 00:33:48,3,1,6,attack,coin,spins,gold,1,false,25000,46891698884511,341748,5,5,1,11,1,0,0,1,0,62634,300000,52,0,20.9,bonus_bs15_gae3_no,100,2575000,,,,,26,19,4,8,8,8,3,0,1,18,12,3,7,4,6,1,0,1
83172,2026-04-10 00:33:49,2,2,2,goldSack,goldSack,goldSack,gold,1,true,2200000,46891701084511,341747,5,5,1,11,0,0,0,0,0,62634,300000,52,0,20.9,bonus_bs15_gae3_no,100,2575000,,,,,27,19,4,8,8,8,3,0,1,19,12,3,7,4,6,1,0,1
83173,2026-04-10 00:33:50,2,2,2,goldSack,goldSack,goldSack,gold,1,true,2200000,46891703284511,341746,5,5,1,11,0,0,0,0,0,62634,300000,52,0,20.9,bonus_bs15_gae3_no,100,2575000,,,,,28,19,4,8,8,8,3,0,1,20,12,3,7,4,6,1,0,1
83174,2026-04-10 00:33:51,3,1,6,attack,coin,spins,gold,1,false,25000,46891703309511,341745,5,5,1,11,1,0,0,1,0,62634,300000,52,0,20.9,bonus_bs15_gae3_no,100,2575000,,,,,29,20,4,8,9,8,3,0,1,21,13,3,7,5,6,1,0,1
83175,2026-04-10 00:33:51,1,1,4,coin,coin,steal,gold,1,false,50000,46891703359511,341744,5,5,1,11,0,1,0,0,0,62634,300000,52,0,20.9,bonus_bs15_gae3_no,100,2575000,,,,,30,20,5,8,9,8,3,0,1,22,13,4,7,5,6,1,0,1
83176,2026-04-10 00:33:52,1,4,4,coin,steal,steal,gold,1,false,25000,46891703384511,341743,5,5,1,11,0,2,0,0,0,62634,300000,52,0,20.9,bonus_bs15_gae3_no,100,2575000,,,,,31,20,7,8,9,8,3,0,1,23,13,6,7,5,6,1,0,1
83177,2026-04-10 00:33:53,30,2,2,accumulation,goldSack,goldSack,gold,1,false,150000,46891703534511,341742,5,5,1,11,0,0,0,0,1,62635,300000,52,1,20.9,bonus_bs15_gae3_no,100,2575000,,,,,32,20,7,8,9,9,3,0,1,24,13,6,7,5,7,1,0,1
83178,2026-04-10 00:33:54,30,2,2,accumulation,goldSack,goldSack,gold,1,false,150000,46891703684511,341741,5,5,1,11,0,0,0,0,1,62636,300000,52,1,20.9,bonus_bs15_gae3_no,100,2575000,,,LongExtraDayReduced,"{""slot_on_"":""16226\/48000@m22""}",33,20,7,8,9,10,3,0,1,25,13,6,7,5,8,1,0,1
83179,2026-04-10 00:33:55,2,2,2,goldSack,goldSack,goldSack,gold,1,true,2200000,46891705884511,341740,5,5,1,11,0,0,0,0,0,62636,300000,52,0,20.9,bonus_bs15_gae3_no,100,2575000,,,,"{""e190af25"":""4132\/15000@m17""}",34,20,7,8,9,10,3,0,1,26,13,6,7,5,8,1,0,1
83180,2026-04-10 00:33:56,1,1,4,coin,coin,steal,gold,1,false,50000,46891705934511,341739,5,5,1,11,0,1,0,0,0,62636,300000,52,0,20.9,bonus_bs15_gae3_no,100,2575000,,,,,35,20,8,8,9,10,3,0,1,27,13,7,7,5,8,1,0,1
83181,2026-04-10 00:33:57,3,3,1,attack,attack,coin,gold,1,false,25000,46891705959511,341738,5,5,1,11,2,0,0,0,0,62636,300000,52,0,20.9,bonus_bs15_gae3_no,100,2575000,,,,,36,22,8,8,9,10,3,0,1,28,15,7,7,5,8,1,0,1
83182,2026-04-10 00:33:57,2,2,2,goldSack,goldSack,goldSack,gold,1,true,2200000,46891708159511,341737,5,5,1,11,0,0,0,0,0,62636,300000,52,0,20.9,bonus_bs15_gae3_no,100,2575000,,,,"{""c5261ecd"":""1949\/4200@m77""}",37,22,8,8,9,10,3,0,1,29,15,7,7,5,8,1,0,1
83183,2026-04-10 00:33:59,30,30,2,accumulation,accumulation,goldSack,gold,1,false,100000,46891708259511,341736,5,5,1,11,0,0,0,0,2,62638,300000,52,2,20.9,bonus_bs15_gae3_no,100,2575000,,,,,38,22,8,8,9,12,3,0,1,30,15,7,7,5,10,1,0,1
83184,2026-04-10 00:34:00,4,4,4,steal,steal,steal,steal,4,true,0,46891708259511,341735,5,5,1,11,0,3,0,0,0,62638,300000,52,0,20.9,bonus_bs15_gae3_no,100,2575000,,,,,39,22,11,8,9,12,3,1,1,31,15,10,7,5,10,1,1,1
83185,2026-04-10 00:34:07,4,6,2,steal,spins,goldSack,gold,1,false,100000,46892399263171,341734,5,5,1,11,0,1,0,1,0,62638,300000,52,0,20.9,bonus_bs15_gae3_no,100,2575000,,LongExtraDayReduced,LongExtraDayReduced,"{""slot_on_"":""16228\/48000@m22"",""bffc7787"":""16862\/38000@m9""}",40,22,12,8,10,12,3,1,1,32,15,11,7,6,10,1,1,1
83186,2026-04-10 00:34:08,1,1,4,coin,coin,steal,gold,1,false,50000,46892399313171,341733,5,5,1,11,0,1,0,0,0,62638,300000,52,0,20.9,bonus_bs15_gae3_no,100,2575000,,LongExtraDayReduced,,"{""slot_on_"":""16229\/48000@m22""}",41,22,13,8,10,12,3,1,1,33,15,12,7,6,10,1,1,1
83187,2026-04-10 00:34:09,1,1,4,coin,coin,steal,gold,1,false,50000,46892399363171,341732,5,5,1,11,0,1,0,0,0,62638,300000,52,0,20.9,bonus_bs15_gae3_no,100,2575000,,,,,42,22,14,8,10,12,3,1,1,34,15,13,7,6,10,1,1,1
83188,2026-04-10 00:34:09,30,2,2,accumulation,goldSack,goldSack,gold,1,false,150000,46892399513171,341731,5,5,1,11,0,0,0,0,1,62639,300000,52,1,20.9,bonus_bs15_gae3_no,100,2575000,,,,,43,22,14,8,10,13,3,1,1,35,15,13,7,6,11,1,1,1
83189,2026-04-10 00:34:11,3,5,2,attack,shield,goldSack,gold,1,false,100000,46892399613171,341730,5,5,1,11,1,0,1,0,0,62639,300000,52,0,20.9,bonus_bs15_gae3_no,100,2575000,,LongExtraDayReduced,,"{""slot_on_"":""16230\/48000@m22""}",44,23,14,9,10,13,3,1,1,36,16,13,8,6,11,1,1,1
83190,2026-04-10 00:34:12,30,2,2,accumulation,goldSack,goldSack,gold,1,false,150000,46892399763171,341729,5,5,1,11,0,0,0,0,1,62640,300000,52,1,20.9,bonus_bs15_gae3_no,100,2575000,,,,,45,23,14,9,10,14,3,1,1,37,16,13,8,6,12,1,1,1
83191,2026-04-10 00:34:13,30,2,2,accumulation,goldSack,goldSack,gold,1,false,150000,46892399913171,341728,5,5,1,11,0,0,0,0,1,62641,300000,52,1,20.9,bonus_bs15_gae3_no,100,2575000,,,,,46,23,14,9,10,15,3,1,1,38,16,13,8,6,13,1,1,1
83192,2026-04-10 00:34:14,1,1,4,coin,coin,steal,gold,1,false,50000,46892399963171,341727,5,5,1,11,0,1,0,0,0,62641,300000,52,0,20.9,bonus_bs15_gae3_no,100,2575000,,,,"{""c5261ecd"":""1951\/4200@m77""}",47,23,15,9,10,15,3,1,1,39,16,14,8,6,13,1,1,1
83193,2026-04-10 00:34:15,3,1,6,attack,coin,spins,gold,1,false,25000,46892399988171,341726,5,5,1,11,1,0,0,1,0,62641,300000,52,0,20.9,bonus_bs15_gae3_no,100,2575000,LongExtraDayReduced,,,"{""slot_on_"":""16231\/48000@m22""}",48,24,15,9,11,15,3,1,1,40,17,14,8,7,13,1,1,1
83194,2026-04-10 00:34:16,1,1,1,coin,coin,coin,gold,1,true,250000,46892400238171,341725,5,5,1,11,0,0,0,0,0,62641,300000,52,0,20.9,bonus_bs15_gae3_no,100,2575000,,,,,49,24,15,9,11,15,3,1,1,41,17,14,8,7,13,1,1,1
83195,2026-04-10 00:34:16,3,5,2,attack,shield,goldSack,gold,1,false,100000,46892400338171,341724,5,5,1,11,1,0,1,0,0,62641,300000,52,0,20.9,bonus_bs15_gae3_no,100,2575000,,,,"{""bffc7787"":""16863\/38000@m9""}",50,25,15,10,11,15,3,1,1,42,18,14,9,7,13,1,1,1
83196,2026-04-10 00:34:17,2,2,2,goldSack,goldSack,goldSack,gold,1,true,2200000,46892402538171,341723,5,5,1,11,0,0,0,0,0,62641,300000,52,0,20.9,bonus_bs15_gae3_no,100,2575000,,,,,51,25,15,10,11,15,3,1,1,43,18,14,9,7,13,1,1,1
83197,2026-04-10 00:34:17,1,1,4,coin,coin,steal,gold,1,false,50000,46892402588171,341722,5,5,1,11,0,1,0,0,0,62641,300000,52,0,20.9,bonus_bs15_gae3_no,100,2575000,LongExtraDayReduced,LongExtraDayReduced,LongExtraDayReduced,"{""slot_on_"":""16236\/48000@m22""}",52,25,16,10,11,15,3,1,1,44,18,15,9,7,13,1,1,1
83198,2026-04-10 00:34:18,30,2,2,accumulation,goldSack,goldSack,gold,1,false,150000,46892402738171,341721,5,5,1,11,0,0,0,0,1,62642,300000,52,1,20.9,bonus_bs15_gae3_no,100,2575000,,,,"{""e190af25"":""4134\/15000@m17""}",53,25,16,10,11,16,3,1,1,45,18,15,9,7,14,1,1,1
83199,2026-04-10 00:34:20,30,2,2,accumulation,goldSack,goldSack,gold,1,false,150000,46892402888171,341720,5,5,1,11,0,0,0,0,1,62643,300000,52,1,20.9,bonus_bs15_gae3_no,100,2575000,LongExtraDayReduced,,,"{""slot_on_"":""16237\/48000@m22""}",54,25,16,10,11,17,3,1,1,46,18,15,9,7,15,1,1,1
83200,2026-04-10 00:34:21,4,6,2,steal,spins,goldSack,gold,1,false,100000,46892402988171,341719,5,5,1,11,0,1,0,1,0,62643,300000,52,0,20.9,bonus_bs15_gae3_no,100,2575000,,,,,55,25,17,10,12,17,3,1,1,47,18,16,9,8,15,1,1,1
83201,2026-04-10 00:34:22,30,2,2,accumulation,goldSack,goldSack,gold,1,false,150000,46892403138171,341718,5,5,1,11,0,0,0,0,1,62644,300000,52,1,20.9,bonus_bs15_gae3_no,100,2575000,,LongExtraDayReduced,,"{""slot_on_"":""16238\/48000@m22""}",56,25,17,10,12,18,3,1,1,48,18,16,9,8,16,1,1,1
83202,2026-04-10 00:34:23,30,30,3,accumulation,accumulation,attack,gold,6,false,0,46892403138171,341717,5,5,1,11,1,0,0,0,2,62646,300000,52,2,20.9,bonus_bs15_gae3_no,100,2575000,,,,,57,26,17,10,12,20,3,1,1,49,19,16,9,8,18,1,1,1
83203,2026-04-10 00:34:25,3,3,3,attack,attack,attack,attack,2,true,0,46892403138171,341716,5,5,1,11,3,0,0,0,0,62646,300000,52,0,20.9,bonus_bs15_gae3_no,100,2575000,,,,"{""bffc7787"":""16864\/38000@m9""}",58,29,17,10,12,20,4,1,1,50,22,16,9,8,18,2,1,1
83204,2026-04-10 00:34:29,30,2,2,accumulation,goldSack,goldSack,gold,1,false,150000,46892412528171,341715,5,5,1,11,0,0,0,0,1,62647,300000,52,1,20.9,bonus_bs15_gae3_no,100,2575000,LongExtraDayReduced,,,"{""slot_on_"":""16239\/48000@m22""}",59,29,17,10,12,21,4,1,1,51,22,16,9,8,19,2,1,1
83205,2026-04-10 00:34:30,1,1,1,coin,coin,coin,gold,1,true,250000,46892412778171,341714,5,5,1,11,0,0,0,0,0,62647,300000,52,0,20.9,bonus_bs15_gae3_no,100,2575000,,,,,60,29,17,10,12,21,4,1,1,52,22,16,9,8,19,2,1,1
83206,2026-04-10 00:34:31,3,3,1,attack,attack,coin,gold,1,false,25000,46892412803171,341713,5,5,1,11,2,0,0,0,0,62647,300000,52,0,20.9,bonus_bs15_gae3_no,100,2575000,,,,,61,31,17,10,12,21,4,1,1,53,24,16,9,8,19,2,1,1
83207,2026-04-10 00:34:31,3,3,3,attack,attack,attack,attack,2,true,0,46892412803171,341712,5,5,1,11,3,0,0,0,0,62647,300000,52,0,20.9,bonus_bs15_gae3_no,100,2575000,,,,"{""c5261ecd"":""1953\/4200@m77""}",62,34,17,10,12,21,5,1,1,54,27,16,9,8,19,3,1,1
83208,2026-04-10 00:34:36,30,2,2,accumulation,goldSack,goldSack,gold,1,false,150000,46892440953171,341711,5,5,1,11,0,0,0,0,1,62648,300000,52,1,20.9,bonus_bs15_gae3_no,100,2575000,,,,,63,34,17,10,12,22,5,1,1,55,27,16,9,8,20,3,1,1
83209,2026-04-10 00:34:37,3,1,6,attack,coin,spins,gold,1,false,25000,46892440978171,341710,5,5,1,11,1,0,0,1,0,62648,300000,52,0,20.9,bonus_bs15_gae3_no,100,2575000,,,,,64,35,17,10,13,22,5,1,1,56,28,16,9,9,20,3,1,1
83210,2026-04-10 00:34:38,1,1,1,coin,coin,coin,gold,1,true,250000,46892441228171,341709,5,5,1,11,0,0,0,0,0,62648,300000,52,0,20.9,bonus_bs15_gae3_no,100,2575000,LongExtraDayReduced,LongExtraDayReduced,,"{""slot_on_"":""16241\/48000@m22""}",65,35,17,10,13,22,5,1,1,57,28,16,9,9,20,3,1,1
83211,2026-04-10 00:34:39,1,4,4,coin,steal,steal,gold,1,false,25000,46892441253171,341708,5,5,1,11,0,2,0,0,0,62648,300000,52,0,20.9,bonus_bs15_gae3_no,100,2575000,,,,,66,35,19,10,13,22,5,1,1,58,28,18,9,9,20,3,1,1
83212,2026-04-10 00:34:39,1,4,4,coin,steal,steal,gold,1,false,25000,46892441278171,341707,5,5,1,11,0,2,0,0,0,62648,300000,52,0,20.9,bonus_bs15_gae3_no,100,2575000,,,,,67,35,21,10,13,22,5,1,1,59,28,20,9,9,20,3,1,1
83213,2026-04-10 00:34:40,5,5,5,shield,shield,shield,shield,3,true,1,46892441278171,341707,5,5,1,11,0,0,3,0,0,62648,300000,52,0,20.9,bonus_bs15_gae3_no,100,2575000,,,,,68,35,21,13,13,22,5,1,2,60,28,20,12,9,20,3,1,2
83214,2026-04-10 00:34:41,5,5,5,shield,shield,shield,shield,3,true,1,46892441278171,341707,5,5,1,11,0,0,3,0,0,62648,300000,52,0,20.9,bonus_bs15_gae3_no,100,2575000,LongExtraDayReduced,,,"{""slot_on_"":""16242\/48000@m22"",""bffc7787"":""16865\/38000@m9""}",69,35,21,16,13,22,5,1,3,61,28,20,15,9,20,3,1,3
83215,2026-04-10 00:34:43,4,6,2,steal,spins,goldSack,gold,1,false,100000,46892441378171,341706,5,5,1,11,0,1,0,1,0,62648,300000,52,0,20.9,bonus_bs15_gae3_no,100,2575000,,LongExtraDayReduced,LongExtraDayReduced,"{""slot_on_"":""16244\/48000@m22""}",70,35,22,16,14,22,5,1,3,62,28,21,15,10,20,3,1,3
83216,2026-04-10 00:34:44,3,5,2,attack,shield,goldSack,gold,1,false,100000,46892441478171,341705,5,5,1,11,1,0,1,0,0,62648,300000,52,0,20.9,bonus_bs15_gae3_no,100,2575000,,LongExtraDayReduced,,"{""slot_on_"":""16245\/48000@m22""}",71,36,22,17,14,22,5,1,3,63,29,21,16,10,20,3,1,3
83217,2026-04-10 00:34:44,1,1,1,coin,coin,coin,gold,1,true,250000,46892441728171,341704,5,5,1,11,0,0,0,0,0,62648,300000,52,0,20.9,bonus_bs15_gae3_no,100,2575000,,,,,72,36,22,17,14,22,5,1,3,64,29,21,16,10,20,3,1,3
83218,2026-04-10 00:34:45,30,2,2,accumulation,goldSack,goldSack,gold,1,false,150000,46892441878171,341703,5,5,1,11,0,0,0,0,1,62649,300000,52,1,20.9,bonus_bs15_gae3_no,100,2575000,,,,"{""e190af25"":""4136\/15000@m17""}",73,36,22,17,14,23,5,1,3,65,29,21,16,10,21,3,1,3
83219,2026-04-10 00:34:46,3,1,6,attack,coin,spins,gold,1,false,25000,46892441903171,341702,5,5,1,11,1,0,0,1,0,62649,300000,52,0,20.9,bonus_bs15_gae3_no,100,2575000,,,,,74,37,22,17,15,23,5,1,3,66,30,21,16,11,21,3,1,3
83220,2026-04-10 00:34:47,30,2,2,accumulation,goldSack,goldSack,gold,1,false,150000,46892442053171,341701,5,5,1,11,0,0,0,0,1,62650,300000,52,1,20.9,bonus_bs15_gae3_no,100,2575000,,LongExtraDayReduced,LongExtraDayReduced,"{""slot_on_"":""16247\/48000@m22""}",75,37,22,17,15,24,5,1,3,67,30,21,16,11,22,3,1,3
83221,2026-04-10 00:34:48,3,3,3,attack,attack,attack,attack,2,true,0,46892442053171,341700,5,5,1,11,3,0,0,0,0,62650,300000,52,0,20.9,bonus_bs15_gae3_no,100,2575000,,,,,76,40,22,17,15,24,6,1,3,68,33,21,16,11,22,4,1,3
83222,2026-04-10 00:34:52,4,6,2,steal,spins,goldSack,gold,1,false,100000,46892451393171,341699,5,5,1,11,0,1,0,1,0,62650,300000,52,0,20.9,bonus_bs15_gae3_no,100,2575000,,LongExtraDayReduced,,"{""slot_on_"":""16248\/48000@m22""}",77,40,23,17,16,24,6,1,3,69,33,22,16,12,22,4,1,3
83223,2026-04-10 00:34:53,4,4,4,steal,steal,steal,steal,4,true,0,46892451393171,341698,5,5,1,11,0,3,0,0,0,62650,300000,52,0,20.9,bonus_bs15_gae3_no,100,2575000,,LongExtraDayReduced,,"{""slot_on_"":""16249\/48000@m22"",""c5261ecd"":""1955\/4200@m77""}",78,40,26,17,16,24,6,2,3,70,33,25,16,12,22,4,2,3
83224,2026-04-10 00:35:00,30,2,2,accumulation,goldSack,goldSack,gold,1,false,150000,46892903099631,341697,5,5,1,11,0,0,0,0,1,62651,300000,52,1,20.9,bonus_bs15_gae3_no,100,2575000,,,,,79,40,26,17,16,25,6,2,3,71,33,25,16,12,23,4,2,3
83225,2026-04-10 00:35:01,6,6,2,spins,spins,goldSack,gold,1,false,100000,46892903199631,341696,5,5,1,11,0,0,0,2,0,62651,300000,52,0,20.9,bonus_bs15_gae3_no,100,2575000,LongExtraDayReduced,,,"{""slot_on_"":""16250\/48000@m22""}",80,40,26,17,18,25,6,2,3,72,33,25,16,14,23,4,2,3
83226,2026-04-10 00:35:02,3,3,1,attack,attack,coin,gold,1,false,25000,46892903224631,341695,5,5,1,11,2,0,0,0,0,62651,300000,52,0,20.9,bonus_bs15_gae3_no,100,2575000,,,,,81,42,26,17,18,25,6,2,3,73,35,25,16,14,23,4,2,3
83227,2026-04-10 00:35:03,4,6,2,steal,spins,goldSack,gold,1,false,100000,46892903324631,341694,5,5,1,11,0,1,0,1,0,62651,300000,52,0,20.9,bonus_bs15_gae3_no,100,2575000,,,LongExtraDayReduced,"{""slot_on_"":""16251\/48000@m22""}",82,42,27,17,19,25,6,2,3,74,35,26,16,15,23,4,2,3
83228,2026-04-10 00:35:03,5,2,2,shield,goldSack,goldSack,gold,1,false,150000,46892903474631,341693,5,5,1,11,0,0,1,0,0,62651,300000,52,0,20.9,bonus_bs15_gae3_no,100,2575000,,,,,83,42,27,18,19,25,6,2,3,75,35,26,17,15,23,4,2,3
83229,2026-04-10 00:35:04,3,3,3,attack,attack,attack,attack,2,true,0,46892903474631,341692,5,5,1,11,3,0,0,0,0,62651,300000,52,0,20.9,bonus_bs15_gae3_no,100,2575000,,,,,84,45,27,18,19,25,7,2,3,76,38,26,17,15,23,5,2,3
83230,2026-04-10 00:35:08,3,5,2,attack,shield,goldSack,gold,1,false,100000,46892912814631,341691,5,5,1,11,1,0,1,0,0,62651,300000,52,0,20.9,bonus_bs15_gae3_no,100,2575000,,LongExtraDayReduced,,"{""slot_on_"":""16252\/48000@m22"",""bffc7787"":""16866\/38000@m9""}",85,46,27,19,19,25,7,2,3,77,39,26,18,15,23,5,2,3
83231,2026-04-10 00:35:09,1,1,1,coin,coin,coin,gold,1,true,250000,46892913064631,341690,5,5,1,11,0,0,0,0,0,62651,300000,52,0,20.9,bonus_bs15_gae3_no,100,2575000,,,,,86,46,27,19,19,25,7,2,3,78,39,26,18,15,23,5,2,3
83232,2026-04-10 00:35:10,4,6,2,steal,spins,goldSack,gold,1,false,100000,46892913164631,341689,5,5,1,11,0,1,0,1,0,62651,300000,52,0,20.9,bonus_bs15_gae3_no,100,2575000,,,,,87,46,28,19,20,25,7,2,3,79,39,27,18,16,23,5,2,3
83233,2026-04-10 00:35:10,3,6,2,attack,spins,goldSack,gold,1,false,100000,46892913264631,341688,5,5,1,11,1,0,0,1,0,62651,300000,52,0,20.9,bonus_bs15_gae3_no,100,2575000,,,,"{""e190af25"":""4138\/15000@m17""}",88,47,28,19,21,25,7,2,3,80,40,27,18,17,23,5,2,3
83234,2026-04-10 00:35:12,1,1,1,coin,coin,coin,gold,1,true,250000,46892913514631,341687,5,5,1,11,0,0,0,0,0,62651,300000,52,0,20.9,bonus_bs15_gae3_no,100,2575000,,,,"{""c5261ecd"":""1957\/4200@m77""}",89,47,28,19,21,25,7,2,3,81,40,27,18,17,23,5,2,3
83235,2026-04-10 00:35:13,3,1,1,attack,coin,coin,gold,1,false,50000,46892913564631,341686,5,5,1,11,1,0,0,0,0,62651,300000,52,0,20.9,bonus_bs15_gae3_no,100,2575000,,,,,90,48,28,19,21,25,7,2,3,82,41,27,18,17,23,5,2,3
83236,2026-04-10 00:35:13,2,2,2,goldSack,goldSack,goldSack,gold,1,true,2200000,46892915764631,341685,5,5,1,11,0,0,0,0,0,62651,300000,52,0,20.9,bonus_bs15_gae3_no,100,2575000,,,,,91,48,28,19,21,25,7,2,3,83,41,27,18,17,23,5,2,3
83237,2026-04-10 00:35:14,3,3,3,attack,attack,attack,attack,2,true,0,46892915764631,341684,5,5,1,11,3,0,0,0,0,62651,300000,52,0,20.9,bonus_bs15_gae3_no,100,2575000,,,,,92,51,28,19,21,25,8,2,3,84,44,27,18,17,23,6,2,3
83238,2026-04-10 00:35:18,4,4,4,steal,steal,steal,steal,4,true,0,46892925004631,341683,5,5,1,11,0,3,0,0,0,62651,300000,52,0,20.9,bonus_bs15_gae3_no,100,2575000,,,,"{""bffc7787"":""16867\/38000@m9""}",93,51,31,19,21,25,8,3,3,85,44,30,18,17,23,6,3,3
83239,2026-04-10 00:35:24,1,4,4,coin,steal,steal,gold,1,false,25000,46893297578751,341682,5,5,1,11,0,2,0,0,0,62651,300000,52,0,20.9,bonus_bs15_gae3_no,100,2575000,,,,,94,51,33,19,21,25,8,3,3,86,44,32,18,17,23,6,3,3
83240,2026-04-10 00:35:25,1,1,1,coin,coin,coin,gold,1,true,250000,46893297828751,341681,5,5,1,11,0,0,0,0,0,62651,300000,52,0,20.9,bonus_bs15_gae3_no,100,2575000,,,,,95,51,33,19,21,25,8,3,3,87,44,32,18,17,23,6,3,3
83241,2026-04-10 00:35:26,30,30,1,accumulation,accumulation,coin,gold,1,false,25000,46893297853751,341680,5,5,1,11,0,0,0,0,2,62653,300000,52,2,20.9,bonus_bs15_gae3_no,100,2575000,LongExtraDayReduced,LongExtraDayReduced,,"{""slot_on_"":""16254\/48000@m22""}",96,51,33,19,21,27,8,3,3,88,44,32,18,17,25,6,3,3
83242,2026-04-10 00:35:27,5,5,5,shield,shield,shield,shield,3,true,1,46893297853751,341680,5,5,1,11,0,0,3,0,0,62653,300000,52,0,20.9,bonus_bs15_gae3_no,100,2575000,,,,,97,51,33,22,21,27,8,3,4,89,44,32,21,17,25,6,3,4
83243,2026-04-10 00:35:28,5,5,5,shield,shield,shield,shield,3,true,1,46893297853751,341680,5,5,1,11,0,0,3,0,0,62653,300000,52,0,20.9,bonus_bs15_gae3_no,100,2575000,,,,"{""e190af25"":""4140\/15000@m17""}",98,51,33,25,21,27,8,3,5,90,44,32,24,17,25,6,3,5
83244,2026-04-10 00:35:29,4,6,2,steal,spins,goldSack,gold,1,false,100000,46893297953751,341679,5,5,1,11,0,1,0,1,0,62653,300000,52,0,20.9,bonus_bs15_gae3_no,100,2575000,,,,,99,51,34,25,22,27,8,3,5,91,44,33,24,18,25,6,3,5
83245,2026-04-10 00:35:30,1,4,4,coin,steal,steal,gold,1,false,25000,46893297978751,341678,5,5,1,11,0,2,0,0,0,62653,300000,52,0,20.9,bonus_bs15_gae3_no,100,2575000,,,,"{""bffc7787"":""16868\/38000@m9""}",100,51,36,25,22,27,8,3,5,92,44,35,24,18,25,6,3,5
83246,2026-04-10 00:35:31,3,1,1,attack,coin,coin,gold,1,false,50000,46893298028751,341677,5,5,1,11,1,0,0,0,0,62653,300000,52,0,20.9,bonus_bs15_gae3_no,100,2575000,LongExtraDayReduced,,,"{""slot_on_"":""16255\/48000@m22""}",101,52,36,25,22,27,8,3,5,93,45,35,24,18,25,6,3,5
83247,2026-04-10 00:35:31,4,4,4,steal,steal,steal,steal,4,true,0,46893298028751,341676,5,5,1,11,0,3,0,0,0,62653,300000,52,0,20.9,bonus_bs15_gae3_no,100,2575000,,,,"{""e190af25"":""4142\/15000@m17""}",102,52,39,25,22,27,8,4,5,94,45,38,24,18,25,6,4,5
83248,2026-04-10 00:35:38,3,3,1,attack,attack,coin,gold,1,false,25000,46893727100951,341675,5,5,1,11,2,0,0,0,0,62653,300000,52,0,20.9,bonus_bs15_gae3_no,100,2575000,,,,,103,54,39,25,22,27,8,4,5,95,47,38,24,18,25,6,4,5
83249,2026-04-10 00:35:38,1,4,4,coin,steal,steal,gold,1,false,25000,46893727125951,341674,5,5,1,11,0,2,0,0,0,62653,300000,52,0,20.9,bonus_bs15_gae3_no,100,2575000,,LongExtraDayReduced,,"{""slot_on_"":""16256\/48000@m22""}",104,54,41,25,22,27,8,4,5,96,47,40,24,18,25,6,4,5
83250,2026-04-10 00:35:39,4,4,4,steal,steal,steal,steal,4,true,0,46893727125951,341673,5,5,1,11,0,3,0,0,0,62653,300000,52,0,20.9,bonus_bs15_gae3_no,100,2575000,,,,,105,54,44,25,22,27,8,5,5,97,47,43,24,18,25,6,5,5
83251,2026-04-10 00:35:46,5,2,2,shield,goldSack,goldSack,gold,1,false,150000,46893864504931,341672,5,5,1,11,0,0,1,0,0,62653,300000,52,0,20.9,bonus_bs15_gae3_no,100,2575000,,,,,106,54,44,26,22,27,8,5,5,98,47,43,25,18,25,6,5,5
83252,2026-04-10 00:35:47,1,1,1,coin,coin,coin,gold,1,true,250000,46893864754931,341671,5,5,1,11,0,0,0,0,0,62653,300000,52,0,20.9,bonus_bs15_gae3_no,100,2575000,,,,"{""bffc7787"":""16869\/38000@m9""}",107,54,44,26,22,27,8,5,5,99,47,43,25,18,25,6,5,5
83253,2026-04-10 00:35:48,3,1,5,attack,coin,shield,gold,1,false,25000,46893864779931,341670,5,5,1,11,1,0,1,0,0,62653,300000,52,0,20.9,bonus_bs15_gae3_no,100,2575000,,,,,108,55,44,27,22,27,8,5,5,100,48,43,26,18,25,6,5,5
83254,2026-04-10 00:35:48,3,4,2,attack,steal,goldSack,gold,1,false,100000,46893864879931,341669,5,5,1,11,1,1,0,0,0,62653,300000,52,0,20.9,bonus_bs15_gae3_no,100,2575000,,,,,109,56,45,27,22,27,8,5,5,101,49,44,26,18,25,6,5,5
83255,2026-04-10 00:35:49,2,2,2,goldSack,goldSack,goldSack,gold,1,true,2200000,46893867079931,341668,5,5,1,11,0,0,0,0,0,62653,300000,52,0,20.9,bonus_bs15_gae3_no,100,2575000,,,,,110,56,45,27,22,27,8,5,5,102,49,44,26,18,25,6,5,5
83256,2026-04-10 00:35:50,3,6,2,attack,spins,goldSack,gold,1,false,100000,46893867179931,341667,5,5,1,11,1,0,0,1,0,62653,300000,52,0,20.9,bonus_bs15_gae3_no,100,2575000,,,,,111,57,45,27,23,27,8,5,5,103,50,44,26,19,25,6,5,5
83257,2026-04-10 00:35:51,3,4,2,attack,steal,goldSack,gold,1,false,100000,46893867279931,341666,5,5,1,11,1,1,0,0,0,62653,300000,52,0,20.9,bonus_bs15_gae3_no,100,2575000,,LongExtraDayReduced,,"{""slot_on_"":""16257\/48000@m22"",""c5261ecd"":""1959\/4200@m77""}",112,58,46,27,23,27,8,5,5,104,51,45,26,19,25,6,5,5
83258,2026-04-10 00:35:52,1,6,6,coin,spins,spins,gold,1,false,25000,46893867304931,341665,5,5,1,11,0,0,0,2,0,62653,300000,52,0,20.9,bonus_bs15_gae3_no,100,2575000,,LongExtraDayReduced,,"{""slot_on_"":""16258\/48000@m22""}",113,58,46,27,25,27,8,5,5,105,51,45,26,21,25,6,5,5
83259,2026-04-10 00:35:52,2,2,2,goldSack,goldSack,goldSack,gold,1,true,2200000,46893869504931,341664,5,5,1,11,0,0,0,0,0,62653,300000,52,0,20.9,bonus_bs15_gae3_no,100,2575000,,,,,114,58,46,27,25,27,8,5,5,106,51,45,26,21,25,6,5,5
83260,2026-04-10 00:35:53,30,2,2,accumulation,goldSack,goldSack,gold,1,false,150000,46893869654931,341663,5,5,1,11,0,0,0,0,1,62654,300000,52,1,20.9,bonus_bs15_gae3_no,100,2575000,,,,"{""e190af25"":""4144\/15000@m17""}",115,58,46,27,25,28,8,5,5,107,51,45,26,21,26,6,5,5
83261,2026-04-10 00:35:54,30,2,2,accumulation,goldSack,goldSack,gold,1,false,150000,46893869804931,341662,5,5,1,11,0,0,0,0,1,62655,300000,52,1,20.9,bonus_bs15_gae3_no,100,2575000,,,,,116,58,46,27,25,29,8,5,5,108,51,45,26,21,27,6,5,5
83262,2026-04-10 00:35:56,2,2,2,goldSack,goldSack,goldSack,gold,1,true,2200000,46893872004931,341661,5,5,1,11,0,0,0,0,0,62655,300000,52,0,20.9,bonus_bs15_gae3_no,100,2575000,,,,,117,58,46,27,25,29,8,5,5,109,51,45,26,21,27,6,5,5
83263,2026-04-10 00:35:57,30,2,2,accumulation,goldSack,goldSack,gold,1,false,150000,46893872154931,341660,5,5,1,11,0,0,0,0,1,62656,300000,52,1,20.9,bonus_bs15_gae3_no,100,2575000,,,,,118,58,46,27,25,30,8,5,5,110,51,45,26,21,28,6,5,5
83264,2026-04-10 00:35:58,4,6,2,steal,spins,goldSack,gold,1,false,100000,46893872254931,341659,5,5,1,11,0,1,0,1,0,62656,300000,52,0,20.9,bonus_bs15_gae3_no,100,2575000,LongExtraDayReduced,,,"{""slot_on_"":""16259\/48000@m22""}",119,58,47,27,26,30,8,5,5,111,51,46,26,22,28,6,5,5
83265,2026-04-10 00:35:59,3,3,3,attack,attack,attack,attack,2,true,0,46893872254931,341658,5,5,1,11,3,0,0,0,0,62656,300000,52,0,20.9,bonus_bs15_gae3_no,100,2575000,,,,,120,61,47,27,26,30,9,5,5,112,54,46,26,22,28,7,5,5
83266,2026-04-10 00:36:02,30,2,2,accumulation,goldSack,goldSack,gold,1,false,150000,46893881644931,341657,5,5,1,11,0,0,0,0,1,62657,300000,52,1,20.9,bonus_bs15_gae3_no,100,2575000,LongExtraDayReduced,LongExtraDayReduced,,"{""slot_on_"":""16261\/48000@m22""}",121,61,47,27,26,31,9,5,5,113,54,46,26,22,29,7,5,5
83267,2026-04-10 00:36:03,4,6,2,steal,spins,goldSack,gold,1,false,100000,46893881744931,341656,5,5,1,11,0,1,0,1,0,62657,300000,52,0,20.9,bonus_bs15_gae3_no,100,2575000,,,,,122,61,48,27,27,31,9,5,5,114,54,47,26,23,29,7,5,5
83268,2026-04-10 00:36:04,30,2,2,accumulation,goldSack,goldSack,gold,1,false,150000,46893881894931,341655,5,5,1,11,0,0,0,0,1,62658,300000,52,1,20.9,bonus_bs15_gae3_no,100,2575000,,,,,123,61,48,27,27,32,9,5,5,115,54,47,26,23,30,7,5,5
83269,2026-04-10 00:36:05,3,3,3,attack,attack,attack,attack,2,true,0,46893881894931,341654,5,5,1,11,3,0,0,0,0,62658,300000,52,0,20.9,bonus_bs15_gae3_no,100,2575000,,,,"{""bffc7787"":""16870\/38000@m9""}",124,64,48,27,27,32,10,5,5,116,57,47,26,23,30,8,5,5
83270,2026-04-10 00:36:10,1,1,1,coin,coin,coin,gold,1,true,250000,46893891384931,341653,5,5,1,11,0,0,0,0,0,62658,300000,52,0,20.9,bonus_bs15_gae3_no,100,2575000,,,,"{""c5261ecd"":""1961\/4200@m77""}",125,64,48,27,27,32,10,5,5,117,57,47,26,23,30,8,5,5
83271,2026-04-10 00:36:10,3,1,1,attack,coin,coin,gold,1,false,50000,46893891434931,341652,5,5,1,11,1,0,0,0,0,62658,300000,52,0,20.9,bonus_bs15_gae3_no,100,2575000,,,,,126,65,48,27,27,32,10,5,5,118,58,47,26,23,30,8,5,5
83272,2026-04-10 00:36:11,4,6,2,steal,spins,goldSack,gold,1,false,100000,46893891534931,341651,5,5,1,11,0,1,0,1,0,62658,300000,52,0,20.9,bonus_bs15_gae3_no,100,2575000,LongExtraDayReduced,,LongExtraDayReduced,"{""slot_on_"":""16263\/48000@m22""}",127,65,49,27,28,32,10,5,5,119,58,48,26,24,30,8,5,5
83273,2026-04-10 00:36:12,30,30,1,accumulation,accumulation,coin,gold,1,false,25000,46893891559931,341650,5,5,1,11,0,0,0,0,2,62660,300000,52,2,20.9,bonus_bs15_gae3_no,100,2575000,,LongExtraDayReduced,,"{""slot_on_"":""16264\/48000@m22""}",128,65,49,27,28,34,10,5,5,120,58,48,26,24,32,8,5,5
83274,2026-04-10 00:36:13,3,1,1,attack,coin,coin,gold,1,false,50000,46893891609931,341649,5,5,1,11,1,0,0,0,0,62660,300000,52,0,20.9,bonus_bs15_gae3_no,100,2575000,,,,,129,66,49,27,28,34,10,5,5,121,59,48,26,24,32,8,5,5
83275,2026-04-10 00:36:14,2,2,2,goldSack,goldSack,goldSack,gold,1,true,2200000,46893893809931,341648,5,5,1,11,0,0,0,0,0,62660,300000,52,0,20.9,bonus_bs15_gae3_no,100,2575000,,,,,130,66,49,27,28,34,10,5,5,122,59,48,26,24,32,8,5,5
83276,2026-04-10 00:36:14,1,5,5,coin,shield,shield,gold,1,false,25000,46893893834931,341647,5,5,1,11,0,0,2,0,0,62660,300000,52,0,20.9,bonus_bs15_gae3_no,100,2575000,LongExtraDayReduced,,,"{""slot_on_"":""16265\/48000@m22""}",131,66,49,29,28,34,10,5,5,123,59,48,28,24,32,8,5,5
83277,2026-04-10 00:36:15,3,3,3,attack,attack,attack,attack,2,true,0,46893893834931,341646,5,5,1,11,3,0,0,0,0,62660,300000,52,0,20.9,bonus_bs15_gae3_no,100,2575000,,,,,132,69,49,29,28,34,11,5,5,124,62,48,28,24,32,9,5,5
83278,2026-04-10 00:36:19,30,2,2,accumulation,goldSack,goldSack,gold,1,false,150000,46893903224931,341645,5,5,1,11,0,0,0,0,1,62661,300000,52,1,20.9,bonus_bs15_gae3_no,100,2575000,,,,,133,69,49,29,28,35,11,5,5,125,62,48,28,24,33,9,5,5
83279,2026-04-10 00:36:20,3,4,2,attack,steal,goldSack,gold,1,false,100000,46893903324931,341644,5,5,1,11,1,1,0,0,0,62661,300000,52,0,20.9,bonus_bs15_gae3_no,100,2575000,,,,"{""e190af25"":""4146\/15000@m17""}",134,70,50,29,28,35,11,5,5,126,63,49,28,24,33,9,5,5
83280,2026-04-10 00:36:20,30,2,2,accumulation,goldSack,goldSack,gold,1,false,150000,46893903474931,341643,5,5,1,11,0,0,0,0,1,62662,300000,52,1,20.9,bonus_bs15_gae3_no,100,2575000,,,,,135,70,50,29,28,36,11,5,5,127,63,49,28,24,34,9,5,5
83281,2026-04-10 00:36:22,3,1,1,attack,coin,coin,gold,1,false,50000,46893903524931,341642,5,5,1,11,1,0,0,0,0,62662,300000,52,0,20.9,bonus_bs15_gae3_no,100,2575000,,,,,136,71,50,29,28,36,11,5,5,128,64,49,28,24,34,9,5,5
83282,2026-04-10 00:36:22,30,2,2,accumulation,goldSack,goldSack,gold,1,false,150000,46893903674931,341641,5,5,1,11,0,0,0,0,1,62663,300000,52,1,20.9,bonus_bs15_gae3_no,100,2575000,,,,,137,71,50,29,28,37,11,5,5,129,64,49,28,24,35,9,5,5
83283,2026-04-10 00:36:23,2,2,2,goldSack,goldSack,goldSack,gold,1,true,2200000,46893905874931,341640,5,5,1,11,0,0,0,0,0,62663,300000,52,0,20.9,bonus_bs15_gae3_no,100,2575000,,,,,138,71,50,29,28,37,11,5,5,130,64,49,28,24,35,9,5,5
83284,2026-04-10 00:36:24,4,6,2,steal,spins,goldSack,gold,1,false,100000,46893905974931,341639,5,5,1,11,0,1,0,1,0,62663,300000,52,0,20.9,bonus_bs15_gae3_no,100,2575000,,LongExtraDayReduced,,"{""slot_on_"":""16266\/48000@m22"",""c5261ecd"":""1963\/4200@m77""}",139,71,51,29,29,37,11,5,5,131,64,50,28,25,35,9,5,5
83285,2026-04-10 00:36:25,3,3,1,attack,attack,coin,gold,1,false,25000,46893905999931,341638,5,5,1,11,2,0,0,0,0,62663,300000,52,0,20.9,bonus_bs15_gae3_no,100,2575000,,,,,140,73,51,29,29,37,11,5,5,132,66,50,28,25,35,9,5,5
83286,2026-04-10 00:36:26,5,5,5,shield,shield,shield,shield,3,true,1,46893905999931,341638,5,5,1,11,0,0,3,0,0,62663,300000,52,0,20.9,bonus_bs15_gae3_no,100,2575000,,,,,141,73,51,32,29,37,11,5,6,133,66,50,31,25,35,9,5,6
83287,2026-04-10 00:36:27,4,6,2,steal,spins,goldSack,gold,1,false,100000,46893906099931,341637,5,5,1,11,0,1,0,1,0,62663,300000,52,0,20.9,bonus_bs15_gae3_no,100,2575000,LongExtraDayReduced,LongExtraDayReduced,,"{""slot_on_"":""16268\/48000@m22"",""bffc7787"":""16871\/38000@m9""}",142,73,52,32,30,37,11,5,6,134,66,51,31,26,35,9,5,6
83288,2026-04-10 00:36:28,1,1,1,coin,coin,coin,gold,1,true,250000,46893906349931,341636,5,5,1,11,0,0,0,0,0,62663,300000,52,0,20.9,bonus_bs15_gae3_no,100,2575000,,,,,143,73,52,32,30,37,11,5,6,135,66,51,31,26,35,9,5,6
83289,2026-04-10 00:36:29,3,3,1,attack,attack,coin,gold,1,false,25000,46893906374931,341635,5,5,1,11,2,0,0,0,0,62663,300000,52,0,20.9,bonus_bs15_gae3_no,100,2575000,,,,,144,75,52,32,30,37,11,5,6,136,68,51,31,26,35,9,5,6
83290,2026-04-10 00:36:29,4,6,2,steal,spins,goldSack,gold,1,false,100000,46893906474931,341634,5,5,1,11,0,1,0,1,0,62663,300000,52,0,20.9,bonus_bs15_gae3_no,100,2575000,,,,,145,75,53,32,31,37,11,5,6,137,68,52,31,27,35,9,5,6
83291,2026-04-10 00:36:30,30,30,1,accumulation,accumulation,coin,gold,1,false,25000,46893906499931,341633,5,5,1,11,0,0,0,0,2,62665,300000,52,2,20.9,bonus_bs15_gae3_no,100,2575000,,,,,146,75,53,32,31,39,11,5,6,138,68,52,31,27,37,9,5,6
83292,2026-04-10 00:36:31,30,30,30,accumulation,accumulation,accumulation,gold,10,true,0,46893906499931,341632,5,5,1,11,0,0,0,0,3,62675,300000,52,10,20.9,bonus_bs15_gae3_no,100,2575000,,LongExtraDayReduced,LongExtraDayReduced,"{""slot_on_"":""16270\/48000@m22""}",147,75,53,32,31,42,11,5,6,139,68,52,31,27,40,9,5,6
83293,2026-04-10 00:36:33,30,30,1,accumulation,accumulation,coin,gold,1,false,25000,46893906524931,341631,5,5,1,11,0,0,0,0,2,62677,300000,52,2,20.9,bonus_bs15_gae3_no,100,2575000,,,,,1,0,0,0,0,2,0,0,0,140,68,52,31,27,42,9,5,6
83294,2026-04-10 00:36:35,30,2,2,accumulation,goldSack,goldSack,gold,1,false,150000,46893906674931,341630,5,5,1,11,0,0,0,0,1,62678,300000,52,1,20.9,bonus_bs15_gae3_no,100,2575000,,,,"{""e190af25"":""4148\/15000@m17""}",2,0,0,0,0,3,0,0,0,141,68,52,31,27,43,9,5,6
83295,2026-04-10 00:36:36,4,6,2,steal,spins,goldSack,gold,1,false,100000,46893906774931,341629,5,5,1,11,0,1,0,1,0,62678,300000,52,0,20.9,bonus_bs15_gae3_no,100,2575000,,,,,3,0,1,0,1,3,0,0,0,142,68,53,31,28,43,9,5,6
83296,2026-04-10 00:36:37,6,6,6,spins,spins,spins,spins,5,true,10,46893906774931,341638,5,5,1,11,0,0,0,3,0,62678,300000,52,0,20.9,bonus_bs15_gae3_no,100,2575000,,,,,4,0,1,0,4,3,0,0,0,143,68,53,31,31,43,9,5,6
83297,2026-04-10 00:36:38,3,1,1,attack,coin,coin,gold,1,false,50000,46893906824931,341637,5,5,1,11,1,0,0,0,0,62678,300000,52,0,20.9,bonus_bs15_gae3_no,100,2575000,,,,,5,1,1,0,4,3,0,0,0,1,1,0,0,0,0,0,0,0
83298,2026-04-10 00:36:39,1,6,6,coin,spins,spins,gold,1,false,25000,46893906849931,341636,5,5,1,11,0,0,0,2,0,62678,300000,52,0,20.9,bonus_bs15_gae3_no,100,2575000,,,,,6,1,1,0,6,3,0,0,0,2,1,0,0,2,0,0,0,0
83299,2026-04-10 00:36:40,30,2,2,accumulation,goldSack,goldSack,gold,1,false,150000,46893906999931,341635,5,5,1,11,0,0,0,0,1,62679,300000,52,1,20.9,bonus_bs15_gae3_no,100,2575000,,,,,7,1,1,0,6,4,0,0,0,3,1,0,0,2,1,0,0,0
83300,2026-04-10 00:36:41,3,1,1,attack,coin,coin,gold,1,false,50000,46893907049931,341634,5,5,1,11,1,0,0,0,0,62679,300000,52,0,20.9,bonus_bs15_gae3_no,100,2575000,,,,,8,2,1,0,6,4,0,0,0,4,2,0,0,2,1,0,0,0
83301,2026-04-10 00:36:42,3,3,3,attack,attack,attack,attack,2,true,0,46893907049931,341633,5,5,1,11,3,0,0,0,0,62679,300000,52,0,20.9,bonus_bs15_gae3_no,100,2575000,,,,,9,5,1,0,6,4,1,0,0,5,5,0,0,2,1,1,0,0
83302,2026-04-10 00:36:46,30,2,2,accumulation,goldSack,goldSack,gold,1,false,150000,46893916439931,341632,5,5,1,11,0,0,0,0,1,62680,300000,52,1,20.9,bonus_bs15_gae3_no,100,2575000,,,,,10,5,1,0,6,5,1,0,0,6,5,0,0,2,2,1,0,0
83303,2026-04-10 00:36:47,1,6,6,coin,spins,spins,gold,1,false,25000,46893916464931,341631,5,5,1,11,0,0,0,2,0,62680,300000,52,0,20.9,bonus_bs15_gae3_no,100,2575000,,LongExtraDayReduced,LongExtraDayReduced,"{""slot_on_"":""16272\/48000@m22"",""bffc7787"":""16872\/38000@m9""}",11,5,1,0,8,5,1,0,0,7,5,0,0,4,2,1,0,0
83304,2026-04-10 00:36:48,4,6,2,steal,spins,goldSack,gold,1,false,100000,46893916564931,341630,5,5,1,11,0,1,0,1,0,62680,300000,52,0,20.9,bonus_bs15_gae3_no,100,2575000,LongExtraDayReduced,,,"{""slot_on_"":""16273\/48000@m22"",""e190af25"":""4150\/15000@m17""}",12,5,2,0,9,5,1,0,0,8,5,1,0,5,2,1,0,0
83305,2026-04-10 00:36:49,30,30,1,accumulation,accumulation,coin,gold,1,false,25000,46893916589931,341629,5,5,1,11,0,0,0,0,2,62682,300000,52,2,20.9,bonus_bs15_gae3_no,100,2575000,,,,,13,5,2,0,9,7,1,0,0,9,5,1,0,5,4,1,0,0
83306,2026-04-10 00:36:50,30,2,2,accumulation,goldSack,goldSack,gold,1,false,150000,46893916739931,341628,5,5,1,11,0,0,0,0,1,62683,300000,52,1,20.9,bonus_bs15_gae3_no,100,2575000,,,,"{""c5261ecd"":""1965\/4200@m77""}",14,5,2,0,9,8,1,0,0,10,5,1,0,5,5,1,0,0
83307,2026-04-10 00:36:52,30,30,1,accumulation,accumulation,coin,gold,1,false,25000,46893916764931,341627,5,5,1,11,0,0,0,0,2,62685,300000,52,2,20.9,bonus_bs15_gae3_no,100,2575000,,,,"{""e190af25"":""4152\/15000@m17""}",15,5,2,0,9,10,1,0,0,11,5,1,0,5,7,1,0,0
83308,2026-04-10 00:36:53,3,3,1,attack,attack,coin,gold,1,false,25000,46893916789931,341626,5,5,1,11,2,0,0,0,0,62685,300000,52,0,20.9,bonus_bs15_gae3_no,100,2575000,,,,,16,7,2,0,9,10,1,0,0,12,7,1,0,5,7,1,0,0
83309,2026-04-10 00:36:54,3,4,2,attack,steal,goldSack,gold,1,false,100000,46893916889931,341625,5,5,1,11,1,1,0,0,0,62685,300000,52,0,20.9,bonus_bs15_gae3_no,100,2575000,,,,,17,8,3,0,9,10,1,0,0,13,8,2,0,5,7,1,0,0
83310,2026-04-10 00:36:55,30,2,2,accumulation,goldSack,goldSack,gold,1,false,150000,46893917039931,341624,5,5,1,11,0,0,0,0,1,62686,300000,52,1,20.9,bonus_bs15_gae3_no,100,2575000,,,LongExtraDayReduced,"{""slot_on_"":""16274\/48000@m22"",""bffc7787"":""16873\/38000@m9""}",18,8,3,0,9,11,1,0,0,14,8,2,0,5,8,1,0,0
83311,2026-04-10 00:36:56,4,6,2,steal,spins,goldSack,gold,1,false,100000,46893917139931,341623,5,5,1,11,0,1,0,1,0,62686,300000,52,0,20.9,bonus_bs15_gae3_no,100,2575000,,,,"{""e190af25"":""4154\/15000@m17""}",19,8,4,0,10,11,1,0,0,15,8,3,0,6,8,1,0,0
83312,2026-04-10 00:36:57,1,4,4,coin,steal,steal,gold,1,false,25000,46893917164931,341622,5,5,1,11,0,2,0,0,0,62686,300000,52,0,20.9,bonus_bs15_gae3_no,100,2575000,,,,,20,8,6,0,10,11,1,0,0,16,8,5,0,6,8,1,0,0
83313,2026-04-10 00:36:58,3,1,1,attack,coin,coin,gold,1,false,50000,46893917214931,341621,5,5,1,11,1,0,0,0,0,62686,300000,52,0,20.9,bonus_bs15_gae3_no,100,2575000,,,,,21,9,6,0,10,11,1,0,0,17,9,5,0,6,8,1,0,0
83314,2026-04-10 00:36:59,3,3,3,attack,attack,attack,attack,2,true,0,46893917214931,341620,5,5,1,11,3,0,0,0,0,62686,300000,52,0,20.9,bonus_bs15_gae3_no,100,2575000,,,,,22,12,6,0,10,11,2,0,0,18,12,5,0,6,8,2,0,0
83315,2026-04-10 00:37:02,30,30,1,accumulation,accumulation,coin,gold,1,false,25000,46893926479931,341619,5,5,1,11,0,0,0,0,2,62688,300000,52,2,20.9,bonus_bs15_gae3_no,100,2575000,,,,,23,12,6,0,10,13,2,0,0,19,12,5,0,6,10,2,0,0
83316,2026-04-10 00:37:03,30,2,2,accumulation,goldSack,goldSack,gold,1,false,150000,46893926629931,341618,5,5,1,11,0,0,0,0,1,62689,300000,52,1,20.9,bonus_bs15_gae3_no,100,2575000,LongExtraDayReduced,,,"{""slot_on_"":""16275\/48000@m22""}",24,12,6,0,10,14,2,0,0,20,12,5,0,6,11,2,0,0
83317,2026-04-10 00:37:05,3,3,1,attack,attack,coin,gold,1,false,25000,46893926654931,341617,5,5,1,11,2,0,0,0,0,62689,300000,52,0,20.9,bonus_bs15_gae3_no,100,2575000,,,,,25,14,6,0,10,14,2,0,0,21,14,5,0,6,11,2,0,0
83318,2026-04-10 00:37:06,2,2,2,goldSack,goldSack,goldSack,gold,1,true,2200000,46893928854931,341616,5,5,1,11,0,0,0,0,0,62689,300000,52,0,20.9,bonus_bs15_gae3_no,100,2575000,,,,,26,14,6,0,10,14,2,0,0,22,14,5,0,6,11,2,0,0
83319,2026-04-10 00:37:06,4,6,2,steal,spins,goldSack,gold,1,false,100000,46893928954931,341615,5,5,1,11,0,1,0,1,0,62689,300000,52,0,20.9,bonus_bs15_gae3_no,100,2575000,,,,,27,14,7,0,11,14,2,0,0,23,14,6,0,7,11,2,0,0
83320,2026-04-10 00:37:07,5,5,5,shield,shield,shield,shield,3,true,1,46893928954931,341615,5,5,1,11,0,0,3,0,0,62689,300000,52,0,20.9,bonus_bs15_gae3_no,100,2575000,LongExtraDayReduced,,,"{""slot_on_"":""16276\/48000@m22""}",28,14,7,3,11,14,2,0,1,24,14,6,3,7,11,2,0,1
83321,2026-04-10 00:37:08,3,1,1,attack,coin,coin,gold,1,false,50000,46893929004931,341614,5,5,1,11,1,0,0,0,0,62689,300000,52,0,20.9,bonus_bs15_gae3_no,100,2575000,,,,,29,15,7,3,11,14,2,0,1,25,15,6,3,7,11,2,0,1
83322,2026-04-10 00:37:09,3,1,5,attack,coin,shield,gold,1,false,25000,46893929029931,341613,5,5,1,11,1,0,1,0,0,62689,300000,52,0,20.9,bonus_bs15_gae3_no,100,2575000,,,,,30,16,7,4,11,14,2,0,1,26,16,6,4,7,11,2,0,1
83323,2026-04-10 00:37:10,4,6,2,steal,spins,goldSack,gold,1,false,100000,46893929129931,341612,5,5,1,11,0,1,0,1,0,62689,300000,52,0,20.9,bonus_bs15_gae3_no,100,2575000,LongExtraDayReduced,,,"{""slot_on_"":""16277\/48000@m22"",""e190af25"":""4156\/15000@m17""}",31,16,8,4,12,14,2,0,1,27,16,7,4,8,11,2,0,1
83324,2026-04-10 00:37:11,3,1,1,attack,coin,coin,gold,1,false,50000,46893929179931,341611,5,5,1,11,1,0,0,0,0,62689,300000,52,0,20.9,bonus_bs15_gae3_no,100,2575000,,,,,32,17,8,4,12,14,2,0,1,28,17,7,4,8,11,2,0,1
83325,2026-04-10 00:37:12,30,2,2,accumulation,goldSack,goldSack,gold,1,false,150000,46893929329931,341610,5,5,1,11,0,0,0,0,1,62690,300000,52,1,20.9,bonus_bs15_gae3_no,100,2575000,,,,,33,17,8,4,12,15,2,0,1,29,17,7,4,8,12,2,0,1
83326,2026-04-10 00:37:13,4,6,2,steal,spins,goldSack,gold,1,false,100000,46893929429931,341609,5,5,1,11,0,1,0,1,0,62690,300000,52,0,20.9,bonus_bs15_gae3_no,100,2575000,,,,,34,17,9,4,13,15,2,0,1,30,17,8,4,9,12,2,0,1
83327,2026-04-10 00:37:13,30,2,2,accumulation,goldSack,goldSack,gold,1,false,150000,46893929579931,341608,5,5,1,11,0,0,0,0,1,62691,300000,52,1,20.9,bonus_bs15_gae3_no,100,2575000,LongExtraDayReduced,,,"{""slot_on_"":""16278\/48000@m22"",""c5261ecd"":""1967\/4200@m77""}",35,17,9,4,13,16,2,0,1,31,17,8,4,9,13,2,0,1
83328,2026-04-10 00:37:15,1,1,1,coin,coin,coin,gold,1,true,250000,46893929829931,341607,5,5,1,11,0,0,0,0,0,62691,300000,52,0,20.9,bonus_bs15_gae3_no,100,2575000,,LongExtraDayReduced,,"{""slot_on_"":""16279\/48000@m22""}",36,17,9,4,13,16,2,0,1,32,17,8,4,9,13,2,0,1
83329,2026-04-10 00:37:16,1,4,6,coin,steal,spins,gold,1,false,25000,46893929854931,341606,5,5,1,11,0,1,0,1,0,62691,300000,52,0,20.9,bonus_bs15_gae3_no,100,2575000,,LongExtraDayReduced,,"{""slot_on_"":""16280\/48000@m22""}",37,17,10,4,14,16,2,0,1,33,17,9,4,10,13,2,0,1
83330,2026-04-10 00:37:17,3,4,2,attack,steal,goldSack,gold,1,false,100000,46893929954931,341605,5,5,1,11,1,1,0,0,0,62691,300000,52,0,20.9,bonus_bs15_gae3_no,100,2575000,LongExtraDayReduced,LongExtraDayReduced,LongExtraDayReduced,"{""slot_on_"":""16285\/48000@m22""}",38,18,11,4,14,16,2,0,1,34,18,10,4,10,13,2,0,1
83331,2026-04-10 00:37:17,1,1,6,coin,coin,spins,gold,1,false,50000,46893930004931,341604,5,5,1,11,0,0,0,1,0,62691,300000,52,0,20.9,bonus_bs15_gae3_no,100,2575000,LongExtraDayReduced,,,"{""slot_on_"":""16286\/48000@m22"",""bffc7787"":""16874\/38000@m9""}",39,18,11,4,15,16,2,0,1,35,18,10,4,11,13,2,0,1
83332,2026-04-10 00:37:18,3,3,3,attack,attack,attack,attack,2,true,0,46893930004931,341603,5,5,1,11,3,0,0,0,0,62691,300000,52,0,20.9,bonus_bs15_gae3_no,100,2575000,,,LongExtraDayReduced,"{""slot_on_"":""16287\/48000@m22"",""e190af25"":""4158\/15000@m17""}",40,21,11,4,15,16,3,0,1,36,21,10,4,11,13,3,0,1
83333,2026-04-10 00:37:24,1,1,1,coin,coin,coin,gold,1,true,250000,46893939494931,341602,5,5,1,11,0,0,0,0,0,62691,300000,52,0,20.9,bonus_bs15_gae3_no,100,2575000,,,,,41,21,11,4,15,16,3,0,1,37,21,10,4,11,13,3,0,1
83334,2026-04-10 00:37:25,2,2,2,goldSack,goldSack,goldSack,gold,1,true,2200000,46893941694931,341601,5,5,1,11,0,0,0,0,0,62691,300000,52,0,20.9,bonus_bs15_gae3_no,100,2575000,,,,,42,21,11,4,15,16,3,0,1,38,21,10,4,11,13,3,0,1
83335,2026-04-10 00:37:26,3,1,1,attack,coin,coin,gold,1,false,50000,46893941744931,341600,5,5,1,11,1,0,0,0,0,62691,300000,52,0,20.9,bonus_bs15_gae3_no,100,2575000,LongExtraDayReduced,,,"{""slot_on_"":""16288\/48000@m22""}",43,22,11,4,15,16,3,0,1,39,22,10,4,11,13,3,0,1
83336,2026-04-10 00:37:27,3,3,2,attack,attack,goldSack,gold,1,false,100000,46893941844931,341599,5,5,1,11,2,0,0,0,0,62691,300000,52,0,20.9,bonus_bs15_gae3_no,100,2575000,LongExtraDayReduced,,,"{""slot_on_"":""16289\/48000@m22"",""e190af25"":""4160\/15000@m17""}",44,24,11,4,15,16,3,0,1,40,24,10,4,11,13,3,0,1
83337,2026-04-10 00:37:28,30,30,1,accumulation,accumulation,coin,gold,1,false,25000,46893941869931,341598,5,5,1,11,0,0,0,0,2,62693,300000,52,2,20.9,bonus_bs15_gae3_no,100,2575000,,,,,45,24,11,4,15,18,3,0,1,41,24,10,4,11,15,3,0,1
83338,2026-04-10 00:37:29,3,4,2,attack,steal,goldSack,gold,1,false,100000,46893941969931,341597,5,5,1,11,1,1,0,0,0,62693,300000,52,0,20.9,bonus_bs15_gae3_no,100,2575000,,,,,46,25,12,4,15,18,3,0,1,42,25,11,4,11,15,3,0,1
83339,2026-04-10 00:37:29,1,1,6,coin,coin,spins,gold,1,false,50000,46893942019931,341596,5,5,1,11,0,0,0,1,0,62693,300000,52,0,20.9,bonus_bs15_gae3_no,100,2575000,,,,,47,25,12,4,16,18,3,0,1,43,25,11,4,12,15,3,0,1
83340,2026-04-10 00:37:30,3,3,3,attack,attack,attack,attack,2,true,0,46893942019931,341595,5,5,1,11,3,0,0,0,0,62693,300000,52,0,20.9,bonus_bs15_gae3_no,100,2575000,,,,"{""bffc7787"":""16875\/38000@m9""}",48,28,12,4,16,18,4,0,1,44,28,11,4,12,15,4,0,1
83341,2026-04-10 00:37:35,4,4,4,steal,steal,steal,steal,4,true,0,46893951259931,341594,5,5,1,11,0,3,0,0,0,62693,300000,52,0,20.9,bonus_bs15_gae3_no,100,2575000,,,,,49,28,15,4,16,18,4,1,1,45,28,14,4,12,15,4,1,1
83342,2026-04-10 00:37:44,1,4,4,coin,steal,steal,gold,1,false,25000,46894063614431,341593,5,5,1,11,0,2,0,0,0,62693,300000,52,0,20.9,bonus_bs15_gae3_no,100,2575000,,,,,50,28,17,4,16,18,4,1,1,46,28,16,4,12,15,4,1,1
83343,2026-04-10 00:37:44,30,30,30,accumulation,accumulation,accumulation,gold,10,true,0,46894063614431,341592,5,5,1,11,0,0,0,0,3,62703,300000,52,10,20.9,bonus_bs15_gae3_no,100,2575000,,,,,51,28,17,4,16,21,4,1,1,47,28,16,4,12,18,4,1,1
83344,2026-04-10 00:37:46,5,5,5,shield,shield,shield,shield,3,true,1,46894063614431,341592,5,5,1,11,0,0,3,0,0,62703,300000,52,0,20.9,bonus_bs15_gae3_no,100,2575000,,,,,1,0,0,3,0,0,0,0,1,48,28,16,7,12,18,4,1,2
83345,2026-04-10 00:37:47,30,2,2,accumulation,goldSack,goldSack,gold,1,false,150000,46894063764431,341591,5,5,1,11,0,0,0,0,1,62704,300000,52,1,20.9,bonus_bs15_gae3_no,100,2575000,,,,"{""c5261ecd"":""1969\/4200@m77""}",2,0,0,3,0,1,0,0,1,49,28,16,7,12,19,4,1,2
83346,2026-04-10 00:37:48,3,3,2,attack,attack,goldSack,gold,1,false,100000,46894063864431,341590,5,5,1,11,2,0,0,0,0,62704,300000,52,0,20.9,bonus_bs15_gae3_no,100,2575000,,,,,3,2,0,3,0,1,0,0,1,50,30,16,7,12,19,4,1,2
83347,2026-04-10 00:37:49,3,3,2,attack,attack,goldSack,gold,1,false,100000,46894063964431,341589,5,5,1,11,2,0,0,0,0,62704,300000,52,0,20.9,bonus_bs15_gae3_no,100,2575000,,,LongExtraDayReduced,"{""slot_on_"":""16290\/48000@m22""}",4,4,0,3,0,1,0,0,1,51,32,16,7,12,19,4,1,2
83348,2026-04-10 00:37:49,3,4,2,attack,steal,goldSack,gold,1,false,100000,46894064064431,341588,5,5,1,11,1,1,0,0,0,62704,300000,52,0,20.9,bonus_bs15_gae3_no,100,2575000,,,,,5,5,1,3,0,1,0,0,1,52,33,17,7,12,19,4,1,2
83349,2026-04-10 00:37:50,30,2,2,accumulation,goldSack,goldSack,gold,1,false,150000,46894064214431,341587,5,5,1,11,0,0,0,0,1,62705,300000,52,1,20.9,bonus_bs15_gae3_no,100,2575000,,,,,6,5,1,3,0,2,0,0,1,53,33,17,7,12,20,4,1,2
83350,2026-04-10 00:37:51,2,2,2,goldSack,goldSack,goldSack,gold,1,true,2200000,46894066414431,341586,5,5,1,11,0,0,0,0,0,62705,300000,52,0,20.9,bonus_bs15_gae3_no,100,2575000,,,,,7,5,1,3,0,2,0,0,1,54,33,17,7,12,20,4,1,2
83351,2026-04-10 00:37:52,30,2,2,accumulation,goldSack,goldSack,gold,1,false,150000,46894066564431,341585,5,5,1,11,0,0,0,0,1,62706,300000,52,1,20.9,bonus_bs15_gae3_no,100,2575000,,,,"{""bffc7787"":""16876\/38000@m9""}",8,5,1,3,0,3,0,0,1,55,33,17,7,12,21,4,1,2
83352,2026-04-10 00:37:53,30,30,1,accumulation,accumulation,coin,gold,1,false,25000,46894066589431,341584,5,5,1,11,0,0,0,0,2,62708,300000,52,2,20.9,bonus_bs15_gae3_no,100,2575000,,,,,9,5,1,3,0,5,0,0,1,56,33,17,7,12,23,4,1,2
83353,2026-04-10 00:37:55,1,1,1,coin,coin,coin,gold,1,true,250000,46894066839431,341583,5,5,1,11,0,0,0,0,0,62708,300000,52,0,20.9,bonus_bs15_gae3_no,100,2575000,,LongExtraDayReduced,LongExtraDayReduced,"{""slot_on_"":""16292\/48000@m22""}",10,5,1,3,0,5,0,0,1,57,33,17,7,12,23,4,1,2
83354,2026-04-10 00:37:55,4,4,4,steal,steal,steal,steal,4,true,0,46894066839431,341582,5,5,1,11,0,3,0,0,0,62708,300000,52,0,20.9,bonus_bs15_gae3_no,100,2575000,,,,,11,5,4,3,0,5,0,1,1,58,33,20,7,12,23,4,2,2
83355,2026-04-10 00:38:03,2,2,2,goldSack,goldSack,goldSack,gold,1,true,2200000,46894557831291,341581,5,5,1,11,0,0,0,0,0,62708,300000,52,0,20.9,bonus_bs15_gae3_no,100,2575000,,,,,12,5,4,3,0,5,0,1,1,59,33,20,7,12,23,4,2,2
83356,2026-04-10 00:38:04,30,2,2,accumulation,goldSack,goldSack,gold,1,false,150000,46894557981291,341580,5,5,1,11,0,0,0,0,1,62709,300000,52,1,20.9,bonus_bs15_gae3_no,100,2575000,LongExtraDayReduced,,,"{""slot_on_"":""16293\/48000@m22"",""e190af25"":""4162\/15000@m17""}",13,5,4,3,0,6,0,1,1,60,33,20,7,12,24,4,2,2
83357,2026-04-10 00:38:05,1,6,6,coin,spins,spins,gold,1,false,25000,46894558006291,341579,5,5,1,11,0,0,0,2,0,62709,300000,52,0,20.9,bonus_bs15_gae3_no,100,2575000,,,,,14,5,4,3,2,6,0,1,1,61,33,20,7,14,24,4,2,2
83358,2026-04-10 00:38:06,1,1,6,coin,coin,spins,gold,1,false,50000,46894558056291,341578,5,5,1,11,0,0,0,1,0,62709,300000,52,0,20.9,bonus_bs15_gae3_no,100,2575000,,,,,15,5,4,3,3,6,0,1,1,62,33,20,7,15,24,4,2,2
83359,2026-04-10 00:38:07,2,2,2,goldSack,goldSack,goldSack,gold,1,true,2200000,46894560256291,341577,5,5,1,11,0,0,0,0,0,62709,300000,52,0,20.9,bonus_bs15_gae3_no,100,2575000,,LongExtraDayReduced,LongExtraDayReduced,"{""slot_on_"":""16295\/48000@m22""}",16,5,4,3,3,6,0,1,1,63,33,20,7,15,24,4,2,2
83360,2026-04-10 00:38:08,1,6,6,coin,spins,spins,gold,1,false,25000,46894560281291,341576,5,5,1,11,0,0,0,2,0,62709,300000,52,0,20.9,bonus_bs15_gae3_no,100,2575000,,,,,17,5,4,3,5,6,0,1,1,64,33,20,7,17,24,4,2,2
83361,2026-04-10 00:38:09,1,4,6,coin,steal,spins,gold,1,false,25000,46894560306291,341575,5,5,1,11,0,1,0,1,0,62709,300000,52,0,20.9,bonus_bs15_gae3_no,100,2575000,,LongExtraDayReduced,,"{""slot_on_"":""16296\/48000@m22"",""c5261ecd"":""1971\/4200@m77""}",18,5,5,3,6,6,0,1,1,65,33,21,7,18,24,4,2,2
83362,2026-04-10 00:38:10,3,3,2,attack,attack,goldSack,gold,1,false,100000,46894560406291,341574,5,5,1,11,2,0,0,0,0,62709,300000,52,0,20.9,bonus_bs15_gae3_no,100,2575000,,,,,19,7,5,3,6,6,0,1,1,66,35,21,7,18,24,4,2,2
83363,2026-04-10 00:38:10,1,6,6,coin,spins,spins,gold,1,false,25000,46894560431291,341573,5,5,1,11,0,0,0,2,0,62709,300000,52,0,20.9,bonus_bs15_gae3_no,100,2575000,LongExtraDayReduced,,,"{""slot_on_"":""16297\/48000@m22""}",20,7,5,3,8,6,0,1,1,67,35,21,7,20,24,4,2,2
83364,2026-04-10 00:38:11,5,5,5,shield,shield,shield,shield,3,true,1,46894560431291,341573,5,5,1,11,0,0,3,0,0,62709,300000,52,0,20.9,bonus_bs15_gae3_no,100,2575000,LongExtraDayReduced,,LongExtraDayReduced,"{""slot_on_"":""16299\/48000@m22"",""bffc7787"":""16877\/38000@m9""}",21,7,5,6,8,6,0,1,2,68,35,21,10,20,24,4,2,3
83365,2026-04-10 00:38:13,1,4,6,coin,steal,spins,gold,1,false,25000,46894560456291,341572,5,5,1,11,0,1,0,1,0,62709,300000,52,0,20.9,bonus_bs15_gae3_no,100,2575000,,,,,22,7,6,6,9,6,0,1,2,69,35,22,10,21,24,4,2,3
83366,2026-04-10 00:38:13,2,2,2,goldSack,goldSack,goldSack,gold,1,true,2200000,46894562656291,341571,5,5,1,11,0,0,0,0,0,62709,300000,52,0,20.9,bonus_bs15_gae3_no,100,2575000,,,,,23,7,6,6,9,6,0,1,2,70,35,22,10,21,24,4,2,3
83367,2026-04-10 00:38:14,30,2,2,accumulation,goldSack,goldSack,gold,1,false,150000,46894562806291,341570,5,5,1,11,0,0,0,0,1,62710,300000,52,1,20.9,bonus_bs15_gae3_no,100,2575000,,,,,24,7,6,6,9,7,0,1,2,71,35,22,10,21,25,4,2,3
83368,2026-04-10 00:38:15,30,2,2,accumulation,goldSack,goldSack,gold,1,false,150000,46894562956291,341569,5,5,1,11,0,0,0,0,1,62711,300000,52,1,20.9,bonus_bs15_gae3_no,100,2575000,,,,,25,7,6,6,9,8,0,1,2,72,35,22,10,21,26,4,2,3
83369,2026-04-10 00:38:20,5,5,5,shield,shield,shield,shield,3,true,6000,46894562956291,341569,5,5,6000,11,0,0,3,0,0,62711,300000,52,0,20.9,bonus_bs15_gae3_no,100,2575000,,,,,26,7,6,9,9,8,0,1,3,73,35,22,13,21,26,4,2,4
83370,2026-04-10 00:38:21,1,1,1,coin,coin,coin,gold,1,true,1500000000,46896062956291,335569,5,5,6000,11,0,0,0,0,0,62711,300000,52,0,20.9,bonus_bs15_gae3_no,100,2575000,,LongExtraDayReduced,,"{""slot_on_"":""22299\/48000@m22""}",27,7,6,9,9,8,0,1,3,74,35,22,13,21,26,4,2,4
83371,2026-04-10 00:38:23,2,2,2,goldSack,goldSack,goldSack,gold,1,true,4400000,46896067356291,335567,5,5,2,11,0,0,0,0,0,62711,300000,52,0,20.9,bonus_bs15_gae3_no,100,2575000,,,,"{""e190af25"":""4166\/15000@m17""}",28,7,6,9,9,8,0,1,3,75,35,22,13,21,26,4,2,4
83372,2026-04-10 00:38:24,3,4,2,attack,steal,goldSack,gold,1,false,200000,46896067556291,335565,5,5,2,11,1,1,0,0,0,62711,300000,52,0,20.9,bonus_bs15_gae3_no,100,2575000,,,,,29,8,7,9,9,8,0,1,3,76,36,23,13,21,26,4,2,4
83373,2026-04-10 00:38:27,30,30,30,accumulation,accumulation,accumulation,gold,10,true,0,46896067556291,334065,5,5,1500,11,0,0,0,0,3,77711,300000,52,15000,25.9,bonus_bs15_gae3_no,100,2575000,LongExtraDayReduced,LongExtraDayReduced,,"{""slot_on_"":""25299\/48000@m22""}",30,8,7,9,9,11,0,1,3,77,36,23,13,21,29,4,2,4
83374,2026-04-10 00:38:36,1,4,4,coin,steal,steal,gold,1,false,25000,46896067581291,334064,5,5,1,11,0,2,0,0,0,77711,300000,52,0,25.9,bonus_bs15_gae3_no,100,2575000,,,,"{""bffc7787"":""16878\/38000@m9""}",1,0,2,0,0,0,0,0,0,78,36,25,13,21,29,4,2,4
83375,2026-04-10 00:38:36,1,1,1,coin,coin,coin,gold,1,true,250000,46896067831291,334063,5,5,1,11,0,0,0,0,0,77711,300000,52,0,25.9,bonus_bs15_gae3_no,100,2575000,,,,,2,0,2,0,0,0,0,0,0,79,36,25,13,21,29,4,2,4
83376,2026-04-10 00:38:37,1,6,6,coin,spins,spins,gold,1,false,25000,46896067856291,334062,5,5,1,11,0,0,0,2,0,77711,300000,52,0,25.9,bonus_bs15_gae3_no,100,2575000,LongExtraDayReduced,,,"{""slot_on_"":""25300\/48000@m22""}",3,0,2,0,2,0,0,0,0,80,36,25,13,23,29,4,2,4
83377,2026-04-10 00:38:38,2,2,2,goldSack,goldSack,goldSack,gold,1,true,2200000,46896070056291,334061,5,5,1,11,0,0,0,0,0,77711,300000,52,0,25.9,bonus_bs15_gae3_no,100,2575000,,,,,4,0,2,0,2,0,0,0,0,81,36,25,13,23,29,4,2,4
83378,2026-04-10 00:38:39,3,3,3,attack,attack,attack,attack,2,true,0,46896070056291,334060,5,5,1,11,3,0,0,0,0,77711,300000,52,0,25.9,bonus_bs15_gae3_no,100,2575000,,,,,5,3,2,0,2,0,1,0,0,82,39,25,13,23,29,5,2,4
83379,2026-04-10 00:38:43,5,5,5,shield,shield,shield,shield,3,true,1,46896079296291,334060,5,5,1,11,0,0,3,0,0,77711,300000,52,0,25.9,bonus_bs15_gae3_no,100,2575000,,,,"{""c5261ecd"":""1973\/4200@m77""}",6,3,2,3,2,0,1,0,1,83,39,25,16,23,29,5,2,5
83380,2026-04-10 00:38:45,4,4,4,steal,steal,steal,steal,4,true,0,46896079296291,334059,5,5,1,11,0,3,0,0,0,77711,300000,52,0,25.9,bonus_bs15_gae3_no,100,2575000,,,,"{""e190af25"":""4168\/15000@m17""}",7,3,5,3,2,0,1,1,1,84,39,28,16,23,29,5,3,5
83381,2026-04-10 00:38:52,30,30,1,accumulation,accumulation,coin,gold,1,false,25000,46896701965471,334058,5,5,1,11,0,0,0,0,2,77713,300000,52,2,25.9,bonus_bs15_gae3_no,100,2575000,,,LongExtraDayReduced,"{""slot_on_"":""25301\/48000@m22""}",8,3,5,3,2,2,1,1,1,85,39,28,16,23,31,5,3,5
83382,2026-04-10 00:38:53,5,5,5,shield,shield,shield,shield,3,true,1,46896701965471,334058,5,5,1,11,0,0,3,0,0,77713,300000,52,0,25.9,bonus_bs15_gae3_no,100,2575000,,,LongExtraDayReduced,"{""slot_on_"":""25302\/48000@m22""}",9,3,5,6,2,2,1,1,2,86,39,28,19,23,31,5,3,6
83383,2026-04-10 00:38:55,3,4,2,attack,steal,goldSack,gold,1,false,100000,46896702065471,334057,5,5,1,11,1,1,0,0,0,77713,300000,52,0,25.9,bonus_bs15_gae3_no,100,2575000,,,,,10,4,6,6,2,2,1,1,2,87,40,29,19,23,31,5,3,6
83384,2026-04-10 00:38:55,5,5,5,shield,shield,shield,shield,3,true,1,46896702065471,334057,5,5,1,11,0,0,3,0,0,77713,300000,52,0,25.9,bonus_bs15_gae3_no,100,2575000,,,,,11,4,6,9,2,2,1,1,3,88,40,29,22,23,31,5,3,7
83385,2026-04-10 00:38:56,30,2,2,accumulation,goldSack,goldSack,gold,1,false,150000,46896702215471,334056,5,5,1,11,0,0,0,0,1,77714,300000,52,1,25.9,bonus_bs15_gae3_no,100,2575000,,,,,12,4,6,9,2,3,1,1,3,89,40,29,22,23,32,5,3,7
83386,2026-04-10 00:38:58,1,4,4,coin,steal,steal,gold,1,false,25000,46896702240471,334055,5,5,1,11,0,2,0,0,0,77714,300000,52,0,25.9,bonus_bs15_gae3_no,100,2575000,LongExtraDayReduced,,,"{""slot_on_"":""25303\/48000@m22""}",13,4,8,9,2,3,1,1,3,90,40,31,22,23,32,5,3,7
83387,2026-04-10 00:38:59,30,2,2,accumulation,goldSack,goldSack,gold,1,false,150000,46896702390471,334054,5,5,1,11,0,0,0,0,1,77715,300000,52,1,25.9,bonus_bs15_gae3_no,100,2575000,,,,,14,4,8,9,2,4,1,1,3,91,40,31,22,23,33,5,3,7
83388,2026-04-10 00:39:00,3,4,2,attack,steal,goldSack,gold,1,false,100000,46896702490471,334053,5,5,1,11,1,1,0,0,0,77715,300000,52,0,25.9,bonus_bs15_gae3_no,100,2575000,,,,,15,5,9,9,2,4,1,1,3,92,41,32,22,23,33,5,3,7
83389,2026-04-10 00:39:01,1,1,1,coin,coin,coin,gold,1,true,250000,46896702740471,334052,5,5,1,11,0,0,0,0,0,77715,300000,52,0,25.9,bonus_bs15_gae3_no,100,2575000,,,,"{""c5261ecd"":""1975\/4200@m77"",""bffc7787"":""16879\/38000@m9""}",16,5,9,9,2,4,1,1,3,93,41,32,22,23,33,5,3,7
83390,2026-04-10 00:39:02,3,4,2,attack,steal,goldSack,gold,1,false,100000,46896702840471,334051,5,5,1,11,1,1,0,0,0,77715,300000,52,0,25.9,bonus_bs15_gae3_no,100,2575000,LongExtraDayReduced,,,"{""slot_on_"":""25304\/48000@m22""}",17,6,10,9,2,4,1,1,3,94,42,33,22,23,33,5,3,7
83391,2026-04-10 00:39:03,1,1,6,coin,coin,spins,gold,1,false,50000,46896702890471,334050,5,5,1,11,0,0,0,1,0,77715,300000,52,0,25.9,bonus_bs15_gae3_no,100,2575000,,,,,18,6,10,9,3,4,1,1,3,95,42,33,22,24,33,5,3,7
83392,2026-04-10 00:39:03,3,3,1,attack,attack,coin,gold,1,false,25000,46896702915471,334049,5,5,1,11,2,0,0,0,0,77715,300000,52,0,25.9,bonus_bs15_gae3_no,100,2575000,,,,"{""e190af25"":""4170\/15000@m17""}",19,8,10,9,3,4,1,1,3,96,44,33,22,24,33,5,3,7
83393,2026-04-10 00:39:04,3,4,2,attack,steal,goldSack,gold,1,false,100000,46896703015471,334048,5,5,1,11,1,1,0,0,0,77715,300000,52,0,25.9,bonus_bs15_gae3_no,100,2575000,,,,,20,9,11,9,3,4,1,1,3,97,45,34,22,24,33,5,3,7
83394,2026-04-10 00:39:05,1,1,1,coin,coin,coin,gold,1,true,250000,46896703265471,334047,5,5,1,11,0,0,0,0,0,77715,300000,52,0,25.9,bonus_bs15_gae3_no,100,2575000,,LongExtraDayReduced,,"{""slot_on_"":""25305\/48000@m22""}",21,9,11,9,3,4,1,1,3,98,45,34,22,24,33,5,3,7
83395,2026-04-10 00:39:06,1,1,6,coin,coin,spins,gold,1,false,50000,46896703315471,334046,5,5,1,11,0,0,0,1,0,77715,300000,52,0,25.9,bonus_bs15_gae3_no,100,2575000,,,,,22,9,11,9,4,4,1,1,3,99,45,34,22,25,33,5,3,7
83396,2026-04-10 00:39:06,4,4,4,steal,steal,steal,steal,4,true,0,46896703315471,334045,5,5,1,11,0,3,0,0,0,77715,300000,52,0,25.9,bonus_bs15_gae3_no,100,2575000,,,,,23,9,14,9,4,4,1,2,3,100,45,37,22,25,33,5,4,7
83397,2026-04-10 00:39:13,4,4,4,steal,steal,steal,steal,4,true,0,46897041116971,334044,5,5,1,11,0,3,0,0,0,77715,300000,52,0,25.9,bonus_bs15_gae3_no,100,2575000,,,,"{""e190af25"":""4172\/15000@m17""}",24,9,17,9,4,4,1,3,3,101,45,40,22,25,33,5,5,7
83398,2026-04-10 00:39:19,30,2,2,accumulation,goldSack,goldSack,gold,1,false,150000,46897427550371,334043,5,5,1,11,0,0,0,0,1,77716,300000,52,1,25.9,bonus_bs15_gae3_no,100,2575000,,,,,25,9,17,9,4,5,1,3,3,102,45,40,22,25,34,5,5,7
83399,2026-04-10 00:39:20,30,30,1,accumulation,accumulation,coin,gold,1,false,25000,46897427575371,334042,5,5,1,11,0,0,0,0,2,77718,300000,52,2,25.9,bonus_bs15_gae3_no,100,2575000,,,,,26,9,17,9,4,7,1,3,3,103,45,40,22,25,36,5,5,7
83400,2026-04-10 00:39:22,30,2,2,accumulation,goldSack,goldSack,gold,1,false,150000,46897427725371,334041,5,5,1,11,0,0,0,0,1,77719,300000,52,1,25.9,bonus_bs15_gae3_no,100,2575000,,,,"{""e190af25"":""4174\/15000@m17""}",27,9,17,9,4,8,1,3,3,104,45,40,22,25,37,5,5,7
83401,2026-04-10 00:39:23,3,4,2,attack,steal,goldSack,gold,1,false,100000,46897427825371,334040,5,5,1,11,1,1,0,0,0,77719,300000,52,0,25.9,bonus_bs15_gae3_no,100,2575000,LongExtraDayReduced,,,"{""slot_on_"":""25306\/48000@m22""}",28,10,18,9,4,8,1,3,3,105,46,41,22,25,37,5,5,7
83402,2026-04-10 00:39:27,3,6,2,attack,spins,goldSack,gold,1,false,100000,46897427925371,334039,5,5,1,11,1,0,0,1,0,77719,300000,52,0,25.9,bonus_bs15_gae3_no,100,2575000,,,,,29,11,18,9,5,8,1,3,3,106,47,41,22,26,37,5,5,7
83403,2026-04-10 00:39:32,3,3,3,attack,attack,attack,attack,2,true,0,46897427925371,334038,5,5,1,11,3,0,0,0,0,77719,300000,52,0,25.9,bonus_bs15_gae3_no,100,2575000,,,,,30,14,18,9,5,8,2,3,3,107,50,41,22,26,37,6,5,7
83404,2026-04-10 00:39:36,3,3,1,attack,attack,coin,gold,1,false,25000,46897437190371,334037,5,5,1,11,2,0,0,0,0,77719,300000,52,0,25.9,bonus_bs15_gae3_no,100,2575000,,,,,31,16,18,9,5,8,2,3,3,108,52,41,22,26,37,6,5,7
83405,2026-04-10 00:39:38,1,1,6,coin,coin,spins,gold,1,false,50000,46897437240371,334036,5,5,1,11,0,0,0,1,0,77719,300000,52,0,25.9,bonus_bs15_gae3_no,100,2575000,,,,"{""e190af25"":""4176\/15000@m17"",""bffc7787"":""16880\/38000@m9""}",32,16,18,9,6,8,2,3,3,109,52,41,22,27,37,6,5,7
83406,2026-04-10 00:39:40,2,2,2,goldSack,goldSack,goldSack,gold,1,true,2200000,46897439440371,334035,5,5,1,11,0,0,0,0,0,77719,300000,52,0,25.9,bonus_bs15_gae3_no,100,2575000,,,,,33,16,18,9,6,8,2,3,3,110,52,41,22,27,37,6,5,7
83407,2026-04-10 00:39:41,1,1,6,coin,coin,spins,gold,1,false,50000,46897439490371,334034,5,5,1,11,0,0,0,1,0,77719,300000,52,0,25.9,bonus_bs15_gae3_no,100,2575000,,,,"{""c5261ecd"":""1977\/4200@m77""}",34,16,18,9,7,8,2,3,3,111,52,41,22,28,37,6,5,7
83408,2026-04-10 00:39:42,3,4,2,attack,steal,goldSack,gold,1,false,100000,46897439590371,334033,5,5,1,11,1,1,0,0,0,77719,300000,52,0,25.9,bonus_bs15_gae3_no,100,2575000,,,,"{""e190af25"":""4178\/15000@m17""}",35,17,19,9,7,8,2,3,3,112,53,42,22,28,37,6,5,7
83409,2026-04-10 00:39:43,30,2,2,accumulation,goldSack,goldSack,gold,1,false,150000,46897439740371,334032,5,5,1,11,0,0,0,0,1,77720,300000,52,1,25.9,bonus_bs15_gae3_no,100,2575000,LongExtraDayReduced,,,"{""slot_on_"":""25307\/48000@m22""}",36,17,19,9,7,9,2,3,3,113,53,42,22,28,38,6,5,7
83410,2026-04-10 00:39:45,30,2,2,accumulation,goldSack,goldSack,gold,1,false,150000,46897439890371,334031,5,5,1,11,0,0,0,0,1,77721,300000,52,1,25.9,bonus_bs15_gae3_no,100,2575000,,,,,37,17,19,9,7,10,2,3,3,114,53,42,22,28,39,6,5,7
83411,2026-04-10 00:39:52,30,2,2,accumulation,goldSack,goldSack,gold,1,false,225000000,46897664890371,332531,5,5,1500,11,0,0,0,0,1,79221,300000,52,1500,26.4,bonus_bs15_gae3_no,100,2575000,,,,,38,17,19,9,7,11,2,3,3,115,53,42,22,28,40,6,5,7
83412,2026-04-10 00:39:54,5,5,5,shield,shield,shield,shield,3,true,1500,46897664890371,332531,5,5,1500,11,0,0,3,0,0,79221,300000,52,0,26.4,bonus_bs15_gae3_no,100,2575000,,LongExtraDayReduced,,"{""slot_on_"":""26807\/48000@m22""}",39,17,19,12,7,11,2,3,4,116,53,42,25,28,40,6,5,8
83413,2026-04-10 00:39:57,30,2,2,accumulation,goldSack,goldSack,gold,1,false,150000,46897665040371,332530,5,5,1,11,0,0,0,0,1,79222,300000,52,1,26.4,bonus_bs15_gae3_no,100,2575000,,,,,40,17,19,12,7,12,2,3,4,117,53,42,25,28,41,6,5,8
83414,2026-04-10 00:39:58,1,4,6,coin,steal,spins,gold,1,false,25000,46897665065371,332529,5,5,1,11,0,1,0,1,0,79222,300000,52,0,26.4,bonus_bs15_gae3_no,100,2575000,LongExtraDayReduced,LongExtraDayReduced,LongExtraDayReduced,"{""slot_on_"":""26812\/48000@m22""}",41,17,20,12,8,12,2,3,4,118,53,43,25,29,41,6,5,8
83415,2026-04-10 00:40:02,1,1,1,coin,coin,coin,gold,1,true,100000000,46897765065371,332129,5,5,400,11,0,0,0,0,0,79222,300000,52,0,26.4,bonus_bs15_gae3_no,100,2575000,,,,,42,17,20,12,8,12,2,3,4,119,53,43,25,29,41,6,5,8
83416,2026-04-10 00:40:03,1,4,6,coin,steal,spins,gold,1,false,10000000,46897775065371,331729,5,5,400,11,0,1,0,1,0,79222,300000,52,0,26.4,bonus_bs15_gae3_no,100,2575000,,,LongExtraDayReduced,"{""slot_on_"":""27212\/48000@m22""}",43,17,21,12,9,12,2,3,4,120,53,44,25,30,41,6,5,8
83417,2026-04-10 00:40:06,3,3,3,attack,attack,attack,attack,2,true,0,46897775065371,330229,5,5,1500,11,3,0,0,0,0,79222,300000,52,0,26.4,bonus_bs15_gae3_no,100,2575000,,,,,44,20,21,12,9,12,3,3,4,121,56,44,25,30,41,7,5,8
83418,2026-04-10 00:40:10,3,4,2,attack,steal,goldSack,gold,1,false,150000000,46911785065371,328729,5,5,1500,11,1,1,0,0,0,79222,300000,52,0,26.4,bonus_bs15_gae3_no,100,2575000,,,LongExtraDayReduced,"{""slot_on_"":""28712\/48000@m22""}",45,21,22,12,9,12,3,3,4,122,57,45,25,30,41,7,5,8
83419,2026-04-10 00:40:13,1,4,4,coin,steal,steal,gold,1,false,25000,46911785090371,328728,5,5,1,11,0,2,0,0,0,79222,300000,52,0,26.4,bonus_bs15_gae3_no,100,2575000,,,,"{""bffc7787"":""16881\/38000@m9""}",46,21,24,12,9,12,3,3,4,123,57,47,25,30,41,7,5,8
83420,2026-04-10 00:40:14,1,1,4,coin,coin,steal,gold,1,false,50000,46911785140371,328727,5,5,1,11,0,1,0,0,0,79222,300000,52,0,26.4,bonus_bs15_gae3_no,100,2575000,,,,,47,21,25,12,9,12,3,3,4,124,57,48,25,30,41,7,5,8
83421,2026-04-10 00:40:15,1,1,4,coin,coin,steal,gold,1,false,50000,46911785190371,328726,5,5,1,11,0,1,0,0,0,79222,300000,52,0,26.4,bonus_bs15_gae3_no,100,2575000,,,,,48,21,26,12,9,12,3,3,4,125,57,49,25,30,41,7,5,8
83422,2026-04-10 00:40:16,4,6,2,steal,spins,goldSack,gold,1,false,100000,46911785290371,328725,5,5,1,11,0,1,0,1,0,79222,300000,52,0,26.4,bonus_bs15_gae3_no,100,2575000,LongExtraDayReduced,,,"{""slot_on_"":""28713\/48000@m22""}",49,21,27,12,10,12,3,3,4,126,57,50,25,31,41,7,5,8
83423,2026-04-10 00:40:17,1,1,4,coin,coin,steal,gold,1,false,50000,46911785340371,328724,5,5,1,11,0,1,0,0,0,79222,300000,52,0,26.4,bonus_bs15_gae3_no,100,2575000,,,,,50,21,28,12,10,12,3,3,4,127,57,51,25,31,41,7,5,8
83424,2026-04-10 00:40:19,3,3,3,attack,attack,attack,attack,2,true,0,46911785340371,328723,5,5,1,11,3,0,0,0,0,79222,300000,52,0,26.4,bonus_bs15_gae3_no,100,2575000,,,LongExtraDayReduced,"{""slot_on_"":""28714\/48000@m22""}",51,24,28,12,10,12,4,3,4,128,60,51,25,31,41,8,5,8
83425,2026-04-10 00:40:23,1,1,4,coin,coin,steal,gold,1,false,50000,46911794630371,328722,5,5,1,11,0,1,0,0,0,79222,300000,52,0,26.4,bonus_bs15_gae3_no,100,2575000,,,,,52,24,29,12,10,12,4,3,4,129,60,52,25,31,41,8,5,8
83426,2026-04-10 00:40:24,30,30,3,accumulation,accumulation,attack,gold,6,false,0,46911794630371,328721,5,5,1,11,1,0,0,0,2,79224,300000,52,2,26.4,bonus_bs15_gae3_no,100,2575000,,,LongExtraDayReduced,"{""e190af25"":""4180\/15000@m17"",""slot_on_"":""28715\/48000@m22"",""c5261ecd"":""1979\/4200@m77""}",53,25,29,12,10,14,4,3,4,130,61,52,25,31,43,8,5,8
83427,2026-04-10 00:40:26,1,4,4,coin,steal,steal,gold,1,false,25000,46911794655371,328720,5,5,1,11,0,2,0,0,0,79224,300000,52,0,26.4,bonus_bs15_gae3_no,100,2575000,,,,,54,25,31,12,10,14,4,3,4,131,61,54,25,31,43,8,5,8
83428,2026-04-10 00:40:27,1,1,1,coin,coin,coin,gold,1,true,250000,46911794905371,328719,5,5,1,11,0,0,0,0,0,79224,300000,52,0,26.4,bonus_bs15_gae3_no,100,2575000,,LongExtraDayReduced,,"{""slot_on_"":""28716\/48000@m22""}",55,25,31,12,10,14,4,3,4,132,61,54,25,31,43,8,5,8
83429,2026-04-10 00:40:28,5,5,5,shield,shield,shield,shield,3,true,1,46911794905371,328719,5,5,1,11,0,0,3,0,0,79224,300000,52,0,26.4,bonus_bs15_gae3_no,100,2575000,,,,,56,25,31,15,10,14,4,3,5,133,61,54,28,31,43,8,5,9
83430,2026-04-10 00:40:29,30,30,1,accumulation,accumulation,coin,gold,1,false,25000,46911794930371,328718,5,5,1,11,0,0,0,0,2,79226,300000,52,2,26.4,bonus_bs15_gae3_no,100,2575000,LongExtraDayReduced,LongExtraDayReduced,,"{""slot_on_"":""28718\/48000@m22""}",57,25,31,15,10,16,4,3,5,134,61,54,28,31,45,8,5,9
83431,2026-04-10 00:40:31,2,2,2,goldSack,goldSack,goldSack,gold,1,true,2200000,46911797130371,328717,5,5,1,11,0,0,0,0,0,79226,300000,52,0,26.4,bonus_bs15_gae3_no,100,2575000,,,,,58,25,31,15,10,16,4,3,5,135,61,54,28,31,45,8,5,9
83432,2026-04-10 00:40:32,3,1,5,attack,coin,shield,gold,1,false,25000,46911797155371,328716,5,5,1,11,1,0,1,0,0,79226,300000,52,0,26.4,bonus_bs15_gae3_no,100,2575000,,,,,59,26,31,16,10,16,4,3,5,136,62,54,29,31,45,8,5,9
83433,2026-04-10 00:40:33,1,1,1,coin,coin,coin,gold,1,true,250000,46911797405371,328715,5,5,1,11,0,0,0,0,0,79226,300000,52,0,26.4,bonus_bs15_gae3_no,100,2575000,,,,,60,26,31,16,10,16,4,3,5,137,62,54,29,31,45,8,5,9
83434,2026-04-10 00:40:34,1,1,1,coin,coin,coin,gold,1,true,250000,46911797655371,328714,5,5,1,11,0,0,0,0,0,79226,300000,52,0,26.4,bonus_bs15_gae3_no,100,2575000,,,,,61,26,31,16,10,16,4,3,5,138,62,54,29,31,45,8,5,9
83435,2026-04-10 00:40:37,1,1,1,coin,coin,coin,gold,1,true,375000000,46912172655371,327214,5,5,1500,11,0,0,0,0,0,79226,300000,52,0,26.4,bonus_bs15_gae3_no,100,2575000,,,,,62,26,31,16,10,16,4,3,5,139,62,54,29,31,45,8,5,9
83436,2026-04-10 00:40:38,1,4,4,coin,steal,steal,gold,1,false,37500000,46912210155371,325714,5,5,1500,11,0,2,0,0,0,79226,300000,52,0,26.4,bonus_bs15_gae3_no,100,2575000,,,,"{""c5261ecd"":""779\/4200@m78""}",63,26,33,16,10,16,4,3,5,140,62,56,29,31,45,8,5,9
83437,2026-04-10 00:40:40,3,6,2,attack,spins,goldSack,gold,1,false,150000000,46912360155371,324214,5,5,1500,11,1,0,0,1,0,79226,300000,52,0,26.4,bonus_bs15_gae3_no,100,2575000,,,,"{""e190af25"":""7180\/15000@m17""}",64,27,33,16,11,16,4,3,5,141,63,56,29,32,45,8,5,9
83438,2026-04-10 00:40:42,3,6,2,attack,spins,goldSack,gold,1,false,150000000,46912510155371,322714,5,5,1500,11,1,0,0,1,0,79226,300000,52,0,26.4,bonus_bs15_gae3_no,100,2575000,,,,,65,28,33,16,12,16,4,3,5,142,64,56,29,33,45,8,5,9
83439,2026-04-10 00:40:44,4,4,4,steal,steal,steal,steal,4,true,0,46912510155371,316714,5,5,6000,11,0,3,0,0,0,79226,300000,52,0,26.4,bonus_bs15_gae3_no,100,2575000,LongExtraDayReduced,,,"{""slot_on_"":""34718\/48000@m22"",""bffc7787"":""22881\/38000@m9""}",66,28,36,16,12,16,4,4,5,143,64,59,29,33,45,8,6,9
83440,2026-04-10 00:40:55,1,1,1,coin,coin,coin,gold,1,true,500000,51057932615371,316712,5,5,2,11,0,0,0,0,0,79226,300000,52,0,26.4,bonus_bs15_gae3_no,100,2575000,,,,,67,28,36,16,12,16,4,4,5,144,64,59,29,33,45,8,6,9
83441,2026-04-10 00:40:57,1,4,6,coin,steal,spins,gold,1,false,50000,51057932665371,316710,5,5,2,11,0,1,0,1,0,79226,300000,52,0,26.4,bonus_bs15_gae3_no,100,2575000,,,,,68,28,37,16,13,16,4,4,5,145,64,60,29,34,45,8,6,9
83442,2026-04-10 00:40:58,5,5,5,shield,shield,shield,shield,3,true,2,51057932665371,316710,5,5,2,11,0,0,3,0,0,79226,300000,52,0,26.4,bonus_bs15_gae3_no,100,2575000,,,,,69,28,37,19,13,16,4,4,6,146,64,60,32,34,45,8,6,10
83443,2026-04-10 00:40:59,2,2,2,goldSack,goldSack,goldSack,gold,1,true,4400000,51057937065371,316708,5,5,2,11,0,0,0,0,0,79226,300000,52,0,26.4,bonus_bs15_gae3_no,100,2575000,,,,,70,28,37,19,13,16,4,4,6,147,64,60,32,34,45,8,6,10
83444,2026-04-10 00:41:02,2,2,2,goldSack,goldSack,goldSack,gold,1,true,4400000,51057941465371,316706,5,5,2,11,0,0,0,0,0,79226,300000,52,0,26.4,bonus_bs15_gae3_no,100,2575000,,,,,71,28,37,19,13,16,4,4,6,148,64,60,32,34,45,8,6,10
83445,2026-04-10 00:41:05,1,4,6,coin,steal,spins,gold,1,false,37500000,51057978965371,315206,5,5,1500,11,0,1,0,1,0,79226,300000,52,0,26.4,bonus_bs15_gae3_no,100,2575000,,,,,72,28,38,19,14,16,4,4,6,149,64,61,32,35,45,8,6,10
83446,2026-04-10 00:41:07,2,2,2,goldSack,goldSack,goldSack,gold,1,true,3300000000,51061278965371,313706,5,5,1500,11,0,0,0,0,0,79226,300000,52,0,26.4,bonus_bs15_gae3_no,100,2575000,,,,,73,28,38,19,14,16,4,4,6,150,64,61,32,35,45,8,6,10
83447,2026-04-10 00:41:08,3,1,1,attack,coin,coin,gold,1,false,75000000,51061353965371,312206,5,5,1500,11,1,0,0,0,0,79226,300000,52,0,26.4,bonus_bs15_gae3_no,100,2575000,,,,,74,29,38,19,14,16,4,4,6,151,65,61,32,35,45,8,6,10
83448,2026-04-10 00:41:09,2,2,2,goldSack,goldSack,goldSack,gold,1,true,3300000000,51064653965371,310706,5,5,1500,11,0,0,0,0,0,79226,300000,52,0,26.4,bonus_bs15_gae3_no,100,2575000,,,,,75,29,38,19,14,16,4,4,6,152,65,61,32,35,45,8,6,10
83449,2026-04-10 00:41:10,1,4,6,coin,steal,spins,gold,1,false,37500000,51064691465371,309206,5,5,1500,11,0,1,0,1,0,79226,300000,52,0,26.4,bonus_bs15_gae3_no,100,2575000,,,,,76,29,39,19,15,16,4,4,6,153,65,62,32,36,45,8,6,10
83450,2026-04-10 00:41:11,5,5,5,shield,shield,shield,shield,3,true,1500,51064691465371,309206,5,5,1500,11,0,0,3,0,0,79226,300000,52,0,26.4,bonus_bs15_gae3_no,100,2575000,,,,,77,29,39,22,15,16,4,4,7,154,65,62,35,36,45,8,6,11
83451,2026-04-10 00:41:13,3,1,1,attack,coin,coin,gold,1,false,75000000,51064766465371,307706,5,5,1500,11,1,0,0,0,0,79226,300000,52,0,26.4,bonus_bs15_gae3_no,100,2575000,,,,,78,30,39,22,15,16,4,4,7,155,66,62,35,36,45,8,6,11
83452,2026-04-10 00:41:14,30,30,2,accumulation,accumulation,goldSack,gold,1,false,150000000,51064916465371,306206,5,5,1500,11,0,0,0,0,2,82226,300000,52,3000,27.4,bonus_bs15_gae3_no,100,2575000,,LongExtraDayReduced,LongExtraDayReduced,"{""slot_on_"":""37718\/48000@m22""}",79,30,39,22,15,18,4,4,7,156,66,62,35,36,47,8,6,11
83453,2026-04-10 00:41:16,1,1,1,coin,coin,coin,gold,1,true,375000000,51065291465371,304706,5,5,1500,11,0,0,0,0,0,82226,300000,52,0,27.4,bonus_bs15_gae3_no,100,2575000,,,,,80,30,39,22,15,18,4,4,7,157,66,62,35,36,47,8,6,11
83454,2026-04-10 00:41:17,5,5,5,shield,shield,shield,shield,3,true,1500,51065291465371,304706,5,5,1500,11,0,0,3,0,0,82226,300000,52,0,27.4,bonus_bs15_gae3_no,100,2575000,,,,"{""e190af25"":""10180\/15000@m17""}",81,30,39,25,15,18,4,4,8,158,66,62,38,36,47,8,6,12
83455,2026-04-10 00:41:20,1,4,6,coin,steal,spins,gold,1,false,25000,51065291490371,304705,5,5,1,11,0,1,0,1,0,82226,300000,52,0,27.4,bonus_bs15_gae3_no,100,2575000,,,,,82,30,40,25,16,18,4,4,8,159,66,63,38,37,47,8,6,12
83456,2026-04-10 00:41:21,1,1,1,coin,coin,coin,gold,1,true,250000,51065291740371,304704,5,5,1,11,0,0,0,0,0,82226,300000,52,0,27.4,bonus_bs15_gae3_no,100,2575000,,,,"{""c5261ecd"":""781\/4200@m78""}",83,30,40,25,16,18,4,4,8,160,66,63,38,37,47,8,6,12
83457,2026-04-10 00:41:25,30,2,2,accumulation,goldSack,goldSack,gold,1,false,225000000,51065516740371,303204,5,5,1500,11,0,0,0,0,1,83726,300000,52,1500,27.9,bonus_bs15_gae3_no,100,2575000,,,,,84,30,40,25,16,19,4,4,8,161,66,63,38,37,48,8,6,12
83458,2026-04-10 00:41:26,1,4,4,coin,steal,steal,gold,1,false,37500000,51065554240371,301704,5,5,1500,11,0,2,0,0,0,83726,300000,52,0,27.9,bonus_bs15_gae3_no,100,2575000,,,,"{""e190af25"":""13180\/15000@m17""}",85,30,42,25,16,19,4,4,8,162,66,65,38,37,48,8,6,12
83459,2026-04-10 00:41:27,1,1,1,coin,coin,coin,gold,1,true,375000000,51065929240371,300204,5,5,1500,11,0,0,0,0,0,83726,300000,52,0,27.9,bonus_bs15_gae3_no,100,2575000,,,,,86,30,42,25,16,19,4,4,8,163,66,65,38,37,48,8,6,12
83460,2026-04-10 00:41:28,3,6,2,attack,spins,goldSack,gold,1,false,150000000,51066079240371,298704,5,5,1500,11,1,0,0,1,0,83726,300000,52,0,27.9,bonus_bs15_gae3_no,100,2575000,,,,"{""bffc7787"":""24381\/38000@m9""}",87,31,42,25,17,19,4,4,8,164,67,65,38,38,48,8,6,12
83461,2026-04-10 00:41:29,3,6,2,attack,spins,goldSack,gold,1,false,150000000,51066229240371,297204,5,5,1500,11,1,0,0,1,0,83726,300000,52,0,27.9,bonus_bs15_gae3_no,100,2575000,,,,,88,32,42,25,18,19,4,4,8,165,68,65,38,39,48,8,6,12
83462,2026-04-10 00:41:31,30,30,1,accumulation,accumulation,coin,gold,1,false,150000000,51066379240371,291204,5,5,6000,11,0,0,0,0,2,95726,300000,52,12000,31.9,bonus_bs15_gae3_no,100,2575000,,,,,89,32,42,25,18,21,4,4,8,166,68,65,38,39,50,8,6,12
83463,2026-04-10 00:41:33,30,30,1,accumulation,accumulation,coin,gold,1,false,150000000,51066529240371,285204,5,5,6000,11,0,0,0,0,2,107726,300000,52,12000,35.9,bonus_bs15_gae3_no,100,2575000,,,,,90,32,42,25,18,23,4,4,8,167,68,65,38,39,52,8,6,12
83464,2026-04-10 00:41:41,1,4,4,coin,steal,steal,gold,1,false,150000000,51066679240371,279204,5,5,6000,11,0,2,0,0,0,107726,300000,52,0,35.9,bonus_bs15_gae3_no,100,2575000,LongExtraDayReduced,LongExtraDayReduced,,"{""slot_on_"":""1718\/49000@m23"",""e190af25"":""10180\/50000@m18""}",91,32,44,25,18,23,4,4,8,168,68,67,38,39,52,8,6,12
83465,2026-04-10 00:41:50,30,30,1,accumulation,accumulation,coin,gold,1,false,150000000,51067829240371,275904,5,5,6000,11,0,0,0,0,2,119726,300000,52,12000,39.9,bonus_bs15_gae3_no,100,2575000,,,,,92,32,44,25,18,25,4,4,8,169,68,67,38,39,54,8,6,12
83466,2026-04-10 00:41:51,1,4,6,coin,steal,spins,gold,1,false,150000000,51067979240371,269904,5,5,6000,11,0,1,0,1,0,119726,300000,52,0,39.9,bonus_bs15_gae3_no,100,2575000,,,,,93,32,45,25,19,25,4,4,8,170,68,68,38,40,54,8,6,12
83467,2026-04-10 00:41:53,3,6,2,attack,spins,goldSack,gold,1,false,600000000,51068579240371,263904,5,5,6000,11,1,0,0,1,0,119726,300000,52,0,39.9,bonus_bs15_gae3_no,100,2575000,,,,,94,33,45,25,20,25,4,4,8,171,69,68,38,41,54,8,6,12
83468,2026-04-10 00:41:54,30,2,2,accumulation,goldSack,goldSack,gold,1,false,900000000,51069479240371,257904,5,5,6000,11,0,0,0,0,1,125726,300000,52,6000,41.9,bonus_bs15_gae3_no,100,2575000,,LongExtraDayReduced,,"{""slot_on_"":""7718\/49000@m23""}",95,33,45,25,20,26,4,4,8,172,69,68,38,41,55,8,6,12
83469,2026-04-10 00:41:56,3,4,2,attack,steal,goldSack,gold,1,false,600000000,51070079240371,251904,5,5,6000,11,1,1,0,0,0,125726,300000,52,0,41.9,bonus_bs15_gae3_no,100,2575000,,,,,96,34,46,25,20,26,4,4,8,173,70,69,38,41,55,8,6,12
83470,2026-04-10 00:41:57,3,4,2,attack,steal,goldSack,gold,1,false,600000000,51070679240371,245904,5,5,6000,11,1,1,0,0,0,125726,300000,52,0,41.9,bonus_bs15_gae3_no,100,2575000,,,LongExtraDayReduced,"{""slot_on_"":""13718\/49000@m23""}",97,35,47,25,20,26,4,4,8,174,71,70,38,41,55,8,6,12
83471,2026-04-10 00:41:59,3,3,2,attack,attack,goldSack,gold,1,false,600000000,51071279240371,239904,5,5,6000,11,2,0,0,0,0,125726,300000,52,0,41.9,bonus_bs15_gae3_no,100,2575000,LongExtraDayReduced,,,"{""slot_on_"":""19718\/49000@m23""}",98,37,47,25,20,26,4,4,8,175,73,70,38,41,55,8,6,12
83472,2026-04-10 00:42:00,1,5,5,coin,shield,shield,gold,1,false,150000000,51071429240371,233904,5,5,6000,11,0,0,2,0,0,125726,300000,52,0,41.9,bonus_bs15_gae3_no,100,2575000,,,,,99,37,47,27,20,26,4,4,8,176,73,70,40,41,55,8,6,12
83473,2026-04-10 00:42:02,3,1,1,attack,coin,coin,gold,1,false,300000000,51071729240371,227904,5,5,6000,11,1,0,0,0,0,125726,300000,52,0,41.9,bonus_bs15_gae3_no,100,2575000,,,,,100,38,47,27,20,26,4,4,8,177,74,70,40,41,55,8,6,12
83474,2026-04-10 00:42:04,3,3,2,attack,attack,goldSack,gold,1,false,600000000,51072329240371,221904,5,5,6000,11,2,0,0,0,0,125726,300000,52,0,41.9,bonus_bs15_gae3_no,100,2575000,LongExtraDayReduced,LongExtraDayReduced,LongExtraDayReduced,"{""slot_on_"":""718\/55000@m24""}",101,40,47,27,20,26,4,4,8,178,76,70,40,41,55,8,6,12
83475,2026-04-10 00:42:07,5,5,5,shield,shield,shield,shield,3,true,6000,51072329240371,223504,5,5,6000,11,0,0,3,0,0,125726,300000,52,0,41.9,bonus_bs15_gae3_no,100,2575000,,LongExtraDayReduced,,"{""slot_on_"":""6718\/55000@m24""}",102,40,47,30,20,26,4,4,9,179,76,70,43,41,55,8,6,13
83476,2026-04-10 00:42:10,3,3,2,attack,attack,goldSack,gold,1,false,100000,51072329340371,223503,5,5,1,11,2,0,0,0,0,125726,300000,52,0,41.9,bonus_bs15_gae3_no,100,2575000,,,,"{""bffc7787"":""24382\/38000@m9""}",103,42,47,30,20,26,4,4,9,180,78,70,43,41,55,8,6,13
83477,2026-04-10 00:42:11,3,4,2,attack,steal,goldSack,gold,1,false,100000,51072329440371,223502,5,5,1,11,1,1,0,0,0,125726,300000,52,0,41.9,bonus_bs15_gae3_no,100,2575000,,,,"{""c5261ecd"":""783\/4200@m78""}",104,43,48,30,20,26,4,4,9,181,79,71,43,41,55,8,6,13
83478,2026-04-10 00:42:12,30,2,2,accumulation,goldSack,goldSack,gold,1,false,150000,51072329590371,223501,5,5,1,11,0,0,0,0,1,125727,300000,52,1,41.9,bonus_bs15_gae3_no,100,2575000,LongExtraDayReduced,LongExtraDayReduced,,"{""slot_on_"":""6720\/55000@m24""}",105,43,48,30,20,27,4,4,9,182,79,71,43,41,56,8,6,13
83479,2026-04-10 00:42:14,3,6,2,attack,spins,goldSack,gold,1,false,100000,51072329690371,223500,5,5,1,11,1,0,0,1,0,125727,300000,52,0,41.9,bonus_bs15_gae3_no,100,2575000,,,,,106,44,48,30,21,27,4,4,9,183,80,71,43,42,56,8,6,13
83480,2026-04-10 00:42:15,1,1,1,coin,coin,coin,gold,1,true,250000,51072329940371,223499,5,5,1,11,0,0,0,0,0,125727,300000,52,0,41.9,bonus_bs15_gae3_no,100,2575000,,,,,107,44,48,30,21,27,4,4,9,184,80,71,43,42,56,8,6,13
83481,2026-04-10 00:42:16,30,2,2,accumulation,goldSack,goldSack,gold,1,false,150000,51072330090371,223498,5,5,1,11,0,0,0,0,1,125728,300000,52,1,41.9,bonus_bs15_gae3_no,100,2575000,,,,,108,44,48,30,21,28,4,4,9,185,80,71,43,42,57,8,6,13
83482,2026-04-10 00:42:18,3,1,1,attack,coin,coin,gold,1,false,50000,51072330140371,223497,5,5,1,11,1,0,0,0,0,125728,300000,52,0,41.9,bonus_bs15_gae3_no,100,2575000,,,,"{""e190af25"":""10182\/50000@m18""}",109,45,48,30,21,28,4,4,9,186,81,71,43,42,57,8,6,13
83483,2026-04-10 00:42:19,3,3,3,attack,attack,attack,attack,2,true,0,51072330140371,223496,5,5,1,11,3,0,0,0,0,125728,300000,52,0,41.9,bonus_bs15_gae3_no,100,2575000,,,,,110,48,48,30,21,28,5,4,9,187,84,71,43,42,57,9,6,13
83484,2026-04-10 00:42:28,3,4,2,attack,steal,goldSack,gold,1,false,100000,51072339480371,223495,5,5,1,11,1,1,0,0,0,125728,300000,52,0,41.9,bonus_bs15_gae3_no,100,2575000,,,,,111,49,49,30,21,28,5,4,9,188,85,72,43,42,57,9,6,13
83485,2026-04-10 00:42:29,1,1,1,coin,coin,coin,gold,1,true,250000,51072339730371,223494,5,5,1,11,0,0,0,0,0,125728,300000,52,0,41.9,bonus_bs15_gae3_no,100,2575000,,,,,112,49,49,30,21,28,5,4,9,189,85,72,43,42,57,9,6,13
83486,2026-04-10 00:42:30,1,6,6,coin,spins,spins,gold,1,false,25000,51072339755371,223493,5,5,1,11,0,0,0,2,0,125728,300000,52,0,41.9,bonus_bs15_gae3_no,100,2575000,,,,,113,49,49,30,23,28,5,4,9,190,85,72,43,44,57,9,6,13
83487,2026-04-10 00:42:31,30,2,2,accumulation,goldSack,goldSack,gold,1,false,150000,51072339905371,223492,5,5,1,11,0,0,0,0,1,125729,300000,52,1,41.9,bonus_bs15_gae3_no,100,2575000,,,,"{""bffc7787"":""24383\/38000@m9""}",114,49,49,30,23,29,5,4,9,191,85,72,43,44,58,9,6,13
83488,2026-04-10 00:42:33,2,2,2,goldSack,goldSack,goldSack,gold,1,true,2200000,51072342105371,223491,5,5,1,11,0,0,0,0,0,125729,300000,52,0,41.9,bonus_bs15_gae3_no,100,2575000,,,,,115,49,49,30,23,29,5,4,9,192,85,72,43,44,58,9,6,13
83489,2026-04-10 00:42:34,30,2,2,accumulation,goldSack,goldSack,gold,1,false,150000,51072342255371,223490,5,5,1,11,0,0,0,0,1,125730,300000,52,1,41.9,bonus_bs15_gae3_no,100,2575000,,,,,116,49,49,30,23,30,5,4,9,193,85,72,43,44,59,9,6,13
83490,2026-04-10 00:42:35,30,2,2,accumulation,goldSack,goldSack,gold,1,false,150000,51072342405371,223489,5,5,1,11,0,0,0,0,1,125731,300000,52,1,41.9,bonus_bs15_gae3_no,100,2575000,,,,,117,49,49,30,23,31,5,4,9,194,85,72,43,44,60,9,6,13
83491,2026-04-10 00:42:39,3,3,1,attack,attack,coin,gold,1,false,37500000,51072379905371,221989,5,5,1500,11,2,0,0,0,0,125731,300000,52,0,41.9,bonus_bs15_gae3_no,100,2575000,,,,,118,51,49,30,23,31,5,4,9,195,87,72,43,44,60,9,6,13
83492,2026-04-10 00:42:40,2,2,2,goldSack,goldSack,goldSack,gold,1,true,3300000000,51075679905371,220489,5,5,1500,11,0,0,0,0,0,125731,300000,52,0,41.9,bonus_bs15_gae3_no,100,2575000,,,,,119,51,49,30,23,31,5,4,9,196,87,72,43,44,60,9,6,13
83493,2026-04-10 00:42:41,2,2,2,goldSack,goldSack,goldSack,gold,1,true,3300000000,51078979905371,218989,5,5,1500,11,0,0,0,0,0,125731,300000,52,0,41.9,bonus_bs15_gae3_no,100,2575000,LongExtraDayReduced,,,"{""slot_on_"":""8220\/55000@m24""}",120,51,49,30,23,31,5,4,9,197,87,72,43,44,60,9,6,13
83494,2026-04-10 00:42:43,30,2,2,accumulation,goldSack,goldSack,gold,1,false,225000000,51079204905371,217489,5,5,1500,11,0,0,0,0,1,127231,300000,52,1500,42.4,bonus_bs15_gae3_no,100,2575000,,,LongExtraDayReduced,"{""slot_on_"":""9720\/55000@m24""}",121,51,49,30,23,32,5,4,9,198,87,72,43,44,61,9,6,13
83495,2026-04-10 00:42:44,5,5,5,shield,shield,shield,shield,3,true,1500,51079204905371,217489,5,5,1500,11,0,0,3,0,0,127231,300000,52,0,42.4,bonus_bs15_gae3_no,100,2575000,,,,"{""c5261ecd"":""3783\/4200@m78""}",122,51,49,33,23,32,5,4,10,199,87,72,46,44,61,9,6,14
83496,2026-04-10 00:42:47,30,2,2,accumulation,goldSack,goldSack,gold,1,false,150000,51079205055371,217488,5,5,1,11,0,0,0,0,1,127232,300000,52,1,42.4,bonus_bs15_gae3_no,100,2575000,,LongExtraDayReduced,LongExtraDayReduced,"{""slot_on_"":""9722\/55000@m24""}",123,51,49,33,23,33,5,4,10,200,87,72,46,44,62,9,6,14
83497,2026-04-10 00:42:48,30,2,2,accumulation,goldSack,goldSack,gold,1,false,150000,51079205205371,217487,5,5,1,11,0,0,0,0,1,127233,300000,52,1,42.4,bonus_bs15_gae3_no,100,2575000,,,,,124,51,49,33,23,34,5,4,10,201,87,72,46,44,63,9,6,14
83498,2026-04-10 00:42:50,3,3,3,attack,attack,attack,attack,2,true,0,51079205205371,217486,5,5,1,11,3,0,0,0,0,127233,300000,52,0,42.4,bonus_bs15_gae3_no,100,2575000,,LongExtraDayReduced,,"{""slot_on_"":""9723\/55000@m24""}",125,54,49,33,23,34,6,4,10,202,90,72,46,44,63,10,6,14
83499,2026-04-10 00:42:55,3,3,3,attack,attack,attack,attack,2,true,0,51079233205371,217485,5,5,1,11,3,0,0,0,0,127233,300000,52,0,42.4,bonus_bs15_gae3_no,100,2575000,,,,,126,57,49,33,23,34,7,4,10,203,93,72,46,44,63,11,6,14
83500,2026-04-10 00:42:59,3,4,2,attack,steal,goldSack,gold,1,false,100000,51079242545371,217484,5,5,1,11,1,1,0,0,0,127233,300000,52,0,42.4,bonus_bs15_gae3_no,100,2575000,,,,,127,58,50,33,23,34,7,4,10,204,94,73,46,44,63,11,6,14
83501,2026-04-10 00:43:00,6,6,6,spins,spins,spins,spins,5,true,10,51079242545371,217493,5,5,1,11,0,0,0,3,0,127233,300000,52,0,42.4,bonus_bs15_gae3_no,100,2575000,,,,,128,58,50,33,26,34,7,4,10,205,94,73,46,47,63,11,6,14
83502,2026-04-10 00:43:05,3,6,2,attack,spins,goldSack,gold,1,false,100000,51079242645371,217492,5,5,1,11,1,0,0,1,0,127233,300000,52,0,42.4,bonus_bs15_gae3_no,100,2575000,,,,"{""e190af25"":""10184\/50000@m18""}",129,59,50,33,27,34,7,4,10,1,1,0,0,1,0,0,0,0
83503,2026-04-10 00:43:06,30,2,2,accumulation,goldSack,goldSack,gold,1,false,150000,51079242795371,217491,5,5,1,11,0,0,0,0,1,127234,300000,52,1,42.4,bonus_bs15_gae3_no,100,2575000,,,,,130,59,50,33,27,35,7,4,10,2,1,0,0,1,1,0,0,0
83504,2026-04-10 00:43:07,3,4,2,attack,steal,goldSack,gold,1,false,100000,51079242895371,217490,5,5,1,11,1,1,0,0,0,127234,300000,52,0,42.4,bonus_bs15_gae3_no,100,2575000,,,,,131,60,51,33,27,35,7,4,10,3,2,1,0,1,1,0,0,0
83505,2026-04-10 00:43:08,2,2,2,goldSack,goldSack,goldSack,gold,1,true,2200000,51079245095371,217489,5,5,1,11,0,0,0,0,0,127234,300000,52,0,42.4,bonus_bs15_gae3_no,100,2575000,,,,,132,60,51,33,27,35,7,4,10,4,2,1,0,1,1,0,0,0
83506,2026-04-10 00:43:08,1,1,4,coin,coin,steal,gold,1,false,50000,51079245145371,217488,5,5,1,11,0,1,0,0,0,127234,300000,52,0,42.4,bonus_bs15_gae3_no,100,2575000,,,,,133,60,52,33,27,35,7,4,10,5,2,2,0,1,1,0,0,0
83507,2026-04-10 00:43:10,2,2,2,goldSack,goldSack,goldSack,gold,1,true,2200000,51079247345371,217487,5,5,1,11,0,0,0,0,0,127234,300000,52,0,42.4,bonus_bs15_gae3_no,100,2575000,,,,,134,60,52,33,27,35,7,4,10,6,2,2,0,1,1,0,0,0
83508,2026-04-10 00:43:11,3,4,2,attack,steal,goldSack,gold,1,false,100000,51079247445371,217486,5,5,1,11,1,1,0,0,0,127234,300000,52,0,42.4,bonus_bs15_gae3_no,100,2575000,,,,"{""bffc7787"":""24384\/38000@m9""}",135,61,53,33,27,35,7,4,10,7,3,3,0,1,1,0,0,0
83509,2026-04-10 00:43:12,1,1,1,coin,coin,coin,gold,1,true,250000,51079247695371,217485,5,5,1,11,0,0,0,0,0,127234,300000,52,0,42.4,bonus_bs15_gae3_no,100,2575000,,,,,136,61,53,33,27,35,7,4,10,8,3,3,0,1,1,0,0,0
83510,2026-04-10 00:43:13,5,5,5,shield,shield,shield,shield,3,true,1,51079247695371,217485,5,5,1,11,0,0,3,0,0,127234,300000,52,0,42.4,bonus_bs15_gae3_no,100,2575000,,,LongExtraDayReduced,"{""slot_on_"":""9724\/55000@m24"",""e190af25"":""10186\/50000@m18""}",137,61,53,36,27,35,7,4,11,9,3,3,3,1,1,0,0,1
83511,2026-04-10 00:43:14,1,1,4,coin,coin,steal,gold,1,false,50000,51079247745371,217484,5,5,1,11,0,1,0,0,0,127234,300000,52,0,42.4,bonus_bs15_gae3_no,100,2575000,,,,,138,61,54,36,27,35,7,4,11,10,3,4,3,1,1,0,0,1
83512,2026-04-10 00:43:15,30,30,1,accumulation,accumulation,coin,gold,1,false,25000,51079247770371,217483,5,5,1,11,0,0,0,0,2,127236,300000,52,2,42.4,bonus_bs15_gae3_no,100,2575000,,,,,139,61,54,36,27,37,7,4,11,11,3,4,3,1,3,0,0,1
83513,2026-04-10 00:43:16,30,2,2,accumulation,goldSack,goldSack,gold,1,false,150000,51079247920371,217482,5,5,1,11,0,0,0,0,1,127237,300000,52,1,42.4,bonus_bs15_gae3_no,100,2575000,,,,,140,61,54,36,27,38,7,4,11,12,3,4,3,1,4,0,0,1
83514,2026-04-10 00:43:17,1,1,1,coin,coin,coin,gold,1,true,250000,51079248170371,217481,5,5,1,11,0,0,0,0,0,127237,300000,52,0,42.4,bonus_bs15_gae3_no,100,2575000,,,,,141,61,54,36,27,38,7,4,11,13,3,4,3,1,4,0,0,1
83515,2026-04-10 00:43:18,1,1,4,coin,coin,steal,gold,1,false,50000,51079248220371,217480,5,5,1,11,0,1,0,0,0,127237,300000,52,0,42.4,bonus_bs15_gae3_no,100,2575000,,LongExtraDayReduced,,"{""slot_on_"":""9725\/55000@m24""}",142,61,55,36,27,38,7,4,11,14,3,5,3,1,4,0,0,1
83516,2026-04-10 00:43:18,4,4,4,steal,steal,steal,steal,4,true,0,51079248220371,217479,5,5,1,11,0,3,0,0,0,127237,300000,52,0,42.4,bonus_bs15_gae3_no,100,2575000,,,,"{""c5261ecd"":""3785\/4200@m78""}",143,61,58,36,27,38,7,5,11,15,3,8,3,1,4,0,1,1
83517,2026-04-10 00:43:24,3,6,2,attack,spins,goldSack,gold,1,false,100000,51079699876831,217478,5,5,1,11,1,0,0,1,0,127237,300000,52,0,42.4,bonus_bs15_gae3_no,100,2575000,,,LongExtraDayReduced,"{""slot_on_"":""9726\/55000@m24""}",144,62,58,36,28,38,7,5,11,16,4,8,3,2,4,0,1,1
83518,2026-04-10 00:43:25,3,6,2,attack,spins,goldSack,gold,1,false,100000,51079699976831,217477,5,5,1,11,1,0,0,1,0,127237,300000,52,0,42.4,bonus_bs15_gae3_no,100,2575000,,,,,145,63,58,36,29,38,7,5,11,17,5,8,3,3,4,0,1,1
83519,2026-04-10 00:43:26,30,30,1,accumulation,accumulation,coin,gold,1,false,25000,51079700001831,217476,5,5,1,11,0,0,0,0,2,127239,300000,52,2,42.4,bonus_bs15_gae3_no,100,2575000,,,LongExtraDayReduced,"{""slot_on_"":""9727\/55000@m24"",""e190af25"":""10188\/50000@m18""}",146,63,58,36,29,40,7,5,11,18,5,8,3,3,6,0,1,1
83520,2026-04-10 00:43:28,1,1,4,coin,coin,steal,gold,1,false,50000,51079700051831,217475,5,5,1,11,0,1,0,0,0,127239,300000,52,0,42.4,bonus_bs15_gae3_no,100,2575000,,,,,147,63,59,36,29,40,7,5,11,19,5,9,3,3,6,0,1,1
83521,2026-04-10 00:43:29,3,6,2,attack,spins,goldSack,gold,1,false,100000,51079700151831,217474,5,5,1,11,1,0,0,1,0,127239,300000,52,0,42.4,bonus_bs15_gae3_no,100,2575000,LongExtraDayReduced,,,"{""slot_on_"":""9728\/55000@m24""}",148,64,59,36,30,40,7,5,11,20,6,9,3,4,6,0,1,1
83522,2026-04-10 00:43:30,3,6,2,attack,spins,goldSack,gold,1,false,100000,51079700251831,217473,5,5,1,11,1,0,0,1,0,127239,300000,52,0,42.4,bonus_bs15_gae3_no,100,2575000,,,,,149,65,59,36,31,40,7,5,11,21,7,9,3,5,6,0,1,1
83523,2026-04-10 00:43:30,1,4,4,coin,steal,steal,gold,1,false,25000,51079700276831,217472,5,5,1,11,0,2,0,0,0,127239,300000,52,0,42.4,bonus_bs15_gae3_no,100,2575000,,,,,150,65,61,36,31,40,7,5,11,22,7,11,3,5,6,0,1,1
83524,2026-04-10 00:43:32,30,30,30,accumulation,accumulation,accumulation,gold,10,true,0,51079700276831,217471,5,5,1,11,0,0,0,0,3,127249,300000,52,10,42.4,bonus_bs15_gae3_no,100,2575000,,,,"{""bffc7787"":""24385\/38000@m9""}",151,65,61,36,31,43,7,5,11,23,7,11,3,5,9,0,1,1
83525,2026-04-10 00:47:56,1,1,1,coin,coin,coin,gold,1,true,250000,51080250526831,239180,5,5,1,11,0,0,0,0,0,127249,300000,52,0,42.4,bonus_bs15_gae3_no,100,2575000,,,,,1,0,0,0,0,0,0,0,0,24,7,11,3,5,9,0,1,1
83526,2026-04-10 00:47:57,3,6,2,attack,spins,goldSack,gold,1,false,100000,51080250626831,239179,5,5,1,11,1,0,0,1,0,127249,300000,52,0,42.4,bonus_bs15_gae3_no,100,2575000,,,,,2,1,0,0,1,0,0,0,0,25,8,11,3,6,9,0,1,1
83527,2026-04-10 00:47:58,2,2,2,goldSack,goldSack,goldSack,gold,1,true,2200000,51080252826831,239178,5,5,1,11,0,0,0,0,0,127249,300000,52,0,42.4,bonus_bs15_gae3_no,100,2575000,LongExtraDayReduced,,,"{""slot_on_"":""9729\/55000@m24""}",3,1,0,0,1,0,0,0,0,26,8,11,3,6,9,0,1,1
83528,2026-04-10 00:47:59,30,2,2,accumulation,goldSack,goldSack,gold,1,false,150000,51080252976831,239177,5,5,1,11,0,0,0,0,1,127250,300000,52,1,42.4,bonus_bs15_gae3_no,100,2575000,,,,,4,1,0,0,1,1,0,0,0,27,8,11,3,6,10,0,1,1
83529,2026-04-10 00:48:00,1,4,6,coin,steal,spins,gold,1,false,25000,51080253001831,239176,5,5,1,11,0,1,0,1,0,127250,300000,52,0,42.4,bonus_bs15_gae3_no,100,2575000,,,,,5,1,1,0,2,1,0,0,0,28,8,12,3,7,10,0,1,1
83530,2026-04-10 00:48:01,1,1,4,coin,coin,steal,gold,1,false,50000,51080253051831,239175,5,5,1,11,0,1,0,0,0,127250,300000,52,0,42.4,bonus_bs15_gae3_no,100,2575000,,,,,6,1,2,0,2,1,0,0,0,29,8,13,3,7,10,0,1,1
83531,2026-04-10 00:48:02,30,2,2,accumulation,goldSack,goldSack,gold,1,false,150000,51080253201831,239174,5,5,1,11,0,0,0,0,1,127251,300000,52,1,42.4,bonus_bs15_gae3_no,100,2575000,,LongExtraDayReduced,,"{""slot_on_"":""9730\/55000@m24""}",7,1,2,0,2,2,0,0,0,30,8,13,3,7,11,0,1,1
83532,2026-04-10 00:48:03,3,6,2,attack,spins,goldSack,gold,1,false,100000,51080253301831,239173,5,5,1,11,1,0,0,1,0,127251,300000,52,0,42.4,bonus_bs15_gae3_no,100,2575000,,LongExtraDayReduced,,"{""slot_on_"":""9731\/55000@m24""}",8,2,2,0,3,2,0,0,0,31,9,13,3,8,11,0,1,1
83533,2026-04-10 00:48:04,2,2,2,goldSack,goldSack,goldSack,gold,1,true,2200000,51080255501831,239172,5,5,1,11,0,0,0,0,0,127251,300000,52,0,42.4,bonus_bs15_gae3_no,100,2575000,,,,,9,2,2,0,3,2,0,0,0,32,9,13,3,8,11,0,1,1
83534,2026-04-10 00:48:04,1,1,4,coin,coin,steal,gold,1,false,50000,51080255551831,239171,5,5,1,11,0,1,0,0,0,127251,300000,52,0,42.4,bonus_bs15_gae3_no,100,2575000,,LongExtraDayReduced,,"{""slot_on_"":""9732\/55000@m24""}",10,2,3,0,3,2,0,0,0,33,9,14,3,8,11,0,1,1
83535,2026-04-10 00:48:05,3,3,3,attack,attack,attack,attack,2,true,0,51080255551831,239170,5,5,1,11,3,0,0,0,0,127251,300000,52,0,42.4,bonus_bs15_gae3_no,100,2575000,,,,,11,5,3,0,3,2,1,0,0,34,12,14,3,8,11,1,1,1
83536,2026-04-10 00:51:53,1,6,6,coin,spins,spins,gold,1,false,25000,51081722841831,253169,5,5,1,11,0,0,0,2,0,127251,300000,52,0,42.4,bonus_bs15_gae3_no,100,2575000,,LongExtraDayReduced,,"{""slot_on_"":""9733\/55000@m24""}",12,5,3,0,5,2,1,0,0,35,12,14,3,10,11,1,1,1
83537,2026-04-10 00:51:54,1,4,4,coin,steal,steal,gold,1,false,25000,51081722891831,253168,5,5,1,11,0,2,0,0,0,127251,300000,52,0,42.4,bonus_bs15_gae3_no,100,2575000,LongExtraDayReduced,LongExtraDayReduced,,"{""slot_on_"":""9735\/55000@m24"",""e190af25"":""10190\/50000@m18""}",13,5,5,0,5,2,1,0,0,36,12,16,3,10,11,1,1,1
83538,2026-04-10 00:51:55,3,4,2,attack,steal,goldSack,gold,1,false,100000,51081723091831,253167,5,5,1,11,1,1,0,0,0,127251,300000,52,0,42.4,bonus_bs15_gae3_no,100,2575000,,,,"{""c5261ecd"":""3787\/4200@m78"",""bffc7787"":""24386\/38000@m9""}",14,6,6,0,5,2,1,0,0,37,13,17,3,10,11,1,1,1
83539,2026-04-10 00:51:56,3,3,3,attack,attack,attack,attack,2,true,0,51081723091831,253166,5,5,1,11,3,0,0,0,0,127251,300000,52,0,42.4,bonus_bs15_gae3_no,100,2575000,,,,,15,9,6,0,5,2,2,0,0,38,16,17,3,10,11,2,1,1
83540,2026-04-10 00:52:00,3,3,1,attack,attack,coin,gold,1,false,25000,51081741641831,253165,5,5,1,11,2,0,0,0,0,127251,300000,52,0,42.4,bonus_bs15_gae3_no,100,2575000,,,LongExtraDayReduced,"{""slot_on_"":""9736\/55000@m24""}",16,11,6,0,5,2,2,0,0,39,18,17,3,10,11,2,1,1
83541,2026-04-10 00:52:01,4,4,4,steal,steal,steal,steal,4,true,0,51081741641831,253164,5,5,1,11,0,3,0,0,0,127251,300000,52,0,42.4,bonus_bs15_gae3_no,100,2575000,,,,,17,11,9,0,5,2,2,1,0,40,18,20,3,10,11,2,2,1
83542,2026-04-10 00:52:08,5,5,5,shield,shield,shield,shield,3,true,1,51081991641831,253164,5,5,1,11,0,0,3,0,0,127251,300000,52,0,42.4,bonus_bs15_gae3_no,100,2575000,,,,,18,11,9,3,5,2,2,1,1,41,18,20,6,10,11,2,2,2
83543,2026-04-10 00:52:09,3,6,2,attack,spins,goldSack,gold,1,false,100000,51081991841831,253163,5,5,1,11,1,0,0,1,0,127251,300000,52,0,42.4,bonus_bs15_gae3_no,100,2575000,,,,,19,12,9,3,6,2,2,1,1,42,19,20,6,11,11,2,2,2
83544,2026-04-10 00:52:10,30,30,1,accumulation,accumulation,coin,gold,1,false,25000,51081991891831,253162,5,5,1,11,0,0,0,0,2,127253,300000,52,2,42.4,bonus_bs15_gae3_no,100,2575000,,,,,20,12,9,3,6,4,2,1,1,43,19,20,6,11,13,2,2,2
83545,2026-04-10 00:52:11,30,2,2,accumulation,goldSack,goldSack,gold,1,false,150000,51081992191831,253161,5,5,1,11,0,0,0,0,1,127254,300000,52,1,42.4,bonus_bs15_gae3_no,100,2575000,,,,,21,12,9,3,6,5,2,1,1,44,19,20,6,11,14,2,2,2
83546,2026-04-10 00:52:13,1,1,1,coin,coin,coin,gold,1,true,250000,51081992691831,253160,5,5,1,11,0,0,0,0,0,127254,300000,52,0,42.4,bonus_bs15_gae3_no,100,2575000,,LongExtraDayReduced,,"{""slot_on_"":""9737\/55000@m24""}",22,12,9,3,6,5,2,1,1,45,19,20,6,11,14,2,2,2
83547,2026-04-10 00:52:14,3,3,1,attack,attack,coin,gold,1,false,25000,51081992741831,253159,5,5,1,11,2,0,0,0,0,127254,300000,52,0,42.4,bonus_bs15_gae3_no,100,2575000,,LongExtraDayReduced,,"{""slot_on_"":""9738\/55000@m24""}",23,14,9,3,6,5,2,1,1,46,21,20,6,11,14,2,2,2
83548,2026-04-10 00:52:15,30,2,2,accumulation,goldSack,goldSack,gold,1,false,150000,51081993041831,253158,5,5,1,11,0,0,0,0,1,127255,300000,52,1,42.4,bonus_bs15_gae3_no,100,2575000,,,LongExtraDayReduced,"{""slot_on_"":""9739\/55000@m24""}",24,14,9,3,6,6,2,1,1,47,21,20,6,11,15,2,2,2
83549,2026-04-10 00:52:17,3,6,2,attack,spins,goldSack,gold,1,false,100000,51081993241831,253157,5,5,1,11,1,0,0,1,0,127255,300000,52,0,42.4,bonus_bs15_gae3_no,100,2575000,,,,,25,15,9,3,7,6,2,1,1,48,22,20,6,12,15,2,2,2
83550,2026-04-10 00:52:18,3,6,2,attack,spins,goldSack,gold,1,false,100000,51081993441831,253156,5,5,1,11,1,0,0,1,0,127255,300000,52,0,42.4,bonus_bs15_gae3_no,100,2575000,,,,,26,16,9,3,8,6,2,1,1,49,23,20,6,13,15,2,2,2
83551,2026-04-10 00:52:18,4,4,4,steal,steal,steal,steal,4,true,0,51081993441831,253155,5,5,1,11,0,3,0,0,0,127255,300000,52,0,42.4,bonus_bs15_gae3_no,100,2575000,,,,"{""bffc7787"":""24387\/38000@m9""}",27,16,12,3,8,6,2,2,1,50,23,23,6,13,15,2,3,2
83552,2026-04-10 00:52:29,1,1,4,coin,coin,steal,gold,1,false,50000,51082993541831,253154,5,5,1,11,0,1,0,0,0,127255,300000,52,0,42.4,bonus_bs15_gae3_no,100,2575000,,,,,28,16,13,3,8,6,2,2,1,51,23,24,6,13,15,2,3,2
83553,2026-04-10 00:52:29,3,3,2,attack,attack,goldSack,gold,1,false,100000,51082993741831,253153,5,5,1,11,2,0,0,0,0,127255,300000,52,0,42.4,bonus_bs15_gae3_no,100,2575000,,LongExtraDayReduced,,"{""slot_on_"":""9740\/55000@m24""}",29,18,13,3,8,6,2,2,1,52,25,24,6,13,15,2,3,2
83554,2026-04-10 00:52:30,2,2,2,goldSack,goldSack,goldSack,gold,1,true,2200000,51082998141831,253152,5,5,1,11,0,0,0,0,0,127255,300000,52,0,42.4,bonus_bs15_gae3_no,100,2575000,,,,,30,18,13,3,8,6,2,2,1,53,25,24,6,13,15,2,3,2
83555,2026-04-10 00:52:31,1,6,6,coin,spins,spins,gold,1,false,25000,51082998191831,253151,5,5,1,11,0,0,0,2,0,127255,300000,52,0,42.4,bonus_bs15_gae3_no,100,2575000,LongExtraDayReduced,,,"{""slot_on_"":""9741\/55000@m24""}",31,18,13,3,10,6,2,2,1,54,25,24,6,15,15,2,3,2
83556,2026-04-10 00:52:32,30,2,2,accumulation,goldSack,goldSack,gold,1,false,150000,51082998491831,253150,5,5,1,11,0,0,0,0,1,127256,300000,52,1,42.4,bonus_bs15_gae3_no,100,2575000,,,,,32,18,13,3,10,7,2,2,1,55,25,24,6,15,16,2,3,2
83557,2026-04-10 00:52:32,3,6,2,attack,spins,goldSack,gold,1,false,100000,51082998691831,253149,5,5,1,11,1,0,0,1,0,127256,300000,52,0,42.4,bonus_bs15_gae3_no,100,2575000,,,,,33,19,13,3,11,7,2,2,1,56,26,24,6,16,16,2,3,2
83558,2026-04-10 00:52:33,1,1,1,coin,coin,coin,gold,1,true,250000,51082999191831,253148,5,5,1,11,0,0,0,0,0,127256,300000,52,0,42.4,bonus_bs15_gae3_no,100,2575000,,,,"{""e190af25"":""10192\/50000@m18""}",34,19,13,3,11,7,2,2,1,57,26,24,6,16,16,2,3,2
83559,2026-04-10 00:52:34,3,3,1,attack,attack,coin,gold,1,false,25000,51082999241831,253147,5,5,1,11,2,0,0,0,0,127256,300000,52,0,42.4,bonus_bs15_gae3_no,100,2575000,,,,,35,21,13,3,11,7,2,2,1,58,28,24,6,16,16,2,3,2
83560,2026-04-10 00:52:35,30,30,1,accumulation,accumulation,coin,gold,1,false,25000,51082999291831,253146,5,5,1,11,0,0,0,0,2,127258,300000,52,2,42.4,bonus_bs15_gae3_no,100,2575000,,,,,36,21,13,3,11,9,2,2,1,59,28,24,6,16,18,2,3,2
83561,2026-04-10 00:52:36,1,1,4,coin,coin,steal,gold,1,false,50000,51082999391831,253145,5,5,1,11,0,1,0,0,0,127258,300000,52,0,42.4,bonus_bs15_gae3_no,100,2575000,,LongExtraDayReduced,,"{""slot_on_"":""9742\/55000@m24"",""bffc7787"":""24388\/38000@m9""}",37,21,14,3,11,9,2,2,1,60,28,25,6,16,18,2,3,2
83562,2026-04-10 00:52:37,3,6,2,attack,spins,goldSack,gold,1,false,100000,51082999591831,253144,5,5,1,11,1,0,0,1,0,127258,300000,52,0,42.4,bonus_bs15_gae3_no,100,2575000,,,,"{""c5261ecd"":""3789\/4200@m78""}",38,22,14,3,12,9,2,2,1,61,29,25,6,17,18,2,3,2
83563,2026-04-10 00:52:38,1,4,6,coin,steal,spins,gold,1,false,25000,51082999641831,253143,5,5,1,11,0,1,0,1,0,127258,300000,52,0,42.4,bonus_bs15_gae3_no,100,2575000,,,,,39,22,15,3,13,9,2,2,1,62,29,26,6,18,18,2,3,2
83564,2026-04-10 00:52:38,3,3,3,attack,attack,attack,attack,2,true,0,51082999641831,253142,5,5,1,11,3,0,0,0,0,127258,300000,52,0,42.4,bonus_bs15_gae3_no,100,2575000,,,,"{""e190af25"":""10194\/50000@m18""}",40,25,15,3,13,9,3,2,1,63,32,26,6,18,18,3,3,2
83565,2026-04-10 00:52:55,1,4,6,coin,steal,spins,gold,1,false,25000,51083054691831,253141,5,5,1,11,0,1,0,1,0,127258,300000,52,0,42.4,bonus_bs15_gae3_no,100,2575000,,,,,41,25,16,3,14,9,3,2,1,64,32,27,6,19,18,3,3,2
83566,2026-04-10 00:52:56,30,30,1,accumulation,accumulation,coin,gold,1,false,25000,51083054741831,253140,5,5,1,11,0,0,0,0,2,127260,300000,52,2,42.4,bonus_bs15_gae3_no,100,2575000,,,,,42,25,16,3,14,11,3,2,1,65,32,27,6,19,20,3,3,2
83567,2026-04-10 00:52:57,1,4,4,coin,steal,steal,gold,1,false,25000,51083054791831,253139,5,5,1,11,0,2,0,0,0,127260,300000,52,0,42.4,bonus_bs15_gae3_no,100,2575000,,,,,43,25,18,3,14,11,3,2,1,66,32,29,6,19,20,3,3,2
83568,2026-04-10 00:52:57,30,30,1,accumulation,accumulation,coin,gold,1,false,25000,51083054841831,253138,5,5,1,11,0,0,0,0,2,127262,300000,52,2,42.4,bonus_bs15_gae3_no,100,2575000,,,,,44,25,18,3,14,13,3,2,1,67,32,29,6,19,22,3,3,2
83569,2026-04-10 00:52:58,1,5,5,coin,shield,shield,gold,1,false,25000,51083054891831,253137,5,5,1,11,0,0,2,0,0,127262,300000,52,0,42.4,bonus_bs15_gae3_no,100,2575000,,,,,45,25,18,5,14,13,3,2,1,68,32,29,8,19,22,3,3,2
83570,2026-04-10 00:52:59,5,2,2,shield,goldSack,goldSack,gold,1,false,150000,51083055191831,253136,5,5,1,11,0,0,1,0,0,127262,300000,52,0,42.4,bonus_bs15_gae3_no,100,2575000,,LongExtraDayReduced,,"{""slot_on_"":""9743\/55000@m24""}",46,25,18,6,14,13,3,2,1,69,32,29,9,19,22,3,3,2
83571,2026-04-10 00:53:00,3,4,2,attack,steal,goldSack,gold,1,false,100000,51083055391831,253135,5,5,1,11,1,1,0,0,0,127262,300000,52,0,42.4,bonus_bs15_gae3_no,100,2575000,,,,"{""bffc7787"":""24389\/38000@m9""}",47,26,19,6,14,13,3,2,1,70,33,30,9,19,22,3,3,2
83572,2026-04-10 00:53:01,1,6,6,coin,spins,spins,gold,1,false,25000,51083055441831,253134,5,5,1,11,0,0,0,2,0,127262,300000,52,0,42.4,bonus_bs15_gae3_no,100,2575000,,,,,48,26,19,6,16,13,3,2,1,71,33,30,9,21,22,3,3,2
83573,2026-04-10 00:53:01,30,2,2,accumulation,goldSack,goldSack,gold,1,false,150000,51083055741831,253133,5,5,1,11,0,0,0,0,1,127263,300000,52,1,42.4,bonus_bs15_gae3_no,100,2575000,,,,,49,26,19,6,16,14,3,2,1,72,33,30,9,21,23,3,3,2
83574,2026-04-10 00:53:02,30,2,2,accumulation,goldSack,goldSack,gold,1,false,150000,51083056041831,253132,5,5,1,11,0,0,0,0,1,127264,300000,52,1,42.4,bonus_bs15_gae3_no,100,2575000,,,,,50,26,19,6,16,15,3,2,1,73,33,30,9,21,24,3,3,2
83575,2026-04-10 00:53:03,3,4,2,attack,steal,goldSack,gold,1,false,100000,51083056241831,253131,5,5,1,11,1,1,0,0,0,127264,300000,52,0,42.4,bonus_bs15_gae3_no,100,2575000,,,,,51,27,20,6,16,15,3,2,1,74,34,31,9,21,24,3,3,2
83576,2026-04-10 00:53:04,3,6,2,attack,spins,goldSack,gold,1,false,100000,51083056441831,253130,5,5,1,11,1,0,0,1,0,127264,300000,52,0,42.4,bonus_bs15_gae3_no,100,2575000,,,,,52,28,20,6,17,15,3,2,1,75,35,31,9,22,24,3,3,2
83577,2026-04-10 00:53:05,3,3,3,attack,attack,attack,attack,2,true,0,51083056441831,253129,5,5,1,11,3,0,0,0,0,127264,300000,52,0,42.4,bonus_bs15_gae3_no,100,2575000,,,,,53,31,20,6,17,15,4,2,1,76,38,31,9,22,24,4,3,2
83578,2026-04-10 00:53:10,30,2,2,accumulation,goldSack,goldSack,gold,1,false,150000,51083111741831,253128,5,5,1,11,0,0,0,0,1,127265,300000,52,1,42.4,bonus_bs15_gae3_no,100,2575000,,,,,54,31,20,6,17,16,4,2,1,77,38,31,9,22,25,4,3,2
83579,2026-04-10 00:53:11,6,6,6,spins,spins,spins,spins,5,true,10,51083111741831,253137,5,5,1,11,0,0,0,3,0,127265,300000,52,0,42.4,bonus_bs15_gae3_no,100,2575000,,,,,55,31,20,6,20,16,4,2,1,78,38,31,9,25,25,4,3,2
83580,2026-04-10 00:53:12,30,30,1,accumulation,accumulation,coin,gold,1,false,25000,51083111791831,253136,5,5,1,11,0,0,0,0,2,127267,300000,52,2,42.4,bonus_bs15_gae3_no,100,2575000,,,,,56,31,20,6,20,18,4,2,1,1,0,0,0,0,2,0,0,0
83581,2026-04-10 00:53:14,1,1,1,coin,coin,coin,gold,1,true,250000,51083112291831,253135,5,5,1,11,0,0,0,0,0,127267,300000,52,0,42.4,bonus_bs15_gae3_no,100,2575000,,LongExtraDayReduced,,"{""slot_on_"":""9744\/55000@m24"",""bffc7787"":""24390\/38000@m9""}",57,31,20,6,20,18,4,2,1,2,0,0,0,0,2,0,0,0
83582,2026-04-10 00:53:15,3,3,3,attack,attack,attack,attack,2,true,0,51083112291831,253134,5,5,1,11,3,0,0,0,0,127267,300000,52,0,42.4,bonus_bs15_gae3_no,100,2575000,,,,"{""e190af25"":""10196\/50000@m18""}",58,34,20,6,20,18,5,2,1,3,3,0,0,0,2,1,0,0
83583,2026-04-10 00:53:21,1,4,4,coin,steal,steal,gold,1,false,25000,51083130841831,253133,5,5,1,11,0,2,0,0,0,127267,300000,52,0,42.4,bonus_bs15_gae3_no,100,2575000,,,,,59,34,22,6,20,18,5,2,1,4,3,2,0,0,2,1,0,0
83584,2026-04-10 00:53:22,5,5,5,shield,shield,shield,shield,3,true,1,51083130841831,253133,5,5,1,11,0,0,3,0,0,127267,300000,52,0,42.4,bonus_bs15_gae3_no,100,2575000,,,,,60,34,22,9,20,18,5,2,2,5,3,2,3,0,2,1,0,1
83585,2026-04-10 00:53:23,1,1,1,coin,coin,coin,gold,1,true,250000,51083131341831,253132,5,5,1,11,0,0,0,0,0,127267,300000,52,0,42.4,bonus_bs15_gae3_no,100,2575000,LongExtraDayReduced,,LongExtraDayReduced,"{""slot_on_"":""9746\/55000@m24""}",61,34,22,9,20,18,5,2,2,6,3,2,3,0,2,1,0,1
83586,2026-04-10 00:53:23,2,2,2,goldSack,goldSack,goldSack,gold,1,true,2200000,51083135741831,253131,5,5,1,11,0,0,0,0,0,127267,300000,52,0,42.4,bonus_bs15_gae3_no,100,2575000,LongExtraDayReduced,,,"{""slot_on_"":""9747\/55000@m24"",""c5261ecd"":""3791\/4200@m78""}",62,34,22,9,20,18,5,2,2,7,3,2,3,0,2,1,0,1
83587,2026-04-10 00:53:24,1,1,4,coin,coin,steal,gold,1,false,50000,51083135841831,253130,5,5,1,11,0,1,0,0,0,127267,300000,52,0,42.4,bonus_bs15_gae3_no,100,2575000,,,,,63,34,23,9,20,18,5,2,2,8,3,3,3,0,2,1,0,1
83588,2026-04-10 00:53:25,30,2,2,accumulation,goldSack,goldSack,gold,1,false,150000,51083136141831,253129,5,5,1,11,0,0,0,0,1,127268,300000,52,1,42.4,bonus_bs15_gae3_no,100,2575000,,,,,64,34,23,9,20,19,5,2,2,9,3,3,3,0,3,1,0,1
83589,2026-04-10 00:53:26,30,2,2,accumulation,goldSack,goldSack,gold,1,false,150000,51083136441831,253128,5,5,1,11,0,0,0,0,1,127269,300000,52,1,42.4,bonus_bs15_gae3_no,100,2575000,LongExtraDayReduced,,,"{""slot_on_"":""9748\/55000@m24""}",65,34,23,9,20,20,5,2,2,10,3,3,3,0,4,1,0,1
83590,2026-04-10 00:53:27,30,2,2,accumulation,goldSack,goldSack,gold,1,false,150000,51083136741831,253127,5,5,1,11,0,0,0,0,1,127270,300000,52,1,42.4,bonus_bs15_gae3_no,100,2575000,,,,,66,34,23,9,20,21,5,2,2,11,3,3,3,0,5,1,0,1
83591,2026-04-10 00:53:28,2,2,2,goldSack,goldSack,goldSack,gold,1,true,2200000,51083141141831,253126,5,5,1,11,0,0,0,0,0,127270,300000,52,0,42.4,bonus_bs15_gae3_no,100,2575000,,,,,67,34,23,9,20,21,5,2,2,12,3,3,3,0,5,1,0,1
83592,2026-04-10 00:53:29,3,3,2,attack,attack,goldSack,gold,1,false,100000,51083141341831,253125,5,5,1,11,2,0,0,0,0,127270,300000,52,0,42.4,bonus_bs15_gae3_no,100,2575000,LongExtraDayReduced,,,"{""slot_on_"":""9749\/55000@m24""}",68,36,23,9,20,21,5,2,2,13,5,3,3,0,5,1,0,1
83593,2026-04-10 00:53:30,30,30,1,accumulation,accumulation,coin,gold,1,false,25000,51083141391831,253124,5,5,1,11,0,0,0,0,2,127272,300000,52,2,42.4,bonus_bs15_gae3_no,100,2575000,LongExtraDayReduced,,LongExtraDayReduced,"{""slot_on_"":""9751\/55000@m24"",""bffc7787"":""24391\/38000@m9""}",69,36,23,9,20,23,5,2,2,14,5,3,3,0,7,1,0,1
83594,2026-04-10 00:53:31,1,1,4,coin,coin,steal,gold,1,false,50000,51083141491831,253123,5,5,1,11,0,1,0,0,0,127272,300000,52,0,42.4,bonus_bs15_gae3_no,100,2575000,,,,"{""e190af25"":""10198\/50000@m18""}",70,36,24,9,20,23,5,2,2,15,5,4,3,0,7,1,0,1
83595,2026-04-10 00:53:32,2,2,2,goldSack,goldSack,goldSack,gold,1,true,2200000,51083145891831,253122,5,5,1,11,0,0,0,0,0,127272,300000,52,0,42.4,bonus_bs15_gae3_no,100,2575000,,LongExtraDayReduced,,"{""slot_on_"":""9752\/55000@m24""}",71,36,24,9,20,23,5,2,2,16,5,4,3,0,7,1,0,1
83596,2026-04-10 00:53:33,2,2,2,goldSack,goldSack,goldSack,gold,1,true,2200000,51083150291831,253121,5,5,1,11,0,0,0,0,0,127272,300000,52,0,42.4,bonus_bs15_gae3_no,100,2575000,,,,,72,36,24,9,20,23,5,2,2,17,5,4,3,0,7,1,0,1
83597,2026-04-10 00:53:33,3,6,2,attack,spins,goldSack,gold,1,false,100000,51083150491831,253120,5,5,1,11,1,0,0,1,0,127272,300000,52,0,42.4,bonus_bs15_gae3_no,100,2575000,LongExtraDayReduced,LongExtraDayReduced,,"{""slot_on_"":""9754\/55000@m24""}",73,37,24,9,21,23,5,2,2,18,6,4,3,1,7,1,0,1
83598,2026-04-10 00:53:34,1,5,5,coin,shield,shield,gold,1,false,25000,51083150541831,253119,5,5,1,11,0,0,2,0,0,127272,300000,52,0,42.4,bonus_bs15_gae3_no,100,2575000,,LongExtraDayReduced,,"{""slot_on_"":""9755\/55000@m24"",""e190af25"":""10200\/50000@m18""}",74,37,24,11,21,23,5,2,2,19,6,4,5,1,7,1,0,1
83599,2026-04-10 00:53:35,30,2,2,accumulation,goldSack,goldSack,gold,1,false,150000,51083150841831,253118,5,5,1,11,0,0,0,0,1,127273,300000,52,1,42.4,bonus_bs15_gae3_no,100,2575000,,LongExtraDayReduced,,"{""slot_on_"":""9756\/55000@m24""}",75,37,24,11,21,24,5,2,2,20,6,4,5,1,8,1,0,1
83600,2026-04-10 00:53:36,2,2,2,goldSack,goldSack,goldSack,gold,1,true,2200000,51083155241831,253117,5,5,1,11,0,0,0,0,0,127273,300000,52,0,42.4,bonus_bs15_gae3_no,100,2575000,LongExtraDayReduced,LongExtraDayReduced,LongExtraDayReduced,"{""slot_on_"":""9761\/55000@m24""}",76,37,24,11,21,24,5,2,2,21,6,4,5,1,8,1,0,1
83601,2026-04-10 00:53:37,1,1,4,coin,coin,steal,gold,1,false,50000,51083155341831,253116,5,5,1,11,0,1,0,0,0,127273,300000,52,0,42.4,bonus_bs15_gae3_no,100,2575000,,,,,77,37,25,11,21,24,5,2,2,22,6,5,5,1,8,1,0,1
83602,2026-04-10 00:53:40,1,4,6,coin,steal,spins,gold,1,false,10000000,51083175341831,252716,5,5,400,11,0,1,0,1,0,127273,300000,52,0,42.4,bonus_bs15_gae3_no,100,2575000,,,,"{""e190af25"":""11000\/50000@m18""}",78,37,26,11,22,24,5,2,2,23,6,6,5,2,8,1,0,1
83603,2026-04-10 00:53:42,3,4,2,attack,steal,goldSack,gold,1,false,150000000,51083475341831,251216,5,5,1500,11,1,1,0,0,0,127273,300000,52,0,42.4,bonus_bs15_gae3_no,100,2575000,,,,,79,38,27,11,22,24,5,2,2,24,7,7,5,2,8,1,0,1
83604,2026-04-10 00:53:43,1,5,5,coin,shield,shield,gold,1,false,37500000,51083550341831,249716,5,5,1500,11,0,0,2,0,0,127273,300000,52,0,42.4,bonus_bs15_gae3_no,100,2575000,,,,,80,38,27,13,22,24,5,2,2,25,7,7,7,2,8,1,0,1
83605,2026-04-10 00:53:44,3,3,3,attack,attack,attack,attack,2,true,0,51083550341831,248216,5,5,1500,11,3,0,0,0,0,127273,300000,52,0,42.4,bonus_bs15_gae3_no,100,2575000,,,LongExtraDayReduced,"{""slot_on_"":""11261\/55000@m24"",""bffc7787"":""25891\/38000@m9""}",81,41,27,13,22,24,6,2,2,26,10,7,7,2,8,2,0,1
83606,2026-04-10 00:53:48,30,2,2,accumulation,goldSack,goldSack,gold,1,false,150000,51111550641831,248215,5,5,1,11,0,0,0,0,1,127274,300000,52,1,42.4,bonus_bs15_gae3_no,100,2575000,,,,,82,41,27,13,22,25,6,2,2,27,10,7,7,2,9,2,0,1
83607,2026-04-10 00:53:49,3,3,3,attack,attack,attack,attack,2,true,0,51111550641831,248214,5,5,1,11,3,0,0,0,0,127274,300000,52,0,42.4,bonus_bs15_gae3_no,100,2575000,,,,,83,44,27,13,22,25,7,2,2,28,13,7,7,2,9,3,0,1
83608,2026-04-10 00:53:53,3,3,3,attack,attack,attack,attack,2,true,0,51111569141831,248213,5,5,1,11,3,0,0,0,0,127274,300000,52,0,42.4,bonus_bs15_gae3_no,100,2575000,,,,"{""c5261ecd"":""3793\/4200@m78""}",84,47,27,13,22,25,8,2,2,29,16,7,7,2,9,4,0,1
83609,2026-04-10 00:53:57,3,3,3,attack,attack,attack,attack,2,true,0,51111587641831,248212,5,5,1,11,3,0,0,0,0,127274,300000,52,0,42.4,bonus_bs15_gae3_no,100,2575000,,,,,85,50,27,13,22,25,9,2,2,30,19,7,7,2,9,5,0,1
83610,2026-04-10 00:54:00,30,2,2,accumulation,goldSack,goldSack,gold,1,false,150000,51111606441831,248211,5,5,1,11,0,0,0,0,1,127275,300000,52,1,42.4,bonus_bs15_gae3_no,100,2575000,,,,,86,50,27,13,22,26,9,2,2,31,19,7,7,2,10,5,0,1
83611,2026-04-10 00:54:01,3,6,2,attack,spins,goldSack,gold,1,false,100000,51111606641831,248210,5,5,1,11,1,0,0,1,0,127275,300000,52,0,42.4,bonus_bs15_gae3_no,100,2575000,,LongExtraDayReduced,,"{""slot_on_"":""11262\/55000@m24""}",87,51,27,13,23,26,9,2,2,32,20,7,7,3,10,5,0,1
83612,2026-04-10 00:54:02,1,6,6,coin,spins,spins,gold,1,false,25000,51111606691831,248209,5,5,1,11,0,0,0,2,0,127275,300000,52,0,42.4,bonus_bs15_gae3_no,100,2575000,,LongExtraDayReduced,,"{""slot_on_"":""11263\/55000@m24""}",88,51,27,13,25,26,9,2,2,33,20,7,7,5,10,5,0,1
83613,2026-04-10 00:54:03,1,4,4,coin,steal,steal,gold,1,false,25000,51111606741831,248208,5,5,1,11,0,2,0,0,0,127275,300000,52,0,42.4,bonus_bs15_gae3_no,100,2575000,,,,,89,51,29,13,25,26,9,2,2,34,20,9,7,5,10,5,0,1
83614,2026-04-10 00:54:03,1,4,6,coin,steal,spins,gold,1,false,25000,51111606791831,248207,5,5,1,11,0,1,0,1,0,127275,300000,52,0,42.4,bonus_bs15_gae3_no,100,2575000,,,,,90,51,30,13,26,26,9,2,2,35,20,10,7,6,10,5,0,1
83615,2026-04-10 00:54:04,1,1,6,coin,coin,spins,gold,1,false,50000,51111606891831,248206,5,5,1,11,0,0,0,1,0,127275,300000,52,0,42.4,bonus_bs15_gae3_no,100,2575000,,,,,91,51,30,13,27,26,9,2,2,36,20,10,7,7,10,5,0,1
83616,2026-04-10 00:54:05,3,4,2,attack,steal,goldSack,gold,1,false,100000,51111607091831,248205,5,5,1,11,1,1,0,0,0,127275,300000,52,0,42.4,bonus_bs15_gae3_no,100,2575000,,,,,92,52,31,13,27,26,9,2,2,37,21,11,7,7,10,5,0,1
83617,2026-04-10 00:54:05,30,2,2,accumulation,goldSack,goldSack,gold,1,false,150000,51111607391831,248204,5,5,1,11,0,0,0,0,1,127276,300000,52,1,42.4,bonus_bs15_gae3_no,100,2575000,,,,,93,52,31,13,27,27,9,2,2,38,21,11,7,7,11,5,0,1
83618,2026-04-10 00:54:06,2,2,2,goldSack,goldSack,goldSack,gold,1,true,2200000,51111611791831,248203,5,5,1,11,0,0,0,0,0,127276,300000,52,0,42.4,bonus_bs15_gae3_no,100,2575000,,,,"{""e190af25"":""11002\/50000@m18""}",94,52,31,13,27,27,9,2,2,39,21,11,7,7,11,5,0,1
83619,2026-04-10 00:54:07,3,3,3,attack,attack,attack,attack,2,true,0,51111611791831,248202,5,5,1,11,3,0,0,0,0,127276,300000,52,0,42.4,bonus_bs15_gae3_no,100,2575000,,,,,95,55,31,13,27,27,10,2,2,40,24,11,7,7,11,6,0,1
83620,2026-04-10 00:54:11,1,6,6,coin,spins,spins,gold,1,false,25000,51111666841831,248201,5,5,1,11,0,0,0,2,0,127276,300000,52,0,42.4,bonus_bs15_gae3_no,100,2575000,,,,,96,55,31,13,29,27,10,2,2,41,24,11,7,9,11,6,0,1
83621,2026-04-10 00:54:12,1,1,6,coin,coin,spins,gold,1,false,50000,51111666941831,248200,5,5,1,11,0,0,0,1,0,127276,300000,52,0,42.4,bonus_bs15_gae3_no,100,2575000,,,,,97,55,31,13,30,27,10,2,2,42,24,11,7,10,11,6,0,1
83622,2026-04-10 00:54:12,1,4,6,coin,steal,spins,gold,1,false,25000,51111666991831,248199,5,5,1,11,0,1,0,1,0,127276,300000,52,0,42.4,bonus_bs15_gae3_no,100,2575000,,,,,98,55,32,13,31,27,10,2,2,43,24,12,7,11,11,6,0,1
83623,2026-04-10 00:54:13,1,1,1,coin,coin,coin,gold,1,true,250000,51111667491831,248198,5,5,1,11,0,0,0,0,0,127276,300000,52,0,42.4,bonus_bs15_gae3_no,100,2575000,,,,,99,55,32,13,31,27,10,2,2,44,24,12,7,11,11,6,0,1
83624,2026-04-10 00:54:14,1,4,4,coin,steal,steal,gold,1,false,25000,51111667541831,248197,5,5,1,11,0,2,0,0,0,127276,300000,52,0,42.4,bonus_bs15_gae3_no,100,2575000,,,,"{""c5261ecd"":""3795\/4200@m78""}",100,55,34,13,31,27,10,2,2,45,24,14,7,11,11,6,0,1
83625,2026-04-10 00:54:14,2,2,2,goldSack,goldSack,goldSack,gold,1,true,2200000,51111671941831,248196,5,5,1,11,0,0,0,0,0,127276,300000,52,0,42.4,bonus_bs15_gae3_no,100,2575000,,,,,101,55,34,13,31,27,10,2,2,46,24,14,7,11,11,6,0,1
83626,2026-04-10 00:54:15,1,1,1,coin,coin,coin,gold,1,true,250000,51111672441831,248195,5,5,1,11,0,0,0,0,0,127276,300000,52,0,42.4,bonus_bs15_gae3_no,100,2575000,,,,"{""bffc7787"":""25892\/38000@m9""}",102,55,34,13,31,27,10,2,2,47,24,14,7,11,11,6,0,1
83627,2026-04-10 00:54:16,30,2,2,accumulation,goldSack,goldSack,gold,1,false,150000,51111672741831,248194,5,5,1,11,0,0,0,0,1,127277,300000,52,1,42.4,bonus_bs15_gae3_no,100,2575000,,,,,103,55,34,13,31,28,10,2,2,48,24,14,7,11,12,6,0,1
83628,2026-04-10 00:54:17,3,4,2,attack,steal,goldSack,gold,1,false,100000,51111672941831,248193,5,5,1,11,1,1,0,0,0,127277,300000,52,0,42.4,bonus_bs15_gae3_no,100,2575000,,,,,104,56,35,13,31,28,10,2,2,49,25,15,7,11,12,6,0,1
83629,2026-04-10 00:54:18,5,5,5,shield,shield,shield,shield,3,true,1,51111672941831,248193,5,5,1,11,0,0,3,0,0,127277,300000,52,0,42.4,bonus_bs15_gae3_no,100,2575000,,LongExtraDayReduced,,"{""slot_on_"":""11264\/55000@m24""}",105,56,35,16,31,28,10,2,3,50,25,15,10,11,12,6,0,2
83630,2026-04-10 00:54:19,3,3,2,attack,attack,goldSack,gold,1,false,100000,51111673141831,248192,5,5,1,11,2,0,0,0,0,127277,300000,52,0,42.4,bonus_bs15_gae3_no,100,2575000,,LongExtraDayReduced,,"{""slot_on_"":""11265\/55000@m24""}",106,58,35,16,31,28,10,2,3,51,27,15,10,11,12,6,0,2
83631,2026-04-10 00:54:19,1,6,6,coin,spins,spins,gold,1,false,25000,51111673191831,248191,5,5,1,11,0,0,0,2,0,127277,300000,52,0,42.4,bonus_bs15_gae3_no,100,2575000,,,,,107,58,35,16,33,28,10,2,3,52,27,15,10,13,12,6,0,2
83632,2026-04-10 00:54:20,3,3,2,attack,attack,goldSack,gold,1,false,100000,51111673391831,248190,5,5,1,11,2,0,0,0,0,127277,300000,52,0,42.4,bonus_bs15_gae3_no,100,2575000,,,,"{""e190af25"":""11004\/50000@m18""}",108,60,35,16,33,28,10,2,3,53,29,15,10,13,12,6,0,2
83633,2026-04-10 00:54:21,2,2,2,goldSack,goldSack,goldSack,gold,1,true,2200000,51111677791831,248189,5,5,1,11,0,0,0,0,0,127277,300000,52,0,42.4,bonus_bs15_gae3_no,100,2575000,,,,,109,60,35,16,33,28,10,2,3,54,29,15,10,13,12,6,0,2
83634,2026-04-10 00:54:22,2,2,2,goldSack,goldSack,goldSack,gold,1,true,2200000,51111682191831,248188,5,5,1,11,0,0,0,0,0,127277,300000,52,0,42.4,bonus_bs15_gae3_no,100,2575000,,,,,110,60,35,16,33,28,10,2,3,55,29,15,10,13,12,6,0,2
83635,2026-04-10 00:54:22,30,30,1,accumulation,accumulation,coin,gold,1,false,25000,51111682241831,248187,5,5,1,11,0,0,0,0,2,127279,300000,52,2,42.4,bonus_bs15_gae3_no,100,2575000,,,,"{""e190af25"":""11006\/50000@m18"",""bffc7787"":""25893\/38000@m9""}",111,60,35,16,33,30,10,2,3,56,29,15,10,13,14,6,0,2
83636,2026-04-10 00:54:24,5,5,5,shield,shield,shield,shield,3,true,1,51111682241831,248187,5,5,1,11,0,0,3,0,0,127279,300000,52,0,42.4,bonus_bs15_gae3_no,100,2575000,,LongExtraDayReduced,LongExtraDayReduced,"{""slot_on_"":""11267\/55000@m24""}",112,60,35,19,33,30,10,2,4,57,29,15,13,13,14,6,0,3
83637,2026-04-10 00:54:25,3,4,2,attack,steal,goldSack,gold,1,false,100000,51111682441831,248186,5,5,1,11,1,1,0,0,0,127279,300000,52,0,42.4,bonus_bs15_gae3_no,100,2575000,,,,,113,61,36,19,33,30,10,2,4,58,30,16,13,13,14,6,0,3
83638,2026-04-10 00:54:26,3,4,2,attack,steal,goldSack,gold,1,false,100000,51111682641831,248185,5,5,1,11,1,1,0,0,0,127279,300000,52,0,42.4,bonus_bs15_gae3_no,100,2575000,,LongExtraDayReduced,,"{""slot_on_"":""11268\/55000@m24"",""c5261ecd"":""3797\/4200@m78""}",114,62,37,19,33,30,10,2,4,59,31,17,13,13,14,6,0,3
83639,2026-04-10 00:54:27,3,3,2,attack,attack,goldSack,gold,1,false,100000,51111682841831,248184,5,5,1,11,2,0,0,0,0,127279,300000,52,0,42.4,bonus_bs15_gae3_no,100,2575000,,,,"{""e190af25"":""11008\/50000@m18""}",115,64,37,19,33,30,10,2,4,60,33,17,13,13,14,6,0,3
83640,2026-04-10 00:54:28,30,2,2,accumulation,goldSack,goldSack,gold,1,false,150000,51111683141831,248183,5,5,1,11,0,0,0,0,1,127280,300000,52,1,42.4,bonus_bs15_gae3_no,100,2575000,,,,,116,64,37,19,33,31,10,2,4,61,33,17,13,13,15,6,0,3
83641,2026-04-10 00:54:29,3,3,2,attack,attack,goldSack,gold,1,false,100000,51111683341831,248182,5,5,1,11,2,0,0,0,0,127280,300000,52,0,42.4,bonus_bs15_gae3_no,100,2575000,LongExtraDayReduced,,,"{""slot_on_"":""11269\/55000@m24""}",117,66,37,19,33,31,10,2,4,62,35,17,13,13,15,6,0,3
83642,2026-04-10 00:54:30,3,4,2,attack,steal,goldSack,gold,1,false,100000,51111683541831,248181,5,5,1,11,1,1,0,0,0,127280,300000,52,0,42.4,bonus_bs15_gae3_no,100,2575000,,,,,118,67,38,19,33,31,10,2,4,63,36,18,13,13,15,6,0,3
83643,2026-04-10 00:54:32,30,2,2,accumulation,goldSack,goldSack,gold,1,false,150000,51111683841831,248180,5,5,1,11,0,0,0,0,1,127281,300000,52,1,42.4,bonus_bs15_gae3_no,100,2575000,,LongExtraDayReduced,LongExtraDayReduced,"{""slot_on_"":""11271\/55000@m24""}",119,67,38,19,33,32,10,2,4,64,36,18,13,13,16,6,0,3
83644,2026-04-10 00:54:33,1,4,6,coin,steal,spins,gold,1,false,25000,51111683891831,248179,5,5,1,11,0,1,0,1,0,127281,300000,52,0,42.4,bonus_bs15_gae3_no,100,2575000,,,,,120,67,39,19,34,32,10,2,4,65,36,19,13,14,16,6,0,3
83645,2026-04-10 00:54:35,3,6,2,attack,spins,goldSack,gold,1,false,100000,51111684091831,248178,5,5,1,11,1,0,0,1,0,127281,300000,52,0,42.4,bonus_bs15_gae3_no,100,2575000,LongExtraDayReduced,,,"{""slot_on_"":""11272\/55000@m24"",""e190af25"":""11010\/50000@m18""}",121,68,39,19,35,32,10,2,4,66,37,19,13,15,16,6,0,3
83646,2026-04-10 00:54:36,1,1,1,coin,coin,coin,gold,1,true,250000,51111684591831,248177,5,5,1,11,0,0,0,0,0,127281,300000,52,0,42.4,bonus_bs15_gae3_no,100,2575000,,,,,122,68,39,19,35,32,10,2,4,67,37,19,13,15,16,6,0,3
83647,2026-04-10 00:54:37,30,2,2,accumulation,goldSack,goldSack,gold,1,false,150000,51111684891831,248176,5,5,1,11,0,0,0,0,1,127282,300000,52,1,42.4,bonus_bs15_gae3_no,100,2575000,,,,,123,68,39,19,35,33,10,2,4,68,37,19,13,15,17,6,0,3
83648,2026-04-10 00:54:38,3,4,2,attack,steal,goldSack,gold,1,false,100000,51111685091831,248175,5,5,1,11,1,1,0,0,0,127282,300000,52,0,42.4,bonus_bs15_gae3_no,100,2575000,,,,"{""e190af25"":""11012\/50000@m18""}",124,69,40,19,35,33,10,2,4,69,38,20,13,15,17,6,0,3
83649,2026-04-10 00:54:39,30,2,2,accumulation,goldSack,goldSack,gold,1,false,150000,51111685391831,248174,5,5,1,11,0,0,0,0,1,127283,300000,52,1,42.4,bonus_bs15_gae3_no,100,2575000,,,,,125,69,40,19,35,34,10,2,4,70,38,20,13,15,18,6,0,3
83650,2026-04-10 00:54:40,3,4,2,attack,steal,goldSack,gold,1,false,100000,51111685591831,248173,5,5,1,11,1,1,0,0,0,127283,300000,52,0,42.4,bonus_bs15_gae3_no,100,2575000,LongExtraDayReduced,,LongExtraDayReduced,"{""slot_on_"":""11274\/55000@m24""}",126,70,41,19,35,34,10,2,4,71,39,21,13,15,18,6,0,3
83651,2026-04-10 00:54:41,30,30,1,accumulation,accumulation,coin,gold,1,false,25000,51111685641831,248172,5,5,1,11,0,0,0,0,2,127285,300000,52,2,42.4,bonus_bs15_gae3_no,100,2575000,,,,,127,70,41,19,35,36,10,2,4,72,39,21,13,15,20,6,0,3
83652,2026-04-10 00:54:43,30,2,2,accumulation,goldSack,goldSack,gold,1,false,150000,51111685941831,248171,5,5,1,11,0,0,0,0,1,127286,300000,52,1,42.4,bonus_bs15_gae3_no,100,2575000,,,,,128,70,41,19,35,37,10,2,4,73,39,21,13,15,21,6,0,3
83653,2026-04-10 00:54:45,30,2,2,accumulation,goldSack,goldSack,gold,1,false,150000,51111686241831,248170,5,5,1,11,0,0,0,0,1,127287,300000,52,1,42.4,bonus_bs15_gae3_no,100,2575000,,LongExtraDayReduced,,"{""slot_on_"":""11275\/55000@m24"",""bffc7787"":""25894\/38000@m9""}",129,70,41,19,35,38,10,2,4,74,39,21,13,15,22,6,0,3
83654,2026-04-10 00:54:48,3,1,1,attack,coin,coin,gold,1,false,75000000,51111836241831,246670,5,5,1500,11,1,0,0,0,0,127287,300000,52,0,42.4,bonus_bs15_gae3_no,100,2575000,,,,,130,71,41,19,35,38,10,2,4,75,40,21,13,15,22,6,0,3
83655,2026-04-10 00:54:50,5,2,2,shield,goldSack,goldSack,gold,1,false,225000000,51112286241831,245170,5,5,1500,11,0,0,1,0,0,127287,300000,52,0,42.4,bonus_bs15_gae3_no,100,2575000,,,,,131,71,41,20,35,38,10,2,4,76,40,21,14,15,22,6,0,3
83656,2026-04-10 00:54:51,3,1,1,attack,coin,coin,gold,1,false,75000000,51112436241831,243670,5,5,1500,11,1,0,0,0,0,127287,300000,52,0,42.4,bonus_bs15_gae3_no,100,2575000,,,,,132,72,41,20,35,38,10,2,4,77,41,21,14,15,22,6,0,3
83657,2026-04-10 00:54:52,1,1,1,coin,coin,coin,gold,1,true,375000000,51113186241831,242170,5,5,1500,11,0,0,0,0,0,127287,300000,52,0,42.4,bonus_bs15_gae3_no,100,2575000,,,LongExtraDayReduced,"{""slot_on_"":""12775\/55000@m24""}",133,72,41,20,35,38,10,2,4,78,41,21,14,15,22,6,0,3
83658,2026-04-10 00:54:53,3,3,2,attack,attack,goldSack,gold,1,false,150000000,51113486241831,240670,5,5,1500,11,2,0,0,0,0,127287,300000,52,0,42.4,bonus_bs15_gae3_no,100,2575000,,LongExtraDayReduced,,"{""slot_on_"":""14275\/55000@m24""}",134,74,41,20,35,38,10,2,4,79,43,21,14,15,22,6,0,3
83659,2026-04-10 00:54:55,3,1,1,attack,coin,coin,gold,1,false,75000000,51113636241831,239170,5,5,1500,11,1,0,0,0,0,127287,300000,52,0,42.4,bonus_bs15_gae3_no,100,2575000,LongExtraDayReduced,,,"{""slot_on_"":""15775\/55000@m24"",""e190af25"":""14012\/50000@m18""}",135,75,41,20,35,38,10,2,4,80,44,21,14,15,22,6,0,3
83660,2026-04-10 00:54:56,1,4,6,coin,steal,spins,gold,1,false,37500000,51113711241831,237670,5,5,1500,11,0,1,0,1,0,127287,300000,52,0,42.4,bonus_bs15_gae3_no,100,2575000,,LongExtraDayReduced,,"{""slot_on_"":""17275\/55000@m24""}",136,75,42,20,36,38,10,2,4,81,44,22,14,16,22,6,0,3
83661,2026-04-10 00:54:57,3,3,3,attack,attack,attack,attack,2,true,0,51113711241831,236170,5,5,1500,11,3,0,0,0,0,127287,300000,52,0,42.4,bonus_bs15_gae3_no,100,2575000,,,LongExtraDayReduced,"{""slot_on_"":""18775\/55000@m24""}",137,78,42,20,36,38,11,2,4,82,47,22,14,16,22,7,0,3
83662,2026-04-10 00:55:01,3,4,2,attack,steal,goldSack,gold,1,false,150000000,51142011241831,234670,5,5,1500,11,1,1,0,0,0,127287,300000,52,0,42.4,bonus_bs15_gae3_no,100,2575000,,,,"{""c5261ecd"":""2597\/4200@m79""}",138,79,43,20,36,38,11,2,4,83,48,23,14,16,22,7,0,3
83663,2026-04-10 00:55:04,30,30,1,accumulation,accumulation,coin,gold,1,false,37500000,51142086241831,233170,5,5,1500,11,0,0,0,0,2,130287,300000,52,3000,43.4,bonus_bs15_gae3_no,100,2575000,,,,"{""e190af25"":""17012\/50000@m18""}",139,79,43,20,36,40,11,2,4,84,48,23,14,16,24,7,0,3
83664,2026-04-10 00:55:06,1,1,1,coin,coin,coin,gold,1,true,375000000,51142836241831,231670,5,5,1500,11,0,0,0,0,0,130287,300000,52,0,43.4,bonus_bs15_gae3_no,100,2575000,,,,,140,79,43,20,36,40,11,2,4,85,48,23,14,16,24,7,0,3
83665,2026-04-10 00:55:07,3,1,1,attack,coin,coin,gold,1,false,75000000,51142986241831,230170,5,5,1500,11,1,0,0,0,0,130287,300000,52,0,43.4,bonus_bs15_gae3_no,100,2575000,,,,,141,80,43,20,36,40,11,2,4,86,49,23,14,16,24,7,0,3
83666,2026-04-10 00:55:08,3,3,2,attack,attack,goldSack,gold,1,false,150000000,51143286241831,228670,5,5,1500,11,2,0,0,0,0,130287,300000,52,0,43.4,bonus_bs15_gae3_no,100,2575000,LongExtraDayReduced,LongExtraDayReduced,LongExtraDayReduced,"{""slot_on_"":""26275\/55000@m24""}",142,82,43,20,36,40,11,2,4,87,51,23,14,16,24,7,0,3
83667,2026-04-10 00:55:09,1,1,1,coin,coin,coin,gold,1,true,375000000,51144036241831,227170,5,5,1500,11,0,0,0,0,0,130287,300000,52,0,43.4,bonus_bs15_gae3_no,100,2575000,,,,,143,82,43,20,36,40,11,2,4,88,51,23,14,16,24,7,0,3
83668,2026-04-10 00:55:10,4,6,2,steal,spins,goldSack,gold,1,false,150000000,51144336241831,225670,5,5,1500,11,0,1,0,1,0,130287,300000,52,0,43.4,bonus_bs15_gae3_no,100,2575000,,,,"{""bffc7787"":""27394\/38000@m9""}",144,82,44,20,37,40,11,2,4,89,51,24,14,17,24,7,0,3
83669,2026-04-10 00:55:12,1,4,6,coin,steal,spins,gold,1,false,25000,51144336291831,225669,5,5,1,11,0,1,0,1,0,130287,300000,52,0,43.4,bonus_bs15_gae3_no,100,2575000,,,,,145,82,45,20,38,40,11,2,4,90,51,25,14,18,24,7,0,3
83670,2026-04-10 00:55:13,1,5,5,coin,shield,shield,gold,1,false,25000,51144336341831,225668,5,5,1,11,0,0,2,0,0,130287,300000,52,0,43.4,bonus_bs15_gae3_no,100,2575000,,,,,146,82,45,22,38,40,11,2,4,91,51,25,16,18,24,7,0,3
83671,2026-04-10 00:55:14,1,6,6,coin,spins,spins,gold,1,false,25000,51144336391831,225667,5,5,1,11,0,0,0,2,0,130287,300000,52,0,43.4,bonus_bs15_gae3_no,100,2575000,,,,,147,82,45,22,40,40,11,2,4,92,51,25,16,20,24,7,0,3
83672,2026-04-10 00:55:15,1,1,1,coin,coin,coin,gold,1,true,250000,51144336891831,225666,5,5,1,11,0,0,0,0,0,130287,300000,52,0,43.4,bonus_bs15_gae3_no,100,2575000,,,,,148,82,45,22,40,40,11,2,4,93,51,25,16,20,24,7,0,3
83673,2026-04-10 00:55:16,30,2,2,accumulation,goldSack,goldSack,gold,1,false,150000,51144337041831,225665,5,5,1,11,0,0,0,0,1,130288,300000,52,1,43.4,bonus_bs15_gae3_no,100,2575000,,,,,149,82,45,22,40,41,11,2,4,94,51,25,16,20,25,7,0,3
83674,2026-04-10 00:55:17,2,2,2,goldSack,goldSack,goldSack,gold,1,true,2200000,51144339241831,225664,5,5,1,11,0,0,0,0,0,130288,300000,52,0,43.4,bonus_bs15_gae3_no,100,2575000,,,,,150,82,45,22,40,41,11,2,4,95,51,25,16,20,25,7,0,3
83675,2026-04-10 00:55:18,30,30,1,accumulation,accumulation,coin,gold,1,false,25000,51144339266831,225663,5,5,1,11,0,0,0,0,2,130290,300000,52,2,43.4,bonus_bs15_gae3_no,100,2575000,,,,"{""bffc7787"":""27395\/38000@m9""}",151,82,45,22,40,43,11,2,4,96,51,25,16,20,27,7,0,3
83676,2026-04-10 00:55:19,30,2,2,accumulation,goldSack,goldSack,gold,1,false,150000,51144339416831,225662,5,5,1,11,0,0,0,0,1,130291,300000,52,1,43.4,bonus_bs15_gae3_no,100,2575000,,,,"{""c5261ecd"":""2599\/4200@m79""}",152,82,45,22,40,44,11,2,4,97,51,25,16,20,28,7,0,3
83677,2026-04-10 00:55:21,4,6,2,steal,spins,goldSack,gold,1,false,100000,51144339516831,225661,5,5,1,11,0,1,0,1,0,130291,300000,52,0,43.4,bonus_bs15_gae3_no,100,2575000,,LongExtraDayReduced,,"{""slot_on_"":""26276\/55000@m24""}",153,82,46,22,41,44,11,2,4,98,51,26,16,21,28,7,0,3
83678,2026-04-10 00:55:22,30,2,2,accumulation,goldSack,goldSack,gold,1,false,150000,51144339666831,225660,5,5,1,11,0,0,0,0,1,130292,300000,52,1,43.4,bonus_bs15_gae3_no,100,2575000,,,,,154,82,46,22,41,45,11,2,4,99,51,26,16,21,29,7,0,3
83679,2026-04-10 00:55:23,30,2,2,accumulation,goldSack,goldSack,gold,1,false,150000,51144339816831,225659,5,5,1,11,0,0,0,0,1,130293,300000,52,1,43.4,bonus_bs15_gae3_no,100,2575000,LongExtraDayReduced,LongExtraDayReduced,,"{""slot_on_"":""26278\/55000@m24""}",155,82,46,22,41,46,11,2,4,100,51,26,16,21,30,7,0,3
83680,2026-04-10 00:55:26,5,2,2,shield,goldSack,goldSack,gold,1,false,60000000,51144399816831,225259,5,5,400,11,0,0,1,0,0,130293,300000,52,0,43.4,bonus_bs15_gae3_no,100,2575000,,,,,156,82,46,23,41,46,11,2,4,101,51,26,17,21,30,7,0,3
83681,2026-04-10 00:55:27,30,30,1,accumulation,accumulation,coin,gold,1,false,10000000,51144409816831,224859,5,5,400,11,0,0,0,0,2,131093,300000,52,800,43.7,bonus_bs15_gae3_no,100,2575000,,,,,157,82,46,23,41,48,11,2,4,102,51,26,17,21,32,7,0,3
83682,2026-04-10 00:55:28,1,1,1,coin,coin,coin,gold,1,true,100000000,51144509816831,224459,5,5,400,11,0,0,0,0,0,131093,300000,52,0,43.7,bonus_bs15_gae3_no,100,2575000,,,,,158,82,46,23,41,48,11,2,4,103,51,26,17,21,32,7,0,3
83683,2026-04-10 00:55:29,3,6,2,attack,spins,goldSack,gold,1,false,40000000,51144549816831,224059,5,5,400,11,1,0,0,1,0,131093,300000,52,0,43.7,bonus_bs15_gae3_no,100,2575000,,,LongExtraDayReduced,"{""slot_on_"":""26678\/55000@m24""}",159,83,46,23,42,48,11,2,4,104,52,26,17,22,32,7,0,3
83684,2026-04-10 00:55:30,30,2,2,accumulation,goldSack,goldSack,gold,1,false,60000000,51144609816831,223659,5,5,400,11,0,0,0,0,1,131493,300000,52,400,43.8,bonus_bs15_gae3_no,100,2575000,,,,"{""e190af25"":""17812\/50000@m18""}",160,83,46,23,42,49,11,2,4,105,52,26,17,22,33,7,0,3
83685,2026-04-10 00:55:31,2,2,2,goldSack,goldSack,goldSack,gold,1,true,880000000,51145489816831,223259,5,5,400,11,0,0,0,0,0,131493,300000,52,0,43.8,bonus_bs15_gae3_no,100,2575000,,,,,161,83,46,23,42,49,11,2,4,106,52,26,17,22,33,7,0,3
83686,2026-04-10 00:55:32,3,3,2,attack,attack,goldSack,gold,1,false,40000000,51145529816831,222859,5,5,400,11,2,0,0,0,0,131493,300000,52,0,43.8,bonus_bs15_gae3_no,100,2575000,,,LongExtraDayReduced,"{""slot_on_"":""27078\/55000@m24"",""c5261ecd"":""3399\/4200@m79""}",162,85,46,23,42,49,11,2,4,107,54,26,17,22,33,7,0,3
83687,2026-04-10 00:55:34,30,30,1,accumulation,accumulation,coin,gold,1,false,10000000,51145539816831,222459,5,5,400,11,0,0,0,0,2,132293,300000,52,800,44.1,bonus_bs15_gae3_no,100,2575000,,,,,163,85,46,23,42,51,11,2,4,108,54,26,17,22,35,7,0,3
83688,2026-04-10 00:55:35,1,6,6,coin,spins,spins,gold,1,false,10000000,51145549816831,222059,5,5,400,11,0,0,0,2,0,132293,300000,52,0,44.1,bonus_bs15_gae3_no,100,2575000,,,,,164,85,46,23,44,51,11,2,4,109,54,26,17,24,35,7,0,3
83689,2026-04-10 00:55:36,3,4,2,attack,steal,goldSack,gold,1,false,40000000,51145589816831,221659,5,5,400,11,1,1,0,0,0,132293,300000,52,0,44.1,bonus_bs15_gae3_no,100,2575000,,,LongExtraDayReduced,"{""slot_on_"":""27478\/55000@m24""}",165,86,47,23,44,51,11,2,4,110,55,27,17,24,35,7,0,3
83690,2026-04-10 00:55:37,1,1,1,coin,coin,coin,gold,1,true,100000000,51145689816831,221259,5,5,400,11,0,0,0,0,0,132293,300000,52,0,44.1,bonus_bs15_gae3_no,100,2575000,,,,"{""bffc7787"":""27795\/38000@m9""}",166,86,47,23,44,51,11,2,4,111,55,27,17,24,35,7,0,3
83691,2026-04-10 00:55:38,3,1,1,attack,coin,coin,gold,1,false,20000000,51145709816831,220859,5,5,400,11,1,0,0,0,0,132293,300000,52,0,44.1,bonus_bs15_gae3_no,100,2575000,,,,,167,87,47,23,44,51,11,2,4,112,56,27,17,24,35,7,0,3
83692,2026-04-10 00:55:39,5,5,5,shield,shield,shield,shield,3,true,400,51145709816831,220859,5,5,400,11,0,0,3,0,0,132293,300000,52,0,44.1,bonus_bs15_gae3_no,100,2575000,,,,,168,87,47,26,44,51,11,2,5,113,56,27,20,24,35,7,0,4
83693,2026-04-10 00:55:40,30,2,2,accumulation,goldSack,goldSack,gold,1,false,60000000,51145769816831,220459,5,5,400,11,0,0,0,0,1,132693,300000,52,400,44.2,bonus_bs15_gae3_no,100,2575000,,LongExtraDayReduced,,"{""slot_on_"":""27878\/55000@m24""}",169,87,47,26,44,52,11,2,5,114,56,27,20,24,36,7,0,4
83694,2026-04-10 00:55:41,3,4,2,attack,steal,goldSack,gold,1,false,40000000,51145809816831,220059,5,5,400,11,1,1,0,0,0,132693,300000,52,0,44.2,bonus_bs15_gae3_no,100,2575000,,,,,170,88,48,26,44,52,11,2,5,115,57,28,20,24,36,7,0,4
83695,2026-04-10 00:55:43,3,3,3,attack,attack,attack,attack,2,true,0,51145809816831,219659,5,5,400,11,3,0,0,0,0,132693,300000,52,0,44.2,bonus_bs15_gae3_no,100,2575000,,,,,171,91,48,26,44,52,12,2,5,116,60,28,20,24,36,8,0,4
83696,2026-04-10 00:55:47,3,3,3,attack,attack,attack,attack,2,true,0,51157009816831,219259,5,5,400,11,3,0,0,0,0,132693,300000,52,0,44.2,bonus_bs15_gae3_no,100,2575000,,,,,172,94,48,26,44,52,13,2,5,117,63,28,20,24,36,9,0,4
83697,2026-04-10 00:55:51,30,2,2,accumulation,goldSack,goldSack,gold,1,false,60000000,51160765816831,218859,5,5,400,11,0,0,0,0,1,133093,300000,52,400,44.4,bonus_bs15_gae3_no,100,2575000,,,,"{""e190af25"":""18612\/50000@m18""}",173,94,48,26,44,53,13,2,5,118,63,28,20,24,37,9,0,4
83698,2026-04-10 00:55:52,1,6,6,coin,spins,spins,gold,1,false,10000000,51160775816831,218459,5,5,400,11,0,0,0,2,0,133093,300000,52,0,44.4,bonus_bs15_gae3_no,100,2575000,,,,,174,94,48,26,46,53,13,2,5,119,63,28,20,26,37,9,0,4
83699,2026-04-10 00:55:53,2,2,2,goldSack,goldSack,goldSack,gold,1,true,880000000,51161655816831,218059,5,5,400,11,0,0,0,0,0,133093,300000,52,0,44.4,bonus_bs15_gae3_no,100,2575000,,,,,175,94,48,26,46,53,13,2,5,120,63,28,20,26,37,9,0,4
83700,2026-04-10 00:55:54,5,5,5,shield,shield,shield,shield,3,true,400,51161655816831,218059,5,5,400,11,0,0,3,0,0,133093,300000,52,0,44.4,bonus_bs15_gae3_no,100,2575000,,,,"{""e190af25"":""19412\/50000@m18"",""bffc7787"":""28195\/38000@m9""}",176,94,48,29,46,53,13,2,6,121,63,28,23,26,37,9,0,5
83701,2026-04-10 00:55:56,4,4,4,steal,steal,steal,steal,4,true,0,51161655816831,217659,5,5,400,11,0,3,0,0,0,133093,300000,52,0,44.4,bonus_bs15_gae3_no,100,2575000,LongExtraDayReduced,,,"{""slot_on_"":""28278\/55000@m24""}",177,94,51,29,46,53,13,3,6,122,63,31,23,26,37,9,1,5
83702,2026-04-10 00:56:03,3,1,1,attack,coin,coin,gold,1,false,20000000,51326350592831,217259,5,5,400,11,1,0,0,0,0,133093,300000,52,0,44.4,bonus_bs15_gae3_no,100,2575000,,LongExtraDayReduced,,"{""slot_on_"":""28678\/55000@m24""}",178,95,51,29,46,53,13,3,6,123,64,31,23,26,37,9,1,5
83703,2026-04-10 00:56:04,30,30,3,accumulation,accumulation,attack,gold,6,false,0,51326350592831,216859,5,5,400,11,1,0,0,0,2,133893,300000,52,800,44.6,bonus_bs15_gae3_no,100,2575000,,,,,179,96,51,29,46,55,13,3,6,124,65,31,23,26,39,9,1,5
83704,2026-04-10 00:56:05,1,1,1,coin,coin,coin,gold,1,true,100000000,51326450592831,216459,5,5,400,11,0,0,0,0,0,133893,300000,52,0,44.6,bonus_bs15_gae3_no,100,2575000,,,,,180,96,51,29,46,55,13,3,6,125,65,31,23,26,39,9,1,5
83705,2026-04-10 00:56:06,30,2,2,accumulation,goldSack,goldSack,gold,1,false,60000000,51326510592831,216059,5,5,400,11,0,0,0,0,1,134293,300000,52,400,44.8,bonus_bs15_gae3_no,100,2575000,,,,,181,96,51,29,46,56,13,3,6,126,65,31,23,26,40,9,1,5
83706,2026-04-10 00:56:07,1,1,4,coin,coin,steal,gold,1,false,20000000,51326530592831,215659,5,5,400,11,0,1,0,0,0,134293,300000,52,0,44.8,bonus_bs15_gae3_no,100,2575000,,,,,182,96,52,29,46,56,13,3,6,127,65,32,23,26,40,9,1,5
83707,2026-04-10 00:56:08,1,1,1,coin,coin,coin,gold,1,true,100000000,51326630592831,215259,5,5,400,11,0,0,0,0,0,134293,300000,52,0,44.8,bonus_bs15_gae3_no,100,2575000,,,,"{""c5261ecd"":""4199\/4200@m79""}",183,96,52,29,46,56,13,3,6,128,65,32,23,26,40,9,1,5
83708,2026-04-10 00:56:09,2,2,2,goldSack,goldSack,goldSack,gold,1,true,880000000,51327510592831,214859,5,5,400,11,0,0,0,0,0,134293,300000,52,0,44.8,bonus_bs15_gae3_no,100,2575000,,LongExtraDayReduced,,"{""slot_on_"":""29078\/55000@m24""}",184,96,52,29,46,56,13,3,6,129,65,32,23,26,40,9,1,5
83709,2026-04-10 00:56:10,4,4,4,steal,steal,steal,steal,4,true,0,51327510592831,214459,5,5,400,11,0,3,0,0,0,134293,300000,52,0,44.8,bonus_bs15_gae3_no,100,2575000,,,,,185,96,55,29,46,56,13,4,6,130,65,35,23,26,40,9,2,5
83710,2026-04-10 00:56:18,30,2,2,accumulation,goldSack,goldSack,gold,1,false,60000000,51462365992831,214059,5,5,400,11,0,0,0,0,1,134693,300000,52,400,44.9,bonus_bs15_gae3_no,100,2575000,LongExtraDayReduced,LongExtraDayReduced,,"{""slot_on_"":""29878\/55000@m24""}",186,96,55,29,46,57,13,4,6,131,65,35,23,26,41,9,2,5
83711,2026-04-10 00:56:19,1,4,6,coin,steal,spins,gold,1,false,10000000,51462375992831,213659,5,5,400,11,0,1,0,1,0,134693,300000,52,0,44.9,bonus_bs15_gae3_no,100,2575000,,,,,187,96,56,29,47,57,13,4,6,132,65,36,23,27,41,9,2,5
83712,2026-04-10 00:56:20,30,30,1,accumulation,accumulation,coin,gold,1,false,10000000,51462385992831,213259,5,5,400,11,0,0,0,0,2,135493,300000,52,800,45.2,bonus_bs15_gae3_no,100,2575000,,,,,188,96,56,29,47,59,13,4,6,133,65,36,23,27,43,9,2,5
83713,2026-04-10 00:56:22,1,1,1,coin,coin,coin,gold,1,true,100000000,51462485992831,212859,5,5,400,11,0,0,0,0,0,135493,300000,52,0,45.2,bonus_bs15_gae3_no,100,2575000,,,,,189,96,56,29,47,59,13,4,6,134,65,36,23,27,43,9,2,5
83714,2026-04-10 00:56:23,3,6,2,attack,spins,goldSack,gold,1,false,40000000,51462525992831,212459,5,5,400,11,1,0,0,1,0,135493,300000,52,0,45.2,bonus_bs15_gae3_no,100,2575000,,,,,190,97,56,29,48,59,13,4,6,135,66,36,23,28,43,9,2,5
83715,2026-04-10 00:56:24,1,4,4,coin,steal,steal,gold,1,false,10000000,51462535992831,212059,5,5,400,11,0,2,0,0,0,135493,300000,52,0,45.2,bonus_bs15_gae3_no,100,2575000,,LongExtraDayReduced,,"{""slot_on_"":""30278\/55000@m24""}",191,97,58,29,48,59,13,4,6,136,66,38,23,28,43,9,2,5
83716,2026-04-10 00:56:26,1,1,1,coin,coin,coin,gold,1,true,375000000,51462910992831,210559,5,5,1500,11,0,0,0,0,0,135493,300000,52,0,45.2,bonus_bs15_gae3_no,100,2575000,,,,"{""e190af25"":""22412\/50000@m18""}",192,97,58,29,48,59,13,4,6,137,66,38,23,28,43,9,2,5
83717,2026-04-10 00:56:26,30,2,2,accumulation,goldSack,goldSack,gold,1,false,225000000,51463135992831,209059,5,5,1500,11,0,0,0,0,1,136993,300000,52,1500,45.7,bonus_bs15_gae3_no,100,2575000,,,,,193,97,58,29,48,60,13,4,6,138,66,38,23,28,44,9,2,5
83718,2026-04-10 00:56:28,1,4,6,coin,steal,spins,gold,1,false,37500000,51463173492831,207559,5,5,1500,11,0,1,0,1,0,136993,300000,52,0,45.7,bonus_bs15_gae3_no,100,2575000,,,,"{""bffc7787"":""29695\/38000@m9""}",194,97,59,29,49,60,13,4,6,139,66,39,23,29,44,9,2,5
83719,2026-04-10 00:56:29,3,3,3,attack,attack,attack,attack,2,true,0,51463173492831,206059,5,5,1500,11,3,0,0,0,0,136993,300000,52,0,45.7,bonus_bs15_gae3_no,100,2575000,,,,,195,100,59,29,49,60,14,4,6,140,69,39,23,29,44,10,2,5
83720,2026-04-10 00:56:32,1,6,6,coin,spins,spins,gold,1,false,37500000,51505210992831,204559,5,5,1500,11,0,0,0,2,0,136993,300000,52,0,45.7,bonus_bs15_gae3_no,100,2575000,,,,,196,100,59,29,51,60,14,4,6,141,69,39,23,31,44,10,2,5
83721,2026-04-10 00:56:34,4,6,2,steal,spins,goldSack,gold,1,false,100000,51505211092831,204558,5,5,1,11,0,1,0,1,0,136993,300000,52,0,45.7,bonus_bs15_gae3_no,100,2575000,,,,,197,100,60,29,52,60,14,4,6,142,69,40,23,32,44,10,2,5
83722,2026-04-10 00:56:35,30,2,2,accumulation,goldSack,goldSack,gold,1,false,150000,51505211242831,204557,5,5,1,11,0,0,0,0,1,136994,300000,52,1,45.7,bonus_bs15_gae3_no,100,2575000,,,,,198,100,60,29,52,61,14,4,6,143,69,40,23,32,45,10,2,5
83723,2026-04-10 00:56:37,3,3,3,attack,attack,attack,attack,2,true,0,51505211242831,204556,5,5,1,11,3,0,0,0,0,136994,300000,52,0,45.7,bonus_bs15_gae3_no,100,2575000,,,,,199,103,60,29,52,61,15,4,6,144,72,40,23,32,45,11,2,5
83724,2026-04-10 00:56:40,3,4,2,attack,steal,goldSack,gold,1,false,100000,51505239342831,204555,5,5,1,11,1,1,0,0,0,136994,300000,52,0,45.7,bonus_bs15_gae3_no,100,2575000,,,,,200,104,61,29,52,61,15,4,6,145,73,41,23,32,45,11,2,5
83725,2026-04-10 00:56:41,5,5,5,shield,shield,shield,shield,3,true,1,51505239342831,204555,5,5,1,11,0,0,3,0,0,136994,300000,52,0,45.7,bonus_bs15_gae3_no,100,2575000,,LongExtraDayReduced,,"{""slot_on_"":""30279\/55000@m24""}",201,104,61,32,52,61,15,4,7,146,73,41,26,32,45,11,2,6
83726,2026-04-10 00:56:42,1,1,1,coin,coin,coin,gold,1,true,250000,51505239592831,204554,5,5,1,11,0,0,0,0,0,136994,300000,52,0,45.7,bonus_bs15_gae3_no,100,2575000,,,,,202,104,61,32,52,61,15,4,7,147,73,41,26,32,45,11,2,6
83727,2026-04-10 00:56:43,3,3,3,attack,attack,attack,attack,2,true,0,51505239592831,204553,5,5,1,11,3,0,0,0,0,136994,300000,52,0,45.7,bonus_bs15_gae3_no,100,2575000,,,,,203,107,61,32,52,61,16,4,7,148,76,41,26,32,45,12,2,6
83728,2026-04-10 00:56:46,4,6,2,steal,spins,goldSack,gold,1,false,100000,51505165477831,204552,5,5,1,11,0,1,0,1,0,136994,300000,52,0,45.7,bonus_bs15_gae3_no,100,2575000,,,LongExtraDayReduced,"{""slot_on_"":""30280\/55000@m24""}",204,107,62,32,53,61,16,4,7,149,76,42,26,33,45,12,2,6
83729,2026-04-10 00:56:47,30,2,2,accumulation,goldSack,goldSack,gold,1,false,150000,51505165627831,204551,5,5,1,11,0,0,0,0,1,136995,300000,52,1,45.7,bonus_bs15_gae3_no,100,2575000,,,,"{""c5261ecd"":""1\/4200@m80""}",205,107,62,32,53,62,16,4,7,150,76,42,26,33,46,12,2,6
83730,2026-04-10 00:56:50,3,3,1,attack,attack,coin,gold,1,false,25000,51505165652831,204550,5,5,1,11,2,0,0,0,0,136995,300000,52,0,45.7,bonus_bs15_gae3_no,100,2575000,,,,,206,109,62,32,53,62,16,4,7,151,78,42,26,33,46,12,2,6
83731,2026-04-10 00:56:51,3,3,1,attack,attack,coin,gold,1,false,25000,51505165677831,204549,5,5,1,11,2,0,0,0,0,136995,300000,52,0,45.7,bonus_bs15_gae3_no,100,2575000,,,,,207,111,62,32,53,62,16,4,7,152,80,42,26,33,46,12,2,6
83732,2026-04-10 00:56:54,3,4,2,attack,steal,goldSack,gold,1,false,150000000,51505315677831,203049,5,5,1500,11,1,1,0,0,0,136995,300000,52,0,45.7,bonus_bs15_gae3_no,100,2575000,,,,"{""e190af25"":""25412\/50000@m18""}",208,112,63,32,53,62,16,4,7,153,81,43,26,33,46,12,2,6
83733,2026-04-10 00:56:55,1,4,6,coin,steal,spins,gold,1,false,37500000,51505353177831,201549,5,5,1500,11,0,1,0,1,0,136995,300000,52,0,45.7,bonus_bs15_gae3_no,100,2575000,,,,,209,112,64,32,54,62,16,4,7,154,81,44,26,34,46,12,2,6
83734,2026-04-10 00:56:56,3,4,2,attack,steal,goldSack,gold,1,false,150000000,51505503177831,200049,5,5,1500,11,1,1,0,0,0,136995,300000,52,0,45.7,bonus_bs15_gae3_no,100,2575000,,,,,210,113,65,32,54,62,16,4,7,155,82,45,26,34,46,12,2,6
83735,2026-04-10 00:56:57,30,30,30,accumulation,accumulation,accumulation,gold,10,true,0,51505503177831,198549,5,5,1500,11,0,0,0,0,3,151995,300000,52,15000,50.7,bonus_bs15_gae3_no,100,2575000,,,,"{""e190af25"":""28412\/50000@m18""}",211,113,65,32,54,65,16,4,7,156,82,45,26,34,49,12,2,6
83736,2026-04-10 17:36:40,3,3,3,attack,attack,attack,attack,2,true,0,51508738356402,250978,5,5,1,11,3,0,0,0,0,151995,300000,52,0,50.7,bonus_bs15_gae3_no,100,2575000,LongExtraDayReduced,,,"{""slot_on_"":""30281\/55000@m24""}",1,3,0,0,0,0,1,0,0,157,85,45,26,34,49,13,2,6
83737,2026-04-10 17:36:46,3,4,2,attack,steal,goldSack,gold,1,false,100000,51508756936402,250977,5,5,1,11,1,1,0,0,0,151995,300000,52,0,50.7,bonus_bs15_gae3_no,100,2575000,,,,"{""bffc7787"":""29696\/38000@m9""}",2,4,1,0,0,0,1,0,0,158,86,46,26,34,49,13,2,6
83738,2026-04-10 17:36:47,3,4,2,attack,steal,goldSack,gold,1,false,100000,51508757036402,250976,5,5,1,11,1,1,0,0,0,151995,300000,52,0,50.7,bonus_bs15_gae3_no,100,2575000,,,,,3,5,2,0,0,0,1,0,0,159,87,47,26,34,49,13,2,6
83739,2026-04-10 17:36:48,2,2,2,goldSack,goldSack,goldSack,gold,1,true,2200000,51508759236402,250975,5,5,1,11,0,0,0,0,0,151995,300000,52,0,50.7,bonus_bs15_gae3_no,100,2575000,,LongExtraDayReduced,LongExtraDayReduced,"{""slot_on_"":""30283\/55000@m24""}",4,5,2,0,0,0,1,0,0,160,87,47,26,34,49,13,2,6
83740,2026-04-10 17:36:49,30,30,1,accumulation,accumulation,coin,gold,1,false,25000,51508759261402,250974,5,5,1,11,0,0,0,0,2,151997,300000,52,2,50.7,bonus_bs15_gae3_no,100,2575000,LongExtraDayReduced,,,"{""slot_on_"":""30284\/55000@m24""}",5,5,2,0,0,2,1,0,0,161,87,47,26,34,51,13,2,6
83741,2026-04-10 17:36:50,3,1,1,attack,coin,coin,gold,1,false,50000,51508759311402,250973,5,5,1,11,1,0,0,0,0,151997,300000,52,0,50.7,bonus_bs15_gae3_no,100,2575000,,LongExtraDayReduced,LongExtraDayReduced,"{""slot_on_"":""30286\/55000@m24""}",6,6,2,0,0,2,1,0,0,162,88,47,26,34,51,13,2,6
83742,2026-04-10 17:36:51,1,4,4,coin,steal,steal,gold,1,false,25000,51508759336402,250972,5,5,1,11,0,2,0,0,0,151997,300000,52,0,50.7,bonus_bs15_gae3_no,100,2575000,,,,"{""e190af25"":""28414\/50000@m18""}",7,6,4,0,0,2,1,0,0,163,88,49,26,34,51,13,2,6
83743,2026-04-10 17:36:52,1,6,6,coin,spins,spins,gold,1,false,25000,51508759361402,250971,5,5,1,11,0,0,0,2,0,151997,300000,52,0,50.7,bonus_bs15_gae3_no,100,2575000,,,,,8,6,4,0,2,2,1,0,0,164,88,49,26,36,51,13,2,6
83744,2026-04-10 17:36:53,2,2,2,goldSack,goldSack,goldSack,gold,1,true,2200000,51508761561402,250970,5,5,1,11,0,0,0,0,0,151997,300000,52,0,50.7,bonus_bs15_gae3_no,100,2575000,,,,,9,6,4,0,2,2,1,0,0,165,88,49,26,36,51,13,2,6
83745,2026-04-10 17:36:54,1,1,1,coin,coin,coin,gold,1,true,250000,51508761811402,250969,5,5,1,11,0,0,0,0,0,151997,300000,52,0,50.7,bonus_bs15_gae3_no,100,2575000,,,LongExtraDayReduced,"{""slot_on_"":""30287\/55000@m24""}",10,6,4,0,2,2,1,0,0,166,88,49,26,36,51,13,2,6
83746,2026-04-10 17:36:54,30,2,2,accumulation,goldSack,goldSack,gold,1,false,150000,51508761961402,250968,5,5,1,11,0,0,0,0,1,151998,300000,52,1,50.7,bonus_bs15_gae3_no,100,2575000,,,,,11,6,4,0,2,3,1,0,0,167,88,49,26,36,52,13,2,6
83747,2026-04-10 17:36:55,1,4,4,coin,steal,steal,gold,1,false,25000,51508761986402,250967,5,5,1,11,0,2,0,0,0,151998,300000,52,0,50.7,bonus_bs15_gae3_no,100,2575000,,,,,12,6,6,0,2,3,1,0,0,168,88,51,26,36,52,13,2,6
83748,2026-04-10 17:36:56,1,6,6,coin,spins,spins,gold,1,false,25000,51508762011402,250966,5,5,1,11,0,0,0,2,0,151998,300000,52,0,50.7,bonus_bs15_gae3_no,100,2575000,,,,,13,6,6,0,4,3,1,0,0,169,88,51,26,38,52,13,2,6
83749,2026-04-10 17:36:57,30,2,2,accumulation,goldSack,goldSack,gold,1,false,150000,51508762161402,250965,5,5,1,11,0,0,0,0,1,151999,300000,52,1,50.7,bonus_bs15_gae3_no,100,2575000,,,,,14,6,6,0,4,4,1,0,0,170,88,51,26,38,53,13,2,6
83750,2026-04-10 17:36:58,2,2,2,goldSack,goldSack,goldSack,gold,1,true,2200000,51508764361402,250964,5,5,1,11,0,0,0,0,0,151999,300000,52,0,50.7,bonus_bs15_gae3_no,100,2575000,,,,,15,6,6,0,4,4,1,0,0,171,88,51,26,38,53,13,2,6
83751,2026-04-10 17:36:58,4,4,4,steal,steal,steal,steal,4,true,0,51508764361402,250963,5,5,1,11,0,3,0,0,0,151999,300000,52,0,50.7,bonus_bs15_gae3_no,100,2575000,,,,"{""c5261ecd"":""3\/4200@m80""}",16,6,9,0,4,4,1,1,0,172,88,54,26,38,53,13,3,6
83752,2026-04-10 17:37:10,3,3,2,attack,attack,goldSack,gold,1,false,100000,51508914766402,250962,5,5,1,11,2,0,0,0,0,151999,300000,52,0,50.7,bonus_bs15_gae3_no,100,2575000,LongExtraDayReduced,LongExtraDayReduced,,"{""slot_on_"":""30289\/55000@m24""}",17,8,9,0,4,4,1,1,0,173,90,54,26,38,53,13,3,6
83753,2026-04-10 17:37:11,30,2,2,accumulation,goldSack,goldSack,gold,1,false,150000,51508914916402,250961,5,5,1,11,0,0,0,0,1,152000,300000,52,1,50.7,bonus_bs15_gae3_no,100,2575000,,,LongExtraDayReduced,"{""slot_on_"":""30290\/55000@m24""}",18,8,9,0,4,5,1,1,0,174,90,54,26,38,54,13,3,6
83754,2026-04-10 17:37:12,2,2,2,goldSack,goldSack,goldSack,gold,1,true,2200000,51508917116402,250960,5,5,1,11,0,0,0,0,0,152000,300000,52,0,50.7,bonus_bs15_gae3_no,100,2575000,,,,,19,8,9,0,4,5,1,1,0,175,90,54,26,38,54,13,3,6
83755,2026-04-10 17:37:12,30,30,1,accumulation,accumulation,coin,gold,1,false,25000,51508917141402,250959,5,5,1,11,0,0,0,0,2,152002,300000,52,2,50.7,bonus_bs15_gae3_no,100,2575000,,,,,20,8,9,0,4,7,1,1,0,176,90,54,26,38,56,13,3,6
83756,2026-04-10 17:37:14,5,5,5,shield,shield,shield,shield,3,true,1,51508917141402,250959,5,5,1,11,0,0,3,0,0,152002,300000,52,0,50.7,bonus_bs15_gae3_no,100,2575000,,,,,21,8,9,3,4,7,1,1,1,177,90,54,29,38,56,13,3,7
83757,2026-04-10 17:37:15,3,3,3,attack,attack,attack,attack,2,true,0,51508917141402,250958,5,5,1,11,3,0,0,0,0,152002,300000,52,0,50.7,bonus_bs15_gae3_no,100,2575000,,,,"{""e190af25"":""28416\/50000@m18""}",22,11,9,3,4,7,2,1,1,178,93,54,29,38,56,14,3,7
83758,2026-04-10 17:37:19,3,1,1,attack,coin,coin,gold,1,false,50000,51508935671402,250957,5,5,1,11,1,0,0,0,0,152002,300000,52,0,50.7,bonus_bs15_gae3_no,100,2575000,,,,"{""bffc7787"":""29697\/38000@m9""}",23,12,9,3,4,7,2,1,1,179,94,54,29,38,56,14,3,7
83759,2026-04-10 17:37:20,3,1,1,attack,coin,coin,gold,1,false,50000,51508935721402,250956,5,5,1,11,1,0,0,0,0,152002,300000,52,0,50.7,bonus_bs15_gae3_no,100,2575000,,,,,24,13,9,3,4,7,2,1,1,180,95,54,29,38,56,14,3,7
83760,2026-04-10 17:37:21,1,1,1,coin,coin,coin,gold,1,true,250000,51508935971402,250955,5,5,1,11,0,0,0,0,0,152002,300000,52,0,50.7,bonus_bs15_gae3_no,100,2575000,,,,,25,13,9,3,4,7,2,1,1,181,95,54,29,38,56,14,3,7
83761,2026-04-10 17:37:22,1,1,6,coin,coin,spins,gold,1,false,50000,51508936021402,250954,5,5,1,11,0,0,0,1,0,152002,300000,52,0,50.7,bonus_bs15_gae3_no,100,2575000,,,,,26,13,9,3,5,7,2,1,1,182,95,54,29,39,56,14,3,7
83762,2026-04-10 17:37:23,3,3,3,attack,attack,attack,attack,2,true,0,51508936021402,250953,5,5,1,11,3,0,0,0,0,152002,300000,52,0,50.7,bonus_bs15_gae3_no,100,2575000,LongExtraDayReduced,,,"{""slot_on_"":""30291\/55000@m24"",""c5261ecd"":""5\/4200@m80""}",27,16,9,3,5,7,3,1,1,183,98,54,29,39,56,15,3,7
83763,2026-04-10 17:37:27,1,4,4,coin,steal,steal,gold,1,false,25000,51508945286402,250952,5,5,1,11,0,2,0,0,0,152002,300000,52,0,50.7,bonus_bs15_gae3_no,100,2575000,LongExtraDayReduced,,LongExtraDayReduced,"{""slot_on_"":""30293\/55000@m24"",""e190af25"":""28418\/50000@m18""}",28,16,11,3,5,7,3,1,1,184,98,56,29,39,56,15,3,7
83764,2026-04-10 17:37:28,30,2,2,accumulation,goldSack,goldSack,gold,1,false,150000,51508945436402,250951,5,5,1,11,0,0,0,0,1,152003,300000,52,1,50.7,bonus_bs15_gae3_no,100,2575000,,,,,29,16,11,3,5,8,3,1,1,185,98,56,29,39,57,15,3,7
83765,2026-04-10 17:37:29,30,30,1,accumulation,accumulation,coin,gold,1,false,25000,51508945461402,250950,5,5,1,11,0,0,0,0,2,152005,300000,52,2,50.7,bonus_bs15_gae3_no,100,2575000,,,,,30,16,11,3,5,10,3,1,1,186,98,56,29,39,59,15,3,7
83766,2026-04-10 17:37:30,2,2,2,goldSack,goldSack,goldSack,gold,1,true,2200000,51508947661402,250949,5,5,1,11,0,0,0,0,0,152005,300000,52,0,50.7,bonus_bs15_gae3_no,100,2575000,,,,,31,16,11,3,5,10,3,1,1,187,98,56,29,39,59,15,3,7
83767,2026-04-10 17:37:30,3,6,2,attack,spins,goldSack,gold,1,false,100000,51508947761402,250948,5,5,1,11,1,0,0,1,0,152005,300000,52,0,50.7,bonus_bs15_gae3_no,100,2575000,,,,"{""bffc7787"":""29698\/38000@m9""}",32,17,11,3,6,10,3,1,1,188,99,56,29,40,59,15,3,7
83768,2026-04-10 17:37:32,3,3,3,attack,attack,attack,attack,2,true,0,51508947761402,250947,5,5,1,11,3,0,0,0,0,152005,300000,52,0,50.7,bonus_bs15_gae3_no,100,2575000,,,,,33,20,11,3,6,10,4,1,1,189,102,56,29,40,59,16,3,7
83769,2026-04-10 17:37:36,3,4,2,attack,steal,goldSack,gold,1,false,100000,51508957101402,250946,5,5,1,11,1,1,0,0,0,152005,300000,52,0,50.7,bonus_bs15_gae3_no,100,2575000,,LongExtraDayReduced,,"{""slot_on_"":""30294\/55000@m24""}",34,21,12,3,6,10,4,1,1,190,103,57,29,40,59,16,3,7
83770,2026-04-10 17:37:36,30,2,2,accumulation,goldSack,goldSack,gold,1,false,150000,51508957251402,250945,5,5,1,11,0,0,0,0,1,152006,300000,52,1,50.7,bonus_bs15_gae3_no,100,2575000,,,,,35,21,12,3,6,11,4,1,1,191,103,57,29,40,60,16,3,7
83771,2026-04-10 17:37:38,1,1,1,coin,coin,coin,gold,1,true,250000,51508957501402,250944,5,5,1,11,0,0,0,0,0,152006,300000,52,0,50.7,bonus_bs15_gae3_no,100,2575000,,,,,36,21,12,3,6,11,4,1,1,192,103,57,29,40,60,16,3,7
83772,2026-04-10 17:37:39,1,4,6,coin,steal,spins,gold,1,false,25000,51508957526402,250943,5,5,1,11,0,1,0,1,0,152006,300000,52,0,50.7,bonus_bs15_gae3_no,100,2575000,,,,,37,21,13,3,7,11,4,1,1,193,103,58,29,41,60,16,3,7
83773,2026-04-10 17:37:40,3,6,2,attack,spins,goldSack,gold,1,false,100000,51508957626402,250942,5,5,1,11,1,0,0,1,0,152006,300000,52,0,50.7,bonus_bs15_gae3_no,100,2575000,LongExtraDayReduced,,,"{""slot_on_"":""30295\/55000@m24""}",38,22,13,3,8,11,4,1,1,194,104,58,29,42,60,16,3,7
83774,2026-04-10 17:37:40,1,6,6,coin,spins,spins,gold,1,false,25000,51508957651402,250941,5,5,1,11,0,0,0,2,0,152006,300000,52,0,50.7,bonus_bs15_gae3_no,100,2575000,LongExtraDayReduced,,,"{""slot_on_"":""30296\/55000@m24""}",39,22,13,3,10,11,4,1,1,195,104,58,29,44,60,16,3,7
83775,2026-04-10 17:37:42,1,4,6,coin,steal,spins,gold,1,false,25000,51508957676402,250940,5,5,1,11,0,1,0,1,0,152006,300000,52,0,50.7,bonus_bs15_gae3_no,100,2575000,,,,,40,22,14,3,11,11,4,1,1,196,104,59,29,45,60,16,3,7
83776,2026-04-10 17:37:42,3,4,2,attack,steal,goldSack,gold,1,false,100000,51508957776402,250939,5,5,1,11,1,1,0,0,0,152006,300000,52,0,50.7,bonus_bs15_gae3_no,100,2575000,,,,,41,23,15,3,11,11,4,1,1,197,105,60,29,45,60,16,3,7
83777,2026-04-10 17:37:43,3,3,2,attack,attack,goldSack,gold,1,false,100000,51508957876402,250938,5,5,1,11,2,0,0,0,0,152006,300000,52,0,50.7,bonus_bs15_gae3_no,100,2575000,,,,,42,25,15,3,11,11,4,1,1,198,107,60,29,45,60,16,3,7
83778,2026-04-10 17:37:45,3,3,2,attack,attack,goldSack,gold,1,false,100000,51508957976402,250937,5,5,1,11,2,0,0,0,0,152006,300000,52,0,50.7,bonus_bs15_gae3_no,100,2575000,,,,,43,27,15,3,11,11,4,1,1,199,109,60,29,45,60,16,3,7
83779,2026-04-10 17:37:46,3,1,1,attack,coin,coin,gold,1,false,50000,51508958026402,250936,5,5,1,11,1,0,0,0,0,152006,300000,52,0,50.7,bonus_bs15_gae3_no,100,2575000,LongExtraDayReduced,LongExtraDayReduced,LongExtraDayReduced,"{""slot_on_"":""30301\/55000@m24""}",44,28,15,3,11,11,4,1,1,200,110,60,29,45,60,16,3,7
83780,2026-04-10 17:37:47,1,4,6,coin,steal,spins,gold,1,false,25000,51508958051402,250935,5,5,1,11,0,1,0,1,0,152006,300000,52,0,50.7,bonus_bs15_gae3_no,100,2575000,,,LongExtraDayReduced,"{""slot_on_"":""30302\/55000@m24""}",45,28,16,3,12,11,4,1,1,201,110,61,29,46,60,16,3,7
83781,2026-04-10 17:37:48,30,2,2,accumulation,goldSack,goldSack,gold,1,false,150000,51508958201402,250934,5,5,1,11,0,0,0,0,1,152007,300000,52,1,50.7,bonus_bs15_gae3_no,100,2575000,,LongExtraDayReduced,,"{""slot_on_"":""30303\/55000@m24""}",46,28,16,3,12,12,4,1,1,202,110,61,29,46,61,16,3,7
83782,2026-04-10 17:37:52,3,6,2,attack,spins,goldSack,gold,1,false,150000000,51509108201402,249434,5,5,1500,11,1,0,0,1,0,152007,300000,52,0,50.7,bonus_bs15_gae3_no,100,2575000,,,,,47,29,16,3,13,12,4,1,1,203,111,61,29,47,61,16,3,7
83783,2026-04-10 17:37:53,3,3,3,attack,attack,attack,attack,2,true,0,51509108201402,247934,5,5,1500,11,3,0,0,0,0,152007,300000,52,0,50.7,bonus_bs15_gae3_no,100,2575000,,LongExtraDayReduced,LongExtraDayReduced,"{""slot_on_"":""33303\/55000@m24""}",48,32,16,3,13,12,5,1,1,204,114,61,29,47,61,17,3,7
83784,2026-04-10 17:38:00,4,4,4,steal,steal,steal,steal,4,true,0,51560108201402,248233,5,5,1,11,0,3,0,0,0,152007,300000,52,0,50.7,bonus_bs15_gae3_no,100,2575000,,LongExtraDayReduced,,"{""e190af25"":""28420\/50000@m18"",""slot_on_"":""33304\/55000@m24"",""c5261ecd"":""7\/4200@m80""}",49,32,19,3,13,12,5,2,1,205,114,64,29,47,61,17,4,7
83785,2026-04-10 17:38:06,1,1,1,coin,coin,coin,gold,1,true,250000,51560185037402,248232,5,5,1,11,0,0,0,0,0,152007,300000,52,0,50.7,bonus_bs15_gae3_no,100,2575000,,,,,50,32,19,3,13,12,5,2,1,206,114,64,29,47,61,17,4,7
83786,2026-04-10 17:38:10,3,6,2,attack,spins,goldSack,gold,1,false,40000000,51560225037402,247832,5,5,400,11,1,0,0,1,0,152007,300000,52,0,50.7,bonus_bs15_gae3_no,100,2575000,,,,,51,33,19,3,14,12,5,2,1,207,115,64,29,48,61,17,4,7
83787,2026-04-10 17:38:12,3,3,3,attack,attack,attack,attack,2,true,0,51560225037402,247432,5,5,400,11,3,0,0,0,0,152007,300000,52,0,50.7,bonus_bs15_gae3_no,100,2575000,,,,,52,36,19,3,14,12,6,2,1,208,118,64,29,48,61,18,4,7
83788,2026-04-10 17:38:19,3,4,2,attack,steal,goldSack,gold,1,false,100000,51563921137402,248231,5,5,1,11,1,1,0,0,0,152007,300000,52,0,50.7,bonus_bs15_gae3_no,100,2575000,,,,"{""bffc7787"":""29699\/38000@m9""}",53,37,20,3,14,12,6,2,1,209,119,65,29,48,61,18,4,7
83789,2026-04-10 17:38:21,2,2,2,goldSack,goldSack,goldSack,gold,1,true,2200000,51563923337402,248230,5,5,1,11,0,0,0,0,0,152007,300000,52,0,50.7,bonus_bs15_gae3_no,100,2575000,,,,,54,37,20,3,14,12,6,2,1,210,119,65,29,48,61,18,4,7
83790,2026-04-10 17:38:22,1,1,1,coin,coin,coin,gold,1,true,250000,51563923587402,248229,5,5,1,11,0,0,0,0,0,152007,300000,52,0,50.7,bonus_bs15_gae3_no,100,2575000,,,,,55,37,20,3,14,12,6,2,1,211,119,65,29,48,61,18,4,7
83791,2026-04-10 17:38:24,1,1,6,coin,coin,spins,gold,1,false,50000,51563923637402,248228,5,5,1,11,0,0,0,1,0,152007,300000,52,0,50.7,bonus_bs15_gae3_no,100,2575000,,,,"{""e190af25"":""28422\/50000@m18""}",56,37,20,3,15,12,6,2,1,212,119,65,29,49,61,18,4,7
83792,2026-04-10 17:38:27,30,2,2,accumulation,goldSack,goldSack,gold,1,false,150000,51563923787402,248227,5,5,1,11,0,0,0,0,1,152008,300000,52,1,50.7,bonus_bs15_gae3_no,100,2575000,,,,,57,37,20,3,15,13,6,2,1,213,119,65,29,49,62,18,4,7
83793,2026-04-10 17:38:33,30,2,2,accumulation,goldSack,goldSack,gold,1,false,225000000,51564148787402,246727,5,5,1500,11,0,0,0,0,1,153508,300000,52,1500,51.2,bonus_bs15_gae3_no,100,2575000,,,LongExtraDayReduced,"{""slot_on_"":""34804\/55000@m24""}",58,37,20,3,15,14,6,2,1,214,119,65,29,49,63,18,4,7
83794,2026-04-10 17:38:41,3,3,3,attack,attack,attack,attack,2,true,0,51564148787402,245227,5,5,1500,11,3,0,0,0,0,153508,300000,52,0,51.2,bonus_bs15_gae3_no,100,2575000,,,,,59,40,20,3,15,14,7,2,1,215,122,65,29,49,63,19,4,7
83795,2026-04-10 17:38:47,4,4,4,steal,steal,steal,steal,4,true,0,51578008787402,245225,5,5,2,11,0,3,0,0,0,153508,300000,52,0,51.2,bonus_bs15_gae3_no,100,2575000,,,,,60,40,23,3,15,14,7,3,1,216,122,68,29,49,63,19,5,7
83796,2026-04-10 17:38:53,1,1,4,coin,coin,steal,gold,1,false,100000,51578091987402,245223,5,5,2,11,0,1,0,0,0,153508,300000,52,0,51.2,bonus_bs15_gae3_no,100,2575000,,,,,61,40,24,3,15,14,7,3,1,217,122,69,29,49,63,19,5,7
83797,2026-04-10 17:38:53,6,6,6,spins,spins,spins,spins,5,true,20,51578091987402,245241,5,5,2,11,0,0,0,3,0,153508,300000,52,0,51.2,bonus_bs15_gae3_no,100,2575000,,,,,62,40,24,3,18,14,7,3,1,218,122,69,29,52,63,19,5,7
83798,2026-04-10 17:38:59,1,1,1,coin,coin,coin,gold,1,true,500000,51578092487402,245239,5,5,2,11,0,0,0,0,0,153508,300000,52,0,51.2,bonus_bs15_gae3_no,100,2575000,,,,,63,40,24,3,18,14,7,3,1,1,0,0,0,0,0,0,0,0
83799,2026-04-10 17:38:59,3,3,2,attack,attack,goldSack,gold,1,false,200000,51578092687402,245237,5,5,2,11,2,0,0,0,0,153508,300000,52,0,51.2,bonus_bs15_gae3_no,100,2575000,,,,,64,42,24,3,18,14,7,3,1,2,2,0,0,0,0,0,0,0
83800,2026-04-10 17:39:00,3,6,2,attack,spins,goldSack,gold,1,false,200000,51578092887402,245235,5,5,2,11,1,0,0,1,0,153508,300000,52,0,51.2,bonus_bs15_gae3_no,100,2575000,,,,,65,43,24,3,19,14,7,3,1,3,3,0,0,1,0,0,0,0
83801,2026-04-10 17:39:01,1,1,4,coin,coin,steal,gold,1,false,100000,51578092987402,245233,5,5,2,11,0,1,0,0,0,153508,300000,52,0,51.2,bonus_bs15_gae3_no,100,2575000,,,LongExtraDayReduced,"{""slot_on_"":""34806\/55000@m24"",""c5261ecd"":""11\/4200@m80""}",66,43,25,3,19,14,7,3,1,4,3,1,0,1,0,0,0,0
83802,2026-04-10 17:39:02,30,2,2,accumulation,goldSack,goldSack,gold,1,false,300000,51578093287402,245231,5,5,2,11,0,0,0,0,1,153510,300000,52,2,51.2,bonus_bs15_gae3_no,100,2575000,,,,,67,43,25,3,19,15,7,3,1,5,3,1,0,1,1,0,0,0
83803,2026-04-10 17:39:03,1,4,4,coin,steal,steal,gold,1,false,50000,51578093337402,245229,5,5,2,11,0,2,0,0,0,153510,300000,52,0,51.2,bonus_bs15_gae3_no,100,2575000,,,,,68,43,27,3,19,15,7,3,1,6,3,3,0,1,1,0,0,0
83804,2026-04-10 17:39:04,30,2,2,accumulation,goldSack,goldSack,gold,1,false,300000,51578093637402,245227,5,5,2,11,0,0,0,0,1,153512,300000,52,2,51.2,bonus_bs15_gae3_no,100,2575000,LongExtraDayReduced,,,"{""slot_on_"":""34808\/55000@m24""}",69,43,27,3,19,16,7,3,1,7,3,3,0,1,2,0,0,0
83805,2026-04-10 17:39:05,3,3,2,attack,attack,goldSack,gold,1,false,200000,51578093837402,245225,5,5,2,11,2,0,0,0,0,153512,300000,52,0,51.2,bonus_bs15_gae3_no,100,2575000,,,,"{""bffc7787"":""29701\/38000@m9""}",70,45,27,3,19,16,7,3,1,8,5,3,0,1,2,0,0,0
83806,2026-04-10 17:39:06,4,4,4,steal,steal,steal,steal,4,true,0,51578093837402,245223,5,5,2,11,0,3,0,0,0,153512,300000,52,0,51.2,bonus_bs15_gae3_no,100,2575000,,,,,71,45,30,3,19,16,7,4,1,9,5,6,0,1,2,0,1,0
83807,2026-04-10 17:39:11,3,3,2,attack,attack,goldSack,gold,1,false,200000,51578436133402,245221,5,5,2,11,2,0,0,0,0,153512,300000,52,0,51.2,bonus_bs15_gae3_no,100,2575000,,,,,72,47,30,3,19,16,7,4,1,10,7,6,0,1,2,0,1,0
83808,2026-04-10 17:39:12,3,1,4,attack,coin,steal,gold,1,false,50000,51578436183402,245219,5,5,2,11,1,1,0,0,0,153512,300000,52,0,51.2,bonus_bs15_gae3_no,100,2575000,,,,,73,48,31,3,19,16,7,4,1,11,8,7,0,1,2,0,1,0
83809,2026-04-10 17:39:12,3,6,2,attack,spins,goldSack,gold,1,false,200000,51578436383402,245217,5,5,2,11,1,0,0,1,0,153512,300000,52,0,51.2,bonus_bs15_gae3_no,100,2575000,,,,"{""e190af25"":""28426\/50000@m18""}",74,49,31,3,20,16,7,4,1,12,9,7,0,2,2,0,1,0
83810,2026-04-10 17:39:13,3,1,5,attack,coin,shield,gold,1,false,50000,51578436433402,245215,5,5,2,11,1,0,1,0,0,153512,300000,52,0,51.2,bonus_bs15_gae3_no,100,2575000,LongExtraDayReduced,,,"{""slot_on_"":""34810\/55000@m24""}",75,50,31,4,20,16,7,4,1,13,10,7,1,2,2,0,1,0
83811,2026-04-10 17:39:14,2,2,2,goldSack,goldSack,goldSack,gold,1,true,4400000,51578440833402,245213,5,5,2,11,0,0,0,0,0,153512,300000,52,0,51.2,bonus_bs15_gae3_no,100,2575000,,LongExtraDayReduced,,"{""slot_on_"":""34812\/55000@m24""}",76,50,31,4,20,16,7,4,1,14,10,7,1,2,2,0,1,0
83812,2026-04-10 17:39:15,2,2,2,goldSack,goldSack,goldSack,gold,1,true,4400000,51578445233402,245211,5,5,2,11,0,0,0,0,0,153512,300000,52,0,51.2,bonus_bs15_gae3_no,100,2575000,,,,,77,50,31,4,20,16,7,4,1,15,10,7,1,2,2,0,1,0
83813,2026-04-10 17:39:16,30,2,2,accumulation,goldSack,goldSack,gold,1,false,300000,51578445533402,245209,5,5,2,11,0,0,0,0,1,153514,300000,52,2,51.2,bonus_bs15_gae3_no,100,2575000,,,,,78,50,31,4,20,17,7,4,1,16,10,7,1,2,3,0,1,0
83814,2026-04-10 17:39:17,30,2,2,accumulation,goldSack,goldSack,gold,1,false,300000,51578445833402,245207,5,5,2,11,0,0,0,0,1,153516,300000,52,2,51.2,bonus_bs15_gae3_no,100,2575000,,,,,79,50,31,4,20,18,7,4,1,17,10,7,1,2,4,0,1,0
83815,2026-04-10 17:39:19,3,6,2,attack,spins,goldSack,gold,1,false,200000,51578446033402,245205,5,5,2,11,1,0,0,1,0,153516,300000,52,0,51.2,bonus_bs15_gae3_no,100,2575000,,,,,80,51,31,4,21,18,7,4,1,18,11,7,1,3,4,0,1,0
83816,2026-04-10 17:39:19,2,2,2,goldSack,goldSack,goldSack,gold,1,true,4400000,51578450433402,245203,5,5,2,11,0,0,0,0,0,153516,300000,52,0,51.2,bonus_bs15_gae3_no,100,2575000,,,,"{""c5261ecd"":""15\/4200@m80""}",81,51,31,4,21,18,7,4,1,19,11,7,1,3,4,0,1,0
83817,2026-04-10 17:39:20,5,5,5,shield,shield,shield,shield,3,true,2,51578450433402,245203,5,5,2,11,0,0,3,0,0,153516,300000,52,0,51.2,bonus_bs15_gae3_no,100,2575000,,,LongExtraDayReduced,"{""e190af25"":""28430\/50000@m18"",""slot_on_"":""34814\/55000@m24"",""bffc7787"":""29703\/38000@m9""}",82,51,31,7,21,18,7,4,2,20,11,7,4,3,4,0,1,1
83818,2026-04-10 17:39:22,30,30,1,accumulation,accumulation,coin,gold,1,false,50000,51578450483402,245201,5,5,2,11,0,0,0,0,2,153520,300000,52,4,51.2,bonus_bs15_gae3_no,100,2575000,,,,,83,51,31,7,21,20,7,4,2,21,11,7,4,3,6,0,1,1
83819,2026-04-10 17:39:23,1,5,5,coin,shield,shield,gold,1,false,50000,51578450533402,245199,5,5,2,11,0,0,2,0,0,153520,300000,52,0,51.2,bonus_bs15_gae3_no,100,2575000,,,,,84,51,31,9,21,20,7,4,2,22,11,7,6,3,6,0,1,1
83820,2026-04-10 17:39:24,1,6,6,coin,spins,spins,gold,1,false,50000,51578450583402,245197,5,5,2,11,0,0,0,2,0,153520,300000,52,0,51.2,bonus_bs15_gae3_no,100,2575000,,LongExtraDayReduced,,"{""slot_on_"":""34816\/55000@m24""}",85,51,31,9,23,20,7,4,2,23,11,7,6,5,6,0,1,1
83821,2026-04-10 17:39:25,30,2,2,accumulation,goldSack,goldSack,gold,1,false,300000,51578450883402,245195,5,5,2,11,0,0,0,0,1,153522,300000,52,2,51.2,bonus_bs15_gae3_no,100,2575000,,,,,86,51,31,9,23,21,7,4,2,24,11,7,6,5,7,0,1,1
83822,2026-04-10 17:39:26,5,5,5,shield,shield,shield,shield,3,true,2,51578450883402,245195,5,5,2,11,0,0,3,0,0,153522,300000,52,0,51.2,bonus_bs15_gae3_no,100,2575000,,,,,87,51,31,12,23,21,7,4,3,25,11,7,9,5,7,0,1,2
83823,2026-04-10 17:39:27,3,1,4,attack,coin,steal,gold,1,false,50000,51578450933402,245193,5,5,2,11,1,1,0,0,0,153522,300000,52,0,51.2,bonus_bs15_gae3_no,100,2575000,,,,,88,52,32,12,23,21,7,4,3,26,12,8,9,5,7,0,1,2
83824,2026-04-10 17:39:27,30,2,2,accumulation,goldSack,goldSack,gold,1,false,300000,51578451233402,245191,5,5,2,11,0,0,0,0,1,153524,300000,52,2,51.2,bonus_bs15_gae3_no,100,2575000,,,,,89,52,32,12,23,22,7,4,3,27,12,8,9,5,8,0,1,2
83825,2026-04-10 17:39:28,2,2,2,goldSack,goldSack,goldSack,gold,1,true,4400000,51578455633402,245189,5,5,2,11,0,0,0,0,0,153524,300000,52,0,51.2,bonus_bs15_gae3_no,100,2575000,,,,"{""bffc7787"":""29705\/38000@m9""}",90,52,32,12,23,22,7,4,3,28,12,8,9,5,8,0,1,2
83826,2026-04-10 17:39:29,3,6,2,attack,spins,goldSack,gold,1,false,200000,51578455833402,245187,5,5,2,11,1,0,0,1,0,153524,300000,52,0,51.2,bonus_bs15_gae3_no,100,2575000,,,,,91,53,32,12,24,22,7,4,3,29,13,8,9,6,8,0,1,2
83827,2026-04-10 17:39:30,3,6,2,attack,spins,goldSack,gold,1,false,200000,51578456033402,245185,5,5,2,11,1,0,0,1,0,153524,300000,52,0,51.2,bonus_bs15_gae3_no,100,2575000,LongExtraDayReduced,,LongExtraDayReduced,"{""slot_on_"":""34820\/55000@m24"",""e190af25"":""28434\/50000@m18""}",92,54,32,12,25,22,7,4,3,30,14,8,9,7,8,0,1,2
83828,2026-04-10 17:39:32,30,2,2,accumulation,goldSack,goldSack,gold,1,false,300000,51578456333402,245183,5,5,2,11,0,0,0,0,1,153526,300000,52,2,51.2,bonus_bs15_gae3_no,100,2575000,,,,,93,54,32,12,25,23,7,4,3,31,14,8,9,7,9,0,1,2
83829,2026-04-10 17:39:33,1,1,1,coin,coin,coin,gold,1,true,500000,51578456833402,245181,5,5,2,11,0,0,0,0,0,153526,300000,52,0,51.2,bonus_bs15_gae3_no,100,2575000,,,,,94,54,32,12,25,23,7,4,3,32,14,8,9,7,9,0,1,2
83830,2026-04-10 17:39:33,1,4,6,coin,steal,spins,gold,1,false,50000,51578456883402,245179,5,5,2,11,0,1,0,1,0,153526,300000,52,0,51.2,bonus_bs15_gae3_no,100,2575000,,,,,95,54,33,12,26,23,7,4,3,33,14,9,9,8,9,0,1,2
83831,2026-04-10 17:39:34,1,4,4,coin,steal,steal,gold,1,false,50000,51578456933402,245177,5,5,2,11,0,2,0,0,0,153526,300000,52,0,51.2,bonus_bs15_gae3_no,100,2575000,,,,,96,54,35,12,26,23,7,4,3,34,14,11,9,8,9,0,1,2
83832,2026-04-10 17:39:35,4,4,4,steal,steal,steal,steal,4,true,0,51578456933402,245175,5,5,2,11,0,3,0,0,0,153526,300000,52,0,51.2,bonus_bs15_gae3_no,100,2575000,,,,,97,54,38,12,26,23,7,5,3,35,14,14,9,8,9,0,2,2
83833,2026-04-10 17:39:42,4,6,2,steal,spins,goldSack,gold,1,false,200000,51578967025402,245173,5,5,2,11,0,1,0,1,0,153526,300000,52,0,51.2,bonus_bs15_gae3_no,100,2575000,,,,,98,54,39,12,27,23,7,5,3,36,14,15,9,9,9,0,2,2
83834,2026-04-10 17:39:43,1,1,4,coin,coin,steal,gold,1,false,100000,51578967125402,245171,5,5,2,11,0,1,0,0,0,153526,300000,52,0,51.2,bonus_bs15_gae3_no,100,2575000,,,,,99,54,40,12,27,23,7,5,3,37,14,16,9,9,9,0,2,2
83835,2026-04-10 17:39:43,3,3,3,attack,attack,attack,attack,2,true,0,51578967125402,245169,5,5,2,11,3,0,0,0,0,153526,300000,52,0,51.2,bonus_bs15_gae3_no,100,2575000,,,,,100,57,40,12,27,23,8,5,3,38,17,16,9,9,9,1,2,2
83836,2026-04-10 17:39:47,3,6,2,attack,spins,goldSack,gold,1,false,200000,51579023325402,245167,5,5,2,11,1,0,0,1,0,153526,300000,52,0,51.2,bonus_bs15_gae3_no,100,2575000,LongExtraDayReduced,,,"{""slot_on_"":""34822\/55000@m24""}",101,58,40,12,28,23,8,5,3,39,18,16,9,10,9,1,2,2
83837,2026-04-10 17:39:48,30,2,2,accumulation,goldSack,goldSack,gold,1,false,300000,51579023625402,245165,5,5,2,11,0,0,0,0,1,153528,300000,52,2,51.2,bonus_bs15_gae3_no,100,2575000,LongExtraDayReduced,LongExtraDayReduced,,"{""slot_on_"":""34826\/55000@m24"",""e190af25"":""28438\/50000@m18""}",102,58,40,12,28,24,8,5,3,40,18,16,9,10,10,1,2,2
83838,2026-04-10 17:39:50,30,2,2,accumulation,goldSack,goldSack,gold,1,false,300000,51579023925402,245163,5,5,2,11,0,0,0,0,1,153530,300000,52,2,51.2,bonus_bs15_gae3_no,100,2575000,,,,"{""c5261ecd"":""19\/4200@m80""}",103,58,40,12,28,25,8,5,3,41,18,16,9,10,11,1,2,2
83839,2026-04-10 17:39:51,1,1,1,coin,coin,coin,gold,1,true,500000,51579024425402,245161,5,5,2,11,0,0,0,0,0,153530,300000,52,0,51.2,bonus_bs15_gae3_no,100,2575000,,,,,104,58,40,12,28,25,8,5,3,42,18,16,9,10,11,1,2,2
83840,2026-04-10 17:39:52,1,1,4,coin,coin,steal,gold,1,false,100000,51579024525402,245159,5,5,2,11,0,1,0,0,0,153530,300000,52,0,51.2,bonus_bs15_gae3_no,100,2575000,,LongExtraDayReduced,,"{""slot_on_"":""34828\/55000@m24""}",105,58,41,12,28,25,8,5,3,43,18,17,9,10,11,1,2,2
83841,2026-04-10 17:39:53,3,3,3,attack,attack,attack,attack,2,true,0,51579024525402,245157,5,5,2,11,3,0,0,0,0,153530,300000,52,0,51.2,bonus_bs15_gae3_no,100,2575000,,,,,106,61,41,12,28,25,9,5,3,44,21,17,9,10,11,2,2,2
83842,2026-04-10 17:39:57,1,4,4,coin,steal,steal,gold,1,false,50000,51579080575402,245155,5,5,2,11,0,2,0,0,0,153530,300000,52,0,51.2,bonus_bs15_gae3_no,100,2575000,,,LongExtraDayReduced,"{""slot_on_"":""34830\/55000@m24""}",107,61,43,12,28,25,9,5,3,45,21,19,9,10,11,2,2,2
83843,2026-04-10 17:39:58,3,6,2,attack,spins,goldSack,gold,1,false,200000,51579080775402,245153,5,5,2,11,1,0,0,1,0,153530,300000,52,0,51.2,bonus_bs15_gae3_no,100,2575000,,,,,108,62,43,12,29,25,9,5,3,46,22,19,9,11,11,2,2,2
83844,2026-04-10 17:39:58,1,4,6,coin,steal,spins,gold,1,false,50000,51579080825402,245151,5,5,2,11,0,1,0,1,0,153530,300000,52,0,51.2,bonus_bs15_gae3_no,100,2575000,,,,,109,62,44,12,30,25,9,5,3,47,22,20,9,12,11,2,2,2
83845,2026-04-10 17:39:59,5,5,5,shield,shield,shield,shield,3,true,2,51579080825402,245151,5,5,2,11,0,0,3,0,0,153530,300000,52,0,51.2,bonus_bs15_gae3_no,100,2575000,,,,"{""e190af25"":""28442\/50000@m18""}",110,62,44,15,30,25,9,5,4,48,22,20,12,12,11,2,2,3
83846,2026-04-10 17:40:00,1,1,4,coin,coin,steal,gold,1,false,100000,51579080925402,245149,5,5,2,11,0,1,0,0,0,153530,300000,52,0,51.2,bonus_bs15_gae3_no,100,2575000,LongExtraDayReduced,,,"{""slot_on_"":""34832\/55000@m24"",""bffc7787"":""29707\/38000@m9""}",111,62,45,15,30,25,9,5,4,49,22,21,12,12,11,2,2,3
83847,2026-04-10 17:40:01,1,6,6,coin,spins,spins,gold,1,false,50000,51579080975402,245147,5,5,2,11,0,0,0,2,0,153530,300000,52,0,51.2,bonus_bs15_gae3_no,100,2575000,LongExtraDayReduced,,,"{""slot_on_"":""34834\/55000@m24""}",112,62,45,15,32,25,9,5,4,50,22,21,12,14,11,2,2,3
83848,2026-04-10 17:40:03,3,6,2,attack,spins,goldSack,gold,1,false,200000,51579081175402,245145,5,5,2,11,1,0,0,1,0,153530,300000,52,0,51.2,bonus_bs15_gae3_no,100,2575000,,,,,113,63,45,15,33,25,9,5,4,51,23,21,12,15,11,2,2,3
83849,2026-04-10 17:40:03,5,2,2,shield,goldSack,goldSack,gold,1,false,300000,51579081475402,245143,5,5,2,11,0,0,1,0,0,153530,300000,52,0,51.2,bonus_bs15_gae3_no,100,2575000,,,,,114,63,45,16,33,25,9,5,4,52,23,21,13,15,11,2,2,3
83850,2026-04-10 17:40:04,3,6,2,attack,spins,goldSack,gold,1,false,200000,51579081675402,245141,5,5,2,11,1,0,0,1,0,153530,300000,52,0,51.2,bonus_bs15_gae3_no,100,2575000,,,,,115,64,45,16,34,25,9,5,4,53,24,21,13,16,11,2,2,3
83851,2026-04-10 17:40:05,1,1,1,coin,coin,coin,gold,1,true,500000,51579082175402,245139,5,5,2,11,0,0,0,0,0,153530,300000,52,0,51.2,bonus_bs15_gae3_no,100,2575000,,,,,116,64,45,16,34,25,9,5,4,54,24,21,13,16,11,2,2,3
83852,2026-04-10 17:40:09,3,4,2,attack,steal,goldSack,gold,1,false,40000000,51579122175402,244739,5,5,400,11,1,1,0,0,0,153530,300000,52,0,51.2,bonus_bs15_gae3_no,100,2575000,,,LongExtraDayReduced,"{""slot_on_"":""35234\/55000@m24""}",117,65,46,16,34,25,9,5,4,55,25,22,13,16,11,2,2,3
83853,2026-04-10 17:40:15,5,2,2,shield,goldSack,goldSack,gold,1,false,60000000,51579182175402,244339,5,5,400,11,0,0,1,0,0,153530,300000,52,0,51.2,bonus_bs15_gae3_no,100,2575000,,LongExtraDayReduced,,"{""slot_on_"":""35634\/55000@m24"",""c5261ecd"":""819\/4200@m80""}",118,65,46,17,34,25,9,5,4,56,25,22,14,16,11,2,2,3
83854,2026-04-10 17:40:16,30,2,2,accumulation,goldSack,goldSack,gold,1,false,60000000,51579242175402,243939,5,5,400,11,0,0,0,0,1,153930,300000,52,400,51.3,bonus_bs15_gae3_no,100,2575000,,,,,119,65,46,17,34,26,9,5,4,57,25,22,14,16,12,2,2,3
83855,2026-04-10 17:40:17,3,3,2,attack,attack,goldSack,gold,1,false,40000000,51579282175402,243539,5,5,400,11,2,0,0,0,0,153930,300000,52,0,51.3,bonus_bs15_gae3_no,100,2575000,,,,"{""bffc7787"":""30107\/38000@m9""}",120,67,46,17,34,26,9,5,4,58,27,22,14,16,12,2,2,3
83856,2026-04-10 17:40:19,5,5,5,shield,shield,shield,shield,3,true,400,51579282175402,243539,5,5,400,11,0,0,3,0,0,153930,300000,52,0,51.3,bonus_bs15_gae3_no,100,2575000,,,,,121,67,46,20,34,26,9,5,5,59,27,22,17,16,12,2,2,4
83857,2026-04-10 17:40:23,3,4,2,attack,steal,goldSack,gold,1,false,40000000,51579322175402,243139,5,5,400,11,1,1,0,0,0,153930,300000,52,0,51.3,bonus_bs15_gae3_no,100,2575000,,,,,122,68,47,20,34,26,9,5,5,60,28,23,17,16,12,2,2,4
83858,2026-04-10 17:40:24,4,4,4,steal,steal,steal,steal,4,true,0,51579322175402,242739,5,5,400,11,0,3,0,0,0,153930,300000,52,0,51.3,bonus_bs15_gae3_no,100,2575000,,,,,123,68,50,20,34,26,9,6,5,61,28,26,17,16,12,2,3,4
83859,2026-04-10 17:40:29,3,3,3,attack,attack,attack,attack,2,true,0,51645972575402,242339,5,5,400,11,3,0,0,0,0,153930,300000,52,0,51.3,bonus_bs15_gae3_no,100,2575000,,,,,124,71,50,20,34,26,10,6,5,62,31,26,17,16,12,3,3,4
83860,2026-04-10 17:40:33,5,5,5,shield,shield,shield,shield,3,true,400,51657172575402,242339,5,5,400,11,0,0,3,0,0,153930,300000,52,0,51.3,bonus_bs15_gae3_no,100,2575000,LongExtraDayReduced,LongExtraDayReduced,,"{""slot_on_"":""36434\/55000@m24""}",125,71,50,23,34,26,10,6,6,63,31,26,20,16,12,3,3,5
83861,2026-04-10 17:40:37,30,30,1,accumulation,accumulation,coin,gold,1,false,10000000,51657182575402,241939,5,5,400,11,0,0,0,0,2,154730,300000,52,800,51.6,bonus_bs15_gae3_no,100,2575000,,,,,126,71,50,23,34,28,10,6,6,64,31,26,20,16,14,3,3,5
83862,2026-04-10 17:40:39,3,4,2,attack,steal,goldSack,gold,1,false,40000000,51657222575402,241539,5,5,400,11,1,1,0,0,0,154730,300000,52,0,51.6,bonus_bs15_gae3_no,100,2575000,,,,,127,72,51,23,34,28,10,6,6,65,32,27,20,16,14,3,3,5
83863,2026-04-10 17:40:41,30,30,1,accumulation,accumulation,coin,gold,1,false,10000000,51657232575402,241139,5,5,400,11,0,0,0,0,2,155530,300000,52,800,51.8,bonus_bs15_gae3_no,100,2575000,,,,,128,72,51,23,34,30,10,6,6,66,32,27,20,16,16,3,3,5
83864,2026-04-10 17:40:43,2,2,2,goldSack,goldSack,goldSack,gold,1,true,880000000,51658112575402,240739,5,5,400,11,0,0,0,0,0,155530,300000,52,0,51.8,bonus_bs15_gae3_no,100,2575000,,,,,129,72,51,23,34,30,10,6,6,67,32,27,20,16,16,3,3,5
83865,2026-04-10 17:40:44,30,2,2,accumulation,goldSack,goldSack,gold,1,false,60000000,51658172575402,240339,5,5,400,11,0,0,0,0,1,155930,300000,52,400,52.0,bonus_bs15_gae3_no,100,2575000,,,,"{""e190af25"":""29242\/50000@m18""}",130,72,51,23,34,31,10,6,6,68,32,27,20,16,17,3,3,5
83866,2026-04-10 17:40:45,3,1,1,attack,coin,coin,gold,1,false,20000000,51658192575402,239939,5,5,400,11,1,0,0,0,0,155930,300000,52,0,52.0,bonus_bs15_gae3_no,100,2575000,,,,"{""bffc7787"":""30507\/38000@m9""}",131,73,51,23,34,31,10,6,6,69,33,27,20,16,17,3,3,5
83867,2026-04-10 17:40:47,1,1,1,coin,coin,coin,gold,1,true,100000000,51658292575402,239539,5,5,400,11,0,0,0,0,0,155930,300000,52,0,52.0,bonus_bs15_gae3_no,100,2575000,,,,,132,73,51,23,34,31,10,6,6,70,33,27,20,16,17,3,3,5
83868,2026-04-10 17:40:50,3,6,2,attack,spins,goldSack,gold,1,false,150000000,51658442575402,238039,5,5,1500,11,1,0,0,1,0,155930,300000,52,0,52.0,bonus_bs15_gae3_no,100,2575000,,,,"{""c5261ecd"":""3819\/4200@m80""}",133,74,51,23,35,31,10,6,6,71,34,27,20,17,17,3,3,5
83869,2026-04-10 17:40:51,4,4,4,steal,steal,steal,steal,4,true,0,51658442575402,236539,5,5,1500,11,0,3,0,0,0,155930,300000,52,0,52.0,bonus_bs15_gae3_no,100,2575000,,,,"{""e190af25"":""32242\/50000@m18""}",134,74,54,23,35,31,10,7,6,72,34,30,20,17,17,3,4,5
83870,2026-04-10 17:41:01,6,6,2,spins,spins,goldSack,gold,1,false,40000000,51727218575402,236139,5,5,400,11,0,0,0,2,0,155930,300000,52,0,52.0,bonus_bs15_gae3_no,100,2575000,,,,,135,74,54,23,37,31,10,7,6,73,34,30,20,19,17,3,4,5
83871,2026-04-10 17:41:03,3,6,2,attack,spins,goldSack,gold,1,false,40000000,51727258575402,235739,5,5,400,11,1,0,0,1,0,155930,300000,52,0,52.0,bonus_bs15_gae3_no,100,2575000,,,,,136,75,54,23,38,31,10,7,6,74,35,30,20,20,17,3,4,5
83872,2026-04-10 17:41:04,1,4,6,coin,steal,spins,gold,1,false,10000000,51727268575402,235339,5,5,400,11,0,1,0,1,0,155930,300000,52,0,52.0,bonus_bs15_gae3_no,100,2575000,,,,,137,75,55,23,39,31,10,7,6,75,35,31,20,21,17,3,4,5
83873,2026-04-10 17:41:05,1,1,1,coin,coin,coin,gold,1,true,100000000,51727368575402,234939,5,5,400,11,0,0,0,0,0,155930,300000,52,0,52.0,bonus_bs15_gae3_no,100,2575000,,,,,138,75,55,23,39,31,10,7,6,76,35,31,20,21,17,3,4,5
83874,2026-04-10 17:41:07,1,4,6,coin,steal,spins,gold,1,false,10000000,51727378575402,234539,5,5,400,11,0,1,0,1,0,155930,300000,52,0,52.0,bonus_bs15_gae3_no,100,2575000,,,,,139,75,56,23,40,31,10,7,6,77,35,32,20,22,17,3,4,5
83875,2026-04-10 17:41:09,3,3,3,attack,attack,attack,attack,2,true,0,51727378575402,233039,5,5,1500,11,3,0,0,0,0,155930,300000,52,0,52.0,bonus_bs15_gae3_no,100,2575000,,,,,140,78,56,23,40,31,11,7,6,78,38,32,20,22,17,4,4,5
83876,2026-04-10 17:41:21,2,2,2,goldSack,goldSack,goldSack,gold,1,true,880000000,51742118575402,232639,5,5,400,11,0,0,0,0,0,155930,300000,52,0,52.0,bonus_bs15_gae3_no,100,2575000,,,,,141,78,56,23,40,31,11,7,6,79,38,32,20,22,17,4,4,5
83877,2026-04-10 17:41:22,30,30,30,accumulation,accumulation,accumulation,gold,10,true,0,51742118575402,232239,5,5,400,11,0,0,0,0,3,159930,300000,52,4000,53.3,bonus_bs15_gae3_no,100,2575000,,LongExtraDayReduced,,"{""slot_on_"":""36834\/55000@m24""}",142,78,56,23,40,34,11,7,6,80,38,32,20,22,20,4,4,5
83878,2026-04-10 17:42:05,3,3,2,attack,attack,goldSack,gold,1,false,200000,51742118775402,232237,5,5,2,11,2,0,0,0,0,159930,300000,52,0,53.3,bonus_bs15_gae3_no,100,2575000,,,,"{""c5261ecd"":""3823\/4200@m80""}",1,2,0,0,0,0,0,0,0,81,40,32,20,22,20,4,4,5
83879,2026-04-10 17:42:06,3,3,2,attack,attack,goldSack,gold,1,false,200000,51742118975402,232235,5,5,2,11,2,0,0,0,0,159930,300000,52,0,53.3,bonus_bs15_gae3_no,100,2575000,,,,,2,4,0,0,0,0,0,0,0,82,42,32,20,22,20,4,4,5
83880,2026-04-10 17:42:06,1,5,5,coin,shield,shield,gold,1,false,50000,51742119025402,232233,5,5,2,11,0,0,2,0,0,159930,300000,52,0,53.3,bonus_bs15_gae3_no,100,2575000,,LongExtraDayReduced,,"{""slot_on_"":""36836\/55000@m24""}",3,4,0,2,0,0,0,0,0,83,42,32,22,22,20,4,4,5
83881,2026-04-10 17:42:07,1,1,1,coin,coin,coin,gold,1,true,500000,51742119525402,232231,5,5,2,11,0,0,0,0,0,159930,300000,52,0,53.3,bonus_bs15_gae3_no,100,2575000,,LongExtraDayReduced,,"{""slot_on_"":""36838\/55000@m24""}",4,4,0,2,0,0,0,0,0,84,42,32,22,22,20,4,4,5
83882,2026-04-10 17:42:08,4,6,2,steal,spins,goldSack,gold,1,false,200000,51742119725402,232229,5,5,2,11,0,1,0,1,0,159930,300000,52,0,53.3,bonus_bs15_gae3_no,100,2575000,,,,"{""e190af25"":""32246\/50000@m18""}",5,4,1,2,1,0,0,0,0,85,42,33,22,23,20,4,4,5
83883,2026-04-10 17:42:09,4,4,4,steal,steal,steal,steal,4,true,0,51742119725402,232227,5,5,2,11,0,3,0,0,0,159930,300000,52,0,53.3,bonus_bs15_gae3_no,100,2575000,,,,,6,4,4,2,1,0,0,1,0,86,42,36,22,23,20,4,5,5
83884,2026-04-10 17:42:25,4,6,2,steal,spins,goldSack,gold,1,false,200000,51742499893402,232225,5,5,2,11,0,1,0,1,0,159930,300000,52,0,53.3,bonus_bs15_gae3_no,100,2575000,LongExtraDayReduced,,,"{""slot_on_"":""36840\/55000@m24""}",7,4,5,2,2,0,0,1,0,87,42,37,22,24,20,4,5,5
83885,2026-04-10 17:42:27,3,3,3,attack,attack,attack,attack,2,true,0,51742499893402,232223,5,5,2,11,3,0,0,0,0,159930,300000,52,0,53.3,bonus_bs15_gae3_no,100,2575000,,,,,8,7,5,2,2,0,1,1,0,88,45,37,22,24,20,5,5,5
83886,2026-04-10 17:42:30,30,2,2,accumulation,goldSack,goldSack,gold,1,false,300000,51742556193402,232221,5,5,2,11,0,0,0,0,1,159932,300000,52,2,53.3,bonus_bs15_gae3_no,100,2575000,LongExtraDayReduced,,LongExtraDayReduced,"{""slot_on_"":""36844\/55000@m24"",""bffc7787"":""30509\/38000@m9""}",9,7,5,2,2,1,1,1,0,89,45,37,22,24,21,5,5,5
83887,2026-04-10 17:42:32,1,6,6,coin,spins,spins,gold,1,false,50000,51742556243402,232219,5,5,2,11,0,0,0,2,0,159932,300000,52,0,53.3,bonus_bs15_gae3_no,100,2575000,,,,,10,7,5,2,4,1,1,1,0,90,45,37,22,26,21,5,5,5
83888,2026-04-10 17:42:32,1,1,1,coin,coin,coin,gold,1,true,500000,51742556743402,232217,5,5,2,11,0,0,0,0,0,159932,300000,52,0,53.3,bonus_bs15_gae3_no,100,2575000,,,,,11,7,5,2,4,1,1,1,0,91,45,37,22,26,21,5,5,5
83889,2026-04-10 17:42:33,3,3,2,attack,attack,goldSack,gold,1,false,200000,51742556943402,232215,5,5,2,11,2,0,0,0,0,159932,300000,52,0,53.3,bonus_bs15_gae3_no,100,2575000,,,,,12,9,5,2,4,1,1,1,0,92,47,37,22,26,21,5,5,5
83890,2026-04-10 17:42:34,6,6,6,spins,spins,spins,spins,5,true,20,51742556943402,232233,5,5,2,11,0,0,0,3,0,159932,300000,52,0,53.3,bonus_bs15_gae3_no,100,2575000,,,,"{""c5261ecd"":""3827\/4200@m80""}",13,9,5,2,7,1,1,1,0,93,47,37,22,29,21,5,5,5
83891,2026-04-10 17:42:35,4,6,2,steal,spins,goldSack,gold,1,false,200000,51742557143402,232231,5,5,2,11,0,1,0,1,0,159932,300000,52,0,53.3,bonus_bs15_gae3_no,100,2575000,,,,,14,9,6,2,8,1,1,1,0,1,0,1,0,1,0,0,0,0
83892,2026-04-10 17:42:36,3,1,5,attack,coin,shield,gold,1,false,50000,51742557193402,232229,5,5,2,11,1,0,1,0,0,159932,300000,52,0,53.3,bonus_bs15_gae3_no,100,2575000,,,,,15,10,6,3,8,1,1,1,0,2,1,1,1,1,0,0,0,0
83893,2026-04-10 17:42:36,3,4,2,attack,steal,goldSack,gold,1,false,200000,51742557393402,232227,5,5,2,11,1,1,0,0,0,159932,300000,52,0,53.3,bonus_bs15_gae3_no,100,2575000,,,LongExtraDayReduced,"{""slot_on_"":""36846\/55000@m24""}",16,11,7,3,8,1,1,1,0,3,2,2,1,1,0,0,0,0
83894,2026-04-10 17:42:38,3,1,1,attack,coin,coin,gold,1,false,100000,51742557493402,232225,5,5,2,11,1,0,0,0,0,159932,300000,52,0,53.3,bonus_bs15_gae3_no,100,2575000,,,,,17,12,7,3,8,1,1,1,0,4,3,2,1,1,0,0,0,0
83895,2026-04-10 17:42:38,1,4,6,coin,steal,spins,gold,1,false,50000,51742557543402,232223,5,5,2,11,0,1,0,1,0,159932,300000,52,0,53.3,bonus_bs15_gae3_no,100,2575000,LongExtraDayReduced,,,"{""slot_on_"":""36848\/55000@m24"",""bffc7787"":""30511\/38000@m9""}",18,12,8,3,9,1,1,1,0,5,3,3,1,2,0,0,0,0
83896,2026-04-10 17:42:39,30,2,2,accumulation,goldSack,goldSack,gold,1,false,300000,51742557843402,232221,5,5,2,11,0,0,0,0,1,159934,300000,52,2,53.3,bonus_bs15_gae3_no,100,2575000,LongExtraDayReduced,,LongExtraDayReduced,"{""slot_on_"":""36852\/55000@m24""}",19,12,8,3,9,2,1,1,0,6,3,3,1,2,1,0,0,0
83897,2026-04-10 17:42:41,1,4,6,coin,steal,spins,gold,1,false,50000,51742557893402,232219,5,5,2,11,0,1,0,1,0,159934,300000,52,0,53.3,bonus_bs15_gae3_no,100,2575000,,,LongExtraDayReduced,"{""slot_on_"":""36854\/55000@m24""}",20,12,9,3,10,2,1,1,0,7,3,4,1,3,1,0,0,0
83898,2026-04-10 17:42:42,30,30,1,accumulation,accumulation,coin,gold,1,false,50000,51742557943402,232217,5,5,2,11,0,0,0,0,2,159938,300000,52,4,53.3,bonus_bs15_gae3_no,100,2575000,,,,,21,12,9,3,10,4,1,1,0,8,3,4,1,3,3,0,0,0
83899,2026-04-10 17:42:43,30,30,1,accumulation,accumulation,coin,gold,1,false,50000,51742557993402,232215,5,5,2,11,0,0,0,0,2,159942,300000,52,4,53.3,bonus_bs15_gae3_no,100,2575000,LongExtraDayReduced,,LongExtraDayReduced,"{""slot_on_"":""36858\/55000@m24"",""e190af25"":""32250\/50000@m18""}",22,12,9,3,10,6,1,1,0,9,3,4,1,3,5,0,0,0
83900,2026-04-10 17:42:45,3,1,5,attack,coin,shield,gold,1,false,50000,51742558043402,232213,5,5,2,11,1,0,1,0,0,159942,300000,52,0,53.3,bonus_bs15_gae3_no,100,2575000,,,,,23,13,9,4,10,6,1,1,0,10,4,4,2,3,5,0,0,0
83901,2026-04-10 17:42:46,3,4,2,attack,steal,goldSack,gold,1,false,200000,51742558243402,232211,5,5,2,11,1,1,0,0,0,159942,300000,52,0,53.3,bonus_bs15_gae3_no,100,2575000,,,LongExtraDayReduced,"{""slot_on_"":""36860\/55000@m24""}",24,14,10,4,10,6,1,1,0,11,5,5,2,3,5,0,0,0
83902,2026-04-10 17:42:47,3,3,3,attack,attack,attack,attack,2,true,0,51742558243402,232209,5,5,2,11,3,0,0,0,0,159942,300000,52,0,53.3,bonus_bs15_gae3_no,100,2575000,,,,,25,17,10,4,10,6,2,1,0,12,8,5,2,3,5,1,0,0
83903,2026-04-10 17:42:50,2,2,2,goldSack,goldSack,goldSack,gold,1,true,4400000,51742618643402,232207,5,5,2,11,0,0,0,0,0,159942,300000,52,0,53.3,bonus_bs15_gae3_no,100,2575000,,,,,26,17,10,4,10,6,2,1,0,13,8,5,2,3,5,1,0,0
83904,2026-04-10 17:42:51,30,30,3,accumulation,accumulation,attack,gold,6,false,0,51742618643402,232205,5,5,2,11,1,0,0,0,2,159946,300000,52,4,53.3,bonus_bs15_gae3_no,100,2575000,LongExtraDayReduced,,,"{""slot_on_"":""36862\/55000@m24"",""c5261ecd"":""3831\/4200@m80""}",27,18,10,4,10,8,2,1,0,14,9,5,2,3,7,1,0,0
83905,2026-04-10 17:42:53,30,2,2,accumulation,goldSack,goldSack,gold,1,false,300000,51742618943402,232203,5,5,2,11,0,0,0,0,1,159948,300000,52,2,53.3,bonus_bs15_gae3_no,100,2575000,,,,,28,18,10,4,10,9,2,1,0,15,9,5,2,3,8,1,0,0
83906,2026-04-10 17:42:53,30,2,2,accumulation,goldSack,goldSack,gold,1,false,300000,51742619243402,232201,5,5,2,11,0,0,0,0,1,159950,300000,52,2,53.3,bonus_bs15_gae3_no,100,2575000,LongExtraDayReduced,LongExtraDayReduced,LongExtraDayReduced,"{""slot_on_"":""36872\/55000@m24""}",29,18,10,4,10,10,2,1,0,16,9,5,2,3,9,1,0,0
83907,2026-04-10 17:42:55,3,1,1,attack,coin,coin,gold,1,false,100000,51742619343402,232199,5,5,2,11,1,0,0,0,0,159950,300000,52,0,53.3,bonus_bs15_gae3_no,100,2575000,LongExtraDayReduced,,,"{""slot_on_"":""36874\/55000@m24""}",30,19,10,4,10,10,2,1,0,17,10,5,2,3,9,1,0,0
83908,2026-04-10 17:42:55,5,2,2,shield,goldSack,goldSack,gold,1,false,300000,51742619643402,232197,5,5,2,11,0,0,1,0,0,159950,300000,52,0,53.3,bonus_bs15_gae3_no,100,2575000,,,,,31,19,10,5,10,10,2,1,0,18,10,5,3,3,9,1,0,0
83909,2026-04-10 17:42:56,3,3,3,attack,attack,attack,attack,2,true,0,51742619643402,232195,5,5,2,11,3,0,0,0,0,159950,300000,52,0,53.3,bonus_bs15_gae3_no,100,2575000,,LongExtraDayReduced,,"{""slot_on_"":""36876\/55000@m24""}",32,22,10,5,10,10,3,1,0,19,13,5,3,3,9,2,0,0
83910,2026-04-10 17:43:01,30,2,2,accumulation,goldSack,goldSack,gold,1,false,300000,51742638423402,232193,5,5,2,11,0,0,0,0,1,159952,300000,52,2,53.3,bonus_bs15_gae3_no,100,2575000,,,,,33,22,10,5,10,11,3,1,0,20,13,5,3,3,10,2,0,0
83911,2026-04-10 17:43:02,30,2,2,accumulation,goldSack,goldSack,gold,1,false,300000,51742638723402,232191,5,5,2,11,0,0,0,0,1,159954,300000,52,2,53.3,bonus_bs15_gae3_no,100,2575000,,,,"{""e190af25"":""32254\/50000@m18""}",34,22,10,5,10,12,3,1,0,21,13,5,3,3,11,2,0,0
83912,2026-04-10 17:43:03,4,6,2,steal,spins,goldSack,gold,1,false,200000,51742638923402,232189,5,5,2,11,0,1,0,1,0,159954,300000,52,0,53.3,bonus_bs15_gae3_no,100,2575000,,,,,35,22,11,5,11,12,3,1,0,22,13,6,3,4,11,2,0,0
83913,2026-04-10 17:43:04,30,2,2,accumulation,goldSack,goldSack,gold,1,false,300000,51742639223402,232187,5,5,2,11,0,0,0,0,1,159956,300000,52,2,53.3,bonus_bs15_gae3_no,100,2575000,,,,,36,22,11,5,11,13,3,1,0,23,13,6,3,4,12,2,0,0
83914,2026-04-10 17:43:05,2,2,2,goldSack,goldSack,goldSack,gold,1,true,4400000,51742643623402,232185,5,5,2,11,0,0,0,0,0,159956,300000,52,0,53.3,bonus_bs15_gae3_no,100,2575000,,,,,37,22,11,5,11,13,3,1,0,24,13,6,3,4,12,2,0,0
83915,2026-04-10 17:43:06,5,5,5,shield,shield,shield,shield,3,true,2,51742643623402,232185,5,5,2,11,0,0,3,0,0,159956,300000,52,0,53.3,bonus_bs15_gae3_no,100,2575000,,,,"{""bffc7787"":""30513\/38000@m9""}",38,22,11,8,11,13,3,1,1,25,13,6,6,4,12,2,0,1
83916,2026-04-10 17:43:07,1,4,6,coin,steal,spins,gold,1,false,50000,51742643673402,232183,5,5,2,11,0,1,0,1,0,159956,300000,52,0,53.3,bonus_bs15_gae3_no,100,2575000,,,,,39,22,12,8,12,13,3,1,1,26,13,7,6,5,12,2,0,1
83917,2026-04-10 17:43:07,1,4,4,coin,steal,steal,gold,1,false,50000,51742643723402,232181,5,5,2,11,0,2,0,0,0,159956,300000,52,0,53.3,bonus_bs15_gae3_no,100,2575000,,,,,40,22,14,8,12,13,3,1,1,27,13,9,6,5,12,2,0,1
83918,2026-04-10 17:43:08,3,3,3,attack,attack,attack,attack,2,true,0,51742643723402,232179,5,5,2,11,3,0,0,0,0,159956,300000,52,0,53.3,bonus_bs15_gae3_no,100,2575000,,,,,41,25,14,8,12,13,4,1,1,28,16,9,6,5,12,3,0,1
83919,2026-04-10 17:43:12,2,2,2,goldSack,goldSack,goldSack,gold,1,true,4400000,51742666603402,232177,5,5,2,11,0,0,0,0,0,159956,300000,52,0,53.3,bonus_bs15_gae3_no,100,2575000,LongExtraDayReduced,,,"{""slot_on_"":""36878\/55000@m24""}",42,25,14,8,12,13,4,1,1,29,16,9,6,5,12,3,0,1
83920,2026-04-10 17:43:13,3,1,1,attack,coin,coin,gold,1,false,100000,51742666703402,232175,5,5,2,11,1,0,0,0,0,159956,300000,52,0,53.3,bonus_bs15_gae3_no,100,2575000,,,,,43,26,14,8,12,13,4,1,1,30,17,9,6,5,12,3,0,1
83921,2026-04-10 17:43:13,4,6,2,steal,spins,goldSack,gold,1,false,200000,51742666903402,232173,5,5,2,11,0,1,0,1,0,159956,300000,52,0,53.3,bonus_bs15_gae3_no,100,2575000,,,,,44,26,15,8,13,13,4,1,1,31,17,10,6,6,12,3,0,1
83922,2026-04-10 17:43:14,5,5,5,shield,shield,shield,shield,3,true,2,51742666903402,232173,5,5,2,11,0,0,3,0,0,159956,300000,52,0,53.3,bonus_bs15_gae3_no,100,2575000,,,,,45,26,15,11,13,13,4,1,2,32,17,10,9,6,12,3,0,2
83923,2026-04-10 17:43:15,1,6,6,coin,spins,spins,gold,1,false,50000,51742666953402,232171,5,5,2,11,0,0,0,2,0,159956,300000,52,0,53.3,bonus_bs15_gae3_no,100,2575000,,,,,46,26,15,11,15,13,4,1,2,33,17,10,9,8,12,3,0,2
83924,2026-04-10 17:43:16,30,2,2,accumulation,goldSack,goldSack,gold,1,false,300000,51742667253402,232169,5,5,2,11,0,0,0,0,1,159958,300000,52,2,53.3,bonus_bs15_gae3_no,100,2575000,,,,,47,26,15,11,15,14,4,1,2,34,17,10,9,8,13,3,0,2
83925,2026-04-10 17:43:17,30,2,2,accumulation,goldSack,goldSack,gold,1,false,300000,51742667553402,232167,5,5,2,11,0,0,0,0,1,159960,300000,52,2,53.3,bonus_bs15_gae3_no,100,2575000,,,,,48,26,15,11,15,15,4,1,2,35,17,10,9,8,14,3,0,2
83926,2026-04-10 17:43:18,30,2,2,accumulation,goldSack,goldSack,gold,1,false,300000,51742667853402,232165,5,5,2,11,0,0,0,0,1,159962,300000,52,2,53.3,bonus_bs15_gae3_no,100,2575000,,,,"{""c5261ecd"":""3835\/4200@m80""}",49,26,15,11,15,16,4,1,2,36,17,10,9,8,15,3,0,2
83927,2026-04-10 17:43:20,3,3,2,attack,attack,goldSack,gold,1,false,200000,51742668053402,232163,5,5,2,11,2,0,0,0,0,159962,300000,52,0,53.3,bonus_bs15_gae3_no,100,2575000,LongExtraDayReduced,,LongExtraDayReduced,"{""slot_on_"":""36882\/55000@m24""}",50,28,15,11,15,16,4,1,2,37,19,10,9,8,15,3,0,2
83928,2026-04-10 17:43:21,30,30,1,accumulation,accumulation,coin,gold,1,false,50000,51742668103402,232161,5,5,2,11,0,0,0,0,2,159966,300000,52,4,53.3,bonus_bs15_gae3_no,100,2575000,,,,,51,28,15,11,15,18,4,1,2,38,19,10,9,8,17,3,0,2
83929,2026-04-10 17:43:22,3,3,2,attack,attack,goldSack,gold,1,false,200000,51742668303402,232159,5,5,2,11,2,0,0,0,0,159966,300000,52,0,53.3,bonus_bs15_gae3_no,100,2575000,,,,"{""e190af25"":""32258\/50000@m18"",""bffc7787"":""30515\/38000@m9""}",52,30,15,11,15,18,4,1,2,39,21,10,9,8,17,3,0,2
83930,2026-04-10 17:43:23,1,1,1,coin,coin,coin,gold,1,true,500000,51742668803402,232157,5,5,2,11,0,0,0,0,0,159966,300000,52,0,53.3,bonus_bs15_gae3_no,100,2575000,,LongExtraDayReduced,,"{""slot_on_"":""36884\/55000@m24""}",53,30,15,11,15,18,4,1,2,40,21,10,9,8,17,3,0,2
83931,2026-04-10 17:43:24,1,4,4,coin,steal,steal,gold,1,false,50000,51742668853402,232155,5,5,2,11,0,2,0,0,0,159966,300000,52,0,53.3,bonus_bs15_gae3_no,100,2575000,,LongExtraDayReduced,,"{""slot_on_"":""36886\/55000@m24""}",54,30,17,11,15,18,4,1,2,41,21,12,9,8,17,3,0,2
83932,2026-04-10 17:43:25,3,3,2,attack,attack,goldSack,gold,1,false,200000,51742669053402,232153,5,5,2,11,2,0,0,0,0,159966,300000,52,0,53.3,bonus_bs15_gae3_no,100,2575000,,,,,55,32,17,11,15,18,4,1,2,42,23,12,9,8,17,3,0,2
83933,2026-04-10 17:43:25,3,1,1,attack,coin,coin,gold,1,false,100000,51742669153402,232151,5,5,2,11,1,0,0,0,0,159966,300000,52,0,53.3,bonus_bs15_gae3_no,100,2575000,,,,,56,33,17,11,15,18,4,1,2,43,24,12,9,8,17,3,0,2
83934,2026-04-10 17:43:26,1,1,1,coin,coin,coin,gold,1,true,500000,51742669653402,232149,5,5,2,11,0,0,0,0,0,159966,300000,52,0,53.3,bonus_bs15_gae3_no,100,2575000,,,,,57,33,17,11,15,18,4,1,2,44,24,12,9,8,17,3,0,2
83935,2026-04-10 17:43:27,30,2,2,accumulation,goldSack,goldSack,gold,1,false,300000,51742669953402,232147,5,5,2,11,0,0,0,0,1,159968,300000,52,2,53.3,bonus_bs15_gae3_no,100,2575000,,,,,58,33,17,11,15,19,4,1,2,45,24,12,9,8,18,3,0,2
83936,2026-04-10 17:43:28,3,3,3,attack,attack,attack,attack,2,true,0,51742669953402,232145,5,5,2,11,3,0,0,0,0,159968,300000,52,0,53.3,bonus_bs15_gae3_no,100,2575000,,LongExtraDayReduced,,"{""slot_on_"":""36888\/55000@m24""}",59,36,17,11,15,19,5,1,2,46,27,12,9,8,18,4,0,2
83937,2026-04-10 17:43:31,1,1,1,coin,coin,coin,gold,1,true,500000,51742688933402,232143,5,5,2,11,0,0,0,0,0,159968,300000,52,0,53.3,bonus_bs15_gae3_no,100,2575000,,LongExtraDayReduced,,"{""slot_on_"":""36890\/55000@m24""}",60,36,17,11,15,19,5,1,2,47,27,12,9,8,18,4,0,2
83938,2026-04-10 17:43:32,30,30,1,accumulation,accumulation,coin,gold,1,false,50000,51742688983402,232141,5,5,2,11,0,0,0,0,2,159972,300000,52,4,53.3,bonus_bs15_gae3_no,100,2575000,,,LongExtraDayReduced,"{""slot_on_"":""36892\/55000@m24"",""c5261ecd"":""3839\/4200@m80""}",61,36,17,11,15,21,5,1,2,48,27,12,9,8,20,4,0,2
83939,2026-04-10 17:43:34,30,2,2,accumulation,goldSack,goldSack,gold,1,false,300000,51742689283402,232139,5,5,2,11,0,0,0,0,1,159974,300000,52,2,53.3,bonus_bs15_gae3_no,100,2575000,,,,,62,36,17,11,15,22,5,1,2,49,27,12,9,8,21,4,0,2
83940,2026-04-10 17:43:35,3,1,5,attack,coin,shield,gold,1,false,50000,51742689333402,232137,5,5,2,11,1,0,1,0,0,159974,300000,52,0,53.3,bonus_bs15_gae3_no,100,2575000,,,LongExtraDayReduced,"{""slot_on_"":""36894\/55000@m24""}",63,37,17,12,15,22,5,1,2,50,28,12,10,8,21,4,0,2
83941,2026-04-10 17:43:36,1,4,6,coin,steal,spins,gold,1,false,50000,51742689383402,232135,5,5,2,11,0,1,0,1,0,159974,300000,52,0,53.3,bonus_bs15_gae3_no,100,2575000,,,,,64,37,18,12,16,22,5,1,2,51,28,13,10,9,21,4,0,2
83942,2026-04-10 17:43:37,4,6,2,steal,spins,goldSack,gold,1,false,200000,51742689583402,232133,5,5,2,11,0,1,0,1,0,159974,300000,52,0,53.3,bonus_bs15_gae3_no,100,2575000,,,,"{""e190af25"":""32262\/50000@m18""}",65,37,19,12,17,22,5,1,2,52,28,14,10,10,21,4,0,2
83943,2026-04-10 17:43:38,2,2,2,goldSack,goldSack,goldSack,gold,1,true,4400000,51742693983402,232131,5,5,2,11,0,0,0,0,0,159974,300000,52,0,53.3,bonus_bs15_gae3_no,100,2575000,,,,,66,37,19,12,17,22,5,1,2,53,28,14,10,10,21,4,0,2
83944,2026-04-10 17:43:39,30,2,2,accumulation,goldSack,goldSack,gold,1,false,300000,51742694283402,232129,5,5,2,11,0,0,0,0,1,159976,300000,52,2,53.3,bonus_bs15_gae3_no,100,2575000,,,,,67,37,19,12,17,23,5,1,2,54,28,14,10,10,22,4,0,2
83945,2026-04-10 17:43:40,30,2,2,accumulation,goldSack,goldSack,gold,1,false,300000,51742694583402,232127,5,5,2,11,0,0,0,0,1,159978,300000,52,2,53.3,bonus_bs15_gae3_no,100,2575000,,,,"{""bffc7787"":""30517\/38000@m9""}",68,37,19,12,17,24,5,1,2,55,28,14,10,10,23,4,0,2
83946,2026-04-10 17:43:42,3,1,1,attack,coin,coin,gold,1,false,100000,51742694683402,232125,5,5,2,11,1,0,0,0,0,159978,300000,52,0,53.3,bonus_bs15_gae3_no,100,2575000,,,,,69,38,19,12,17,24,5,1,2,56,29,14,10,10,23,4,0,2
83947,2026-04-10 17:43:43,1,6,6,coin,spins,spins,gold,1,false,50000,51742694733402,232123,5,5,2,11,0,0,0,2,0,159978,300000,52,0,53.3,bonus_bs15_gae3_no,100,2575000,,,,,70,38,19,12,19,24,5,1,2,57,29,14,10,12,23,4,0,2
83948,2026-04-10 17:43:44,3,4,2,attack,steal,goldSack,gold,1,false,200000,51742694933402,232121,5,5,2,11,1,1,0,0,0,159978,300000,52,0,53.3,bonus_bs15_gae3_no,100,2575000,,,,,71,39,20,12,19,24,5,1,2,58,30,15,10,12,23,4,0,2
83949,2026-04-10 17:43:44,30,2,2,accumulation,goldSack,goldSack,gold,1,false,300000,51742695233402,232119,5,5,2,11,0,0,0,0,1,159980,300000,52,2,53.3,bonus_bs15_gae3_no,100,2575000,,,,,72,39,20,12,19,25,5,1,2,59,30,15,10,12,24,4,0,2
83950,2026-04-10 17:43:45,3,3,3,attack,attack,attack,attack,2,true,0,51742695233402,232117,5,5,2,11,3,0,0,0,0,159980,300000,52,0,53.3,bonus_bs15_gae3_no,100,2575000,,LongExtraDayReduced,LongExtraDayReduced,"{""slot_on_"":""36898\/55000@m24""}",73,42,20,12,19,25,6,1,2,60,33,15,10,12,24,5,0,2
83951,2026-04-10 17:43:49,1,1,1,coin,coin,coin,gold,1,true,500000,51742751733402,232115,5,5,2,11,0,0,0,0,0,159980,300000,52,0,53.3,bonus_bs15_gae3_no,100,2575000,,,,,74,42,20,12,19,25,6,1,2,61,33,15,10,12,24,5,0,2
83952,2026-04-10 17:43:50,3,1,5,attack,coin,shield,gold,1,false,50000,51742751783402,232113,5,5,2,11,1,0,1,0,0,159980,300000,52,0,53.3,bonus_bs15_gae3_no,100,2575000,,,,"{""e190af25"":""32266\/50000@m18""}",75,43,20,13,19,25,6,1,2,62,34,15,11,12,24,5,0,2
83953,2026-04-10 17:43:51,1,4,4,coin,steal,steal,gold,1,false,50000,51742751833402,232111,5,5,2,11,0,2,0,0,0,159980,300000,52,0,53.3,bonus_bs15_gae3_no,100,2575000,,,,,76,43,22,13,19,25,6,1,2,63,34,17,11,12,24,5,0,2
83954,2026-04-10 17:43:51,3,1,1,attack,coin,coin,gold,1,false,100000,51742751933402,232109,5,5,2,11,1,0,0,0,0,159980,300000,52,0,53.3,bonus_bs15_gae3_no,100,2575000,LongExtraDayReduced,,,"{""slot_on_"":""36900\/55000@m24"",""bffc7787"":""30519\/38000@m9""}",77,44,22,13,19,25,6,1,2,64,35,17,11,12,24,5,0,2
83955,2026-04-10 17:43:52,4,6,2,steal,spins,goldSack,gold,1,false,200000,51742752133402,232107,5,5,2,11,0,1,0,1,0,159980,300000,52,0,53.3,bonus_bs15_gae3_no,100,2575000,,,,,78,44,23,13,20,25,6,1,2,65,35,18,11,13,24,5,0,2
83956,2026-04-10 17:43:53,4,6,2,steal,spins,goldSack,gold,1,false,200000,51742752333402,232105,5,5,2,11,0,1,0,1,0,159980,300000,52,0,53.3,bonus_bs15_gae3_no,100,2575000,,,,"{""c5261ecd"":""3843\/4200@m80""}",79,44,24,13,21,25,6,1,2,66,35,19,11,14,24,5,0,2
83957,2026-04-10 17:43:55,5,5,5,shield,shield,shield,shield,3,true,2,51742752333402,232105,5,5,2,11,0,0,3,0,0,159980,300000,52,0,53.3,bonus_bs15_gae3_no,100,2575000,LongExtraDayReduced,,,"{""slot_on_"":""36902\/55000@m24""}",80,44,24,16,21,25,6,1,3,67,35,19,14,14,24,5,0,3
83958,2026-04-10 17:43:56,2,2,2,goldSack,goldSack,goldSack,gold,1,true,4400000,51742756733402,232103,5,5,2,11,0,0,0,0,0,159980,300000,52,0,53.3,bonus_bs15_gae3_no,100,2575000,,LongExtraDayReduced,,"{""slot_on_"":""36904\/55000@m24""}",81,44,24,16,21,25,6,1,3,68,35,19,14,14,24,5,0,3
83959,2026-04-10 17:43:57,2,2,2,goldSack,goldSack,goldSack,gold,1,true,4400000,51742761133402,232101,5,5,2,11,0,0,0,0,0,159980,300000,52,0,53.3,bonus_bs15_gae3_no,100,2575000,,,,,82,44,24,16,21,25,6,1,3,69,35,19,14,14,24,5,0,3
83960,2026-04-10 17:43:58,30,2,2,accumulation,goldSack,goldSack,gold,1,false,300000,51742761433402,232099,5,5,2,11,0,0,0,0,1,159982,300000,52,2,53.3,bonus_bs15_gae3_no,100,2575000,,,,,83,44,24,16,21,26,6,1,3,70,35,19,14,14,25,5,0,3
83961,2026-04-10 17:43:59,3,6,2,attack,spins,goldSack,gold,1,false,200000,51742761633402,232097,5,5,2,11,1,0,0,1,0,159982,300000,52,0,53.3,bonus_bs15_gae3_no,100,2575000,,,,,84,45,24,16,22,26,6,1,3,71,36,19,14,15,25,5,0,3
83962,2026-04-10 17:43:59,4,6,2,steal,spins,goldSack,gold,1,false,200000,51742761833402,232095,5,5,2,11,0,1,0,1,0,159982,300000,52,0,53.3,bonus_bs15_gae3_no,100,2575000,,,,"{""bffc7787"":""30521\/38000@m9""}",85,45,25,16,23,26,6,1,3,72,36,20,14,16,25,5,0,3
83963,2026-04-10 17:44:00,2,2,2,goldSack,goldSack,goldSack,gold,1,true,4400000,51742766233402,232093,5,5,2,11,0,0,0,0,0,159982,300000,52,0,53.3,bonus_bs15_gae3_no,100,2575000,,,,,86,45,25,16,23,26,6,1,3,73,36,20,14,16,25,5,0,3
83964,2026-04-10 17:44:01,4,6,2,steal,spins,goldSack,gold,1,false,200000,51742766433402,232091,5,5,2,11,0,1,0,1,0,159982,300000,52,0,53.3,bonus_bs15_gae3_no,100,2575000,,,,,87,45,26,16,24,26,6,1,3,74,36,21,14,17,25,5,0,3
83965,2026-04-10 17:44:02,5,5,5,shield,shield,shield,shield,3,true,2,51742766433402,232091,5,5,2,11,0,0,3,0,0,159982,300000,52,0,53.3,bonus_bs15_gae3_no,100,2575000,,,,"{""e190af25"":""32270\/50000@m18""}",88,45,26,19,24,26,6,1,4,75,36,21,17,17,25,5,0,4
83966,2026-04-10 17:44:03,4,6,2,steal,spins,goldSack,gold,1,false,200000,51742766633402,232089,5,5,2,11,0,1,0,1,0,159982,300000,52,0,53.3,bonus_bs15_gae3_no,100,2575000,,,,,89,45,27,19,25,26,6,1,4,76,36,22,17,18,25,5,0,4
83967,2026-04-10 17:44:04,1,4,4,coin,steal,steal,gold,1,false,50000,51742766683402,232087,5,5,2,11,0,2,0,0,0,159982,300000,52,0,53.3,bonus_bs15_gae3_no,100,2575000,,,,,90,45,29,19,25,26,6,1,4,77,36,24,17,18,25,5,0,4
83968,2026-04-10 17:44:05,30,30,1,accumulation,accumulation,coin,gold,1,false,50000,51742766733402,232085,5,5,2,11,0,0,0,0,2,159986,300000,52,4,53.3,bonus_bs15_gae3_no,100,2575000,,,,,91,45,29,19,25,28,6,1,4,78,36,24,17,18,27,5,0,4
83969,2026-04-10 17:44:06,3,1,1,attack,coin,coin,gold,1,false,100000,51742766833402,232083,5,5,2,11,1,0,0,0,0,159986,300000,52,0,53.3,bonus_bs15_gae3_no,100,2575000,,,LongExtraDayReduced,"{""slot_on_"":""36906\/55000@m24"",""bffc7787"":""30523\/38000@m9""}",92,46,29,19,25,28,6,1,4,79,37,24,17,18,27,5,0,4
83970,2026-04-10 17:44:07,3,1,1,attack,coin,coin,gold,1,false,100000,51742766933402,232081,5,5,2,11,1,0,0,0,0,159986,300000,52,0,53.3,bonus_bs15_gae3_no,100,2575000,,,,,93,47,29,19,25,28,6,1,4,80,38,24,17,18,27,5,0,4
83971,2026-04-10 17:44:08,3,3,3,attack,attack,attack,attack,2,true,0,51742766933402,232079,5,5,2,11,3,0,0,0,0,159986,300000,52,0,53.3,bonus_bs15_gae3_no,100,2575000,,,,,94,50,29,19,25,28,7,1,4,81,41,24,17,18,27,6,0,4
83972,2026-04-10 17:44:13,1,1,1,coin,coin,coin,gold,1,true,500000,51742785913402,232077,5,5,2,11,0,0,0,0,0,159986,300000,52,0,53.3,bonus_bs15_gae3_no,100,2575000,,,,,95,50,29,19,25,28,7,1,4,82,41,24,17,18,27,6,0,4
83973,2026-04-10 17:44:14,4,4,4,steal,steal,steal,steal,4,true,0,51742785913402,232075,5,5,2,11,0,3,0,0,0,159986,300000,52,0,53.3,bonus_bs15_gae3_no,100,2575000,,,,"{""e190af25"":""32274\/50000@m18""}",96,50,32,19,25,28,7,2,4,83,41,27,17,18,27,6,1,4
83974,2026-04-10 17:44:19,3,1,1,attack,coin,coin,gold,1,false,100000,51743089841402,232073,5,5,2,11,1,0,0,0,0,159986,300000,52,0,53.3,bonus_bs15_gae3_no,100,2575000,,,,,97,51,32,19,25,28,7,2,4,84,42,27,17,18,27,6,1,4
83975,2026-04-10 17:44:19,3,1,5,attack,coin,shield,gold,1,false,50000,51743089891402,232071,5,5,2,11,1,0,1,0,0,159986,300000,52,0,53.3,bonus_bs15_gae3_no,100,2575000,,,,,98,52,32,20,25,28,7,2,4,85,43,27,18,18,27,6,1,4
83976,2026-04-10 17:44:20,30,2,2,accumulation,goldSack,goldSack,gold,1,false,300000,51743090191402,232069,5,5,2,11,0,0,0,0,1,159988,300000,52,2,53.3,bonus_bs15_gae3_no,100,2575000,LongExtraDayReduced,,LongExtraDayReduced,"{""slot_on_"":""36910\/55000@m24""}",99,52,32,20,25,29,7,2,4,86,43,27,18,18,28,6,1,4
83977,2026-04-10 17:44:22,3,1,1,attack,coin,coin,gold,1,false,100000,51743090291402,232067,5,5,2,11,1,0,0,0,0,159988,300000,52,0,53.3,bonus_bs15_gae3_no,100,2575000,,,,,100,53,32,20,25,29,7,2,4,87,44,27,18,18,28,6,1,4
83978,2026-04-10 17:44:23,30,2,2,accumulation,goldSack,goldSack,gold,1,false,300000,51743090591402,232065,5,5,2,11,0,0,0,0,1,159990,300000,52,2,53.3,bonus_bs15_gae3_no,100,2575000,LongExtraDayReduced,,,"{""slot_on_"":""36912\/55000@m24""}",101,53,32,20,25,30,7,2,4,88,44,27,18,18,29,6,1,4
83979,2026-04-10 17:44:24,2,2,2,goldSack,goldSack,goldSack,gold,1,true,4400000,51743094991402,232063,5,5,2,11,0,0,0,0,0,159990,300000,52,0,53.3,bonus_bs15_gae3_no,100,2575000,,,,"{""e190af25"":""32278\/50000@m18""}",102,53,32,20,25,30,7,2,4,89,44,27,18,18,29,6,1,4
83980,2026-04-10 17:44:25,5,2,2,shield,goldSack,goldSack,gold,1,false,300000,51743095291402,232061,5,5,2,11,0,0,1,0,0,159990,300000,52,0,53.3,bonus_bs15_gae3_no,100,2575000,,LongExtraDayReduced,LongExtraDayReduced,"{""slot_on_"":""36916\/55000@m24""}",103,53,32,21,25,30,7,2,4,90,44,27,19,18,29,6,1,4
83981,2026-04-10 17:44:26,1,4,6,coin,steal,spins,gold,1,false,50000,51743095341402,232059,5,5,2,11,0,1,0,1,0,159990,300000,52,0,53.3,bonus_bs15_gae3_no,100,2575000,,,,"{""c5261ecd"":""3847\/4200@m80""}",104,53,33,21,26,30,7,2,4,91,44,28,19,19,29,6,1,4
83982,2026-04-10 17:44:27,1,1,1,coin,coin,coin,gold,1,true,500000,51743095841402,232057,5,5,2,11,0,0,0,0,0,159990,300000,52,0,53.3,bonus_bs15_gae3_no,100,2575000,,,,,105,53,33,21,26,30,7,2,4,92,44,28,19,19,29,6,1,4
83983,2026-04-10 17:44:28,3,3,3,attack,attack,attack,attack,2,true,0,51743095841402,232055,5,5,2,11,3,0,0,0,0,159990,300000,52,0,53.3,bonus_bs15_gae3_no,100,2575000,,,LongExtraDayReduced,"{""slot_on_"":""36918\/55000@m24"",""e190af25"":""32282\/50000@m18""}",106,56,33,21,26,30,8,2,4,93,47,28,19,19,29,7,1,4
83984,2026-04-10 17:44:32,3,3,2,attack,attack,goldSack,gold,1,false,200000,51743152041402,232053,5,5,2,11,2,0,0,0,0,159990,300000,52,0,53.3,bonus_bs15_gae3_no,100,2575000,,,,"{""bffc7787"":""30525\/38000@m9""}",107,58,33,21,26,30,8,2,4,94,49,28,19,19,29,7,1,4
83985,2026-04-10 17:44:33,5,5,5,shield,shield,shield,shield,3,true,2,51743152041402,232053,5,5,2,11,0,0,3,0,0,159990,300000,52,0,53.3,bonus_bs15_gae3_no,100,2575000,,,,,108,58,33,24,26,30,8,2,5,95,49,28,22,19,29,7,1,5
83986,2026-04-10 17:44:34,5,5,5,shield,shield,shield,shield,3,true,2,51743152041402,232053,5,5,2,11,0,0,3,0,0,159990,300000,52,0,53.3,bonus_bs15_gae3_no,100,2575000,,,,,109,58,33,27,26,30,8,2,6,96,49,28,25,19,29,7,1,6
83987,2026-04-10 17:44:35,3,3,2,attack,attack,goldSack,gold,1,false,200000,51743152241402,232051,5,5,2,11,2,0,0,0,0,159990,300000,52,0,53.3,bonus_bs15_gae3_no,100,2575000,,,,,110,60,33,27,26,30,8,2,6,97,51,28,25,19,29,7,1,6
83988,2026-04-10 17:44:36,30,2,2,accumulation,goldSack,goldSack,gold,1,false,300000,51743152541402,232049,5,5,2,11,0,0,0,0,1,159992,300000,52,2,53.3,bonus_bs15_gae3_no,100,2575000,,,,,111,60,33,27,26,31,8,2,6,98,51,28,25,19,30,7,1,6
83989,2026-04-10 17:44:37,2,2,2,goldSack,goldSack,goldSack,gold,1,true,4400000,51743156941402,232047,5,5,2,11,0,0,0,0,0,159992,300000,52,0,53.3,bonus_bs15_gae3_no,100,2575000,,,,,112,60,33,27,26,31,8,2,6,99,51,28,25,19,30,7,1,6
83990,2026-04-10 17:44:38,3,4,2,attack,steal,goldSack,gold,1,false,200000,51743157141402,232045,5,5,2,11,1,1,0,0,0,159992,300000,52,0,53.3,bonus_bs15_gae3_no,100,2575000,,,,,113,61,34,27,26,31,8,2,6,100,52,29,25,19,30,7,1,6
83991,2026-04-10 17:44:38,2,2,2,goldSack,goldSack,goldSack,gold,1,true,4400000,51743161541402,232043,5,5,2,11,0,0,0,0,0,159992,300000,52,0,53.3,bonus_bs15_gae3_no,100,2575000,,,,,114,61,34,27,26,31,8,2,6,101,52,29,25,19,30,7,1,6
83992,2026-04-10 17:44:39,3,3,3,attack,attack,attack,attack,2,true,0,51743161541402,232041,5,5,2,11,3,0,0,0,0,159992,300000,52,0,53.3,bonus_bs15_gae3_no,100,2575000,,,,,115,64,34,27,26,31,9,2,6,102,55,29,25,19,30,8,1,6
83993,2026-04-10 17:44:46,1,4,6,coin,steal,spins,gold,1,false,50000,51743180071402,232039,5,5,2,11,0,1,0,1,0,159992,300000,52,0,53.3,bonus_bs15_gae3_no,100,2575000,,,,,116,64,35,27,27,31,9,2,6,103,55,30,25,20,30,8,1,6
83994,2026-04-10 17:44:47,30,30,2,accumulation,accumulation,goldSack,gold,1,false,200000,51743180271402,232037,5,5,2,11,0,0,0,0,2,159996,300000,52,4,53.3,bonus_bs15_gae3_no,100,2575000,,,,,117,64,35,27,27,33,9,2,6,104,55,30,25,20,32,8,1,6
83995,2026-04-10 17:44:48,4,4,2,steal,steal,goldSack,gold,1,false,200000,51743180471402,232035,5,5,2,11,0,2,0,0,0,159996,300000,52,0,53.3,bonus_bs15_gae3_no,100,2575000,,LongExtraDayReduced,,"{""slot_on_"":""36920\/55000@m24""}",118,64,37,27,27,33,9,2,6,105,55,32,25,20,32,8,1,6
83996,2026-04-10 17:44:49,5,5,5,shield,shield,shield,shield,3,true,2,51743180471402,232035,5,5,2,11,0,0,3,0,0,159996,300000,52,0,53.3,bonus_bs15_gae3_no,100,2575000,,,,,119,64,37,30,27,33,9,2,7,106,55,32,28,20,32,8,1,7
83997,2026-04-10 17:44:50,6,6,6,spins,spins,spins,spins,5,true,20,51743180471402,232053,5,5,2,11,0,0,0,3,0,159996,300000,52,0,53.3,bonus_bs15_gae3_no,100,2575000,,,,,120,64,37,30,30,33,9,2,7,107,55,32,28,23,32,8,1,7
83998,2026-04-10 17:44:51,30,30,2,accumulation,accumulation,goldSack,gold,1,false,200000,51743180671402,232051,5,5,2,11,0,0,0,0,2,160000,300000,52,4,53.3,bonus_bs15_gae3_no,100,2575000,LongExtraDayReduced,,,"{""slot_on_"":""36922\/55000@m24"",""bffc7787"":""30527\/38000@m9""}",121,64,37,30,30,35,9,2,7,1,0,0,0,0,2,0,0,0
83999,2026-04-10 17:44:53,30,30,30,accumulation,accumulation,accumulation,gold,10,true,0,51743180671402,232049,5,5,2,11,0,0,0,0,3,160020,300000,52,20,53.3,bonus_bs15_gae3_no,100,2575000,,LongExtraDayReduced,,"{""slot_on_"":""36924\/55000@m24""}",122,64,37,30,30,38,9,2,7,2,0,0,0,0,5,0,0,0
84000,2026-04-10 17:45:09,30,2,2,accumulation,goldSack,goldSack,gold,1,false,300000,51743180971402,232047,5,5,2,11,0,0,0,0,1,160022,300000,52,2,53.3,bonus_bs15_gae3_no,100,2575000,,,LongExtraDayReduced,"{""slot_on_"":""36926\/55000@m24""}",1,0,0,0,0,1,0,0,0,3,0,0,0,0,6,0,0,0
84001,2026-04-10 17:45:10,3,3,3,attack,attack,attack,attack,2,true,0,51743180971402,232045,5,5,2,11,3,0,0,0,0,160022,300000,52,0,53.3,bonus_bs15_gae3_no,100,2575000,,,,"{""c5261ecd"":""3851\/4200@m80""}",2,3,0,0,0,1,1,0,0,4,3,0,0,0,6,1,0,0
84002,2026-04-10 17:45:14,1,6,6,coin,spins,spins,gold,1,false,50000,51743199501402,232043,5,5,2,11,0,0,0,2,0,160022,300000,52,0,53.3,bonus_bs15_gae3_no,100,2575000,,,,"{""e190af25"":""32286\/50000@m18""}",3,3,0,0,2,1,1,0,0,5,3,0,0,2,6,1,0,0
84003,2026-04-10 17:45:15,3,3,2,attack,attack,goldSack,gold,1,false,200000,51743199701402,232041,5,5,2,11,2,0,0,0,0,160022,300000,52,0,53.3,bonus_bs15_gae3_no,100,2575000,LongExtraDayReduced,,,"{""slot_on_"":""36928\/55000@m24""}",4,5,0,0,2,1,1,0,0,6,5,0,0,2,6,1,0,0
84004,2026-04-10 17:45:16,3,4,2,attack,steal,goldSack,gold,1,false,200000,51743199901402,232039,5,5,2,11,1,1,0,0,0,160022,300000,52,0,53.3,bonus_bs15_gae3_no,100,2575000,,,LongExtraDayReduced,"{""slot_on_"":""36930\/55000@m24""}",5,6,1,0,2,1,1,0,0,7,6,1,0,2,6,1,0,0
84005,2026-04-10 17:45:16,4,4,4,steal,steal,steal,steal,4,true,0,51743199901402,232037,5,5,2,11,0,3,0,0,0,160022,300000,52,0,53.3,bonus_bs15_gae3_no,100,2575000,,,,,6,6,4,0,2,1,1,1,0,8,6,4,0,2,6,1,1,0
84006,2026-04-10 17:45:22,4,4,4,steal,steal,steal,steal,4,true,0,51743448601402,232035,5,5,2,11,0,3,0,0,0,160022,300000,52,0,53.3,bonus_bs15_gae3_no,100,2575000,,,,,7,6,7,0,2,1,1,2,0,9,6,7,0,2,6,1,2,0
84007,2026-04-10 17:45:27,30,2,2,accumulation,goldSack,goldSack,gold,1,false,300000,51743809633402,232033,5,5,2,11,0,0,0,0,1,160024,300000,52,2,53.3,bonus_bs15_gae3_no,100,2575000,,LongExtraDayReduced,,"{""slot_on_"":""36932\/55000@m24""}",8,6,7,0,2,2,1,2,0,10,6,7,0,2,7,1,2,0
84008,2026-04-10 17:45:29,30,2,2,accumulation,goldSack,goldSack,gold,1,false,300000,51743809933402,232031,5,5,2,11,0,0,0,0,1,160026,300000,52,2,53.3,bonus_bs15_gae3_no,100,2575000,LongExtraDayReduced,,,"{""slot_on_"":""36934\/55000@m24"",""e190af25"":""32290\/50000@m18""}",9,6,7,0,2,3,1,2,0,11,6,7,0,2,8,1,2,0
84009,2026-04-10 17:45:30,3,1,6,attack,coin,spins,gold,1,false,50000,51743809983402,232029,5,5,2,11,1,0,0,1,0,160026,300000,52,0,53.3,bonus_bs15_gae3_no,100,2575000,LongExtraDayReduced,,LongExtraDayReduced,"{""slot_on_"":""36938\/55000@m24""}",10,7,7,0,3,3,1,2,0,12,7,7,0,3,8,1,2,0
84010,2026-04-10 17:45:31,3,1,1,attack,coin,coin,gold,1,false,100000,51743810083402,232027,5,5,2,11,1,0,0,0,0,160026,300000,52,0,53.3,bonus_bs15_gae3_no,100,2575000,,,,,11,8,7,0,3,3,1,2,0,13,8,7,0,3,8,1,2,0
84011,2026-04-10 17:45:32,1,4,6,coin,steal,spins,gold,1,false,50000,51743810133402,232025,5,5,2,11,0,1,0,1,0,160026,300000,52,0,53.3,bonus_bs15_gae3_no,100,2575000,LongExtraDayReduced,LongExtraDayReduced,LongExtraDayReduced,"{""slot_on_"":""36948\/55000@m24""}",12,8,8,0,4,3,1,2,0,14,8,8,0,4,8,1,2,0
84012,2026-04-10 17:45:32,3,3,2,attack,attack,goldSack,gold,1,false,200000,51743810333402,232023,5,5,2,11,2,0,0,0,0,160026,300000,52,0,53.3,bonus_bs15_gae3_no,100,2575000,,,,,13,10,8,0,4,3,1,2,0,15,10,8,0,4,8,1,2,0
84013,2026-04-10 17:45:33,1,4,6,coin,steal,spins,gold,1,false,50000,51743810383402,232021,5,5,2,11,0,1,0,1,0,160026,300000,52,0,53.3,bonus_bs15_gae3_no,100,2575000,,,,,14,10,9,0,5,3,1,2,0,16,10,9,0,5,8,1,2,0
84014,2026-04-10 17:45:34,30,2,2,accumulation,goldSack,goldSack,gold,1,false,300000,51743810683402,232019,5,5,2,11,0,0,0,0,1,160028,300000,52,2,53.3,bonus_bs15_gae3_no,100,2575000,LongExtraDayReduced,,,"{""slot_on_"":""36950\/55000@m24""}",15,10,9,0,5,4,1,2,0,17,10,9,0,5,9,1,2,0
84015,2026-04-10 17:45:35,30,30,2,accumulation,accumulation,goldSack,gold,1,false,200000,51743810883402,232017,5,5,2,11,0,0,0,0,2,160032,300000,52,4,53.3,bonus_bs15_gae3_no,100,2575000,,,,,16,10,9,0,5,6,1,2,0,18,10,9,0,5,11,1,2,0
84016,2026-04-10 17:45:36,1,4,6,coin,steal,spins,gold,1,false,50000,51743810933402,232015,5,5,2,11,0,1,0,1,0,160032,300000,52,0,53.3,bonus_bs15_gae3_no,100,2575000,,,,,17,10,10,0,6,6,1,2,0,19,10,10,0,6,11,1,2,0
84017,2026-04-10 17:45:37,3,4,2,attack,steal,goldSack,gold,1,false,200000,51743811133402,232013,5,5,2,11,1,1,0,0,0,160032,300000,52,0,53.3,bonus_bs15_gae3_no,100,2575000,,,,"{""e190af25"":""32294\/50000@m18"",""bffc7787"":""30529\/38000@m9""}",18,11,11,0,6,6,1,2,0,20,11,11,0,6,11,1,2,0
84018,2026-04-10 17:45:38,3,3,2,attack,attack,goldSack,gold,1,false,200000,51743811333402,232011,5,5,2,11,2,0,0,0,0,160032,300000,52,0,53.3,bonus_bs15_gae3_no,100,2575000,LongExtraDayReduced,,,"{""slot_on_"":""36952\/55000@m24""}",19,13,11,0,6,6,1,2,0,21,13,11,0,6,11,1,2,0
84019,2026-04-10 17:45:39,3,3,3,attack,attack,attack,attack,2,true,0,51743811333402,232009,5,5,2,11,3,0,0,0,0,160032,300000,52,0,53.3,bonus_bs15_gae3_no,100,2575000,,LongExtraDayReduced,,"{""slot_on_"":""36954\/55000@m24""}",20,16,11,0,6,6,2,2,0,22,16,11,0,6,11,2,2,0
84020,2026-04-10 17:45:43,3,1,6,attack,coin,spins,gold,1,false,50000,51743829863402,232007,5,5,2,11,1,0,0,1,0,160032,300000,52,0,53.3,bonus_bs15_gae3_no,100,2575000,,,,,21,17,11,0,7,6,2,2,0,23,17,11,0,7,11,2,2,0
84021,2026-04-10 17:45:44,3,3,2,attack,attack,goldSack,gold,1,false,200000,51743830063402,232005,5,5,2,11,2,0,0,0,0,160032,300000,52,0,53.3,bonus_bs15_gae3_no,100,2575000,,,,,22,19,11,0,7,6,2,2,0,24,19,11,0,7,11,2,2,0
84022,2026-04-10 17:45:44,3,4,2,attack,steal,goldSack,gold,1,false,200000,51743830263402,232003,5,5,2,11,1,1,0,0,0,160032,300000,52,0,53.3,bonus_bs15_gae3_no,100,2575000,,,,,23,20,12,0,7,6,2,2,0,25,20,12,0,7,11,2,2,0
84023,2026-04-10 17:45:45,2,2,2,goldSack,goldSack,goldSack,gold,1,true,4400000,51743834663402,232001,5,5,2,11,0,0,0,0,0,160032,300000,52,0,53.3,bonus_bs15_gae3_no,100,2575000,,,,,24,20,12,0,7,6,2,2,0,26,20,12,0,7,11,2,2,0
84024,2026-04-10 17:45:46,1,6,6,coin,spins,spins,gold,1,false,50000,51743834713402,231999,5,5,2,11,0,0,0,2,0,160032,300000,52,0,53.3,bonus_bs15_gae3_no,100,2575000,,,,,25,20,12,0,9,6,2,2,0,27,20,12,0,9,11,2,2,0
84025,2026-04-10 17:45:46,1,4,6,coin,steal,spins,gold,1,false,50000,51743834763402,231997,5,5,2,11,0,1,0,1,0,160032,300000,52,0,53.3,bonus_bs15_gae3_no,100,2575000,,,,,26,20,13,0,10,6,2,2,0,28,20,13,0,10,11,2,2,0
84026,2026-04-10 17:45:47,1,1,1,coin,coin,coin,gold,1,true,500000,51743835263402,231995,5,5,2,11,0,0,0,0,0,160032,300000,52,0,53.3,bonus_bs15_gae3_no,100,2575000,,,,"{""c5261ecd"":""3855\/4200@m80""}",27,20,13,0,10,6,2,2,0,29,20,13,0,10,11,2,2,0
84027,2026-04-10 17:45:48,3,3,3,attack,attack,attack,attack,2,true,0,51743835263402,231993,5,5,2,11,3,0,0,0,0,160032,300000,52,0,53.3,bonus_bs15_gae3_no,100,2575000,,,,"{""bffc7787"":""30531\/38000@m9""}",28,23,13,0,10,6,3,2,0,30,23,13,0,10,11,3,2,0
84028,2026-04-10 17:45:53,3,1,1,attack,coin,coin,gold,1,false,100000,51743891363402,231991,5,5,2,11,1,0,0,0,0,160032,300000,52,0,53.3,bonus_bs15_gae3_no,100,2575000,,,,"{""e190af25"":""32298\/50000@m18""}",29,24,13,0,10,6,3,2,0,31,24,13,0,10,11,3,2,0
84029,2026-04-10 17:45:54,3,1,1,attack,coin,coin,gold,1,false,100000,51743891463402,231989,5,5,2,11,1,0,0,0,0,160032,300000,52,0,53.3,bonus_bs15_gae3_no,100,2575000,,,,,30,25,13,0,10,6,3,2,0,32,25,13,0,10,11,3,2,0
84030,2026-04-10 17:45:54,30,2,2,accumulation,goldSack,goldSack,gold,1,false,300000,51743891763402,231987,5,5,2,11,0,0,0,0,1,160034,300000,52,2,53.3,bonus_bs15_gae3_no,100,2575000,LongExtraDayReduced,,,"{""slot_on_"":""36956\/55000@m24""}",31,25,13,0,10,7,3,2,0,33,25,13,0,10,12,3,2,0
84031,2026-04-10 17:45:57,4,4,4,steal,steal,steal,steal,4,true,0,51743891763402,231937,5,5,50,11,0,3,0,0,0,160034,300000,52,0,53.3,bonus_bs15_gae3_no,100,2575000,,,,,32,25,16,0,10,7,3,3,0,34,25,16,0,10,12,3,3,0
84032,2026-04-10 17:46:01,6,6,6,spins,spins,spins,spins,5,true,500,51755379663402,232387,5,5,50,11,0,0,0,3,0,160034,300000,52,0,53.3,bonus_bs15_gae3_no,100,2575000,,,,,33,25,16,0,13,7,3,3,0,35,25,16,0,13,12,3,3,0
84033,2026-04-10 17:46:02,1,4,5,coin,steal,shield,gold,1,false,1250000,51755380913402,232337,5,5,50,11,0,1,1,0,0,160034,300000,52,0,53.3,bonus_bs15_gae3_no,100,2575000,,LongExtraDayReduced,,"{""slot_on_"":""37006\/55000@m24""}",34,25,17,1,13,7,3,3,0,1,0,1,1,0,0,0,0,0
84034,2026-04-10 17:46:03,30,2,2,accumulation,goldSack,goldSack,gold,1,false,7500000,51755388413402,232287,5,5,50,11,0,0,0,0,1,160084,300000,52,50,53.4,bonus_bs15_gae3_no,100,2575000,,,,,35,25,17,1,13,8,3,3,0,2,0,1,1,0,1,0,0,0
84035,2026-04-10 17:46:14,30,2,2,accumulation,goldSack,goldSack,gold,1,false,7500000,51755395913402,232237,5,5,50,11,0,0,0,0,1,160134,300000,52,50,53.4,bonus_bs15_gae3_no,100,2575000,,,,,36,25,17,1,13,9,3,3,0,3,0,1,1,0,2,0,0,0
84036,2026-04-10 17:46:15,1,4,5,coin,steal,shield,gold,1,false,1250000,51755397163402,232187,5,5,50,11,0,1,1,0,0,160134,300000,52,0,53.4,bonus_bs15_gae3_no,100,2575000,LongExtraDayReduced,,LongExtraDayReduced,"{""slot_on_"":""37106\/55000@m24""}",37,25,18,2,13,9,3,3,0,4,0,2,2,0,2,0,0,0
84037,2026-04-10 17:46:18,2,2,2,goldSack,goldSack,goldSack,gold,1,true,110000000,51755507163402,232137,5,5,50,11,0,0,0,0,0,160134,300000,52,0,53.4,bonus_bs15_gae3_no,100,2575000,,LongExtraDayReduced,,"{""slot_on_"":""37156\/55000@m24"",""e190af25"":""32398\/50000@m18""}",38,25,18,2,13,9,3,3,0,5,0,2,2,0,2,0,0,0
84038,2026-04-10 17:46:22,1,6,6,coin,spins,spins,gold,1,false,1250000,51755508413402,232087,5,5,50,11,0,0,0,2,0,160134,300000,52,0,53.4,bonus_bs15_gae3_no,100,2575000,,,,,39,25,18,2,15,9,3,3,0,6,0,2,2,2,2,0,0,0
84039,2026-04-10 17:46:23,30,2,2,accumulation,goldSack,goldSack,gold,1,false,7500000,51755515913402,232037,5,5,50,11,0,0,0,0,1,160184,300000,52,50,53.4,bonus_bs15_gae3_no,100,2575000,,,,,40,25,18,2,15,10,3,3,0,7,0,2,2,2,3,0,0,0
84040,2026-04-10 17:46:24,30,2,2,accumulation,goldSack,goldSack,gold,1,false,7500000,51755523413402,231987,5,5,50,11,0,0,0,0,1,160234,300000,52,50,53.4,bonus_bs15_gae3_no,100,2575000,,,,,41,25,18,2,15,11,3,3,0,8,0,2,2,2,4,0,0,0
84041,2026-04-10 17:46:25,1,4,4,coin,steal,steal,gold,1,false,1250000,51755524663402,231937,5,5,50,11,0,2,0,0,0,160234,300000,52,0,53.4,bonus_bs15_gae3_no,100,2575000,,,,,42,25,20,2,15,11,3,3,0,9,0,4,2,2,4,0,0,0
84042,2026-04-10 17:46:26,3,6,2,attack,spins,goldSack,gold,1,false,5000000,51755529663402,231887,5,5,50,11,1,0,0,1,0,160234,300000,52,0,53.4,bonus_bs15_gae3_no,100,2575000,,,,"{""c5261ecd"":""3955\/4200@m80"",""bffc7787"":""30581\/38000@m9""}",43,26,20,2,16,11,3,3,0,10,1,4,2,3,4,0,0,0
84043,2026-04-10 17:46:27,3,4,2,attack,steal,goldSack,gold,1,false,5000000,51755534663402,231837,5,5,50,11,1,1,0,0,0,160234,300000,52,0,53.4,bonus_bs15_gae3_no,100,2575000,,,,,44,27,21,2,16,11,3,3,0,11,2,5,2,3,4,0,0,0
84044,2026-04-10 17:46:28,3,6,2,attack,spins,goldSack,gold,1,false,5000000,51755539663402,231787,5,5,50,11,1,0,0,1,0,160234,300000,52,0,53.4,bonus_bs15_gae3_no,100,2575000,,,,,45,28,21,2,17,11,3,3,0,12,3,5,2,4,4,0,0,0
84045,2026-04-10 17:46:29,30,30,1,accumulation,accumulation,coin,gold,1,false,1250000,51755540913402,231737,5,5,50,11,0,0,0,0,2,160334,300000,52,100,53.4,bonus_bs15_gae3_no,100,2575000,,,,,46,28,21,2,17,13,3,3,0,13,3,5,2,4,6,0,0,0
84046,2026-04-10 17:46:30,3,6,2,attack,spins,goldSack,gold,1,false,5000000,51755545913402,231687,5,5,50,11,1,0,0,1,0,160334,300000,52,0,53.4,bonus_bs15_gae3_no,100,2575000,,,,"{""e190af25"":""32498\/50000@m18""}",47,29,21,2,18,13,3,3,0,14,4,5,2,5,6,0,0,0
84047,2026-04-10 17:46:31,1,4,5,coin,steal,shield,gold,1,false,1250000,51755547163402,231637,5,5,50,11,0,1,1,0,0,160334,300000,52,0,53.4,bonus_bs15_gae3_no,100,2575000,,,,,48,29,22,3,18,13,3,3,0,15,4,6,3,5,6,0,0,0
84048,2026-04-10 17:46:31,3,3,3,attack,attack,attack,attack,2,true,0,51755547163402,231587,5,5,50,11,3,0,0,0,0,160334,300000,52,0,53.4,bonus_bs15_gae3_no,100,2575000,,,,,49,32,22,3,18,13,4,3,0,16,7,6,3,5,6,1,0,0
84049,2026-04-10 17:46:35,1,1,1,coin,coin,coin,gold,1,true,12500000,51756959663402,231537,5,5,50,11,0,0,0,0,0,160334,300000,52,0,53.4,bonus_bs15_gae3_no,100,2575000,,LongExtraDayReduced,,"{""slot_on_"":""37206\/55000@m24""}",50,32,22,3,18,13,4,3,0,17,7,6,3,5,6,1,0,0
84050,2026-04-10 17:46:36,2,2,2,goldSack,goldSack,goldSack,gold,1,true,110000000,51757069663402,231487,5,5,50,11,0,0,0,0,0,160334,300000,52,0,53.4,bonus_bs15_gae3_no,100,2575000,LongExtraDayReduced,LongExtraDayReduced,LongExtraDayReduced,"{""slot_on_"":""37456\/55000@m24""}",51,32,22,3,18,13,4,3,0,18,7,6,3,5,6,1,0,0
84051,2026-04-10 17:46:37,30,2,2,accumulation,goldSack,goldSack,gold,1,false,7500000,51757077163402,231437,5,5,50,11,0,0,0,0,1,160384,300000,52,50,53.5,bonus_bs15_gae3_no,100,2575000,,,,,52,32,22,3,18,14,4,3,0,19,7,6,3,5,7,1,0,0
84052,2026-04-10 17:46:38,5,5,5,shield,shield,shield,shield,3,true,50,51757077163402,231437,5,5,50,11,0,0,3,0,0,160384,300000,52,0,53.5,bonus_bs15_gae3_no,100,2575000,,,LongExtraDayReduced,"{""slot_on_"":""37506\/55000@m24""}",53,32,22,6,18,14,4,3,1,20,7,6,6,5,7,1,0,1
84053,2026-04-10 17:46:39,1,1,1,coin,coin,coin,gold,1,true,12500000,51757089663402,231387,5,5,50,11,0,0,0,0,0,160384,300000,52,0,53.5,bonus_bs15_gae3_no,100,2575000,,,,,54,32,22,6,18,14,4,3,1,21,7,6,6,5,7,1,0,1
84054,2026-04-10 17:46:40,3,6,2,attack,spins,goldSack,gold,1,false,5000000,51757094663402,231337,5,5,50,11,1,0,0,1,0,160384,300000,52,0,53.5,bonus_bs15_gae3_no,100,2575000,,,,,55,33,22,6,19,14,4,3,1,22,8,6,6,6,7,1,0,1
84055,2026-04-10 17:46:41,3,6,2,attack,spins,goldSack,gold,1,false,5000000,51757099663402,231287,5,5,50,11,1,0,0,1,0,160384,300000,52,0,53.5,bonus_bs15_gae3_no,100,2575000,,,,"{""bffc7787"":""30631\/38000@m9""}",56,34,22,6,20,14,4,3,1,23,9,6,6,7,7,1,0,1
84056,2026-04-10 17:46:42,3,6,2,attack,spins,goldSack,gold,1,false,5000000,51757104663402,231237,5,5,50,11,1,0,0,1,0,160384,300000,52,0,53.5,bonus_bs15_gae3_no,100,2575000,LongExtraDayReduced,,,"{""slot_on_"":""37556\/55000@m24""}",57,35,22,6,21,14,4,3,1,24,10,6,6,8,7,1,0,1
84057,2026-04-10 17:46:43,1,4,6,coin,steal,spins,gold,1,false,1250000,51757105913402,231187,5,5,50,11,0,1,0,1,0,160384,300000,52,0,53.5,bonus_bs15_gae3_no,100,2575000,,,,,58,35,23,6,22,14,4,3,1,25,10,7,6,9,7,1,0,1
84058,2026-04-10 17:46:44,30,2,2,accumulation,goldSack,goldSack,gold,1,false,7500000,51757113413402,231137,5,5,50,11,0,0,0,0,1,160434,300000,52,50,53.5,bonus_bs15_gae3_no,100,2575000,,,,,59,35,23,6,22,15,4,3,1,26,10,7,6,9,8,1,0,1
84059,2026-04-10 17:46:45,2,2,2,goldSack,goldSack,goldSack,gold,1,true,110000000,51757223413402,231087,5,5,50,11,0,0,0,0,0,160434,300000,52,0,53.5,bonus_bs15_gae3_no,100,2575000,,,,,60,35,23,6,22,15,4,3,1,27,10,7,6,9,8,1,0,1
84060,2026-04-10 17:46:46,3,3,3,attack,attack,attack,attack,2,true,0,51757223413402,231037,5,5,50,11,3,0,0,0,0,160434,300000,52,0,53.5,bonus_bs15_gae3_no,100,2575000,,,,"{""e190af25"":""32598\/50000@m18""}",61,38,23,6,22,15,5,3,1,28,13,7,6,9,8,2,0,1
84061,2026-04-10 17:46:51,4,4,4,steal,steal,steal,steal,4,true,0,51757685413402,230987,5,5,50,11,0,3,0,0,0,160434,300000,52,0,53.5,bonus_bs15_gae3_no,100,2575000,,,,,62,38,26,6,22,15,5,4,1,29,13,10,6,9,8,2,1,1
84062,2026-04-10 17:46:58,1,4,6,coin,steal,spins,gold,1,false,1250000,51763919163402,230937,5,5,50,11,0,1,0,1,0,160434,300000,52,0,53.5,bonus_bs15_gae3_no,100,2575000,,,,,63,38,27,6,23,15,5,4,1,30,13,11,6,10,8,2,1,1
84063,2026-04-10 17:47:02,3,3,2,attack,attack,goldSack,gold,1,false,5000000,51763924163402,230887,5,5,50,11,2,0,0,0,0,160434,300000,52,0,53.5,bonus_bs15_gae3_no,100,2575000,,,,"{""e190af25"":""32698\/50000@m18""}",64,40,27,6,23,15,5,4,1,31,15,11,6,10,8,2,1,1
84064,2026-04-10 17:47:03,30,2,2,accumulation,goldSack,goldSack,gold,1,false,7500000,51763931663402,230837,5,5,50,11,0,0,0,0,1,160484,300000,52,50,53.5,bonus_bs15_gae3_no,100,2575000,,,,,65,40,27,6,23,16,5,4,1,32,15,11,6,10,9,2,1,1
84065,2026-04-10 17:47:04,30,30,1,accumulation,accumulation,coin,gold,1,false,1250000,51763932913402,230787,5,5,50,11,0,0,0,0,2,160584,300000,52,100,53.5,bonus_bs15_gae3_no,100,2575000,,,,"{""c5261ecd"":""4055\/4200@m80""}",66,40,27,6,23,18,5,4,1,33,15,11,6,10,11,2,1,1
84066,2026-04-10 17:47:06,4,4,4,steal,steal,steal,steal,4,true,0,51763932913402,230737,5,5,50,11,0,3,0,0,0,160584,300000,52,0,53.5,bonus_bs15_gae3_no,100,2575000,,,,,67,40,30,6,23,18,5,5,1,34,15,14,6,10,11,2,2,1
84067,2026-04-10 17:47:11,30,30,1,accumulation,accumulation,coin,gold,1,false,1250000,51772486563402,230687,5,5,50,11,0,0,0,0,2,160684,300000,52,100,53.6,bonus_bs15_gae3_no,100,2575000,,,,"{""bffc7787"":""30681\/38000@m9""}",68,40,30,6,23,20,5,5,1,35,15,14,6,10,13,2,2,1
84068,2026-04-10 17:47:13,1,6,6,coin,spins,spins,gold,1,false,1250000,51772487813402,230637,5,5,50,11,0,0,0,2,0,160684,300000,52,0,53.6,bonus_bs15_gae3_no,100,2575000,,,,,69,40,30,6,25,20,5,5,1,36,15,14,6,12,13,2,2,1
84069,2026-04-10 17:47:13,3,6,2,attack,spins,goldSack,gold,1,false,5000000,51772492813402,230587,5,5,50,11,1,0,0,1,0,160684,300000,52,0,53.6,bonus_bs15_gae3_no,100,2575000,,,,,70,41,30,6,26,20,5,5,1,37,16,14,6,13,13,2,2,1
84070,2026-04-10 17:47:14,1,6,6,coin,spins,spins,gold,1,false,1250000,51772494063402,230537,5,5,50,11,0,0,0,2,0,160684,300000,52,0,53.6,bonus_bs15_gae3_no,100,2575000,,LongExtraDayReduced,,"{""slot_on_"":""37606\/55000@m24"",""e190af25"":""32798\/50000@m18""}",71,41,30,6,28,20,5,5,1,38,16,14,6,15,13,2,2,1
84071,2026-04-10 17:47:15,1,1,1,coin,coin,coin,gold,1,true,12500000,51772506563402,230487,5,5,50,11,0,0,0,0,0,160684,300000,52,0,53.6,bonus_bs15_gae3_no,100,2575000,,,,,72,41,30,6,28,20,5,5,1,39,16,14,6,15,13,2,2,1
84072,2026-04-10 17:47:16,1,5,5,coin,shield,shield,gold,1,false,1250000,51772507813402,230437,5,5,50,11,0,0,2,0,0,160684,300000,52,0,53.6,bonus_bs15_gae3_no,100,2575000,,,,,73,41,30,8,28,20,5,5,1,40,16,14,8,15,13,2,2,1
84073,2026-04-10 17:47:17,2,2,2,goldSack,goldSack,goldSack,gold,1,true,110000000,51772617813402,230387,5,5,50,11,0,0,0,0,0,160684,300000,52,0,53.6,bonus_bs15_gae3_no,100,2575000,,,,,74,41,30,8,28,20,5,5,1,41,16,14,8,15,13,2,2,1
84074,2026-04-10 17:47:17,1,1,1,coin,coin,coin,gold,1,true,12500000,51772630313402,230337,5,5,50,11,0,0,0,0,0,160684,300000,52,0,53.6,bonus_bs15_gae3_no,100,2575000,,LongExtraDayReduced,LongExtraDayReduced,"{""slot_on_"":""37706\/55000@m24""}",75,41,30,8,28,20,5,5,1,42,16,14,8,15,13,2,2,1
84075,2026-04-10 17:47:18,2,2,2,goldSack,goldSack,goldSack,gold,1,true,110000000,51772740313402,230287,5,5,50,11,0,0,0,0,0,160684,300000,52,0,53.6,bonus_bs15_gae3_no,100,2575000,LongExtraDayReduced,,,"{""slot_on_"":""37756\/55000@m24""}",76,41,30,8,28,20,5,5,1,43,16,14,8,15,13,2,2,1
84076,2026-04-10 17:47:19,3,3,2,attack,attack,goldSack,gold,1,false,5000000,51772745313402,230237,5,5,50,11,2,0,0,0,0,160684,300000,52,0,53.6,bonus_bs15_gae3_no,100,2575000,,,,"{""bffc7787"":""30731\/38000@m9""}",77,43,30,8,28,20,5,5,1,44,18,14,8,15,13,2,2,1
84077,2026-04-10 17:47:20,30,30,3,accumulation,accumulation,attack,gold,6,false,0,51772745313402,230187,5,5,50,11,1,0,0,0,2,160784,300000,52,100,53.6,bonus_bs15_gae3_no,100,2575000,,,,,78,44,30,8,28,22,5,5,1,45,19,14,8,15,15,2,2,1
84078,2026-04-10 17:47:21,30,2,2,accumulation,goldSack,goldSack,gold,1,false,7500000,51772752813402,230137,5,5,50,11,0,0,0,0,1,160834,300000,52,50,53.6,bonus_bs15_gae3_no,100,2575000,,LongExtraDayReduced,,"{""slot_on_"":""37806\/55000@m24""}",79,44,30,8,28,23,5,5,1,46,19,14,8,15,16,2,2,1
84079,2026-04-10 17:47:23,1,1,4,coin,coin,steal,gold,1,false,2500000,51772755313402,230087,5,5,50,11,0,1,0,0,0,160834,300000,52,0,53.6,bonus_bs15_gae3_no,100,2575000,,,,,80,44,31,8,28,23,5,5,1,47,19,15,8,15,16,2,2,1
84080,2026-04-10 17:47:24,1,4,4,coin,steal,steal,gold,1,false,1250000,51772756563402,230037,5,5,50,11,0,2,0,0,0,160834,300000,52,0,53.6,bonus_bs15_gae3_no,100,2575000,LongExtraDayReduced,,,"{""slot_on_"":""37856\/55000@m24""}",81,44,33,8,28,23,5,5,1,48,19,17,8,15,16,2,2,1
84081,2026-04-10 17:47:25,3,3,3,attack,attack,attack,attack,2,true,0,51772756563402,229987,5,5,50,11,3,0,0,0,0,160834,300000,52,0,53.6,bonus_bs15_gae3_no,100,2575000,LongExtraDayReduced,LongExtraDayReduced,,"{""slot_on_"":""37956\/55000@m24""}",82,47,33,8,28,23,6,5,1,49,22,17,8,15,16,3,2,1
84082,2026-04-10 17:47:32,3,1,1,attack,coin,coin,gold,1,false,2500000,51773221063402,229937,5,5,50,11,1,0,0,0,0,160834,300000,52,0,53.6,bonus_bs15_gae3_no,100,2575000,,,,"{""e190af25"":""32898\/50000@m18""}",83,48,33,8,28,23,6,5,1,50,23,17,8,15,16,3,2,1
84083,2026-04-10 17:47:33,3,3,2,attack,attack,goldSack,gold,1,false,5000000,51773226063402,229887,5,5,50,11,2,0,0,0,0,160834,300000,52,0,53.6,bonus_bs15_gae3_no,100,2575000,,,,,84,50,33,8,28,23,6,5,1,51,25,17,8,15,16,3,2,1
84084,2026-04-10 17:47:33,3,6,2,attack,spins,goldSack,gold,1,false,5000000,51773231063402,229837,5,5,50,11,1,0,0,1,0,160834,300000,52,0,53.6,bonus_bs15_gae3_no,100,2575000,,,,,85,51,33,8,29,23,6,5,1,52,26,17,8,16,16,3,2,1
84085,2026-04-10 17:47:34,1,1,1,coin,coin,coin,gold,1,true,12500000,51773243563402,229787,5,5,50,11,0,0,0,0,0,160834,300000,52,0,53.6,bonus_bs15_gae3_no,100,2575000,,,LongExtraDayReduced,"{""slot_on_"":""38006\/55000@m24""}",86,51,33,8,29,23,6,5,1,53,26,17,8,16,16,3,2,1
84086,2026-04-10 17:47:35,1,1,4,coin,coin,steal,gold,1,false,2500000,51773246063402,229737,5,5,50,11,0,1,0,0,0,160834,300000,52,0,53.6,bonus_bs15_gae3_no,100,2575000,,,,,87,51,34,8,29,23,6,5,1,54,26,18,8,16,16,3,2,1
84087,2026-04-10 17:47:35,3,3,2,attack,attack,goldSack,gold,1,false,5000000,51773251063402,229687,5,5,50,11,2,0,0,0,0,160834,300000,52,0,53.6,bonus_bs15_gae3_no,100,2575000,,,,,88,53,34,8,29,23,6,5,1,55,28,18,8,16,16,3,2,1
84088,2026-04-10 17:47:36,30,2,2,accumulation,goldSack,goldSack,gold,1,false,7500000,51773258563402,229637,5,5,50,11,0,0,0,0,1,160884,300000,52,50,53.6,bonus_bs15_gae3_no,100,2575000,,,,"{""c5261ecd"":""4155\/4200@m80""}",89,53,34,8,29,24,6,5,1,56,28,18,8,16,17,3,2,1
84089,2026-04-10 17:47:37,1,4,4,coin,steal,steal,gold,1,false,1250000,51773259813402,229587,5,5,50,11,0,2,0,0,0,160884,300000,52,0,53.6,bonus_bs15_gae3_no,100,2575000,,,,,90,53,36,8,29,24,6,5,1,57,28,20,8,16,17,3,2,1
84090,2026-04-10 17:47:38,30,2,2,accumulation,goldSack,goldSack,gold,1,false,7500000,51773267313402,229537,5,5,50,11,0,0,0,0,1,160934,300000,52,50,53.6,bonus_bs15_gae3_no,100,2575000,,LongExtraDayReduced,,"{""slot_on_"":""38056\/55000@m24""}",91,53,36,8,29,25,6,5,1,58,28,20,8,16,18,3,2,1
84091,2026-04-10 17:47:39,1,1,4,coin,coin,steal,gold,1,false,2500000,51773269813402,229487,5,5,50,11,0,1,0,0,0,160934,300000,52,0,53.6,bonus_bs15_gae3_no,100,2575000,LongExtraDayReduced,LongExtraDayReduced,,"{""slot_on_"":""38156\/55000@m24""}",92,53,37,8,29,25,6,5,1,59,28,21,8,16,18,3,2,1
84092,2026-04-10 17:47:40,30,2,2,accumulation,goldSack,goldSack,gold,1,false,7500000,51773277313402,229437,5,5,50,11,0,0,0,0,1,160984,300000,52,50,53.7,bonus_bs15_gae3_no,100,2575000,,,,,93,53,37,8,29,26,6,5,1,60,28,21,8,16,19,3,2,1
84093,2026-04-10 17:47:42,30,2,2,accumulation,goldSack,goldSack,gold,1,false,60000000,51773337313402,229037,5,5,400,11,0,0,0,0,1,161384,300000,52,400,53.8,bonus_bs15_gae3_no,100,2575000,LongExtraDayReduced,,,"{""slot_on_"":""38556\/55000@m24""}",94,53,37,8,29,27,6,5,1,61,28,21,8,16,20,3,2,1
84094,2026-04-10 17:47:44,1,4,6,coin,steal,spins,gold,1,false,10000000,51773347313402,228637,5,5,400,11,0,1,0,1,0,161384,300000,52,0,53.8,bonus_bs15_gae3_no,100,2575000,,,LongExtraDayReduced,"{""slot_on_"":""38956\/55000@m24""}",95,53,38,8,30,27,6,5,1,62,28,22,8,17,20,3,2,1
84095,2026-04-10 17:47:44,5,5,5,shield,shield,shield,shield,3,true,400,51773347313402,228637,5,5,400,11,0,0,3,0,0,161384,300000,52,0,53.8,bonus_bs15_gae3_no,100,2575000,LongExtraDayReduced,,LongExtraDayReduced,"{""slot_on_"":""39756\/55000@m24""}",96,53,38,11,30,27,6,5,2,63,28,22,11,17,20,3,2,2
84096,2026-04-10 17:47:46,3,3,3,attack,attack,attack,attack,2,true,0,51773347313402,228237,5,5,400,11,3,0,0,0,0,161384,300000,52,0,53.8,bonus_bs15_gae3_no,100,2575000,,,,,97,56,38,11,30,27,7,5,2,64,31,22,11,17,20,4,2,2
84097,2026-04-10 17:47:50,30,2,2,accumulation,goldSack,goldSack,gold,1,false,60000000,51777103313402,227837,5,5,400,11,0,0,0,0,1,161784,300000,52,400,53.9,bonus_bs15_gae3_no,100,2575000,,,,"{""bffc7787"":""31131\/38000@m9""}",98,56,38,11,30,28,7,5,2,65,31,22,11,17,21,4,2,2
84098,2026-04-10 17:47:51,30,30,3,accumulation,accumulation,attack,gold,6,false,0,51777103313402,227437,5,5,400,11,1,0,0,0,2,162584,300000,52,800,54.2,bonus_bs15_gae3_no,100,2575000,,,,,99,57,38,11,30,30,7,5,2,66,32,22,11,17,23,4,2,2
84099,2026-04-10 17:47:55,1,5,5,coin,shield,shield,gold,1,false,10000000,51777113313402,227037,5,5,400,11,0,0,2,0,0,162584,300000,52,0,54.2,bonus_bs15_gae3_no,100,2575000,,,,,100,57,38,13,30,30,7,5,2,67,32,22,13,17,23,4,2,2
84100,2026-04-10 17:47:55,1,1,6,coin,coin,spins,gold,1,false,20000000,51777133313402,226637,5,5,400,11,0,0,0,1,0,162584,300000,52,0,54.2,bonus_bs15_gae3_no,100,2575000,LongExtraDayReduced,LongExtraDayReduced,,"{""slot_on_"":""40556\/55000@m24""}",101,57,38,13,31,30,7,5,2,68,32,22,13,18,23,4,2,2
84101,2026-04-10 17:47:56,1,4,6,coin,steal,spins,gold,1,false,10000000,51777143313402,226237,5,5,400,11,0,1,0,1,0,162584,300000,52,0,54.2,bonus_bs15_gae3_no,100,2575000,,,,,102,57,39,13,32,30,7,5,2,69,32,23,13,19,23,4,2,2
84102,2026-04-10 17:47:57,1,4,6,coin,steal,spins,gold,1,false,10000000,51777153313402,225837,5,5,400,11,0,1,0,1,0,162584,300000,52,0,54.2,bonus_bs15_gae3_no,100,2575000,,,LongExtraDayReduced,"{""slot_on_"":""40956\/55000@m24""}",103,57,40,13,33,30,7,5,2,70,32,24,13,20,23,4,2,2
84103,2026-04-10 17:47:58,3,5,2,attack,shield,goldSack,gold,1,false,40000000,51777193313402,225437,5,5,400,11,1,0,1,0,0,162584,300000,52,0,54.2,bonus_bs15_gae3_no,100,2575000,,,,"{""e190af25"":""33698\/50000@m18""}",104,58,40,14,33,30,7,5,2,71,33,24,14,20,23,4,2,2
84104,2026-04-10 17:47:59,1,1,1,coin,coin,coin,gold,1,true,100000000,51777293313402,225037,5,5,400,11,0,0,0,0,0,162584,300000,52,0,54.2,bonus_bs15_gae3_no,100,2575000,,,,,105,58,40,14,33,30,7,5,2,72,33,24,14,20,23,4,2,2
84105,2026-04-10 17:48:00,3,4,2,attack,steal,goldSack,gold,1,false,40000000,51777333313402,224637,5,5,400,11,1,1,0,0,0,162584,300000,52,0,54.2,bonus_bs15_gae3_no,100,2575000,,,,,106,59,41,14,33,30,7,5,2,73,34,25,14,20,23,4,2,2
84106,2026-04-10 17:48:01,3,3,3,attack,attack,attack,attack,2,true,0,51777333313402,224237,5,5,400,11,3,0,0,0,0,162584,300000,52,0,54.2,bonus_bs15_gae3_no,100,2575000,LongExtraDayReduced,,,"{""slot_on_"":""41356\/55000@m24""}",107,62,41,14,33,30,8,5,2,74,37,25,14,20,23,5,2,2
84107,2026-04-10 17:48:05,4,4,4,steal,steal,steal,steal,4,true,0,51788533313402,223837,5,5,400,11,0,3,0,0,0,162584,300000,52,0,54.2,bonus_bs15_gae3_no,100,2575000,,,,"{""e190af25"":""34498\/50000@m18"",""bffc7787"":""31531\/38000@m9""}",108,62,44,14,33,30,8,6,2,75,37,28,14,20,23,5,3,2
84108,2026-04-10 17:48:12,3,4,2,attack,steal,goldSack,gold,1,false,40000000,51822566113402,223437,5,5,400,11,1,1,0,0,0,162584,300000,52,0,54.2,bonus_bs15_gae3_no,100,2575000,,,,"{""c5261ecd"":""755\/4200@m81""}",109,63,45,14,33,30,8,6,2,76,38,29,14,20,23,5,3,2
84109,2026-04-10 17:48:14,30,2,2,accumulation,goldSack,goldSack,gold,1,false,60000000,51822626113402,223037,5,5,400,11,0,0,0,0,1,162984,300000,52,400,54.3,bonus_bs15_gae3_no,100,2575000,,,,,110,63,45,14,33,31,8,6,2,77,38,29,14,20,24,5,3,2
84110,2026-04-10 17:48:20,2,2,2,goldSack,goldSack,goldSack,gold,1,true,880000000,51823506113402,222637,5,5,400,11,0,0,0,0,0,162984,300000,52,0,54.3,bonus_bs15_gae3_no,100,2575000,,,,,111,63,45,14,33,31,8,6,2,78,38,29,14,20,24,5,3,2
84111,2026-04-10 17:48:21,3,4,2,attack,steal,goldSack,gold,1,false,40000000,51823546113402,222237,5,5,400,11,1,1,0,0,0,162984,300000,52,0,54.3,bonus_bs15_gae3_no,100,2575000,,,,,112,64,46,14,33,31,8,6,2,79,39,30,14,20,24,5,3,2
84112,2026-04-10 17:48:22,5,2,2,shield,goldSack,goldSack,gold,1,false,60000000,51823606113402,221837,5,5,400,11,0,0,1,0,0,162984,300000,52,0,54.3,bonus_bs15_gae3_no,100,2575000,,,,,113,64,46,15,33,31,8,6,2,80,39,30,15,20,24,5,3,2
84113,2026-04-10 17:48:24,3,4,2,attack,steal,goldSack,gold,1,false,40000000,51823646113402,221437,5,5,400,11,1,1,0,0,0,162984,300000,52,0,54.3,bonus_bs15_gae3_no,100,2575000,,,,,114,65,47,15,33,31,8,6,2,81,40,31,15,20,24,5,3,2
84114,2026-04-10 17:48:27,1,1,6,coin,coin,spins,gold,1,false,20000000,51823666113402,221037,5,5,400,11,0,0,0,1,0,162984,300000,52,0,54.3,bonus_bs15_gae3_no,100,2575000,,,,,115,65,47,15,34,31,8,6,2,82,40,31,15,21,24,5,3,2
84115,2026-04-10 17:48:28,1,6,6,coin,spins,spins,gold,1,false,10000000,51823676113402,220637,5,5,400,11,0,0,0,2,0,162984,300000,52,0,54.3,bonus_bs15_gae3_no,100,2575000,,,,,116,65,47,15,36,31,8,6,2,83,40,31,15,23,24,5,3,2
84116,2026-04-10 17:48:29,1,4,4,coin,steal,steal,gold,1,false,10000000,51823686113402,220237,5,5,400,11,0,2,0,0,0,162984,300000,52,0,54.3,bonus_bs15_gae3_no,100,2575000,,,,,117,65,49,15,36,31,8,6,2,84,40,33,15,23,24,5,3,2
84117,2026-04-10 17:48:30,4,4,4,steal,steal,steal,steal,4,true,0,51823686113402,219837,5,5,400,11,0,3,0,0,0,162984,300000,52,0,54.3,bonus_bs15_gae3_no,100,2575000,,LongExtraDayReduced,,"{""slot_on_"":""41756\/55000@m24""}",118,65,52,15,36,31,8,7,2,85,40,36,15,23,24,5,4,2
84118,2026-04-10 17:48:36,5,5,5,shield,shield,shield,shield,3,true,400,51890336513402,219837,5,5,400,11,0,0,3,0,0,162984,300000,52,0,54.3,bonus_bs15_gae3_no,100,2575000,,,,,119,65,52,18,36,31,8,7,3,86,40,36,18,23,24,5,4,3
84119,2026-04-10 17:48:37,3,5,2,attack,shield,goldSack,gold,1,false,40000000,51890376513402,219437,5,5,400,11,1,0,1,0,0,162984,300000,52,0,54.3,bonus_bs15_gae3_no,100,2575000,,,,,120,66,52,19,36,31,8,7,3,87,41,36,19,23,24,5,4,3
84120,2026-04-10 17:48:39,30,2,2,accumulation,goldSack,goldSack,gold,1,false,60000000,51890436513402,219037,5,5,400,11,0,0,0,0,1,163384,300000,52,400,54.5,bonus_bs15_gae3_no,100,2575000,,,,,121,66,52,19,36,32,8,7,3,88,41,36,19,23,25,5,4,3
84121,2026-04-10 17:48:40,30,30,30,accumulation,accumulation,accumulation,gold,10,true,0,51890436513402,218637,5,5,400,11,0,0,0,0,3,167384,300000,52,4000,55.8,bonus_bs15_gae3_no,100,2575000,,,,"{""e190af25"":""35298\/50000@m18""}",122,66,52,19,36,35,8,7,3,89,41,36,19,23,28,5,4,3
84122,2026-04-10 18:11:10,30,30,1,accumulation,accumulation,coin,gold,1,false,25000,51890312888402,218636,5,5,1,11,0,0,0,0,2,167386,300000,52,2,55.8,bonus_as10_gae3_no,100,2575000,,,,,1,0,0,0,0,2,0,0,0,90,41,36,19,23,30,5,4,3
84123,2026-04-10 18:11:11,5,5,5,shield,shield,shield,shield,3,true,1,51890312888402,218636,5,5,1,11,0,0,3,0,0,167386,300000,52,0,55.8,bonus_as10_gae3_no,100,2575000,,,,,2,0,0,3,0,2,0,0,1,91,41,36,22,23,30,5,4,4
84124,2026-04-10 18:11:12,30,30,1,accumulation,accumulation,coin,gold,1,false,25000,51890312913402,218635,5,5,1,11,0,0,0,0,2,167388,300000,52,2,55.8,bonus_as10_gae3_no,100,2575000,,,,"{""bffc7787"":""31532\/38000@m9""}",3,0,0,3,0,4,0,0,1,92,41,36,22,23,32,5,4,4
84125,2026-04-10 18:11:14,2,2,2,goldSack,goldSack,goldSack,gold,1,true,2200000,51890315113402,218634,5,5,1,11,0,0,0,0,0,167388,300000,52,0,55.8,bonus_as10_gae3_no,100,2575000,,,,,4,0,0,3,0,4,0,0,1,93,41,36,22,23,32,5,4,4
84126,2026-04-10 18:11:14,1,1,1,coin,coin,coin,gold,1,true,250000,51890315363402,218633,5,5,1,11,0,0,0,0,0,167388,300000,52,0,55.8,bonus_as10_gae3_no,100,2575000,,,,,5,0,0,3,0,4,0,0,1,94,41,36,22,23,32,5,4,4
84127,2026-04-10 18:11:15,1,4,6,coin,steal,spins,gold,1,false,25000,51890315388402,218632,5,5,1,11,0,1,0,1,0,167388,300000,52,0,55.8,bonus_as10_gae3_no,100,2575000,,,,"{""e190af25"":""35300\/50000@m18""}",6,0,1,3,1,4,0,0,1,95,41,37,22,24,32,5,4,4
84128,2026-04-10 18:11:16,1,1,6,coin,coin,spins,gold,1,false,50000,51890315438402,218631,5,5,1,11,0,0,0,1,0,167388,300000,52,0,55.8,bonus_as10_gae3_no,100,2575000,,,,,7,0,1,3,2,4,0,0,1,96,41,37,22,25,32,5,4,4
84129,2026-04-10 18:11:17,30,2,2,accumulation,goldSack,goldSack,gold,1,false,150000,51890315588402,218630,5,5,1,11,0,0,0,0,1,167389,300000,52,1,55.8,bonus_as10_gae3_no,100,2575000,,LongExtraDayReduced,,"{""slot_on_"":""41757\/55000@m24""}",8,0,1,3,2,5,0,0,1,97,41,37,22,25,33,5,4,4
84130,2026-04-10 18:11:18,3,4,2,attack,steal,goldSack,gold,1,false,100000,51890315688402,218629,5,5,1,11,1,1,0,0,0,167389,300000,52,0,55.8,bonus_as10_gae3_no,100,2575000,LongExtraDayReduced,,,"{""slot_on_"":""41758\/55000@m24"",""c5261ecd"":""757\/4200@m81""}",9,1,2,3,2,5,0,0,1,98,42,38,22,25,33,5,4,4
84131,2026-04-10 18:11:19,30,2,2,accumulation,goldSack,goldSack,gold,1,false,150000,51890315838402,218628,5,5,1,11,0,0,0,0,1,167390,300000,52,1,55.8,bonus_as10_gae3_no,100,2575000,,,LongExtraDayReduced,"{""slot_on_"":""41759\/55000@m24""}",10,1,2,3,2,6,0,0,1,99,42,38,22,25,34,5,4,4
84132,2026-04-10 18:11:21,3,5,2,attack,shield,goldSack,gold,1,false,100000,51890315938402,218627,5,5,1,11,1,0,1,0,0,167390,300000,52,0,55.8,bonus_as10_gae3_no,100,2575000,,,,,11,2,2,4,2,6,0,0,1,100,43,38,23,25,34,5,4,4
84133,2026-04-10 18:11:21,1,6,6,coin,spins,spins,gold,1,false,25000,51890315963402,218626,5,5,1,11,0,0,0,2,0,167390,300000,52,0,55.8,bonus_as10_gae3_no,100,2575000,,,,,12,2,2,4,4,6,0,0,1,101,43,38,23,27,34,5,4,4
84134,2026-04-10 18:11:22,30,2,2,accumulation,goldSack,goldSack,gold,1,false,150000,51890316113402,218625,5,5,1,11,0,0,0,0,1,167391,300000,52,1,55.8,bonus_as10_gae3_no,100,2575000,,,,,13,2,2,4,4,7,0,0,1,102,43,38,23,27,35,5,4,4
84135,2026-04-10 18:11:23,30,2,2,accumulation,goldSack,goldSack,gold,1,false,150000,51890316263402,218624,5,5,1,11,0,0,0,0,1,167392,300000,52,1,55.8,bonus_as10_gae3_no,100,2575000,,,LongExtraDayReduced,"{""slot_on_"":""41760\/55000@m24""}",14,2,2,4,4,8,0,0,1,103,43,38,23,27,36,5,4,4
84136,2026-04-10 18:11:25,3,1,5,attack,coin,shield,gold,1,false,25000,51890316288402,218623,5,5,1,11,1,0,1,0,0,167392,300000,52,0,55.8,bonus_as10_gae3_no,100,2575000,,,,,15,3,2,5,4,8,0,0,1,104,44,38,24,27,36,5,4,4
84137,2026-04-10 18:11:25,1,4,6,coin,steal,spins,gold,1,false,25000,51890316313402,218622,5,5,1,11,0,1,0,1,0,167392,300000,52,0,55.8,bonus_as10_gae3_no,100,2575000,,,,"{""e190af25"":""35302\/50000@m18""}",16,3,3,5,5,8,0,0,1,105,44,39,24,28,36,5,4,4
84138,2026-04-10 18:11:27,3,4,2,attack,steal,goldSack,gold,1,false,100000,51890316413402,218621,5,5,1,11,1,1,0,0,0,167392,300000,52,0,55.8,bonus_as10_gae3_no,100,2575000,,,,"{""bffc7787"":""31533\/38000@m9""}",17,4,4,5,5,8,0,0,1,106,45,40,24,28,36,5,4,4
84139,2026-04-10 18:11:28,1,1,6,coin,coin,spins,gold,1,false,50000,51890316463402,218620,5,5,1,11,0,0,0,1,0,167392,300000,52,0,55.8,bonus_as10_gae3_no,100,2575000,,,,,18,4,4,5,6,8,0,0,1,107,45,40,24,29,36,5,4,4
84140,2026-04-10 18:11:29,1,4,4,coin,steal,steal,gold,1,false,25000,51890316488402,218619,5,5,1,11,0,2,0,0,0,167392,300000,52,0,55.8,bonus_as10_gae3_no,100,2575000,,,,,19,4,6,5,6,8,0,0,1,108,45,42,24,29,36,5,4,4
84141,2026-04-10 18:11:30,1,1,1,coin,coin,coin,gold,1,true,250000,51890316738402,218618,5,5,1,11,0,0,0,0,0,167392,300000,52,0,55.8,bonus_as10_gae3_no,100,2575000,,,,,20,4,6,5,6,8,0,0,1,109,45,42,24,29,36,5,4,4
84142,2026-04-10 18:11:30,3,4,2,attack,steal,goldSack,gold,1,false,100000,51890316838402,218617,5,5,1,11,1,1,0,0,0,167392,300000,52,0,55.8,bonus_as10_gae3_no,100,2575000,,,,,21,5,7,5,6,8,0,0,1,110,46,43,24,29,36,5,4,4
84143,2026-04-10 18:11:31,30,2,2,accumulation,goldSack,goldSack,gold,1,false,150000,51890316988402,218616,5,5,1,11,0,0,0,0,1,167393,300000,52,1,55.8,bonus_as10_gae3_no,100,2575000,,,,,22,5,7,5,6,9,0,0,1,111,46,43,24,29,37,5,4,4
84144,2026-04-10 18:11:32,3,3,3,attack,attack,attack,attack,2,true,0,51890316988402,218615,5,5,1,11,3,0,0,0,0,167393,300000,52,0,55.8,bonus_as10_gae3_no,100,2575000,,,,,23,8,7,5,6,9,1,0,1,112,49,43,24,29,37,6,4,4
84145,2026-04-10 18:11:36,30,2,2,accumulation,goldSack,goldSack,gold,1,false,150000,51890326378402,218614,5,5,1,11,0,0,0,0,1,167394,300000,52,1,55.8,bonus_as10_gae3_no,100,2575000,LongExtraDayReduced,,,"{""slot_on_"":""41761\/55000@m24""}",24,8,7,5,6,10,1,0,1,113,49,43,24,29,38,6,4,4
84146,2026-04-10 18:11:37,1,1,6,coin,coin,spins,gold,1,false,50000,51890326428402,218613,5,5,1,11,0,0,0,1,0,167394,300000,52,0,55.8,bonus_as10_gae3_no,100,2575000,,LongExtraDayReduced,,"{""slot_on_"":""41762\/55000@m24""}",25,8,7,5,7,10,1,0,1,114,49,43,24,30,38,6,4,4
84147,2026-04-10 18:11:38,3,3,2,attack,attack,goldSack,gold,1,false,100000,51890326528402,218612,5,5,1,11,2,0,0,0,0,167394,300000,52,0,55.8,bonus_as10_gae3_no,100,2575000,,,,,26,10,7,5,7,10,1,0,1,115,51,43,24,30,38,6,4,4
84148,2026-04-10 18:11:39,3,3,3,attack,attack,attack,attack,2,true,0,51890326528402,218611,5,5,1,11,3,0,0,0,0,167394,300000,52,0,55.8,bonus_as10_gae3_no,100,2575000,,,,,27,13,7,5,7,10,2,0,1,116,54,43,24,30,38,7,4,4
84149,2026-04-10 18:11:47,30,2,2,accumulation,goldSack,goldSack,gold,1,false,150000,51890335918402,218610,5,5,1,11,0,0,0,0,1,167395,300000,52,1,55.8,bonus_as10_gae3_no,100,2575000,,,,,28,13,7,5,7,11,2,0,1,117,54,43,24,30,39,7,4,4
84150,2026-04-10 18:11:48,1,1,6,coin,coin,spins,gold,1,false,50000,51890335968402,218609,5,5,1,11,0,0,0,1,0,167395,300000,52,0,55.8,bonus_as10_gae3_no,100,2575000,,,,"{""bffc7787"":""31534\/38000@m9""}",29,13,7,5,8,11,2,0,1,118,54,43,24,31,39,7,4,4
84151,2026-04-10 18:11:49,5,5,5,shield,shield,shield,shield,3,true,1,51890335968402,218609,5,5,1,11,0,0,3,0,0,167395,300000,52,0,55.8,bonus_as10_gae3_no,100,2575000,,,,,30,13,7,8,8,11,2,0,2,119,54,43,27,31,39,7,4,5
84152,2026-04-10 18:11:50,30,30,1,accumulation,accumulation,coin,gold,1,false,25000,51890335993402,218608,5,5,1,11,0,0,0,0,2,167397,300000,52,2,55.8,bonus_as10_gae3_no,100,2575000,,,,,31,13,7,8,8,13,2,0,2,120,54,43,27,31,41,7,4,5
84153,2026-04-10 18:11:53,2,2,2,goldSack,goldSack,goldSack,gold,1,true,2200000,51890338193402,218607,5,5,1,11,0,0,0,0,0,167397,300000,52,0,55.8,bonus_as10_gae3_no,100,2575000,,,LongExtraDayReduced,"{""slot_on_"":""41763\/55000@m24"",""e190af25"":""35304\/50000@m18""}",32,13,7,8,8,13,2,0,2,121,54,43,27,31,41,7,4,5
84154,2026-04-10 18:11:54,30,2,2,accumulation,goldSack,goldSack,gold,1,false,150000,51890338343402,218606,5,5,1,11,0,0,0,0,1,167398,300000,52,1,55.8,bonus_as10_gae3_no,100,2575000,,LongExtraDayReduced,,"{""slot_on_"":""41764\/55000@m24""}",33,13,7,8,8,14,2,0,2,122,54,43,27,31,42,7,4,5
84155,2026-04-10 18:11:55,30,2,2,accumulation,goldSack,goldSack,gold,1,false,150000,51890338493402,218605,5,5,1,11,0,0,0,0,1,167399,300000,52,1,55.8,bonus_as10_gae3_no,100,2575000,,,,"{""c5261ecd"":""759\/4200@m81""}",34,13,7,8,8,15,2,0,2,123,54,43,27,31,43,7,4,5
84156,2026-04-10 18:11:57,3,4,2,attack,steal,goldSack,gold,1,false,100000,51890338593402,218604,5,5,1,11,1,1,0,0,0,167399,300000,52,0,55.8,bonus_as10_gae3_no,100,2575000,,,,,35,14,8,8,8,15,2,0,2,124,55,44,27,31,43,7,4,5
84157,2026-04-10 18:11:58,30,30,1,accumulation,accumulation,coin,gold,1,false,25000,51890338618402,218603,5,5,1,11,0,0,0,0,2,167401,300000,52,2,55.8,bonus_as10_gae3_no,100,2575000,LongExtraDayReduced,,,"{""slot_on_"":""41765\/55000@m24""}",36,14,8,8,8,17,2,0,2,125,55,44,27,31,45,7,4,5
84158,2026-04-10 18:11:59,1,1,6,coin,coin,spins,gold,1,false,50000,51890338668402,218602,5,5,1,11,0,0,0,1,0,167401,300000,52,0,55.8,bonus_as10_gae3_no,100,2575000,,,,,37,14,8,8,9,17,2,0,2,126,55,44,27,32,45,7,4,5
84159,2026-04-10 18:11:59,3,4,2,attack,steal,goldSack,gold,1,false,100000,51890338768402,218601,5,5,1,11,1,1,0,0,0,167401,300000,52,0,55.8,bonus_as10_gae3_no,100,2575000,,,,,38,15,9,8,9,17,2,0,2,127,56,45,27,32,45,7,4,5
84160,2026-04-10 18:12:00,3,1,5,attack,coin,shield,gold,1,false,25000,51890338793402,218600,5,5,1,11,1,0,1,0,0,167401,300000,52,0,55.8,bonus_as10_gae3_no,100,2575000,LongExtraDayReduced,,,"{""slot_on_"":""41766\/55000@m24""}",39,16,9,9,9,17,2,0,2,128,57,45,28,32,45,7,4,5
84161,2026-04-10 18:12:01,6,6,6,spins,spins,spins,spins,5,true,10,51890338793402,218609,5,5,1,11,0,0,0,3,0,167401,300000,52,0,55.8,bonus_as10_gae3_no,100,2575000,,LongExtraDayReduced,,"{""slot_on_"":""41767\/55000@m24""}",40,16,9,9,12,17,2,0,2,129,57,45,28,35,45,7,4,5
84162,2026-04-10 18:12:02,2,2,2,goldSack,goldSack,goldSack,gold,1,true,2200000,51890340993402,218608,5,5,1,11,0,0,0,0,0,167401,300000,52,0,55.8,bonus_as10_gae3_no,100,2575000,,LongExtraDayReduced,LongExtraDayReduced,"{""slot_on_"":""41769\/55000@m24""}",41,16,9,9,12,17,2,0,2,1,0,0,0,0,0,0,0,0
84163,2026-04-10 18:12:03,3,3,3,attack,attack,attack,attack,2,true,0,51890340993402,218607,5,5,1,11,3,0,0,0,0,167401,300000,52,0,55.8,bonus_as10_gae3_no,100,2575000,,,,,42,19,9,9,12,17,3,0,2,2,3,0,0,0,0,1,0,0
84164,2026-04-10 18:12:08,30,2,2,accumulation,goldSack,goldSack,gold,1,false,150000,51890350383402,218606,5,5,1,11,0,0,0,0,1,167402,300000,52,1,55.8,bonus_as10_gae3_no,100,2575000,,,,,43,19,9,9,12,18,3,0,2,3,3,0,0,0,1,1,0,0
84165,2026-04-10 18:12:09,30,2,2,accumulation,goldSack,goldSack,gold,1,false,150000,51890350533402,218605,5,5,1,11,0,0,0,0,1,167403,300000,52,1,55.8,bonus_as10_gae3_no,100,2575000,LongExtraDayReduced,LongExtraDayReduced,,"{""slot_on_"":""41771\/55000@m24""}",44,19,9,9,12,19,3,0,2,4,3,0,0,0,2,1,0,0
84166,2026-04-10 18:12:10,1,4,6,coin,steal,spins,gold,1,false,25000,51890350558402,218604,5,5,1,11,0,1,0,1,0,167403,300000,52,0,55.8,bonus_as10_gae3_no,100,2575000,,,,,45,19,10,9,13,19,3,0,2,5,3,1,0,1,2,1,0,0
84167,2026-04-10 18:12:11,4,4,4,steal,steal,steal,steal,4,true,0,51890350558402,218603,5,5,1,11,0,3,0,0,0,167403,300000,52,0,55.8,bonus_as10_gae3_no,100,2575000,,,LongExtraDayReduced,"{""slot_on_"":""41772\/55000@m24""}",46,19,13,9,13,19,3,1,2,6,3,4,0,1,2,1,1,0
84168,2026-04-10 18:12:19,3,3,2,attack,attack,goldSack,gold,1,false,100000,51890488130402,218602,5,5,1,11,2,0,0,0,0,167403,300000,52,0,55.8,bonus_as10_gae3_no,100,2575000,,,,"{""bffc7787"":""31535\/38000@m9""}",47,21,13,9,13,19,3,1,2,7,5,4,0,1,2,1,1,0
84169,2026-04-10 18:12:20,30,30,1,accumulation,accumulation,coin,gold,1,false,25000,51890488155402,218601,5,5,1,11,0,0,0,0,2,167405,300000,52,2,55.8,bonus_as10_gae3_no,100,2575000,,,,,48,21,13,9,13,21,3,1,2,8,5,4,0,1,4,1,1,0
84170,2026-04-10 18:12:21,1,4,4,coin,steal,steal,gold,1,false,25000,51890488180402,218600,5,5,1,11,0,2,0,0,0,167405,300000,52,0,55.8,bonus_as10_gae3_no,100,2575000,,,,,49,21,15,9,13,21,3,1,2,9,5,6,0,1,4,1,1,0
84171,2026-04-10 18:12:22,3,3,2,attack,attack,goldSack,gold,1,false,100000,51890488280402,218599,5,5,1,11,2,0,0,0,0,167405,300000,52,0,55.8,bonus_as10_gae3_no,100,2575000,,,,,50,23,15,9,13,21,3,1,2,10,7,6,0,1,4,1,1,0
84172,2026-04-10 18:12:23,3,4,2,attack,steal,goldSack,gold,1,false,100000,51890488380402,218598,5,5,1,11,1,1,0,0,0,167405,300000,52,0,55.8,bonus_as10_gae3_no,100,2575000,,,,,51,24,16,9,13,21,3,1,2,11,8,7,0,1,4,1,1,0
84173,2026-04-10 18:12:23,3,3,2,attack,attack,goldSack,gold,1,false,100000,51890488480402,218597,5,5,1,11,2,0,0,0,0,167405,300000,52,0,55.8,bonus_as10_gae3_no,100,2575000,,,,"{""e190af25"":""35306\/50000@m18""}",52,26,16,9,13,21,3,1,2,12,10,7,0,1,4,1,1,0
84174,2026-04-10 18:12:25,2,2,2,goldSack,goldSack,goldSack,gold,1,true,2200000,51890490680402,218596,5,5,1,11,0,0,0,0,0,167405,300000,52,0,55.8,bonus_as10_gae3_no,100,2575000,,,,,53,26,16,9,13,21,3,1,2,13,10,7,0,1,4,1,1,0
84175,2026-04-10 18:12:25,5,5,5,shield,shield,shield,shield,3,true,1,51890490680402,218596,5,5,1,11,0,0,3,0,0,167405,300000,52,0,55.8,bonus_as10_gae3_no,100,2575000,,,,"{""c5261ecd"":""761\/4200@m81""}",54,26,16,12,13,21,3,1,3,14,10,7,3,1,4,1,1,1
84176,2026-04-10 18:12:26,3,3,2,attack,attack,goldSack,gold,1,false,100000,51890490780402,218595,5,5,1,11,2,0,0,0,0,167405,300000,52,0,55.8,bonus_as10_gae3_no,100,2575000,,,,,55,28,16,12,13,21,3,1,3,15,12,7,3,1,4,1,1,1
84177,2026-04-10 18:12:27,3,1,5,attack,coin,shield,gold,1,false,25000,51890490805402,218594,5,5,1,11,1,0,1,0,0,167405,300000,52,0,55.8,bonus_as10_gae3_no,100,2575000,LongExtraDayReduced,LongExtraDayReduced,,"{""slot_on_"":""41774\/55000@m24""}",56,29,16,13,13,21,3,1,3,16,13,7,4,1,4,1,1,1
84178,2026-04-10 18:12:28,30,2,2,accumulation,goldSack,goldSack,gold,1,false,150000,51890490955402,218593,5,5,1,11,0,0,0,0,1,167406,300000,52,1,55.8,bonus_as10_gae3_no,100,2575000,,,,,57,29,16,13,13,22,3,1,3,17,13,7,4,1,5,1,1,1
84179,2026-04-10 18:12:29,2,2,2,goldSack,goldSack,goldSack,gold,1,true,2200000,51890493155402,218592,5,5,1,11,0,0,0,0,0,167406,300000,52,0,55.8,bonus_as10_gae3_no,100,2575000,,,,,58,29,16,13,13,22,3,1,3,18,13,7,4,1,5,1,1,1
84180,2026-04-10 18:12:30,1,1,6,coin,coin,spins,gold,1,false,50000,51890493205402,218591,5,5,1,11,0,0,0,1,0,167406,300000,52,0,55.8,bonus_as10_gae3_no,100,2575000,,,,,59,29,16,13,14,22,3,1,3,19,13,7,4,2,5,1,1,1
84181,2026-04-10 18:12:30,1,1,6,coin,coin,spins,gold,1,false,50000,51890493255402,218590,5,5,1,11,0,0,0,1,0,167406,300000,52,0,55.8,bonus_as10_gae3_no,100,2575000,,,,,60,29,16,13,15,22,3,1,3,20,13,7,4,3,5,1,1,1
84182,2026-04-10 18:12:31,3,3,3,attack,attack,attack,attack,2,true,0,51890493255402,218589,5,5,1,11,3,0,0,0,0,167406,300000,52,0,55.8,bonus_as10_gae3_no,100,2575000,,,,,61,32,16,13,15,22,4,1,3,21,16,7,4,3,5,2,1,1
84183,2026-04-10 18:12:35,2,2,2,goldSack,goldSack,goldSack,gold,1,true,2200000,51890523455402,218588,5,5,1,11,0,0,0,0,0,167406,300000,52,0,55.8,bonus_as10_gae3_no,100,2575000,,,,,62,32,16,13,15,22,4,1,3,22,16,7,4,3,5,2,1,1
84184,2026-04-10 18:12:35,1,1,1,coin,coin,coin,gold,1,true,250000,51890523705402,218587,5,5,1,11,0,0,0,0,0,167406,300000,52,0,55.8,bonus_as10_gae3_no,100,2575000,,,,,63,32,16,13,15,22,4,1,3,23,16,7,4,3,5,2,1,1
84185,2026-04-10 18:12:36,1,6,6,coin,spins,spins,gold,1,false,25000,51890523730402,218586,5,5,1,11,0,0,0,2,0,167406,300000,52,0,55.8,bonus_as10_gae3_no,100,2575000,,,,"{""bffc7787"":""31536\/38000@m9""}",64,32,16,13,17,22,4,1,3,24,16,7,4,5,5,2,1,1
84186,2026-04-10 18:12:37,1,1,6,coin,coin,spins,gold,1,false,50000,51890523780402,218585,5,5,1,11,0,0,0,1,0,167406,300000,52,0,55.8,bonus_as10_gae3_no,100,2575000,,,,,65,32,16,13,18,22,4,1,3,25,16,7,4,6,5,2,1,1
84187,2026-04-10 18:12:38,1,1,1,coin,coin,coin,gold,1,true,250000,51890524030402,218584,5,5,1,11,0,0,0,0,0,167406,300000,52,0,55.8,bonus_as10_gae3_no,100,2575000,,,,,66,32,16,13,18,22,4,1,3,26,16,7,4,6,5,2,1,1
84188,2026-04-10 18:12:39,1,1,1,coin,coin,coin,gold,1,true,250000,51890524280402,218583,5,5,1,11,0,0,0,0,0,167406,300000,52,0,55.8,bonus_as10_gae3_no,100,2575000,,,,,67,32,16,13,18,22,4,1,3,27,16,7,4,6,5,2,1,1
84189,2026-04-10 18:12:39,3,4,2,attack,steal,goldSack,gold,1,false,100000,51890524380402,218582,5,5,1,11,1,1,0,0,0,167406,300000,52,0,55.8,bonus_as10_gae3_no,100,2575000,,LongExtraDayReduced,,"{""slot_on_"":""41775\/55000@m24""}",68,33,17,13,18,22,4,1,3,28,17,8,4,6,5,2,1,1
84190,2026-04-10 18:12:40,2,2,2,goldSack,goldSack,goldSack,gold,1,true,2200000,51890526580402,218581,5,5,1,11,0,0,0,0,0,167406,300000,52,0,55.8,bonus_as10_gae3_no,100,2575000,,,LongExtraDayReduced,"{""slot_on_"":""41776\/55000@m24"",""e190af25"":""35308\/50000@m18""}",69,33,17,13,18,22,4,1,3,29,17,8,4,6,5,2,1,1
84191,2026-04-10 18:12:42,3,4,2,attack,steal,goldSack,gold,1,false,100000,51890526680402,218580,5,5,1,11,1,1,0,0,0,167406,300000,52,0,55.8,bonus_as10_gae3_no,100,2575000,,LongExtraDayReduced,,"{""slot_on_"":""41777\/55000@m24"",""c5261ecd"":""763\/4200@m81""}",70,34,18,13,18,22,4,1,3,30,18,9,4,6,5,2,1,1
84192,2026-04-10 18:12:43,1,1,1,coin,coin,coin,gold,1,true,250000,51890526930402,218579,5,5,1,11,0,0,0,0,0,167406,300000,52,0,55.8,bonus_as10_gae3_no,100,2575000,,,,,71,34,18,13,18,22,4,1,3,31,18,9,4,6,5,2,1,1
84193,2026-04-10 18:12:44,30,2,2,accumulation,goldSack,goldSack,gold,1,false,150000,51890527080402,218578,5,5,1,11,0,0,0,0,1,167407,300000,52,1,55.8,bonus_as10_gae3_no,100,2575000,,,,"{""bffc7787"":""31537\/38000@m9""}",72,34,18,13,18,23,4,1,3,32,18,9,4,6,6,2,1,1
84194,2026-04-10 18:12:45,30,2,2,accumulation,goldSack,goldSack,gold,1,false,150000,51890527230402,218577,5,5,1,11,0,0,0,0,1,167408,300000,52,1,55.8,bonus_as10_gae3_no,100,2575000,,,,,73,34,18,13,18,24,4,1,3,33,18,9,4,6,7,2,1,1
84195,2026-04-10 18:12:46,3,3,1,attack,attack,coin,gold,1,false,25000,51890527255402,218576,5,5,1,11,2,0,0,0,0,167408,300000,52,0,55.8,bonus_as10_gae3_no,100,2575000,,,,,74,36,18,13,18,24,4,1,3,34,20,9,4,6,7,2,1,1
84196,2026-04-10 18:12:47,1,5,5,coin,shield,shield,gold,1,false,25000,51890527280402,218575,5,5,1,11,0,0,2,0,0,167408,300000,52,0,55.8,bonus_as10_gae3_no,100,2575000,LongExtraDayReduced,,,"{""slot_on_"":""41778\/55000@m24""}",75,36,18,15,18,24,4,1,3,35,20,9,6,6,7,2,1,1
84197,2026-04-10 18:12:48,1,6,6,coin,spins,spins,gold,1,false,25000,51890527305402,218574,5,5,1,11,0,0,0,2,0,167408,300000,52,0,55.8,bonus_as10_gae3_no,100,2575000,,,,,76,36,18,15,20,24,4,1,3,36,20,9,6,8,7,2,1,1
84198,2026-04-10 18:12:48,3,4,2,attack,steal,goldSack,gold,1,false,100000,51890527405402,218573,5,5,1,11,1,1,0,0,0,167408,300000,52,0,55.8,bonus_as10_gae3_no,100,2575000,,,,,77,37,19,15,20,24,4,1,3,37,21,10,6,8,7,2,1,1
84199,2026-04-10 18:12:49,1,6,6,coin,spins,spins,gold,1,false,25000,51890527430402,218572,5,5,1,11,0,0,0,2,0,167408,300000,52,0,55.8,bonus_as10_gae3_no,100,2575000,,,,,78,37,19,15,22,24,4,1,3,38,21,10,6,10,7,2,1,1
84200,2026-04-10 18:12:50,3,3,1,attack,attack,coin,gold,1,false,25000,51890527455402,218571,5,5,1,11,2,0,0,0,0,167408,300000,52,0,55.8,bonus_as10_gae3_no,100,2575000,,,,,79,39,19,15,22,24,4,1,3,39,23,10,6,10,7,2,1,1
84201,2026-04-10 18:12:51,1,1,6,coin,coin,spins,gold,1,false,50000,51890527505402,218570,5,5,1,11,0,0,0,1,0,167408,300000,52,0,55.8,bonus_as10_gae3_no,100,2575000,LongExtraDayReduced,,LongExtraDayReduced,"{""slot_on_"":""41780\/55000@m24""}",80,39,19,15,23,24,4,1,3,40,23,10,6,11,7,2,1,1
84202,2026-04-10 18:12:52,3,4,2,attack,steal,goldSack,gold,1,false,100000,51890527605402,218569,5,5,1,11,1,1,0,0,0,167408,300000,52,0,55.8,bonus_as10_gae3_no,100,2575000,,,,,81,40,20,15,23,24,4,1,3,41,24,11,6,11,7,2,1,1
84203,2026-04-10 18:12:52,4,4,4,steal,steal,steal,steal,4,true,0,51890527605402,218568,5,5,1,11,0,3,0,0,0,167408,300000,52,0,55.8,bonus_as10_gae3_no,100,2575000,,,,"{""c5261ecd"":""765\/4200@m81""}",82,40,23,15,23,24,4,2,3,42,24,14,6,11,7,2,2,1
84204,2026-04-10 18:12:58,4,4,4,steal,steal,steal,steal,4,true,0,51890717589402,218567,5,5,1,11,0,3,0,0,0,167408,300000,52,0,55.8,bonus_as10_gae3_no,100,2575000,,LongExtraDayReduced,,"{""slot_on_"":""41781\/55000@m24"",""bffc7787"":""31538\/38000@m9""}",83,40,26,15,23,24,4,3,3,43,24,17,6,11,7,2,3,1
84205,2026-04-10 18:13:04,3,4,2,attack,steal,goldSack,gold,1,false,100000,51890869603402,218566,5,5,1,11,1,1,0,0,0,167408,300000,52,0,55.8,bonus_as10_gae3_no,100,2575000,LongExtraDayReduced,,,"{""slot_on_"":""41782\/55000@m24""}",84,41,27,15,23,24,4,3,3,44,25,18,6,11,7,2,3,1
84206,2026-04-10 18:13:05,1,4,4,coin,steal,steal,gold,1,false,25000,51890869628402,218565,5,5,1,11,0,2,0,0,0,167408,300000,52,0,55.8,bonus_as10_gae3_no,100,2575000,LongExtraDayReduced,,LongExtraDayReduced,"{""slot_on_"":""41784\/55000@m24""}",85,41,29,15,23,24,4,3,3,45,25,20,6,11,7,2,3,1
84207,2026-04-10 18:13:06,1,1,1,coin,coin,coin,gold,1,true,250000,51890869878402,218564,5,5,1,11,0,0,0,0,0,167408,300000,52,0,55.8,bonus_as10_gae3_no,100,2575000,,,,"{""e190af25"":""35310\/50000@m18""}",86,41,29,15,23,24,4,3,3,46,25,20,6,11,7,2,3,1
84208,2026-04-10 18:13:07,30,2,2,accumulation,goldSack,goldSack,gold,1,false,150000,51890870028402,218563,5,5,1,11,0,0,0,0,1,167409,300000,52,1,55.8,bonus_as10_gae3_no,100,2575000,,,,,87,41,29,15,23,25,4,3,3,47,25,20,6,11,8,2,3,1
84209,2026-04-10 18:13:08,1,1,1,coin,coin,coin,gold,1,true,250000,51890870278402,218562,5,5,1,11,0,0,0,0,0,167409,300000,52,0,55.8,bonus_as10_gae3_no,100,2575000,,,,,88,41,29,15,23,25,4,3,3,48,25,20,6,11,8,2,3,1
84210,2026-04-10 18:13:09,3,6,2,attack,spins,goldSack,gold,1,false,100000,51890870378402,218561,5,5,1,11,1,0,0,1,0,167409,300000,52,0,55.8,bonus_as10_gae3_no,100,2575000,,LongExtraDayReduced,,"{""slot_on_"":""41785\/55000@m24""}",89,42,29,15,24,25,4,3,3,49,26,20,6,12,8,2,3,1
84211,2026-04-10 18:13:10,2,2,2,goldSack,goldSack,goldSack,gold,1,true,2200000,51890872578402,218560,5,5,1,11,0,0,0,0,0,167409,300000,52,0,55.8,bonus_as10_gae3_no,100,2575000,,,,,90,42,29,15,24,25,4,3,3,50,26,20,6,12,8,2,3,1
84212,2026-04-10 18:13:11,30,2,2,accumulation,goldSack,goldSack,gold,1,false,150000,51890872728402,218559,5,5,1,11,0,0,0,0,1,167410,300000,52,1,55.8,bonus_as10_gae3_no,100,2575000,,LongExtraDayReduced,,"{""slot_on_"":""41786\/55000@m24""}",91,42,29,15,24,26,4,3,3,51,26,20,6,12,9,2,3,1
84213,2026-04-10 18:13:12,3,3,1,attack,attack,coin,gold,1,false,25000,51890872753402,218558,5,5,1,11,2,0,0,0,0,167410,300000,52,0,55.8,bonus_as10_gae3_no,100,2575000,,,,"{""c5261ecd"":""767\/4200@m81""}",92,44,29,15,24,26,4,3,3,52,28,20,6,12,9,2,3,1
84214,2026-04-10 18:13:13,3,3,3,attack,attack,attack,attack,2,true,0,51890872753402,218557,5,5,1,11,3,0,0,0,0,167410,300000,52,0,55.8,bonus_as10_gae3_no,100,2575000,,,,,93,47,29,15,24,26,5,3,3,53,31,20,6,12,9,3,3,1
84215,2026-04-10 18:13:16,3,3,3,attack,attack,attack,attack,2,true,0,51890881993402,218556,5,5,1,11,3,0,0,0,0,167410,300000,52,0,55.8,bonus_as10_gae3_no,100,2575000,LongExtraDayReduced,LongExtraDayReduced,LongExtraDayReduced,"{""slot_on_"":""41791\/55000@m24""}",94,50,29,15,24,26,6,3,3,54,34,20,6,12,9,4,3,1
84216,2026-04-10 18:13:20,3,4,2,attack,steal,goldSack,gold,1,false,100000,51890910093402,218555,5,5,1,11,1,1,0,0,0,167410,300000,52,0,55.8,bonus_as10_gae3_no,100,2575000,,,,"{""e190af25"":""35312\/50000@m18""}",95,51,30,15,24,26,6,3,3,55,35,21,6,12,9,4,3,1
84217,2026-04-10 18:13:21,2,2,2,goldSack,goldSack,goldSack,gold,1,true,2200000,51890912293402,218554,5,5,1,11,0,0,0,0,0,167410,300000,52,0,55.8,bonus_as10_gae3_no,100,2575000,,LongExtraDayReduced,,"{""slot_on_"":""41792\/55000@m24""}",96,51,30,15,24,26,6,3,3,56,35,21,6,12,9,4,3,1
84218,2026-04-10 18:13:22,30,2,2,accumulation,goldSack,goldSack,gold,1,false,150000,51890912443402,218553,5,5,1,11,0,0,0,0,1,167411,300000,52,1,55.8,bonus_as10_gae3_no,100,2575000,,,,"{""bffc7787"":""31539\/38000@m9""}",97,51,30,15,24,27,6,3,3,57,35,21,6,12,10,4,3,1
84219,2026-04-10 18:13:24,3,4,2,attack,steal,goldSack,gold,1,false,100000,51890912543402,218552,5,5,1,11,1,1,0,0,0,167411,300000,52,0,55.8,bonus_as10_gae3_no,100,2575000,,,,,98,52,31,15,24,27,6,3,3,58,36,22,6,12,10,4,3,1
84220,2026-04-10 18:13:24,1,4,5,coin,steal,shield,gold,1,false,25000,51890912568402,218551,5,5,1,11,0,1,1,0,0,167411,300000,52,0,55.8,bonus_as10_gae3_no,100,2575000,,,,,99,52,32,16,24,27,6,3,3,59,36,23,7,12,10,4,3,1
84221,2026-04-10 18:13:25,5,2,2,shield,goldSack,goldSack,gold,1,false,150000,51890912718402,218550,5,5,1,11,0,0,1,0,0,167411,300000,52,0,55.8,bonus_as10_gae3_no,100,2575000,,,,,100,52,32,17,24,27,6,3,3,60,36,23,8,12,10,4,3,1
84222,2026-04-10 18:13:26,1,1,1,coin,coin,coin,gold,1,true,250000,51890912968402,218549,5,5,1,11,0,0,0,0,0,167411,300000,52,0,55.8,bonus_as10_gae3_no,100,2575000,,,,"{""c5261ecd"":""769\/4200@m81""}",101,52,32,17,24,27,6,3,3,61,36,23,8,12,10,4,3,1
84223,2026-04-10 18:13:26,30,2,2,accumulation,goldSack,goldSack,gold,1,false,150000,51890913118402,218548,5,5,1,11,0,0,0,0,1,167412,300000,52,1,55.8,bonus_as10_gae3_no,100,2575000,,,,,102,52,32,17,24,28,6,3,3,62,36,23,8,12,11,4,3,1
84224,2026-04-10 18:13:28,3,6,2,attack,spins,goldSack,gold,1,false,100000,51890913218402,218547,5,5,1,11,1,0,0,1,0,167412,300000,52,0,55.8,bonus_as10_gae3_no,100,2575000,,,,,103,53,32,17,25,28,6,3,3,63,37,23,8,13,11,4,3,1
84225,2026-04-10 18:13:29,3,3,3,attack,attack,attack,attack,2,true,0,51890913218402,218546,5,5,1,11,3,0,0,0,0,167412,300000,52,0,55.8,bonus_as10_gae3_no,100,2575000,,,,,104,56,32,17,25,28,7,3,3,64,40,23,8,13,11,5,3,1
84226,2026-04-10 18:13:33,3,4,2,attack,steal,goldSack,gold,1,false,100000,51890941318402,218545,5,5,1,11,1,1,0,0,0,167412,300000,52,0,55.8,bonus_as10_gae3_no,100,2575000,,,,,105,57,33,17,25,28,7,3,3,65,41,24,8,13,11,5,3,1
84227,2026-04-10 18:13:34,2,2,2,goldSack,goldSack,goldSack,gold,1,true,2200000,51890943518402,218544,5,5,1,11,0,0,0,0,0,167412,300000,52,0,55.8,bonus_as10_gae3_no,100,2575000,,,,,106,57,33,17,25,28,7,3,3,66,41,24,8,13,11,5,3,1
84228,2026-04-10 18:13:35,1,1,6,coin,coin,spins,gold,1,false,50000,51890943568402,218543,5,5,1,11,0,0,0,1,0,167412,300000,52,0,55.8,bonus_as10_gae3_no,100,2575000,,,,,107,57,33,17,26,28,7,3,3,67,41,24,8,14,11,5,3,1
84229,2026-04-10 18:13:36,1,1,6,coin,coin,spins,gold,1,false,50000,51890943618402,218542,5,5,1,11,0,0,0,1,0,167412,300000,52,0,55.8,bonus_as10_gae3_no,100,2575000,,,,,108,57,33,17,27,28,7,3,3,68,41,24,8,15,11,5,3,1
84230,2026-04-10 18:13:36,5,5,5,shield,shield,shield,shield,3,true,1,51890943618402,218542,5,5,1,11,0,0,3,0,0,167412,300000,52,0,55.8,bonus_as10_gae3_no,100,2575000,,,,,109,57,33,20,27,28,7,3,4,69,41,24,11,15,11,5,3,2
84231,2026-04-10 18:13:37,30,30,1,accumulation,accumulation,coin,gold,1,false,25000,51890943643402,218541,5,5,1,11,0,0,0,0,2,167414,300000,52,2,55.8,bonus_as10_gae3_no,100,2575000,,,,,110,57,33,20,27,30,7,3,4,70,41,24,11,15,13,5,3,2
84232,2026-04-10 18:13:39,3,3,3,attack,attack,attack,attack,2,true,0,51890943643402,218540,5,5,1,11,3,0,0,0,0,167414,300000,52,0,55.8,bonus_as10_gae3_no,100,2575000,,,,"{""c5261ecd"":""771\/4200@m81""}",111,60,33,20,27,30,8,3,4,71,44,24,11,15,13,6,3,2
84233,2026-04-10 18:13:43,2,2,2,goldSack,goldSack,goldSack,gold,1,true,2200000,51890973843402,218539,5,5,1,11,0,0,0,0,0,167414,300000,52,0,55.8,bonus_as10_gae3_no,100,2575000,,,,,112,60,33,20,27,30,8,3,4,72,44,24,11,15,13,6,3,2
84234,2026-04-10 18:13:43,1,1,1,coin,coin,coin,gold,1,true,250000,51890974093402,218538,5,5,1,11,0,0,0,0,0,167414,300000,52,0,55.8,bonus_as10_gae3_no,100,2575000,,,,,113,60,33,20,27,30,8,3,4,73,44,24,11,15,13,6,3,2
84235,2026-04-10 18:13:44,30,30,30,accumulation,accumulation,accumulation,gold,10,true,0,51890974093402,218537,5,5,1,11,0,0,0,0,3,167424,300000,52,10,55.8,bonus_as10_gae3_no,100,2575000,,,,"{""e190af25"":""35314\/50000@m18""}",114,60,33,20,27,33,8,3,4,74,44,24,11,15,16,6,3,2
84236,2026-04-10 18:13:48,3,4,2,attack,steal,goldSack,gold,1,false,100000,51890974193402,218536,5,5,1,11,1,1,0,0,0,167424,300000,52,0,55.8,bonus_as10_gae3_no,100,2575000,,,,,1,1,1,0,0,0,0,0,0,75,45,25,11,15,16,6,3,2
84237,2026-04-10 18:13:49,1,4,4,coin,steal,steal,gold,1,false,25000,51890974218402,218535,5,5,1,11,0,2,0,0,0,167424,300000,52,0,55.8,bonus_as10_gae3_no,100,2575000,,,,,2,1,3,0,0,0,0,0,0,76,45,27,11,15,16,6,3,2
84238,2026-04-10 18:13:50,2,2,2,goldSack,goldSack,goldSack,gold,1,true,2200000,51890976418402,218534,5,5,1,11,0,0,0,0,0,167424,300000,52,0,55.8,bonus_as10_gae3_no,100,2575000,LongExtraDayReduced,,,"{""slot_on_"":""41793\/55000@m24""}",3,1,3,0,0,0,0,0,0,77,45,27,11,15,16,6,3,2
84239,2026-04-10 18:13:51,30,30,1,accumulation,accumulation,coin,gold,1,false,25000,51890976443402,218533,5,5,1,11,0,0,0,0,2,167426,300000,52,2,55.8,bonus_as10_gae3_no,100,2575000,,,,"{""bffc7787"":""31540\/38000@m9""}",4,1,3,0,0,2,0,0,0,78,45,27,11,15,18,6,3,2
84240,2026-04-10 18:13:52,5,5,5,shield,shield,shield,shield,3,true,1,51890976443402,218533,5,5,1,11,0,0,3,0,0,167426,300000,52,0,55.8,bonus_as10_gae3_no,100,2575000,,,,,5,1,3,3,0,2,0,0,1,79,45,27,14,15,18,6,3,3
84241,2026-04-10 18:13:53,30,2,2,accumulation,goldSack,goldSack,gold,1,false,150000,51890976593402,218532,5,5,1,11,0,0,0,0,1,167427,300000,52,1,55.8,bonus_as10_gae3_no,100,2575000,,,LongExtraDayReduced,"{""slot_on_"":""41794\/55000@m24""}",6,1,3,3,0,3,0,0,1,80,45,27,14,15,19,6,3,3
84242,2026-04-10 18:13:54,2,2,2,goldSack,goldSack,goldSack,gold,1,true,2200000,51890978793402,218531,5,5,1,11,0,0,0,0,0,167427,300000,52,0,55.8,bonus_as10_gae3_no,100,2575000,,,,,7,1,3,3,0,3,0,0,1,81,45,27,14,15,19,6,3,3
84243,2026-04-10 18:13:55,30,2,2,accumulation,goldSack,goldSack,gold,1,false,150000,51890978943402,218530,5,5,1,11,0,0,0,0,1,167428,300000,52,1,55.8,bonus_as10_gae3_no,100,2575000,,,LongExtraDayReduced,"{""slot_on_"":""41795\/55000@m24""}",8,1,3,3,0,4,0,0,1,82,45,27,14,15,20,6,3,3
84244,2026-04-10 18:13:57,1,1,6,coin,coin,spins,gold,1,false,50000,51890978993402,218529,5,5,1,11,0,0,0,1,0,167428,300000,52,0,55.8,bonus_as10_gae3_no,100,2575000,,,,,9,1,3,3,1,4,0,0,1,83,45,27,14,16,20,6,3,3
