seq,timestamp,session_date,gap_idx,spin_in_gap,prev_gap_length,prev_real_triple,bet_level,bet_mult,sa_spins,sa_acc,sa_spn,acc_rate,spn_rate,slope_8,slope_10,r01_combo,r02_ideal_ra,r03_ra_t130,r04_flat_150_32,r05_sml_l120_g32,r06_sml_l120_g30,r07_sml_s100_l120_m180,r08_sml_s100_l120_m110,r09_sml_s100_l130_m130,r10_sml_s50_l130_m150,r11_sml_s50_l130_s80,r12_shield_110,r13_shield_120,r14_shield_130,r15_shield_140,r16_flat_150_37,rules_count,rules_bitmask,phase,cooldown_remaining,consec_bets,gap_bets_so_far,is_triple,triple_type,target_caught,gae_segment,gae_grand_prize,gae_last_mission,accum_mission,accum_current,accum_total,accum_pct,accum_delta
59308,2026-04-08 04:07:12,2026-04-08,0,1,-1,,9,1,1,0,1,0.0000,1.0000,0.0000,0.0000,0,0,0,0,0,0,0,0,0,0,0,0,0,0,0,0,0,0x0000,WAIT,0,0,0,0,,0,bonus_as10_gae1_no,700000,107,47,24245,30000,80.82,0
59309,2026-04-08 04:07:29,2026-04-08,0,2,-1,shield,9,1,2,0,1,0.0000,0.5000,0.0000,0.0000,0,0,0,0,0,0,0,0,0,0,0,0,0,0,0,0,0,0x0000,WAIT,0,0,0,1,shield,0,bonus_as10_gae1_no,700000,107,47,24245,30000,80.82,0
59310,2026-04-08 04:07:30,2026-04-08,0,3,-1,shield,9,1,3,0,1,0.0000,0.3333,0.0000,0.0000,0,0,0,0,0,0,0,0,0,0,0,0,0,0,0,0,0,0x0000,WAIT,0,0,0,0,,0,bonus_as10_gae1_no,700000,107,47,24245,30000,80.82,0
59311,2026-04-08 04:07:31,2026-04-08,0,4,-1,shield,9,1,4,0,2,0.0000,0.5000,0.0000,0.0000,0,0,0,0,0,0,0,0,0,0,0,0,0,0,0,0,0,0x0000,WAIT,0,0,0,0,,0,bonus_as10_gae1_no,700000,107,47,24245,30000,80.82,0
59312,2026-04-08 04:07:32,2026-04-08,0,5,-1,spins,9,1,5,0,5,0.0000,1.0000,0.0000,0.0000,0,0,0,0,0,0,0,0,0,0,0,0,0,0,0,0,0,0x0000,WAIT,0,0,0,1,spins,0,bonus_as10_gae1_no,700000,107,47,24245,30000,80.82,0
59313,2026-04-08 04:07:33,2026-04-08,0,6,-1,spins,9,1,6,0,5,0.0000,0.8333,0.0000,0.0000,0,0,0,0,0,0,0,0,0,0,0,0,0,0,0,0,0,0x0000,WAIT,0,0,0,0,,0,bonus_as10_gae1_no,700000,107,47,24245,30000,80.82,0
59314,2026-04-08 04:07:34,2026-04-08,0,7,-1,spins,9,1,7,1,5,0.1429,0.7143,0.0000,0.0000,0,0,0,0,0,0,0,0,0,0,0,0,0,0,0,0,0,0x0000,WAIT,0,0,0,0,,0,bonus_as10_gae1_no,700000,107,47,24246,30000,80.82,0
59315,2026-04-08 04:07:35,2026-04-08,0,8,-1,spins,9,1,8,1,6,0.1250,0.7500,0.0000,0.0000,0,0,0,0,0,0,0,0,0,0,0,0,0,0,0,0,0,0x0000,WAIT,0,0,0,0,,0,bonus_as10_gae1_no,700000,107,47,24246,30000,80.82,0
59316,2026-04-08 04:07:36,2026-04-08,0,9,-1,spins,9,1,9,1,6,0.1111,0.6667,0.1111,0.0000,0,0,0,0,0,0,0,0,0,0,0,0,0,0,0,0,0,0x0000,WAIT,0,0,0,0,,0,bonus_as10_gae1_no,700000,107,47,24246,30000,80.82,0
59317,2026-04-08 04:07:37,2026-04-08,0,10,-1,spins,9,1,10,2,6,0.2000,0.6000,0.2000,0.0000,0,0,0,0,0,0,0,0,0,0,0,0,0,0,0,0,0,0x0000,WAIT,0,0,0,0,,0,bonus_as10_gae1_no,700000,107,47,24247,30000,80.82,0
59318,2026-04-08 04:07:38,2026-04-08,0,11,-1,spins,9,1,11,2,6,0.1818,0.5455,0.1818,0.1818,0,0,0,0,0,0,0,0,0,0,0,0,0,0,0,0,0,0x0000,WAIT,0,0,0,1,,0,bonus_as10_gae1_no,700000,107,47,24247,30000,80.82,0
59319,2026-04-08 04:07:39,2026-04-08,0,12,-1,spins,9,1,12,3,6,0.2500,0.5000,0.2500,0.2500,0,0,0,0,0,0,0,0,0,0,0,0,0,0,0,0,0,0x0000,WAIT,0,0,0,0,,0,bonus_as10_gae1_no,700000,107,47,24248,30000,80.83,0
59320,2026-04-08 04:07:40,2026-04-08,0,13,-1,spins,9,1,13,3,6,0.2308,0.4615,0.2308,0.2308,0,0,0,0,0,0,0,0,0,0,0,0,0,0,0,0,0,0x0000,WAIT,0,0,0,1,,0,bonus_as10_gae1_no,700000,107,47,24248,30000,80.83,0
59321,2026-04-08 04:07:41,2026-04-08,0,14,-1,spins,9,1,14,5,6,0.3571,0.4286,0.3571,0.3571,0,0,0,0,0,0,0,0,0,0,0,0,0,0,0,0,0,0x0000,WAIT,0,0,0,0,,0,bonus_as10_gae1_no,700000,107,47,24250,30000,80.83,0
59322,2026-04-08 04:07:43,2026-04-08,0,15,-1,spins,9,1,15,5,7,0.3333,0.4667,0.1905,0.3333,0,0,0,0,0,0,0,0,0,0,0,0,0,0,0,0,0,0x0000,WAIT,0,0,0,0,,0,bonus_as10_gae1_no,700000,107,47,24250,30000,80.83,0
59323,2026-04-08 04:07:44,2026-04-08,0,16,-1,spins,9,1,16,6,7,0.3750,0.4375,0.2500,0.3750,0,0,0,0,0,0,0,0,0,0,0,0,0,0,0,0,0,0x0000,WAIT,0,0,0,0,,0,bonus_as10_gae1_no,700000,107,47,24251,30000,80.84,0
59324,2026-04-08 04:07:45,2026-04-08,0,17,-1,spins,9,1,17,6,8,0.3529,0.4706,0.2418,0.2101,0,0,0,0,0,0,0,0,0,0,0,0,0,0,0,0,0,0x0000,WAIT,0,0,0,0,,0,bonus_as10_gae1_no,700000,107,47,24251,30000,80.84,0
59325,2026-04-08 04:07:45,2026-04-08,0,18,-1,spins,9,1,18,6,8,0.3333,0.4444,0.1333,0.2083,0,0,0,0,0,0,0,0,0,0,0,0,0,0,0,0,0,0x0000,WAIT,0,0,0,0,,0,bonus_as10_gae1_no,700000,107,47,24251,30000,80.84,0
59326,2026-04-08 04:07:46,2026-04-08,0,19,-1,spins,9,1,19,6,8,0.3158,0.4211,0.1340,0.2047,0,0,0,0,0,0,0,0,0,0,0,0,0,0,0,0,0,0x0000,WAIT,0,0,0,0,,0,bonus_as10_gae1_no,700000,107,47,24251,30000,80.84,0
59327,2026-04-08 04:07:47,2026-04-08,0,20,-1,attack,9,1,20,6,8,0.3000,0.4000,0.0500,0.1000,0,0,0,0,0,0,0,0,0,0,0,0,0,0,0,0,0,0x0000,WAIT,0,0,0,1,attack,0,bonus_as10_gae1_no,700000,107,47,24251,30000,80.84,0
59328,2026-04-08 04:07:52,2026-04-08,0,21,-1,attack,9,1,21,6,8,0.2857,0.3810,0.0549,0.1039,0,0,0,0,0,0,0,0,0,0,0,0,0,0,0,0,0,0x0000,WAIT,0,0,0,1,,0,bonus_as10_gae1_no,700000,107,47,24251,30000,80.84,0
59329,2026-04-08 04:07:53,2026-04-08,0,22,-1,attack,9,1,22,6,9,0.2727,0.4091,-0.0844,0.0227,0,0,0,0,0,0,0,0,0,0,0,0,0,0,0,0,0,0x0000,WAIT,0,0,0,0,,0,bonus_as10_gae1_no,700000,107,47,24251,30000,80.84,0
59330,2026-04-08 04:07:54,2026-04-08,0,23,-1,attack,9,1,23,6,9,0.2609,0.3913,-0.0725,0.0301,0,0,0,0,0,0,0,0,0,0,0,0,0,0,0,0,0,0x0000,WAIT,0,0,0,1,,0,bonus_as10_gae1_no,700000,107,47,24251,30000,80.84,0
59331,2026-04-08 04:07:54,2026-04-08,0,24,-1,attack,9,1,24,8,9,0.3333,0.3750,-0.0417,-0.0238,0,0,0,0,0,0,0,0,0,0,0,0,0,0,0,0,0,0x0000,WAIT,0,0,0,0,,0,bonus_as10_gae1_no,700000,107,47,24253,30000,80.84,0
59332,2026-04-08 04:07:56,2026-04-08,0,25,-1,attack,9,1,25,8,10,0.3200,0.4000,-0.0329,-0.0133,0,0,0,0,0,0,0,0,0,0,0,0,0,0,0,0,0,0x0000,WAIT,0,0,0,0,,0,bonus_as10_gae1_no,700000,107,47,24253,30000,80.84,0
59333,2026-04-08 04:07:57,2026-04-08,0,26,-1,attack,9,1,26,8,12,0.3077,0.4615,-0.0256,-0.0673,0,0,0,0,0,0,0,0,0,0,0,0,0,0,0,0,0,0x0000,WAIT,0,0,0,0,,0,bonus_as10_gae1_no,700000,107,47,24253,30000,80.84,0
59334,2026-04-08 04:07:58,2026-04-08,0,27,-1,attack,9,1,27,8,12,0.2963,0.4444,-0.0195,-0.0566,0,0,0,0,0,0,0,0,0,0,0,0,0,0,0,0,0,0x0000,WAIT,0,0,0,0,,0,bonus_as10_gae1_no,700000,107,47,24253,30000,80.84,0
59335,2026-04-08 04:07:59,2026-04-08,0,28,-1,attack,9,1,28,8,12,0.2857,0.4286,-0.0143,-0.0476,0,0,0,0,0,0,0,0,0,0,0,0,0,0,0,0,0,0x0000,WAIT,0,0,0,1,attack,0,bonus_as10_gae1_no,700000,107,47,24253,30000,80.84,0
59336,2026-04-08 04:08:08,2026-04-08,0,29,-1,attack,9,1,29,9,12,0.3103,0.4138,0.0246,-0.0054,0,0,0,0,0,0,0,0,0,0,0,0,0,0,0,0,0,0x0000,WAIT,0,0,0,0,,0,bonus_as10_gae1_no,700000,107,47,24254,30000,80.85,0
59337,2026-04-08 04:08:09,2026-04-08,0,30,-1,attack,9,1,30,9,12,0.3000,0.4000,0.0273,0.0000,0,0,0,0,0,0,0,0,0,0,0,0,0,0,0,0,0,0x0000,WAIT,0,0,0,0,,0,bonus_as10_gae1_no,700000,107,47,24254,30000,80.85,0
59338,2026-04-08 04:08:10,2026-04-08,0,31,-1,attack,9,1,31,10,12,0.3226,0.3871,0.0617,0.0369,0,0,0,0,0,0,0,0,0,0,0,0,0,0,0,0,0,0x0000,WAIT,0,0,0,0,,0,bonus_as10_gae1_no,700000,107,47,24255,30000,80.85,0
59339,2026-04-08 04:08:12,2026-04-08,0,32,-1,attack,9,1,32,10,13,0.3125,0.4062,-0.0208,0.0398,0,0,0,0,0,0,0,0,0,0,0,0,0,0,0,0,0,0x0000,WAIT,0,0,0,0,,0,bonus_as10_gae1_no,700000,107,47,24255,30000,80.85,0
59340,2026-04-08 04:08:12,2026-04-08,0,33,-1,attack,9,1,33,11,13,0.3333,0.3939,0.0133,0.0725,0,0,0,0,0,0,0,0,0,0,0,0,0,0,0,0,0,0x0000,WAIT,0,0,0,0,,0,bonus_as10_gae1_no,700000,107,47,24256,30000,80.85,0
59341,2026-04-08 04:08:14,2026-04-08,0,34,-1,attack,9,1,34,11,13,0.3235,0.3824,0.0158,-0.0098,0,0,0,0,0,0,0,0,0,0,0,0,0,0,0,0,0,0x0000,WAIT,0,0,0,0,,0,bonus_as10_gae1_no,700000,107,47,24256,30000,80.85,0
59342,2026-04-08 04:08:15,2026-04-08,0,35,-1,attack,9,1,35,12,13,0.3429,0.3714,0.0466,0.0229,0,0,0,0,0,0,0,0,0,0,0,0,0,0,0,0,0,0x0000,WAIT,0,0,0,0,,0,bonus_as10_gae1_no,700000,107,47,24257,30000,80.86,0
59343,2026-04-08 04:08:17,2026-04-08,0,36,-1,attack,9,1,36,12,13,0.3333,0.3611,0.0476,0.0256,0,0,0,0,0,0,0,0,0,0,0,0,0,0,0,0,0,0x0000,WAIT,0,0,0,1,,0,bonus_as10_gae1_no,700000,107,47,24257,30000,80.86,0
59344,2026-04-08 04:08:18,2026-04-08,0,37,-1,attack,9,1,37,13,13,0.3514,0.3514,0.0410,0.0551,0,0,0,0,0,0,0,0,0,0,0,0,0,0,0,0,0,0x0000,WAIT,0,0,0,0,,0,bonus_as10_gae1_no,700000,107,47,24258,30000,80.86,0
59345,2026-04-08 04:08:19,2026-04-08,0,38,-1,attack,9,1,38,13,13,0.3421,0.3421,0.0421,0.0564,0,0,0,0,0,0,0,0,0,0,0,0,0,0,0,0,0,0x0000,WAIT,0,0,0,0,,0,bonus_as10_gae1_no,700000,107,47,24258,30000,80.86,0
59346,2026-04-08 04:08:20,2026-04-08,0,39,-1,attack,9,1,39,13,13,0.3333,0.3333,0.0108,0.0230,0,0,0,0,0,0,0,0,0,0,0,0,0,0,0,0,0,0x0000,WAIT,0,0,0,0,,0,bonus_as10_gae1_no,700000,107,47,24258,30000,80.86,0
59347,2026-04-08 04:08:22,2026-04-08,0,40,-1,attack,9,1,40,13,15,0.3250,0.3750,0.0125,0.0250,0,0,0,0,0,0,0,0,0,0,0,0,0,0,0,0,0,0x0000,WAIT,0,0,0,0,,0,bonus_as10_gae1_no,700000,107,47,24258,30000,80.86,0
59348,2026-04-08 04:08:22,2026-04-08,0,41,-1,attack,9,1,41,13,15,0.3171,0.3659,-0.0163,-0.0055,0,0,0,0,0,0,0,0,0,0,0,0,0,0,0,0,0,0x0000,WAIT,0,0,0,0,,0,bonus_as10_gae1_no,700000,107,47,24258,30000,80.86,0
59349,2026-04-08 04:08:23,2026-04-08,0,42,-1,attack,9,1,42,13,15,0.3095,0.3571,-0.0140,-0.0030,0,0,0,0,0,0,0,0,0,0,0,0,0,0,0,0,0,0x0000,WAIT,0,0,0,1,,0,bonus_as10_gae1_no,700000,107,47,24258,30000,80.86,0
59350,2026-04-08 04:08:24,2026-04-08,0,43,-1,attack,9,1,43,13,15,0.3023,0.3488,-0.0405,-0.0310,0,0,0,0,0,0,0,0,0,0,0,0,0,0,0,0,0,0x0000,WAIT,0,0,0,1,,0,bonus_as10_gae1_no,700000,107,47,24258,30000,80.86,0
59351,2026-04-08 04:08:25,2026-04-08,0,44,-1,attack,9,1,44,13,15,0.2955,0.3409,-0.0379,-0.0281,0,0,0,0,0,0,0,0,0,0,0,0,0,0,0,0,0,0x0000,WAIT,0,0,0,0,,0,bonus_as10_gae1_no,700000,107,47,24258,30000,80.86,0
59352,2026-04-08 04:08:27,2026-04-08,0,45,-1,attack,9,1,45,15,15,0.3333,0.3333,-0.0180,-0.0095,0,0,0,0,0,0,0,0,0,0,0,0,0,0,0,0,0,0x0000,WAIT,0,0,0,0,,0,bonus_as10_gae1_no,700000,107,47,24260,30000,80.87,0
59353,2026-04-08 04:08:29,2026-04-08,0,46,-1,attack,9,1,46,15,15,0.3261,0.3261,-0.0160,-0.0072,0,0,0,0,0,0,0,0,0,0,0,0,0,0,0,0,0,0x0000,WAIT,0,0,0,0,,0,bonus_as10_gae1_no,700000,107,47,24260,30000,80.87,0
59354,2026-04-08 04:08:30,2026-04-08,0,47,-1,attack,9,1,47,15,15,0.3191,0.3191,-0.0142,-0.0322,0,0,0,0,0,0,0,0,0,0,0,0,0,0,0,0,0,0x0000,WAIT,0,0,0,0,,0,bonus_as10_gae1_no,700000,107,47,24260,30000,80.87,0
59355,2026-04-08 04:08:32,2026-04-08,0,48,-1,attack,9,1,48,15,15,0.3125,0.3125,-0.0125,-0.0296,0,0,0,0,0,0,0,0,0,0,0,0,0,0,0,0,0,0x0000,WAIT,0,0,0,0,,0,bonus_as10_gae1_no,700000,107,47,24260,30000,80.87,0
59356,2026-04-08 04:08:34,2026-04-08,0,49,-1,attack,9,1,49,16,15,0.3265,0.3061,0.0095,-0.0068,0,0,0,0,0,0,0,0,0,0,0,0,0,0,0,0,0,0x0000,WAIT,0,0,0,0,,0,bonus_as10_gae1_no,700000,107,47,24261,30000,80.87,0
59357,2026-04-08 04:08:36,2026-04-08,0,50,-1,attack,9,1,50,16,15,0.3200,0.3000,0.0105,-0.0050,0,0,0,0,0,0,0,0,0,0,0,0,0,0,0,0,0,0x0000,WAIT,0,0,0,1,,0,bonus_as10_gae1_no,700000,107,47,24261,30000,80.87,0
59358,2026-04-08 04:08:36,2026-04-08,0,51,-1,attack,9,1,51,16,16,0.3137,0.3137,0.0114,-0.0033,0,0,0,0,0,0,0,0,0,0,0,0,0,0,0,0,0,0x0000,WAIT,0,0,0,0,,0,bonus_as10_gae1_no,700000,107,47,24261,30000,80.87,0
59359,2026-04-08 04:08:37,2026-04-08,0,52,-1,attack,9,1,52,16,17,0.3077,0.3269,0.0122,-0.0018,0,0,0,0,0,0,0,0,0,0,0,0,0,0,0,0,0,0x0000,WAIT,0,0,0,0,,0,bonus_as10_gae1_no,700000,107,47,24261,30000,80.87,0
59360,2026-04-08 04:08:38,2026-04-08,0,53,-1,attack,9,1,53,16,17,0.3019,0.3208,-0.0314,-0.0004,0,0,0,0,0,0,0,0,0,0,0,0,0,0,0,0,0,0x0000,WAIT,0,0,0,1,,0,bonus_as10_gae1_no,700000,107,47,24261,30000,80.87,0
59361,2026-04-08 04:08:38,2026-04-08,0,54,-1,attack,9,1,54,16,17,0.2963,0.3148,-0.0298,0.0008,0,0,0,0,0,0,0,0,0,0,0,0,0,0,0,0,0,0x0000,WAIT,0,0,0,0,,0,bonus_as10_gae1_no,700000,107,47,24261,30000,80.87,0
59362,2026-04-08 04:08:39,2026-04-08,0,55,-1,attack,9,1,55,18,17,0.3273,0.3091,0.0081,-0.0061,0,0,0,0,0,0,0,0,0,0,0,0,0,0,0,0,0,0x0000,WAIT,0,0,0,0,,0,bonus_as10_gae1_no,700000,107,47,24263,30000,80.88,0
59363,2026-04-08 04:08:40,2026-04-08,0,56,-1,attack,9,1,56,19,17,0.3393,0.3036,0.0268,0.0132,0,0,0,0,0,0,0,0,0,0,0,0,0,0,0,0,0,0x0000,WAIT,0,0,0,0,,0,bonus_as10_gae1_no,700000,107,47,24264,30000,80.88,0
59364,2026-04-08 04:08:41,2026-04-08,0,57,-1,attack,9,1,57,21,17,0.3684,0.2982,0.0419,0.0493,0,0,0,0,0,0,0,0,0,0,0,0,0,0,0,0,0,0x0000,WAIT,0,0,0,0,,0,bonus_as10_gae1_no,700000,107,47,24266,30000,80.89,0
59365,2026-04-08 04:08:43,2026-04-08,0,58,-1,attack,9,1,58,21,17,0.3621,0.2931,0.0421,0.0496,0,0,0,0,0,0,0,0,0,0,0,0,0,0,0,0,0,0x0000,WAIT,0,0,0,1,attack,0,bonus_as10_gae1_no,700000,107,47,24266,30000,80.89,0
59366,2026-04-08 04:11:20,2026-04-08,0,59,-1,attack,9,1,59,21,17,0.3559,0.2881,0.0422,0.0294,0,0,0,0,0,0,0,0,0,0,0,0,0,0,0,0,0,0x0000,WAIT,0,0,0,0,,0,bonus_as10_gae1_no,700000,107,47,24266,30000,80.89,0
59367,2026-04-08 04:11:21,2026-04-08,0,60,-1,attack,9,1,60,21,19,0.3500,0.3167,0.0423,0.0300,0,0,0,0,0,0,0,0,0,0,0,0,0,0,0,0,0,0x0000,WAIT,0,0,0,0,,0,bonus_as10_gae1_no,700000,107,47,24266,30000,80.89,0
59368,2026-04-08 04:11:24,2026-04-08,0,61,-1,shield,9,1,61,21,19,0.3443,0.3115,0.0424,0.0305,0,0,0,0,0,0,0,0,0,0,0,0,0,0,0,0,0,0x0000,WAIT,0,0,0,1,shield,0,bonus_as10_gae1_no,700000,107,47,24266,30000,80.89,0
59369,2026-04-08 04:11:25,2026-04-08,0,62,-1,steal,9,1,62,21,19,0.3387,0.3065,0.0424,0.0310,0,0,0,0,0,0,0,0,0,0,0,0,0,0,0,0,0,0x0000,SOON,0,0,0,1,steal,0,bonus_as10_gae1_no,700000,107,47,24266,30000,80.89,0
59370,2026-04-08 04:16:19,2026-04-08,0,63,-1,steal,9,1,63,21,20,0.3333,0.3175,0.0061,0.0314,0,0,0,0,0,0,0,0,0,0,0,0,0,0,0,0,0,0x0000,SOON,0,0,0,0,,0,bonus_as10_gae1_no,700000,107,47,24266,30000,80.89,0
59371,2026-04-08 04:16:21,2026-04-08,0,64,-1,steal,9,1,64,21,21,0.3281,0.3281,-0.0112,0.0318,0,0,0,0,0,0,0,0,0,0,0,0,0,0,0,0,0,0x0000,SOON,0,0,0,0,,0,bonus_as10_gae1_no,700000,107,47,24266,30000,80.89,0
59372,2026-04-08 04:16:22,2026-04-08,0,65,-1,steal,9,1,65,22,21,0.3385,0.3231,-0.0300,0.0112,0,0,0,0,0,0,0,0,0,0,0,0,0,0,0,0,0,0x0000,ALERT,0,0,0,0,,0,bonus_as10_gae1_no,700000,107,47,24267,30000,80.89,0
59373,2026-04-08 04:16:23,2026-04-08,0,66,-1,attack,9,1,66,22,21,0.3333,0.3182,-0.0287,-0.0060,0,0,0,0,0,0,0,0,0,0,0,0,0,0,0,0,0,0x0000,WAIT,0,0,0,1,attack,0,bonus_as10_gae1_no,700000,107,47,24267,30000,80.89,0
59374,2026-04-08 04:16:39,2026-04-08,0,67,-1,attack,9,1,67,24,21,0.3582,0.3134,0.0023,-0.0102,0,0,0,0,0,0,0,0,0,0,0,0,0,0,0,0,0,0x0000,WAIT,0,0,0,0,,0,bonus_as10_gae1_no,700000,107,47,24269,30000,80.90,0
59375,2026-04-08 04:16:41,2026-04-08,0,68,-1,attack,9,1,68,24,21,0.3529,0.3088,0.0029,-0.0091,0,0,0,0,0,0,0,0,0,0,0,0,0,0,0,0,0,0x0000,WAIT,0,0,0,0,,0,bonus_as10_gae1_no,700000,107,47,24269,30000,80.90,0
59376,2026-04-08 04:16:42,2026-04-08,0,69,-1,attack,9,1,69,24,21,0.3478,0.3043,0.0036,-0.0081,0,0,0,0,0,0,0,0,0,0,0,0,0,0,0,0,0,0x0000,WAIT,0,0,0,0,,0,bonus_as10_gae1_no,700000,107,47,24269,30000,80.90,0
59377,2026-04-08 04:16:43,2026-04-08,0,70,-1,steal,9,1,70,24,21,0.3429,0.3000,0.0041,-0.0071,0,0,0,0,0,0,0,0,0,0,0,0,0,0,0,0,0,0x0000,BET,0,1,1,1,steal,0,bonus_as10_gae1_no,700000,107,47,24269,30000,80.90,0
59378,2026-04-08 04:16:56,2026-04-08,0,71,-1,steal,9,1,71,25,21,0.3521,0.2958,0.0188,0.0079,1,0,0,0,0,0,0,0,0,0,0,0,0,0,0,0,1,0x0001,BET,0,2,2,0,,0,bonus_as10_gae1_no,700000,107,47,24270,30000,80.90,0
59379,2026-04-08 04:16:56,2026-04-08,0,72,-1,steal,9,1,72,26,21,0.3611,0.2917,0.0330,0.0224,1,0,0,0,0,0,0,0,0,0,0,0,0,0,0,0,1,0x0001,BET,0,3,3,0,,0,bonus_as10_gae1_no,700000,107,47,24271,30000,80.90,0
59380,2026-04-08 04:16:58,2026-04-08,0,73,-1,steal,9,1,73,26,21,0.3562,0.2877,0.0177,0.0228,1,0,0,0,0,0,0,0,0,0,0,0,0,0,0,0,1,0x0001,BET,0,4,4,1,,0,bonus_as10_gae1_no,700000,107,47,24271,30000,80.90,0
59381,2026-04-08 04:16:59,2026-04-08,0,74,-1,attack,9,1,74,26,21,0.3514,0.2838,0.0180,0.0232,1,0,0,0,0,0,0,0,0,0,0,0,0,0,0,0,1,0x0001,WAIT,0,0,4,1,attack,0,bonus_as10_gae1_no,700000,107,47,24271,30000,80.90,0
59382,2026-04-08 04:20:06,2026-04-08,0,75,-1,attack,9,1,75,26,23,0.3467,0.3067,-0.0115,0.0082,0,0,0,0,0,0,0,0,0,0,0,0,0,0,0,0,0,0x0000,WAIT,0,0,4,0,,0,bonus_as10_gae1_no,700000,107,47,24271,30000,80.90,0
59383,2026-04-08 04:20:06,2026-04-08,0,76,-1,shield,9,1,76,26,23,0.3421,0.3026,-0.0108,0.0088,0,0,0,0,0,0,0,0,0,0,0,0,0,0,0,0,0,0x0000,WAIT,0,0,4,1,shield,0,bonus_as10_gae1_no,700000,107,47,24271,30000,80.90,0
59384,2026-04-08 04:20:08,2026-04-08,0,77,-1,shield,9,1,77,26,23,0.3377,0.2987,-0.0102,-0.0205,0,0,0,0,0,0,0,0,0,0,0,0,0,0,0,0,0,0x0000,WAIT,0,0,4,0,,0,bonus_as10_gae1_no,700000,107,47,24271,30000,80.90,0
59385,2026-04-08 04:20:09,2026-04-08,0,78,-1,shield,9,1,78,27,23,0.3462,0.2949,0.0033,-0.0068,0,0,0,0,0,0,0,0,0,0,0,0,0,0,0,0,0,0x0000,WAIT,0,0,4,0,,0,bonus_as10_gae1_no,700000,107,47,24272,30000,80.91,0
59386,2026-04-08 04:20:10,2026-04-08,0,79,-1,shield,9,1,79,29,23,0.3671,0.2911,0.0150,0.0193,0,0,0,0,0,0,0,0,0,0,0,0,0,0,0,0,0,0x0000,WAIT,0,0,4,0,,0,bonus_as10_gae1_no,700000,107,47,24274,30000,80.91,0
59387,2026-04-08 04:20:11,2026-04-08,0,80,-1,shield,9,1,80,29,23,0.3625,0.2875,0.0014,0.0196,0,0,0,0,0,0,0,0,0,0,0,0,0,0,0,0,0,0x0000,WAIT,0,0,4,1,shield,0,bonus_as10_gae1_no,700000,107,47,24274,30000,80.91,0
59388,2026-04-08 04:20:12,2026-04-08,0,81,-1,shield,9,1,81,29,23,0.3580,0.2840,0.0019,0.0059,0,0,0,0,0,0,0,0,0,0,0,0,0,0,0,0,0,0x0000,WAIT,0,0,4,0,,0,bonus_as10_gae1_no,700000,107,47,24274,30000,80.91,0
59389,2026-04-08 04:20:13,2026-04-08,0,82,-1,shield,9,1,82,29,23,0.3537,0.2805,0.0023,-0.0075,0,0,0,0,0,0,0,0,0,0,0,0,0,0,0,0,0,0x0000,WAIT,0,0,4,1,,0,bonus_as10_gae1_no,700000,107,47,24274,30000,80.91,0
59390,2026-04-08 04:20:14,2026-04-08,0,83,-1,shield,9,1,83,29,23,0.3494,0.2771,0.0027,-0.0068,0,0,0,0,0,0,0,0,0,0,0,0,0,0,0,0,0,0x0000,WAIT,0,0,4,0,,0,bonus_as10_gae1_no,700000,107,47,24274,30000,80.91,0
59391,2026-04-08 04:20:15,2026-04-08,0,84,-1,shield,9,1,84,29,23,0.3452,0.2738,0.0031,-0.0061,0,0,0,0,0,0,0,0,0,0,0,0,0,0,0,0,0,0x0000,WAIT,0,0,4,1,,0,bonus_as10_gae1_no,700000,107,47,24274,30000,80.91,0
59392,2026-04-08 04:20:16,2026-04-08,0,85,-1,steal,9,1,85,29,23,0.3412,0.2706,0.0035,-0.0055,0,0,0,0,0,0,0,0,0,0,0,0,0,0,0,0,0,0x0000,BET,0,1,5,1,steal,0,bonus_as10_gae1_no,700000,107,47,24274,30000,80.91,0
59393,2026-04-08 04:20:34,2026-04-08,0,86,-1,steal,9,1,86,29,23,0.3372,0.2674,-0.0089,-0.0049,1,0,0,0,0,0,0,0,0,0,0,0,0,0,0,0,1,0x0001,ALERT,0,0,5,0,,0,bonus_as10_gae1_no,700000,107,47,24274,30000,80.91,0
59394,2026-04-08 04:20:35,2026-04-08,0,87,-1,steal,9,1,87,29,23,0.3333,0.2644,-0.0338,-0.0043,0,0,0,0,0,0,0,0,0,0,0,0,0,0,0,0,0,0x0000,ALERT,0,0,5,0,,0,bonus_as10_gae1_no,700000,107,47,24274,30000,80.91,0
59395,2026-04-08 04:20:37,2026-04-08,0,88,-1,steal,9,1,88,29,24,0.3295,0.2727,-0.0330,-0.0166,0,0,0,0,0,0,0,0,0,0,0,0,0,0,0,0,0,0x0000,ALERT,0,0,5,0,,0,bonus_as10_gae1_no,700000,107,47,24274,30000,80.91,0
59396,2026-04-08 04:20:38,2026-04-08,0,89,-1,steal,9,1,89,29,25,0.3258,0.2809,-0.0322,-0.0412,0,0,0,0,0,0,0,0,0,0,0,0,0,0,0,0,0,0x0000,ALERT,0,0,5,0,,0,bonus_as10_gae1_no,700000,107,47,24274,30000,80.91,0
59397,2026-04-08 04:20:39,2026-04-08,0,90,-1,steal,9,1,90,29,25,0.3222,0.2778,-0.0314,-0.0403,0,0,0,0,0,0,0,0,0,0,0,0,0,0,0,0,0,0x0000,ALERT,0,0,5,0,,0,bonus_as10_gae1_no,700000,107,47,24274,30000,80.91,0
59398,2026-04-08 04:20:40,2026-04-08,0,91,-1,steal,9,1,91,29,25,0.3187,0.2747,-0.0307,-0.0393,0,0,0,0,0,0,0,0,0,0,0,0,0,0,0,0,0,0x0000,ALERT,0,0,5,0,,0,bonus_as10_gae1_no,700000,107,47,24274,30000,80.91,0
59399,2026-04-08 04:20:41,2026-04-08,0,92,-1,steal,9,1,92,29,26,0.3152,0.2826,-0.0300,-0.0384,0,0,0,0,0,0,0,0,0,0,0,0,0,0,0,0,0,0x0000,ALERT,0,0,5,0,,0,bonus_as10_gae1_no,700000,107,47,24274,30000,80.91,0
59400,2026-04-08 04:20:42,2026-04-08,0,93,-1,spins,9,1,93,29,29,0.3118,0.3118,-0.0293,-0.0376,0,0,0,0,0,0,0,0,0,0,0,0,0,0,0,0,0,0x0000,WAIT,0,0,5,1,spins,0,bonus_as10_gae1_no,700000,107,47,24274,30000,80.91,0
59401,2026-04-08 04:20:52,2026-04-08,0,94,-1,spins,9,1,94,30,29,0.3191,0.3085,-0.0181,-0.0261,0,0,0,0,0,0,0,0,0,0,0,0,0,0,0,0,0,0x0000,WAIT,0,0,5,0,,0,bonus_as10_gae1_no,700000,107,47,24275,30000,80.92,0
59402,2026-04-08 04:20:54,2026-04-08,0,95,-1,spins,9,1,95,30,30,0.3158,0.3158,-0.0175,-0.0254,0,0,0,0,0,0,0,0,0,0,0,0,0,0,0,0,0,0x0000,WAIT,0,0,5,0,,0,bonus_as10_gae1_no,700000,107,47,24275,30000,80.92,0
59403,2026-04-08 04:20:58,2026-04-08,0,96,-1,spins,9,1,96,30,31,0.3125,0.3229,-0.0170,-0.0247,0,0,0,0,0,0,0,0,0,0,0,0,0,0,0,0,0,0x0000,WAIT,0,0,5,0,,0,bonus_as10_gae1_no,700000,107,47,24275,30000,80.92,0
59404,2026-04-08 04:21:00,2026-04-08,0,97,-1,attack,9,1,97,30,31,0.3093,0.3196,-0.0166,-0.0241,0,0,0,0,0,0,0,0,0,0,0,0,0,0,0,0,0,0x0000,WAIT,0,0,5,1,attack,0,bonus_as10_gae1_no,700000,107,47,24275,30000,80.92,0
59405,2026-04-08 04:21:32,2026-04-08,0,98,-1,attack,9,1,98,30,31,0.3061,0.3163,-0.0161,-0.0234,0,0,0,0,0,0,0,0,0,0,0,0,0,0,0,0,0,0x0000,WAIT,0,0,5,0,,0,bonus_as10_gae1_no,700000,107,47,24275,30000,80.92,0
59406,2026-04-08 04:21:34,2026-04-08,0,99,-1,attack,9,1,99,30,31,0.3030,0.3131,-0.0157,-0.0228,0,0,0,0,0,0,0,0,0,0,0,0,0,0,0,0,0,0x0000,WAIT,0,0,5,1,attack,0,bonus_as10_gae1_no,700000,107,47,24275,30000,80.92,0
59407,2026-04-08 04:21:52,2026-04-08,0,100,-1,attack,9,1,100,30,31,0.3000,0.3100,-0.0152,-0.0222,0,0,0,0,0,0,0,0,0,0,0,0,0,0,0,0,0,0x0000,WAIT,0,0,5,0,,0,bonus_as10_gae1_no,700000,107,47,24275,30000,80.92,0
59408,2026-04-08 04:21:53,2026-04-08,0,101,-1,attack,9,1,101,32,31,0.3168,0.3069,0.0050,-0.0018,0,0,0,0,0,0,0,0,0,0,0,0,0,0,0,0,0,0x0000,WAIT,0,0,5,0,,0,bonus_as10_gae1_no,700000,107,47,24277,30000,80.92,0
59409,2026-04-08 04:21:54,2026-04-08,0,102,-1,attack,9,1,102,32,31,0.3137,0.3039,-0.0054,-0.0015,0,0,0,0,0,0,0,0,0,0,0,0,0,0,0,0,0,0x0000,WAIT,0,0,5,0,,0,bonus_as10_gae1_no,700000,107,47,24277,30000,80.92,0
59410,2026-04-08 04:21:55,2026-04-08,0,103,-1,attack,9,1,103,32,31,0.3107,0.3010,-0.0051,-0.0011,0,0,0,0,0,0,0,0,0,0,0,0,0,0,0,0,0,0x0000,WAIT,0,0,5,1,,0,bonus_as10_gae1_no,700000,107,47,24277,30000,80.92,0
59411,2026-04-08 04:21:56,2026-04-08,0,104,-1,attack,9,1,104,32,33,0.3077,0.3173,-0.0048,-0.0115,0,0,0,0,0,0,0,0,0,0,0,0,0,0,0,0,0,0x0000,WAIT,0,0,5,0,,0,bonus_as10_gae1_no,700000,107,47,24277,30000,80.92,0
59412,2026-04-08 04:21:58,2026-04-08,0,105,-1,attack,9,1,105,32,33,0.3048,0.3143,-0.0045,-0.0110,0,0,0,0,0,0,0,0,0,0,0,0,0,0,0,0,0,0x0000,SOON,0,0,5,0,,0,bonus_as10_gae1_no,700000,107,47,24277,30000,80.92,0
59413,2026-04-08 04:21:58,2026-04-08,0,106,-1,attack,9,1,106,34,33,0.3208,0.3113,0.0146,0.0083,0,0,0,0,0,0,0,0,0,0,0,0,0,0,0,0,0,0x0000,SOON,0,0,5,0,,0,bonus_as10_gae1_no,700000,107,47,24279,30000,80.93,0
59414,2026-04-08 04:22:00,2026-04-08,0,107,-1,attack,9,1,107,35,33,0.3271,0.3084,0.0241,0.0178,0,0,0,0,0,0,0,0,0,0,0,0,0,0,0,0,0,0x0000,SOON,0,0,5,0,,0,bonus_as10_gae1_no,700000,107,47,24280,30000,80.93,0
59415,2026-04-08 04:22:01,2026-04-08,0,108,-1,attack,9,1,108,35,33,0.3241,0.3056,0.0241,0.0180,0,0,0,0,0,0,0,0,0,0,0,0,0,0,0,0,0,0x0000,SOON,0,0,5,0,,0,bonus_as10_gae1_no,700000,107,47,24280,30000,80.93,0
59416,2026-04-08 04:22:03,2026-04-08,0,109,-1,attack,9,1,109,35,33,0.3211,0.3028,0.0043,0.0181,0,0,0,0,0,0,0,0,0,0,0,0,0,0,0,0,0,0x0000,SOON,0,0,5,0,,0,bonus_as10_gae1_no,700000,107,47,24280,30000,80.93,0
59417,2026-04-08 04:22:03,2026-04-08,0,110,-1,attack,9,1,110,35,34,0.3182,0.3091,0.0045,0.0182,0,0,0,0,0,0,0,0,0,0,0,0,0,0,0,0,0,0x0000,SOON,0,0,5,0,,0,bonus_as10_gae1_no,700000,107,47,24280,30000,80.93,0
59418,2026-04-08 04:22:05,2026-04-08,0,111,-1,attack,9,1,111,37,34,0.3333,0.3063,0.0227,0.0165,0,0,0,0,0,0,0,0,0,0,0,0,0,0,0,0,0,0x0000,SOON,0,0,5,0,,0,bonus_as10_gae1_no,700000,107,47,24282,30000,80.94,0
59419,2026-04-08 04:22:06,2026-04-08,0,112,-1,attack,9,1,112,37,35,0.3304,0.3125,0.0227,0.0166,0,0,0,0,0,0,0,0,0,0,0,0,0,0,0,0,0,0x0000,SOON,0,0,5,0,,0,bonus_as10_gae1_no,700000,107,47,24282,30000,80.94,0
59420,2026-04-08 04:22:07,2026-04-08,0,113,-1,attack,9,1,113,37,37,0.3274,0.3274,0.0227,0.0168,0,0,0,0,0,0,0,0,0,0,0,0,0,0,0,0,0,0x0000,SOON,0,0,5,0,,0,bonus_as10_gae1_no,700000,107,47,24282,30000,80.94,0
59421,2026-04-08 04:22:08,2026-04-08,0,114,-1,attack,9,1,114,37,37,0.3246,0.3246,0.0038,0.0169,0,0,0,0,0,0,0,0,0,0,0,0,0,0,0,0,0,0x0000,SOON,0,0,5,0,,0,bonus_as10_gae1_no,700000,107,47,24282,30000,80.94,0
59422,2026-04-08 04:22:09,2026-04-08,0,115,-1,attack,9,1,115,38,37,0.3304,0.3217,0.0033,0.0257,0,0,0,0,0,0,0,0,0,0,0,0,0,0,0,0,0,0x0000,SOON,0,0,5,0,,0,bonus_as10_gae1_no,700000,107,47,24283,30000,80.94,0
59423,2026-04-08 04:22:11,2026-04-08,0,116,-1,attack,9,1,116,38,37,0.3276,0.3190,0.0035,0.0068,0,0,0,0,0,0,0,0,0,0,0,0,0,0,0,0,0,0x0000,SOON,0,0,5,0,,0,bonus_as10_gae1_no,700000,107,47,24283,30000,80.94,0
59424,2026-04-08 04:22:12,2026-04-08,0,117,-1,attack,9,1,117,38,38,0.3248,0.3248,0.0037,-0.0023,0,0,0,0,0,0,0,0,0,0,0,0,0,0,0,0,0,0x0000,SOON,0,0,5,0,,0,bonus_as10_gae1_no,700000,107,47,24283,30000,80.94,0
59425,2026-04-08 04:22:13,2026-04-08,0,118,-1,attack,9,1,118,38,39,0.3220,0.3305,0.0039,-0.0020,0,0,0,0,0,0,0,0,0,0,0,0,0,0,0,0,0,0x0000,SOON,0,0,5,0,,0,bonus_as10_gae1_no,700000,107,47,24283,30000,80.94,0
59426,2026-04-08 04:22:14,2026-04-08,0,119,-1,attack,9,1,119,38,39,0.3193,0.3277,-0.0140,-0.0018,0,0,0,0,0,0,0,0,0,0,0,0,0,0,0,0,0,0x0000,SOON,0,0,5,0,,0,bonus_as10_gae1_no,700000,107,47,24283,30000,80.94,0
59427,2026-04-08 04:22:15,2026-04-08,0,120,-1,attack,9,1,120,38,39,0.3167,0.3250,-0.0137,-0.0015,0,0,0,0,0,0,0,0,0,0,0,0,0,0,0,0,0,0x0000,SOON,0,0,5,0,,0,bonus_as10_gae1_no,700000,107,47,24283,30000,80.94,0
59428,2026-04-08 04:22:17,2026-04-08,0,121,-1,attack,9,1,121,38,40,0.3140,0.3306,-0.0134,-0.0193,0,0,0,0,0,0,0,0,0,0,0,0,0,0,0,0,0,0x0000,SOON,0,0,5,0,,0,bonus_as10_gae1_no,700000,107,47,24283,30000,80.94,0
59429,2026-04-08 04:22:19,2026-04-08,0,122,-1,attack,9,1,122,39,40,0.3197,0.3279,-0.0049,-0.0107,0,0,0,0,0,0,0,0,0,0,0,0,0,0,0,0,0,0x0000,SOON,0,0,5,0,,0,bonus_as10_gae1_no,700000,107,47,24284,30000,80.95,0
59430,2026-04-08 04:22:20,2026-04-08,0,123,-1,attack,9,1,123,39,41,0.3171,0.3333,-0.0134,-0.0104,0,0,0,0,0,0,0,0,0,0,0,0,0,0,0,0,0,0x0000,SOON,0,0,5,0,,0,bonus_as10_gae1_no,700000,107,47,24284,30000,80.95,0
59431,2026-04-08 04:22:24,2026-04-08,0,124,-1,attack,9,1,124,39,41,0.3145,0.3306,-0.0131,-0.0100,0,0,0,0,0,0,0,0,0,0,0,0,0,0,0,0,0,0x0000,SOON,0,0,5,1,,0,bonus_as10_gae1_no,700000,107,47,24284,30000,80.95,0
59432,2026-04-08 04:22:26,2026-04-08,0,125,-1,attack,9,1,125,39,41,0.3120,0.3280,-0.0128,-0.0184,0,0,0,0,0,0,0,0,0,0,0,0,0,0,0,0,0,0x0000,SOON,0,0,5,1,attack,0,bonus_as10_gae1_no,700000,107,47,24284,30000,80.95,0
59433,2026-04-08 04:22:55,2026-04-08,0,126,-1,attack,9,1,126,39,41,0.3095,0.3254,-0.0125,-0.0181,0,0,0,0,0,0,0,0,0,0,0,0,0,0,0,0,0,0x0000,SOON,0,0,5,1,attack,0,bonus_as10_gae1_no,700000,107,47,24284,30000,80.95,0
59434,2026-04-08 04:23:10,2026-04-08,0,127,-1,attack,9,1,127,39,41,0.3071,0.3228,-0.0122,-0.0177,0,0,0,0,0,0,0,0,0,0,0,0,0,0,0,0,0,0x0000,SOON,0,0,5,1,,0,bonus_as10_gae1_no,700000,107,47,24284,30000,80.95,0
59435,2026-04-08 04:23:11,2026-04-08,0,128,-1,attack,9,1,128,39,41,0.3047,0.3203,-0.0120,-0.0173,0,0,0,0,0,0,0,0,0,0,0,0,0,0,0,0,0,0x0000,SOON,0,0,5,1,,0,bonus_as10_gae1_no,700000,107,47,24284,30000,80.95,0
59436,2026-04-08 04:23:12,2026-04-08,0,129,-1,attack,9,1,129,39,42,0.3023,0.3256,-0.0117,-0.0170,0,0,0,0,0,0,0,0,0,0,0,0,0,0,0,0,0,0x0000,SOON,0,0,5,0,,0,bonus_as10_gae1_no,700000,107,47,24284,30000,80.95,0
59437,2026-04-08 04:23:12,2026-04-08,0,130,-1,attack,9,1,130,39,42,0.3000,0.3231,-0.0197,-0.0167,0,0,0,0,0,0,0,0,0,0,0,0,0,0,0,0,0,0x0000,BET,0,1,6,1,,0,bonus_as10_gae1_no,700000,107,47,24284,30000,80.95,0
59438,2026-04-08 04:23:13,2026-04-08,0,131,-1,attack,9,1,131,39,42,0.2977,0.3206,-0.0194,-0.0163,0,0,0,0,0,1,0,0,0,0,0,0,0,0,0,0,1,0x0020,BET,0,2,7,1,,0,bonus_as10_gae1_no,700000,107,47,24284,30000,80.95,0
59439,2026-04-08 04:23:14,2026-04-08,0,132,-1,attack,9,1,132,39,42,0.2955,0.3182,-0.0191,-0.0242,0,0,0,0,0,1,0,0,0,0,0,0,0,0,0,0,1,0x0020,BET,0,3,8,1,attack,0,bonus_as10_gae1_no,700000,107,47,24284,30000,80.95,0
59440,2026-04-08 04:23:44,2026-04-08,0,133,-1,attack,9,1,133,40,42,0.3008,0.3158,-0.0112,-0.0163,0,0,0,0,0,1,0,0,0,0,0,0,0,0,0,0,1,0x0020,BET,0,4,9,0,,0,bonus_as10_gae1_no,700000,107,47,24285,30000,80.95,0
59441,2026-04-08 04:23:49,2026-04-08,0,134,-1,attack,9,1,134,42,42,0.3134,0.3134,0.0039,-0.0011,0,0,0,0,0,1,0,0,0,0,0,0,0,0,0,0,1,0x0020,BET,0,5,10,0,,0,bonus_as10_gae1_no,700000,107,47,24287,30000,80.96,0
59442,2026-04-08 04:23:50,2026-04-08,0,135,-1,attack,9,1,135,42,42,0.3111,0.3111,0.0040,-0.0009,0,0,0,0,0,1,0,0,0,0,0,0,0,0,0,0,1,0x0020,BET,0,6,11,1,,0,bonus_as10_gae1_no,700000,107,47,24287,30000,80.96,0
59443,2026-04-08 04:23:52,2026-04-08,0,136,-1,shield,9,1,136,42,42,0.3088,0.3088,0.0041,-0.0007,0,0,0,0,0,1,0,0,0,0,0,0,0,0,0,0,1,0x0020,BET,0,7,12,1,shield,0,bonus_as10_gae1_no,700000,107,47,24287,30000,80.96,0
59444,2026-04-08 04:23:53,2026-04-08,0,137,-1,shield,9,1,137,43,42,0.3139,0.3066,0.0115,0.0068,0,0,0,0,0,1,0,0,0,0,0,0,0,0,0,0,1,0x0020,BET,0,8,13,0,,0,bonus_as10_gae1_no,700000,107,47,24288,30000,80.96,0
59445,2026-04-08 04:23:59,2026-04-08,0,138,-1,shield,9,1,138,43,42,0.3116,0.3043,0.0116,0.0069,0,0,0,0,0,1,0,0,0,0,0,0,0,0,0,0,1,0x0020,BET,0,9,14,0,,0,bonus_as10_gae1_no,700000,107,47,24288,30000,80.96,0
59446,2026-04-08 04:24:02,2026-04-08,0,139,-1,shield,9,1,139,43,42,0.3094,0.3022,0.0116,0.0070,0,0,0,0,0,1,0,0,0,0,0,0,0,0,0,0,1,0x0020,BET,0,10,15,1,,0,bonus_as10_gae1_no,700000,107,47,24288,30000,80.96,0
59447,2026-04-08 04:24:03,2026-04-08,0,140,-1,shield,9,1,140,43,42,0.3071,0.3000,0.0117,0.0071,0,0,0,0,0,1,0,0,0,0,0,0,0,0,0,0,1,0x0020,BET,0,11,16,1,,0,bonus_as10_gae1_no,700000,107,47,24288,30000,80.96,0
59448,2026-04-08 04:24:04,2026-04-08,0,141,-1,shield,9,1,141,43,43,0.3050,0.3050,0.0042,0.0073,0,0,0,0,0,1,0,0,0,0,0,0,0,0,0,0,1,0x0020,BET,0,12,17,0,,0,bonus_as10_gae1_no,700000,107,47,24288,30000,80.96,0
59449,2026-04-08 04:24:05,2026-04-08,0,142,-1,shield,9,1,142,44,43,0.3099,0.3028,-0.0036,0.0144,0,0,0,0,0,1,0,0,0,0,0,0,0,0,0,0,1,0x0020,BET,0,13,18,0,,0,bonus_as10_gae1_no,700000,107,47,24289,30000,80.96,0
59450,2026-04-08 04:24:06,2026-04-08,0,143,-1,shield,9,1,143,44,43,0.3077,0.3007,-0.0034,0.0069,0,0,0,0,0,1,0,0,0,0,0,0,0,0,0,0,1,0x0020,BET,0,14,19,1,,0,bonus_as10_gae1_no,700000,107,47,24289,30000,80.96,0
59451,2026-04-08 04:24:07,2026-04-08,0,144,-1,shield,9,1,144,44,44,0.3056,0.3056,-0.0033,-0.0079,0,0,0,0,1,1,0,0,0,0,0,0,0,0,0,0,2,0x0030,BET,0,15,20,0,,0,bonus_as10_gae1_no,700000,107,47,24289,30000,80.96,0
59452,2026-04-08 04:24:09,2026-04-08,0,145,-1,shield,9,1,145,45,44,0.3103,0.3034,-0.0035,-0.0008,0,0,0,0,1,1,0,0,0,0,0,0,0,0,0,0,2,0x0030,BET,0,16,21,0,,0,bonus_as10_gae1_no,700000,107,47,24290,30000,80.97,0
59453,2026-04-08 04:24:11,2026-04-08,0,146,-1,shield,9,1,146,46,44,0.3151,0.3014,0.0035,0.0062,0,0,0,0,0,1,0,0,0,0,0,0,0,0,0,0,1,0x0020,BET,0,17,22,0,,0,bonus_as10_gae1_no,700000,107,47,24291,30000,80.97,0
59454,2026-04-08 04:24:12,2026-04-08,0,147,-1,shield,9,1,147,46,44,0.3129,0.2993,0.0036,-0.0009,0,0,0,0,1,1,0,0,0,0,0,0,0,0,0,0,2,0x0030,BET,0,18,23,1,,0,bonus_as10_gae1_no,700000,107,47,24291,30000,80.97,0
59455,2026-04-08 04:24:13,2026-04-08,0,148,-1,shield,9,1,148,46,44,0.3108,0.2973,0.0037,-0.0008,0,0,0,0,1,1,0,0,0,0,0,0,0,0,0,0,2,0x0030,BET,0,19,24,0,,0,bonus_as10_gae1_no,700000,107,47,24291,30000,80.97,0
59456,2026-04-08 04:24:14,2026-04-08,0,149,-1,shield,9,1,149,46,44,0.3087,0.2953,0.0038,-0.0006,0,0,0,0,1,1,0,0,0,0,0,0,0,0,0,0,2,0x0030,BET,0,20,25,0,,0,bonus_as10_gae1_no,700000,107,47,24291,30000,80.97,0
59457,2026-04-08 04:24:15,2026-04-08,0,150,-1,shield,9,1,150,46,44,0.3067,0.2933,-0.0032,-0.0005,0,0,0,0,1,1,0,0,0,0,0,0,0,0,0,0,2,0x0030,BET,0,21,26,0,,0,bonus_as10_gae1_no,700000,107,47,24291,30000,80.97,0
59458,2026-04-08 04:24:17,2026-04-08,0,151,-1,shield,9,1,151,47,44,0.3113,0.2914,0.0036,0.0063,0,0,0,1,0,1,0,0,0,0,0,0,0,0,0,0,2,0x0028,BET,0,22,27,0,,0,bonus_as10_gae1_no,700000,107,47,24292,30000,80.97,0
59459,2026-04-08 04:24:18,2026-04-08,0,152,-1,shield,9,1,152,48,44,0.3158,0.2895,0.0102,0.0059,0,0,0,1,0,1,0,0,0,0,0,0,0,0,0,0,2,0x0028,BET,0,23,28,0,,0,bonus_as10_gae1_no,700000,107,47,24293,30000,80.98,0
59460,2026-04-08 04:24:20,2026-04-08,0,153,-1,shield,9,1,153,49,44,0.3203,0.2876,0.0099,0.0126,0,0,0,1,0,1,0,0,0,0,0,0,0,0,0,0,2,0x0028,BET,0,24,29,0,,0,bonus_as10_gae1_no,700000,107,47,24294,30000,80.98,0
59461,2026-04-08 04:24:22,2026-04-08,0,154,-1,shield,9,1,154,49,44,0.3182,0.2857,0.0031,0.0126,0,0,0,1,0,1,0,0,0,0,0,0,0,0,0,0,2,0x0028,BET,0,25,30,0,,0,bonus_as10_gae1_no,700000,107,47,24294,30000,80.98,0
59462,2026-04-08 04:24:23,2026-04-08,0,155,-1,steal,9,1,155,49,44,0.3161,0.2839,0.0032,0.0058,0,0,0,1,0,1,0,0,0,0,0,0,0,0,0,0,2,0x0028,BET,0,26,31,1,steal,0,bonus_as10_gae1_no,700000,107,47,24294,30000,80.98,0
59463,2026-04-08 04:25:18,2026-04-08,0,156,-1,steal,9,1,156,49,44,0.3141,0.2821,0.0033,-0.0010,0,1,1,0,0,1,0,0,0,0,0,0,0,0,0,0,3,0x0026,BET,0,27,32,0,,0,bonus_as10_gae1_no,700000,107,47,24294,30000,80.98,0
59464,2026-04-08 04:25:20,2026-04-08,0,157,-1,shield,9,1,157,49,44,0.3121,0.2803,0.0034,-0.0008,0,1,1,0,0,1,0,0,0,0,0,0,0,0,0,0,3,0x0026,BET,0,28,33,1,shield,0,bonus_as10_gae1_no,700000,107,47,24294,30000,80.98,0
59465,2026-04-08 04:25:23,2026-04-08,0,158,-1,shield,9,1,158,49,44,0.3101,0.2785,0.0035,-0.0007,0,0,0,1,0,1,0,0,0,0,0,0,0,0,0,0,2,0x0028,BET,0,29,34,0,,0,bonus_as10_gae1_no,700000,107,47,24294,30000,80.98,0
59466,2026-04-08 04:25:32,2026-04-08,0,159,-1,shield,9,1,159,49,45,0.3082,0.2830,-0.0031,-0.0005,0,0,0,1,0,1,0,0,0,0,0,0,0,0,0,0,2,0x0028,BET,0,30,35,0,,0,bonus_as10_gae1_no,700000,107,47,24294,30000,80.98,0
59467,2026-04-08 04:25:35,2026-04-08,0,160,160,accumulation,9,1,0,0,0,0.0000,0.0000,0.0000,0.0000,0,0,0,1,0,1,0,0,0,0,0,0,0,0,0,0,2,0x0028,WAIT,0,0,0,1,accumulation,1,bonus_as10_gae1_no,700000,107,47,24304,30000,81.01,0
59468,2026-04-08 04:25:37,2026-04-08,1,1,160,accumulation,9,1,1,0,1,0.0000,1.0000,0.0000,0.0000,0,0,0,0,0,0,0,0,0,0,0,0,0,0,0,0,0,0x0000,WAIT,0,0,0,0,,0,bonus_as10_gae1_no,700000,107,47,24304,30000,81.01,0
59469,2026-04-08 04:25:38,2026-04-08,1,2,160,shield,9,1,2,0,1,0.0000,0.5000,0.0000,0.0000,0,0,0,0,0,0,0,0,0,0,0,0,0,0,0,0,0,0x0000,WAIT,0,0,0,1,shield,0,bonus_as10_gae1_no,700000,107,47,24304,30000,81.01,0
59470,2026-04-08 04:25:40,2026-04-08,1,3,160,shield,9,1,3,0,1,0.0000,0.3333,0.0000,0.0000,0,0,0,0,0,0,0,0,0,0,0,0,0,0,0,0,0,0x0000,WAIT,0,0,0,0,,0,bonus_as10_gae1_no,700000,107,47,24304,30000,81.01,0
59471,2026-04-08 04:25:41,2026-04-08,1,4,160,shield,9,1,4,2,1,0.5000,0.2500,0.0000,0.0000,0,0,0,0,0,0,0,0,0,0,0,0,0,0,0,0,0,0x0000,WAIT,0,0,0,0,,0,bonus_as10_gae1_no,700000,107,47,24306,30000,81.02,0
59472,2026-04-08 04:25:42,2026-04-08,1,5,160,shield,9,1,5,3,1,0.6000,0.2000,0.0000,0.0000,0,0,0,0,0,0,0,0,0,0,0,0,0,0,0,0,0,0x0000,WAIT,0,0,0,0,,0,bonus_as10_gae1_no,700000,107,47,24307,30000,81.02,0
59473,2026-04-08 04:25:44,2026-04-08,1,6,160,shield,9,1,6,3,1,0.5000,0.1667,0.0000,0.0000,0,0,0,0,0,0,0,0,0,0,0,0,0,0,0,0,0,0x0000,WAIT,0,0,0,0,,0,bonus_as10_gae1_no,700000,107,47,24307,30000,81.02,0
59474,2026-04-08 04:25:47,2026-04-08,1,7,160,shield,9,1,7,4,1,0.5714,0.1429,0.0000,0.0000,0,0,0,0,0,0,0,0,0,0,0,0,0,0,0,0,0,0x0000,WAIT,0,0,0,0,,0,bonus_as10_gae1_no,700000,107,47,24308,30000,81.03,0
59475,2026-04-08 04:25:48,2026-04-08,1,8,160,shield,9,1,8,4,2,0.5000,0.2500,0.0000,0.0000,0,0,0,0,0,0,0,0,0,0,0,0,0,0,0,0,0,0x0000,WAIT,0,0,0,0,,0,bonus_as10_gae1_no,700000,107,47,24308,30000,81.03,0
59476,2026-04-08 04:25:50,2026-04-08,1,9,160,shield,9,1,9,5,2,0.5556,0.2222,0.5556,0.0000,0,0,0,0,0,0,0,0,0,0,0,0,0,0,0,0,0,0x0000,WAIT,0,0,0,0,,0,bonus_as10_gae1_no,700000,107,47,24309,30000,81.03,0
59477,2026-04-08 04:25:53,2026-04-08,1,10,160,shield,9,1,10,5,3,0.5000,0.3000,0.5000,0.0000,0,0,0,0,0,0,0,0,0,0,0,0,0,0,0,0,0,0x0000,WAIT,0,0,0,0,,0,bonus_as10_gae1_no,700000,107,47,24309,30000,81.03,0
59478,2026-04-08 04:25:57,2026-04-08,1,11,160,shield,9,1,11,5,3,0.4545,0.2727,0.4545,0.4545,0,0,0,0,0,0,0,0,0,0,0,0,0,0,0,0,0,0x0000,WAIT,0,0,0,0,,0,bonus_as10_gae1_no,700000,107,47,24309,30000,81.03,0
59479,2026-04-08 04:25:58,2026-04-08,1,12,12,accumulation,9,1,0,0,0,0.0000,0.0000,0.0000,0.0000,0,0,0,0,0,0,0,0,0,0,0,0,0,0,0,0,0,0x0000,WAIT,0,0,0,1,accumulation,0,bonus_as10_gae1_no,700000,107,47,24319,30000,81.06,0
59480,2026-04-08 04:25:59,2026-04-08,2,1,12,accumulation,9,1,1,1,0,1.0000,0.0000,0.0000,0.0000,0,0,0,0,0,0,0,0,0,0,0,0,0,0,0,0,0,0x0000,WAIT,0,0,0,0,,0,bonus_as10_gae1_no,700000,107,47,24320,30000,81.07,0
59481,2026-04-08 04:26:01,2026-04-08,2,2,12,steal,9,1,2,1,0,0.5000,0.0000,0.0000,0.0000,0,0,0,0,0,0,0,0,0,0,0,0,0,0,0,0,0,0x0000,WAIT,0,0,0,1,steal,0,bonus_as10_gae1_no,700000,107,47,24320,30000,81.07,0
59482,2026-04-08 04:26:14,2026-04-08,2,3,12,steal,9,1,3,1,0,0.3333,0.0000,0.0000,0.0000,0,0,0,0,0,0,0,0,0,0,0,0,0,0,0,0,0,0x0000,WAIT,0,0,0,1,,0,bonus_as10_gae1_no,700000,107,47,24320,30000,81.07,0
59483,2026-04-08 04:26:24,2026-04-08,2,4,12,steal,9,1,4,3,0,0.7500,0.0000,0.0000,0.0000,0,0,0,0,0,0,0,0,0,0,0,0,0,0,0,0,0,0x0000,WAIT,0,0,0,0,,0,bonus_as10_gae1_no,700000,107,47,24322,30000,81.07,0
59484,2026-04-08 04:26:27,2026-04-08,2,5,12,steal,9,1,5,3,1,0.6000,0.2000,0.0000,0.0000,0,0,0,0,0,0,0,0,0,0,0,0,0,0,0,0,0,0x0000,WAIT,0,0,0,0,,0,bonus_as10_gae1_no,700000,107,47,24322,30000,81.07,0
59485,2026-04-08 04:26:28,2026-04-08,2,6,12,steal,9,1,6,4,1,0.6667,0.1667,0.0000,0.0000,0,0,0,0,0,0,0,0,0,0,0,0,0,0,0,0,0,0x0000,WAIT,0,0,0,0,,0,bonus_as10_gae1_no,700000,107,47,24323,30000,81.08,0
59486,2026-04-08 04:26:30,2026-04-08,2,7,12,attack,9,1,7,4,1,0.5714,0.1429,0.0000,0.0000,0,0,0,0,0,0,0,0,0,0,0,0,0,0,0,0,0,0x0000,WAIT,0,0,0,1,attack,0,bonus_as10_gae1_no,700000,107,47,24323,30000,81.08,0
59487,2026-04-08 04:28:19,2026-04-08,2,8,12,attack,9,1,8,5,1,0.6250,0.1250,0.0000,0.0000,0,0,0,0,0,0,0,0,0,0,0,0,0,0,0,0,0,0x0000,WAIT,0,0,0,0,,0,bonus_as10_gae1_no,700000,107,47,24324,30000,81.08,0
59488,2026-04-08 04:28:22,2026-04-08,2,9,12,steal,9,1,9,5,1,0.5556,0.1111,-0.4444,0.0000,0,0,0,0,0,0,0,0,0,0,0,0,0,0,0,0,0,0x0000,WAIT,0,0,0,1,steal,0,bonus_as10_gae1_no,700000,107,47,24324,30000,81.08,0
59489,2026-04-08 04:30:56,2026-04-08,2,10,12,steal,9,1,10,5,1,0.5000,0.1000,0.0000,0.0000,0,0,0,0,0,0,0,0,0,0,0,0,0,0,0,0,0,0x0000,WAIT,0,0,0,0,,0,bonus_as10_gae1_no,700000,107,47,24324,30000,81.08,0
59490,2026-04-08 04:30:57,2026-04-08,2,11,12,steal,9,1,11,5,1,0.4545,0.0909,0.1212,-0.5455,0,0,0,0,0,0,0,0,0,0,0,0,0,0,0,0,0,0x0000,WAIT,0,0,0,0,,0,bonus_as10_gae1_no,700000,107,47,24324,30000,81.08,0
59491,2026-04-08 04:30:58,2026-04-08,2,12,12,steal,9,1,12,5,1,0.4167,0.0833,-0.3333,-0.0833,0,0,0,0,0,0,0,0,0,0,0,0,0,0,0,0,0,0x0000,WAIT,0,0,0,1,,0,bonus_as10_gae1_no,700000,107,47,24324,30000,81.08,0
59492,2026-04-08 04:30:58,2026-04-08,2,13,12,steal,9,1,13,5,1,0.3846,0.0769,-0.2154,0.0513,0,0,0,0,0,0,0,0,0,0,0,0,0,0,0,0,0,0x0000,WAIT,0,0,0,1,,0,bonus_as10_gae1_no,700000,107,47,24324,30000,81.08,0
59493,2026-04-08 04:30:59,2026-04-08,2,14,12,steal,9,1,14,5,1,0.3571,0.0714,-0.3095,-0.3929,0,0,0,0,0,0,0,0,0,0,0,0,0,0,0,0,0,0x0000,WAIT,0,0,0,0,,0,bonus_as10_gae1_no,700000,107,47,24324,30000,81.08,0
59494,2026-04-08 04:31:00,2026-04-08,2,15,12,steal,9,1,15,5,1,0.3333,0.0667,-0.2381,-0.2667,0,0,0,0,0,0,0,0,0,0,0,0,0,0,0,0,0,0x0000,WAIT,0,0,0,0,,0,bonus_as10_gae1_no,700000,107,47,24324,30000,81.08,0
59495,2026-04-08 04:31:01,2026-04-08,2,16,12,steal,9,1,16,5,1,0.3125,0.0625,-0.3125,-0.3542,0,0,0,0,0,0,0,0,0,0,0,0,0,0,0,0,0,0x0000,WAIT,0,0,0,0,,0,bonus_as10_gae1_no,700000,107,47,24324,30000,81.08,0
59496,2026-04-08 04:31:02,2026-04-08,2,17,12,steal,9,1,17,5,1,0.2941,0.0588,-0.2614,-0.2773,0,0,0,0,0,0,0,0,0,0,0,0,0,0,0,0,0,0x0000,WAIT,0,0,0,0,,0,bonus_as10_gae1_no,700000,107,47,24324,30000,81.08,0
59497,2026-04-08 04:31:03,2026-04-08,2,18,12,steal,9,1,18,5,1,0.2778,0.0556,-0.2222,-0.3472,0,0,0,0,0,0,0,0,0,0,0,0,0,0,0,0,0,0x0000,WAIT,0,0,0,1,,0,bonus_as10_gae1_no,700000,107,47,24324,30000,81.08,0
59498,2026-04-08 04:31:03,2026-04-08,2,19,12,steal,9,1,19,6,1,0.3158,0.0526,-0.1388,-0.2398,0,0,0,0,0,0,0,0,0,0,0,0,0,0,0,0,0,0x0000,WAIT,0,0,0,0,,0,bonus_as10_gae1_no,700000,107,47,24325,30000,81.08,0
59499,2026-04-08 04:31:05,2026-04-08,2,20,12,steal,9,1,20,7,1,0.3500,0.0500,-0.0667,-0.1500,0,0,0,0,0,0,0,0,0,0,0,0,0,0,0,0,0,0x0000,WAIT,0,0,0,0,,0,bonus_as10_gae1_no,700000,107,47,24326,30000,81.09,0
59500,2026-04-08 04:31:07,2026-04-08,2,21,12,steal,9,1,21,7,1,0.3333,0.0476,-0.0513,-0.1212,0,0,0,0,0,0,0,0,0,0,0,0,0,0,0,0,0,0x0000,WAIT,0,0,0,1,,0,bonus_as10_gae1_no,700000,107,47,24326,30000,81.09,0
59501,2026-04-08 04:31:08,2026-04-08,2,22,12,steal,9,1,22,7,1,0.3182,0.0455,-0.0390,-0.0985,0,0,0,0,0,0,0,0,0,0,0,0,0,0,0,0,0,0x0000,WAIT,0,0,0,1,,0,bonus_as10_gae1_no,700000,107,47,24326,30000,81.09,0
59502,2026-04-08 04:31:09,2026-04-08,2,23,12,steal,9,1,23,9,1,0.3913,0.0435,0.0580,0.0067,0,0,0,0,0,0,0,0,0,0,0,0,0,0,0,0,0,0x0000,WAIT,0,0,0,0,,0,bonus_as10_gae1_no,700000,107,47,24328,30000,81.09,0
59503,2026-04-08 04:31:10,2026-04-08,2,24,12,steal,9,1,24,9,3,0.3750,0.1250,0.0625,0.0179,0,0,0,0,0,0,0,0,0,0,0,0,0,0,0,0,0,0x0000,WAIT,0,0,0,0,,0,bonus_as10_gae1_no,700000,107,47,24328,30000,81.09,0
59504,2026-04-08 04:31:10,2026-04-08,2,25,12,steal,9,1,25,9,4,0.3600,0.1600,0.0659,0.0267,0,0,0,0,0,0,0,0,0,0,0,0,0,0,0,0,0,0x0000,WAIT,0,0,0,0,,0,bonus_as10_gae1_no,700000,107,47,24328,30000,81.09,0
59505,2026-04-08 04:31:11,2026-04-08,2,26,12,steal,9,1,26,9,4,0.3462,0.1538,0.0684,0.0337,0,0,0,0,0,0,0,0,0,0,0,0,0,0,0,0,0,0x0000,WAIT,0,0,0,0,,0,bonus_as10_gae1_no,700000,107,47,24328,30000,81.09,0
59506,2026-04-08 04:31:13,2026-04-08,2,27,12,shield,9,1,27,9,4,0.3333,0.1481,0.0175,0.0392,0,0,0,0,0,0,0,0,0,0,0,0,0,0,0,0,0,0x0000,WAIT,0,0,0,1,shield,0,bonus_as10_gae1_no,700000,107,47,24328,30000,81.09,0
59507,2026-04-08 04:31:14,2026-04-08,2,28,12,shield,9,1,28,9,4,0.3214,0.1429,-0.0286,0.0437,0,0,0,0,0,0,0,0,0,0,0,0,0,0,0,0,0,0x0000,WAIT,0,0,0,0,,0,bonus_as10_gae1_no,700000,107,47,24328,30000,81.09,0
59508,2026-04-08 04:31:16,2026-04-08,2,29,12,shield,9,1,29,10,4,0.3448,0.1379,0.0115,0.0290,0,0,0,0,0,0,0,0,0,0,0,0,0,0,0,0,0,0x0000,WAIT,0,0,0,0,,0,bonus_as10_gae1_no,700000,107,47,24329,30000,81.10,0
59509,2026-04-08 04:31:17,2026-04-08,2,30,12,shield,9,1,30,10,4,0.3333,0.1333,0.0152,-0.0167,0,0,0,0,0,0,0,0,0,0,0,0,0,0,0,0,0,0x0000,WAIT,0,0,0,0,,0,bonus_as10_gae1_no,700000,107,47,24329,30000,81.10,0
59510,2026-04-08 04:31:18,2026-04-08,2,31,12,attack,9,1,31,10,4,0.3226,0.1290,-0.0687,-0.0108,0,0,0,0,0,0,0,0,0,0,0,0,0,0,0,0,0,0x0000,WAIT,0,0,0,1,attack,0,bonus_as10_gae1_no,700000,107,47,24329,30000,81.10,0
59511,2026-04-08 04:31:50,2026-04-08,2,32,12,attack,9,1,32,10,4,0.3125,0.1250,-0.0625,-0.0057,0,0,0,0,0,0,0,0,0,0,0,0,0,0,0,0,0,0x0000,WAIT,0,0,0,0,,0,bonus_as10_gae1_no,700000,107,47,24329,30000,81.10,0
59512,2026-04-08 04:31:52,2026-04-08,2,33,12,attack,9,1,33,10,4,0.3030,0.1212,-0.0570,-0.0883,0,0,0,0,0,0,0,0,0,0,0,0,0,0,0,0,0,0x0000,WAIT,0,0,0,1,,0,bonus_as10_gae1_no,700000,107,47,24329,30000,81.10,0
59513,2026-04-08 04:31:54,2026-04-08,2,34,12,attack,9,1,34,11,4,0.3235,0.1176,-0.0226,-0.0515,0,0,0,0,0,0,0,0,0,0,0,0,0,0,0,0,0,0x0000,WAIT,0,0,0,0,,0,bonus_as10_gae1_no,700000,107,47,24330,30000,81.10,0
59514,2026-04-08 04:31:55,2026-04-08,2,35,12,attack,9,1,35,11,4,0.3143,0.1143,-0.0190,-0.0457,0,0,0,0,0,0,0,0,0,0,0,0,0,0,0,0,0,0x0000,WAIT,0,0,0,1,attack,0,bonus_as10_gae1_no,700000,107,47,24330,30000,81.10,0
59515,2026-04-08 04:32:14,2026-04-08,2,36,12,attack,9,1,36,11,4,0.3056,0.1111,-0.0159,-0.0406,0,0,0,0,0,0,0,0,0,0,0,0,0,0,0,0,0,0x0000,WAIT,0,0,0,1,,0,bonus_as10_gae1_no,700000,107,47,24330,30000,81.10,0
59516,2026-04-08 04:32:17,2026-04-08,2,37,12,shield,9,1,37,11,4,0.2973,0.1081,-0.0475,-0.0360,0,0,0,0,0,0,0,0,0,0,0,0,0,0,0,0,0,0x0000,WAIT,0,0,0,1,shield,0,bonus_as10_gae1_no,700000,107,47,24330,30000,81.10,0
59517,2026-04-08 04:32:20,2026-04-08,2,38,12,shield,9,1,38,11,5,0.2895,0.1316,-0.0439,-0.0320,0,0,0,0,0,0,0,0,0,0,0,0,0,0,0,0,0,0x0000,WAIT,0,0,0,0,,0,bonus_as10_gae1_no,700000,107,47,24330,30000,81.10,0
59518,2026-04-08 04:32:20,2026-04-08,2,39,12,shield,9,1,39,13,5,0.3333,0.1282,0.0108,-0.0115,0,0,0,0,0,0,0,0,0,0,0,0,0,0,0,0,0,0x0000,WAIT,0,0,0,0,,0,bonus_as10_gae1_no,700000,107,47,24332,30000,81.11,0
59519,2026-04-08 04:32:24,2026-04-08,2,40,12,shield,9,1,40,13,5,0.3250,0.1250,0.0125,-0.0083,0,0,0,0,0,0,0,0,0,0,0,0,0,0,0,0,0,0x0000,WAIT,0,0,0,0,,0,bonus_as10_gae1_no,700000,107,47,24332,30000,81.11,0
59520,2026-04-08 04:32:28,2026-04-08,2,41,12,shield,9,1,41,13,5,0.3171,0.1220,0.0140,-0.0055,0,0,0,0,0,0,0,0,0,0,0,0,0,0,0,0,0,0x0000,WAIT,0,0,0,1,shield,0,bonus_as10_gae1_no,700000,107,47,24332,30000,81.11,0
59521,2026-04-08 04:32:30,2026-04-08,2,42,12,shield,9,1,42,13,6,0.3095,0.1429,-0.0140,-0.0030,0,0,0,0,0,0,0,0,0,0,0,0,0,0,0,0,0,0x0000,WAIT,0,0,0,0,,0,bonus_as10_gae1_no,700000,107,47,24332,30000,81.11,0
59522,2026-04-08 04:32:33,2026-04-08,2,43,12,shield,9,1,43,14,6,0.3256,0.1395,0.0113,0.0226,0,0,0,0,0,0,0,0,0,0,0,0,0,0,0,0,0,0x0000,WAIT,0,0,0,0,,0,bonus_as10_gae1_no,700000,107,47,24333,30000,81.11,0
59523,2026-04-08 04:32:34,2026-04-08,2,44,12,spins,9,1,44,14,9,0.3182,0.2045,0.0126,-0.0053,0,0,0,0,0,0,0,0,0,0,0,0,0,0,0,0,0,0x0000,WAIT,0,0,0,1,spins,0,bonus_as10_gae1_no,700000,107,47,24333,30000,81.11,0
59524,2026-04-08 04:32:35,2026-04-08,2,45,12,spins,9,1,45,15,9,0.3333,0.2000,0.0360,0.0190,0,0,0,0,0,0,0,0,0,0,0,0,0,0,0,0,0,0x0000,WAIT,0,0,0,0,,0,bonus_as10_gae1_no,700000,107,47,24334,30000,81.11,0
59525,2026-04-08 04:32:37,2026-04-08,2,46,12,attack,9,1,46,15,9,0.3261,0.1957,0.0366,0.0205,0,0,0,0,0,0,0,0,0,0,0,0,0,0,0,0,0,0x0000,WAIT,0,0,0,1,attack,0,bonus_as10_gae1_no,700000,107,47,24334,30000,81.11,0
59526,2026-04-08 04:33:31,2026-04-08,2,47,12,attack,9,1,47,15,9,0.3191,0.1915,-0.0142,0.0219,0,0,0,0,0,0,0,0,0,0,0,0,0,0,0,0,0,0x0000,WAIT,0,0,0,0,,0,bonus_as10_gae1_no,700000,107,47,24334,30000,81.11,0
59527,2026-04-08 04:33:34,2026-04-08,2,48,12,attack,9,1,48,15,9,0.3125,0.1875,-0.0125,0.0230,0,0,0,0,0,0,0,0,0,0,0,0,0,0,0,0,0,0x0000,WAIT,0,0,0,1,attack,0,bonus_as10_gae1_no,700000,107,47,24334,30000,81.11,0
59528,2026-04-08 04:33:52,2026-04-08,2,49,12,attack,9,1,49,16,9,0.3265,0.1837,0.0095,-0.0068,0,0,0,0,0,0,0,0,0,0,0,0,0,0,0,0,0,0x0000,WAIT,0,0,0,0,,0,bonus_as10_gae1_no,700000,107,47,24335,30000,81.12,0
59529,2026-04-08 04:33:56,2026-04-08,2,50,12,attack,9,1,50,18,9,0.3600,0.1800,0.0505,0.0350,0,0,0,0,0,0,0,0,0,0,0,0,0,0,0,0,0,0x0000,WAIT,0,0,0,0,,0,bonus_as10_gae1_no,700000,107,47,24337,30000,81.12,0
59530,2026-04-08 04:33:58,2026-04-08,2,51,12,attack,9,1,51,18,9,0.3529,0.1765,0.0274,0.0359,0,0,0,0,0,0,0,0,0,0,0,0,0,0,0,0,0,0x0000,WAIT,0,0,0,1,attack,0,bonus_as10_gae1_no,700000,107,47,24337,30000,81.12,0
59531,2026-04-08 04:34:03,2026-04-08,2,52,12,shield,9,1,52,18,9,0.3462,0.1731,0.0280,0.0366,0,0,0,0,0,0,0,0,0,0,0,0,0,0,0,0,0,0x0000,WAIT,0,0,0,1,shield,0,bonus_as10_gae1_no,700000,107,47,24337,30000,81.12,0
59532,2026-04-08 04:34:04,2026-04-08,2,53,12,shield,9,1,53,18,10,0.3396,0.1887,0.0063,0.0140,0,0,0,0,0,0,0,0,0,0,0,0,0,0,0,0,0,0x0000,WAIT,0,0,0,0,,0,bonus_as10_gae1_no,700000,107,47,24337,30000,81.12,0
59533,2026-04-08 04:34:06,2026-04-08,2,54,12,shield,9,1,54,20,10,0.3704,0.1852,0.0443,0.0522,0,0,0,0,0,0,0,0,0,0,0,0,0,0,0,0,0,0x0000,WAIT,0,0,0,0,,0,bonus_as10_gae1_no,700000,107,47,24339,30000,81.13,0
59534,2026-04-08 04:34:07,2026-04-08,2,55,12,shield,9,1,55,20,12,0.3636,0.2182,0.0445,0.0303,0,0,0,0,0,0,0,0,0,0,0,0,0,0,0,0,0,0x0000,WAIT,0,0,0,0,,0,bonus_as10_gae1_no,700000,107,47,24339,30000,81.13,0
59535,2026-04-08 04:34:08,2026-04-08,2,56,12,shield,9,1,56,21,12,0.3750,0.2143,0.0625,0.0489,0,0,0,0,0,0,0,0,0,0,0,0,0,0,0,0,0,0x0000,WAIT,0,0,0,0,,0,bonus_as10_gae1_no,700000,107,47,24340,30000,81.13,0
59536,2026-04-08 04:34:12,2026-04-08,2,57,12,shield,9,1,57,21,13,0.3684,0.2281,0.0419,0.0493,0,0,0,0,0,0,0,0,0,0,0,0,0,0,0,0,0,0x0000,WAIT,0,0,0,0,,0,bonus_as10_gae1_no,700000,107,47,24340,30000,81.13,0
59537,2026-04-08 04:34:14,2026-04-08,2,58,12,shield,9,1,58,21,13,0.3621,0.2241,0.0021,0.0496,0,0,0,0,0,0,0,0,0,0,0,0,0,0,0,0,0,0x0000,WAIT,0,0,0,0,,0,bonus_as10_gae1_no,700000,107,47,24340,30000,81.13,0
59538,2026-04-08 04:34:19,2026-04-08,2,59,12,shield,9,1,59,21,13,0.3559,0.2203,0.0030,0.0294,0,0,0,0,0,0,0,0,0,0,0,0,0,0,0,0,0,0x0000,WAIT,0,0,0,1,,0,bonus_as10_gae1_no,700000,107,47,24340,30000,81.13,0
59539,2026-04-08 04:34:20,2026-04-08,2,60,12,shield,9,1,60,21,15,0.3500,0.2500,0.0038,-0.0100,0,0,0,0,0,0,0,0,0,0,0,0,0,0,0,0,0,0x0000,WAIT,0,0,0,0,,0,bonus_as10_gae1_no,700000,107,47,24340,30000,81.13,0
59540,2026-04-08 04:34:24,2026-04-08,2,61,12,attack,9,1,61,21,15,0.3443,0.2459,0.0046,-0.0087,0,0,0,0,0,0,0,0,0,0,0,0,0,0,0,0,0,0x0000,WAIT,0,0,0,1,attack,0,bonus_as10_gae1_no,700000,107,47,24340,30000,81.13,0
59541,2026-04-08 04:34:40,2026-04-08,2,62,12,attack,9,1,62,22,15,0.3548,0.2419,-0.0155,0.0087,0,0,0,0,0,0,0,0,0,0,0,0,0,0,0,0,0,0x0000,WAIT,0,0,0,0,,0,bonus_as10_gae1_no,700000,107,47,24341,30000,81.14,0
59542,2026-04-08 04:34:42,2026-04-08,2,63,12,attack,9,1,63,22,16,0.3492,0.2540,-0.0144,0.0096,0,0,0,0,0,0,0,0,0,0,0,0,0,0,0,0,0,0x0000,WAIT,0,0,0,0,,0,bonus_as10_gae1_no,700000,107,47,24341,30000,81.14,0
59543,2026-04-08 04:34:44,2026-04-08,2,64,12,attack,9,1,64,24,16,0.3750,0.2500,0.0000,0.0046,0,0,0,0,0,0,0,0,0,0,0,0,0,0,0,0,0,0x0000,WAIT,0,0,0,0,,0,bonus_as10_gae1_no,700000,107,47,24343,30000,81.14,0
59544,2026-04-08 04:34:46,2026-04-08,2,65,12,attack,9,1,65,24,17,0.3692,0.2615,0.0008,0.0056,0,0,0,0,0,0,0,0,0,0,0,0,0,0,0,0,0,0x0000,WAIT,0,0,0,0,,0,bonus_as10_gae1_no,700000,107,47,24343,30000,81.14,0
59545,2026-04-08 04:34:47,2026-04-08,2,66,12,attack,9,1,66,24,17,0.3636,0.2576,0.0016,-0.0114,0,0,0,0,0,0,0,0,0,0,0,0,0,0,0,0,0,0x0000,WAIT,0,0,0,0,,0,bonus_as10_gae1_no,700000,107,47,24343,30000,81.14,0
59546,2026-04-08 04:34:47,2026-04-08,2,67,12,attack,9,1,67,24,18,0.3582,0.2687,0.0023,-0.0102,0,0,0,0,0,0,0,0,0,0,0,0,0,0,0,0,0,0x0000,WAIT,0,0,0,0,,0,bonus_as10_gae1_no,700000,107,47,24343,30000,81.14,0
59547,2026-04-08 04:34:49,2026-04-08,2,68,12,steal,9,1,68,24,18,0.3529,0.2647,0.0029,-0.0091,0,0,0,0,0,0,0,0,0,0,0,0,0,0,0,0,0,0x0000,BET,0,1,1,1,steal,0,bonus_as10_gae1_no,700000,107,47,24343,30000,81.14,0
59548,2026-04-08 04:34:59,2026-04-08,2,69,12,steal,9,1,69,24,18,0.3478,0.2609,0.0036,-0.0081,1,0,0,0,0,0,0,0,0,0,0,0,0,0,0,0,1,0x0001,BET,0,2,2,0,,0,bonus_as10_gae1_no,700000,107,47,24343,30000,81.14,0
59549,2026-04-08 04:35:00,2026-04-08,2,70,12,steal,9,1,70,24,18,0.3429,0.2571,-0.0120,-0.0071,1,0,0,0,0,0,0,0,0,0,0,0,0,0,0,0,1,0x0001,BET,0,3,3,1,,0,bonus_as10_gae1_no,700000,107,47,24343,30000,81.14,0
59550,2026-04-08 04:35:03,2026-04-08,2,71,12,steal,9,400,71,24,19,0.3380,0.2676,-0.0112,-0.0062,1,0,0,0,0,0,0,0,0,0,0,0,0,0,0,0,1,0x0001,ALERT,0,0,3,0,,0,bonus_as10_gae1_no,700000,107,47,24343,30000,81.14,0
59551,2026-04-08 04:35:04,2026-04-08,2,72,12,steal,9,400,72,26,19,0.3611,0.2639,-0.0139,0.0063,0,0,0,0,0,0,0,0,0,0,0,0,0,0,0,0,0,0x0000,BET,0,1,4,0,,0,bonus_as10_gae1_no,700000,107,47,25143,30000,83.81,0
59552,2026-04-08 04:35:06,2026-04-08,2,73,12,steal,9,400,73,26,19,0.3562,0.2603,-0.0131,0.0070,1,0,0,0,0,0,0,0,0,0,0,0,0,0,0,0,1,0x0001,BET,0,2,5,0,,0,bonus_as10_gae1_no,700000,107,47,25143,30000,83.81,0
59553,2026-04-08 04:35:08,2026-04-08,2,74,12,steal,9,400,74,26,19,0.3514,0.2568,-0.0123,-0.0236,1,0,0,0,0,0,0,0,0,0,0,0,0,0,0,0,1,0x0001,BET,0,3,6,0,,0,bonus_as10_gae1_no,700000,107,47,25143,30000,83.81,0
59554,2026-04-08 04:35:09,2026-04-08,2,75,12,steal,9,400,75,26,19,0.3467,0.2533,-0.0115,-0.0226,1,0,0,0,0,0,0,0,0,0,0,0,0,0,0,0,1,0x0001,BET,0,4,7,0,,0,bonus_as10_gae1_no,700000,107,47,25143,30000,83.81,0
59555,2026-04-08 04:35:10,2026-04-08,2,76,12,steal,9,400,76,26,19,0.3421,0.2500,-0.0108,-0.0215,1,0,0,0,0,0,0,0,0,0,0,0,0,0,0,0,1,0x0001,BET,0,5,8,0,,0,bonus_as10_gae1_no,700000,107,47,25143,30000,83.81,0
59556,2026-04-08 04:36:17,2026-04-08,2,77,12,steal,9,400,77,26,19,0.3377,0.2468,-0.0102,-0.0205,1,0,0,0,0,0,0,0,0,0,0,0,0,0,0,0,1,0x0001,ALERT,0,0,8,0,,0,bonus_as10_gae1_no,700000,107,47,25143,30000,83.81,0
59557,2026-04-08 04:36:18,2026-04-08,2,78,12,steal,9,400,78,26,19,0.3333,0.2436,-0.0095,-0.0196,0,0,0,0,0,0,0,0,0,0,0,0,0,0,0,0,0,0x0000,ALERT,0,0,8,1,,0,bonus_as10_gae1_no,700000,107,47,25143,30000,83.81,0
59558,2026-04-08 04:36:21,2026-04-08,2,79,12,steal,9,1,79,26,19,0.3291,0.2405,-0.0089,-0.0187,0,0,0,0,0,0,0,0,0,0,0,0,0,0,0,0,0,0x0000,ALERT,0,0,8,1,,0,bonus_as10_gae1_no,700000,107,47,25143,30000,83.81,0
59559,2026-04-08 04:36:23,2026-04-08,2,80,12,steal,9,1,80,26,19,0.3250,0.2375,-0.0361,-0.0179,0,0,0,0,0,0,0,0,0,0,0,0,0,0,0,0,0,0x0000,ALERT,0,0,8,0,,0,bonus_as10_gae1_no,700000,107,47,25143,30000,83.81,0
59560,2026-04-08 04:36:24,2026-04-08,2,81,12,steal,9,1,81,26,20,0.3210,0.2469,-0.0352,-0.0170,0,0,0,0,0,0,0,0,0,0,0,0,0,0,0,0,0,0x0000,ALERT,0,0,8,0,,0,bonus_as10_gae1_no,700000,107,47,25143,30000,83.81,0
59561,2026-04-08 04:36:25,2026-04-08,2,82,12,steal,9,1,82,27,20,0.3293,0.2439,-0.0221,-0.0318,0,0,0,0,0,0,0,0,0,0,0,0,0,0,0,0,0,0x0000,ALERT,0,0,8,0,,0,bonus_as10_gae1_no,700000,107,47,25144,30000,83.81,0
59562,2026-04-08 04:36:27,2026-04-08,2,83,12,steal,9,1,83,27,20,0.3253,0.2410,-0.0214,-0.0309,0,0,0,0,0,0,0,0,0,0,0,0,0,0,0,0,0,0x0000,ALERT,0,0,8,0,,0,bonus_as10_gae1_no,700000,107,47,25144,30000,83.81,0
59563,2026-04-08 04:36:28,2026-04-08,2,84,12,steal,9,1,84,27,20,0.3214,0.2381,-0.0207,-0.0299,0,0,0,0,0,0,0,0,0,0,0,0,0,0,0,0,0,0x0000,ALERT,0,0,8,0,,0,bonus_as10_gae1_no,700000,107,47,25144,30000,83.81,0
59564,2026-04-08 04:36:29,2026-04-08,2,85,12,steal,9,1,85,28,20,0.3294,0.2353,-0.0083,-0.0173,0,0,0,0,0,0,0,0,0,0,0,0,0,0,0,0,0,0x0000,ALERT,0,0,8,0,,0,bonus_as10_gae1_no,700000,107,47,25145,30000,83.82,0
59565,2026-04-08 04:36:30,2026-04-08,2,86,12,steal,9,1,86,28,21,0.3256,0.2442,-0.0078,-0.0165,0,0,0,0,0,0,0,0,0,0,0,0,0,0,0,0,0,0x0000,ALERT,0,0,8,0,,0,bonus_as10_gae1_no,700000,107,47,25145,30000,83.82,0
59566,2026-04-08 04:36:31,2026-04-08,2,87,12,steal,9,1,87,28,21,0.3218,0.2414,-0.0073,-0.0158,0,0,0,0,0,0,0,0,0,0,0,0,0,0,0,0,0,0x0000,ALERT,0,0,8,1,,0,bonus_as10_gae1_no,700000,107,47,25145,30000,83.82,0
59567,2026-04-08 04:36:33,2026-04-08,2,88,12,steal,9,1,88,28,21,0.3182,0.2386,-0.0068,-0.0152,0,0,0,0,0,0,0,0,0,0,0,0,0,0,0,0,0,0x0000,ALERT,0,0,8,0,,0,bonus_as10_gae1_no,700000,107,47,25145,30000,83.82,0
59568,2026-04-08 04:36:34,2026-04-08,2,89,12,steal,9,1,89,28,22,0.3146,0.2472,-0.0064,-0.0145,0,0,0,0,0,0,0,0,0,0,0,0,0,0,0,0,0,0x0000,ALERT,0,0,8,0,,0,bonus_as10_gae1_no,700000,107,47,25145,30000,83.82,0
59569,2026-04-08 04:36:35,2026-04-08,2,90,12,steal,9,1,90,28,22,0.3111,0.2444,-0.0182,-0.0139,0,0,0,0,0,0,0,0,0,0,0,0,0,0,0,0,0,0x0000,ALERT,0,0,8,0,,0,bonus_as10_gae1_no,700000,107,47,25145,30000,83.82,0
59570,2026-04-08 04:36:36,2026-04-08,2,91,12,steal,9,1,91,28,23,0.3077,0.2527,-0.0176,-0.0133,0,0,0,0,0,0,0,0,0,0,0,0,0,0,0,0,0,0x0000,ALERT,0,0,8,0,,0,bonus_as10_gae1_no,700000,107,47,25145,30000,83.82,0
59571,2026-04-08 04:36:37,2026-04-08,2,92,12,steal,9,1,92,28,23,0.3043,0.2500,-0.0171,-0.0249,0,0,0,0,0,0,0,0,0,0,0,0,0,0,0,0,0,0x0000,ALERT,0,0,8,0,,0,bonus_as10_gae1_no,700000,107,47,25145,30000,83.82,0
59572,2026-04-08 04:36:39,2026-04-08,2,93,12,steal,9,1,93,28,23,0.3011,0.2473,-0.0283,-0.0242,0,0,0,0,0,0,0,0,0,0,0,0,0,0,0,0,0,0x0000,ALERT,0,0,8,1,,0,bonus_as10_gae1_no,700000,107,47,25145,30000,83.82,0
59573,2026-04-08 04:36:40,2026-04-08,2,94,12,steal,9,1,94,28,23,0.2979,0.2447,-0.0277,-0.0236,0,0,0,0,0,0,0,0,0,0,0,0,0,0,0,0,0,0x0000,ALERT,0,0,8,1,,0,bonus_as10_gae1_no,700000,107,47,25145,30000,83.82,0
59574,2026-04-08 04:36:41,2026-04-08,2,95,12,steal,9,1,95,29,23,0.3053,0.2421,-0.0166,-0.0241,0,0,0,0,0,0,0,0,0,0,0,0,0,0,0,0,0,0x0000,ALERT,0,0,8,0,,0,bonus_as10_gae1_no,700000,107,47,25146,30000,83.82,0
59575,2026-04-08 04:36:42,2026-04-08,2,96,12,steal,9,1,96,31,23,0.3229,0.2396,0.0047,-0.0027,0,0,0,0,0,0,0,0,0,0,0,0,0,0,0,0,0,0x0000,ALERT,0,0,8,0,,0,bonus_as10_gae1_no,700000,107,47,25148,30000,83.83,0
59576,2026-04-08 04:36:44,2026-04-08,2,97,12,steal,9,1,97,31,23,0.3196,0.2371,0.0050,-0.0023,0,0,0,0,0,0,0,0,0,0,0,0,0,0,0,0,0,0x0000,ALERT,0,0,8,1,,0,bonus_as10_gae1_no,700000,107,47,25148,30000,83.83,0
59577,2026-04-08 04:36:47,2026-04-08,2,98,12,steal,9,1,98,31,23,0.3163,0.2347,0.0052,-0.0019,0,0,0,0,0,0,0,0,0,0,0,0,0,0,0,0,0,0x0000,ALERT,0,0,8,0,,0,bonus_as10_gae1_no,700000,107,47,25148,30000,83.83,0
59578,2026-04-08 04:36:48,2026-04-08,2,99,12,steal,9,1,99,31,23,0.3131,0.2323,0.0054,-0.0015,0,0,0,0,0,0,0,0,0,0,0,0,0,0,0,0,0,0x0000,ALERT,0,0,8,1,,0,bonus_as10_gae1_no,700000,107,47,25148,30000,83.83,0
59579,2026-04-08 04:36:49,2026-04-08,2,100,12,steal,9,1,100,31,24,0.3100,0.2400,0.0057,-0.0011,0,0,0,0,0,0,0,0,0,0,0,0,0,0,0,0,0,0x0000,ALERT,0,0,8,0,,0,bonus_as10_gae1_no,700000,107,47,25148,30000,83.83,0
59580,2026-04-08 04:36:51,2026-04-08,2,101,12,steal,9,1,101,31,25,0.3069,0.2475,0.0059,-0.0008,0,0,0,0,0,0,0,0,0,0,0,0,0,0,0,0,0,0x0000,ALERT,0,0,8,0,,0,bonus_as10_gae1_no,700000,107,47,25148,30000,83.83,0
59581,2026-04-08 04:36:52,2026-04-08,2,102,12,steal,9,1,102,31,25,0.3039,0.2451,0.0060,-0.0004,0,0,0,0,0,0,0,0,0,0,0,0,0,0,0,0,0,0x0000,ALERT,0,0,8,0,,0,bonus_as10_gae1_no,700000,107,47,25148,30000,83.83,0
59582,2026-04-08 04:36:53,2026-04-08,2,103,12,attack,9,1,103,31,25,0.3010,0.2427,-0.0043,-0.0001,0,0,0,0,0,0,0,0,0,0,0,0,0,0,0,0,0,0x0000,WAIT,0,0,8,1,attack,0,bonus_as10_gae1_no,700000,107,47,25148,30000,83.83,0
59583,2026-04-08 04:36:59,2026-04-08,2,104,12,attack,9,1,104,31,25,0.2981,0.2404,-0.0248,0.0002,0,0,0,0,0,0,0,0,0,0,0,0,0,0,0,0,0,0x0000,WAIT,0,0,8,1,,0,bonus_as10_gae1_no,700000,107,47,25148,30000,83.83,0
59584,2026-04-08 04:37:03,2026-04-08,2,105,12,attack,9,1,105,32,25,0.3048,0.2381,-0.0148,-0.0005,0,0,0,0,0,0,0,0,0,0,0,0,0,0,0,0,0,0x0000,SOON,0,0,8,0,,0,bonus_as10_gae1_no,700000,107,47,25149,30000,83.83,0
59585,2026-04-08 04:37:04,2026-04-08,2,106,12,attack,9,1,106,32,25,0.3019,0.2358,-0.0144,-0.0210,0,0,0,0,0,0,0,0,0,0,0,0,0,0,0,0,0,0x0000,SOON,0,0,8,0,,0,bonus_as10_gae1_no,700000,107,47,25149,30000,83.83,0
59586,2026-04-08 04:37:07,2026-04-08,2,107,12,attack,9,1,107,32,25,0.2991,0.2336,-0.0141,-0.0205,0,0,0,0,0,0,0,0,0,0,0,0,0,0,0,0,0,0x0000,SOON,0,0,8,1,,0,bonus_as10_gae1_no,700000,107,47,25149,30000,83.83,0
59587,2026-04-08 04:37:08,2026-04-08,2,108,12,attack,9,1,108,32,25,0.2963,0.2315,-0.0137,-0.0200,0,0,0,0,0,0,0,0,0,0,0,0,0,0,0,0,0,0x0000,SOON,0,0,8,0,,0,bonus_as10_gae1_no,700000,107,47,25149,30000,83.83,0
59588,2026-04-08 04:37:11,2026-04-08,2,109,12,attack,9,1,109,32,27,0.2936,0.2477,-0.0134,-0.0196,0,0,0,0,0,0,0,0,0,0,0,0,0,0,0,0,0,0x0000,SOON,0,0,8,0,,0,bonus_as10_gae1_no,700000,107,47,25149,30000,83.83,0
59589,2026-04-08 04:37:12,2026-04-08,2,110,12,attack,9,1,110,32,28,0.2909,0.2545,-0.0130,-0.0191,0,0,0,0,0,0,0,0,0,0,0,0,0,0,0,0,0,0x0000,SOON,0,0,8,0,,0,bonus_as10_gae1_no,700000,107,47,25149,30000,83.83,0
59590,2026-04-08 04:37:13,2026-04-08,2,111,12,attack,9,1,111,32,28,0.2883,0.2523,-0.0127,-0.0186,0,0,0,0,0,0,0,0,0,0,0,0,0,0,0,0,0,0x0000,SOON,0,0,8,1,attack,0,bonus_as10_gae1_no,700000,107,47,25149,30000,83.83,0
59591,2026-04-08 04:37:19,2026-04-08,2,112,12,attack,9,1,112,32,29,0.2857,0.2589,-0.0124,-0.0182,0,0,0,0,0,0,0,0,0,0,0,0,0,0,0,0,0,0x0000,SOON,0,0,8,0,,0,bonus_as10_gae1_no,700000,107,47,25149,30000,83.83,0
59592,2026-04-08 04:37:20,2026-04-08,2,113,12,attack,9,1,113,32,29,0.2832,0.2566,-0.0216,-0.0178,0,0,0,0,0,0,0,0,0,0,0,0,0,0,0,0,0,0x0000,SOON,0,0,8,0,,0,bonus_as10_gae1_no,700000,107,47,25149,30000,83.83,0
59593,2026-04-08 04:37:21,2026-04-08,2,114,12,shield,9,1,114,32,29,0.2807,0.2544,-0.0212,-0.0174,0,0,0,0,0,0,0,0,0,0,0,0,0,0,0,0,0,0x0000,SOON,0,0,8,1,shield,0,bonus_as10_gae1_no,700000,107,47,25149,30000,83.83,0
59594,2026-04-08 04:37:23,2026-04-08,2,115,12,shield,9,1,115,34,29,0.2957,0.2522,-0.0034,-0.0091,0,0,0,0,0,0,0,0,0,0,0,0,0,0,0,0,0,0x0000,SOON,0,0,8,0,,0,bonus_as10_gae1_no,700000,107,47,25151,30000,83.84,0
59595,2026-04-08 04:37:27,2026-04-08,2,116,12,shield,9,1,116,35,29,0.3017,0.2500,0.0054,-0.0002,0,0,0,0,0,0,0,0,0,0,0,0,0,0,0,0,0,0x0000,SOON,0,0,8,0,,0,bonus_as10_gae1_no,700000,107,47,25152,30000,83.84,0
59596,2026-04-08 04:37:28,2026-04-08,2,117,12,shield,9,1,117,35,29,0.2991,0.2479,0.0056,0.0001,0,0,0,0,0,0,0,0,0,0,0,0,0,0,0,0,0,0x0000,SOON,0,0,8,0,,0,bonus_as10_gae1_no,700000,107,47,25152,30000,83.84,0
59597,2026-04-08 04:37:29,2026-04-08,2,118,12,shield,9,1,118,37,29,0.3136,0.2458,0.0227,0.0173,0,0,0,0,0,0,0,0,0,0,0,0,0,0,0,0,0,0x0000,SOON,0,0,8,0,,0,bonus_as10_gae1_no,700000,107,47,25154,30000,83.85,0
59598,2026-04-08 04:37:30,2026-04-08,2,119,12,shield,9,1,119,38,29,0.3193,0.2437,0.0310,0.0257,0,0,0,0,0,0,0,0,0,0,0,0,0,0,0,0,0,0x0000,SOON,0,0,8,0,,0,bonus_as10_gae1_no,700000,107,47,25155,30000,83.85,0
59599,2026-04-08 04:37:32,2026-04-08,2,120,12,shield,9,1,120,38,29,0.3167,0.2417,0.0310,0.0258,0,0,0,0,0,0,0,0,0,0,0,0,0,0,0,0,0,0x0000,SOON,0,0,8,1,,0,bonus_as10_gae1_no,700000,107,47,25155,30000,83.85,0
59600,2026-04-08 04:37:35,2026-04-08,2,121,12,shield,9,1,121,38,29,0.3140,0.2397,0.0309,0.0258,0,0,0,0,0,0,0,0,0,0,0,0,0,0,0,0,0,0x0000,SOON,0,0,8,0,,0,bonus_as10_gae1_no,700000,107,47,25155,30000,83.85,0
59601,2026-04-08 04:37:36,2026-04-08,2,122,12,shield,9,1,122,38,29,0.3115,0.2377,0.0308,0.0258,0,0,0,0,0,0,0,0,0,0,0,0,0,0,0,0,0,0x0000,SOON,0,0,8,0,,0,bonus_as10_gae1_no,700000,107,47,25155,30000,83.85,0
59602,2026-04-08 04:37:37,2026-04-08,2,123,12,shield,9,1,123,38,29,0.3089,0.2358,0.0133,0.0258,0,0,0,0,0,0,0,0,0,0,0,0,0,0,0,0,0,0x0000,SOON,0,0,8,0,,0,bonus_as10_gae1_no,700000,107,47,25155,30000,83.85,0
59603,2026-04-08 04:37:38,2026-04-08,2,124,12,shield,9,1,124,38,30,0.3065,0.2419,0.0047,0.0257,0,0,0,0,0,0,0,0,0,0,0,0,0,0,0,0,0,0x0000,SOON,0,0,8,0,,0,bonus_as10_gae1_no,700000,107,47,25155,30000,83.85,0
59604,2026-04-08 04:37:41,2026-04-08,2,125,12,shield,9,1,125,38,30,0.3040,0.2400,0.0049,0.0083,0,0,0,0,0,0,0,0,0,0,0,0,0,0,0,0,0,0x0000,SOON,0,0,8,0,,0,bonus_as10_gae1_no,700000,107,47,25155,30000,83.85,0
59605,2026-04-08 04:37:42,2026-04-08,2,126,12,attack,9,1,126,38,30,0.3016,0.2381,-0.0120,-0.0001,0,0,0,0,0,0,0,0,0,0,0,0,0,0,0,0,0,0x0000,SOON,0,0,8,1,attack,0,bonus_as10_gae1_no,700000,107,47,25155,30000,83.85,0
59606,2026-04-08 04:37:56,2026-04-08,2,127,12,attack,9,1,127,38,31,0.2992,0.2441,-0.0201,0.0001,0,0,0,0,0,0,0,0,0,0,0,0,0,0,0,0,0,0x0000,SOON,0,0,8,0,,0,bonus_as10_gae1_no,700000,107,47,25155,30000,83.85,0
59607,2026-04-08 04:37:57,2026-04-08,2,128,12,attack,9,1,128,38,32,0.2969,0.2500,-0.0198,-0.0167,0,0,0,0,0,0,0,0,0,0,0,0,0,0,0,0,0,0x0000,SOON,0,0,8,0,,0,bonus_as10_gae1_no,700000,107,47,25155,30000,83.85,0
59608,2026-04-08 04:37:58,2026-04-08,2,129,12,attack,9,1,129,38,33,0.2946,0.2558,-0.0195,-0.0248,0,0,0,0,0,0,0,0,0,0,0,0,0,0,0,0,0,0x0000,SOON,0,0,8,0,,0,bonus_as10_gae1_no,700000,107,47,25155,30000,83.85,0
59609,2026-04-08 04:38:00,2026-04-08,2,130,12,attack,9,1,130,39,33,0.3000,0.2538,-0.0115,-0.0167,0,0,0,0,0,0,0,0,0,0,0,0,0,0,0,0,0,0x0000,BET,0,1,9,0,,0,bonus_as10_gae1_no,700000,107,47,25156,30000,83.85,0
59610,2026-04-08 04:38:02,2026-04-08,2,131,12,attack,9,1,131,39,33,0.2977,0.2519,-0.0112,-0.0163,0,0,0,0,0,1,0,0,0,0,0,0,0,0,0,0,1,0x0020,BET,0,2,10,0,,0,bonus_as10_gae1_no,700000,107,47,25156,30000,83.85,0
59611,2026-04-08 04:38:05,2026-04-08,2,132,12,steal,9,1,132,39,33,0.2955,0.2500,-0.0110,-0.0160,0,0,0,0,0,1,0,0,0,0,0,0,0,0,0,0,1,0x0020,BET,0,3,11,1,steal,0,bonus_as10_gae1_no,700000,107,47,25156,30000,83.85,0
59612,2026-04-08 04:38:20,2026-04-08,2,133,12,steal,9,1,133,40,33,0.3008,0.2481,-0.0032,-0.0082,0,1,0,0,0,1,0,0,0,0,0,0,0,0,0,0,2,0x0022,BET,0,4,12,0,,0,bonus_as10_gae1_no,700000,107,47,25157,30000,83.86,0
59613,2026-04-08 04:38:26,2026-04-08,2,134,12,steal,9,400,134,42,33,0.3134,0.2463,0.0118,0.0070,0,1,0,0,0,1,0,0,0,0,0,0,0,0,0,0,2,0x0022,BET,0,5,13,0,,0,bonus_as10_gae1_no,700000,107,47,25957,30000,86.52,0
59614,2026-04-08 04:38:32,2026-04-08,2,135,12,steal,9,400,135,43,33,0.3185,0.2444,0.0193,0.0145,0,1,0,0,0,1,0,0,0,0,0,0,0,0,0,0,2,0x0022,BET,0,6,14,0,,0,bonus_as10_gae1_no,700000,107,47,26357,30000,87.86,0
59615,2026-04-08 04:38:43,2026-04-08,2,136,12,steal,9,400,136,43,33,0.3162,0.2426,0.0193,0.0146,0,1,0,0,0,1,0,0,0,0,0,0,0,0,0,0,2,0x0022,BET,0,7,15,1,,0,bonus_as10_gae1_no,700000,107,47,26357,30000,87.86,0
59616,2026-04-08 04:38:46,2026-04-08,2,137,12,steal,9,400,137,43,34,0.3139,0.2482,0.0193,0.0147,0,1,0,0,0,1,0,0,0,0,0,0,0,0,0,0,2,0x0022,BET,0,8,16,0,,0,bonus_as10_gae1_no,700000,107,47,26357,30000,87.86,0
59617,2026-04-08 04:39:01,2026-04-08,2,138,12,steal,9,400,138,45,34,0.3261,0.2464,0.0261,0.0292,0,1,0,0,0,1,0,0,0,0,0,0,0,0,0,0,2,0x0022,BET,0,9,17,0,,0,bonus_as10_gae1_no,700000,107,47,27157,30000,90.52,0
59618,2026-04-08 04:39:04,2026-04-08,2,139,12,steal,9,400,139,45,34,0.3237,0.2446,0.0260,0.0292,0,1,0,0,0,1,0,0,0,0,0,0,0,0,0,0,2,0x0022,BET,0,10,18,1,,0,bonus_as10_gae1_no,700000,107,47,27157,30000,90.52,0
59619,2026-04-08 04:39:06,2026-04-08,2,140,12,steal,9,400,140,46,34,0.3286,0.2429,0.0331,0.0286,0,1,0,0,0,1,0,0,0,0,0,0,0,0,0,0,2,0x0022,BET,0,11,19,0,,0,bonus_as10_gae1_no,700000,107,47,27557,30000,91.86,0
59620,2026-04-08 04:39:08,2026-04-08,2,141,12,steal,9,400,141,47,34,0.3333,0.2411,0.0326,0.0356,0,1,0,0,0,1,0,0,0,0,0,0,0,0,0,0,2,0x0022,BET,0,12,20,0,,0,bonus_as10_gae1_no,700000,107,47,27957,30000,93.19,0
59621,2026-04-08 04:39:14,2026-04-08,2,142,12,steal,9,400,142,47,34,0.3310,0.2394,0.0176,0.0355,0,1,0,0,0,1,0,0,0,0,0,0,0,0,0,0,2,0x0022,BET,0,13,21,0,,0,bonus_as10_gae1_no,700000,107,47,27957,30000,93.19,0
59622,2026-04-08 04:39:17,2026-04-08,2,143,12,steal,9,400,143,47,34,0.3287,0.2378,0.0102,0.0279,0,1,0,0,0,0,0,0,0,0,0,0,0,0,0,0,1,0x0002,BET,0,14,22,1,,0,bonus_as10_gae1_no,700000,107,47,27957,30000,93.19,0
59623,2026-04-08 04:39:18,2026-04-08,2,144,12,steal,9,400,144,47,34,0.3264,0.2361,0.0102,0.0130,0,1,0,0,0,0,0,0,0,0,0,0,0,0,0,0,1,0x0002,BET,0,15,23,0,,0,bonus_as10_gae1_no,700000,107,47,27957,30000,93.19,0
59624,2026-04-08 04:39:21,2026-04-08,2,145,12,steal,9,400,145,48,34,0.3310,0.2345,0.0172,0.0125,0,1,0,0,1,0,0,0,0,0,0,0,0,0,0,0,2,0x0012,BET,0,16,24,0,,0,bonus_as10_gae1_no,700000,107,47,28357,30000,94.52,0
59625,2026-04-08 04:39:24,2026-04-08,2,146,12,steal,9,400,146,49,34,0.3356,0.2329,0.0095,0.0194,0,1,0,0,1,0,0,0,0,0,0,0,0,0,0,0,2,0x0012,BET,0,17,25,0,,0,bonus_as10_gae1_no,700000,107,47,28757,30000,95.86,0
59626,2026-04-08 04:39:27,2026-04-08,2,147,12,attack,9,400,147,49,34,0.3333,0.2313,0.0096,0.0195,0,1,0,0,0,0,0,0,0,0,0,0,0,0,0,0,1,0x0002,ALERT,0,0,25,1,attack,0,bonus_as10_gae1_no,700000,107,47,28757,30000,95.86,0
59627,2026-04-08 04:39:44,2026-04-08,2,148,12,attack,9,1,148,49,34,0.3311,0.2297,0.0025,0.0050,0,0,0,0,0,0,0,0,0,0,0,0,0,0,0,0,0,0x0000,ALERT,0,0,25,1,attack,0,bonus_as10_gae1_no,700000,107,47,28757,30000,95.86,0
59628,2026-04-08 04:39:49,2026-04-08,2,149,12,attack,9,1,149,50,34,0.3356,0.2282,0.0022,0.0118,0,0,0,0,0,0,0,0,0,0,0,0,0,0,0,0,0,0x0000,ALERT,0,0,25,0,,0,bonus_as10_gae1_no,700000,107,47,28758,30000,95.86,0
59629,2026-04-08 04:39:51,2026-04-08,2,150,12,attack,9,1,150,52,34,0.3467,0.2267,0.0157,0.0181,0,0,0,0,0,0,0,0,0,0,0,0,0,0,0,0,0,0x0000,ALERT,0,0,25,0,,0,bonus_as10_gae1_no,700000,107,47,28760,30000,95.87,0
59630,2026-04-08 04:39:53,2026-04-08,2,151,12,attack,9,1,151,52,34,0.3444,0.2252,0.0157,0.0110,0,0,0,0,0,0,0,0,0,0,0,0,0,0,0,0,0,0x0000,ALERT,0,0,25,0,,0,bonus_as10_gae1_no,700000,107,47,28760,30000,95.87,0
59631,2026-04-08 04:39:55,2026-04-08,2,152,12,attack,9,1,152,53,34,0.3487,0.2237,0.0223,0.0177,0,0,0,0,0,0,0,0,0,0,0,0,0,0,0,0,0,0x0000,ALERT,0,0,25,0,,0,bonus_as10_gae1_no,700000,107,47,28761,30000,95.87,0
59632,2026-04-08 04:39:56,2026-04-08,2,153,12,attack,9,1,153,53,34,0.3464,0.2222,0.0154,0.0177,0,0,0,0,0,0,0,0,0,0,0,0,0,0,0,0,0,0x0000,ALERT,0,0,25,1,,0,bonus_as10_gae1_no,700000,107,47,28761,30000,95.87,0
59633,2026-04-08 04:39:58,2026-04-08,2,154,12,attack,9,1,154,53,34,0.3442,0.2208,0.0085,0.0178,0,0,0,0,0,0,0,0,0,0,0,0,0,0,0,0,0,0x0000,ALERT,0,0,25,1,attack,0,bonus_as10_gae1_no,700000,107,47,28761,30000,95.87,0
59634,2026-04-08 04:40:03,2026-04-08,2,155,12,attack,9,1,155,53,34,0.3419,0.2194,0.0086,0.0109,0,0,0,0,0,0,0,0,0,0,0,0,0,0,0,0,0,0x0000,ALERT,0,0,25,0,,0,bonus_as10_gae1_no,700000,107,47,28761,30000,95.87,0
59635,2026-04-08 04:40:06,2026-04-08,2,156,12,attack,9,1,156,53,34,0.3397,0.2179,0.0087,0.0041,0,0,0,0,0,0,0,0,0,0,0,0,0,0,0,0,0,0x0000,ALERT,0,0,25,0,,0,bonus_as10_gae1_no,700000,107,47,28761,30000,95.87,0
59636,2026-04-08 04:40:07,2026-04-08,2,157,12,attack,9,1,157,53,34,0.3376,0.2166,0.0020,0.0042,0,0,0,0,0,0,0,0,0,0,0,0,0,0,0,0,0,0x0000,ALERT,0,0,25,0,,0,bonus_as10_gae1_no,700000,107,47,28761,30000,95.87,0
59637,2026-04-08 04:40:10,2026-04-08,2,158,12,attack,9,1,158,53,34,0.3354,0.2152,-0.0112,0.0044,0,0,0,0,0,0,0,0,0,0,0,0,0,0,0,0,0,0x0000,ALERT,0,0,25,0,,0,bonus_as10_gae1_no,700000,107,47,28761,30000,95.87,0
59638,2026-04-08 04:40:12,2026-04-08,2,159,159,accumulation,9,1,0,0,0,0.0000,0.0000,0.0000,0.0000,0,0,0,0,0,0,0,0,0,0,0,0,0,0,0,0,0,0x0000,WAIT,0,0,0,1,accumulation,0,bonus_as10_gae1_no,700000,107,47,28771,30000,95.90,0
59639,2026-04-08 04:40:14,2026-04-08,3,1,159,accumulation,9,1,1,0,0,0.0000,0.0000,0.0000,0.0000,0,0,0,0,0,0,0,0,0,0,0,0,0,0,0,0,0,0x0000,WAIT,0,0,0,0,,0,bonus_as10_gae1_no,700000,107,47,28771,30000,95.90,0
59640,2026-04-08 04:40:15,2026-04-08,3,2,159,attack,9,1,2,0,0,0.0000,0.0000,0.0000,0.0000,0,0,0,0,0,0,0,0,0,0,0,0,0,0,0,0,0,0x0000,WAIT,0,0,0,1,attack,0,bonus_as10_gae1_no,700000,107,47,28771,30000,95.90,0
59641,2026-04-08 04:40:21,2026-04-08,3,3,159,attack,9,1,3,0,1,0.0000,0.3333,0.0000,0.0000,0,0,0,0,0,0,0,0,0,0,0,0,0,0,0,0,0,0x0000,WAIT,0,0,0,0,,0,bonus_as10_gae1_no,700000,107,47,28771,30000,95.90,0
59642,2026-04-08 04:40:22,2026-04-08,3,4,159,attack,9,1,4,0,2,0.0000,0.5000,0.0000,0.0000,0,0,0,0,0,0,0,0,0,0,0,0,0,0,0,0,0,0x0000,WAIT,0,0,0,0,,0,bonus_as10_gae1_no,700000,107,47,28771,30000,95.90,0
59643,2026-04-08 04:40:24,2026-04-08,3,5,159,attack,9,1,5,0,2,0.0000,0.4000,0.0000,0.0000,0,0,0,0,0,0,0,0,0,0,0,0,0,0,0,0,0,0x0000,WAIT,0,0,0,0,,0,bonus_as10_gae1_no,700000,107,47,28771,30000,95.90,0
59644,2026-04-08 04:40:25,2026-04-08,3,6,159,attack,9,1,6,0,2,0.0000,0.3333,0.0000,0.0000,0,0,0,0,0,0,0,0,0,0,0,0,0,0,0,0,0,0x0000,WAIT,0,0,0,1,,0,bonus_as10_gae1_no,700000,107,47,28771,30000,95.90,0
59645,2026-04-08 04:40:26,2026-04-08,3,7,159,attack,9,1,7,0,3,0.0000,0.4286,0.0000,0.0000,0,0,0,0,0,0,0,0,0,0,0,0,0,0,0,0,0,0x0000,WAIT,0,0,0,0,,0,bonus_as10_gae1_no,700000,107,47,28771,30000,95.90,0
59646,2026-04-08 04:40:27,2026-04-08,3,8,159,attack,9,1,8,0,3,0.0000,0.3750,0.0000,0.0000,0,0,0,0,0,0,0,0,0,0,0,0,0,0,0,0,0,0x0000,WAIT,0,0,0,0,,0,bonus_as10_gae1_no,700000,107,47,28771,30000,95.90,0
59647,2026-04-08 04:40:30,2026-04-08,3,9,159,steal,9,1,9,0,3,0.0000,0.3333,0.0000,0.0000,0,0,0,0,0,0,0,0,0,0,0,0,0,0,0,0,0,0x0000,WAIT,0,0,0,1,steal,0,bonus_as10_gae1_no,700000,107,47,28771,30000,95.90,0
59648,2026-04-08 04:40:43,2026-04-08,3,10,159,steal,9,1,10,0,3,0.0000,0.3000,0.0000,0.0000,0,0,0,0,0,0,0,0,0,0,0,0,0,0,0,0,0,0x0000,WAIT,0,0,0,1,,0,bonus_as10_gae1_no,700000,107,47,28771,30000,95.90,0
59649,2026-04-08 04:40:45,2026-04-08,3,11,159,steal,9,1,11,0,3,0.0000,0.2727,0.0000,0.0000,0,0,0,0,0,0,0,0,0,0,0,0,0,0,0,0,0,0x0000,WAIT,0,0,0,0,,0,bonus_as10_gae1_no,700000,107,47,28771,30000,95.90,0
59650,2026-04-08 04:40:47,2026-04-08,3,12,159,steal,9,1,12,0,4,0.0000,0.3333,0.0000,0.0000,0,0,0,0,0,0,0,0,0,0,0,0,0,0,0,0,0,0x0000,WAIT,0,0,0,0,,0,bonus_as10_gae1_no,700000,107,47,28771,30000,95.90,0
59651,2026-04-08 04:40:49,2026-04-08,3,13,159,shield,9,1,13,0,4,0.0000,0.3077,0.0000,0.0000,0,0,0,0,0,0,0,0,0,0,0,0,0,0,0,0,0,0x0000,WAIT,0,0,0,1,shield,0,bonus_as10_gae1_no,700000,107,47,28771,30000,95.90,0
59652,2026-04-08 04:40:50,2026-04-08,3,14,159,shield,9,1,14,0,4,0.0000,0.2857,0.0000,0.0000,0,0,0,0,0,0,0,0,0,0,0,0,0,0,0,0,0,0x0000,WAIT,0,0,0,0,,0,bonus_as10_gae1_no,700000,107,47,28771,30000,95.90,0
59653,2026-04-08 04:40:51,2026-04-08,3,15,159,shield,9,1,15,0,4,0.0000,0.2667,0.0000,0.0000,0,0,0,0,0,0,0,0,0,0,0,0,0,0,0,0,0,0x0000,WAIT,0,0,0,1,shield,0,bonus_as10_gae1_no,700000,107,47,28771,30000,95.90,0
59654,2026-04-08 04:40:52,2026-04-08,3,16,159,shield,9,1,16,0,6,0.0000,0.3750,0.0000,0.0000,0,0,0,0,0,0,0,0,0,0,0,0,0,0,0,0,0,0x0000,WAIT,0,0,0,0,,0,bonus_as10_gae1_no,700000,107,47,28771,30000,95.90,0
59655,2026-04-08 04:40:53,2026-04-08,3,17,159,shield,9,1,17,0,6,0.0000,0.3529,0.0000,0.0000,0,0,0,0,0,0,0,0,0,0,0,0,0,0,0,0,0,0x0000,WAIT,0,0,0,1,shield,0,bonus_as10_gae1_no,700000,107,47,28771,30000,95.90,0
59656,2026-04-08 04:40:54,2026-04-08,3,18,159,shield,9,1,18,1,6,0.0556,0.3333,0.0556,0.0556,0,0,0,0,0,0,0,0,0,0,0,0,0,0,0,0,0,0x0000,WAIT,0,0,0,0,,0,bonus_as10_gae1_no,700000,107,47,28772,30000,95.91,0
59657,2026-04-08 04:40:56,2026-04-08,3,19,159,shield,9,1,19,1,6,0.0526,0.3158,0.0526,0.0526,0,0,0,0,0,0,0,0,0,0,0,0,0,0,0,0,0,0x0000,WAIT,0,0,0,0,,0,bonus_as10_gae1_no,700000,107,47,28772,30000,95.91,0
59658,2026-04-08 04:40:57,2026-04-08,3,20,159,spins,9,1,20,1,9,0.0500,0.4500,0.0500,0.0500,0,0,0,0,0,0,0,0,0,0,0,0,0,0,0,0,0,0x0000,WAIT,0,0,0,1,spins,0,bonus_as10_gae1_no,700000,107,47,28772,30000,95.91,0
59659,2026-04-08 04:40:59,2026-04-08,3,21,159,spins,9,1,21,1,10,0.0476,0.4762,0.0476,0.0476,0,0,0,0,0,0,0,0,0,0,0,0,0,0,0,0,0,0x0000,WAIT,0,0,0,0,,0,bonus_as10_gae1_no,700000,107,47,28772,30000,95.91,0
59660,2026-04-08 04:41:00,2026-04-08,3,22,159,spins,9,1,22,3,10,0.1364,0.4545,0.1364,0.1364,0,0,0,0,0,0,0,0,0,0,0,0,0,0,0,0,0,0x0000,WAIT,0,0,0,0,,0,bonus_as10_gae1_no,700000,107,47,28774,30000,95.91,0
59661,2026-04-08 04:41:01,2026-04-08,3,23,159,steal,9,1,23,3,10,0.1304,0.4348,0.1304,0.1304,0,0,0,0,0,0,0,0,0,0,0,0,0,0,0,0,0,0x0000,WAIT,0,0,0,1,steal,0,bonus_as10_gae1_no,700000,107,47,28774,30000,95.91,0
59662,2026-04-08 04:41:11,2026-04-08,3,24,159,steal,9,1,24,3,12,0.1250,0.5000,0.1250,0.1250,0,0,0,0,0,0,0,0,0,0,0,0,0,0,0,0,0,0x0000,WAIT,0,0,0,0,,0,bonus_as10_gae1_no,700000,107,47,28774,30000,95.91,0
59663,2026-04-08 04:41:12,2026-04-08,3,25,159,steal,9,1,25,3,12,0.1200,0.4800,0.1200,0.1200,0,0,0,0,0,0,0,0,0,0,0,0,0,0,0,0,0,0x0000,WAIT,0,0,0,1,,0,bonus_as10_gae1_no,700000,107,47,28774,30000,95.91,0
59664,2026-04-08 04:41:13,2026-04-08,3,26,159,steal,9,1,26,3,13,0.1154,0.5000,0.0598,0.1154,0,0,0,0,0,0,0,0,0,0,0,0,0,0,0,0,0,0x0000,WAIT,0,0,0,0,,0,bonus_as10_gae1_no,700000,107,47,28774,30000,95.91,0
59665,2026-04-08 04:41:14,2026-04-08,3,27,159,steal,9,1,27,3,13,0.1111,0.4815,0.0585,0.1111,0,0,0,0,0,0,0,0,0,0,0,0,0,0,0,0,0,0x0000,WAIT,0,0,0,0,,0,bonus_as10_gae1_no,700000,107,47,28774,30000,95.91,0
59666,2026-04-08 04:41:15,2026-04-08,3,28,159,steal,9,1,28,3,13,0.1071,0.4643,0.0571,0.0516,0,0,0,0,0,0,0,0,0,0,0,0,0,0,0,0,0,0x0000,WAIT,0,0,0,0,,0,bonus_as10_gae1_no,700000,107,47,28774,30000,95.91,0
59667,2026-04-08 04:41:17,2026-04-08,3,29,159,steal,9,1,29,4,13,0.1379,0.4483,0.0903,0.0853,0,0,0,0,0,0,0,0,0,0,0,0,0,0,0,0,0,0x0000,WAIT,0,0,0,0,,0,bonus_as10_gae1_no,700000,107,47,28775,30000,95.92,0
59668,2026-04-08 04:41:18,2026-04-08,3,30,159,steal,9,1,30,5,13,0.1667,0.4333,0.0303,0.1167,0,0,0,0,0,0,0,0,0,0,0,0,0,0,0,0,0,0x0000,WAIT,0,0,0,0,,0,bonus_as10_gae1_no,700000,107,47,28776,30000,95.92,0
59669,2026-04-08 15:39:37,2026-04-08,0,1,-1,,9,1,1,0,0,0.0000,0.0000,0.0000,0.0000,0,0,0,0,0,0,0,0,0,0,0,0,0,0,0,0,0,0x0000,WAIT,0,0,0,0,,0,bonus_bs15_gae1_no,700000,107,47,28776,30000,95.92,0
59670,2026-04-08 15:39:37,2026-04-08,0,2,-1,,9,1,2,0,0,0.0000,0.0000,0.0000,0.0000,0,0,0,0,0,0,0,0,0,0,0,0,0,0,0,0,0,0x0000,WAIT,0,0,0,1,,0,bonus_bs15_gae1_no,700000,107,47,28776,30000,95.92,0
59671,2026-04-08 15:39:38,2026-04-08,0,3,-1,,9,1,3,0,1,0.0000,0.3333,0.0000,0.0000,0,0,0,0,0,0,0,0,0,0,0,0,0,0,0,0,0,0x0000,WAIT,0,0,0,0,,0,bonus_bs15_gae1_no,700000,107,47,28776,30000,95.92,0
59672,2026-04-08 15:39:39,2026-04-08,0,4,-1,,9,1,4,0,1,0.0000,0.2500,0.0000,0.0000,0,0,0,0,0,0,0,0,0,0,0,0,0,0,0,0,0,0x0000,WAIT,0,0,0,0,,0,bonus_bs15_gae1_no,700000,107,47,28776,30000,95.92,0
59673,2026-04-08 15:39:40,2026-04-08,0,5,-1,,9,1,5,0,1,0.0000,0.2000,0.0000,0.0000,0,0,0,0,0,0,0,0,0,0,0,0,0,0,0,0,0,0x0000,WAIT,0,0,0,0,,0,bonus_bs15_gae1_no,700000,107,47,28776,30000,95.92,0
59674,2026-04-08 15:39:40,2026-04-08,0,6,-1,shield,9,1,6,0,1,0.0000,0.1667,0.0000,0.0000,0,0,0,0,0,0,0,0,0,0,0,0,0,0,0,0,0,0x0000,WAIT,0,0,0,1,shield,0,bonus_bs15_gae1_no,700000,107,47,28776,30000,95.92,0
59675,2026-04-08 15:39:41,2026-04-08,0,7,-1,shield,9,1,7,1,1,0.1429,0.1429,0.0000,0.0000,0,0,0,0,0,0,0,0,0,0,0,0,0,0,0,0,0,0x0000,WAIT,0,0,0,0,,0,bonus_bs15_gae1_no,700000,107,47,28777,30000,95.92,0
59676,2026-04-08 15:39:42,2026-04-08,0,8,-1,shield,9,1,8,1,2,0.1250,0.2500,0.0000,0.0000,0,0,0,0,0,0,0,0,0,0,0,0,0,0,0,0,0,0x0000,WAIT,0,0,0,0,,0,bonus_bs15_gae1_no,700000,107,47,28777,30000,95.92,0
59677,2026-04-08 15:39:43,2026-04-08,0,9,-1,shield,9,1,9,1,3,0.1111,0.3333,0.1111,0.0000,0,0,0,0,0,0,0,0,0,0,0,0,0,0,0,0,0,0x0000,WAIT,0,0,0,0,,0,bonus_bs15_gae1_no,700000,107,47,28777,30000,95.92,0
59678,2026-04-08 15:39:44,2026-04-08,0,10,-1,shield,9,1,10,1,3,0.1000,0.3000,0.1000,0.0000,0,0,0,0,0,0,0,0,0,0,0,0,0,0,0,0,0,0x0000,WAIT,0,0,0,0,,0,bonus_bs15_gae1_no,700000,107,47,28777,30000,95.92,0
59679,2026-04-08 15:39:45,2026-04-08,0,11,-1,shield,9,1,11,2,3,0.1818,0.2727,0.1818,0.1818,0,0,0,0,0,0,0,0,0,0,0,0,0,0,0,0,0,0x0000,WAIT,0,0,0,0,,0,bonus_bs15_gae1_no,700000,107,47,28778,30000,95.93,0
59680,2026-04-08 15:39:46,2026-04-08,0,12,-1,shield,9,1,12,3,3,0.2500,0.2500,0.2500,0.2500,0,0,0,0,0,0,0,0,0,0,0,0,0,0,0,0,0,0x0000,WAIT,0,0,0,0,,0,bonus_bs15_gae1_no,700000,107,47,28779,30000,95.93,0
59681,2026-04-08 15:39:47,2026-04-08,0,13,-1,shield,9,1,13,3,3,0.2308,0.2308,0.2308,0.2308,0,0,0,0,0,0,0,0,0,0,0,0,0,0,0,0,0,0x0000,WAIT,0,0,0,0,,0,bonus_bs15_gae1_no,700000,107,47,28779,30000,95.93,0
59682,2026-04-08 15:39:48,2026-04-08,0,14,-1,steal,9,1,14,3,3,0.2143,0.2143,0.2143,0.2143,0,0,0,0,0,0,0,0,0,0,0,0,0,0,0,0,0,0x0000,WAIT,0,0,0,1,steal,0,bonus_bs15_gae1_no,700000,107,47,28779,30000,95.93,0
59683,2026-04-08 15:39:55,2026-04-08,0,15,-1,steal,9,1,15,3,3,0.2000,0.2000,0.0571,0.2000,0,0,0,0,0,0,0,0,0,0,0,0,0,0,0,0,0,0x0000,WAIT,0,0,0,0,,0,bonus_bs15_gae1_no,700000,107,47,28779,30000,95.93,0
59684,2026-04-08 15:40:06,2026-04-08,0,16,-1,,9,1,1,0,0,0.0000,0.0000,0.0000,0.0000,0,0,0,0,0,0,0,0,0,0,0,0,0,0,0,0,0,0x0000,WAIT,0,0,0,0,,0,bonus_bs15_gae1_no,700000,107,47,28779,30000,95.93,0
59685,2026-04-08 15:40:06,2026-04-08,0,17,-1,,9,1,2,0,0,0.0000,0.0000,0.0000,0.0000,0,0,0,0,0,0,0,0,0,0,0,0,0,0,0,0,0,0x0000,WAIT,0,0,0,0,,0,bonus_bs15_gae1_no,700000,107,47,28779,30000,95.93,0
59686,2026-04-08 15:40:07,2026-04-08,0,18,-1,,9,1,3,1,0,0.3333,0.0000,0.0000,0.0000,0,0,0,0,0,0,0,0,0,0,0,0,0,0,0,0,0,0x0000,WAIT,0,0,0,0,,0,bonus_bs15_gae1_no,700000,107,47,28780,30000,95.93,0
59687,2026-04-08 15:40:08,2026-04-08,0,19,-1,,9,1,4,3,0,0.7500,0.0000,0.0000,0.0000,0,0,0,0,0,0,0,0,0,0,0,0,0,0,0,0,0,0x0000,WAIT,0,0,0,0,,0,bonus_bs15_gae1_no,700000,107,47,28782,30000,95.94,0
59688,2026-04-08 15:40:10,2026-04-08,0,20,-1,,9,1,5,3,2,0.6000,0.4000,0.0000,0.0000,0,0,0,0,0,0,0,0,0,0,0,0,0,0,0,0,0,0x0000,WAIT,0,0,0,0,,0,bonus_bs15_gae1_no,700000,107,47,28782,30000,95.94,0
59689,2026-04-08 15:40:11,2026-04-08,0,21,-1,,9,1,6,3,3,0.5000,0.5000,0.0000,0.0000,0,0,0,0,0,0,0,0,0,0,0,0,0,0,0,0,0,0x0000,WAIT,0,0,0,0,,0,bonus_bs15_gae1_no,700000,107,47,28782,30000,95.94,0
59690,2026-04-08 15:40:11,2026-04-08,0,22,-1,,9,1,7,3,3,0.4286,0.4286,0.0000,0.0000,0,0,0,0,0,0,0,0,0,0,0,0,0,0,0,0,0,0x0000,WAIT,0,0,0,1,,0,bonus_bs15_gae1_no,700000,107,47,28782,30000,95.94,0
59691,2026-04-08 15:40:12,2026-04-08,0,23,-1,,9,1,8,3,3,0.3750,0.3750,0.0000,0.0000,0,0,0,0,0,0,0,0,0,0,0,0,0,0,0,0,0,0x0000,WAIT,0,0,0,0,,0,bonus_bs15_gae1_no,700000,107,47,28782,30000,95.94,0
59692,2026-04-08 15:40:13,2026-04-08,0,24,-1,,9,1,9,3,4,0.3333,0.4444,0.3333,0.0000,0,0,0,0,0,0,0,0,0,0,0,0,0,0,0,0,0,0x0000,WAIT,0,0,0,0,,0,bonus_bs15_gae1_no,700000,107,47,28782,30000,95.94,0
59693,2026-04-08 15:40:14,2026-04-08,0,25,-1,,9,1,10,3,4,0.3000,0.4000,0.3000,0.0000,0,0,0,0,0,0,0,0,0,0,0,0,0,0,0,0,0,0x0000,WAIT,0,0,0,0,,0,bonus_bs15_gae1_no,700000,107,47,28782,30000,95.94,0
59694,2026-04-08 15:40:15,2026-04-08,0,26,-1,,9,1,11,3,5,0.2727,0.4545,-0.0606,0.2727,0,0,0,0,0,0,0,0,0,0,0,0,0,0,0,0,0,0x0000,WAIT,0,0,0,0,,0,bonus_bs15_gae1_no,700000,107,47,28782,30000,95.94,0
59695,2026-04-08 15:40:15,2026-04-08,0,27,-1,,9,1,12,3,5,0.2500,0.4167,-0.5000,0.2500,0,0,0,0,0,0,0,0,0,0,0,0,0,0,0,0,0,0x0000,WAIT,0,0,0,1,,0,bonus_bs15_gae1_no,700000,107,47,28782,30000,95.94,0
59696,2026-04-08 15:40:16,2026-04-08,0,28,-1,shield,9,1,13,3,5,0.2308,0.3846,-0.3692,-0.1026,0,0,0,0,0,0,0,0,0,0,0,0,0,0,0,0,0,0x0000,WAIT,0,0,0,1,shield,0,bonus_bs15_gae1_no,700000,107,47,28782,30000,95.94,0
59697,2026-04-08 15:40:17,2026-04-08,0,29,-1,shield,9,1,14,4,5,0.2857,0.3571,-0.2143,-0.4643,0,0,0,0,0,0,0,0,0,0,0,0,0,0,0,0,0,0x0000,WAIT,0,0,0,0,,0,bonus_bs15_gae1_no,700000,107,47,28783,30000,95.94,0
59698,2026-04-08 15:40:18,2026-04-08,0,30,-1,shield,9,1,15,5,5,0.3333,0.3333,-0.0952,-0.2667,0,0,0,0,0,0,0,0,0,0,0,0,0,0,0,0,0,0x0000,WAIT,0,0,0,0,,0,bonus_bs15_gae1_no,700000,107,47,28784,30000,95.95,0
59699,2026-04-08 15:40:24,2026-04-08,0,31,-1,shield,9,50,16,6,5,0.3750,0.3125,0.0000,-0.1250,0,0,0,0,0,0,0,0,0,0,0,0,0,0,0,0,0,0x0000,WAIT,0,0,0,0,,0,bonus_bs15_gae1_no,700000,107,47,28834,30000,96.11,0
59700,2026-04-08 15:40:25,2026-04-08,0,32,-1,shield,9,50,17,6,5,0.3529,0.2941,0.0196,-0.0756,0,0,0,0,0,0,0,0,0,0,0,0,0,0,0,0,0,0x0000,WAIT,0,0,0,0,,0,bonus_bs15_gae1_no,700000,107,47,28834,30000,96.11,0
59701,2026-04-08 15:40:26,2026-04-08,0,33,-1,shield,9,50,18,7,5,0.3889,0.2778,0.0889,0.0139,0,0,0,0,0,0,0,0,0,0,0,0,0,0,0,0,0,0x0000,WAIT,0,0,0,0,,0,bonus_bs15_gae1_no,700000,107,47,28884,30000,96.28,0
59702,2026-04-08 15:40:27,2026-04-08,0,34,-1,shield,9,50,19,7,5,0.3684,0.2632,0.0957,0.0351,0,0,0,0,0,0,0,0,0,0,0,0,0,0,0,0,0,0x0000,WAIT,0,0,0,1,,0,bonus_bs15_gae1_no,700000,107,47,28884,30000,96.28,0
59703,2026-04-08 15:40:28,2026-04-08,0,35,-1,shield,9,50,20,7,5,0.3500,0.2500,0.1000,0.0500,0,0,0,0,0,0,0,0,0,0,0,0,0,0,0,0,0,0x0000,WAIT,0,0,0,0,,0,bonus_bs15_gae1_no,700000,107,47,28884,30000,96.28,0
59704,2026-04-08 15:40:29,2026-04-08,0,36,-1,shield,9,50,21,7,5,0.3333,0.2381,0.1026,0.0606,0,0,0,0,0,0,0,0,0,0,0,0,0,0,0,0,0,0x0000,WAIT,0,0,0,0,,0,bonus_bs15_gae1_no,700000,107,47,28884,30000,96.28,0
59705,2026-04-08 15:40:30,2026-04-08,0,37,-1,attack,9,50,22,7,5,0.3182,0.2273,0.0325,0.0682,0,0,0,0,0,0,0,0,0,0,0,0,0,0,0,0,0,0x0000,WAIT,0,0,0,1,attack,0,bonus_bs15_gae1_no,700000,107,47,28884,30000,96.28,0
59706,2026-04-08 15:40:33,2026-04-08,0,38,-1,attack,9,50,23,7,5,0.3043,0.2174,-0.0290,0.0736,0,0,0,0,0,0,0,0,0,0,0,0,0,0,0,0,0,0x0000,WAIT,0,0,0,1,,0,bonus_bs15_gae1_no,700000,107,47,28884,30000,96.28,0
59707,2026-04-08 15:40:34,2026-04-08,0,39,-1,shield,9,50,24,7,5,0.2917,0.2083,-0.0833,0.0060,0,0,0,0,0,0,0,0,0,0,0,0,0,0,0,0,0,0x0000,WAIT,0,0,0,1,shield,0,bonus_bs15_gae1_no,700000,107,47,28884,30000,96.28,0
59708,2026-04-08 15:40:37,2026-04-08,0,40,-1,shield,9,50,25,8,5,0.3200,0.2000,-0.0329,-0.0133,0,0,0,0,0,0,0,0,0,0,0,0,0,0,0,0,0,0x0000,WAIT,0,0,0,0,,0,bonus_bs15_gae1_no,700000,107,47,28934,30000,96.45,0
59709,2026-04-08 15:40:38,2026-04-08,0,41,-1,shield,9,50,26,9,5,0.3462,0.1923,-0.0427,-0.0288,0,0,0,0,0,0,0,0,0,0,0,0,0,0,0,0,0,0x0000,WAIT,0,0,0,0,,0,bonus_bs15_gae1_no,700000,107,47,28984,30000,96.61,0
59710,2026-04-08 15:40:40,2026-04-08,0,42,-1,shield,9,50,27,9,7,0.3333,0.2593,-0.0351,-0.0196,0,0,0,0,0,0,0,0,0,0,0,0,0,0,0,0,0,0x0000,WAIT,0,0,0,0,,0,bonus_bs15_gae1_no,700000,107,47,28984,30000,96.61,0
59711,2026-04-08 15:40:41,2026-04-08,0,43,-1,shield,9,50,28,9,7,0.3214,0.2500,-0.0286,-0.0675,0,0,0,0,0,0,0,0,0,0,0,0,0,0,0,0,0,0x0000,WAIT,0,0,0,0,,0,bonus_bs15_gae1_no,700000,107,47,28984,30000,96.61,0
59712,2026-04-08 15:40:42,2026-04-08,0,44,-1,attack,9,50,29,9,7,0.3103,0.2414,-0.0230,-0.0581,0,0,0,0,0,0,0,0,0,0,0,0,0,0,0,0,0,0x0000,WAIT,0,0,0,1,attack,0,bonus_bs15_gae1_no,700000,107,47,28984,30000,96.61,0
59713,2026-04-08 15:40:45,2026-04-08,0,45,-1,attack,9,50,30,9,7,0.3000,0.2333,-0.0182,-0.0500,0,0,0,0,0,0,0,0,0,0,0,0,0,0,0,0,0,0x0000,WAIT,0,0,0,0,,0,bonus_bs15_gae1_no,700000,107,47,28984,30000,96.61,0
59714,2026-04-08 15:40:46,2026-04-08,0,46,-1,attack,9,50,31,9,9,0.2903,0.2903,-0.0140,-0.0430,0,0,0,0,0,0,0,0,0,0,0,0,0,0,0,0,0,0x0000,WAIT,0,0,0,0,,0,bonus_bs15_gae1_no,700000,107,47,28984,30000,96.61,0
59715,2026-04-08 15:40:47,2026-04-08,0,47,-1,shield,9,50,32,9,9,0.2812,0.2812,-0.0104,-0.0369,0,0,0,0,0,0,0,0,0,0,0,0,0,0,0,0,0,0x0000,WAIT,0,0,0,1,shield,0,bonus_bs15_gae1_no,700000,107,47,28984,30000,96.61,0
59716,2026-04-08 15:40:48,2026-04-08,0,48,-1,shield,9,50,33,9,10,0.2727,0.3030,-0.0473,-0.0316,0,0,0,0,0,0,0,0,0,0,0,0,0,0,0,0,0,0x0000,WAIT,0,0,0,0,,0,bonus_bs15_gae1_no,700000,107,47,28984,30000,96.61,0
59717,2026-04-08 15:40:49,2026-04-08,0,49,-1,shield,9,50,34,9,10,0.2647,0.2941,-0.0814,-0.0270,0,0,0,0,0,0,0,0,0,0,0,0,0,0,0,0,0,0x0000,WAIT,0,0,0,0,,0,bonus_bs15_gae1_no,700000,107,47,28984,30000,96.61,0
59718,2026-04-08 15:40:49,2026-04-08,0,50,-1,shield,9,50,35,10,10,0.2857,0.2857,-0.0476,-0.0343,0,0,0,0,0,0,0,0,0,0,0,0,0,0,0,0,0,0x0000,WAIT,0,0,0,0,,0,bonus_bs15_gae1_no,700000,107,47,29034,30000,96.78,0
59719,2026-04-08 15:40:51,2026-04-08,0,51,-1,spins,9,50,36,10,13,0.2778,0.3611,-0.0437,-0.0684,0,0,0,0,0,0,0,0,0,0,0,0,0,0,0,0,0,0x0000,WAIT,0,0,0,1,spins,0,bonus_bs15_gae1_no,700000,107,47,29034,30000,96.78,0
59720,2026-04-08 15:40:52,2026-04-08,0,52,-1,spins,9,50,37,12,13,0.3243,0.3514,0.0140,-0.0090,0,0,0,0,0,0,0,0,0,0,0,0,0,0,0,0,0,0x0000,WAIT,0,0,0,0,,0,bonus_bs15_gae1_no,700000,107,47,29134,30000,97.11,0
59721,2026-04-08 15:40:53,2026-04-08,0,53,-1,spins,9,50,38,12,13,0.3158,0.3421,0.0158,-0.0056,0,0,0,0,0,0,0,0,0,0,0,0,0,0,0,0,0,0x0000,WAIT,0,0,0,0,,0,bonus_bs15_gae1_no,700000,107,47,29134,30000,97.11,0
59722,2026-04-08 15:40:54,2026-04-08,0,54,-1,spins,9,50,39,12,13,0.3077,0.3333,0.0174,-0.0027,0,0,0,0,0,0,0,0,0,0,0,0,0,0,0,0,0,0x0000,WAIT,0,0,0,0,,0,bonus_bs15_gae1_no,700000,107,47,29134,30000,97.11,0
59723,2026-04-08 15:40:55,2026-04-08,0,55,-1,spins,9,50,40,12,14,0.3000,0.3500,0.0187,0.0000,0,0,0,0,0,0,0,0,0,0,0,0,0,0,0,0,0,0x0000,WAIT,0,0,0,0,,0,bonus_bs15_gae1_no,700000,107,47,29134,30000,97.11,0
59724,2026-04-08 15:40:55,2026-04-08,0,56,-1,attack,9,50,41,12,14,0.2927,0.3415,0.0200,0.0024,0,0,0,0,0,0,0,0,0,0,0,0,0,0,0,0,0,0x0000,WAIT,0,0,0,1,attack,0,bonus_bs15_gae1_no,700000,107,47,29134,30000,97.11,0
59725,2026-04-08 15:41:00,2026-04-08,0,57,-1,attack,9,50,42,12,14,0.2857,0.3333,0.0210,0.0045,0,0,0,0,0,0,0,0,0,0,0,0,0,0,0,0,0,0x0000,WAIT,0,0,0,0,,0,bonus_bs15_gae1_no,700000,107,47,29134,30000,97.11,0
59726,2026-04-08 15:41:01,2026-04-08,0,58,-1,attack,9,50,43,12,14,0.2791,0.3256,-0.0066,0.0063,0,0,0,0,0,0,0,0,0,0,0,0,0,0,0,0,0,0x0000,WAIT,0,0,0,0,,0,bonus_bs15_gae1_no,700000,107,47,29134,30000,97.11,0
59727,2026-04-08 15:41:02,2026-04-08,0,59,-1,steal,9,50,44,12,14,0.2727,0.3182,-0.0051,0.0080,0,0,0,0,0,0,0,0,0,0,0,0,0,0,0,0,0,0x0000,WAIT,0,0,0,1,steal,0,bonus_bs15_gae1_no,700000,107,47,29134,30000,97.11,0
59728,2026-04-08 15:41:08,2026-04-08,0,60,-1,steal,9,50,45,12,14,0.2667,0.3111,-0.0577,-0.0190,0,0,0,0,0,0,0,0,0,0,0,0,0,0,0,0,0,0x0000,WAIT,0,0,0,1,,0,bonus_bs15_gae1_no,700000,107,47,29134,30000,97.11,0
59729,2026-04-08 15:41:09,2026-04-08,0,61,-1,steal,9,50,46,12,15,0.2609,0.3261,-0.0549,-0.0169,0,0,0,0,0,0,0,0,0,0,0,0,0,0,0,0,0,0x0000,WAIT,0,0,0,0,,0,bonus_bs15_gae1_no,700000,107,47,29134,30000,97.11,0
59730,2026-04-08 15:42:27,2026-04-08,0,62,-1,steal,9,50,47,13,15,0.2766,0.3191,-0.0311,-0.0477,0,0,0,0,0,0,0,0,0,0,0,0,0,0,0,0,0,0x0000,WAIT,0,0,0,0,,0,bonus_bs15_gae1_no,700000,107,47,29184,30000,97.28,0
59731,2026-04-08 15:42:28,2026-04-08,0,63,48,accumulation,9,50,0,0,0,0.0000,0.0000,0.0000,0.0000,0,0,0,0,0,0,0,0,0,0,0,0,0,0,0,0,0,0x0000,WAIT,0,0,0,1,accumulation,0,bonus_bs15_gae1_no,700000,107,47,29684,30000,98.95,0
59732,2026-04-08 15:42:30,2026-04-08,1,1,48,accumulation,9,50,1,0,1,0.0000,1.0000,0.0000,0.0000,0,0,0,0,0,0,0,0,0,0,0,0,0,0,0,0,0,0x0000,WAIT,0,0,0,0,,0,bonus_bs15_gae1_no,700000,107,47,29684,30000,98.95,0
59733,2026-04-08 15:42:35,2026-04-08,1,2,48,attack,9,15,2,0,1,0.0000,0.5000,0.0000,0.0000,0,0,0,0,0,0,0,0,0,0,0,0,0,0,0,0,0,0x0000,WAIT,0,0,0,1,attack,0,bonus_bs15_gae1_no,700000,107,47,29684,30000,98.95,0
59734,2026-04-08 15:42:38,2026-04-08,1,3,48,attack,9,15,3,0,2,0.0000,0.6667,0.0000,0.0000,0,0,0,0,0,0,0,0,0,0,0,0,0,0,0,0,0,0x0000,WAIT,0,0,0,0,,0,bonus_bs15_gae1_no,700000,107,47,29684,30000,98.95,0
59735,2026-04-08 15:42:39,2026-04-08,1,4,48,attack,9,15,4,0,2,0.0000,0.5000,0.0000,0.0000,0,0,0,0,0,0,0,0,0,0,0,0,0,0,0,0,0,0x0000,WAIT,0,0,0,1,,0,bonus_bs15_gae1_no,700000,107,47,29684,30000,98.95,0
59736,2026-04-08 15:42:40,2026-04-08,1,5,48,attack,9,15,5,0,2,0.0000,0.4000,0.0000,0.0000,0,0,0,0,0,0,0,0,0,0,0,0,0,0,0,0,0,0x0000,WAIT,0,0,0,1,,0,bonus_bs15_gae1_no,700000,107,47,29684,30000,98.95,0
59737,2026-04-08 15:42:41,2026-04-08,1,6,48,attack,9,15,6,0,2,0.0000,0.3333,0.0000,0.0000,0,0,0,0,0,0,0,0,0,0,0,0,0,0,0,0,0,0x0000,WAIT,0,0,0,1,attack,0,bonus_bs15_gae1_no,700000,107,47,29684,30000,98.95,0
59738,2026-04-08 15:42:45,2026-04-08,1,7,48,attack,9,15,7,0,2,0.0000,0.2857,0.0000,0.0000,0,0,0,0,0,0,0,0,0,0,0,0,0,0,0,0,0,0x0000,WAIT,0,0,0,1,,0,bonus_bs15_gae1_no,700000,107,47,29684,30000,98.95,0
59739,2026-04-08 15:42:45,2026-04-08,1,8,48,attack,9,15,8,0,2,0.0000,0.2500,0.0000,0.0000,0,0,0,0,0,0,0,0,0,0,0,0,0,0,0,0,0,0x0000,WAIT,0,0,0,0,,0,bonus_bs15_gae1_no,700000,107,47,29684,30000,98.95,0
59740,2026-04-08 15:42:46,2026-04-08,1,9,48,attack,9,15,9,0,3,0.0000,0.3333,0.0000,0.0000,0,0,0,0,0,0,0,0,0,0,0,0,0,0,0,0,0,0x0000,WAIT,0,0,0,0,,0,bonus_bs15_gae1_no,700000,107,47,29684,30000,98.95,0
59741,2026-04-08 15:42:47,2026-04-08,1,10,48,attack,9,15,10,0,3,0.0000,0.3000,0.0000,0.0000,0,0,0,0,0,0,0,0,0,0,0,0,0,0,0,0,0,0x0000,WAIT,0,0,0,0,,0,bonus_bs15_gae1_no,700000,107,47,29684,30000,98.95,0
59742,2026-04-08 15:42:48,2026-04-08,1,11,48,attack,9,15,11,0,3,0.0000,0.2727,0.0000,0.0000,0,0,0,0,0,0,0,0,0,0,0,0,0,0,0,0,0,0x0000,WAIT,0,0,0,1,,0,bonus_bs15_gae1_no,700000,107,47,29684,30000,98.95,0
59743,2026-04-08 15:42:49,2026-04-08,1,12,48,attack,9,15,12,0,3,0.0000,0.2500,0.0000,0.0000,0,0,0,0,0,0,0,0,0,0,0,0,0,0,0,0,0,0x0000,WAIT,0,0,0,0,,0,bonus_bs15_gae1_no,700000,107,47,29684,30000,98.95,0
59744,2026-04-08 15:42:50,2026-04-08,1,13,48,attack,9,15,13,0,3,0.0000,0.2308,0.0000,0.0000,0,0,0,0,0,0,0,0,0,0,0,0,0,0,0,0,0,0x0000,WAIT,0,0,0,1,,0,bonus_bs15_gae1_no,700000,107,47,29684,30000,98.95,0
59745,2026-04-08 15:42:50,2026-04-08,1,14,48,attack,9,15,14,0,3,0.0000,0.2143,0.0000,0.0000,0,0,0,0,0,0,0,0,0,0,0,0,0,0,0,0,0,0x0000,WAIT,0,0,0,1,,0,bonus_bs15_gae1_no,700000,107,47,29684,30000,98.95,0
59746,2026-04-08 15:42:51,2026-04-08,1,15,48,attack,9,15,15,1,3,0.0667,0.2000,0.0667,0.0667,0,0,0,0,0,0,0,0,0,0,0,0,0,0,0,0,0,0x0000,WAIT,0,0,0,0,,0,bonus_bs15_gae1_no,700000,107,47,29699,30000,99.00,0
59747,2026-04-08 15:42:53,2026-04-08,1,16,48,attack,9,15,16,1,3,0.0625,0.1875,0.0625,0.0625,0,0,0,0,0,0,0,0,0,0,0,0,0,0,0,0,0,0x0000,WAIT,0,0,0,0,,0,bonus_bs15_gae1_no,700000,107,47,29699,30000,99.00,0
59748,2026-04-08 15:42:53,2026-04-08,1,17,48,attack,9,15,17,1,3,0.0588,0.1765,0.0588,0.0588,0,0,0,0,0,0,0,0,0,0,0,0,0,0,0,0,0,0x0000,WAIT,0,0,0,0,,0,bonus_bs15_gae1_no,700000,107,47,29699,30000,99.00,0
59749,2026-04-08 15:42:54,2026-04-08,1,18,48,attack,9,15,18,1,3,0.0556,0.1667,0.0556,0.0556,0,0,0,0,0,0,0,0,0,0,0,0,0,0,0,0,0,0x0000,WAIT,0,0,0,1,,0,bonus_bs15_gae1_no,700000,107,47,29699,30000,99.00,0
59750,2026-04-08 15:42:55,2026-04-08,1,19,48,attack,9,15,19,1,3,0.0526,0.1579,0.0526,0.0526,0,0,0,0,0,0,0,0,0,0,0,0,0,0,0,0,0,0x0000,WAIT,0,0,0,1,,0,bonus_bs15_gae1_no,700000,107,47,29699,30000,99.00,0
59751,2026-04-08 15:42:56,2026-04-08,1,20,48,attack,9,15,20,3,3,0.1500,0.1500,0.1500,0.1500,0,0,0,0,0,0,0,0,0,0,0,0,0,0,0,0,0,0x0000,WAIT,0,0,0,0,,0,bonus_bs15_gae1_no,700000,107,47,29729,30000,99.10,0
59752,2026-04-08 15:42:57,2026-04-08,1,21,48,attack,9,15,21,5,3,0.2381,0.1429,0.2381,0.2381,0,0,0,0,0,0,0,0,0,0,0,0,0,0,0,0,0,0x0000,WAIT,0,0,0,0,,0,bonus_bs15_gae1_no,700000,107,47,29759,30000,99.20,0
59753,2026-04-08 15:42:59,2026-04-08,1,22,48,attack,9,15,22,6,3,0.2727,0.1364,0.2727,0.2727,0,0,0,0,0,0,0,0,0,0,0,0,0,0,0,0,0,0x0000,WAIT,0,0,0,0,,0,bonus_bs15_gae1_no,700000,107,47,29774,30000,99.25,0
59754,2026-04-08 15:43:00,2026-04-08,1,23,48,attack,9,15,23,6,3,0.2609,0.1304,0.1942,0.2609,0,0,0,0,0,0,0,0,0,0,0,0,0,0,0,0,0,0x0000,WAIT,0,0,0,1,,0,bonus_bs15_gae1_no,700000,107,47,29774,30000,99.25,0
59755,2026-04-08 15:43:01,2026-04-08,1,24,48,attack,9,15,24,6,3,0.2500,0.1250,0.1875,0.2500,0,0,0,0,0,0,0,0,0,0,0,0,0,0,0,0,0,0x0000,WAIT,0,0,0,0,,0,bonus_bs15_gae1_no,700000,107,47,29774,30000,99.25,0
59756,2026-04-08 15:43:02,2026-04-08,1,25,48,attack,9,15,25,8,3,0.3200,0.1200,0.2612,0.2533,0,0,0,0,0,0,0,0,0,0,0,0,0,0,0,0,0,0x0000,WAIT,0,0,0,0,,0,bonus_bs15_gae1_no,700000,107,47,29804,30000,99.35,0
59757,2026-04-08 15:43:03,2026-04-08,1,26,48,attack,9,15,26,10,3,0.3846,0.1154,0.3291,0.3221,0,0,0,0,0,0,0,0,0,0,0,0,0,0,0,0,0,0x0000,WAIT,0,0,0,0,,0,bonus_bs15_gae1_no,700000,107,47,29834,30000,99.45,0
59758,2026-04-08 15:43:05,2026-04-08,1,27,48,attack,9,15,27,10,4,0.3704,0.1481,0.3177,0.3115,0,0,0,0,0,0,0,0,0,0,0,0,0,0,0,0,0,0x0000,WAIT,0,0,0,0,,0,bonus_bs15_gae1_no,700000,107,47,29834,30000,99.45,0
59759,2026-04-08 15:43:06,2026-04-08,1,28,48,attack,9,15,28,10,4,0.3571,0.1429,0.2071,0.3016,0,0,0,0,0,0,0,0,0,0,0,0,0,0,0,0,0,0x0000,WAIT,0,0,0,0,,0,bonus_bs15_gae1_no,700000,107,47,29834,30000,99.45,0
59760,2026-04-08 15:43:07,2026-04-08,1,29,48,attack,9,15,29,10,4,0.3448,0.1379,0.1067,0.2922,0,0,0,0,0,0,0,0,0,0,0,0,0,0,0,0,0,0x0000,WAIT,0,0,0,1,attack,0,bonus_bs15_gae1_no,700000,107,47,29834,30000,99.45,0
59761,2026-04-08 15:43:11,2026-04-08,1,30,48,attack,9,15,30,10,4,0.3333,0.1333,0.0606,0.1833,0,0,0,0,0,0,0,0,0,0,0,0,0,0,0,0,0,0x0000,WAIT,0,0,0,0,,0,bonus_bs15_gae1_no,700000,107,47,29834,30000,99.45,0
59762,2026-04-08 15:43:11,2026-04-08,1,31,48,attack,9,15,31,12,4,0.3871,0.1290,0.1262,0.1490,0,0,0,0,0,0,0,0,0,0,0,0,0,0,0,0,0,0x0000,WAIT,0,0,0,0,,0,bonus_bs15_gae1_no,700000,107,47,29864,30000,99.55,0
59763,2026-04-08 15:43:13,2026-04-08,1,32,48,steal,9,15,32,12,4,0.3750,0.1250,0.1250,0.1023,0,0,0,0,0,0,0,0,0,0,0,0,0,0,0,0,0,0x0000,WAIT,0,0,0,1,steal,0,bonus_bs15_gae1_no,700000,107,47,29864,30000,99.55,0
59764,2026-04-08 15:43:19,2026-04-08,1,33,48,steal,9,15,33,13,4,0.3939,0.1212,0.0739,0.1331,0,0,0,0,0,0,0,0,0,0,0,0,0,0,0,0,0,0x0000,WAIT,0,0,0,0,,0,bonus_bs15_gae1_no,700000,107,47,29879,30000,99.60,0
59765,2026-04-08 15:43:22,2026-04-08,1,34,48,steal,9,15,34,13,5,0.3824,0.1471,-0.0023,0.1324,0,0,0,0,0,0,0,0,0,0,0,0,0,0,0,0,0,0x0000,WAIT,0,0,0,0,,0,bonus_bs15_gae1_no,700000,107,47,29879,30000,99.60,0
59766,2026-04-08 15:43:23,2026-04-08,1,35,48,attack,9,15,35,13,5,0.3714,0.1429,0.0011,0.0514,0,0,0,0,0,0,0,0,0,0,0,0,0,0,0,0,0,0x0000,WAIT,0,0,0,1,attack,0,bonus_bs15_gae1_no,700000,107,47,29879,30000,99.60,0
59767,2026-04-08 15:43:27,2026-04-08,1,36,48,attack,9,15,36,13,5,0.3611,0.1389,0.0040,-0.0235,0,0,0,0,0,0,0,0,0,0,0,0,0,0,0,0,0,0x0000,WAIT,0,0,0,1,,0,bonus_bs15_gae1_no,700000,107,47,29879,30000,99.60,0
59768,2026-04-08 15:43:29,2026-04-08,1,37,48,attack,9,15,37,13,6,0.3514,0.1622,0.0065,-0.0190,0,0,0,0,0,0,0,0,0,0,0,0,0,0,0,0,0,0x0000,WAIT,0,0,0,0,,0,bonus_bs15_gae1_no,700000,107,47,29879,30000,99.60,0
59769,2026-04-08 15:43:29,2026-04-08,1,38,48,attack,9,15,38,13,7,0.3421,0.1842,0.0088,-0.0150,0,0,0,0,0,0,0,0,0,0,0,0,0,0,0,0,0,0x0000,WAIT,0,0,0,0,,0,bonus_bs15_gae1_no,700000,107,47,29879,30000,99.60,0
59770,2026-04-08 15:43:30,2026-04-08,1,39,48,attack,9,15,39,14,7,0.3590,0.1795,-0.0281,0.0141,0,0,0,0,0,0,0,0,0,0,0,0,0,0,0,0,0,0x0000,WAIT,0,0,0,0,,0,bonus_bs15_gae1_no,700000,107,47,29894,30000,99.65,0
59771,2026-04-08 15:43:32,2026-04-08,1,40,48,attack,9,15,40,14,7,0.3500,0.1750,-0.0250,0.0167,0,0,0,0,0,0,0,0,0,0,0,0,0,0,0,0,0,0x0000,WAIT,0,0,0,0,,0,bonus_bs15_gae1_no,700000,107,47,29894,30000,99.65,0
59772,2026-04-08 15:43:33,2026-04-08,1,41,48,attack,9,15,41,14,8,0.3415,0.1951,-0.0525,-0.0456,0,0,0,0,0,0,0,0,0,0,0,0,0,0,0,0,0,0x0000,WAIT,0,0,0,0,,0,bonus_bs15_gae1_no,700000,107,47,29894,30000,99.65,0
59773,2026-04-08 15:43:34,2026-04-08,1,42,48,attack,9,15,42,14,8,0.3333,0.1905,-0.0490,-0.0417,0,0,0,0,0,0,0,0,0,0,0,0,0,0,0,0,0,0x0000,WAIT,0,0,0,0,,0,bonus_bs15_gae1_no,700000,107,47,29894,30000,99.65,0
59774,2026-04-08 15:43:38,2026-04-08,1,43,48,attack,9,50,43,14,8,0.3256,0.1860,-0.0458,-0.0684,0,0,0,0,0,0,0,0,0,0,0,0,0,0,0,0,0,0x0000,WAIT,0,0,0,1,,0,bonus_bs15_gae1_no,700000,107,47,29894,30000,99.65,0
59775,2026-04-08 15:43:40,2026-04-08,1,44,48,attack,9,50,44,14,8,0.3182,0.1818,-0.0429,-0.0642,0,0,0,0,0,0,0,0,0,0,0,0,0,0,0,0,0,0x0000,WAIT,0,0,0,1,attack,0,bonus_bs15_gae1_no,700000,107,47,29894,30000,99.65,0
59776,2026-04-08 15:43:44,2026-04-08,1,45,48,attack,9,50,45,14,10,0.3111,0.2222,-0.0402,-0.0603,0,0,0,0,0,0,0,0,0,0,0,0,0,0,0,0,0,0x0000,WAIT,0,0,0,0,,0,bonus_bs15_gae1_no,700000,107,47,29894,30000,99.65,0
59777,2026-04-08 15:43:45,2026-04-08,1,46,48,attack,9,50,46,14,10,0.3043,0.2174,-0.0378,-0.0568,0,0,0,0,0,0,0,0,0,0,0,0,0,0,0,0,0,0x0000,WAIT,0,0,0,1,,0,bonus_bs15_gae1_no,700000,107,47,29894,30000,99.65,0
59778,2026-04-08 15:43:45,2026-04-08,1,47,48,shield,9,50,47,14,10,0.2979,0.2128,-0.0611,-0.0535,0,0,0,0,0,0,0,0,0,0,0,0,0,0,0,0,0,0x0000,WAIT,0,0,0,1,shield,0,bonus_bs15_gae1_no,700000,107,47,29894,30000,99.65,0
59779,2026-04-08 15:43:46,2026-04-08,1,48,48,shield,9,50,48,15,10,0.3125,0.2083,-0.0375,-0.0296,0,0,0,0,0,0,0,0,0,0,0,0,0,0,0,0,0,0x0000,WAIT,0,0,0,0,,0,bonus_bs15_gae1_no,700000,107,47,29944,30000,99.81,0
59780,2026-04-08 15:43:48,2026-04-08,1,49,48,spins,9,50,49,15,13,0.3061,0.2653,-0.0353,-0.0529,0,0,0,0,0,0,0,0,0,0,0,0,0,0,0,0,0,0x0000,WAIT,0,0,0,1,spins,0,bonus_bs15_gae1_no,700000,107,47,29944,30000,99.81,0
59781,2026-04-08 15:43:49,2026-04-08,1,50,48,spins,9,50,50,15,13,0.3000,0.2600,-0.0333,-0.0500,0,0,0,0,0,0,0,0,0,0,0,0,0,0,0,0,0,0x0000,WAIT,0,0,0,0,,0,bonus_bs15_gae1_no,700000,107,47,29944,30000,99.81,0
59782,2026-04-08 15:43:50,2026-04-08,1,51,48,attack,9,50,51,15,13,0.2941,0.2549,-0.0315,-0.0473,0,0,0,0,0,0,0,0,0,0,0,0,0,0,0,0,0,0x0000,WAIT,0,0,0,1,attack,0,bonus_bs15_gae1_no,700000,107,47,29944,30000,99.81,0
59783,2026-04-08 15:43:54,2026-04-08,1,52,48,attack,9,50,52,15,13,0.2885,0.2500,-0.0297,-0.0449,0,0,0,0,0,0,0,0,0,0,0,0,0,0,0,0,0,0x0000,WAIT,0,0,0,0,,0,bonus_bs15_gae1_no,700000,107,47,29944,30000,99.81,0
59784,2026-04-08 15:43:55,2026-04-08,1,53,48,attack,9,50,53,15,15,0.2830,0.2830,-0.0281,-0.0426,0,0,0,0,0,0,0,0,0,0,0,0,0,0,0,0,0,0x0000,WAIT,0,0,0,0,,0,bonus_bs15_gae1_no,700000,107,47,29944,30000,99.81,0
59785,2026-04-08 15:43:56,2026-04-08,1,54,48,attack,9,50,54,16,15,0.2963,0.2778,-0.0081,-0.0219,0,0,0,0,0,0,0,0,0,0,0,0,0,0,0,0,0,0x0000,WAIT,0,0,0,0,,0,bonus_bs15_gae1_no,700000,107,47,29994,30000,99.98,0
59786,2026-04-08 15:43:57,2026-04-08,1,55,48,attack,9,50,55,16,15,0.2909,0.2727,-0.0070,-0.0202,0,0,0,0,0,0,0,0,0,0,0,0,0,0,0,0,0,0x0000,WAIT,0,0,0,1,,0,bonus_bs15_gae1_no,700000,107,47,29994,30000,99.98,0
59787,2026-04-08 15:43:58,2026-04-08,1,56,48,attack,9,50,56,17,15,0.3036,0.2679,-0.0089,-0.0008,0,0,0,0,0,0,0,0,0,0,0,0,0,0,0,0,0,0x0000,WAIT,0,0,0,0,,0,bonus_bs15_gae1_no,700000,107,48,44,350,12.57,0
59788,2026-04-08 15:44:01,2026-04-08,1,57,48,attack,9,50,57,17,15,0.2982,0.2632,-0.0079,0.0004,0,0,0,0,0,0,0,0,0,0,0,0,0,0,0,0,0,0x0000,WAIT,0,0,0,0,,0,bonus_bs15_gae1_no,700000,107,48,44,350,12.57,0
59789,2026-04-08 15:44:03,2026-04-08,1,58,48,attack,9,50,58,17,15,0.2931,0.2586,-0.0069,-0.0194,0,0,0,0,0,0,0,0,0,0,0,0,0,0,0,0,0,0x0000,WAIT,0,0,0,0,,0,bonus_bs15_gae1_no,700000,107,48,44,350,12.57,0
59790,2026-04-08 15:44:03,2026-04-08,1,59,48,attack,9,50,59,19,15,0.3220,0.2542,0.0279,0.0159,0,0,0,0,0,0,0,0,0,0,0,0,0,0,0,0,0,0x0000,WAIT,0,0,0,0,,0,bonus_bs15_gae1_no,700000,107,48,144,350,41.14,0
59791,2026-04-08 15:44:05,2026-04-08,1,60,48,attack,9,50,60,19,15,0.3167,0.2500,0.0282,0.0167,0,0,0,0,0,0,0,0,0,0,0,0,0,0,0,0,0,0x0000,WAIT,0,0,0,0,,0,bonus_bs15_gae1_no,700000,107,48,144,350,41.14,0
59792,2026-04-08 15:44:05,2026-04-08,1,61,48,attack,9,50,61,20,15,0.3279,0.2459,0.0448,0.0338,0,0,0,0,0,0,0,0,0,0,0,0,0,0,0,0,0,0x0000,WAIT,0,0,0,0,,0,bonus_bs15_gae1_no,700000,107,48,194,350,55.43,0
59793,2026-04-08 15:44:07,2026-04-08,1,62,48,attack,9,50,62,22,15,0.3548,0.2419,0.0585,0.0664,0,0,0,0,0,0,0,0,0,0,0,0,0,0,0,0,0,0x0000,WAIT,0,0,0,0,,0,bonus_bs15_gae1_no,700000,107,48,294,350,84.00,0
59794,2026-04-08 15:44:08,2026-04-08,1,63,48,attack,9,50,63,23,15,0.3651,0.2381,0.0742,0.0821,0,0,0,0,0,0,0,0,0,0,0,0,0,0,0,0,0,0x0000,WAIT,0,0,0,0,,0,bonus_bs15_gae1_no,700000,107,48,344,350,98.29,0
59795,2026-04-08 15:44:10,2026-04-08,1,64,48,attack,9,50,64,23,16,0.3594,0.2500,0.0558,0.0631,0,0,0,0,0,0,0,0,0,0,0,0,0,0,0,0,0,0x0000,WAIT,0,0,0,0,,0,bonus_bs15_gae1_no,700000,107,48,344,350,98.29,0
59796,2026-04-08 15:44:11,2026-04-08,1,65,48,attack,9,50,65,23,18,0.3538,0.2769,0.0556,0.0629,0,0,0,0,0,0,0,0,0,0,0,0,0,0,0,0,0,0x0000,WAIT,0,0,0,0,,0,bonus_bs15_gae1_no,700000,107,48,344,350,98.29,0
59797,2026-04-08 15:44:11,2026-04-08,1,66,48,attack,9,50,66,23,18,0.3485,0.2727,0.0554,0.0449,0,0,0,0,0,0,0,0,0,0,0,0,0,0,0,0,0,0x0000,WAIT,0,0,0,0,,0,bonus_bs15_gae1_no,700000,107,48,344,350,98.29,0
59798,2026-04-08 15:44:12,2026-04-08,1,67,48,attack,9,50,67,23,19,0.3433,0.2836,0.0212,0.0450,0,0,0,0,0,0,0,0,0,0,0,0,0,0,0,0,0,0x0000,WAIT,0,0,0,0,,0,bonus_bs15_gae1_no,700000,107,48,344,350,98.29,0
59799,2026-04-08 15:44:13,2026-04-08,1,68,48,attack,9,50,68,24,19,0.3529,0.2794,0.0363,0.0598,0,0,0,0,0,0,0,0,0,0,0,0,0,0,0,0,0,0x0000,WAIT,0,0,0,0,,0,bonus_bs15_gae1_no,700000,107,49,44,900,4.89,0
59800,2026-04-08 15:44:16,2026-04-08,1,69,48,attack,9,50,69,24,19,0.3478,0.2754,0.0200,0.0258,0,0,0,0,0,0,0,0,0,0,0,0,0,0,0,0,0,0x0000,WAIT,0,0,0,1,,0,bonus_bs15_gae1_no,700000,107,49,44,900,4.89,0
59801,2026-04-08 15:44:17,2026-04-08,1,70,48,attack,9,50,70,24,20,0.3429,0.2857,-0.0120,0.0262,0,0,0,0,0,0,0,0,0,0,0,0,0,0,0,0,0,0x0000,WAIT,0,0,0,0,,0,bonus_bs15_gae1_no,700000,107,49,44,900,4.89,0
59802,2026-04-08 15:44:18,2026-04-08,1,71,48,attack,9,50,71,24,20,0.3380,0.2817,-0.0271,0.0102,0,0,0,0,0,0,0,0,0,0,0,0,0,0,0,0,0,0x0000,WAIT,0,0,0,0,,0,bonus_bs15_gae1_no,700000,107,49,44,900,4.89,0
59803,2026-04-08 15:44:18,2026-04-08,1,72,48,steal,9,50,72,24,20,0.3333,0.2778,-0.0260,-0.0215,0,0,0,0,0,0,0,0,0,0,0,0,0,0,0,0,0,0x0000,ALERT,0,0,0,1,steal,0,bonus_bs15_gae1_no,700000,107,49,44,900,4.89,0
59804,2026-04-08 15:44:26,2026-04-08,1,73,48,steal,9,50,73,24,20,0.3288,0.2740,-0.0251,-0.0363,0,0,0,0,0,0,0,0,0,0,0,0,0,0,0,0,0,0x0000,ALERT,0,0,0,1,,0,bonus_bs15_gae1_no,700000,107,49,44,900,4.89,0
59805,2026-04-08 15:44:27,2026-04-08,1,74,48,steal,9,50,74,24,20,0.3243,0.2703,-0.0242,-0.0351,0,0,0,0,0,0,0,0,0,0,0,0,0,0,0,0,0,0x0000,ALERT,0,0,0,0,,0,bonus_bs15_gae1_no,700000,107,49,44,900,4.89,0
59806,2026-04-08 15:44:28,2026-04-08,1,75,48,steal,9,50,75,25,20,0.3333,0.2667,-0.0100,-0.0205,0,0,0,0,0,0,0,0,0,0,0,0,0,0,0,0,0,0x0000,ALERT,0,0,0,0,,0,bonus_bs15_gae1_no,700000,107,49,94,900,10.44,0
59807,2026-04-08 15:44:29,2026-04-08,1,76,48,steal,9,50,76,25,20,0.3289,0.2632,-0.0240,-0.0195,0,0,0,0,0,0,0,0,0,0,0,0,0,0,0,0,0,0x0000,ALERT,0,0,0,0,,0,bonus_bs15_gae1_no,700000,107,49,94,900,10.44,0
59808,2026-04-08 15:44:30,2026-04-08,1,77,48,steal,9,50,77,25,21,0.3247,0.2727,-0.0232,-0.0186,0,0,0,0,0,0,0,0,0,0,0,0,0,0,0,0,0,0x0000,ALERT,0,0,0,0,,0,bonus_bs15_gae1_no,700000,107,49,94,900,10.44,0
59809,2026-04-08 15:44:32,2026-04-08,1,78,48,steal,9,50,78,25,21,0.3205,0.2692,-0.0223,-0.0324,0,0,0,0,0,0,0,0,0,0,0,0,0,0,0,0,0,0x0000,ALERT,0,0,0,1,,0,bonus_bs15_gae1_no,700000,107,49,94,900,10.44,0
59810,2026-04-08 15:44:33,2026-04-08,1,79,48,steal,9,50,79,25,21,0.3165,0.2658,-0.0216,-0.0314,0,0,0,0,0,0,0,0,0,0,0,0,0,0,0,0,0,0x0000,ALERT,0,0,0,0,,0,bonus_bs15_gae1_no,700000,107,49,94,900,10.44,0
59811,2026-04-08 15:44:35,2026-04-08,1,80,48,steal,9,50,80,25,21,0.3125,0.2625,-0.0208,-0.0304,0,0,0,0,0,0,0,0,0,0,0,0,0,0,0,0,0,0x0000,ALERT,0,0,0,0,,0,bonus_bs15_gae1_no,700000,107,49,94,900,10.44,0
59812,2026-04-08 15:44:36,2026-04-08,1,81,48,steal,9,50,81,27,21,0.3333,0.2593,0.0046,-0.0047,0,0,0,0,0,0,0,0,0,0,0,0,0,0,0,0,0,0x0000,ALERT,0,0,0,0,,0,bonus_bs15_gae1_no,700000,107,49,194,900,21.56,0
59813,2026-04-08 15:44:37,2026-04-08,1,82,48,steal,9,50,82,27,22,0.3293,0.2683,0.0049,-0.0041,0,0,0,0,0,0,0,0,0,0,0,0,0,0,0,0,0,0x0000,ALERT,0,0,0,0,,0,bonus_bs15_gae1_no,700000,107,49,194,900,21.56,0
59814,2026-04-08 15:44:38,2026-04-08,1,83,48,steal,9,50,83,28,22,0.3373,0.2651,0.0040,0.0086,0,0,0,0,0,0,0,0,0,0,0,0,0,0,0,0,0,0x0000,ALERT,0,0,0,0,,0,bonus_bs15_gae1_no,700000,107,49,244,900,27.11,0
59815,2026-04-08 15:44:39,2026-04-08,1,84,48,steal,9,50,84,29,22,0.3452,0.2619,0.0163,0.0209,0,0,0,0,0,0,0,0,0,0,0,0,0,0,0,0,0,0x0000,BET,0,1,1,0,,0,bonus_bs15_gae1_no,700000,107,49,294,900,32.67,0
59816,2026-04-08 15:44:40,2026-04-08,1,85,48,steal,9,50,85,31,22,0.3647,0.2588,0.0400,0.0314,1,0,0,0,0,0,0,0,0,0,0,0,0,0,0,0,1,0x0001,BET,0,2,2,0,,0,bonus_bs15_gae1_no,700000,107,49,394,900,43.78,0
59817,2026-04-08 15:44:42,2026-04-08,1,86,48,steal,9,50,86,31,22,0.3605,0.2558,0.0400,0.0315,1,0,0,0,0,0,0,0,0,0,0,0,0,0,0,0,1,0x0001,BET,0,3,3,0,,0,bonus_bs15_gae1_no,700000,107,49,394,900,43.78,0
59818,2026-04-08 15:44:43,2026-04-08,1,87,48,attack,9,50,87,31,22,0.3563,0.2529,0.0399,0.0316,1,0,0,0,0,0,0,0,0,0,0,0,0,0,0,0,1,0x0001,WAIT,0,0,3,1,attack,0,bonus_bs15_gae1_no,700000,107,49,394,900,43.78,0
59819,2026-04-08 15:44:49,2026-04-08,1,88,48,attack,9,50,88,31,23,0.3523,0.2614,0.0398,0.0318,0,0,0,0,0,0,0,0,0,0,0,0,0,0,0,0,0,0x0000,WAIT,0,0,3,0,,0,bonus_bs15_gae1_no,700000,107,49,394,900,43.78,0
59820,2026-04-08 15:44:50,2026-04-08,1,89,48,attack,9,50,89,31,24,0.3483,0.2697,0.0150,0.0319,0,0,0,0,0,0,0,0,0,0,0,0,0,0,0,0,0,0x0000,WAIT,0,0,3,0,,0,bonus_bs15_gae1_no,700000,107,49,394,900,43.78,0
59821,2026-04-08 15:44:51,2026-04-08,1,90,48,attack,9,50,90,31,24,0.3444,0.2667,0.0152,0.0319,0,0,0,0,0,0,0,0,0,0,0,0,0,0,0,0,0,0x0000,WAIT,0,0,3,0,,0,bonus_bs15_gae1_no,700000,107,49,394,900,43.78,0
59822,2026-04-08 15:44:53,2026-04-08,1,91,48,attack,9,50,91,31,25,0.3407,0.2747,0.0033,0.0073,0,0,0,0,0,0,0,0,0,0,0,0,0,0,0,0,0,0x0000,WAIT,0,0,3,0,,0,bonus_bs15_gae1_no,700000,107,49,394,900,43.78,0
59823,2026-04-08 15:44:54,2026-04-08,1,92,48,attack,9,50,92,31,25,0.3370,0.2717,-0.0083,0.0077,0,0,0,0,0,0,0,0,0,0,0,0,0,0,0,0,0,0x0000,WAIT,0,0,3,0,,0,bonus_bs15_gae1_no,700000,107,49,394,900,43.78,0
59824,2026-04-08 15:44:54,2026-04-08,1,93,48,attack,9,50,93,31,25,0.3333,0.2688,-0.0314,-0.0040,0,0,0,0,0,0,0,0,0,0,0,0,0,0,0,0,0,0x0000,WAIT,0,0,3,1,,0,bonus_bs15_gae1_no,700000,107,49,394,900,43.78,0
59825,2026-04-08 15:44:55,2026-04-08,1,94,48,attack,9,50,94,31,26,0.3298,0.2766,-0.0307,-0.0155,0,0,0,0,0,0,0,0,0,0,0,0,0,0,0,0,0,0x0000,WAIT,0,0,3,0,,0,bonus_bs15_gae1_no,700000,107,49,394,900,43.78,0
59826,2026-04-08 15:44:56,2026-04-08,1,95,48,attack,9,50,95,31,26,0.3263,0.2737,-0.0300,-0.0384,0,0,0,0,0,0,0,0,0,0,0,0,0,0,0,0,0,0x0000,WAIT,0,0,3,0,,0,bonus_bs15_gae1_no,700000,107,49,394,900,43.78,0
59827,2026-04-08 15:45:00,2026-04-08,1,96,48,attack,9,400,96,32,26,0.3333,0.2708,-0.0189,-0.0271,0,0,0,0,0,0,0,0,0,0,0,0,0,0,0,0,0,0x0000,WAIT,0,0,3,0,,0,bonus_bs15_gae1_no,700000,107,49,794,900,88.22,0
59828,2026-04-08 15:45:01,2026-04-08,1,97,48,attack,9,400,97,33,26,0.3402,0.2680,-0.0081,-0.0161,0,0,0,0,0,0,0,0,0,0,0,0,0,0,0,0,0,0x0000,WAIT,0,0,3,0,,0,,700000,107,50,294,500,58.80,0
59829,2026-04-08 15:45:26,2026-04-08,1,98,48,attack,9,400,98,33,26,0.3367,0.2653,-0.0077,-0.0155,0,0,0,0,0,0,0,0,0,0,0,0,0,0,0,0,0,0x0000,WAIT,0,0,3,1,,0,,700000,107,50,294,500,58.80,0
59830,2026-04-08 15:45:27,2026-04-08,1,99,48,attack,9,400,99,33,26,0.3333,0.2626,-0.0073,-0.0150,0,0,0,0,0,0,0,0,0,0,0,0,0,0,0,0,0,0x0000,WAIT,0,0,3,1,attack,0,,700000,107,50,294,500,58.80,0
59831,2026-04-08 15:45:33,2026-04-08,1,100,48,attack,9,400,100,33,27,0.3300,0.2700,-0.0070,-0.0144,0,0,0,0,0,0,0,0,0,0,0,0,0,0,0,0,0,0x0000,WAIT,0,0,3,0,,0,,700000,107,50,294,500,58.80,0
59832,2026-04-08 15:45:37,2026-04-08,1,101,48,shield,9,400,101,33,27,0.3267,0.2673,-0.0066,-0.0139,0,0,0,0,0,0,0,0,0,0,0,0,0,0,0,0,0,0x0000,WAIT,0,0,3,1,shield,0,,700000,107,50,294,500,58.80,0
59833,2026-04-08 15:45:38,2026-04-08,1,102,48,shield,9,400,102,33,27,0.3235,0.2647,-0.0063,-0.0134,0,0,0,0,0,0,0,0,0,0,0,0,0,0,0,0,0,0x0000,WAIT,0,0,3,0,,0,,700000,107,50,294,500,58.80,0
59834,2026-04-08 15:45:39,2026-04-08,1,103,48,shield,9,400,103,33,27,0.3204,0.2621,-0.0059,-0.0129,0,0,0,0,0,0,0,0,0,0,0,0,0,0,0,0,0,0x0000,WAIT,0,0,3,0,,0,,700000,107,50,294,500,58.80,0
59835,2026-04-08 15:45:39,2026-04-08,1,104,48,attack,9,400,104,33,27,0.3173,0.2596,-0.0160,-0.0125,0,0,0,0,0,0,0,0,0,0,0,0,0,0,0,0,0,0x0000,WAIT,0,0,3,1,attack,0,,700000,107,50,294,500,58.80,0
59836,2026-04-08 15:45:44,2026-04-08,1,105,48,attack,9,400,105,33,27,0.3143,0.2571,-0.0259,-0.0120,0,0,0,0,0,0,0,0,0,0,0,0,0,0,0,0,0,0x0000,SOON,0,0,3,0,,0,,700000,107,50,294,500,58.80,0
59837,2026-04-08 15:45:45,2026-04-08,1,106,48,attack,9,400,106,35,27,0.3302,0.2547,-0.0065,-0.0031,0,0,0,0,0,0,0,0,0,0,0,0,0,0,0,0,0,0x0000,SOON,0,0,3,0,,0,,700000,107,52,294,45000,0.65,0
59838,2026-04-08 15:45:49,2026-04-08,1,107,48,attack,9,400,107,35,27,0.3271,0.2523,-0.0062,-0.0131,0,0,0,0,0,0,0,0,0,0,0,0,0,0,0,0,0,0x0000,SOON,0,0,3,0,,0,,700000,107,52,294,45000,0.65,0
59839,2026-04-08 15:45:50,2026-04-08,1,108,48,attack,9,400,108,35,27,0.3241,0.2500,-0.0059,-0.0127,0,0,0,0,0,0,0,0,0,0,0,0,0,0,0,0,0,0x0000,SOON,0,0,3,1,,0,,700000,107,52,294,45000,0.65,0
59840,2026-04-08 15:45:50,2026-04-08,1,109,48,attack,9,400,109,36,27,0.3303,0.2477,0.0035,-0.0031,0,0,0,0,0,0,0,0,0,0,0,0,0,0,0,0,0,0x0000,SOON,0,0,3,0,,0,,700000,107,52,694,45000,1.54,0
59841,2026-04-08 15:45:53,2026-04-08,1,110,48,attack,9,400,110,36,27,0.3273,0.2455,0.0037,-0.0027,0,0,0,0,0,0,0,0,0,0,0,0,0,0,0,0,0,0x0000,SOON,0,0,3,0,,0,,700000,107,52,694,45000,1.54,0
59842,2026-04-08 15:45:54,2026-04-08,1,111,48,attack,9,400,111,36,27,0.3243,0.2432,0.0039,-0.0024,0,0,0,0,0,0,0,0,0,0,0,0,0,0,0,0,0,0x0000,SOON,0,0,3,0,,0,,700000,107,52,694,45000,1.54,0
59843,2026-04-08 15:45:54,2026-04-08,1,112,48,attack,9,400,112,36,28,0.3214,0.2500,0.0041,-0.0021,0,0,0,0,0,0,0,0,0,0,0,0,0,0,0,0,0,0x0000,SOON,0,0,3,0,,0,,700000,107,52,694,45000,1.54,0
59844,2026-04-08 15:45:55,2026-04-08,1,113,48,attack,9,400,113,37,28,0.3274,0.2478,0.0131,0.0070,0,0,0,0,0,0,0,0,0,0,0,0,0,0,0,0,0,0x0000,SOON,0,0,3,0,,0,,700000,107,52,1094,45000,2.43,0
59845,2026-04-08 15:45:56,2026-04-08,1,114,48,attack,9,400,114,37,29,0.3246,0.2544,-0.0056,0.0073,0,0,0,0,0,0,0,0,0,0,0,0,0,0,0,0,0,0x0000,SOON,0,0,3,0,,0,,700000,107,52,1094,45000,2.43,0
59846,2026-04-08 15:45:57,2026-04-08,1,115,48,attack,9,400,115,37,29,0.3217,0.2522,-0.0054,0.0075,0,0,0,0,0,0,0,0,0,0,0,0,0,0,0,0,0,0x0000,SOON,0,0,3,1,,0,,700000,107,52,1094,45000,2.43,0
59847,2026-04-08 15:45:58,2026-04-08,1,116,48,attack,9,400,116,37,29,0.3190,0.2500,-0.0051,-0.0112,0,0,0,0,0,0,0,0,0,0,0,0,0,0,0,0,0,0x0000,SOON,0,0,3,0,,0,,700000,107,52,1094,45000,2.43,0
59848,2026-04-08 15:45:59,2026-04-08,1,117,48,shield,9,400,117,37,29,0.3162,0.2479,-0.0140,-0.0109,0,0,0,0,0,0,0,0,0,0,0,0,0,0,0,0,0,0x0000,SOON,0,0,3,1,shield,0,,700000,107,52,1094,45000,2.43,0
59849,2026-04-08 15:46:00,2026-04-08,1,118,48,shield,9,400,118,37,29,0.3136,0.2458,-0.0137,-0.0105,0,0,0,0,0,0,0,0,0,0,0,0,0,0,0,0,0,0x0000,SOON,0,0,3,0,,0,,700000,107,52,1094,45000,2.43,0
59850,2026-04-08 15:46:01,2026-04-08,1,119,48,shield,9,400,119,37,29,0.3109,0.2437,-0.0134,-0.0194,0,0,0,0,0,0,0,0,0,0,0,0,0,0,0,0,0,0x0000,SOON,0,0,3,0,,0,,700000,107,52,1094,45000,2.43,0
59851,2026-04-08 15:46:02,2026-04-08,1,120,48,shield,9,400,120,38,29,0.3167,0.2417,-0.0048,-0.0106,0,0,0,0,0,0,0,0,0,0,0,0,0,0,0,0,0,0x0000,SOON,0,0,3,0,,0,,700000,107,52,1494,45000,3.32,0
59852,2026-04-08 15:46:03,2026-04-08,1,121,48,shield,9,400,121,38,30,0.3140,0.2479,-0.0134,-0.0103,0,0,0,0,0,0,0,0,0,0,0,0,0,0,0,0,0,0x0000,SOON,0,0,3,0,,0,,700000,107,52,1494,45000,3.32,0
59853,2026-04-08 15:46:04,2026-04-08,1,122,48,shield,9,400,122,38,30,0.3115,0.2459,-0.0131,-0.0100,0,0,0,0,0,0,0,0,0,0,0,0,0,0,0,0,0,0x0000,SOON,0,0,3,1,,0,,700000,107,52,1494,45000,3.32,0
59854,2026-04-08 15:46:06,2026-04-08,1,123,48,shield,9,400,123,38,30,0.3089,0.2439,-0.0128,-0.0185,0,0,0,0,0,0,0,0,0,0,0,0,0,0,0,0,0,0x0000,SOON,0,0,3,0,,0,,700000,107,52,1494,45000,3.32,0
59855,2026-04-08 15:46:07,2026-04-08,1,124,48,shield,9,400,124,40,30,0.3226,0.2419,0.0036,-0.0020,0,0,0,0,0,0,0,0,0,0,0,0,0,0,0,0,0,0x0000,SOON,0,0,3,0,,0,,700000,107,52,2294,45000,5.10,0
59856,2026-04-08 15:46:09,2026-04-08,1,125,48,shield,9,400,125,40,31,0.3200,0.2480,0.0038,-0.0017,0,0,0,0,0,0,0,0,0,0,0,0,0,0,0,0,0,0x0000,SOON,0,0,3,0,,0,,700000,107,52,2294,45000,5.10,0
59857,2026-04-08 15:46:10,2026-04-08,1,126,48,shield,9,400,126,40,31,0.3175,0.2460,0.0039,-0.0015,0,0,0,0,0,0,0,0,0,0,0,0,0,0,0,0,0,0x0000,SOON,0,0,3,1,,0,,700000,107,52,2294,45000,5.10,0
59858,2026-04-08 15:46:11,2026-04-08,1,127,48,shield,9,400,127,40,31,0.3150,0.2441,0.0040,-0.0013,0,0,0,0,0,0,0,0,0,0,0,0,0,0,0,0,0,0x0000,SOON,0,0,3,1,shield,0,,700000,107,52,2294,45000,5.10,0
59859,2026-04-08 15:46:12,2026-04-08,1,128,48,shield,9,400,128,40,32,0.3125,0.2500,-0.0042,-0.0011,0,0,0,0,0,0,0,0,0,0,0,0,0,0,0,0,0,0x0000,SOON,0,0,3,0,,0,,700000,107,52,2294,45000,5.10,0
59860,2026-04-08 15:46:12,2026-04-08,1,129,48,shield,9,400,129,40,33,0.3101,0.2558,-0.0040,-0.0008,0,0,0,0,0,0,0,0,0,0,0,0,0,0,0,0,0,0x0000,SOON,0,0,3,0,,0,,700000,107,52,2294,45000,5.10,0
59861,2026-04-08 15:46:14,2026-04-08,1,130,48,shield,9,400,130,42,33,0.3231,0.2538,0.0116,0.0064,0,0,0,0,0,0,0,0,0,0,0,0,0,0,0,0,0,0x0000,BET,0,1,4,0,,0,,700000,107,52,3094,45000,6.88,0
59862,2026-04-08 15:46:15,2026-04-08,1,131,48,steal,9,400,131,42,33,0.3206,0.2519,0.0117,0.0066,0,0,0,0,0,1,0,0,0,0,0,0,0,0,0,0,1,0x0020,BET,0,2,5,1,steal,0,,700000,107,52,3094,45000,6.88,0
59863,2026-04-08 15:46:22,2026-04-08,1,132,48,steal,9,400,132,42,33,0.3182,0.2500,-0.0044,0.0067,0,1,0,0,0,1,0,0,0,0,0,0,0,0,0,0,2,0x0022,BET,0,3,6,1,,0,,700000,107,52,3094,45000,6.88,0
59864,2026-04-08 15:46:23,2026-04-08,1,133,48,steal,9,400,133,42,33,0.3158,0.2481,-0.0042,0.0068,0,1,0,0,0,1,0,0,0,0,0,0,0,0,0,0,2,0x0022,BET,0,4,7,0,,0,,700000,107,52,3094,45000,6.88,0
59865,2026-04-08 15:46:24,2026-04-08,1,134,48,steal,9,400,134,43,33,0.3209,0.2463,0.0034,-0.0017,0,1,0,0,0,1,0,0,0,0,0,0,0,0,0,0,2,0x0022,BET,0,5,8,0,,0,,700000,107,52,3494,45000,7.76,0
59866,2026-04-08 15:46:25,2026-04-08,1,135,48,steal,9,400,135,43,33,0.3185,0.2444,0.0036,-0.0015,0,1,0,0,0,1,0,0,0,0,0,0,0,0,0,0,2,0x0022,BET,0,6,9,1,,0,,700000,107,52,3494,45000,7.76,0
59867,2026-04-08 15:46:27,2026-04-08,1,136,48,steal,9,400,136,43,33,0.3162,0.2426,0.0037,-0.0013,0,1,0,0,0,1,0,0,0,0,0,0,0,0,0,0,2,0x0022,BET,0,7,10,1,,0,,700000,107,52,3494,45000,7.76,0
59868,2026-04-08 15:46:28,2026-04-08,1,137,48,attack,9,400,137,43,33,0.3139,0.2409,0.0038,-0.0011,0,1,0,0,0,1,0,0,0,0,0,0,0,0,0,0,2,0x0022,BET,0,8,11,1,attack,0,,700000,107,52,3494,45000,7.76,0
59869,2026-04-08 15:46:32,2026-04-08,1,138,48,attack,9,400,138,44,33,0.3188,0.2391,-0.0042,0.0063,0,0,0,0,0,1,0,0,0,0,0,0,0,0,0,0,1,0x0020,ALERT,0,0,11,0,,0,,700000,107,52,3894,45000,8.65,0
59870,2026-04-08 15:46:33,2026-04-08,1,139,48,steal,9,400,139,44,33,0.3165,0.2374,-0.0041,0.0065,0,0,0,0,0,0,0,0,0,0,0,0,0,0,0,0,0,0x0000,BET,0,1,12,1,steal,0,,700000,107,52,3894,45000,8.65,0
59871,2026-04-08 15:46:40,2026-04-08,1,140,140,accumulation,9,400,0,0,0,0.0000,0.0000,0.0000,0.0000,0,1,0,0,0,0,0,0,0,0,0,0,0,0,0,0,1,0x0002,WAIT,0,0,0,1,accumulation,1,,700000,107,52,7894,45000,17.54,0
59872,2026-04-08 15:46:54,2026-04-08,2,1,140,attack,9,1,1,0,0,0.0000,0.0000,0.0000,0.0000,0,0,0,0,0,0,0,0,0,0,0,0,0,0,0,0,0,0x0000,WAIT,0,0,0,1,attack,0,,700000,107,52,7894,45000,17.54,0
59873,2026-04-08 15:46:58,2026-04-08,2,2,140,attack,9,1,2,0,0,0.0000,0.0000,0.0000,0.0000,0,0,0,0,0,0,0,0,0,0,0,0,0,0,0,0,0,0x0000,WAIT,0,0,0,0,,0,,700000,107,52,7894,45000,17.54,0
59874,2026-04-08 15:46:59,2026-04-08,2,3,140,attack,9,1,3,0,1,0.0000,0.3333,0.0000,0.0000,0,0,0,0,0,0,0,0,0,0,0,0,0,0,0,0,0,0x0000,WAIT,0,0,0,0,,0,,700000,107,52,7894,45000,17.54,0
59875,2026-04-08 15:47:00,2026-04-08,2,4,140,attack,9,1,4,0,1,0.0000,0.2500,0.0000,0.0000,0,0,0,0,0,0,0,0,0,0,0,0,0,0,0,0,0,0x0000,WAIT,0,0,0,0,,0,,700000,107,52,7894,45000,17.54,0
59876,2026-04-08 15:47:01,2026-04-08,2,5,140,attack,9,1,5,2,1,0.4000,0.2000,0.0000,0.0000,0,0,0,0,0,0,0,0,0,0,0,0,0,0,0,0,0,0x0000,WAIT,0,0,0,0,,0,,700000,107,52,7896,45000,17.55,0
59877,2026-04-08 15:47:02,2026-04-08,2,6,140,attack,9,1,6,2,1,0.3333,0.1667,0.0000,0.0000,0,0,0,0,0,0,0,0,0,0,0,0,0,0,0,0,0,0x0000,WAIT,0,0,0,0,,0,,700000,107,52,7896,45000,17.55,0
59878,2026-04-08 15:47:03,2026-04-08,2,7,140,attack,9,1,7,2,1,0.2857,0.1429,0.0000,0.0000,0,0,0,0,0,0,0,0,0,0,0,0,0,0,0,0,0,0x0000,WAIT,0,0,0,1,,0,,700000,107,52,7896,45000,17.55,0
59879,2026-04-08 15:47:04,2026-04-08,2,8,140,attack,9,1,8,2,1,0.2500,0.1250,0.0000,0.0000,0,0,0,0,0,0,0,0,0,0,0,0,0,0,0,0,0,0x0000,WAIT,0,0,0,0,,0,,700000,107,52,7896,45000,17.55,0
59880,2026-04-08 15:47:05,2026-04-08,2,9,140,attack,9,1,9,2,2,0.2222,0.2222,0.2222,0.0000,0,0,0,0,0,0,0,0,0,0,0,0,0,0,0,0,0,0x0000,WAIT,0,0,0,0,,0,,700000,107,52,7896,45000,17.55,0
59881,2026-04-08 15:47:06,2026-04-08,2,10,140,attack,9,1,10,2,2,0.2000,0.2000,0.2000,0.0000,0,0,0,0,0,0,0,0,0,0,0,0,0,0,0,0,0,0x0000,WAIT,0,0,0,0,,0,,700000,107,52,7896,45000,17.55,0
59882,2026-04-08 15:47:07,2026-04-08,2,11,140,attack,9,1,11,4,2,0.3636,0.1818,0.3636,0.3636,0,0,0,0,0,0,0,0,0,0,0,0,0,0,0,0,0,0x0000,WAIT,0,0,0,0,,0,,700000,107,52,7898,45000,17.55,0
59883,2026-04-08 15:47:09,2026-04-08,2,12,140,attack,9,1,12,5,2,0.4167,0.1667,0.4167,0.4167,0,0,0,0,0,0,0,0,0,0,0,0,0,0,0,0,0,0x0000,WAIT,0,0,0,0,,0,,700000,107,52,7899,45000,17.55,0
59884,2026-04-08 15:47:10,2026-04-08,2,13,140,attack,9,1,13,5,2,0.3846,0.1538,-0.0154,0.3846,0,0,0,0,0,0,0,0,0,0,0,0,0,0,0,0,0,0x0000,WAIT,0,0,0,1,,0,,700000,107,52,7899,45000,17.55,0
59885,2026-04-08 15:47:10,2026-04-08,2,14,140,attack,9,1,14,5,2,0.3571,0.1429,0.0238,0.3571,0,0,0,0,0,0,0,0,0,0,0,0,0,0,0,0,0,0x0000,WAIT,0,0,0,1,,0,,700000,107,52,7899,45000,17.55,0
59886,2026-04-08 15:47:12,2026-04-08,2,15,140,attack,9,1,15,5,2,0.3333,0.1333,0.0476,-0.0667,0,0,0,0,0,0,0,0,0,0,0,0,0,0,0,0,0,0x0000,WAIT,0,0,0,0,,0,,700000,107,52,7899,45000,17.55,0
59887,2026-04-08 15:47:12,2026-04-08,2,16,140,shield,9,1,16,5,2,0.3125,0.1250,0.0625,-0.0208,0,0,0,0,0,0,0,0,0,0,0,0,0,0,0,0,0,0x0000,WAIT,0,0,0,1,shield,0,,700000,107,52,7899,45000,17.55,0
59888,2026-04-08 15:47:13,2026-04-08,2,17,140,shield,9,1,17,6,2,0.3529,0.1176,0.1307,0.0672,0,0,0,0,0,0,0,0,0,0,0,0,0,0,0,0,0,0x0000,WAIT,0,0,0,0,,0,,700000,107,52,7900,45000,17.56,0
59889,2026-04-08 15:47:14,2026-04-08,2,18,140,shield,9,1,18,8,2,0.4444,0.1111,0.2444,0.1944,0,0,0,0,0,0,0,0,0,0,0,0,0,0,0,0,0,0x0000,WAIT,0,0,0,0,,0,,700000,107,52,7902,45000,17.56,0
59890,2026-04-08 15:47:15,2026-04-08,2,19,140,shield,9,1,19,8,3,0.4211,0.1579,0.0574,0.1988,0,0,0,0,0,0,0,0,0,0,0,0,0,0,0,0,0,0x0000,WAIT,0,0,0,0,,0,,700000,107,52,7902,45000,17.56,0
59891,2026-04-08 15:47:16,2026-04-08,2,20,140,shield,9,1,20,8,3,0.4000,0.1500,-0.0167,0.2000,0,0,0,0,0,0,0,0,0,0,0,0,0,0,0,0,0,0x0000,WAIT,0,0,0,1,,0,,700000,107,52,7902,45000,17.56,0
59892,2026-04-08 15:47:17,2026-04-08,2,21,140,shield,9,1,21,9,3,0.4286,0.1429,0.0440,0.0649,0,0,0,0,0,0,0,0,0,0,0,0,0,0,0,0,0,0x0000,WAIT,0,0,0,0,,0,,700000,107,52,7903,45000,17.56,0
59893,2026-04-08 15:47:18,2026-04-08,2,22,140,shield,9,1,22,9,4,0.4091,0.1818,0.0519,-0.0076,0,0,0,0,0,0,0,0,0,0,0,0,0,0,0,0,0,0x0000,WAIT,0,0,0,0,,0,,700000,107,52,7903,45000,17.56,0
59894,2026-04-08 15:47:19,2026-04-08,2,23,140,shield,9,1,23,10,4,0.4348,0.1739,0.1014,0.0502,0,0,0,0,0,0,0,0,0,0,0,0,0,0,0,0,0,0x0000,WAIT,0,0,0,0,,0,,700000,107,52,7904,45000,17.56,0
59895,2026-04-08 15:47:20,2026-04-08,2,24,140,shield,9,1,24,10,6,0.4167,0.2500,0.1042,0.0595,0,0,0,0,0,0,0,0,0,0,0,0,0,0,0,0,0,0x0000,WAIT,0,0,0,0,,0,,700000,107,52,7904,45000,17.56,0
59896,2026-04-08 15:47:21,2026-04-08,2,25,140,shield,9,1,25,10,6,0.4000,0.2400,0.0471,0.0667,0,0,0,0,0,0,0,0,0,0,0,0,0,0,0,0,0,0x0000,WAIT,0,0,0,1,,0,,700000,107,52,7904,45000,17.56,0
59897,2026-04-08 15:47:28,2026-04-08,2,26,140,attack,9,1,26,10,6,0.3846,0.2308,-0.0598,0.0721,0,0,0,0,0,0,0,0,0,0,0,0,0,0,0,0,0,0x0000,WAIT,0,0,0,1,attack,0,,700000,107,52,7904,45000,17.56,0
59898,2026-04-08 15:47:32,2026-04-08,2,27,140,attack,9,1,27,10,6,0.3704,0.2222,-0.0507,0.0174,0,0,0,0,0,0,0,0,0,0,0,0,0,0,0,0,0,0x0000,WAIT,0,0,0,1,attack,0,,700000,107,52,7904,45000,17.56,0
