seq,timestamp,session_date,gap_idx,spin_in_gap,prev_gap_length,prev_real_triple,bet_level,bet_mult,sa_spins,sa_acc,sa_spn,acc_rate,spn_rate,slope_8,slope_10,r01_combo,r02_ideal_ra,r03_ra_t130,r04_flat_150_32,r05_sml_l120_g32,r06_sml_l120_g30,r07_sml_s100_l120_m180,r08_sml_s100_l120_m110,r09_sml_s100_l130_m130,r10_sml_s50_l130_m150,r11_sml_s50_l130_s80,r12_shield_110,r13_shield_120,r14_shield_130,r15_shield_140,r16_flat_150_37,rules_count,rules_bitmask,phase,cooldown_remaining,consec_bets,gap_bets_so_far,is_triple,triple_type,target_caught,gae_segment,gae_grand_prize,gae_last_mission,accum_mission,accum_current,accum_total,accum_pct,accum_delta
64138,2026-04-11 03:52:41,2026-04-11,0,1,-1,,11,2,1,0,0,0.0000,0.0000,0.0000,0.0000,0,0,0,0,0,0,0,0,0,0,0,0,0,0,0,0,0,0x0000,WAIT,0,0,0,1,,0,bonus_bs15_gae1_no,700000,107,73,438,3000,14.60,0
64139,2026-04-11 03:52:43,2026-04-11,0,2,-1,,11,2,2,0,0,0.0000,0.0000,0.0000,0.0000,0,0,0,0,0,0,0,0,0,0,0,0,0,0,0,0,0,0x0000,WAIT,0,0,0,0,,0,bonus_bs15_gae1_no,700000,107,73,438,3000,14.60,0
64140,2026-04-11 03:52:43,2026-04-11,0,3,-1,,11,2,3,1,0,0.3333,0.0000,0.0000,0.0000,0,0,0,0,0,0,0,0,0,0,0,0,0,0,0,0,0,0x0000,WAIT,0,0,0,0,,0,bonus_bs15_gae1_no,700000,107,73,440,3000,14.67,0
64141,2026-04-11 03:52:45,2026-04-11,0,4,-1,,11,2,4,1,0,0.2500,0.0000,0.0000,0.0000,0,0,0,0,0,0,0,0,0,0,0,0,0,0,0,0,0,0x0000,WAIT,0,0,0,0,,0,bonus_bs15_gae1_no,700000,107,73,440,3000,14.67,0
64142,2026-04-11 03:52:45,2026-04-11,0,5,-1,,11,2,5,1,0,0.2000,0.0000,0.0000,0.0000,0,0,0,0,0,0,0,0,0,0,0,0,0,0,0,0,0,0x0000,WAIT,0,0,0,0,,0,bonus_bs15_gae1_no,700000,107,73,440,3000,14.67,0
64143,2026-04-11 03:52:46,2026-04-11,0,6,-1,,11,2,6,1,0,0.1667,0.0000,0.0000,0.0000,0,0,0,0,0,0,0,0,0,0,0,0,0,0,0,0,0,0x0000,WAIT,0,0,0,0,,0,bonus_bs15_gae1_no,700000,107,73,440,3000,14.67,0
64144,2026-04-11 03:52:47,2026-04-11,0,7,-1,,11,2,7,1,1,0.1429,0.1429,0.0000,0.0000,0,0,0,0,0,0,0,0,0,0,0,0,0,0,0,0,0,0x0000,WAIT,0,0,0,0,,0,bonus_bs15_gae1_no,700000,107,73,440,3000,14.67,0
64145,2026-04-11 03:52:48,2026-04-11,0,8,-1,,11,2,8,2,1,0.2500,0.1250,0.0000,0.0000,0,0,0,0,0,0,0,0,0,0,0,0,0,0,0,0,0,0x0000,WAIT,0,0,0,0,,0,bonus_bs15_gae1_no,700000,107,73,442,3000,14.73,0
64146,2026-04-11 03:52:49,2026-04-11,0,9,-1,attack,11,2,9,2,1,0.2222,0.1111,0.2222,0.0000,0,0,0,0,0,0,0,0,0,0,0,0,0,0,0,0,0,0x0000,WAIT,0,0,0,1,attack,0,bonus_bs15_gae1_no,700000,107,73,442,3000,14.73,0
64147,2026-04-11 03:53:49,2026-04-11,0,10,-1,attack,11,2,10,3,1,0.3000,0.1000,0.3000,0.0000,0,0,0,0,0,0,0,0,0,0,0,0,0,0,0,0,0,0x0000,WAIT,0,0,0,0,,0,bonus_bs15_gae1_no,700000,107,73,444,3000,14.80,0
64148,2026-04-11 03:53:50,2026-04-11,0,11,-1,attack,11,2,11,3,2,0.2727,0.1818,-0.0606,0.2727,0,0,0,0,0,0,0,0,0,0,0,0,0,0,0,0,0,0x0000,WAIT,0,0,0,0,,0,bonus_bs15_gae1_no,700000,107,73,444,3000,14.80,0
64149,2026-04-11 03:53:51,2026-04-11,0,12,-1,attack,11,2,12,5,2,0.4167,0.1667,0.1667,0.4167,0,0,0,0,0,0,0,0,0,0,0,0,0,0,0,0,0,0x0000,WAIT,0,0,0,0,,0,bonus_bs15_gae1_no,700000,107,73,448,3000,14.93,0
64150,2026-04-11 03:53:52,2026-04-11,0,13,-1,attack,11,2,13,5,2,0.3846,0.1538,0.1846,0.0513,0,0,0,0,0,0,0,0,0,0,0,0,0,0,0,0,0,0x0000,WAIT,0,0,0,0,,0,bonus_bs15_gae1_no,700000,107,73,448,3000,14.93,0
64151,2026-04-11 03:53:53,2026-04-11,0,14,-1,attack,11,2,14,5,2,0.3571,0.1429,0.1905,0.1071,0,0,0,0,0,0,0,0,0,0,0,0,0,0,0,0,0,0x0000,WAIT,0,0,0,0,,0,bonus_bs15_gae1_no,700000,107,73,448,3000,14.93,0
64152,2026-04-11 03:53:53,2026-04-11,0,15,-1,attack,11,2,15,6,2,0.4000,0.1333,0.2571,0.2000,0,0,0,0,0,0,0,0,0,0,0,0,0,0,0,0,0,0x0000,WAIT,0,0,0,0,,0,bonus_bs15_gae1_no,700000,107,73,450,3000,15.00,0
64153,2026-04-11 03:53:55,2026-04-11,0,16,-1,attack,11,2,16,7,2,0.4375,0.1250,0.1875,0.2708,0,0,0,0,0,0,0,0,0,0,0,0,0,0,0,0,0,0x0000,WAIT,0,0,0,0,,0,bonus_bs15_gae1_no,700000,107,73,452,3000,15.07,0
64154,2026-04-11 03:53:56,2026-04-11,0,17,-1,attack,11,2,17,9,2,0.5294,0.1176,0.3072,0.3866,0,0,0,0,0,0,0,0,0,0,0,0,0,0,0,0,0,0x0000,WAIT,0,0,0,0,,0,bonus_bs15_gae1_no,700000,107,73,456,3000,15.20,0
64155,2026-04-11 03:53:57,2026-04-11,0,18,-1,shield,11,2,18,9,2,0.5000,0.1111,0.2000,0.2500,0,0,0,0,0,0,0,0,0,0,0,0,0,0,0,0,0,0x0000,WAIT,0,0,0,1,shield,0,bonus_bs15_gae1_no,700000,107,73,456,3000,15.20,0
64156,2026-04-11 03:53:59,2026-04-11,0,19,-1,shield,11,2,19,10,2,0.5263,0.1053,0.2536,0.3041,0,0,0,0,0,0,0,0,0,0,0,0,0,0,0,0,0,0x0000,WAIT,0,0,0,0,,0,bonus_bs15_gae1_no,700000,107,73,458,3000,15.27,0
64157,2026-04-11 03:54:00,2026-04-11,0,20,-1,steal,11,2,20,10,2,0.5000,0.1000,0.0833,0.2000,0,0,0,0,0,0,0,0,0,0,0,0,0,0,0,0,0,0x0000,WAIT,0,0,0,1,steal,0,bonus_bs15_gae1_no,700000,107,73,458,3000,15.27,0
64158,2026-04-11 03:54:06,2026-04-11,0,21,-1,steal,11,2,21,10,3,0.4762,0.1429,0.0916,0.2035,0,0,0,0,0,0,0,0,0,0,0,0,0,0,0,0,0,0x0000,WAIT,0,0,0,0,,0,bonus_bs15_gae1_no,700000,107,73,458,3000,15.27,0
64159,2026-04-11 03:54:06,2026-04-11,0,22,-1,steal,11,2,22,10,4,0.4545,0.1818,0.0974,0.0379,0,0,0,0,0,0,0,0,0,0,0,0,0,0,0,0,0,0x0000,WAIT,0,0,0,0,,0,bonus_bs15_gae1_no,700000,107,73,458,3000,15.27,0
64160,2026-04-11 03:54:07,2026-04-11,0,23,-1,steal,11,2,23,11,4,0.4783,0.1739,0.0783,0.0936,0,0,0,0,0,0,0,0,0,0,0,0,0,0,0,0,0,0x0000,WAIT,0,0,0,0,,0,bonus_bs15_gae1_no,700000,107,73,460,3000,15.33,0
64161,2026-04-11 03:54:09,2026-04-11,0,24,-1,steal,11,2,24,11,4,0.4583,0.1667,0.0208,0.1012,0,0,0,0,0,0,0,0,0,0,0,0,0,0,0,0,0,0x0000,WAIT,0,0,0,0,,0,bonus_bs15_gae1_no,700000,107,73,460,3000,15.33,0
64162,2026-04-11 03:54:09,2026-04-11,0,25,-1,attack,11,2,25,11,4,0.4400,0.1600,-0.0894,0.0400,0,0,0,0,0,0,0,0,0,0,0,0,0,0,0,0,0,0x0000,WAIT,0,0,0,1,attack,0,bonus_bs15_gae1_no,700000,107,73,460,3000,15.33,0
64163,2026-04-11 03:54:13,2026-04-11,0,26,-1,attack,11,2,26,12,4,0.4615,0.1538,-0.0385,0.0240,0,0,0,0,0,0,0,0,0,0,0,0,0,0,0,0,0,0x0000,WAIT,0,0,0,0,,0,bonus_bs15_gae1_no,700000,107,73,462,3000,15.40,0
64164,2026-04-11 03:54:14,2026-04-11,0,27,-1,attack,11,2,27,12,4,0.4444,0.1481,-0.0819,-0.0850,0,0,0,0,0,0,0,0,0,0,0,0,0,0,0,0,0,0x0000,WAIT,0,0,0,1,,0,bonus_bs15_gae1_no,700000,107,73,462,3000,15.40,0
64165,2026-04-11 03:54:15,2026-04-11,0,28,-1,attack,11,2,28,13,4,0.4643,0.1429,-0.0357,-0.0357,0,0,0,0,0,0,0,0,0,0,0,0,0,0,0,0,0,0x0000,WAIT,0,0,0,0,,0,bonus_bs15_gae1_no,700000,107,73,464,3000,15.47,0
64166,2026-04-11 03:54:16,2026-04-11,0,29,-1,attack,11,2,29,13,4,0.4483,0.1379,-0.0279,-0.0780,0,0,0,0,0,0,0,0,0,0,0,0,0,0,0,0,0,0x0000,WAIT,0,0,0,0,,0,bonus_bs15_gae1_no,700000,107,73,464,3000,15.47,0
64167,2026-04-11 03:54:17,2026-04-11,0,30,-1,attack,11,2,30,13,4,0.4333,0.1333,-0.0212,-0.0667,0,0,0,0,0,0,0,0,0,0,0,0,0,0,0,0,0,0x0000,WAIT,0,0,0,0,,0,bonus_bs15_gae1_no,700000,107,73,464,3000,15.47,0
64168,2026-04-11 03:54:17,2026-04-11,0,31,-1,attack,11,2,31,13,4,0.4194,0.1290,-0.0589,-0.0568,0,0,0,0,0,0,0,0,0,0,0,0,0,0,0,0,0,0x0000,WAIT,0,0,0,0,,0,bonus_bs15_gae1_no,700000,107,73,464,3000,15.47,0
64169,2026-04-11 03:54:18,2026-04-11,0,32,-1,attack,11,2,32,13,4,0.4062,0.1250,-0.0521,-0.0483,0,0,0,0,0,0,0,0,0,0,0,0,0,0,0,0,0,0x0000,WAIT,0,0,0,1,,0,bonus_bs15_gae1_no,700000,107,73,464,3000,15.47,0
64170,2026-04-11 03:55:12,2026-04-11,0,33,-1,attack,11,2,33,13,4,0.3939,0.1212,-0.0461,-0.0843,0,0,0,0,0,0,0,0,0,0,0,0,0,0,0,0,0,0x0000,WAIT,0,0,0,1,,0,bonus_bs15_gae1_no,700000,107,73,464,3000,15.47,0
64171,2026-04-11 03:55:13,2026-04-11,0,34,-1,attack,11,2,34,13,4,0.3824,0.1176,-0.0792,-0.0760,0,0,0,0,0,0,0,0,0,0,0,0,0,0,0,0,0,0x0000,WAIT,0,0,0,0,,0,bonus_bs15_gae1_no,700000,107,73,464,3000,15.47,0
64172,2026-04-11 03:55:14,2026-04-11,0,35,-1,attack,11,2,35,13,4,0.3714,0.1143,-0.0730,-0.0686,0,0,0,0,0,0,0,0,0,0,0,0,0,0,0,0,0,0x0000,SOON,0,0,0,0,,0,bonus_bs15_gae1_no,700000,107,73,464,3000,15.47,0
64173,2026-04-11 03:55:14,2026-04-11,0,36,-1,shield,11,2,36,13,4,0.3611,0.1111,-0.1032,-0.1004,0,0,0,0,0,0,0,0,0,0,0,0,0,0,0,0,0,0x0000,SOON,0,0,0,1,shield,0,bonus_bs15_gae1_no,700000,107,73,464,3000,15.47,0
64174,2026-04-11 03:55:16,2026-04-11,0,37,-1,shield,11,2,37,13,4,0.3514,0.1081,-0.0969,-0.0931,0,0,0,0,0,0,0,0,0,0,0,0,0,0,0,0,0,0x0000,SOON,0,0,0,1,,0,bonus_bs15_gae1_no,700000,107,73,464,3000,15.47,0
64175,2026-04-11 03:55:16,2026-04-11,0,38,-1,shield,11,2,38,13,4,0.3421,0.1053,-0.0912,-0.1222,0,0,0,0,0,0,0,0,0,0,0,0,0,0,0,0,0,0x0000,SOON,0,0,0,1,shield,0,bonus_bs15_gae1_no,700000,107,73,464,3000,15.47,0
64176,2026-04-11 03:55:18,2026-04-11,0,39,-1,shield,11,2,39,13,4,0.3333,0.1026,-0.0860,-0.1149,0,0,0,0,0,0,0,0,0,0,0,0,0,0,0,0,0,0x0000,SOON,0,0,0,1,,0,bonus_bs15_gae1_no,700000,107,73,464,3000,15.47,0
64177,2026-04-11 03:55:18,2026-04-11,0,40,-1,shield,11,2,40,13,4,0.3250,0.1000,-0.0812,-0.1083,0,0,0,0,0,0,0,0,0,0,0,0,0,0,0,0,0,0x0000,SOON,0,0,0,0,,0,bonus_bs15_gae1_no,700000,107,73,464,3000,15.47,0
64178,2026-04-11 03:55:19,2026-04-11,0,41,-1,shield,11,2,41,13,4,0.3171,0.0976,-0.0769,-0.1023,0,0,0,0,0,0,0,0,0,0,0,0,0,0,0,0,0,0x0000,SOON,0,0,0,0,,0,bonus_bs15_gae1_no,700000,107,73,464,3000,15.47,0
64179,2026-04-11 03:55:20,2026-04-11,0,42,-1,shield,11,2,42,15,4,0.3571,0.0952,-0.0252,-0.0491,0,0,0,0,0,0,0,0,0,0,0,0,0,0,0,0,0,0x0000,SOON,0,0,0,0,,0,bonus_bs15_gae1_no,700000,107,73,468,3000,15.60,0
64180,2026-04-11 03:55:22,2026-04-11,0,43,-1,shield,11,2,43,15,4,0.3488,0.0930,-0.0226,-0.0451,0,0,0,0,0,0,0,0,0,0,0,0,0,0,0,0,0,0x0000,SOON,0,0,0,1,,0,bonus_bs15_gae1_no,700000,107,73,468,3000,15.60,0
64181,2026-04-11 03:55:22,2026-04-11,0,44,-1,steal,11,2,44,15,4,0.3409,0.0909,-0.0202,-0.0414,0,0,0,0,0,0,0,0,0,0,0,0,0,0,0,0,0,0x0000,SOON,0,0,0,1,steal,0,bonus_bs15_gae1_no,700000,107,73,468,3000,15.60,0
64182,2026-04-11 03:55:28,2026-04-11,0,45,-1,steal,11,2,45,16,4,0.3556,0.0889,0.0042,-0.0159,0,0,0,0,0,0,0,0,0,0,0,0,0,0,0,0,0,0x0000,SOON,0,0,0,0,,0,bonus_bs15_gae1_no,700000,107,73,470,3000,15.67,0
64183,2026-04-11 03:55:29,2026-04-11,0,46,-1,attack,11,2,46,16,4,0.3478,0.0870,0.0057,-0.0133,0,0,0,0,0,0,0,0,0,0,0,0,0,0,0,0,0,0x0000,SOON,0,0,0,1,attack,0,bonus_bs15_gae1_no,700000,107,73,470,3000,15.67,0
64184,2026-04-11 03:55:42,2026-04-11,0,47,-1,attack,11,2,47,16,4,0.3404,0.0851,0.0071,-0.0109,0,0,0,0,0,0,0,0,0,0,0,0,0,0,0,0,0,0x0000,SOON,0,0,0,0,,0,bonus_bs15_gae1_no,700000,107,73,470,3000,15.67,0
64185,2026-04-11 03:55:43,2026-04-11,0,48,-1,attack,11,2,48,16,4,0.3333,0.0833,0.0083,-0.0088,0,0,0,0,0,0,0,0,0,0,0,0,0,0,0,0,0,0x0000,SOON,0,0,0,0,,0,bonus_bs15_gae1_no,700000,107,73,470,3000,15.67,0
64186,2026-04-11 03:55:43,2026-04-11,0,49,-1,attack,11,2,49,16,4,0.3265,0.0816,0.0095,-0.0068,0,0,0,0,0,0,0,0,0,0,0,0,0,0,0,0,0,0x0000,SOON,0,0,0,0,,0,bonus_bs15_gae1_no,700000,107,73,470,3000,15.67,0
64187,2026-04-11 03:55:44,2026-04-11,0,50,-1,attack,11,2,50,16,5,0.3200,0.1000,-0.0371,-0.0050,0,0,0,0,0,0,0,0,0,0,0,0,0,0,0,0,0,0x0000,SOON,0,0,0,0,,0,bonus_bs15_gae1_no,700000,107,73,470,3000,15.67,0
64188,2026-04-11 03:55:45,2026-04-11,0,51,-1,attack,11,2,51,16,7,0.3137,0.1373,-0.0351,-0.0033,0,0,0,0,0,0,0,0,0,0,0,0,0,0,0,0,0,0x0000,SOON,0,0,0,0,,0,bonus_bs15_gae1_no,700000,107,73,470,3000,15.67,0
64189,2026-04-11 03:55:45,2026-04-11,0,52,-1,shield,11,2,52,16,7,0.3077,0.1346,-0.0332,-0.0495,0,0,0,0,0,0,0,0,0,0,0,0,0,0,0,0,0,0x0000,SOON,0,0,0,1,shield,0,bonus_bs15_gae1_no,700000,107,73,470,3000,15.67,0
64190,2026-04-11 03:55:47,2026-04-11,0,53,-1,shield,11,2,53,16,8,0.3019,0.1509,-0.0537,-0.0470,0,0,0,0,0,0,0,0,0,0,0,0,0,0,0,0,0,0x0000,SOON,0,0,0,0,,0,bonus_bs15_gae1_no,700000,107,73,470,3000,15.67,0
64191,2026-04-11 03:55:47,2026-04-11,0,54,-1,shield,11,2,54,16,9,0.2963,0.1667,-0.0515,-0.0446,0,0,0,0,0,0,0,0,0,0,0,0,0,0,0,0,0,0x0000,SOON,0,0,0,0,,0,bonus_bs15_gae1_no,700000,107,73,470,3000,15.67,0
64192,2026-04-11 03:55:48,2026-04-11,0,55,-1,shield,11,2,55,16,9,0.2909,0.1636,-0.0495,-0.0646,0,0,0,0,0,0,0,0,0,0,0,0,0,0,0,0,0,0x0000,SOON,0,0,0,1,,0,bonus_bs15_gae1_no,700000,107,73,470,3000,15.67,0
64193,2026-04-11 03:55:49,2026-04-11,0,56,-1,shield,11,2,56,16,10,0.2857,0.1786,-0.0476,-0.0621,0,0,0,0,0,0,0,0,0,0,0,0,0,0,0,0,0,0x0000,SOON,0,0,0,0,,0,bonus_bs15_gae1_no,700000,107,73,470,3000,15.67,0
64194,2026-04-11 03:55:50,2026-04-11,0,57,-1,spins,11,2,57,16,13,0.2807,0.2281,-0.0458,-0.0597,0,0,0,0,0,0,0,0,0,0,0,0,0,0,0,0,0,0x0000,SOON,0,0,0,1,spins,0,bonus_bs15_gae1_no,700000,107,73,470,3000,15.67,0
64195,2026-04-11 03:55:51,2026-04-11,0,58,-1,spins,11,2,58,18,13,0.3103,0.2241,-0.0097,-0.0230,0,0,0,0,0,0,0,0,0,0,0,0,0,0,0,0,0,0x0000,SOON,0,0,0,0,,0,bonus_bs15_gae1_no,700000,107,73,474,3000,15.80,0
64196,2026-04-11 03:55:52,2026-04-11,0,59,-1,spins,11,2,59,18,13,0.3051,0.2203,-0.0086,-0.0214,0,0,0,0,0,0,0,0,0,0,0,0,0,0,0,0,0,0x0000,SOON,0,0,0,1,,0,bonus_bs15_gae1_no,700000,107,73,474,3000,15.80,0
64197,2026-04-11 03:55:53,2026-04-11,0,60,-1,spins,11,2,60,18,13,0.3000,0.2167,-0.0077,-0.0200,0,0,0,0,0,0,0,0,0,0,0,0,0,0,0,0,0,0x0000,ALERT,0,0,0,1,,0,bonus_bs15_gae1_no,700000,107,73,474,3000,15.80,0
64198,2026-04-11 03:55:54,2026-04-11,0,61,-1,attack,11,2,61,18,13,0.2951,0.2131,-0.0068,-0.0186,0,0,0,0,0,0,0,0,0,0,0,0,0,0,0,0,0,0x0000,ALERT,0,0,0,1,attack,0,bonus_bs15_gae1_no,700000,107,73,474,3000,15.80,0
64199,2026-04-11 03:55:57,2026-04-11,0,62,-1,attack,11,2,62,18,13,0.2903,0.2097,-0.0060,-0.0174,0,0,0,0,0,0,0,0,0,0,0,0,0,0,0,0,0,0x0000,ALERT,0,0,0,0,,0,bonus_bs15_gae1_no,700000,107,73,474,3000,15.80,0
64200,2026-04-11 04:15:08,2026-04-11,0,1,-1,,11,2,1,1,0,1.0000,0.0000,0.0000,0.0000,0,0,0,0,0,0,0,0,0,0,0,0,0,0,0,0,0,0x0000,WAIT,0,0,0,0,,0,bonus_as10_gae1_no,700000,107,73,476,3000,15.87,0
64201,2026-04-11 05:13:24,2026-04-11,0,1,-1,,11,2,1,1,0,1.0000,0.0000,0.0000,0.0000,0,0,0,0,0,0,0,0,0,0,0,0,0,0,0,0,0,0x0000,WAIT,0,0,0,0,,0,bonus_bs15_gae1_no,700000,107,73,478,3000,15.93,0
64202,2026-04-11 05:13:26,2026-04-11,0,2,-1,,11,2,2,2,0,1.0000,0.0000,0.0000,0.0000,0,0,0,0,0,0,0,0,0,0,0,0,0,0,0,0,0,0x0000,WAIT,0,0,0,0,,0,bonus_bs15_gae1_no,700000,107,73,480,3000,16.00,0
64203,2026-04-11 05:13:27,2026-04-11,0,3,-1,,11,2,3,2,0,0.6667,0.0000,0.0000,0.0000,0,0,0,0,0,0,0,0,0,0,0,0,0,0,0,0,0,0x0000,WAIT,0,0,0,1,,0,bonus_bs15_gae1_no,700000,107,73,480,3000,16.00,0
64204,2026-04-11 05:13:28,2026-04-11,0,4,-1,attack,11,2,4,2,0,0.5000,0.0000,0.0000,0.0000,0,0,0,0,0,0,0,0,0,0,0,0,0,0,0,0,0,0x0000,WAIT,0,0,0,1,attack,0,bonus_bs15_gae1_no,700000,107,73,480,3000,16.00,0
64205,2026-04-11 05:13:32,2026-04-11,0,5,-1,attack,11,2,5,2,0,0.4000,0.0000,0.0000,0.0000,0,0,0,0,0,0,0,0,0,0,0,0,0,0,0,0,0,0x0000,WAIT,0,0,0,1,,0,bonus_bs15_gae1_no,700000,107,73,480,3000,16.00,0
64206,2026-04-11 05:13:33,2026-04-11,0,6,-1,attack,11,2,6,2,1,0.3333,0.1667,0.0000,0.0000,0,0,0,0,0,0,0,0,0,0,0,0,0,0,0,0,0,0x0000,WAIT,0,0,0,0,,0,bonus_bs15_gae1_no,700000,107,73,480,3000,16.00,0
64207,2026-04-11 05:13:34,2026-04-11,0,7,7,accumulation,11,2,0,0,0,0.0000,0.0000,0.0000,0.0000,0,0,0,0,0,0,0,0,0,0,0,0,0,0,0,0,0,0x0000,WAIT,0,0,0,1,accumulation,0,bonus_bs15_gae1_no,700000,107,73,500,3000,16.67,0
64208,2026-04-11 05:13:36,2026-04-11,1,1,7,accumulation,11,2,1,0,0,0.0000,0.0000,0.0000,0.0000,0,0,0,0,0,0,0,0,0,0,0,0,0,0,0,0,0,0x0000,WAIT,0,0,0,0,,0,bonus_bs15_gae1_no,700000,107,73,500,3000,16.67,0
64209,2026-04-11 05:13:40,2026-04-11,1,2,7,accumulation,11,1,2,1,0,0.5000,0.0000,0.0000,0.0000,0,0,0,0,0,0,0,0,0,0,0,0,0,0,0,0,0,0x0000,WAIT,0,0,0,0,,0,bonus_bs15_gae1_no,700000,107,73,501,3000,16.70,0
64210,2026-04-11 05:13:41,2026-04-11,1,3,7,accumulation,11,1,3,1,2,0.3333,0.6667,0.0000,0.0000,0,0,0,0,0,0,0,0,0,0,0,0,0,0,0,0,0,0x0000,WAIT,0,0,0,0,,0,bonus_bs15_gae1_no,700000,107,73,501,3000,16.70,0
64211,2026-04-11 05:13:42,2026-04-11,1,4,7,accumulation,11,1,4,1,3,0.2500,0.7500,0.0000,0.0000,0,0,0,0,0,0,0,0,0,0,0,0,0,0,0,0,0,0x0000,WAIT,0,0,0,0,,0,bonus_bs15_gae1_no,700000,107,73,501,3000,16.70,0
64212,2026-04-11 05:13:43,2026-04-11,1,5,7,accumulation,11,1,5,1,3,0.2000,0.6000,0.0000,0.0000,0,0,0,0,0,0,0,0,0,0,0,0,0,0,0,0,0,0x0000,WAIT,0,0,0,0,,0,bonus_bs15_gae1_no,700000,107,73,501,3000,16.70,0
64213,2026-04-11 05:13:44,2026-04-11,1,6,7,accumulation,11,1,6,1,3,0.1667,0.5000,0.0000,0.0000,0,0,0,0,0,0,0,0,0,0,0,0,0,0,0,0,0,0x0000,WAIT,0,0,0,0,,0,bonus_bs15_gae1_no,700000,107,73,501,3000,16.70,0
64214,2026-04-11 05:13:45,2026-04-11,1,7,7,accumulation,11,1,7,2,3,0.2857,0.4286,0.0000,0.0000,0,0,0,0,0,0,0,0,0,0,0,0,0,0,0,0,0,0x0000,WAIT,0,0,0,0,,0,bonus_bs15_gae1_no,700000,107,73,502,3000,16.73,0
64215,2026-04-11 05:13:46,2026-04-11,1,8,7,accumulation,11,1,8,2,4,0.2500,0.5000,0.0000,0.0000,0,0,0,0,0,0,0,0,0,0,0,0,0,0,0,0,0,0x0000,WAIT,0,0,0,0,,0,bonus_bs15_gae1_no,700000,107,73,502,3000,16.73,0
64216,2026-04-11 05:13:47,2026-04-11,1,9,7,accumulation,11,1,9,4,4,0.4444,0.4444,0.4444,0.0000,0,0,0,0,0,0,0,0,0,0,0,0,0,0,0,0,0,0x0000,WAIT,0,0,0,0,,0,bonus_bs15_gae1_no,700000,107,73,504,3000,16.80,0
64217,2026-04-11 05:13:48,2026-04-11,1,10,7,accumulation,11,1,10,4,5,0.4000,0.5000,-0.1000,0.0000,0,0,0,0,0,0,0,0,0,0,0,0,0,0,0,0,0,0x0000,WAIT,0,0,0,0,,0,bonus_bs15_gae1_no,700000,107,73,504,3000,16.80,0
64218,2026-04-11 05:13:49,2026-04-11,1,11,7,accumulation,11,1,11,5,5,0.4545,0.4545,0.1212,0.4545,0,0,0,0,0,0,0,0,0,0,0,0,0,0,0,0,0,0x0000,WAIT,0,0,0,0,,0,bonus_bs15_gae1_no,700000,107,73,505,3000,16.83,0
64219,2026-04-11 05:13:50,2026-04-11,1,12,7,accumulation,11,1,12,5,5,0.4167,0.4167,0.1667,-0.0833,0,0,0,0,0,0,0,0,0,0,0,0,0,0,0,0,0,0x0000,WAIT,0,0,0,0,,0,bonus_bs15_gae1_no,700000,107,73,505,3000,16.83,0
64220,2026-04-11 05:13:52,2026-04-11,1,13,7,accumulation,11,1,13,5,5,0.3846,0.3846,0.1846,0.0513,0,0,0,0,0,0,0,0,0,0,0,0,0,0,0,0,0,0x0000,WAIT,0,0,0,0,,0,bonus_bs15_gae1_no,700000,107,73,505,3000,16.83,0
64221,2026-04-11 05:13:52,2026-04-11,1,14,7,accumulation,11,1,14,5,5,0.3571,0.3571,0.1905,0.1071,0,0,0,0,0,0,0,0,0,0,0,0,0,0,0,0,0,0x0000,WAIT,0,0,0,1,,0,bonus_bs15_gae1_no,700000,107,73,505,3000,16.83,0
64222,2026-04-11 05:13:53,2026-04-11,1,15,7,accumulation,11,1,15,5,5,0.3333,0.3333,0.0476,0.1333,0,0,0,0,0,0,0,0,0,0,0,0,0,0,0,0,0,0x0000,WAIT,0,0,0,0,,0,bonus_bs15_gae1_no,700000,107,73,505,3000,16.83,0
64223,2026-04-11 05:13:54,2026-04-11,1,16,7,accumulation,11,1,16,5,7,0.3125,0.4375,0.0625,0.1458,0,0,0,0,0,0,0,0,0,0,0,0,0,0,0,0,0,0x0000,WAIT,0,0,0,0,,0,bonus_bs15_gae1_no,700000,107,73,505,3000,16.83,0
64224,2026-04-11 05:13:55,2026-04-11,1,17,7,attack,11,1,17,5,7,0.2941,0.4118,-0.1503,0.0084,0,0,0,0,0,0,0,0,0,0,0,0,0,0,0,0,0,0x0000,WAIT,0,0,0,1,attack,0,bonus_bs15_gae1_no,700000,107,73,505,3000,16.83,0
64225,2026-04-11 05:14:05,2026-04-11,1,18,7,attack,11,1,18,5,7,0.2778,0.3889,-0.1222,0.0278,0,0,0,0,0,0,0,0,0,0,0,0,0,0,0,0,0,0x0000,WAIT,0,0,0,1,,0,bonus_bs15_gae1_no,700000,107,73,505,3000,16.83,0
64226,2026-04-11 05:14:06,2026-04-11,1,19,7,attack,11,1,19,5,8,0.2632,0.4211,-0.1914,-0.1813,0,0,0,0,0,0,0,0,0,0,0,0,0,0,0,0,0,0x0000,WAIT,0,0,0,0,,0,bonus_bs15_gae1_no,700000,107,73,505,3000,16.83,0
64227,2026-04-11 05:14:07,2026-04-11,1,20,20,accumulation,11,1,0,0,0,0.0000,0.0000,0.0000,0.0000,0,0,0,0,0,0,0,0,0,0,0,0,0,0,0,0,0,0x0000,WAIT,0,0,0,1,accumulation,0,bonus_bs15_gae1_no,700000,107,73,515,3000,17.17,0
64228,2026-04-11 05:14:08,2026-04-11,2,1,20,accumulation,11,1,1,0,1,0.0000,1.0000,0.0000,0.0000,0,0,0,0,0,0,0,0,0,0,0,0,0,0,0,0,0,0x0000,WAIT,0,0,0,0,,0,bonus_bs15_gae1_no,700000,107,73,515,3000,17.17,0
64229,2026-04-11 05:14:09,2026-04-11,2,2,20,shield,11,1,2,0,1,0.0000,0.5000,0.0000,0.0000,0,0,0,0,0,0,0,0,0,0,0,0,0,0,0,0,0,0x0000,WAIT,0,0,0,1,shield,0,bonus_bs15_gae1_no,700000,107,73,515,3000,17.17,0
64230,2026-04-11 05:14:10,2026-04-11,2,3,20,shield,11,1,3,0,1,0.0000,0.3333,0.0000,0.0000,0,0,0,0,0,0,0,0,0,0,0,0,0,0,0,0,0,0x0000,WAIT,0,0,0,1,shield,0,bonus_bs15_gae1_no,700000,107,73,515,3000,17.17,0
64231,2026-04-11 05:14:11,2026-04-11,2,4,20,shield,11,1,4,0,1,0.0000,0.2500,0.0000,0.0000,0,0,0,0,0,0,0,0,0,0,0,0,0,0,0,0,0,0x0000,WAIT,0,0,0,1,,0,bonus_bs15_gae1_no,700000,107,73,515,3000,17.17,0
64232,2026-04-11 05:14:12,2026-04-11,2,5,20,steal,11,1,5,0,1,0.0000,0.2000,0.0000,0.0000,0,0,0,0,0,0,0,0,0,0,0,0,0,0,0,0,0,0x0000,WAIT,0,0,0,1,steal,0,bonus_bs15_gae1_no,700000,107,73,515,3000,17.17,0
64233,2026-04-11 05:14:20,2026-04-11,2,6,20,steal,11,1,6,0,1,0.0000,0.1667,0.0000,0.0000,0,0,0,0,0,0,0,0,0,0,0,0,0,0,0,0,0,0x0000,WAIT,0,0,0,0,,0,bonus_bs15_gae1_no,700000,107,73,515,3000,17.17,0
64234,2026-04-11 05:14:30,2026-04-11,2,7,20,steal,11,1,7,1,1,0.1429,0.1429,0.0000,0.0000,0,0,0,0,0,0,0,0,0,0,0,0,0,0,0,0,0,0x0000,WAIT,0,0,0,0,,0,bonus_bs15_gae1_no,700000,107,73,516,3000,17.20,0
64235,2026-04-11 05:14:35,2026-04-11,2,8,20,steal,11,1,8,1,1,0.1250,0.1250,0.0000,0.0000,0,0,0,0,0,0,0,0,0,0,0,0,0,0,0,0,0,0x0000,WAIT,0,0,0,1,,0,bonus_bs15_gae1_no,700000,107,73,516,3000,17.20,0
64236,2026-04-11 05:14:41,2026-04-11,2,9,20,steal,11,1,9,1,2,0.1111,0.2222,0.1111,0.0000,0,0,0,0,0,0,0,0,0,0,0,0,0,0,0,0,0,0x0000,WAIT,0,0,0,0,,0,bonus_bs15_gae1_no,700000,107,73,516,3000,17.20,0
64237,2026-04-11 05:14:42,2026-04-11,2,10,20,steal,11,1,10,1,2,0.1000,0.2000,0.1000,0.0000,0,0,0,0,0,0,0,0,0,0,0,0,0,0,0,0,0,0x0000,WAIT,0,0,0,1,,0,bonus_bs15_gae1_no,700000,107,73,516,3000,17.20,0
64238,2026-04-11 05:14:43,2026-04-11,2,11,20,steal,11,1,11,1,3,0.0909,0.2727,0.0909,0.0909,0,0,0,0,0,0,0,0,0,0,0,0,0,0,0,0,0,0x0000,WAIT,0,0,0,0,,0,bonus_bs15_gae1_no,700000,107,73,516,3000,17.20,0
64239,2026-04-11 05:14:44,2026-04-11,2,12,20,steal,11,1,12,1,3,0.0833,0.2500,0.0833,0.0833,0,0,0,0,0,0,0,0,0,0,0,0,0,0,0,0,0,0x0000,WAIT,0,0,0,1,,0,bonus_bs15_gae1_no,700000,107,73,516,3000,17.20,0
64240,2026-04-11 05:14:45,2026-04-11,2,13,20,steal,11,1,13,2,3,0.1538,0.2308,0.1538,0.1538,0,0,0,0,0,0,0,0,0,0,0,0,0,0,0,0,0,0x0000,WAIT,0,0,0,0,,0,bonus_bs15_gae1_no,700000,107,73,517,3000,17.23,0
64241,2026-04-11 05:14:47,2026-04-11,2,14,20,steal,11,1,14,2,3,0.1429,0.2143,0.1429,0.1429,0,0,0,0,0,0,0,0,0,0,0,0,0,0,0,0,0,0x0000,WAIT,0,0,0,0,,0,bonus_bs15_gae1_no,700000,107,73,517,3000,17.23,0
64242,2026-04-11 05:14:50,2026-04-11,2,15,20,steal,11,1,15,2,3,0.1333,0.2000,-0.0095,0.1333,0,0,0,0,0,0,0,0,0,0,0,0,0,0,0,0,0,0x0000,WAIT,0,0,0,0,,0,bonus_bs15_gae1_no,700000,107,73,517,3000,17.23,0
64243,2026-04-11 05:14:51,2026-04-11,2,16,20,steal,11,1,16,4,3,0.2500,0.1875,0.1250,0.2500,0,0,0,0,0,0,0,0,0,0,0,0,0,0,0,0,0,0x0000,WAIT,0,0,0,0,,0,bonus_bs15_gae1_no,700000,107,73,519,3000,17.30,0
64244,2026-04-11 05:14:54,2026-04-11,2,17,20,steal,11,1,17,4,3,0.2353,0.1765,0.1242,0.0924,0,0,0,0,0,0,0,0,0,0,0,0,0,0,0,0,0,0x0000,WAIT,0,0,0,0,,0,bonus_bs15_gae1_no,700000,107,73,519,3000,17.30,0
64245,2026-04-11 05:14:56,2026-04-11,2,18,20,steal,11,1,18,4,5,0.2222,0.2778,0.1222,0.0972,0,0,0,0,0,0,0,0,0,0,0,0,0,0,0,0,0,0x0000,WAIT,0,0,0,0,,0,bonus_bs15_gae1_no,700000,107,73,519,3000,17.30,0
64246,2026-04-11 05:14:57,2026-04-11,2,19,20,steal,11,1,19,4,5,0.2105,0.2632,0.1196,0.0994,0,0,0,0,0,0,0,0,0,0,0,0,0,0,0,0,0,0x0000,WAIT,0,0,0,1,steal,0,bonus_bs15_gae1_no,700000,107,73,519,3000,17.30,0
64247,2026-04-11 05:15:06,2026-04-11,2,20,20,steal,11,1,20,4,7,0.2000,0.3500,0.1167,0.1000,0,0,0,0,0,0,0,0,0,0,0,0,0,0,0,0,0,0x0000,WAIT,0,0,0,0,,0,bonus_bs15_gae1_no,700000,107,73,519,3000,17.30,0
64248,2026-04-11 05:15:09,2026-04-11,2,21,20,steal,11,1,21,4,7,0.1905,0.3333,0.0366,0.0996,0,0,0,0,0,0,0,0,0,0,0,0,0,0,0,0,0,0x0000,WAIT,0,0,0,0,,0,bonus_bs15_gae1_no,700000,107,73,519,3000,17.30,0
64249,2026-04-11 05:15:10,2026-04-11,2,22,20,steal,11,1,22,4,8,0.1818,0.3636,0.0390,0.0985,0,0,0,0,0,0,0,0,0,0,0,0,0,0,0,0,0,0x0000,WAIT,0,0,0,0,,0,bonus_bs15_gae1_no,700000,107,73,519,3000,17.30,0
64250,2026-04-11 05:15:11,2026-04-11,2,23,20,steal,11,1,23,4,8,0.1739,0.3478,0.0406,0.0201,0,0,0,0,0,0,0,0,0,0,0,0,0,0,0,0,0,0x0000,WAIT,0,0,0,0,,0,bonus_bs15_gae1_no,700000,107,73,519,3000,17.30,0
64251,2026-04-11 05:15:11,2026-04-11,2,24,20,steal,11,1,24,4,8,0.1667,0.3333,-0.0833,0.0238,0,0,0,0,0,0,0,0,0,0,0,0,0,0,0,0,0,0x0000,WAIT,0,0,0,1,,0,bonus_bs15_gae1_no,700000,107,73,519,3000,17.30,0
64252,2026-04-11 05:15:12,2026-04-11,2,25,20,attack,11,1,25,4,8,0.1600,0.3200,-0.0753,0.0267,0,0,0,0,0,0,0,0,0,0,0,0,0,0,0,0,0,0x0000,WAIT,0,0,0,1,attack,0,bonus_bs15_gae1_no,700000,107,73,519,3000,17.30,0
64253,2026-04-11 05:15:16,2026-04-11,2,26,20,attack,11,1,26,4,9,0.1538,0.3462,-0.0684,-0.0962,0,0,0,0,0,0,0,0,0,0,0,0,0,0,0,0,0,0x0000,WAIT,0,0,0,0,,0,bonus_bs15_gae1_no,700000,107,73,519,3000,17.30,0
64254,2026-04-11 05:15:17,2026-04-11,2,27,20,attack,11,1,27,4,9,0.1481,0.3333,-0.0624,-0.0871,0,0,0,0,0,0,0,0,0,0,0,0,0,0,0,0,0,0x0000,WAIT,0,0,0,1,attack,0,bonus_bs15_gae1_no,700000,107,73,519,3000,17.30,0
64255,2026-04-11 05:15:20,2026-04-11,2,28,20,shield,11,1,28,4,9,0.1429,0.3214,-0.0571,-0.0794,0,0,0,0,0,0,0,0,0,0,0,0,0,0,0,0,0,0x0000,WAIT,0,0,0,1,shield,0,bonus_bs15_gae1_no,700000,107,73,519,3000,17.30,0
64256,2026-04-11 05:15:22,2026-04-11,2,29,20,shield,11,1,29,5,9,0.1724,0.3103,-0.0181,-0.0381,0,0,0,0,0,0,0,0,0,0,0,0,0,0,0,0,0,0x0000,WAIT,0,0,0,0,,0,bonus_bs15_gae1_no,700000,107,73,520,3000,17.33,0
64257,2026-04-11 05:15:24,2026-04-11,2,30,20,shield,11,1,30,5,10,0.1667,0.3333,-0.0152,-0.0333,0,0,0,0,0,0,0,0,0,0,0,0,0,0,0,0,0,0x0000,WAIT,0,0,0,0,,0,bonus_bs15_gae1_no,700000,107,73,520,3000,17.33,0
64258,2026-04-11 05:15:25,2026-04-11,2,31,20,shield,11,1,31,5,10,0.1613,0.3226,-0.0126,-0.0292,0,0,0,0,0,0,0,0,0,0,0,0,0,0,0,0,0,0x0000,WAIT,0,0,0,0,,0,bonus_bs15_gae1_no,700000,107,73,520,3000,17.33,0
64259,2026-04-11 05:21:49,2026-04-11,0,1,20,shield,11,1,32,6,10,0.1875,0.3125,0.1875,0.1875,0,0,0,0,0,0,0,0,0,0,0,0,0,0,0,0,0,0x0000,WAIT,0,0,0,0,,0,bonus_bs15_gae1_no,700000,107,73,521,3000,17.37,0
64260,2026-04-11 05:21:55,2026-04-11,0,2,20,shield,11,1,33,6,10,0.1818,0.3030,0.1818,0.1818,0,0,0,0,0,0,0,0,0,0,0,0,0,0,0,0,0,0x0000,WAIT,0,0,0,0,,0,bonus_bs15_gae1_no,700000,107,73,521,3000,17.37,0
64261,2026-04-11 05:21:57,2026-04-11,0,3,20,shield,11,1,34,6,10,0.1765,0.2941,0.1765,0.1765,0,0,0,0,0,0,0,0,0,0,0,0,0,0,0,0,0,0x0000,WAIT,0,0,0,0,,0,bonus_bs15_gae1_no,700000,107,73,521,3000,17.37,0
64262,2026-04-11 05:21:59,2026-04-11,0,4,20,shield,11,1,35,6,11,0.1714,0.3143,0.1714,0.1714,0,0,0,0,0,0,0,0,0,0,0,0,0,0,0,0,0,0x0000,SOON,0,0,0,0,,0,bonus_bs15_gae1_no,700000,107,73,521,3000,17.37,0
64263,2026-04-11 05:22:01,2026-04-11,0,5,20,shield,11,1,36,6,11,0.1667,0.3056,0.1667,0.1667,0,0,0,0,0,0,0,0,0,0,0,0,0,0,0,0,0,0x0000,SOON,0,0,0,0,,0,bonus_bs15_gae1_no,700000,107,73,521,3000,17.37,0
64264,2026-04-11 05:22:03,2026-04-11,0,6,20,steal,11,1,37,6,11,0.1622,0.2973,0.1622,0.1622,0,0,0,0,0,0,0,0,0,0,0,0,0,0,0,0,0,0x0000,SOON,0,0,0,1,steal,0,bonus_bs15_gae1_no,700000,107,73,521,3000,17.37,0
64265,2026-04-11 05:22:19,2026-04-11,0,7,20,attack,11,1,38,6,11,0.1579,0.2895,0.1579,0.1579,0,0,0,0,0,0,0,0,0,0,0,0,0,0,0,0,0,0x0000,SOON,0,0,0,1,attack,0,bonus_bs15_gae1_no,700000,107,73,521,3000,17.37,0
64266,2026-04-11 05:22:28,2026-04-11,0,8,20,attack,11,1,39,8,11,0.2051,0.2821,0.2051,0.2051,0,0,0,0,0,0,0,0,0,0,0,0,0,0,0,0,0,0x0000,SOON,0,0,0,0,,0,bonus_bs15_gae1_no,700000,107,73,523,3000,17.43,0
64267,2026-04-11 05:22:34,2026-04-11,0,9,20,attack,11,1,40,8,11,0.2000,0.2750,0.0125,0.2000,0,0,0,0,0,0,0,0,0,0,0,0,0,0,0,0,0,0x0000,SOON,0,0,0,0,,0,bonus_bs15_gae1_no,700000,107,73,523,3000,17.43,0
64268,2026-04-11 05:22:35,2026-04-11,0,10,20,attack,11,1,41,8,12,0.1951,0.2927,0.0133,0.1951,0,0,0,0,0,0,0,0,0,0,0,0,0,0,0,0,0,0x0000,SOON,0,0,0,0,,0,bonus_bs15_gae1_no,700000,107,73,523,3000,17.43,0
64269,2026-04-11 05:22:55,2026-04-11,0,11,20,attack,11,1,42,8,12,0.1905,0.2857,0.0140,0.0030,0,0,0,0,0,0,0,0,0,0,0,0,0,0,0,0,0,0x0000,SOON,0,0,0,0,,0,bonus_bs15_gae1_no,700000,107,73,523,3000,17.43,0
64270,2026-04-11 05:22:58,2026-04-11,0,12,20,attack,11,1,43,9,12,0.2093,0.2791,0.0379,0.0275,0,0,0,0,0,0,0,0,0,0,0,0,0,0,0,0,0,0x0000,SOON,0,0,0,0,,0,bonus_bs15_gae1_no,700000,107,73,524,3000,17.47,0
64271,2026-04-11 05:23:08,2026-04-11,0,13,20,attack,11,1,44,9,12,0.2045,0.2727,0.0379,0.0281,0,0,0,0,0,0,0,0,0,0,0,0,0,0,0,0,0,0x0000,SOON,0,0,0,0,,0,bonus_bs15_gae1_no,700000,107,73,524,3000,17.47,0
64272,2026-04-11 05:23:15,2026-04-11,0,14,20,attack,11,1,45,9,12,0.2000,0.2667,0.0378,0.0286,0,0,0,0,0,0,0,0,0,0,0,0,0,0,0,0,0,0x0000,SOON,0,0,0,1,,0,bonus_bs15_gae1_no,700000,107,73,524,3000,17.47,0
64273,2026-04-11 05:23:22,2026-04-11,0,15,20,attack,11,1,46,9,13,0.1957,0.2826,0.0378,0.0290,0,0,0,0,0,0,0,0,0,0,0,0,0,0,0,0,0,0x0000,SOON,0,0,0,0,,0,bonus_bs15_gae1_no,700000,107,73,524,3000,17.47,0
64274,2026-04-11 05:23:24,2026-04-11,0,16,20,attack,11,1,47,9,13,0.1915,0.2766,-0.0136,0.0293,0,0,0,0,0,0,0,0,0,0,0,0,0,0,0,0,0,0x0000,SOON,0,0,0,0,,0,bonus_bs15_gae1_no,700000,107,73,524,3000,17.47,0
64275,2026-04-11 05:23:33,2026-04-11,0,17,20,attack,11,1,48,10,13,0.2083,0.2708,0.0083,0.0504,0,0,0,0,0,0,0,0,0,0,0,0,0,0,0,0,0,0x0000,SOON,0,0,0,0,,0,bonus_bs15_gae1_no,700000,107,73,525,3000,17.50,0
64276,2026-04-11 05:23:39,2026-04-11,0,18,20,attack,11,1,49,11,13,0.2245,0.2653,0.0294,0.0194,0,0,0,0,0,0,0,0,0,0,0,0,0,0,0,0,0,0x0000,SOON,0,0,0,0,,0,bonus_bs15_gae1_no,700000,107,73,526,3000,17.53,0
64277,2026-04-11 05:23:44,2026-04-11,0,19,20,attack,11,1,50,11,13,0.2200,0.2600,0.0295,0.0200,0,0,0,0,0,0,0,0,0,0,0,0,0,0,0,0,0,0x0000,SOON,0,0,0,1,,0,bonus_bs15_gae1_no,700000,107,73,526,3000,17.53,0
64278,2026-04-11 05:23:52,2026-04-11,0,20,20,attack,11,1,51,11,14,0.2157,0.2745,0.0064,0.0206,0,0,0,0,0,0,0,0,0,0,0,0,0,0,0,0,0,0x0000,SOON,0,0,0,0,,0,bonus_bs15_gae1_no,700000,107,73,526,3000,17.53,0
64279,2026-04-11 05:23:55,2026-04-11,0,21,20,attack,11,1,52,11,15,0.2115,0.2885,0.0070,0.0211,0,0,0,0,0,0,0,0,0,0,0,0,0,0,0,0,0,0x0000,SOON,0,0,0,0,,0,bonus_bs15_gae1_no,700000,107,73,526,3000,17.53,0
64280,2026-04-11 05:24:39,2026-04-11,0,22,20,attack,11,1,53,11,15,0.2075,0.2830,0.0075,-0.0018,0,0,0,0,0,0,0,0,0,0,0,0,0,0,0,0,0,0x0000,SOON,0,0,0,1,attack,0,bonus_bs15_gae1_no,700000,107,73,526,3000,17.53,0
64281,2026-04-11 05:25:05,2026-04-11,0,1,20,attack,11,1,54,13,15,0.2407,0.2778,0.2407,0.2407,0,0,0,0,0,0,0,0,0,0,0,0,0,0,0,0,0,0x0000,SOON,0,0,0,0,,0,bonus_bs15_gae1_no,700000,107,73,528,3000,17.60,0
64282,2026-04-11 05:25:08,2026-04-11,0,2,20,attack,11,1,55,15,15,0.2727,0.2727,0.2727,0.2727,0,0,0,0,0,0,0,0,0,0,0,0,0,0,0,0,0,0x0000,SOON,0,0,0,0,,0,bonus_bs15_gae1_no,700000,107,73,530,3000,17.67,0
64283,2026-04-11 05:26:02,2026-04-11,0,1,20,attack,11,1,56,15,16,0.2679,0.2857,0.2679,0.2679,0,0,0,0,0,0,0,0,0,0,0,0,0,0,0,0,0,0x0000,SOON,0,0,0,0,,0,bonus_bs15_gae1_no,700000,107,73,530,3000,17.67,0
64284,2026-04-11 05:26:19,2026-04-11,0,1,20,attack,11,1,57,15,16,0.2632,0.2807,0.2632,0.2632,0,0,0,0,0,0,0,0,0,0,0,0,0,0,0,0,0,0x0000,SOON,0,0,0,0,,0,bonus_bs15_gae1_no,700000,107,73,530,3000,17.67,0
64285,2026-04-11 05:26:25,2026-04-11,0,2,20,attack,11,1,58,15,16,0.2586,0.2759,0.2586,0.2586,0,0,0,0,0,0,0,0,0,0,0,0,0,0,0,0,0,0x0000,SOON,0,0,0,1,attack,0,bonus_bs15_gae1_no,700000,107,73,530,3000,17.67,0
64286,2026-04-11 05:26:34,2026-04-11,0,3,20,attack,11,1,59,16,16,0.2712,0.2712,0.2712,0.2712,0,0,0,0,0,0,0,0,0,0,0,0,0,0,0,0,0,0x0000,SOON,0,0,0,0,,0,bonus_bs15_gae1_no,700000,107,73,531,3000,17.70,0
64287,2026-04-11 05:26:38,2026-04-11,0,4,20,attack,11,1,60,16,16,0.2667,0.2667,0.2667,0.2667,0,0,0,0,0,0,0,0,0,0,0,0,0,0,0,0,0,0x0000,ALERT,0,0,0,0,,0,bonus_bs15_gae1_no,700000,107,73,531,3000,17.70,0
64288,2026-04-11 05:26:41,2026-04-11,0,5,20,attack,11,1,61,16,16,0.2623,0.2623,0.2623,0.2623,0,0,0,0,0,0,0,0,0,0,0,0,0,0,0,0,0,0x0000,ALERT,0,0,0,0,,0,bonus_bs15_gae1_no,700000,107,73,531,3000,17.70,0
64289,2026-04-11 05:26:46,2026-04-11,0,6,20,attack,11,1,62,16,16,0.2581,0.2581,0.2581,0.2581,0,0,0,0,0,0,0,0,0,0,0,0,0,0,0,0,0,0x0000,ALERT,0,0,0,1,,0,bonus_bs15_gae1_no,700000,107,73,531,3000,17.70,0
64290,2026-04-11 05:26:49,2026-04-11,0,7,20,attack,11,1,63,17,16,0.2698,0.2540,0.2698,0.2698,0,0,0,0,0,0,0,0,0,0,0,0,0,0,0,0,0,0x0000,ALERT,0,0,0,0,,0,bonus_bs15_gae1_no,700000,107,73,532,3000,17.73,0
64291,2026-04-11 05:26:53,2026-04-11,0,8,20,attack,11,1,64,17,16,0.2656,0.2500,0.2656,0.2656,0,0,0,0,0,0,0,0,0,0,0,0,0,0,0,0,0,0x0000,ALERT,0,0,0,1,,0,bonus_bs15_gae1_no,700000,107,73,532,3000,17.73,0
64292,2026-04-11 05:26:55,2026-04-11,0,9,20,attack,11,1,65,17,16,0.2615,0.2462,-0.0016,0.2615,0,0,0,0,0,0,0,0,0,0,0,0,0,0,0,0,0,0x0000,ALERT,0,0,0,1,,0,bonus_bs15_gae1_no,700000,107,73,532,3000,17.73,0
64293,2026-04-11 05:26:58,2026-04-11,0,10,20,attack,11,1,66,17,16,0.2576,0.2424,-0.0010,0.2576,0,0,0,0,0,0,0,0,0,0,0,0,0,0,0,0,0,0x0000,ALERT,0,0,0,1,attack,0,bonus_bs15_gae1_no,700000,107,73,532,3000,17.73,0
64294,2026-04-11 05:27:11,2026-04-11,0,11,20,attack,11,1,67,17,16,0.2537,0.2388,-0.0175,-0.0094,0,0,0,0,0,0,0,0,0,0,0,0,0,0,0,0,0,0x0000,ALERT,0,0,0,0,,0,bonus_bs15_gae1_no,700000,107,73,532,3000,17.73,0
64295,2026-04-11 05:27:13,2026-04-11,0,12,20,attack,11,1,68,17,16,0.2500,0.2353,-0.0167,-0.0086,0,0,0,0,0,0,0,0,0,0,0,0,0,0,0,0,0,0x0000,ALERT,0,0,0,1,,0,bonus_bs15_gae1_no,700000,107,73,532,3000,17.73,0
64296,2026-04-11 05:27:14,2026-04-11,0,13,20,shield,11,1,69,17,16,0.2464,0.2319,-0.0159,-0.0248,0,0,0,0,0,0,0,0,0,0,0,0,0,0,0,0,0,0x0000,ALERT,0,0,0,1,shield,0,bonus_bs15_gae1_no,700000,107,73,532,3000,17.73,0
64297,2026-04-11 05:27:16,2026-04-11,0,14,20,shield,11,1,70,17,17,0.2429,0.2429,-0.0152,-0.0238,0,0,0,0,0,0,0,0,0,0,0,0,0,0,0,0,0,0x0000,ALERT,0,0,0,0,,0,bonus_bs15_gae1_no,700000,107,73,532,3000,17.73,0
64298,2026-04-11 05:27:19,2026-04-11,0,15,20,shield,11,1,71,19,17,0.2676,0.2394,-0.0022,0.0053,0,0,0,0,0,0,0,0,0,0,0,0,0,0,0,0,0,0x0000,ALERT,0,0,0,0,,0,bonus_bs15_gae1_no,700000,107,73,534,3000,17.80,0
64299,2026-04-11 05:27:22,2026-04-11,0,16,20,shield,11,1,72,19,17,0.2639,0.2361,-0.0017,0.0058,0,0,0,0,0,0,0,0,0,0,0,0,0,0,0,0,0,0x0000,ALERT,0,0,0,1,,0,bonus_bs15_gae1_no,700000,107,73,534,3000,17.80,0
64300,2026-04-11 05:27:24,2026-04-11,0,17,20,attack,11,1,73,19,17,0.2603,0.2329,-0.0013,-0.0096,0,0,0,0,0,0,0,0,0,0,0,0,0,0,0,0,0,0x0000,ALERT,0,0,0,1,attack,0,bonus_bs15_gae1_no,700000,107,73,534,3000,17.80,0
64301,2026-04-11 05:27:29,2026-04-11,0,18,20,attack,11,1,74,19,17,0.2568,0.2297,-0.0008,-0.0089,0,0,0,0,0,0,0,0,0,0,0,0,0,0,0,0,0,0x0000,ALERT,0,0,0,0,,0,bonus_bs15_gae1_no,700000,107,73,534,3000,17.80,0
64302,2026-04-11 05:27:31,2026-04-11,0,19,20,attack,11,1,75,19,17,0.2533,0.2267,-0.0004,-0.0082,0,0,0,0,0,0,0,0,0,0,0,0,0,0,0,0,0,0x0000,ALERT,0,0,0,1,,0,bonus_bs15_gae1_no,700000,107,73,534,3000,17.80,0
64303,2026-04-11 05:27:33,2026-04-11,0,20,20,attack,11,1,76,21,17,0.2763,0.2237,0.0263,0.0187,0,0,0,0,0,0,0,0,0,0,0,0,0,0,0,0,0,0x0000,ALERT,0,0,0,0,,0,bonus_bs15_gae1_no,700000,107,73,536,3000,17.87,0
64304,2026-04-11 05:27:35,2026-04-11,0,21,20,attack,11,1,77,21,17,0.2727,0.2208,0.0264,0.0190,0,0,0,0,0,0,0,0,0,0,0,0,0,0,0,0,0,0x0000,ALERT,0,0,0,0,,0,bonus_bs15_gae1_no,700000,107,73,536,3000,17.87,0
64305,2026-04-11 05:27:50,2026-04-11,0,22,20,spins,11,1,78,21,20,0.2692,0.2564,0.0264,0.0192,0,0,0,0,0,0,0,0,0,0,0,0,0,0,0,0,0,0x0000,ALERT,0,0,0,1,spins,0,bonus_bs15_gae1_no,700000,107,73,536,3000,17.87,0
64306,2026-04-11 05:27:54,2026-04-11,0,23,20,spins,11,1,79,21,21,0.2658,0.2658,-0.0018,0.0194,0,0,0,0,0,0,0,0,0,0,0,0,0,0,0,0,0,0x0000,ALERT,0,0,0,0,,0,bonus_bs15_gae1_no,700000,107,73,536,3000,17.87,0
64307,2026-04-11 05:27:57,2026-04-11,0,24,20,spins,11,1,80,21,21,0.2625,0.2625,-0.0014,0.0196,0,0,0,0,0,0,0,0,0,0,0,0,0,0,0,0,0,0x0000,ALERT,0,0,0,0,,0,bonus_bs15_gae1_no,700000,107,73,536,3000,17.87,0
64308,2026-04-11 05:28:00,2026-04-11,0,25,20,spins,11,1,81,21,21,0.2593,0.2593,-0.0010,-0.0083,0,0,0,0,0,0,0,0,0,0,0,0,0,0,0,0,0,0x0000,ALERT,0,0,0,0,,0,bonus_bs15_gae1_no,700000,107,73,536,3000,17.87,0
64309,2026-04-11 05:28:02,2026-04-11,0,26,20,spins,11,1,82,21,22,0.2561,0.2683,-0.0007,-0.0078,0,0,0,0,0,0,0,0,0,0,0,0,0,0,0,0,0,0x0000,ALERT,0,0,0,0,,0,bonus_bs15_gae1_no,700000,107,73,536,3000,17.87,0
64310,2026-04-11 05:28:05,2026-04-11,0,27,20,spins,11,1,83,21,22,0.2530,0.2651,-0.0003,-0.0073,0,0,0,0,0,0,0,0,0,0,0,0,0,0,0,0,0,0x0000,ALERT,0,0,0,0,,0,bonus_bs15_gae1_no,700000,107,73,536,3000,17.87,0
64311,2026-04-11 05:28:07,2026-04-11,0,28,20,spins,11,1,84,21,24,0.2500,0.2857,-0.0263,-0.0068,0,0,0,0,0,0,0,0,0,0,0,0,0,0,0,0,0,0x0000,ALERT,0,0,0,0,,0,bonus_bs15_gae1_no,700000,107,73,536,3000,17.87,0
64312,2026-04-11 05:28:10,2026-04-11,0,29,20,spins,11,1,85,21,24,0.2471,0.2824,-0.0257,-0.0063,0,0,0,0,0,0,0,0,0,0,0,0,0,0,0,0,0,0x0000,ALERT,0,0,0,1,,0,bonus_bs15_gae1_no,700000,107,73,536,3000,17.87,0
64313,2026-04-11 05:28:13,2026-04-11,0,30,20,spins,11,1,86,21,24,0.2442,0.2791,-0.0250,-0.0321,0,0,0,0,0,0,0,0,0,0,0,0,0,0,0,0,0,0x0000,ALERT,0,0,0,1,,0,bonus_bs15_gae1_no,700000,107,73,536,3000,17.87,0
64314,2026-04-11 05:28:21,2026-04-11,0,31,20,spins,11,1,87,21,25,0.2414,0.2874,-0.0244,-0.0313,0,0,0,0,0,0,0,0,0,0,0,0,0,0,0,0,0,0x0000,ALERT,0,0,0,0,,0,bonus_bs15_gae1_no,700000,107,73,536,3000,17.87,0
64315,2026-04-11 05:28:24,2026-04-11,0,32,20,spins,11,1,88,22,25,0.2500,0.2841,-0.0125,-0.0192,0,0,0,0,0,0,0,0,0,0,0,0,0,0,0,0,0,0x0000,ALERT,0,0,0,0,,0,bonus_bs15_gae1_no,700000,107,73,537,3000,17.90,0
64316,2026-04-11 05:28:38,2026-04-11,0,33,20,spins,11,1,89,23,25,0.2584,0.2809,-0.0008,-0.0074,0,0,0,0,0,0,0,0,0,0,0,0,0,0,0,0,0,0x0000,ALERT,0,0,0,0,,0,bonus_bs15_gae1_no,700000,107,73,538,3000,17.93,0
64317,2026-04-11 05:28:43,2026-04-11,0,34,20,spins,11,1,90,24,25,0.2667,0.2778,0.0106,0.0042,0,0,0,0,0,0,0,0,0,0,0,0,0,0,0,0,0,0x0000,ALERT,0,0,0,0,,0,bonus_bs15_gae1_no,700000,107,73,539,3000,17.97,0
64318,2026-04-11 05:28:47,2026-04-11,0,35,20,spins,11,1,91,24,25,0.2637,0.2747,0.0107,0.0045,0,0,0,0,0,0,0,0,0,0,0,0,0,0,0,0,0,0x0000,ALERT,0,0,0,0,,0,bonus_bs15_gae1_no,700000,107,73,539,3000,17.97,0
64319,2026-04-11 05:28:49,2026-04-11,0,36,20,spins,11,1,92,24,25,0.2609,0.2717,0.0109,0.0048,0,0,0,0,0,0,0,0,0,0,0,0,0,0,0,0,0,0x0000,ALERT,0,0,0,0,,0,bonus_bs15_gae1_no,700000,107,73,539,3000,17.97,0
64320,2026-04-11 05:28:51,2026-04-11,0,37,20,spins,11,1,93,25,25,0.2688,0.2688,0.0218,0.0158,0,0,0,0,0,0,0,0,0,0,0,0,0,0,0,0,0,0x0000,ALERT,0,0,0,0,,0,bonus_bs15_gae1_no,700000,107,73,540,3000,18.00,0
64321,2026-04-11 05:28:53,2026-04-11,0,38,20,spins,11,1,94,26,25,0.2766,0.2660,0.0324,0.0266,0,0,0,0,0,0,0,0,0,0,0,0,0,0,0,0,0,0x0000,ALERT,0,0,0,0,,0,bonus_bs15_gae1_no,700000,107,73,541,3000,18.03,0
64322,2026-04-11 05:28:57,2026-04-11,0,39,20,spins,11,1,95,27,25,0.2842,0.2632,0.0428,0.0372,0,0,0,0,0,0,0,0,0,0,0,0,0,0,0,0,0,0x0000,ALERT,0,0,0,0,,0,bonus_bs15_gae1_no,700000,107,73,542,3000,18.07,0
64323,2026-04-11 05:29:00,2026-04-11,0,40,20,spins,11,1,96,27,25,0.2812,0.2604,0.0312,0.0371,0,0,0,0,0,0,0,0,0,0,0,0,0,0,0,0,0,0x0000,ALERT,0,0,0,0,,0,bonus_bs15_gae1_no,700000,107,73,542,3000,18.07,0
64324,2026-04-11 05:29:03,2026-04-11,0,41,20,spins,11,1,97,28,25,0.2887,0.2577,0.0302,0.0473,0,0,0,0,0,0,0,0,0,0,0,0,0,0,0,0,0,0x0000,ALERT,0,0,0,0,,0,bonus_bs15_gae1_no,700000,107,73,543,3000,18.10,0
64325,2026-04-11 05:29:11,2026-04-11,0,42,20,spins,11,1,98,28,25,0.2857,0.2551,0.0190,0.0357,0,0,0,0,0,0,0,0,0,0,0,0,0,0,0,0,0,0x0000,ALERT,0,0,0,0,,0,bonus_bs15_gae1_no,700000,107,73,543,3000,18.10,0
64326,2026-04-11 05:29:17,2026-04-11,0,43,20,spins,11,1,99,28,25,0.2828,0.2525,0.0191,0.0244,0,0,0,0,0,0,0,0,0,0,0,0,0,0,0,0,0,0x0000,ALERT,0,0,0,0,,0,bonus_bs15_gae1_no,700000,107,73,543,3000,18.10,0
64327,2026-04-11 05:29:21,2026-04-11,0,44,100,accumulation,11,1,0,0,0,0.0000,0.0000,0.0000,0.0000,0,0,0,0,0,0,0,0,0,0,0,0,0,0,0,0,0,0x0000,WAIT,0,0,0,1,accumulation,0,bonus_bs15_gae1_no,700000,107,73,553,3000,18.43,0
64328,2026-04-11 05:29:25,2026-04-11,1,1,100,accumulation,11,1,1,1,0,1.0000,0.0000,0.0000,0.0000,0,0,0,0,0,0,0,0,0,0,0,0,0,0,0,0,0,0x0000,WAIT,0,0,0,0,,0,bonus_bs15_gae1_no,700000,107,73,554,3000,18.47,0
64329,2026-04-11 05:29:28,2026-04-11,1,2,100,accumulation,11,1,2,1,0,0.5000,0.0000,0.0000,0.0000,0,0,0,0,0,0,0,0,0,0,0,0,0,0,0,0,0,0x0000,WAIT,0,0,0,0,,0,bonus_bs15_gae1_no,700000,107,73,554,3000,18.47,0
64330,2026-04-11 05:29:31,2026-04-11,1,3,100,accumulation,11,1,3,3,0,1.0000,0.0000,0.0000,0.0000,0,0,0,0,0,0,0,0,0,0,0,0,0,0,0,0,0,0x0000,WAIT,0,0,0,0,,0,bonus_bs15_gae1_no,700000,107,73,556,3000,18.53,0
64331,2026-04-11 05:29:36,2026-04-11,1,4,100,accumulation,11,1,4,3,0,0.7500,0.0000,0.0000,0.0000,0,0,0,0,0,0,0,0,0,0,0,0,0,0,0,0,0,0x0000,WAIT,0,0,0,0,,0,bonus_bs15_gae1_no,700000,107,73,556,3000,18.53,0
64332,2026-04-11 05:29:39,2026-04-11,1,5,100,accumulation,11,1,5,3,1,0.6000,0.2000,0.0000,0.0000,0,0,0,0,0,0,0,0,0,0,0,0,0,0,0,0,0,0x0000,WAIT,0,0,0,0,,0,bonus_bs15_gae1_no,700000,107,73,556,3000,18.53,0
64333,2026-04-11 14:19:34,2026-04-11,0,1,100,shield,11,1,6,3,1,0.5000,0.1667,0.0000,0.0000,0,0,0,0,0,0,0,0,0,0,0,0,0,0,0,0,0,0x0000,WAIT,0,0,0,1,shield,0,bonus_bs15_gae1_no,700000,107,73,556,3000,18.53,0
64334,2026-04-11 14:19:35,2026-04-11,0,2,100,shield,11,1,7,3,1,0.4286,0.1429,0.0000,0.0000,0,0,0,0,0,0,0,0,0,0,0,0,0,0,0,0,0,0x0000,WAIT,0,0,0,0,,0,bonus_bs15_gae1_no,700000,107,73,556,3000,18.53,0
64335,2026-04-11 14:19:36,2026-04-11,0,3,100,shield,11,1,8,4,1,0.5000,0.1250,0.0000,0.0000,0,0,0,0,0,0,0,0,0,0,0,0,0,0,0,0,0,0x0000,WAIT,0,0,0,0,,0,bonus_bs15_gae1_no,700000,107,73,557,3000,18.57,0
64336,2026-04-11 14:19:37,2026-04-11,0,4,100,shield,11,1,9,4,1,0.4444,0.1111,0.4444,0.0000,0,0,0,0,0,0,0,0,0,0,0,0,0,0,0,0,0,0x0000,WAIT,0,0,0,0,,0,bonus_bs15_gae1_no,700000,107,73,557,3000,18.57,0
64337,2026-04-11 14:19:38,2026-04-11,0,5,100,shield,11,1,10,4,2,0.4000,0.2000,0.4000,0.0000,0,0,0,0,0,0,0,0,0,0,0,0,0,0,0,0,0,0x0000,WAIT,0,0,0,0,,0,bonus_bs15_gae1_no,700000,107,73,557,3000,18.57,0
64338,2026-04-11 14:19:39,2026-04-11,0,6,100,shield,11,1,11,4,4,0.3636,0.3636,0.3636,0.3636,0,0,0,0,0,0,0,0,0,0,0,0,0,0,0,0,0,0x0000,WAIT,0,0,0,0,,0,bonus_bs15_gae1_no,700000,107,73,557,3000,18.57,0
64339,2026-04-11 14:19:39,2026-04-11,0,7,100,shield,11,1,12,4,4,0.3333,0.3333,0.3333,0.3333,0,0,0,0,0,0,0,0,0,0,0,0,0,0,0,0,0,0x0000,WAIT,0,0,0,0,,0,bonus_bs15_gae1_no,700000,107,73,557,3000,18.57,0
64340,2026-04-11 14:19:40,2026-04-11,0,8,100,attack,11,1,13,4,4,0.3077,0.3077,0.3077,0.3077,0,0,0,0,0,0,0,0,0,0,0,0,0,0,0,0,0,0x0000,WAIT,0,0,0,1,attack,0,bonus_bs15_gae1_no,700000,107,73,557,3000,18.57,0
64341,2026-04-11 14:19:46,2026-04-11,0,9,100,attack,11,1,14,4,4,0.2857,0.2857,-0.2143,0.2857,0,0,0,0,0,0,0,0,0,0,0,0,0,0,0,0,0,0x0000,WAIT,0,0,0,0,,0,bonus_bs15_gae1_no,700000,107,73,557,3000,18.57,0
64342,2026-04-11 14:19:58,2026-04-11,0,10,100,steal,11,1,15,4,4,0.2667,0.2667,-0.1619,0.2667,0,0,0,0,0,0,0,0,0,0,0,0,0,0,0,0,0,0x0000,WAIT,0,0,0,1,steal,0,bonus_bs15_gae1_no,700000,107,73,557,3000,18.57,0
64343,2026-04-11 14:20:04,2026-04-11,0,11,100,steal,11,1,16,4,4,0.2500,0.2500,-0.2500,-0.2500,0,0,0,0,0,0,0,0,0,0,0,0,0,0,0,0,0,0x0000,WAIT,0,0,0,0,,0,bonus_bs15_gae1_no,700000,107,73,557,3000,18.57,0
64344,2026-04-11 14:20:04,2026-04-11,0,12,100,steal,11,1,17,5,4,0.2941,0.2353,-0.1503,-0.1345,0,0,0,0,0,0,0,0,0,0,0,0,0,0,0,0,0,0x0000,WAIT,0,0,0,0,,0,bonus_bs15_gae1_no,700000,107,73,558,3000,18.60,0
64345,2026-04-11 14:20:06,2026-04-11,0,13,100,steal,11,1,18,6,4,0.3333,0.2222,-0.0667,-0.1667,0,0,0,0,0,0,0,0,0,0,0,0,0,0,0,0,0,0x0000,WAIT,0,0,0,0,,0,bonus_bs15_gae1_no,700000,107,73,559,3000,18.63,0
64346,2026-04-11 14:20:07,2026-04-11,0,14,100,steal,11,1,19,6,4,0.3158,0.2105,-0.0478,-0.1287,0,0,0,0,0,0,0,0,0,0,0,0,0,0,0,0,0,0x0000,WAIT,0,0,0,1,,0,bonus_bs15_gae1_no,700000,107,73,559,3000,18.63,0
64347,2026-04-11 14:20:08,2026-04-11,0,15,100,steal,11,1,20,6,4,0.3000,0.2000,-0.0333,-0.1000,0,0,0,0,0,0,0,0,0,0,0,0,0,0,0,0,0,0x0000,WAIT,0,0,0,0,,0,bonus_bs15_gae1_no,700000,107,73,559,3000,18.63,0
64348,2026-04-11 14:20:08,2026-04-11,0,16,100,steal,11,1,21,6,4,0.2857,0.1905,-0.0220,-0.0779,0,0,0,0,0,0,0,0,0,0,0,0,0,0,0,0,0,0x0000,WAIT,0,0,0,0,,0,bonus_bs15_gae1_no,700000,107,73,559,3000,18.63,0
64349,2026-04-11 14:20:09,2026-04-11,0,17,100,steal,11,1,22,6,4,0.2727,0.1818,-0.0130,-0.0606,0,0,0,0,0,0,0,0,0,0,0,0,0,0,0,0,0,0x0000,WAIT,0,0,0,1,,0,bonus_bs15_gae1_no,700000,107,73,559,3000,18.63,0
64350,2026-04-11 14:20:10,2026-04-11,0,18,100,steal,11,1,23,6,4,0.2609,0.1739,-0.0058,-0.0468,0,0,0,0,0,0,0,0,0,0,0,0,0,0,0,0,0,0x0000,WAIT,0,0,0,0,,0,bonus_bs15_gae1_no,700000,107,73,559,3000,18.63,0
64351,2026-04-11 14:20:11,2026-04-11,0,19,100,attack,11,1,24,6,4,0.2500,0.1667,0.0000,-0.0357,0,0,0,0,0,0,0,0,0,0,0,0,0,0,0,0,0,0x0000,WAIT,0,0,0,1,attack,0,bonus_bs15_gae1_no,700000,107,73,559,3000,18.63,0
64352,2026-04-11 14:20:16,2026-04-11,0,20,100,attack,11,1,25,6,4,0.2400,0.1600,-0.0541,-0.0267,0,0,0,0,0,0,0,0,0,0,0,0,0,0,0,0,0,0x0000,WAIT,0,0,0,1,,0,bonus_bs15_gae1_no,700000,107,73,559,3000,18.63,0
64353,2026-04-11 14:20:16,2026-04-11,0,21,100,attack,11,1,26,6,5,0.2308,0.1923,-0.1026,-0.0192,0,0,0,0,0,0,0,0,0,0,0,0,0,0,0,0,0,0x0000,WAIT,0,0,0,0,,0,bonus_bs15_gae1_no,700000,107,73,559,3000,18.63,0
64354,2026-04-11 14:20:17,2026-04-11,0,22,100,spins,11,1,27,6,8,0.2222,0.2963,-0.0936,-0.0719,0,0,0,0,0,0,0,0,0,0,0,0,0,0,0,0,0,0x0000,WAIT,0,0,0,1,spins,0,bonus_bs15_gae1_no,700000,107,73,559,3000,18.63,0
64355,2026-04-11 14:20:18,2026-04-11,0,23,100,spins,11,1,28,8,8,0.2857,0.2857,-0.0143,-0.0476,0,0,0,0,0,0,0,0,0,0,0,0,0,0,0,0,0,0x0000,WAIT,0,0,0,0,,0,bonus_bs15_gae1_no,700000,107,73,561,3000,18.70,0
64356,2026-04-11 14:20:19,2026-04-11,0,24,100,spins,11,1,29,8,8,0.2759,0.2759,-0.0099,-0.0399,0,0,0,0,0,0,0,0,0,0,0,0,0,0,0,0,0,0x0000,WAIT,0,0,0,0,,0,bonus_bs15_gae1_no,700000,107,73,561,3000,18.70,0
64357,2026-04-11 14:20:20,2026-04-11,0,25,100,spins,11,1,30,8,8,0.2667,0.2667,-0.0061,-0.0333,0,0,0,0,0,0,0,0,0,0,0,0,0,0,0,0,0,0x0000,WAIT,0,0,0,0,,0,bonus_bs15_gae1_no,700000,107,73,561,3000,18.70,0
64358,2026-04-11 14:20:21,2026-04-11,0,26,100,spins,11,1,31,9,8,0.2903,0.2581,0.0295,0.0046,0,0,0,0,0,0,0,0,0,0,0,0,0,0,0,0,0,0x0000,WAIT,0,0,0,0,,0,bonus_bs15_gae1_no,700000,107,73,562,3000,18.73,0
64359,2026-04-11 14:20:22,2026-04-11,0,27,100,spins,11,1,32,9,9,0.2812,0.2812,0.0312,0.0085,0,0,0,0,0,0,0,0,0,0,0,0,0,0,0,0,0,0x0000,WAIT,0,0,0,0,,0,bonus_bs15_gae1_no,700000,107,73,562,3000,18.73,0
64360,2026-04-11 14:20:23,2026-04-11,0,28,100,spins,11,1,33,9,9,0.2727,0.2727,0.0327,0.0119,0,0,0,0,0,0,0,0,0,0,0,0,0,0,0,0,0,0x0000,WAIT,0,0,0,0,,0,bonus_bs15_gae1_no,700000,107,73,562,3000,18.73,0
64361,2026-04-11 14:20:23,2026-04-11,0,29,100,spins,11,1,34,9,9,0.2647,0.2647,0.0339,0.0147,0,0,0,0,0,0,0,0,0,0,0,0,0,0,0,0,0,0x0000,WAIT,0,0,0,1,,0,bonus_bs15_gae1_no,700000,107,73,562,3000,18.73,0
64362,2026-04-11 14:20:24,2026-04-11,0,30,100,spins,11,1,35,9,9,0.2571,0.2571,0.0349,0.0171,0,0,0,0,0,0,0,0,0,0,0,0,0,0,0,0,0,0x0000,SOON,0,0,0,0,,0,bonus_bs15_gae1_no,700000,107,73,562,3000,18.73,0
64363,2026-04-11 14:20:25,2026-04-11,0,31,100,attack,11,1,36,9,9,0.2500,0.2500,-0.0357,0.0192,0,0,0,0,0,0,0,0,0,0,0,0,0,0,0,0,0,0x0000,SOON,0,0,0,1,attack,0,bonus_bs15_gae1_no,700000,107,73,562,3000,18.73,0
64364,2026-04-11 14:20:29,2026-04-11,0,32,100,attack,11,1,37,9,9,0.2432,0.2432,-0.0326,0.0210,0,0,0,0,0,0,0,0,0,0,0,0,0,0,0,0,0,0x0000,SOON,0,0,0,1,,0,bonus_bs15_gae1_no,700000,107,73,562,3000,18.73,0
64365,2026-04-11 14:20:30,2026-04-11,0,33,100,attack,11,1,38,10,9,0.2632,0.2368,-0.0035,-0.0226,0,0,0,0,0,0,0,0,0,0,0,0,0,0,0,0,0,0x0000,SOON,0,0,0,0,,0,bonus_bs15_gae1_no,700000,107,73,563,3000,18.77,0
64366,2026-04-11 14:20:31,2026-04-11,0,34,100,attack,11,1,39,12,9,0.3077,0.2308,0.0174,0.0318,0,0,0,0,0,0,0,0,0,0,0,0,0,0,0,0,0,0x0000,SOON,0,0,0,0,,0,bonus_bs15_gae1_no,700000,107,73,565,3000,18.83,0
64367,2026-04-11 14:20:33,2026-04-11,0,35,100,attack,11,1,40,12,9,0.3000,0.2250,0.0187,0.0333,0,0,0,0,0,0,0,0,0,0,0,0,0,0,0,0,0,0x0000,SOON,0,0,0,0,,0,bonus_bs15_gae1_no,700000,107,73,565,3000,18.83,0
64368,2026-04-11 14:20:33,2026-04-11,0,36,100,attack,11,1,41,12,9,0.2927,0.2195,0.0200,0.0024,0,0,0,0,0,0,0,0,0,0,0,0,0,0,0,0,0,0x0000,SOON,0,0,0,0,,0,bonus_bs15_gae1_no,700000,107,73,565,3000,18.83,0
64369,2026-04-11 14:20:34,2026-04-11,0,37,100,attack,11,1,42,12,9,0.2857,0.2143,0.0210,0.0045,0,0,0,0,0,0,0,0,0,0,0,0,0,0,0,0,0,0x0000,SOON,0,0,0,0,,0,bonus_bs15_gae1_no,700000,107,73,565,3000,18.83,0
64370,2026-04-11 14:20:35,2026-04-11,0,38,100,attack,11,1,43,12,9,0.2791,0.2093,0.0219,0.0063,0,0,0,0,0,0,0,0,0,0,0,0,0,0,0,0,0,0x0000,SOON,0,0,0,0,,0,bonus_bs15_gae1_no,700000,107,73,565,3000,18.83,0
64371,2026-04-11 14:20:36,2026-04-11,0,39,100,attack,11,1,44,13,9,0.2955,0.2045,0.0455,0.0307,0,0,0,0,0,0,0,0,0,0,0,0,0,0,0,0,0,0x0000,SOON,0,0,0,0,,0,bonus_bs15_gae1_no,700000,107,73,566,3000,18.87,0
64372,2026-04-11 14:20:37,2026-04-11,0,40,100,attack,11,1,45,15,9,0.3333,0.2000,0.0901,0.0762,0,0,0,0,0,0,0,0,0,0,0,0,0,0,0,0,0,0x0000,SOON,0,0,0,0,,0,bonus_bs15_gae1_no,700000,107,73,568,3000,18.93,0
64373,2026-04-11 14:20:38,2026-04-11,0,41,100,attack,11,1,46,15,9,0.3261,0.1957,0.0629,0.0761,0,0,0,0,0,0,0,0,0,0,0,0,0,0,0,0,0,0x0000,SOON,0,0,0,0,,0,bonus_bs15_gae1_no,700000,107,73,568,3000,18.93,0
64374,2026-04-11 14:20:39,2026-04-11,0,42,100,attack,11,1,47,15,9,0.3191,0.1915,0.0115,0.0759,0,0,0,0,0,0,0,0,0,0,0,0,0,0,0,0,0,0x0000,SOON,0,0,0,1,,0,bonus_bs15_gae1_no,700000,107,73,568,3000,18.93,0
64375,2026-04-11 14:20:39,2026-04-11,0,43,100,attack,11,1,48,15,11,0.3125,0.2292,0.0125,0.0493,0,0,0,0,0,0,0,0,0,0,0,0,0,0,0,0,0,0x0000,SOON,0,0,0,0,,0,bonus_bs15_gae1_no,700000,107,73,568,3000,18.93,0
64376,2026-04-11 14:20:40,2026-04-11,0,44,100,attack,11,1,49,15,11,0.3061,0.2245,0.0134,-0.0016,0,0,0,0,0,0,0,0,0,0,0,0,0,0,0,0,0,0x0000,SOON,0,0,0,0,,0,bonus_bs15_gae1_no,700000,107,73,568,3000,18.93,0
64377,2026-04-11 14:20:41,2026-04-11,0,45,100,attack,11,1,50,15,11,0.3000,0.2200,0.0143,0.0000,0,0,0,0,0,0,0,0,0,0,0,0,0,0,0,0,0,0x0000,SOON,0,0,0,1,,0,bonus_bs15_gae1_no,700000,107,73,568,3000,18.93,0
64378,2026-04-11 14:20:42,2026-04-11,0,46,100,attack,11,1,51,15,11,0.2941,0.2157,0.0150,0.0014,0,0,0,0,0,0,0,0,0,0,0,0,0,0,0,0,0,0x0000,SOON,0,0,0,1,,0,bonus_bs15_gae1_no,700000,107,73,568,3000,18.93,0
64379,2026-04-11 14:20:42,2026-04-11,0,47,100,attack,11,1,52,16,11,0.3077,0.2115,0.0122,0.0220,0,0,0,0,0,0,0,0,0,0,0,0,0,0,0,0,0,0x0000,SOON,0,0,0,0,,0,bonus_bs15_gae1_no,700000,107,73,569,3000,18.97,0
64380,2026-04-11 14:20:43,2026-04-11,0,48,100,attack,11,1,53,16,11,0.3019,0.2075,-0.0314,0.0228,0,0,0,0,0,0,0,0,0,0,0,0,0,0,0,0,0,0x0000,SOON,0,0,0,0,,0,bonus_bs15_gae1_no,700000,107,73,569,3000,18.97,0
64381,2026-04-11 14:20:44,2026-04-11,0,49,100,attack,11,1,54,17,11,0.3148,0.2037,-0.0113,0.0194,0,0,0,0,0,0,0,0,0,0,0,0,0,0,0,0,0,0x0000,SOON,0,0,0,0,,0,bonus_bs15_gae1_no,700000,107,73,570,3000,19.00,0
64382,2026-04-11 14:20:45,2026-04-11,0,50,100,attack,11,1,55,17,11,0.3091,0.2000,-0.0101,-0.0242,0,0,0,0,0,0,0,0,0,0,0,0,0,0,0,0,0,0x0000,SOON,0,0,0,1,,0,bonus_bs15_gae1_no,700000,107,73,570,3000,19.00,0
64383,2026-04-11 14:20:46,2026-04-11,0,51,100,steal,11,1,56,17,11,0.3036,0.1964,-0.0089,-0.0225,0,0,0,0,0,0,0,0,0,0,0,0,0,0,0,0,0,0x0000,SOON,0,0,0,1,steal,0,bonus_bs15_gae1_no,700000,107,73,570,3000,19.00,0
64384,2026-04-11 14:20:54,2026-04-11,0,52,100,steal,11,1,57,17,11,0.2982,0.1930,-0.0079,-0.0209,0,0,0,0,0,0,0,0,0,0,0,0,0,0,0,0,0,0x0000,SOON,0,0,0,1,,0,bonus_bs15_gae1_no,700000,107,73,570,3000,19.00,0
64385,2026-04-11 14:20:55,2026-04-11,0,53,100,steal,11,1,58,18,11,0.3103,0.1897,0.0103,-0.0022,0,0,0,0,0,0,0,0,0,0,0,0,0,0,0,0,0,0x0000,SOON,0,0,0,0,,0,bonus_bs15_gae1_no,700000,107,73,571,3000,19.03,0
64386,2026-04-11 14:20:56,2026-04-11,0,54,100,steal,11,1,59,18,11,0.3051,0.1864,0.0110,-0.0010,0,0,0,0,0,0,0,0,0,0,0,0,0,0,0,0,0,0x0000,SOON,0,0,0,0,,0,bonus_bs15_gae1_no,700000,107,73,571,3000,19.03,0
64387,2026-04-11 14:20:56,2026-04-11,0,55,100,steal,11,1,60,18,12,0.3000,0.2000,-0.0077,0.0000,0,0,0,0,0,0,0,0,0,0,0,0,0,0,0,0,0,0x0000,ALERT,0,0,0,0,,0,bonus_bs15_gae1_no,700000,107,73,571,3000,19.03,0
64388,2026-04-11 14:20:57,2026-04-11,0,56,100,steal,11,1,61,19,12,0.3115,0.1967,0.0096,0.0174,0,0,0,0,0,0,0,0,0,0,0,0,0,0,0,0,0,0x0000,ALERT,0,0,0,0,,0,bonus_bs15_gae1_no,700000,107,73,572,3000,19.07,0
64389,2026-04-11 14:20:58,2026-04-11,0,57,100,steal,11,1,62,19,13,0.3065,0.2097,-0.0084,-0.0012,0,0,0,0,0,0,0,0,0,0,0,0,0,0,0,0,0,0x0000,ALERT,0,0,0,0,,0,bonus_bs15_gae1_no,700000,107,73,572,3000,19.07,0
64390,2026-04-11 14:20:58,2026-04-11,0,58,100,steal,11,1,63,19,14,0.3016,0.2222,-0.0075,-0.0003,0,0,0,0,0,0,0,0,0,0,0,0,0,0,0,0,0,0x0000,ALERT,0,0,0,0,,0,bonus_bs15_gae1_no,700000,107,73,572,3000,19.07,0
64391,2026-04-11 14:20:59,2026-04-11,0,59,100,attack,11,1,64,19,14,0.2969,0.2188,-0.0067,-0.0179,0,0,0,0,0,0,0,0,0,0,0,0,0,0,0,0,0,0x0000,ALERT,0,0,0,1,attack,0,bonus_bs15_gae1_no,700000,107,73,572,3000,19.07,0
64392,2026-04-11 14:21:03,2026-04-11,0,60,100,attack,11,1,65,19,14,0.2923,0.2154,-0.0059,-0.0168,0,0,0,0,0,0,0,0,0,0,0,0,0,0,0,0,0,0x0000,ALERT,0,0,0,1,attack,0,bonus_bs15_gae1_no,700000,107,73,572,3000,19.07,0
64393,2026-04-11 14:21:07,2026-04-11,0,61,100,attack,11,1,66,21,14,0.3182,0.2121,0.0078,0.0146,0,0,0,0,0,0,0,0,0,0,0,0,0,0,0,0,0,0x0000,ALERT,0,0,0,0,,0,bonus_bs15_gae1_no,700000,107,73,574,3000,19.13,0
64394,2026-04-11 14:21:08,2026-04-11,0,62,100,attack,11,1,67,21,14,0.3134,0.2090,0.0083,0.0152,0,0,0,0,0,0,0,0,0,0,0,0,0,0,0,0,0,0x0000,ALERT,0,0,0,0,,0,bonus_bs15_gae1_no,700000,107,73,574,3000,19.13,0
64395,2026-04-11 23:42:52,2026-04-11,0,1,100,steal,11,50,68,21,14,0.3088,0.2059,0.3088,0.3088,0,0,0,0,0,0,0,0,0,0,0,0,0,0,0,0,0,0x0000,ALERT,0,0,0,1,steal,0,bonus_bs15_gae1_no,700000,107,73,574,3000,19.13,0
64396,2026-04-11 23:43:03,2026-04-11,0,2,100,steal,11,50,69,21,14,0.3043,0.2029,0.3043,0.3043,0,0,0,0,0,0,0,0,0,0,0,0,0,0,0,0,0,0x0000,ALERT,0,0,0,1,,0,bonus_bs15_gae1_no,700000,107,73,574,3000,19.13,0
64397,2026-04-11 23:43:03,2026-04-11,0,3,100,steal,11,50,70,22,14,0.3143,0.2000,0.3143,0.3143,0,0,0,0,0,0,0,0,0,0,0,0,0,0,0,0,0,0x0000,ALERT,0,0,0,0,,0,bonus_bs15_gae1_no,700000,107,73,624,3000,20.80,0
64398,2026-04-11 23:43:04,2026-04-11,0,4,100,spins,11,50,71,22,17,0.3099,0.2394,0.3099,0.3099,0,0,0,0,0,0,0,0,0,0,0,0,0,0,0,0,0,0x0000,ALERT,0,0,0,1,spins,0,bonus_bs15_gae1_no,700000,107,73,624,3000,20.80,0
64399,2026-04-11 23:43:06,2026-04-11,0,5,100,spins,11,50,72,22,18,0.3056,0.2500,0.3056,0.3056,0,0,0,0,0,0,0,0,0,0,0,0,0,0,0,0,0,0x0000,ALERT,0,0,0,0,,0,bonus_bs15_gae1_no,700000,107,73,624,3000,20.80,0
64400,2026-04-11 23:43:06,2026-04-11,0,6,100,spins,11,50,73,22,18,0.3014,0.2466,0.3014,0.3014,0,0,0,0,0,0,0,0,0,0,0,0,0,0,0,0,0,0x0000,ALERT,0,0,0,0,,0,bonus_bs15_gae1_no,700000,107,73,624,3000,20.80,0
64401,2026-04-11 23:43:08,2026-04-11,0,7,100,spins,11,50,74,22,19,0.2973,0.2568,0.2973,0.2973,0,0,0,0,0,0,0,0,0,0,0,0,0,0,0,0,0,0x0000,ALERT,0,0,0,0,,0,bonus_bs15_gae1_no,700000,107,73,624,3000,20.80,0
64402,2026-04-11 23:43:08,2026-04-11,0,8,75,accumulation,11,50,0,0,0,0.0000,0.0000,0.0000,0.0000,0,0,0,0,0,0,0,0,0,0,0,0,0,0,0,0,0,0x0000,WAIT,0,0,0,1,accumulation,0,bonus_bs15_gae1_no,700000,107,73,1124,3000,37.47,0
64403,2026-04-11 23:43:09,2026-04-11,1,1,75,accumulation,11,50,1,0,0,0.0000,0.0000,0.0000,0.0000,0,0,0,0,0,0,0,0,0,0,0,0,0,0,0,0,0,0x0000,WAIT,0,0,0,1,,0,bonus_bs15_gae1_no,700000,107,73,1124,3000,37.47,0
64404,2026-04-11 23:43:10,2026-04-11,1,2,75,accumulation,11,50,2,0,0,0.0000,0.0000,0.0000,0.0000,0,0,0,0,0,0,0,0,0,0,0,0,0,0,0,0,0,0x0000,WAIT,0,0,0,1,,0,bonus_bs15_gae1_no,700000,107,73,1124,3000,37.47,0
64405,2026-04-11 23:43:11,2026-04-11,1,3,75,accumulation,11,50,3,0,0,0.0000,0.0000,0.0000,0.0000,0,0,0,0,0,0,0,0,0,0,0,0,0,0,0,0,0,0x0000,WAIT,0,0,0,1,,0,bonus_bs15_gae1_no,700000,107,73,1124,3000,37.47,0
64406,2026-04-11 23:43:12,2026-04-11,1,4,75,accumulation,11,50,4,1,0,0.2500,0.0000,0.0000,0.0000,0,0,0,0,0,0,0,0,0,0,0,0,0,0,0,0,0,0x0000,WAIT,0,0,0,0,,0,bonus_bs15_gae1_no,700000,107,73,1174,3000,39.13,0
64407,2026-04-11 23:43:14,2026-04-11,1,5,75,attack,11,50,5,1,0,0.2000,0.0000,0.0000,0.0000,0,0,0,0,0,0,0,0,0,0,0,0,0,0,0,0,0,0x0000,WAIT,0,0,0,1,attack,0,bonus_bs15_gae1_no,700000,107,73,1174,3000,39.13,0
64408,2026-04-11 23:43:20,2026-04-11,1,6,75,attack,11,1,6,1,0,0.1667,0.0000,0.0000,0.0000,0,0,0,0,0,0,0,0,0,0,0,0,0,0,0,0,0,0x0000,WAIT,0,0,0,1,,0,bonus_bs15_gae1_no,700000,107,73,1174,3000,39.13,0
64409,2026-04-11 23:43:22,2026-04-11,1,7,75,attack,11,1,7,1,0,0.1429,0.0000,0.0000,0.0000,0,0,0,0,0,0,0,0,0,0,0,0,0,0,0,0,0,0x0000,WAIT,0,0,0,0,,0,bonus_bs15_gae1_no,700000,107,73,1174,3000,39.13,0
64410,2026-04-11 23:43:23,2026-04-11,1,8,75,attack,11,1,8,1,0,0.1250,0.0000,0.0000,0.0000,0,0,0,0,0,0,0,0,0,0,0,0,0,0,0,0,0,0x0000,WAIT,0,0,0,0,,0,bonus_bs15_gae1_no,700000,107,73,1174,3000,39.13,0
64411,2026-04-11 23:43:24,2026-04-11,1,9,75,attack,11,1,9,1,0,0.1111,0.0000,0.1111,0.0000,0,0,0,0,0,0,0,0,0,0,0,0,0,0,0,0,0,0x0000,WAIT,0,0,0,0,,0,bonus_bs15_gae1_no,700000,107,73,1174,3000,39.13,0
64412,2026-04-11 23:43:25,2026-04-11,1,10,75,attack,11,1,10,1,0,0.1000,0.0000,0.1000,0.0000,0,0,0,0,0,0,0,0,0,0,0,0,0,0,0,0,0,0x0000,WAIT,0,0,0,1,,0,bonus_bs15_gae1_no,700000,107,73,1174,3000,39.13,0
64413,2026-04-11 23:43:25,2026-04-11,1,11,75,attack,11,1,11,1,1,0.0909,0.0909,0.0909,0.0909,0,0,0,0,0,0,0,0,0,0,0,0,0,0,0,0,0,0x0000,WAIT,0,0,0,0,,0,bonus_bs15_gae1_no,700000,107,73,1174,3000,39.13,0
64414,2026-04-11 23:43:26,2026-04-11,1,12,75,attack,11,1,12,1,2,0.0833,0.1667,-0.1667,0.0833,0,0,0,0,0,0,0,0,0,0,0,0,0,0,0,0,0,0x0000,WAIT,0,0,0,0,,0,bonus_bs15_gae1_no,700000,107,73,1174,3000,39.13,0
64415,2026-04-11 23:43:27,2026-04-11,1,13,75,attack,11,1,13,1,2,0.0769,0.1538,-0.1231,0.0769,0,0,0,0,0,0,0,0,0,0,0,0,0,0,0,0,0,0x0000,WAIT,0,0,0,0,,0,bonus_bs15_gae1_no,700000,107,73,1174,3000,39.13,0
64416,2026-04-11 23:43:27,2026-04-11,1,14,75,attack,11,1,14,1,2,0.0714,0.1429,-0.0952,-0.1786,0,0,0,0,0,0,0,0,0,0,0,0,0,0,0,0,0,0x0000,WAIT,0,0,0,0,,0,bonus_bs15_gae1_no,700000,107,73,1174,3000,39.13,0
64417,2026-04-11 23:43:28,2026-04-11,1,15,75,attack,11,1,15,1,2,0.0667,0.1333,-0.0762,-0.1333,0,0,0,0,0,0,0,0,0,0,0,0,0,0,0,0,0,0x0000,WAIT,0,0,0,0,,0,bonus_bs15_gae1_no,700000,107,73,1174,3000,39.13,0
64418,2026-04-11 23:43:29,2026-04-11,1,16,75,attack,11,1,16,1,2,0.0625,0.1250,-0.0625,-0.1042,0,0,0,0,0,0,0,0,0,0,0,0,0,0,0,0,0,0x0000,WAIT,0,0,0,1,attack,0,bonus_bs15_gae1_no,700000,107,73,1174,3000,39.13,0
64419,2026-04-11 23:43:35,2026-04-11,1,17,75,attack,11,1,17,1,2,0.0588,0.1176,-0.0523,-0.0840,0,0,0,0,0,0,0,0,0,0,0,0,0,0,0,0,0,0x0000,WAIT,0,0,0,0,,0,bonus_bs15_gae1_no,700000,107,73,1174,3000,39.13,0
64420,2026-04-11 23:43:36,2026-04-11,1,18,75,attack,11,1,18,1,3,0.0556,0.1667,-0.0444,-0.0694,0,0,0,0,0,0,0,0,0,0,0,0,0,0,0,0,0,0x0000,WAIT,0,0,0,0,,0,bonus_bs15_gae1_no,700000,107,73,1174,3000,39.13,0
64421,2026-04-11 23:43:37,2026-04-11,1,19,75,attack,11,1,19,2,3,0.1053,0.1579,0.0144,-0.0058,0,0,0,0,0,0,0,0,0,0,0,0,0,0,0,0,0,0x0000,WAIT,0,0,0,0,,0,bonus_bs15_gae1_no,700000,107,73,1175,3000,39.17,0
64422,2026-04-11 23:43:38,2026-04-11,1,20,75,attack,11,1,20,2,3,0.1000,0.1500,0.0167,0.0000,0,0,0,0,0,0,0,0,0,0,0,0,0,0,0,0,0,0x0000,WAIT,0,0,0,0,,0,bonus_bs15_gae1_no,700000,107,73,1175,3000,39.17,0
64423,2026-04-11 23:43:39,2026-04-11,1,21,75,shield,11,1,21,2,3,0.0952,0.1429,0.0183,0.0043,0,0,0,0,0,0,0,0,0,0,0,0,0,0,0,0,0,0x0000,WAIT,0,0,0,1,shield,0,bonus_bs15_gae1_no,700000,107,73,1175,3000,39.17,0
64424,2026-04-11 23:43:40,2026-04-11,1,22,75,shield,11,1,22,2,3,0.0909,0.1364,0.0195,0.0076,0,0,0,0,0,0,0,0,0,0,0,0,0,0,0,0,0,0x0000,WAIT,0,0,0,1,,0,bonus_bs15_gae1_no,700000,107,73,1175,3000,39.17,0
64425,2026-04-11 23:43:40,2026-04-11,1,23,75,shield,11,1,23,2,4,0.0870,0.1739,0.0203,0.0100,0,0,0,0,0,0,0,0,0,0,0,0,0,0,0,0,0,0x0000,WAIT,0,0,0,0,,0,bonus_bs15_gae1_no,700000,107,73,1175,3000,39.17,0
64426,2026-04-11 23:43:41,2026-04-11,1,24,75,shield,11,1,24,2,6,0.0833,0.2500,0.0208,0.0119,0,0,0,0,0,0,0,0,0,0,0,0,0,0,0,0,0,0x0000,WAIT,0,0,0,0,,0,bonus_bs15_gae1_no,700000,107,73,1175,3000,39.17,0
64427,2026-04-11 23:43:42,2026-04-11,1,25,75,steal,11,1,25,2,6,0.0800,0.2400,0.0212,0.0133,0,0,0,0,0,0,0,0,0,0,0,0,0,0,0,0,0,0x0000,WAIT,0,0,0,1,steal,0,bonus_bs15_gae1_no,700000,107,73,1175,3000,39.17,0
64428,2026-04-11 23:43:48,2026-04-11,1,26,75,steal,11,1,26,2,6,0.0769,0.2308,0.0214,0.0144,0,0,0,0,0,0,0,0,0,0,0,0,0,0,0,0,0,0x0000,WAIT,0,0,0,0,,0,bonus_bs15_gae1_no,700000,107,73,1175,3000,39.17,0
64429,2026-04-11 23:43:49,2026-04-11,1,27,75,steal,11,1,27,2,6,0.0741,0.2222,-0.0312,0.0153,0,0,0,0,0,0,0,0,0,0,0,0,0,0,0,0,0,0x0000,WAIT,0,0,0,0,,0,bonus_bs15_gae1_no,700000,107,73,1175,3000,39.17,0
64430,2026-04-11 23:43:49,2026-04-11,1,28,75,steal,11,1,28,2,6,0.0714,0.2143,-0.0286,0.0159,0,0,0,0,0,0,0,0,0,0,0,0,0,0,0,0,0,0x0000,WAIT,0,0,0,0,,0,bonus_bs15_gae1_no,700000,107,73,1175,3000,39.17,0
64431,2026-04-11 23:43:50,2026-04-11,1,29,75,attack,11,1,29,2,6,0.0690,0.2069,-0.0263,-0.0363,0,0,0,0,0,0,0,0,0,0,0,0,0,0,0,0,0,0x0000,WAIT,0,0,0,1,attack,0,bonus_bs15_gae1_no,700000,107,73,1175,3000,39.17,0
64432,2026-04-11 23:43:54,2026-04-11,1,30,75,steal,11,1,30,2,6,0.0667,0.2000,-0.0242,-0.0333,0,0,0,0,0,0,0,0,0,0,0,0,0,0,0,0,0,0x0000,WAIT,0,0,0,1,steal,0,bonus_bs15_gae1_no,700000,107,73,1175,3000,39.17,0
64433,2026-04-11 23:43:59,2026-04-11,1,31,75,steal,11,1,31,3,6,0.0968,0.1935,0.0098,0.0015,0,0,0,0,0,0,0,0,0,0,0,0,0,0,0,0,0,0x0000,WAIT,0,0,0,0,,0,bonus_bs15_gae1_no,700000,107,73,1176,3000,39.20,0
64434,2026-04-11 23:44:00,2026-04-11,1,32,75,steal,11,1,32,3,6,0.0938,0.1875,0.0104,0.0028,0,0,0,0,0,0,0,0,0,0,0,0,0,0,0,0,0,0x0000,WAIT,0,0,0,1,,0,bonus_bs15_gae1_no,700000,107,73,1176,3000,39.20,0
64435,2026-04-11 23:44:01,2026-04-11,1,33,75,steal,11,1,33,3,7,0.0909,0.2121,0.0109,0.0040,0,0,0,0,0,0,0,0,0,0,0,0,0,0,0,0,0,0x0000,WAIT,0,0,0,0,,0,bonus_bs15_gae1_no,700000,107,73,1176,3000,39.20,0
64436,2026-04-11 23:44:02,2026-04-11,1,34,75,attack,11,1,34,3,7,0.0882,0.2059,0.0113,0.0049,0,0,0,0,0,0,0,0,0,0,0,0,0,0,0,0,0,0x0000,WAIT,0,0,0,1,attack,0,bonus_bs15_gae1_no,700000,107,73,1176,3000,39.20,0
64437,2026-04-11 23:44:06,2026-04-11,1,35,75,attack,11,1,35,4,7,0.1143,0.2000,0.0402,0.0343,0,0,0,0,0,0,0,0,0,0,0,0,0,0,0,0,0,0x0000,SOON,0,0,0,0,,0,bonus_bs15_gae1_no,700000,107,73,1177,3000,39.23,0
64438,2026-04-11 23:44:07,2026-04-11,1,36,75,attack,11,1,36,4,7,0.1111,0.1944,0.0397,0.0342,0,0,0,0,0,0,0,0,0,0,0,0,0,0,0,0,0,0x0000,SOON,0,0,0,1,,0,bonus_bs15_gae1_no,700000,107,73,1177,3000,39.23,0
64439,2026-04-11 23:44:08,2026-04-11,1,37,75,attack,11,1,37,6,7,0.1622,0.1892,0.0932,0.0881,0,0,0,0,0,0,0,0,0,0,0,0,0,0,0,0,0,0x0000,SOON,0,0,0,0,,0,bonus_bs15_gae1_no,700000,107,73,1179,3000,39.30,0
64440,2026-04-11 23:44:09,2026-04-11,1,38,75,shield,11,1,38,6,7,0.1579,0.1842,0.0912,0.0865,0,0,0,0,0,0,0,0,0,0,0,0,0,0,0,0,0,0x0000,SOON,0,0,0,1,shield,0,bonus_bs15_gae1_no,700000,107,73,1179,3000,39.30,0
64441,2026-04-11 23:44:10,2026-04-11,1,39,75,attack,11,1,39,6,7,0.1538,0.1795,0.0571,0.0849,0,0,0,0,0,0,0,0,0,0,0,0,0,0,0,0,0,0x0000,SOON,0,0,0,1,attack,0,bonus_bs15_gae1_no,700000,107,73,1179,3000,39.30,0
64442,2026-04-11 23:44:13,2026-04-11,1,40,75,attack,11,1,40,6,9,0.1500,0.2250,0.0562,0.0833,0,0,0,0,0,0,0,0,0,0,0,0,0,0,0,0,0,0x0000,SOON,0,0,0,0,,0,bonus_bs15_gae1_no,700000,107,73,1179,3000,39.30,0
64443,2026-04-11 23:44:14,2026-04-11,1,41,75,attack,11,1,41,6,9,0.1463,0.2195,0.0554,0.0496,0,0,0,0,0,0,0,0,0,0,0,0,0,0,0,0,0,0x0000,SOON,0,0,0,0,,0,bonus_bs15_gae1_no,700000,107,73,1179,3000,39.30,0
64444,2026-04-11 23:44:15,2026-04-11,1,42,75,attack,11,1,42,6,9,0.1429,0.2143,0.0546,0.0491,0,0,0,0,0,0,0,0,0,0,0,0,0,0,0,0,0,0x0000,SOON,0,0,0,1,,0,bonus_bs15_gae1_no,700000,107,73,1179,3000,39.30,0
64445,2026-04-11 23:44:15,2026-04-11,1,43,75,attack,11,1,43,7,9,0.1628,0.2093,0.0485,0.0719,0,0,0,0,0,0,0,0,0,0,0,0,0,0,0,0,0,0x0000,SOON,0,0,0,0,,0,bonus_bs15_gae1_no,700000,107,73,1180,3000,39.33,0
64446,2026-04-11 23:44:16,2026-04-11,1,44,75,attack,11,1,44,8,9,0.1818,0.2045,0.0707,0.0936,0,0,0,0,0,0,0,0,0,0,0,0,0,0,0,0,0,0x0000,SOON,0,0,0,0,,0,bonus_bs15_gae1_no,700000,107,73,1181,3000,39.37,0
64447,2026-04-11 23:44:17,2026-04-11,1,45,75,attack,11,1,45,10,9,0.2222,0.2000,0.0601,0.1079,0,0,0,0,0,0,0,0,0,0,0,0,0,0,0,0,0,0x0000,SOON,0,0,0,0,,0,bonus_bs15_gae1_no,700000,107,73,1183,3000,39.43,0
64448,2026-04-11 23:44:19,2026-04-11,1,46,75,attack,11,1,46,10,9,0.2174,0.1957,0.0595,0.1063,0,0,0,0,0,0,0,0,0,0,0,0,0,0,0,0,0,0x0000,SOON,0,0,0,0,,0,bonus_bs15_gae1_no,700000,107,73,1183,3000,39.43,0
64449,2026-04-11 23:44:19,2026-04-11,1,47,75,attack,11,1,47,11,9,0.2340,0.1915,0.0802,0.0719,0,0,0,0,0,0,0,0,0,0,0,0,0,0,0,0,0,0x0000,SOON,0,0,0,0,,0,bonus_bs15_gae1_no,700000,107,73,1184,3000,39.47,0
64450,2026-04-11 23:44:21,2026-04-11,1,48,75,attack,11,1,48,12,9,0.2500,0.1875,0.1000,0.0921,0,0,0,0,0,0,0,0,0,0,0,0,0,0,0,0,0,0x0000,SOON,0,0,0,0,,0,bonus_bs15_gae1_no,700000,107,73,1185,3000,39.50,0
64451,2026-04-11 23:44:22,2026-04-11,1,49,75,attack,11,1,49,12,9,0.2449,0.1837,0.0986,0.0911,0,0,0,0,0,0,0,0,0,0,0,0,0,0,0,0,0,0x0000,SOON,0,0,0,1,,0,bonus_bs15_gae1_no,700000,107,73,1185,3000,39.50,0
64452,2026-04-11 23:44:23,2026-04-11,1,50,75,attack,11,1,50,12,11,0.2400,0.2200,0.0971,0.0900,0,0,0,0,0,0,0,0,0,0,0,0,0,0,0,0,0,0x0000,SOON,0,0,0,0,,0,bonus_bs15_gae1_no,700000,107,73,1185,3000,39.50,0
64453,2026-04-11 23:44:24,2026-04-11,1,51,75,attack,11,1,51,13,11,0.2549,0.2157,0.0921,0.1086,0,0,0,0,0,0,0,0,0,0,0,0,0,0,0,0,0,0x0000,SOON,0,0,0,0,,0,bonus_bs15_gae1_no,700000,107,73,1186,3000,39.53,0
64454,2026-04-11 23:44:26,2026-04-11,1,52,75,attack,11,1,52,13,12,0.2500,0.2308,0.0682,0.1071,0,0,0,0,0,0,0,0,0,0,0,0,0,0,0,0,0,0x0000,SOON,0,0,0,0,,0,bonus_bs15_gae1_no,700000,107,73,1186,3000,39.53,0
64455,2026-04-11 23:44:27,2026-04-11,1,53,75,attack,11,1,53,13,12,0.2453,0.2264,0.0231,0.0825,0,0,0,0,0,0,0,0,0,0,0,0,0,0,0,0,0,0x0000,SOON,0,0,0,1,attack,0,bonus_bs15_gae1_no,700000,107,73,1186,3000,39.53,0
64456,2026-04-11 23:44:33,2026-04-11,1,54,75,attack,11,50,54,13,12,0.2407,0.2222,0.0233,0.0589,0,0,0,0,0,0,0,0,0,0,0,0,0,0,0,0,0,0x0000,SOON,0,0,0,0,,0,bonus_bs15_gae1_no,700000,107,73,1186,3000,39.53,0
64457,2026-04-11 23:44:34,2026-04-11,1,55,75,attack,11,50,55,13,12,0.2364,0.2182,0.0023,0.0141,0,0,0,0,0,0,0,0,0,0,0,0,0,0,0,0,0,0x0000,SOON,0,0,0,0,,0,bonus_bs15_gae1_no,700000,107,73,1186,3000,39.53,0
64458,2026-04-11 23:44:34,2026-04-11,1,56,75,attack,11,50,56,14,12,0.2500,0.2143,0.0000,0.0326,0,0,0,0,0,0,0,0,0,0,0,0,0,0,0,0,0,0x0000,SOON,0,0,0,0,,0,bonus_bs15_gae1_no,700000,107,73,1236,3000,41.20,0
64459,2026-04-11 23:44:35,2026-04-11,1,57,75,attack,11,50,57,14,12,0.2456,0.2105,0.0007,0.0116,0,0,0,0,0,0,0,0,0,0,0,0,0,0,0,0,0,0x0000,SOON,0,0,0,0,,0,bonus_bs15_gae1_no,700000,107,73,1236,3000,41.20,0
64460,2026-04-11 23:44:36,2026-04-11,1,58,75,steal,11,50,58,14,12,0.2414,0.2069,0.0014,-0.0086,0,0,0,0,0,0,0,0,0,0,0,0,0,0,0,0,0,0x0000,SOON,0,0,0,1,steal,0,bonus_bs15_gae1_no,700000,107,73,1236,3000,41.20,0
64461,2026-04-11 23:44:42,2026-04-11,1,59,75,steal,11,50,59,15,12,0.2542,0.2034,-0.0007,0.0093,0,0,0,0,0,0,0,0,0,0,0,0,0,0,0,0,0,0x0000,SOON,0,0,0,0,,0,bonus_bs15_gae1_no,700000,107,73,1286,3000,42.87,0
64462,2026-04-11 23:44:43,2026-04-11,1,60,75,steal,11,50,60,15,12,0.2500,0.2000,0.0000,0.0100,0,0,0,0,0,0,0,0,0,0,0,0,0,0,0,0,0,0x0000,ALERT,0,0,0,1,,0,bonus_bs15_gae1_no,700000,107,73,1286,3000,42.87,0
64463,2026-04-11 23:44:43,2026-04-11,1,61,75,steal,11,50,61,15,13,0.2459,0.2131,0.0006,-0.0090,0,0,0,0,0,0,0,0,0,0,0,0,0,0,0,0,0,0x0000,ALERT,0,0,0,0,,0,bonus_bs15_gae1_no,700000,107,73,1286,3000,42.87,0
64464,2026-04-11 23:44:44,2026-04-11,1,62,75,steal,11,50,62,15,13,0.2419,0.2097,0.0012,-0.0081,0,0,0,0,0,0,0,0,0,0,0,0,0,0,0,0,0,0x0000,ALERT,0,0,0,1,,0,bonus_bs15_gae1_no,700000,107,73,1286,3000,42.87,0
64465,2026-04-11 23:44:45,2026-04-11,1,63,75,steal,11,50,63,15,13,0.2381,0.2063,0.0017,-0.0072,0,0,0,0,0,0,0,0,0,0,0,0,0,0,0,0,0,0x0000,ALERT,0,0,0,0,,0,bonus_bs15_gae1_no,700000,107,73,1286,3000,42.87,0
64466,2026-04-11 23:44:46,2026-04-11,1,64,75,steal,11,50,64,16,13,0.2500,0.2031,0.0000,0.0093,0,0,0,0,0,0,0,0,0,0,0,0,0,0,0,0,0,0x0000,ALERT,0,0,0,0,,0,bonus_bs15_gae1_no,700000,107,73,1336,3000,44.53,0
64467,2026-04-11 23:44:47,2026-04-11,1,65,75,steal,11,50,65,16,13,0.2462,0.2000,0.0005,0.0098,0,0,0,0,0,0,0,0,0,0,0,0,0,0,0,0,0,0x0000,ALERT,0,0,0,0,,0,bonus_bs15_gae1_no,700000,107,73,1336,3000,44.53,0
64468,2026-04-11 23:44:48,2026-04-11,1,66,75,steal,11,50,66,16,13,0.2424,0.1970,0.0010,-0.0076,0,0,0,0,0,0,0,0,0,0,0,0,0,0,0,0,0,0x0000,ALERT,0,0,0,0,,0,bonus_bs15_gae1_no,700000,107,73,1336,3000,44.53,0
64469,2026-04-11 23:44:48,2026-04-11,1,67,75,steal,11,50,67,16,15,0.2388,0.2239,-0.0154,-0.0068,0,0,0,0,0,0,0,0,0,0,0,0,0,0,0,0,0,0x0000,ALERT,0,0,0,0,,0,bonus_bs15_gae1_no,700000,107,73,1336,3000,44.53,0
64470,2026-04-11 23:44:49,2026-04-11,1,68,75,attack,11,50,68,16,15,0.2353,0.2206,-0.0147,-0.0061,0,0,0,0,0,0,0,0,0,0,0,0,0,0,0,0,0,0x0000,ALERT,0,0,0,1,attack,0,bonus_bs15_gae1_no,700000,107,73,1336,3000,44.53,0
64471,2026-04-11 23:44:54,2026-04-11,1,69,75,attack,11,50,69,16,17,0.2319,0.2464,-0.0140,-0.0224,0,0,0,0,0,0,0,0,0,0,0,0,0,0,0,0,0,0x0000,ALERT,0,0,0,0,,0,bonus_bs15_gae1_no,700000,107,73,1336,3000,44.53,0
64472,2026-04-11 23:44:55,2026-04-11,1,70,75,attack,11,50,70,16,17,0.2286,0.2429,-0.0134,-0.0214,0,0,0,0,0,0,0,0,0,0,0,0,0,0,0,0,0,0x0000,ALERT,0,0,0,1,,0,bonus_bs15_gae1_no,700000,107,73,1336,3000,44.53,0
64473,2026-04-11 23:44:58,2026-04-11,1,71,75,attack,11,50,71,16,17,0.2254,0.2394,-0.0127,-0.0205,0,0,0,0,0,0,0,0,0,0,0,0,0,0,0,0,0,0x0000,ALERT,0,0,0,1,attack,0,bonus_bs15_gae1_no,700000,107,73,1336,3000,44.53,0
64474,2026-04-11 23:45:04,2026-04-11,1,72,75,attack,11,50,72,16,17,0.2222,0.2361,-0.0278,-0.0197,0,0,0,0,0,0,0,0,0,0,0,0,0,0,0,0,0,0x0000,ALERT,0,0,0,0,,0,bonus_bs15_gae1_no,700000,107,73,1336,3000,44.53,0
64475,2026-04-11 23:45:04,2026-04-11,1,73,75,attack,11,50,73,16,18,0.2192,0.2466,-0.0270,-0.0189,0,0,0,0,0,0,0,0,0,0,0,0,0,0,0,0,0,0x0000,ALERT,0,0,0,0,,0,bonus_bs15_gae1_no,700000,107,73,1336,3000,44.53,0
64476,2026-04-11 23:45:05,2026-04-11,1,74,75,attack,11,50,74,18,18,0.2432,0.2432,0.0008,-0.0068,0,0,0,0,0,0,0,0,0,0,0,0,0,0,0,0,0,0x0000,ALERT,0,0,0,0,,0,bonus_bs15_gae1_no,700000,107,73,1436,3000,47.87,0
64477,2026-04-11 23:45:06,2026-04-11,1,75,75,attack,11,50,75,18,18,0.2400,0.2400,0.0012,-0.0062,0,0,0,0,0,0,0,0,0,0,0,0,0,0,0,0,0,0x0000,ALERT,0,0,0,1,,0,bonus_bs15_gae1_no,700000,107,73,1436,3000,47.87,0
64478,2026-04-11 23:45:08,2026-04-11,1,76,75,attack,11,50,76,18,18,0.2368,0.2368,0.0015,-0.0056,0,0,0,0,0,0,0,0,0,0,0,0,0,0,0,0,0,0x0000,ALERT,0,0,0,0,,0,bonus_bs15_gae1_no,700000,107,73,1436,3000,47.87,0
64479,2026-04-11 23:45:08,2026-04-11,1,77,75,attack,11,50,77,18,18,0.2338,0.2338,0.0019,-0.0050,0,0,0,0,0,0,0,0,0,0,0,0,0,0,0,0,0,0x0000,ALERT,0,0,0,1,attack,0,bonus_bs15_gae1_no,700000,107,73,1436,3000,47.87,0
64480,2026-04-11 23:45:12,2026-04-11,1,78,75,attack,11,50,78,18,19,0.2308,0.2436,0.0022,-0.0045,0,0,0,0,0,0,0,0,0,0,0,0,0,0,0,0,0,0x0000,ALERT,0,0,0,0,,0,bonus_bs15_gae1_no,700000,107,73,1436,3000,47.87,0
64481,2026-04-11 23:45:12,2026-04-11,1,79,75,attack,11,50,79,18,19,0.2278,0.2405,0.0025,-0.0040,0,0,0,0,0,0,0,0,0,0,0,0,0,0,0,0,0,0x0000,ALERT,0,0,0,1,,0,bonus_bs15_gae1_no,700000,107,73,1436,3000,47.87,0
64482,2026-04-11 23:45:13,2026-04-11,1,80,75,attack,11,50,80,18,19,0.2250,0.2375,0.0028,-0.0036,0,0,0,0,0,0,0,0,0,0,0,0,0,0,0,0,0,0x0000,ALERT,0,0,0,1,,0,bonus_bs15_gae1_no,700000,107,73,1436,3000,47.87,0
64483,2026-04-11 23:45:14,2026-04-11,1,81,75,attack,11,50,81,18,19,0.2222,0.2346,0.0030,-0.0031,0,0,0,0,0,0,0,0,0,0,0,0,0,0,0,0,0,0x0000,ALERT,0,0,0,0,,0,bonus_bs15_gae1_no,700000,107,73,1436,3000,47.87,0
64484,2026-04-11 23:45:15,2026-04-11,1,82,75,attack,11,50,82,19,19,0.2317,0.2317,-0.0115,0.0095,0,0,0,0,0,0,0,0,0,0,0,0,0,0,0,0,0,0x0000,ALERT,0,0,0,0,,0,bonus_bs15_gae1_no,700000,107,73,1486,3000,49.53,0
64485,2026-04-11 23:45:16,2026-04-11,1,83,75,attack,11,50,83,19,20,0.2289,0.2410,-0.0111,0.0097,0,0,0,0,0,0,0,0,0,0,0,0,0,0,0,0,0,0x0000,ALERT,0,0,0,0,,0,bonus_bs15_gae1_no,700000,107,73,1486,3000,49.53,0
64486,2026-04-11 23:45:17,2026-04-11,1,84,75,attack,11,50,84,20,20,0.2381,0.2381,0.0013,-0.0051,0,0,0,0,0,0,0,0,0,0,0,0,0,0,0,0,0,0x0000,ALERT,0,0,0,0,,0,bonus_bs15_gae1_no,700000,107,73,1536,3000,51.20,0
64487,2026-04-11 23:45:18,2026-04-11,1,85,75,attack,11,50,85,20,21,0.2353,0.2471,0.0015,-0.0047,0,0,0,0,0,0,0,0,0,0,0,0,0,0,0,0,0,0x0000,ALERT,0,0,0,0,,0,bonus_bs15_gae1_no,700000,107,73,1536,3000,51.20,0
64488,2026-04-11 23:45:19,2026-04-11,1,86,75,attack,11,50,86,20,21,0.2326,0.2442,0.0018,-0.0043,0,0,0,0,0,0,0,0,0,0,0,0,0,0,0,0,0,0x0000,ALERT,0,0,0,0,,0,bonus_bs15_gae1_no,700000,107,73,1536,3000,51.20,0
64489,2026-04-11 23:45:20,2026-04-11,1,87,75,attack,11,50,87,20,21,0.2299,0.2414,0.0020,-0.0039,0,0,0,0,0,0,0,0,0,0,0,0,0,0,0,0,0,0x0000,ALERT,0,0,0,0,,0,bonus_bs15_gae1_no,700000,107,73,1536,3000,51.20,0
64490,2026-04-11 23:45:21,2026-04-11,1,88,75,attack,11,50,88,20,21,0.2273,0.2386,0.0023,-0.0035,0,0,0,0,0,0,0,0,0,0,0,0,0,0,0,0,0,0x0000,ALERT,0,0,0,0,,0,bonus_bs15_gae1_no,700000,107,73,1536,3000,51.20,0
64491,2026-04-11 23:45:21,2026-04-11,1,89,89,accumulation,11,50,0,0,0,0.0000,0.0000,0.0000,0.0000,0,0,0,0,0,0,0,0,0,0,0,0,0,0,0,0,0,0x0000,WAIT,0,0,0,1,accumulation,0,bonus_bs15_gae1_no,700000,107,73,2036,3000,67.87,0
64492,2026-04-11 23:45:26,2026-04-11,2,1,89,attack,11,1,1,0,0,0.0000,0.0000,0.0000,0.0000,0,0,0,0,0,0,0,0,0,0,0,0,0,0,0,0,0,0x0000,WAIT,0,0,0,1,attack,0,bonus_bs15_gae1_no,700000,107,73,2036,3000,67.87,0
64493,2026-04-11 23:45:30,2026-04-11,2,2,89,attack,11,1,2,0,0,0.0000,0.0000,0.0000,0.0000,0,0,0,0,0,0,0,0,0,0,0,0,0,0,0,0,0,0x0000,WAIT,0,0,0,0,,0,bonus_bs15_gae1_no,700000,107,73,2036,3000,67.87,0
64494,2026-04-11 23:45:31,2026-04-11,2,3,89,attack,11,1,3,0,1,0.0000,0.3333,0.0000,0.0000,0,0,0,0,0,0,0,0,0,0,0,0,0,0,0,0,0,0x0000,WAIT,0,0,0,0,,0,bonus_bs15_gae1_no,700000,107,73,2036,3000,67.87,0
64495,2026-04-11 23:45:32,2026-04-11,2,4,89,attack,11,1,4,1,1,0.2500,0.2500,0.0000,0.0000,0,0,0,0,0,0,0,0,0,0,0,0,0,0,0,0,0,0x0000,WAIT,0,0,0,0,,0,bonus_bs15_gae1_no,700000,107,73,2037,3000,67.90,0
64496,2026-04-11 23:45:33,2026-04-11,2,5,89,attack,11,1,5,1,1,0.2000,0.2000,0.0000,0.0000,0,0,0,0,0,0,0,0,0,0,0,0,0,0,0,0,0,0x0000,WAIT,0,0,0,1,,0,bonus_bs15_gae1_no,700000,107,73,2037,3000,67.90,0
64497,2026-04-11 23:45:34,2026-04-11,2,6,89,attack,11,1,6,3,1,0.5000,0.1667,0.0000,0.0000,0,0,0,0,0,0,0,0,0,0,0,0,0,0,0,0,0,0x0000,WAIT,0,0,0,0,,0,bonus_bs15_gae1_no,700000,107,73,2039,3000,67.97,0
64498,2026-04-11 23:45:35,2026-04-11,2,7,89,shield,11,1,7,3,1,0.4286,0.1429,0.0000,0.0000,0,0,0,0,0,0,0,0,0,0,0,0,0,0,0,0,0,0x0000,WAIT,0,0,0,1,shield,0,bonus_bs15_gae1_no,700000,107,73,2039,3000,67.97,0
64499,2026-04-11 23:45:36,2026-04-11,2,8,89,shield,11,1,8,5,1,0.6250,0.1250,0.0000,0.0000,0,0,0,0,0,0,0,0,0,0,0,0,0,0,0,0,0,0x0000,WAIT,0,0,0,0,,0,bonus_bs15_gae1_no,700000,107,73,2041,3000,68.03,0
64500,2026-04-11 23:45:38,2026-04-11,2,9,89,shield,11,1,9,5,1,0.5556,0.1111,0.5556,0.0000,0,0,0,0,0,0,0,0,0,0,0,0,0,0,0,0,0,0x0000,WAIT,0,0,0,0,,0,bonus_bs15_gae1_no,700000,107,73,2041,3000,68.03,0
64501,2026-04-11 23:45:39,2026-04-11,2,10,89,shield,11,1,10,5,2,0.5000,0.2000,0.5000,0.0000,0,0,0,0,0,0,0,0,0,0,0,0,0,0,0,0,0,0x0000,WAIT,0,0,0,0,,0,bonus_bs15_gae1_no,700000,107,73,2041,3000,68.03,0
64502,2026-04-11 23:45:39,2026-04-11,2,11,89,shield,11,1,11,5,3,0.4545,0.2727,0.4545,0.4545,0,0,0,0,0,0,0,0,0,0,0,0,0,0,0,0,0,0x0000,WAIT,0,0,0,0,,0,bonus_bs15_gae1_no,700000,107,73,2041,3000,68.03,0
64503,2026-04-11 23:45:40,2026-04-11,2,12,89,shield,11,1,12,7,3,0.5833,0.2500,0.3333,0.5833,0,0,0,0,0,0,0,0,0,0,0,0,0,0,0,0,0,0x0000,WAIT,0,0,0,0,,0,bonus_bs15_gae1_no,700000,107,73,2043,3000,68.10,0
64504,2026-04-11 23:45:42,2026-04-11,2,13,89,attack,11,1,13,7,3,0.5385,0.2308,0.3385,0.5385,0,0,0,0,0,0,0,0,0,0,0,0,0,0,0,0,0,0x0000,WAIT,0,0,0,1,attack,0,bonus_bs15_gae1_no,700000,107,73,2043,3000,68.10,0
64505,2026-04-11 23:45:46,2026-04-11,2,14,89,attack,11,1,14,8,3,0.5714,0.2143,0.0714,0.3214,0,0,0,0,0,0,0,0,0,0,0,0,0,0,0,0,0,0x0000,WAIT,0,0,0,0,,0,bonus_bs15_gae1_no,700000,107,73,2044,3000,68.13,0
64506,2026-04-11 23:45:47,2026-04-11,2,15,89,attack,11,1,15,8,4,0.5333,0.2667,0.1048,0.3333,0,0,0,0,0,0,0,0,0,0,0,0,0,0,0,0,0,0x0000,WAIT,0,0,0,0,,0,bonus_bs15_gae1_no,700000,107,73,2044,3000,68.13,0
64507,2026-04-11 23:45:48,2026-04-11,2,16,89,attack,11,1,16,8,4,0.5000,0.2500,-0.1250,0.0000,0,0,0,0,0,0,0,0,0,0,0,0,0,0,0,0,0,0x0000,WAIT,0,0,0,1,attack,0,bonus_bs15_gae1_no,700000,107,73,2044,3000,68.13,0
64508,2026-04-11 23:45:52,2026-04-11,2,17,89,shield,11,1,17,8,4,0.4706,0.2353,-0.0850,0.0420,0,0,0,0,0,0,0,0,0,0,0,0,0,0,0,0,0,0x0000,WAIT,0,0,0,1,shield,0,bonus_bs15_gae1_no,700000,107,73,2044,3000,68.13,0
64509,2026-04-11 23:45:53,2026-04-11,2,18,89,shield,11,1,18,8,4,0.4444,0.2222,-0.0556,-0.1806,0,0,0,0,0,0,0,0,0,0,0,0,0,0,0,0,0,0x0000,WAIT,0,0,0,1,shield,0,bonus_bs15_gae1_no,700000,107,73,2044,3000,68.13,0
64510,2026-04-11 23:45:54,2026-04-11,2,19,89,shield,11,1,19,8,4,0.4211,0.2105,-0.0335,-0.1345,0,0,0,0,0,0,0,0,0,0,0,0,0,0,0,0,0,0x0000,WAIT,0,0,0,1,,0,bonus_bs15_gae1_no,700000,107,73,2044,3000,68.13,0
64511,2026-04-11 23:45:55,2026-04-11,2,20,89,shield,11,1,20,8,5,0.4000,0.2500,-0.1833,-0.1000,0,0,0,0,0,0,0,0,0,0,0,0,0,0,0,0,0,0x0000,WAIT,0,0,0,0,,0,bonus_bs15_gae1_no,700000,107,73,2044,3000,68.13,0
64512,2026-04-11 23:45:56,2026-04-11,2,21,89,spins,11,1,21,8,8,0.3810,0.3810,-0.1575,-0.0736,0,0,0,0,0,0,0,0,0,0,0,0,0,0,0,0,0,0x0000,WAIT,0,0,0,1,spins,0,bonus_bs15_gae1_no,700000,107,73,2044,3000,68.13,0
64513,2026-04-11 23:45:57,2026-04-11,2,22,89,spins,11,1,22,9,8,0.4091,0.3636,-0.1623,-0.1742,0,0,0,0,0,0,0,0,0,0,0,0,0,0,0,0,0,0x0000,WAIT,0,0,0,0,,0,bonus_bs15_gae1_no,700000,107,73,2045,3000,68.17,0
64514,2026-04-11 23:45:58,2026-04-11,2,23,89,spins,11,1,23,9,8,0.3913,0.3478,-0.1420,-0.1472,0,0,0,0,0,0,0,0,0,0,0,0,0,0,0,0,0,0x0000,WAIT,0,0,0,1,,0,bonus_bs15_gae1_no,700000,107,73,2045,3000,68.17,0
64515,2026-04-11 23:45:58,2026-04-11,2,24,89,spins,11,1,24,9,8,0.3750,0.3333,-0.1250,-0.1964,0,0,0,0,0,0,0,0,0,0,0,0,0,0,0,0,0,0x0000,WAIT,0,0,0,0,,0,bonus_bs15_gae1_no,700000,107,73,2045,3000,68.17,0
64516,2026-04-11 23:45:59,2026-04-11,2,25,89,spins,11,1,25,9,8,0.3600,0.3200,-0.1106,-0.1733,0,0,0,0,0,0,0,0,0,0,0,0,0,0,0,0,0,0x0000,WAIT,0,0,0,0,,0,bonus_bs15_gae1_no,700000,107,73,2045,3000,68.17,0
64517,2026-04-11 23:46:00,2026-04-11,2,26,89,spins,11,1,26,10,8,0.3846,0.3077,-0.0598,-0.1154,0,0,0,0,0,0,0,0,0,0,0,0,0,0,0,0,0,0x0000,WAIT,0,0,0,0,,0,bonus_bs15_gae1_no,700000,107,73,2046,3000,68.20,0
64518,2026-04-11 23:46:01,2026-04-11,2,27,89,spins,11,1,27,12,8,0.4444,0.2963,0.0234,-0.0261,0,0,0,0,0,0,0,0,0,0,0,0,0,0,0,0,0,0x0000,WAIT,0,0,0,0,,0,bonus_bs15_gae1_no,700000,107,73,2048,3000,68.27,0
64519,2026-04-11 23:46:02,2026-04-11,2,28,89,spins,11,1,28,12,8,0.4286,0.2857,0.0286,-0.0159,0,0,0,0,0,0,0,0,0,0,0,0,0,0,0,0,0,0x0000,WAIT,0,0,0,0,,0,bonus_bs15_gae1_no,700000,107,73,2048,3000,68.27,0
64520,2026-04-11 23:46:03,2026-04-11,2,29,89,spins,11,1,29,12,8,0.4138,0.2759,0.0328,-0.0073,0,0,0,0,0,0,0,0,0,0,0,0,0,0,0,0,0,0x0000,WAIT,0,0,0,0,,0,bonus_bs15_gae1_no,700000,107,73,2048,3000,68.27,0
64521,2026-04-11 23:46:04,2026-04-11,2,30,89,spins,11,1,30,12,8,0.4000,0.2667,-0.0091,0.0000,0,0,0,0,0,0,0,0,0,0,0,0,0,0,0,0,0,0x0000,WAIT,0,0,0,0,,0,bonus_bs15_gae1_no,700000,107,73,2048,3000,68.27,0
64522,2026-04-11 23:46:04,2026-04-11,2,31,89,spins,11,1,31,13,8,0.4194,0.2581,0.0281,0.0384,0,0,0,0,0,0,0,0,0,0,0,0,0,0,0,0,0,0x0000,WAIT,0,0,0,0,,0,bonus_bs15_gae1_no,700000,107,73,2049,3000,68.30,0
64523,2026-04-11 23:46:05,2026-04-11,2,32,89,spins,11,1,32,13,8,0.4062,0.2500,0.0312,-0.0028,0,0,0,0,0,0,0,0,0,0,0,0,0,0,0,0,0,0x0000,WAIT,0,0,0,1,,0,bonus_bs15_gae1_no,700000,107,73,2049,3000,68.30,0
64524,2026-04-11 23:46:06,2026-04-11,2,33,89,spins,11,1,33,13,8,0.3939,0.2424,0.0339,0.0026,0,0,0,0,0,0,0,0,0,0,0,0,0,0,0,0,0,0x0000,WAIT,0,0,0,1,,0,bonus_bs15_gae1_no,700000,107,73,2049,3000,68.30,0
64525,2026-04-11 23:46:07,2026-04-11,2,34,89,spins,11,1,34,13,8,0.3824,0.2353,-0.0023,0.0074,0,0,0,0,0,0,0,0,0,0,0,0,0,0,0,0,0,0x0000,WAIT,0,0,0,0,,0,bonus_bs15_gae1_no,700000,107,73,2049,3000,68.30,0
64526,2026-04-11 23:46:08,2026-04-11,2,35,89,spins,11,1,35,14,8,0.4000,0.2286,-0.0444,0.0400,0,0,0,0,0,0,0,0,0,0,0,0,0,0,0,0,0,0x0000,SOON,0,0,0,0,,0,bonus_bs15_gae1_no,700000,107,73,2050,3000,68.33,0
64527,2026-04-11 23:46:09,2026-04-11,2,36,89,spins,11,1,36,14,8,0.3889,0.2222,-0.0397,0.0043,0,0,0,0,0,0,0,0,0,0,0,0,0,0,0,0,0,0x0000,SOON,0,0,0,1,,0,bonus_bs15_gae1_no,700000,107,73,2050,3000,68.33,0
64528,2026-04-11 23:46:10,2026-04-11,2,37,89,attack,11,1,37,14,8,0.3784,0.2162,-0.0354,-0.0661,0,0,0,0,0,0,0,0,0,0,0,0,0,0,0,0,0,0x0000,SOON,0,0,0,1,attack,0,bonus_bs15_gae1_no,700000,107,73,2050,3000,68.33,0
64529,2026-04-11 23:46:18,2026-04-11,2,38,89,attack,11,1,38,14,8,0.3684,0.2105,-0.0316,-0.0602,0,0,0,0,0,0,0,0,0,0,0,0,0,0,0,0,0,0x0000,SOON,0,0,0,0,,0,bonus_bs15_gae1_no,700000,107,73,2050,3000,68.33,0
64530,2026-04-11 23:46:19,2026-04-11,2,39,89,attack,11,1,39,14,8,0.3590,0.2051,-0.0604,-0.0548,0,0,0,0,0,0,0,0,0,0,0,0,0,0,0,0,0,0x0000,SOON,0,0,0,1,,0,bonus_bs15_gae1_no,700000,107,73,2050,3000,68.33,0
64531,2026-04-11 23:46:20,2026-04-11,2,40,89,attack,11,1,40,15,8,0.3750,0.2000,-0.0312,-0.0250,0,0,0,0,0,0,0,0,0,0,0,0,0,0,0,0,0,0x0000,SOON,0,0,0,0,,0,bonus_bs15_gae1_no,700000,107,73,2051,3000,68.37,0
64532,2026-04-11 23:46:21,2026-04-11,2,41,89,attack,11,1,41,15,9,0.3659,0.2195,-0.0281,-0.0535,0,0,0,0,0,0,0,0,0,0,0,0,0,0,0,0,0,0x0000,SOON,0,0,0,0,,0,bonus_bs15_gae1_no,700000,107,73,2051,3000,68.37,0
64533,2026-04-11 23:46:30,2026-04-11,2,42,89,attack,11,1,42,15,10,0.3571,0.2381,-0.0252,-0.0491,0,0,0,0,0,0,0,0,0,0,0,0,0,0,0,0,0,0x0000,SOON,0,0,0,0,,0,bonus_bs15_gae1_no,700000,107,73,2051,3000,68.37,0
64534,2026-04-11 23:46:31,2026-04-11,2,43,89,attack,11,1,43,15,10,0.3488,0.2326,-0.0512,-0.0451,0,0,0,0,0,0,0,0,0,0,0,0,0,0,0,0,0,0x0000,SOON,0,0,0,0,,0,bonus_bs15_gae1_no,700000,107,73,2051,3000,68.37,0
64535,2026-04-11 23:46:32,2026-04-11,2,44,89,attack,11,1,44,15,10,0.3409,0.2273,-0.0480,-0.0414,0,0,0,0,0,0,0,0,0,0,0,0,0,0,0,0,0,0x0000,SOON,0,0,0,0,,0,bonus_bs15_gae1_no,700000,107,73,2051,3000,68.37,0
64536,2026-04-11 23:46:33,2026-04-11,2,45,89,attack,11,1,45,15,11,0.3333,0.2444,-0.0450,-0.0667,0,0,0,0,0,0,0,0,0,0,0,0,0,0,0,0,0,0x0000,SOON,0,0,0,0,,0,bonus_bs15_gae1_no,700000,107,73,2051,3000,68.37,0
64537,2026-04-11 23:46:33,2026-04-11,2,46,89,shield,11,1,46,15,11,0.3261,0.2391,-0.0423,-0.0628,0,0,0,0,0,0,0,0,0,0,0,0,0,0,0,0,0,0x0000,SOON,0,0,0,1,shield,0,bonus_bs15_gae1_no,700000,107,73,2051,3000,68.37,0
64538,2026-04-11 23:46:34,2026-04-11,2,47,89,shield,11,1,47,15,11,0.3191,0.2340,-0.0398,-0.0592,0,0,0,0,0,0,0,0,0,0,0,0,0,0,0,0,0,0x0000,SOON,0,0,0,0,,0,bonus_bs15_gae1_no,700000,107,73,2051,3000,68.37,0
64539,2026-04-11 23:46:35,2026-04-11,2,48,89,shield,11,1,48,16,11,0.3333,0.2292,-0.0417,-0.0351,0,0,0,0,0,0,0,0,0,0,0,0,0,0,0,0,0,0x0000,SOON,0,0,0,0,,0,bonus_bs15_gae1_no,700000,107,73,2052,3000,68.40,0
64540,2026-04-11 23:46:36,2026-04-11,2,49,89,shield,11,1,49,16,11,0.3265,0.2245,-0.0393,-0.0324,0,0,0,0,0,0,0,0,0,0,0,0,0,0,0,0,0,0x0000,SOON,0,0,0,1,,0,bonus_bs15_gae1_no,700000,107,73,2052,3000,68.40,0
64541,2026-04-11 23:46:37,2026-04-11,2,50,89,steal,11,1,50,16,11,0.3200,0.2200,-0.0371,-0.0550,0,0,0,0,0,0,0,0,0,0,0,0,0,0,0,0,0,0x0000,SOON,0,0,0,1,steal,0,bonus_bs15_gae1_no,700000,107,73,2052,3000,68.40,0
64542,2026-04-11 23:46:52,2026-04-11,2,51,89,steal,11,1,51,16,12,0.3137,0.2353,-0.0351,-0.0521,0,0,0,0,0,0,0,0,0,0,0,0,0,0,0,0,0,0x0000,SOON,0,0,0,0,,0,bonus_bs15_gae1_no,700000,107,73,2052,3000,68.40,0
64543,2026-04-11 23:46:52,2026-04-11,2,52,89,steal,11,1,52,17,12,0.3269,0.2308,-0.0140,-0.0302,0,0,0,0,0,0,0,0,0,0,0,0,0,0,0,0,0,0x0000,SOON,0,0,0,0,,0,bonus_bs15_gae1_no,700000,107,73,2053,3000,68.43,0
64544,2026-04-11 23:46:54,2026-04-11,2,53,89,steal,11,1,53,17,12,0.3208,0.2264,-0.0126,-0.0281,0,0,0,0,0,0,0,0,0,0,0,0,0,0,0,0,0,0x0000,SOON,0,0,0,0,,0,bonus_bs15_gae1_no,700000,107,73,2053,3000,68.43,0
64545,2026-04-11 23:46:54,2026-04-11,2,54,89,steal,11,1,54,17,12,0.3148,0.2222,-0.0113,-0.0261,0,0,0,0,0,0,0,0,0,0,0,0,0,0,0,0,0,0x0000,SOON,0,0,0,1,,0,bonus_bs15_gae1_no,700000,107,73,2053,3000,68.43,0
64546,2026-04-11 23:46:56,2026-04-11,2,55,89,steal,11,1,55,17,14,0.3091,0.2545,-0.0101,-0.0242,0,0,0,0,0,0,0,0,0,0,0,0,0,0,0,0,0,0x0000,SOON,0,0,0,0,,0,bonus_bs15_gae1_no,700000,107,73,2053,3000,68.43,0
64547,2026-04-11 23:46:57,2026-04-11,2,56,89,steal,11,1,56,18,14,0.3214,0.2500,-0.0119,-0.0047,0,0,0,0,0,0,0,0,0,0,0,0,0,0,0,0,0,0x0000,SOON,0,0,0,0,,0,bonus_bs15_gae1_no,700000,107,73,2054,3000,68.47,0
64548,2026-04-11 23:46:58,2026-04-11,2,57,89,shield,11,1,57,18,14,0.3158,0.2456,-0.0107,-0.0034,0,0,0,0,0,0,0,0,0,0,0,0,0,0,0,0,0,0x0000,SOON,0,0,0,1,shield,0,bonus_bs15_gae1_no,700000,107,73,2054,3000,68.47,0
64549,2026-04-11 23:46:59,2026-04-11,2,58,89,shield,11,1,58,18,14,0.3103,0.2414,-0.0097,-0.0230,0,0,0,0,0,0,0,0,0,0,0,0,0,0,0,0,0,0x0000,SOON,0,0,0,0,,0,bonus_bs15_gae1_no,700000,107,73,2054,3000,68.47,0
64550,2026-04-11 23:46:59,2026-04-11,2,59,89,shield,11,1,59,18,15,0.3051,0.2542,-0.0086,-0.0214,0,0,0,0,0,0,0,0,0,0,0,0,0,0,0,0,0,0x0000,SOON,0,0,0,0,,0,bonus_bs15_gae1_no,700000,107,73,2054,3000,68.47,0
64551,2026-04-11 23:47:00,2026-04-11,2,60,89,shield,11,1,60,18,16,0.3000,0.2667,-0.0269,-0.0200,0,0,0,0,0,0,0,0,0,0,0,0,0,0,0,0,0,0x0000,ALERT,0,0,0,0,,0,bonus_bs15_gae1_no,700000,107,73,2054,3000,68.47,0
64552,2026-04-11 23:47:01,2026-04-11,2,61,89,shield,11,1,61,20,16,0.3279,0.2623,0.0071,0.0141,0,0,0,0,0,0,0,0,0,0,0,0,0,0,0,0,0,0x0000,ALERT,0,0,0,0,,0,bonus_bs15_gae1_no,700000,107,73,2056,3000,68.53,0
64553,2026-04-11 23:47:02,2026-04-11,2,62,89,steal,11,1,62,20,16,0.3226,0.2581,0.0078,-0.0043,0,0,0,0,0,0,0,0,0,0,0,0,0,0,0,0,0,0x0000,ALERT,0,0,0,1,steal,0,bonus_bs15_gae1_no,700000,107,73,2056,3000,68.53,0
64554,2026-04-11 23:47:11,2026-04-11,2,63,89,steal,11,1,63,21,16,0.3333,0.2540,0.0242,0.0126,0,0,0,0,0,0,0,0,0,0,0,0,0,0,0,0,0,0x0000,ALERT,0,0,0,0,,0,bonus_bs15_gae1_no,700000,107,73,2057,3000,68.57,0
64555,2026-04-11 23:47:12,2026-04-11,2,64,89,steal,11,1,64,21,16,0.3281,0.2500,0.0067,0.0133,0,0,0,0,0,0,0,0,0,0,0,0,0,0,0,0,0,0x0000,ALERT,0,0,0,1,,0,bonus_bs15_gae1_no,700000,107,73,2057,3000,68.57,0
64556,2026-04-11 23:47:13,2026-04-11,2,65,65,accumulation,11,1,0,0,0,0.0000,0.0000,0.0000,0.0000,0,0,0,0,0,0,0,0,0,0,0,0,0,0,0,0,0,0x0000,WAIT,0,0,0,1,accumulation,0,bonus_bs15_gae1_no,700000,107,73,2067,3000,68.90,0
64557,2026-04-11 23:47:14,2026-04-11,3,1,65,accumulation,11,1,1,1,0,1.0000,0.0000,0.0000,0.0000,0,0,0,0,0,0,0,0,0,0,0,0,0,0,0,0,0,0x0000,WAIT,0,0,0,0,,0,bonus_bs15_gae1_no,700000,107,73,2068,3000,68.93,0
64558,2026-04-11 23:47:15,2026-04-11,3,2,65,accumulation,11,1,2,3,0,1.5000,0.0000,0.0000,0.0000,0,0,0,0,0,0,0,0,0,0,0,0,0,0,0,0,0,0x0000,WAIT,0,0,0,0,,0,bonus_bs15_gae1_no,700000,107,73,2070,3000,69.00,0
64559,2026-04-11 23:47:16,2026-04-11,3,3,65,accumulation,11,1,3,4,0,1.3333,0.0000,0.0000,0.0000,0,0,0,0,0,0,0,0,0,0,0,0,0,0,0,0,0,0x0000,WAIT,0,0,0,0,,0,bonus_bs15_gae1_no,700000,107,73,2071,3000,69.03,0
64560,2026-04-11 23:47:18,2026-04-11,3,4,65,accumulation,11,1,4,4,0,1.0000,0.0000,0.0000,0.0000,0,0,0,0,0,0,0,0,0,0,0,0,0,0,0,0,0,0x0000,WAIT,0,0,0,0,,0,bonus_bs15_gae1_no,700000,107,73,2071,3000,69.03,0
64561,2026-04-11 23:47:18,2026-04-11,3,5,65,accumulation,11,1,5,4,0,0.8000,0.0000,0.0000,0.0000,0,0,0,0,0,0,0,0,0,0,0,0,0,0,0,0,0,0x0000,WAIT,0,0,0,1,,0,bonus_bs15_gae1_no,700000,107,73,2071,3000,69.03,0
64562,2026-04-11 23:47:19,2026-04-11,3,6,65,attack,11,1,6,4,0,0.6667,0.0000,0.0000,0.0000,0,0,0,0,0,0,0,0,0,0,0,0,0,0,0,0,0,0x0000,WAIT,0,0,0,1,attack,0,bonus_bs15_gae1_no,700000,107,73,2071,3000,69.03,0
64563,2026-04-11 23:47:30,2026-04-11,3,7,65,attack,11,1,7,5,0,0.7143,0.0000,0.0000,0.0000,0,0,0,0,0,0,0,0,0,0,0,0,0,0,0,0,0,0x0000,WAIT,0,0,0,0,,0,bonus_bs15_gae1_no,700000,107,73,2072,3000,69.07,0
64564,2026-04-11 23:47:31,2026-04-11,3,8,65,attack,11,1,8,5,0,0.6250,0.0000,0.0000,0.0000,0,0,0,0,0,0,0,0,0,0,0,0,0,0,0,0,0,0x0000,WAIT,0,0,0,0,,0,bonus_bs15_gae1_no,700000,107,73,2072,3000,69.07,0
64565,2026-04-11 23:47:32,2026-04-11,3,9,65,attack,11,1,9,5,0,0.5556,0.0000,-0.4444,0.0000,0,0,0,0,0,0,0,0,0,0,0,0,0,0,0,0,0,0x0000,WAIT,0,0,0,0,,0,bonus_bs15_gae1_no,700000,107,73,2072,3000,69.07,0
64566,2026-04-11 23:47:33,2026-04-11,3,10,65,attack,11,1,10,6,0,0.6000,0.0000,-0.9000,0.0000,0,0,0,0,0,0,0,0,0,0,0,0,0,0,0,0,0,0x0000,WAIT,0,0,0,0,,0,bonus_bs15_gae1_no,700000,107,73,2073,3000,69.10,0
64567,2026-04-11 23:47:34,2026-04-11,3,11,65,attack,11,1,11,6,1,0.5455,0.0909,-0.7879,-0.4545,0,0,0,0,0,0,0,0,0,0,0,0,0,0,0,0,0,0x0000,WAIT,0,0,0,0,,0,bonus_bs15_gae1_no,700000,107,73,2073,3000,69.10,0
64568,2026-04-11 23:47:35,2026-04-11,3,12,65,attack,11,1,12,8,1,0.6667,0.0833,-0.3333,-0.8333,0,0,0,0,0,0,0,0,0,0,0,0,0,0,0,0,0,0x0000,WAIT,0,0,0,0,,0,bonus_bs15_gae1_no,700000,107,73,2075,3000,69.17,0
64569,2026-04-11 23:47:36,2026-04-11,3,13,65,attack,11,1,13,8,1,0.6154,0.0769,-0.1846,-0.7179,0,0,0,0,0,0,0,0,0,0,0,0,0,0,0,0,0,0x0000,WAIT,0,0,0,0,,0,bonus_bs15_gae1_no,700000,107,73,2075,3000,69.17,0
64570,2026-04-11 23:47:37,2026-04-11,3,14,65,attack,11,1,14,8,1,0.5714,0.0714,-0.0952,-0.4286,0,0,0,0,0,0,0,0,0,0,0,0,0,0,0,0,0,0x0000,WAIT,0,0,0,0,,0,bonus_bs15_gae1_no,700000,107,73,2075,3000,69.17,0
64571,2026-04-11 23:47:38,2026-04-11,3,15,65,attack,11,1,15,8,1,0.5333,0.0667,-0.1810,-0.2667,0,0,0,0,0,0,0,0,0,0,0,0,0,0,0,0,0,0x0000,WAIT,0,0,0,0,,0,bonus_bs15_gae1_no,700000,107,73,2075,3000,69.17,0
64572,2026-04-11 23:47:38,2026-04-11,3,16,65,attack,11,1,16,8,1,0.5000,0.0625,-0.1250,-0.1667,0,0,0,0,0,0,0,0,0,0,0,0,0,0,0,0,0,0x0000,WAIT,0,0,0,1,,0,bonus_bs15_gae1_no,700000,107,73,2075,3000,69.17,0
64573,2026-04-11 23:47:39,2026-04-11,3,17,65,shield,11,1,17,8,1,0.4706,0.0588,-0.0850,-0.2437,0,0,0,0,0,0,0,0,0,0,0,0,0,0,0,0,0,0x0000,WAIT,0,0,0,1,shield,0,bonus_bs15_gae1_no,700000,107,73,2075,3000,69.17,0
64574,2026-04-11 23:47:40,2026-04-11,3,18,65,shield,11,1,18,8,2,0.4444,0.1111,-0.1556,-0.1806,0,0,0,0,0,0,0,0,0,0,0,0,0,0,0,0,0,0x0000,WAIT,0,0,0,0,,0,bonus_bs15_gae1_no,700000,107,73,2075,3000,69.17,0
64575,2026-04-11 23:47:40,2026-04-11,3,19,65,shield,11,1,19,8,2,0.4211,0.1053,-0.1244,-0.1345,0,0,0,0,0,0,0,0,0,0,0,0,0,0,0,0,0,0x0000,WAIT,0,0,0,1,,0,bonus_bs15_gae1_no,700000,107,73,2075,3000,69.17,0
64576,2026-04-11 23:47:41,2026-04-11,3,20,65,shield,11,1,20,8,3,0.4000,0.1500,-0.2667,-0.2000,0,0,0,0,0,0,0,0,0,0,0,0,0,0,0,0,0,0x0000,WAIT,0,0,0,0,,0,bonus_bs15_gae1_no,700000,107,73,2075,3000,69.17,0
64577,2026-04-11 23:47:42,2026-04-11,3,21,65,steal,11,1,21,8,3,0.3810,0.1429,-0.2344,-0.1645,0,0,0,0,0,0,0,0,0,0,0,0,0,0,0,0,0,0x0000,WAIT,0,0,0,1,steal,0,bonus_bs15_gae1_no,700000,107,73,2075,3000,69.17,0
64578,2026-04-11 23:47:50,2026-04-11,3,22,65,steal,11,1,22,8,3,0.3636,0.1364,-0.2078,-0.3030,0,0,0,0,0,0,0,0,0,0,0,0,0,0,0,0,0,0x0000,WAIT,0,0,0,1,,0,bonus_bs15_gae1_no,700000,107,73,2075,3000,69.17,0
64579,2026-04-11 23:47:50,2026-04-11,3,23,65,steal,11,1,23,10,3,0.4348,0.1304,-0.0986,-0.1806,0,0,0,0,0,0,0,0,0,0,0,0,0,0,0,0,0,0x0000,WAIT,0,0,0,0,,0,bonus_bs15_gae1_no,700000,107,73,2077,3000,69.23,0
64580,2026-04-11 23:47:52,2026-04-11,3,24,65,steal,11,1,24,10,3,0.4167,0.1250,-0.0833,-0.1548,0,0,0,0,0,0,0,0,0,0,0,0,0,0,0,0,0,0x0000,WAIT,0,0,0,0,,0,bonus_bs15_gae1_no,700000,107,73,2077,3000,69.23,0
64581,2026-04-11 23:47:53,2026-04-11,3,25,65,steal,11,1,25,10,3,0.4000,0.1200,-0.0706,-0.1333,0,0,0,0,0,0,0,0,0,0,0,0,0,0,0,0,0,0x0000,WAIT,0,0,0,0,,0,bonus_bs15_gae1_no,700000,107,73,2077,3000,69.23,0
64582,2026-04-11 23:47:54,2026-04-11,3,26,65,attack,11,1,26,10,3,0.3846,0.1154,-0.0598,-0.1154,0,0,0,0,0,0,0,0,0,0,0,0,0,0,0,0,0,0x0000,WAIT,0,0,0,1,attack,0,bonus_bs15_gae1_no,700000,107,73,2077,3000,69.23,0
64583,2026-04-11 23:48:03,2026-04-11,3,27,65,attack,11,1,27,10,5,0.3704,0.1852,-0.0507,-0.1002,0,0,0,0,0,0,0,0,0,0,0,0,0,0,0,0,0,0x0000,WAIT,0,0,0,0,,0,bonus_bs15_gae1_no,700000,107,73,2077,3000,69.23,0
64584,2026-04-11 23:48:04,2026-04-11,3,28,65,attack,11,1,28,10,6,0.3571,0.2143,-0.0429,-0.0873,0,0,0,0,0,0,0,0,0,0,0,0,0,0,0,0,0,0x0000,WAIT,0,0,0,0,,0,bonus_bs15_gae1_no,700000,107,73,2077,3000,69.23,0
64585,2026-04-11 23:48:04,2026-04-11,3,29,65,attack,11,1,29,10,6,0.3448,0.2069,-0.0361,-0.0762,0,0,0,0,0,0,0,0,0,0,0,0,0,0,0,0,0,0x0000,WAIT,0,0,0,1,,0,bonus_bs15_gae1_no,700000,107,73,2077,3000,69.23,0
64586,2026-04-11 23:48:05,2026-04-11,3,30,65,attack,11,1,30,10,6,0.3333,0.2000,-0.0303,-0.0667,0,0,0,0,0,0,0,0,0,0,0,0,0,0,0,0,0,0x0000,WAIT,0,0,0,0,,0,bonus_bs15_gae1_no,700000,107,73,2077,3000,69.23,0
64587,2026-04-11 23:48:06,2026-04-11,3,31,65,attack,11,1,31,11,6,0.3548,0.1935,-0.0799,-0.0261,0,0,0,0,0,0,0,0,0,0,0,0,0,0,0,0,0,0x0000,WAIT,0,0,0,0,,0,bonus_bs15_gae1_no,700000,107,73,2078,3000,69.27,0
64588,2026-04-11 23:48:08,2026-04-11,3,32,65,attack,11,1,32,11,6,0.3438,0.1875,-0.0729,-0.0199,0,0,0,0,0,0,0,0,0,0,0,0,0,0,0,0,0,0x0000,WAIT,0,0,0,0,,0,bonus_bs15_gae1_no,700000,107,73,2078,3000,69.27,0
64589,2026-04-11 23:48:08,2026-04-11,3,33,65,attack,11,1,33,11,7,0.3333,0.2121,-0.0667,-0.1014,0,0,0,0,0,0,0,0,0,0,0,0,0,0,0,0,0,0x0000,WAIT,0,0,0,0,,0,bonus_bs15_gae1_no,700000,107,73,2078,3000,69.27,0
64590,2026-04-11 23:48:09,2026-04-11,3,34,65,attack,11,1,34,11,8,0.3235,0.2353,-0.0611,-0.0931,0,0,0,0,0,0,0,0,0,0,0,0,0,0,0,0,0,0x0000,WAIT,0,0,0,0,,0,bonus_bs15_gae1_no,700000,107,73,2078,3000,69.27,0
64591,2026-04-11 23:48:10,2026-04-11,3,35,65,attack,11,1,35,11,8,0.3143,0.2286,-0.0561,-0.0857,0,0,0,0,0,0,0,0,0,0,0,0,0,0,0,0,0,0x0000,SOON,0,0,0,1,,0,bonus_bs15_gae1_no,700000,107,73,2078,3000,69.27,0
64592,2026-04-11 23:48:11,2026-04-11,3,36,65,attack,11,1,36,11,8,0.3056,0.2222,-0.0516,-0.0791,0,0,0,0,0,0,0,0,0,0,0,0,0,0,0,0,0,0x0000,SOON,0,0,0,1,attack,0,bonus_bs15_gae1_no,700000,107,73,2078,3000,69.27,0
64593,2026-04-11 23:48:20,2026-04-11,3,37,65,attack,11,1,37,12,8,0.3243,0.2162,-0.0205,-0.0460,0,0,0,0,0,0,0,0,0,0,0,0,0,0,0,0,0,0x0000,SOON,0,0,0,0,,0,bonus_bs15_gae1_no,700000,107,73,2079,3000,69.30,0
64594,2026-04-11 23:48:21,2026-04-11,3,38,65,attack,11,1,38,12,8,0.3158,0.2105,-0.0175,-0.0414,0,0,0,0,0,0,0,0,0,0,0,0,0,0,0,0,0,0x0000,SOON,0,0,0,0,,0,bonus_bs15_gae1_no,700000,107,73,2079,3000,69.30,0
64595,2026-04-11 23:48:22,2026-04-11,3,39,65,attack,11,1,39,12,8,0.3077,0.2051,-0.0471,-0.0371,0,0,0,0,0,0,0,0,0,0,0,0,0,0,0,0,0,0x0000,SOON,0,0,0,1,attack,0,bonus_bs15_gae1_no,700000,107,73,2079,3000,69.30,0
64596,2026-04-11 23:48:28,2026-04-11,3,40,65,attack,11,1,40,12,8,0.3000,0.2000,-0.0438,-0.0333,0,0,0,0,0,0,0,0,0,0,0,0,0,0,0,0,0,0x0000,SOON,0,0,0,0,,0,bonus_bs15_gae1_no,700000,107,73,2079,3000,69.30,0
64597,2026-04-11 23:48:29,2026-04-11,3,41,65,attack,11,1,41,12,9,0.2927,0.2195,-0.0407,-0.0622,0,0,0,0,0,0,0,0,0,0,0,0,0,0,0,0,0,0x0000,SOON,0,0,0,0,,0,bonus_bs15_gae1_no,700000,107,73,2079,3000,69.30,0
64598,2026-04-11 23:48:30,2026-04-11,3,42,65,attack,11,1,42,12,9,0.2857,0.2143,-0.0378,-0.0580,0,0,0,0,0,0,0,0,0,0,0,0,0,0,0,0,0,0x0000,SOON,0,0,0,1,,0,bonus_bs15_gae1_no,700000,107,73,2079,3000,69.30,0
64599,2026-04-11 23:48:30,2026-04-11,3,43,65,shield,11,1,43,12,9,0.2791,0.2093,-0.0352,-0.0543,0,0,0,0,0,0,0,0,0,0,0,0,0,0,0,0,0,0x0000,SOON,0,0,0,1,shield,0,bonus_bs15_gae1_no,700000,107,73,2079,3000,69.30,0
64600,2026-04-11 23:48:36,2026-04-11,3,44,65,shield,11,15,44,14,9,0.3182,0.2045,0.0126,-0.0053,0,0,0,0,0,0,0,0,0,0,0,0,0,0,0,0,0,0x0000,SOON,0,0,0,0,,0,bonus_bs15_gae1_no,700000,107,73,2109,3000,70.30,0
64601,2026-04-11 23:48:37,2026-04-11,3,45,65,shield,11,15,45,14,9,0.3111,0.2000,-0.0132,-0.0032,0,0,0,0,0,0,0,0,0,0,0,0,0,0,0,0,0,0x0000,SOON,0,0,0,0,,0,bonus_bs15_gae1_no,700000,107,73,2109,3000,70.30,0
64602,2026-04-11 23:48:38,2026-04-11,3,46,65,shield,11,15,46,14,9,0.3043,0.1957,-0.0114,-0.0012,0,0,0,0,0,0,0,0,0,0,0,0,0,0,0,0,0,0x0000,SOON,0,0,0,0,,0,bonus_bs15_gae1_no,700000,107,73,2109,3000,70.30,0
64603,2026-04-11 23:48:39,2026-04-11,3,47,65,shield,11,15,47,15,9,0.3191,0.1915,0.0115,-0.0052,0,0,0,0,0,0,0,0,0,0,0,0,0,0,0,0,0,0x0000,SOON,0,0,0,0,,0,bonus_bs15_gae1_no,700000,107,73,2124,3000,70.80,0
64604,2026-04-11 23:48:40,2026-04-11,3,48,65,shield,11,15,48,15,9,0.3125,0.1875,0.0125,-0.0033,0,0,0,0,0,0,0,0,0,0,0,0,0,0,0,0,0,0x0000,SOON,0,0,0,0,,0,bonus_bs15_gae1_no,700000,107,73,2124,3000,70.80,0
64605,2026-04-11 23:48:40,2026-04-11,3,49,65,shield,11,15,49,15,9,0.3061,0.1837,0.0134,-0.0016,0,0,0,0,0,0,0,0,0,0,0,0,0,0,0,0,0,0x0000,SOON,0,0,0,0,,0,bonus_bs15_gae1_no,700000,107,73,2124,3000,70.80,0
64606,2026-04-11 23:48:41,2026-04-11,3,50,65,attack,11,15,50,15,9,0.3000,0.1800,0.0143,0.0000,0,0,0,0,0,0,0,0,0,0,0,0,0,0,0,0,0,0x0000,SOON,0,0,0,1,attack,0,bonus_bs15_gae1_no,700000,107,73,2124,3000,70.80,0
64607,2026-04-11 23:48:50,2026-04-11,3,51,65,attack,11,15,51,15,9,0.2941,0.1765,0.0150,0.0014,0,0,0,0,0,0,0,0,0,0,0,0,0,0,0,0,0,0x0000,SOON,0,0,0,1,,0,bonus_bs15_gae1_no,700000,107,73,2124,3000,70.80,0
64608,2026-04-11 23:48:51,2026-04-11,3,52,65,attack,11,15,52,16,9,0.3077,0.1731,-0.0105,0.0220,0,0,0,0,0,0,0,0,0,0,0,0,0,0,0,0,0,0x0000,SOON,0,0,0,0,,0,bonus_bs15_gae1_no,700000,107,73,2139,3000,71.30,0
64609,2026-04-11 23:48:52,2026-04-11,3,53,65,attack,11,15,53,16,9,0.3019,0.1698,-0.0092,0.0228,0,0,0,0,0,0,0,0,0,0,0,0,0,0,0,0,0,0x0000,SOON,0,0,0,0,,0,bonus_bs15_gae1_no,700000,107,73,2139,3000,71.30,0
64610,2026-04-11 23:48:53,2026-04-11,3,54,65,attack,11,15,54,16,10,0.2963,0.1852,-0.0081,-0.0219,0,0,0,0,0,0,0,0,0,0,0,0,0,0,0,0,0,0x0000,SOON,0,0,0,0,,0,bonus_bs15_gae1_no,700000,107,73,2139,3000,71.30,0
64611,2026-04-11 23:49:21,2026-04-11,3,55,65,attack,11,15,55,16,11,0.2909,0.2000,-0.0282,-0.0202,0,0,0,0,0,0,0,0,0,0,0,0,0,0,0,0,0,0x0000,SOON,0,0,0,0,,0,bonus_bs15_gae1_no,700000,107,73,2139,3000,71.30,0
64612,2026-04-11 23:49:22,2026-04-11,3,56,65,attack,11,15,56,16,11,0.2857,0.1964,-0.0268,-0.0186,0,0,0,0,0,0,0,0,0,0,0,0,0,0,0,0,0,0x0000,SOON,0,0,0,1,attack,0,bonus_bs15_gae1_no,700000,107,73,2139,3000,71.30,0
64613,2026-04-11 23:49:50,2026-04-11,3,57,65,attack,11,15,57,17,11,0.2982,0.1930,-0.0079,-0.0209,0,0,0,0,0,0,0,0,0,0,0,0,0,0,0,0,0,0x0000,SOON,0,0,0,0,,0,bonus_bs15_gae1_no,700000,107,73,2154,3000,71.80,0
64614,2026-04-11 23:49:51,2026-04-11,3,58,65,attack,11,15,58,17,11,0.2931,0.1897,-0.0069,-0.0194,0,0,0,0,0,0,0,0,0,0,0,0,0,0,0,0,0,0x0000,SOON,0,0,0,1,,0,bonus_bs15_gae1_no,700000,107,73,2154,3000,71.80,0
64615,2026-04-11 23:49:52,2026-04-11,3,59,65,attack,11,15,59,17,12,0.2881,0.2034,-0.0060,-0.0180,0,0,0,0,0,0,0,0,0,0,0,0,0,0,0,0,0,0x0000,SOON,0,0,0,0,,0,bonus_bs15_gae1_no,700000,107,73,2154,3000,71.80,0
64616,2026-04-11 23:49:53,2026-04-11,3,60,60,accumulation,11,15,0,0,0,0.0000,0.0000,0.0000,0.0000,0,0,0,0,0,0,0,0,0,0,0,0,0,0,0,0,0,0x0000,WAIT,0,0,0,1,accumulation,0,bonus_bs15_gae1_no,700000,107,73,2304,3000,76.80,0
64617,2026-04-11 23:49:54,2026-04-11,4,1,60,accumulation,11,15,1,0,0,0.0000,0.0000,0.0000,0.0000,0,0,0,0,0,0,0,0,0,0,0,0,0,0,0,0,0,0x0000,WAIT,0,0,0,0,,0,bonus_bs15_gae1_no,700000,107,73,2304,3000,76.80,0
64618,2026-04-11 23:49:55,2026-04-11,4,2,60,accumulation,11,15,2,1,0,0.5000,0.0000,0.0000,0.0000,0,0,0,0,0,0,0,0,0,0,0,0,0,0,0,0,0,0x0000,WAIT,0,0,0,0,,0,bonus_bs15_gae1_no,700000,107,73,2319,3000,77.30,0
64619,2026-04-11 23:49:56,2026-04-11,4,3,60,accumulation,11,15,3,3,0,1.0000,0.0000,0.0000,0.0000,0,0,0,0,0,0,0,0,0,0,0,0,0,0,0,0,0,0x0000,WAIT,0,0,0,0,,0,bonus_bs15_gae1_no,700000,107,73,2349,3000,78.30,0
64620,2026-04-11 23:49:57,2026-04-11,4,4,60,accumulation,11,15,4,4,0,1.0000,0.0000,0.0000,0.0000,0,0,0,0,0,0,0,0,0,0,0,0,0,0,0,0,0,0x0000,WAIT,0,0,0,0,,0,bonus_bs15_gae1_no,700000,107,73,2364,3000,78.80,0
64621,2026-04-11 23:49:58,2026-04-11,4,5,60,steal,11,15,5,4,0,0.8000,0.0000,0.0000,0.0000,0,0,0,0,0,0,0,0,0,0,0,0,0,0,0,0,0,0x0000,WAIT,0,0,0,1,steal,0,bonus_bs15_gae1_no,700000,107,73,2364,3000,78.80,0
64622,2026-04-11 23:50:55,2026-04-11,4,6,60,steal,11,15,6,4,0,0.6667,0.0000,0.0000,0.0000,0,0,0,0,0,0,0,0,0,0,0,0,0,0,0,0,0,0x0000,WAIT,0,0,0,0,,0,bonus_bs15_gae1_no,700000,107,73,2364,3000,78.80,0
64623,2026-04-11 23:50:56,2026-04-11,4,7,60,steal,11,15,7,4,1,0.5714,0.1429,0.0000,0.0000,0,0,0,0,0,0,0,0,0,0,0,0,0,0,0,0,0,0x0000,WAIT,0,0,0,0,,0,bonus_bs15_gae1_no,700000,107,73,2364,3000,78.80,0
64624,2026-04-11 23:50:57,2026-04-11,4,8,60,steal,11,15,8,4,1,0.5000,0.1250,0.0000,0.0000,0,0,0,0,0,0,0,0,0,0,0,0,0,0,0,0,0,0x0000,WAIT,0,0,0,0,,0,bonus_bs15_gae1_no,700000,107,73,2364,3000,78.80,0
64625,2026-04-11 23:50:58,2026-04-11,4,9,60,attack,11,15,9,4,1,0.4444,0.1111,0.4444,0.0000,0,0,0,0,0,0,0,0,0,0,0,0,0,0,0,0,0,0x0000,WAIT,0,0,0,1,attack,0,bonus_bs15_gae1_no,700000,107,73,2364,3000,78.80,0
64626,2026-04-11 23:51:13,2026-04-11,4,10,60,attack,11,15,10,4,1,0.4000,0.1000,-0.1000,0.0000,0,0,0,0,0,0,0,0,0,0,0,0,0,0,0,0,0,0x0000,WAIT,0,0,0,0,,0,bonus_bs15_gae1_no,700000,107,73,2364,3000,78.80,0
64627,2026-04-11 23:51:13,2026-04-11,4,11,60,attack,11,15,11,5,1,0.4545,0.0909,-0.5455,0.4545,0,0,0,0,0,0,0,0,0,0,0,0,0,0,0,0,0,0x0000,WAIT,0,0,0,0,,0,bonus_bs15_gae1_no,700000,107,73,2379,3000,79.30,0
64628,2026-04-11 23:51:15,2026-04-11,4,12,60,attack,11,15,12,5,1,0.4167,0.0833,-0.5833,-0.0833,0,0,0,0,0,0,0,0,0,0,0,0,0,0,0,0,0,0x0000,WAIT,0,0,0,0,,0,bonus_bs15_gae1_no,700000,107,73,2379,3000,79.30,0
64629,2026-04-11 23:51:15,2026-04-11,4,13,60,attack,11,15,13,5,1,0.3846,0.0769,-0.4154,-0.6154,0,0,0,0,0,0,0,0,0,0,0,0,0,0,0,0,0,0x0000,WAIT,0,0,0,0,,0,bonus_bs15_gae1_no,700000,107,73,2379,3000,79.30,0
64630,2026-04-11 23:51:16,2026-04-11,4,14,60,shield,11,15,14,5,1,0.3571,0.0714,-0.3095,-0.6429,0,0,0,0,0,0,0,0,0,0,0,0,0,0,0,0,0,0x0000,WAIT,0,0,0,1,shield,0,bonus_bs15_gae1_no,700000,107,73,2379,3000,79.30,0
64631,2026-04-11 23:51:18,2026-04-11,4,15,60,shield,11,50,15,5,1,0.3333,0.0667,-0.2381,-0.4667,0,0,0,0,0,0,0,0,0,0,0,0,0,0,0,0,0,0x0000,WAIT,0,0,0,1,,0,bonus_bs15_gae1_no,700000,107,73,2379,3000,79.30,0
64632,2026-04-11 23:51:19,2026-04-11,4,16,60,shield,11,50,16,6,1,0.3750,0.0625,-0.1250,-0.2917,0,0,0,0,0,0,0,0,0,0,0,0,0,0,0,0,0,0x0000,WAIT,0,0,0,0,,0,bonus_bs15_gae1_no,700000,107,73,2429,3000,80.97,0
64633,2026-04-11 23:51:30,2026-04-11,4,17,60,shield,11,50,17,6,2,0.3529,0.1176,-0.0915,-0.2185,0,0,0,0,0,0,0,0,0,0,0,0,0,0,0,0,0,0x0000,WAIT,0,0,0,0,,0,bonus_bs15_gae1_no,700000,107,73,2429,3000,80.97,0
64634,2026-04-11 23:51:31,2026-04-11,4,18,60,shield,11,50,18,6,3,0.3333,0.1667,-0.0667,-0.1667,0,0,0,0,0,0,0,0,0,0,0,0,0,0,0,0,0,0x0000,WAIT,0,0,0,0,,0,bonus_bs15_gae1_no,700000,107,73,2429,3000,80.97,0
64635,2026-04-11 23:51:32,2026-04-11,4,19,60,shield,11,50,19,6,5,0.3158,0.2632,-0.1388,-0.1287,0,0,0,0,0,0,0,0,0,0,0,0,0,0,0,0,0,0x0000,WAIT,0,0,0,0,,0,bonus_bs15_gae1_no,700000,107,73,2429,3000,80.97,0
64636,2026-04-11 23:51:33,2026-04-11,4,20,60,shield,11,50,20,6,5,0.3000,0.2500,-0.1167,-0.1000,0,0,0,0,0,0,0,0,0,0,0,0,0,0,0,0,0,0x0000,WAIT,0,0,0,1,,0,bonus_bs15_gae1_no,700000,107,73,2429,3000,80.97,0
64637,2026-04-11 23:51:33,2026-04-11,4,21,60,shield,11,50,21,6,5,0.2857,0.2381,-0.0989,-0.1688,0,0,0,0,0,0,0,0,0,0,0,0,0,0,0,0,0,0x0000,WAIT,0,0,0,0,,0,bonus_bs15_gae1_no,700000,107,73,2429,3000,80.97,0
64638,2026-04-11 23:51:34,2026-04-11,4,22,60,shield,11,50,22,6,6,0.2727,0.2727,-0.0844,-0.1439,0,0,0,0,0,0,0,0,0,0,0,0,0,0,0,0,0,0x0000,WAIT,0,0,0,0,,0,bonus_bs15_gae1_no,700000,107,73,2429,3000,80.97,0
64639,2026-04-11 23:51:35,2026-04-11,4,23,60,shield,11,50,23,6,6,0.2609,0.2609,-0.0725,-0.1237,0,0,0,0,0,0,0,0,0,0,0,0,0,0,0,0,0,0x0000,WAIT,0,0,0,0,,0,bonus_bs15_gae1_no,700000,107,73,2429,3000,80.97,0
64640,2026-04-11 23:51:35,2026-04-11,4,24,60,steal,11,50,24,6,6,0.2500,0.2500,-0.1250,-0.1071,0,0,0,0,0,0,0,0,0,0,0,0,0,0,0,0,0,0x0000,WAIT,0,0,0,1,steal,0,bonus_bs15_gae1_no,700000,107,73,2429,3000,80.97,0
64641,2026-04-11 23:52:16,2026-04-11,4,25,60,shield,11,50,25,6,6,0.2400,0.2400,-0.1129,-0.0933,0,0,0,0,0,0,0,0,0,0,0,0,0,0,0,0,0,0x0000,WAIT,0,0,0,1,shield,0,bonus_bs15_gae1_no,700000,107,73,2429,3000,80.97,0
64642,2026-04-11 23:52:17,2026-04-11,4,26,60,shield,11,50,26,6,6,0.2308,0.2308,-0.1026,-0.1442,0,0,0,0,0,0,0,0,0,0,0,0,0,0,0,0,0,0x0000,WAIT,0,0,0,0,,0,bonus_bs15_gae1_no,700000,107,73,2429,3000,80.97,0
64643,2026-04-11 23:52:18,2026-04-11,4,27,60,shield,11,50,27,8,6,0.2963,0.2222,-0.0195,-0.0566,0,0,0,0,0,0,0,0,0,0,0,0,0,0,0,0,0,0x0000,WAIT,0,0,0,0,,0,bonus_bs15_gae1_no,700000,107,73,2529,3000,84.30,0
64644,2026-04-11 23:52:19,2026-04-11,4,28,60,shield,11,50,28,8,6,0.2857,0.2143,-0.0143,-0.0476,0,0,0,0,0,0,0,0,0,0,0,0,0,0,0,0,0,0x0000,WAIT,0,0,0,1,shield,0,bonus_bs15_gae1_no,700000,107,73,2529,3000,84.30,0
64645,2026-04-11 23:52:20,2026-04-11,4,29,60,shield,11,50,29,8,6,0.2759,0.2069,-0.0099,-0.0399,0,0,0,0,0,0,0,0,0,0,0,0,0,0,0,0,0,0x0000,WAIT,0,0,0,0,,0,bonus_bs15_gae1_no,700000,107,73,2529,3000,84.30,0
64646,2026-04-11 23:52:20,2026-04-11,4,30,60,steal,11,50,30,8,6,0.2667,0.2000,-0.0061,-0.0333,0,0,0,0,0,0,0,0,0,0,0,0,0,0,0,0,0,0x0000,WAIT,0,0,0,1,steal,0,bonus_bs15_gae1_no,700000,107,73,2529,3000,84.30,0
64647,2026-04-11 23:53:02,2026-04-11,4,31,60,steal,11,50,31,8,6,0.2581,0.1935,-0.0028,-0.0276,0,0,0,0,0,0,0,0,0,0,0,0,0,0,0,0,0,0x0000,WAIT,0,0,0,1,,0,bonus_bs15_gae1_no,700000,107,73,2529,3000,84.30,0
64648,2026-04-11 23:53:03,2026-04-11,4,32,60,steal,11,50,32,8,7,0.2500,0.2188,0.0000,-0.0227,0,0,0,0,0,0,0,0,0,0,0,0,0,0,0,0,0,0x0000,WAIT,0,0,0,0,,0,bonus_bs15_gae1_no,700000,107,73,2529,3000,84.30,0
64649,2026-04-11 23:53:03,2026-04-11,4,33,60,steal,11,50,33,9,7,0.2727,0.2121,0.0327,0.0119,0,0,0,0,0,0,0,0,0,0,0,0,0,0,0,0,0,0x0000,WAIT,0,0,0,0,,0,bonus_bs15_gae1_no,700000,107,73,2579,3000,85.97,0
64650,2026-04-11 23:53:04,2026-04-11,4,34,60,steal,11,50,34,9,7,0.2647,0.2059,0.0339,0.0147,0,0,0,0,0,0,0,0,0,0,0,0,0,0,0,0,0,0x0000,WAIT,0,0,0,1,,0,bonus_bs15_gae1_no,700000,107,73,2579,3000,85.97,0
64651,2026-04-11 23:53:06,2026-04-11,4,35,60,attack,11,50,35,9,7,0.2571,0.2000,-0.0392,0.0171,0,0,0,0,0,0,0,0,0,0,0,0,0,0,0,0,0,0x0000,SOON,0,0,0,1,attack,0,bonus_bs15_gae1_no,700000,107,73,2579,3000,85.97,0
64652,2026-04-11 23:53:28,2026-04-11,4,36,60,attack,11,50,36,9,8,0.2500,0.2222,-0.0357,0.0192,0,0,0,0,0,0,0,0,0,0,0,0,0,0,0,0,0,0x0000,SOON,0,0,0,0,,0,bonus_bs15_gae1_no,700000,107,73,2579,3000,85.97,0
64653,2026-04-11 23:53:29,2026-04-11,4,37,60,attack,11,50,37,10,8,0.2703,0.2162,-0.0056,-0.0260,0,0,0,0,0,0,0,0,0,0,0,0,0,0,0,0,0,0x0000,SOON,0,0,0,0,,0,bonus_bs15_gae1_no,700000,107,73,2629,3000,87.63,0
64654,2026-04-11 23:53:30,2026-04-11,4,38,60,attack,11,50,38,10,8,0.2632,0.2105,-0.0035,-0.0226,0,0,0,0,0,0,0,0,0,0,0,0,0,0,0,0,0,0x0000,SOON,0,0,0,0,,0,bonus_bs15_gae1_no,700000,107,73,2629,3000,87.63,0
64655,2026-04-11 23:53:31,2026-04-11,4,39,60,attack,11,50,39,10,8,0.2564,0.2051,-0.0017,-0.0195,0,0,0,0,0,0,0,0,0,0,0,0,0,0,0,0,0,0x0000,SOON,0,0,0,0,,0,bonus_bs15_gae1_no,700000,107,73,2629,3000,87.63,0
64656,2026-04-11 23:53:32,2026-04-11,4,40,60,attack,11,50,40,10,8,0.2500,0.2000,0.0000,-0.0167,0,0,0,0,0,0,0,0,0,0,0,0,0,0,0,0,0,0x0000,SOON,0,0,0,0,,0,bonus_bs15_gae1_no,700000,107,73,2629,3000,87.63,0
64657,2026-04-11 23:53:32,2026-04-11,4,41,60,spins,11,50,41,10,11,0.2439,0.2683,-0.0288,-0.0142,0,0,0,0,0,0,0,0,0,0,0,0,0,0,0,0,0,0x0000,SOON,0,0,0,1,spins,0,bonus_bs15_gae1_no,700000,107,73,2629,3000,87.63,0
64658,2026-04-11 23:53:33,2026-04-11,4,42,60,spins,11,50,42,10,11,0.2381,0.2619,-0.0266,-0.0119,0,0,0,0,0,0,0,0,0,0,0,0,0,0,0,0,0,0x0000,SOON,0,0,0,0,,0,bonus_bs15_gae1_no,700000,107,73,2629,3000,87.63,0
64659,2026-04-11 23:53:34,2026-04-11,4,43,60,spins,11,50,43,12,11,0.2791,0.2558,0.0219,0.0063,0,0,0,0,0,0,0,0,0,0,0,0,0,0,0,0,0,0x0000,SOON,0,0,0,0,,0,bonus_bs15_gae1_no,700000,107,73,2729,3000,90.97,0
64660,2026-04-11 23:53:35,2026-04-11,4,44,60,spins,11,50,44,13,11,0.2955,0.2500,0.0455,0.0307,0,0,0,0,0,0,0,0,0,0,0,0,0,0,0,0,0,0x0000,SOON,0,0,0,0,,0,bonus_bs15_gae1_no,700000,107,73,2779,3000,92.63,0
64661,2026-04-11 23:53:36,2026-04-11,4,45,60,spins,11,50,45,13,13,0.2889,0.2889,0.0186,0.0317,0,0,0,0,0,0,0,0,0,0,0,0,0,0,0,0,0,0x0000,SOON,0,0,0,0,,0,bonus_bs15_gae1_no,700000,107,73,2779,3000,92.63,0
64662,2026-04-11 23:53:37,2026-04-11,4,46,60,attack,11,50,46,13,13,0.2826,0.2826,0.0195,0.0326,0,0,0,0,0,0,0,0,0,0,0,0,0,0,0,0,0,0x0000,SOON,0,0,0,1,attack,0,bonus_bs15_gae1_no,700000,107,73,2779,3000,92.63,0
64663,2026-04-11 23:54:09,2026-04-11,4,47,60,attack,11,50,47,15,13,0.3191,0.2766,0.0627,0.0489,0,0,0,0,0,0,0,0,0,0,0,0,0,0,0,0,0,0x0000,SOON,0,0,0,0,,0,bonus_bs15_gae1_no,700000,107,73,2879,3000,95.97,0
64664,2026-04-11 23:54:11,2026-04-11,4,48,60,attack,11,50,48,15,13,0.3125,0.2708,0.0625,0.0493,0,0,0,0,0,0,0,0,0,0,0,0,0,0,0,0,0,0x0000,SOON,0,0,0,1,attack,0,bonus_bs15_gae1_no,700000,107,73,2879,3000,95.97,0
64665,2026-04-11 23:54:20,2026-04-11,4,49,60,attack,11,50,49,16,13,0.3265,0.2653,0.0826,0.0701,0,0,0,0,0,0,0,0,0,0,0,0,0,0,0,0,0,0x0000,SOON,0,0,0,0,,0,bonus_bs15_gae1_no,700000,107,73,2929,3000,97.63,0
64666,2026-04-11 23:54:21,2026-04-11,4,50,60,attack,11,50,50,17,13,0.3400,0.2600,0.1019,0.0900,0,0,0,0,0,0,0,0,0,0,0,0,0,0,0,0,0,0x0000,SOON,0,0,0,0,,0,bonus_bs15_gae1_no,700000,107,73,2979,3000,99.30,0
64667,2026-04-11 23:54:25,2026-04-11,4,51,60,attack,11,400,51,17,13,0.3333,0.2549,0.0543,0.0894,0,0,0,0,0,0,0,0,0,0,0,0,0,0,0,0,0,0x0000,SOON,0,0,0,0,,0,bonus_bs15_gae1_no,700000,107,73,2979,3000,99.30,0
64668,2026-04-11 23:54:28,2026-04-11,4,52,60,attack,11,400,52,17,14,0.3269,0.2692,0.0315,0.0888,0,0,0,0,0,0,0,0,0,0,0,0,0,0,0,0,0,0x0000,SOON,0,0,0,0,,0,bonus_bs15_gae1_no,700000,107,73,2979,3000,99.30,0
64669,2026-04-11 23:54:29,2026-04-11,4,53,60,attack,11,400,53,19,14,0.3585,0.2642,0.0696,0.0794,0,0,0,0,0,0,0,0,0,0,0,0,0,0,0,0,0,0x0000,SOON,0,0,0,0,,0,,700000,107,74,779,1200,64.92,0
64670,2026-04-11 23:54:34,2026-04-11,4,54,60,attack,11,400,54,19,14,0.3519,0.2593,0.0692,0.0564,0,0,0,0,0,0,0,0,0,0,0,0,0,0,0,0,0,0x0000,SOON,0,0,0,0,,0,,700000,107,74,779,1200,64.92,0
64671,2026-04-11 23:54:35,2026-04-11,4,55,60,attack,11,400,55,19,14,0.3455,0.2545,0.0263,0.0566,0,0,0,0,0,0,0,0,0,0,0,0,0,0,0,0,0,0x0000,SOON,0,0,0,1,attack,0,,700000,107,74,779,1200,64.92,0
64672,2026-04-11 23:54:38,2026-04-11,4,56,60,attack,11,400,56,19,15,0.3393,0.2679,0.0268,0.0567,0,0,0,0,0,0,0,0,0,0,0,0,0,0,0,0,0,0x0000,SOON,0,0,0,0,,0,,700000,107,74,779,1200,64.92,0
64673,2026-04-11 23:54:39,2026-04-11,4,57,60,attack,11,400,57,20,15,0.3509,0.2632,0.0243,0.0317,0,0,0,0,0,0,0,0,0,0,0,0,0,0,0,0,0,0x0000,SOON,0,0,0,0,,0,,700000,107,74,1179,1200,98.25,0
64674,2026-04-11 23:54:40,2026-04-11,4,58,60,attack,11,400,58,20,15,0.3448,0.2586,0.0048,0.0323,0,0,0,0,0,0,0,0,0,0,0,0,0,0,0,0,0,0x0000,SOON,0,0,0,0,,0,,700000,107,74,1179,1200,98.25,0
64675,2026-04-11 23:54:41,2026-04-11,4,59,60,attack,11,400,59,22,15,0.3729,0.2542,0.0395,0.0464,0,0,0,0,0,0,0,0,0,0,0,0,0,0,0,0,0,0x0000,SOON,0,0,0,0,,0,,700000,107,75,779,2800,27.82,0
64676,2026-04-11 23:54:49,2026-04-11,4,60,60,attack,11,400,60,22,15,0.3667,0.2500,0.0397,0.0267,0,0,0,0,0,0,0,0,0,0,0,0,0,0,0,0,0,0x0000,ALERT,0,0,0,0,,0,,700000,107,75,779,2800,27.82,0
64677,2026-04-11 23:54:50,2026-04-11,4,61,60,attack,11,400,61,22,15,0.3607,0.2459,0.0022,0.0273,0,0,0,0,0,0,0,0,0,0,0,0,0,0,0,0,0,0x0000,ALERT,0,0,0,0,,0,,700000,107,75,779,2800,27.82,0
64678,2026-04-11 23:54:50,2026-04-11,4,62,60,attack,11,400,62,22,15,0.3548,0.2419,0.0030,0.0279,0,0,0,0,0,0,0,0,0,0,0,0,0,0,0,0,0,0x0000,ALERT,0,0,0,1,,0,,700000,107,75,779,2800,27.82,0
64679,2026-04-11 23:54:51,2026-04-11,4,63,60,attack,11,400,63,22,15,0.3492,0.2381,0.0038,-0.0093,0,0,0,0,0,0,0,0,0,0,0,0,0,0,0,0,0,0x0000,ALERT,0,0,0,1,attack,0,,700000,107,75,779,2800,27.82,0
64680,2026-04-11 23:54:58,2026-04-11,4,64,60,attack,11,400,64,22,15,0.3438,0.2344,0.0045,-0.0081,0,0,0,0,0,0,0,0,0,0,0,0,0,0,0,0,0,0x0000,ALERT,0,0,0,0,,0,,700000,107,75,779,2800,27.82,0
64681,2026-04-11 23:55:02,2026-04-11,4,65,60,attack,11,400,65,22,15,0.3385,0.2308,-0.0124,-0.0070,0,0,0,0,0,0,0,0,0,0,0,0,0,0,0,0,0,0x0000,ALERT,0,0,0,0,,0,,700000,107,75,779,2800,27.82,0
64682,2026-04-11 23:55:03,2026-04-11,4,66,60,attack,11,400,66,23,15,0.3485,0.2273,0.0037,0.0092,0,0,0,0,0,0,0,0,0,0,0,0,0,0,0,0,0,0x0000,ALERT,0,0,0,0,,0,,700000,107,75,1179,2800,42.11,0
64683,2026-04-11 23:55:04,2026-04-11,4,67,60,attack,11,400,67,23,16,0.3433,0.2388,-0.0296,-0.0076,0,0,0,0,0,0,0,0,0,0,0,0,0,0,0,0,0,0x0000,ALERT,0,0,0,0,,0,,700000,107,75,1179,2800,42.11,0
64684,2026-04-11 23:55:08,2026-04-11,4,68,60,attack,11,400,68,23,17,0.3382,0.2500,-0.0284,-0.0066,0,0,0,0,0,0,0,0,0,0,0,0,0,0,0,0,0,0x0000,ALERT,0,0,0,0,,0,,700000,107,75,1179,2800,42.11,0
64685,2026-04-11 23:55:09,2026-04-11,4,69,60,attack,11,400,69,23,17,0.3333,0.2464,-0.0273,-0.0395,0,0,0,0,0,0,0,0,0,0,0,0,0,0,0,0,0,0x0000,ALERT,0,0,0,1,,0,,700000,107,75,1179,2800,42.11,0
64686,2026-04-11 23:55:10,2026-04-11,4,70,60,attack,11,400,70,23,17,0.3286,0.2429,-0.0263,-0.0381,0,0,0,0,0,0,0,0,0,0,0,0,0,0,0,0,0,0x0000,ALERT,0,0,0,0,,0,,700000,107,75,1179,2800,42.11,0
64687,2026-04-11 23:55:10,2026-04-11,4,71,60,attack,11,400,71,23,17,0.3239,0.2394,-0.0253,-0.0367,0,0,0,0,0,0,0,0,0,0,0,0,0,0,0,0,0,0x0000,ALERT,0,0,0,0,,0,,700000,107,75,1179,2800,42.11,0
64688,2026-04-11 23:55:13,2026-04-11,4,72,60,attack,11,1500,72,23,17,0.3194,0.2361,-0.0243,-0.0354,0,0,0,0,0,0,0,0,0,0,0,0,0,0,0,0,0,0x0000,ALERT,0,0,0,1,,0,,700000,107,75,1179,2800,42.11,0
64689,2026-04-11 23:55:14,2026-04-11,4,73,60,attack,11,1500,73,23,18,0.3151,0.2466,-0.0234,-0.0341,0,0,0,0,0,0,0,0,0,0,0,0,0,0,0,0,0,0x0000,ALERT,0,0,0,0,,0,,700000,107,75,1179,2800,42.11,0
64690,2026-04-11 23:55:15,2026-04-11,4,74,60,attack,11,1500,74,23,18,0.3108,0.2432,-0.0377,-0.0329,0,0,0,0,0,0,0,0,0,0,0,0,0,0,0,0,0,0x0000,ALERT,0,0,0,1,,0,,700000,107,75,1179,2800,42.11,0
64691,2026-04-11 23:55:16,2026-04-11,4,75,60,attack,11,1500,75,23,18,0.3067,0.2400,-0.0366,-0.0318,0,0,0,0,0,0,0,0,0,0,0,0,0,0,0,0,0,0x0000,ALERT,0,0,0,0,,0,,700000,107,75,1179,2800,42.11,0
64692,2026-04-11 23:55:18,2026-04-11,4,76,60,attack,11,1500,76,24,18,0.3158,0.2368,-0.0224,-0.0327,0,0,0,0,0,0,0,0,0,0,0,0,0,0,0,0,0,0x0000,ALERT,0,0,0,0,,0,,700000,107,75,2679,2800,95.68,0
64693,2026-04-11 23:55:22,2026-04-11,4,77,60,attack,11,1500,77,25,18,0.3247,0.2338,-0.0087,-0.0186,0,0,0,0,0,0,0,0,0,0,0,0,0,0,0,0,0,0x0000,ALERT,0,0,0,0,,0,bonus_bs15_gae1_no,700000,107,76,1379,250000,0.55,0
64694,2026-04-11 23:55:26,2026-04-11,4,78,60,attack,11,1500,78,25,18,0.3205,0.2308,-0.0081,-0.0177,0,0,0,0,0,0,0,0,0,0,0,0,0,0,0,0,0,0x0000,ALERT,0,0,0,0,,0,bonus_bs15_gae1_no,700000,107,76,1379,250000,0.55,0
64695,2026-04-11 23:55:27,2026-04-11,4,79,60,attack,11,1500,79,25,18,0.3165,0.2278,-0.0075,-0.0169,0,0,0,0,0,0,0,0,0,0,0,0,0,0,0,0,0,0x0000,ALERT,0,0,0,1,,0,bonus_bs15_gae1_no,700000,107,76,1379,250000,0.55,0
64696,2026-04-11 23:55:28,2026-04-11,4,80,60,attack,11,1500,80,25,18,0.3125,0.2250,-0.0069,-0.0161,0,0,0,0,0,0,0,0,0,0,0,0,0,0,0,0,0,0x0000,ALERT,0,0,0,0,,0,bonus_bs15_gae1_no,700000,107,76,1379,250000,0.55,0
64697,2026-04-11 23:55:30,2026-04-11,4,81,60,attack,11,1500,81,25,18,0.3086,0.2222,-0.0064,-0.0153,0,0,0,0,0,0,0,0,0,0,0,0,0,0,0,0,0,0x0000,ALERT,0,0,0,1,,0,bonus_bs15_gae1_no,700000,107,76,1379,250000,0.55,0
64698,2026-04-11 23:55:31,2026-04-11,4,82,60,steal,11,1500,82,25,18,0.3049,0.2195,-0.0059,-0.0146,0,0,0,0,0,0,0,0,0,0,0,0,0,0,0,0,0,0x0000,ALERT,0,0,0,1,steal,0,bonus_bs15_gae1_no,700000,107,76,1379,250000,0.55,0
64699,2026-04-11 23:55:37,2026-04-11,4,83,60,steal,11,1500,83,26,18,0.3133,0.2169,0.0066,-0.0018,0,0,0,0,0,0,0,0,0,0,0,0,0,0,0,0,0,0x0000,ALERT,0,0,0,0,,0,bonus_bs15_gae1_no,700000,107,76,2879,250000,1.15,0
64700,2026-04-11 23:55:40,2026-04-11,4,84,60,shield,11,1500,84,26,18,0.3095,0.2143,-0.0063,-0.0013,0,0,0,0,0,0,0,0,0,0,0,0,0,0,0,0,0,0x0000,ALERT,0,0,0,1,shield,0,bonus_bs15_gae1_no,700000,107,76,2879,250000,1.15,0
