seq,timestamp,r1,r2,r3,reel_1,reel_2,reel_3,spin_result,reward_code,is_triple,coins_won,coins,spins_remaining,shields,max_shields,bet_multiplier,bet_level,atk_count,stl_count,shd_count,spn_count,acc_count,accum_current,accum_total,accum_mission,accum_delta,accum_pct,gae_segment,gae_last_mission,gae_grand_prize,slot2_r1,slot2_r2,slot2_r3,event_bars,sa_spins,sa_atk,sa_stl,sa_shd,sa_spn,sa_acc,sa_3x_atk,sa_3x_stl,sa_3x_shd,ss_spins,ss_atk,ss_stl,ss_shd,ss_spn,ss_acc,ss_3x_atk,ss_3x_stl,ss_3x_shd
59308,2026-04-08 04:07:12,1,4,6,coin,steal,spins,gold,1,false,25000,5589141376878,30843,5,5,1,9,0,1,0,1,0,24245,30000,47,0,80.8,bonus_as10_gae1_no,107,700000,,,,"{""3f0963e6"":""163\/1600@m31""}",1,0,1,0,1,0,0,0,0,1,0,1,0,1,0,0,0,0
59309,2026-04-08 04:07:29,5,5,5,shield,shield,shield,shield,3,true,1,5589141376878,30843,5,5,1,9,0,0,3,0,0,24245,30000,47,0,80.8,bonus_as10_gae1_no,107,700000,,,,,2,0,1,3,1,0,0,0,1,2,0,1,3,1,0,0,0,1
59310,2026-04-08 04:07:30,3,5,2,attack,shield,goldSack,gold,1,false,100000,5589141476878,30842,5,5,1,9,1,0,1,0,0,24245,30000,47,0,80.8,bonus_as10_gae1_no,107,700000,,,,,3,1,1,4,1,0,0,0,1,3,1,1,4,1,0,0,0,1
59311,2026-04-08 04:07:31,1,4,6,coin,steal,spins,gold,1,false,25000,5589141501878,30841,5,5,1,9,0,1,0,1,0,24245,30000,47,0,80.8,bonus_as10_gae1_no,107,700000,,,,,4,1,2,4,2,0,0,0,1,4,1,2,4,2,0,0,0,1
59312,2026-04-08 04:07:32,6,6,6,spins,spins,spins,spins,5,true,10,5589141501878,30850,5,5,1,9,0,0,0,3,0,24245,30000,47,0,80.8,bonus_as10_gae1_no,107,700000,,,,"{""a9c9d449"":""154\/6500@m11""}",5,1,2,4,5,0,0,0,1,5,1,2,4,5,0,0,0,1
59313,2026-04-08 04:07:33,3,4,2,attack,steal,goldSack,gold,1,false,100000,5589141601878,30849,5,5,1,9,1,1,0,0,0,24245,30000,47,0,80.8,bonus_as10_gae1_no,107,700000,,,,,6,2,3,4,5,0,0,0,1,1,1,1,0,0,0,0,0,0
59314,2026-04-08 04:07:34,30,2,2,accumulation,goldSack,goldSack,gold,1,false,150000,5589141751878,30848,5,5,1,9,0,0,0,0,1,24246,30000,47,1,80.8,bonus_as10_gae1_no,107,700000,,,,,7,2,3,4,5,1,0,0,1,2,1,1,0,0,1,0,0,0
59315,2026-04-08 04:07:35,1,4,6,coin,steal,spins,gold,1,false,25000,5589141776878,30847,5,5,1,9,0,1,0,1,0,24246,30000,47,0,80.8,bonus_as10_gae1_no,107,700000,,,,,8,2,4,4,6,1,0,0,1,3,1,2,0,1,1,0,0,0
59316,2026-04-08 04:07:36,3,1,5,attack,coin,shield,gold,1,false,25000,5589141801878,30846,5,5,1,9,1,0,1,0,0,24246,30000,47,0,80.8,bonus_as10_gae1_no,107,700000,,,,,9,3,4,5,6,1,0,0,1,4,2,2,1,1,1,0,0,0
59317,2026-04-08 04:07:37,30,2,2,accumulation,goldSack,goldSack,gold,1,false,150000,5589141951878,30845,5,5,1,9,0,0,0,0,1,24247,30000,47,1,80.8,bonus_as10_gae1_no,107,700000,,,,,10,3,4,5,6,2,0,0,1,5,2,2,1,1,2,0,0,0
59318,2026-04-08 04:07:38,2,2,2,goldSack,goldSack,goldSack,gold,1,true,1600000,5589143551878,30844,5,5,1,9,0,0,0,0,0,24247,30000,47,0,80.8,bonus_as10_gae1_no,107,700000,,,,,11,3,4,5,6,2,0,0,1,6,2,2,1,1,2,0,0,0
59319,2026-04-08 04:07:39,30,2,2,accumulation,goldSack,goldSack,gold,1,false,150000,5589143701878,30843,5,5,1,9,0,0,0,0,1,24248,30000,47,1,80.8,bonus_as10_gae1_no,107,700000,,,,,12,3,4,5,6,3,0,0,1,7,2,2,1,1,3,0,0,0
59320,2026-04-08 04:07:40,2,2,2,goldSack,goldSack,goldSack,gold,1,true,1600000,5589145301878,30842,5,5,1,9,0,0,0,0,0,24248,30000,47,0,80.8,bonus_as10_gae1_no,107,700000,,,,,13,3,4,5,6,3,0,0,1,8,2,2,1,1,3,0,0,0
59321,2026-04-08 04:07:41,30,30,1,accumulation,accumulation,coin,gold,1,false,25000,5589145326878,30841,5,5,1,9,0,0,0,0,2,24250,30000,47,2,80.8,bonus_as10_gae1_no,107,700000,,,,,14,3,4,5,6,5,0,0,1,9,2,2,1,1,5,0,0,0
59322,2026-04-08 04:07:43,1,1,6,coin,coin,spins,gold,1,false,50000,5589145376878,30840,5,5,1,9,0,0,0,1,0,24250,30000,47,0,80.8,bonus_as10_gae1_no,107,700000,,,,"{""3f0963e6"":""165\/1600@m31""}",15,3,4,5,7,5,0,0,1,10,2,2,1,2,5,0,0,0
59323,2026-04-08 04:07:44,30,2,2,accumulation,goldSack,goldSack,gold,1,false,150000,5589145526878,30839,5,5,1,9,0,0,0,0,1,24251,30000,47,1,80.8,bonus_as10_gae1_no,107,700000,,,,,16,3,4,5,7,6,0,0,1,11,2,2,1,2,6,0,0,0
59324,2026-04-08 04:07:45,1,1,6,coin,coin,spins,gold,1,false,50000,5589145576878,30838,5,5,1,9,0,0,0,1,0,24251,30000,47,0,80.8,bonus_as10_gae1_no,107,700000,,,,,17,3,4,5,8,6,0,0,1,12,2,2,1,3,6,0,0,0
59325,2026-04-08 04:07:45,3,1,5,attack,coin,shield,gold,1,false,25000,5589145601878,30837,5,5,1,9,1,0,1,0,0,24251,30000,47,0,80.8,bonus_as10_gae1_no,107,700000,,,,"{""a9c9d449"":""156\/6500@m11""}",18,4,4,6,8,6,0,0,1,13,3,2,2,3,6,0,0,0
59326,2026-04-08 04:07:46,3,3,2,attack,attack,goldSack,gold,1,false,100000,5589145701878,30836,5,5,1,9,2,0,0,0,0,24251,30000,47,0,80.8,bonus_as10_gae1_no,107,700000,,,,,19,6,4,6,8,6,0,0,1,14,5,2,2,3,6,0,0,0
59327,2026-04-08 04:07:47,3,3,3,attack,attack,attack,attack,2,true,0,5589145701878,30835,5,5,1,9,3,0,0,0,0,24251,30000,47,0,80.8,bonus_as10_gae1_no,107,700000,,,,,20,9,4,6,8,6,1,0,1,15,8,2,2,3,6,1,0,0
59328,2026-04-08 04:07:52,1,1,1,coin,coin,coin,gold,1,true,250000,5589153211878,30834,5,5,1,9,0,0,0,0,0,24251,30000,47,0,80.8,bonus_as10_gae1_no,107,700000,,,,,21,9,4,6,8,6,1,0,1,16,8,2,2,3,6,1,0,0
59329,2026-04-08 04:07:53,1,1,6,coin,coin,spins,gold,1,false,50000,5589153261878,30833,5,5,1,9,0,0,0,1,0,24251,30000,47,0,80.8,bonus_as10_gae1_no,107,700000,,,,,22,9,4,6,9,6,1,0,1,17,8,2,2,4,6,1,0,0
59330,2026-04-08 04:07:54,1,1,1,coin,coin,coin,gold,1,true,250000,5589153511878,30832,5,5,1,9,0,0,0,0,0,24251,30000,47,0,80.8,bonus_as10_gae1_no,107,700000,,,,,23,9,4,6,9,6,1,0,1,18,8,2,2,4,6,1,0,0
59331,2026-04-08 04:07:54,30,30,1,accumulation,accumulation,coin,gold,1,false,25000,5589153536878,30831,5,5,1,9,0,0,0,0,2,24253,30000,47,2,80.8,bonus_as10_gae1_no,107,700000,,,,,24,9,4,6,9,8,1,0,1,19,8,2,2,4,8,1,0,0
59332,2026-04-08 04:07:56,1,1,6,coin,coin,spins,gold,1,false,50000,5589153586878,30830,5,5,1,9,0,0,0,1,0,24253,30000,47,0,80.8,bonus_as10_gae1_no,107,700000,,,,,25,9,4,6,10,8,1,0,1,20,8,2,2,5,8,1,0,0
59333,2026-04-08 04:07:57,1,6,6,coin,spins,spins,gold,1,false,25000,5589153611878,30829,5,5,1,9,0,0,0,2,0,24253,30000,47,0,80.8,bonus_as10_gae1_no,107,700000,,,,,26,9,4,6,12,8,1,0,1,21,8,2,2,7,8,1,0,0
59334,2026-04-08 04:07:58,3,3,2,attack,attack,goldSack,gold,1,false,100000,5589153711878,30828,5,5,1,9,2,0,0,0,0,24253,30000,47,0,80.8,bonus_as10_gae1_no,107,700000,,,,"{""a9c9d449"":""158\/6500@m11""}",27,11,4,6,12,8,1,0,1,22,10,2,2,7,8,1,0,0
59335,2026-04-08 04:07:59,3,3,3,attack,attack,attack,attack,2,true,0,5589153711878,30827,5,5,1,9,3,0,0,0,0,24253,30000,47,0,80.8,bonus_as10_gae1_no,107,700000,,,,,28,14,4,6,12,8,2,0,1,23,13,2,2,7,8,2,0,0
59336,2026-04-08 04:08:08,30,2,2,accumulation,goldSack,goldSack,gold,1,false,150000,5589161121878,30826,5,5,1,9,0,0,0,0,1,24254,30000,47,1,80.8,bonus_as10_gae1_no,107,700000,,,,"{""3f0963e6"":""167\/1600@m31""}",29,14,4,6,12,9,2,0,1,24,13,2,2,7,9,2,0,0
59337,2026-04-08 04:08:09,3,4,2,attack,steal,goldSack,gold,1,false,100000,5589161221878,30825,5,5,1,9,1,1,0,0,0,24254,30000,47,0,80.8,bonus_as10_gae1_no,107,700000,,,,,30,15,5,6,12,9,2,0,1,25,14,3,2,7,9,2,0,0
59338,2026-04-08 04:08:10,30,2,2,accumulation,goldSack,goldSack,gold,1,false,150000,5589161371878,30824,5,5,1,9,0,0,0,0,1,24255,30000,47,1,80.8,bonus_as10_gae1_no,107,700000,,,,"{""a9c9d449"":""160\/6500@m11""}",31,15,5,6,12,10,2,0,1,26,14,3,2,7,10,2,0,0
59339,2026-04-08 04:08:12,1,4,6,coin,steal,spins,gold,1,false,25000,5589161396878,30823,5,5,1,9,0,1,0,1,0,24255,30000,47,0,80.8,bonus_as10_gae1_no,107,700000,,,,,32,15,6,6,13,10,2,0,1,27,14,4,2,8,10,2,0,0
59340,2026-04-08 04:08:12,30,2,2,accumulation,goldSack,goldSack,gold,1,false,150000,5589161546878,30822,5,5,1,9,0,0,0,0,1,24256,30000,47,1,80.9,bonus_as10_gae1_no,107,700000,,,,,33,15,6,6,13,11,2,0,1,28,14,4,2,8,11,2,0,0
59341,2026-04-08 04:08:14,1,4,4,coin,steal,steal,gold,1,false,25000,5589161571878,30821,5,5,1,9,0,2,0,0,0,24256,30000,47,0,80.9,bonus_as10_gae1_no,107,700000,,,,,34,15,8,6,13,11,2,0,1,29,14,6,2,8,11,2,0,0
59342,2026-04-08 04:08:15,30,2,2,accumulation,goldSack,goldSack,gold,1,false,150000,5589161721878,30820,5,5,1,9,0,0,0,0,1,24257,30000,47,1,80.9,bonus_as10_gae1_no,107,700000,,,,"{""a9c9d449"":""162\/6500@m11""}",35,15,8,6,13,12,2,0,1,30,14,6,2,8,12,2,0,0
59343,2026-04-08 04:08:17,1,1,1,coin,coin,coin,gold,1,true,250000,5589161971878,30819,5,5,1,9,0,0,0,0,0,24257,30000,47,0,80.9,bonus_as10_gae1_no,107,700000,,,,,36,15,8,6,13,12,2,0,1,31,14,6,2,8,12,2,0,0
59344,2026-04-08 04:08:18,30,2,2,accumulation,goldSack,goldSack,gold,1,false,150000,5589162121878,30818,5,5,1,9,0,0,0,0,1,24258,30000,47,1,80.9,bonus_as10_gae1_no,107,700000,,,,,37,15,8,6,13,13,2,0,1,32,14,6,2,8,13,2,0,0
59345,2026-04-08 04:08:19,1,5,5,coin,shield,shield,gold,1,false,25000,5589162146878,30817,5,5,1,9,0,0,2,0,0,24258,30000,47,0,80.9,bonus_as10_gae1_no,107,700000,,,,"{""3f0963e6"":""169\/1600@m31""}",38,15,8,8,13,13,2,0,1,33,14,6,4,8,13,2,0,0
59346,2026-04-08 04:08:20,3,1,5,attack,coin,shield,gold,1,false,25000,5589162171878,30816,5,5,1,9,1,0,1,0,0,24258,30000,47,0,80.9,bonus_as10_gae1_no,107,700000,,,,,39,16,8,9,13,13,2,0,1,34,15,6,5,8,13,2,0,0
59347,2026-04-08 04:08:22,1,6,6,coin,spins,spins,gold,1,false,25000,5589162196878,30815,5,5,1,9,0,0,0,2,0,24258,30000,47,0,80.9,bonus_as10_gae1_no,107,700000,,,,,40,16,8,9,15,13,2,0,1,35,15,6,5,10,13,2,0,0
59348,2026-04-08 04:08:22,1,4,4,coin,steal,steal,gold,1,false,25000,5589162221878,30814,5,5,1,9,0,2,0,0,0,24258,30000,47,0,80.9,bonus_as10_gae1_no,107,700000,,,,,41,16,10,9,15,13,2,0,1,36,15,8,5,10,13,2,0,0
59349,2026-04-08 04:08:23,2,2,2,goldSack,goldSack,goldSack,gold,1,true,1600000,5589163821878,30813,5,5,1,9,0,0,0,0,0,24258,30000,47,0,80.9,bonus_as10_gae1_no,107,700000,,,,"{""a9c9d449"":""164\/6500@m11""}",42,16,10,9,15,13,2,0,1,37,15,8,5,10,13,2,0,0
59350,2026-04-08 04:08:24,1,1,1,coin,coin,coin,gold,1,true,250000,5589164071878,30812,5,5,1,9,0,0,0,0,0,24258,30000,47,0,80.9,bonus_as10_gae1_no,107,700000,,,,,43,16,10,9,15,13,2,0,1,38,15,8,5,10,13,2,0,0
59351,2026-04-08 04:08:25,3,3,2,attack,attack,goldSack,gold,1,false,100000,5589164171878,30811,5,5,1,9,2,0,0,0,0,24258,30000,47,0,80.9,bonus_as10_gae1_no,107,700000,,,,,44,18,10,9,15,13,2,0,1,39,17,8,5,10,13,2,0,0
59352,2026-04-08 04:08:27,30,30,1,accumulation,accumulation,coin,gold,1,false,25000,5589164196878,30810,5,5,1,9,0,0,0,0,2,24260,30000,47,2,80.9,bonus_as10_gae1_no,107,700000,,,,,45,18,10,9,15,15,2,0,1,40,17,8,5,10,15,2,0,0
59353,2026-04-08 04:08:29,5,2,2,shield,goldSack,goldSack,gold,1,false,150000,5589164346878,30809,5,5,1,9,0,0,1,0,0,24260,30000,47,0,80.9,bonus_as10_gae1_no,107,700000,,,,,46,18,10,10,15,15,2,0,1,41,17,8,6,10,15,2,0,0
59354,2026-04-08 04:08:30,3,3,2,attack,attack,goldSack,gold,1,false,100000,5589164446878,30808,5,5,1,9,2,0,0,0,0,24260,30000,47,0,80.9,bonus_as10_gae1_no,107,700000,,,,,47,20,10,10,15,15,2,0,1,42,19,8,6,10,15,2,0,0
59355,2026-04-08 04:08:32,3,4,2,attack,steal,goldSack,gold,1,false,100000,5589164546878,30807,5,5,1,9,1,1,0,0,0,24260,30000,47,0,80.9,bonus_as10_gae1_no,107,700000,,,,,48,21,11,10,15,15,2,0,1,43,20,9,6,10,15,2,0,0
59356,2026-04-08 04:08:34,30,2,2,accumulation,goldSack,goldSack,gold,1,false,150000,5589164696878,30806,5,5,1,9,0,0,0,0,1,24261,30000,47,1,80.9,bonus_as10_gae1_no,107,700000,,,,,49,21,11,10,15,16,2,0,1,44,20,9,6,10,16,2,0,0
59357,2026-04-08 04:08:36,1,1,1,coin,coin,coin,gold,1,true,250000,5589164946878,30805,5,5,1,9,0,0,0,0,0,24261,30000,47,0,80.9,bonus_as10_gae1_no,107,700000,,,,,50,21,11,10,15,16,2,0,1,45,20,9,6,10,16,2,0,0
59358,2026-04-08 04:08:36,1,4,6,coin,steal,spins,gold,1,false,25000,5589164971878,30804,5,5,1,9,0,1,0,1,0,24261,30000,47,0,80.9,bonus_as10_gae1_no,107,700000,,,,,51,21,12,10,16,16,2,0,1,46,20,10,6,11,16,2,0,0
59359,2026-04-08 04:08:37,1,1,6,coin,coin,spins,gold,1,false,50000,5589165021878,30803,5,5,1,9,0,0,0,1,0,24261,30000,47,0,80.9,bonus_as10_gae1_no,107,700000,,,,,52,21,12,10,17,16,2,0,1,47,20,10,6,12,16,2,0,0
59360,2026-04-08 04:08:38,2,2,2,goldSack,goldSack,goldSack,gold,1,true,1600000,5589166621878,30802,5,5,1,9,0,0,0,0,0,24261,30000,47,0,80.9,bonus_as10_gae1_no,107,700000,,,,,53,21,12,10,17,16,2,0,1,48,20,10,6,12,16,2,0,0
59361,2026-04-08 04:08:38,3,4,2,attack,steal,goldSack,gold,1,false,100000,5589166721878,30801,5,5,1,9,1,1,0,0,0,24261,30000,47,0,80.9,bonus_as10_gae1_no,107,700000,,,,,54,22,13,10,17,16,2,0,1,49,21,11,6,12,16,2,0,0
59362,2026-04-08 04:08:39,30,30,1,accumulation,accumulation,coin,gold,1,false,25000,5589166746878,30800,5,5,1,9,0,0,0,0,2,24263,30000,47,2,80.9,bonus_as10_gae1_no,107,700000,,,,,55,22,13,10,17,18,2,0,1,50,21,11,6,12,18,2,0,0
59363,2026-04-08 04:08:40,30,2,2,accumulation,goldSack,goldSack,gold,1,false,150000,5589166896878,30799,5,5,1,9,0,0,0,0,1,24264,30000,47,1,80.9,bonus_as10_gae1_no,107,700000,,,,,56,22,13,10,17,19,2,0,1,51,21,11,6,12,19,2,0,0
59364,2026-04-08 04:08:41,30,30,3,accumulation,accumulation,attack,gold,6,false,0,5589166896878,30798,5,5,1,9,1,0,0,0,2,24266,30000,47,2,80.9,bonus_as10_gae1_no,107,700000,,,,,57,23,13,10,17,21,2,0,1,52,22,11,6,12,21,2,0,0
59365,2026-04-08 04:08:43,3,3,3,attack,attack,attack,attack,2,true,0,5589166896878,30797,5,5,1,9,3,0,0,0,0,24266,30000,47,0,80.9,bonus_as10_gae1_no,107,700000,,,,"{""3f0963e6"":""171\/1600@m31"",""a9c9d449"":""166\/6500@m11""}",58,26,13,10,17,21,3,0,1,53,25,11,6,12,21,3,0,0
59366,2026-04-08 04:11:20,3,4,2,attack,steal,goldSack,gold,1,false,100000,5589174256878,30796,5,5,1,9,1,1,0,0,0,24266,30000,47,0,80.9,bonus_as10_gae1_no,107,700000,,,,,59,27,14,10,17,21,3,0,1,54,26,12,6,12,21,3,0,0
59367,2026-04-08 04:11:21,1,6,6,coin,spins,spins,gold,1,false,25000,5589174281878,30795,5,5,1,9,0,0,0,2,0,24266,30000,47,0,80.9,bonus_as10_gae1_no,107,700000,,,,,60,27,14,10,19,21,3,0,1,55,26,12,6,14,21,3,0,0
59368,2026-04-08 04:11:24,5,5,5,shield,shield,shield,shield,3,true,1,5589174281878,30795,5,5,1,9,0,0,3,0,0,24266,30000,47,0,80.9,bonus_as10_gae1_no,107,700000,,,,,61,27,14,13,19,21,3,0,2,56,26,12,9,14,21,3,0,1
59369,2026-04-08 04:11:25,4,4,4,steal,steal,steal,steal,4,true,0,5589174281878,30794,5,5,1,9,0,3,0,0,0,24266,30000,47,0,80.9,bonus_as10_gae1_no,107,700000,,,,,62,27,17,13,19,21,3,1,2,57,26,15,9,14,21,3,1,1
59370,2026-04-08 04:16:19,1,1,6,coin,coin,spins,gold,1,false,50000,5589203181878,30793,5,5,1,9,0,0,0,1,0,24266,30000,47,0,80.9,bonus_as10_gae1_no,107,700000,,,,,63,27,17,13,20,21,3,1,2,58,26,15,9,15,21,3,1,1
59371,2026-04-08 04:16:21,1,1,6,coin,coin,spins,gold,1,false,50000,5589203231878,30792,5,5,1,9,0,0,0,1,0,24266,30000,47,0,80.9,bonus_as10_gae1_no,107,700000,,,,,64,27,17,13,21,21,3,1,2,59,26,15,9,16,21,3,1,1
59372,2026-04-08 04:16:22,30,2,2,accumulation,goldSack,goldSack,gold,1,false,150000,5589203381878,30791,5,5,1,9,0,0,0,0,1,24267,30000,47,1,80.9,bonus_as10_gae1_no,107,700000,,,,,65,27,17,13,21,22,3,1,2,60,26,15,9,16,22,3,1,1
59373,2026-04-08 04:16:23,3,3,3,attack,attack,attack,attack,2,true,0,5589203381878,30790,5,5,1,9,3,0,0,0,0,24267,30000,47,0,80.9,bonus_as10_gae1_no,107,700000,,,,,66,30,17,13,21,22,4,1,2,61,29,15,9,16,22,4,1,1
59374,2026-04-08 04:16:39,30,30,2,accumulation,accumulation,goldSack,gold,1,false,100000,5589225481878,30789,5,5,1,9,0,0,0,0,2,24269,30000,47,2,80.9,bonus_as10_gae1_no,107,700000,,,,,67,30,17,13,21,24,4,1,2,62,29,15,9,16,24,4,1,1
59375,2026-04-08 04:16:41,5,5,2,shield,shield,goldSack,gold,1,false,100000,5589225581878,30788,5,5,1,9,0,0,2,0,0,24269,30000,47,0,80.9,bonus_as10_gae1_no,107,700000,,,,,68,30,17,15,21,24,4,1,2,63,29,15,11,16,24,4,1,1
59376,2026-04-08 04:16:42,3,1,4,attack,coin,steal,gold,1,false,25000,5589225606878,30787,5,5,1,9,1,1,0,0,0,24269,30000,47,0,80.9,bonus_as10_gae1_no,107,700000,,,,"{""3f0963e6"":""173\/1600@m31""}",69,31,18,15,21,24,4,1,2,64,30,16,11,16,24,4,1,1
59377,2026-04-08 04:16:43,4,4,4,steal,steal,steal,steal,4,true,0,5589225606878,30786,5,5,1,9,0,3,0,0,0,24269,30000,47,0,80.9,bonus_as10_gae1_no,107,700000,,,,,70,31,21,15,21,24,4,2,2,65,30,19,11,16,24,4,2,1
59378,2026-04-08 04:16:56,30,2,2,accumulation,goldSack,goldSack,gold,1,false,150000,5589362388878,30785,5,5,1,9,0,0,0,0,1,24270,30000,47,1,80.9,bonus_as10_gae1_no,107,700000,,,,,71,31,21,15,21,25,4,2,2,66,30,19,11,16,25,4,2,1
59379,2026-04-08 04:16:56,30,2,2,accumulation,goldSack,goldSack,gold,1,false,150000,5589362538878,30784,5,5,1,9,0,0,0,0,1,24271,30000,47,1,80.9,bonus_as10_gae1_no,107,700000,,,,"{""a9c9d449"":""168\/6500@m11""}",72,31,21,15,21,26,4,2,2,67,30,19,11,16,26,4,2,1
59380,2026-04-08 04:16:58,1,1,1,coin,coin,coin,gold,1,true,250000,5589362788878,30783,5,5,1,9,0,0,0,0,0,24271,30000,47,0,80.9,bonus_as10_gae1_no,107,700000,,,,,73,31,21,15,21,26,4,2,2,68,30,19,11,16,26,4,2,1
59381,2026-04-08 04:16:59,3,3,3,attack,attack,attack,attack,2,true,0,5589362788878,30782,5,5,1,9,3,0,0,0,0,24271,30000,47,0,80.9,bonus_as10_gae1_no,107,700000,,,,,74,34,21,15,21,26,5,2,2,69,33,19,11,16,26,5,2,1
59382,2026-04-08 04:20:06,6,6,2,spins,spins,goldSack,gold,1,false,100000,5589370148878,30781,5,5,1,9,0,0,0,2,0,24271,30000,47,0,80.9,bonus_as10_gae1_no,107,700000,,,,,75,34,21,15,23,26,5,2,2,70,33,19,11,18,26,5,2,1
59383,2026-04-08 04:20:06,5,5,5,shield,shield,shield,shield,3,true,1,5589370148878,30781,5,5,1,9,0,0,3,0,0,24271,30000,47,0,80.9,bonus_as10_gae1_no,107,700000,,,,,76,34,21,18,23,26,5,2,3,71,33,19,14,18,26,5,2,2
59384,2026-04-08 04:20:08,3,5,2,attack,shield,goldSack,gold,1,false,100000,5589370248878,30780,5,5,1,9,1,0,1,0,0,24271,30000,47,0,80.9,bonus_as10_gae1_no,107,700000,,,,"{""a9c9d449"":""170\/6500@m11""}",77,35,21,19,23,26,5,2,3,72,34,19,15,18,26,5,2,2
59385,2026-04-08 04:20:09,30,2,2,accumulation,goldSack,goldSack,gold,1,false,150000,5589370398878,30779,5,5,1,9,0,0,0,0,1,24272,30000,47,1,80.9,bonus_as10_gae1_no,107,700000,,,,,78,35,21,19,23,27,5,2,3,73,34,19,15,18,27,5,2,2
59386,2026-04-08 04:20:10,30,30,2,accumulation,accumulation,goldSack,gold,1,false,100000,5589370498878,30778,5,5,1,9,0,0,0,0,2,24274,30000,47,2,80.9,bonus_as10_gae1_no,107,700000,,,,,79,35,21,19,23,29,5,2,3,74,34,19,15,18,29,5,2,2
59387,2026-04-08 04:20:11,5,5,5,shield,shield,shield,shield,3,true,1,5589370498878,30778,5,5,1,9,0,0,3,0,0,24274,30000,47,0,80.9,bonus_as10_gae1_no,107,700000,,,,,80,35,21,22,23,29,5,2,4,75,34,19,18,18,29,5,2,3
59388,2026-04-08 04:20:12,3,3,2,attack,attack,goldSack,gold,1,false,100000,5589370598878,30777,5,5,1,9,2,0,0,0,0,24274,30000,47,0,80.9,bonus_as10_gae1_no,107,700000,,,,,81,37,21,22,23,29,5,2,4,76,36,19,18,18,29,5,2,3
59389,2026-04-08 04:20:13,2,2,2,goldSack,goldSack,goldSack,gold,1,true,1600000,5589372198878,30776,5,5,1,9,0,0,0,0,0,24274,30000,47,0,80.9,bonus_as10_gae1_no,107,700000,,,,,82,37,21,22,23,29,5,2,4,77,36,19,18,18,29,5,2,3
59390,2026-04-08 04:20:14,4,4,2,steal,steal,goldSack,gold,1,false,100000,5589372298878,30775,5,5,1,9,0,2,0,0,0,24274,30000,47,0,80.9,bonus_as10_gae1_no,107,700000,,,,,83,37,23,22,23,29,5,2,4,78,36,21,18,18,29,5,2,3
59391,2026-04-08 04:20:15,2,2,2,goldSack,goldSack,goldSack,gold,1,true,1600000,5589373898878,30774,5,5,1,9,0,0,0,0,0,24274,30000,47,0,80.9,bonus_as10_gae1_no,107,700000,,,,,84,37,23,22,23,29,5,2,4,79,36,21,18,18,29,5,2,3
59392,2026-04-08 04:20:16,4,4,4,steal,steal,steal,steal,4,true,0,5589373898878,30773,5,5,1,9,0,3,0,0,0,24274,30000,47,0,80.9,bonus_as10_gae1_no,107,700000,,,,,85,37,26,22,23,29,5,3,4,80,36,24,18,18,29,5,3,3
59393,2026-04-08 04:20:34,3,1,1,attack,coin,coin,gold,1,false,50000,5589431588878,30772,5,5,1,9,1,0,0,0,0,24274,30000,47,0,80.9,bonus_as10_gae1_no,107,700000,,,,"{""3f0963e6"":""175\/1600@m31""}",86,38,26,22,23,29,5,3,4,81,37,24,18,18,29,5,3,3
59394,2026-04-08 04:20:35,3,1,1,attack,coin,coin,gold,1,false,50000,5589431638878,30771,5,5,1,9,1,0,0,0,0,24274,30000,47,0,80.9,bonus_as10_gae1_no,107,700000,,,,,87,39,26,22,23,29,5,3,4,82,38,24,18,18,29,5,3,3
59395,2026-04-08 04:20:37,1,4,6,coin,steal,spins,gold,1,false,25000,5589431663878,30770,5,5,1,9,0,1,0,1,0,24274,30000,47,0,80.9,bonus_as10_gae1_no,107,700000,,,,,88,39,27,22,24,29,5,3,4,83,38,25,18,19,29,5,3,3
59396,2026-04-08 04:20:38,1,4,6,coin,steal,spins,gold,1,false,25000,5589431688878,30769,5,5,1,9,0,1,0,1,0,24274,30000,47,0,80.9,bonus_as10_gae1_no,107,700000,,,,,89,39,28,22,25,29,5,3,4,84,38,26,18,20,29,5,3,3
59397,2026-04-08 04:20:39,3,3,2,attack,attack,goldSack,gold,1,false,100000,5589431788878,30768,5,5,1,9,2,0,0,0,0,24274,30000,47,0,80.9,bonus_as10_gae1_no,107,700000,,,,,90,41,28,22,25,29,5,3,4,85,40,26,18,20,29,5,3,3
59398,2026-04-08 04:20:40,3,1,1,attack,coin,coin,gold,1,false,50000,5589431838878,30767,5,5,1,9,1,0,0,0,0,24274,30000,47,0,80.9,bonus_as10_gae1_no,107,700000,,,,,91,42,28,22,25,29,5,3,4,86,41,26,18,20,29,5,3,3
59399,2026-04-08 04:20:41,1,4,6,coin,steal,spins,gold,1,false,25000,5589431863878,30766,5,5,1,9,0,1,0,1,0,24274,30000,47,0,80.9,bonus_as10_gae1_no,107,700000,,,,,92,42,29,22,26,29,5,3,4,87,41,27,18,21,29,5,3,3
59400,2026-04-08 04:20:42,6,6,6,spins,spins,spins,spins,5,true,10,5589431863878,30775,5,5,1,9,0,0,0,3,0,24274,30000,47,0,80.9,bonus_as10_gae1_no,107,700000,,,,,93,42,29,22,29,29,5,3,4,88,41,27,18,24,29,5,3,3
59401,2026-04-08 04:20:52,30,2,2,accumulation,goldSack,goldSack,gold,1,false,150000,5589432013878,30774,5,5,1,9,0,0,0,0,1,24275,30000,47,1,80.9,bonus_as10_gae1_no,107,700000,,,,,94,42,29,22,29,30,5,3,4,1,0,0,0,0,1,0,0,0
59402,2026-04-08 04:20:54,1,4,6,coin,steal,spins,gold,1,false,25000,5589432038878,30773,5,5,1,9,0,1,0,1,0,24275,30000,47,0,80.9,bonus_as10_gae1_no,107,700000,,,,"{""3f0963e6"":""177\/1600@m31""}",95,42,30,22,30,30,5,3,4,2,0,1,0,1,1,0,0,0
59403,2026-04-08 04:20:58,1,4,6,coin,steal,spins,gold,1,false,25000,5589432063878,30772,5,5,1,9,0,1,0,1,0,24275,30000,47,0,80.9,bonus_as10_gae1_no,107,700000,,,,"{""a9c9d449"":""172\/6500@m11""}",96,42,31,22,31,30,5,3,4,3,0,2,0,2,1,0,0,0
59404,2026-04-08 04:21:00,3,3,3,attack,attack,attack,attack,2,true,0,5589432063878,30771,5,5,1,9,3,0,0,0,0,24275,30000,47,0,80.9,bonus_as10_gae1_no,107,700000,,,,,97,45,31,22,31,30,6,3,4,4,3,2,0,2,1,1,0,0
59405,2026-04-08 04:21:32,3,1,1,attack,coin,coin,gold,1,false,50000,5589439373878,30770,5,5,1,9,1,0,0,0,0,24275,30000,47,0,80.9,bonus_as10_gae1_no,107,700000,,,,,98,46,31,22,31,30,6,3,4,5,4,2,0,2,1,1,0,0
59406,2026-04-08 04:21:34,3,3,3,attack,attack,attack,attack,2,true,0,5589439373878,30769,5,5,1,9,3,0,0,0,0,24275,30000,47,0,80.9,bonus_as10_gae1_no,107,700000,,,,,99,49,31,22,31,30,7,3,4,6,7,2,0,2,1,2,0,0
59407,2026-04-08 04:21:52,3,3,2,attack,attack,goldSack,gold,1,false,100000,5589461473878,30768,5,5,1,9,2,0,0,0,0,24275,30000,47,0,80.9,bonus_as10_gae1_no,107,700000,,,,,100,51,31,22,31,30,7,3,4,7,9,2,0,2,1,2,0,0
59408,2026-04-08 04:21:53,30,30,1,accumulation,accumulation,coin,gold,1,false,25000,5589461498878,30767,5,5,1,9,0,0,0,0,2,24277,30000,47,2,80.9,bonus_as10_gae1_no,107,700000,,,,,101,51,31,22,31,32,7,3,4,8,9,2,0,2,3,2,0,0
59409,2026-04-08 04:21:54,3,1,4,attack,coin,steal,gold,1,false,25000,5589461523878,30766,5,5,1,9,1,1,0,0,0,24277,30000,47,0,80.9,bonus_as10_gae1_no,107,700000,,,,,102,52,32,22,31,32,7,3,4,9,10,3,0,2,3,2,0,0
59410,2026-04-08 04:21:55,1,1,1,coin,coin,coin,gold,1,true,250000,5589461773878,30765,5,5,1,9,0,0,0,0,0,24277,30000,47,0,80.9,bonus_as10_gae1_no,107,700000,,,,,103,52,32,22,31,32,7,3,4,10,10,3,0,2,3,2,0,0
59411,2026-04-08 04:21:56,6,6,2,spins,spins,goldSack,gold,1,false,100000,5589461873878,30764,5,5,1,9,0,0,0,2,0,24277,30000,47,0,80.9,bonus_as10_gae1_no,107,700000,,,,,104,52,32,22,33,32,7,3,4,11,10,3,0,4,3,2,0,0
59412,2026-04-08 04:21:58,3,1,4,attack,coin,steal,gold,1,false,25000,5589461898878,30763,5,5,1,9,1,1,0,0,0,24277,30000,47,0,80.9,bonus_as10_gae1_no,107,700000,,,,,105,53,33,22,33,32,7,3,4,12,11,4,0,4,3,2,0,0
59413,2026-04-08 04:21:58,30,30,2,accumulation,accumulation,goldSack,gold,1,false,100000,5589461998878,30762,5,5,1,9,0,0,0,0,2,24279,30000,47,2,80.9,bonus_as10_gae1_no,107,700000,,,,,106,53,33,22,33,34,7,3,4,13,11,4,0,4,5,2,0,0
59414,2026-04-08 04:22:00,30,2,2,accumulation,goldSack,goldSack,gold,1,false,150000,5589462148878,30761,5,5,1,9,0,0,0,0,1,24280,30000,47,1,80.9,bonus_as10_gae1_no,107,700000,,,,,107,53,33,22,33,35,7,3,4,14,11,4,0,4,6,2,0,0
59415,2026-04-08 04:22:01,3,1,4,attack,coin,steal,gold,1,false,25000,5589462173878,30760,5,5,1,9,1,1,0,0,0,24280,30000,47,0,80.9,bonus_as10_gae1_no,107,700000,,,,,108,54,34,22,33,35,7,3,4,15,12,5,0,4,6,2,0,0
59416,2026-04-08 04:22:03,5,2,2,shield,goldSack,goldSack,gold,1,false,150000,5589462323878,30759,5,5,1,9,0,0,1,0,0,24280,30000,47,0,80.9,bonus_as10_gae1_no,107,700000,,,,"{""3f0963e6"":""179\/1600@m31""}",109,54,34,23,33,35,7,3,4,16,12,5,1,4,6,2,0,0
59417,2026-04-08 04:22:03,3,1,6,attack,coin,spins,gold,1,false,25000,5589462348878,30758,5,5,1,9,1,0,0,1,0,24280,30000,47,0,80.9,bonus_as10_gae1_no,107,700000,,,,,110,55,34,23,34,35,7,3,4,17,13,5,1,5,6,2,0,0
59418,2026-04-08 04:22:05,30,30,2,accumulation,accumulation,goldSack,gold,1,false,100000,5589462448878,30757,5,5,1,9,0,0,0,0,2,24282,30000,47,2,80.9,bonus_as10_gae1_no,107,700000,,,,"{""a9c9d449"":""174\/6500@m11""}",111,55,34,23,34,37,7,3,4,18,13,5,1,5,8,2,0,0
59419,2026-04-08 04:22:06,1,4,6,coin,steal,spins,gold,1,false,25000,5589462473878,30756,5,5,1,9,0,1,0,1,0,24282,30000,47,0,80.9,bonus_as10_gae1_no,107,700000,,,,,112,55,35,23,35,37,7,3,4,19,13,6,1,6,8,2,0,0
59420,2026-04-08 04:22:07,6,6,2,spins,spins,goldSack,gold,1,false,100000,5589462573878,30755,5,5,1,9,0,0,0,2,0,24282,30000,47,0,80.9,bonus_as10_gae1_no,107,700000,,,,,113,55,35,23,37,37,7,3,4,20,13,6,1,8,8,2,0,0
59421,2026-04-08 04:22:08,3,1,1,attack,coin,coin,gold,1,false,50000,5589462623878,30754,5,5,1,9,1,0,0,0,0,24282,30000,47,0,80.9,bonus_as10_gae1_no,107,700000,,,,,114,56,35,23,37,37,7,3,4,21,14,6,1,8,8,2,0,0
59422,2026-04-08 04:22:09,30,2,2,accumulation,goldSack,goldSack,gold,1,false,150000,5589462773878,30753,5,5,1,9,0,0,0,0,1,24283,30000,47,1,80.9,bonus_as10_gae1_no,107,700000,,,,,115,56,35,23,37,38,7,3,4,22,14,6,1,8,9,2,0,0
59423,2026-04-08 04:22:11,3,5,2,attack,shield,goldSack,gold,1,false,100000,5589462873878,30752,5,5,1,9,1,0,1,0,0,24283,30000,47,0,80.9,bonus_as10_gae1_no,107,700000,,,,,116,57,35,24,37,38,7,3,4,23,15,6,2,8,9,2,0,0
59424,2026-04-08 04:22:12,1,4,6,coin,steal,spins,gold,1,false,25000,5589462898878,30751,5,5,1,9,0,1,0,1,0,24283,30000,47,0,80.9,bonus_as10_gae1_no,107,700000,,,,,117,57,36,24,38,38,7,3,4,24,15,7,2,9,9,2,0,0
59425,2026-04-08 04:22:13,1,4,6,coin,steal,spins,gold,1,false,25000,5589462923878,30750,5,5,1,9,0,1,0,1,0,24283,30000,47,0,80.9,bonus_as10_gae1_no,107,700000,,,,,118,57,37,24,39,38,7,3,4,25,15,8,2,10,9,2,0,0
59426,2026-04-08 04:22:14,3,1,1,attack,coin,coin,gold,1,false,50000,5589462973878,30749,5,5,1,9,1,0,0,0,0,24283,30000,47,0,80.9,bonus_as10_gae1_no,107,700000,,,,,119,58,37,24,39,38,7,3,4,26,16,8,2,10,9,2,0,0
59427,2026-04-08 04:22:15,3,1,1,attack,coin,coin,gold,1,false,50000,5589463023878,30748,5,5,1,9,1,0,0,0,0,24283,30000,47,0,80.9,bonus_as10_gae1_no,107,700000,,,,"{""3f0963e6"":""181\/1600@m31""}",120,59,37,24,39,38,7,3,4,27,17,8,2,10,9,2,0,0
59428,2026-04-08 04:22:17,1,4,6,coin,steal,spins,gold,1,false,25000,5589463048878,30747,5,5,1,9,0,1,0,1,0,24283,30000,47,0,80.9,bonus_as10_gae1_no,107,700000,,,,,121,59,38,24,40,38,7,3,4,28,17,9,2,11,9,2,0,0
59429,2026-04-08 04:22:19,30,2,2,accumulation,goldSack,goldSack,gold,1,false,150000,5589463198878,30746,5,5,1,9,0,0,0,0,1,24284,30000,47,1,80.9,bonus_as10_gae1_no,107,700000,,,,,122,59,38,24,40,39,7,3,4,29,17,9,2,11,10,2,0,0
59430,2026-04-08 04:22:20,3,1,6,attack,coin,spins,gold,1,false,25000,5589463223878,30745,5,5,1,9,1,0,0,1,0,24284,30000,47,0,80.9,bonus_as10_gae1_no,107,700000,,,,,123,60,38,24,41,39,7,3,4,30,18,9,2,12,10,2,0,0
59431,2026-04-08 04:22:24,1,1,1,coin,coin,coin,gold,1,true,250000,5589463473878,30744,5,5,1,9,0,0,0,0,0,24284,30000,47,0,80.9,bonus_as10_gae1_no,107,700000,,,,,124,60,38,24,41,39,7,3,4,31,18,9,2,12,10,2,0,0
59432,2026-04-08 04:22:26,3,3,3,attack,attack,attack,attack,2,true,0,5589463473878,30743,5,5,1,9,3,0,0,0,0,24284,30000,47,0,80.9,bonus_as10_gae1_no,107,700000,,,,,125,63,38,24,41,39,8,3,4,32,21,9,2,12,10,3,0,0
59433,2026-04-08 04:22:55,3,3,3,attack,attack,attack,attack,2,true,0,5589485473878,30742,5,5,1,9,3,0,0,0,0,24284,30000,47,0,80.9,bonus_as10_gae1_no,107,700000,,,,"{""a9c9d449"":""176\/6500@m11""}",126,66,38,24,41,39,9,3,4,33,24,9,2,12,10,4,0,0
59434,2026-04-08 04:23:10,2,2,2,goldSack,goldSack,goldSack,gold,1,true,1600000,5589494333878,30741,5,5,1,9,0,0,0,0,0,24284,30000,47,0,80.9,bonus_as10_gae1_no,107,700000,,,,,127,66,38,24,41,39,9,3,4,34,24,9,2,12,10,4,0,0
59435,2026-04-08 04:23:11,2,2,2,goldSack,goldSack,goldSack,gold,1,true,1600000,5589495933878,30740,5,5,1,9,0,0,0,0,0,24284,30000,47,0,80.9,bonus_as10_gae1_no,107,700000,,,,,128,66,38,24,41,39,9,3,4,35,24,9,2,12,10,4,0,0
59436,2026-04-08 04:23:12,1,4,6,coin,steal,spins,gold,1,false,25000,5589495958878,30739,5,5,1,9,0,1,0,1,0,24284,30000,47,0,80.9,bonus_as10_gae1_no,107,700000,,,,"{""a9c9d449"":""178\/6500@m11""}",129,66,39,24,42,39,9,3,4,36,24,10,2,13,10,4,0,0
59437,2026-04-08 04:23:12,2,2,2,goldSack,goldSack,goldSack,gold,1,true,1600000,5589497558878,30738,5,5,1,9,0,0,0,0,0,24284,30000,47,0,80.9,bonus_as10_gae1_no,107,700000,,,,,130,66,39,24,42,39,9,3,4,37,24,10,2,13,10,4,0,0
59438,2026-04-08 04:23:13,1,1,1,coin,coin,coin,gold,1,true,250000,5589497808878,30737,5,5,1,9,0,0,0,0,0,24284,30000,47,0,80.9,bonus_as10_gae1_no,107,700000,,,,,131,66,39,24,42,39,9,3,4,38,24,10,2,13,10,4,0,0
59439,2026-04-08 04:23:14,3,3,3,attack,attack,attack,attack,2,true,0,5589497808878,30736,5,5,1,9,3,0,0,0,0,24284,30000,47,0,80.9,bonus_as10_gae1_no,107,700000,,,,"{""3f0963e6"":""183\/1600@m31""}",132,69,39,24,42,39,10,3,4,39,27,10,2,13,10,5,0,0
59440,2026-04-08 04:23:44,30,2,2,accumulation,goldSack,goldSack,gold,1,false,150000,5589505218878,30735,5,5,1,9,0,0,0,0,1,24285,30000,47,1,81.0,bonus_as10_gae1_no,107,700000,,,,"{""a9c9d449"":""180\/6500@m11""}",133,69,39,24,42,40,10,3,4,40,27,10,2,13,11,5,0,0
59441,2026-04-08 04:23:49,30,30,2,accumulation,accumulation,goldSack,gold,1,false,100000,5589505318878,30734,5,5,1,9,0,0,0,0,2,24287,30000,47,2,81.0,bonus_as10_gae1_no,107,700000,,,,,134,69,39,24,42,42,10,3,4,41,27,10,2,13,13,5,0,0
59442,2026-04-08 04:23:50,1,1,1,coin,coin,coin,gold,1,true,250000,5589505568878,30733,5,5,1,9,0,0,0,0,0,24287,30000,47,0,81.0,bonus_as10_gae1_no,107,700000,,,,,135,69,39,24,42,42,10,3,4,42,27,10,2,13,13,5,0,0
59443,2026-04-08 04:23:52,5,5,5,shield,shield,shield,shield,3,true,1,5589505568878,30733,5,5,1,9,0,0,3,0,0,24287,30000,47,0,81.0,bonus_as10_gae1_no,107,700000,,,,,136,69,39,27,42,42,10,3,5,43,27,10,5,13,13,5,0,1
59444,2026-04-08 04:23:53,30,2,2,accumulation,goldSack,goldSack,gold,1,false,150000,5589505718878,30732,5,5,1,9,0,0,0,0,1,24288,30000,47,1,81.0,bonus_as10_gae1_no,107,700000,,,,,137,69,39,27,42,43,10,3,5,44,27,10,5,13,14,5,0,1
59445,2026-04-08 04:23:59,3,1,1,attack,coin,coin,gold,1,false,50000,5589505768878,30731,5,5,1,9,1,0,0,0,0,24288,30000,47,0,81.0,bonus_as10_gae1_no,107,700000,,,,,138,70,39,27,42,43,10,3,5,45,28,10,5,13,14,5,0,1
59446,2026-04-08 04:24:02,1,1,1,coin,coin,coin,gold,1,true,250000,5589506018878,30730,5,5,1,9,0,0,0,0,0,24288,30000,47,0,81.0,bonus_as10_gae1_no,107,700000,,,,,139,70,39,27,42,43,10,3,5,46,28,10,5,13,14,5,0,1
59447,2026-04-08 04:24:03,2,2,2,goldSack,goldSack,goldSack,gold,1,true,1600000,5589507618878,30729,5,5,1,9,0,0,0,0,0,24288,30000,47,0,81.0,bonus_as10_gae1_no,107,700000,,,,,140,70,39,27,42,43,10,3,5,47,28,10,5,13,14,5,0,1
59448,2026-04-08 04:24:04,1,4,6,coin,steal,spins,gold,1,false,25000,5589507643878,30728,5,5,1,9,0,1,0,1,0,24288,30000,47,0,81.0,bonus_as10_gae1_no,107,700000,,,,,141,70,40,27,43,43,10,3,5,48,28,11,5,14,14,5,0,1
59449,2026-04-08 04:24:05,30,2,2,accumulation,goldSack,goldSack,gold,1,false,150000,5589507793878,30727,5,5,1,9,0,0,0,0,1,24289,30000,47,1,81.0,bonus_as10_gae1_no,107,700000,,,,,142,70,40,27,43,44,10,3,5,49,28,11,5,14,15,5,0,1
59450,2026-04-08 04:24:06,1,1,1,coin,coin,coin,gold,1,true,250000,5589508043878,30726,5,5,1,9,0,0,0,0,0,24289,30000,47,0,81.0,bonus_as10_gae1_no,107,700000,,,,,143,70,40,27,43,44,10,3,5,50,28,11,5,14,15,5,0,1
59451,2026-04-08 04:24:07,1,4,6,coin,steal,spins,gold,1,false,25000,5589508068878,30725,5,5,1,9,0,1,0,1,0,24289,30000,47,0,81.0,bonus_as10_gae1_no,107,700000,,,,,144,70,41,27,44,44,10,3,5,51,28,12,5,15,15,5,0,1
59452,2026-04-08 04:24:09,30,2,2,accumulation,goldSack,goldSack,gold,1,false,150000,5589508218878,30724,5,5,1,9,0,0,0,0,1,24290,30000,47,1,81.0,bonus_as10_gae1_no,107,700000,,,,,145,70,41,27,44,45,10,3,5,52,28,12,5,15,16,5,0,1
59453,2026-04-08 04:24:11,30,2,2,accumulation,goldSack,goldSack,gold,1,false,150000,5589508368878,30723,5,5,1,9,0,0,0,0,1,24291,30000,47,1,81.0,bonus_as10_gae1_no,107,700000,,,,,146,70,41,27,44,46,10,3,5,53,28,12,5,15,17,5,0,1
59454,2026-04-08 04:24:12,2,2,2,goldSack,goldSack,goldSack,gold,1,true,1600000,5589509968878,30722,5,5,1,9,0,0,0,0,0,24291,30000,47,0,81.0,bonus_as10_gae1_no,107,700000,,,,"{""3f0963e6"":""185\/1600@m31""}",147,70,41,27,44,46,10,3,5,54,28,12,5,15,17,5,0,1
59455,2026-04-08 04:24:13,4,4,2,steal,steal,goldSack,gold,1,false,100000,5589510068878,30721,5,5,1,9,0,2,0,0,0,24291,30000,47,0,81.0,bonus_as10_gae1_no,107,700000,,,,,148,70,43,27,44,46,10,3,5,55,28,14,5,15,17,5,0,1
59456,2026-04-08 04:24:14,3,1,1,attack,coin,coin,gold,1,false,50000,5589510118878,30720,5,5,1,9,1,0,0,0,0,24291,30000,47,0,81.0,bonus_as10_gae1_no,107,700000,,,,,149,71,43,27,44,46,10,3,5,56,29,14,5,15,17,5,0,1
59457,2026-04-08 04:24:15,3,5,2,attack,shield,goldSack,gold,1,false,100000,5589510218878,30719,5,5,1,9,1,0,1,0,0,24291,30000,47,0,81.0,bonus_as10_gae1_no,107,700000,,,,,150,72,43,28,44,46,10,3,5,57,30,14,6,15,17,5,0,1
59458,2026-04-08 04:24:17,30,2,2,accumulation,goldSack,goldSack,gold,1,false,150000,5589510368878,30718,5,5,1,9,0,0,0,0,1,24292,30000,47,1,81.0,bonus_as10_gae1_no,107,700000,,,,,151,72,43,28,44,47,10,3,5,58,30,14,6,15,18,5,0,1
59459,2026-04-08 04:24:18,30,2,2,accumulation,goldSack,goldSack,gold,1,false,150000,5589510518878,30717,5,5,1,9,0,0,0,0,1,24293,30000,47,1,81.0,bonus_as10_gae1_no,107,700000,,,,"{""a9c9d449"":""182\/6500@m11""}",152,72,43,28,44,48,10,3,5,59,30,14,6,15,19,5,0,1
59460,2026-04-08 04:24:20,30,2,2,accumulation,goldSack,goldSack,gold,1,false,150000,5589510668878,30716,5,5,1,9,0,0,0,0,1,24294,30000,47,1,81.0,bonus_as10_gae1_no,107,700000,,,,,153,72,43,28,44,49,10,3,5,60,30,14,6,15,20,5,0,1
59461,2026-04-08 04:24:22,4,4,2,steal,steal,goldSack,gold,1,false,100000,5589510768878,30715,5,5,1,9,0,2,0,0,0,24294,30000,47,0,81.0,bonus_as10_gae1_no,107,700000,,,,,154,72,45,28,44,49,10,3,5,61,30,16,6,15,20,5,0,1
59462,2026-04-08 04:24:23,4,4,4,steal,steal,steal,steal,4,true,0,5589510768878,30714,5,5,1,9,0,3,0,0,0,24294,30000,47,0,81.0,bonus_as10_gae1_no,107,700000,,,,,155,72,48,28,44,49,10,4,5,62,30,19,6,15,20,5,1,1
59463,2026-04-08 04:25:18,3,3,2,attack,attack,goldSack,gold,1,false,100000,5589583243878,30713,5,5,1,9,2,0,0,0,0,24294,30000,47,0,81.0,bonus_as10_gae1_no,107,700000,,,,"{""a9c9d449"":""184\/6500@m11""}",156,74,48,28,44,49,10,4,5,63,32,19,6,15,20,5,1,1
59464,2026-04-08 04:25:20,5,5,5,shield,shield,shield,shield,3,true,1,5589583243878,30713,5,5,1,9,0,0,3,0,0,24294,30000,47,0,81.0,bonus_as10_gae1_no,107,700000,,,,,157,74,48,31,44,49,10,4,6,64,32,19,9,15,20,5,1,2
59465,2026-04-08 04:25:23,3,3,2,attack,attack,goldSack,gold,1,false,100000,5589583343878,30712,5,5,1,9,2,0,0,0,0,24294,30000,47,0,81.0,bonus_as10_gae1_no,107,700000,,,,,158,76,48,31,44,49,10,4,6,65,34,19,9,15,20,5,1,2
59466,2026-04-08 04:25:32,1,4,6,coin,steal,spins,gold,1,false,25000,5589583368878,30711,5,5,1,9,0,1,0,1,0,24294,30000,47,0,81.0,bonus_as10_gae1_no,107,700000,,,,,159,76,49,31,45,49,10,4,6,66,34,20,9,16,20,5,1,2
59467,2026-04-08 04:25:35,30,30,30,accumulation,accumulation,accumulation,gold,10,true,0,5589583368878,30710,5,5,1,9,0,0,0,0,3,24304,30000,47,10,81.0,bonus_as10_gae1_no,107,700000,,,,,160,76,49,31,45,52,10,4,6,67,34,20,9,16,23,5,1,2
59468,2026-04-08 04:25:37,1,4,6,coin,steal,spins,gold,1,false,25000,5589583393878,30709,5,5,1,9,0,1,0,1,0,24304,30000,47,0,81.0,bonus_as10_gae1_no,107,700000,,,,,1,0,1,0,1,0,0,0,0,68,34,21,9,17,23,5,1,2
59469,2026-04-08 04:25:38,5,5,5,shield,shield,shield,shield,3,true,1,5589583393878,30709,5,5,1,9,0,0,3,0,0,24304,30000,47,0,81.0,bonus_as10_gae1_no,107,700000,,,,,2,0,1,3,1,0,0,0,1,69,34,21,12,17,23,5,1,3
59470,2026-04-08 04:25:40,3,1,1,attack,coin,coin,gold,1,false,50000,5589583443878,30708,5,5,1,9,1,0,0,0,0,24304,30000,47,0,81.0,bonus_as10_gae1_no,107,700000,,,,,3,1,1,3,1,0,0,0,1,70,35,21,12,17,23,5,1,3
59471,2026-04-08 04:25:41,30,30,2,accumulation,accumulation,goldSack,gold,1,false,100000,5589583543878,30707,5,5,1,9,0,0,0,0,2,24306,30000,47,2,81.0,bonus_as10_gae1_no,107,700000,,,,,4,1,1,3,1,2,0,0,1,71,35,21,12,17,25,5,1,3
59472,2026-04-08 04:25:42,30,2,2,accumulation,goldSack,goldSack,gold,1,false,150000,5589583693878,30706,5,5,1,9,0,0,0,0,1,24307,30000,47,1,81.0,bonus_as10_gae1_no,107,700000,,,,,5,1,1,3,1,3,0,0,1,72,35,21,12,17,26,5,1,3
59473,2026-04-08 04:25:44,3,5,2,attack,shield,goldSack,gold,1,false,100000,5589583793878,30705,5,5,1,9,1,0,1,0,0,24307,30000,47,0,81.0,bonus_as10_gae1_no,107,700000,,,,,6,2,1,4,1,3,0,0,1,73,36,21,13,17,26,5,1,3
59474,2026-04-08 04:25:47,30,2,2,accumulation,goldSack,goldSack,gold,1,false,150000,5589583943878,30704,5,5,1,9,0,0,0,0,1,24308,30000,47,1,81.0,bonus_as10_gae1_no,107,700000,,,,,7,2,1,4,1,4,0,0,1,74,36,21,13,17,27,5,1,3
59475,2026-04-08 04:25:48,3,6,2,attack,spins,goldSack,gold,1,false,100000,5589584043878,30703,5,5,1,9,1,0,0,1,0,24308,30000,47,0,81.0,bonus_as10_gae1_no,107,700000,,,,,8,3,1,4,2,4,0,0,1,75,37,21,13,18,27,5,1,3
59476,2026-04-08 04:25:50,30,2,2,accumulation,goldSack,goldSack,gold,1,false,150000,5589584193878,30702,5,5,1,9,0,0,0,0,1,24309,30000,47,1,81.0,bonus_as10_gae1_no,107,700000,,,,"{""3f0963e6"":""187\/1600@m31""}",9,3,1,4,2,5,0,0,1,76,37,21,13,18,28,5,1,3
59477,2026-04-08 04:25:53,3,6,2,attack,spins,goldSack,gold,1,false,100000,5589584293878,30701,5,5,1,9,1,0,0,1,0,24309,30000,47,0,81.0,bonus_as10_gae1_no,107,700000,,,,,10,4,1,4,3,5,0,0,1,77,38,21,13,19,28,5,1,3
59478,2026-04-08 04:25:57,1,4,4,coin,steal,steal,gold,1,false,25000,5589584318878,30700,5,5,1,9,0,2,0,0,0,24309,30000,47,0,81.0,bonus_as10_gae1_no,107,700000,,,,,11,4,3,4,3,5,0,0,1,78,38,23,13,19,28,5,1,3
59479,2026-04-08 04:25:58,30,30,30,accumulation,accumulation,accumulation,gold,10,true,0,5589584318878,30699,5,5,1,9,0,0,0,0,3,24319,30000,47,10,81.1,bonus_as10_gae1_no,107,700000,,,,,12,4,3,4,3,8,0,0,1,79,38,23,13,19,31,5,1,3
59480,2026-04-08 04:25:59,30,2,2,accumulation,goldSack,goldSack,gold,1,false,150000,5589584468878,30698,5,5,1,9,0,0,0,0,1,24320,30000,47,1,81.1,bonus_as10_gae1_no,107,700000,,,,,1,0,0,0,0,1,0,0,0,80,38,23,13,19,32,5,1,3
59481,2026-04-08 04:26:01,4,4,4,steal,steal,steal,steal,4,true,0,5589584468878,30697,5,5,1,9,0,3,0,0,0,24320,30000,47,0,81.1,bonus_as10_gae1_no,107,700000,,,,,2,0,3,0,0,1,0,1,0,81,38,26,13,19,32,5,2,3
59482,2026-04-08 04:26:14,2,2,2,goldSack,goldSack,goldSack,gold,1,true,1600000,5589715560878,30696,5,5,1,9,0,0,0,0,0,24320,30000,47,0,81.1,bonus_as10_gae1_no,107,700000,,,,"{""a9c9d449"":""186\/6500@m11""}",3,0,3,0,0,1,0,1,0,82,38,26,13,19,32,5,2,3
59483,2026-04-08 04:26:24,30,30,3,accumulation,accumulation,attack,gold,6,false,0,5589715560878,30695,5,5,1,9,1,0,0,0,2,24322,30000,47,2,81.1,bonus_as10_gae1_no,107,700000,,,,,4,1,3,0,0,3,0,1,0,83,39,26,13,19,34,5,2,3
59484,2026-04-08 04:26:27,1,4,6,coin,steal,spins,gold,1,false,25000,5589715585878,30694,5,5,1,9,0,1,0,1,0,24322,30000,47,0,81.1,bonus_as10_gae1_no,107,700000,,,,,5,1,4,0,1,3,0,1,0,84,39,27,13,20,34,5,2,3
59485,2026-04-08 04:26:28,30,2,2,accumulation,goldSack,goldSack,gold,1,false,150000,5589715735878,30693,5,5,1,9,0,0,0,0,1,24323,30000,47,1,81.1,bonus_as10_gae1_no,107,700000,,,,,6,1,4,0,1,4,0,1,0,85,39,27,13,20,35,5,2,3
59486,2026-04-08 04:26:30,3,3,3,attack,attack,attack,attack,2,true,0,5589715735878,30692,5,5,1,9,3,0,0,0,0,24323,30000,47,0,81.1,bonus_as10_gae1_no,107,700000,,,,,7,4,4,0,1,4,1,1,0,86,42,27,13,20,35,6,2,3
59487,2026-04-08 04:28:19,30,2,2,accumulation,goldSack,goldSack,gold,1,false,150000,5589723145878,30691,5,5,1,9,0,0,0,0,1,24324,30000,47,1,81.1,bonus_as10_gae1_no,107,700000,,,,,8,4,4,0,1,5,1,1,0,87,42,27,13,20,36,6,2,3
59488,2026-04-08 04:28:22,4,4,4,steal,steal,steal,steal,4,true,0,5589723145878,30690,5,5,1,9,0,3,0,0,0,24324,30000,47,0,81.1,bonus_as10_gae1_no,107,700000,,,,"{""3f0963e6"":""189\/1600@m31""}",9,4,7,0,1,5,1,2,0,88,42,30,13,20,36,6,3,3
59489,2026-04-08 04:30:56,1,1,4,coin,coin,steal,gold,1,false,50000,5589882995878,30689,5,5,1,9,0,1,0,0,0,24324,30000,47,0,81.1,bonus_as10_gae1_no,107,700000,,,,,10,4,8,0,1,5,1,2,0,89,42,31,13,20,36,6,3,3
59490,2026-04-08 04:30:57,3,5,2,attack,shield,goldSack,gold,1,false,100000,5589883095878,30688,5,5,1,9,1,0,1,0,0,24324,30000,47,0,81.1,bonus_as10_gae1_no,107,700000,,,,,11,5,8,1,1,5,1,2,0,90,43,31,14,20,36,6,3,3
59491,2026-04-08 04:30:58,2,2,2,goldSack,goldSack,goldSack,gold,1,true,1600000,5589884695878,30687,5,5,1,9,0,0,0,0,0,24324,30000,47,0,81.1,bonus_as10_gae1_no,107,700000,,,,,12,5,8,1,1,5,1,2,0,91,43,31,14,20,36,6,3,3
59492,2026-04-08 04:30:58,1,1,1,coin,coin,coin,gold,1,true,250000,5589884945878,30686,5,5,1,9,0,0,0,0,0,24324,30000,47,0,81.1,bonus_as10_gae1_no,107,700000,,,,,13,5,8,1,1,5,1,2,0,92,43,31,14,20,36,6,3,3
59493,2026-04-08 04:30:59,3,5,2,attack,shield,goldSack,gold,1,false,100000,5589885045878,30685,5,5,1,9,1,0,1,0,0,24324,30000,47,0,81.1,bonus_as10_gae1_no,107,700000,,,,,14,6,8,2,1,5,1,2,0,93,44,31,15,20,36,6,3,3
59494,2026-04-08 04:31:00,3,5,2,attack,shield,goldSack,gold,1,false,100000,5589885145878,30684,5,5,1,9,1,0,1,0,0,24324,30000,47,0,81.1,bonus_as10_gae1_no,107,700000,,,,,15,7,8,3,1,5,1,2,0,94,45,31,16,20,36,6,3,3
59495,2026-04-08 04:31:01,3,1,1,attack,coin,coin,gold,1,false,50000,5589885195878,30683,5,5,1,9,1,0,0,0,0,24324,30000,47,0,81.1,bonus_as10_gae1_no,107,700000,,,,,16,8,8,3,1,5,1,2,0,95,46,31,16,20,36,6,3,3
59496,2026-04-08 04:31:02,1,1,4,coin,coin,steal,gold,1,false,50000,5589885245878,30682,5,5,1,9,0,1,0,0,0,24324,30000,47,0,81.1,bonus_as10_gae1_no,107,700000,,,,,17,8,9,3,1,5,1,2,0,96,46,32,16,20,36,6,3,3
59497,2026-04-08 04:31:03,2,2,2,goldSack,goldSack,goldSack,gold,1,true,1600000,5589886845878,30681,5,5,1,9,0,0,0,0,0,24324,30000,47,0,81.1,bonus_as10_gae1_no,107,700000,,,,,18,8,9,3,1,5,1,2,0,97,46,32,16,20,36,6,3,3
59498,2026-04-08 04:31:03,30,2,2,accumulation,goldSack,goldSack,gold,1,false,150000,5589886995878,30680,5,5,1,9,0,0,0,0,1,24325,30000,47,1,81.1,bonus_as10_gae1_no,107,700000,,,,,19,8,9,3,1,6,1,2,0,98,46,32,16,20,37,6,3,3
59499,2026-04-08 04:31:05,30,2,2,accumulation,goldSack,goldSack,gold,1,false,150000,5589887145878,30679,5,5,1,9,0,0,0,0,1,24326,30000,47,1,81.1,bonus_as10_gae1_no,107,700000,,,,"{""a9c9d449"":""188\/6500@m11""}",20,8,9,3,1,7,1,2,0,99,46,32,16,20,38,6,3,3
59500,2026-04-08 04:31:07,1,1,1,coin,coin,coin,gold,1,true,250000,5589887395878,30678,5,5,1,9,0,0,0,0,0,24326,30000,47,0,81.1,bonus_as10_gae1_no,107,700000,,,,,21,8,9,3,1,7,1,2,0,100,46,32,16,20,38,6,3,3
59501,2026-04-08 04:31:08,1,1,1,coin,coin,coin,gold,1,true,250000,5589887645878,30677,5,5,1,9,0,0,0,0,0,24326,30000,47,0,81.1,bonus_as10_gae1_no,107,700000,,,,,22,8,9,3,1,7,1,2,0,101,46,32,16,20,38,6,3,3
59502,2026-04-08 04:31:09,30,30,3,accumulation,accumulation,attack,gold,6,false,0,5589887645878,30676,5,5,1,9,1,0,0,0,2,24328,30000,47,2,81.1,bonus_as10_gae1_no,107,700000,,,,,23,9,9,3,1,9,1,2,0,102,47,32,16,20,40,6,3,3
59503,2026-04-08 04:31:10,1,6,6,coin,spins,spins,gold,1,false,25000,5589887670878,30675,5,5,1,9,0,0,0,2,0,24328,30000,47,0,81.1,bonus_as10_gae1_no,107,700000,,,,,24,9,9,3,3,9,1,2,0,103,47,32,16,22,40,6,3,3
59504,2026-04-08 04:31:10,1,4,6,coin,steal,spins,gold,1,false,25000,5589887695878,30674,5,5,1,9,0,1,0,1,0,24328,30000,47,0,81.1,bonus_as10_gae1_no,107,700000,,,,,25,9,10,3,4,9,1,2,0,104,47,33,16,23,40,6,3,3
59505,2026-04-08 04:31:11,1,1,4,coin,coin,steal,gold,1,false,50000,5589887745878,30673,5,5,1,9,0,1,0,0,0,24328,30000,47,0,81.1,bonus_as10_gae1_no,107,700000,,,,"{""3f0963e6"":""191\/1600@m31""}",26,9,11,3,4,9,1,2,0,105,47,34,16,23,40,6,3,3
59506,2026-04-08 04:31:13,5,5,5,shield,shield,shield,shield,3,true,1,5589887745878,30673,5,5,1,9,0,0,3,0,0,24328,30000,47,0,81.1,bonus_as10_gae1_no,107,700000,,,,,27,9,11,6,4,9,1,2,1,106,47,34,19,23,40,6,3,4
59507,2026-04-08 04:31:14,3,3,2,attack,attack,goldSack,gold,1,false,100000,5589887845878,30672,5,5,1,9,2,0,0,0,0,24328,30000,47,0,81.1,bonus_as10_gae1_no,107,700000,,,,"{""a9c9d449"":""190\/6500@m11""}",28,11,11,6,4,9,1,2,1,107,49,34,19,23,40,6,3,4
59508,2026-04-08 04:31:16,30,2,2,accumulation,goldSack,goldSack,gold,1,false,150000,5589887995878,30671,5,5,1,9,0,0,0,0,1,24329,30000,47,1,81.1,bonus_as10_gae1_no,107,700000,,,,,29,11,11,6,4,10,1,2,1,108,49,34,19,23,41,6,3,4
59509,2026-04-08 04:31:17,1,5,5,coin,shield,shield,gold,1,false,25000,5589888020878,30670,5,5,1,9,0,0,2,0,0,24329,30000,47,0,81.1,bonus_as10_gae1_no,107,700000,,,,,30,11,11,8,4,10,1,2,1,109,49,34,21,23,41,6,3,4
59510,2026-04-08 04:31:18,3,3,3,attack,attack,attack,attack,2,true,0,5589888020878,30669,5,5,1,9,3,0,0,0,0,24329,30000,47,0,81.1,bonus_as10_gae1_no,107,700000,,,,,31,14,11,8,4,10,2,2,1,110,52,34,21,23,41,7,3,4
59511,2026-04-08 04:31:50,3,5,2,attack,shield,goldSack,gold,1,false,100000,5589910120878,30668,5,5,1,9,1,0,1,0,0,24329,30000,47,0,81.1,bonus_as10_gae1_no,107,700000,,,,,32,15,11,9,4,10,2,2,1,111,53,34,22,23,41,7,3,4
59512,2026-04-08 04:31:52,1,1,1,coin,coin,coin,gold,1,true,250000,5589910370878,30667,5,5,1,9,0,0,0,0,0,24329,30000,47,0,81.1,bonus_as10_gae1_no,107,700000,,,,,33,15,11,9,4,10,2,2,1,112,53,34,22,23,41,7,3,4
59513,2026-04-08 04:31:54,30,2,2,accumulation,goldSack,goldSack,gold,1,false,150000,5589910520878,30666,5,5,1,9,0,0,0,0,1,24330,30000,47,1,81.1,bonus_as10_gae1_no,107,700000,,,,,34,15,11,9,4,11,2,2,1,113,53,34,22,23,42,7,3,4
59514,2026-04-08 04:31:55,3,3,3,attack,attack,attack,attack,2,true,0,5589910520878,30665,5,5,1,9,3,0,0,0,0,24330,30000,47,0,81.1,bonus_as10_gae1_no,107,700000,,,,,35,18,11,9,4,11,3,2,1,114,56,34,22,23,42,8,3,4
59515,2026-04-08 04:32:14,2,2,2,goldSack,goldSack,goldSack,gold,1,true,1600000,5589919380878,30664,5,5,1,9,0,0,0,0,0,24330,30000,47,0,81.1,bonus_as10_gae1_no,107,700000,,,,,36,18,11,9,4,11,3,2,1,115,56,34,22,23,42,8,3,4
59516,2026-04-08 04:32:17,5,5,5,shield,shield,shield,shield,3,true,1,5589919380878,30664,5,5,1,9,0,0,3,0,0,24330,30000,47,0,81.1,bonus_as10_gae1_no,107,700000,,,,,37,18,11,12,4,11,3,2,2,116,56,34,25,23,42,8,3,5
59517,2026-04-08 04:32:20,1,4,6,coin,steal,spins,gold,1,false,25000,5589919405878,30663,5,5,1,9,0,1,0,1,0,24330,30000,47,0,81.1,bonus_as10_gae1_no,107,700000,,,,"{""3f0963e6"":""193\/1600@m31""}",38,18,12,12,5,11,3,2,2,117,56,35,25,24,42,8,3,5
59518,2026-04-08 04:32:20,30,30,3,accumulation,accumulation,attack,gold,6,false,0,5589919405878,30662,5,5,1,9,1,0,0,0,2,24332,30000,47,2,81.1,bonus_as10_gae1_no,107,700000,,,,"{""a9c9d449"":""192\/6500@m11""}",39,19,12,12,5,13,3,2,2,118,57,35,25,24,44,8,3,5
59519,2026-04-08 04:32:24,1,4,4,coin,steal,steal,gold,1,false,25000,5589919430878,30661,5,5,1,9,0,2,0,0,0,24332,30000,47,0,81.1,bonus_as10_gae1_no,107,700000,,,,,40,19,14,12,5,13,3,2,2,119,57,37,25,24,44,8,3,5
59520,2026-04-08 04:32:28,5,5,5,shield,shield,shield,shield,3,true,1,5589919430878,30661,5,5,1,9,0,0,3,0,0,24332,30000,47,0,81.1,bonus_as10_gae1_no,107,700000,,,,,41,19,14,15,5,13,3,2,3,120,57,37,28,24,44,8,3,6
59521,2026-04-08 04:32:30,1,4,6,coin,steal,spins,gold,1,false,25000,5589919455878,30660,5,5,1,9,0,1,0,1,0,24332,30000,47,0,81.1,bonus_as10_gae1_no,107,700000,,,,,42,19,15,15,6,13,3,2,3,121,57,38,28,25,44,8,3,6
59522,2026-04-08 04:32:33,30,2,2,accumulation,goldSack,goldSack,gold,1,false,150000,5589919605878,30659,5,5,1,9,0,0,0,0,1,24333,30000,47,1,81.1,bonus_as10_gae1_no,107,700000,,,,,43,19,15,15,6,14,3,2,3,122,57,38,28,25,45,8,3,6
59523,2026-04-08 04:32:34,6,6,6,spins,spins,spins,spins,5,true,10,5589919605878,30668,5,5,1,9,0,0,0,3,0,24333,30000,47,0,81.1,bonus_as10_gae1_no,107,700000,,,,,44,19,15,15,9,14,3,2,3,123,57,38,28,28,45,8,3,6
59524,2026-04-08 04:32:35,30,2,2,accumulation,goldSack,goldSack,gold,1,false,150000,5589919755878,30667,5,5,1,9,0,0,0,0,1,24334,30000,47,1,81.1,bonus_as10_gae1_no,107,700000,,,,,45,19,15,15,9,15,3,2,3,1,0,0,0,0,1,0,0,0
59525,2026-04-08 04:32:37,3,3,3,attack,attack,attack,attack,2,true,0,5589919755878,30666,5,5,1,9,3,0,0,0,0,24334,30000,47,0,81.1,bonus_as10_gae1_no,107,700000,,,,,46,22,15,15,9,15,4,2,3,2,3,0,0,0,1,1,0,0
59526,2026-04-08 04:33:31,3,3,2,attack,attack,goldSack,gold,1,false,100000,5589927115878,30665,5,5,1,9,2,0,0,0,0,24334,30000,47,0,81.1,bonus_as10_gae1_no,107,700000,,,,,47,24,15,15,9,15,4,2,3,3,5,0,0,0,1,1,0,0
59527,2026-04-08 04:33:34,3,3,3,attack,attack,attack,attack,2,true,0,5589927115878,30664,5,5,1,9,3,0,0,0,0,24334,30000,47,0,81.1,bonus_as10_gae1_no,107,700000,,,,,48,27,15,15,9,15,5,2,3,4,8,0,0,0,1,2,0,0
59528,2026-04-08 04:33:52,30,2,2,accumulation,goldSack,goldSack,gold,1,false,150000,5589934525878,30663,5,5,1,9,0,0,0,0,1,24335,30000,47,1,81.1,bonus_as10_gae1_no,107,700000,,,,"{""a9c9d449"":""194\/6500@m11""}",49,27,15,15,9,16,5,2,3,5,8,0,0,0,2,2,0,0
59529,2026-04-08 04:33:56,30,30,1,accumulation,accumulation,coin,gold,1,false,25000,5589934550878,30662,5,5,1,9,0,0,0,0,2,24337,30000,47,2,81.1,bonus_as10_gae1_no,107,700000,,,,,50,27,15,15,9,18,5,2,3,6,8,0,0,0,4,2,0,0
59530,2026-04-08 04:33:58,3,3,3,attack,attack,attack,attack,2,true,0,5589934550878,30661,5,5,1,9,3,0,0,0,0,24337,30000,47,0,81.1,bonus_as10_gae1_no,107,700000,,,,,51,30,15,15,9,18,6,2,3,7,11,0,0,0,4,3,0,0
59531,2026-04-08 04:34:03,5,5,5,shield,shield,shield,shield,3,true,1,5589956550878,30661,5,5,1,9,0,0,3,0,0,24337,30000,47,0,81.1,bonus_as10_gae1_no,107,700000,,,,,52,30,15,18,9,18,6,2,4,8,11,0,3,0,4,3,0,1
59532,2026-04-08 04:34:04,1,4,6,coin,steal,spins,gold,1,false,25000,5589956575878,30660,5,5,1,9,0,1,0,1,0,24337,30000,47,0,81.1,bonus_as10_gae1_no,107,700000,,,,,53,30,16,18,10,18,6,2,4,9,11,1,3,1,4,3,0,1
59533,2026-04-08 04:34:06,30,30,1,accumulation,accumulation,coin,gold,1,false,25000,5589956600878,30659,5,5,1,9,0,0,0,0,2,24339,30000,47,2,81.1,bonus_as10_gae1_no,107,700000,,,,,54,30,16,18,10,20,6,2,4,10,11,1,3,1,6,3,0,1
59534,2026-04-08 04:34:07,1,6,6,coin,spins,spins,gold,1,false,25000,5589956625878,30658,5,5,1,9,0,0,0,2,0,24339,30000,47,0,81.1,bonus_as10_gae1_no,107,700000,,,,,55,30,16,18,12,20,6,2,4,11,11,1,3,3,6,3,0,1
59535,2026-04-08 04:34:08,30,2,2,accumulation,goldSack,goldSack,gold,1,false,150000,5589956775878,30657,5,5,1,9,0,0,0,0,1,24340,30000,47,1,81.1,bonus_as10_gae1_no,107,700000,,,,,56,30,16,18,12,21,6,2,4,12,11,1,3,3,7,3,0,1
59536,2026-04-08 04:34:12,3,6,2,attack,spins,goldSack,gold,1,false,100000,5589956875878,30656,5,5,1,9,1,0,0,1,0,24340,30000,47,0,81.1,bonus_as10_gae1_no,107,700000,,,,,57,31,16,18,13,21,6,2,4,13,12,1,3,4,7,3,0,1
59537,2026-04-08 04:34:14,5,2,2,shield,goldSack,goldSack,gold,1,false,150000,5589957025878,30655,5,5,1,9,0,0,1,0,0,24340,30000,47,0,81.1,bonus_as10_gae1_no,107,700000,,,,,58,31,16,19,13,21,6,2,4,14,12,1,4,4,7,3,0,1
59538,2026-04-08 04:34:19,1,1,1,coin,coin,coin,gold,1,true,250000,5589957275878,30654,5,5,1,9,0,0,0,0,0,24340,30000,47,0,81.1,bonus_as10_gae1_no,107,700000,,,,"{""3f0963e6"":""195\/1600@m31""}",59,31,16,19,13,21,6,2,4,15,12,1,4,4,7,3,0,1
59539,2026-04-08 04:34:20,1,6,6,coin,spins,spins,gold,1,false,25000,5589957300878,30653,5,5,1,9,0,0,0,2,0,24340,30000,47,0,81.1,bonus_as10_gae1_no,107,700000,,,,,60,31,16,19,15,21,6,2,4,16,12,1,4,6,7,3,0,1
59540,2026-04-08 04:34:24,3,3,3,attack,attack,attack,attack,2,true,0,5589957300878,30652,5,5,1,9,3,0,0,0,0,24340,30000,47,0,81.1,bonus_as10_gae1_no,107,700000,,,,,61,34,16,19,15,21,7,2,4,17,15,1,4,6,7,4,0,1
59541,2026-04-08 04:34:40,30,2,2,accumulation,goldSack,goldSack,gold,1,false,150000,5589979450878,30651,5,5,1,9,0,0,0,0,1,24341,30000,47,1,81.1,bonus_as10_gae1_no,107,700000,,,,,62,34,16,19,15,22,7,2,4,18,15,1,4,6,8,4,0,1
59542,2026-04-08 04:34:42,1,4,6,coin,steal,spins,gold,1,false,25000,5589979475878,30650,5,5,1,9,0,1,0,1,0,24341,30000,47,0,81.1,bonus_as10_gae1_no,107,700000,,,,"{""a9c9d449"":""196\/6500@m11""}",63,34,17,19,16,22,7,2,4,19,15,2,4,7,8,4,0,1
59543,2026-04-08 04:34:44,30,30,1,accumulation,accumulation,coin,gold,1,false,25000,5589979500878,30649,5,5,1,9,0,0,0,0,2,24343,30000,47,2,81.1,bonus_as10_gae1_no,107,700000,,,,,64,34,17,19,16,24,7,2,4,20,15,2,4,7,10,4,0,1
59544,2026-04-08 04:34:46,3,6,2,attack,spins,goldSack,gold,1,false,100000,5589979600878,30648,5,5,1,9,1,0,0,1,0,24343,30000,47,0,81.1,bonus_as10_gae1_no,107,700000,,,,,65,35,17,19,17,24,7,2,4,21,16,2,4,8,10,4,0,1
59545,2026-04-08 04:34:47,3,5,2,attack,shield,goldSack,gold,1,false,100000,5589979700878,30647,5,5,1,9,1,0,1,0,0,24343,30000,47,0,81.1,bonus_as10_gae1_no,107,700000,,,,,66,36,17,20,17,24,7,2,4,22,17,2,5,8,10,4,0,1
59546,2026-04-08 04:34:47,1,4,6,coin,steal,spins,gold,1,false,25000,5589979725878,30646,5,5,1,9,0,1,0,1,0,24343,30000,47,0,81.1,bonus_as10_gae1_no,107,700000,,,,,67,36,18,20,18,24,7,2,4,23,17,3,5,9,10,4,0,1
59547,2026-04-08 04:34:49,4,4,4,steal,steal,steal,steal,4,true,0,5589979725878,30645,5,5,1,9,0,3,0,0,0,24343,30000,47,0,81.1,bonus_as10_gae1_no,107,700000,,,,,68,36,21,20,18,24,7,3,4,24,17,6,5,9,10,4,1,1
59548,2026-04-08 04:34:59,3,3,2,attack,attack,goldSack,gold,1,false,100000,5590106215878,30644,5,5,1,9,2,0,0,0,0,24343,30000,47,0,81.1,bonus_as10_gae1_no,107,700000,,,,,69,38,21,20,18,24,7,3,4,25,19,6,5,9,10,4,1,1
59549,2026-04-08 04:35:00,2,2,2,goldSack,goldSack,goldSack,gold,1,true,1600000,5590107815878,30643,5,5,1,9,0,0,0,0,0,24343,30000,47,0,81.1,bonus_as10_gae1_no,107,700000,,,,,70,38,21,20,18,24,7,3,4,26,19,6,5,9,10,4,1,1
59550,2026-04-08 04:35:03,3,6,2,attack,spins,goldSack,gold,1,false,40000000,5590147815878,30243,5,5,400,9,1,0,0,1,0,24343,30000,47,0,81.1,bonus_as10_gae1_no,107,700000,,,,,71,39,21,20,19,24,7,3,4,27,20,6,5,10,10,4,1,1
59551,2026-04-08 04:35:04,30,30,1,accumulation,accumulation,coin,gold,1,false,10000000,5590157815878,29843,5,5,400,9,0,0,0,0,2,25143,30000,47,800,83.8,bonus_as10_gae1_no,107,700000,,,,,72,39,21,20,19,26,7,3,4,28,20,6,5,10,12,4,1,1
59552,2026-04-08 04:35:06,3,3,2,attack,attack,goldSack,gold,1,false,40000000,5590197815878,29443,5,5,400,9,2,0,0,0,0,25143,30000,47,0,83.8,bonus_as10_gae1_no,107,700000,,,,,73,41,21,20,19,26,7,3,4,29,22,6,5,10,12,4,1,1
59553,2026-04-08 04:35:08,3,3,2,attack,attack,goldSack,gold,1,false,40000000,5590237815878,29043,5,5,400,9,2,0,0,0,0,25143,30000,47,0,83.8,bonus_as10_gae1_no,107,700000,,,,,74,43,21,20,19,26,7,3,4,30,24,6,5,10,12,4,1,1
59554,2026-04-08 04:35:09,1,4,4,coin,steal,steal,gold,1,false,10000000,5590247815878,28643,5,5,400,9,0,2,0,0,0,25143,30000,47,0,83.8,bonus_as10_gae1_no,107,700000,,,,"{""3f0963e6"":""995\/1600@m31""}",75,43,23,20,19,26,7,3,4,31,24,8,5,10,12,4,1,1
59555,2026-04-08 04:35:10,1,1,4,coin,coin,steal,gold,1,false,20000000,5590267815878,28243,5,5,400,9,0,1,0,0,0,25143,30000,47,0,83.8,bonus_as10_gae1_no,107,700000,,,,,76,43,24,20,19,26,7,3,4,32,24,9,5,10,12,4,1,1
59556,2026-04-08 04:36:17,1,4,4,coin,steal,steal,gold,1,false,10000000,5590277815878,27843,5,5,400,9,0,2,0,0,0,25143,30000,47,0,83.8,bonus_as10_gae1_no,107,700000,,,,"{""a9c9d449"":""996\/6500@m11""}",77,43,26,20,19,26,7,3,4,33,24,11,5,10,12,4,1,1
59557,2026-04-08 04:36:18,1,1,1,coin,coin,coin,gold,1,true,100000000,5590377815878,27443,5,5,400,9,0,0,0,0,0,25143,30000,47,0,83.8,bonus_as10_gae1_no,107,700000,,,,,78,43,26,20,19,26,7,3,4,34,24,11,5,10,12,4,1,1
59558,2026-04-08 04:36:21,2,2,2,goldSack,goldSack,goldSack,gold,1,true,1600000,5590379415878,27442,5,5,1,9,0,0,0,0,0,25143,30000,47,0,83.8,bonus_as10_gae1_no,107,700000,,,,,79,43,26,20,19,26,7,3,4,35,24,11,5,10,12,4,1,1
59559,2026-04-08 04:36:23,3,4,2,attack,steal,goldSack,gold,1,false,100000,5590379515878,27441,5,5,1,9,1,1,0,0,0,25143,30000,47,0,83.8,bonus_as10_gae1_no,107,700000,,,,,80,44,27,20,19,26,7,3,4,36,25,12,5,10,12,4,1,1
59560,2026-04-08 04:36:24,3,6,2,attack,spins,goldSack,gold,1,false,100000,5590379615878,27440,5,5,1,9,1,0,0,1,0,25143,30000,47,0,83.8,bonus_as10_gae1_no,107,700000,,,,,81,45,27,20,20,26,7,3,4,37,26,12,5,11,12,4,1,1
59561,2026-04-08 04:36:25,30,2,2,accumulation,goldSack,goldSack,gold,1,false,150000,5590379765878,27439,5,5,1,9,0,0,0,0,1,25144,30000,47,1,83.8,bonus_as10_gae1_no,107,700000,,,,,82,45,27,20,20,27,7,3,4,38,26,12,5,11,13,4,1,1
59562,2026-04-08 04:36:27,1,1,4,coin,coin,steal,gold,1,false,50000,5590379815878,27438,5,5,1,9,0,1,0,0,0,25144,30000,47,0,83.8,bonus_as10_gae1_no,107,700000,,,,"{""a9c9d449"":""998\/6500@m11""}",83,45,28,20,20,27,7,3,4,39,26,13,5,11,13,4,1,1
59563,2026-04-08 04:36:28,1,1,4,coin,coin,steal,gold,1,false,50000,5590379865878,27437,5,5,1,9,0,1,0,0,0,25144,30000,47,0,83.8,bonus_as10_gae1_no,107,700000,,,,,84,45,29,20,20,27,7,3,4,40,26,14,5,11,13,4,1,1
59564,2026-04-08 04:36:29,30,2,2,accumulation,goldSack,goldSack,gold,1,false,150000,5590380015878,27436,5,5,1,9,0,0,0,0,1,25145,30000,47,1,83.8,bonus_as10_gae1_no,107,700000,,,,,85,45,29,20,20,28,7,3,4,41,26,14,5,11,14,4,1,1
59565,2026-04-08 04:36:30,1,4,6,coin,steal,spins,gold,1,false,25000,5590380040878,27435,5,5,1,9,0,1,0,1,0,25145,30000,47,0,83.8,bonus_as10_gae1_no,107,700000,,,,,86,45,30,20,21,28,7,3,4,42,26,15,5,12,14,4,1,1
59566,2026-04-08 04:36:31,2,2,2,goldSack,goldSack,goldSack,gold,1,true,1600000,5590381640878,27434,5,5,1,9,0,0,0,0,0,25145,30000,47,0,83.8,bonus_as10_gae1_no,107,700000,,,,,87,45,30,20,21,28,7,3,4,43,26,15,5,12,14,4,1,1
59567,2026-04-08 04:36:33,1,1,4,coin,coin,steal,gold,1,false,50000,5590381690878,27433,5,5,1,9,0,1,0,0,0,25145,30000,47,0,83.8,bonus_as10_gae1_no,107,700000,,,,"{""a9c9d449"":""1000\/6500@m11""}",88,45,31,20,21,28,7,3,4,44,26,16,5,12,14,4,1,1
59568,2026-04-08 04:36:34,1,4,6,coin,steal,spins,gold,1,false,25000,5590381715878,27432,5,5,1,9,0,1,0,1,0,25145,30000,47,0,83.8,bonus_as10_gae1_no,107,700000,,,,,89,45,32,20,22,28,7,3,4,45,26,17,5,13,14,4,1,1
59569,2026-04-08 04:36:35,1,1,4,coin,coin,steal,gold,1,false,50000,5590381765878,27431,5,5,1,9,0,1,0,0,0,25145,30000,47,0,83.8,bonus_as10_gae1_no,107,700000,,,,"{""3f0963e6"":""997\/1600@m31""}",90,45,33,20,22,28,7,3,4,46,26,18,5,13,14,4,1,1
59570,2026-04-08 04:36:36,3,6,2,attack,spins,goldSack,gold,1,false,100000,5590381865878,27430,5,5,1,9,1,0,0,1,0,25145,30000,47,0,83.8,bonus_as10_gae1_no,107,700000,,,,,91,46,33,20,23,28,7,3,4,47,27,18,5,14,14,4,1,1
59571,2026-04-08 04:36:37,3,5,2,attack,shield,goldSack,gold,1,false,100000,5590381965878,27429,5,5,1,9,1,0,1,0,0,25145,30000,47,0,83.8,bonus_as10_gae1_no,107,700000,,,,,92,47,33,21,23,28,7,3,4,48,28,18,6,14,14,4,1,1
59572,2026-04-08 04:36:39,1,1,1,coin,coin,coin,gold,1,true,250000,5590382215878,27428,5,5,1,9,0,0,0,0,0,25145,30000,47,0,83.8,bonus_as10_gae1_no,107,700000,,,,,93,47,33,21,23,28,7,3,4,49,28,18,6,14,14,4,1,1
59573,2026-04-08 04:36:40,1,1,1,coin,coin,coin,gold,1,true,250000,5590382465878,27427,5,5,1,9,0,0,0,0,0,25145,30000,47,0,83.8,bonus_as10_gae1_no,107,700000,,,,,94,47,33,21,23,28,7,3,4,50,28,18,6,14,14,4,1,1
59574,2026-04-08 04:36:41,30,2,2,accumulation,goldSack,goldSack,gold,1,false,150000,5590382615878,27426,5,5,1,9,0,0,0,0,1,25146,30000,47,1,83.8,bonus_as10_gae1_no,107,700000,,,,,95,47,33,21,23,29,7,3,4,51,28,18,6,14,15,4,1,1
59575,2026-04-08 04:36:42,30,30,1,accumulation,accumulation,coin,gold,1,false,25000,5590382640878,27425,5,5,1,9,0,0,0,0,2,25148,30000,47,2,83.8,bonus_as10_gae1_no,107,700000,,,,,96,47,33,21,23,31,7,3,4,52,28,18,6,14,17,4,1,1
59576,2026-04-08 04:36:44,2,2,2,goldSack,goldSack,goldSack,gold,1,true,1600000,5590384240878,27424,5,5,1,9,0,0,0,0,0,25148,30000,47,0,83.8,bonus_as10_gae1_no,107,700000,,,,,97,47,33,21,23,31,7,3,4,53,28,18,6,14,17,4,1,1
59577,2026-04-08 04:36:47,1,1,4,coin,coin,steal,gold,1,false,50000,5590384290878,27423,5,5,1,9,0,1,0,0,0,25148,30000,47,0,83.8,bonus_as10_gae1_no,107,700000,,,,,98,47,34,21,23,31,7,3,4,54,28,19,6,14,17,4,1,1
59578,2026-04-08 04:36:48,2,2,2,goldSack,goldSack,goldSack,gold,1,true,1600000,5590385890878,27422,5,5,1,9,0,0,0,0,0,25148,30000,47,0,83.8,bonus_as10_gae1_no,107,700000,,,,,99,47,34,21,23,31,7,3,4,55,28,19,6,14,17,4,1,1
59579,2026-04-08 04:36:49,3,6,2,attack,spins,goldSack,gold,1,false,100000,5590385990878,27421,5,5,1,9,1,0,0,1,0,25148,30000,47,0,83.8,bonus_as10_gae1_no,107,700000,,,,,100,48,34,21,24,31,7,3,4,56,29,19,6,15,17,4,1,1
59580,2026-04-08 04:36:51,4,6,2,steal,spins,goldSack,gold,1,false,100000,5590386090878,27420,5,5,1,9,0,1,0,1,0,25148,30000,47,0,83.8,bonus_as10_gae1_no,107,700000,,,,,101,48,35,21,25,31,7,3,4,57,29,20,6,16,17,4,1,1
59581,2026-04-08 04:36:52,3,5,2,attack,shield,goldSack,gold,1,false,100000,5590386190878,27419,5,5,1,9,1,0,1,0,0,25148,30000,47,0,83.8,bonus_as10_gae1_no,107,700000,,,,,102,49,35,22,25,31,7,3,4,58,30,20,7,16,17,4,1,1
59582,2026-04-08 04:36:53,3,3,3,attack,attack,attack,attack,2,true,0,5590386190878,27418,5,5,1,9,3,0,0,0,0,25148,30000,47,0,83.8,bonus_as10_gae1_no,107,700000,,,,,103,52,35,22,25,31,8,3,4,59,33,20,7,16,17,5,1,1
59583,2026-04-08 04:36:59,2,2,2,goldSack,goldSack,goldSack,gold,1,true,1600000,5590409790878,27417,5,5,1,9,0,0,0,0,0,25148,30000,47,0,83.8,bonus_as10_gae1_no,107,700000,,,,,104,52,35,22,25,31,8,3,4,60,33,20,7,16,17,5,1,1
59584,2026-04-08 04:37:03,30,2,2,accumulation,goldSack,goldSack,gold,1,false,150000,5590409940878,27416,5,5,1,9,0,0,0,0,1,25149,30000,47,1,83.8,bonus_as10_gae1_no,107,700000,,,,,105,52,35,22,25,32,8,3,4,61,33,20,7,16,18,5,1,1
59585,2026-04-08 04:37:04,3,3,1,attack,attack,coin,gold,1,false,25000,5590409965878,27415,5,5,1,9,2,0,0,0,0,25149,30000,47,0,83.8,bonus_as10_gae1_no,107,700000,,,,"{""3f0963e6"":""999\/1600@m31"",""a9c9d449"":""1002\/6500@m11""}",106,54,35,22,25,32,8,3,4,62,35,20,7,16,18,5,1,1
59586,2026-04-08 04:37:07,2,2,2,goldSack,goldSack,goldSack,gold,1,true,1600000,5590411565878,27414,5,5,1,9,0,0,0,0,0,25149,30000,47,0,83.8,bonus_as10_gae1_no,107,700000,,,,,107,54,35,22,25,32,8,3,4,63,35,20,7,16,18,5,1,1
59587,2026-04-08 04:37:08,1,5,5,coin,shield,shield,gold,1,false,25000,5590411590878,27413,5,5,1,9,0,0,2,0,0,25149,30000,47,0,83.8,bonus_as10_gae1_no,107,700000,,,,,108,54,35,24,25,32,8,3,4,64,35,20,9,16,18,5,1,1
59588,2026-04-08 04:37:11,1,6,6,coin,spins,spins,gold,1,false,25000,5590411615878,27412,5,5,1,9,0,0,0,2,0,25149,30000,47,0,83.8,bonus_as10_gae1_no,107,700000,,,,,109,54,35,24,27,32,8,3,4,65,35,20,9,18,18,5,1,1
59589,2026-04-08 04:37:12,3,6,2,attack,spins,goldSack,gold,1,false,100000,5590411715878,27411,5,5,1,9,1,0,0,1,0,25149,30000,47,0,83.8,bonus_as10_gae1_no,107,700000,,,,,110,55,35,24,28,32,8,3,4,66,36,20,9,19,18,5,1,1
59590,2026-04-08 04:37:13,3,3,3,attack,attack,attack,attack,2,true,0,5590411715878,27410,5,5,1,9,3,0,0,0,0,25149,30000,47,0,83.8,bonus_as10_gae1_no,107,700000,,,,,111,58,35,24,28,32,9,3,4,67,39,20,9,19,18,6,1,1
59591,2026-04-08 04:37:19,3,6,2,attack,spins,goldSack,gold,1,false,100000,5590419075878,27409,5,5,1,9,1,0,0,1,0,25149,30000,47,0,83.8,bonus_as10_gae1_no,107,700000,,,,,112,59,35,24,29,32,9,3,4,68,40,20,9,20,18,6,1,1
59592,2026-04-08 04:37:20,3,5,2,attack,shield,goldSack,gold,1,false,100000,5590419175878,27408,5,5,1,9,1,0,1,0,0,25149,30000,47,0,83.8,bonus_as10_gae1_no,107,700000,,,,,113,60,35,25,29,32,9,3,4,69,41,20,10,20,18,6,1,1
59593,2026-04-08 04:37:21,5,5,5,shield,shield,shield,shield,3,true,1,5590419175878,27408,5,5,1,9,0,0,3,0,0,25149,30000,47,0,83.8,bonus_as10_gae1_no,107,700000,,,,"{""a9c9d449"":""1004\/6500@m11""}",114,60,35,28,29,32,9,3,5,70,41,20,13,20,18,6,1,2
59594,2026-04-08 04:37:23,30,30,1,accumulation,accumulation,coin,gold,1,false,25000,5590419200878,27407,5,5,1,9,0,0,0,0,2,25151,30000,47,2,83.8,bonus_as10_gae1_no,107,700000,,,,,115,60,35,28,29,34,9,3,5,71,41,20,13,20,20,6,1,2
59595,2026-04-08 04:37:27,30,2,2,accumulation,goldSack,goldSack,gold,1,false,150000,5590419350878,27406,5,5,1,9,0,0,0,0,1,25152,30000,47,1,83.8,bonus_as10_gae1_no,107,700000,,,,"{""3f0963e6"":""1001\/1600@m31""}",116,60,35,28,29,35,9,3,5,72,41,20,13,20,21,6,1,2
59596,2026-04-08 04:37:28,3,3,1,attack,attack,coin,gold,1,false,25000,5590419375878,27405,5,5,1,9,2,0,0,0,0,25152,30000,47,0,83.8,bonus_as10_gae1_no,107,700000,,,,,117,62,35,28,29,35,9,3,5,73,43,20,13,20,21,6,1,2
59597,2026-04-08 04:37:29,30,30,1,accumulation,accumulation,coin,gold,1,false,25000,5590419400878,27404,5,5,1,9,0,0,0,0,2,25154,30000,47,2,83.8,bonus_as10_gae1_no,107,700000,,,,,118,62,35,28,29,37,9,3,5,74,43,20,13,20,23,6,1,2
59598,2026-04-08 04:37:30,30,2,2,accumulation,goldSack,goldSack,gold,1,false,150000,5590419550878,27403,5,5,1,9,0,0,0,0,1,25155,30000,47,1,83.9,bonus_as10_gae1_no,107,700000,,,,,119,62,35,28,29,38,9,3,5,75,43,20,13,20,24,6,1,2
59599,2026-04-08 04:37:32,2,2,2,goldSack,goldSack,goldSack,gold,1,true,1600000,5590421150878,27402,5,5,1,9,0,0,0,0,0,25155,30000,47,0,83.9,bonus_as10_gae1_no,107,700000,,,,,120,62,35,28,29,38,9,3,5,76,43,20,13,20,24,6,1,2
59600,2026-04-08 04:37:35,1,1,4,coin,coin,steal,gold,1,false,50000,5590421200878,27401,5,5,1,9,0,1,0,0,0,25155,30000,47,0,83.9,bonus_as10_gae1_no,107,700000,,,,,121,62,36,28,29,38,9,3,5,77,43,21,13,20,24,6,1,2
59601,2026-04-08 04:37:36,1,1,4,coin,coin,steal,gold,1,false,50000,5590421250878,27400,5,5,1,9,0,1,0,0,0,25155,30000,47,0,83.9,bonus_as10_gae1_no,107,700000,,,,,122,62,37,28,29,38,9,3,5,78,43,22,13,20,24,6,1,2
59602,2026-04-08 04:37:37,3,1,4,attack,coin,steal,gold,1,false,25000,5590421275878,27399,5,5,1,9,1,1,0,0,0,25155,30000,47,0,83.9,bonus_as10_gae1_no,107,700000,,,,,123,63,38,28,29,38,9,3,5,79,44,23,13,20,24,6,1,2
59603,2026-04-08 04:37:38,4,6,2,steal,spins,goldSack,gold,1,false,100000,5590421375878,27398,5,5,1,9,0,1,0,1,0,25155,30000,47,0,83.9,bonus_as10_gae1_no,107,700000,,,,,124,63,39,28,30,38,9,3,5,80,44,24,13,21,24,6,1,2
59604,2026-04-08 04:37:41,3,1,4,attack,coin,steal,gold,1,false,25000,5590421400878,27397,5,5,1,9,1,1,0,0,0,25155,30000,47,0,83.9,bonus_as10_gae1_no,107,700000,,,,,125,64,40,28,30,38,9,3,5,81,45,25,13,21,24,6,1,2
59605,2026-04-08 04:37:42,3,3,3,attack,attack,attack,attack,2,true,0,5590421400878,27396,5,5,1,9,3,0,0,0,0,25155,30000,47,0,83.9,bonus_as10_gae1_no,107,700000,,,,,126,67,40,28,30,38,10,3,5,82,48,25,13,21,24,7,1,2
59606,2026-04-08 04:37:56,3,6,2,attack,spins,goldSack,gold,1,false,100000,5590443500878,27395,5,5,1,9,1,0,0,1,0,25155,30000,47,0,83.9,bonus_as10_gae1_no,107,700000,,,,"{""a9c9d449"":""1006\/6500@m11""}",127,68,40,28,31,38,10,3,5,83,49,25,13,22,24,7,1,2
59607,2026-04-08 04:37:57,3,6,2,attack,spins,goldSack,gold,1,false,100000,5590443600878,27394,5,5,1,9,1,0,0,1,0,25155,30000,47,0,83.9,bonus_as10_gae1_no,107,700000,,,,,128,69,40,28,32,38,10,3,5,84,50,25,13,23,24,7,1,2
59608,2026-04-08 04:37:58,3,6,2,attack,spins,goldSack,gold,1,false,100000,5590443700878,27393,5,5,1,9,1,0,0,1,0,25155,30000,47,0,83.9,bonus_as10_gae1_no,107,700000,,,,,129,70,40,28,33,38,10,3,5,85,51,25,13,24,24,7,1,2
59609,2026-04-08 04:38:00,30,2,2,accumulation,goldSack,goldSack,gold,1,false,150000,5590443850878,27392,5,5,1,9,0,0,0,0,1,25156,30000,47,1,83.9,bonus_as10_gae1_no,107,700000,,,,,130,70,40,28,33,39,10,3,5,86,51,25,13,24,25,7,1,2
59610,2026-04-08 04:38:02,1,4,4,coin,steal,steal,gold,1,false,25000,5590443875878,27391,5,5,1,9,0,2,0,0,0,25156,30000,47,0,83.9,bonus_as10_gae1_no,107,700000,,,,,131,70,42,28,33,39,10,3,5,87,51,27,13,24,25,7,1,2
59611,2026-04-08 04:38:05,4,4,4,steal,steal,steal,steal,4,true,0,5590443875878,27390,5,5,1,9,0,3,0,0,0,25156,30000,47,0,83.9,bonus_as10_gae1_no,107,700000,,,,,132,70,45,28,33,39,10,4,5,88,51,30,13,24,25,7,2,2
59612,2026-04-08 04:38:20,30,2,2,accumulation,goldSack,goldSack,gold,1,false,150000,5590535657878,27389,5,5,1,9,0,0,0,0,1,25157,30000,47,1,83.9,bonus_as10_gae1_no,107,700000,,,,,133,70,45,28,33,40,10,4,5,89,51,30,13,24,26,7,2,2
59613,2026-04-08 04:38:26,30,30,1,accumulation,accumulation,coin,gold,1,false,10000000,5590545657878,26989,5,5,400,9,0,0,0,0,2,25957,30000,47,800,86.5,bonus_as10_gae1_no,107,700000,,,,,134,70,45,28,33,42,10,4,5,90,51,30,13,24,28,7,2,2
59614,2026-04-08 04:38:32,30,2,2,accumulation,goldSack,goldSack,gold,1,false,60000000,5590605657878,26589,5,5,400,9,0,0,0,0,1,26357,30000,47,400,87.9,bonus_as10_gae1_no,107,700000,,,,"{""3f0963e6"":""201\/1600@m32""}",135,70,45,28,33,43,10,4,5,91,51,30,13,24,29,7,2,2
59615,2026-04-08 04:38:43,1,1,1,coin,coin,coin,gold,1,true,100000000,5590705657878,26189,5,5,400,9,0,0,0,0,0,26357,30000,47,0,87.9,bonus_as10_gae1_no,107,700000,,,,,136,70,45,28,33,43,10,4,5,92,51,30,13,24,29,7,2,2
59616,2026-04-08 04:38:46,4,6,2,steal,spins,goldSack,gold,1,false,40000000,5590745657878,25789,5,5,400,9,0,1,0,1,0,26357,30000,47,0,87.9,bonus_as10_gae1_no,107,700000,,,,,137,70,46,28,34,43,10,4,5,93,51,31,13,25,29,7,2,2
59617,2026-04-08 04:39:01,30,30,1,accumulation,accumulation,coin,gold,1,false,10000000,5590755657878,25389,5,5,400,9,0,0,0,0,2,27157,30000,47,800,90.5,bonus_as10_gae1_no,107,700000,,,,,138,70,46,28,34,45,10,4,5,94,51,31,13,25,31,7,2,2
59618,2026-04-08 04:39:04,2,2,2,goldSack,goldSack,goldSack,gold,1,true,640000000,5591395657878,24989,5,5,400,9,0,0,0,0,0,27157,30000,47,0,90.5,bonus_as10_gae1_no,107,700000,,,,,139,70,46,28,34,45,10,4,5,95,51,31,13,25,31,7,2,2
59619,2026-04-08 04:39:06,30,2,2,accumulation,goldSack,goldSack,gold,1,false,60000000,5591455657878,24589,5,5,400,9,0,0,0,0,1,27557,30000,47,400,91.9,bonus_as10_gae1_no,107,700000,,,,,140,70,46,28,34,46,10,4,5,96,51,31,13,25,32,7,2,2
59620,2026-04-08 04:39:08,30,2,2,accumulation,goldSack,goldSack,gold,1,false,60000000,5591515657878,24189,5,5,400,9,0,0,0,0,1,27957,30000,47,400,93.2,bonus_as10_gae1_no,107,700000,,,,,141,70,46,28,34,47,10,4,5,97,51,31,13,25,33,7,2,2
59621,2026-04-08 04:39:14,1,4,4,coin,steal,steal,gold,1,false,10000000,5591525657878,23789,5,5,400,9,0,2,0,0,0,27957,30000,47,0,93.2,bonus_as10_gae1_no,107,700000,,,,,142,70,48,28,34,47,10,4,5,98,51,33,13,25,33,7,2,2
59622,2026-04-08 04:39:17,1,1,1,coin,coin,coin,gold,1,true,100000000,5591625657878,23389,5,5,400,9,0,0,0,0,0,27957,30000,47,0,93.2,bonus_as10_gae1_no,107,700000,,,,,143,70,48,28,34,47,10,4,5,99,51,33,13,25,33,7,2,2
59623,2026-04-08 04:39:18,5,2,2,shield,goldSack,goldSack,gold,1,false,60000000,5591685657878,22989,5,5,400,9,0,0,1,0,0,27957,30000,47,0,93.2,bonus_as10_gae1_no,107,700000,,,,"{""a9c9d449"":""1806\/6500@m11""}",144,70,48,29,34,47,10,4,5,100,51,33,14,25,33,7,2,2
59624,2026-04-08 04:39:21,30,2,2,accumulation,goldSack,goldSack,gold,1,false,60000000,5591745657878,22589,5,5,400,9,0,0,0,0,1,28357,30000,47,400,94.5,bonus_as10_gae1_no,107,700000,,,,,145,70,48,29,34,48,10,4,5,101,51,33,14,25,34,7,2,2
59625,2026-04-08 04:39:24,30,2,2,accumulation,goldSack,goldSack,gold,1,false,60000000,5591805657878,22189,5,5,400,9,0,0,0,0,1,28757,30000,47,400,95.9,bonus_as10_gae1_no,107,700000,,,,,146,70,48,29,34,49,10,4,5,102,51,33,14,25,35,7,2,2
59626,2026-04-08 04:39:27,3,3,3,attack,attack,attack,attack,2,true,0,5591805657878,21789,5,5,400,9,3,0,0,0,0,28757,30000,47,0,95.9,bonus_as10_gae1_no,107,700000,,,,,147,73,48,29,34,49,11,4,5,103,54,33,14,25,35,8,2,2
59627,2026-04-08 04:39:44,3,3,3,attack,attack,attack,attack,2,true,0,5594709657878,22148,5,5,1,9,3,0,0,0,0,28757,30000,47,0,95.9,bonus_as10_gae1_no,107,700000,,,,,148,76,48,29,34,49,12,4,5,104,57,33,14,25,35,9,2,2
59628,2026-04-08 04:39:49,30,2,2,accumulation,goldSack,goldSack,gold,1,false,150000,5594717067878,22147,5,5,1,9,0,0,0,0,1,28758,30000,47,1,95.9,bonus_as10_gae1_no,107,700000,,,,,149,76,48,29,34,50,12,4,5,105,57,33,14,25,36,9,2,2
59629,2026-04-08 04:39:51,30,30,1,accumulation,accumulation,coin,gold,1,false,25000,5594717092878,22146,5,5,1,9,0,0,0,0,2,28760,30000,47,2,95.9,bonus_as10_gae1_no,107,700000,,,,,150,76,48,29,34,52,12,4,5,106,57,33,14,25,38,9,2,2
59630,2026-04-08 04:39:53,1,4,4,coin,steal,steal,gold,1,false,25000,5594717117878,22145,5,5,1,9,0,2,0,0,0,28760,30000,47,0,95.9,bonus_as10_gae1_no,107,700000,,,,,151,76,50,29,34,52,12,4,5,107,57,35,14,25,38,9,2,2
59631,2026-04-08 04:39:55,30,2,2,accumulation,goldSack,goldSack,gold,1,false,150000,5594717267878,22144,5,5,1,9,0,0,0,0,1,28761,30000,47,1,95.9,bonus_as10_gae1_no,107,700000,,,,,152,76,50,29,34,53,12,4,5,108,57,35,14,25,39,9,2,2
59632,2026-04-08 04:39:56,1,1,1,coin,coin,coin,gold,1,true,250000,5594717517878,22143,5,5,1,9,0,0,0,0,0,28761,30000,47,0,95.9,bonus_as10_gae1_no,107,700000,,,,,153,76,50,29,34,53,12,4,5,109,57,35,14,25,39,9,2,2
59633,2026-04-08 04:39:58,3,3,3,attack,attack,attack,attack,2,true,0,5594717517878,22142,5,5,1,9,3,0,0,0,0,28761,30000,47,0,95.9,bonus_as10_gae1_no,107,700000,,,,,154,79,50,29,34,53,13,4,5,110,60,35,14,25,39,10,2,2
59634,2026-04-08 04:40:03,1,1,4,coin,coin,steal,gold,1,false,50000,5594724827878,22141,5,5,1,9,0,1,0,0,0,28761,30000,47,0,95.9,bonus_as10_gae1_no,107,700000,,,,,155,79,51,29,34,53,13,4,5,111,60,36,14,25,39,10,2,2
59635,2026-04-08 04:40:06,1,1,4,coin,coin,steal,gold,1,false,50000,5594724877878,22140,5,5,1,9,0,1,0,0,0,28761,30000,47,0,95.9,bonus_as10_gae1_no,107,700000,,,,,156,79,52,29,34,53,13,4,5,112,60,37,14,25,39,10,2,2
59636,2026-04-08 04:40:07,3,3,1,attack,attack,coin,gold,1,false,25000,5594724902878,22139,5,5,1,9,2,0,0,0,0,28761,30000,47,0,95.9,bonus_as10_gae1_no,107,700000,,,,,157,81,52,29,34,53,13,4,5,113,62,37,14,25,39,10,2,2
59637,2026-04-08 04:40:10,3,3,1,attack,attack,coin,gold,1,false,25000,5594724927878,22138,5,5,1,9,2,0,0,0,0,28761,30000,47,0,95.9,bonus_as10_gae1_no,107,700000,,,,"{""3f0963e6"":""203\/1600@m32""}",158,83,52,29,34,53,13,4,5,114,64,37,14,25,39,10,2,2
59638,2026-04-08 04:40:12,30,30,30,accumulation,accumulation,accumulation,gold,10,true,0,5594724927878,22137,5,5,1,9,0,0,0,0,3,28771,30000,47,10,95.9,bonus_as10_gae1_no,107,700000,,,,,159,83,52,29,34,56,13,4,5,115,64,37,14,25,42,10,2,2
59639,2026-04-08 04:40:14,1,1,4,coin,coin,steal,gold,1,false,50000,5594724977878,22136,5,5,1,9,0,1,0,0,0,28771,30000,47,0,95.9,bonus_as10_gae1_no,107,700000,,,,"{""a9c9d449"":""1808\/6500@m11""}",1,0,1,0,0,0,0,0,0,116,64,38,14,25,42,10,2,2
59640,2026-04-08 04:40:15,3,3,3,attack,attack,attack,attack,2,true,0,5594724977878,22135,5,5,1,9,3,0,0,0,0,28771,30000,47,0,95.9,bonus_as10_gae1_no,107,700000,,,,,2,3,1,0,0,0,1,0,0,117,67,38,14,25,42,11,2,2
59641,2026-04-08 04:40:21,3,6,2,attack,spins,goldSack,gold,1,false,100000,5594732337878,22134,5,5,1,9,1,0,0,1,0,28771,30000,47,0,95.9,bonus_as10_gae1_no,107,700000,,,,,3,4,1,0,1,0,1,0,0,118,68,38,14,26,42,11,2,2
59642,2026-04-08 04:40:22,3,6,2,attack,spins,goldSack,gold,1,false,100000,5594732437878,22133,5,5,1,9,1,0,0,1,0,28771,30000,47,0,95.9,bonus_as10_gae1_no,107,700000,,,,,4,5,1,0,2,0,1,0,0,119,69,38,14,27,42,11,2,2
59643,2026-04-08 04:40:24,1,1,4,coin,coin,steal,gold,1,false,50000,5594732487878,22132,5,5,1,9,0,1,0,0,0,28771,30000,47,0,95.9,bonus_as10_gae1_no,107,700000,,,,,5,5,2,0,2,0,1,0,0,120,69,39,14,27,42,11,2,2
59644,2026-04-08 04:40:25,2,2,2,goldSack,goldSack,goldSack,gold,1,true,1600000,5594734087878,22131,5,5,1,9,0,0,0,0,0,28771,30000,47,0,95.9,bonus_as10_gae1_no,107,700000,,,,,6,5,2,0,2,0,1,0,0,121,69,39,14,27,42,11,2,2
59645,2026-04-08 04:40:26,3,6,2,attack,spins,goldSack,gold,1,false,100000,5594734187878,22130,5,5,1,9,1,0,0,1,0,28771,30000,47,0,95.9,bonus_as10_gae1_no,107,700000,,,,,7,6,2,0,3,0,1,0,0,122,70,39,14,28,42,11,2,2
59646,2026-04-08 04:40:27,3,5,2,attack,shield,goldSack,gold,1,false,100000,5594734287878,22129,5,5,1,9,1,0,1,0,0,28771,30000,47,0,95.9,bonus_as10_gae1_no,107,700000,,,,,8,7,2,1,3,0,1,0,0,123,71,39,15,28,42,11,2,2
59647,2026-04-08 04:40:30,4,4,4,steal,steal,steal,steal,4,true,0,5594734287878,22128,5,5,1,9,0,3,0,0,0,28771,30000,47,0,95.9,bonus_as10_gae1_no,107,700000,,,,,9,7,5,1,3,0,1,1,0,124,71,42,15,28,42,11,3,2
59648,2026-04-08 04:40:43,1,1,1,coin,coin,coin,gold,1,true,250000,5594854267878,22127,5,5,1,9,0,0,0,0,0,28771,30000,47,0,95.9,bonus_as10_gae1_no,107,700000,,,,"{""3f0963e6"":""205\/1600@m32""}",10,7,5,1,3,0,1,1,0,125,71,42,15,28,42,11,3,2
59649,2026-04-08 04:40:45,1,1,4,coin,coin,steal,gold,1,false,50000,5594854317878,22126,5,5,1,9,0,1,0,0,0,28771,30000,47,0,95.9,bonus_as10_gae1_no,107,700000,,,,,11,7,6,1,3,0,1,1,0,126,71,43,15,28,42,11,3,2
59650,2026-04-08 04:40:47,3,6,2,attack,spins,goldSack,gold,1,false,100000,5594854417878,22125,5,5,1,9,1,0,0,1,0,28771,30000,47,0,95.9,bonus_as10_gae1_no,107,700000,,,,,12,8,6,1,4,0,1,1,0,127,72,43,15,29,42,11,3,2
59651,2026-04-08 04:40:49,5,5,5,shield,shield,shield,shield,3,true,1,5594854417878,22125,5,5,1,9,0,0,3,0,0,28771,30000,47,0,95.9,bonus_as10_gae1_no,107,700000,,,,,13,8,6,4,4,0,1,1,1,128,72,43,18,29,42,11,3,3
59652,2026-04-08 04:40:50,3,3,1,attack,attack,coin,gold,1,false,25000,5594854442878,22124,5,5,1,9,2,0,0,0,0,28771,30000,47,0,95.9,bonus_as10_gae1_no,107,700000,,,,,14,10,6,4,4,0,1,1,1,129,74,43,18,29,42,11,3,3
59653,2026-04-08 04:40:51,5,5,5,shield,shield,shield,shield,3,true,1,5594854442878,22124,5,5,1,9,0,0,3,0,0,28771,30000,47,0,95.9,bonus_as10_gae1_no,107,700000,,,,,15,10,6,7,4,0,1,1,2,130,74,43,21,29,42,11,3,4
59654,2026-04-08 04:40:52,1,6,6,coin,spins,spins,gold,1,false,25000,5594854467878,22123,5,5,1,9,0,0,0,2,0,28771,30000,47,0,95.9,bonus_as10_gae1_no,107,700000,,,,,16,10,6,7,6,0,1,1,2,131,74,43,21,31,42,11,3,4
59655,2026-04-08 04:40:53,5,5,5,shield,shield,shield,shield,3,true,1,5594854467878,22123,5,5,1,9,0,0,3,0,0,28771,30000,47,0,95.9,bonus_as10_gae1_no,107,700000,,,,,17,10,6,10,6,0,1,1,3,132,74,43,24,31,42,11,3,5
59656,2026-04-08 04:40:54,30,2,2,accumulation,goldSack,goldSack,gold,1,false,150000,5594854617878,22122,5,5,1,9,0,0,0,0,1,28772,30000,47,1,95.9,bonus_as10_gae1_no,107,700000,,,,,18,10,6,10,6,1,1,1,3,133,74,43,24,31,43,11,3,5
59657,2026-04-08 04:40:56,3,5,2,attack,shield,goldSack,gold,1,false,100000,5594854717878,22121,5,5,1,9,1,0,1,0,0,28772,30000,47,0,95.9,bonus_as10_gae1_no,107,700000,,,,,19,11,6,11,6,1,1,1,3,134,75,43,25,31,43,11,3,5
59658,2026-04-08 04:40:57,6,6,6,spins,spins,spins,spins,5,true,10,5594854717878,22130,5,5,1,9,0,0,0,3,0,28772,30000,47,0,95.9,bonus_as10_gae1_no,107,700000,,,,"{""a9c9d449"":""1810\/6500@m11""}",20,11,6,11,9,1,1,1,3,135,75,43,25,34,43,11,3,5
59659,2026-04-08 04:40:59,4,6,2,steal,spins,goldSack,gold,1,false,100000,5594854817878,22129,5,5,1,9,0,1,0,1,0,28772,30000,47,0,95.9,bonus_as10_gae1_no,107,700000,,,,,21,11,7,11,10,1,1,1,3,1,0,1,0,1,0,0,0,0
59660,2026-04-08 04:41:00,30,30,1,accumulation,accumulation,coin,gold,1,false,25000,5594854842878,22128,5,5,1,9,0,0,0,0,2,28774,30000,47,2,95.9,bonus_as10_gae1_no,107,700000,,,,,22,11,7,11,10,3,1,1,3,2,0,1,0,1,2,0,0,0
59661,2026-04-08 04:41:01,4,4,4,steal,steal,steal,steal,4,true,0,5594854842878,22127,5,5,1,9,0,3,0,0,0,28774,30000,47,0,95.9,bonus_as10_gae1_no,107,700000,,,,"{""3f0963e6"":""207\/1600@m32""}",23,11,10,11,10,3,1,2,3,3,0,4,0,1,2,0,1,0
59662,2026-04-08 04:41:11,1,6,6,coin,spins,spins,gold,1,false,25000,5594970265878,22126,5,5,1,9,0,0,0,2,0,28774,30000,47,0,95.9,bonus_as10_gae1_no,107,700000,,,,,24,11,10,11,12,3,1,2,3,4,0,4,0,3,2,0,1,0
59663,2026-04-08 04:41:12,2,2,2,goldSack,goldSack,goldSack,gold,1,true,1600000,5594971865878,22125,5,5,1,9,0,0,0,0,0,28774,30000,47,0,95.9,bonus_as10_gae1_no,107,700000,,,,,25,11,10,11,12,3,1,2,3,5,0,4,0,3,2,0,1,0
59664,2026-04-08 04:41:13,4,6,2,steal,spins,goldSack,gold,1,false,100000,5594971965878,22124,5,5,1,9,0,1,0,1,0,28774,30000,47,0,95.9,bonus_as10_gae1_no,107,700000,,,,,26,11,11,11,13,3,1,2,3,6,0,5,0,4,2,0,1,0
59665,2026-04-08 04:41:14,1,1,4,coin,coin,steal,gold,1,false,50000,5594972015878,22123,5,5,1,9,0,1,0,0,0,28774,30000,47,0,95.9,bonus_as10_gae1_no,107,700000,,,,,27,11,12,11,13,3,1,2,3,7,0,6,0,4,2,0,1,0
59666,2026-04-08 04:41:15,1,1,4,coin,coin,steal,gold,1,false,50000,5594972065878,22122,5,5,1,9,0,1,0,0,0,28774,30000,47,0,95.9,bonus_as10_gae1_no,107,700000,,,,"{""a9c9d449"":""1812\/6500@m11""}",28,11,13,11,13,3,1,2,3,8,0,7,0,4,2,0,1,0
59667,2026-04-08 04:41:17,30,2,2,accumulation,goldSack,goldSack,gold,1,false,150000,5594972215878,22121,5,5,1,9,0,0,0,0,1,28775,30000,47,1,95.9,bonus_as10_gae1_no,107,700000,,,,,29,11,13,11,13,4,1,2,3,9,0,7,0,4,3,0,1,0
59668,2026-04-08 04:41:18,30,2,2,accumulation,goldSack,goldSack,gold,1,false,150000,5594972365878,22120,5,5,1,9,0,0,0,0,1,28776,30000,47,1,95.9,bonus_as10_gae1_no,107,700000,,,,,30,11,13,11,13,5,1,2,3,10,0,7,0,4,4,0,1,0
59669,2026-04-08 15:39:37,3,5,2,attack,shield,goldSack,gold,1,false,100000,5594427187950,22119,5,5,1,9,1,0,1,0,0,28776,30000,47,0,95.9,bonus_bs15_gae1_no,107,700000,,,,,31,12,13,12,13,5,1,2,3,11,1,7,1,4,4,0,1,0
59670,2026-04-08 15:39:37,1,1,1,coin,coin,coin,gold,1,true,250000,5594427437950,22118,5,5,1,9,0,0,0,0,0,28776,30000,47,0,95.9,bonus_bs15_gae1_no,107,700000,,,,,32,12,13,12,13,5,1,2,3,12,1,7,1,4,4,0,1,0
59671,2026-04-08 15:39:38,3,6,2,attack,spins,goldSack,gold,1,false,100000,5594427537950,22117,5,5,1,9,1,0,0,1,0,28776,30000,47,0,95.9,bonus_bs15_gae1_no,107,700000,,,,"{""3f0963e6"":""209\/1600@m32""}",33,13,13,12,14,5,1,2,3,13,2,7,1,5,4,0,1,0
59672,2026-04-08 15:39:39,3,1,5,attack,coin,shield,gold,1,false,25000,5594427562950,22116,5,5,1,9,1,0,1,0,0,28776,30000,47,0,95.9,bonus_bs15_gae1_no,107,700000,,,,,34,14,13,13,14,5,1,2,3,14,3,7,2,5,4,0,1,0
59673,2026-04-08 15:39:40,1,1,4,coin,coin,steal,gold,1,false,50000,5594427612950,22115,5,5,1,9,0,1,0,0,0,28776,30000,47,0,95.9,bonus_bs15_gae1_no,107,700000,,,,,35,14,14,13,14,5,1,2,3,15,3,8,2,5,4,0,1,0
59674,2026-04-08 15:39:40,5,5,5,shield,shield,shield,shield,3,true,1,5594427612950,22115,5,5,1,9,0,0,3,0,0,28776,30000,47,0,95.9,bonus_bs15_gae1_no,107,700000,,,,,36,14,14,16,14,5,1,2,4,16,3,8,5,5,4,0,1,1
59675,2026-04-08 15:39:41,30,2,2,accumulation,goldSack,goldSack,gold,1,false,150000,5594427762950,22114,5,5,1,9,0,0,0,0,1,28777,30000,47,1,95.9,bonus_bs15_gae1_no,107,700000,,,,,37,14,14,16,14,6,1,2,4,17,3,8,5,5,5,0,1,1
59676,2026-04-08 15:39:42,3,1,6,attack,coin,spins,gold,1,false,25000,5594427787950,22113,5,5,1,9,1,0,0,1,0,28777,30000,47,0,95.9,bonus_bs15_gae1_no,107,700000,,,,,38,15,14,16,15,6,1,2,4,18,4,8,5,6,5,0,1,1
59677,2026-04-08 15:39:43,4,6,2,steal,spins,goldSack,gold,1,false,100000,5594427887950,22112,5,5,1,9,0,1,0,1,0,28777,30000,47,0,95.9,bonus_bs15_gae1_no,107,700000,,,,,39,15,15,16,16,6,1,2,4,19,4,9,5,7,5,0,1,1
59678,2026-04-08 15:39:44,1,1,4,coin,coin,steal,gold,1,false,50000,5594427937950,22111,5,5,1,9,0,1,0,0,0,28777,30000,47,0,95.9,bonus_bs15_gae1_no,107,700000,,,,,40,15,16,16,16,6,1,2,4,20,4,10,5,7,5,0,1,1
59679,2026-04-08 15:39:45,30,2,2,accumulation,goldSack,goldSack,gold,1,false,150000,5594428087950,22110,5,5,1,9,0,0,0,0,1,28778,30000,47,1,95.9,bonus_bs15_gae1_no,107,700000,,,,,41,15,16,16,16,7,1,2,4,21,4,10,5,7,6,0,1,1
59680,2026-04-08 15:39:46,30,2,2,accumulation,goldSack,goldSack,gold,1,false,150000,5594428237950,22109,5,5,1,9,0,0,0,0,1,28779,30000,47,1,95.9,bonus_bs15_gae1_no,107,700000,,,,,42,15,16,16,16,8,1,2,4,22,4,10,5,7,7,0,1,1
59681,2026-04-08 15:39:47,3,4,2,attack,steal,goldSack,gold,1,false,100000,5594428337950,22108,5,5,1,9,1,1,0,0,0,28779,30000,47,0,95.9,bonus_bs15_gae1_no,107,700000,,,,,43,16,17,16,16,8,1,2,4,23,5,11,5,7,7,0,1,1
59682,2026-04-08 15:39:48,4,4,4,steal,steal,steal,steal,4,true,0,5594428337950,22107,5,5,1,9,0,3,0,0,0,28779,30000,47,0,95.9,bonus_bs15_gae1_no,107,700000,,,,,44,16,20,16,16,8,1,3,4,24,5,14,5,7,7,0,2,1
59683,2026-04-08 15:39:55,3,5,2,attack,shield,goldSack,gold,1,false,100000,5594498722950,22106,5,5,1,9,1,0,1,0,0,28779,30000,47,0,95.9,bonus_bs15_gae1_no,107,700000,,,,,45,17,20,17,16,8,1,3,4,25,6,14,6,7,7,0,2,1
59684,2026-04-08 15:40:06,3,3,2,attack,attack,goldSack,gold,1,false,100000,5594498822950,22105,5,5,1,9,2,0,0,0,0,28779,30000,47,0,95.9,bonus_bs15_gae1_no,107,700000,,,,"{""a9c9d449"":""1814\/6500@m11""}",46,19,20,17,16,8,1,3,4,26,8,14,6,7,7,0,2,1
59685,2026-04-08 15:40:06,3,3,2,attack,attack,goldSack,gold,1,false,100000,5594498922950,22104,5,5,1,9,2,0,0,0,0,28779,30000,47,0,95.9,bonus_bs15_gae1_no,107,700000,,,,,47,21,20,17,16,8,1,3,4,27,10,14,6,7,7,0,2,1
59686,2026-04-08 15:40:07,30,2,2,accumulation,goldSack,goldSack,gold,1,false,150000,5594499072950,22103,5,5,1,9,0,0,0,0,1,28780,30000,47,1,95.9,bonus_bs15_gae1_no,107,700000,,,,,48,21,20,17,16,9,1,3,4,28,10,14,6,7,8,0,2,1
59687,2026-04-08 15:40:08,30,30,1,accumulation,accumulation,coin,gold,1,false,25000,5594499097950,22102,5,5,1,9,0,0,0,0,2,28782,30000,47,2,95.9,bonus_bs15_gae1_no,107,700000,,,,,49,21,20,17,16,11,1,3,4,29,10,14,6,7,10,0,2,1
59688,2026-04-08 15:40:10,1,6,6,coin,spins,spins,gold,1,false,25000,5594499122950,22101,5,5,1,9,0,0,0,2,0,28782,30000,47,0,95.9,bonus_bs15_gae1_no,107,700000,,,,,50,21,20,17,18,11,1,3,4,30,10,14,6,9,10,0,2,1
59689,2026-04-08 15:40:11,3,1,6,attack,coin,spins,gold,1,false,25000,5594499147950,22100,5,5,1,9,1,0,0,1,0,28782,30000,47,0,95.9,bonus_bs15_gae1_no,107,700000,,,,,51,22,20,17,19,11,1,3,4,31,11,14,6,10,10,0,2,1
59690,2026-04-08 15:40:11,2,2,2,goldSack,goldSack,goldSack,gold,1,true,1600000,5594500747950,22099,5,5,1,9,0,0,0,0,0,28782,30000,47,0,95.9,bonus_bs15_gae1_no,107,700000,,,,,52,22,20,17,19,11,1,3,4,32,11,14,6,10,10,0,2,1
59691,2026-04-08 15:40:12,3,3,2,attack,attack,goldSack,gold,1,false,100000,5594500847950,22098,5,5,1,9,2,0,0,0,0,28782,30000,47,0,95.9,bonus_bs15_gae1_no,107,700000,,,,,53,24,20,17,19,11,1,3,4,33,13,14,6,10,10,0,2,1
59692,2026-04-08 15:40:13,3,1,6,attack,coin,spins,gold,1,false,25000,5594500872950,22097,5,5,1,9,1,0,0,1,0,28782,30000,47,0,95.9,bonus_bs15_gae1_no,107,700000,,,,,54,25,20,17,20,11,1,3,4,34,14,14,6,11,10,0,2,1
59693,2026-04-08 15:40:14,4,4,2,steal,steal,goldSack,gold,1,false,100000,5594500972950,22096,5,5,1,9,0,2,0,0,0,28782,30000,47,0,95.9,bonus_bs15_gae1_no,107,700000,,,,"{""a9c9d449"":""1816\/6500@m11""}",55,25,22,17,20,11,1,3,4,35,14,16,6,11,10,0,2,1
59694,2026-04-08 15:40:15,3,1,6,attack,coin,spins,gold,1,false,25000,5594500997950,22095,5,5,1,9,1,0,0,1,0,28782,30000,47,0,95.9,bonus_bs15_gae1_no,107,700000,,,,,56,26,22,17,21,11,1,3,4,36,15,16,6,12,10,0,2,1
59695,2026-04-08 15:40:15,2,2,2,goldSack,goldSack,goldSack,gold,1,true,1600000,5594502597950,22094,5,5,1,9,0,0,0,0,0,28782,30000,47,0,95.9,bonus_bs15_gae1_no,107,700000,,,,,57,26,22,17,21,11,1,3,4,37,15,16,6,12,10,0,2,1
59696,2026-04-08 15:40:16,5,5,5,shield,shield,shield,shield,3,true,1,5594502597950,22094,5,5,1,9,0,0,3,0,0,28782,30000,47,0,95.9,bonus_bs15_gae1_no,107,700000,,,,"{""3f0963e6"":""211\/1600@m32""}",58,26,22,20,21,11,1,3,5,38,15,16,9,12,10,0,2,2
59697,2026-04-08 15:40:17,30,2,2,accumulation,goldSack,goldSack,gold,1,false,150000,5594502747950,22093,5,5,1,9,0,0,0,0,1,28783,30000,47,1,95.9,bonus_bs15_gae1_no,107,700000,,,,,59,26,22,20,21,12,1,3,5,39,15,16,9,12,11,0,2,2
59698,2026-04-08 15:40:18,30,2,2,accumulation,goldSack,goldSack,gold,1,false,150000,5594502897950,22092,5,5,1,9,0,0,0,0,1,28784,30000,47,1,95.9,bonus_bs15_gae1_no,107,700000,,,,,60,26,22,20,21,13,1,3,5,40,15,16,9,12,12,0,2,2
59699,2026-04-08 15:40:24,30,2,2,accumulation,goldSack,goldSack,gold,1,false,7500000,5594510397950,22042,5,5,50,9,0,0,0,0,1,28834,30000,47,50,96.1,bonus_bs15_gae1_no,107,700000,,,,,61,26,22,20,21,14,1,3,5,41,15,16,9,12,13,0,2,2
59700,2026-04-08 15:40:25,3,5,2,attack,shield,goldSack,gold,1,false,5000000,5594515397950,21992,5,5,50,9,1,0,1,0,0,28834,30000,47,0,96.1,bonus_bs15_gae1_no,107,700000,,,,,62,27,22,21,21,14,1,3,5,42,16,16,10,12,13,0,2,2
59701,2026-04-08 15:40:26,30,2,2,accumulation,goldSack,goldSack,gold,1,false,7500000,5594522897950,21942,5,5,50,9,0,0,0,0,1,28884,30000,47,50,96.3,bonus_bs15_gae1_no,107,700000,,,,,63,27,22,21,21,15,1,3,5,43,16,16,10,12,14,0,2,2
59702,2026-04-08 15:40:27,1,1,1,coin,coin,coin,gold,1,true,12500000,5594535397950,21892,5,5,50,9,0,0,0,0,0,28884,30000,47,0,96.3,bonus_bs15_gae1_no,107,700000,,,,,64,27,22,21,21,15,1,3,5,44,16,16,10,12,14,0,2,2
59703,2026-04-08 15:40:28,1,1,4,coin,coin,steal,gold,1,false,2500000,5594537897950,21842,5,5,50,9,0,1,0,0,0,28884,30000,47,0,96.3,bonus_bs15_gae1_no,107,700000,,,,,65,27,23,21,21,15,1,3,5,45,16,17,10,12,14,0,2,2
59704,2026-04-08 15:40:29,1,1,4,coin,coin,steal,gold,1,false,2500000,5594540397950,21792,5,5,50,9,0,1,0,0,0,28884,30000,47,0,96.3,bonus_bs15_gae1_no,107,700000,,,,,66,27,24,21,21,15,1,3,5,46,16,18,10,12,14,0,2,2
59705,2026-04-08 15:40:30,3,3,3,attack,attack,attack,attack,2,true,0,5594540397950,21742,5,5,50,9,3,0,0,0,0,28884,30000,47,0,96.3,bonus_bs15_gae1_no,107,700000,,,,,67,30,24,21,21,15,2,3,5,47,19,18,10,12,14,1,2,2
59706,2026-04-08 15:40:33,2,2,2,goldSack,goldSack,goldSack,gold,1,true,80000000,5595720397950,21692,5,5,50,9,0,0,0,0,0,28884,30000,47,0,96.3,bonus_bs15_gae1_no,107,700000,,,,,68,30,24,21,21,15,2,3,5,48,19,18,10,12,14,1,2,2
59707,2026-04-08 15:40:34,5,5,5,shield,shield,shield,shield,3,true,50,5595720397950,21692,5,5,50,9,0,0,3,0,0,28884,30000,47,0,96.3,bonus_bs15_gae1_no,107,700000,,,,,69,30,24,24,21,15,2,3,6,49,19,18,13,12,14,1,2,3
59708,2026-04-08 15:40:37,30,2,2,accumulation,goldSack,goldSack,gold,1,false,7500000,5595727897950,21642,5,5,50,9,0,0,0,0,1,28934,30000,47,50,96.4,bonus_bs15_gae1_no,107,700000,,,,,70,30,24,24,21,16,2,3,6,50,19,18,13,12,15,1,2,3
59709,2026-04-08 15:40:38,30,2,2,accumulation,goldSack,goldSack,gold,1,false,7500000,5595735397950,21592,5,5,50,9,0,0,0,0,1,28984,30000,47,50,96.6,bonus_bs15_gae1_no,107,700000,,,,,71,30,24,24,21,17,2,3,6,51,19,18,13,12,16,1,2,3
59710,2026-04-08 15:40:40,1,6,6,coin,spins,spins,gold,1,false,1250000,5595736647950,21542,5,5,50,9,0,0,0,2,0,28984,30000,47,0,96.6,bonus_bs15_gae1_no,107,700000,,,,,72,30,24,24,23,17,2,3,6,52,19,18,13,14,16,1,2,3
59711,2026-04-08 15:40:41,1,1,4,coin,coin,steal,gold,1,false,2500000,5595739147950,21492,5,5,50,9,0,1,0,0,0,28984,30000,47,0,96.6,bonus_bs15_gae1_no,107,700000,,,,"{""3f0963e6"":""311\/1600@m32"",""a9c9d449"":""1916\/6500@m11""}",73,30,25,24,23,17,2,3,6,53,19,19,13,14,16,1,2,3
59712,2026-04-08 15:40:42,3,3,3,attack,attack,attack,attack,2,true,0,5595739147950,21442,5,5,50,9,3,0,0,0,0,28984,30000,47,0,96.6,bonus_bs15_gae1_no,107,700000,,,,,74,33,25,24,23,17,3,3,6,54,22,19,13,14,16,2,2,3
59713,2026-04-08 15:40:45,3,3,2,attack,attack,goldSack,gold,1,false,5000000,5596844147950,21392,5,5,50,9,2,0,0,0,0,28984,30000,47,0,96.6,bonus_bs15_gae1_no,107,700000,,,,,75,35,25,24,23,17,3,3,6,55,24,19,13,14,16,2,2,3
59714,2026-04-08 15:40:46,1,6,6,coin,spins,spins,gold,1,false,1250000,5596845397950,21342,5,5,50,9,0,0,0,2,0,28984,30000,47,0,96.6,bonus_bs15_gae1_no,107,700000,,,,,76,35,25,24,25,17,3,3,6,56,24,19,13,16,16,2,2,3
59715,2026-04-08 15:40:47,5,5,5,shield,shield,shield,shield,3,true,50,5596845397950,21342,5,5,50,9,0,0,3,0,0,28984,30000,47,0,96.6,bonus_bs15_gae1_no,107,700000,,,,,77,35,25,27,25,17,3,3,7,57,24,19,16,16,16,2,2,4
59716,2026-04-08 15:40:48,3,1,6,attack,coin,spins,gold,1,false,1250000,5596846647950,21292,5,5,50,9,1,0,0,1,0,28984,30000,47,0,96.6,bonus_bs15_gae1_no,107,700000,,,,,78,36,25,27,26,17,3,3,7,58,25,19,16,17,16,2,2,4
59717,2026-04-08 15:40:49,1,1,4,coin,coin,steal,gold,1,false,2500000,5596849147950,21242,5,5,50,9,0,1,0,0,0,28984,30000,47,0,96.6,bonus_bs15_gae1_no,107,700000,,,,,79,36,26,27,26,17,3,3,7,59,25,20,16,17,16,2,2,4
59718,2026-04-08 15:40:49,30,2,2,accumulation,goldSack,goldSack,gold,1,false,7500000,5596856647950,21192,5,5,50,9,0,0,0,0,1,29034,30000,47,50,96.8,bonus_bs15_gae1_no,107,700000,,,,,80,36,26,27,26,18,3,3,7,60,25,20,16,17,17,2,2,4
59719,2026-04-08 15:40:51,6,6,6,spins,spins,spins,spins,5,true,500,5596856647950,21642,5,5,50,9,0,0,0,3,0,29034,30000,47,0,96.8,bonus_bs15_gae1_no,107,700000,,,,,81,36,26,27,29,18,3,3,7,61,25,20,16,20,17,2,2,4
59720,2026-04-08 15:40:52,30,30,1,accumulation,accumulation,coin,gold,1,false,1250000,5596857897950,21592,5,5,50,9,0,0,0,0,2,29134,30000,47,100,97.1,bonus_bs15_gae1_no,107,700000,,,,,82,36,26,27,29,20,3,3,7,1,0,0,0,0,2,0,0,0
59721,2026-04-08 15:40:53,1,5,5,coin,shield,shield,gold,1,false,1250000,5596859147950,21542,5,5,50,9,0,0,2,0,0,29134,30000,47,0,97.1,bonus_bs15_gae1_no,107,700000,,,,,83,36,26,29,29,20,3,3,7,2,0,0,2,0,2,0,0,0
59722,2026-04-08 15:40:54,3,5,2,attack,shield,goldSack,gold,1,false,5000000,5596864147950,21492,5,5,50,9,1,0,1,0,0,29134,30000,47,0,97.1,bonus_bs15_gae1_no,107,700000,,,,,84,37,26,30,29,20,3,3,7,3,1,0,3,0,2,0,0,0
59723,2026-04-08 15:40:55,3,1,6,attack,coin,spins,gold,1,false,1250000,5596865397950,21442,5,5,50,9,1,0,0,1,0,29134,30000,47,0,97.1,bonus_bs15_gae1_no,107,700000,,,,,85,38,26,30,30,20,3,3,7,4,2,0,3,1,2,0,0,0
59724,2026-04-08 15:40:55,3,3,3,attack,attack,attack,attack,2,true,0,5596865397950,21392,5,5,50,9,3,0,0,0,0,29134,30000,47,0,97.1,bonus_bs15_gae1_no,107,700000,,,,"{""3f0963e6"":""411\/1600@m32""}",86,41,26,30,30,20,4,3,7,5,5,0,3,1,2,1,0,0
59725,2026-04-08 15:41:00,4,4,2,steal,steal,goldSack,gold,1,false,5000000,5597970397950,21342,5,5,50,9,0,2,0,0,0,29134,30000,47,0,97.1,bonus_bs15_gae1_no,107,700000,,,,,87,41,28,30,30,20,4,3,7,6,5,2,3,1,2,1,0,0
59726,2026-04-08 15:41:01,1,1,4,coin,coin,steal,gold,1,false,2500000,5597972897950,21292,5,5,50,9,0,1,0,0,0,29134,30000,47,0,97.1,bonus_bs15_gae1_no,107,700000,,,,,88,41,29,30,30,20,4,3,7,7,5,3,3,1,2,1,0,0
59727,2026-04-08 15:41:02,4,4,4,steal,steal,steal,steal,4,true,0,5597972897950,21242,5,5,50,9,0,3,0,0,0,29134,30000,47,0,97.1,bonus_bs15_gae1_no,107,700000,,,,,89,41,32,30,30,20,4,4,7,8,5,6,3,1,2,1,1,0
59728,2026-04-08 15:41:08,2,2,2,goldSack,goldSack,goldSack,gold,1,true,80000000,5602380397950,21192,5,5,50,9,0,0,0,0,0,29134,30000,47,0,97.1,bonus_bs15_gae1_no,107,700000,,,,"{""a9c9d449"":""2016\/6500@m11""}",90,41,32,30,30,20,4,4,7,9,5,6,3,1,2,1,1,0
59729,2026-04-08 15:41:09,4,6,2,steal,spins,goldSack,gold,1,false,5000000,5602385397950,21142,5,5,50,9,0,1,0,1,0,29134,30000,47,0,97.1,bonus_bs15_gae1_no,107,700000,,,,,91,41,33,30,31,20,4,4,7,10,5,7,3,2,2,1,1,0
59730,2026-04-08 15:42:27,30,2,2,accumulation,goldSack,goldSack,gold,1,false,7500000,5602392897950,21092,5,5,50,9,0,0,0,0,1,29184,30000,47,50,97.3,bonus_bs15_gae1_no,107,700000,,,,,92,41,33,30,31,21,4,4,7,11,5,7,3,2,3,1,1,0
59731,2026-04-08 15:42:28,30,30,30,accumulation,accumulation,accumulation,gold,10,true,0,5602392897950,21042,5,5,50,9,0,0,0,0,3,29684,30000,47,500,98.9,bonus_bs15_gae1_no,107,700000,,,,,93,41,33,30,31,24,4,4,7,12,5,7,3,2,6,1,1,0
59732,2026-04-08 15:42:30,4,6,2,steal,spins,goldSack,gold,1,false,5000000,5602397897950,20992,5,5,50,9,0,1,0,1,0,29684,30000,47,0,98.9,bonus_bs15_gae1_no,107,700000,,,,,1,0,1,0,1,0,0,0,0,13,5,8,3,3,6,1,1,0
59733,2026-04-08 15:42:35,3,3,3,attack,attack,attack,attack,2,true,0,5602397897950,20977,5,5,15,9,3,0,0,0,0,29684,30000,47,0,98.9,bonus_bs15_gae1_no,107,700000,,,,"{""3f0963e6"":""441\/1600@m32""}",2,3,1,0,1,0,1,0,0,14,8,8,3,3,6,2,1,0
59734,2026-04-08 15:42:38,3,1,6,attack,coin,spins,gold,1,false,375000,5602728272950,20962,5,5,15,9,1,0,0,1,0,29684,30000,47,0,98.9,bonus_bs15_gae1_no,107,700000,,,,,3,4,1,0,2,0,1,0,0,15,9,8,3,4,6,2,1,0
59735,2026-04-08 15:42:39,2,2,2,goldSack,goldSack,goldSack,gold,1,true,24000000,5602752272950,20947,5,5,15,9,0,0,0,0,0,29684,30000,47,0,98.9,bonus_bs15_gae1_no,107,700000,,,,,4,4,1,0,2,0,1,0,0,16,9,8,3,4,6,2,1,0
59736,2026-04-08 15:42:40,2,2,2,goldSack,goldSack,goldSack,gold,1,true,24000000,5602776272950,20932,5,5,15,9,0,0,0,0,0,29684,30000,47,0,98.9,bonus_bs15_gae1_no,107,700000,,,,,5,4,1,0,2,0,1,0,0,17,9,8,3,4,6,2,1,0
59737,2026-04-08 15:42:41,3,3,3,attack,attack,attack,attack,2,true,0,5602776272950,20917,5,5,15,9,3,0,0,0,0,29684,30000,47,0,98.9,bonus_bs15_gae1_no,107,700000,,,,,6,7,1,0,2,0,2,0,0,18,12,8,3,4,6,3,1,0
59738,2026-04-08 15:42:45,1,1,1,coin,coin,coin,gold,1,true,3750000,5602888922950,20902,5,5,15,9,0,0,0,0,0,29684,30000,47,0,98.9,bonus_bs15_gae1_no,107,700000,,,,,7,7,1,0,2,0,2,0,0,19,12,8,3,4,6,3,1,0
59739,2026-04-08 15:42:45,3,3,2,attack,attack,goldSack,gold,1,false,1500000,5602890422950,20887,5,5,15,9,2,0,0,0,0,29684,30000,47,0,98.9,bonus_bs15_gae1_no,107,700000,,,,,8,9,1,0,2,0,2,0,0,20,14,8,3,4,6,3,1,0
59740,2026-04-08 15:42:46,4,6,2,steal,spins,goldSack,gold,1,false,1500000,5602891922950,20872,5,5,15,9,0,1,0,1,0,29684,30000,47,0,98.9,bonus_bs15_gae1_no,107,700000,,,,,9,9,2,0,3,0,2,0,0,21,14,9,3,5,6,3,1,0
59741,2026-04-08 15:42:47,1,1,4,coin,coin,steal,gold,1,false,750000,5602892672950,20857,5,5,15,9,0,1,0,0,0,29684,30000,47,0,98.9,bonus_bs15_gae1_no,107,700000,,,,,10,9,3,0,3,0,2,0,0,22,14,10,3,5,6,3,1,0
59742,2026-04-08 15:42:48,2,2,2,goldSack,goldSack,goldSack,gold,1,true,24000000,5602916672950,20842,5,5,15,9,0,0,0,0,0,29684,30000,47,0,98.9,bonus_bs15_gae1_no,107,700000,,,,,11,9,3,0,3,0,2,0,0,23,14,10,3,5,6,3,1,0
59743,2026-04-08 15:42:49,3,3,2,attack,attack,goldSack,gold,1,false,1500000,5602918172950,20827,5,5,15,9,2,0,0,0,0,29684,30000,47,0,98.9,bonus_bs15_gae1_no,107,700000,,,,,12,11,3,0,3,0,2,0,0,24,16,10,3,5,6,3,1,0
59744,2026-04-08 15:42:50,1,1,1,coin,coin,coin,gold,1,true,3750000,5602921922950,20812,5,5,15,9,0,0,0,0,0,29684,30000,47,0,98.9,bonus_bs15_gae1_no,107,700000,,,,,13,11,3,0,3,0,2,0,0,25,16,10,3,5,6,3,1,0
59745,2026-04-08 15:42:50,1,1,1,coin,coin,coin,gold,1,true,3750000,5602925672950,20797,5,5,15,9,0,0,0,0,0,29684,30000,47,0,98.9,bonus_bs15_gae1_no,107,700000,,,,,14,11,3,0,3,0,2,0,0,26,16,10,3,5,6,3,1,0
59746,2026-04-08 15:42:51,30,2,2,accumulation,goldSack,goldSack,gold,1,false,2250000,5602927922950,20782,5,5,15,9,0,0,0,0,1,29699,30000,47,15,99.0,bonus_bs15_gae1_no,107,700000,,,,"{""a9c9d449"":""2046\/6500@m11""}",15,11,3,0,3,1,2,0,0,27,16,10,3,5,7,3,1,0
59747,2026-04-08 15:42:53,3,4,2,attack,steal,goldSack,gold,1,false,1500000,5602929422950,20767,5,5,15,9,1,1,0,0,0,29699,30000,47,0,99.0,bonus_bs15_gae1_no,107,700000,,,,,16,12,4,0,3,1,2,0,0,28,17,11,3,5,7,3,1,0
59748,2026-04-08 15:42:53,3,5,2,attack,shield,goldSack,gold,1,false,1500000,5602930922950,20752,5,5,15,9,1,0,1,0,0,29699,30000,47,0,99.0,bonus_bs15_gae1_no,107,700000,,,,"{""a9c9d449"":""2076\/6500@m11""}",17,13,4,1,3,1,2,0,0,29,18,11,4,5,7,3,1,0
59749,2026-04-08 15:42:54,1,1,1,coin,coin,coin,gold,1,true,3750000,5602934672950,20737,5,5,15,9,0,0,0,0,0,29699,30000,47,0,99.0,bonus_bs15_gae1_no,107,700000,,,,,18,13,4,1,3,1,2,0,0,30,18,11,4,5,7,3,1,0
59750,2026-04-08 15:42:55,1,1,1,coin,coin,coin,gold,1,true,3750000,5602938422950,20722,5,5,15,9,0,0,0,0,0,29699,30000,47,0,99.0,bonus_bs15_gae1_no,107,700000,,,,,19,13,4,1,3,1,2,0,0,31,18,11,4,5,7,3,1,0
59751,2026-04-08 15:42:56,30,30,1,accumulation,accumulation,coin,gold,1,false,375000,5602938797950,20707,5,5,15,9,0,0,0,0,2,29729,30000,47,30,99.1,bonus_bs15_gae1_no,107,700000,,,,,20,13,4,1,3,3,2,0,0,32,18,11,4,5,9,3,1,0
59752,2026-04-08 15:42:57,30,30,1,accumulation,accumulation,coin,gold,1,false,375000,5602939172950,20692,5,5,15,9,0,0,0,0,2,29759,30000,47,30,99.2,bonus_bs15_gae1_no,107,700000,,,,,21,13,4,1,3,5,2,0,0,33,18,11,4,5,11,3,1,0
59753,2026-04-08 15:42:59,30,2,2,accumulation,goldSack,goldSack,gold,1,false,2250000,5602941422950,20677,5,5,15,9,0,0,0,0,1,29774,30000,47,15,99.2,bonus_bs15_gae1_no,107,700000,,,,,22,13,4,1,3,6,2,0,0,34,18,11,4,5,12,3,1,0
59754,2026-04-08 15:43:00,1,1,1,coin,coin,coin,gold,1,true,3750000,5602945172950,20662,5,5,15,9,0,0,0,0,0,29774,30000,47,0,99.2,bonus_bs15_gae1_no,107,700000,,,,,23,13,4,1,3,6,2,0,0,35,18,11,4,5,12,3,1,0
59755,2026-04-08 15:43:01,5,2,2,shield,goldSack,goldSack,gold,1,false,2250000,5602947422950,20647,5,5,15,9,0,0,1,0,0,29774,30000,47,0,99.2,bonus_bs15_gae1_no,107,700000,,,,,24,13,4,2,3,6,2,0,0,36,18,11,5,5,12,3,1,0
59756,2026-04-08 15:43:02,30,30,1,accumulation,accumulation,coin,gold,1,false,375000,5602947797950,20632,5,5,15,9,0,0,0,0,2,29804,30000,47,30,99.3,bonus_bs15_gae1_no,107,700000,,,,,25,13,4,2,3,8,2,0,0,37,18,11,5,5,14,3,1,0
59757,2026-04-08 15:43:03,30,30,3,accumulation,accumulation,attack,gold,6,false,0,5602947797950,20617,5,5,15,9,1,0,0,0,2,29834,30000,47,30,99.4,bonus_bs15_gae1_no,107,700000,,,,,26,14,4,2,3,10,2,0,0,38,19,11,5,5,16,3,1,0
59758,2026-04-08 15:43:05,3,1,6,attack,coin,spins,gold,1,false,375000,5602948172950,20602,5,5,15,9,1,0,0,1,0,29834,30000,47,0,99.4,bonus_bs15_gae1_no,107,700000,,,,"{""3f0963e6"":""471\/1600@m32""}",27,15,4,2,4,10,2,0,0,39,20,11,5,6,16,3,1,0
59759,2026-04-08 15:43:06,4,4,2,steal,steal,goldSack,gold,1,false,1500000,5602949672950,20587,5,5,15,9,0,2,0,0,0,29834,30000,47,0,99.4,bonus_bs15_gae1_no,107,700000,,,,"{""a9c9d449"":""2106\/6500@m11""}",28,15,6,2,4,10,2,0,0,40,20,13,5,6,16,3,1,0
59760,2026-04-08 15:43:07,3,3,3,attack,attack,attack,attack,2,true,0,5602949672950,20572,5,5,15,9,3,0,0,0,0,29834,30000,47,0,99.4,bonus_bs15_gae1_no,107,700000,,,,,29,18,6,2,4,10,3,0,0,41,23,13,5,6,16,4,1,0
59761,2026-04-08 15:43:11,3,4,2,attack,steal,goldSack,gold,1,false,1500000,5603060072950,20557,5,5,15,9,1,1,0,0,0,29834,30000,47,0,99.4,bonus_bs15_gae1_no,107,700000,,,,,30,19,7,2,4,10,3,0,0,42,24,14,5,6,16,4,1,0
59762,2026-04-08 15:43:11,30,30,1,accumulation,accumulation,coin,gold,1,false,375000,5603060447950,20542,5,5,15,9,0,0,0,0,2,29864,30000,47,30,99.5,bonus_bs15_gae1_no,107,700000,,,,,31,19,7,2,4,12,3,0,0,43,24,14,5,6,18,4,1,0
59763,2026-04-08 15:43:13,4,4,4,steal,steal,steal,steal,4,true,0,5603060447950,20527,5,5,15,9,0,3,0,0,0,29864,30000,47,0,99.5,bonus_bs15_gae1_no,107,700000,,,,,32,19,10,2,4,12,3,1,0,44,24,17,5,6,18,4,2,0
59764,2026-04-08 15:43:19,30,2,2,accumulation,goldSack,goldSack,gold,1,false,2250000,5605112177950,20712,5,5,15,9,0,0,0,0,1,29879,30000,47,15,99.6,bonus_bs15_gae1_no,107,700000,,,,,33,19,10,2,4,13,3,1,0,45,24,17,5,6,19,4,2,0
59765,2026-04-08 15:43:22,4,6,2,steal,spins,goldSack,gold,1,false,1500000,5605113677950,20697,5,5,15,9,0,1,0,1,0,29879,30000,47,0,99.6,bonus_bs15_gae1_no,107,700000,,,,,34,19,11,2,5,13,3,1,0,46,24,18,5,7,19,4,2,0
59766,2026-04-08 15:43:23,3,3,3,attack,attack,attack,attack,2,true,0,5605113677950,20682,5,5,15,9,3,0,0,0,0,29879,30000,47,0,99.6,bonus_bs15_gae1_no,107,700000,,,,,35,22,11,2,5,13,4,1,0,47,27,18,5,7,19,5,2,0
59767,2026-04-08 15:43:27,2,2,2,goldSack,goldSack,goldSack,gold,1,true,24000000,5605246577950,20667,5,5,15,9,0,0,0,0,0,29879,30000,47,0,99.6,bonus_bs15_gae1_no,107,700000,,,,,36,22,11,2,5,13,4,1,0,48,27,18,5,7,19,5,2,0
59768,2026-04-08 15:43:29,3,1,6,attack,coin,spins,gold,1,false,375000,5605246952950,20652,5,5,15,9,1,0,0,1,0,29879,30000,47,0,99.6,bonus_bs15_gae1_no,107,700000,,,,,37,23,11,2,6,13,4,1,0,49,28,18,5,8,19,5,2,0
59769,2026-04-08 15:43:29,3,1,6,attack,coin,spins,gold,1,false,375000,5605247327950,20637,5,5,15,9,1,0,0,1,0,29879,30000,47,0,99.6,bonus_bs15_gae1_no,107,700000,,,,,38,24,11,2,7,13,4,1,0,50,29,18,5,9,19,5,2,0
59770,2026-04-08 15:43:30,30,2,2,accumulation,goldSack,goldSack,gold,1,false,2250000,5605249577950,20622,5,5,15,9,0,0,0,0,1,29894,30000,47,15,99.6,bonus_bs15_gae1_no,107,700000,,,,,39,24,11,2,7,14,4,1,0,51,29,18,5,9,20,5,2,0
59771,2026-04-08 15:43:32,1,1,4,coin,coin,steal,gold,1,false,750000,5605250327950,20607,5,5,15,9,0,1,0,0,0,29894,30000,47,0,99.6,bonus_bs15_gae1_no,107,700000,,,,,40,24,12,2,7,14,4,1,0,52,29,19,5,9,20,5,2,0
59772,2026-04-08 15:43:33,3,1,6,attack,coin,spins,gold,1,false,375000,5605250702950,20592,5,5,15,9,1,0,0,1,0,29894,30000,47,0,99.6,bonus_bs15_gae1_no,107,700000,,,,,41,25,12,2,8,14,4,1,0,53,30,19,5,10,20,5,2,0
59773,2026-04-08 15:43:34,3,1,4,attack,coin,steal,gold,1,false,375000,5605251077950,20577,5,5,15,9,1,1,0,0,0,29894,30000,47,0,99.6,bonus_bs15_gae1_no,107,700000,,,,"{""a9c9d449"":""2136\/6500@m11""}",42,26,13,2,8,14,4,1,0,54,31,20,5,10,20,5,2,0
59774,2026-04-08 15:43:38,2,2,2,goldSack,goldSack,goldSack,gold,1,true,80000000,5605331077950,20527,5,5,50,9,0,0,0,0,0,29894,30000,47,0,99.6,bonus_bs15_gae1_no,107,700000,,,,"{""3f0963e6"":""571\/1600@m32""}",43,26,13,2,8,14,4,1,0,55,31,20,5,10,20,5,2,0
59775,2026-04-08 15:43:40,3,3,3,attack,attack,attack,attack,2,true,0,5605331077950,20477,5,5,50,9,3,0,0,0,0,29894,30000,47,0,99.6,bonus_bs15_gae1_no,107,700000,,,,,44,29,13,2,8,14,5,1,0,56,34,20,5,10,20,6,2,0
59776,2026-04-08 15:43:44,1,6,6,coin,spins,spins,gold,1,false,1250000,5605695327950,20427,5,5,50,9,0,0,0,2,0,29894,30000,47,0,99.6,bonus_bs15_gae1_no,107,700000,,,,"{""a9c9d449"":""2236\/6500@m11""}",45,29,13,2,10,14,5,1,0,57,34,20,5,12,20,6,2,0
59777,2026-04-08 15:43:45,2,2,2,goldSack,goldSack,goldSack,gold,1,true,80000000,5605775327950,20377,5,5,50,9,0,0,0,0,0,29894,30000,47,0,99.6,bonus_bs15_gae1_no,107,700000,,,,,46,29,13,2,10,14,5,1,0,58,34,20,5,12,20,6,2,0
59778,2026-04-08 15:43:45,5,5,5,shield,shield,shield,shield,3,true,50,5605775327950,20377,5,5,50,9,0,0,3,0,0,29894,30000,47,0,99.6,bonus_bs15_gae1_no,107,700000,,,,,47,29,13,5,10,14,5,1,1,59,34,20,8,12,20,6,2,1
59779,2026-04-08 15:43:46,30,2,2,accumulation,goldSack,goldSack,gold,1,false,7500000,5605782827950,20327,5,5,50,9,0,0,0,0,1,29944,30000,47,50,99.8,bonus_bs15_gae1_no,107,700000,,,,,48,29,13,5,10,15,5,1,1,60,34,20,8,12,21,6,2,1
59780,2026-04-08 15:43:48,6,6,6,spins,spins,spins,spins,5,true,500,5605782827950,20777,5,5,50,9,0,0,0,3,0,29944,30000,47,0,99.8,bonus_bs15_gae1_no,107,700000,,,,,49,29,13,5,13,15,5,1,1,61,34,20,8,15,21,6,2,1
59781,2026-04-08 15:43:49,1,4,4,coin,steal,steal,gold,1,false,1250000,5605784077950,20727,5,5,50,9,0,2,0,0,0,29944,30000,47,0,99.8,bonus_bs15_gae1_no,107,700000,,,,,50,29,15,5,13,15,5,1,1,1,0,2,0,0,0,0,0,0
59782,2026-04-08 15:43:50,3,3,3,attack,attack,attack,attack,2,true,0,5605784077950,20677,5,5,50,9,3,0,0,0,0,29944,30000,47,0,99.8,bonus_bs15_gae1_no,107,700000,,,,,51,32,15,5,13,15,6,1,1,2,3,2,0,0,0,1,0,0
59783,2026-04-08 15:43:54,3,1,4,attack,coin,steal,gold,1,false,1250000,5606148327950,20627,5,5,50,9,1,1,0,0,0,29944,30000,47,0,99.8,bonus_bs15_gae1_no,107,700000,,,,,52,33,16,5,13,15,6,1,1,3,4,3,0,0,0,1,0,0
59784,2026-04-08 15:43:55,1,6,6,coin,spins,spins,gold,1,false,1250000,5606149577950,20577,5,5,50,9,0,0,0,2,0,29944,30000,47,0,99.8,bonus_bs15_gae1_no,107,700000,,,,,53,33,16,5,15,15,6,1,1,4,4,3,0,2,0,1,0,0
59785,2026-04-08 15:43:56,30,2,2,accumulation,goldSack,goldSack,gold,1,false,7500000,5606157077950,20527,5,5,50,9,0,0,0,0,1,29994,30000,47,50,100.0,bonus_bs15_gae1_no,107,700000,,,,,54,33,16,5,15,16,6,1,1,5,4,3,0,2,1,1,0,0
59786,2026-04-08 15:43:57,2,2,2,goldSack,goldSack,goldSack,gold,1,true,80000000,5606237077950,20477,5,5,50,9,0,0,0,0,0,29994,30000,47,0,100.0,bonus_bs15_gae1_no,107,700000,,,,,55,33,16,5,15,16,6,1,1,6,4,3,0,2,1,1,0,0
59787,2026-04-08 15:43:58,30,2,2,accumulation,goldSack,goldSack,gold,1,false,7500000,5606244577950,20427,5,5,50,9,0,0,0,0,1,44,350,48,0,12.6,bonus_bs15_gae1_no,107,700000,,,,,56,33,16,5,15,17,6,1,1,7,4,3,0,2,2,1,0,0
59788,2026-04-08 15:44:01,3,1,4,attack,coin,steal,gold,1,false,1250000,5606245827950,89377,5,5,50,9,1,1,0,0,0,44,350,48,0,12.6,bonus_bs15_gae1_no,107,700000,,,,,57,34,17,5,15,17,6,1,1,8,5,4,0,2,2,1,0,0
59789,2026-04-08 15:44:03,5,2,2,shield,goldSack,goldSack,gold,1,false,7500000,5606253327950,89327,5,5,50,9,0,0,1,0,0,44,350,48,0,12.6,bonus_bs15_gae1_no,107,700000,,,,,58,34,17,6,15,17,6,1,1,9,5,4,1,2,2,1,0,0
59790,2026-04-08 15:44:03,30,30,1,accumulation,accumulation,coin,gold,1,false,1250000,5606254577950,89277,5,5,50,9,0,0,0,0,2,144,350,48,100,41.1,bonus_bs15_gae1_no,107,700000,,,,"{""a9c9d449"":""2336\/6500@m11""}",59,34,17,6,15,19,6,1,1,10,5,4,1,2,4,1,0,0
59791,2026-04-08 15:44:05,3,3,1,attack,attack,coin,gold,1,false,1250000,5606255827950,89227,5,5,50,9,2,0,0,0,0,144,350,48,0,41.1,bonus_bs15_gae1_no,107,700000,,,,,60,36,17,6,15,19,6,1,1,11,7,4,1,2,4,1,0,0
59792,2026-04-08 15:44:05,30,2,2,accumulation,goldSack,goldSack,gold,1,false,7500000,5606263327950,89177,5,5,50,9,0,0,0,0,1,194,350,48,50,55.4,bonus_bs15_gae1_no,107,700000,,,,,61,36,17,6,15,20,6,1,1,12,7,4,1,2,5,1,0,0
59793,2026-04-08 15:44:07,30,30,1,accumulation,accumulation,coin,gold,1,false,1250000,5606264577950,89127,5,5,50,9,0,0,0,0,2,294,350,48,100,84.0,bonus_bs15_gae1_no,107,700000,,,,"{""a9c9d449"":""2436\/6500@m11""}",62,36,17,6,15,22,6,1,1,13,7,4,1,2,7,1,0,0
59794,2026-04-08 15:44:08,30,2,2,accumulation,goldSack,goldSack,gold,1,false,7500000,5606272077950,89077,5,5,50,9,0,0,0,0,1,344,350,48,50,98.3,bonus_bs15_gae1_no,107,700000,,,,,63,36,17,6,15,23,6,1,1,14,7,4,1,2,8,1,0,0
59795,2026-04-08 15:44:10,4,6,2,steal,spins,goldSack,gold,1,false,5000000,5606277077950,89027,5,5,50,9,0,1,0,1,0,344,350,48,0,98.3,bonus_bs15_gae1_no,107,700000,,,,"{""3f0963e6"":""671\/1600@m32""}",64,36,18,6,16,23,6,1,1,15,7,5,1,3,8,1,0,0
59796,2026-04-08 15:44:11,1,6,6,coin,spins,spins,gold,1,false,1250000,5606278327950,88977,5,5,50,9,0,0,0,2,0,344,350,48,0,98.3,bonus_bs15_gae1_no,107,700000,,,,,65,36,18,6,18,23,6,1,1,16,7,5,1,5,8,1,0,0
59797,2026-04-08 15:44:11,3,5,2,attack,shield,goldSack,gold,1,false,5000000,5606283327950,88927,5,5,50,9,1,0,1,0,0,344,350,48,0,98.3,bonus_bs15_gae1_no,107,700000,,,,,66,37,18,7,18,23,6,1,1,17,8,5,2,5,8,1,0,0
59798,2026-04-08 15:44:12,4,6,2,steal,spins,goldSack,gold,1,false,5000000,5606288327950,88877,5,5,50,9,0,1,0,1,0,344,350,48,0,98.3,bonus_bs15_gae1_no,107,700000,,,,,67,37,19,7,19,23,6,1,1,18,8,6,2,6,8,1,0,0
59799,2026-04-08 15:44:13,30,2,2,accumulation,goldSack,goldSack,gold,1,false,7500000,5606295827950,88827,5,5,50,9,0,0,0,0,1,44,900,49,0,4.9,bonus_bs15_gae1_no,107,700000,,,,,68,37,19,7,19,24,6,1,1,19,8,6,2,6,9,1,0,0
59800,2026-04-08 15:44:16,2,2,2,goldSack,goldSack,goldSack,gold,1,true,80000000,5606875827950,88777,5,5,50,9,0,0,0,0,0,44,900,49,0,4.9,bonus_bs15_gae1_no,107,700000,,,,,69,37,19,7,19,24,6,1,1,20,8,6,2,6,9,1,0,0
59801,2026-04-08 15:44:17,3,6,2,attack,spins,goldSack,gold,1,false,5000000,5606880827950,88727,5,5,50,9,1,0,0,1,0,44,900,49,0,4.9,bonus_bs15_gae1_no,107,700000,,,,"{""a9c9d449"":""2536\/6500@m11""}",70,38,19,7,20,24,6,1,1,21,9,6,2,7,9,1,0,0
59802,2026-04-08 15:44:18,1,1,4,coin,coin,steal,gold,1,false,2500000,5606883327950,88677,5,5,50,9,0,1,0,0,0,44,900,49,0,4.9,bonus_bs15_gae1_no,107,700000,,,,,71,38,20,7,20,24,6,1,1,22,9,7,2,7,9,1,0,0
59803,2026-04-08 15:44:18,4,4,4,steal,steal,steal,steal,4,true,0,5606883327950,88627,5,5,50,9,0,3,0,0,0,44,900,49,0,4.9,bonus_bs15_gae1_no,107,700000,,,,,72,38,23,7,20,24,6,2,1,23,9,10,2,7,9,1,1,0
59804,2026-04-08 15:44:26,1,1,1,coin,coin,coin,gold,1,true,12500000,5615541827950,88577,5,5,50,9,0,0,0,0,0,44,900,49,0,4.9,bonus_bs15_gae1_no,107,700000,,,,"{""a9c9d449"":""2636\/6500@m11""}",73,38,23,7,20,24,6,2,1,24,9,10,2,7,9,1,1,0
59805,2026-04-08 15:44:27,3,5,2,attack,shield,goldSack,gold,1,false,5000000,5615546827950,88527,5,5,50,9,1,0,1,0,0,44,900,49,0,4.9,bonus_bs15_gae1_no,107,700000,,,,,74,39,23,8,20,24,6,2,1,25,10,10,3,7,9,1,1,0
59806,2026-04-08 15:44:28,30,2,2,accumulation,goldSack,goldSack,gold,1,false,7500000,5615554327950,88477,5,5,50,9,0,0,0,0,1,94,900,49,50,10.4,bonus_bs15_gae1_no,107,700000,,,,,75,39,23,8,20,25,6,2,1,26,10,10,3,7,10,1,1,0
59807,2026-04-08 15:44:29,3,3,1,attack,attack,coin,gold,1,false,1250000,5615555577950,88427,5,5,50,9,2,0,0,0,0,94,900,49,0,10.4,bonus_bs15_gae1_no,107,700000,,,,,76,41,23,8,20,25,6,2,1,27,12,10,3,7,10,1,1,0
59808,2026-04-08 15:44:30,3,6,2,attack,spins,goldSack,gold,1,false,5000000,5615560577950,88377,5,5,50,9,1,0,0,1,0,94,900,49,0,10.4,bonus_bs15_gae1_no,107,700000,,,,,77,42,23,8,21,25,6,2,1,28,13,10,3,8,10,1,1,0
59809,2026-04-08 15:44:32,2,2,2,goldSack,goldSack,goldSack,gold,1,true,80000000,5615640577950,88327,5,5,50,9,0,0,0,0,0,94,900,49,0,10.4,bonus_bs15_gae1_no,107,700000,,,,"{""3f0963e6"":""771\/1600@m32""}",78,42,23,8,21,25,6,2,1,29,13,10,3,8,10,1,1,0
59810,2026-04-08 15:44:33,1,1,4,coin,coin,steal,gold,1,false,2500000,5615643077950,88277,5,5,50,9,0,1,0,0,0,94,900,49,0,10.4,bonus_bs15_gae1_no,107,700000,,,,,79,42,24,8,21,25,6,2,1,30,13,11,3,8,10,1,1,0
59811,2026-04-08 15:44:35,1,1,4,coin,coin,steal,gold,1,false,2500000,5615645577950,88227,5,5,50,9,0,1,0,0,0,94,900,49,0,10.4,bonus_bs15_gae1_no,107,700000,,,,"{""a9c9d449"":""2736\/6500@m11""}",80,42,25,8,21,25,6,2,1,31,13,12,3,8,10,1,1,0
59812,2026-04-08 15:44:36,30,30,1,accumulation,accumulation,coin,gold,1,false,1250000,5615646827950,88177,5,5,50,9,0,0,0,0,2,194,900,49,100,21.6,bonus_bs15_gae1_no,107,700000,,,,,81,42,25,8,21,27,6,2,1,32,13,12,3,8,12,1,1,0
59813,2026-04-08 15:44:37,4,6,2,steal,spins,goldSack,gold,1,false,5000000,5615651827950,88127,5,5,50,9,0,1,0,1,0,194,900,49,0,21.6,bonus_bs15_gae1_no,107,700000,,,,,82,42,26,8,22,27,6,2,1,33,13,13,3,9,12,1,1,0
59814,2026-04-08 15:44:38,30,2,2,accumulation,goldSack,goldSack,gold,1,false,7500000,5615659327950,88077,5,5,50,9,0,0,0,0,1,244,900,49,50,27.1,bonus_bs15_gae1_no,107,700000,,,,,83,42,26,8,22,28,6,2,1,34,13,13,3,9,13,1,1,0
59815,2026-04-08 15:44:39,30,2,2,accumulation,goldSack,goldSack,gold,1,false,7500000,5615666827950,88027,5,5,50,9,0,0,0,0,1,294,900,49,50,32.7,bonus_bs15_gae1_no,107,700000,,,,,84,42,26,8,22,29,6,2,1,35,13,13,3,9,14,1,1,0
59816,2026-04-08 15:44:40,30,30,1,accumulation,accumulation,coin,gold,1,false,1250000,5615668077950,87977,5,5,50,9,0,0,0,0,2,394,900,49,100,43.8,bonus_bs15_gae1_no,107,700000,,,,,85,42,26,8,22,31,6,2,1,36,13,13,3,9,16,1,1,0
59817,2026-04-08 15:44:42,3,5,2,attack,shield,goldSack,gold,1,false,5000000,5615673077950,87927,5,5,50,9,1,0,1,0,0,394,900,49,0,43.8,bonus_bs15_gae1_no,107,700000,,,,,86,43,26,9,22,31,6,2,1,37,14,13,4,9,16,1,1,0
59818,2026-04-08 15:44:43,3,3,3,attack,attack,attack,attack,2,true,0,5615673077950,87877,5,5,50,9,3,0,0,0,0,394,900,49,0,43.8,bonus_bs15_gae1_no,107,700000,,,,,87,46,26,9,22,31,7,2,1,38,17,13,4,9,16,2,1,0
59819,2026-04-08 15:44:49,3,6,2,attack,spins,goldSack,gold,1,false,5000000,5616041077950,87827,5,5,50,9,1,0,0,1,0,394,900,49,0,43.8,bonus_bs15_gae1_no,107,700000,,,,,88,47,26,9,23,31,7,2,1,39,18,13,4,10,16,2,1,0
59820,2026-04-08 15:44:50,3,6,2,attack,spins,goldSack,gold,1,false,5000000,5616046077950,87777,5,5,50,9,1,0,0,1,0,394,900,49,0,43.8,bonus_bs15_gae1_no,107,700000,,,,,89,48,26,9,24,31,7,2,1,40,19,13,4,11,16,2,1,0
59821,2026-04-08 15:44:51,1,1,4,coin,coin,steal,gold,1,false,2500000,5616048577950,87727,5,5,50,9,0,1,0,0,0,394,900,49,0,43.8,bonus_bs15_gae1_no,107,700000,,,,,90,48,27,9,24,31,7,2,1,41,19,14,4,11,16,2,1,0
59822,2026-04-08 15:44:53,3,6,2,attack,spins,goldSack,gold,1,false,5000000,5616053577950,87677,5,5,50,9,1,0,0,1,0,394,900,49,0,43.8,bonus_bs15_gae1_no,107,700000,,,,"{""3f0963e6"":""871\/1600@m32""}",91,49,27,9,25,31,7,2,1,42,20,14,4,12,16,2,1,0
59823,2026-04-08 15:44:54,1,4,4,coin,steal,steal,gold,1,false,1250000,5616054827950,87627,5,5,50,9,0,2,0,0,0,394,900,49,0,43.8,bonus_bs15_gae1_no,107,700000,,,,,92,49,29,9,25,31,7,2,1,43,20,16,4,12,16,2,1,0
59824,2026-04-08 15:44:54,1,1,1,coin,coin,coin,gold,1,true,12500000,5616067327950,87577,5,5,50,9,0,0,0,0,0,394,900,49,0,43.8,bonus_bs15_gae1_no,107,700000,,,,,93,49,29,9,25,31,7,2,1,44,20,16,4,12,16,2,1,0
59825,2026-04-08 15:44:55,4,6,2,steal,spins,goldSack,gold,1,false,5000000,5616072327950,87527,5,5,50,9,0,1,0,1,0,394,900,49,0,43.8,bonus_bs15_gae1_no,107,700000,,,,,94,49,30,9,26,31,7,2,1,45,20,17,4,13,16,2,1,0
59826,2026-04-08 15:44:56,3,3,1,attack,attack,coin,gold,1,false,1250000,5616073577950,87477,5,5,50,9,2,0,0,0,0,394,900,49,0,43.8,bonus_bs15_gae1_no,107,700000,,,,,95,51,30,9,26,31,7,2,1,46,22,17,4,13,16,2,1,0
59827,2026-04-08 15:45:00,30,2,2,accumulation,goldSack,goldSack,gold,1,false,60000000,5616133577950,87077,5,5,400,9,0,0,0,0,1,794,900,49,400,88.2,bonus_bs15_gae1_no,107,700000,,,,,96,51,30,9,26,32,7,2,1,47,22,17,4,13,17,2,1,0
59828,2026-04-08 15:45:01,30,2,2,accumulation,goldSack,goldSack,gold,1,false,60000000,5616193577950,86677,5,5,400,9,0,0,0,0,1,294,500,50,0,58.8,,107,700000,,,,,97,51,30,9,26,33,7,2,1,48,22,17,4,13,18,2,1,0
59829,2026-04-08 15:45:26,1,1,1,coin,coin,coin,gold,1,true,100000000,5618568577950,86677,5,5,400,9,0,0,0,0,0,294,500,50,0,58.8,,107,700000,,,,"{""a9c9d449"":""3536\/6500@m11""}",98,51,30,9,26,33,7,2,1,49,22,17,4,13,18,2,1,0
59830,2026-04-08 15:45:27,3,3,3,attack,attack,attack,attack,2,true,0,5618568577950,86277,5,5,400,9,3,0,0,0,0,294,500,50,0,58.8,,107,700000,,,,,99,54,30,9,26,33,8,2,1,50,25,17,4,13,18,3,1,0
59831,2026-04-08 15:45:33,3,6,2,attack,spins,goldSack,gold,1,false,40000000,5638408577950,85877,5,5,400,9,1,0,0,1,0,294,500,50,0,58.8,,107,700000,,,,"{""3f0963e6"":""71\/1600@m33""}",100,55,30,9,27,33,8,2,1,51,26,17,4,14,18,3,1,0
59832,2026-04-08 15:45:37,5,5,5,shield,shield,shield,shield,3,true,400,5638408577950,85877,5,5,400,9,0,0,3,0,0,294,500,50,0,58.8,,107,700000,,,,,101,55,30,12,27,33,8,2,2,52,26,17,7,14,18,3,1,1
59833,2026-04-08 15:45:38,3,3,1,attack,attack,coin,gold,1,false,10000000,5638418577950,85477,5,5,400,9,2,0,0,0,0,294,500,50,0,58.8,,107,700000,,,,,102,57,30,12,27,33,8,2,2,53,28,17,7,14,18,3,1,1
59834,2026-04-08 15:45:39,3,5,2,attack,shield,goldSack,gold,1,false,40000000,5638458577950,85077,5,5,400,9,1,0,1,0,0,294,500,50,0,58.8,,107,700000,,,,,103,58,30,13,27,33,8,2,2,54,29,17,8,14,18,3,1,1
59835,2026-04-08 15:45:39,3,3,3,attack,attack,attack,attack,2,true,0,5638458577950,84677,5,5,400,9,3,0,0,0,0,294,500,50,0,58.8,,107,700000,,,,,104,61,30,13,27,33,9,2,2,55,32,17,8,14,18,4,1,1
59836,2026-04-08 15:45:44,3,3,1,attack,attack,coin,gold,1,false,10000000,5641372577950,84677,5,5,400,9,2,0,0,0,0,294,500,50,0,58.8,,107,700000,,,,,105,63,30,13,27,33,9,2,2,56,34,17,8,14,18,4,1,1
59837,2026-04-08 15:45:45,30,30,1,accumulation,accumulation,coin,gold,1,false,10000000,5641382577950,84277,5,5,400,9,0,0,0,0,2,294,45000,52,0,0.7,,107,700000,,,,"{""a9c9d449"":""4336\/6500@m11""}",106,63,30,13,27,35,9,2,2,57,34,17,8,14,20,4,1,1
59838,2026-04-08 15:45:49,3,5,2,attack,shield,goldSack,gold,1,false,40000000,5641422577950,83877,5,5,400,9,1,0,1,0,0,294,45000,52,0,0.7,,107,700000,,,,,107,64,30,14,27,35,9,2,2,58,35,17,9,14,20,4,1,1
59839,2026-04-08 15:45:50,1,1,1,coin,coin,coin,gold,1,true,100000000,5641522577950,83477,5,5,400,9,0,0,0,0,0,294,45000,52,0,0.7,,107,700000,,,,,108,64,30,14,27,35,9,2,2,59,35,17,9,14,20,4,1,1
59840,2026-04-08 15:45:50,30,2,2,accumulation,goldSack,goldSack,gold,1,false,60000000,5641582577950,83077,5,5,400,9,0,0,0,0,1,694,45000,52,400,1.5,,107,700000,,,,,109,64,30,14,27,36,9,2,2,60,35,17,9,14,21,4,1,1
59841,2026-04-08 15:45:53,1,1,4,coin,coin,steal,gold,1,false,20000000,5641602577950,82677,5,5,400,9,0,1,0,0,0,694,45000,52,0,1.5,,107,700000,,,,,110,64,31,14,27,36,9,2,2,61,35,18,9,14,21,4,1,1
59842,2026-04-08 15:45:54,1,1,4,coin,coin,steal,gold,1,false,20000000,5641622577950,82277,5,5,400,9,0,1,0,0,0,694,45000,52,0,1.5,,107,700000,,,,,111,64,32,14,27,36,9,2,2,62,35,19,9,14,21,4,1,1
59843,2026-04-08 15:45:54,3,6,2,attack,spins,goldSack,gold,1,false,40000000,5641662577950,81877,5,5,400,9,1,0,0,1,0,694,45000,52,0,1.5,,107,700000,,,,,112,65,32,14,28,36,9,2,2,63,36,19,9,15,21,4,1,1
59844,2026-04-08 15:45:55,30,2,2,accumulation,goldSack,goldSack,gold,1,false,60000000,5641722577950,81477,5,5,400,9,0,0,0,0,1,1094,45000,52,400,2.4,,107,700000,,,,"{""3f0963e6"":""871\/1600@m33""}",113,65,32,14,28,37,9,2,2,64,36,19,9,15,22,4,1,1
59845,2026-04-08 15:45:56,3,6,2,attack,spins,goldSack,gold,1,false,40000000,5641762577950,81077,5,5,400,9,1,0,0,1,0,1094,45000,52,0,2.4,,107,700000,,,,"{""a9c9d449"":""5136\/6500@m11""}",114,66,32,14,29,37,9,2,2,65,37,19,9,16,22,4,1,1
59846,2026-04-08 15:45:57,1,1,1,coin,coin,coin,gold,1,true,100000000,5641862577950,80677,5,5,400,9,0,0,0,0,0,1094,45000,52,0,2.4,,107,700000,,,,,115,66,32,14,29,37,9,2,2,66,37,19,9,16,22,4,1,1
59847,2026-04-08 15:45:58,1,5,5,coin,shield,shield,gold,1,false,10000000,5641872577950,80277,5,5,400,9,0,0,2,0,0,1094,45000,52,0,2.4,,107,700000,,,,,116,66,32,16,29,37,9,2,2,67,37,19,11,16,22,4,1,1
59848,2026-04-08 15:45:59,5,5,5,shield,shield,shield,shield,3,true,400,5641872577950,80277,5,5,400,9,0,0,3,0,0,1094,45000,52,0,2.4,,107,700000,,,,,117,66,32,19,29,37,9,2,3,68,37,19,14,16,22,4,1,2
59849,2026-04-08 15:46:00,1,4,4,coin,steal,steal,gold,1,false,10000000,5641882577950,79877,5,5,400,9,0,2,0,0,0,1094,45000,52,0,2.4,,107,700000,,,,,118,66,34,19,29,37,9,2,3,69,37,21,14,16,22,4,1,2
59850,2026-04-08 15:46:01,1,1,4,coin,coin,steal,gold,1,false,20000000,5641902577950,79477,5,5,400,9,0,1,0,0,0,1094,45000,52,0,2.4,,107,700000,,,,,119,66,35,19,29,37,9,2,3,70,37,22,14,16,22,4,1,2
59851,2026-04-08 15:46:02,30,2,2,accumulation,goldSack,goldSack,gold,1,false,60000000,5641962577950,79077,5,5,400,9,0,0,0,0,1,1494,45000,52,400,3.3,,107,700000,,,,,120,66,35,19,29,38,9,2,3,71,37,22,14,16,23,4,1,2
59852,2026-04-08 15:46:03,3,6,2,attack,spins,goldSack,gold,1,false,40000000,5642002577950,78677,5,5,400,9,1,0,0,1,0,1494,45000,52,0,3.3,,107,700000,,,,,121,67,35,19,30,38,9,2,3,72,38,22,14,17,23,4,1,2
59853,2026-04-08 15:46:04,1,1,1,coin,coin,coin,gold,1,true,100000000,5642102577950,78277,5,5,400,9,0,0,0,0,0,1494,45000,52,0,3.3,,107,700000,,,,"{""3f0963e6"":""71\/1600@m34""}",122,67,35,19,30,38,9,2,3,73,38,22,14,17,23,4,1,2
59854,2026-04-08 15:46:06,1,1,4,coin,coin,steal,gold,1,false,20000000,5642122577950,77877,5,5,400,9,0,1,0,0,0,1494,45000,52,0,3.3,,107,700000,,,,,123,67,36,19,30,38,9,2,3,74,38,23,14,17,23,4,1,2
59855,2026-04-08 15:46:07,30,30,1,accumulation,accumulation,coin,gold,1,false,10000000,5642132577950,77477,5,5,400,9,0,0,0,0,2,2294,45000,52,800,5.1,,107,700000,,,,,124,67,36,19,30,40,9,2,3,75,38,23,14,17,25,4,1,2
59856,2026-04-08 15:46:09,3,6,2,attack,spins,goldSack,gold,1,false,40000000,5642172577950,77077,5,5,400,9,1,0,0,1,0,2294,45000,52,0,5.1,,107,700000,,,,,125,68,36,19,31,40,9,2,3,76,39,23,14,18,25,4,1,2
59857,2026-04-08 15:46:10,2,2,2,goldSack,goldSack,goldSack,gold,1,true,640000000,5642812577950,76677,5,5,400,9,0,0,0,0,0,2294,45000,52,0,5.1,,107,700000,,,,,126,68,36,19,31,40,9,2,3,77,39,23,14,18,25,4,1,2
59858,2026-04-08 15:46:11,5,5,5,shield,shield,shield,shield,3,true,400,5642812577950,76677,5,5,400,9,0,0,3,0,0,2294,45000,52,0,5.1,,107,700000,,,,,127,68,36,22,31,40,9,2,4,78,39,23,17,18,25,4,1,3
59859,2026-04-08 15:46:12,3,6,2,attack,spins,goldSack,gold,1,false,40000000,5642852577950,76277,5,5,400,9,1,0,0,1,0,2294,45000,52,0,5.1,,107,700000,,,,,128,69,36,22,32,40,9,2,4,79,40,23,17,19,25,4,1,3
59860,2026-04-08 15:46:12,4,6,2,steal,spins,goldSack,gold,1,false,40000000,5642892577950,75877,5,5,400,9,0,1,0,1,0,2294,45000,52,0,5.1,,107,700000,,,,,129,69,37,22,33,40,9,2,4,80,40,24,17,20,25,4,1,3
59861,2026-04-08 15:46:14,30,30,1,accumulation,accumulation,coin,gold,1,false,10000000,5642902577950,75477,5,5,400,9,0,0,0,0,2,3094,45000,52,800,6.9,,107,700000,,,,,130,69,37,22,33,42,9,2,4,81,40,24,17,20,27,4,1,3
59862,2026-04-08 15:46:15,4,4,4,steal,steal,steal,steal,4,true,0,5642902577950,75077,5,5,400,9,0,3,0,0,0,3094,45000,52,0,6.9,,107,700000,,,,,131,69,40,22,33,42,9,3,4,82,40,27,17,20,27,4,2,3
59863,2026-04-08 15:46:22,1,1,1,coin,coin,coin,gold,1,true,100000000,5677742577950,74677,5,5,400,9,0,0,0,0,0,3094,45000,52,0,6.9,,107,700000,,,,"{""a9c9d449"":""5936\/6500@m11""}",132,69,40,22,33,42,9,3,4,83,40,27,17,20,27,4,2,3
59864,2026-04-08 15:46:23,1,1,4,coin,coin,steal,gold,1,false,20000000,5677762577950,74277,5,5,400,9,0,1,0,0,0,3094,45000,52,0,6.9,,107,700000,,,,,133,69,41,22,33,42,9,3,4,84,40,28,17,20,27,4,2,3
59865,2026-04-08 15:46:24,30,2,2,accumulation,goldSack,goldSack,gold,1,false,60000000,5677822577950,73877,5,5,400,9,0,0,0,0,1,3494,45000,52,400,7.8,,107,700000,,,,,134,69,41,22,33,43,9,3,4,85,40,28,17,20,28,4,2,3
59866,2026-04-08 15:46:25,2,2,2,goldSack,goldSack,goldSack,gold,1,true,640000000,5678462577950,73477,5,5,400,9,0,0,0,0,0,3494,45000,52,0,7.8,,107,700000,,,,,135,69,41,22,33,43,9,3,4,86,40,28,17,20,28,4,2,3
59867,2026-04-08 15:46:27,2,2,2,goldSack,goldSack,goldSack,gold,1,true,640000000,5679102577950,73077,5,5,400,9,0,0,0,0,0,3494,45000,52,0,7.8,,107,700000,,,,,136,69,41,22,33,43,9,3,4,87,40,28,17,20,28,4,2,3
59868,2026-04-08 15:46:28,3,3,3,attack,attack,attack,attack,2,true,0,5679102577950,72677,5,5,400,9,3,0,0,0,0,3494,45000,52,0,7.8,,107,700000,,,,,137,72,41,22,33,43,10,3,4,88,43,28,17,20,28,5,2,3
59869,2026-04-08 15:46:32,30,2,2,accumulation,goldSack,goldSack,gold,1,false,60000000,5687962577950,72277,5,5,400,9,0,0,0,0,1,3894,45000,52,400,8.7,,107,700000,,,,,138,72,41,22,33,44,10,3,4,89,43,28,17,20,29,5,2,3
59870,2026-04-08 15:46:33,4,4,4,steal,steal,steal,steal,4,true,0,5687962577950,71877,5,5,400,9,0,3,0,0,0,3894,45000,52,0,8.7,,107,700000,,,,,139,72,44,22,33,44,10,4,4,90,43,31,17,20,29,5,3,3
59871,2026-04-08 15:46:40,30,30,30,accumulation,accumulation,accumulation,gold,10,true,0,5739759377950,71477,5,5,400,9,0,0,0,0,3,7894,45000,52,4000,17.5,,107,700000,,,,,140,72,44,22,33,47,10,4,4,91,43,31,17,20,32,5,3,3
59872,2026-04-08 15:46:54,3,3,3,attack,attack,attack,attack,2,true,0,5739759377950,71476,5,5,1,9,3,0,0,0,0,7894,45000,52,0,17.5,,107,700000,,,,,1,3,0,0,0,0,1,0,0,92,46,31,17,20,32,6,3,3
59873,2026-04-08 15:46:58,3,1,4,attack,coin,steal,gold,1,false,25000,5739766662950,71475,5,5,1,9,1,1,0,0,0,7894,45000,52,0,17.5,,107,700000,,,,,2,4,1,0,0,0,1,0,0,93,47,32,17,20,32,6,3,3
59874,2026-04-08 15:46:59,1,4,6,coin,steal,spins,gold,1,false,25000,5739766687950,71474,5,5,1,9,0,1,0,1,0,7894,45000,52,0,17.5,,107,700000,,,,"{""3f0963e6"":""73\/1600@m34""}",3,4,2,0,1,0,1,0,0,94,47,33,17,21,32,6,3,3
59875,2026-04-08 15:47:00,3,1,1,attack,coin,coin,gold,1,false,50000,5739766737950,71473,5,5,1,9,1,0,0,0,0,7894,45000,52,0,17.5,,107,700000,,,,,4,5,2,0,1,0,1,0,0,95,48,33,17,21,32,6,3,3
59876,2026-04-08 15:47:01,30,30,2,accumulation,accumulation,goldSack,gold,1,false,100000,5739766837950,71472,5,5,1,9,0,0,0,0,2,7896,45000,52,2,17.5,,107,700000,,,,,5,5,2,0,1,2,1,0,0,96,48,33,17,21,34,6,3,3
59877,2026-04-08 15:47:02,3,5,2,attack,shield,goldSack,gold,1,false,100000,5739766937950,71471,5,5,1,9,1,0,1,0,0,7896,45000,52,0,17.5,,107,700000,,,,,6,6,2,1,1,2,1,0,0,97,49,33,18,21,34,6,3,3
59878,2026-04-08 15:47:03,2,2,2,goldSack,goldSack,goldSack,gold,1,true,1600000,5739768537950,71470,5,5,1,9,0,0,0,0,0,7896,45000,52,0,17.5,,107,700000,,,,,7,6,2,1,1,2,1,0,0,98,49,33,18,21,34,6,3,3
59879,2026-04-08 15:47:04,3,1,1,attack,coin,coin,gold,1,false,50000,5739768587950,71469,5,5,1,9,1,0,0,0,0,7896,45000,52,0,17.5,,107,700000,,,,"{""a9c9d449"":""5938\/6500@m11""}",8,7,2,1,1,2,1,0,0,99,50,33,18,21,34,6,3,3
59880,2026-04-08 15:47:05,1,4,6,coin,steal,spins,gold,1,false,25000,5739768612950,71468,5,5,1,9,0,1,0,1,0,7896,45000,52,0,17.5,,107,700000,,,,,9,7,3,1,2,2,1,0,0,100,50,34,18,22,34,6,3,3
59881,2026-04-08 15:47:06,4,4,2,steal,steal,goldSack,gold,1,false,100000,5739768712950,71467,5,5,1,9,0,2,0,0,0,7896,45000,52,0,17.5,,107,700000,,,,"{""a9c9d449"":""5940\/6500@m11""}",10,7,5,1,2,2,1,0,0,101,50,36,18,22,34,6,3,3
59882,2026-04-08 15:47:07,30,30,3,accumulation,accumulation,attack,gold,6,false,0,5739768712950,71466,5,5,1,9,1,0,0,0,2,7898,45000,52,2,17.6,,107,700000,,,,,11,8,5,1,2,4,1,0,0,102,51,36,18,22,36,6,3,3
59883,2026-04-08 15:47:09,30,2,2,accumulation,goldSack,goldSack,gold,1,false,150000,5739768862950,71465,5,5,1,9,0,0,0,0,1,7899,45000,52,1,17.6,,107,700000,,,,,12,8,5,1,2,5,1,0,0,103,51,36,18,22,37,6,3,3
59884,2026-04-08 15:47:10,1,1,1,coin,coin,coin,gold,1,true,250000,5739769112950,71464,5,5,1,9,0,0,0,0,0,7899,45000,52,0,17.6,,107,700000,,,,,13,8,5,1,2,5,1,0,0,104,51,36,18,22,37,6,3,3
59885,2026-04-08 15:47:10,2,2,2,goldSack,goldSack,goldSack,gold,1,true,1600000,5739770712950,71463,5,5,1,9,0,0,0,0,0,7899,45000,52,0,17.6,,107,700000,,,,,14,8,5,1,2,5,1,0,0,105,51,36,18,22,37,6,3,3
59886,2026-04-08 15:47:12,3,1,1,attack,coin,coin,gold,1,false,50000,5739770762950,71462,5,5,1,9,1,0,0,0,0,7899,45000,52,0,17.6,,107,700000,,,,,15,9,5,1,2,5,1,0,0,106,52,36,18,22,37,6,3,3
59887,2026-04-08 15:47:12,5,5,5,shield,shield,shield,shield,3,true,1,5739770762950,71462,5,5,1,9,0,0,3,0,0,7899,45000,52,0,17.6,,107,700000,,,,,16,9,5,4,2,5,1,0,1,107,52,36,21,22,37,6,3,4
59888,2026-04-08 15:47:13,30,2,2,accumulation,goldSack,goldSack,gold,1,false,150000,5739770912950,71461,5,5,1,9,0,0,0,0,1,7900,45000,52,1,17.6,,107,700000,,,,,17,9,5,4,2,6,1,0,1,108,52,36,21,22,38,6,3,4
59889,2026-04-08 15:47:14,30,30,2,accumulation,accumulation,goldSack,gold,1,false,100000,5739771012950,71460,5,5,1,9,0,0,0,0,2,7902,45000,52,2,17.6,,107,700000,,,,,18,9,5,4,2,8,1,0,1,109,52,36,21,22,40,6,3,4
59890,2026-04-08 15:47:15,1,4,6,coin,steal,spins,gold,1,false,25000,5739771037950,71459,5,5,1,9,0,1,0,1,0,7902,45000,52,0,17.6,,107,700000,,,,,19,9,6,4,3,8,1,0,1,110,52,37,21,23,40,6,3,4
59891,2026-04-08 15:47:16,2,2,2,goldSack,goldSack,goldSack,gold,1,true,1600000,5739772637950,71458,5,5,1,9,0,0,0,0,0,7902,45000,52,0,17.6,,107,700000,,,,,20,9,6,4,3,8,1,0,1,111,52,37,21,23,40,6,3,4
59892,2026-04-08 15:47:17,30,2,2,accumulation,goldSack,goldSack,gold,1,false,150000,5739772787950,71457,5,5,1,9,0,0,0,0,1,7903,45000,52,1,17.6,,107,700000,,,,,21,9,6,4,3,9,1,0,1,112,52,37,21,23,41,6,3,4
59893,2026-04-08 15:47:18,4,6,2,steal,spins,goldSack,gold,1,false,100000,5739772887950,71456,5,5,1,9,0,1,0,1,0,7903,45000,52,0,17.6,,107,700000,,,,,22,9,7,4,4,9,1,0,1,113,52,38,21,24,41,6,3,4
59894,2026-04-08 15:47:19,30,2,2,accumulation,goldSack,goldSack,gold,1,false,150000,5739773037950,71455,5,5,1,9,0,0,0,0,1,7904,45000,52,1,17.6,,107,700000,,,,"{""a9c9d449"":""5942\/6500@m11""}",23,9,7,4,4,10,1,0,1,114,52,38,21,24,42,6,3,4
59895,2026-04-08 15:47:20,6,6,2,spins,spins,goldSack,gold,1,false,100000,5739773137950,71454,5,5,1,9,0,0,0,2,0,7904,45000,52,0,17.6,,107,700000,,,,,24,9,7,4,6,10,1,0,1,115,52,38,21,26,42,6,3,4
59896,2026-04-08 15:47:21,2,2,2,goldSack,goldSack,goldSack,gold,1,true,1600000,5739774737950,71453,5,5,1,9,0,0,0,0,0,7904,45000,52,0,17.6,,107,700000,,,,,25,9,7,4,6,10,1,0,1,116,52,38,21,26,42,6,3,4
59897,2026-04-08 15:47:28,3,3,3,attack,attack,attack,attack,2,true,0,5739774737950,71452,5,5,1,9,3,0,0,0,0,7904,45000,52,0,17.6,,107,700000,,,,,26,12,7,4,6,10,2,0,1,117,55,38,21,26,42,7,3,4
59898,2026-04-08 15:47:32,3,3,3,attack,attack,attack,attack,2,true,0,5739781997950,71451,5,5,1,9,3,0,0,0,0,7904,45000,52,0,17.6,,107,700000,,,,"{""3f0963e6"":""75\/1600@m34""}",27,15,7,4,6,10,3,0,1,118,58,38,21,26,42,8,3,4
