seq,timestamp,r1,r2,r3,reel_1,reel_2,reel_3,spin_result,reward_code,is_triple,coins_won,coins,spins_remaining,shields,max_shields,bet_multiplier,bet_level,atk_count,stl_count,shd_count,spn_count,acc_count,accum_current,accum_total,accum_mission,accum_delta,accum_pct,gae_segment,gae_last_mission,gae_grand_prize,slot2_r1,slot2_r2,slot2_r3,event_bars,sa_spins,sa_atk,sa_stl,sa_shd,sa_spn,sa_acc,sa_3x_atk,sa_3x_stl,sa_3x_shd,ss_spins,ss_atk,ss_stl,ss_shd,ss_spn,ss_acc,ss_3x_atk,ss_3x_stl,ss_3x_shd,r1_idx,r2_idx,r3_idx,is_valuable,strategy_tier,strategy_score,l1_score,l2_score,scorer_cfg,cm_balance,profile_name,slot_prob_seg
67708,2026-04-13 05:27:47,3,3,3,attack,attack,attack,attack,2,true,0,11105035713801,161185,5,5,1,11,3,0,0,0,0,65166,250000,76,0,26.1,bonus_bs15_gae1_no,107,700000,,,,,1,3,0,0,0,0,1,0,0,1,3,0,0,0,0,1,0,0,0,0,0,false,SMALL,-1,-1,0,V2,0,3_5_fbios_PABUnityIAPiOSDefensiveBase,segment_tag_core_slot_prob_nu_29_06_var_a
67709,2026-04-13 05:27:55,3,3,3,attack,attack,attack,attack,2,true,0,11105042313801,161184,5,5,1,11,3,0,0,0,0,65166,250000,76,0,26.1,bonus_bs15_gae1_no,107,700000,,,,,2,6,0,0,0,0,2,0,0,2,6,0,0,0,0,2,0,0,0,0,0,false,NORMAL,1,0,1,V2,0,3_5_fbios_PABUnityIAPiOSDefensiveBase,segment_tag_core_slot_prob_nu_29_06_var_a
67710,2026-04-13 05:27:59,3,3,3,attack,attack,attack,attack,2,true,0,11105064313801,161183,5,5,1,11,3,0,0,0,0,65166,250000,76,0,26.1,bonus_bs15_gae1_no,107,700000,,,,,3,9,0,0,0,0,3,0,0,3,9,0,0,0,0,3,0,0,0,0,0,false,NORMAL,1,0,1,V2,0,3_5_fbios_PABUnityIAPiOSDefensiveBase,segment_tag_core_slot_prob_nu_29_06_var_a
67711,2026-04-13 05:28:04,3,4,2,attack,steal,goldSack,gold,1,false,100000,11105071013801,161182,5,5,1,11,1,1,0,0,0,65166,250000,76,0,26.1,bonus_bs15_gae1_no,107,700000,,,LongExtraDayReduced,"{""slot_on_"":""32430\/56000@m25""}",4,10,1,0,0,0,3,0,0,4,10,1,0,0,0,3,0,0,3,4,0,false,BIG,5,4,1,V2,0,3_5_fbios_PABUnityIAPiOSDefensiveBase,segment_tag_core_slot_prob_nu_29_06_var_a
67712,2026-04-13 05:28:05,1,4,4,coin,steal,steal,gold,1,false,25000,11105071038801,161181,5,5,1,11,0,2,0,0,0,65166,250000,76,0,26.1,bonus_bs15_gae1_no,107,700000,,,,,5,10,3,0,0,0,3,0,0,5,10,3,0,0,0,3,0,0,4,4,1,false,MIN,-7,-4,-3,V2,0,3_5_fbios_PABUnityIAPiOSDefensiveBase,segment_tag_core_slot_prob_nu_29_06_var_a
67713,2026-04-13 05:28:06,4,6,2,steal,spins,goldSack,gold,1,false,100000,11105071138801,161180,5,5,1,11,0,1,0,1,0,65166,250000,76,0,26.1,bonus_bs15_gae1_no,107,700000,,,,,6,10,4,0,1,0,3,0,0,6,10,4,0,1,0,3,0,0,3,6,4,false,SMALL,-1,1,-2,V2,0,3_5_fbios_PABUnityIAPiOSDefensiveBase,segment_tag_core_slot_prob_nu_29_06_var_a
67714,2026-04-13 05:28:06,3,1,1,attack,coin,coin,gold,1,false,50000,11105071188801,161179,5,5,1,11,1,0,0,0,0,65166,250000,76,0,26.1,bonus_bs15_gae1_no,107,700000,LongExtraDayReduced,,,"{""slot_on_"":""32431\/56000@m25""}",7,11,4,0,1,0,3,0,0,7,11,4,0,1,0,3,0,0,5,1,0,false,NORMAL,2,0,2,V2,0,3_5_fbios_PABUnityIAPiOSDefensiveBase,segment_tag_core_slot_prob_nu_29_06_var_a
67715,2026-04-13 05:28:07,3,3,3,attack,attack,attack,attack,2,true,0,11105071188801,161178,5,5,1,11,3,0,0,0,0,65166,250000,76,0,26.1,bonus_bs15_gae1_no,107,700000,,,,,8,14,4,0,1,0,4,0,0,8,14,4,0,1,0,4,0,0,0,0,0,false,NORMAL,1,-1,2,V2,0,3_5_fbios_PABUnityIAPiOSDefensiveBase,segment_tag_core_slot_prob_nu_29_06_var_a
67716,2026-04-13 05:28:11,30,2,2,accumulation,goldSack,goldSack,gold,1,false,150000,11105077938801,161177,5,5,1,11,0,0,0,0,1,65167,250000,76,1,26.1,bonus_bs15_gae1_no,107,700000,,,,,9,14,4,0,1,1,4,0,0,9,14,4,0,1,1,4,0,0,3,3,8,false,BIG,7,4,3,V2,0,3_5_fbios_PABUnityIAPiOSDefensiveBase,segment_tag_core_slot_prob_nu_29_06_var_a
67717,2026-04-13 05:28:12,6,6,6,spins,spins,spins,spins,5,true,10,11105077938801,161186,5,5,1,11,0,0,0,3,0,65167,250000,76,0,26.1,bonus_bs15_gae1_no,107,700000,LongExtraDayReduced,LongExtraDayReduced,LongExtraDayReduced,"{""slot_on_"":""32436\/56000@m25""}",10,14,4,0,4,1,4,0,0,10,14,4,0,4,1,4,0,0,6,6,6,true,NORMAL,3,0,3,V2,0,3_5_fbios_PABUnityIAPiOSDefensiveBase,segment_tag_core_slot_prob_nu_29_06_var_a
67718,2026-04-13 05:28:14,30,30,1,accumulation,accumulation,coin,gold,1,false,25000,11105077963801,161185,5,5,1,11,0,0,0,0,2,65169,250000,76,2,26.1,bonus_bs15_gae1_no,107,700000,,,,,11,14,4,0,4,3,4,0,0,1,0,0,0,0,2,0,0,0,5,8,8,false,NORMAL,1,-1,2,V2,0,3_5_fbios_PABUnityIAPiOSDefensiveBase,segment_tag_core_slot_prob_nu_29_06_var_a
67719,2026-04-13 05:28:15,4,6,2,steal,spins,goldSack,gold,1,false,100000,11105078063801,161184,5,5,1,11,0,1,0,1,0,65169,250000,76,0,26.1,bonus_bs15_gae1_no,107,700000,,,,,12,14,5,0,5,3,4,0,0,2,0,1,0,1,2,0,0,0,3,6,4,false,BIG,4,1,3,V2,0,3_5_fbios_PABUnityIAPiOSDefensiveBase,segment_tag_core_slot_prob_nu_29_06_var_a
67720,2026-04-13 05:28:16,1,4,4,coin,steal,steal,gold,1,false,25000,11105078088801,161183,5,5,1,11,0,2,0,0,0,65169,250000,76,0,26.1,bonus_bs15_gae1_no,107,700000,,,,,13,14,7,0,5,3,4,0,0,3,0,3,0,1,2,0,0,0,4,4,5,false,BIG,5,1,4,V2,0,3_5_fbios_PABUnityIAPiOSDefensiveBase,segment_tag_core_slot_prob_nu_29_06_var_a
67721,2026-04-13 05:28:17,3,1,1,attack,coin,coin,gold,1,false,50000,11105078138801,161182,5,5,1,11,1,0,0,0,0,65169,250000,76,0,26.1,bonus_bs15_gae1_no,107,700000,,,,,14,15,7,0,5,3,4,0,0,4,1,3,0,1,2,0,0,0,5,1,0,false,NORMAL,2,-1,3,V2,0,3_5_fbios_PABUnityIAPiOSDefensiveBase,segment_tag_core_slot_prob_nu_29_06_var_a
67722,2026-04-13 05:28:17,1,4,6,coin,steal,spins,gold,1,false,25000,11105078163801,161181,5,5,1,11,0,1,0,1,0,65169,250000,76,0,26.1,bonus_bs15_gae1_no,107,700000,,,,,15,15,8,0,6,3,4,0,0,5,1,4,0,2,2,0,0,0,6,4,5,false,BIG,7,4,3,V2,0,3_5_fbios_PABUnityIAPiOSDefensiveBase,segment_tag_core_slot_prob_nu_29_06_var_a
67723,2026-04-13 05:28:18,1,4,6,coin,steal,spins,gold,1,false,25000,11105078188801,161180,5,5,1,11,0,1,0,1,0,65169,250000,76,0,26.1,bonus_bs15_gae1_no,107,700000,,,,,16,15,9,0,7,3,4,0,0,6,1,5,0,3,2,0,0,0,6,4,5,false,MAX,10,7,3,V2,0,3_5_fbios_PABUnityIAPiOSDefensiveBase,segment_tag_core_slot_prob_nu_29_06_var_a
67724,2026-04-13 05:28:19,30,2,2,accumulation,goldSack,goldSack,gold,1,false,150000,11105078338801,161179,5,5,1,11,0,0,0,0,1,65170,250000,76,1,26.1,bonus_bs15_gae1_no,107,700000,,LongExtraDayReduced,,"{""slot_on_"":""32437\/56000@m25""}",17,15,9,0,7,4,4,0,0,7,1,5,0,3,3,0,0,0,7,7,8,false,MAX,10,8,2,V2,0,3_5_fbios_PABUnityIAPiOSDefensiveBase,segment_tag_core_slot_prob_nu_29_06_var_a
67725,2026-04-13 05:28:25,1,1,6,coin,coin,spins,gold,1,false,20000000,11105098338801,160779,5,5,400,11,0,0,0,1,0,65170,250000,76,0,26.1,bonus_bs15_gae1_no,107,700000,,,,,18,15,9,0,8,4,4,0,0,8,1,5,0,4,3,0,0,0,6,1,5,false,BIG,4,3,1,V2,0,3_5_fbios_PABUnityIAPiOSDefensiveBase,segment_tag_core_slot_prob_nu_29_06_var_a
67726,2026-04-13 05:28:26,3,4,2,attack,steal,goldSack,gold,1,false,40000000,11105138338801,160379,5,5,400,11,1,1,0,0,0,65170,250000,76,0,26.1,bonus_bs15_gae1_no,107,700000,,,,,19,16,10,0,8,4,4,0,0,9,2,6,0,4,3,0,0,0,3,4,0,false,BIG,4,3,1,V2,0,3_5_fbios_PABUnityIAPiOSDefensiveBase,segment_tag_core_slot_prob_nu_29_06_var_a
67727,2026-04-13 05:28:27,3,1,5,attack,coin,shield,gold,1,false,10000000,11105148338801,159979,5,5,400,11,1,0,1,0,0,65170,250000,76,0,26.1,bonus_bs15_gae1_no,107,700000,,,,,20,17,10,1,8,4,4,0,0,10,3,6,1,4,3,0,0,0,2,1,0,false,NORMAL,1,1,0,V2,0,3_5_fbios_PABUnityIAPiOSDefensiveBase,segment_tag_core_slot_prob_nu_29_06_var_a
67728,2026-04-13 05:28:28,30,2,2,accumulation,goldSack,goldSack,gold,1,false,60000000,11105208338801,159579,5,5,400,11,0,0,0,0,1,65570,250000,76,400,26.2,bonus_bs15_gae1_no,107,700000,,,,,21,17,10,1,8,5,4,0,0,11,3,6,1,4,4,0,0,0,3,7,8,false,BIG,6,5,1,V2,0,3_5_fbios_PABUnityIAPiOSDefensiveBase,segment_tag_core_slot_prob_nu_29_06_var_a
67729,2026-04-13 05:28:30,5,5,5,shield,shield,shield,shield,3,true,400,11105208338801,159579,5,5,400,11,0,0,3,0,0,65570,250000,76,0,26.2,bonus_bs15_gae1_no,107,700000,,,LongExtraDayReduced,"{""slot_on_"":""32837\/56000@m25""}",22,17,10,4,8,5,4,0,1,12,3,6,4,4,4,0,0,1,2,2,2,false,NORMAL,0,-1,1,V2,0,3_5_fbios_PABUnityIAPiOSDefensiveBase,segment_tag_core_slot_prob_nu_29_06_var_a
67730,2026-04-13 05:33:24,30,2,2,accumulation,goldSack,goldSack,gold,1,false,150000,11105708488801,159578,5,5,1,11,0,0,0,0,1,65571,250000,76,1,26.2,bonus_bs15_gae1_no,107,700000,,,LongExtraDayReduced,"{""slot_on_"":""32838\/56000@m25""}",23,17,10,4,8,6,4,0,1,13,3,6,4,4,5,0,0,1,3,7,8,false,BIG,7,7,0,V2,0,3_5_fbios_PABUnityIAPiOSDefensiveBase,segment_tag_core_slot_prob_nu_29_06_var_a
67731,2026-04-13 05:33:42,1,1,1,coin,coin,coin,gold,1,true,12500000,11105720988801,159528,5,5,50,11,0,0,0,0,0,65571,250000,76,0,26.2,bonus_bs15_gae1_no,107,700000,,,,,24,17,10,4,8,6,4,0,1,14,3,6,4,4,5,0,0,1,1,5,1,false,MIN,-10,-7,-3,V2,0,3_5_fbios_PABUnityIAPiOSDefensiveBase,segment_tag_core_slot_prob_nu_29_06_var_a
67732,2026-04-13 05:33:44,3,3,3,attack,attack,attack,attack,2,true,0,11105720988801,159478,5,5,50,11,3,0,0,0,0,65571,250000,76,0,26.2,bonus_bs15_gae1_no,107,700000,,,,,25,20,10,4,8,6,5,0,1,15,6,6,4,4,5,1,0,1,0,0,0,false,MIN,-5,-2,-3,V2,0,3_5_fbios_PABUnityIAPiOSDefensiveBase,segment_tag_core_slot_prob_nu_29_06_var_a
67733,2026-04-13 05:33:49,3,1,4,attack,coin,steal,gold,1,false,1250000,11106052238801,159428,5,5,50,11,1,1,0,0,0,65571,250000,76,0,26.2,bonus_bs15_gae1_no,107,700000,,,,,26,21,11,4,8,6,5,0,1,16,7,7,4,4,5,1,0,1,4,5,0,false,SMALL,-2,-1,-1,V2,0,3_5_fbios_PABUnityIAPiOSDefensiveBase,segment_tag_core_slot_prob_nu_29_06_var_a
67734,2026-04-13 05:33:50,3,3,2,attack,attack,goldSack,gold,1,false,5000000,11106057238801,159378,5,5,50,11,2,0,0,0,0,65571,250000,76,0,26.2,bonus_bs15_gae1_no,107,700000,,,,,27,23,11,4,8,6,5,0,1,17,9,7,4,4,5,1,0,1,3,0,0,false,NORMAL,1,2,-1,V2,0,3_5_fbios_PABUnityIAPiOSDefensiveBase,segment_tag_core_slot_prob_nu_29_06_var_a
67735,2026-04-13 05:33:51,30,2,2,accumulation,goldSack,goldSack,gold,1,false,7500000,11106064738801,159328,5,5,50,11,0,0,0,0,1,65621,250000,76,50,26.2,bonus_bs15_gae1_no,107,700000,,,,,28,23,11,4,8,7,5,0,1,18,9,7,4,4,6,1,0,1,7,7,8,false,MAX,8,8,0,V2,0,3_5_fbios_PABUnityIAPiOSDefensiveBase,segment_tag_core_slot_prob_nu_29_06_var_a
67736,2026-04-13 05:33:52,3,1,1,attack,coin,coin,gold,1,false,2500000,11106067238801,159278,5,5,50,11,1,0,0,0,0,65621,250000,76,0,26.2,bonus_bs15_gae1_no,107,700000,,,,,29,24,11,4,8,7,5,0,1,19,10,7,4,4,6,1,0,1,5,1,0,false,SMALL,-1,-1,0,V2,0,3_5_fbios_PABUnityIAPiOSDefensiveBase,segment_tag_core_slot_prob_nu_29_06_var_a
67737,2026-04-13 05:33:54,30,2,2,accumulation,goldSack,goldSack,gold,1,false,7500000,11106074738801,159228,5,5,50,11,0,0,0,0,1,65671,250000,76,50,26.3,bonus_bs15_gae1_no,107,700000,,,,,30,24,11,4,8,8,5,0,1,20,10,7,4,4,7,1,0,1,3,7,8,false,BIG,7,6,1,V2,0,3_5_fbios_PABUnityIAPiOSDefensiveBase,segment_tag_core_slot_prob_nu_29_06_var_a
67738,2026-04-13 05:33:55,1,1,1,coin,coin,coin,gold,1,true,12500000,11106087238801,159178,5,5,50,11,0,0,0,0,0,65671,250000,76,0,26.3,bonus_bs15_gae1_no,107,700000,,,,,31,24,11,4,8,8,5,0,1,21,10,7,4,4,7,1,0,1,5,5,1,false,MIN,-11,-9,-2,V2,0,3_5_fbios_PABUnityIAPiOSDefensiveBase,segment_tag_core_slot_prob_nu_29_06_var_a
67739,2026-04-13 05:33:56,3,1,6,attack,coin,spins,gold,1,false,1250000,11106088488801,159128,5,5,50,11,1,0,0,1,0,65671,250000,76,0,26.3,bonus_bs15_gae1_no,107,700000,,,,,32,25,11,4,9,8,5,0,1,22,11,7,4,5,7,1,0,1,6,1,0,false,SMALL,-2,0,-2,V2,0,3_5_fbios_PABUnityIAPiOSDefensiveBase,segment_tag_core_slot_prob_nu_29_06_var_a
67740,2026-04-13 05:33:58,6,6,2,spins,spins,goldSack,gold,1,false,5000000,11106093488801,159078,5,5,50,11,0,0,0,2,0,65671,250000,76,0,26.3,bonus_bs15_gae1_no,107,700000,,,,,33,25,11,4,11,8,5,0,1,23,11,7,4,7,7,1,0,1,7,6,6,false,NORMAL,1,1,0,V2,0,3_5_fbios_PABUnityIAPiOSDefensiveBase,segment_tag_core_slot_prob_nu_29_06_var_a
67741,2026-04-13 05:33:59,3,1,4,attack,coin,steal,gold,1,false,1250000,11106094738801,159028,5,5,50,11,1,1,0,0,0,65671,250000,76,0,26.3,bonus_bs15_gae1_no,107,700000,LongExtraDayReduced,,,"{""slot_on_"":""32888\/56000@m25""}",34,26,12,4,11,8,5,0,1,24,12,8,4,7,7,1,0,1,4,1,0,false,SMALL,-1,-1,0,V2,0,3_5_fbios_PABUnityIAPiOSDefensiveBase,segment_tag_core_slot_prob_nu_29_06_var_a
67742,2026-04-13 05:34:00,30,30,2,accumulation,accumulation,goldSack,gold,1,false,5000000,11106099738801,158978,5,5,50,11,0,0,0,0,2,65771,250000,76,100,26.3,bonus_bs15_gae1_no,107,700000,,,,,35,26,12,4,11,10,5,0,1,25,12,8,4,7,9,1,0,1,3,8,8,false,NORMAL,3,2,1,V2,0,3_5_fbios_PABUnityIAPiOSDefensiveBase,segment_tag_core_slot_prob_nu_29_06_var_a
67743,2026-04-13 05:34:02,30,2,2,accumulation,goldSack,goldSack,gold,1,false,7500000,11106107238801,158928,5,5,50,11,0,0,0,0,1,65821,250000,76,50,26.3,bonus_bs15_gae1_no,107,700000,,,,,36,26,12,4,11,11,5,0,1,26,12,8,4,7,10,1,0,1,3,3,8,false,BIG,6,6,0,V2,0,3_5_fbios_PABUnityIAPiOSDefensiveBase,segment_tag_core_slot_prob_nu_29_06_var_a
67744,2026-04-13 05:34:06,30,2,2,accumulation,goldSack,goldSack,gold,1,false,7500000,11106114738801,158878,5,5,50,11,0,0,0,0,1,65871,250000,76,50,26.3,bonus_bs15_gae1_no,107,700000,,,,,37,26,12,4,11,12,5,0,1,27,12,8,4,7,11,1,0,1,7,7,8,false,MAX,10,9,1,V2,0,3_5_fbios_PABUnityIAPiOSDefensiveBase,segment_tag_core_slot_prob_nu_29_06_var_a
67745,2026-04-13 05:34:09,2,2,2,goldSack,goldSack,goldSack,gold,1,true,720000000,11106834738801,158478,5,5,400,11,0,0,0,0,0,65871,250000,76,0,26.3,bonus_bs15_gae1_no,107,700000,LongExtraDayReduced,LongExtraDayReduced,,"{""slot_on_"":""33688\/56000@m25""}",38,26,12,4,11,12,5,0,1,28,12,8,4,7,11,1,0,1,3,7,7,false,BIG,4,3,1,V2,0,3_5_fbios_PABUnityIAPiOSDefensiveBase,segment_tag_core_slot_prob_nu_29_06_var_a
67746,2026-04-13 05:34:11,4,4,4,steal,steal,steal,steal,4,true,0,11106834738801,158078,5,5,400,11,0,3,0,0,0,65871,250000,76,0,26.3,bonus_bs15_gae1_no,107,700000,,,,,39,26,15,4,11,12,5,1,1,29,12,11,4,7,11,1,1,1,4,4,4,false,MIN,-4,-5,1,V2,0,3_5_fbios_PABUnityIAPiOSDefensiveBase,segment_tag_core_slot_prob_nu_29_06_var_a
67747,2026-04-13 05:34:17,2,2,2,goldSack,goldSack,goldSack,gold,1,true,720000000,11133277938801,157678,5,5,400,11,0,0,0,0,0,65871,250000,76,0,26.3,bonus_bs15_gae1_no,107,700000,,,,,40,26,15,4,11,12,5,1,1,30,12,11,4,7,11,1,1,1,7,7,3,false,MAX,9,7,2,V2,0,3_5_fbios_PABUnityIAPiOSDefensiveBase,segment_tag_core_slot_prob_nu_29_06_var_a
67748,2026-04-13 05:34:20,2,2,2,goldSack,goldSack,goldSack,gold,1,true,720000000,11133997938801,157278,5,5,400,11,0,0,0,0,0,65871,250000,76,0,26.3,bonus_bs15_gae1_no,107,700000,LongExtraDayReduced,,,"{""slot_on_"":""34088\/56000@m25""}",41,26,15,4,11,12,5,1,1,31,12,11,4,7,11,1,1,1,3,7,7,false,BIG,5,3,2,V2,0,3_5_fbios_PABUnityIAPiOSDefensiveBase,segment_tag_core_slot_prob_nu_29_06_var_a
67749,2026-04-13 05:34:22,30,2,2,accumulation,goldSack,goldSack,gold,1,false,60000000,11134057938801,156878,5,5,400,11,0,0,0,0,1,66271,250000,76,400,26.5,bonus_bs15_gae1_no,107,700000,,,LongExtraDayReduced,"{""slot_on_"":""34488\/56000@m25""}",42,26,15,4,11,13,5,1,1,32,12,11,4,7,12,1,1,1,7,3,8,false,MAX,10,8,2,V2,0,3_5_fbios_PABUnityIAPiOSDefensiveBase,segment_tag_core_slot_prob_nu_29_06_var_a
67750,2026-04-13 05:34:26,1,1,1,coin,coin,coin,gold,1,true,375000000,11134432938801,155378,5,5,1500,11,0,0,0,0,0,66271,250000,76,0,26.5,bonus_bs15_gae1_no,107,700000,,,,,43,26,15,4,11,13,5,1,1,33,12,11,4,7,12,1,1,1,5,1,1,false,MIN,-5,-4,-1,V2,0,3_5_fbios_PABUnityIAPiOSDefensiveBase,segment_tag_core_slot_prob_nu_29_06_var_a
67751,2026-04-13 05:34:29,3,1,1,attack,coin,coin,gold,1,false,2500000,11134435438801,155328,5,5,50,11,1,0,0,0,0,66271,250000,76,0,26.5,bonus_bs15_gae1_no,107,700000,,,,,44,27,15,4,11,13,5,1,1,34,13,11,4,7,12,1,1,1,1,5,0,false,MIN,-5,-2,-3,V2,0,3_5_fbios_PABUnityIAPiOSDefensiveBase,segment_tag_core_slot_prob_nu_29_06_var_a
67752,2026-04-13 05:34:30,2,2,2,goldSack,goldSack,goldSack,gold,1,true,90000000,11134525438801,155278,5,5,50,11,0,0,0,0,0,66271,250000,76,0,26.5,bonus_bs15_gae1_no,107,700000,,,,,45,27,15,4,11,13,5,1,1,35,13,11,4,7,12,1,1,1,7,3,7,false,NORMAL,0,1,-1,V2,0,3_5_fbios_PABUnityIAPiOSDefensiveBase,segment_tag_core_slot_prob_nu_29_06_var_a
67753,2026-04-13 05:34:32,3,3,2,attack,attack,goldSack,gold,1,false,5000000,11134530438801,155228,5,5,50,11,2,0,0,0,0,66271,250000,76,0,26.5,bonus_bs15_gae1_no,107,700000,,LongExtraDayReduced,,"{""slot_on_"":""34538\/56000@m25""}",46,29,15,4,11,13,5,1,1,36,15,11,4,7,12,1,1,1,3,0,0,false,NORMAL,1,1,0,V2,0,3_5_fbios_PABUnityIAPiOSDefensiveBase,segment_tag_core_slot_prob_nu_29_06_var_a
67754,2026-04-13 05:34:35,3,3,3,attack,attack,attack,attack,2,true,0,11134530438801,155178,5,5,50,11,3,0,0,0,0,66271,250000,76,0,26.5,bonus_bs15_gae1_no,107,700000,,LongExtraDayReduced,LongExtraDayReduced,"{""slot_on_"":""34638\/56000@m25""}",47,32,15,4,11,13,6,1,1,37,18,11,4,7,12,2,1,1,0,0,0,false,SMALL,-2,-1,-1,V2,0,3_5_fbios_PABUnityIAPiOSDefensiveBase,segment_tag_core_slot_prob_nu_29_06_var_a
67755,2026-04-13 05:34:39,30,30,30,accumulation,accumulation,accumulation,gold,10,true,0,11134860438801,155128,5,5,50,11,0,0,0,0,3,66771,250000,76,500,26.7,bonus_bs15_gae1_no,107,700000,,,,,48,32,15,4,11,16,6,1,1,38,18,11,4,7,15,2,1,1,8,8,8,true,NORMAL,1,1,0,V2,0,3_5_fbios_PABUnityIAPiOSDefensiveBase,segment_tag_core_slot_prob_nu_29_06_var_a
67756,2026-04-13 05:34:41,1,1,6,coin,coin,spins,gold,1,false,2500000,11134862938801,155078,5,5,50,11,0,0,0,1,0,66771,250000,76,0,26.7,bonus_bs15_gae1_no,107,700000,,,,,1,0,0,0,1,0,0,0,0,39,18,11,4,8,15,2,1,1,6,1,5,false,NORMAL,3,2,1,V2,0,3_5_fbios_PABUnityIAPiOSDefensiveBase,segment_tag_core_slot_prob_nu_29_06_var_a
67757,2026-04-13 05:34:42,30,2,2,accumulation,goldSack,goldSack,gold,1,false,7500000,11134870438801,155028,5,5,50,11,0,0,0,0,1,66821,250000,76,50,26.7,bonus_bs15_gae1_no,107,700000,,,,,2,0,0,0,1,1,0,0,0,40,18,11,4,8,16,2,1,1,3,3,8,false,BIG,5,4,1,V2,0,3_5_fbios_PABUnityIAPiOSDefensiveBase,segment_tag_core_slot_prob_nu_29_06_var_a
67758,2026-04-13 05:34:46,1,6,6,coin,spins,spins,gold,1,false,25000,11134870463801,155027,5,5,1,11,0,0,0,2,0,66821,250000,76,0,26.7,bonus_bs15_gae1_no,107,700000,,,LongExtraDayReduced,"{""slot_on_"":""34639\/56000@m25""}",3,0,0,0,3,1,0,0,0,41,18,11,4,10,16,2,1,1,6,6,5,false,BIG,4,3,1,V2,0,3_5_fbios_PABUnityIAPiOSDefensiveBase,segment_tag_core_slot_prob_nu_29_06_var_a
67759,2026-04-13 05:34:47,2,2,2,goldSack,goldSack,goldSack,gold,1,true,1800000,11134872263801,155026,5,5,1,11,0,0,0,0,0,66821,250000,76,0,26.7,bonus_bs15_gae1_no,107,700000,,,LongExtraDayReduced,"{""slot_on_"":""34640\/56000@m25""}",4,0,0,0,3,1,0,0,0,42,18,11,4,10,16,2,1,1,7,7,7,false,BIG,4,3,1,V2,0,3_5_fbios_PABUnityIAPiOSDefensiveBase,segment_tag_core_slot_prob_nu_29_06_var_a
67760,2026-04-13 05:34:48,5,5,5,shield,shield,shield,shield,3,true,1,11134872263801,155026,5,5,1,11,0,0,3,0,0,66821,250000,76,0,26.7,bonus_bs15_gae1_no,107,700000,,,,,5,0,0,3,3,1,0,0,1,43,18,11,7,10,16,2,1,2,2,2,2,false,SMALL,-1,-1,0,V2,0,3_5_fbios_PABUnityIAPiOSDefensiveBase,segment_tag_core_slot_prob_nu_29_06_var_a
67761,2026-04-13 05:34:49,5,5,5,shield,shield,shield,shield,3,true,1,11134872263801,155028,5,5,1,11,0,0,3,0,0,66821,250000,76,0,26.7,bonus_bs15_gae1_no,107,700000,,,,,6,0,0,6,3,1,0,0,2,44,18,11,10,10,16,2,1,3,2,2,2,false,SMALL,-1,-1,0,V2,0,3_5_fbios_PABUnityIAPiOSDefensiveBase,segment_tag_core_slot_prob_nu_29_06_var_a
67762,2026-04-13 05:34:50,3,3,3,attack,attack,attack,attack,2,true,0,11134872263801,155027,5,5,1,11,3,0,0,0,0,66821,250000,76,0,26.7,bonus_bs15_gae1_no,107,700000,,,,,7,3,0,6,3,1,1,0,2,45,21,11,10,10,16,3,1,3,0,0,0,false,MIN,-3,-4,1,V2,0,3_5_fbios_PABUnityIAPiOSDefensiveBase,segment_tag_core_slot_prob_nu_29_06_var_a
67763,2026-04-13 05:34:55,30,30,1,accumulation,accumulation,coin,gold,1,false,25000,11134878888801,155026,5,5,1,11,0,0,0,0,2,66823,250000,76,2,26.7,bonus_bs15_gae1_no,107,700000,LongExtraDayReduced,LongExtraDayReduced,,"{""slot_on_"":""34642\/56000@m25""}",8,3,0,6,3,3,1,0,2,46,21,11,10,10,18,3,1,3,5,8,8,false,NORMAL,2,0,2,V2,0,3_5_fbios_PABUnityIAPiOSDefensiveBase,segment_tag_core_slot_prob_nu_29_06_var_a
67764,2026-04-13 05:34:56,30,30,1,accumulation,accumulation,coin,gold,1,false,25000,11134878913801,155025,5,5,1,11,0,0,0,0,2,66825,250000,76,2,26.7,bonus_bs15_gae1_no,107,700000,,,,,9,3,0,6,3,5,1,0,2,47,21,11,10,10,20,3,1,3,1,8,8,false,BIG,4,2,2,V2,0,3_5_fbios_PABUnityIAPiOSDefensiveBase,segment_tag_core_slot_prob_nu_29_06_var_a
67765,2026-04-13 05:34:58,30,30,1,accumulation,accumulation,coin,gold,1,false,25000,11134878938801,155024,5,5,1,11,0,0,0,0,2,66827,250000,76,2,26.7,bonus_bs15_gae1_no,107,700000,,,,,10,3,0,6,3,7,1,0,2,48,21,11,10,10,22,3,1,3,5,8,8,false,NORMAL,3,1,2,V2,0,3_5_fbios_PABUnityIAPiOSDefensiveBase,segment_tag_core_slot_prob_nu_29_06_var_a
67766,2026-04-13 05:34:59,1,1,1,coin,coin,coin,gold,1,true,250000,11134879188801,155023,5,5,1,11,0,0,0,0,0,66827,250000,76,0,26.7,bonus_bs15_gae1_no,107,700000,,,,,11,3,0,6,3,7,1,0,2,49,21,11,10,10,22,3,1,3,5,5,1,false,MIN,-9,-8,-1,V2,0,3_5_fbios_PABUnityIAPiOSDefensiveBase,segment_tag_core_slot_prob_nu_29_06_var_a
67767,2026-04-13 05:35:00,3,3,3,attack,attack,attack,attack,2,true,0,11134879188801,155022,5,5,1,11,3,0,0,0,0,66827,250000,76,0,26.7,bonus_bs15_gae1_no,107,700000,,,,,12,6,0,6,3,7,2,0,2,50,24,11,10,10,22,4,1,3,0,0,0,false,MIN,-3,-2,-1,V2,0,3_5_fbios_PABUnityIAPiOSDefensiveBase,segment_tag_core_slot_prob_nu_29_06_var_a
67768,2026-04-13 05:35:05,1,1,1,coin,coin,coin,gold,1,true,250000,11134886038801,155021,5,5,1,11,0,0,0,0,0,66827,250000,76,0,26.7,bonus_bs15_gae1_no,107,700000,,,,,13,6,0,6,3,7,2,0,2,51,24,11,10,10,22,4,1,3,1,5,5,false,SMALL,-1,-1,0,V2,0,3_5_fbios_PABUnityIAPiOSDefensiveBase,segment_tag_core_slot_prob_nu_29_06_var_a
67769,2026-04-13 05:35:05,1,4,4,coin,steal,steal,gold,1,false,25000,11134886063801,155020,5,5,1,11,0,2,0,0,0,66827,250000,76,0,26.7,bonus_bs15_gae1_no,107,700000,,,,,14,6,2,6,3,7,2,0,2,52,24,13,10,10,22,4,1,3,4,4,1,false,MIN,-6,-4,-2,V2,0,3_5_fbios_PABUnityIAPiOSDefensiveBase,segment_tag_core_slot_prob_nu_29_06_var_a
67770,2026-04-13 05:35:06,2,2,2,goldSack,goldSack,goldSack,gold,1,true,1800000,11134887863801,155019,5,5,1,11,0,0,0,0,0,66827,250000,76,0,26.7,bonus_bs15_gae1_no,107,700000,,,,,15,6,2,6,3,7,2,0,2,53,24,13,10,10,22,4,1,3,3,3,7,false,SMALL,-2,0,-2,V2,0,3_5_fbios_PABUnityIAPiOSDefensiveBase,segment_tag_core_slot_prob_nu_29_06_var_a
67771,2026-04-13 05:35:07,1,6,6,coin,spins,spins,gold,1,false,25000,11134887888801,155018,5,5,1,11,0,0,0,2,0,66827,250000,76,0,26.7,bonus_bs15_gae1_no,107,700000,,,LongExtraDayReduced,"{""slot_on_"":""34643\/56000@m25""}",16,6,2,6,5,7,2,0,2,54,24,13,10,12,22,4,1,3,6,6,1,false,MIN,-6,-3,-3,V2,0,3_5_fbios_PABUnityIAPiOSDefensiveBase,segment_tag_core_slot_prob_nu_29_06_var_a
67772,2026-04-13 05:35:07,1,5,5,coin,shield,shield,gold,1,false,25000,11134887913801,155017,5,5,1,11,0,0,2,0,0,66827,250000,76,0,26.7,bonus_bs15_gae1_no,107,700000,,,,,17,6,2,8,5,7,2,0,2,55,24,13,12,12,22,4,1,3,2,2,5,false,MIN,-3,0,-3,V2,0,3_5_fbios_PABUnityIAPiOSDefensiveBase,segment_tag_core_slot_prob_nu_29_06_var_a
67773,2026-04-13 05:35:08,30,2,2,accumulation,goldSack,goldSack,gold,1,false,150000,11134888063801,155016,5,5,1,11,0,0,0,0,1,66828,250000,76,1,26.7,bonus_bs15_gae1_no,107,700000,LongExtraDayReduced,,,"{""slot_on_"":""34644\/56000@m25""}",18,6,2,8,5,8,2,0,2,56,24,13,12,12,23,4,1,3,3,7,8,false,BIG,4,5,-1,V2,0,3_5_fbios_PABUnityIAPiOSDefensiveBase,segment_tag_core_slot_prob_nu_29_06_var_a
67774,2026-04-13 05:35:09,1,1,6,coin,coin,spins,gold,1,false,50000,11134888113801,155015,5,5,1,11,0,0,0,1,0,66828,250000,76,0,26.7,bonus_bs15_gae1_no,107,700000,,,,,19,6,2,8,6,8,2,0,2,57,24,13,12,13,23,4,1,3,6,1,5,false,NORMAL,2,3,-1,V2,0,3_5_fbios_PABUnityIAPiOSDefensiveBase,segment_tag_core_slot_prob_nu_29_06_var_a
67775,2026-04-13 05:35:10,4,4,4,steal,steal,steal,steal,4,true,0,11134888113801,155014,5,5,1,11,0,3,0,0,0,66828,250000,76,0,26.7,bonus_bs15_gae1_no,107,700000,LongExtraDayReduced,LongExtraDayReduced,,"{""slot_on_"":""34646\/56000@m25""}",20,6,5,8,6,8,2,1,2,58,24,16,12,13,23,4,2,3,4,4,4,false,MIN,-6,-5,-1,V2,0,3_5_fbios_PABUnityIAPiOSDefensiveBase,segment_tag_core_slot_prob_nu_29_06_var_a
67776,2026-04-13 05:35:16,30,2,2,accumulation,goldSack,goldSack,gold,1,false,150000,11134921063801,155013,5,5,1,11,0,0,0,0,1,66829,250000,76,1,26.7,bonus_bs15_gae1_no,107,700000,,,,,21,6,5,8,6,9,2,1,2,59,24,16,12,13,24,4,2,3,3,7,8,false,MAX,8,7,1,V2,0,3_5_fbios_PABUnityIAPiOSDefensiveBase,segment_tag_core_slot_prob_nu_29_06_var_a
67777,2026-04-13 05:35:17,30,2,2,accumulation,goldSack,goldSack,gold,1,false,150000,11134921213801,155012,5,5,1,11,0,0,0,0,1,66830,250000,76,1,26.7,bonus_bs15_gae1_no,107,700000,,,,,22,6,5,8,6,10,2,1,2,60,24,16,12,13,25,4,2,3,7,3,8,false,MAX,11,9,2,V2,0,3_5_fbios_PABUnityIAPiOSDefensiveBase,segment_tag_core_slot_prob_nu_29_06_var_a
67778,2026-04-13 05:35:33,4,6,2,steal,spins,goldSack,gold,1,false,40000000,11134961213801,154612,5,5,400,11,0,1,0,1,0,66830,250000,76,0,26.7,bonus_bs15_gae1_no,107,700000,,,,,23,6,6,8,7,10,2,1,2,61,24,17,12,14,25,4,2,3,3,6,4,false,BIG,5,1,4,V2,0,3_5_fbios_PABUnityIAPiOSDefensiveBase,segment_tag_core_slot_prob_nu_29_06_var_a
67779,2026-04-13 05:35:37,1,1,4,coin,coin,steal,gold,1,false,20000000,11134981213801,154212,5,5,400,11,0,1,0,0,0,66830,250000,76,0,26.7,bonus_bs15_gae1_no,107,700000,,,,,24,6,7,8,7,10,2,1,2,62,24,18,12,14,25,4,2,3,4,5,5,false,BIG,4,0,4,V2,0,3_5_fbios_PABUnityIAPiOSDefensiveBase,segment_tag_core_slot_prob_nu_29_06_var_a
67780,2026-04-13 05:35:39,3,3,2,attack,attack,goldSack,gold,1,false,40000000,11135021213801,153812,5,5,400,11,2,0,0,0,0,66830,250000,76,0,26.7,bonus_bs15_gae1_no,107,700000,,,,,25,8,7,8,7,10,2,1,2,63,26,18,12,14,25,4,2,3,3,0,0,false,BIG,4,1,3,V2,0,3_5_fbios_PABUnityIAPiOSDefensiveBase,segment_tag_core_slot_prob_nu_29_06_var_a
67781,2026-04-13 05:35:41,3,1,4,attack,coin,steal,gold,1,false,10000000,11135031213801,153412,5,5,400,11,1,1,0,0,0,66830,250000,76,0,26.7,bonus_bs15_gae1_no,107,700000,,,,,26,9,8,8,7,10,2,1,2,64,27,19,12,14,25,4,2,3,4,5,0,false,NORMAL,2,-1,3,V2,0,3_5_fbios_PABUnityIAPiOSDefensiveBase,segment_tag_core_slot_prob_nu_29_06_var_a
67782,2026-04-13 05:35:48,4,6,2,steal,spins,goldSack,gold,1,false,1500000,11135032713801,153397,5,5,15,11,0,1,0,1,0,66830,250000,76,0,26.7,bonus_bs15_gae1_no,107,700000,,LongExtraDayReduced,,"{""slot_on_"":""34661\/56000@m25""}",27,9,9,8,8,10,2,1,2,65,27,20,12,15,25,4,2,3,3,6,4,false,BIG,5,1,4,V2,0,3_5_fbios_PABUnityIAPiOSDefensiveBase,segment_tag_core_slot_prob_nu_29_06_var_a
67783,2026-04-13 05:35:48,1,1,1,coin,coin,coin,gold,1,true,3750000,11135036463801,153382,5,5,15,11,0,0,0,0,0,66830,250000,76,0,26.7,bonus_bs15_gae1_no,107,700000,LongExtraDayReduced,,,"{""slot_on_"":""34676\/56000@m25""}",28,9,9,8,8,10,2,1,2,66,27,20,12,15,25,4,2,3,1,1,1,false,MIN,-3,-3,0,V2,0,3_5_fbios_PABUnityIAPiOSDefensiveBase,segment_tag_core_slot_prob_nu_29_06_var_a
67784,2026-04-13 05:35:49,30,30,30,accumulation,accumulation,accumulation,gold,10,true,0,11135036463801,153367,5,5,15,11,0,0,0,0,3,66980,250000,76,150,26.8,bonus_bs15_gae1_no,107,700000,LongExtraDayReduced,,,"{""slot_on_"":""34691\/56000@m25""}",29,9,9,8,8,13,2,1,2,67,27,20,12,15,28,4,2,3,8,8,8,true,NORMAL,1,1,0,V2,0,3_5_fbios_PABUnityIAPiOSDefensiveBase,segment_tag_core_slot_prob_nu_29_06_var_a
67785,2026-04-13 05:35:54,4,6,2,steal,spins,goldSack,gold,1,false,100000,11135036563801,153366,5,5,1,11,0,1,0,1,0,66980,250000,76,0,26.8,bonus_bs15_gae1_no,107,700000,,,,,1,0,1,0,1,0,0,0,0,68,27,21,12,16,28,4,2,3,3,6,4,false,NORMAL,3,0,3,V2,0,3_5_fbios_PABUnityIAPiOSDefensiveBase,segment_tag_core_slot_prob_nu_29_06_var_a
67786,2026-04-13 05:35:55,30,30,3,accumulation,accumulation,attack,gold,6,false,0,11135036563801,153365,5,5,1,11,1,0,0,0,2,66982,250000,76,2,26.8,bonus_bs15_gae1_no,107,700000,,,,,2,1,1,0,1,2,0,0,0,69,28,21,12,16,30,4,2,3,0,8,8,false,BIG,4,1,3,V2,0,3_5_fbios_PABUnityIAPiOSDefensiveBase,segment_tag_core_slot_prob_nu_29_06_var_a
67787,2026-04-13 05:35:56,3,1,5,attack,coin,shield,gold,1,false,25000,11135036588801,153364,5,5,1,11,1,0,1,0,0,66982,250000,76,0,26.8,bonus_bs15_gae1_no,107,700000,,,,,3,2,1,1,1,2,0,0,0,70,29,21,13,16,30,4,2,3,2,1,0,false,NORMAL,2,0,2,V2,0,3_5_fbios_PABUnityIAPiOSDefensiveBase,segment_tag_core_slot_prob_nu_29_06_var_a
67788,2026-04-13 05:35:57,1,1,4,coin,coin,steal,gold,1,false,50000,11135036638801,153363,5,5,1,11,0,1,0,0,0,66982,250000,76,0,26.8,bonus_bs15_gae1_no,107,700000,,,LongExtraDayReduced,"{""slot_on_"":""34692\/56000@m25""}",4,2,2,1,1,2,0,0,0,71,29,22,13,16,30,4,2,3,4,1,5,false,NORMAL,2,0,2,V2,0,3_5_fbios_PABUnityIAPiOSDefensiveBase,segment_tag_core_slot_prob_nu_29_06_var_a
67789,2026-04-13 05:35:57,30,2,2,accumulation,goldSack,goldSack,gold,1,false,150000,11135036788801,153362,5,5,1,11,0,0,0,0,1,66983,250000,76,1,26.8,bonus_bs15_gae1_no,107,700000,,,,,5,2,2,1,1,3,0,0,0,72,29,22,13,16,31,4,2,3,7,3,8,false,MAX,10,7,3,V2,0,3_5_fbios_PABUnityIAPiOSDefensiveBase,segment_tag_core_slot_prob_nu_29_06_var_a
67790,2026-04-13 05:35:59,3,6,2,attack,spins,goldSack,gold,1,false,100000,11135036888801,153361,5,5,1,11,1,0,0,1,0,66983,250000,76,0,26.8,bonus_bs15_gae1_no,107,700000,,,,,6,3,2,1,2,3,0,0,0,73,30,22,13,17,31,4,2,3,3,6,0,false,BIG,4,2,2,V2,0,3_5_fbios_PABUnityIAPiOSDefensiveBase,segment_tag_core_slot_prob_nu_29_06_var_a
67791,2026-04-13 05:35:59,3,1,5,attack,coin,shield,gold,1,false,25000,11135036913801,153360,5,5,1,11,1,0,1,0,0,66983,250000,76,0,26.8,bonus_bs15_gae1_no,107,700000,LongExtraDayReduced,,,"{""slot_on_"":""34693\/56000@m25""}",7,4,2,2,2,3,0,0,0,74,31,22,14,17,31,4,2,3,2,5,0,false,NORMAL,0,-1,1,V2,0,3_5_fbios_PABUnityIAPiOSDefensiveBase,segment_tag_core_slot_prob_nu_29_06_var_a
67792,2026-04-13 05:36:00,30,2,2,accumulation,goldSack,goldSack,gold,1,false,150000,11135037063801,153359,5,5,1,11,0,0,0,0,1,66984,250000,76,1,26.8,bonus_bs15_gae1_no,107,700000,,,,,8,4,2,2,2,4,0,0,0,75,31,22,14,17,32,4,2,3,3,3,8,false,BIG,5,3,2,V2,0,3_5_fbios_PABUnityIAPiOSDefensiveBase,segment_tag_core_slot_prob_nu_29_06_var_a
67793,2026-04-13 05:36:02,30,2,2,accumulation,goldSack,goldSack,gold,1,false,150000,11135037213801,153358,5,5,1,11,0,0,0,0,1,66985,250000,76,1,26.8,bonus_bs15_gae1_no,107,700000,,,,,9,4,2,2,2,5,0,0,0,76,31,22,14,17,33,4,2,3,3,3,8,false,BIG,7,6,1,V2,0,3_5_fbios_PABUnityIAPiOSDefensiveBase,segment_tag_core_slot_prob_nu_29_06_var_a
67794,2026-04-13 05:36:03,4,6,2,steal,spins,goldSack,gold,1,false,100000,11135037313801,153357,5,5,1,11,0,1,0,1,0,66985,250000,76,0,26.8,bonus_bs15_gae1_no,107,700000,,,,,10,4,3,2,3,5,0,0,0,77,31,23,14,18,33,4,2,3,3,6,4,false,BIG,5,2,3,V2,0,3_5_fbios_PABUnityIAPiOSDefensiveBase,segment_tag_core_slot_prob_nu_29_06_var_a
67795,2026-04-13 05:36:03,4,6,2,steal,spins,goldSack,gold,1,false,100000,11135037413801,153356,5,5,1,11,0,1,0,1,0,66985,250000,76,0,26.8,bonus_bs15_gae1_no,107,700000,,,LongExtraDayReduced,"{""slot_on_"":""34694\/56000@m25""}",11,4,4,2,4,5,0,0,0,78,31,24,14,19,33,4,2,3,3,6,4,false,MAX,9,4,5,V2,0,3_5_fbios_PABUnityIAPiOSDefensiveBase,segment_tag_core_slot_prob_nu_29_06_var_a
67796,2026-04-13 05:36:04,3,3,3,attack,attack,attack,attack,2,true,0,11135037413801,153355,5,5,1,11,3,0,0,0,0,66985,250000,76,0,26.8,bonus_bs15_gae1_no,107,700000,,,,,12,7,4,2,4,5,1,0,0,79,34,24,14,19,33,5,2,3,0,0,0,false,BIG,4,-1,5,V2,0,3_5_fbios_PABUnityIAPiOSDefensiveBase,segment_tag_core_slot_prob_nu_29_06_var_a
67797,2026-04-13 05:36:08,30,2,2,accumulation,goldSack,goldSack,gold,1,false,150000,11135044163801,153354,5,5,1,11,0,0,0,0,1,66986,250000,76,1,26.8,bonus_bs15_gae1_no,107,700000,,,,,13,7,4,2,4,6,1,0,0,80,34,24,14,19,34,5,2,3,7,7,8,false,MAX,13,8,5,V2,0,3_5_fbios_PABUnityIAPiOSDefensiveBase,segment_tag_core_slot_prob_nu_29_06_var_a
67798,2026-04-13 05:36:09,3,3,3,attack,attack,attack,attack,2,true,0,11135044163801,153353,5,5,1,11,3,0,0,0,0,66986,250000,76,0,26.8,bonus_bs15_gae1_no,107,700000,,,,,14,10,4,2,4,6,2,0,0,81,37,24,14,19,34,6,2,3,0,0,0,false,NORMAL,3,-2,5,V2,0,3_5_fbios_PABUnityIAPiOSDefensiveBase,segment_tag_core_slot_prob_nu_29_06_var_a
67799,2026-04-13 05:36:12,30,30,1,accumulation,accumulation,coin,gold,1,false,25000,11135050788801,153352,5,5,1,11,0,0,0,0,2,66988,250000,76,2,26.8,bonus_bs15_gae1_no,107,700000,,,,,15,10,4,2,4,8,2,0,0,82,37,24,14,19,36,6,2,3,1,8,8,false,BIG,5,1,4,V2,0,3_5_fbios_PABUnityIAPiOSDefensiveBase,segment_tag_core_slot_prob_nu_29_06_var_a
67800,2026-04-13 05:36:14,3,6,2,attack,spins,goldSack,gold,1,false,100000,11135050888801,153351,5,5,1,11,1,0,0,1,0,66988,250000,76,0,26.8,bonus_bs15_gae1_no,107,700000,,,,,16,11,4,2,5,8,2,0,0,83,38,24,14,20,36,6,2,3,7,6,0,false,NORMAL,1,-2,3,V2,0,3_5_fbios_PABUnityIAPiOSDefensiveBase,segment_tag_core_slot_prob_nu_29_06_var_a
67801,2026-04-13 05:36:15,1,6,6,coin,spins,spins,gold,1,false,25000,11135050913801,153350,5,5,1,11,0,0,0,2,0,66988,250000,76,0,26.8,bonus_bs15_gae1_no,107,700000,,,,,17,11,4,2,7,8,2,0,0,84,38,24,14,22,36,6,2,3,6,6,5,false,BIG,4,2,2,V2,0,3_5_fbios_PABUnityIAPiOSDefensiveBase,segment_tag_core_slot_prob_nu_29_06_var_a
67802,2026-04-13 05:36:15,30,2,2,accumulation,goldSack,goldSack,gold,1,false,150000,11135051063801,153349,5,5,1,11,0,0,0,0,1,66989,250000,76,1,26.8,bonus_bs15_gae1_no,107,700000,,,,,18,11,4,2,7,9,2,0,0,85,38,24,14,22,37,6,2,3,3,3,8,false,BIG,6,4,2,V2,0,3_5_fbios_PABUnityIAPiOSDefensiveBase,segment_tag_core_slot_prob_nu_29_06_var_a
67803,2026-04-13 05:36:16,1,1,1,coin,coin,coin,gold,1,true,250000,11135051313801,153348,5,5,1,11,0,0,0,0,0,66989,250000,76,0,26.8,bonus_bs15_gae1_no,107,700000,,,,,19,11,4,2,7,9,2,0,0,86,38,24,14,22,37,6,2,3,1,1,1,false,MIN,-6,-4,-2,V2,0,3_5_fbios_PABUnityIAPiOSDefensiveBase,segment_tag_core_slot_prob_nu_29_06_var_a
67804,2026-04-13 05:36:17,30,2,2,accumulation,goldSack,goldSack,gold,1,false,150000,11135051463801,153347,5,5,1,11,0,0,0,0,1,66990,250000,76,1,26.8,bonus_bs15_gae1_no,107,700000,,,,,20,11,4,2,7,10,2,0,0,87,38,24,14,22,38,6,2,3,3,3,8,false,NORMAL,2,4,-2,V2,0,3_5_fbios_PABUnityIAPiOSDefensiveBase,segment_tag_core_slot_prob_nu_29_06_var_a
67805,2026-04-13 05:36:18,2,2,2,goldSack,goldSack,goldSack,gold,1,true,1800000,11135053263801,153346,5,5,1,11,0,0,0,0,0,66990,250000,76,0,26.8,bonus_bs15_gae1_no,107,700000,,,,,21,11,4,2,7,10,2,0,0,88,38,24,14,22,38,6,2,3,7,7,3,false,BIG,5,6,-1,V2,0,3_5_fbios_PABUnityIAPiOSDefensiveBase,segment_tag_core_slot_prob_nu_29_06_var_a
67806,2026-04-13 05:36:20,1,4,4,coin,steal,steal,gold,1,false,25000,11135053288801,153345,5,5,1,11,0,2,0,0,0,66990,250000,76,0,26.8,bonus_bs15_gae1_no,107,700000,,,,,22,11,6,2,7,10,2,0,0,89,38,26,14,22,38,6,2,3,4,4,1,false,MIN,-7,-4,-3,V2,0,3_5_fbios_PABUnityIAPiOSDefensiveBase,segment_tag_core_slot_prob_nu_29_06_var_a
67807,2026-04-13 05:36:21,3,3,3,attack,attack,attack,attack,2,true,0,11135053288801,153344,5,5,1,11,3,0,0,0,0,66990,250000,76,0,26.8,bonus_bs15_gae1_no,107,700000,,,,,23,14,6,2,7,10,3,0,0,90,41,26,14,22,38,7,2,3,0,0,0,false,MIN,-5,-2,-3,V2,0,3_5_fbios_PABUnityIAPiOSDefensiveBase,segment_tag_core_slot_prob_nu_29_06_var_a
67808,2026-04-13 05:36:25,2,2,2,goldSack,goldSack,goldSack,gold,1,true,1800000,11135061688801,153343,5,5,1,11,0,0,0,0,0,66990,250000,76,0,26.8,bonus_bs15_gae1_no,107,700000,LongExtraDayReduced,,LongExtraDayReduced,"{""slot_on_"":""34696\/56000@m25""}",24,14,6,2,7,10,3,0,0,91,41,26,14,22,38,7,2,3,3,7,3,false,BIG,4,5,-1,V2,0,3_5_fbios_PABUnityIAPiOSDefensiveBase,segment_tag_core_slot_prob_nu_29_06_var_a
67809,2026-04-13 05:36:25,3,1,5,attack,coin,shield,gold,1,false,25000,11135061713801,153342,5,5,1,11,1,0,1,0,0,66990,250000,76,0,26.8,bonus_bs15_gae1_no,107,700000,,,,,25,15,6,3,7,10,3,0,0,92,42,26,15,22,38,7,2,3,2,5,0,false,MIN,-3,-2,-1,V2,0,3_5_fbios_PABUnityIAPiOSDefensiveBase,segment_tag_core_slot_prob_nu_29_06_var_a
67810,2026-04-13 05:36:26,5,5,5,shield,shield,shield,shield,3,true,1,11135061713801,153342,5,5,1,11,0,0,3,0,0,66990,250000,76,0,26.8,bonus_bs15_gae1_no,107,700000,,,,,26,15,6,6,7,10,3,0,1,93,42,26,18,22,38,7,2,4,2,2,2,false,SMALL,-2,-1,-1,V2,0,3_5_fbios_PABUnityIAPiOSDefensiveBase,segment_tag_core_slot_prob_nu_29_06_var_a
67811,2026-04-13 05:36:27,1,5,5,coin,shield,shield,gold,1,false,25000,11135061738801,153341,5,5,1,11,0,0,2,0,0,66990,250000,76,0,26.8,bonus_bs15_gae1_no,107,700000,,,,,27,15,6,8,7,10,3,0,1,94,42,26,20,22,38,7,2,4,2,2,5,false,SMALL,-2,-1,-1,V2,0,3_5_fbios_PABUnityIAPiOSDefensiveBase,segment_tag_core_slot_prob_nu_29_06_var_a
67812,2026-04-13 05:36:28,3,1,5,attack,coin,shield,gold,1,false,25000,11135061763801,153340,5,5,1,11,1,0,1,0,0,66990,250000,76,0,26.8,bonus_bs15_gae1_no,107,700000,,LongExtraDayReduced,,"{""slot_on_"":""34697\/56000@m25""}",28,16,6,9,7,10,3,0,1,95,43,26,21,22,38,7,2,4,2,5,0,false,SMALL,-2,-2,0,V2,0,3_5_fbios_PABUnityIAPiOSDefensiveBase,segment_tag_core_slot_prob_nu_29_06_var_a
67813,2026-04-13 05:36:28,30,2,2,accumulation,goldSack,goldSack,gold,1,false,150000,11135061913801,153339,5,5,1,11,0,0,0,0,1,66991,250000,76,1,26.8,bonus_bs15_gae1_no,107,700000,,,,,29,16,6,9,7,11,3,0,1,96,43,26,21,22,39,7,2,4,3,3,8,false,BIG,4,3,1,V2,0,3_5_fbios_PABUnityIAPiOSDefensiveBase,segment_tag_core_slot_prob_nu_29_06_var_a
67814,2026-04-13 05:36:30,5,5,5,shield,shield,shield,shield,3,true,1,11135061913801,153339,5,5,1,11,0,0,3,0,0,66991,250000,76,0,26.8,bonus_bs15_gae1_no,107,700000,LongExtraDayReduced,LongExtraDayReduced,,"{""slot_on_"":""34699\/56000@m25""}",30,16,6,12,7,11,3,0,2,97,43,26,24,22,39,7,2,5,2,2,2,false,NORMAL,0,-1,1,V2,0,3_5_fbios_PABUnityIAPiOSDefensiveBase,segment_tag_core_slot_prob_nu_29_06_var_a
67815,2026-04-13 05:36:31,3,3,2,attack,attack,goldSack,gold,1,false,100000,11135062013801,153338,5,5,1,11,2,0,0,0,0,66991,250000,76,0,26.8,bonus_bs15_gae1_no,107,700000,,,,,31,18,6,12,7,11,3,0,2,98,45,26,24,22,39,7,2,5,3,0,0,false,NORMAL,0,-1,1,V2,0,3_5_fbios_PABUnityIAPiOSDefensiveBase,segment_tag_core_slot_prob_nu_29_06_var_a
67816,2026-04-13 05:36:31,4,4,4,steal,steal,steal,steal,4,true,0,11135062013801,153337,5,5,1,11,0,3,0,0,0,66991,250000,76,0,26.8,bonus_bs15_gae1_no,107,700000,,,,,32,18,9,12,7,11,3,1,2,99,45,29,24,22,39,7,3,5,4,4,4,false,MIN,-4,-5,1,V2,0,3_5_fbios_PABUnityIAPiOSDefensiveBase,segment_tag_core_slot_prob_nu_29_06_var_a
67817,2026-04-13 05:36:37,4,4,4,steal,steal,steal,steal,4,true,0,11135206313801,153336,5,5,1,11,0,3,0,0,0,66991,250000,76,0,26.8,bonus_bs15_gae1_no,107,700000,,,,,33,18,12,12,7,11,3,2,2,100,45,32,24,22,39,7,4,5,4,4,4,false,NORMAL,2,-2,4,V2,0,3_5_fbios_PABUnityIAPiOSDefensiveBase,segment_tag_core_slot_prob_nu_29_06_var_a
67818,2026-04-13 05:36:42,2,2,2,goldSack,goldSack,goldSack,gold,1,true,1800000,11135421863801,153335,5,5,1,11,0,0,0,0,0,66991,250000,76,0,26.8,bonus_bs15_gae1_no,107,700000,,,,,34,18,12,12,7,11,3,2,2,101,45,32,24,22,39,7,4,5,7,3,7,false,BIG,5,2,3,V2,0,3_5_fbios_PABUnityIAPiOSDefensiveBase,segment_tag_core_slot_prob_nu_29_06_var_a
67819,2026-04-13 05:36:43,30,30,1,accumulation,accumulation,coin,gold,1,false,25000,11135421888801,153334,5,5,1,11,0,0,0,0,2,66993,250000,76,2,26.8,bonus_bs15_gae1_no,107,700000,,,,,35,18,12,12,7,13,3,2,2,102,45,32,24,22,41,7,4,5,5,8,8,false,NORMAL,3,0,3,V2,0,3_5_fbios_PABUnityIAPiOSDefensiveBase,segment_tag_core_slot_prob_nu_29_06_var_a
67820,2026-04-13 05:36:44,3,6,2,attack,spins,goldSack,gold,1,false,100000,11135421988801,153333,5,5,1,11,1,0,0,1,0,66993,250000,76,0,26.8,bonus_bs15_gae1_no,107,700000,,LongExtraDayReduced,,"{""slot_on_"":""34700\/56000@m25""}",36,19,12,12,8,13,3,2,2,103,46,32,24,23,41,7,4,5,3,6,0,false,BIG,6,2,4,V2,0,3_5_fbios_PABUnityIAPiOSDefensiveBase,segment_tag_core_slot_prob_nu_29_06_var_a
67821,2026-04-13 05:36:45,3,3,3,attack,attack,attack,attack,2,true,0,11135421988801,153332,5,5,1,11,3,0,0,0,0,66993,250000,76,0,26.8,bonus_bs15_gae1_no,107,700000,,,,,37,22,12,12,8,13,4,2,2,104,49,32,24,23,41,8,4,5,0,0,0,false,NORMAL,1,-1,2,V2,0,3_5_fbios_PABUnityIAPiOSDefensiveBase,segment_tag_core_slot_prob_nu_29_06_var_a
67822,2026-04-13 05:36:50,4,6,2,steal,spins,goldSack,gold,1,false,100000,11135444088801,153331,5,5,1,11,0,1,0,1,0,66993,250000,76,0,26.8,bonus_bs15_gae1_no,107,700000,LongExtraDayReduced,,,"{""slot_on_"":""34701\/56000@m25""}",38,22,13,12,9,13,4,2,2,105,49,33,24,24,41,8,4,5,3,6,4,false,NORMAL,3,1,2,V2,0,3_5_fbios_PABUnityIAPiOSDefensiveBase,segment_tag_core_slot_prob_nu_29_06_var_a
67823,2026-04-13 05:36:51,3,6,2,attack,spins,goldSack,gold,1,false,100000,11135444188801,153330,5,5,1,11,1,0,0,1,0,66993,250000,76,0,26.8,bonus_bs15_gae1_no,107,700000,,LongExtraDayReduced,,"{""slot_on_"":""34702\/56000@m25""}",39,23,13,12,10,13,4,2,2,106,50,33,24,25,41,8,4,5,3,6,0,false,BIG,7,4,3,V2,0,3_5_fbios_PABUnityIAPiOSDefensiveBase,segment_tag_core_slot_prob_nu_29_06_var_a
67824,2026-04-13 05:36:57,3,3,2,attack,attack,goldSack,gold,1,false,100000,11135444288801,153329,5,5,1,11,2,0,0,0,0,66993,250000,76,0,26.8,bonus_bs15_gae1_no,107,700000,,,LongExtraDayReduced,"{""slot_on_"":""34703\/56000@m25""}",40,25,13,12,10,13,4,2,2,107,52,33,24,25,41,8,4,5,7,0,0,false,NORMAL,2,-1,3,V2,0,3_5_fbios_PABUnityIAPiOSDefensiveBase,segment_tag_core_slot_prob_nu_29_06_var_a
67825,2026-04-13 05:36:58,30,2,2,accumulation,goldSack,goldSack,gold,1,false,150000,11135444438801,153328,5,5,1,11,0,0,0,0,1,66994,250000,76,1,26.8,bonus_bs15_gae1_no,107,700000,,,,,41,25,13,12,10,14,4,2,2,108,52,33,24,25,42,8,4,5,3,7,8,false,MAX,10,6,4,V2,0,3_5_fbios_PABUnityIAPiOSDefensiveBase,segment_tag_core_slot_prob_nu_29_06_var_a
67826,2026-04-13 05:36:59,30,2,2,accumulation,goldSack,goldSack,gold,1,false,150000,11135444588801,153327,5,5,1,11,0,0,0,0,1,66995,250000,76,1,26.8,bonus_bs15_gae1_no,107,700000,LongExtraDayReduced,,,"{""slot_on_"":""34704\/56000@m25""}",42,25,13,12,10,15,4,2,2,109,52,33,24,25,43,8,4,5,3,7,8,false,MAX,13,9,4,V2,0,3_5_fbios_PABUnityIAPiOSDefensiveBase,segment_tag_core_slot_prob_nu_29_06_var_a
67827,2026-04-13 05:37:03,2,2,2,goldSack,goldSack,goldSack,gold,1,true,720000000,11136164588801,152927,5,5,400,11,0,0,0,0,0,66995,250000,76,0,26.8,bonus_bs15_gae1_no,107,700000,LongExtraDayReduced,,,"{""slot_on_"":""35104\/56000@m25""}",43,25,13,12,10,15,4,2,2,110,52,33,24,25,43,8,4,5,7,7,7,false,BIG,5,3,2,V2,0,3_5_fbios_PABUnityIAPiOSDefensiveBase,segment_tag_core_slot_prob_nu_29_06_var_a
67828,2026-04-13 05:37:04,4,4,4,steal,steal,steal,steal,4,true,0,11136164588801,152527,5,5,400,11,0,3,0,0,0,66995,250000,76,0,26.8,bonus_bs15_gae1_no,107,700000,,,,,44,25,16,12,10,15,4,3,2,111,52,36,24,25,43,8,5,5,4,4,4,false,MIN,-4,-5,1,V2,0,3_5_fbios_PABUnityIAPiOSDefensiveBase,segment_tag_core_slot_prob_nu_29_06_var_a
67829,2026-04-13 05:37:13,30,2,2,accumulation,goldSack,goldSack,gold,1,false,7500000,11154936088801,152477,5,5,50,11,0,0,0,0,1,67045,250000,76,50,26.8,bonus_bs15_gae1_no,107,700000,,,,,45,25,16,12,10,16,4,3,2,112,52,36,24,25,44,8,5,5,7,7,8,false,MAX,12,9,3,V2,0,3_5_fbios_PABUnityIAPiOSDefensiveBase,segment_tag_core_slot_prob_nu_29_06_var_a
67830,2026-04-13 05:37:17,5,5,5,shield,shield,shield,shield,3,true,400,11154936088801,152477,5,5,400,11,0,0,3,0,0,67045,250000,76,0,26.8,bonus_bs15_gae1_no,107,700000,,,,,46,25,16,15,10,16,4,3,3,113,52,36,27,25,44,8,5,6,2,2,2,false,NORMAL,1,-1,2,V2,0,3_5_fbios_PABUnityIAPiOSDefensiveBase,segment_tag_core_slot_prob_nu_29_06_var_a
67831,2026-04-13 05:37:20,3,4,2,attack,steal,goldSack,gold,1,false,5000000,11154941088801,152427,5,5,50,11,1,1,0,0,0,67045,250000,76,0,26.8,bonus_bs15_gae1_no,107,700000,,,,,47,26,17,15,10,16,4,3,3,114,53,37,27,25,44,8,5,6,3,4,0,false,BIG,4,1,3,V2,0,3_5_fbios_PABUnityIAPiOSDefensiveBase,segment_tag_core_slot_prob_nu_29_06_var_a
67832,2026-04-13 05:37:21,30,2,2,accumulation,goldSack,goldSack,gold,1,false,7500000,11154948588801,152377,5,5,50,11,0,0,0,0,1,67095,250000,76,50,26.8,bonus_bs15_gae1_no,107,700000,,LongExtraDayReduced,,"{""slot_on_"":""35154\/56000@m25""}",48,26,17,15,10,17,4,3,3,115,53,37,27,25,45,8,5,6,7,7,8,false,MAX,11,8,3,V2,0,3_5_fbios_PABUnityIAPiOSDefensiveBase,segment_tag_core_slot_prob_nu_29_06_var_a
67833,2026-04-13 05:37:24,2,2,2,goldSack,goldSack,goldSack,gold,1,true,720000000,11155668588801,151977,5,5,400,11,0,0,0,0,0,67095,250000,76,0,26.8,bonus_bs15_gae1_no,107,700000,,,,,49,26,17,15,10,17,4,3,3,116,53,37,27,25,45,8,5,6,3,3,7,false,NORMAL,1,0,1,V2,0,3_5_fbios_PABUnityIAPiOSDefensiveBase,segment_tag_core_slot_prob_nu_29_06_var_a
67834,2026-04-13 05:37:31,3,6,2,attack,spins,goldSack,gold,1,false,5000000,11155673588801,151927,5,5,50,11,1,0,0,1,0,67095,250000,76,0,26.8,bonus_bs15_gae1_no,107,700000,,,LongExtraDayReduced,"{""slot_on_"":""35204\/56000@m25""}",50,27,17,15,11,17,4,3,3,117,54,37,27,26,45,8,5,6,3,6,0,false,BIG,4,3,1,V2,0,3_5_fbios_PABUnityIAPiOSDefensiveBase,segment_tag_core_slot_prob_nu_29_06_var_a
67835,2026-04-13 05:37:32,2,2,2,goldSack,goldSack,goldSack,gold,1,true,90000000,11155763588801,151877,5,5,50,11,0,0,0,0,0,67095,250000,76,0,26.8,bonus_bs15_gae1_no,107,700000,,,,,51,27,17,15,11,17,4,3,3,118,54,37,27,26,45,8,5,6,7,3,7,false,NORMAL,2,1,1,V2,0,3_5_fbios_PABUnityIAPiOSDefensiveBase,segment_tag_core_slot_prob_nu_29_06_var_a
67836,2026-04-13 05:37:34,30,2,2,accumulation,goldSack,goldSack,gold,1,false,7500000,11155771088801,151827,5,5,50,11,0,0,0,0,1,67145,250000,76,50,26.9,bonus_bs15_gae1_no,107,700000,,,,,52,27,17,15,11,18,4,3,3,119,54,37,27,26,46,8,5,6,7,7,8,false,MAX,10,9,1,V2,0,3_5_fbios_PABUnityIAPiOSDefensiveBase,segment_tag_core_slot_prob_nu_29_06_var_a
67837,2026-04-13 05:37:37,30,30,1,accumulation,accumulation,coin,gold,1,false,10000000,11155781088801,151427,5,5,400,11,0,0,0,0,2,67945,250000,76,800,27.2,bonus_bs15_gae1_no,107,700000,,,,,53,27,17,15,11,20,4,3,3,120,54,37,27,26,48,8,5,6,1,8,8,false,NORMAL,3,3,0,V2,0,3_5_fbios_PABUnityIAPiOSDefensiveBase,segment_tag_core_slot_prob_nu_29_06_var_a
67838,2026-04-13 05:37:41,5,5,5,shield,shield,shield,shield,3,true,50,11155781088801,151427,5,5,50,11,0,0,3,0,0,67945,250000,76,0,27.2,bonus_bs15_gae1_no,107,700000,,,,,54,27,17,18,11,20,4,3,4,121,54,37,30,26,48,8,5,7,2,2,2,false,SMALL,-1,-1,0,V2,0,3_5_fbios_PABUnityIAPiOSDefensiveBase,segment_tag_core_slot_prob_nu_29_06_var_a
67839,2026-04-13 05:37:42,1,1,1,coin,coin,coin,gold,1,true,12500000,11155793588801,151377,5,5,50,11,0,0,0,0,0,67945,250000,76,0,27.2,bonus_bs15_gae1_no,107,700000,,,,,55,27,17,18,11,20,4,3,4,122,54,37,30,26,48,8,5,7,1,1,5,false,NORMAL,0,-1,1,V2,0,3_5_fbios_PABUnityIAPiOSDefensiveBase,segment_tag_core_slot_prob_nu_29_06_var_a
67840,2026-04-13 05:37:43,3,4,2,attack,steal,goldSack,gold,1,false,5000000,11155798588801,151327,5,5,50,11,1,1,0,0,0,67945,250000,76,0,27.2,bonus_bs15_gae1_no,107,700000,,,,,56,28,18,18,11,20,4,3,4,123,55,38,30,26,48,8,5,7,3,4,0,false,BIG,4,3,1,V2,0,3_5_fbios_PABUnityIAPiOSDefensiveBase,segment_tag_core_slot_prob_nu_29_06_var_a
67841,2026-04-13 05:37:44,1,1,1,coin,coin,coin,gold,1,true,12500000,11155811088801,151277,5,5,50,11,0,0,0,0,0,67945,250000,76,0,27.2,bonus_bs15_gae1_no,107,700000,,,,,57,28,18,18,11,20,4,3,4,124,55,38,30,26,48,8,5,7,5,1,1,false,MIN,-7,-4,-3,V2,0,3_5_fbios_PABUnityIAPiOSDefensiveBase,segment_tag_core_slot_prob_nu_29_06_var_a
67842,2026-04-13 05:37:45,30,2,2,accumulation,goldSack,goldSack,gold,1,false,7500000,11155818588801,151227,5,5,50,11,0,0,0,0,1,67995,250000,76,50,27.2,bonus_bs15_gae1_no,107,700000,LongExtraDayReduced,LongExtraDayReduced,,"{""slot_on_"":""35304\/56000@m25""}",58,28,18,18,11,21,4,3,4,125,55,38,30,26,49,8,5,7,3,7,8,false,NORMAL,3,6,-3,V2,0,3_5_fbios_PABUnityIAPiOSDefensiveBase,segment_tag_core_slot_prob_nu_29_06_var_a
67843,2026-04-13 05:37:47,6,6,6,spins,spins,spins,spins,5,true,500,11155818588801,151677,5,5,50,11,0,0,0,3,0,67995,250000,76,0,27.2,bonus_bs15_gae1_no,107,700000,,,,,59,28,18,18,14,21,4,3,4,126,55,38,30,29,49,8,5,7,6,6,6,true,SMALL,-1,0,-1,V2,0,3_5_fbios_PABUnityIAPiOSDefensiveBase,segment_tag_core_slot_prob_nu_29_06_var_a
67844,2026-04-13 05:37:49,4,4,4,steal,steal,steal,steal,4,true,0,11155818588801,151627,5,5,50,11,0,3,0,0,0,67995,250000,76,0,27.2,bonus_bs15_gae1_no,107,700000,,,,,60,28,21,18,14,21,4,4,4,1,0,3,0,0,0,0,1,0,4,4,4,false,MIN,-7,-6,-1,V2,0,3_5_fbios_PABUnityIAPiOSDefensiveBase,segment_tag_core_slot_prob_nu_29_06_var_a
67845,2026-04-13 05:37:54,3,1,1,attack,coin,coin,gold,1,false,2500000,11157524888801,151577,5,5,50,11,1,0,0,0,0,67995,250000,76,0,27.2,bonus_bs15_gae1_no,107,700000,,,,,61,29,21,18,14,21,4,4,4,2,1,3,0,0,0,0,1,0,5,1,0,false,NORMAL,1,0,1,V2,0,3_5_fbios_PABUnityIAPiOSDefensiveBase,segment_tag_core_slot_prob_nu_29_06_var_a
67846,2026-04-13 05:37:55,3,6,2,attack,spins,goldSack,gold,1,false,5000000,11157529888801,151527,5,5,50,11,1,0,0,1,0,67995,250000,76,0,27.2,bonus_bs15_gae1_no,107,700000,,,,,62,30,21,18,15,21,4,4,4,3,2,3,0,1,0,0,1,0,3,6,0,false,BIG,4,3,1,V2,0,3_5_fbios_PABUnityIAPiOSDefensiveBase,segment_tag_core_slot_prob_nu_29_06_var_a
67847,2026-04-13 05:37:57,4,6,2,steal,spins,goldSack,gold,1,false,5000000,11157534888801,151477,5,5,50,11,0,1,0,1,0,67995,250000,76,0,27.2,bonus_bs15_gae1_no,107,700000,,,,,63,30,22,18,16,21,4,4,4,4,2,4,0,2,0,0,1,0,3,6,4,false,BIG,6,2,4,V2,0,3_5_fbios_PABUnityIAPiOSDefensiveBase,segment_tag_core_slot_prob_nu_29_06_var_a
67848,2026-04-13 05:37:58,3,4,2,attack,steal,goldSack,gold,1,false,5000000,11157539888801,151427,5,5,50,11,1,1,0,0,0,67995,250000,76,0,27.2,bonus_bs15_gae1_no,107,700000,,,,,64,31,23,18,16,21,4,4,4,5,3,5,0,2,0,0,1,0,7,4,0,false,BIG,4,0,4,V2,0,3_5_fbios_PABUnityIAPiOSDefensiveBase,segment_tag_core_slot_prob_nu_29_06_var_a
67849,2026-04-13 05:38:00,3,3,1,attack,attack,coin,gold,1,false,1250000,11157541138801,151377,5,5,50,11,2,0,0,0,0,67995,250000,76,0,27.2,bonus_bs15_gae1_no,107,700000,,,,,65,33,23,18,16,21,4,4,4,6,5,5,0,2,0,0,1,0,5,0,0,false,NORMAL,2,-1,3,V2,0,3_5_fbios_PABUnityIAPiOSDefensiveBase,segment_tag_core_slot_prob_nu_29_06_var_a
67850,2026-04-13 05:38:01,30,2,2,accumulation,goldSack,goldSack,gold,1,false,7500000,11157548638801,151327,5,5,50,11,0,0,0,0,1,68045,250000,76,50,27.2,bonus_bs15_gae1_no,107,700000,,,,,66,33,23,18,16,22,4,4,4,7,5,5,0,2,1,0,1,0,3,7,8,false,MAX,10,6,4,V2,0,3_5_fbios_PABUnityIAPiOSDefensiveBase,segment_tag_core_slot_prob_nu_29_06_var_a
67851,2026-04-13 05:38:04,4,6,2,steal,spins,goldSack,gold,1,false,5000000,11157553638801,151277,5,5,50,11,0,1,0,1,0,68045,250000,76,0,27.2,bonus_bs15_gae1_no,107,700000,LongExtraDayReduced,LongExtraDayReduced,,"{""slot_on_"":""35404\/56000@m25""}",67,33,24,18,17,22,4,4,4,8,5,6,0,3,1,0,1,0,3,6,4,false,BIG,7,2,5,V2,0,3_5_fbios_PABUnityIAPiOSDefensiveBase,segment_tag_core_slot_prob_nu_29_06_var_a
67852,2026-04-13 05:38:06,1,6,6,coin,spins,spins,gold,1,false,1250000,11157554888801,151227,5,5,50,11,0,0,0,2,0,68045,250000,76,0,27.2,bonus_bs15_gae1_no,107,700000,LongExtraDayReduced,,,"{""slot_on_"":""35454\/56000@m25""}",68,33,24,18,19,22,4,4,4,9,5,6,0,5,1,0,1,0,6,6,1,false,SMALL,-1,-2,1,V2,0,3_5_fbios_PABUnityIAPiOSDefensiveBase,segment_tag_core_slot_prob_nu_29_06_var_a
67853,2026-04-13 05:38:07,3,1,1,attack,coin,coin,gold,1,false,2500000,11157557388801,151177,5,5,50,11,1,0,0,0,0,68045,250000,76,0,27.2,bonus_bs15_gae1_no,107,700000,,,,,69,34,24,18,19,22,4,4,4,10,6,6,0,5,1,0,1,0,1,5,0,false,SMALL,-1,-2,1,V2,0,3_5_fbios_PABUnityIAPiOSDefensiveBase,segment_tag_core_slot_prob_nu_29_06_var_a
67854,2026-04-13 05:38:09,4,6,2,steal,spins,goldSack,gold,1,false,5000000,11157562388801,151127,5,5,50,11,0,1,0,1,0,68045,250000,76,0,27.2,bonus_bs15_gae1_no,107,700000,,,,,70,34,25,18,20,22,4,4,4,11,6,7,0,6,1,0,1,0,3,6,4,false,BIG,5,1,4,V2,0,3_5_fbios_PABUnityIAPiOSDefensiveBase,segment_tag_core_slot_prob_nu_29_06_var_a
67855,2026-04-13 05:38:11,5,5,5,shield,shield,shield,shield,3,true,50,11157562388801,151127,5,5,50,11,0,0,3,0,0,68045,250000,76,0,27.2,bonus_bs15_gae1_no,107,700000,,LongExtraDayReduced,,"{""slot_on_"":""35504\/56000@m25""}",71,34,25,21,20,22,4,4,5,12,6,7,3,6,1,0,1,1,2,2,2,false,NORMAL,3,0,3,V2,0,3_5_fbios_PABUnityIAPiOSDefensiveBase,segment_tag_core_slot_prob_nu_29_06_var_a
67856,2026-04-13 05:38:12,3,1,1,attack,coin,coin,gold,1,false,2500000,11157564888801,151077,5,5,50,11,1,0,0,0,0,68045,250000,76,0,27.2,bonus_bs15_gae1_no,107,700000,LongExtraDayReduced,,,"{""slot_on_"":""35554\/56000@m25""}",72,35,25,21,20,22,4,4,5,13,7,7,3,6,1,0,1,1,1,5,0,false,SMALL,-2,-4,2,V2,0,3_5_fbios_PABUnityIAPiOSDefensiveBase,segment_tag_core_slot_prob_nu_29_06_var_a
67857,2026-04-13 05:38:13,5,5,5,shield,shield,shield,shield,3,true,50,11157564888801,151077,5,5,50,11,0,0,3,0,0,68045,250000,76,0,27.2,bonus_bs15_gae1_no,107,700000,,,,,73,35,25,24,20,22,4,4,6,14,7,7,6,6,1,0,1,2,2,2,2,false,NORMAL,1,-1,2,V2,0,3_5_fbios_PABUnityIAPiOSDefensiveBase,segment_tag_core_slot_prob_nu_29_06_var_a
67858,2026-04-13 05:38:15,3,3,3,attack,attack,attack,attack,2,true,0,11157564888801,151027,5,5,50,11,3,0,0,0,0,68045,250000,76,0,27.2,bonus_bs15_gae1_no,107,700000,,,,,74,38,25,24,20,22,5,4,6,15,10,7,6,6,1,1,1,2,0,0,0,false,SMALL,-1,-4,3,V2,0,3_5_fbios_PABUnityIAPiOSDefensiveBase,segment_tag_core_slot_prob_nu_29_06_var_a
67859,2026-04-13 05:38:19,1,5,5,coin,shield,shield,gold,1,false,1250000,11157896138801,150977,5,5,50,11,0,0,2,0,0,68045,250000,76,0,27.2,bonus_bs15_gae1_no,107,700000,,,,,75,38,25,26,20,22,5,4,6,16,10,7,8,6,1,1,1,2,2,2,5,false,NORMAL,2,0,2,V2,0,3_5_fbios_PABUnityIAPiOSDefensiveBase,segment_tag_core_slot_prob_nu_29_06_var_a
67860,2026-04-13 05:38:20,30,2,2,accumulation,goldSack,goldSack,gold,1,false,7500000,11157903638801,150927,5,5,50,11,0,0,0,0,1,68095,250000,76,50,27.2,bonus_bs15_gae1_no,107,700000,,,LongExtraDayReduced,"{""slot_on_"":""35604\/56000@m25""}",76,38,25,26,20,23,5,4,6,17,10,7,8,6,2,1,1,2,3,3,8,false,BIG,4,3,1,V2,0,3_5_fbios_PABUnityIAPiOSDefensiveBase,segment_tag_core_slot_prob_nu_29_06_var_a
67861,2026-04-13 05:38:21,3,1,1,attack,coin,coin,gold,1,false,2500000,11157906138801,150877,5,5,50,11,1,0,0,0,0,68095,250000,76,0,27.2,bonus_bs15_gae1_no,107,700000,,,,,77,39,25,26,20,23,5,4,6,18,11,7,8,6,2,1,1,2,1,1,0,false,NORMAL,0,0,0,V2,0,3_5_fbios_PABUnityIAPiOSDefensiveBase,segment_tag_core_slot_prob_nu_29_06_var_a
67862,2026-04-13 05:38:22,3,1,1,attack,coin,coin,gold,1,false,2500000,11157908638801,150827,5,5,50,11,1,0,0,0,0,68095,250000,76,0,27.2,bonus_bs15_gae1_no,107,700000,,,,,78,40,25,26,20,23,5,4,6,19,12,7,8,6,2,1,1,2,5,1,0,false,NORMAL,0,0,0,V2,0,3_5_fbios_PABUnityIAPiOSDefensiveBase,segment_tag_core_slot_prob_nu_29_06_var_a
67863,2026-04-13 05:38:24,1,1,1,coin,coin,coin,gold,1,true,12500000,11157921138801,150777,5,5,50,11,0,0,0,0,0,68095,250000,76,0,27.2,bonus_bs15_gae1_no,107,700000,,,,,79,40,25,26,20,23,5,4,6,20,12,7,8,6,2,1,1,2,1,5,5,false,SMALL,-1,-1,0,V2,0,3_5_fbios_PABUnityIAPiOSDefensiveBase,segment_tag_core_slot_prob_nu_29_06_var_a
67864,2026-04-13 05:38:25,3,3,3,attack,attack,attack,attack,2,true,0,11157921138801,150727,5,5,50,11,3,0,0,0,0,68095,250000,76,0,27.2,bonus_bs15_gae1_no,107,700000,,,,,80,43,25,26,20,23,6,4,6,21,15,7,8,6,2,2,1,2,0,0,0,false,SMALL,-2,-2,0,V2,0,3_5_fbios_PABUnityIAPiOSDefensiveBase,segment_tag_core_slot_prob_nu_29_06_var_a
67865,2026-04-13 05:38:31,4,6,2,steal,spins,goldSack,gold,1,false,5000000,11158256138801,150677,5,5,50,11,0,1,0,1,0,68095,250000,76,0,27.2,bonus_bs15_gae1_no,107,700000,,,,,81,43,26,26,21,23,6,4,6,22,15,8,8,7,2,2,1,2,3,6,4,false,NORMAL,3,1,2,V2,0,3_5_fbios_PABUnityIAPiOSDefensiveBase,segment_tag_core_slot_prob_nu_29_06_var_a
67866,2026-04-13 05:38:33,30,2,2,accumulation,goldSack,goldSack,gold,1,false,7500000,11158263638801,150627,5,5,50,11,0,0,0,0,1,68145,250000,76,50,27.3,bonus_bs15_gae1_no,107,700000,,,,,82,43,26,26,21,24,6,4,6,23,15,8,8,7,3,2,1,2,7,3,8,false,MAX,11,8,3,V2,0,3_5_fbios_PABUnityIAPiOSDefensiveBase,segment_tag_core_slot_prob_nu_29_06_var_a
67867,2026-04-13 05:38:35,5,5,5,shield,shield,shield,shield,3,true,400,11158263638801,150627,5,5,400,11,0,0,3,0,0,68145,250000,76,0,27.3,bonus_bs15_gae1_no,107,700000,,,,,83,43,26,29,21,24,6,4,7,24,15,8,11,7,3,2,1,3,2,2,2,false,NORMAL,2,-1,3,V2,0,3_5_fbios_PABUnityIAPiOSDefensiveBase,segment_tag_core_slot_prob_nu_29_06_var_a
67868,2026-04-13 05:38:39,30,2,2,accumulation,goldSack,goldSack,gold,1,false,7500000,11158271138801,150577,5,5,50,11,0,0,0,0,1,68195,250000,76,50,27.3,bonus_bs15_gae1_no,107,700000,,,,,84,43,26,29,21,25,6,4,7,25,15,8,11,7,4,2,1,3,3,3,8,false,BIG,5,2,3,V2,0,3_5_fbios_PABUnityIAPiOSDefensiveBase,segment_tag_core_slot_prob_nu_29_06_var_a
67869,2026-04-13 05:38:41,3,3,3,attack,attack,attack,attack,2,true,0,11158271138801,150527,5,5,50,11,3,0,0,0,0,68195,250000,76,0,27.3,bonus_bs15_gae1_no,107,700000,,LongExtraDayReduced,,"{""slot_on_"":""35654\/56000@m25""}",85,46,26,29,21,25,7,4,7,26,18,8,11,7,4,3,1,3,0,0,0,false,NORMAL,1,-2,3,V2,0,3_5_fbios_PABUnityIAPiOSDefensiveBase,segment_tag_core_slot_prob_nu_29_06_var_a
67870,2026-04-13 05:38:45,1,4,6,coin,steal,spins,gold,1,false,1250000,11159372388801,150477,5,5,50,11,0,1,0,1,0,68195,250000,76,0,27.3,bonus_bs15_gae1_no,107,700000,,,,,86,46,27,29,22,25,7,4,7,27,18,9,11,8,4,3,1,3,6,4,5,false,BIG,5,4,1,V2,0,3_5_fbios_PABUnityIAPiOSDefensiveBase,segment_tag_core_slot_prob_nu_29_06_var_a
67871,2026-04-13 05:38:46,30,2,2,accumulation,goldSack,goldSack,gold,1,false,7500000,11159379888801,150427,5,5,50,11,0,0,0,0,1,68245,250000,76,50,27.3,bonus_bs15_gae1_no,107,700000,,LongExtraDayReduced,LongExtraDayReduced,"{""slot_on_"":""35754\/56000@m25""}",87,46,27,29,22,26,7,4,7,28,18,9,11,8,5,3,1,3,7,7,8,false,MAX,8,8,0,V2,0,3_5_fbios_PABUnityIAPiOSDefensiveBase,segment_tag_core_slot_prob_nu_29_06_var_a
67872,2026-04-13 05:38:50,3,4,2,attack,steal,goldSack,gold,1,false,40000000,11159419888801,150027,5,5,400,11,1,1,0,0,0,68245,250000,76,0,27.3,bonus_bs15_gae1_no,107,700000,,LongExtraDayReduced,,"{""slot_on_"":""36154\/56000@m25""}",88,47,28,29,22,26,7,4,7,29,19,10,11,8,5,3,1,3,3,4,0,false,NORMAL,3,3,0,V2,0,3_5_fbios_PABUnityIAPiOSDefensiveBase,segment_tag_core_slot_prob_nu_29_06_var_a
67873,2026-04-13 05:38:54,1,1,1,coin,coin,coin,gold,1,true,12500000,11159432388801,149977,5,5,50,11,0,0,0,0,0,68245,250000,76,0,27.3,bonus_bs15_gae1_no,107,700000,,,,,89,47,28,29,22,26,7,4,7,30,19,10,11,8,5,3,1,3,1,5,5,false,SMALL,-1,-1,0,V2,0,3_5_fbios_PABUnityIAPiOSDefensiveBase,segment_tag_core_slot_prob_nu_29_06_var_a
67874,2026-04-13 05:38:55,30,2,2,accumulation,goldSack,goldSack,gold,1,false,7500000,11159439888801,149927,5,5,50,11,0,0,0,0,1,68295,250000,76,50,27.3,bonus_bs15_gae1_no,107,700000,LongExtraDayReduced,LongExtraDayReduced,LongExtraDayReduced,"{""slot_on_"":""36404\/56000@m25""}",90,47,28,29,22,27,7,4,7,31,19,10,11,8,6,3,1,3,3,7,8,false,BIG,6,6,0,V2,0,3_5_fbios_PABUnityIAPiOSDefensiveBase,segment_tag_core_slot_prob_nu_29_06_var_a
67875,2026-04-13 05:38:57,5,5,5,shield,shield,shield,shield,3,true,50,11159439888801,149927,5,5,50,11,0,0,3,0,0,68295,250000,76,0,27.3,bonus_bs15_gae1_no,107,700000,,,,,91,47,28,32,22,27,7,4,8,32,19,10,14,8,6,3,1,4,2,2,2,false,SMALL,-1,-1,0,V2,0,3_5_fbios_PABUnityIAPiOSDefensiveBase,segment_tag_core_slot_prob_nu_29_06_var_a
67876,2026-04-13 05:38:58,5,5,5,shield,shield,shield,shield,3,true,50,11159439888801,149927,5,5,50,11,0,0,3,0,0,68295,250000,76,0,27.3,bonus_bs15_gae1_no,107,700000,,,,,92,47,28,35,22,27,7,4,9,33,19,10,17,8,6,3,1,5,2,2,2,false,SMALL,-1,-1,0,V2,0,3_5_fbios_PABUnityIAPiOSDefensiveBase,segment_tag_core_slot_prob_nu_29_06_var_a
67877,2026-04-13 05:38:59,3,4,2,attack,steal,goldSack,gold,1,false,5000000,11159444888801,149877,5,5,50,11,1,1,0,0,0,68295,250000,76,0,27.3,bonus_bs15_gae1_no,107,700000,,,,,93,48,29,35,22,27,7,4,9,34,20,11,17,8,6,3,1,5,7,4,0,false,MIN,-3,-3,0,V2,0,3_5_fbios_PABUnityIAPiOSDefensiveBase,segment_tag_core_slot_prob_nu_29_06_var_a
67878,2026-04-13 05:39:00,3,4,2,attack,steal,goldSack,gold,1,false,5000000,11159449888801,149827,5,5,50,11,1,1,0,0,0,68295,250000,76,0,27.3,bonus_bs15_gae1_no,107,700000,,,,,94,49,30,35,22,27,7,4,9,35,21,12,17,8,6,3,1,5,3,4,0,false,BIG,4,4,0,V2,0,3_5_fbios_PABUnityIAPiOSDefensiveBase,segment_tag_core_slot_prob_nu_29_06_var_a
67879,2026-04-13 05:39:03,30,2,2,accumulation,goldSack,goldSack,gold,1,false,7500000,11159457388801,149777,5,5,50,11,0,0,0,0,1,68345,250000,76,50,27.3,bonus_bs15_gae1_no,107,700000,,,,,95,49,30,35,22,28,7,4,9,36,21,12,17,8,7,3,1,5,7,7,8,false,MAX,9,8,1,V2,0,3_5_fbios_PABUnityIAPiOSDefensiveBase,segment_tag_core_slot_prob_nu_29_06_var_a
67880,2026-04-13 05:39:07,2,2,2,goldSack,goldSack,goldSack,gold,1,true,720000000,11160177388801,149377,5,5,400,11,0,0,0,0,0,68345,250000,76,0,27.3,bonus_bs15_gae1_no,107,700000,,,,,96,49,30,35,22,28,7,4,9,37,21,12,17,8,7,3,1,5,3,7,7,false,BIG,4,3,1,V2,0,3_5_fbios_PABUnityIAPiOSDefensiveBase,segment_tag_core_slot_prob_nu_29_06_var_a
67881,2026-04-13 05:39:09,3,1,1,attack,coin,coin,gold,1,false,20000000,11160197388801,148977,5,5,400,11,1,0,0,0,0,68345,250000,76,0,27.3,bonus_bs15_gae1_no,107,700000,,,,,97,50,30,35,22,28,7,4,9,38,22,12,17,8,7,3,1,5,1,5,0,false,SMALL,-1,-2,1,V2,0,3_5_fbios_PABUnityIAPiOSDefensiveBase,segment_tag_core_slot_prob_nu_29_06_var_a
67882,2026-04-13 05:39:10,1,1,1,coin,coin,coin,gold,1,true,100000000,11160297388801,148577,5,5,400,11,0,0,0,0,0,68345,250000,76,0,27.3,bonus_bs15_gae1_no,107,700000,,,,,98,50,30,35,22,28,7,4,9,39,22,12,17,8,7,3,1,5,1,1,5,false,NORMAL,3,2,1,V2,0,3_5_fbios_PABUnityIAPiOSDefensiveBase,segment_tag_core_slot_prob_nu_29_06_var_a
67883,2026-04-13 05:39:11,30,30,1,accumulation,accumulation,coin,gold,1,false,10000000,11160307388801,148177,5,5,400,11,0,0,0,0,2,69145,250000,76,800,27.7,bonus_bs15_gae1_no,107,700000,,LongExtraDayReduced,,"{""slot_on_"":""36804\/56000@m25""}",99,50,30,35,22,30,7,4,9,40,22,12,17,8,9,3,1,5,1,8,8,false,NORMAL,3,2,1,V2,0,3_5_fbios_PABUnityIAPiOSDefensiveBase,segment_tag_core_slot_prob_nu_29_06_var_a
67884,2026-04-13 05:39:14,3,3,3,attack,attack,attack,attack,2,true,0,11160307388801,147777,5,5,400,11,3,0,0,0,0,69145,250000,76,0,27.7,bonus_bs15_gae1_no,107,700000,,,,,100,53,30,35,22,30,8,4,9,41,25,12,17,8,9,4,1,5,0,0,0,false,SMALL,-2,-2,0,V2,0,3_5_fbios_PABUnityIAPiOSDefensiveBase,segment_tag_core_slot_prob_nu_29_06_var_a
67885,2026-04-13 05:39:20,1,1,1,coin,coin,coin,gold,1,true,12500000,11162959888801,147727,5,5,50,11,0,0,0,0,0,69145,250000,76,0,27.7,bonus_bs15_gae1_no,107,700000,,,,,101,53,30,35,22,30,8,4,9,42,25,12,17,8,9,4,1,5,1,1,5,false,NORMAL,2,1,1,V2,0,3_5_fbios_PABUnityIAPiOSDefensiveBase,segment_tag_core_slot_prob_nu_29_06_var_a
67886,2026-04-13 05:39:21,4,6,2,steal,spins,goldSack,gold,1,false,5000000,11162964888801,147677,5,5,50,11,0,1,0,1,0,69145,250000,76,0,27.7,bonus_bs15_gae1_no,107,700000,,,,,102,53,31,35,23,30,8,4,9,43,25,13,17,9,9,4,1,5,3,6,4,false,NORMAL,3,1,2,V2,0,3_5_fbios_PABUnityIAPiOSDefensiveBase,segment_tag_core_slot_prob_nu_29_06_var_a
67887,2026-04-13 05:39:22,3,3,3,attack,attack,attack,attack,2,true,0,11162964888801,147627,5,5,50,11,3,0,0,0,0,69145,250000,76,0,27.7,bonus_bs15_gae1_no,107,700000,,,,,103,56,31,35,23,30,9,4,9,44,28,13,17,9,9,5,1,5,0,0,0,false,NORMAL,2,-1,3,V2,0,3_5_fbios_PABUnityIAPiOSDefensiveBase,segment_tag_core_slot_prob_nu_29_06_var_a
67888,2026-04-13 05:39:26,4,6,2,steal,spins,goldSack,gold,1,false,5000000,11163299888801,147577,5,5,50,11,0,1,0,1,0,69145,250000,76,0,27.7,bonus_bs15_gae1_no,107,700000,LongExtraDayReduced,,,"{""slot_on_"":""36854\/56000@m25""}",104,56,32,35,24,30,9,4,9,45,28,14,17,10,9,5,1,5,3,6,4,false,BIG,5,1,4,V2,0,3_5_fbios_PABUnityIAPiOSDefensiveBase,segment_tag_core_slot_prob_nu_29_06_var_a
67889,2026-04-13 05:39:27,3,3,3,attack,attack,attack,attack,2,true,0,11163299888801,147527,5,5,50,11,3,0,0,0,0,69145,250000,76,0,27.7,bonus_bs15_gae1_no,107,700000,LongExtraDayReduced,,,"{""slot_on_"":""36904\/56000@m25""}",105,59,32,35,24,30,10,4,9,46,31,14,17,10,9,6,1,5,0,0,0,false,NORMAL,3,-1,4,V2,0,3_5_fbios_PABUnityIAPiOSDefensiveBase,segment_tag_core_slot_prob_nu_29_06_var_a
67890,2026-04-13 05:39:32,3,6,2,attack,spins,goldSack,gold,1,false,5000000,11163634888801,147477,5,5,50,11,1,0,0,1,0,69145,250000,76,0,27.7,bonus_bs15_gae1_no,107,700000,,,,,106,60,32,35,25,30,10,4,9,47,32,14,17,11,9,6,1,5,7,6,0,false,NORMAL,3,-1,4,V2,0,3_5_fbios_PABUnityIAPiOSDefensiveBase,segment_tag_core_slot_prob_nu_29_06_var_a
67891,2026-04-13 05:39:33,3,3,3,attack,attack,attack,attack,2,true,0,11163634888801,147427,5,5,50,11,3,0,0,0,0,69145,250000,76,0,27.7,bonus_bs15_gae1_no,107,700000,,,LongExtraDayReduced,"{""slot_on_"":""36954\/56000@m25""}",107,63,32,35,25,30,11,4,9,48,35,14,17,11,9,7,1,5,0,0,0,false,NORMAL,2,-1,3,V2,0,3_5_fbios_PABUnityIAPiOSDefensiveBase,segment_tag_core_slot_prob_nu_29_06_var_a
67892,2026-04-13 05:39:37,30,2,2,accumulation,goldSack,goldSack,gold,1,false,7500000,11164742388801,147377,5,5,50,11,0,0,0,0,1,69195,250000,76,50,27.7,bonus_bs15_gae1_no,107,700000,,,,,108,63,32,35,25,31,11,4,9,49,35,14,17,11,10,7,1,5,7,3,8,false,MAX,11,7,4,V2,0,3_5_fbios_PABUnityIAPiOSDefensiveBase,segment_tag_core_slot_prob_nu_29_06_var_a
67893,2026-04-13 05:39:40,30,2,2,accumulation,goldSack,goldSack,gold,1,false,60000000,11164802388801,146977,5,5,400,11,0,0,0,0,1,69595,250000,76,400,27.8,bonus_bs15_gae1_no,107,700000,,,,,109,63,32,35,25,32,11,4,9,50,35,14,17,11,11,7,1,5,3,3,8,false,MAX,8,5,3,V2,0,3_5_fbios_PABUnityIAPiOSDefensiveBase,segment_tag_core_slot_prob_nu_29_06_var_a
67894,2026-04-13 05:39:43,1,4,4,coin,steal,steal,gold,1,false,10000000,11164812388801,146577,5,5,400,11,0,2,0,0,0,69595,250000,76,0,27.8,bonus_bs15_gae1_no,107,700000,,,,,110,63,34,35,25,32,11,4,9,51,35,16,17,11,11,7,1,5,4,4,1,false,MIN,-6,-4,-2,V2,0,3_5_fbios_PABUnityIAPiOSDefensiveBase,segment_tag_core_slot_prob_nu_29_06_var_a
67895,2026-04-13 05:39:48,2,2,2,goldSack,goldSack,goldSack,gold,1,true,90000000,11164902388801,146527,5,5,50,11,0,0,0,0,0,69595,250000,76,0,27.8,bonus_bs15_gae1_no,107,700000,,,,,111,63,34,35,25,32,11,4,9,52,35,16,17,11,11,7,1,5,7,3,3,false,NORMAL,3,5,-2,V2,0,3_5_fbios_PABUnityIAPiOSDefensiveBase,segment_tag_core_slot_prob_nu_29_06_var_a
67896,2026-04-13 05:39:49,30,30,30,accumulation,accumulation,accumulation,gold,10,true,0,11164902388801,146477,5,5,50,11,0,0,0,0,3,70095,250000,76,500,28.0,bonus_bs15_gae1_no,107,700000,,LongExtraDayReduced,,"{""slot_on_"":""37004\/56000@m25""}",112,63,34,35,25,35,11,4,9,53,35,16,17,11,14,7,1,5,8,8,8,true,NORMAL,1,1,0,V2,0,3_5_fbios_PABUnityIAPiOSDefensiveBase,segment_tag_core_slot_prob_nu_29_06_var_a
67897,2026-04-13 05:39:51,3,5,2,attack,shield,goldSack,gold,1,false,5000000,11164907388801,146427,5,5,50,11,1,0,1,0,0,70095,250000,76,0,28.0,bonus_bs15_gae1_no,107,700000,,,,,1,1,0,1,0,0,0,0,0,54,36,16,18,11,14,7,1,5,3,2,0,false,SMALL,-1,0,-1,V2,0,3_5_fbios_PABUnityIAPiOSDefensiveBase,segment_tag_core_slot_prob_nu_29_06_var_a
67898,2026-04-13 05:39:52,1,4,6,coin,steal,spins,gold,1,false,1250000,11164908638801,146377,5,5,50,11,0,1,0,1,0,70095,250000,76,0,28.0,bonus_bs15_gae1_no,107,700000,,,,,2,1,1,1,1,0,0,0,0,55,36,17,18,12,14,7,1,5,6,4,1,false,MIN,-6,-3,-3,V2,0,3_5_fbios_PABUnityIAPiOSDefensiveBase,segment_tag_core_slot_prob_nu_29_06_var_a
67899,2026-04-13 05:39:53,1,1,6,coin,coin,spins,gold,1,false,2500000,11164911138801,146327,5,5,50,11,0,0,0,1,0,70095,250000,76,0,28.0,bonus_bs15_gae1_no,107,700000,,,,,3,1,1,1,2,0,0,0,0,56,36,17,18,13,14,7,1,5,6,1,5,false,NORMAL,0,3,-3,V2,0,3_5_fbios_PABUnityIAPiOSDefensiveBase,segment_tag_core_slot_prob_nu_29_06_var_a
67900,2026-04-13 05:39:53,1,1,1,coin,coin,coin,gold,1,true,12500000,11164923638801,146277,5,5,50,11,0,0,0,0,0,70095,250000,76,0,28.0,bonus_bs15_gae1_no,107,700000,,,,,4,1,1,1,2,0,0,0,0,57,36,17,18,13,14,7,1,5,5,1,5,false,NORMAL,1,2,-1,V2,0,3_5_fbios_PABUnityIAPiOSDefensiveBase,segment_tag_core_slot_prob_nu_29_06_var_a
67901,2026-04-13 05:39:54,1,1,6,coin,coin,spins,gold,1,false,2500000,11164926138801,146227,5,5,50,11,0,0,0,1,0,70095,250000,76,0,28.0,bonus_bs15_gae1_no,107,700000,,,,,5,1,1,1,3,0,0,0,0,58,36,17,18,14,14,7,1,5,6,1,1,false,MIN,-5,-2,-3,V2,0,3_5_fbios_PABUnityIAPiOSDefensiveBase,segment_tag_core_slot_prob_nu_29_06_var_a
67902,2026-04-13 05:39:55,30,30,1,accumulation,accumulation,coin,gold,1,false,1250000,11164927388801,146177,5,5,50,11,0,0,0,0,2,70195,250000,76,100,28.1,bonus_bs15_gae1_no,107,700000,,,,,6,1,1,1,3,2,0,0,0,59,36,17,18,14,16,7,1,5,5,8,8,false,SMALL,-2,0,-2,V2,0,3_5_fbios_PABUnityIAPiOSDefensiveBase,segment_tag_core_slot_prob_nu_29_06_var_a
67903,2026-04-13 05:39:56,30,30,1,accumulation,accumulation,coin,gold,1,false,1250000,11164928638801,146127,5,5,50,11,0,0,0,0,2,70295,250000,76,100,28.1,bonus_bs15_gae1_no,107,700000,,,,,7,1,1,1,3,4,0,0,0,60,36,17,18,14,18,7,1,5,1,8,8,false,NORMAL,2,2,0,V2,0,3_5_fbios_PABUnityIAPiOSDefensiveBase,segment_tag_core_slot_prob_nu_29_06_var_a
67904,2026-04-13 05:39:57,3,1,5,attack,coin,shield,gold,1,false,1250000,11164929888801,146077,5,5,50,11,1,0,1,0,0,70295,250000,76,0,28.1,bonus_bs15_gae1_no,107,700000,,,,,8,2,1,2,3,4,0,0,0,61,37,17,19,14,18,7,1,5,2,1,0,false,NORMAL,0,0,0,V2,0,3_5_fbios_PABUnityIAPiOSDefensiveBase,segment_tag_core_slot_prob_nu_29_06_var_a
67905,2026-04-13 05:39:59,1,1,6,coin,coin,spins,gold,1,false,2500000,11164932388801,146027,5,5,50,11,0,0,0,1,0,70295,250000,76,0,28.1,bonus_bs15_gae1_no,107,700000,,,,,9,2,1,2,4,4,0,0,0,62,37,17,19,15,18,7,1,5,6,1,1,false,MIN,-5,-3,-2,V2,0,3_5_fbios_PABUnityIAPiOSDefensiveBase,segment_tag_core_slot_prob_nu_29_06_var_a
67906,2026-04-13 05:40:00,3,4,2,attack,steal,goldSack,gold,1,false,5000000,11164937388801,145977,5,5,50,11,1,1,0,0,0,70295,250000,76,0,28.1,bonus_bs15_gae1_no,107,700000,,,LongExtraDayReduced,"{""slot_on_"":""37054\/56000@m25""}",10,3,2,2,4,4,0,0,0,63,38,18,19,15,18,7,1,5,3,4,0,false,NORMAL,1,3,-2,V2,0,3_5_fbios_PABUnityIAPiOSDefensiveBase,segment_tag_core_slot_prob_nu_29_06_var_a
67907,2026-04-13 05:40:01,1,5,5,coin,shield,shield,gold,1,false,1250000,11164938638801,145927,5,5,50,11,0,0,2,0,0,70295,250000,76,0,28.1,bonus_bs15_gae1_no,107,700000,,,,,11,3,2,4,4,4,0,0,0,64,38,18,21,15,18,7,1,5,2,2,1,false,MIN,-6,-3,-3,V2,0,3_5_fbios_PABUnityIAPiOSDefensiveBase,segment_tag_core_slot_prob_nu_29_06_var_a
67908,2026-04-13 05:40:02,1,4,6,coin,steal,spins,gold,1,false,1250000,11164939888801,145877,5,5,50,11,0,1,0,1,0,70295,250000,76,0,28.1,bonus_bs15_gae1_no,107,700000,,LongExtraDayReduced,,"{""slot_on_"":""37104\/56000@m25""}",12,3,3,4,5,4,0,0,0,65,38,19,21,16,18,7,1,5,6,4,1,false,MIN,-6,-3,-3,V2,0,3_5_fbios_PABUnityIAPiOSDefensiveBase,segment_tag_core_slot_prob_nu_29_06_var_a
67909,2026-04-13 05:40:02,1,1,6,coin,coin,spins,gold,1,false,2500000,11164942388801,145827,5,5,50,11,0,0,0,1,0,70295,250000,76,0,28.1,bonus_bs15_gae1_no,107,700000,LongExtraDayReduced,,,"{""slot_on_"":""37154\/56000@m25""}",13,3,3,4,6,4,0,0,0,66,38,19,21,17,18,7,1,5,6,1,5,false,NORMAL,0,3,-3,V2,0,3_5_fbios_PABUnityIAPiOSDefensiveBase,segment_tag_core_slot_prob_nu_29_06_var_a
67910,2026-04-13 05:40:03,30,30,3,accumulation,accumulation,attack,gold,6,false,0,11164942388801,145777,5,5,50,11,1,0,0,0,2,70395,250000,76,100,28.2,bonus_bs15_gae1_no,107,700000,,,,,14,4,3,4,6,6,0,0,0,67,39,19,21,17,20,7,1,5,0,8,8,false,SMALL,-1,0,-1,V2,0,3_5_fbios_PABUnityIAPiOSDefensiveBase,segment_tag_core_slot_prob_nu_29_06_var_a
67911,2026-04-13 05:40:05,1,1,6,coin,coin,spins,gold,1,false,2500000,11164944888801,145727,5,5,50,11,0,0,0,1,0,70395,250000,76,0,28.2,bonus_bs15_gae1_no,107,700000,,,,,15,4,3,4,7,6,0,0,0,68,39,19,21,18,20,7,1,5,6,5,5,false,NORMAL,0,0,0,V2,0,3_5_fbios_PABUnityIAPiOSDefensiveBase,segment_tag_core_slot_prob_nu_29_06_var_a
67912,2026-04-13 05:40:06,1,1,1,coin,coin,coin,gold,1,true,12500000,11164957388801,145677,5,5,50,11,0,0,0,0,0,70395,250000,76,0,28.2,bonus_bs15_gae1_no,107,700000,,LongExtraDayReduced,,"{""slot_on_"":""37204\/56000@m25""}",16,4,3,4,7,6,0,0,0,69,39,19,21,18,20,7,1,5,1,1,5,false,NORMAL,3,3,0,V2,0,3_5_fbios_PABUnityIAPiOSDefensiveBase,segment_tag_core_slot_prob_nu_29_06_var_a
67913,2026-04-13 05:40:08,30,2,2,accumulation,goldSack,goldSack,gold,1,false,300000,11164957688801,145675,5,5,2,11,0,0,0,0,1,70397,250000,76,2,28.2,bonus_bs15_gae1_no,107,700000,,,,,17,4,3,4,7,7,0,0,0,70,39,19,21,18,21,7,1,5,7,3,8,false,BIG,7,7,0,V2,0,3_5_fbios_PABUnityIAPiOSDefensiveBase,segment_tag_core_slot_prob_nu_29_06_var_a
67914,2026-04-13 05:40:09,30,2,2,accumulation,goldSack,goldSack,gold,1,false,300000,11164957988801,145673,5,5,2,11,0,0,0,0,1,70399,250000,76,2,28.2,bonus_bs15_gae1_no,107,700000,LongExtraDayReduced,LongExtraDayReduced,,"{""slot_on_"":""37208\/56000@m25""}",18,4,3,4,7,8,0,0,0,71,39,19,21,18,22,7,1,5,3,7,8,false,MAX,8,7,1,V2,0,3_5_fbios_PABUnityIAPiOSDefensiveBase,segment_tag_core_slot_prob_nu_29_06_var_a
67915,2026-04-13 05:40:11,3,4,2,attack,steal,goldSack,gold,1,false,200000,11164958188801,145671,5,5,2,11,1,1,0,0,0,70399,250000,76,0,28.2,bonus_bs15_gae1_no,107,700000,,,,,19,5,4,4,7,8,0,0,0,72,40,20,21,18,22,7,1,5,7,4,0,false,SMALL,-1,-1,0,V2,0,3_5_fbios_PABUnityIAPiOSDefensiveBase,segment_tag_core_slot_prob_nu_29_06_var_a
67916,2026-04-13 05:40:11,1,6,6,coin,spins,spins,gold,1,false,50000,11164958238801,145669,5,5,2,11,0,0,0,2,0,70399,250000,76,0,28.2,bonus_bs15_gae1_no,107,700000,,,,,20,5,4,4,9,8,0,0,0,73,40,20,21,20,22,7,1,5,6,6,5,false,NORMAL,2,2,0,V2,0,3_5_fbios_PABUnityIAPiOSDefensiveBase,segment_tag_core_slot_prob_nu_29_06_var_a
67917,2026-04-13 05:40:13,1,6,6,coin,spins,spins,gold,1,false,50000,11164958288801,145667,5,5,2,11,0,0,0,2,0,70399,250000,76,0,28.2,bonus_bs15_gae1_no,107,700000,,,,,21,5,4,4,11,8,0,0,0,74,40,20,21,22,22,7,1,5,6,6,5,false,BIG,5,5,0,V2,0,3_5_fbios_PABUnityIAPiOSDefensiveBase,segment_tag_core_slot_prob_nu_29_06_var_a
67918,2026-04-13 05:40:13,5,5,5,shield,shield,shield,shield,3,true,2,11164958288801,145667,5,5,2,11,0,0,3,0,0,70399,250000,76,0,28.2,bonus_bs15_gae1_no,107,700000,,,,,22,5,4,7,11,8,0,0,1,75,40,20,24,22,22,7,1,6,2,2,2,false,SMALL,-1,-1,0,V2,0,3_5_fbios_PABUnityIAPiOSDefensiveBase,segment_tag_core_slot_prob_nu_29_06_var_a
67919,2026-04-13 05:40:14,1,1,6,coin,coin,spins,gold,1,false,100000,11164958388801,145665,5,5,2,11,0,0,0,1,0,70399,250000,76,0,28.2,bonus_bs15_gae1_no,107,700000,,,,,23,5,4,7,12,8,0,0,1,76,40,20,24,23,22,7,1,6,6,1,5,false,NORMAL,0,0,0,V2,0,3_5_fbios_PABUnityIAPiOSDefensiveBase,segment_tag_core_slot_prob_nu_29_06_var_a
67920,2026-04-13 05:40:15,3,4,2,attack,steal,goldSack,gold,1,false,200000,11164958588801,145663,5,5,2,11,1,1,0,0,0,70399,250000,76,0,28.2,bonus_bs15_gae1_no,107,700000,,LongExtraDayReduced,,"{""slot_on_"":""37210\/56000@m25""}",24,6,5,7,12,8,0,0,1,77,41,21,24,23,22,7,1,6,3,4,0,false,BIG,4,3,1,V2,0,3_5_fbios_PABUnityIAPiOSDefensiveBase,segment_tag_core_slot_prob_nu_29_06_var_a
67921,2026-04-13 05:40:16,2,2,2,goldSack,goldSack,goldSack,gold,1,true,3600000,11164962188801,145661,5,5,2,11,0,0,0,0,0,70399,250000,76,0,28.2,bonus_bs15_gae1_no,107,700000,,,,,25,6,5,7,12,8,0,0,1,78,41,21,24,23,22,7,1,6,3,7,7,false,BIG,4,4,0,V2,0,3_5_fbios_PABUnityIAPiOSDefensiveBase,segment_tag_core_slot_prob_nu_29_06_var_a
67922,2026-04-13 05:40:16,1,1,1,coin,coin,coin,gold,1,true,500000,11164962688801,145659,5,5,2,11,0,0,0,0,0,70399,250000,76,0,28.2,bonus_bs15_gae1_no,107,700000,,,,,26,6,5,7,12,8,0,0,1,79,41,21,24,23,22,7,1,6,5,1,1,false,MIN,-7,-4,-3,V2,0,3_5_fbios_PABUnityIAPiOSDefensiveBase,segment_tag_core_slot_prob_nu_29_06_var_a
67923,2026-04-13 05:40:17,3,3,2,attack,attack,goldSack,gold,1,false,200000,11164962888801,145657,5,5,2,11,2,0,0,0,0,70399,250000,76,0,28.2,bonus_bs15_gae1_no,107,700000,,,,,27,8,5,7,12,8,0,0,1,80,43,21,24,23,22,7,1,6,3,0,0,false,SMALL,-2,1,-3,V2,0,3_5_fbios_PABUnityIAPiOSDefensiveBase,segment_tag_core_slot_prob_nu_29_06_var_a
67924,2026-04-13 05:40:18,30,30,3,accumulation,accumulation,attack,gold,6,false,0,11164962888801,145655,5,5,2,11,1,0,0,0,2,70403,250000,76,4,28.2,bonus_bs15_gae1_no,107,700000,,,,,28,9,5,7,12,10,0,0,1,81,44,21,24,23,24,7,1,6,0,8,8,false,NORMAL,0,0,0,V2,0,3_5_fbios_PABUnityIAPiOSDefensiveBase,segment_tag_core_slot_prob_nu_29_06_var_a
67925,2026-04-13 05:40:19,1,4,6,coin,steal,spins,gold,1,false,50000,11164962938801,145653,5,5,2,11,0,1,0,1,0,70403,250000,76,0,28.2,bonus_bs15_gae1_no,107,700000,,LongExtraDayReduced,,"{""slot_on_"":""37212\/56000@m25""}",29,9,6,7,13,10,0,0,1,82,44,22,24,24,24,7,1,6,6,4,5,false,BIG,5,5,0,V2,0,3_5_fbios_PABUnityIAPiOSDefensiveBase,segment_tag_core_slot_prob_nu_29_06_var_a
67926,2026-04-13 05:40:20,30,2,2,accumulation,goldSack,goldSack,gold,1,false,300000,11164963238801,145651,5,5,2,11,0,0,0,0,1,70405,250000,76,2,28.2,bonus_bs15_gae1_no,107,700000,,,,,30,9,6,7,13,11,0,0,1,83,44,22,24,24,25,7,1,6,3,7,8,false,BIG,6,6,0,V2,0,3_5_fbios_PABUnityIAPiOSDefensiveBase,segment_tag_core_slot_prob_nu_29_06_var_a
67927,2026-04-13 05:40:21,3,3,2,attack,attack,goldSack,gold,1,false,200000,11164963438801,145649,5,5,2,11,2,0,0,0,0,70405,250000,76,0,28.2,bonus_bs15_gae1_no,107,700000,,,,,31,11,6,7,13,11,0,0,1,84,46,22,24,24,25,7,1,6,7,0,0,false,SMALL,-2,-2,0,V2,0,3_5_fbios_PABUnityIAPiOSDefensiveBase,segment_tag_core_slot_prob_nu_29_06_var_a
67928,2026-04-13 05:40:22,1,1,6,coin,coin,spins,gold,1,false,100000,11164963538801,145647,5,5,2,11,0,0,0,1,0,70405,250000,76,0,28.2,bonus_bs15_gae1_no,107,700000,,,LongExtraDayReduced,"{""slot_on_"":""37214\/56000@m25""}",32,11,6,7,14,11,0,0,1,85,46,22,24,25,25,7,1,6,6,5,5,false,NORMAL,0,-1,1,V2,0,3_5_fbios_PABUnityIAPiOSDefensiveBase,segment_tag_core_slot_prob_nu_29_06_var_a
67929,2026-04-13 05:40:23,2,2,2,goldSack,goldSack,goldSack,gold,1,true,3600000,11164967138801,145645,5,5,2,11,0,0,0,0,0,70405,250000,76,0,28.2,bonus_bs15_gae1_no,107,700000,,,,,33,11,6,7,14,11,0,0,1,86,46,22,24,25,25,7,1,6,3,3,7,false,NORMAL,0,0,0,V2,0,3_5_fbios_PABUnityIAPiOSDefensiveBase,segment_tag_core_slot_prob_nu_29_06_var_a
67930,2026-04-13 05:40:24,3,4,2,attack,steal,goldSack,gold,1,false,200000,11164967338801,145643,5,5,2,11,1,1,0,0,0,70405,250000,76,0,28.2,bonus_bs15_gae1_no,107,700000,,,,,34,12,7,7,14,11,0,0,1,87,47,23,24,25,25,7,1,6,3,4,0,false,BIG,4,4,0,V2,0,3_5_fbios_PABUnityIAPiOSDefensiveBase,segment_tag_core_slot_prob_nu_29_06_var_a
67931,2026-04-13 05:40:24,30,2,2,accumulation,goldSack,goldSack,gold,1,false,300000,11164967638801,145641,5,5,2,11,0,0,0,0,1,70407,250000,76,2,28.2,bonus_bs15_gae1_no,107,700000,,,,,35,12,7,7,14,12,0,0,1,88,47,23,24,25,26,7,1,6,7,3,8,false,MAX,8,7,1,V2,0,3_5_fbios_PABUnityIAPiOSDefensiveBase,segment_tag_core_slot_prob_nu_29_06_var_a
67932,2026-04-13 05:40:25,3,3,3,attack,attack,attack,attack,2,true,0,11164967638801,145639,5,5,2,11,3,0,0,0,0,70407,250000,76,0,28.2,bonus_bs15_gae1_no,107,700000,,,,,36,15,7,7,14,12,1,0,1,89,50,23,24,25,26,8,1,6,0,0,0,false,SMALL,-1,-2,1,V2,0,3_5_fbios_PABUnityIAPiOSDefensiveBase,segment_tag_core_slot_prob_nu_29_06_var_a
67933,2026-04-13 05:40:29,3,1,5,attack,coin,shield,gold,1,false,50000,11164980888801,145637,5,5,2,11,1,0,1,0,0,70407,250000,76,0,28.2,bonus_bs15_gae1_no,107,700000,,,,,37,16,7,8,14,12,1,0,1,90,51,23,25,25,26,8,1,6,2,1,0,false,NORMAL,2,1,1,V2,0,3_5_fbios_PABUnityIAPiOSDefensiveBase,segment_tag_core_slot_prob_nu_29_06_var_a
67934,2026-04-13 05:40:30,3,4,2,attack,steal,goldSack,gold,1,false,200000,11164981088801,145635,5,5,2,11,1,1,0,0,0,70407,250000,76,0,28.2,bonus_bs15_gae1_no,107,700000,,,,,38,17,8,8,14,12,1,0,1,91,52,24,25,25,26,8,1,6,3,4,0,false,BIG,4,3,1,V2,0,3_5_fbios_PABUnityIAPiOSDefensiveBase,segment_tag_core_slot_prob_nu_29_06_var_a
67935,2026-04-13 05:40:31,30,2,2,accumulation,goldSack,goldSack,gold,1,false,300000,11164981388801,145633,5,5,2,11,0,0,0,0,1,70409,250000,76,2,28.2,bonus_bs15_gae1_no,107,700000,,,,,39,17,8,8,14,13,1,0,1,92,52,24,25,25,27,8,1,6,7,3,8,false,MAX,8,7,1,V2,0,3_5_fbios_PABUnityIAPiOSDefensiveBase,segment_tag_core_slot_prob_nu_29_06_var_a
67936,2026-04-13 05:40:35,4,6,2,steal,spins,goldSack,gold,1,false,40000000,11165021388801,145233,5,5,400,11,0,1,0,1,0,70409,250000,76,0,28.2,bonus_bs15_gae1_no,107,700000,,,,,40,17,9,8,15,13,1,0,1,93,52,25,25,26,27,8,1,6,3,6,4,false,BIG,4,1,3,V2,0,3_5_fbios_PABUnityIAPiOSDefensiveBase,segment_tag_core_slot_prob_nu_29_06_var_a
67937,2026-04-13 05:40:36,2,2,2,goldSack,goldSack,goldSack,gold,1,true,720000000,11165741388801,144833,5,5,400,11,0,0,0,0,0,70409,250000,76,0,28.2,bonus_bs15_gae1_no,107,700000,,,,,41,17,9,8,15,13,1,0,1,94,52,25,25,26,27,8,1,6,3,3,3,false,MAX,9,5,4,V2,0,3_5_fbios_PABUnityIAPiOSDefensiveBase,segment_tag_core_slot_prob_nu_29_06_var_a
67938,2026-04-13 05:40:38,1,1,4,coin,coin,steal,gold,1,false,20000000,11165761388801,144433,5,5,400,11,0,1,0,0,0,70409,250000,76,0,28.2,bonus_bs15_gae1_no,107,700000,,,,,42,17,10,8,15,13,1,0,1,95,52,26,25,26,27,8,1,6,4,1,5,false,BIG,5,1,4,V2,0,3_5_fbios_PABUnityIAPiOSDefensiveBase,segment_tag_core_slot_prob_nu_29_06_var_a
67939,2026-04-13 05:40:39,1,1,1,coin,coin,coin,gold,1,true,100000000,11165861388801,144033,5,5,400,11,0,0,0,0,0,70409,250000,76,0,28.2,bonus_bs15_gae1_no,107,700000,,,,,43,17,10,8,15,13,1,0,1,96,52,26,25,26,27,8,1,6,5,5,5,false,BIG,4,0,4,V2,0,3_5_fbios_PABUnityIAPiOSDefensiveBase,segment_tag_core_slot_prob_nu_29_06_var_a
67940,2026-04-13 05:40:41,3,1,5,attack,coin,shield,gold,1,false,10000000,11165871388801,143633,5,5,400,11,1,0,1,0,0,70409,250000,76,0,28.2,bonus_bs15_gae1_no,107,700000,LongExtraDayReduced,,LongExtraDayReduced,"{""slot_on_"":""38014\/56000@m25""}",44,18,10,9,15,13,1,0,1,97,53,26,26,26,27,8,1,6,2,5,0,false,NORMAL,1,-2,3,V2,0,3_5_fbios_PABUnityIAPiOSDefensiveBase,segment_tag_core_slot_prob_nu_29_06_var_a
67941,2026-04-13 05:40:45,1,1,1,coin,coin,coin,gold,1,true,12500000,11165883888801,143583,5,5,50,11,0,0,0,0,0,70409,250000,76,0,28.2,bonus_bs15_gae1_no,107,700000,,,,,45,18,10,9,15,13,1,0,1,98,53,26,26,26,27,8,1,6,5,1,1,false,MIN,-7,-5,-2,V2,0,3_5_fbios_PABUnityIAPiOSDefensiveBase,segment_tag_core_slot_prob_nu_29_06_var_a
67942,2026-04-13 05:40:46,1,1,6,coin,coin,spins,gold,1,false,2500000,11165886388801,143533,5,5,50,11,0,0,0,1,0,70409,250000,76,0,28.2,bonus_bs15_gae1_no,107,700000,,,LongExtraDayReduced,"{""slot_on_"":""38064\/56000@m25""}",46,18,10,9,16,13,1,0,1,99,53,26,26,27,27,8,1,6,6,1,1,false,MIN,-3,-1,-2,V2,0,3_5_fbios_PABUnityIAPiOSDefensiveBase,segment_tag_core_slot_prob_nu_29_06_var_a
67943,2026-04-13 05:40:47,3,6,2,attack,spins,goldSack,gold,1,false,5000000,11165891388801,143483,5,5,50,11,1,0,0,1,0,70409,250000,76,0,28.2,bonus_bs15_gae1_no,107,700000,,,,,47,19,10,9,17,13,1,0,1,100,54,26,26,28,27,8,1,6,7,6,0,false,MIN,-4,-2,-2,V2,0,3_5_fbios_PABUnityIAPiOSDefensiveBase,segment_tag_core_slot_prob_nu_29_06_var_a
67944,2026-04-13 05:40:48,30,2,2,accumulation,goldSack,goldSack,gold,1,false,7500000,11165898888801,143433,5,5,50,11,0,0,0,0,1,70459,250000,76,50,28.2,bonus_bs15_gae1_no,107,700000,LongExtraDayReduced,LongExtraDayReduced,LongExtraDayReduced,"{""slot_on_"":""38314\/56000@m25""}",48,19,10,9,17,14,1,0,1,101,54,26,26,28,28,8,1,6,3,7,8,false,BIG,7,6,1,V2,0,3_5_fbios_PABUnityIAPiOSDefensiveBase,segment_tag_core_slot_prob_nu_29_06_var_a
67945,2026-04-13 05:40:50,1,1,1,coin,coin,coin,gold,1,true,12500000,11165911388801,143383,5,5,50,11,0,0,0,0,0,70459,250000,76,0,28.2,bonus_bs15_gae1_no,107,700000,,,LongExtraDayReduced,"{""slot_on_"":""38364\/56000@m25""}",49,19,10,9,17,14,1,0,1,102,54,26,26,28,28,8,1,6,1,1,1,false,MIN,-6,-4,-2,V2,0,3_5_fbios_PABUnityIAPiOSDefensiveBase,segment_tag_core_slot_prob_nu_29_06_var_a
67946,2026-04-13 05:40:51,30,30,1,accumulation,accumulation,coin,gold,1,false,1250000,11165912638801,143333,5,5,50,11,0,0,0,0,2,70559,250000,76,100,28.2,bonus_bs15_gae1_no,107,700000,,,,,50,19,10,9,17,16,1,0,1,103,54,26,26,28,30,8,1,6,5,8,8,false,SMALL,-2,0,-2,V2,0,3_5_fbios_PABUnityIAPiOSDefensiveBase,segment_tag_core_slot_prob_nu_29_06_var_a
67947,2026-04-13 05:40:53,30,2,2,accumulation,goldSack,goldSack,gold,1,false,7500000,11165920138801,143283,5,5,50,11,0,0,0,0,1,70609,250000,76,50,28.2,bonus_bs15_gae1_no,107,700000,,,,,51,19,10,9,17,17,1,0,1,104,54,26,26,28,31,8,1,6,7,3,8,false,MAX,8,8,0,V2,0,3_5_fbios_PABUnityIAPiOSDefensiveBase,segment_tag_core_slot_prob_nu_29_06_var_a
67948,2026-04-13 05:40:56,3,4,2,attack,steal,goldSack,gold,1,false,40000000,11165960138801,142883,5,5,400,11,1,1,0,0,0,70609,250000,76,0,28.2,bonus_bs15_gae1_no,107,700000,,,,,52,20,11,9,17,17,1,0,1,105,55,27,26,28,31,8,1,6,3,4,0,false,NORMAL,3,3,0,V2,0,3_5_fbios_PABUnityIAPiOSDefensiveBase,segment_tag_core_slot_prob_nu_29_06_var_a
67949,2026-04-13 05:41:01,1,1,4,coin,coin,steal,gold,1,false,2500000,11165962638801,142833,5,5,50,11,0,1,0,0,0,70609,250000,76,0,28.2,bonus_bs15_gae1_no,107,700000,,,,,53,20,12,9,17,17,1,0,1,106,55,28,26,28,31,8,1,6,4,5,5,false,SMALL,-2,-1,-1,V2,0,3_5_fbios_PABUnityIAPiOSDefensiveBase,segment_tag_core_slot_prob_nu_29_06_var_a
67950,2026-04-13 05:41:02,3,5,2,attack,shield,goldSack,gold,1,false,5000000,11165967638801,142783,5,5,50,11,1,0,1,0,0,70609,250000,76,0,28.2,bonus_bs15_gae1_no,107,700000,,,,,54,21,12,10,17,17,1,0,1,107,56,28,27,28,31,8,1,6,7,2,0,false,MIN,-3,-2,-1,V2,0,3_5_fbios_PABUnityIAPiOSDefensiveBase,segment_tag_core_slot_prob_nu_29_06_var_a
67951,2026-04-13 05:41:04,30,2,2,accumulation,goldSack,goldSack,gold,1,false,7500000,11165975138801,142733,5,5,50,11,0,0,0,0,1,70659,250000,76,50,28.3,bonus_bs15_gae1_no,107,700000,,,,,55,21,12,10,17,18,1,0,1,108,56,28,27,28,32,8,1,6,3,7,8,false,BIG,7,6,1,V2,0,3_5_fbios_PABUnityIAPiOSDefensiveBase,segment_tag_core_slot_prob_nu_29_06_var_a
67952,2026-04-13 05:41:07,1,1,6,coin,coin,spins,gold,1,false,20000000,11165995138801,142333,5,5,400,11,0,0,0,1,0,70659,250000,76,0,28.3,bonus_bs15_gae1_no,107,700000,,,,,56,21,12,10,18,18,1,0,1,109,56,28,27,29,32,8,1,6,6,5,5,false,NORMAL,1,0,1,V2,0,3_5_fbios_PABUnityIAPiOSDefensiveBase,segment_tag_core_slot_prob_nu_29_06_var_a
67953,2026-04-13 05:41:15,30,2,2,accumulation,goldSack,goldSack,gold,1,false,7500000,11166002638801,142283,5,5,50,11,0,0,0,0,1,70709,250000,76,50,28.3,bonus_bs15_gae1_no,107,700000,,,,,57,21,12,10,18,19,1,0,1,110,56,28,27,29,33,8,1,6,3,7,8,false,BIG,7,6,1,V2,0,3_5_fbios_PABUnityIAPiOSDefensiveBase,segment_tag_core_slot_prob_nu_29_06_var_a
67954,2026-04-13 05:41:17,4,6,2,steal,spins,goldSack,gold,1,false,5000000,11166007638801,142233,5,5,50,11,0,1,0,1,0,70709,250000,76,0,28.3,bonus_bs15_gae1_no,107,700000,LongExtraDayReduced,LongExtraDayReduced,,"{""slot_on_"":""38464\/56000@m25""}",58,21,13,10,19,19,1,0,1,111,56,29,27,30,33,8,1,6,3,6,4,false,BIG,5,2,3,V2,0,3_5_fbios_PABUnityIAPiOSDefensiveBase,segment_tag_core_slot_prob_nu_29_06_var_a
67955,2026-04-13 05:41:19,3,1,1,attack,coin,coin,gold,1,false,2500000,11166010138801,142183,5,5,50,11,1,0,0,0,0,70709,250000,76,0,28.3,bonus_bs15_gae1_no,107,700000,,,,,59,22,13,10,19,19,1,0,1,112,57,29,27,30,33,8,1,6,5,1,0,false,BIG,4,0,4,V2,0,3_5_fbios_PABUnityIAPiOSDefensiveBase,segment_tag_core_slot_prob_nu_29_06_var_a
67956,2026-04-13 05:41:20,30,30,1,accumulation,accumulation,coin,gold,1,false,1250000,11166011388801,142133,5,5,50,11,0,0,0,0,2,70809,250000,76,100,28.3,bonus_bs15_gae1_no,107,700000,,LongExtraDayReduced,,"{""slot_on_"":""38514\/56000@m25""}",60,22,13,10,19,21,1,0,1,113,57,29,27,30,35,8,1,6,1,8,8,false,BIG,5,1,4,V2,0,3_5_fbios_PABUnityIAPiOSDefensiveBase,segment_tag_core_slot_prob_nu_29_06_var_a
67957,2026-04-13 05:41:22,1,6,6,coin,spins,spins,gold,1,false,1250000,11166012638801,142083,5,5,50,11,0,0,0,2,0,70809,250000,76,0,28.3,bonus_bs15_gae1_no,107,700000,,,LongExtraDayReduced,"{""slot_on_"":""38564\/56000@m25""}",61,22,13,10,21,21,1,0,1,114,57,29,27,32,35,8,1,6,6,6,1,false,SMALL,-2,-3,1,V2,0,3_5_fbios_PABUnityIAPiOSDefensiveBase,segment_tag_core_slot_prob_nu_29_06_var_a
67958,2026-04-13 05:41:24,30,2,2,accumulation,goldSack,goldSack,gold,1,false,7500000,11166020138801,142033,5,5,50,11,0,0,0,0,1,70859,250000,76,50,28.3,bonus_bs15_gae1_no,107,700000,,LongExtraDayReduced,,"{""slot_on_"":""38614\/56000@m25""}",62,22,13,10,21,22,1,0,1,115,57,29,27,32,36,8,1,6,3,7,8,false,BIG,7,6,1,V2,0,3_5_fbios_PABUnityIAPiOSDefensiveBase,segment_tag_core_slot_prob_nu_29_06_var_a
67959,2026-04-13 05:41:26,3,3,3,attack,attack,attack,attack,2,true,0,11166020138801,141983,5,5,50,11,3,0,0,0,0,70859,250000,76,0,28.3,bonus_bs15_gae1_no,107,700000,,,,,63,25,13,10,21,22,2,0,1,116,60,29,27,32,36,9,1,6,0,0,0,false,SMALL,-1,-2,1,V2,0,3_5_fbios_PABUnityIAPiOSDefensiveBase,segment_tag_core_slot_prob_nu_29_06_var_a
67960,2026-04-13 05:41:30,5,5,5,shield,shield,shield,shield,3,true,50,11166350138801,141983,5,5,50,11,0,0,3,0,0,70859,250000,76,0,28.3,bonus_bs15_gae1_no,107,700000,,,,,64,25,13,13,21,22,2,0,2,117,60,29,30,32,36,9,1,7,2,2,2,false,SMALL,-1,-1,0,V2,0,3_5_fbios_PABUnityIAPiOSDefensiveBase,segment_tag_core_slot_prob_nu_29_06_var_a
67961,2026-04-13 05:41:32,3,1,5,attack,coin,shield,gold,1,false,1250000,11166351388801,141933,5,5,50,11,1,0,1,0,0,70859,250000,76,0,28.3,bonus_bs15_gae1_no,107,700000,,,LongExtraDayReduced,"{""slot_on_"":""38664\/56000@m25""}",65,26,13,14,21,22,2,0,2,118,61,29,31,32,36,9,1,7,2,5,0,false,MIN,-4,-3,-1,V2,0,3_5_fbios_PABUnityIAPiOSDefensiveBase,segment_tag_core_slot_prob_nu_29_06_var_a
67962,2026-04-13 05:41:33,1,5,5,coin,shield,shield,gold,1,false,1250000,11166352638801,141883,5,5,50,11,0,0,2,0,0,70859,250000,76,0,28.3,bonus_bs15_gae1_no,107,700000,,,LongExtraDayReduced,"{""slot_on_"":""38714\/56000@m25""}",66,26,13,16,21,22,2,0,2,119,61,29,33,32,36,9,1,7,2,2,1,false,MIN,-6,-3,-3,V2,0,3_5_fbios_PABUnityIAPiOSDefensiveBase,segment_tag_core_slot_prob_nu_29_06_var_a
67963,2026-04-13 05:41:34,30,2,2,accumulation,goldSack,goldSack,gold,1,false,7500000,11166360138801,141833,5,5,50,11,0,0,0,0,1,70909,250000,76,50,28.4,bonus_bs15_gae1_no,107,700000,,,,,67,26,13,16,21,23,2,0,2,120,61,29,33,32,37,9,1,7,7,3,8,false,BIG,4,6,-2,V2,0,3_5_fbios_PABUnityIAPiOSDefensiveBase,segment_tag_core_slot_prob_nu_29_06_var_a
67964,2026-04-13 05:41:36,3,1,5,attack,coin,shield,gold,1,false,1250000,11166361388801,141783,5,5,50,11,1,0,1,0,0,70909,250000,76,0,28.4,bonus_bs15_gae1_no,107,700000,,,,,68,27,13,17,21,23,2,0,2,121,62,29,34,32,37,9,1,7,2,1,0,false,NORMAL,0,0,0,V2,0,3_5_fbios_PABUnityIAPiOSDefensiveBase,segment_tag_core_slot_prob_nu_29_06_var_a
67965,2026-04-13 05:41:37,3,1,1,attack,coin,coin,gold,1,false,2500000,11166363888801,141733,5,5,50,11,1,0,0,0,0,70909,250000,76,0,28.4,bonus_bs15_gae1_no,107,700000,,,LongExtraDayReduced,"{""slot_on_"":""38764\/56000@m25""}",69,28,13,17,21,23,2,0,2,122,63,29,34,32,37,9,1,7,5,5,0,false,MIN,-4,-4,0,V2,0,3_5_fbios_PABUnityIAPiOSDefensiveBase,segment_tag_core_slot_prob_nu_29_06_var_a
67966,2026-04-13 05:41:38,1,1,1,coin,coin,coin,gold,1,true,12500000,11166376388801,141683,5,5,50,11,0,0,0,0,0,70909,250000,76,0,28.4,bonus_bs15_gae1_no,107,700000,LongExtraDayReduced,,,"{""slot_on_"":""38814\/56000@m25""}",70,28,13,17,21,23,2,0,2,123,63,29,34,32,37,9,1,7,5,5,5,false,SMALL,-1,-1,0,V2,0,3_5_fbios_PABUnityIAPiOSDefensiveBase,segment_tag_core_slot_prob_nu_29_06_var_a
67967,2026-04-13 05:41:40,1,1,1,coin,coin,coin,gold,1,true,12500000,11166388888801,141633,5,5,50,11,0,0,0,0,0,70909,250000,76,0,28.4,bonus_bs15_gae1_no,107,700000,,,,,71,28,13,17,21,23,2,0,2,124,63,29,34,32,37,9,1,7,5,5,5,false,NORMAL,1,1,0,V2,0,3_5_fbios_PABUnityIAPiOSDefensiveBase,segment_tag_core_slot_prob_nu_29_06_var_a
67968,2026-04-13 05:41:41,6,6,6,spins,spins,spins,spins,5,true,500,11166388888801,142083,5,5,50,11,0,0,0,3,0,70909,250000,76,0,28.4,bonus_bs15_gae1_no,107,700000,,,,,72,28,13,17,24,23,2,0,2,125,63,29,34,35,37,9,1,7,6,6,6,true,NORMAL,1,0,1,V2,0,3_5_fbios_PABUnityIAPiOSDefensiveBase,segment_tag_core_slot_prob_nu_29_06_var_a
67969,2026-04-13 05:41:43,4,6,2,steal,spins,goldSack,gold,1,false,5000000,11166393888801,142033,5,5,50,11,0,1,0,1,0,70909,250000,76,0,28.4,bonus_bs15_gae1_no,107,700000,,,,,73,28,14,17,25,23,2,0,2,1,0,1,0,1,0,0,0,0,7,6,4,false,NORMAL,1,0,1,V2,0,3_5_fbios_PABUnityIAPiOSDefensiveBase,segment_tag_core_slot_prob_nu_29_06_var_a
67970,2026-04-13 05:41:44,1,4,4,coin,steal,steal,gold,1,false,1250000,11166395138801,141983,5,5,50,11,0,2,0,0,0,70909,250000,76,0,28.4,bonus_bs15_gae1_no,107,700000,,,,,74,28,16,17,25,23,2,0,2,2,0,3,0,1,0,0,0,0,4,4,1,false,MIN,-3,-3,0,V2,0,3_5_fbios_PABUnityIAPiOSDefensiveBase,segment_tag_core_slot_prob_nu_29_06_var_a
67971,2026-04-13 05:41:45,4,6,2,steal,spins,goldSack,gold,1,false,5000000,11166400138801,141933,5,5,50,11,0,1,0,1,0,70909,250000,76,0,28.4,bonus_bs15_gae1_no,107,700000,,,,,75,28,17,17,26,23,2,0,2,3,0,4,0,2,0,0,0,0,3,6,4,false,BIG,4,2,2,V2,0,3_5_fbios_PABUnityIAPiOSDefensiveBase,segment_tag_core_slot_prob_nu_29_06_var_a
67972,2026-04-13 05:41:45,2,2,2,goldSack,goldSack,goldSack,gold,1,true,90000000,11166490138801,141883,5,5,50,11,0,0,0,0,0,70909,250000,76,0,28.4,bonus_bs15_gae1_no,107,700000,,LongExtraDayReduced,,"{""slot_on_"":""38864\/56000@m25""}",76,28,17,17,26,23,2,0,2,4,0,4,0,2,0,0,0,0,7,7,3,false,MAX,10,7,3,V2,0,3_5_fbios_PABUnityIAPiOSDefensiveBase,segment_tag_core_slot_prob_nu_29_06_var_a
67973,2026-04-13 05:41:47,4,6,2,steal,spins,goldSack,gold,1,false,5000000,11166495138801,141833,5,5,50,11,0,1,0,1,0,70909,250000,76,0,28.4,bonus_bs15_gae1_no,107,700000,,,,,77,28,18,17,27,23,2,0,2,5,0,5,0,3,0,0,0,0,3,6,4,false,BIG,4,1,3,V2,0,3_5_fbios_PABUnityIAPiOSDefensiveBase,segment_tag_core_slot_prob_nu_29_06_var_a
67974,2026-04-13 05:41:48,3,4,2,attack,steal,goldSack,gold,1,false,5000000,11166500138801,141783,5,5,50,11,1,1,0,0,0,70909,250000,76,0,28.4,bonus_bs15_gae1_no,107,700000,,,,,78,29,19,17,27,23,2,0,2,6,1,6,0,3,0,0,0,0,7,4,0,false,NORMAL,3,0,3,V2,0,3_5_fbios_PABUnityIAPiOSDefensiveBase,segment_tag_core_slot_prob_nu_29_06_var_a
67975,2026-04-13 05:41:49,1,1,1,coin,coin,coin,gold,1,true,12500000,11166512638801,141733,5,5,50,11,0,0,0,0,0,70909,250000,76,0,28.4,bonus_bs15_gae1_no,107,700000,,,,,79,29,19,17,27,23,2,0,2,7,1,6,0,3,0,0,0,0,5,5,5,false,NORMAL,1,-2,3,V2,0,3_5_fbios_PABUnityIAPiOSDefensiveBase,segment_tag_core_slot_prob_nu_29_06_var_a
67976,2026-04-13 05:41:50,4,6,2,steal,spins,goldSack,gold,1,false,5000000,11166517638801,141683,5,5,50,11,0,1,0,1,0,70909,250000,76,0,28.4,bonus_bs15_gae1_no,107,700000,,,,,80,29,20,17,28,23,2,0,2,8,1,7,0,4,0,0,0,0,7,6,4,false,BIG,5,1,4,V2,0,3_5_fbios_PABUnityIAPiOSDefensiveBase,segment_tag_core_slot_prob_nu_29_06_var_a
67977,2026-04-13 05:41:51,3,3,3,attack,attack,attack,attack,2,true,0,11166517638801,141633,5,5,50,11,3,0,0,0,0,70909,250000,76,0,28.4,bonus_bs15_gae1_no,107,700000,,,,,81,32,20,17,28,23,3,0,2,9,4,7,0,4,0,1,0,0,0,0,0,false,NORMAL,3,-1,4,V2,0,3_5_fbios_PABUnityIAPiOSDefensiveBase,segment_tag_core_slot_prob_nu_29_06_var_a
67978,2026-04-13 05:41:56,30,30,1,accumulation,accumulation,coin,gold,1,false,1250000,11167618888801,141583,5,5,50,11,0,0,0,0,2,71009,250000,76,100,28.4,bonus_bs15_gae1_no,107,700000,,,,,82,32,20,17,28,25,3,0,2,10,4,7,0,4,2,1,0,0,1,8,8,false,BIG,6,1,5,V2,0,3_5_fbios_PABUnityIAPiOSDefensiveBase,segment_tag_core_slot_prob_nu_29_06_var_a
67979,2026-04-13 05:41:58,3,1,1,attack,coin,coin,gold,1,false,2500000,11167621388801,141533,5,5,50,11,1,0,0,0,0,71009,250000,76,0,28.4,bonus_bs15_gae1_no,107,700000,,,,,83,33,20,17,28,25,3,0,2,11,5,7,0,4,2,1,0,0,1,5,0,false,NORMAL,3,-1,4,V2,0,3_5_fbios_PABUnityIAPiOSDefensiveBase,segment_tag_core_slot_prob_nu_29_06_var_a
67980,2026-04-13 05:41:59,3,3,1,attack,attack,coin,gold,1,false,1250000,11167622638801,141483,5,5,50,11,2,0,0,0,0,71009,250000,76,0,28.4,bonus_bs15_gae1_no,107,700000,,,,,84,35,20,17,28,25,3,0,2,12,7,7,0,4,2,1,0,0,5,0,0,false,NORMAL,3,-1,4,V2,0,3_5_fbios_PABUnityIAPiOSDefensiveBase,segment_tag_core_slot_prob_nu_29_06_var_a
67981,2026-04-13 05:42:00,3,3,1,attack,attack,coin,gold,1,false,1250000,11167623888801,141433,5,5,50,11,2,0,0,0,0,71009,250000,76,0,28.4,bonus_bs15_gae1_no,107,700000,,,,,85,37,20,17,28,25,3,0,2,13,9,7,0,4,2,1,0,0,1,0,0,false,NORMAL,2,0,2,V2,0,3_5_fbios_PABUnityIAPiOSDefensiveBase,segment_tag_core_slot_prob_nu_29_06_var_a
67982,2026-04-13 05:42:01,3,3,3,attack,attack,attack,attack,2,true,0,11167623888801,141383,5,5,50,11,3,0,0,0,0,71009,250000,76,0,28.4,bonus_bs15_gae1_no,107,700000,,,,,86,40,20,17,28,25,4,0,2,14,12,7,0,4,2,2,0,0,0,0,0,false,NORMAL,1,-1,2,V2,0,3_5_fbios_PABUnityIAPiOSDefensiveBase,segment_tag_core_slot_prob_nu_29_06_var_a
67983,2026-04-13 05:42:05,4,6,2,steal,spins,goldSack,gold,1,false,5000000,11167958888801,141333,5,5,50,11,0,1,0,1,0,71009,250000,76,0,28.4,bonus_bs15_gae1_no,107,700000,,,,,87,40,21,17,29,25,4,0,2,15,12,8,0,5,2,2,0,0,3,6,4,false,NORMAL,3,1,2,V2,0,3_5_fbios_PABUnityIAPiOSDefensiveBase,segment_tag_core_slot_prob_nu_29_06_var_a
67984,2026-04-13 05:42:06,30,30,1,accumulation,accumulation,coin,gold,1,false,1250000,11167960138801,141283,5,5,50,11,0,0,0,0,2,71109,250000,76,100,28.4,bonus_bs15_gae1_no,107,700000,,,,,88,40,21,17,29,27,4,0,2,16,12,8,0,5,4,2,0,0,1,8,8,false,BIG,5,2,3,V2,0,3_5_fbios_PABUnityIAPiOSDefensiveBase,segment_tag_core_slot_prob_nu_29_06_var_a
67985,2026-04-13 05:42:08,3,1,1,attack,coin,coin,gold,1,false,2500000,11167962638801,141233,5,5,50,11,1,0,0,0,0,71109,250000,76,0,28.4,bonus_bs15_gae1_no,107,700000,LongExtraDayReduced,,,"{""slot_on_"":""38914\/56000@m25""}",89,41,21,17,29,27,4,0,2,17,13,8,0,5,4,2,0,0,1,1,0,false,BIG,4,1,3,V2,0,3_5_fbios_PABUnityIAPiOSDefensiveBase,segment_tag_core_slot_prob_nu_29_06_var_a
67986,2026-04-13 05:42:09,3,5,2,attack,shield,goldSack,gold,1,false,5000000,11167967638801,141183,5,5,50,11,1,0,1,0,0,71109,250000,76,0,28.4,bonus_bs15_gae1_no,107,700000,LongExtraDayReduced,,,"{""slot_on_"":""38964\/56000@m25""}",90,42,21,18,29,27,4,0,2,18,14,8,1,5,4,2,0,0,7,2,0,false,NORMAL,2,-1,3,V2,0,3_5_fbios_PABUnityIAPiOSDefensiveBase,segment_tag_core_slot_prob_nu_29_06_var_a
67987,2026-04-13 05:42:10,4,4,4,steal,steal,steal,steal,4,true,0,11167967638801,141133,5,5,50,11,0,3,0,0,0,71109,250000,76,0,28.4,bonus_bs15_gae1_no,107,700000,,,,,91,42,24,18,29,27,4,1,2,19,14,11,1,5,4,2,1,0,4,4,4,false,SMALL,-1,-5,4,V2,0,3_5_fbios_PABUnityIAPiOSDefensiveBase,segment_tag_core_slot_prob_nu_29_06_var_a
67988,2026-04-13 05:42:17,30,2,2,accumulation,goldSack,goldSack,gold,1,false,7500000,11170644138801,141083,5,5,50,11,0,0,0,0,1,71159,250000,76,50,28.5,bonus_bs15_gae1_no,107,700000,,,,,92,42,24,18,29,28,4,1,2,20,14,11,1,5,5,2,1,0,7,3,8,false,MAX,12,8,4,V2,0,3_5_fbios_PABUnityIAPiOSDefensiveBase,segment_tag_core_slot_prob_nu_29_06_var_a
67989,2026-04-13 05:42:20,1,6,6,coin,spins,spins,gold,1,false,10000000,11170654138801,140683,5,5,400,11,0,0,0,2,0,71159,250000,76,0,28.5,bonus_bs15_gae1_no,107,700000,,,,,93,42,24,18,31,28,4,1,2,21,14,11,1,7,5,2,1,0,6,6,1,false,MIN,-3,-3,0,V2,0,3_5_fbios_PABUnityIAPiOSDefensiveBase,segment_tag_core_slot_prob_nu_29_06_var_a
67990,2026-04-13 05:42:21,1,1,1,coin,coin,coin,gold,1,true,100000000,11170754138801,140283,5,5,400,11,0,0,0,0,0,71159,250000,76,0,28.5,bonus_bs15_gae1_no,107,700000,,,,,94,42,24,18,31,28,4,1,2,22,14,11,1,7,5,2,1,0,5,5,1,false,MIN,-8,-8,0,V2,0,3_5_fbios_PABUnityIAPiOSDefensiveBase,segment_tag_core_slot_prob_nu_29_06_var_a
67991,2026-04-13 05:42:23,30,2,2,accumulation,goldSack,goldSack,gold,1,false,60000000,11170814138801,139883,5,5,400,11,0,0,0,0,1,71559,250000,76,400,28.6,bonus_bs15_gae1_no,107,700000,,LongExtraDayReduced,LongExtraDayReduced,"{""slot_on_"":""39764\/56000@m25""}",95,42,24,18,31,29,4,1,2,23,14,11,1,7,6,2,1,0,3,3,8,false,BIG,4,4,0,V2,0,3_5_fbios_PABUnityIAPiOSDefensiveBase,segment_tag_core_slot_prob_nu_29_06_var_a
67992,2026-04-13 05:42:25,3,3,3,attack,attack,attack,attack,2,true,0,11170814138801,139483,5,5,400,11,3,0,0,0,0,71559,250000,76,0,28.6,bonus_bs15_gae1_no,107,700000,,,,,96,45,24,18,31,29,5,1,2,24,17,11,1,7,6,3,1,0,0,0,0,false,MIN,-3,-2,-1,V2,0,3_5_fbios_PABUnityIAPiOSDefensiveBase,segment_tag_core_slot_prob_nu_29_06_var_a
67993,2026-04-13 05:42:31,30,30,1,accumulation,accumulation,coin,gold,1,false,1250000,11173455388801,139433,5,5,50,11,0,0,0,0,2,71659,250000,76,100,28.7,bonus_bs15_gae1_no,107,700000,,,,,97,45,24,18,31,31,5,1,2,25,17,11,1,7,8,3,1,0,1,8,8,false,NORMAL,1,1,0,V2,0,3_5_fbios_PABUnityIAPiOSDefensiveBase,segment_tag_core_slot_prob_nu_29_06_var_a
67994,2026-04-13 05:42:33,3,3,3,attack,attack,attack,attack,2,true,0,11173455388801,139383,5,5,50,11,3,0,0,0,0,71659,250000,76,0,28.7,bonus_bs15_gae1_no,107,700000,LongExtraDayReduced,,LongExtraDayReduced,"{""slot_on_"":""39864\/56000@m25""}",98,48,24,18,31,31,6,1,2,26,20,11,1,7,8,4,1,0,0,0,0,false,SMALL,-2,-2,0,V2,0,3_5_fbios_PABUnityIAPiOSDefensiveBase,segment_tag_core_slot_prob_nu_29_06_var_a
67995,2026-04-13 05:42:37,1,1,1,coin,coin,coin,gold,1,true,12500000,11174567888801,139333,5,5,50,11,0,0,0,0,0,71659,250000,76,0,28.7,bonus_bs15_gae1_no,107,700000,,,,,99,48,24,18,31,31,6,1,2,27,20,11,1,7,8,4,1,0,1,5,5,false,SMALL,-1,-1,0,V2,0,3_5_fbios_PABUnityIAPiOSDefensiveBase,segment_tag_core_slot_prob_nu_29_06_var_a
67996,2026-04-13 05:42:38,4,6,2,steal,spins,goldSack,gold,1,false,5000000,11174572888801,139283,5,5,50,11,0,1,0,1,0,71659,250000,76,0,28.7,bonus_bs15_gae1_no,107,700000,,,,,100,48,25,18,32,31,6,1,2,28,20,12,1,8,8,4,1,0,3,6,4,false,BIG,4,1,3,V2,0,3_5_fbios_PABUnityIAPiOSDefensiveBase,segment_tag_core_slot_prob_nu_29_06_var_a
67997,2026-04-13 05:42:40,2,2,2,goldSack,goldSack,goldSack,gold,1,true,90000000,11174662888801,139233,5,5,50,11,0,0,0,0,0,71659,250000,76,0,28.7,bonus_bs15_gae1_no,107,700000,,,,,101,48,25,18,32,31,6,1,2,29,20,12,1,8,8,4,1,0,3,7,3,false,MAX,11,7,4,V2,0,3_5_fbios_PABUnityIAPiOSDefensiveBase,segment_tag_core_slot_prob_nu_29_06_var_a
67998,2026-04-13 05:42:43,3,5,2,attack,shield,goldSack,gold,1,false,40000000,11174702888801,138833,5,5,400,11,1,0,1,0,0,71659,250000,76,0,28.7,bonus_bs15_gae1_no,107,700000,LongExtraDayReduced,,,"{""slot_on_"":""40264\/56000@m25""}",102,49,25,19,32,31,6,1,2,30,21,12,2,8,8,4,1,0,7,2,0,false,NORMAL,1,-2,3,V2,0,3_5_fbios_PABUnityIAPiOSDefensiveBase,segment_tag_core_slot_prob_nu_29_06_var_a
67999,2026-04-13 05:42:47,1,1,4,coin,coin,steal,gold,1,false,2500000,11174705388801,138783,5,5,50,11,0,1,0,0,0,71659,250000,76,0,28.7,bonus_bs15_gae1_no,107,700000,,,,,103,49,26,19,32,31,6,1,2,31,21,13,2,8,8,4,1,0,4,1,1,false,SMALL,-2,-2,0,V2,0,3_5_fbios_PABUnityIAPiOSDefensiveBase,segment_tag_core_slot_prob_nu_29_06_var_a
68000,2026-04-13 05:42:48,1,5,5,coin,shield,shield,gold,1,false,1250000,11174706638801,138733,5,5,50,11,0,0,2,0,0,71659,250000,76,0,28.7,bonus_bs15_gae1_no,107,700000,,,,,104,49,26,21,32,31,6,1,2,32,21,13,4,8,8,4,1,0,2,2,1,false,SMALL,-2,-2,0,V2,0,3_5_fbios_PABUnityIAPiOSDefensiveBase,segment_tag_core_slot_prob_nu_29_06_var_a
68001,2026-04-13 05:42:49,1,1,4,coin,coin,steal,gold,1,false,2500000,11174709138801,138683,5,5,50,11,0,1,0,0,0,71659,250000,76,0,28.7,bonus_bs15_gae1_no,107,700000,,,,,105,49,27,21,32,31,6,1,2,33,21,14,4,8,8,4,1,0,4,1,1,false,MIN,-4,-2,-2,V2,0,3_5_fbios_PABUnityIAPiOSDefensiveBase,segment_tag_core_slot_prob_nu_29_06_var_a
68002,2026-04-13 05:42:51,30,30,1,accumulation,accumulation,coin,gold,1,false,1250000,11174710388801,138633,5,5,50,11,0,0,0,0,2,71759,250000,76,100,28.7,bonus_bs15_gae1_no,107,700000,,,,,106,49,27,21,32,33,6,1,2,34,21,14,4,8,10,4,1,0,1,8,8,false,SMALL,-1,1,-2,V2,0,3_5_fbios_PABUnityIAPiOSDefensiveBase,segment_tag_core_slot_prob_nu_29_06_var_a
68003,2026-04-13 05:42:52,1,1,4,coin,coin,steal,gold,1,false,2500000,11174712888801,138583,5,5,50,11,0,1,0,0,0,71759,250000,76,0,28.7,bonus_bs15_gae1_no,107,700000,,,,,107,49,28,21,32,33,6,1,2,35,21,15,4,8,10,4,1,0,4,5,1,false,MIN,-8,-6,-2,V2,0,3_5_fbios_PABUnityIAPiOSDefensiveBase,segment_tag_core_slot_prob_nu_29_06_var_a
68004,2026-04-13 05:42:53,2,2,2,goldSack,goldSack,goldSack,gold,1,true,90000000,11174802888801,138533,5,5,50,11,0,0,0,0,0,71759,250000,76,0,28.7,bonus_bs15_gae1_no,107,700000,,,,,108,49,28,21,32,33,6,1,2,36,21,15,4,8,10,4,1,0,7,3,7,false,SMALL,-1,1,-2,V2,0,3_5_fbios_PABUnityIAPiOSDefensiveBase,segment_tag_core_slot_prob_nu_29_06_var_a
68005,2026-04-13 05:42:55,3,3,3,attack,attack,attack,attack,2,true,0,11174802888801,138483,5,5,50,11,3,0,0,0,0,71759,250000,76,0,28.7,bonus_bs15_gae1_no,107,700000,,,LongExtraDayReduced,"{""slot_on_"":""40314\/56000@m25""}",109,52,28,21,32,33,7,1,2,37,24,15,4,8,10,5,1,0,0,0,0,false,SMALL,-2,-2,0,V2,0,3_5_fbios_PABUnityIAPiOSDefensiveBase,segment_tag_core_slot_prob_nu_29_06_var_a
68006,2026-04-13 05:42:59,1,1,4,coin,coin,steal,gold,1,false,2500000,11175905388801,138433,5,5,50,11,0,1,0,0,0,71759,250000,76,0,28.7,bonus_bs15_gae1_no,107,700000,LongExtraDayReduced,,LongExtraDayReduced,"{""slot_on_"":""40414\/56000@m25""}",110,52,29,21,32,33,7,1,2,38,24,16,4,8,10,5,1,0,4,1,5,false,NORMAL,1,1,0,V2,0,3_5_fbios_PABUnityIAPiOSDefensiveBase,segment_tag_core_slot_prob_nu_29_06_var_a
68007,2026-04-13 05:43:00,1,1,1,coin,coin,coin,gold,1,true,12500000,11175917888801,138383,5,5,50,11,0,0,0,0,0,71759,250000,76,0,28.7,bonus_bs15_gae1_no,107,700000,,,,,111,52,29,21,32,33,7,1,2,39,24,16,4,8,10,5,1,0,1,5,5,false,NORMAL,1,1,0,V2,0,3_5_fbios_PABUnityIAPiOSDefensiveBase,segment_tag_core_slot_prob_nu_29_06_var_a
68008,2026-04-13 05:43:01,3,6,2,attack,spins,goldSack,gold,1,false,5000000,11175922888801,138333,5,5,50,11,1,0,0,1,0,71759,250000,76,0,28.7,bonus_bs15_gae1_no,107,700000,LongExtraDayReduced,,,"{""slot_on_"":""40464\/56000@m25""}",112,53,29,21,33,33,7,1,2,40,25,16,4,9,10,5,1,0,3,6,0,false,NORMAL,2,2,0,V2,0,3_5_fbios_PABUnityIAPiOSDefensiveBase,segment_tag_core_slot_prob_nu_29_06_var_a
68009,2026-04-13 05:43:02,4,6,2,steal,spins,goldSack,gold,1,false,5000000,11175927888801,138283,5,5,50,11,0,1,0,1,0,71759,250000,76,0,28.7,bonus_bs15_gae1_no,107,700000,,,,,113,53,30,21,34,33,7,1,2,41,25,17,4,10,10,5,1,0,3,6,4,false,NORMAL,3,2,1,V2,0,3_5_fbios_PABUnityIAPiOSDefensiveBase,segment_tag_core_slot_prob_nu_29_06_var_a
68010,2026-04-13 05:43:04,30,2,2,accumulation,goldSack,goldSack,gold,1,false,7500000,11175935388801,138233,5,5,50,11,0,0,0,0,1,71809,250000,76,50,28.7,bonus_bs15_gae1_no,107,700000,,,,,114,53,30,21,34,34,7,1,2,42,25,17,4,10,11,5,1,0,7,3,8,false,MAX,11,8,3,V2,0,3_5_fbios_PABUnityIAPiOSDefensiveBase,segment_tag_core_slot_prob_nu_29_06_var_a
68011,2026-04-13 05:43:06,3,3,3,attack,attack,attack,attack,2,true,0,11175935388801,137833,5,5,400,11,3,0,0,0,0,71809,250000,76,0,28.7,bonus_bs15_gae1_no,107,700000,,,,,115,56,30,21,34,34,8,1,2,43,28,17,4,10,11,6,1,0,0,0,0,false,NORMAL,1,-2,3,V2,0,3_5_fbios_PABUnityIAPiOSDefensiveBase,segment_tag_core_slot_prob_nu_29_06_var_a
68012,2026-04-13 05:43:12,30,2,2,accumulation,goldSack,goldSack,gold,1,false,7500000,11178582888801,137783,5,5,50,11,0,0,0,0,1,71859,250000,76,50,28.7,bonus_bs15_gae1_no,107,700000,,,,,116,56,30,21,34,35,8,1,2,44,28,17,4,10,12,6,1,0,3,7,8,false,MAX,10,6,4,V2,0,3_5_fbios_PABUnityIAPiOSDefensiveBase,segment_tag_core_slot_prob_nu_29_06_var_a
68013,2026-04-13 05:43:17,3,3,3,attack,attack,attack,attack,2,true,0,11178582888801,137383,5,5,400,11,3,0,0,0,0,71859,250000,76,0,28.7,bonus_bs15_gae1_no,107,700000,,,,,117,59,30,21,34,35,9,1,2,45,31,17,4,10,12,7,1,0,0,0,0,false,NORMAL,2,-2,4,V2,0,3_5_fbios_PABUnityIAPiOSDefensiveBase,segment_tag_core_slot_prob_nu_29_06_var_a
68014,2026-04-13 05:43:23,1,1,4,coin,coin,steal,gold,1,false,2500000,11181225388801,137333,5,5,50,11,0,1,0,0,0,71859,250000,76,0,28.7,bonus_bs15_gae1_no,107,700000,LongExtraDayReduced,,,"{""slot_on_"":""40514\/56000@m25""}",118,59,31,21,34,35,9,1,2,46,31,18,4,10,12,7,1,0,4,1,5,false,NORMAL,3,1,2,V2,0,3_5_fbios_PABUnityIAPiOSDefensiveBase,segment_tag_core_slot_prob_nu_29_06_var_a
68015,2026-04-13 05:43:24,30,2,2,accumulation,goldSack,goldSack,gold,1,false,7500000,11181232888801,137283,5,5,50,11,0,0,0,0,1,71909,250000,76,50,28.8,bonus_bs15_gae1_no,107,700000,LongExtraDayReduced,LongExtraDayReduced,,"{""slot_on_"":""40614\/56000@m25""}",119,59,31,21,34,36,9,1,2,47,31,18,4,10,13,7,1,0,3,3,8,false,BIG,5,4,1,V2,0,3_5_fbios_PABUnityIAPiOSDefensiveBase,segment_tag_core_slot_prob_nu_29_06_var_a
68016,2026-04-13 05:43:26,30,2,2,accumulation,goldSack,goldSack,gold,1,false,7500000,11181240388801,137233,5,5,50,11,0,0,0,0,1,71959,250000,76,50,28.8,bonus_bs15_gae1_no,107,700000,,,,,120,59,31,21,34,37,9,1,2,48,31,18,4,10,14,7,1,0,3,7,8,false,MAX,9,8,1,V2,0,3_5_fbios_PABUnityIAPiOSDefensiveBase,segment_tag_core_slot_prob_nu_29_06_var_a
68017,2026-04-13 05:43:32,1,1,1,coin,coin,coin,gold,1,true,375000000,11181615388801,135733,5,5,1500,11,0,0,0,0,0,71959,250000,76,0,28.8,bonus_bs15_gae1_no,107,700000,,,,,121,59,31,21,34,37,9,1,2,49,31,18,4,10,14,7,1,0,1,1,1,false,MIN,-7,-4,-3,V2,0,3_5_fbios_PABUnityIAPiOSDefensiveBase,segment_tag_core_slot_prob_nu_29_06_var_a
68018,2026-04-13 05:43:36,2,2,2,goldSack,goldSack,goldSack,gold,1,true,90000000,11181705388801,135683,5,5,50,11,0,0,0,0,0,71959,250000,76,0,28.8,bonus_bs15_gae1_no,107,700000,,,,,122,59,31,21,34,37,9,1,2,50,31,18,4,10,14,7,1,0,3,3,3,false,NORMAL,0,3,-3,V2,0,3_5_fbios_PABUnityIAPiOSDefensiveBase,segment_tag_core_slot_prob_nu_29_06_var_a
68019,2026-04-13 05:43:37,4,4,4,steal,steal,steal,steal,4,true,0,11181705388801,135633,5,5,50,11,0,3,0,0,0,71959,250000,76,0,28.8,bonus_bs15_gae1_no,107,700000,,,,,123,59,34,21,34,37,9,2,2,51,31,21,4,10,14,7,2,0,4,4,4,false,MIN,-6,-5,-1,V2,0,3_5_fbios_PABUnityIAPiOSDefensiveBase,segment_tag_core_slot_prob_nu_29_06_var_a
68020,2026-04-13 05:43:42,3,1,4,attack,coin,steal,gold,1,false,1250000,11188129938801,135583,5,5,50,11,1,1,0,0,0,71959,250000,76,0,28.8,bonus_bs15_gae1_no,107,700000,LongExtraDayReduced,,LongExtraDayReduced,"{""slot_on_"":""40714\/56000@m25""}",124,60,35,21,34,37,9,2,2,52,32,22,4,10,14,7,2,0,4,1,0,false,NORMAL,3,2,1,V2,0,3_5_fbios_PABUnityIAPiOSDefensiveBase,segment_tag_core_slot_prob_nu_29_06_var_a
68021,2026-04-13 05:43:43,1,4,4,coin,steal,steal,gold,1,false,1250000,11188131188801,135533,5,5,50,11,0,2,0,0,0,71959,250000,76,0,28.8,bonus_bs15_gae1_no,107,700000,LongExtraDayReduced,,,"{""slot_on_"":""40764\/56000@m25""}",125,60,37,21,34,37,9,2,2,53,32,24,4,10,14,7,2,0,4,4,5,false,NORMAL,2,1,1,V2,0,3_5_fbios_PABUnityIAPiOSDefensiveBase,segment_tag_core_slot_prob_nu_29_06_var_a
68022,2026-04-13 05:43:45,30,2,2,accumulation,goldSack,goldSack,gold,1,false,7500000,11188138688801,135483,5,5,50,11,0,0,0,0,1,72009,250000,76,50,28.8,bonus_bs15_gae1_no,107,700000,,,,,126,60,37,21,34,38,9,2,2,54,32,24,4,10,15,7,2,0,7,7,8,false,MAX,9,8,1,V2,0,3_5_fbios_PABUnityIAPiOSDefensiveBase,segment_tag_core_slot_prob_nu_29_06_var_a
68023,2026-04-13 05:43:48,30,2,2,accumulation,goldSack,goldSack,gold,1,false,60000000,11188198688801,135083,5,5,400,11,0,0,0,0,1,72409,250000,76,400,29.0,bonus_bs15_gae1_no,107,700000,LongExtraDayReduced,,,"{""slot_on_"":""41164\/56000@m25""}",127,60,37,21,34,39,9,2,2,55,32,24,4,10,16,7,2,0,7,3,8,false,MAX,13,10,3,V2,0,3_5_fbios_PABUnityIAPiOSDefensiveBase,segment_tag_core_slot_prob_nu_29_06_var_a
68024,2026-04-13 05:43:51,30,30,1,accumulation,accumulation,coin,gold,1,false,37500000,11188236188801,133583,5,5,1500,11,0,0,0,0,2,75409,250000,76,3000,30.2,bonus_bs15_gae1_no,107,700000,,,,,128,60,37,21,34,41,9,2,2,56,32,24,4,10,18,7,2,0,1,8,8,false,NORMAL,3,2,1,V2,0,3_5_fbios_PABUnityIAPiOSDefensiveBase,segment_tag_core_slot_prob_nu_29_06_var_a
68025,2026-04-13 05:43:54,1,1,1,coin,coin,coin,gold,1,true,375000000,11188611188801,132083,5,5,1500,11,0,0,0,0,0,75409,250000,76,0,30.2,bonus_bs15_gae1_no,107,700000,,LongExtraDayReduced,,"{""slot_on_"":""42664\/56000@m25""}",129,60,37,21,34,41,9,2,2,57,32,24,4,10,18,7,2,0,5,5,1,false,MIN,-11,-9,-2,V2,0,3_5_fbios_PABUnityIAPiOSDefensiveBase,segment_tag_core_slot_prob_nu_29_06_var_a
68026,2026-04-13 05:43:57,3,3,2,attack,attack,goldSack,gold,1,false,150000000,11188761188801,130583,5,5,1500,11,2,0,0,0,0,75409,250000,76,0,30.2,bonus_bs15_gae1_no,107,700000,LongExtraDayReduced,,,"{""slot_on_"":""44164\/56000@m25""}",130,62,37,21,34,41,9,2,2,58,34,24,4,10,18,7,2,0,7,0,0,false,MIN,-4,-2,-2,V2,0,3_5_fbios_PABUnityIAPiOSDefensiveBase,segment_tag_core_slot_prob_nu_29_06_var_a
68027,2026-04-13 05:44:01,30,2,2,accumulation,goldSack,goldSack,gold,1,false,225000000,11188986188801,129083,5,5,1500,11,0,0,0,0,1,76909,250000,76,1500,30.8,bonus_bs15_gae1_no,107,700000,,,,,131,62,37,21,34,42,9,2,2,59,34,24,4,10,19,7,2,0,3,7,8,false,BIG,7,6,1,V2,0,3_5_fbios_PABUnityIAPiOSDefensiveBase,segment_tag_core_slot_prob_nu_29_06_var_a
68028,2026-04-13 05:44:04,1,1,1,coin,coin,coin,gold,1,true,1500000000,11190486188801,123083,5,5,6000,11,0,0,0,0,0,76909,250000,76,0,30.8,bonus_bs15_gae1_no,107,700000,,,,,132,62,37,21,34,42,9,2,2,60,34,24,4,10,19,7,2,0,5,5,1,false,MIN,-11,-9,-2,V2,0,3_5_fbios_PABUnityIAPiOSDefensiveBase,segment_tag_core_slot_prob_nu_29_06_var_a
68029,2026-04-13 05:44:07,1,1,1,coin,coin,coin,gold,1,true,12500000,11190498688801,123033,5,5,50,11,0,0,0,0,0,76909,250000,76,0,30.8,bonus_bs15_gae1_no,107,700000,,,,,133,62,37,21,34,42,9,2,2,61,34,24,4,10,19,7,2,0,1,5,5,false,MIN,-3,-1,-2,V2,0,3_5_fbios_PABUnityIAPiOSDefensiveBase,segment_tag_core_slot_prob_nu_29_06_var_a
68030,2026-04-13 05:44:08,3,1,5,attack,coin,shield,gold,1,false,1250000,11190499938801,122983,5,5,50,11,1,0,1,0,0,76909,250000,76,0,30.8,bonus_bs15_gae1_no,107,700000,,,,,134,63,37,22,34,42,9,2,2,62,35,24,5,10,19,7,2,0,2,5,0,false,SMALL,-2,-2,0,V2,0,3_5_fbios_PABUnityIAPiOSDefensiveBase,segment_tag_core_slot_prob_nu_29_06_var_a
68031,2026-04-13 05:44:09,3,6,2,attack,spins,goldSack,gold,1,false,5000000,11190504938801,122933,5,5,50,11,1,0,0,1,0,76909,250000,76,0,30.8,bonus_bs15_gae1_no,107,700000,,,,,135,64,37,22,35,42,9,2,2,63,36,24,5,11,19,7,2,0,7,6,0,false,SMALL,-2,-2,0,V2,0,3_5_fbios_PABUnityIAPiOSDefensiveBase,segment_tag_core_slot_prob_nu_29_06_var_a
68032,2026-04-13 05:44:11,2,2,2,goldSack,goldSack,goldSack,gold,1,true,90000000,11190594938801,122883,5,5,50,11,0,0,0,0,0,76909,250000,76,0,30.8,bonus_bs15_gae1_no,107,700000,,,,,136,64,37,22,35,42,9,2,2,64,36,24,5,11,19,7,2,0,7,3,3,false,BIG,6,6,0,V2,0,3_5_fbios_PABUnityIAPiOSDefensiveBase,segment_tag_core_slot_prob_nu_29_06_var_a
68033,2026-04-13 05:44:12,3,3,1,attack,attack,coin,gold,1,false,1250000,11190596188801,122833,5,5,50,11,2,0,0,0,0,76909,250000,76,0,30.8,bonus_bs15_gae1_no,107,700000,,,,,137,66,37,22,35,42,9,2,2,65,38,24,5,11,19,7,2,0,1,0,0,false,SMALL,-1,-1,0,V2,0,3_5_fbios_PABUnityIAPiOSDefensiveBase,segment_tag_core_slot_prob_nu_29_06_var_a
68034,2026-04-13 05:44:13,3,1,1,attack,coin,coin,gold,1,false,2500000,11190598688801,122783,5,5,50,11,1,0,0,0,0,76909,250000,76,0,30.8,bonus_bs15_gae1_no,107,700000,,,,,138,67,37,22,35,42,9,2,2,66,39,24,5,11,19,7,2,0,5,5,0,false,SMALL,-2,-3,1,V2,0,3_5_fbios_PABUnityIAPiOSDefensiveBase,segment_tag_core_slot_prob_nu_29_06_var_a
68035,2026-04-13 05:44:15,2,2,2,goldSack,goldSack,goldSack,gold,1,true,90000000,11190688688801,122733,5,5,50,11,0,0,0,0,0,76909,250000,76,0,30.8,bonus_bs15_gae1_no,107,700000,,,,,139,67,37,22,35,42,9,2,2,67,39,24,5,11,19,7,2,0,3,3,7,false,NORMAL,1,0,1,V2,0,3_5_fbios_PABUnityIAPiOSDefensiveBase,segment_tag_core_slot_prob_nu_29_06_var_a
68036,2026-04-13 05:44:16,1,6,6,coin,spins,spins,gold,1,false,1250000,11190689938801,122683,5,5,50,11,0,0,0,2,0,76909,250000,76,0,30.8,bonus_bs15_gae1_no,107,700000,,,,,140,67,37,22,37,42,9,2,2,68,39,24,5,13,19,7,2,0,6,6,5,false,NORMAL,2,2,0,V2,0,3_5_fbios_PABUnityIAPiOSDefensiveBase,segment_tag_core_slot_prob_nu_29_06_var_a
68037,2026-04-13 05:44:17,30,30,1,accumulation,accumulation,coin,gold,1,false,1250000,11190691188801,122633,5,5,50,11,0,0,0,0,2,77009,250000,76,100,30.8,bonus_bs15_gae1_no,107,700000,,,LongExtraDayReduced,"{""slot_on_"":""44214\/56000@m25""}",141,67,37,22,37,44,9,2,2,69,39,24,5,13,21,7,2,0,1,8,8,false,NORMAL,1,1,0,V2,0,3_5_fbios_PABUnityIAPiOSDefensiveBase,segment_tag_core_slot_prob_nu_29_06_var_a
68038,2026-04-13 05:44:18,4,6,2,steal,spins,goldSack,gold,1,false,5000000,11190696188801,122583,5,5,50,11,0,1,0,1,0,77009,250000,76,0,30.8,bonus_bs15_gae1_no,107,700000,,,,,142,67,38,22,38,44,9,2,2,70,39,25,5,14,21,7,2,0,3,6,4,false,NORMAL,3,1,2,V2,0,3_5_fbios_PABUnityIAPiOSDefensiveBase,segment_tag_core_slot_prob_nu_29_06_var_a
68039,2026-04-13 05:44:20,30,2,2,accumulation,goldSack,goldSack,gold,1,false,7500000,11190703688801,122533,5,5,50,11,0,0,0,0,1,77059,250000,76,50,30.8,bonus_bs15_gae1_no,107,700000,,,,,143,67,38,22,38,45,9,2,2,71,39,25,5,14,22,7,2,0,7,3,8,false,MAX,11,8,3,V2,0,3_5_fbios_PABUnityIAPiOSDefensiveBase,segment_tag_core_slot_prob_nu_29_06_var_a
68040,2026-04-13 05:44:23,1,1,1,coin,coin,coin,gold,1,true,375000000,11191078688801,121033,5,5,1500,11,0,0,0,0,0,77059,250000,76,0,30.8,bonus_bs15_gae1_no,107,700000,,,,,144,67,38,22,38,45,9,2,2,72,39,25,5,14,22,7,2,0,1,5,1,false,MIN,-7,-7,0,V2,0,3_5_fbios_PABUnityIAPiOSDefensiveBase,segment_tag_core_slot_prob_nu_29_06_var_a
68041,2026-04-13 05:44:26,4,6,2,steal,spins,goldSack,gold,1,false,5000000,11191083688801,120983,5,5,50,11,0,1,0,1,0,77059,250000,76,0,30.8,bonus_bs15_gae1_no,107,700000,,,,,145,67,39,22,39,45,9,2,2,73,39,26,5,15,22,7,2,0,7,6,4,false,NORMAL,2,1,1,V2,0,3_5_fbios_PABUnityIAPiOSDefensiveBase,segment_tag_core_slot_prob_nu_29_06_var_a
68042,2026-04-13 05:44:27,3,3,2,attack,attack,goldSack,gold,1,false,5000000,11191088688801,120933,5,5,50,11,2,0,0,0,0,77059,250000,76,0,30.8,bonus_bs15_gae1_no,107,700000,,,,,146,69,39,22,39,45,9,2,2,74,41,26,5,15,22,7,2,0,7,0,0,false,NORMAL,3,0,3,V2,0,3_5_fbios_PABUnityIAPiOSDefensiveBase,segment_tag_core_slot_prob_nu_29_06_var_a
68043,2026-04-13 05:44:28,6,6,2,spins,spins,goldSack,gold,1,false,5000000,11191093688801,120883,5,5,50,11,0,0,0,2,0,77059,250000,76,0,30.8,bonus_bs15_gae1_no,107,700000,,,,,147,69,39,22,41,45,9,2,2,75,41,26,5,17,22,7,2,0,3,6,6,false,BIG,5,2,3,V2,0,3_5_fbios_PABUnityIAPiOSDefensiveBase,segment_tag_core_slot_prob_nu_29_06_var_a
68044,2026-04-13 05:44:31,1,5,5,coin,shield,shield,gold,1,false,1250000,11191094938801,120833,5,5,50,11,0,0,2,0,0,77059,250000,76,0,30.8,bonus_bs15_gae1_no,107,700000,,,,,148,69,39,24,41,45,9,2,2,76,41,26,7,17,22,7,2,0,2,2,1,false,MIN,-5,-4,-1,V2,0,3_5_fbios_PABUnityIAPiOSDefensiveBase,segment_tag_core_slot_prob_nu_29_06_var_a
68045,2026-04-13 05:44:32,30,2,2,accumulation,goldSack,goldSack,gold,1,false,7500000,11191102438801,120783,5,5,50,11,0,0,0,0,1,77109,250000,76,50,30.8,bonus_bs15_gae1_no,107,700000,,,,,149,69,39,24,41,46,9,2,2,77,41,26,7,17,23,7,2,0,3,3,8,false,NORMAL,2,3,-1,V2,0,3_5_fbios_PABUnityIAPiOSDefensiveBase,segment_tag_core_slot_prob_nu_29_06_var_a
68046,2026-04-13 05:44:35,30,2,2,accumulation,goldSack,goldSack,gold,1,false,7500000,11191109938801,120733,5,5,50,11,0,0,0,0,1,77159,250000,76,50,30.9,bonus_bs15_gae1_no,107,700000,,,LongExtraDayReduced,"{""slot_on_"":""44264\/56000@m25""}",150,69,39,24,41,47,9,2,2,78,41,26,7,17,24,7,2,0,3,3,8,false,BIG,5,6,-1,V2,0,3_5_fbios_PABUnityIAPiOSDefensiveBase,segment_tag_core_slot_prob_nu_29_06_var_a
68047,2026-04-13 05:44:38,3,1,1,attack,coin,coin,gold,1,false,2500000,11191112438801,120683,5,5,50,11,1,0,0,0,0,77159,250000,76,0,30.9,bonus_bs15_gae1_no,107,700000,,LongExtraDayReduced,,"{""slot_on_"":""44314\/56000@m25""}",151,70,39,24,41,47,9,2,2,79,42,26,7,17,24,7,2,0,5,1,0,false,SMALL,-2,-1,-1,V2,0,3_5_fbios_PABUnityIAPiOSDefensiveBase,segment_tag_core_slot_prob_nu_29_06_var_a
68048,2026-04-13 05:44:40,1,1,1,coin,coin,coin,gold,1,true,12500000,11191124938801,120633,5,5,50,11,0,0,0,0,0,77159,250000,76,0,30.9,bonus_bs15_gae1_no,107,700000,,,,,152,70,39,24,41,47,9,2,2,80,42,26,7,17,24,7,2,0,1,1,1,false,MIN,-7,-4,-3,V2,0,3_5_fbios_PABUnityIAPiOSDefensiveBase,segment_tag_core_slot_prob_nu_29_06_var_a
68049,2026-04-13 05:44:41,5,5,5,shield,shield,shield,shield,3,true,50,11191124938801,120633,5,5,50,11,0,0,3,0,0,77159,250000,76,0,30.9,bonus_bs15_gae1_no,107,700000,,,,,153,70,39,27,41,47,9,2,3,81,42,26,10,17,24,7,2,1,2,2,2,false,MIN,-4,-1,-3,V2,0,3_5_fbios_PABUnityIAPiOSDefensiveBase,segment_tag_core_slot_prob_nu_29_06_var_a
68050,2026-04-13 05:44:42,5,5,5,shield,shield,shield,shield,3,true,50,11191124938801,120633,5,5,50,11,0,0,3,0,0,77159,250000,76,0,30.9,bonus_bs15_gae1_no,107,700000,,,,,154,70,39,30,41,47,9,2,4,82,42,26,13,17,24,7,2,2,2,2,2,false,SMALL,-2,-1,-1,V2,0,3_5_fbios_PABUnityIAPiOSDefensiveBase,segment_tag_core_slot_prob_nu_29_06_var_a
68051,2026-04-13 05:44:43,3,4,2,attack,steal,goldSack,gold,1,false,5000000,11191129938801,120583,5,5,50,11,1,1,0,0,0,77159,250000,76,0,30.9,bonus_bs15_gae1_no,107,700000,,,LongExtraDayReduced,"{""slot_on_"":""44364\/56000@m25""}",155,71,40,30,41,47,9,2,4,83,43,27,13,17,24,7,2,2,3,4,0,false,NORMAL,1,1,0,V2,0,3_5_fbios_PABUnityIAPiOSDefensiveBase,segment_tag_core_slot_prob_nu_29_06_var_a
68052,2026-04-13 05:44:45,3,3,3,attack,attack,attack,attack,2,true,0,11191129938801,120533,5,5,50,11,3,0,0,0,0,77159,250000,76,0,30.9,bonus_bs15_gae1_no,107,700000,,,,,156,74,40,30,41,47,10,2,4,84,46,27,13,17,24,8,2,2,0,0,0,false,SMALL,-2,-1,-1,V2,0,3_5_fbios_PABUnityIAPiOSDefensiveBase,segment_tag_core_slot_prob_nu_29_06_var_a
68053,2026-04-13 05:44:49,30,30,1,accumulation,accumulation,coin,gold,1,false,1250000,11192231188801,120483,5,5,50,11,0,0,0,0,2,77259,250000,76,100,30.9,bonus_bs15_gae1_no,107,700000,,,,,157,74,40,30,41,49,10,2,4,85,46,27,13,17,26,8,2,2,5,8,8,false,NORMAL,0,0,0,V2,0,3_5_fbios_PABUnityIAPiOSDefensiveBase,segment_tag_core_slot_prob_nu_29_06_var_a
68054,2026-04-13 05:44:50,30,2,2,accumulation,goldSack,goldSack,gold,1,false,7500000,11192238688801,120433,5,5,50,11,0,0,0,0,1,77309,250000,76,50,30.9,bonus_bs15_gae1_no,107,700000,,LongExtraDayReduced,LongExtraDayReduced,"{""slot_on_"":""44464\/56000@m25""}",158,74,40,30,41,50,10,2,4,86,46,27,13,17,27,8,2,2,7,3,8,false,MAX,9,8,1,V2,0,3_5_fbios_PABUnityIAPiOSDefensiveBase,segment_tag_core_slot_prob_nu_29_06_var_a
68055,2026-04-13 05:44:54,3,5,2,attack,shield,goldSack,gold,1,false,40000000,11192278688801,120033,5,5,400,11,1,0,1,0,0,77309,250000,76,0,30.9,bonus_bs15_gae1_no,107,700000,,,,,159,75,40,31,41,50,10,2,4,87,47,27,14,17,27,8,2,2,3,2,0,false,NORMAL,2,1,1,V2,0,3_5_fbios_PABUnityIAPiOSDefensiveBase,segment_tag_core_slot_prob_nu_29_06_var_a
68056,2026-04-13 05:44:55,4,6,2,steal,spins,goldSack,gold,1,false,40000000,11192318688801,119633,5,5,400,11,0,1,0,1,0,77309,250000,76,0,30.9,bonus_bs15_gae1_no,107,700000,,,,,160,75,41,31,42,50,10,2,4,88,47,28,14,18,27,8,2,2,3,6,4,false,BIG,4,2,2,V2,0,3_5_fbios_PABUnityIAPiOSDefensiveBase,segment_tag_core_slot_prob_nu_29_06_var_a
68057,2026-04-13 05:44:57,5,5,5,shield,shield,shield,shield,3,true,400,11192318688801,119633,5,5,400,11,0,0,3,0,0,77309,250000,76,0,30.9,bonus_bs15_gae1_no,107,700000,,,,,161,75,41,34,42,50,10,2,5,89,47,28,17,18,27,8,2,3,2,2,2,false,BIG,4,0,4,V2,0,3_5_fbios_PABUnityIAPiOSDefensiveBase,segment_tag_core_slot_prob_nu_29_06_var_a
68058,2026-04-13 05:44:59,2,2,2,goldSack,goldSack,goldSack,gold,1,true,720000000,11193038688801,119233,5,5,400,11,0,0,0,0,0,77309,250000,76,0,30.9,bonus_bs15_gae1_no,107,700000,,,,,162,75,41,34,42,50,10,2,5,90,47,28,17,18,27,8,2,3,7,3,7,false,NORMAL,2,-1,3,V2,0,3_5_fbios_PABUnityIAPiOSDefensiveBase,segment_tag_core_slot_prob_nu_29_06_var_a
68059,2026-04-13 05:45:00,30,2,2,accumulation,goldSack,goldSack,gold,1,false,60000000,11193098688801,118833,5,5,400,11,0,0,0,0,1,77709,250000,76,400,31.1,bonus_bs15_gae1_no,107,700000,,,,,163,75,41,34,42,51,10,2,5,91,47,28,17,18,28,8,2,3,7,3,8,false,MAX,11,8,3,V2,0,3_5_fbios_PABUnityIAPiOSDefensiveBase,segment_tag_core_slot_prob_nu_29_06_var_a
68060,2026-04-13 05:45:02,30,2,2,accumulation,goldSack,goldSack,gold,1,false,60000000,11193158688801,118433,5,5,400,11,0,0,0,0,1,78109,250000,76,400,31.2,bonus_bs15_gae1_no,107,700000,,,,,164,75,41,34,42,52,10,2,5,92,47,28,17,18,29,8,2,3,3,7,8,false,MAX,10,7,3,V2,0,3_5_fbios_PABUnityIAPiOSDefensiveBase,segment_tag_core_slot_prob_nu_29_06_var_a
68061,2026-04-13 05:45:04,3,3,1,attack,attack,coin,gold,1,false,10000000,11193168688801,118033,5,5,400,11,2,0,0,0,0,78109,250000,76,0,31.2,bonus_bs15_gae1_no,107,700000,LongExtraDayReduced,,LongExtraDayReduced,"{""slot_on_"":""45264\/56000@m25""}",165,77,41,34,42,52,10,2,5,93,49,28,17,18,29,8,2,3,5,0,0,false,SMALL,-1,-2,1,V2,0,3_5_fbios_PABUnityIAPiOSDefensiveBase,segment_tag_core_slot_prob_nu_29_06_var_a
68062,2026-04-13 05:45:05,3,5,2,attack,shield,goldSack,gold,1,false,40000000,11193208688801,117633,5,5,400,11,1,0,1,0,0,78109,250000,76,0,31.2,bonus_bs15_gae1_no,107,700000,,,,,166,78,41,35,42,52,10,2,5,94,50,28,18,18,29,8,2,3,3,2,0,false,NORMAL,2,2,0,V2,0,3_5_fbios_PABUnityIAPiOSDefensiveBase,segment_tag_core_slot_prob_nu_29_06_var_a
68063,2026-04-13 05:45:07,4,6,2,steal,spins,goldSack,gold,1,false,40000000,11193248688801,117233,5,5,400,11,0,1,0,1,0,78109,250000,76,0,31.2,bonus_bs15_gae1_no,107,700000,,,,,167,78,42,35,43,52,10,2,5,95,50,29,18,19,29,8,2,3,7,6,4,false,NORMAL,1,1,0,V2,0,3_5_fbios_PABUnityIAPiOSDefensiveBase,segment_tag_core_slot_prob_nu_29_06_var_a
68064,2026-04-13 05:45:09,2,2,2,goldSack,goldSack,goldSack,gold,1,true,720000000,11193968688801,116833,5,5,400,11,0,0,0,0,0,78109,250000,76,0,31.2,bonus_bs15_gae1_no,107,700000,LongExtraDayReduced,,,"{""slot_on_"":""45664\/56000@m25""}",168,78,42,35,43,52,10,2,5,96,50,29,18,19,29,8,2,3,7,7,3,false,MAX,10,8,2,V2,0,3_5_fbios_PABUnityIAPiOSDefensiveBase,segment_tag_core_slot_prob_nu_29_06_var_a
68065,2026-04-13 05:45:12,4,6,2,steal,spins,goldSack,gold,1,false,150000000,11194118688801,115333,5,5,1500,11,0,1,0,1,0,78109,250000,76,0,31.2,bonus_bs15_gae1_no,107,700000,,,,,169,78,43,35,44,52,10,2,5,97,50,30,18,20,29,8,2,3,3,6,4,false,BIG,5,1,4,V2,0,3_5_fbios_PABUnityIAPiOSDefensiveBase,segment_tag_core_slot_prob_nu_29_06_var_a
68066,2026-04-13 05:45:14,3,4,2,attack,steal,goldSack,gold,1,false,150000000,11194268688801,113833,5,5,1500,11,1,1,0,0,0,78109,250000,76,0,31.2,bonus_bs15_gae1_no,107,700000,LongExtraDayReduced,,,"{""slot_on_"":""47164\/56000@m25""}",170,79,44,35,44,52,10,2,5,98,51,31,18,20,29,8,2,3,3,4,0,false,MAX,9,5,4,V2,0,3_5_fbios_PABUnityIAPiOSDefensiveBase,segment_tag_core_slot_prob_nu_29_06_var_a
68067,2026-04-13 05:45:16,3,3,1,attack,attack,coin,gold,1,false,37500000,11194306188801,112333,5,5,1500,11,2,0,0,0,0,78109,250000,76,0,31.2,bonus_bs15_gae1_no,107,700000,,,LongExtraDayReduced,"{""slot_on_"":""48664\/56000@m25""}",171,81,44,35,44,52,10,2,5,99,53,31,18,20,29,8,2,3,1,0,0,false,BIG,4,0,4,V2,0,3_5_fbios_PABUnityIAPiOSDefensiveBase,segment_tag_core_slot_prob_nu_29_06_var_a
68068,2026-04-13 05:45:18,30,2,2,accumulation,goldSack,goldSack,gold,1,false,225000000,11194531188801,110833,5,5,1500,11,0,0,0,0,1,79609,250000,76,1500,31.8,bonus_bs15_gae1_no,107,700000,,,,,172,81,44,35,44,53,10,2,5,100,53,31,18,20,30,8,2,3,7,7,8,false,MAX,12,8,4,V2,0,3_5_fbios_PABUnityIAPiOSDefensiveBase,segment_tag_core_slot_prob_nu_29_06_var_a
68069,2026-04-13 05:45:20,30,2,2,accumulation,goldSack,goldSack,gold,1,false,225000000,11194756188801,109333,5,5,1500,11,0,0,0,0,1,81109,250000,76,1500,32.4,bonus_bs15_gae1_no,107,700000,,,,,173,81,44,35,44,54,10,2,5,101,53,31,18,20,31,8,2,3,3,3,8,false,MAX,10,6,4,V2,0,3_5_fbios_PABUnityIAPiOSDefensiveBase,segment_tag_core_slot_prob_nu_29_06_var_a
68070,2026-04-13 05:45:25,4,6,2,steal,spins,goldSack,gold,1,false,150000000,11194906188801,107833,5,5,1500,11,0,1,0,1,0,81109,250000,76,0,32.4,bonus_bs15_gae1_no,107,700000,,,,,174,81,45,35,45,54,10,2,5,102,53,32,18,21,31,8,2,3,3,6,4,false,BIG,6,2,4,V2,0,3_5_fbios_PABUnityIAPiOSDefensiveBase,segment_tag_core_slot_prob_nu_29_06_var_a
68071,2026-04-13 05:45:27,6,6,6,spins,spins,spins,spins,5,true,15000,11194906188801,121333,5,5,1500,11,0,0,0,3,0,81109,250000,76,0,32.4,bonus_bs15_gae1_no,107,700000,,,,,175,81,45,35,48,54,10,2,5,103,53,32,18,24,31,8,2,3,6,6,6,true,BIG,5,1,4,V2,0,3_5_fbios_PABUnityIAPiOSDefensiveBase,segment_tag_core_slot_prob_nu_29_06_var_a
68072,2026-04-13 05:45:34,2,2,2,goldSack,goldSack,goldSack,gold,1,true,720000000,11195626188801,120933,5,5,400,11,0,0,0,0,0,81109,250000,76,0,32.4,bonus_bs15_gae1_no,107,700000,,,,,176,81,45,35,48,54,10,2,5,1,0,0,0,0,0,0,0,0,3,7,3,false,MAX,8,4,4,V2,0,3_5_fbios_PABUnityIAPiOSDefensiveBase,segment_tag_core_slot_prob_nu_29_06_var_a
68073,2026-04-13 05:45:36,30,2,2,accumulation,goldSack,goldSack,gold,1,false,225000000,11195851188801,119433,5,5,1500,11,0,0,0,0,1,82609,250000,76,1500,33.0,bonus_bs15_gae1_no,107,700000,LongExtraDayReduced,LongExtraDayReduced,LongExtraDayReduced,"{""slot_on_"":""164\/60000@m26""}",177,81,45,35,48,55,10,2,5,2,0,0,0,0,1,0,0,0,3,3,8,false,MAX,9,6,3,V2,0,3_5_fbios_PABUnityIAPiOSDefensiveBase,segment_tag_core_slot_prob_nu_29_06_var_a
68074,2026-04-13 05:45:39,1,1,1,coin,coin,coin,gold,1,true,375000000,11196226188801,119633,5,5,1500,11,0,0,0,0,0,82609,250000,76,0,33.0,bonus_bs15_gae1_no,107,700000,,,,,178,81,45,35,48,55,10,2,5,3,0,0,0,0,1,0,0,0,1,1,1,false,MIN,-4,-4,0,V2,0,3_5_fbios_PABUnityIAPiOSDefensiveBase,segment_tag_core_slot_prob_nu_29_06_var_a
68075,2026-04-13 05:45:43,30,2,2,accumulation,goldSack,goldSack,gold,1,false,7500000,11196233688801,119583,5,5,50,11,0,0,0,0,1,82659,250000,76,50,33.1,bonus_bs15_gae1_no,107,700000,,,,,179,81,45,35,48,56,10,2,5,4,0,0,0,0,2,0,0,0,7,7,8,false,BIG,6,8,-2,V2,0,3_5_fbios_PABUnityIAPiOSDefensiveBase,segment_tag_core_slot_prob_nu_29_06_var_a
68076,2026-04-13 05:45:45,5,5,5,shield,shield,shield,shield,3,true,50,11196233688801,119583,5,5,50,11,0,0,3,0,0,82659,250000,76,0,33.1,bonus_bs15_gae1_no,107,700000,,,,,180,81,45,38,48,56,10,2,6,5,0,0,3,0,2,0,0,1,2,2,2,false,SMALL,-2,-1,-1,V2,0,3_5_fbios_PABUnityIAPiOSDefensiveBase,segment_tag_core_slot_prob_nu_29_06_var_a
68077,2026-04-13 05:45:46,3,1,1,attack,coin,coin,gold,1,false,2500000,11196236188801,119533,5,5,50,11,1,0,0,0,0,82659,250000,76,0,33.1,bonus_bs15_gae1_no,107,700000,,,,,181,82,45,38,48,56,10,2,6,6,1,0,3,0,2,0,0,1,5,5,0,false,MIN,-7,-6,-1,V2,0,3_5_fbios_PABUnityIAPiOSDefensiveBase,segment_tag_core_slot_prob_nu_29_06_var_a
68078,2026-04-13 05:45:47,3,1,5,attack,coin,shield,gold,1,false,1250000,11196237438801,119483,5,5,50,11,1,0,1,0,0,82659,250000,76,0,33.1,bonus_bs15_gae1_no,107,700000,,,,,182,83,45,39,48,56,10,2,6,7,2,0,4,0,2,0,0,1,2,5,0,false,SMALL,-1,-1,0,V2,0,3_5_fbios_PABUnityIAPiOSDefensiveBase,segment_tag_core_slot_prob_nu_29_06_var_a
68079,2026-04-13 05:45:49,3,3,1,attack,attack,coin,gold,1,false,1250000,11196238688801,119433,5,5,50,11,2,0,0,0,0,82659,250000,76,0,33.1,bonus_bs15_gae1_no,107,700000,,,,,183,85,45,39,48,56,10,2,6,8,4,0,4,0,2,0,0,1,1,0,0,false,SMALL,-1,-1,0,V2,0,3_5_fbios_PABUnityIAPiOSDefensiveBase,segment_tag_core_slot_prob_nu_29_06_var_a
68080,2026-04-13 05:45:50,30,30,1,accumulation,accumulation,coin,gold,1,false,1250000,11196239938801,119383,5,5,50,11,0,0,0,0,2,82759,250000,76,100,33.1,bonus_bs15_gae1_no,107,700000,,,,,184,85,45,39,48,58,10,2,6,9,4,0,4,0,4,0,0,1,5,8,8,false,NORMAL,2,0,2,V2,0,3_5_fbios_PABUnityIAPiOSDefensiveBase,segment_tag_core_slot_prob_nu_29_06_var_a
68081,2026-04-13 05:45:52,3,3,1,attack,attack,coin,gold,1,false,1250000,11196241188801,119333,5,5,50,11,2,0,0,0,0,82759,250000,76,0,33.1,bonus_bs15_gae1_no,107,700000,LongExtraDayReduced,,,"{""slot_on_"":""214\/60000@m26""}",185,87,45,39,48,58,10,2,6,10,6,0,4,0,4,0,0,1,1,0,0,false,NORMAL,1,-1,2,V2,0,3_5_fbios_PABUnityIAPiOSDefensiveBase,segment_tag_core_slot_prob_nu_29_06_var_a
68082,2026-04-13 05:45:53,3,1,1,attack,coin,coin,gold,1,false,2500000,11196243688801,119283,5,5,50,11,1,0,0,0,0,82759,250000,76,0,33.1,bonus_bs15_gae1_no,107,700000,,,,,186,88,45,39,48,58,10,2,6,11,7,0,4,0,4,0,0,1,5,1,0,false,NORMAL,2,0,2,V2,0,3_5_fbios_PABUnityIAPiOSDefensiveBase,segment_tag_core_slot_prob_nu_29_06_var_a
68083,2026-04-13 05:45:54,4,6,2,steal,spins,goldSack,gold,1,false,5000000,11196248688801,119233,5,5,50,11,0,1,0,1,0,82759,250000,76,0,33.1,bonus_bs15_gae1_no,107,700000,,,LongExtraDayReduced,"{""slot_on_"":""264\/60000@m26""}",187,88,46,39,49,58,10,2,6,12,7,1,4,1,4,0,0,1,3,6,4,false,BIG,4,1,3,V2,0,3_5_fbios_PABUnityIAPiOSDefensiveBase,segment_tag_core_slot_prob_nu_29_06_var_a
68084,2026-04-13 05:45:57,2,2,2,goldSack,goldSack,goldSack,gold,1,true,90000000,11196338688801,119183,5,5,50,11,0,0,0,0,0,82759,250000,76,0,33.1,bonus_bs15_gae1_no,107,700000,LongExtraDayReduced,,,"{""slot_on_"":""314\/60000@m26""}",188,88,46,39,49,58,10,2,6,13,7,1,4,1,4,0,0,1,3,3,3,false,MAX,9,5,4,V2,0,3_5_fbios_PABUnityIAPiOSDefensiveBase,segment_tag_core_slot_prob_nu_29_06_var_a
68085,2026-04-13 05:45:59,5,5,2,shield,shield,goldSack,gold,1,false,40000000,11196378688801,118783,5,5,400,11,0,0,2,0,0,82759,250000,76,0,33.1,bonus_bs15_gae1_no,107,700000,,LongExtraDayReduced,,"{""slot_on_"":""714\/60000@m26""}",189,88,46,41,49,58,10,2,6,14,7,1,6,1,4,0,0,1,7,2,2,false,NORMAL,3,0,3,V2,0,3_5_fbios_PABUnityIAPiOSDefensiveBase,segment_tag_core_slot_prob_nu_29_06_var_a
68086,2026-04-13 05:46:01,2,2,2,goldSack,goldSack,goldSack,gold,1,true,720000000,11197098688801,118383,5,5,400,11,0,0,0,0,0,82759,250000,76,0,33.1,bonus_bs15_gae1_no,107,700000,,,,,190,88,46,41,49,58,10,2,6,15,7,1,6,1,4,0,0,1,3,3,3,false,BIG,5,2,3,V2,0,3_5_fbios_PABUnityIAPiOSDefensiveBase,segment_tag_core_slot_prob_nu_29_06_var_a
68087,2026-04-13 05:46:03,3,3,3,attack,attack,attack,attack,2,true,0,11197098688801,117983,5,5,400,11,3,0,0,0,0,82759,250000,76,0,33.1,bonus_bs15_gae1_no,107,700000,LongExtraDayReduced,,,"{""slot_on_"":""1114\/60000@m26""}",191,91,46,41,49,58,11,2,6,16,10,1,6,1,4,1,0,1,0,0,0,false,NORMAL,1,-2,3,V2,0,3_5_fbios_PABUnityIAPiOSDefensiveBase,segment_tag_core_slot_prob_nu_29_06_var_a
68088,2026-04-13 05:46:09,30,2,2,accumulation,goldSack,goldSack,gold,1,false,7500000,11199746188801,117933,5,5,50,11,0,0,0,0,1,82809,250000,76,50,33.1,bonus_bs15_gae1_no,107,700000,,,,,192,91,46,41,49,59,11,2,6,17,10,1,6,1,5,1,0,1,3,3,8,false,BIG,6,4,2,V2,0,3_5_fbios_PABUnityIAPiOSDefensiveBase,segment_tag_core_slot_prob_nu_29_06_var_a
68089,2026-04-13 05:46:11,1,1,1,coin,coin,coin,gold,1,true,12500000,11199758688801,117883,5,5,50,11,0,0,0,0,0,82809,250000,76,0,33.1,bonus_bs15_gae1_no,107,700000,,LongExtraDayReduced,,"{""slot_on_"":""1164\/60000@m26""}",193,91,46,41,49,59,11,2,6,18,10,1,6,1,5,1,0,1,1,1,1,false,MIN,-6,-4,-2,V2,0,3_5_fbios_PABUnityIAPiOSDefensiveBase,segment_tag_core_slot_prob_nu_29_06_var_a
68090,2026-04-13 05:46:12,3,6,2,attack,spins,goldSack,gold,1,false,5000000,11199763688801,117833,5,5,50,11,1,0,0,1,0,82809,250000,76,0,33.1,bonus_bs15_gae1_no,107,700000,,,,,194,92,46,41,50,59,11,2,6,19,11,1,6,2,5,1,0,1,7,6,0,false,MIN,-4,-2,-2,V2,0,3_5_fbios_PABUnityIAPiOSDefensiveBase,segment_tag_core_slot_prob_nu_29_06_var_a
68091,2026-04-13 05:46:13,3,6,2,attack,spins,goldSack,gold,1,false,5000000,11199768688801,117783,5,5,50,11,1,0,0,1,0,82809,250000,76,0,33.1,bonus_bs15_gae1_no,107,700000,,,,,195,93,46,41,51,59,11,2,6,20,12,1,6,3,5,1,0,1,3,6,0,false,NORMAL,3,3,0,V2,0,3_5_fbios_PABUnityIAPiOSDefensiveBase,segment_tag_core_slot_prob_nu_29_06_var_a
68092,2026-04-13 05:46:14,3,3,2,attack,attack,goldSack,gold,1,false,5000000,11199773688801,117733,5,5,50,11,2,0,0,0,0,82809,250000,76,0,33.1,bonus_bs15_gae1_no,107,700000,,,,,196,95,46,41,51,59,11,2,6,21,14,1,6,3,5,1,0,1,7,0,0,false,SMALL,-1,-1,0,V2,0,3_5_fbios_PABUnityIAPiOSDefensiveBase,segment_tag_core_slot_prob_nu_29_06_var_a
68093,2026-04-13 05:46:15,5,5,5,shield,shield,shield,shield,3,true,50,11199773688801,117733,5,5,50,11,0,0,3,0,0,82809,250000,76,0,33.1,bonus_bs15_gae1_no,107,700000,,,,,197,95,46,44,51,59,11,2,7,22,14,1,9,3,5,1,0,2,2,2,2,false,SMALL,-2,-1,-1,V2,0,3_5_fbios_PABUnityIAPiOSDefensiveBase,segment_tag_core_slot_prob_nu_29_06_var_a
68094,2026-04-13 05:46:17,30,2,2,accumulation,goldSack,goldSack,gold,1,false,7500000,11199781188801,117683,5,5,50,11,0,0,0,0,1,82859,250000,76,50,33.1,bonus_bs15_gae1_no,107,700000,,,,,198,95,46,44,51,60,11,2,7,23,14,1,9,3,6,1,0,2,3,3,8,false,NORMAL,1,2,-1,V2,0,3_5_fbios_PABUnityIAPiOSDefensiveBase,segment_tag_core_slot_prob_nu_29_06_var_a
68095,2026-04-13 05:46:18,30,30,1,accumulation,accumulation,coin,gold,1,false,1250000,11199782438801,117633,5,5,50,11,0,0,0,0,2,82959,250000,76,100,33.2,bonus_bs15_gae1_no,107,700000,,,,,199,95,46,44,51,62,11,2,7,24,14,1,9,3,8,1,0,2,5,8,8,false,NORMAL,1,1,0,V2,0,3_5_fbios_PABUnityIAPiOSDefensiveBase,segment_tag_core_slot_prob_nu_29_06_var_a
68096,2026-04-13 05:46:20,2,2,2,goldSack,goldSack,goldSack,gold,1,true,90000000,11199872438801,117583,5,5,50,11,0,0,0,0,0,82959,250000,76,0,33.2,bonus_bs15_gae1_no,107,700000,,,,,200,95,46,44,51,62,11,2,7,25,14,1,9,3,8,1,0,2,7,7,7,false,NORMAL,3,3,0,V2,0,3_5_fbios_PABUnityIAPiOSDefensiveBase,segment_tag_core_slot_prob_nu_29_06_var_a
68097,2026-04-13 05:46:22,3,3,3,attack,attack,attack,attack,2,true,0,11199872438801,117533,5,5,50,11,3,0,0,0,0,82959,250000,76,0,33.2,bonus_bs15_gae1_no,107,700000,,,,,201,98,46,44,51,62,12,2,7,26,17,1,9,3,8,2,0,2,0,0,0,false,SMALL,-2,-2,0,V2,0,3_5_fbios_PABUnityIAPiOSDefensiveBase,segment_tag_core_slot_prob_nu_29_06_var_a
68098,2026-04-13 05:46:26,30,2,2,accumulation,goldSack,goldSack,gold,1,false,7500000,11200209938801,117483,5,5,50,11,0,0,0,0,1,83009,250000,76,50,33.2,bonus_bs15_gae1_no,107,700000,,,,,202,98,46,44,51,63,12,2,7,27,17,1,9,3,9,2,0,2,3,7,8,false,BIG,7,6,1,V2,0,3_5_fbios_PABUnityIAPiOSDefensiveBase,segment_tag_core_slot_prob_nu_29_06_var_a
68099,2026-04-13 05:46:29,4,4,4,steal,steal,steal,steal,4,true,0,11200209938801,117083,5,5,400,11,0,3,0,0,0,83009,250000,76,0,33.2,bonus_bs15_gae1_no,107,700000,,,,,203,98,49,44,51,63,12,3,7,28,17,4,9,3,9,2,1,2,4,4,4,false,MIN,-3,-5,2,V2,0,3_5_fbios_PABUnityIAPiOSDefensiveBase,segment_tag_core_slot_prob_nu_29_06_var_a
68100,2026-04-13 05:46:35,30,30,1,accumulation,accumulation,coin,gold,1,false,10000000,11239459938801,116683,5,5,400,11,0,0,0,0,2,83809,250000,76,800,33.5,bonus_bs15_gae1_no,107,700000,,,LongExtraDayReduced,"{""slot_on_"":""1564\/60000@m26""}",204,98,49,44,51,65,12,3,7,29,17,4,9,3,11,2,1,2,5,8,8,false,BIG,4,1,3,V2,0,3_5_fbios_PABUnityIAPiOSDefensiveBase,segment_tag_core_slot_prob_nu_29_06_var_a
68101,2026-04-13 05:46:38,2,2,2,goldSack,goldSack,goldSack,gold,1,true,720000000,11240179938801,116283,5,5,400,11,0,0,0,0,0,83809,250000,76,0,33.5,bonus_bs15_gae1_no,107,700000,,,,,205,98,49,44,51,65,12,3,7,30,17,4,9,3,11,2,1,2,3,3,3,false,BIG,6,3,3,V2,0,3_5_fbios_PABUnityIAPiOSDefensiveBase,segment_tag_core_slot_prob_nu_29_06_var_a
68102,2026-04-13 05:46:40,3,1,6,attack,coin,spins,gold,1,false,10000000,11240189938801,115883,5,5,400,11,1,0,0,1,0,83809,250000,76,0,33.5,bonus_bs15_gae1_no,107,700000,,,,,206,99,49,44,52,65,12,3,7,31,18,4,9,4,11,2,1,2,6,5,0,false,NORMAL,0,-3,3,V2,0,3_5_fbios_PABUnityIAPiOSDefensiveBase,segment_tag_core_slot_prob_nu_29_06_var_a
68103,2026-04-13 05:46:41,4,6,2,steal,spins,goldSack,gold,1,false,40000000,11240229938801,115483,5,5,400,11,0,1,0,1,0,83809,250000,76,0,33.5,bonus_bs15_gae1_no,107,700000,,,,,207,99,50,44,53,65,12,3,7,32,18,5,9,5,11,2,1,2,7,6,4,false,BIG,4,1,3,V2,0,3_5_fbios_PABUnityIAPiOSDefensiveBase,segment_tag_core_slot_prob_nu_29_06_var_a
68104,2026-04-13 05:46:43,3,3,1,attack,attack,coin,gold,1,false,10000000,11240239938801,115083,5,5,400,11,2,0,0,0,0,83809,250000,76,0,33.5,bonus_bs15_gae1_no,107,700000,,,,,208,101,50,44,53,65,12,3,7,33,20,5,9,5,11,2,1,2,1,0,0,false,NORMAL,2,0,2,V2,0,3_5_fbios_PABUnityIAPiOSDefensiveBase,segment_tag_core_slot_prob_nu_29_06_var_a
68105,2026-04-13 05:46:44,4,6,2,steal,spins,goldSack,gold,1,false,40000000,11240279938801,114683,5,5,400,11,0,1,0,1,0,83809,250000,76,0,33.5,bonus_bs15_gae1_no,107,700000,,,,,209,101,51,44,54,65,12,3,7,34,20,6,9,6,11,2,1,2,3,6,4,false,BIG,5,1,4,V2,0,3_5_fbios_PABUnityIAPiOSDefensiveBase,segment_tag_core_slot_prob_nu_29_06_var_a
68106,2026-04-13 05:46:45,4,6,2,steal,spins,goldSack,gold,1,false,40000000,11240319938801,114283,5,5,400,11,0,1,0,1,0,83809,250000,76,0,33.5,bonus_bs15_gae1_no,107,700000,,,,,210,101,52,44,55,65,12,3,7,35,20,7,9,7,11,2,1,2,7,6,4,false,BIG,7,3,4,V2,0,3_5_fbios_PABUnityIAPiOSDefensiveBase,segment_tag_core_slot_prob_nu_29_06_var_a
68107,2026-04-13 05:46:47,2,2,2,goldSack,goldSack,goldSack,gold,1,true,720000000,11241039938801,113883,5,5,400,11,0,0,0,0,0,83809,250000,76,0,33.5,bonus_bs15_gae1_no,107,700000,,,,,211,101,52,44,55,65,12,3,7,36,20,7,9,7,11,2,1,2,3,7,3,false,MAX,10,6,4,V2,0,3_5_fbios_PABUnityIAPiOSDefensiveBase,segment_tag_core_slot_prob_nu_29_06_var_a
68108,2026-04-13 05:46:50,30,2,2,accumulation,goldSack,goldSack,gold,1,false,225000000,11241264938801,112383,5,5,1500,11,0,0,0,0,1,85309,250000,76,1500,34.1,bonus_bs15_gae1_no,107,700000,,,,,212,101,52,44,55,66,12,3,7,37,20,7,9,7,12,2,1,2,7,3,8,false,MAX,12,8,4,V2,0,3_5_fbios_PABUnityIAPiOSDefensiveBase,segment_tag_core_slot_prob_nu_29_06_var_a
68109,2026-04-13 05:46:53,30,2,2,accumulation,goldSack,goldSack,gold,1,false,225000000,11241489938801,110883,5,5,1500,11,0,0,0,0,1,86809,250000,76,1500,34.7,bonus_bs15_gae1_no,107,700000,,,,,213,101,52,44,55,67,12,3,7,38,20,7,9,7,13,2,1,2,7,7,8,false,MAX,14,10,4,V2,0,3_5_fbios_PABUnityIAPiOSDefensiveBase,segment_tag_core_slot_prob_nu_29_06_var_a
68110,2026-04-13 05:46:57,1,5,5,coin,shield,shield,gold,1,false,150000000,11241639938801,104883,5,5,6000,11,0,0,2,0,0,86809,250000,76,0,34.7,bonus_bs15_gae1_no,107,700000,,,LongExtraDayReduced,"{""slot_on_"":""7564\/60000@m26""}",214,101,52,46,55,67,12,3,7,39,20,7,11,7,13,2,1,2,2,2,1,false,MIN,-3,-3,0,V2,0,3_5_fbios_PABUnityIAPiOSDefensiveBase,segment_tag_core_slot_prob_nu_29_06_var_a
68111,2026-04-13 05:47:00,30,2,2,accumulation,goldSack,goldSack,gold,1,false,300000,11241640238801,104881,5,5,2,11,0,0,0,0,1,86811,250000,76,2,34.7,bonus_bs15_gae1_no,107,700000,,,,,215,101,52,46,55,68,12,3,7,40,20,7,11,7,14,2,1,2,7,7,8,false,BIG,4,7,-3,V2,0,3_5_fbios_PABUnityIAPiOSDefensiveBase,segment_tag_core_slot_prob_nu_29_06_var_a
68112,2026-04-13 05:47:01,30,30,1,accumulation,accumulation,coin,gold,1,false,50000,11241640288801,104879,5,5,2,11,0,0,0,0,2,86815,250000,76,4,34.7,bonus_bs15_gae1_no,107,700000,,,,,216,101,52,46,55,70,12,3,7,41,20,7,11,7,16,2,1,2,1,8,8,false,NORMAL,3,3,0,V2,0,3_5_fbios_PABUnityIAPiOSDefensiveBase,segment_tag_core_slot_prob_nu_29_06_var_a
68113,2026-04-13 05:47:04,3,1,5,attack,coin,shield,gold,1,false,50000,11241640338801,104877,5,5,2,11,1,0,1,0,0,86815,250000,76,0,34.7,bonus_bs15_gae1_no,107,700000,LongExtraDayReduced,,,"{""slot_on_"":""7566\/60000@m26""}",217,102,52,47,55,70,12,3,7,42,21,7,12,7,16,2,1,2,2,5,0,false,SMALL,-2,-2,0,V2,0,3_5_fbios_PABUnityIAPiOSDefensiveBase,segment_tag_core_slot_prob_nu_29_06_var_a
68114,2026-04-13 05:47:05,4,6,2,steal,spins,goldSack,gold,1,false,200000,11241640538801,104875,5,5,2,11,0,1,0,1,0,86815,250000,76,0,34.7,bonus_bs15_gae1_no,107,700000,,,,,218,102,53,47,56,70,12,3,7,43,21,8,12,8,16,2,1,2,3,6,4,false,NORMAL,1,0,1,V2,0,3_5_fbios_PABUnityIAPiOSDefensiveBase,segment_tag_core_slot_prob_nu_29_06_var_a
68115,2026-04-13 05:47:06,30,30,1,accumulation,accumulation,coin,gold,1,false,50000,11241640588801,104873,5,5,2,11,0,0,0,0,2,86819,250000,76,4,34.7,bonus_bs15_gae1_no,107,700000,,,,,219,102,53,47,56,72,12,3,7,44,21,8,12,8,18,2,1,2,5,8,8,false,NORMAL,3,1,2,V2,0,3_5_fbios_PABUnityIAPiOSDefensiveBase,segment_tag_core_slot_prob_nu_29_06_var_a
68116,2026-04-13 05:47:08,30,2,2,accumulation,goldSack,goldSack,gold,1,false,300000,11241640888801,104871,5,5,2,11,0,0,0,0,1,86821,250000,76,2,34.7,bonus_bs15_gae1_no,107,700000,,,,,220,102,53,47,56,73,12,3,7,45,21,8,12,8,19,2,1,2,3,3,8,false,MAX,8,5,3,V2,0,3_5_fbios_PABUnityIAPiOSDefensiveBase,segment_tag_core_slot_prob_nu_29_06_var_a
68117,2026-04-13 05:47:10,2,2,2,goldSack,goldSack,goldSack,gold,1,true,3600000,11241644488801,104869,5,5,2,11,0,0,0,0,0,86821,250000,76,0,34.7,bonus_bs15_gae1_no,107,700000,,LongExtraDayReduced,,"{""slot_on_"":""7568\/60000@m26""}",221,102,53,47,56,73,12,3,7,46,21,8,12,8,19,2,1,2,7,7,3,false,MAX,9,6,3,V2,0,3_5_fbios_PABUnityIAPiOSDefensiveBase,segment_tag_core_slot_prob_nu_29_06_var_a
68118,2026-04-13 05:47:11,4,6,2,steal,spins,goldSack,gold,1,false,200000,11241644688801,104867,5,5,2,11,0,1,0,1,0,86821,250000,76,0,34.7,bonus_bs15_gae1_no,107,700000,,,,,222,102,54,47,57,73,12,3,7,47,21,9,12,9,19,2,1,2,3,6,4,false,BIG,5,1,4,V2,0,3_5_fbios_PABUnityIAPiOSDefensiveBase,segment_tag_core_slot_prob_nu_29_06_var_a
68119,2026-04-13 05:47:12,3,1,1,attack,coin,coin,gold,1,false,100000,11241644788801,104865,5,5,2,11,1,0,0,0,0,86821,250000,76,0,34.7,bonus_bs15_gae1_no,107,700000,,,,,223,103,54,47,57,73,12,3,7,48,22,9,12,9,19,2,1,2,1,1,0,false,BIG,4,1,3,V2,0,3_5_fbios_PABUnityIAPiOSDefensiveBase,segment_tag_core_slot_prob_nu_29_06_var_a
68120,2026-04-13 05:47:14,2,2,2,goldSack,goldSack,goldSack,gold,1,true,3600000,11241648388801,104863,5,5,2,11,0,0,0,0,0,86821,250000,76,0,34.7,bonus_bs15_gae1_no,107,700000,,,,,224,103,54,47,57,73,12,3,7,49,22,9,12,9,19,2,1,2,3,7,3,false,MAX,8,5,3,V2,0,3_5_fbios_PABUnityIAPiOSDefensiveBase,segment_tag_core_slot_prob_nu_29_06_var_a
68121,2026-04-13 05:47:15,30,30,30,accumulation,accumulation,accumulation,gold,10,true,0,11241648388801,104861,5,5,2,11,0,0,0,0,3,86841,250000,76,20,34.7,bonus_bs15_gae1_no,107,700000,,,,,225,103,54,47,57,76,12,3,7,50,22,9,12,9,22,2,1,2,8,8,8,true,BIG,5,2,3,V2,0,3_5_fbios_PABUnityIAPiOSDefensiveBase,segment_tag_core_slot_prob_nu_29_06_var_a
68122,2026-04-13 05:47:17,30,2,2,accumulation,goldSack,goldSack,gold,1,false,300000,11241648688801,104859,5,5,2,11,0,0,0,0,1,86843,250000,76,2,34.7,bonus_bs15_gae1_no,107,700000,,,,,1,0,0,0,0,1,0,0,0,51,22,9,12,9,23,2,1,2,3,3,8,false,BIG,7,4,3,V2,0,3_5_fbios_PABUnityIAPiOSDefensiveBase,segment_tag_core_slot_prob_nu_29_06_var_a
68123,2026-04-13 05:47:18,2,2,2,goldSack,goldSack,goldSack,gold,1,true,3600000,11241652288801,104857,5,5,2,11,0,0,0,0,0,86843,250000,76,0,34.7,bonus_bs15_gae1_no,107,700000,,,,,2,0,0,0,0,1,0,0,0,52,22,9,12,9,23,2,1,2,3,7,3,false,BIG,7,6,1,V2,0,3_5_fbios_PABUnityIAPiOSDefensiveBase,segment_tag_core_slot_prob_nu_29_06_var_a
68124,2026-04-13 05:47:18,30,30,1,accumulation,accumulation,coin,gold,1,false,50000,11241652338801,104855,5,5,2,11,0,0,0,0,2,86847,250000,76,4,34.7,bonus_bs15_gae1_no,107,700000,LongExtraDayReduced,,LongExtraDayReduced,"{""slot_on_"":""7572\/60000@m26""}",3,0,0,0,0,3,0,0,0,53,22,9,12,9,25,2,1,2,1,8,8,false,NORMAL,2,2,0,V2,0,3_5_fbios_PABUnityIAPiOSDefensiveBase,segment_tag_core_slot_prob_nu_29_06_var_a
68125,2026-04-13 05:47:19,3,4,2,attack,steal,goldSack,gold,1,false,200000,11241652538801,104853,5,5,2,11,1,1,0,0,0,86847,250000,76,0,34.7,bonus_bs15_gae1_no,107,700000,LongExtraDayReduced,,,"{""slot_on_"":""7574\/60000@m26""}",4,1,1,0,0,3,0,0,0,54,23,10,12,9,25,2,1,2,7,4,0,false,SMALL,-1,-1,0,V2,0,3_5_fbios_PABUnityIAPiOSDefensiveBase,segment_tag_core_slot_prob_nu_29_06_var_a
68126,2026-04-13 05:47:20,30,2,2,accumulation,goldSack,goldSack,gold,1,false,300000,11241652838801,104851,5,5,2,11,0,0,0,0,1,86849,250000,76,2,34.7,bonus_bs15_gae1_no,107,700000,,,,,5,1,1,0,0,4,0,0,0,55,23,10,12,9,26,2,1,2,3,7,8,false,BIG,7,6,1,V2,0,3_5_fbios_PABUnityIAPiOSDefensiveBase,segment_tag_core_slot_prob_nu_29_06_var_a
68127,2026-04-13 05:47:22,30,2,2,accumulation,goldSack,goldSack,gold,1,false,300000,11241653138801,104849,5,5,2,11,0,0,0,0,1,86851,250000,76,2,34.7,bonus_bs15_gae1_no,107,700000,,,,,6,1,1,0,0,5,0,0,0,56,23,10,12,9,27,2,1,2,3,3,8,false,MAX,8,7,1,V2,0,3_5_fbios_PABUnityIAPiOSDefensiveBase,segment_tag_core_slot_prob_nu_29_06_var_a
68128,2026-04-13 05:47:26,30,2,2,accumulation,goldSack,goldSack,gold,1,false,300000,11241653438801,104847,5,5,2,11,0,0,0,0,1,86853,250000,76,2,34.7,bonus_bs15_gae1_no,107,700000,,,,,7,1,1,0,0,6,0,0,0,57,23,10,12,9,28,2,1,2,3,7,8,false,MAX,9,8,1,V2,0,3_5_fbios_PABUnityIAPiOSDefensiveBase,segment_tag_core_slot_prob_nu_29_06_var_a
68129,2026-04-13 05:47:30,2,2,2,goldSack,goldSack,goldSack,gold,1,true,90000000,11241743438801,104797,5,5,50,11,0,0,0,0,0,86853,250000,76,0,34.7,bonus_bs15_gae1_no,107,700000,LongExtraDayReduced,,LongExtraDayReduced,"{""slot_on_"":""7674\/60000@m26""}",8,1,1,0,0,6,0,0,0,58,23,10,12,9,28,2,1,2,3,3,7,false,NORMAL,2,1,1,V2,0,3_5_fbios_PABUnityIAPiOSDefensiveBase,segment_tag_core_slot_prob_nu_29_06_var_a
68130,2026-04-13 05:47:31,3,3,3,attack,attack,attack,attack,2,true,0,11241743438801,104747,5,5,50,11,3,0,0,0,0,86853,250000,76,0,34.7,bonus_bs15_gae1_no,107,700000,,,,,9,4,1,0,0,6,1,0,0,59,26,10,12,9,28,3,1,2,0,0,0,false,SMALL,-1,-2,1,V2,0,3_5_fbios_PABUnityIAPiOSDefensiveBase,segment_tag_core_slot_prob_nu_29_06_var_a
68131,2026-04-13 05:47:37,3,4,2,attack,steal,goldSack,gold,1,false,5000000,11242848438801,104697,5,5,50,11,1,1,0,0,0,86853,250000,76,0,34.7,bonus_bs15_gae1_no,107,700000,,,,,10,5,2,0,0,6,1,0,0,60,27,11,12,9,28,3,1,2,7,4,0,false,NORMAL,0,0,0,V2,0,3_5_fbios_PABUnityIAPiOSDefensiveBase,segment_tag_core_slot_prob_nu_29_06_var_a
68132,2026-04-13 05:47:38,1,1,1,coin,coin,coin,gold,1,true,12500000,11242860938801,104647,5,5,50,11,0,0,0,0,0,86853,250000,76,0,34.7,bonus_bs15_gae1_no,107,700000,,,,,11,5,2,0,0,6,1,0,0,61,27,11,12,9,28,3,1,2,1,1,1,false,MIN,-7,-4,-3,V2,0,3_5_fbios_PABUnityIAPiOSDefensiveBase,segment_tag_core_slot_prob_nu_29_06_var_a
68133,2026-04-13 05:47:39,1,4,6,coin,steal,spins,gold,1,false,1250000,11242862188801,104597,5,5,50,11,0,1,0,1,0,86853,250000,76,0,34.7,bonus_bs15_gae1_no,107,700000,,LongExtraDayReduced,,"{""slot_on_"":""7724\/60000@m26""}",12,5,3,0,1,6,1,0,0,62,27,12,12,10,28,3,1,2,6,4,1,false,MIN,-5,-2,-3,V2,0,3_5_fbios_PABUnityIAPiOSDefensiveBase,segment_tag_core_slot_prob_nu_29_06_var_a
68134,2026-04-13 05:47:39,5,5,5,shield,shield,shield,shield,3,true,50,11242862188801,104597,5,5,50,11,0,0,3,0,0,86853,250000,76,0,34.7,bonus_bs15_gae1_no,107,700000,,,,,13,5,3,3,1,6,1,0,1,63,27,12,15,10,28,3,1,3,2,2,2,false,MIN,-3,-1,-2,V2,0,3_5_fbios_PABUnityIAPiOSDefensiveBase,segment_tag_core_slot_prob_nu_29_06_var_a
68135,2026-04-13 05:47:40,2,2,2,goldSack,goldSack,goldSack,gold,1,true,90000000,11242952188801,104547,5,5,50,11,0,0,0,0,0,86853,250000,76,0,34.7,bonus_bs15_gae1_no,107,700000,,,,,14,5,3,3,1,6,1,0,1,64,27,12,15,10,28,3,1,3,7,3,7,false,SMALL,-1,-1,0,V2,0,3_5_fbios_PABUnityIAPiOSDefensiveBase,segment_tag_core_slot_prob_nu_29_06_var_a
68136,2026-04-13 05:47:41,2,2,2,goldSack,goldSack,goldSack,gold,1,true,90000000,11243042188801,104497,5,5,50,11,0,0,0,0,0,86853,250000,76,0,34.7,bonus_bs15_gae1_no,107,700000,,,,,15,5,3,3,1,6,1,0,1,65,27,12,15,10,28,3,1,3,3,3,7,false,NORMAL,1,1,0,V2,0,3_5_fbios_PABUnityIAPiOSDefensiveBase,segment_tag_core_slot_prob_nu_29_06_var_a
68137,2026-04-13 05:47:42,30,2,2,accumulation,goldSack,goldSack,gold,1,false,7500000,11243049688801,104447,5,5,50,11,0,0,0,0,1,86903,250000,76,50,34.8,bonus_bs15_gae1_no,107,700000,,,,,16,5,3,3,1,7,1,0,1,66,27,12,15,10,29,3,1,3,3,3,8,false,BIG,4,5,-1,V2,0,3_5_fbios_PABUnityIAPiOSDefensiveBase,segment_tag_core_slot_prob_nu_29_06_var_a
68138,2026-04-13 05:47:43,5,5,5,shield,shield,shield,shield,3,true,50,11243049688801,104447,5,5,50,11,0,0,3,0,0,86903,250000,76,0,34.8,bonus_bs15_gae1_no,107,700000,,,,,17,5,3,6,1,7,1,0,2,67,27,12,18,10,29,3,1,4,2,2,2,false,SMALL,-2,-1,-1,V2,0,3_5_fbios_PABUnityIAPiOSDefensiveBase,segment_tag_core_slot_prob_nu_29_06_var_a
68139,2026-04-13 05:47:44,1,1,1,coin,coin,coin,gold,1,true,12500000,11243062188801,104397,5,5,50,11,0,0,0,0,0,86903,250000,76,0,34.8,bonus_bs15_gae1_no,107,700000,LongExtraDayReduced,,,"{""slot_on_"":""7774\/60000@m26""}",18,5,3,6,1,7,1,0,2,68,27,12,18,10,29,3,1,4,5,1,1,false,MIN,-9,-6,-3,V2,0,3_5_fbios_PABUnityIAPiOSDefensiveBase,segment_tag_core_slot_prob_nu_29_06_var_a
68140,2026-04-13 05:47:45,30,2,2,accumulation,goldSack,goldSack,gold,1,false,7500000,11243069688801,104347,5,5,50,11,0,0,0,0,1,86953,250000,76,50,34.8,bonus_bs15_gae1_no,107,700000,LongExtraDayReduced,,LongExtraDayReduced,"{""slot_on_"":""7874\/60000@m26""}",19,5,3,6,1,8,1,0,2,69,27,12,18,10,30,3,1,4,7,3,8,false,BIG,4,7,-3,V2,0,3_5_fbios_PABUnityIAPiOSDefensiveBase,segment_tag_core_slot_prob_nu_29_06_var_a
68141,2026-04-13 05:47:46,3,4,2,attack,steal,goldSack,gold,1,false,5000000,11243074688801,104297,5,5,50,11,1,1,0,0,0,86953,250000,76,0,34.8,bonus_bs15_gae1_no,107,700000,,,,,20,6,4,6,1,8,1,0,2,70,28,13,18,10,30,3,1,4,3,4,0,false,NORMAL,2,3,-1,V2,0,3_5_fbios_PABUnityIAPiOSDefensiveBase,segment_tag_core_slot_prob_nu_29_06_var_a
68142,2026-04-13 05:47:46,1,1,6,coin,coin,spins,gold,1,false,2500000,11243077188801,104247,5,5,50,11,0,0,0,1,0,86953,250000,76,0,34.8,bonus_bs15_gae1_no,107,700000,LongExtraDayReduced,,,"{""slot_on_"":""7924\/60000@m26""}",21,6,4,6,2,8,1,0,2,71,28,13,18,11,30,3,1,4,6,1,1,false,MIN,-5,-2,-3,V2,0,3_5_fbios_PABUnityIAPiOSDefensiveBase,segment_tag_core_slot_prob_nu_29_06_var_a
68143,2026-04-13 05:47:47,3,4,2,attack,steal,goldSack,gold,1,false,5000000,11243082188801,104197,5,5,50,11,1,1,0,0,0,86953,250000,76,0,34.8,bonus_bs15_gae1_no,107,700000,LongExtraDayReduced,LongExtraDayReduced,,"{""slot_on_"":""8024\/60000@m26""}",22,7,5,6,2,8,1,0,2,72,29,14,18,11,30,3,1,4,7,4,0,false,MIN,-4,-1,-3,V2,0,3_5_fbios_PABUnityIAPiOSDefensiveBase,segment_tag_core_slot_prob_nu_29_06_var_a
68144,2026-04-13 05:47:48,3,3,2,attack,attack,goldSack,gold,1,false,5000000,11243087188801,104147,5,5,50,11,2,0,0,0,0,86953,250000,76,0,34.8,bonus_bs15_gae1_no,107,700000,,,,,23,9,5,6,2,8,1,0,2,73,31,14,18,11,30,3,1,4,7,0,0,false,SMALL,-1,0,-1,V2,0,3_5_fbios_PABUnityIAPiOSDefensiveBase,segment_tag_core_slot_prob_nu_29_06_var_a
68145,2026-04-13 05:47:49,1,4,6,coin,steal,spins,gold,1,false,1250000,11243088438801,104097,5,5,50,11,0,1,0,1,0,86953,250000,76,0,34.8,bonus_bs15_gae1_no,107,700000,,,,,24,9,6,6,3,8,1,0,2,74,31,15,18,12,30,3,1,4,6,4,5,false,NORMAL,3,4,-1,V2,0,3_5_fbios_PABUnityIAPiOSDefensiveBase,segment_tag_core_slot_prob_nu_29_06_var_a
68146,2026-04-13 05:47:49,30,2,2,accumulation,goldSack,goldSack,gold,1,false,7500000,11243095938801,104047,5,5,50,11,0,0,0,0,1,87003,250000,76,50,34.8,bonus_bs15_gae1_no,107,700000,,,,,25,9,6,6,3,9,1,0,2,75,31,15,18,12,31,3,1,4,7,7,8,false,BIG,7,8,-1,V2,0,3_5_fbios_PABUnityIAPiOSDefensiveBase,segment_tag_core_slot_prob_nu_29_06_var_a
68147,2026-04-13 05:47:51,1,4,6,coin,steal,spins,gold,1,false,1250000,11243097188801,103997,5,5,50,11,0,1,0,1,0,87003,250000,76,0,34.8,bonus_bs15_gae1_no,107,700000,,,LongExtraDayReduced,"{""slot_on_"":""8074\/60000@m26""}",26,9,7,6,4,9,1,0,2,76,31,16,18,13,31,3,1,4,6,4,5,false,BIG,5,5,0,V2,0,3_5_fbios_PABUnityIAPiOSDefensiveBase,segment_tag_core_slot_prob_nu_29_06_var_a
68148,2026-04-13 05:47:52,1,1,6,coin,coin,spins,gold,1,false,2500000,11243099688801,103947,5,5,50,11,0,0,0,1,0,87003,250000,76,0,34.8,bonus_bs15_gae1_no,107,700000,,,,,27,9,7,6,5,9,1,0,2,77,31,16,18,14,31,3,1,4,6,1,1,false,MIN,-3,-1,-2,V2,0,3_5_fbios_PABUnityIAPiOSDefensiveBase,segment_tag_core_slot_prob_nu_29_06_var_a
68149,2026-04-13 05:47:52,1,5,5,coin,shield,shield,gold,1,false,1250000,11243100938801,103897,5,5,50,11,0,0,2,0,0,87003,250000,76,0,34.8,bonus_bs15_gae1_no,107,700000,,,,,28,9,7,8,5,9,1,0,2,78,31,16,20,14,31,3,1,4,2,2,5,false,SMALL,-2,0,-2,V2,0,3_5_fbios_PABUnityIAPiOSDefensiveBase,segment_tag_core_slot_prob_nu_29_06_var_a
68150,2026-04-13 05:47:53,1,4,4,coin,steal,steal,gold,1,false,1250000,11243102188801,103847,5,5,50,11,0,2,0,0,0,87003,250000,76,0,34.8,bonus_bs15_gae1_no,107,700000,LongExtraDayReduced,,,"{""slot_on_"":""8124\/60000@m26""}",29,9,9,8,5,9,1,0,2,79,31,18,20,14,31,3,1,4,4,4,1,false,MIN,-7,-5,-2,V2,0,3_5_fbios_PABUnityIAPiOSDefensiveBase,segment_tag_core_slot_prob_nu_29_06_var_a
68151,2026-04-13 05:47:53,1,1,6,coin,coin,spins,gold,1,false,2500000,11243104688801,103797,5,5,50,11,0,0,0,1,0,87003,250000,76,0,34.8,bonus_bs15_gae1_no,107,700000,,,,,30,9,9,8,6,9,1,0,2,80,31,18,20,15,31,3,1,4,6,5,1,false,MIN,-8,-6,-2,V2,0,3_5_fbios_PABUnityIAPiOSDefensiveBase,segment_tag_core_slot_prob_nu_29_06_var_a
68152,2026-04-13 05:47:54,6,6,6,spins,spins,spins,spins,5,true,500,11243104688801,104247,5,5,50,11,0,0,0,3,0,87003,250000,76,0,34.8,bonus_bs15_gae1_no,107,700000,LongExtraDayReduced,,,"{""slot_on_"":""8174\/60000@m26""}",31,9,9,8,9,9,1,0,2,81,31,18,20,18,31,3,1,4,6,6,6,true,SMALL,-1,1,-2,V2,0,3_5_fbios_PABUnityIAPiOSDefensiveBase,segment_tag_core_slot_prob_nu_29_06_var_a
68153,2026-04-13 05:47:55,30,30,1,accumulation,accumulation,coin,gold,1,false,1250000,11243105938801,104197,5,5,50,11,0,0,0,0,2,87103,250000,76,100,34.8,bonus_bs15_gae1_no,107,700000,,,LongExtraDayReduced,"{""slot_on_"":""8224\/60000@m26""}",32,9,9,8,9,11,1,0,2,1,0,0,0,0,2,0,0,0,1,8,8,false,NORMAL,0,0,0,V2,0,3_5_fbios_PABUnityIAPiOSDefensiveBase,segment_tag_core_slot_prob_nu_29_06_var_a
68154,2026-04-13 05:47:57,3,4,2,attack,steal,goldSack,gold,1,false,5000000,11243110938801,104147,5,5,50,11,1,1,0,0,0,87103,250000,76,0,34.8,bonus_bs15_gae1_no,107,700000,,,,,33,10,10,8,9,11,1,0,2,2,1,1,0,0,2,0,0,0,7,4,0,false,SMALL,-1,-1,0,V2,0,3_5_fbios_PABUnityIAPiOSDefensiveBase,segment_tag_core_slot_prob_nu_29_06_var_a
68155,2026-04-13 05:47:57,3,3,1,attack,attack,coin,gold,1,false,1250000,11243112188801,104097,5,5,50,11,2,0,0,0,0,87103,250000,76,0,34.8,bonus_bs15_gae1_no,107,700000,,,,,34,12,10,8,9,11,1,0,2,3,3,1,0,0,2,0,0,0,5,0,0,false,SMALL,-1,-1,0,V2,0,3_5_fbios_PABUnityIAPiOSDefensiveBase,segment_tag_core_slot_prob_nu_29_06_var_a
68156,2026-04-13 05:47:58,30,30,30,accumulation,accumulation,accumulation,gold,10,true,0,11243112188801,104047,5,5,50,11,0,0,0,0,3,87603,250000,76,500,35.0,bonus_bs15_gae1_no,107,700000,,,,,35,12,10,8,9,14,1,0,2,4,3,1,0,0,5,0,0,0,8,8,8,true,NORMAL,2,1,1,V2,0,3_5_fbios_PABUnityIAPiOSDefensiveBase,segment_tag_core_slot_prob_nu_29_06_var_a
68157,2026-04-13 05:48:00,2,2,2,goldSack,goldSack,goldSack,gold,1,true,90000000,11243202188801,103997,5,5,50,11,0,0,0,0,0,87603,250000,76,0,35.0,bonus_bs15_gae1_no,107,700000,,,,,1,0,0,0,0,0,0,0,0,5,3,1,0,0,5,0,0,0,3,3,3,false,BIG,4,2,2,V2,0,3_5_fbios_PABUnityIAPiOSDefensiveBase,segment_tag_core_slot_prob_nu_29_06_var_a
68158,2026-04-13 05:48:01,3,3,3,attack,attack,attack,attack,2,true,0,11243202188801,103947,5,5,50,11,3,0,0,0,0,87603,250000,76,0,35.0,bonus_bs15_gae1_no,107,700000,,,,,2,3,0,0,0,0,1,0,0,6,6,1,0,0,5,1,0,0,0,0,0,false,SMALL,-1,-2,1,V2,0,3_5_fbios_PABUnityIAPiOSDefensiveBase,segment_tag_core_slot_prob_nu_29_06_var_a
68159,2026-04-13 05:48:05,30,2,2,accumulation,goldSack,goldSack,gold,1,false,7500000,11243539688801,103897,5,5,50,11,0,0,0,0,1,87653,250000,76,50,35.1,bonus_bs15_gae1_no,107,700000,,,,,3,3,0,0,0,1,1,0,0,7,6,1,0,0,6,1,0,0,7,3,8,false,MAX,8,7,1,V2,0,3_5_fbios_PABUnityIAPiOSDefensiveBase,segment_tag_core_slot_prob_nu_29_06_var_a
68160,2026-04-13 05:48:06,1,4,4,coin,steal,steal,gold,1,false,1250000,11243540938801,103847,5,5,50,11,0,2,0,0,0,87653,250000,76,0,35.1,bonus_bs15_gae1_no,107,700000,,,,,4,3,2,0,0,1,1,0,0,8,6,3,0,0,6,1,0,0,4,4,5,false,NORMAL,2,1,1,V2,0,3_5_fbios_PABUnityIAPiOSDefensiveBase,segment_tag_core_slot_prob_nu_29_06_var_a
68161,2026-04-13 05:48:07,3,3,3,attack,attack,attack,attack,2,true,0,11243540938801,103797,5,5,50,11,3,0,0,0,0,87653,250000,76,0,35.1,bonus_bs15_gae1_no,107,700000,LongExtraDayReduced,LongExtraDayReduced,LongExtraDayReduced,"{""slot_on_"":""8474\/60000@m26""}",5,6,2,0,0,1,2,0,0,9,9,3,0,0,6,2,0,0,0,0,0,false,SMALL,-1,-2,1,V2,0,3_5_fbios_PABUnityIAPiOSDefensiveBase,segment_tag_core_slot_prob_nu_29_06_var_a
68162,2026-04-13 05:48:11,30,30,1,accumulation,accumulation,coin,gold,1,false,1250000,11243872188801,103747,5,5,50,11,0,0,0,0,2,87753,250000,76,100,35.1,bonus_bs15_gae1_no,107,700000,,,,,6,6,2,0,0,3,2,0,0,10,9,3,0,0,8,2,0,0,1,8,8,false,NORMAL,2,1,1,V2,0,3_5_fbios_PABUnityIAPiOSDefensiveBase,segment_tag_core_slot_prob_nu_29_06_var_a
68163,2026-04-13 05:48:12,1,1,1,coin,coin,coin,gold,1,true,12500000,11243884688801,103697,5,5,50,11,0,0,0,0,0,87753,250000,76,0,35.1,bonus_bs15_gae1_no,107,700000,,,,,7,6,2,0,0,3,2,0,0,11,9,3,0,0,8,2,0,0,1,1,5,false,BIG,5,3,2,V2,0,3_5_fbios_PABUnityIAPiOSDefensiveBase,segment_tag_core_slot_prob_nu_29_06_var_a
68164,2026-04-13 05:48:13,30,30,1,accumulation,accumulation,coin,gold,1,false,1250000,11243885938801,103647,5,5,50,11,0,0,0,0,2,87853,250000,76,100,35.1,bonus_bs15_gae1_no,107,700000,,,,,8,6,2,0,0,5,2,0,0,12,9,3,0,0,10,2,0,0,5,8,8,false,NORMAL,2,0,2,V2,0,3_5_fbios_PABUnityIAPiOSDefensiveBase,segment_tag_core_slot_prob_nu_29_06_var_a
68165,2026-04-13 05:48:14,3,3,3,attack,attack,attack,attack,2,true,0,11243885938801,103597,5,5,50,11,3,0,0,0,0,87853,250000,76,0,35.1,bonus_bs15_gae1_no,107,700000,LongExtraDayReduced,,,"{""slot_on_"":""8524\/60000@m26""}",9,9,2,0,0,5,3,0,0,13,12,3,0,0,10,3,0,0,0,0,0,false,NORMAL,0,-2,2,V2,0,3_5_fbios_PABUnityIAPiOSDefensiveBase,segment_tag_core_slot_prob_nu_29_06_var_a
68166,2026-04-13 05:48:19,5,5,5,shield,shield,shield,shield,3,true,50,11244215938801,103597,5,5,50,11,0,0,3,0,0,87853,250000,76,0,35.1,bonus_bs15_gae1_no,107,700000,,,,,10,9,2,3,0,5,3,0,1,14,12,3,3,0,10,3,0,1,2,2,2,false,NORMAL,1,-1,2,V2,0,3_5_fbios_PABUnityIAPiOSDefensiveBase,segment_tag_core_slot_prob_nu_29_06_var_a
68167,2026-04-13 05:48:20,4,4,4,steal,steal,steal,steal,4,true,0,11244215938801,103547,5,5,50,11,0,3,0,0,0,87853,250000,76,0,35.1,bonus_bs15_gae1_no,107,700000,,,,,11,9,5,3,0,5,3,1,1,15,12,6,3,0,10,3,1,1,4,4,4,false,MIN,-6,-7,1,V2,0,3_5_fbios_PABUnityIAPiOSDefensiveBase,segment_tag_core_slot_prob_nu_29_06_var_a
68168,2026-04-13 05:48:26,1,6,6,coin,spins,spins,gold,1,false,1250000,11251830588801,103497,5,5,50,11,0,0,0,2,0,87853,250000,76,0,35.1,bonus_bs15_gae1_no,107,700000,,,,,12,9,5,3,2,5,3,1,1,16,12,6,3,2,10,3,1,1,6,6,1,false,SMALL,-2,-2,0,V2,0,3_5_fbios_PABUnityIAPiOSDefensiveBase,segment_tag_core_slot_prob_nu_29_06_var_a
68169,2026-04-13 05:48:26,1,4,4,coin,steal,steal,gold,1,false,1250000,11251831838801,103447,5,5,50,11,0,2,0,0,0,87853,250000,76,0,35.1,bonus_bs15_gae1_no,107,700000,,LongExtraDayReduced,,"{""slot_on_"":""8574\/60000@m26""}",13,9,7,3,2,5,3,1,1,17,12,8,3,2,10,3,1,1,4,4,5,false,NORMAL,0,0,0,V2,0,3_5_fbios_PABUnityIAPiOSDefensiveBase,segment_tag_core_slot_prob_nu_29_06_var_a
68170,2026-04-13 05:48:27,3,3,1,attack,attack,coin,gold,1,false,1250000,11251833088801,103397,5,5,50,11,2,0,0,0,0,87853,250000,76,0,35.1,bonus_bs15_gae1_no,107,700000,LongExtraDayReduced,,,"{""slot_on_"":""8624\/60000@m26""}",14,11,7,3,2,5,3,1,1,18,14,8,3,2,10,3,1,1,5,0,0,false,NORMAL,0,-2,2,V2,0,3_5_fbios_PABUnityIAPiOSDefensiveBase,segment_tag_core_slot_prob_nu_29_06_var_a
68171,2026-04-13 05:48:28,30,2,2,accumulation,goldSack,goldSack,gold,1,false,7500000,11251840588801,103347,5,5,50,11,0,0,0,0,1,87903,250000,76,50,35.2,bonus_bs15_gae1_no,107,700000,,,,,15,11,7,3,2,6,3,1,1,19,14,8,3,2,11,3,1,1,7,3,8,false,MAX,10,7,3,V2,0,3_5_fbios_PABUnityIAPiOSDefensiveBase,segment_tag_core_slot_prob_nu_29_06_var_a
68172,2026-04-13 05:48:29,3,4,2,attack,steal,goldSack,gold,1,false,5000000,11251845588801,103297,5,5,50,11,1,1,0,0,0,87903,250000,76,0,35.2,bonus_bs15_gae1_no,107,700000,,LongExtraDayReduced,,"{""slot_on_"":""8674\/60000@m26""}",16,12,8,3,2,6,3,1,1,20,15,9,3,2,11,3,1,1,7,4,0,false,NORMAL,1,0,1,V2,0,3_5_fbios_PABUnityIAPiOSDefensiveBase,segment_tag_core_slot_prob_nu_29_06_var_a
68173,2026-04-13 05:48:30,30,2,2,accumulation,goldSack,goldSack,gold,1,false,7500000,11251853088801,103247,5,5,50,11,0,0,0,0,1,87953,250000,76,50,35.2,bonus_bs15_gae1_no,107,700000,,,,,17,12,8,3,2,7,3,1,1,21,15,9,3,2,12,3,1,1,3,7,8,false,BIG,7,6,1,V2,0,3_5_fbios_PABUnityIAPiOSDefensiveBase,segment_tag_core_slot_prob_nu_29_06_var_a
68174,2026-04-13 05:48:31,30,30,1,accumulation,accumulation,coin,gold,1,false,1250000,11251854338801,103197,5,5,50,11,0,0,0,0,2,88053,250000,76,100,35.2,bonus_bs15_gae1_no,107,700000,,,,,18,12,8,3,2,9,3,1,1,22,15,9,3,2,14,3,1,1,5,8,8,false,NORMAL,3,2,1,V2,0,3_5_fbios_PABUnityIAPiOSDefensiveBase,segment_tag_core_slot_prob_nu_29_06_var_a
68175,2026-04-13 05:48:33,30,2,2,accumulation,goldSack,goldSack,gold,1,false,7500000,11251861838801,103147,5,5,50,11,0,0,0,0,1,88103,250000,76,50,35.2,bonus_bs15_gae1_no,107,700000,,,,,19,12,8,3,2,10,3,1,1,23,15,9,3,2,15,3,1,1,3,7,8,false,MAX,8,7,1,V2,0,3_5_fbios_PABUnityIAPiOSDefensiveBase,segment_tag_core_slot_prob_nu_29_06_var_a
68176,2026-04-13 05:48:34,3,3,2,attack,attack,goldSack,gold,1,false,5000000,11251866838801,103097,5,5,50,11,2,0,0,0,0,88103,250000,76,0,35.2,bonus_bs15_gae1_no,107,700000,,,,,20,14,8,3,2,10,3,1,1,24,17,9,3,2,15,3,1,1,3,0,0,false,NORMAL,3,2,1,V2,0,3_5_fbios_PABUnityIAPiOSDefensiveBase,segment_tag_core_slot_prob_nu_29_06_var_a
68177,2026-04-13 05:48:34,2,2,2,goldSack,goldSack,goldSack,gold,1,true,90000000,11251956838801,103047,5,5,50,11,0,0,0,0,0,88103,250000,76,0,35.2,bonus_bs15_gae1_no,107,700000,,,,,21,14,8,3,2,10,3,1,1,25,17,9,3,2,15,3,1,1,3,3,3,false,BIG,5,4,1,V2,0,3_5_fbios_PABUnityIAPiOSDefensiveBase,segment_tag_core_slot_prob_nu_29_06_var_a
68178,2026-04-13 05:48:35,30,2,2,accumulation,goldSack,goldSack,gold,1,false,7500000,11251964338801,102997,5,5,50,11,0,0,0,0,1,88153,250000,76,50,35.3,bonus_bs15_gae1_no,107,700000,,,,,22,14,8,3,2,11,3,1,1,26,17,9,3,2,16,3,1,1,3,3,8,false,BIG,5,5,0,V2,0,3_5_fbios_PABUnityIAPiOSDefensiveBase,segment_tag_core_slot_prob_nu_29_06_var_a
68179,2026-04-13 05:48:36,1,1,1,coin,coin,coin,gold,1,true,12500000,11251976838801,102947,5,5,50,11,0,0,0,0,0,88153,250000,76,0,35.3,bonus_bs15_gae1_no,107,700000,,,,,23,14,8,3,2,11,3,1,1,27,17,9,3,2,16,3,1,1,1,1,1,false,MIN,-7,-4,-3,V2,0,3_5_fbios_PABUnityIAPiOSDefensiveBase,segment_tag_core_slot_prob_nu_29_06_var_a
68180,2026-04-13 05:48:37,1,1,6,coin,coin,spins,gold,1,false,2500000,11251979338801,102897,5,5,50,11,0,0,0,1,0,88153,250000,76,0,35.3,bonus_bs15_gae1_no,107,700000,,,,,24,14,8,3,3,11,3,1,1,28,17,9,3,3,16,3,1,1,6,1,1,false,MIN,-4,-1,-3,V2,0,3_5_fbios_PABUnityIAPiOSDefensiveBase,segment_tag_core_slot_prob_nu_29_06_var_a
68181,2026-04-13 05:48:37,30,2,2,accumulation,goldSack,goldSack,gold,1,false,7500000,11251986838801,102847,5,5,50,11,0,0,0,0,1,88203,250000,76,50,35.3,bonus_bs15_gae1_no,107,700000,,,,,25,14,8,3,3,12,3,1,1,29,17,9,3,3,17,3,1,1,3,7,8,false,NORMAL,3,6,-3,V2,0,3_5_fbios_PABUnityIAPiOSDefensiveBase,segment_tag_core_slot_prob_nu_29_06_var_a
68182,2026-04-13 05:48:38,2,2,2,goldSack,goldSack,goldSack,gold,1,true,90000000,11252076838801,102797,5,5,50,11,0,0,0,0,0,88203,250000,76,0,35.3,bonus_bs15_gae1_no,107,700000,,,,,26,14,8,3,3,12,3,1,1,30,17,9,3,3,17,3,1,1,3,7,3,false,BIG,5,6,-1,V2,0,3_5_fbios_PABUnityIAPiOSDefensiveBase,segment_tag_core_slot_prob_nu_29_06_var_a
68183,2026-04-13 05:48:39,30,2,2,accumulation,goldSack,goldSack,gold,1,false,7500000,11252084338801,102747,5,5,50,11,0,0,0,0,1,88253,250000,76,50,35.3,bonus_bs15_gae1_no,107,700000,,,,,27,14,8,3,3,13,3,1,1,31,17,9,3,3,18,3,1,1,3,3,8,false,BIG,5,6,-1,V2,0,3_5_fbios_PABUnityIAPiOSDefensiveBase,segment_tag_core_slot_prob_nu_29_06_var_a
68184,2026-04-13 05:48:40,4,4,4,steal,steal,steal,steal,4,true,0,11252084338801,102697,5,5,50,11,0,3,0,0,0,88253,250000,76,0,35.3,bonus_bs15_gae1_no,107,700000,,,,,28,14,11,3,3,13,3,2,1,32,17,12,3,3,18,3,2,1,4,4,4,false,MIN,-5,-5,0,V2,0,3_5_fbios_PABUnityIAPiOSDefensiveBase,segment_tag_core_slot_prob_nu_29_06_var_a
68185,2026-04-13 05:48:45,1,1,1,coin,coin,coin,gold,1,true,12500000,11255312238801,102647,5,5,50,11,0,0,0,0,0,88253,250000,76,0,35.3,bonus_bs15_gae1_no,107,700000,,,,,29,14,11,3,3,13,3,2,1,33,17,12,3,3,18,3,2,1,5,1,1,false,MIN,-4,-3,-1,V2,0,3_5_fbios_PABUnityIAPiOSDefensiveBase,segment_tag_core_slot_prob_nu_29_06_var_a
68186,2026-04-13 05:48:45,30,30,1,accumulation,accumulation,coin,gold,1,false,1250000,11255313488801,102597,5,5,50,11,0,0,0,0,2,88353,250000,76,100,35.3,bonus_bs15_gae1_no,107,700000,,LongExtraDayReduced,,"{""slot_on_"":""8724\/60000@m26""}",30,14,11,3,3,15,3,2,1,34,17,12,3,3,20,3,2,1,1,8,8,false,NORMAL,0,1,-1,V2,0,3_5_fbios_PABUnityIAPiOSDefensiveBase,segment_tag_core_slot_prob_nu_29_06_var_a
68187,2026-04-13 05:48:47,30,2,2,accumulation,goldSack,goldSack,gold,1,false,7500000,11255320988801,102547,5,5,50,11,0,0,0,0,1,88403,250000,76,50,35.4,bonus_bs15_gae1_no,107,700000,,,LongExtraDayReduced,"{""slot_on_"":""8774\/60000@m26""}",31,14,11,3,3,16,3,2,1,35,17,12,3,3,21,3,2,1,7,3,8,false,MAX,9,8,1,V2,0,3_5_fbios_PABUnityIAPiOSDefensiveBase,segment_tag_core_slot_prob_nu_29_06_var_a
68188,2026-04-13 05:48:48,3,4,2,attack,steal,goldSack,gold,1,false,5000000,11255325988801,102497,5,5,50,11,1,1,0,0,0,88403,250000,76,0,35.4,bonus_bs15_gae1_no,107,700000,,,,,32,15,12,3,3,16,3,2,1,36,18,13,3,3,21,3,2,1,3,4,0,false,BIG,5,3,2,V2,0,3_5_fbios_PABUnityIAPiOSDefensiveBase,segment_tag_core_slot_prob_nu_29_06_var_a
68189,2026-04-13 05:48:49,1,1,6,coin,coin,spins,gold,1,false,2500000,11255328488801,102447,5,5,50,11,0,0,0,1,0,88403,250000,76,0,35.4,bonus_bs15_gae1_no,107,700000,,,,,33,15,12,3,4,16,3,2,1,37,18,13,3,4,21,3,2,1,6,1,1,false,MIN,-5,-2,-3,V2,0,3_5_fbios_PABUnityIAPiOSDefensiveBase,segment_tag_core_slot_prob_nu_29_06_var_a
68190,2026-04-13 05:48:49,1,1,1,coin,coin,coin,gold,1,true,12500000,11255340988801,102397,5,5,50,11,0,0,0,0,0,88403,250000,76,0,35.4,bonus_bs15_gae1_no,107,700000,,,,,34,15,12,3,4,16,3,2,1,38,18,13,3,4,21,3,2,1,5,1,1,false,MIN,-6,-3,-3,V2,0,3_5_fbios_PABUnityIAPiOSDefensiveBase,segment_tag_core_slot_prob_nu_29_06_var_a
68191,2026-04-13 05:48:50,3,3,3,attack,attack,attack,attack,2,true,0,11255340988801,102347,5,5,50,11,3,0,0,0,0,88403,250000,76,0,35.4,bonus_bs15_gae1_no,107,700000,,,,,35,18,12,3,4,16,4,2,1,39,21,13,3,4,21,4,2,1,0,0,0,false,MIN,-5,-2,-3,V2,0,3_5_fbios_PABUnityIAPiOSDefensiveBase,segment_tag_core_slot_prob_nu_29_06_var_a
68192,2026-04-13 05:48:54,3,4,2,attack,steal,goldSack,gold,1,false,5000000,11255675988801,102297,5,5,50,11,1,1,0,0,0,88403,250000,76,0,35.4,bonus_bs15_gae1_no,107,700000,,,,,36,19,13,3,4,16,4,2,1,40,22,14,3,4,21,4,2,1,7,4,0,false,SMALL,-1,0,-1,V2,0,3_5_fbios_PABUnityIAPiOSDefensiveBase,segment_tag_core_slot_prob_nu_29_06_var_a
68193,2026-04-13 05:48:55,3,4,2,attack,steal,goldSack,gold,1,false,5000000,11255680988801,102247,5,5,50,11,1,1,0,0,0,88403,250000,76,0,35.4,bonus_bs15_gae1_no,107,700000,LongExtraDayReduced,,LongExtraDayReduced,"{""slot_on_"":""8874\/60000@m26""}",37,20,14,3,4,16,4,2,1,41,23,15,3,4,21,4,2,1,3,4,0,false,NORMAL,3,4,-1,V2,0,3_5_fbios_PABUnityIAPiOSDefensiveBase,segment_tag_core_slot_prob_nu_29_06_var_a
68194,2026-04-13 05:48:56,3,6,2,attack,spins,goldSack,gold,1,false,5000000,11255685988801,102197,5,5,50,11,1,0,0,1,0,88403,250000,76,0,35.4,bonus_bs15_gae1_no,107,700000,LongExtraDayReduced,,,"{""slot_on_"":""8924\/60000@m26""}",38,21,14,3,5,16,4,2,1,42,24,15,3,5,21,4,2,1,3,6,0,false,NORMAL,3,4,-1,V2,0,3_5_fbios_PABUnityIAPiOSDefensiveBase,segment_tag_core_slot_prob_nu_29_06_var_a
68195,2026-04-13 05:48:57,3,4,2,attack,steal,goldSack,gold,1,false,5000000,11255690988801,102147,5,5,50,11,1,1,0,0,0,88403,250000,76,0,35.4,bonus_bs15_gae1_no,107,700000,,,,,39,22,15,3,5,16,4,2,1,43,25,16,3,5,21,4,2,1,3,4,0,false,BIG,4,5,-1,V2,0,3_5_fbios_PABUnityIAPiOSDefensiveBase,segment_tag_core_slot_prob_nu_29_06_var_a
68196,2026-04-13 05:48:57,30,30,1,accumulation,accumulation,coin,gold,1,false,1250000,11255692238801,102097,5,5,50,11,0,0,0,0,2,88503,250000,76,100,35.4,bonus_bs15_gae1_no,107,700000,,,,,40,22,15,3,5,18,4,2,1,44,25,16,3,5,23,4,2,1,5,8,8,false,NORMAL,1,0,1,V2,0,3_5_fbios_PABUnityIAPiOSDefensiveBase,segment_tag_core_slot_prob_nu_29_06_var_a
68197,2026-04-13 05:48:58,5,5,5,shield,shield,shield,shield,3,true,50,11255692238801,102097,5,5,50,11,0,0,3,0,0,88503,250000,76,0,35.4,bonus_bs15_gae1_no,107,700000,LongExtraDayReduced,,,"{""slot_on_"":""8974\/60000@m26""}",41,22,15,6,5,18,4,2,2,45,25,16,6,5,23,4,2,2,2,2,2,false,NORMAL,0,-1,1,V2,0,3_5_fbios_PABUnityIAPiOSDefensiveBase,segment_tag_core_slot_prob_nu_29_06_var_a
68198,2026-04-13 05:49:00,30,2,2,accumulation,goldSack,goldSack,gold,1,false,7500000,11255699738801,102047,5,5,50,11,0,0,0,0,1,88553,250000,76,50,35.4,bonus_bs15_gae1_no,107,700000,,,,,42,22,15,6,5,19,4,2,2,46,25,16,6,5,24,4,2,2,7,3,8,false,BIG,6,5,1,V2,0,3_5_fbios_PABUnityIAPiOSDefensiveBase,segment_tag_core_slot_prob_nu_29_06_var_a
68199,2026-04-13 05:49:00,1,4,4,coin,steal,steal,gold,1,false,1250000,11255700988801,101997,5,5,50,11,0,2,0,0,0,88553,250000,76,0,35.4,bonus_bs15_gae1_no,107,700000,LongExtraDayReduced,,,"{""slot_on_"":""9024\/60000@m26""}",43,22,17,6,5,19,4,2,2,47,25,18,6,5,24,4,2,2,4,4,1,false,MIN,-6,-4,-2,V2,0,3_5_fbios_PABUnityIAPiOSDefensiveBase,segment_tag_core_slot_prob_nu_29_06_var_a
68200,2026-04-13 05:49:01,3,3,1,attack,attack,coin,gold,1,false,1250000,11255702238801,101947,5,5,50,11,2,0,0,0,0,88553,250000,76,0,35.4,bonus_bs15_gae1_no,107,700000,,,,,44,24,17,6,5,19,4,2,2,48,27,18,6,5,24,4,2,2,5,0,0,false,MIN,-3,-2,-1,V2,0,3_5_fbios_PABUnityIAPiOSDefensiveBase,segment_tag_core_slot_prob_nu_29_06_var_a
68201,2026-04-13 05:49:02,5,2,2,shield,goldSack,goldSack,gold,1,false,7500000,11255709738801,101897,5,5,50,11,0,0,1,0,0,88553,250000,76,0,35.4,bonus_bs15_gae1_no,107,700000,,,,,45,24,17,7,5,19,4,2,2,49,27,18,7,5,24,4,2,2,7,3,2,false,BIG,4,4,0,V2,0,3_5_fbios_PABUnityIAPiOSDefensiveBase,segment_tag_core_slot_prob_nu_29_06_var_a
68202,2026-04-13 05:49:03,3,4,2,attack,steal,goldSack,gold,1,false,5000000,11255714738801,101847,5,5,50,11,1,1,0,0,0,88553,250000,76,0,35.4,bonus_bs15_gae1_no,107,700000,,,,,46,25,18,7,5,19,4,2,2,50,28,19,7,5,24,4,2,2,3,4,0,false,NORMAL,2,2,0,V2,0,3_5_fbios_PABUnityIAPiOSDefensiveBase,segment_tag_core_slot_prob_nu_29_06_var_a
68203,2026-04-13 05:49:04,3,4,2,attack,steal,goldSack,gold,1,false,5000000,11255719738801,101797,5,5,50,11,1,1,0,0,0,88553,250000,76,0,35.4,bonus_bs15_gae1_no,107,700000,,,,,47,26,19,7,5,19,4,2,2,51,29,20,7,5,24,4,2,2,3,4,0,false,BIG,4,5,-1,V2,0,3_5_fbios_PABUnityIAPiOSDefensiveBase,segment_tag_core_slot_prob_nu_29_06_var_a
68204,2026-04-13 05:49:05,3,4,2,attack,steal,goldSack,gold,1,false,5000000,11255724738801,101747,5,5,50,11,1,1,0,0,0,88553,250000,76,0,35.4,bonus_bs15_gae1_no,107,700000,,,,,48,27,20,7,5,19,4,2,2,52,30,21,7,5,24,4,2,2,3,4,0,false,BIG,4,5,-1,V2,0,3_5_fbios_PABUnityIAPiOSDefensiveBase,segment_tag_core_slot_prob_nu_29_06_var_a
68205,2026-04-13 05:49:06,1,1,6,coin,coin,spins,gold,1,false,2500000,11255727238801,101697,5,5,50,11,0,0,0,1,0,88553,250000,76,0,35.4,bonus_bs15_gae1_no,107,700000,,LongExtraDayReduced,,"{""slot_on_"":""9074\/60000@m26""}",49,27,20,7,6,19,4,2,2,53,30,21,7,6,24,4,2,2,6,1,1,false,MIN,-5,-2,-3,V2,0,3_5_fbios_PABUnityIAPiOSDefensiveBase,segment_tag_core_slot_prob_nu_29_06_var_a
68206,2026-04-13 05:49:07,3,4,2,attack,steal,goldSack,gold,1,false,5000000,11255732238801,101647,5,5,50,11,1,1,0,0,0,88553,250000,76,0,35.4,bonus_bs15_gae1_no,107,700000,,,,,50,28,21,7,6,19,4,2,2,54,31,22,7,6,24,4,2,2,3,4,0,false,NORMAL,0,3,-3,V2,0,3_5_fbios_PABUnityIAPiOSDefensiveBase,segment_tag_core_slot_prob_nu_29_06_var_a
68207,2026-04-13 05:49:08,2,2,2,goldSack,goldSack,goldSack,gold,1,true,90000000,11255822238801,101597,5,5,50,11,0,0,0,0,0,88553,250000,76,0,35.4,bonus_bs15_gae1_no,107,700000,,,,,51,28,21,7,6,19,4,2,2,55,31,22,7,6,24,4,2,2,3,7,3,false,BIG,5,6,-1,V2,0,3_5_fbios_PABUnityIAPiOSDefensiveBase,segment_tag_core_slot_prob_nu_29_06_var_a
68208,2026-04-13 05:49:09,3,6,2,attack,spins,goldSack,gold,1,false,5000000,11255827238801,101547,5,5,50,11,1,0,0,1,0,88553,250000,76,0,35.4,bonus_bs15_gae1_no,107,700000,LongExtraDayReduced,,,"{""slot_on_"":""9124\/60000@m26""}",52,29,21,7,7,19,4,2,2,56,32,22,7,7,24,4,2,2,3,6,0,false,NORMAL,2,3,-1,V2,0,3_5_fbios_PABUnityIAPiOSDefensiveBase,segment_tag_core_slot_prob_nu_29_06_var_a
68209,2026-04-13 05:49:09,5,5,5,shield,shield,shield,shield,3,true,50,11255827238801,101547,5,5,50,11,0,0,3,0,0,88553,250000,76,0,35.4,bonus_bs15_gae1_no,107,700000,,,,,53,29,21,10,7,19,4,2,3,57,32,22,10,7,24,4,2,3,2,2,2,false,SMALL,-2,-1,-1,V2,0,3_5_fbios_PABUnityIAPiOSDefensiveBase,segment_tag_core_slot_prob_nu_29_06_var_a
68210,2026-04-13 05:49:10,1,1,6,coin,coin,spins,gold,1,false,2500000,11255829738801,101497,5,5,50,11,0,0,0,1,0,88553,250000,76,0,35.4,bonus_bs15_gae1_no,107,700000,,,,,54,29,21,10,8,19,4,2,3,58,32,22,10,8,24,4,2,3,6,5,1,false,MIN,-12,-9,-3,V2,0,3_5_fbios_PABUnityIAPiOSDefensiveBase,segment_tag_core_slot_prob_nu_29_06_var_a
68211,2026-04-13 05:49:11,3,4,2,attack,steal,goldSack,gold,1,false,5000000,11255834738801,101447,5,5,50,11,1,1,0,0,0,88553,250000,76,0,35.4,bonus_bs15_gae1_no,107,700000,,,,,55,30,22,10,8,19,4,2,3,59,33,23,10,8,24,4,2,3,3,4,0,false,NORMAL,0,3,-3,V2,0,3_5_fbios_PABUnityIAPiOSDefensiveBase,segment_tag_core_slot_prob_nu_29_06_var_a
68212,2026-04-13 05:49:12,1,1,6,coin,coin,spins,gold,1,false,2500000,11255837238801,101397,5,5,50,11,0,0,0,1,0,88553,250000,76,0,35.4,bonus_bs15_gae1_no,107,700000,,,,,56,30,22,10,9,19,4,2,3,60,33,23,10,9,24,4,2,3,6,5,1,false,MIN,-10,-7,-3,V2,0,3_5_fbios_PABUnityIAPiOSDefensiveBase,segment_tag_core_slot_prob_nu_29_06_var_a
68213,2026-04-13 05:49:13,3,3,3,attack,attack,attack,attack,2,true,0,11255837238801,101347,5,5,50,11,3,0,0,0,0,88553,250000,76,0,35.4,bonus_bs15_gae1_no,107,700000,,,,,57,33,22,10,9,19,5,2,3,61,36,23,10,9,24,5,2,3,0,0,0,false,MIN,-5,-2,-3,V2,0,3_5_fbios_PABUnityIAPiOSDefensiveBase,segment_tag_core_slot_prob_nu_29_06_var_a
68214,2026-04-13 05:49:16,4,4,4,steal,steal,steal,steal,4,true,0,11256167238801,101297,5,5,50,11,0,3,0,0,0,88553,250000,76,0,35.4,bonus_bs15_gae1_no,107,700000,,,,,58,33,25,10,9,19,5,3,3,62,36,26,10,9,24,5,3,3,4,4,4,false,MIN,-6,-5,-1,V2,0,3_5_fbios_PABUnityIAPiOSDefensiveBase,segment_tag_core_slot_prob_nu_29_06_var_a
68215,2026-04-13 05:49:21,1,6,6,coin,spins,spins,gold,1,false,1250000,11257808488801,101247,5,5,50,11,0,0,0,2,0,88553,250000,76,0,35.4,bonus_bs15_gae1_no,107,700000,,,,,59,33,25,10,11,19,5,3,3,63,36,26,10,11,24,5,3,3,6,6,5,false,BIG,4,3,1,V2,0,3_5_fbios_PABUnityIAPiOSDefensiveBase,segment_tag_core_slot_prob_nu_29_06_var_a
68216,2026-04-13 05:49:22,2,2,2,goldSack,goldSack,goldSack,gold,1,true,90000000,11257898488801,101197,5,5,50,11,0,0,0,0,0,88553,250000,76,0,35.4,bonus_bs15_gae1_no,107,700000,,,,,60,33,25,10,11,19,5,3,3,64,36,26,10,11,24,5,3,3,7,3,3,false,BIG,7,6,1,V2,0,3_5_fbios_PABUnityIAPiOSDefensiveBase,segment_tag_core_slot_prob_nu_29_06_var_a
68217,2026-04-13 05:49:23,1,1,6,coin,coin,spins,gold,1,false,2500000,11257900988801,101147,5,5,50,11,0,0,0,1,0,88553,250000,76,0,35.4,bonus_bs15_gae1_no,107,700000,,LongExtraDayReduced,,"{""slot_on_"":""9174\/60000@m26""}",61,33,25,10,12,19,5,3,3,65,36,26,10,12,24,5,3,3,6,1,1,false,SMALL,-2,-2,0,V2,0,3_5_fbios_PABUnityIAPiOSDefensiveBase,segment_tag_core_slot_prob_nu_29_06_var_a
68218,2026-04-13 05:49:24,30,2,2,accumulation,goldSack,goldSack,gold,1,false,7500000,11257908488801,101097,5,5,50,11,0,0,0,0,1,88603,250000,76,50,35.4,bonus_bs15_gae1_no,107,700000,,,LongExtraDayReduced,"{""slot_on_"":""9224\/60000@m26""}",62,33,25,10,12,20,5,3,3,66,36,26,10,12,25,5,3,3,3,3,8,false,BIG,4,4,0,V2,0,3_5_fbios_PABUnityIAPiOSDefensiveBase,segment_tag_core_slot_prob_nu_29_06_var_a
68219,2026-04-13 05:49:25,1,1,6,coin,coin,spins,gold,1,false,2500000,11257910988801,101047,5,5,50,11,0,0,0,1,0,88603,250000,76,0,35.4,bonus_bs15_gae1_no,107,700000,LongExtraDayReduced,,,"{""slot_on_"":""9274\/60000@m26""}",63,33,25,10,13,20,5,3,3,67,36,26,10,13,25,5,3,3,6,1,5,false,BIG,4,3,1,V2,0,3_5_fbios_PABUnityIAPiOSDefensiveBase,segment_tag_core_slot_prob_nu_29_06_var_a
68220,2026-04-13 05:49:26,1,1,1,coin,coin,coin,gold,1,true,12500000,11257923488801,100997,5,5,50,11,0,0,0,0,0,88603,250000,76,0,35.4,bonus_bs15_gae1_no,107,700000,,,,,64,33,25,10,13,20,5,3,3,68,36,26,10,13,25,5,3,3,5,1,1,false,MIN,-7,-4,-3,V2,0,3_5_fbios_PABUnityIAPiOSDefensiveBase,segment_tag_core_slot_prob_nu_29_06_var_a
68221,2026-04-13 05:49:28,30,2,2,accumulation,goldSack,goldSack,gold,1,false,7500000,11257930988801,100947,5,5,50,11,0,0,0,0,1,88653,250000,76,50,35.5,bonus_bs15_gae1_no,107,700000,LongExtraDayReduced,,,"{""slot_on_"":""9324\/60000@m26""}",65,33,25,10,13,21,5,3,3,69,36,26,10,13,26,5,3,3,3,3,8,false,NORMAL,1,4,-3,V2,0,3_5_fbios_PABUnityIAPiOSDefensiveBase,segment_tag_core_slot_prob_nu_29_06_var_a
68222,2026-04-13 05:49:29,30,2,2,accumulation,goldSack,goldSack,gold,1,false,7500000,11257938488801,100897,5,5,50,11,0,0,0,0,1,88703,250000,76,50,35.5,bonus_bs15_gae1_no,107,700000,,,,,66,33,25,10,13,22,5,3,3,70,36,26,10,13,27,5,3,3,3,3,8,false,BIG,5,6,-1,V2,0,3_5_fbios_PABUnityIAPiOSDefensiveBase,segment_tag_core_slot_prob_nu_29_06_var_a
68223,2026-04-13 05:49:30,30,2,2,accumulation,goldSack,goldSack,gold,1,false,7500000,11257945988801,100847,5,5,50,11,0,0,0,0,1,88753,250000,76,50,35.5,bonus_bs15_gae1_no,107,700000,,,,,67,33,25,10,13,23,5,3,3,71,36,26,10,13,28,5,3,3,3,7,8,false,BIG,7,8,-1,V2,0,3_5_fbios_PABUnityIAPiOSDefensiveBase,segment_tag_core_slot_prob_nu_29_06_var_a
68224,2026-04-13 05:49:31,30,30,1,accumulation,accumulation,coin,gold,1,false,1250000,11257947238801,100797,5,5,50,11,0,0,0,0,2,88853,250000,76,100,35.5,bonus_bs15_gae1_no,107,700000,,,,,68,33,25,10,13,25,5,3,3,72,36,26,10,13,30,5,3,3,1,8,8,false,NORMAL,2,3,-1,V2,0,3_5_fbios_PABUnityIAPiOSDefensiveBase,segment_tag_core_slot_prob_nu_29_06_var_a
68225,2026-04-13 05:49:33,3,3,3,attack,attack,attack,attack,2,true,0,11257947238801,100747,5,5,50,11,3,0,0,0,0,88853,250000,76,0,35.5,bonus_bs15_gae1_no,107,700000,LongExtraDayReduced,LongExtraDayReduced,,"{""slot_on_"":""9424\/60000@m26""}",69,36,25,10,13,25,6,3,3,73,39,26,10,13,30,6,3,3,0,0,0,false,MIN,-3,-2,-1,V2,0,3_5_fbios_PABUnityIAPiOSDefensiveBase,segment_tag_core_slot_prob_nu_29_06_var_a
68226,2026-04-13 05:49:37,3,6,2,attack,spins,goldSack,gold,1,false,5000000,11258282238801,100697,5,5,50,11,1,0,0,1,0,88853,250000,76,0,35.5,bonus_bs15_gae1_no,107,700000,,,,,70,37,25,10,14,25,6,3,3,74,40,26,10,14,30,6,3,3,3,6,0,false,NORMAL,3,3,0,V2,0,3_5_fbios_PABUnityIAPiOSDefensiveBase,segment_tag_core_slot_prob_nu_29_06_var_a
68227,2026-04-13 05:49:37,1,6,6,coin,spins,spins,gold,1,false,1250000,11258283488801,100647,5,5,50,11,0,0,0,2,0,88853,250000,76,0,35.5,bonus_bs15_gae1_no,107,700000,,,,,71,37,25,10,16,25,6,3,3,75,40,26,10,16,30,6,3,3,6,6,5,false,NORMAL,2,2,0,V2,0,3_5_fbios_PABUnityIAPiOSDefensiveBase,segment_tag_core_slot_prob_nu_29_06_var_a
68228,2026-04-13 05:49:38,3,4,2,attack,steal,goldSack,gold,1,false,5000000,11258288488801,100597,5,5,50,11,1,1,0,0,0,88853,250000,76,0,35.5,bonus_bs15_gae1_no,107,700000,LongExtraDayReduced,,,"{""slot_on_"":""9474\/60000@m26""}",72,38,26,10,16,25,6,3,3,76,41,27,10,16,30,6,3,3,3,4,0,false,NORMAL,3,3,0,V2,0,3_5_fbios_PABUnityIAPiOSDefensiveBase,segment_tag_core_slot_prob_nu_29_06_var_a
68229,2026-04-13 05:49:39,1,1,4,coin,coin,steal,gold,1,false,2500000,11258290988801,100547,5,5,50,11,0,1,0,0,0,88853,250000,76,0,35.5,bonus_bs15_gae1_no,107,700000,,,,,73,38,27,10,16,25,6,3,3,77,41,28,10,16,30,6,3,3,4,5,1,false,MIN,-9,-6,-3,V2,0,3_5_fbios_PABUnityIAPiOSDefensiveBase,segment_tag_core_slot_prob_nu_29_06_var_a
68230,2026-04-13 05:49:40,4,4,4,steal,steal,steal,steal,4,true,0,11258290988801,100497,5,5,50,11,0,3,0,0,0,88853,250000,76,0,35.5,bonus_bs15_gae1_no,107,700000,LongExtraDayReduced,,,"{""slot_on_"":""9524\/60000@m26""}",74,38,30,10,16,25,6,4,3,78,41,31,10,16,30,6,4,3,4,4,4,false,MIN,-7,-4,-3,V2,0,3_5_fbios_PABUnityIAPiOSDefensiveBase,segment_tag_core_slot_prob_nu_29_06_var_a
68231,2026-04-13 05:49:45,1,1,1,coin,coin,coin,gold,1,true,12500000,11265518488801,100447,5,5,50,11,0,0,0,0,0,88853,250000,76,0,35.5,bonus_bs15_gae1_no,107,700000,,,,,75,38,30,10,16,25,6,4,3,79,41,31,10,16,30,6,4,3,1,5,1,false,MIN,-7,-6,-1,V2,0,3_5_fbios_PABUnityIAPiOSDefensiveBase,segment_tag_core_slot_prob_nu_29_06_var_a
68232,2026-04-13 05:49:46,3,1,1,attack,coin,coin,gold,1,false,2500000,11265520988801,100397,5,5,50,11,1,0,0,0,0,88853,250000,76,0,35.5,bonus_bs15_gae1_no,107,700000,,,,,76,39,30,10,16,25,6,4,3,80,42,31,10,16,30,6,4,3,5,1,0,false,SMALL,-1,0,-1,V2,0,3_5_fbios_PABUnityIAPiOSDefensiveBase,segment_tag_core_slot_prob_nu_29_06_var_a
68233,2026-04-13 05:49:46,3,6,2,attack,spins,goldSack,gold,1,false,5000000,11265525988801,100347,5,5,50,11,1,0,0,1,0,88853,250000,76,0,35.5,bonus_bs15_gae1_no,107,700000,,,,,77,40,30,10,17,25,6,4,3,81,43,31,10,17,30,6,4,3,3,6,0,false,BIG,4,3,1,V2,0,3_5_fbios_PABUnityIAPiOSDefensiveBase,segment_tag_core_slot_prob_nu_29_06_var_a
68234,2026-04-13 05:49:48,1,1,1,coin,coin,coin,gold,1,true,12500000,11265538488801,100297,5,5,50,11,0,0,0,0,0,88853,250000,76,0,35.5,bonus_bs15_gae1_no,107,700000,,,,,78,40,30,10,17,25,6,4,3,82,43,31,10,17,30,6,4,3,5,1,1,false,MIN,-5,-4,-1,V2,0,3_5_fbios_PABUnityIAPiOSDefensiveBase,segment_tag_core_slot_prob_nu_29_06_var_a
68235,2026-04-13 05:49:49,2,2,2,goldSack,goldSack,goldSack,gold,1,true,90000000,11265628488801,100247,5,5,50,11,0,0,0,0,0,88853,250000,76,0,35.5,bonus_bs15_gae1_no,107,700000,,,,,79,40,30,10,17,25,6,4,3,83,43,31,10,17,30,6,4,3,3,3,7,false,SMALL,-1,0,-1,V2,0,3_5_fbios_PABUnityIAPiOSDefensiveBase,segment_tag_core_slot_prob_nu_29_06_var_a
68236,2026-04-13 05:49:50,3,6,2,attack,spins,goldSack,gold,1,false,5000000,11265633488801,100197,5,5,50,11,1,0,0,1,0,88853,250000,76,0,35.5,bonus_bs15_gae1_no,107,700000,,,,,80,41,30,10,18,25,6,4,3,84,44,31,10,18,30,6,4,3,7,6,0,false,MIN,-3,-2,-1,V2,0,3_5_fbios_PABUnityIAPiOSDefensiveBase,segment_tag_core_slot_prob_nu_29_06_var_a
68237,2026-04-13 05:49:51,1,4,6,coin,steal,spins,gold,1,false,1250000,11265634738801,100147,5,5,50,11,0,1,0,1,0,88853,250000,76,0,35.5,bonus_bs15_gae1_no,107,700000,,,,,81,41,31,10,19,25,6,4,3,85,44,32,10,19,30,6,4,3,6,4,1,false,MIN,-6,-3,-3,V2,0,3_5_fbios_PABUnityIAPiOSDefensiveBase,segment_tag_core_slot_prob_nu_29_06_var_a
68238,2026-04-13 05:49:52,30,30,30,accumulation,accumulation,accumulation,gold,10,true,0,11265634738801,100097,5,5,50,11,0,0,0,0,3,89353,250000,76,500,35.7,bonus_bs15_gae1_no,107,700000,,,,,82,41,31,10,19,28,6,4,3,86,44,32,10,19,33,6,4,3,8,8,8,true,SMALL,-2,1,-3,V2,0,3_5_fbios_PABUnityIAPiOSDefensiveBase,segment_tag_core_slot_prob_nu_29_06_var_a
68239,2026-04-13 05:49:54,30,30,1,accumulation,accumulation,coin,gold,1,false,1250000,11265635988801,100047,5,5,50,11,0,0,0,0,2,89453,250000,76,100,35.8,bonus_bs15_gae1_no,107,700000,,,,,1,0,0,0,0,2,0,0,0,87,44,32,10,19,35,6,4,3,1,8,8,false,NORMAL,0,1,-1,V2,0,3_5_fbios_PABUnityIAPiOSDefensiveBase,segment_tag_core_slot_prob_nu_29_06_var_a
68240,2026-04-13 05:49:55,3,3,3,attack,attack,attack,attack,2,true,0,11265635988801,99997,5,5,50,11,3,0,0,0,0,89453,250000,76,0,35.8,bonus_bs15_gae1_no,107,700000,,,,,2,3,0,0,0,2,1,0,0,88,47,32,10,19,35,7,4,3,0,0,0,false,SMALL,-2,-2,0,V2,0,3_5_fbios_PABUnityIAPiOSDefensiveBase,segment_tag_core_slot_prob_nu_29_06_var_a
68241,2026-04-13 05:50:56,30,2,2,accumulation,goldSack,goldSack,gold,1,false,300000,11267611288801,102895,5,5,2,11,0,0,0,0,1,89455,250000,76,2,35.8,bonus_bs15_gae1_no,107,700000,LongExtraDayReduced,,,"{""slot_on_"":""9526\/60000@m26""}",3,3,0,0,0,3,1,0,0,89,47,32,10,19,36,7,4,3,3,3,8,false,BIG,5,4,1,V2,0,3_5_fbios_PABUnityIAPiOSDefensiveBase,segment_tag_core_slot_prob_nu_29_06_var_a
68242,2026-04-13 05:50:57,30,2,2,accumulation,goldSack,goldSack,gold,1,false,300000,11267611588801,102893,5,5,2,11,0,0,0,0,1,89457,250000,76,2,35.8,bonus_bs15_gae1_no,107,700000,,,,,4,3,0,0,0,4,1,0,0,90,47,32,10,19,37,7,4,3,7,7,8,false,MAX,9,9,0,V2,0,3_5_fbios_PABUnityIAPiOSDefensiveBase,segment_tag_core_slot_prob_nu_29_06_var_a
68243,2026-04-13 05:50:58,1,4,6,coin,steal,spins,gold,1,false,50000,11267611638801,102891,5,5,2,11,0,1,0,1,0,89457,250000,76,0,35.8,bonus_bs15_gae1_no,107,700000,LongExtraDayReduced,,,"{""slot_on_"":""9528\/60000@m26""}",5,3,1,0,1,4,1,0,0,91,47,33,10,20,37,7,4,3,6,4,1,false,MIN,-5,-3,-2,V2,0,3_5_fbios_PABUnityIAPiOSDefensiveBase,segment_tag_core_slot_prob_nu_29_06_var_a
68244,2026-04-13 05:50:59,30,2,2,accumulation,goldSack,goldSack,gold,1,false,300000,11267611938801,102889,5,5,2,11,0,0,0,0,1,89459,250000,76,2,35.8,bonus_bs15_gae1_no,107,700000,,,,,6,3,1,0,1,5,1,0,0,92,47,33,10,20,38,7,4,3,7,7,8,false,BIG,6,8,-2,V2,0,3_5_fbios_PABUnityIAPiOSDefensiveBase,segment_tag_core_slot_prob_nu_29_06_var_a
68245,2026-04-13 05:51:00,3,1,1,attack,coin,coin,gold,1,false,100000,11267612038801,102887,5,5,2,11,1,0,0,0,0,89459,250000,76,0,35.8,bonus_bs15_gae1_no,107,700000,,,,,7,4,1,0,1,5,1,0,0,93,48,33,10,20,38,7,4,3,5,1,0,false,SMALL,-1,-1,0,V2,0,3_5_fbios_PABUnityIAPiOSDefensiveBase,segment_tag_core_slot_prob_nu_29_06_var_a
68246,2026-04-13 05:51:00,3,4,2,attack,steal,goldSack,gold,1,false,200000,11267612238801,102885,5,5,2,11,1,1,0,0,0,89459,250000,76,0,35.8,bonus_bs15_gae1_no,107,700000,,,,,8,5,2,0,1,5,1,0,0,94,49,34,10,20,38,7,4,3,7,4,0,false,NORMAL,0,0,0,V2,0,3_5_fbios_PABUnityIAPiOSDefensiveBase,segment_tag_core_slot_prob_nu_29_06_var_a
68247,2026-04-13 05:51:01,1,6,6,coin,spins,spins,gold,1,false,50000,11267612288801,102883,5,5,2,11,0,0,0,2,0,89459,250000,76,0,35.8,bonus_bs15_gae1_no,107,700000,,LongExtraDayReduced,,"{""slot_on_"":""9530\/60000@m26""}",9,5,2,0,3,5,1,0,0,95,49,34,10,22,38,7,4,3,6,6,1,false,MIN,-5,-3,-2,V2,0,3_5_fbios_PABUnityIAPiOSDefensiveBase,segment_tag_core_slot_prob_nu_29_06_var_a
68248,2026-04-13 05:51:02,3,3,3,attack,attack,attack,attack,2,true,0,11267612288801,102881,5,5,2,11,3,0,0,0,0,89459,250000,76,0,35.8,bonus_bs15_gae1_no,107,700000,,,,,10,8,2,0,3,5,2,0,0,96,52,34,10,22,38,8,4,3,0,0,0,false,MIN,-4,-2,-2,V2,0,3_5_fbios_PABUnityIAPiOSDefensiveBase,segment_tag_core_slot_prob_nu_29_06_var_a
68249,2026-04-13 05:51:06,3,4,2,attack,steal,goldSack,gold,1,false,200000,11267656488801,102879,5,5,2,11,1,1,0,0,0,89459,250000,76,0,35.8,bonus_bs15_gae1_no,107,700000,LongExtraDayReduced,LongExtraDayReduced,,"{""slot_on_"":""9534\/60000@m26""}",11,9,3,0,3,5,2,0,0,97,53,35,10,22,38,8,4,3,3,4,0,false,BIG,4,4,0,V2,0,3_5_fbios_PABUnityIAPiOSDefensiveBase,segment_tag_core_slot_prob_nu_29_06_var_a
68250,2026-04-13 05:51:07,4,4,4,steal,steal,steal,steal,4,true,0,11267656488801,102877,5,5,2,11,0,3,0,0,0,89459,250000,76,0,35.8,bonus_bs15_gae1_no,107,700000,,,,,12,9,6,0,3,5,2,1,0,98,53,38,10,22,38,8,5,3,4,4,4,false,MIN,-6,-5,-1,V2,0,3_5_fbios_PABUnityIAPiOSDefensiveBase,segment_tag_core_slot_prob_nu_29_06_var_a
68251,2026-04-13 05:51:12,3,3,3,attack,attack,attack,attack,2,true,0,11268083988801,102875,5,5,2,11,3,0,0,0,0,89459,250000,76,0,35.8,bonus_bs15_gae1_no,107,700000,,,,,13,12,6,0,3,5,3,1,0,99,56,38,10,22,38,9,5,3,0,0,0,false,NORMAL,0,-1,1,V2,0,3_5_fbios_PABUnityIAPiOSDefensiveBase,segment_tag_core_slot_prob_nu_29_06_var_a
68252,2026-04-13 05:51:16,3,3,3,attack,attack,attack,attack,2,true,0,11268097188801,102873,5,5,2,11,3,0,0,0,0,89459,250000,76,0,35.8,bonus_bs15_gae1_no,107,700000,,,,,14,15,6,0,3,5,4,1,0,100,59,38,10,22,38,10,5,3,0,0,0,false,NORMAL,1,0,1,V2,0,3_5_fbios_PABUnityIAPiOSDefensiveBase,segment_tag_core_slot_prob_nu_29_06_var_a
68253,2026-04-13 05:51:19,3,3,3,attack,attack,attack,attack,2,true,0,11268110388801,102871,5,5,2,11,3,0,0,0,0,89459,250000,76,0,35.8,bonus_bs15_gae1_no,107,700000,,,,,15,18,6,0,3,5,5,1,0,101,62,38,10,22,38,11,5,3,0,0,0,false,NORMAL,2,0,2,V2,0,3_5_fbios_PABUnityIAPiOSDefensiveBase,segment_tag_core_slot_prob_nu_29_06_var_a
68254,2026-04-13 05:51:22,3,4,2,attack,steal,goldSack,gold,1,false,200000,11268154588801,102869,5,5,2,11,1,1,0,0,0,89459,250000,76,0,35.8,bonus_bs15_gae1_no,107,700000,,,,,16,19,7,0,3,5,5,1,0,102,63,39,10,22,38,11,5,3,7,4,0,false,NORMAL,3,0,3,V2,0,3_5_fbios_PABUnityIAPiOSDefensiveBase,segment_tag_core_slot_prob_nu_29_06_var_a
68255,2026-04-13 05:51:23,3,6,2,attack,spins,goldSack,gold,1,false,200000,11268154788801,102867,5,5,2,11,1,0,0,1,0,89459,250000,76,0,35.8,bonus_bs15_gae1_no,107,700000,,,,,17,20,7,0,4,5,5,1,0,103,64,39,10,23,38,11,5,3,7,6,0,false,NORMAL,1,0,1,V2,0,3_5_fbios_PABUnityIAPiOSDefensiveBase,segment_tag_core_slot_prob_nu_29_06_var_a
68256,2026-04-13 05:51:24,3,3,2,attack,attack,goldSack,gold,1,false,200000,11268154988801,102865,5,5,2,11,2,0,0,0,0,89459,250000,76,0,35.8,bonus_bs15_gae1_no,107,700000,,,LongExtraDayReduced,"{""slot_on_"":""9536\/60000@m26""}",18,22,7,0,4,5,5,1,0,104,66,39,10,23,38,11,5,3,7,0,0,false,NORMAL,1,0,1,V2,0,3_5_fbios_PABUnityIAPiOSDefensiveBase,segment_tag_core_slot_prob_nu_29_06_var_a
68257,2026-04-13 05:51:25,1,1,1,coin,coin,coin,gold,1,true,500000,11268155488801,102863,5,5,2,11,0,0,0,0,0,89459,250000,76,0,35.8,bonus_bs15_gae1_no,107,700000,,,,,19,22,7,0,4,5,5,1,0,105,66,39,10,23,38,11,5,3,1,5,5,false,NORMAL,0,-1,1,V2,0,3_5_fbios_PABUnityIAPiOSDefensiveBase,segment_tag_core_slot_prob_nu_29_06_var_a
68258,2026-04-13 05:51:26,3,6,2,attack,spins,goldSack,gold,1,false,200000,11268155688801,102861,5,5,2,11,1,0,0,1,0,89459,250000,76,0,35.8,bonus_bs15_gae1_no,107,700000,,,,,20,23,7,0,5,5,5,1,0,106,67,39,10,24,38,11,5,3,3,6,0,false,NORMAL,3,2,1,V2,0,3_5_fbios_PABUnityIAPiOSDefensiveBase,segment_tag_core_slot_prob_nu_29_06_var_a
68259,2026-04-13 05:51:28,1,4,6,coin,steal,spins,gold,1,false,50000,11268155738801,102859,5,5,2,11,0,1,0,1,0,89459,250000,76,0,35.8,bonus_bs15_gae1_no,107,700000,,,,,21,23,8,0,6,5,5,1,0,107,67,40,10,25,38,11,5,3,6,4,5,false,BIG,4,4,0,V2,0,3_5_fbios_PABUnityIAPiOSDefensiveBase,segment_tag_core_slot_prob_nu_29_06_var_a
68260,2026-04-13 05:51:29,2,2,2,goldSack,goldSack,goldSack,gold,1,true,3600000,11268159338801,102857,5,5,2,11,0,0,0,0,0,89459,250000,76,0,35.8,bonus_bs15_gae1_no,107,700000,,,,,22,23,8,0,6,5,5,1,0,108,67,40,10,25,38,11,5,3,3,3,3,false,NORMAL,3,3,0,V2,0,3_5_fbios_PABUnityIAPiOSDefensiveBase,segment_tag_core_slot_prob_nu_29_06_var_a
68261,2026-04-13 05:51:30,3,6,2,attack,spins,goldSack,gold,1,false,200000,11268159538801,102855,5,5,2,11,1,0,0,1,0,89459,250000,76,0,35.8,bonus_bs15_gae1_no,107,700000,,,,,23,24,8,0,7,5,5,1,0,109,68,40,10,26,38,11,5,3,7,6,0,false,SMALL,-2,-2,0,V2,0,3_5_fbios_PABUnityIAPiOSDefensiveBase,segment_tag_core_slot_prob_nu_29_06_var_a
68262,2026-04-13 05:51:30,5,5,5,shield,shield,shield,shield,3,true,2,11268159538801,102855,5,5,2,11,0,0,3,0,0,89459,250000,76,0,35.8,bonus_bs15_gae1_no,107,700000,,,,,24,24,8,3,7,5,5,1,1,110,68,40,13,26,38,11,5,4,2,2,2,false,SMALL,-1,-1,0,V2,0,3_5_fbios_PABUnityIAPiOSDefensiveBase,segment_tag_core_slot_prob_nu_29_06_var_a
68263,2026-04-13 05:51:31,30,2,2,accumulation,goldSack,goldSack,gold,1,false,300000,11268159838801,102853,5,5,2,11,0,0,0,0,1,89461,250000,76,2,35.8,bonus_bs15_gae1_no,107,700000,,,,,25,24,8,3,7,6,5,1,1,111,68,40,13,26,39,11,5,4,3,3,8,false,NORMAL,2,2,0,V2,0,3_5_fbios_PABUnityIAPiOSDefensiveBase,segment_tag_core_slot_prob_nu_29_06_var_a
68264,2026-04-13 05:51:33,1,4,6,coin,steal,spins,gold,1,false,50000,11268159888801,102851,5,5,2,11,0,1,0,1,0,89461,250000,76,0,35.8,bonus_bs15_gae1_no,107,700000,,LongExtraDayReduced,,"{""slot_on_"":""9538\/60000@m26""}",26,24,9,3,8,6,5,1,1,112,68,41,13,27,39,11,5,4,6,4,1,false,MIN,-6,-3,-3,V2,0,3_5_fbios_PABUnityIAPiOSDefensiveBase,segment_tag_core_slot_prob_nu_29_06_var_a
68265,2026-04-13 05:51:34,30,30,1,accumulation,accumulation,coin,gold,1,false,50000,11268159938801,102849,5,5,2,11,0,0,0,0,2,89465,250000,76,4,35.8,bonus_bs15_gae1_no,107,700000,,,LongExtraDayReduced,"{""slot_on_"":""9540\/60000@m26""}",27,24,9,3,8,8,5,1,1,113,68,41,13,27,41,11,5,4,5,8,8,false,MIN,-3,0,-3,V2,0,3_5_fbios_PABUnityIAPiOSDefensiveBase,segment_tag_core_slot_prob_nu_29_06_var_a
68266,2026-04-13 05:51:36,30,2,2,accumulation,goldSack,goldSack,gold,1,false,300000,11268160238801,102847,5,5,2,11,0,0,0,0,1,89467,250000,76,2,35.8,bonus_bs15_gae1_no,107,700000,,,,,28,24,9,3,8,9,5,1,1,114,68,41,13,27,42,11,5,4,7,3,8,false,BIG,7,8,-1,V2,0,3_5_fbios_PABUnityIAPiOSDefensiveBase,segment_tag_core_slot_prob_nu_29_06_var_a
68267,2026-04-13 05:51:37,5,5,5,shield,shield,shield,shield,3,true,2,11268160238801,102847,5,5,2,11,0,0,3,0,0,89467,250000,76,0,35.8,bonus_bs15_gae1_no,107,700000,,,,,29,24,9,6,8,9,5,1,2,115,68,41,16,27,42,11,5,5,2,2,2,false,SMALL,-2,-1,-1,V2,0,3_5_fbios_PABUnityIAPiOSDefensiveBase,segment_tag_core_slot_prob_nu_29_06_var_a
68268,2026-04-13 05:51:38,30,2,2,accumulation,goldSack,goldSack,gold,1,false,300000,11268160538801,102845,5,5,2,11,0,0,0,0,1,89469,250000,76,2,35.8,bonus_bs15_gae1_no,107,700000,,,,,30,24,9,6,8,10,5,1,2,116,68,41,16,27,43,11,5,5,3,7,8,false,BIG,4,4,0,V2,0,3_5_fbios_PABUnityIAPiOSDefensiveBase,segment_tag_core_slot_prob_nu_29_06_var_a
68269,2026-04-13 05:51:39,30,2,2,accumulation,goldSack,goldSack,gold,1,false,300000,11268160838801,102843,5,5,2,11,0,0,0,0,1,89471,250000,76,2,35.8,bonus_bs15_gae1_no,107,700000,,,,,31,24,9,6,8,11,5,1,2,117,68,41,16,27,44,11,5,5,7,7,8,false,MAX,9,10,-1,V2,0,3_5_fbios_PABUnityIAPiOSDefensiveBase,segment_tag_core_slot_prob_nu_29_06_var_a
68270,2026-04-13 05:51:42,3,3,2,attack,attack,goldSack,gold,1,false,200000,11268161038801,102841,5,5,2,11,2,0,0,0,0,89471,250000,76,0,35.8,bonus_bs15_gae1_no,107,700000,,,,,32,26,9,6,8,11,5,1,2,118,70,41,16,27,44,11,5,5,7,0,0,false,SMALL,-1,-1,0,V2,0,3_5_fbios_PABUnityIAPiOSDefensiveBase,segment_tag_core_slot_prob_nu_29_06_var_a
68271,2026-04-13 05:51:43,2,2,2,goldSack,goldSack,goldSack,gold,1,true,3600000,11268164638801,102839,5,5,2,11,0,0,0,0,0,89471,250000,76,0,35.8,bonus_bs15_gae1_no,107,700000,LongExtraDayReduced,,,"{""slot_on_"":""9542\/60000@m26""}",33,26,9,6,8,11,5,1,2,119,70,41,16,27,44,11,5,5,3,3,3,false,NORMAL,3,3,0,V2,0,3_5_fbios_PABUnityIAPiOSDefensiveBase,segment_tag_core_slot_prob_nu_29_06_var_a
68272,2026-04-13 05:51:44,1,1,1,coin,coin,coin,gold,1,true,500000,11268165138801,102837,5,5,2,11,0,0,0,0,0,89471,250000,76,0,35.8,bonus_bs15_gae1_no,107,700000,,LongExtraDayReduced,,"{""slot_on_"":""9544\/60000@m26""}",34,26,9,6,8,11,5,1,2,120,70,41,16,27,44,11,5,5,5,1,1,false,MIN,-7,-4,-3,V2,0,3_5_fbios_PABUnityIAPiOSDefensiveBase,segment_tag_core_slot_prob_nu_29_06_var_a
68273,2026-04-13 05:51:46,1,1,1,coin,coin,coin,gold,1,true,500000,11268165638801,102835,5,5,2,11,0,0,0,0,0,89471,250000,76,0,35.8,bonus_bs15_gae1_no,107,700000,,,LongExtraDayReduced,"{""slot_on_"":""9546\/60000@m26""}",35,26,9,6,8,11,5,1,2,121,70,41,16,27,44,11,5,5,1,5,5,false,MIN,-4,-1,-3,V2,0,3_5_fbios_PABUnityIAPiOSDefensiveBase,segment_tag_core_slot_prob_nu_29_06_var_a
68274,2026-04-13 05:51:47,5,5,5,shield,shield,shield,shield,3,true,2,11268165638801,102835,5,5,2,11,0,0,3,0,0,89471,250000,76,0,35.8,bonus_bs15_gae1_no,107,700000,,,,,36,26,9,9,8,11,5,1,3,122,70,41,19,27,44,11,5,6,2,2,2,false,SMALL,-2,-1,-1,V2,0,3_5_fbios_PABUnityIAPiOSDefensiveBase,segment_tag_core_slot_prob_nu_29_06_var_a
68275,2026-04-13 05:51:48,3,1,1,attack,coin,coin,gold,1,false,100000,11268165738801,102833,5,5,2,11,1,0,0,0,0,89471,250000,76,0,35.8,bonus_bs15_gae1_no,107,700000,,,,,37,27,9,9,8,11,5,1,3,123,71,41,19,27,44,11,5,6,5,5,0,false,MIN,-7,-6,-1,V2,0,3_5_fbios_PABUnityIAPiOSDefensiveBase,segment_tag_core_slot_prob_nu_29_06_var_a
68276,2026-04-13 05:51:49,1,1,4,coin,coin,steal,gold,1,false,100000,11268165838801,102831,5,5,2,11,0,1,0,0,0,89471,250000,76,0,35.8,bonus_bs15_gae1_no,107,700000,,,,,38,27,10,9,8,11,5,1,3,124,71,42,19,27,44,11,5,6,4,5,5,false,SMALL,-1,-1,0,V2,0,3_5_fbios_PABUnityIAPiOSDefensiveBase,segment_tag_core_slot_prob_nu_29_06_var_a
68277,2026-04-13 05:51:50,1,4,4,coin,steal,steal,gold,1,false,50000,11268165888801,102829,5,5,2,11,0,2,0,0,0,89471,250000,76,0,35.8,bonus_bs15_gae1_no,107,700000,,,,,39,27,12,9,8,11,5,1,3,125,71,44,19,27,44,11,5,6,4,4,1,false,MIN,-5,-3,-2,V2,0,3_5_fbios_PABUnityIAPiOSDefensiveBase,segment_tag_core_slot_prob_nu_29_06_var_a
68278,2026-04-13 05:51:51,5,5,5,shield,shield,shield,shield,3,true,2,11268165888801,102829,5,5,2,11,0,0,3,0,0,89471,250000,76,0,35.8,bonus_bs15_gae1_no,107,700000,,,,,40,27,12,12,8,11,5,1,4,126,71,44,22,27,44,11,5,7,2,2,2,false,MIN,-3,-1,-2,V2,0,3_5_fbios_PABUnityIAPiOSDefensiveBase,segment_tag_core_slot_prob_nu_29_06_var_a
68279,2026-04-13 05:51:52,30,2,2,accumulation,goldSack,goldSack,gold,1,false,300000,11268166188801,102827,5,5,2,11,0,0,0,0,1,89473,250000,76,2,35.8,bonus_bs15_gae1_no,107,700000,,,,,41,27,12,12,8,12,5,1,4,127,71,44,22,27,45,11,5,7,7,7,8,false,BIG,6,6,0,V2,0,3_5_fbios_PABUnityIAPiOSDefensiveBase,segment_tag_core_slot_prob_nu_29_06_var_a
68280,2026-04-13 05:51:54,2,2,2,goldSack,goldSack,goldSack,gold,1,true,3600000,11268169788801,102825,5,5,2,11,0,0,0,0,0,89473,250000,76,0,35.8,bonus_bs15_gae1_no,107,700000,,,,,42,27,12,12,8,12,5,1,4,128,71,44,22,27,45,11,5,7,7,3,3,false,BIG,6,6,0,V2,0,3_5_fbios_PABUnityIAPiOSDefensiveBase,segment_tag_core_slot_prob_nu_29_06_var_a
68281,2026-04-13 05:51:55,1,1,1,coin,coin,coin,gold,1,true,500000,11268170288801,102823,5,5,2,11,0,0,0,0,0,89473,250000,76,0,35.8,bonus_bs15_gae1_no,107,700000,,,,,43,27,12,12,8,12,5,1,4,129,71,44,22,27,45,11,5,7,1,1,5,false,NORMAL,1,1,0,V2,0,3_5_fbios_PABUnityIAPiOSDefensiveBase,segment_tag_core_slot_prob_nu_29_06_var_a
68282,2026-04-13 05:51:56,1,6,6,coin,spins,spins,gold,1,false,50000,11268170338801,102821,5,5,2,11,0,0,0,2,0,89473,250000,76,0,35.8,bonus_bs15_gae1_no,107,700000,,,,,44,27,12,12,10,12,5,1,4,130,71,44,22,29,45,11,5,7,6,6,5,false,BIG,4,4,0,V2,0,3_5_fbios_PABUnityIAPiOSDefensiveBase,segment_tag_core_slot_prob_nu_29_06_var_a
68283,2026-04-13 05:51:57,1,1,4,coin,coin,steal,gold,1,false,100000,11268170438801,102819,5,5,2,11,0,1,0,0,0,89473,250000,76,0,35.8,bonus_bs15_gae1_no,107,700000,,,,,45,27,13,12,10,12,5,1,4,131,71,45,22,29,45,11,5,7,4,5,5,false,NORMAL,2,1,1,V2,0,3_5_fbios_PABUnityIAPiOSDefensiveBase,segment_tag_core_slot_prob_nu_29_06_var_a
68284,2026-04-13 05:51:58,2,2,2,goldSack,goldSack,goldSack,gold,1,true,3600000,11268174038801,102817,5,5,2,11,0,0,0,0,0,89473,250000,76,0,35.8,bonus_bs15_gae1_no,107,700000,,,,,46,27,13,12,10,12,5,1,4,132,71,45,22,29,45,11,5,7,7,3,3,false,BIG,6,5,1,V2,0,3_5_fbios_PABUnityIAPiOSDefensiveBase,segment_tag_core_slot_prob_nu_29_06_var_a
68285,2026-04-13 05:52:00,3,6,2,attack,spins,goldSack,gold,1,false,200000,11268174238801,102815,5,5,2,11,1,0,0,1,0,89473,250000,76,0,35.8,bonus_bs15_gae1_no,107,700000,,,,,47,28,13,12,11,12,5,1,4,133,72,45,22,30,45,11,5,7,3,6,0,false,NORMAL,3,2,1,V2,0,3_5_fbios_PABUnityIAPiOSDefensiveBase,segment_tag_core_slot_prob_nu_29_06_var_a
68286,2026-04-13 05:52:01,3,3,2,attack,attack,goldSack,gold,1,false,200000,11268174438801,102813,5,5,2,11,2,0,0,0,0,89473,250000,76,0,35.8,bonus_bs15_gae1_no,107,700000,,,LongExtraDayReduced,"{""slot_on_"":""9548\/60000@m26""}",48,30,13,12,11,12,5,1,4,134,74,45,22,30,45,11,5,7,3,0,0,false,NORMAL,3,3,0,V2,0,3_5_fbios_PABUnityIAPiOSDefensiveBase,segment_tag_core_slot_prob_nu_29_06_var_a
68287,2026-04-13 05:52:02,1,4,6,coin,steal,spins,gold,1,false,50000,11268174488801,102811,5,5,2,11,0,1,0,1,0,89473,250000,76,0,35.8,bonus_bs15_gae1_no,107,700000,,,,,49,30,14,12,12,12,5,1,4,135,74,46,22,31,45,11,5,7,6,4,1,false,MIN,-6,-3,-3,V2,0,3_5_fbios_PABUnityIAPiOSDefensiveBase,segment_tag_core_slot_prob_nu_29_06_var_a
68288,2026-04-13 05:52:03,3,6,2,attack,spins,goldSack,gold,1,false,200000,11268174688801,102809,5,5,2,11,1,0,0,1,0,89473,250000,76,0,35.8,bonus_bs15_gae1_no,107,700000,LongExtraDayReduced,,LongExtraDayReduced,"{""slot_on_"":""9552\/60000@m26""}",50,31,14,12,13,12,5,1,4,136,75,46,22,32,45,11,5,7,3,6,0,false,SMALL,-1,2,-3,V2,0,3_5_fbios_PABUnityIAPiOSDefensiveBase,segment_tag_core_slot_prob_nu_29_06_var_a
68289,2026-04-13 05:52:04,4,4,4,steal,steal,steal,steal,4,true,0,11268174688801,102807,5,5,2,11,0,3,0,0,0,89473,250000,76,0,35.8,bonus_bs15_gae1_no,107,700000,,,,,51,31,17,12,13,12,5,2,4,137,75,49,22,32,45,11,6,7,4,4,4,false,MIN,-6,-5,-1,V2,0,3_5_fbios_PABUnityIAPiOSDefensiveBase,segment_tag_core_slot_prob_nu_29_06_var_a
68290,2026-04-13 05:52:12,2,2,2,goldSack,goldSack,goldSack,gold,1,true,3600000,11268459748801,102805,5,5,2,11,0,0,0,0,0,89473,250000,76,0,35.8,bonus_bs15_gae1_no,107,700000,LongExtraDayReduced,,LongExtraDayReduced,"{""slot_on_"":""9556\/60000@m26""}",52,31,17,12,13,12,5,2,4,138,75,49,22,32,45,11,6,7,3,7,3,false,BIG,7,6,1,V2,0,3_5_fbios_PABUnityIAPiOSDefensiveBase,segment_tag_core_slot_prob_nu_29_06_var_a
68291,2026-04-13 05:52:14,3,3,3,attack,attack,attack,attack,2,true,0,11268459748801,102803,5,5,2,11,3,0,0,0,0,89473,250000,76,0,35.8,bonus_bs15_gae1_no,107,700000,,,,,53,34,17,12,13,12,6,2,4,139,78,49,22,32,45,12,6,7,0,0,0,false,SMALL,-1,-2,1,V2,0,3_5_fbios_PABUnityIAPiOSDefensiveBase,segment_tag_core_slot_prob_nu_29_06_var_a
68292,2026-04-13 05:52:17,30,2,2,accumulation,goldSack,goldSack,gold,1,false,300000,11268473248801,102801,5,5,2,11,0,0,0,0,1,89475,250000,76,2,35.8,bonus_bs15_gae1_no,107,700000,,,LongExtraDayReduced,"{""slot_on_"":""9558\/60000@m26""}",54,34,17,12,13,13,6,2,4,140,78,49,22,32,46,12,6,7,3,3,8,false,BIG,6,4,2,V2,0,3_5_fbios_PABUnityIAPiOSDefensiveBase,segment_tag_core_slot_prob_nu_29_06_var_a
68293,2026-04-13 05:52:19,30,2,2,accumulation,goldSack,goldSack,gold,1,false,300000,11268473548801,102799,5,5,2,11,0,0,0,0,1,89477,250000,76,2,35.8,bonus_bs15_gae1_no,107,700000,LongExtraDayReduced,LongExtraDayReduced,LongExtraDayReduced,"{""slot_on_"":""9568\/60000@m26""}",55,34,17,12,13,14,6,2,4,141,78,49,22,32,47,12,6,7,7,3,8,false,MAX,11,8,3,V2,0,3_5_fbios_PABUnityIAPiOSDefensiveBase,segment_tag_core_slot_prob_nu_29_06_var_a
68294,2026-04-13 05:52:24,30,2,2,accumulation,goldSack,goldSack,gold,1,false,225000000,11268698548801,101299,5,5,1500,11,0,0,0,0,1,90977,250000,76,1500,36.4,bonus_bs15_gae1_no,107,700000,LongExtraDayReduced,LongExtraDayReduced,,"{""slot_on_"":""12568\/60000@m26""}",56,34,17,12,13,15,6,2,4,142,78,49,22,32,48,12,6,7,7,3,8,false,MAX,10,9,1,V2,0,3_5_fbios_PABUnityIAPiOSDefensiveBase,segment_tag_core_slot_prob_nu_29_06_var_a
68295,2026-04-13 05:52:26,30,30,1,accumulation,accumulation,coin,gold,1,false,150000000,11268848548801,95299,5,5,6000,11,0,0,0,0,2,102977,250000,76,12000,41.2,bonus_bs15_gae1_no,107,700000,,,,,57,34,17,12,13,17,6,2,4,143,78,49,22,32,50,12,6,7,5,8,8,false,NORMAL,2,1,1,V2,0,3_5_fbios_PABUnityIAPiOSDefensiveBase,segment_tag_core_slot_prob_nu_29_06_var_a
68296,2026-04-13 05:52:30,1,1,4,coin,coin,steal,gold,1,false,2500000,11268851048801,95249,5,5,50,11,0,1,0,0,0,102977,250000,76,0,41.2,bonus_bs15_gae1_no,107,700000,,,,,58,34,18,12,13,17,6,2,4,144,78,50,22,32,50,12,6,7,4,5,5,false,NORMAL,1,0,1,V2,0,3_5_fbios_PABUnityIAPiOSDefensiveBase,segment_tag_core_slot_prob_nu_29_06_var_a
68297,2026-04-13 05:52:31,30,30,30,accumulation,accumulation,accumulation,gold,10,true,0,11268851048801,95199,5,5,50,11,0,0,0,0,3,103477,250000,76,500,41.4,bonus_bs15_gae1_no,107,700000,,,,,59,34,18,12,13,20,6,2,4,145,78,50,22,32,53,12,6,7,8,8,8,true,NORMAL,2,1,1,V2,0,3_5_fbios_PABUnityIAPiOSDefensiveBase,segment_tag_core_slot_prob_nu_29_06_var_a
68298,2026-04-13 05:52:33,3,3,3,attack,attack,attack,attack,2,true,0,11268851048801,95149,5,5,50,11,3,0,0,0,0,103477,250000,76,0,41.4,bonus_bs15_gae1_no,107,700000,,,,,1,3,0,0,0,0,1,0,0,146,81,50,22,32,53,13,6,7,0,0,0,false,SMALL,-2,-3,1,V2,0,3_5_fbios_PABUnityIAPiOSDefensiveBase,segment_tag_core_slot_prob_nu_29_06_var_a
68299,2026-04-13 05:52:37,1,4,4,coin,steal,steal,gold,1,false,1250000,11269952298801,95099,5,5,50,11,0,2,0,0,0,103477,250000,76,0,41.4,bonus_bs15_gae1_no,107,700000,,,,,2,3,2,0,0,0,1,0,0,147,81,52,22,32,53,13,6,7,4,4,5,false,NORMAL,1,0,1,V2,0,3_5_fbios_PABUnityIAPiOSDefensiveBase,segment_tag_core_slot_prob_nu_29_06_var_a
68300,2026-04-13 05:52:48,30,2,2,accumulation,goldSack,goldSack,gold,1,false,450000,11269952748801,95096,5,5,3,11,0,0,0,0,1,103480,250000,76,3,41.4,bonus_bs15_gae1_no,107,700000,,,,,3,3,2,0,0,1,1,0,0,148,81,52,22,32,54,13,6,7,3,7,8,false,BIG,7,6,1,V2,0,3_5_fbios_PABUnityIAPiOSDefensiveBase,segment_tag_core_slot_prob_nu_29_06_var_a
68301,2026-04-13 05:52:49,3,3,3,attack,attack,attack,attack,2,true,0,11269952748801,95093,5,5,3,11,3,0,0,0,0,103480,250000,76,0,41.4,bonus_bs15_gae1_no,107,700000,,,,,4,6,2,0,0,1,2,0,0,149,84,52,22,32,54,14,6,7,0,0,0,false,SMALL,-2,-2,0,V2,0,3_5_fbios_PABUnityIAPiOSDefensiveBase,segment_tag_core_slot_prob_nu_29_06_var_a
68302,2026-04-13 05:52:53,5,2,2,shield,goldSack,goldSack,gold,1,false,450000,11269972998801,95090,5,5,3,11,0,0,1,0,0,103480,250000,76,0,41.4,bonus_bs15_gae1_no,107,700000,LongExtraDayReduced,,,"{""slot_on_"":""12571\/60000@m26""}",5,6,2,1,0,1,2,0,0,150,84,52,23,32,54,14,6,7,7,3,2,false,BIG,4,4,0,V2,0,3_5_fbios_PABUnityIAPiOSDefensiveBase,segment_tag_core_slot_prob_nu_29_06_var_a
68303,2026-04-13 05:52:54,30,30,1,accumulation,accumulation,coin,gold,1,false,75000,11269973073801,95087,5,5,3,11,0,0,0,0,2,103486,250000,76,6,41.4,bonus_bs15_gae1_no,107,700000,,,,,6,6,2,1,0,3,2,0,0,151,84,52,23,32,56,14,6,7,1,8,8,false,NORMAL,0,0,0,V2,0,3_5_fbios_PABUnityIAPiOSDefensiveBase,segment_tag_core_slot_prob_nu_29_06_var_a
68304,2026-04-13 05:52:55,5,5,5,shield,shield,shield,shield,3,true,3,11269973073801,95087,5,5,3,11,0,0,3,0,0,103486,250000,76,0,41.4,bonus_bs15_gae1_no,107,700000,,,LongExtraDayReduced,"{""slot_on_"":""12574\/60000@m26""}",7,6,2,4,0,3,2,0,1,152,84,52,26,32,56,14,6,8,2,2,2,false,SMALL,-1,-1,0,V2,0,3_5_fbios_PABUnityIAPiOSDefensiveBase,segment_tag_core_slot_prob_nu_29_06_var_a
68305,2026-04-13 05:52:56,30,30,1,accumulation,accumulation,coin,gold,1,false,75000,11269973148801,95084,5,5,3,11,0,0,0,0,2,103492,250000,76,6,41.4,bonus_bs15_gae1_no,107,700000,,,,,8,6,2,4,0,5,2,0,1,153,84,52,26,32,58,14,6,8,5,8,8,false,SMALL,-1,-2,1,V2,0,3_5_fbios_PABUnityIAPiOSDefensiveBase,segment_tag_core_slot_prob_nu_29_06_var_a
68306,2026-04-13 05:52:59,2,2,2,goldSack,goldSack,goldSack,gold,1,true,720000000,11270693148801,94684,5,5,400,11,0,0,0,0,0,103492,250000,76,0,41.4,bonus_bs15_gae1_no,107,700000,,,,,9,6,2,4,0,5,2,0,1,154,84,52,26,32,58,14,6,8,7,3,3,false,BIG,6,5,1,V2,0,3_5_fbios_PABUnityIAPiOSDefensiveBase,segment_tag_core_slot_prob_nu_29_06_var_a
68307,2026-04-13 05:52:59,3,1,5,attack,coin,shield,gold,1,false,10000000,11270703148801,94284,5,5,400,11,1,0,1,0,0,103492,250000,76,0,41.4,bonus_bs15_gae1_no,107,700000,,,,,10,7,2,5,0,5,2,0,1,155,85,52,27,32,58,14,6,8,2,1,0,false,NORMAL,1,0,1,V2,0,3_5_fbios_PABUnityIAPiOSDefensiveBase,segment_tag_core_slot_prob_nu_29_06_var_a
68308,2026-04-13 05:53:00,3,3,3,attack,attack,attack,attack,2,true,0,11270703148801,93884,5,5,400,11,3,0,0,0,0,103492,250000,76,0,41.4,bonus_bs15_gae1_no,107,700000,,,,,11,10,2,5,0,5,3,0,1,156,88,52,27,32,58,15,6,8,0,0,0,false,SMALL,-1,-2,1,V2,0,3_5_fbios_PABUnityIAPiOSDefensiveBase,segment_tag_core_slot_prob_nu_29_06_var_a
68309,2026-04-13 05:53:04,30,2,2,accumulation,goldSack,goldSack,gold,1,false,60000000,11273403148801,93484,5,5,400,11,0,0,0,0,1,103892,250000,76,400,41.6,bonus_bs15_gae1_no,107,700000,,,LongExtraDayReduced,"{""slot_on_"":""12974\/60000@m26""}",12,10,2,5,0,6,3,0,1,157,88,52,27,32,59,15,6,8,3,7,8,false,MAX,8,6,2,V2,0,3_5_fbios_PABUnityIAPiOSDefensiveBase,segment_tag_core_slot_prob_nu_29_06_var_a
68310,2026-04-13 05:53:05,3,4,2,attack,steal,goldSack,gold,1,false,40000000,11273443148801,93084,5,5,400,11,1,1,0,0,0,103892,250000,76,0,41.6,bonus_bs15_gae1_no,107,700000,,,,,13,11,3,5,0,6,3,0,1,158,89,53,27,32,59,15,6,8,3,4,0,false,BIG,5,4,1,V2,0,3_5_fbios_PABUnityIAPiOSDefensiveBase,segment_tag_core_slot_prob_nu_29_06_var_a
68311,2026-04-13 05:53:06,3,5,2,attack,shield,goldSack,gold,1,false,40000000,11273483148801,92684,5,5,400,11,1,0,1,0,0,103892,250000,76,0,41.6,bonus_bs15_gae1_no,107,700000,,,,,14,12,3,6,0,6,3,0,1,159,90,53,28,32,59,15,6,8,3,2,0,false,BIG,4,3,1,V2,0,3_5_fbios_PABUnityIAPiOSDefensiveBase,segment_tag_core_slot_prob_nu_29_06_var_a
68312,2026-04-13 05:53:07,1,1,1,coin,coin,coin,gold,1,true,100000000,11273583148801,92284,5,5,400,11,0,0,0,0,0,103892,250000,76,0,41.6,bonus_bs15_gae1_no,107,700000,,,,,15,12,3,6,0,6,3,0,1,160,90,53,28,32,59,15,6,8,1,1,1,false,MIN,-6,-4,-2,V2,0,3_5_fbios_PABUnityIAPiOSDefensiveBase,segment_tag_core_slot_prob_nu_29_06_var_a
68313,2026-04-13 05:53:08,1,4,4,coin,steal,steal,gold,1,false,10000000,11273593148801,91884,5,5,400,11,0,2,0,0,0,103892,250000,76,0,41.6,bonus_bs15_gae1_no,107,700000,,LongExtraDayReduced,LongExtraDayReduced,"{""slot_on_"":""13774\/60000@m26""}",16,12,5,6,0,6,3,0,1,161,90,55,28,32,59,15,6,8,4,4,5,false,SMALL,-2,0,-2,V2,0,3_5_fbios_PABUnityIAPiOSDefensiveBase,segment_tag_core_slot_prob_nu_29_06_var_a
68314,2026-04-13 05:53:09,30,30,1,accumulation,accumulation,coin,gold,1,false,10000000,11273603148801,91484,5,5,400,11,0,0,0,0,2,104692,250000,76,800,41.9,bonus_bs15_gae1_no,107,700000,,,,,17,12,5,6,0,8,3,0,1,162,90,55,28,32,61,15,6,8,1,8,8,false,NORMAL,0,1,-1,V2,0,3_5_fbios_PABUnityIAPiOSDefensiveBase,segment_tag_core_slot_prob_nu_29_06_var_a
68315,2026-04-13 05:53:11,3,3,1,attack,attack,coin,gold,1,false,10000000,11273613148801,91084,5,5,400,11,2,0,0,0,0,104692,250000,76,0,41.9,bonus_bs15_gae1_no,107,700000,,,,,18,14,5,6,0,8,3,0,1,163,92,55,28,32,61,15,6,8,5,0,0,false,MIN,-3,-2,-1,V2,0,3_5_fbios_PABUnityIAPiOSDefensiveBase,segment_tag_core_slot_prob_nu_29_06_var_a
68316,2026-04-13 05:53:11,6,6,6,spins,spins,spins,spins,5,true,4000,11273613148801,94684,5,5,400,11,0,0,0,3,0,104692,250000,76,0,41.9,bonus_bs15_gae1_no,107,700000,,,,,19,14,5,6,3,8,3,0,1,164,92,55,28,35,61,15,6,8,6,6,6,true,NORMAL,0,0,0,V2,0,3_5_fbios_PABUnityIAPiOSDefensiveBase,segment_tag_core_slot_prob_nu_29_06_var_a
68317,2026-04-13 05:53:13,3,1,1,attack,coin,coin,gold,1,false,20000000,11273633148801,94284,5,5,400,11,1,0,0,0,0,104692,250000,76,0,41.9,bonus_bs15_gae1_no,107,700000,,,LongExtraDayReduced,"{""slot_on_"":""14174\/60000@m26""}",20,15,5,6,3,8,3,0,1,1,1,0,0,0,0,0,0,0,1,1,0,false,SMALL,-1,-1,0,V2,0,3_5_fbios_PABUnityIAPiOSDefensiveBase,segment_tag_core_slot_prob_nu_29_06_var_a
68318,2026-04-13 05:53:14,3,1,1,attack,coin,coin,gold,1,false,20000000,11273653148801,93884,5,5,400,11,1,0,0,0,0,104692,250000,76,0,41.9,bonus_bs15_gae1_no,107,700000,,LongExtraDayReduced,LongExtraDayReduced,"{""slot_on_"":""14974\/60000@m26""}",21,16,5,6,3,8,3,0,1,2,2,0,0,0,0,0,0,0,1,5,0,false,NORMAL,1,0,1,V2,0,3_5_fbios_PABUnityIAPiOSDefensiveBase,segment_tag_core_slot_prob_nu_29_06_var_a
68319,2026-04-13 05:53:15,5,5,5,shield,shield,shield,shield,3,true,400,11273653148801,93884,5,5,400,11,0,0,3,0,0,104692,250000,76,0,41.9,bonus_bs15_gae1_no,107,700000,,,,,22,16,5,9,3,8,3,0,2,3,2,0,3,0,0,0,0,1,2,2,2,false,NORMAL,0,-1,1,V2,0,3_5_fbios_PABUnityIAPiOSDefensiveBase,segment_tag_core_slot_prob_nu_29_06_var_a
68320,2026-04-13 05:53:16,3,3,3,attack,attack,attack,attack,2,true,0,11273653148801,93484,5,5,400,11,3,0,0,0,0,104692,250000,76,0,41.9,bonus_bs15_gae1_no,107,700000,,,,,23,19,5,9,3,8,4,0,2,4,5,0,3,0,0,1,0,1,0,0,0,false,MIN,-3,-4,1,V2,0,3_5_fbios_PABUnityIAPiOSDefensiveBase,segment_tag_core_slot_prob_nu_29_06_var_a
68321,2026-04-13 05:53:20,2,2,2,goldSack,goldSack,goldSack,gold,1,true,720000000,11277013148801,93084,5,5,400,11,0,0,0,0,0,104692,250000,76,0,41.9,bonus_bs15_gae1_no,107,700000,,,,,24,19,5,9,3,8,4,0,2,5,5,0,3,0,0,1,0,1,3,7,3,false,BIG,6,5,1,V2,0,3_5_fbios_PABUnityIAPiOSDefensiveBase,segment_tag_core_slot_prob_nu_29_06_var_a
68322,2026-04-13 05:53:21,3,3,1,attack,attack,coin,gold,1,false,10000000,11277023148801,92684,5,5,400,11,2,0,0,0,0,104692,250000,76,0,41.9,bonus_bs15_gae1_no,107,700000,LongExtraDayReduced,,,"{""slot_on_"":""15374\/60000@m26""}",25,21,5,9,3,8,4,0,2,6,7,0,3,0,0,1,0,1,1,0,0,false,SMALL,-1,-1,0,V2,0,3_5_fbios_PABUnityIAPiOSDefensiveBase,segment_tag_core_slot_prob_nu_29_06_var_a
68323,2026-04-13 05:53:22,4,4,4,steal,steal,steal,steal,4,true,0,11277023148801,92284,5,5,400,11,0,3,0,0,0,104692,250000,76,0,41.9,bonus_bs15_gae1_no,107,700000,,,,,26,21,8,9,3,8,4,1,2,7,7,3,3,0,0,1,1,1,4,4,4,false,MIN,-5,-5,0,V2,0,3_5_fbios_PABUnityIAPiOSDefensiveBase,segment_tag_core_slot_prob_nu_29_06_var_a
68324,2026-04-13 05:53:29,30,30,1,accumulation,accumulation,coin,gold,1,false,10000000,11317924348801,91884,5,5,400,11,0,0,0,0,2,105492,250000,76,800,42.2,bonus_bs15_gae1_no,107,700000,LongExtraDayReduced,,LongExtraDayReduced,"{""slot_on_"":""16174\/60000@m26""}",27,21,8,9,3,10,4,1,2,8,7,3,3,0,2,1,1,1,5,8,8,false,NORMAL,3,1,2,V2,0,3_5_fbios_PABUnityIAPiOSDefensiveBase,segment_tag_core_slot_prob_nu_29_06_var_a
68325,2026-04-13 05:53:31,3,3,3,attack,attack,attack,attack,2,true,0,11317924348801,91484,5,5,400,11,3,0,0,0,0,105492,250000,76,0,42.2,bonus_bs15_gae1_no,107,700000,,,,,28,24,8,9,3,10,5,1,2,9,10,3,3,0,2,2,1,1,0,0,0,false,NORMAL,0,-2,2,V2,0,3_5_fbios_PABUnityIAPiOSDefensiveBase,segment_tag_core_slot_prob_nu_29_06_var_a
68326,2026-04-13 05:53:34,4,6,2,steal,spins,goldSack,gold,1,false,40000000,11326764348801,91084,5,5,400,11,0,1,0,1,0,105492,250000,76,0,42.2,bonus_bs15_gae1_no,107,700000,,,,,29,24,9,9,4,10,5,1,2,10,10,4,3,1,2,2,1,1,3,6,4,false,BIG,6,1,5,V2,0,3_5_fbios_PABUnityIAPiOSDefensiveBase,segment_tag_core_slot_prob_nu_29_06_var_a
68327,2026-04-13 05:53:35,3,3,3,attack,attack,attack,attack,2,true,0,11326764348801,90684,5,5,400,11,3,0,0,0,0,105492,250000,76,0,42.2,bonus_bs15_gae1_no,107,700000,,,,,30,27,9,9,4,10,6,1,2,11,13,4,3,1,2,3,1,1,0,0,0,false,NORMAL,3,-1,4,V2,0,3_5_fbios_PABUnityIAPiOSDefensiveBase,segment_tag_core_slot_prob_nu_29_06_var_a
68328,2026-04-13 05:53:39,2,2,2,goldSack,goldSack,goldSack,gold,1,true,720000000,11336284348801,90284,5,5,400,11,0,0,0,0,0,105492,250000,76,0,42.2,bonus_bs15_gae1_no,107,700000,,,,,31,27,9,9,4,10,6,1,2,12,13,4,3,1,2,3,1,1,7,7,3,false,MAX,9,6,3,V2,0,3_5_fbios_PABUnityIAPiOSDefensiveBase,segment_tag_core_slot_prob_nu_29_06_var_a
68329,2026-04-13 05:53:45,30,2,2,accumulation,goldSack,goldSack,gold,1,false,60000000,11336344348801,89884,5,5,400,11,0,0,0,0,1,105892,250000,76,400,42.4,bonus_bs15_gae1_no,107,700000,LongExtraDayReduced,,,"{""slot_on_"":""16574\/60000@m26""}",32,27,9,9,4,11,6,1,2,13,13,4,3,1,3,3,1,1,7,7,8,false,MAX,13,10,3,V2,0,3_5_fbios_PABUnityIAPiOSDefensiveBase,segment_tag_core_slot_prob_nu_29_06_var_a
68330,2026-04-13 05:53:48,4,6,2,steal,spins,goldSack,gold,1,false,40000000,11336384348801,89484,5,5,400,11,0,1,0,1,0,105892,250000,76,0,42.4,bonus_bs15_gae1_no,107,700000,,,,,33,27,10,9,5,11,6,1,2,14,13,5,3,2,3,3,1,1,7,6,4,false,BIG,6,2,4,V2,0,3_5_fbios_PABUnityIAPiOSDefensiveBase,segment_tag_core_slot_prob_nu_29_06_var_a
68331,2026-04-13 05:53:49,30,2,2,accumulation,goldSack,goldSack,gold,1,false,60000000,11336444348801,89084,5,5,400,11,0,0,0,0,1,106292,250000,76,400,42.5,bonus_bs15_gae1_no,107,700000,,,,,34,27,10,9,5,12,6,1,2,15,13,5,3,2,4,3,1,1,3,7,8,false,MAX,11,7,4,V2,0,3_5_fbios_PABUnityIAPiOSDefensiveBase,segment_tag_core_slot_prob_nu_29_06_var_a
68332,2026-04-13 05:53:51,4,4,4,steal,steal,steal,steal,4,true,0,11336444348801,87584,5,5,1500,11,0,3,0,0,0,106292,250000,76,0,42.5,bonus_bs15_gae1_no,107,700000,,LongExtraDayReduced,,"{""slot_on_"":""18074\/60000@m26""}",35,27,13,9,5,12,6,2,2,16,13,8,3,2,4,3,2,1,4,4,4,false,SMALL,-2,-5,3,V2,0,3_5_fbios_PABUnityIAPiOSDefensiveBase,segment_tag_core_slot_prob_nu_29_06_var_a
68333,2026-04-13 05:54:01,30,2,2,accumulation,goldSack,goldSack,gold,1,false,7500000,11416521848801,87534,5,5,50,11,0,0,0,0,1,106342,250000,76,50,42.5,bonus_bs15_gae1_no,107,700000,,,,,36,27,13,9,5,13,6,2,2,17,13,8,3,2,5,3,2,1,3,7,8,false,MAX,10,7,3,V2,0,3_5_fbios_PABUnityIAPiOSDefensiveBase,segment_tag_core_slot_prob_nu_29_06_var_a
68334,2026-04-13 05:54:03,2,2,2,goldSack,goldSack,goldSack,gold,1,true,720000000,11417241848801,87134,5,5,400,11,0,0,0,0,0,106342,250000,76,0,42.5,bonus_bs15_gae1_no,107,700000,,,,,37,27,13,9,5,13,6,2,2,18,13,8,3,2,5,3,2,1,7,3,3,false,MAX,8,5,3,V2,0,3_5_fbios_PABUnityIAPiOSDefensiveBase,segment_tag_core_slot_prob_nu_29_06_var_a
68335,2026-04-13 05:54:05,3,1,4,attack,coin,steal,gold,1,false,10000000,11417251848801,86734,5,5,400,11,1,1,0,0,0,106342,250000,76,0,42.5,bonus_bs15_gae1_no,107,700000,LongExtraDayReduced,,,"{""slot_on_"":""18474\/60000@m26""}",38,28,14,9,5,13,6,2,2,19,14,9,3,2,5,3,2,1,4,5,0,false,NORMAL,0,-2,2,V2,0,3_5_fbios_PABUnityIAPiOSDefensiveBase,segment_tag_core_slot_prob_nu_29_06_var_a
68336,2026-04-13 05:54:08,1,1,4,coin,coin,steal,gold,1,false,50000,11417251898801,86733,5,5,1,11,0,1,0,0,0,106342,250000,76,0,42.5,bonus_bs15_gae1_no,107,700000,LongExtraDayReduced,,,"{""slot_on_"":""18475\/60000@m26""}",39,28,15,9,5,13,6,2,2,20,14,10,3,2,5,3,2,1,4,1,5,false,BIG,4,2,2,V2,0,3_5_fbios_PABUnityIAPiOSDefensiveBase,segment_tag_core_slot_prob_nu_29_06_var_a
68337,2026-04-13 05:54:09,30,30,1,accumulation,accumulation,coin,gold,1,false,25000,11417251923801,86732,5,5,1,11,0,0,0,0,2,106344,250000,76,2,42.5,bonus_bs15_gae1_no,107,700000,,,,,40,28,15,9,5,15,6,2,2,21,14,10,3,2,7,3,2,1,5,8,8,false,NORMAL,0,0,0,V2,0,3_5_fbios_PABUnityIAPiOSDefensiveBase,segment_tag_core_slot_prob_nu_29_06_var_a
68338,2026-04-13 05:54:10,3,6,2,attack,spins,goldSack,gold,1,false,100000,11417252023801,86731,5,5,1,11,1,0,0,1,0,106344,250000,76,0,42.5,bonus_bs15_gae1_no,107,700000,,,,,41,29,15,9,6,15,6,2,2,22,15,10,3,3,7,3,2,1,7,6,0,false,SMALL,-1,-2,1,V2,0,3_5_fbios_PABUnityIAPiOSDefensiveBase,segment_tag_core_slot_prob_nu_29_06_var_a
68339,2026-04-13 05:54:11,30,2,2,accumulation,goldSack,goldSack,gold,1,false,150000,11417252173801,86730,5,5,1,11,0,0,0,0,1,106345,250000,76,1,42.5,bonus_bs15_gae1_no,107,700000,LongExtraDayReduced,LongExtraDayReduced,,"{""slot_on_"":""18477\/60000@m26""}",42,29,15,9,6,16,6,2,2,23,15,10,3,3,8,3,2,1,3,7,8,false,MAX,8,6,2,V2,0,3_5_fbios_PABUnityIAPiOSDefensiveBase,segment_tag_core_slot_prob_nu_29_06_var_a
68340,2026-04-13 05:54:12,1,1,4,coin,coin,steal,gold,1,false,50000,11417252223801,86729,5,5,1,11,0,1,0,0,0,106345,250000,76,0,42.5,bonus_bs15_gae1_no,107,700000,,,,,43,29,16,9,6,16,6,2,2,24,15,11,3,3,8,3,2,1,4,5,5,false,NORMAL,1,0,1,V2,0,3_5_fbios_PABUnityIAPiOSDefensiveBase,segment_tag_core_slot_prob_nu_29_06_var_a
68341,2026-04-13 05:54:13,4,6,2,steal,spins,goldSack,gold,1,false,100000,11417252323801,86728,5,5,1,11,0,1,0,1,0,106345,250000,76,0,42.5,bonus_bs15_gae1_no,107,700000,,,,,44,29,17,9,7,16,6,2,2,25,15,12,3,4,8,3,2,1,7,6,4,false,NORMAL,2,1,1,V2,0,3_5_fbios_PABUnityIAPiOSDefensiveBase,segment_tag_core_slot_prob_nu_29_06_var_a
68342,2026-04-13 05:54:14,3,6,2,attack,spins,goldSack,gold,1,false,100000,11417252423801,86727,5,5,1,11,1,0,0,1,0,106345,250000,76,0,42.5,bonus_bs15_gae1_no,107,700000,,,,,45,30,17,9,8,16,6,2,2,26,16,12,3,5,8,3,2,1,3,6,0,false,BIG,6,3,3,V2,0,3_5_fbios_PABUnityIAPiOSDefensiveBase,segment_tag_core_slot_prob_nu_29_06_var_a
68343,2026-04-13 05:54:15,5,5,5,shield,shield,shield,shield,3,true,1,11417252423801,86727,5,5,1,11,0,0,3,0,0,106345,250000,76,0,42.5,bonus_bs15_gae1_no,107,700000,,LongExtraDayReduced,,"{""slot_on_"":""18478\/60000@m26""}",46,30,17,12,8,16,6,2,3,27,16,12,6,5,8,3,2,2,2,2,2,false,NORMAL,2,-1,3,V2,0,3_5_fbios_PABUnityIAPiOSDefensiveBase,segment_tag_core_slot_prob_nu_29_06_var_a
68344,2026-04-13 05:54:16,2,2,2,goldSack,goldSack,goldSack,gold,1,true,1800000,11417254223801,86726,5,5,1,11,0,0,0,0,0,106345,250000,76,0,42.5,bonus_bs15_gae1_no,107,700000,,,,,47,30,17,12,8,16,6,2,3,28,16,12,6,5,8,3,2,2,7,7,7,false,NORMAL,3,1,2,V2,0,3_5_fbios_PABUnityIAPiOSDefensiveBase,segment_tag_core_slot_prob_nu_29_06_var_a
68345,2026-04-13 05:54:16,1,6,6,coin,spins,spins,gold,1,false,25000,11417254248801,86725,5,5,1,11,0,0,0,2,0,106345,250000,76,0,42.5,bonus_bs15_gae1_no,107,700000,,,,,48,30,17,12,10,16,6,2,3,29,16,12,6,7,8,3,2,2,6,6,1,false,MIN,-4,-3,-1,V2,0,3_5_fbios_PABUnityIAPiOSDefensiveBase,segment_tag_core_slot_prob_nu_29_06_var_a
68346,2026-04-13 05:54:17,1,1,4,coin,coin,steal,gold,1,false,50000,11417254298801,86724,5,5,1,11,0,1,0,0,0,106345,250000,76,0,42.5,bonus_bs15_gae1_no,107,700000,,,,,49,30,18,12,10,16,6,2,3,30,16,13,6,7,8,3,2,2,4,1,5,false,SMALL,-2,1,-3,V2,0,3_5_fbios_PABUnityIAPiOSDefensiveBase,segment_tag_core_slot_prob_nu_29_06_var_a
68347,2026-04-13 05:54:18,1,1,4,coin,coin,steal,gold,1,false,50000,11417254348801,86723,5,5,1,11,0,1,0,0,0,106345,250000,76,0,42.5,bonus_bs15_gae1_no,107,700000,,,,,50,30,19,12,10,16,6,2,3,31,16,14,6,7,8,3,2,2,4,5,5,false,NORMAL,2,2,0,V2,0,3_5_fbios_PABUnityIAPiOSDefensiveBase,segment_tag_core_slot_prob_nu_29_06_var_a
68348,2026-04-13 05:54:19,30,30,1,accumulation,accumulation,coin,gold,1,false,25000,11417254373801,86722,5,5,1,11,0,0,0,0,2,106347,250000,76,2,42.5,bonus_bs15_gae1_no,107,700000,,,,,51,30,19,12,10,18,6,2,3,32,16,14,6,7,10,3,2,2,1,8,8,false,NORMAL,1,1,0,V2,0,3_5_fbios_PABUnityIAPiOSDefensiveBase,segment_tag_core_slot_prob_nu_29_06_var_a
68349,2026-04-13 05:54:20,30,30,1,accumulation,accumulation,coin,gold,1,false,25000,11417254398801,86721,5,5,1,11,0,0,0,0,2,106349,250000,76,2,42.5,bonus_bs15_gae1_no,107,700000,,LongExtraDayReduced,,"{""slot_on_"":""18479\/60000@m26""}",52,30,19,12,10,20,6,2,3,33,16,14,6,7,12,3,2,2,1,8,8,false,NORMAL,3,3,0,V2,0,3_5_fbios_PABUnityIAPiOSDefensiveBase,segment_tag_core_slot_prob_nu_29_06_var_a
68350,2026-04-13 05:54:22,3,3,3,attack,attack,attack,attack,2,true,0,11417254398801,86720,5,5,1,11,3,0,0,0,0,106349,250000,76,0,42.5,bonus_bs15_gae1_no,107,700000,,,,,53,33,19,12,10,20,7,2,3,34,19,14,6,7,12,4,2,2,0,0,0,false,SMALL,-2,-2,0,V2,0,3_5_fbios_PABUnityIAPiOSDefensiveBase,segment_tag_core_slot_prob_nu_29_06_var_a
68351,2026-04-13 05:54:25,30,2,2,accumulation,goldSack,goldSack,gold,1,false,150000,11417276548801,86719,5,5,1,11,0,0,0,0,1,106350,250000,76,1,42.5,bonus_bs15_gae1_no,107,700000,LongExtraDayReduced,,,"{""slot_on_"":""18480\/60000@m26""}",54,33,19,12,10,21,7,2,3,35,19,14,6,7,13,4,2,2,7,7,8,false,MAX,10,8,2,V2,0,3_5_fbios_PABUnityIAPiOSDefensiveBase,segment_tag_core_slot_prob_nu_29_06_var_a
68352,2026-04-13 05:54:26,30,30,1,accumulation,accumulation,coin,gold,1,false,25000,11417276573801,86718,5,5,1,11,0,0,0,0,2,106352,250000,76,2,42.5,bonus_bs15_gae1_no,107,700000,,,,,55,33,19,12,10,23,7,2,3,36,19,14,6,7,15,4,2,2,1,8,8,false,BIG,5,3,2,V2,0,3_5_fbios_PABUnityIAPiOSDefensiveBase,segment_tag_core_slot_prob_nu_29_06_var_a
68353,2026-04-13 05:54:28,2,2,2,goldSack,goldSack,goldSack,gold,1,true,1800000,11417278373801,86717,5,5,1,11,0,0,0,0,0,106352,250000,76,0,42.5,bonus_bs15_gae1_no,107,700000,LongExtraDayReduced,,,"{""slot_on_"":""18481\/60000@m26""}",56,33,19,12,10,23,7,2,3,37,19,14,6,7,15,4,2,2,7,3,3,false,BIG,7,5,2,V2,0,3_5_fbios_PABUnityIAPiOSDefensiveBase,segment_tag_core_slot_prob_nu_29_06_var_a
68354,2026-04-13 05:54:29,30,2,2,accumulation,goldSack,goldSack,gold,1,false,150000,11417278523801,86716,5,5,1,11,0,0,0,0,1,106353,250000,76,1,42.5,bonus_bs15_gae1_no,107,700000,,,,,57,33,19,12,10,24,7,2,3,38,19,14,6,7,16,4,2,2,7,3,8,false,MAX,10,8,2,V2,0,3_5_fbios_PABUnityIAPiOSDefensiveBase,segment_tag_core_slot_prob_nu_29_06_var_a
68355,2026-04-13 05:54:30,2,2,2,goldSack,goldSack,goldSack,gold,1,true,1800000,11417280323801,86715,5,5,1,11,0,0,0,0,0,106353,250000,76,0,42.5,bonus_bs15_gae1_no,107,700000,,,,,58,33,19,12,10,24,7,2,3,39,19,14,6,7,16,4,2,2,3,3,3,false,BIG,5,3,2,V2,0,3_5_fbios_PABUnityIAPiOSDefensiveBase,segment_tag_core_slot_prob_nu_29_06_var_a
68356,2026-04-13 05:54:31,5,5,5,shield,shield,shield,shield,3,true,1,11417280323801,86715,5,5,1,11,0,0,3,0,0,106353,250000,76,0,42.5,bonus_bs15_gae1_no,107,700000,,,,,59,33,19,15,10,24,7,2,4,40,19,14,9,7,16,4,2,3,2,2,2,false,SMALL,-1,-1,0,V2,0,3_5_fbios_PABUnityIAPiOSDefensiveBase,segment_tag_core_slot_prob_nu_29_06_var_a
68357,2026-04-13 05:54:32,30,2,2,accumulation,goldSack,goldSack,gold,1,false,150000,11417280473801,86714,5,5,1,11,0,0,0,0,1,106354,250000,76,1,42.5,bonus_bs15_gae1_no,107,700000,,,,,60,33,19,15,10,25,7,2,4,41,19,14,9,7,17,4,2,3,7,3,8,false,BIG,5,5,0,V2,0,3_5_fbios_PABUnityIAPiOSDefensiveBase,segment_tag_core_slot_prob_nu_29_06_var_a
68358,2026-04-13 05:54:33,1,1,4,coin,coin,steal,gold,1,false,50000,11417280523801,86713,5,5,1,11,0,1,0,0,0,106354,250000,76,0,42.5,bonus_bs15_gae1_no,107,700000,,,,,61,33,20,15,10,25,7,2,4,42,19,15,9,7,17,4,2,3,4,5,1,false,MIN,-9,-6,-3,V2,0,3_5_fbios_PABUnityIAPiOSDefensiveBase,segment_tag_core_slot_prob_nu_29_06_var_a
68359,2026-04-13 05:54:33,1,6,6,coin,spins,spins,gold,1,false,25000,11417280548801,86712,5,5,1,11,0,0,0,2,0,106354,250000,76,0,42.5,bonus_bs15_gae1_no,107,700000,,,,,62,33,20,15,12,25,7,2,4,43,19,15,9,9,17,4,2,3,6,6,1,false,MIN,-5,-2,-3,V2,0,3_5_fbios_PABUnityIAPiOSDefensiveBase,segment_tag_core_slot_prob_nu_29_06_var_a
68360,2026-04-13 05:54:34,3,3,3,attack,attack,attack,attack,2,true,0,11417280548801,86711,5,5,1,11,3,0,0,0,0,106354,250000,76,0,42.5,bonus_bs15_gae1_no,107,700000,,LongExtraDayReduced,,"{""slot_on_"":""18482\/60000@m26""}",63,36,20,15,12,25,8,2,4,44,22,15,9,9,17,5,2,3,0,0,0,false,MIN,-4,-2,-2,V2,0,3_5_fbios_PABUnityIAPiOSDefensiveBase,segment_tag_core_slot_prob_nu_29_06_var_a
68361,2026-04-13 05:54:38,4,6,2,steal,spins,goldSack,gold,1,false,100000,11417287248801,86710,5,5,1,11,0,1,0,1,0,106354,250000,76,0,42.5,bonus_bs15_gae1_no,107,700000,,,,,64,36,21,15,13,25,8,2,4,45,22,16,9,10,17,5,2,3,3,6,4,false,NORMAL,2,1,1,V2,0,3_5_fbios_PABUnityIAPiOSDefensiveBase,segment_tag_core_slot_prob_nu_29_06_var_a
68362,2026-04-13 05:54:39,2,2,2,goldSack,goldSack,goldSack,gold,1,true,1800000,11417289048801,86709,5,5,1,11,0,0,0,0,0,106354,250000,76,0,42.5,bonus_bs15_gae1_no,107,700000,,,,,65,36,21,15,13,25,8,2,4,46,22,16,9,10,17,5,2,3,7,3,7,false,NORMAL,2,1,1,V2,0,3_5_fbios_PABUnityIAPiOSDefensiveBase,segment_tag_core_slot_prob_nu_29_06_var_a
68363,2026-04-13 05:54:39,3,1,5,attack,coin,shield,gold,1,false,25000,11417289073801,86708,5,5,1,11,1,0,1,0,0,106354,250000,76,0,42.5,bonus_bs15_gae1_no,107,700000,,,,,66,37,21,16,13,25,8,2,4,47,23,16,10,10,17,5,2,3,2,5,0,false,SMALL,-1,-2,1,V2,0,3_5_fbios_PABUnityIAPiOSDefensiveBase,segment_tag_core_slot_prob_nu_29_06_var_a
68364,2026-04-13 05:54:40,4,4,4,steal,steal,steal,steal,4,true,0,11417289073801,86707,5,5,1,11,0,3,0,0,0,106354,250000,76,0,42.5,bonus_bs15_gae1_no,107,700000,,,,,67,37,24,16,13,25,8,3,4,48,23,19,10,10,17,5,3,3,4,4,4,false,MIN,-3,-6,3,V2,0,3_5_fbios_PABUnityIAPiOSDefensiveBase,segment_tag_core_slot_prob_nu_29_06_var_a
68365,2026-04-13 05:54:45,3,3,1,attack,attack,coin,gold,1,false,25000,11417331920801,86706,5,5,1,11,2,0,0,0,0,106354,250000,76,0,42.5,bonus_bs15_gae1_no,107,700000,,,,,68,39,24,16,13,25,8,3,4,49,25,19,10,10,17,5,3,3,1,0,0,false,BIG,5,0,5,V2,0,3_5_fbios_PABUnityIAPiOSDefensiveBase,segment_tag_core_slot_prob_nu_29_06_var_a
68366,2026-04-13 05:54:46,1,1,1,coin,coin,coin,gold,1,true,250000,11417332170801,86705,5,5,1,11,0,0,0,0,0,106354,250000,76,0,42.5,bonus_bs15_gae1_no,107,700000,LongExtraDayReduced,LongExtraDayReduced,LongExtraDayReduced,"{""slot_on_"":""18487\/60000@m26""}",69,39,24,16,13,25,8,3,4,50,25,19,10,10,17,5,3,3,1,5,5,false,BIG,6,1,5,V2,0,3_5_fbios_PABUnityIAPiOSDefensiveBase,segment_tag_core_slot_prob_nu_29_06_var_a
68367,2026-04-13 05:54:47,3,3,1,attack,attack,coin,gold,1,false,25000,11417332195801,86704,5,5,1,11,2,0,0,0,0,106354,250000,76,0,42.5,bonus_bs15_gae1_no,107,700000,LongExtraDayReduced,LongExtraDayReduced,,"{""slot_on_"":""18489\/60000@m26""}",70,41,24,16,13,25,8,3,4,51,27,19,10,10,17,5,3,3,1,0,0,false,NORMAL,3,0,3,V2,0,3_5_fbios_PABUnityIAPiOSDefensiveBase,segment_tag_core_slot_prob_nu_29_06_var_a
68368,2026-04-13 05:54:47,1,1,1,coin,coin,coin,gold,1,true,250000,11417332445801,86703,5,5,1,11,0,0,0,0,0,106354,250000,76,0,42.5,bonus_bs15_gae1_no,107,700000,,,,,71,41,24,16,13,25,8,3,4,52,27,19,10,10,17,5,3,3,1,1,1,false,MIN,-3,-3,0,V2,0,3_5_fbios_PABUnityIAPiOSDefensiveBase,segment_tag_core_slot_prob_nu_29_06_var_a
68369,2026-04-13 05:54:48,3,3,1,attack,attack,coin,gold,1,false,25000,11417332470801,86702,5,5,1,11,2,0,0,0,0,106354,250000,76,0,42.5,bonus_bs15_gae1_no,107,700000,,LongExtraDayReduced,,"{""slot_on_"":""18490\/60000@m26""}",72,43,24,16,13,25,8,3,4,53,29,19,10,10,17,5,3,3,5,0,0,false,SMALL,-2,-2,0,V2,0,3_5_fbios_PABUnityIAPiOSDefensiveBase,segment_tag_core_slot_prob_nu_29_06_var_a
68370,2026-04-13 05:54:49,3,6,2,attack,spins,goldSack,gold,1,false,100000,11417332570801,86701,5,5,1,11,1,0,0,1,0,106354,250000,76,0,42.5,bonus_bs15_gae1_no,107,700000,,,,,73,44,24,16,14,25,8,3,4,54,30,19,10,11,17,5,3,3,7,6,0,false,SMALL,-1,-1,0,V2,0,3_5_fbios_PABUnityIAPiOSDefensiveBase,segment_tag_core_slot_prob_nu_29_06_var_a
68371,2026-04-13 05:54:49,3,6,2,attack,spins,goldSack,gold,1,false,100000,11417332670801,86700,5,5,1,11,1,0,0,1,0,106354,250000,76,0,42.5,bonus_bs15_gae1_no,107,700000,,,,,74,45,24,16,15,25,8,3,4,55,31,19,10,12,17,5,3,3,7,6,0,false,NORMAL,0,0,0,V2,0,3_5_fbios_PABUnityIAPiOSDefensiveBase,segment_tag_core_slot_prob_nu_29_06_var_a
68372,2026-04-13 05:54:50,1,4,4,coin,steal,steal,gold,1,false,25000,11417332695801,86699,5,5,1,11,0,2,0,0,0,106354,250000,76,0,42.5,bonus_bs15_gae1_no,107,700000,,,,,75,45,26,16,15,25,8,3,4,56,31,21,10,12,17,5,3,3,4,4,1,false,MIN,-6,-4,-2,V2,0,3_5_fbios_PABUnityIAPiOSDefensiveBase,segment_tag_core_slot_prob_nu_29_06_var_a
68373,2026-04-13 05:54:51,3,6,2,attack,spins,goldSack,gold,1,false,100000,11417332795801,86698,5,5,1,11,1,0,0,1,0,106354,250000,76,0,42.5,bonus_bs15_gae1_no,107,700000,,,,,76,46,26,16,16,25,8,3,4,57,32,21,10,13,17,5,3,3,7,6,0,false,MIN,-4,-2,-2,V2,0,3_5_fbios_PABUnityIAPiOSDefensiveBase,segment_tag_core_slot_prob_nu_29_06_var_a
68374,2026-04-13 05:54:52,3,6,2,attack,spins,goldSack,gold,1,false,100000,11417332895801,86697,5,5,1,11,1,0,0,1,0,106354,250000,76,0,42.5,bonus_bs15_gae1_no,107,700000,LongExtraDayReduced,,,"{""slot_on_"":""18491\/60000@m26""}",77,47,26,16,17,25,8,3,4,58,33,21,10,14,17,5,3,3,3,6,0,false,NORMAL,1,3,-2,V2,0,3_5_fbios_PABUnityIAPiOSDefensiveBase,segment_tag_core_slot_prob_nu_29_06_var_a
68375,2026-04-13 05:54:53,3,6,2,attack,spins,goldSack,gold,1,false,100000,11417332995801,86696,5,5,1,11,1,0,0,1,0,106354,250000,76,0,42.5,bonus_bs15_gae1_no,107,700000,,,,,78,48,26,16,18,25,8,3,4,59,34,21,10,15,17,5,3,3,3,6,0,false,NORMAL,3,4,-1,V2,0,3_5_fbios_PABUnityIAPiOSDefensiveBase,segment_tag_core_slot_prob_nu_29_06_var_a
68376,2026-04-13 05:54:53,2,2,2,goldSack,goldSack,goldSack,gold,1,true,1800000,11417334795801,86695,5,5,1,11,0,0,0,0,0,106354,250000,76,0,42.5,bonus_bs15_gae1_no,107,700000,,,,,79,48,26,16,18,25,8,3,4,60,34,21,10,15,17,5,3,3,7,3,7,false,NORMAL,0,1,-1,V2,0,3_5_fbios_PABUnityIAPiOSDefensiveBase,segment_tag_core_slot_prob_nu_29_06_var_a
68377,2026-04-13 05:54:54,30,2,2,accumulation,goldSack,goldSack,gold,1,false,150000,11417334945801,86694,5,5,1,11,0,0,0,0,1,106355,250000,76,1,42.5,bonus_bs15_gae1_no,107,700000,,LongExtraDayReduced,,"{""slot_on_"":""18492\/60000@m26""}",80,48,26,16,18,26,8,3,4,61,34,21,10,15,18,5,3,3,3,3,8,false,NORMAL,3,4,-1,V2,0,3_5_fbios_PABUnityIAPiOSDefensiveBase,segment_tag_core_slot_prob_nu_29_06_var_a
68378,2026-04-13 05:54:55,3,6,2,attack,spins,goldSack,gold,1,false,100000,11417335045801,86693,5,5,1,11,1,0,0,1,0,106355,250000,76,0,42.5,bonus_bs15_gae1_no,107,700000,LongExtraDayReduced,,,"{""slot_on_"":""18493\/60000@m26""}",81,49,26,16,19,26,8,3,4,62,35,21,10,16,18,5,3,3,3,6,0,false,NORMAL,3,3,0,V2,0,3_5_fbios_PABUnityIAPiOSDefensiveBase,segment_tag_core_slot_prob_nu_29_06_var_a
68379,2026-04-13 05:54:56,3,3,1,attack,attack,coin,gold,1,false,25000,11417335070801,86692,5,5,1,11,2,0,0,0,0,106355,250000,76,0,42.5,bonus_bs15_gae1_no,107,700000,,,,,82,51,26,16,19,26,8,3,4,63,37,21,10,16,18,5,3,3,5,0,0,false,SMALL,-1,-1,0,V2,0,3_5_fbios_PABUnityIAPiOSDefensiveBase,segment_tag_core_slot_prob_nu_29_06_var_a
68380,2026-04-13 05:54:57,30,2,2,accumulation,goldSack,goldSack,gold,1,false,150000,11417335220801,86691,5,5,1,11,0,0,0,0,1,106356,250000,76,1,42.5,bonus_bs15_gae1_no,107,700000,,,,,83,51,26,16,19,27,8,3,4,64,37,21,10,16,19,5,3,3,7,7,8,false,MAX,9,8,1,V2,0,3_5_fbios_PABUnityIAPiOSDefensiveBase,segment_tag_core_slot_prob_nu_29_06_var_a
68381,2026-04-13 05:54:58,1,1,1,coin,coin,coin,gold,1,true,250000,11417335470801,86690,5,5,1,11,0,0,0,0,0,106356,250000,76,0,42.5,bonus_bs15_gae1_no,107,700000,,,,,84,51,26,16,19,27,8,3,4,65,37,21,10,16,19,5,3,3,1,5,1,false,MIN,-9,-7,-2,V2,0,3_5_fbios_PABUnityIAPiOSDefensiveBase,segment_tag_core_slot_prob_nu_29_06_var_a
68382,2026-04-13 05:54:59,1,1,1,coin,coin,coin,gold,1,true,250000,11417335720801,86689,5,5,1,11,0,0,0,0,0,106356,250000,76,0,42.5,bonus_bs15_gae1_no,107,700000,,,,,85,51,26,16,19,27,8,3,4,66,37,21,10,16,19,5,3,3,1,5,1,false,MIN,-7,-5,-2,V2,0,3_5_fbios_PABUnityIAPiOSDefensiveBase,segment_tag_core_slot_prob_nu_29_06_var_a
68383,2026-04-13 05:54:59,30,2,2,accumulation,goldSack,goldSack,gold,1,false,150000,11417335870801,86688,5,5,1,11,0,0,0,0,1,106357,250000,76,1,42.5,bonus_bs15_gae1_no,107,700000,,,LongExtraDayReduced,"{""slot_on_"":""18494\/60000@m26""}",86,51,26,16,19,28,8,3,4,67,37,21,10,16,20,5,3,3,7,3,8,false,BIG,6,7,-1,V2,0,3_5_fbios_PABUnityIAPiOSDefensiveBase,segment_tag_core_slot_prob_nu_29_06_var_a
68384,2026-04-13 05:55:01,30,2,2,accumulation,goldSack,goldSack,gold,1,false,150000,11417336020801,86687,5,5,1,11,0,0,0,0,1,106358,250000,76,1,42.5,bonus_bs15_gae1_no,107,700000,,,,,87,51,26,16,19,29,8,3,4,68,37,21,10,16,21,5,3,3,7,3,8,false,MAX,10,9,1,V2,0,3_5_fbios_PABUnityIAPiOSDefensiveBase,segment_tag_core_slot_prob_nu_29_06_var_a
68385,2026-04-13 05:55:02,3,5,2,attack,shield,goldSack,gold,1,false,100000,11417336120801,86686,5,5,1,11,1,0,1,0,0,106358,250000,76,0,42.5,bonus_bs15_gae1_no,107,700000,,,,,88,52,26,17,19,29,8,3,4,69,38,21,11,16,21,5,3,3,3,2,0,false,NORMAL,1,1,0,V2,0,3_5_fbios_PABUnityIAPiOSDefensiveBase,segment_tag_core_slot_prob_nu_29_06_var_a
68386,2026-04-13 05:55:03,3,5,2,attack,shield,goldSack,gold,1,false,100000,11417336220801,86685,5,5,1,11,1,0,1,0,0,106358,250000,76,0,42.5,bonus_bs15_gae1_no,107,700000,LongExtraDayReduced,,,"{""slot_on_"":""18495\/60000@m26""}",89,53,26,18,19,29,8,3,4,70,39,21,12,16,21,5,3,3,3,2,0,false,NORMAL,2,3,-1,V2,0,3_5_fbios_PABUnityIAPiOSDefensiveBase,segment_tag_core_slot_prob_nu_29_06_var_a
68387,2026-04-13 05:55:05,30,2,2,accumulation,goldSack,goldSack,gold,1,false,150000,11417336370801,86684,5,5,1,11,0,0,0,0,1,106359,250000,76,1,42.5,bonus_bs15_gae1_no,107,700000,,,,,90,53,26,18,19,30,8,3,4,71,39,21,12,16,22,5,3,3,3,7,8,false,BIG,7,7,0,V2,0,3_5_fbios_PABUnityIAPiOSDefensiveBase,segment_tag_core_slot_prob_nu_29_06_var_a
68388,2026-04-13 05:55:06,5,5,5,shield,shield,shield,shield,3,true,1,11417336370801,86684,5,5,1,11,0,0,3,0,0,106359,250000,76,0,42.5,bonus_bs15_gae1_no,107,700000,,,,,91,53,26,21,19,30,8,3,5,72,39,21,15,16,22,5,3,4,2,2,2,false,NORMAL,0,-1,1,V2,0,3_5_fbios_PABUnityIAPiOSDefensiveBase,segment_tag_core_slot_prob_nu_29_06_var_a
68389,2026-04-13 05:55:07,30,2,2,accumulation,goldSack,goldSack,gold,1,false,150000,11417336520801,86683,5,5,1,11,0,0,0,0,1,106360,250000,76,1,42.5,bonus_bs15_gae1_no,107,700000,,,,,92,53,26,21,19,31,8,3,5,73,39,21,15,16,23,5,3,4,7,7,8,false,BIG,7,6,1,V2,0,3_5_fbios_PABUnityIAPiOSDefensiveBase,segment_tag_core_slot_prob_nu_29_06_var_a
68390,2026-04-13 05:55:08,30,2,2,accumulation,goldSack,goldSack,gold,1,false,150000,11417336670801,86682,5,5,1,11,0,0,0,0,1,106361,250000,76,1,42.5,bonus_bs15_gae1_no,107,700000,,,,,93,53,26,21,19,32,8,3,5,74,39,21,15,16,24,5,3,4,3,7,8,false,MAX,9,8,1,V2,0,3_5_fbios_PABUnityIAPiOSDefensiveBase,segment_tag_core_slot_prob_nu_29_06_var_a
68391,2026-04-13 05:55:10,5,2,2,shield,goldSack,goldSack,gold,1,false,150000,11417336820801,86681,5,5,1,11,0,0,1,0,0,106361,250000,76,0,42.5,bonus_bs15_gae1_no,107,700000,,,,,94,53,26,22,19,32,8,3,5,75,39,21,16,16,24,5,3,4,7,3,2,false,BIG,5,4,1,V2,0,3_5_fbios_PABUnityIAPiOSDefensiveBase,segment_tag_core_slot_prob_nu_29_06_var_a
68392,2026-04-13 05:55:11,1,1,4,coin,coin,steal,gold,1,false,50000,11417336870801,86680,5,5,1,11,0,1,0,0,0,106361,250000,76,0,42.5,bonus_bs15_gae1_no,107,700000,,,,,95,53,27,22,19,32,8,3,5,76,39,22,16,16,24,5,3,4,4,5,5,false,SMALL,-2,-2,0,V2,0,3_5_fbios_PABUnityIAPiOSDefensiveBase,segment_tag_core_slot_prob_nu_29_06_var_a
68393,2026-04-13 05:55:12,1,1,4,coin,coin,steal,gold,1,false,50000,11417336920801,86679,5,5,1,11,0,1,0,0,0,106361,250000,76,0,42.5,bonus_bs15_gae1_no,107,700000,,,,,96,53,28,22,19,32,8,3,5,77,39,23,16,16,24,5,3,4,4,1,5,false,BIG,4,4,0,V2,0,3_5_fbios_PABUnityIAPiOSDefensiveBase,segment_tag_core_slot_prob_nu_29_06_var_a
68394,2026-04-13 05:55:12,3,6,2,attack,spins,goldSack,gold,1,false,100000,11417337020801,86678,5,5,1,11,1,0,0,1,0,106361,250000,76,0,42.5,bonus_bs15_gae1_no,107,700000,,,,,97,54,28,22,20,32,8,3,5,78,40,23,16,17,24,5,3,4,3,6,0,false,NORMAL,2,2,0,V2,0,3_5_fbios_PABUnityIAPiOSDefensiveBase,segment_tag_core_slot_prob_nu_29_06_var_a
68395,2026-04-13 05:55:13,2,2,2,goldSack,goldSack,goldSack,gold,1,true,1800000,11417338820801,86677,5,5,1,11,0,0,0,0,0,106361,250000,76,0,42.5,bonus_bs15_gae1_no,107,700000,,,,,98,54,28,22,20,32,8,3,5,79,40,23,16,17,24,5,3,4,7,3,3,false,BIG,5,5,0,V2,0,3_5_fbios_PABUnityIAPiOSDefensiveBase,segment_tag_core_slot_prob_nu_29_06_var_a
68396,2026-04-13 05:55:14,1,1,4,coin,coin,steal,gold,1,false,50000,11417338870801,86676,5,5,1,11,0,1,0,0,0,106361,250000,76,0,42.5,bonus_bs15_gae1_no,107,700000,,,,,99,54,29,22,20,32,8,3,5,80,40,24,16,17,24,5,3,4,4,1,1,false,MIN,-5,-2,-3,V2,0,3_5_fbios_PABUnityIAPiOSDefensiveBase,segment_tag_core_slot_prob_nu_29_06_var_a
68397,2026-04-13 05:55:14,30,30,30,accumulation,accumulation,accumulation,gold,10,true,0,11417338870801,86675,5,5,1,11,0,0,0,0,3,106371,250000,76,10,42.5,bonus_bs15_gae1_no,107,700000,,,,,100,54,29,22,20,35,8,3,5,81,40,24,16,17,27,5,3,4,8,8,8,true,SMALL,-2,1,-3,V2,0,3_5_fbios_PABUnityIAPiOSDefensiveBase,segment_tag_core_slot_prob_nu_29_06_var_a
68398,2026-04-13 05:55:16,5,5,5,shield,shield,shield,shield,3,true,1,11417338870801,86675,5,5,1,11,0,0,3,0,0,106371,250000,76,0,42.5,bonus_bs15_gae1_no,107,700000,,,,,1,0,0,3,0,0,0,0,1,82,40,24,19,17,27,5,3,5,2,2,2,false,MIN,-3,-2,-1,V2,0,3_5_fbios_PABUnityIAPiOSDefensiveBase,segment_tag_core_slot_prob_nu_29_06_var_a
68399,2026-04-13 05:55:17,1,1,4,coin,coin,steal,gold,1,false,50000,11417338920801,86674,5,5,1,11,0,1,0,0,0,106371,250000,76,0,42.5,bonus_bs15_gae1_no,107,700000,,,,,2,0,1,3,0,0,0,0,1,83,40,25,19,17,27,5,3,5,4,1,1,false,MIN,-7,-4,-3,V2,0,3_5_fbios_PABUnityIAPiOSDefensiveBase,segment_tag_core_slot_prob_nu_29_06_var_a
68400,2026-04-13 05:55:17,30,2,2,accumulation,goldSack,goldSack,gold,1,false,150000,11417339070801,86673,5,5,1,11,0,0,0,0,1,106372,250000,76,1,42.5,bonus_bs15_gae1_no,107,700000,,,,,3,0,1,3,0,1,0,0,1,84,40,25,19,17,28,5,3,5,7,7,8,false,BIG,6,8,-2,V2,0,3_5_fbios_PABUnityIAPiOSDefensiveBase,segment_tag_core_slot_prob_nu_29_06_var_a
68401,2026-04-13 05:55:18,3,5,2,attack,shield,goldSack,gold,1,false,100000,11417339170801,86672,5,5,1,11,1,0,1,0,0,106372,250000,76,0,42.5,bonus_bs15_gae1_no,107,700000,,,,,4,1,1,4,0,1,0,0,1,85,41,25,20,17,28,5,3,5,3,2,0,false,NORMAL,1,1,0,V2,0,3_5_fbios_PABUnityIAPiOSDefensiveBase,segment_tag_core_slot_prob_nu_29_06_var_a
68402,2026-04-13 05:55:19,1,1,4,coin,coin,steal,gold,1,false,50000,11417339220801,86671,5,5,1,11,0,1,0,0,0,106372,250000,76,0,42.5,bonus_bs15_gae1_no,107,700000,,,LongExtraDayReduced,"{""slot_on_"":""18496\/60000@m26""}",5,1,2,4,0,1,0,0,1,86,41,26,20,17,28,5,3,5,4,5,5,false,SMALL,-2,-1,-1,V2,0,3_5_fbios_PABUnityIAPiOSDefensiveBase,segment_tag_core_slot_prob_nu_29_06_var_a
68403,2026-04-13 05:55:20,3,3,3,attack,attack,attack,attack,2,true,0,11417339220801,86670,5,5,1,11,3,0,0,0,0,106372,250000,76,0,42.5,bonus_bs15_gae1_no,107,700000,,,,,6,4,2,4,0,1,1,0,1,87,44,26,20,17,28,6,3,5,0,0,0,false,MIN,-3,-2,-1,V2,0,3_5_fbios_PABUnityIAPiOSDefensiveBase,segment_tag_core_slot_prob_nu_29_06_var_a
68404,2026-04-13 05:55:24,4,6,2,steal,spins,goldSack,gold,1,false,100000,11417345920801,86669,5,5,1,11,0,1,0,1,0,106372,250000,76,0,42.5,bonus_bs15_gae1_no,107,700000,,,,,7,4,3,4,1,1,1,0,1,88,44,27,20,18,28,6,3,5,3,6,4,false,NORMAL,1,1,0,V2,0,3_5_fbios_PABUnityIAPiOSDefensiveBase,segment_tag_core_slot_prob_nu_29_06_var_a
68405,2026-04-13 05:55:25,1,1,1,coin,coin,coin,gold,1,true,250000,11417346170801,86668,5,5,1,11,0,0,0,0,0,106372,250000,76,0,42.5,bonus_bs15_gae1_no,107,700000,,,,,8,4,3,4,1,1,1,0,1,89,44,27,20,18,28,6,3,5,5,1,1,false,MIN,-3,-3,0,V2,0,3_5_fbios_PABUnityIAPiOSDefensiveBase,segment_tag_core_slot_prob_nu_29_06_var_a
68406,2026-04-13 05:55:25,1,6,6,coin,spins,spins,gold,1,false,25000,11417346195801,86667,5,5,1,11,0,0,0,2,0,106372,250000,76,0,42.5,bonus_bs15_gae1_no,107,700000,,,,,9,4,3,4,3,1,1,0,1,90,44,27,20,20,28,6,3,5,6,6,1,false,SMALL,-2,-2,0,V2,0,3_5_fbios_PABUnityIAPiOSDefensiveBase,segment_tag_core_slot_prob_nu_29_06_var_a
68407,2026-04-13 05:55:26,30,2,2,accumulation,goldSack,goldSack,gold,1,false,150000,11417346345801,86666,5,5,1,11,0,0,0,0,1,106373,250000,76,1,42.5,bonus_bs15_gae1_no,107,700000,,,,,10,4,3,4,3,2,1,0,1,91,44,27,20,20,29,6,3,5,3,3,8,false,BIG,4,4,0,V2,0,3_5_fbios_PABUnityIAPiOSDefensiveBase,segment_tag_core_slot_prob_nu_29_06_var_a
68408,2026-04-13 05:55:27,30,30,1,accumulation,accumulation,coin,gold,1,false,25000,11417346370801,86665,5,5,1,11,0,0,0,0,2,106375,250000,76,2,42.5,bonus_bs15_gae1_no,107,700000,,,,,11,4,3,4,3,4,1,0,1,92,44,27,20,20,31,6,3,5,5,8,8,false,NORMAL,3,1,2,V2,0,3_5_fbios_PABUnityIAPiOSDefensiveBase,segment_tag_core_slot_prob_nu_29_06_var_a
68409,2026-04-13 05:55:28,3,6,2,attack,spins,goldSack,gold,1,false,100000,11417346470801,86664,5,5,1,11,1,0,0,1,0,106375,250000,76,0,42.5,bonus_bs15_gae1_no,107,700000,,,,,12,5,3,4,4,4,1,0,1,93,45,27,20,21,31,6,3,5,7,6,0,false,SMALL,-2,-2,0,V2,0,3_5_fbios_PABUnityIAPiOSDefensiveBase,segment_tag_core_slot_prob_nu_29_06_var_a
68410,2026-04-13 05:55:29,3,3,1,attack,attack,coin,gold,1,false,25000,11417346495801,86663,5,5,1,11,2,0,0,0,0,106375,250000,76,0,42.5,bonus_bs15_gae1_no,107,700000,,,,,13,7,3,4,4,4,1,0,1,94,47,27,20,21,31,6,3,5,1,0,0,false,SMALL,-1,0,-1,V2,0,3_5_fbios_PABUnityIAPiOSDefensiveBase,segment_tag_core_slot_prob_nu_29_06_var_a
68411,2026-04-13 05:55:29,30,30,1,accumulation,accumulation,coin,gold,1,false,25000,11417346520801,86662,5,5,1,11,0,0,0,0,2,106377,250000,76,2,42.6,bonus_bs15_gae1_no,107,700000,,,,,14,7,3,4,4,6,1,0,1,95,47,27,20,21,33,6,3,5,5,8,8,false,NORMAL,0,0,0,V2,0,3_5_fbios_PABUnityIAPiOSDefensiveBase,segment_tag_core_slot_prob_nu_29_06_var_a
68412,2026-04-13 05:55:31,1,5,5,coin,shield,shield,gold,1,false,25000,11417346545801,86661,5,5,1,11,0,0,2,0,0,106377,250000,76,0,42.6,bonus_bs15_gae1_no,107,700000,,,,,15,7,3,6,4,6,1,0,1,96,47,27,22,21,33,6,3,5,2,2,1,false,MIN,-4,-3,-1,V2,0,3_5_fbios_PABUnityIAPiOSDefensiveBase,segment_tag_core_slot_prob_nu_29_06_var_a
68413,2026-04-13 05:55:31,30,2,2,accumulation,goldSack,goldSack,gold,1,false,150000,11417346695801,86660,5,5,1,11,0,0,0,0,1,106378,250000,76,1,42.6,bonus_bs15_gae1_no,107,700000,,LongExtraDayReduced,,"{""slot_on_"":""18497\/60000@m26""}",16,7,3,6,4,7,1,0,1,97,47,27,22,21,34,6,3,5,7,7,8,false,BIG,6,7,-1,V2,0,3_5_fbios_PABUnityIAPiOSDefensiveBase,segment_tag_core_slot_prob_nu_29_06_var_a
68414,2026-04-13 05:55:33,5,5,5,shield,shield,shield,shield,3,true,1,11417346695801,86660,5,5,1,11,0,0,3,0,0,106378,250000,76,0,42.6,bonus_bs15_gae1_no,107,700000,,,,,17,7,3,9,4,7,1,0,2,98,47,27,25,21,34,6,3,6,2,2,2,false,NORMAL,0,-1,1,V2,0,3_5_fbios_PABUnityIAPiOSDefensiveBase,segment_tag_core_slot_prob_nu_29_06_var_a
68415,2026-04-13 05:55:34,30,30,1,accumulation,accumulation,coin,gold,1,false,25000,11417346720801,86659,5,5,1,11,0,0,0,0,2,106380,250000,76,2,42.6,bonus_bs15_gae1_no,107,700000,,LongExtraDayReduced,LongExtraDayReduced,"{""slot_on_"":""18499\/60000@m26""}",18,7,3,9,4,9,1,0,2,99,47,27,25,21,36,6,3,6,5,8,8,false,SMALL,-1,-2,1,V2,0,3_5_fbios_PABUnityIAPiOSDefensiveBase,segment_tag_core_slot_prob_nu_29_06_var_a
68416,2026-04-13 05:55:35,4,4,4,steal,steal,steal,steal,4,true,0,11417346720801,86658,5,5,1,11,0,3,0,0,0,106380,250000,76,0,42.6,bonus_bs15_gae1_no,107,700000,,,LongExtraDayReduced,"{""slot_on_"":""18500\/60000@m26""}",19,7,6,9,4,9,1,1,2,100,47,30,25,21,36,6,4,6,4,4,4,false,MIN,-4,-5,1,V2,0,3_5_fbios_PABUnityIAPiOSDefensiveBase,segment_tag_core_slot_prob_nu_29_06_var_a
68417,2026-04-13 05:55:40,3,3,3,attack,attack,attack,attack,2,true,0,11417379420801,86657,5,5,1,11,3,0,0,0,0,106380,250000,76,0,42.6,bonus_bs15_gae1_no,107,700000,,,,,20,10,6,9,4,9,2,1,2,101,50,30,25,21,36,7,4,6,0,0,0,false,NORMAL,1,-1,2,V2,0,3_5_fbios_PABUnityIAPiOSDefensiveBase,segment_tag_core_slot_prob_nu_29_06_var_a
68418,2026-04-13 05:55:44,3,1,4,attack,coin,steal,gold,1,false,25000,11417386045801,86656,5,5,1,11,1,1,0,0,0,106380,250000,76,0,42.6,bonus_bs15_gae1_no,107,700000,,,,,21,11,7,9,4,9,2,1,2,102,51,31,25,21,36,7,4,6,4,5,0,false,NORMAL,2,-1,3,V2,0,3_5_fbios_PABUnityIAPiOSDefensiveBase,segment_tag_core_slot_prob_nu_29_06_var_a
68419,2026-04-13 05:55:45,3,3,3,attack,attack,attack,attack,2,true,0,11417386045801,86655,5,5,1,11,3,0,0,0,0,106380,250000,76,0,42.6,bonus_bs15_gae1_no,107,700000,,,,,22,14,7,9,4,9,3,1,2,103,54,31,25,21,36,8,4,6,0,0,0,false,NORMAL,2,-1,3,V2,0,3_5_fbios_PABUnityIAPiOSDefensiveBase,segment_tag_core_slot_prob_nu_29_06_var_a
68420,2026-04-13 05:55:49,3,5,2,attack,shield,goldSack,gold,1,false,100000,11417408145801,86654,5,5,1,11,1,0,1,0,0,106380,250000,76,0,42.6,bonus_bs15_gae1_no,107,700000,,,,,23,15,7,10,4,9,3,1,2,104,55,31,26,21,36,8,4,6,7,2,0,false,NORMAL,2,-1,3,V2,0,3_5_fbios_PABUnityIAPiOSDefensiveBase,segment_tag_core_slot_prob_nu_29_06_var_a
68421,2026-04-13 05:55:49,1,1,1,coin,coin,coin,gold,1,true,250000,11417408395801,86653,5,5,1,11,0,0,0,0,0,106380,250000,76,0,42.6,bonus_bs15_gae1_no,107,700000,,,,,24,15,7,10,4,9,3,1,2,105,55,31,26,21,36,8,4,6,5,5,1,false,MIN,-11,-9,-2,V2,0,3_5_fbios_PABUnityIAPiOSDefensiveBase,segment_tag_core_slot_prob_nu_29_06_var_a
68422,2026-04-13 05:55:50,30,2,2,accumulation,goldSack,goldSack,gold,1,false,150000,11417408545801,86652,5,5,1,11,0,0,0,0,1,106381,250000,76,1,42.6,bonus_bs15_gae1_no,107,700000,,,,,25,15,7,10,4,10,3,1,2,106,55,31,26,21,37,8,4,6,3,3,8,false,NORMAL,2,4,-2,V2,0,3_5_fbios_PABUnityIAPiOSDefensiveBase,segment_tag_core_slot_prob_nu_29_06_var_a
68423,2026-04-13 05:55:51,30,2,2,accumulation,goldSack,goldSack,gold,1,false,150000,11417408695801,86651,5,5,1,11,0,0,0,0,1,106382,250000,76,1,42.6,bonus_bs15_gae1_no,107,700000,,LongExtraDayReduced,,"{""slot_on_"":""18501\/60000@m26""}",26,15,7,10,4,11,3,1,2,107,55,31,26,21,38,8,4,6,7,3,8,false,BIG,7,8,-1,V2,0,3_5_fbios_PABUnityIAPiOSDefensiveBase,segment_tag_core_slot_prob_nu_29_06_var_a
68424,2026-04-13 05:55:53,3,3,3,attack,attack,attack,attack,2,true,0,11417408695801,86650,5,5,1,11,3,0,0,0,0,106382,250000,76,0,42.6,bonus_bs15_gae1_no,107,700000,,,,,27,18,7,10,4,11,4,1,2,108,58,31,26,21,38,9,4,6,0,0,0,false,MIN,-3,-2,-1,V2,0,3_5_fbios_PABUnityIAPiOSDefensiveBase,segment_tag_core_slot_prob_nu_29_06_var_a
68425,2026-04-13 05:55:57,1,1,1,coin,coin,coin,gold,1,true,250000,11417415545801,86649,5,5,1,11,0,0,0,0,0,106382,250000,76,0,42.6,bonus_bs15_gae1_no,107,700000,,,,,28,18,7,10,4,11,4,1,2,109,58,31,26,21,38,9,4,6,1,5,1,false,MIN,-10,-7,-3,V2,0,3_5_fbios_PABUnityIAPiOSDefensiveBase,segment_tag_core_slot_prob_nu_29_06_var_a
68426,2026-04-13 05:55:57,1,4,4,coin,steal,steal,gold,1,false,25000,11417415570801,86648,5,5,1,11,0,2,0,0,0,106382,250000,76,0,42.6,bonus_bs15_gae1_no,107,700000,,,,,29,18,9,10,4,11,4,1,2,110,58,33,26,21,38,9,4,6,4,4,1,false,MIN,-6,-3,-3,V2,0,3_5_fbios_PABUnityIAPiOSDefensiveBase,segment_tag_core_slot_prob_nu_29_06_var_a
68427,2026-04-13 05:55:58,1,4,4,coin,steal,steal,gold,1,false,25000,11417415595801,86647,5,5,1,11,0,2,0,0,0,106382,250000,76,0,42.6,bonus_bs15_gae1_no,107,700000,,,LongExtraDayReduced,"{""slot_on_"":""18502\/60000@m26""}",30,18,11,10,4,11,4,1,2,111,58,35,26,21,38,9,4,6,4,4,1,false,MIN,-4,-2,-2,V2,0,3_5_fbios_PABUnityIAPiOSDefensiveBase,segment_tag_core_slot_prob_nu_29_06_var_a
68428,2026-04-13 05:55:59,6,6,6,spins,spins,spins,spins,5,true,10,11417415595801,86656,5,5,1,11,0,0,0,3,0,106382,250000,76,0,42.6,bonus_bs15_gae1_no,107,700000,,,,,31,18,11,10,7,11,4,1,2,112,58,35,26,24,38,9,4,6,6,6,6,true,SMALL,-2,0,-2,V2,0,3_5_fbios_PABUnityIAPiOSDefensiveBase,segment_tag_core_slot_prob_nu_29_06_var_a
68429,2026-04-13 05:56:01,3,5,2,attack,shield,goldSack,gold,1,false,100000,11417415695801,86655,5,5,1,11,1,0,1,0,0,106382,250000,76,0,42.6,bonus_bs15_gae1_no,107,700000,,,,,32,19,11,11,7,11,4,1,2,1,1,0,1,0,0,0,0,0,3,2,0,false,NORMAL,0,0,0,V2,0,3_5_fbios_PABUnityIAPiOSDefensiveBase,segment_tag_core_slot_prob_nu_29_06_var_a
68430,2026-04-13 05:56:01,4,6,2,steal,spins,goldSack,gold,1,false,100000,11417415795801,86654,5,5,1,11,0,1,0,1,0,106382,250000,76,0,42.6,bonus_bs15_gae1_no,107,700000,,,,,33,19,12,11,8,11,4,1,2,2,1,1,1,1,0,0,0,0,3,6,4,false,NORMAL,2,2,0,V2,0,3_5_fbios_PABUnityIAPiOSDefensiveBase,segment_tag_core_slot_prob_nu_29_06_var_a
68431,2026-04-13 05:56:02,3,6,2,attack,spins,goldSack,gold,1,false,100000,11417415895801,86653,5,5,1,11,1,0,0,1,0,106382,250000,76,0,42.6,bonus_bs15_gae1_no,107,700000,,,,,34,20,12,11,9,11,4,1,2,3,2,1,1,2,0,0,0,0,7,6,0,false,NORMAL,1,-1,2,V2,0,3_5_fbios_PABUnityIAPiOSDefensiveBase,segment_tag_core_slot_prob_nu_29_06_var_a
68432,2026-04-13 05:56:03,4,6,2,steal,spins,goldSack,gold,1,false,100000,11417415995801,86652,5,5,1,11,0,1,0,1,0,106382,250000,76,0,42.6,bonus_bs15_gae1_no,107,700000,LongExtraDayReduced,,,"{""slot_on_"":""18503\/60000@m26""}",35,20,13,11,10,11,4,1,2,4,2,2,1,3,0,0,0,0,7,6,4,false,BIG,6,3,3,V2,0,3_5_fbios_PABUnityIAPiOSDefensiveBase,segment_tag_core_slot_prob_nu_29_06_var_a
68433,2026-04-13 05:56:04,4,4,4,steal,steal,steal,steal,4,true,0,11417415995801,86651,5,5,1,11,0,3,0,0,0,106382,250000,76,0,42.6,bonus_bs15_gae1_no,107,700000,,,,,36,20,16,11,10,11,4,2,2,5,2,5,1,3,0,0,1,0,4,4,4,false,NORMAL,1,-3,4,V2,0,3_5_fbios_PABUnityIAPiOSDefensiveBase,segment_tag_core_slot_prob_nu_29_06_var_a
68434,2026-04-13 05:56:10,3,1,4,attack,coin,steal,gold,1,false,25000,11417466776801,86650,5,5,1,11,1,1,0,0,0,106382,250000,76,0,42.6,bonus_bs15_gae1_no,107,700000,,,,,37,21,17,11,10,11,4,2,2,6,3,6,1,3,0,0,1,0,4,5,0,false,BIG,4,0,4,V2,0,3_5_fbios_PABUnityIAPiOSDefensiveBase,segment_tag_core_slot_prob_nu_29_06_var_a
68435,2026-04-13 05:56:10,5,2,2,shield,goldSack,goldSack,gold,1,false,150000,11417466926801,86649,5,5,1,11,0,0,1,0,0,106382,250000,76,0,42.6,bonus_bs15_gae1_no,107,700000,,,,,38,21,17,12,10,11,4,2,2,7,3,6,2,3,0,0,1,0,3,3,2,false,BIG,7,3,4,V2,0,3_5_fbios_PABUnityIAPiOSDefensiveBase,segment_tag_core_slot_prob_nu_29_06_var_a
68436,2026-04-13 05:56:11,2,2,2,goldSack,goldSack,goldSack,gold,1,true,1800000,11417468726801,86648,5,5,1,11,0,0,0,0,0,106382,250000,76,0,42.6,bonus_bs15_gae1_no,107,700000,,,,,39,21,17,12,10,11,4,2,2,8,3,6,2,3,0,0,1,0,3,3,7,false,BIG,4,0,4,V2,0,3_5_fbios_PABUnityIAPiOSDefensiveBase,segment_tag_core_slot_prob_nu_29_06_var_a
68437,2026-04-13 05:56:12,3,3,1,attack,attack,coin,gold,1,false,25000,11417468751801,86647,5,5,1,11,2,0,0,0,0,106382,250000,76,0,42.6,bonus_bs15_gae1_no,107,700000,,,,,40,23,17,12,10,11,4,2,2,9,5,6,2,3,0,0,1,0,1,0,0,false,NORMAL,2,-1,3,V2,0,3_5_fbios_PABUnityIAPiOSDefensiveBase,segment_tag_core_slot_prob_nu_29_06_var_a
68438,2026-04-13 05:56:12,30,30,1,accumulation,accumulation,coin,gold,1,false,25000,11417468776801,86646,5,5,1,11,0,0,0,0,2,106384,250000,76,2,42.6,bonus_bs15_gae1_no,107,700000,,,,,41,23,17,12,10,13,4,2,2,10,5,6,2,3,2,0,1,0,1,8,8,false,BIG,5,2,3,V2,0,3_5_fbios_PABUnityIAPiOSDefensiveBase,segment_tag_core_slot_prob_nu_29_06_var_a
68439,2026-04-13 05:56:14,1,1,4,coin,coin,steal,gold,1,false,50000,11417468826801,86645,5,5,1,11,0,1,0,0,0,106384,250000,76,0,42.6,bonus_bs15_gae1_no,107,700000,,,,,42,23,18,12,10,13,4,2,2,11,5,7,2,3,2,0,1,0,4,5,5,false,NORMAL,1,0,1,V2,0,3_5_fbios_PABUnityIAPiOSDefensiveBase,segment_tag_core_slot_prob_nu_29_06_var_a
68440,2026-04-13 05:56:14,3,3,3,attack,attack,attack,attack,2,true,0,11417468826801,86644,5,5,1,11,3,0,0,0,0,106384,250000,76,0,42.6,bonus_bs15_gae1_no,107,700000,,,LongExtraDayReduced,"{""slot_on_"":""18504\/60000@m26""}",43,26,18,12,10,13,5,2,2,12,8,7,2,3,2,1,1,0,0,0,0,false,SMALL,-1,-2,1,V2,0,3_5_fbios_PABUnityIAPiOSDefensiveBase,segment_tag_core_slot_prob_nu_29_06_var_a
68441,2026-04-13 05:56:18,30,2,2,accumulation,goldSack,goldSack,gold,1,false,150000,11417490976801,86643,5,5,1,11,0,0,0,0,1,106385,250000,76,1,42.6,bonus_bs15_gae1_no,107,700000,,,,,44,26,18,12,10,14,5,2,2,13,8,7,2,3,3,1,1,0,3,7,8,false,BIG,7,6,1,V2,0,3_5_fbios_PABUnityIAPiOSDefensiveBase,segment_tag_core_slot_prob_nu_29_06_var_a
68442,2026-04-13 05:56:19,3,5,2,attack,shield,goldSack,gold,1,false,100000,11417491076801,86642,5,5,1,11,1,0,1,0,0,106385,250000,76,0,42.6,bonus_bs15_gae1_no,107,700000,,,,,45,27,18,13,10,14,5,2,2,14,9,7,3,3,3,1,1,0,3,2,0,false,NORMAL,3,2,1,V2,0,3_5_fbios_PABUnityIAPiOSDefensiveBase,segment_tag_core_slot_prob_nu_29_06_var_a
68443,2026-04-13 05:56:20,30,2,2,accumulation,goldSack,goldSack,gold,1,false,150000,11417491226801,86641,5,5,1,11,0,0,0,0,1,106386,250000,76,1,42.6,bonus_bs15_gae1_no,107,700000,,,,,46,27,18,13,10,15,5,2,2,15,9,7,3,3,4,1,1,0,7,3,8,false,MAX,8,7,1,V2,0,3_5_fbios_PABUnityIAPiOSDefensiveBase,segment_tag_core_slot_prob_nu_29_06_var_a
68444,2026-04-13 05:56:21,1,6,6,coin,spins,spins,gold,1,false,25000,11417491251801,86640,5,5,1,11,0,0,0,2,0,106386,250000,76,0,42.6,bonus_bs15_gae1_no,107,700000,,,LongExtraDayReduced,"{""slot_on_"":""18505\/60000@m26""}",47,27,18,13,12,15,5,2,2,16,9,7,3,5,4,1,1,0,6,6,1,false,MIN,-5,-3,-2,V2,0,3_5_fbios_PABUnityIAPiOSDefensiveBase,segment_tag_core_slot_prob_nu_29_06_var_a
68445,2026-04-13 05:56:21,30,30,1,accumulation,accumulation,coin,gold,1,false,25000,11417491276801,86639,5,5,1,11,0,0,0,0,2,106388,250000,76,2,42.6,bonus_bs15_gae1_no,107,700000,LongExtraDayReduced,,,"{""slot_on_"":""18506\/60000@m26""}",48,27,18,13,12,17,5,2,2,17,9,7,3,5,6,1,1,0,5,8,8,false,SMALL,-2,0,-2,V2,0,3_5_fbios_PABUnityIAPiOSDefensiveBase,segment_tag_core_slot_prob_nu_29_06_var_a
68446,2026-04-13 05:56:23,1,1,4,coin,coin,steal,gold,1,false,50000,11417491326801,86638,5,5,1,11,0,1,0,0,0,106388,250000,76,0,42.6,bonus_bs15_gae1_no,107,700000,,,,,49,27,19,13,12,17,5,2,2,18,9,8,3,5,6,1,1,0,4,1,5,false,NORMAL,2,2,0,V2,0,3_5_fbios_PABUnityIAPiOSDefensiveBase,segment_tag_core_slot_prob_nu_29_06_var_a
68447,2026-04-13 05:56:23,30,30,1,accumulation,accumulation,coin,gold,1,false,25000,11417491351801,86637,5,5,1,11,0,0,0,0,2,106390,250000,76,2,42.6,bonus_bs15_gae1_no,107,700000,,,,,50,27,19,13,12,19,5,2,2,19,9,8,3,5,8,1,1,0,5,8,8,false,NORMAL,1,0,1,V2,0,3_5_fbios_PABUnityIAPiOSDefensiveBase,segment_tag_core_slot_prob_nu_29_06_var_a
68448,2026-04-13 05:56:25,3,3,3,attack,attack,attack,attack,2,true,0,11417491351801,86636,5,5,1,11,3,0,0,0,0,106390,250000,76,0,42.6,bonus_bs15_gae1_no,107,700000,,,,,51,30,19,13,12,19,6,2,2,20,12,8,3,5,8,2,1,0,0,0,0,false,SMALL,-2,-2,0,V2,0,3_5_fbios_PABUnityIAPiOSDefensiveBase,segment_tag_core_slot_prob_nu_29_06_var_a
68449,2026-04-13 05:56:28,3,6,2,attack,spins,goldSack,gold,1,false,100000,11417513451801,86635,5,5,1,11,1,0,0,1,0,106390,250000,76,0,42.6,bonus_bs15_gae1_no,107,700000,,,,,52,31,19,13,13,19,6,2,2,21,13,8,3,6,8,2,1,0,3,6,0,false,NORMAL,3,3,0,V2,0,3_5_fbios_PABUnityIAPiOSDefensiveBase,segment_tag_core_slot_prob_nu_29_06_var_a
68450,2026-04-13 05:56:29,3,6,2,attack,spins,goldSack,gold,1,false,100000,11417513551801,86634,5,5,1,11,1,0,0,1,0,106390,250000,76,0,42.6,bonus_bs15_gae1_no,107,700000,,,,,53,32,19,13,14,19,6,2,2,22,14,8,3,7,8,2,1,0,3,6,0,false,BIG,4,4,0,V2,0,3_5_fbios_PABUnityIAPiOSDefensiveBase,segment_tag_core_slot_prob_nu_29_06_var_a
68451,2026-04-13 05:56:30,1,4,4,coin,steal,steal,gold,1,false,25000,11417513576801,86633,5,5,1,11,0,2,0,0,0,106390,250000,76,0,42.6,bonus_bs15_gae1_no,107,700000,,,,,54,32,21,13,14,19,6,2,2,23,14,10,3,7,8,2,1,0,4,4,1,false,MIN,-7,-4,-3,V2,0,3_5_fbios_PABUnityIAPiOSDefensiveBase,segment_tag_core_slot_prob_nu_29_06_var_a
68452,2026-04-13 05:56:30,3,6,2,attack,spins,goldSack,gold,1,false,100000,11417513676801,86632,5,5,1,11,1,0,0,1,0,106390,250000,76,0,42.6,bonus_bs15_gae1_no,107,700000,,,,,55,33,21,13,15,19,6,2,2,24,15,10,3,8,8,2,1,0,3,6,0,false,SMALL,-1,2,-3,V2,0,3_5_fbios_PABUnityIAPiOSDefensiveBase,segment_tag_core_slot_prob_nu_29_06_var_a
68453,2026-04-13 05:57:42,4,6,2,steal,spins,goldSack,gold,1,false,100000,11417688776801,87181,5,5,1,11,0,1,0,1,0,106390,250000,76,0,42.6,bonus_bs15_gae1_no,107,700000,,,,,56,33,22,13,16,19,6,2,2,25,15,11,3,9,8,2,1,0,3,6,4,false,NORMAL,2,2,0,V2,0,3_5_fbios_PABUnityIAPiOSDefensiveBase,segment_tag_core_slot_prob_nu_29_06_var_a
68454,2026-04-13 05:57:42,1,1,4,coin,coin,steal,gold,1,false,50000,11417688826801,87180,5,5,1,11,0,1,0,0,0,106390,250000,76,0,42.6,bonus_bs15_gae1_no,107,700000,,,,,57,33,23,13,16,19,6,2,2,26,15,12,3,9,8,2,1,0,4,1,5,false,BIG,4,2,2,V2,0,3_5_fbios_PABUnityIAPiOSDefensiveBase,segment_tag_core_slot_prob_nu_29_06_var_a
68455,2026-04-13 05:57:43,1,1,1,coin,coin,coin,gold,1,true,250000,11417689076801,87179,5,5,1,11,0,0,0,0,0,106390,250000,76,0,42.6,bonus_bs15_gae1_no,107,700000,,,,,58,33,23,13,16,19,6,2,2,27,15,12,3,9,8,2,1,0,5,1,1,false,MIN,-4,-4,0,V2,0,3_5_fbios_PABUnityIAPiOSDefensiveBase,segment_tag_core_slot_prob_nu_29_06_var_a
68456,2026-04-13 05:57:44,4,6,2,steal,spins,goldSack,gold,1,false,100000,11417689176801,87178,5,5,1,11,0,1,0,1,0,106390,250000,76,0,42.6,bonus_bs15_gae1_no,107,700000,,,,,59,33,24,13,17,19,6,2,2,28,15,13,3,10,8,2,1,0,7,6,4,false,NORMAL,2,1,1,V2,0,3_5_fbios_PABUnityIAPiOSDefensiveBase,segment_tag_core_slot_prob_nu_29_06_var_a
68457,2026-04-13 05:57:44,3,6,2,attack,spins,goldSack,gold,1,false,100000,11417689276801,87177,5,5,1,11,1,0,0,1,0,106390,250000,76,0,42.6,bonus_bs15_gae1_no,107,700000,,,,,60,34,24,13,18,19,6,2,2,29,16,13,3,11,8,2,1,0,7,6,0,false,NORMAL,3,0,3,V2,0,3_5_fbios_PABUnityIAPiOSDefensiveBase,segment_tag_core_slot_prob_nu_29_06_var_a
68458,2026-04-13 05:57:45,5,5,5,shield,shield,shield,shield,3,true,1,11417689276801,87177,5,5,1,11,0,0,3,0,0,106390,250000,76,0,42.6,bonus_bs15_gae1_no,107,700000,,,,,61,34,24,16,18,19,6,2,3,30,16,13,6,11,8,2,1,1,2,2,2,false,NORMAL,2,-1,3,V2,0,3_5_fbios_PABUnityIAPiOSDefensiveBase,segment_tag_core_slot_prob_nu_29_06_var_a
68459,2026-04-13 05:57:46,2,2,2,goldSack,goldSack,goldSack,gold,1,true,1800000,11417691076801,87176,5,5,1,11,0,0,0,0,0,106390,250000,76,0,42.6,bonus_bs15_gae1_no,107,700000,,LongExtraDayReduced,,"{""slot_on_"":""18507\/60000@m26""}",62,34,24,16,18,19,6,2,3,31,16,13,6,11,8,2,1,1,7,3,3,false,BIG,5,3,2,V2,0,3_5_fbios_PABUnityIAPiOSDefensiveBase,segment_tag_core_slot_prob_nu_29_06_var_a
68460,2026-04-13 05:57:47,5,5,5,shield,shield,shield,shield,3,true,1,11417691076801,87176,5,5,1,11,0,0,3,0,0,106390,250000,76,0,42.6,bonus_bs15_gae1_no,107,700000,,LongExtraDayReduced,,"{""slot_on_"":""18508\/60000@m26""}",63,34,24,19,18,19,6,2,4,32,16,13,9,11,8,2,1,2,2,2,2,false,NORMAL,1,-1,2,V2,0,3_5_fbios_PABUnityIAPiOSDefensiveBase,segment_tag_core_slot_prob_nu_29_06_var_a
68461,2026-04-13 05:57:48,6,6,6,spins,spins,spins,spins,5,true,10,11417691076801,87185,5,5,1,11,0,0,0,3,0,106390,250000,76,0,42.6,bonus_bs15_gae1_no,107,700000,,,,,64,34,24,19,21,19,6,2,4,33,16,13,9,14,8,2,1,2,6,6,6,true,SMALL,-1,-2,1,V2,0,3_5_fbios_PABUnityIAPiOSDefensiveBase,segment_tag_core_slot_prob_nu_29_06_var_a
68462,2026-04-13 05:57:49,3,6,2,attack,spins,goldSack,gold,1,false,100000,11417691176801,87184,5,5,1,11,1,0,0,1,0,106390,250000,76,0,42.6,bonus_bs15_gae1_no,107,700000,LongExtraDayReduced,,,"{""slot_on_"":""18509\/60000@m26""}",65,35,24,19,22,19,6,2,4,1,1,0,0,1,0,0,0,0,3,6,0,false,NORMAL,2,1,1,V2,0,3_5_fbios_PABUnityIAPiOSDefensiveBase,segment_tag_core_slot_prob_nu_29_06_var_a
68463,2026-04-13 05:57:50,3,6,2,attack,spins,goldSack,gold,1,false,100000,11417691276801,87183,5,5,1,11,1,0,0,1,0,106390,250000,76,0,42.6,bonus_bs15_gae1_no,107,700000,,LongExtraDayReduced,LongExtraDayReduced,"{""slot_on_"":""18511\/60000@m26""}",66,36,24,19,23,19,6,2,4,2,2,0,0,2,0,0,0,0,3,6,0,false,BIG,4,4,0,V2,0,3_5_fbios_PABUnityIAPiOSDefensiveBase,segment_tag_core_slot_prob_nu_29_06_var_a
68464,2026-04-13 05:57:51,3,4,2,attack,steal,goldSack,gold,1,false,100000,11417691376801,87182,5,5,1,11,1,1,0,0,0,106390,250000,76,0,42.6,bonus_bs15_gae1_no,107,700000,,,,,67,37,25,19,23,19,6,2,4,3,3,1,0,2,0,0,0,0,3,4,0,false,BIG,5,5,0,V2,0,3_5_fbios_PABUnityIAPiOSDefensiveBase,segment_tag_core_slot_prob_nu_29_06_var_a
68465,2026-04-13 05:57:51,3,3,1,attack,attack,coin,gold,1,false,25000,11417691401801,87181,5,5,1,11,2,0,0,0,0,106390,250000,76,0,42.6,bonus_bs15_gae1_no,107,700000,LongExtraDayReduced,LongExtraDayReduced,LongExtraDayReduced,"{""slot_on_"":""18516\/60000@m26""}",68,39,25,19,23,19,6,2,4,4,5,1,0,2,0,0,0,0,5,0,0,false,SMALL,-1,-1,0,V2,0,3_5_fbios_PABUnityIAPiOSDefensiveBase,segment_tag_core_slot_prob_nu_29_06_var_a
68466,2026-04-13 05:57:52,1,1,4,coin,coin,steal,gold,1,false,50000,11417691451801,87180,5,5,1,11,0,1,0,0,0,106390,250000,76,0,42.6,bonus_bs15_gae1_no,107,700000,LongExtraDayReduced,LongExtraDayReduced,,"{""slot_on_"":""18518\/60000@m26""}",69,39,26,19,23,19,6,2,4,5,5,2,0,2,0,0,0,0,4,5,1,false,MIN,-9,-6,-3,V2,0,3_5_fbios_PABUnityIAPiOSDefensiveBase,segment_tag_core_slot_prob_nu_29_06_var_a
68467,2026-04-13 05:57:53,3,5,2,attack,shield,goldSack,gold,1,false,100000,11417691551801,87179,5,5,1,11,1,0,1,0,0,106390,250000,76,0,42.6,bonus_bs15_gae1_no,107,700000,,,,,70,40,26,20,23,19,6,2,4,6,6,2,1,2,0,0,0,0,3,2,0,false,SMALL,-2,1,-3,V2,0,3_5_fbios_PABUnityIAPiOSDefensiveBase,segment_tag_core_slot_prob_nu_29_06_var_a
68468,2026-04-13 05:57:54,1,4,4,coin,steal,steal,gold,1,false,25000,11417691576801,87178,5,5,1,11,0,2,0,0,0,106390,250000,76,0,42.6,bonus_bs15_gae1_no,107,700000,,,,,71,40,28,20,23,19,6,2,4,7,6,4,1,2,0,0,0,0,4,4,1,false,MIN,-7,-4,-3,V2,0,3_5_fbios_PABUnityIAPiOSDefensiveBase,segment_tag_core_slot_prob_nu_29_06_var_a
68469,2026-04-13 05:57:54,1,5,5,coin,shield,shield,gold,1,false,25000,11417691601801,87177,5,5,1,11,0,0,2,0,0,106390,250000,76,0,42.6,bonus_bs15_gae1_no,107,700000,,,,,72,40,28,22,23,19,6,2,4,8,6,4,3,2,0,0,0,0,2,2,1,false,MIN,-5,-2,-3,V2,0,3_5_fbios_PABUnityIAPiOSDefensiveBase,segment_tag_core_slot_prob_nu_29_06_var_a
68470,2026-04-13 05:57:55,30,2,2,accumulation,goldSack,goldSack,gold,1,false,150000,11417691751801,87176,5,5,1,11,0,0,0,0,1,106391,250000,76,1,42.6,bonus_bs15_gae1_no,107,700000,,,,,73,40,28,22,23,20,6,2,4,9,6,4,3,2,1,0,0,0,3,7,8,false,NORMAL,2,5,-3,V2,0,3_5_fbios_PABUnityIAPiOSDefensiveBase,segment_tag_core_slot_prob_nu_29_06_var_a
68471,2026-04-13 05:57:56,30,30,1,accumulation,accumulation,coin,gold,1,false,25000,11417691776801,87175,5,5,1,11,0,0,0,0,2,106393,250000,76,2,42.6,bonus_bs15_gae1_no,107,700000,,LongExtraDayReduced,,"{""slot_on_"":""18519\/60000@m26""}",74,40,28,22,23,22,6,2,4,10,6,4,3,2,3,0,0,0,1,8,8,false,NORMAL,2,3,-1,V2,0,3_5_fbios_PABUnityIAPiOSDefensiveBase,segment_tag_core_slot_prob_nu_29_06_var_a
68472,2026-04-13 05:57:57,1,1,4,coin,coin,steal,gold,1,false,50000,11417691826801,87174,5,5,1,11,0,1,0,0,0,106393,250000,76,0,42.6,bonus_bs15_gae1_no,107,700000,,,,,75,40,29,22,23,22,6,2,4,11,6,5,3,2,3,0,0,0,4,1,1,false,MIN,-5,-2,-3,V2,0,3_5_fbios_PABUnityIAPiOSDefensiveBase,segment_tag_core_slot_prob_nu_29_06_var_a
68473,2026-04-13 05:57:58,30,30,1,accumulation,accumulation,coin,gold,1,false,25000,11417691851801,87173,5,5,1,11,0,0,0,0,2,106395,250000,76,2,42.6,bonus_bs15_gae1_no,107,700000,LongExtraDayReduced,,,"{""slot_on_"":""18520\/60000@m26""}",76,40,29,22,23,24,6,2,4,12,6,5,3,2,5,0,0,0,5,8,8,false,MIN,-3,0,-3,V2,0,3_5_fbios_PABUnityIAPiOSDefensiveBase,segment_tag_core_slot_prob_nu_29_06_var_a
68474,2026-04-13 05:57:59,3,6,2,attack,spins,goldSack,gold,1,false,100000,11417691951801,87172,5,5,1,11,1,0,0,1,0,106395,250000,76,0,42.6,bonus_bs15_gae1_no,107,700000,,LongExtraDayReduced,,"{""slot_on_"":""18521\/60000@m26""}",77,41,29,22,24,24,6,2,4,13,7,5,3,3,5,0,0,0,7,6,0,false,MIN,-3,-2,-1,V2,0,3_5_fbios_PABUnityIAPiOSDefensiveBase,segment_tag_core_slot_prob_nu_29_06_var_a
68475,2026-04-13 05:58:00,30,2,2,accumulation,goldSack,goldSack,gold,1,false,150000,11417692101801,87171,5,5,1,11,0,0,0,0,1,106396,250000,76,1,42.6,bonus_bs15_gae1_no,107,700000,,,,,78,41,29,22,24,25,6,2,4,14,7,5,3,3,6,0,0,0,7,7,8,false,MAX,10,9,1,V2,0,3_5_fbios_PABUnityIAPiOSDefensiveBase,segment_tag_core_slot_prob_nu_29_06_var_a
68476,2026-04-13 05:58:01,5,5,5,shield,shield,shield,shield,3,true,1,11417692101801,87171,5,5,1,11,0,0,3,0,0,106396,250000,76,0,42.6,bonus_bs15_gae1_no,107,700000,LongExtraDayReduced,,,"{""slot_on_"":""18522\/60000@m26""}",79,41,29,25,24,25,6,2,5,15,7,5,6,3,6,0,0,1,2,2,2,false,NORMAL,0,-1,1,V2,0,3_5_fbios_PABUnityIAPiOSDefensiveBase,segment_tag_core_slot_prob_nu_29_06_var_a
68477,2026-04-13 05:58:03,2,2,2,goldSack,goldSack,goldSack,gold,1,true,1800000,11417693901801,87170,5,5,1,11,0,0,0,0,0,106396,250000,76,0,42.6,bonus_bs15_gae1_no,107,700000,,LongExtraDayReduced,LongExtraDayReduced,"{""slot_on_"":""18524\/60000@m26""}",80,41,29,25,24,25,6,2,5,16,7,5,6,3,6,0,0,1,3,7,7,false,NORMAL,2,1,1,V2,0,3_5_fbios_PABUnityIAPiOSDefensiveBase,segment_tag_core_slot_prob_nu_29_06_var_a
68478,2026-04-13 05:58:03,1,4,4,coin,steal,steal,gold,1,false,25000,11417693926801,87169,5,5,1,11,0,2,0,0,0,106396,250000,76,0,42.6,bonus_bs15_gae1_no,107,700000,,,,,81,41,31,25,24,25,6,2,5,17,7,7,6,3,6,0,0,1,4,4,5,false,NORMAL,1,0,1,V2,0,3_5_fbios_PABUnityIAPiOSDefensiveBase,segment_tag_core_slot_prob_nu_29_06_var_a
68479,2026-04-13 05:58:04,30,2,2,accumulation,goldSack,goldSack,gold,1,false,150000,11417694076801,87168,5,5,1,11,0,0,0,0,1,106397,250000,76,1,42.6,bonus_bs15_gae1_no,107,700000,LongExtraDayReduced,,,"{""slot_on_"":""18525\/60000@m26""}",82,41,31,25,24,26,6,2,5,18,7,7,6,3,7,0,0,1,7,3,8,false,MAX,8,7,1,V2,0,3_5_fbios_PABUnityIAPiOSDefensiveBase,segment_tag_core_slot_prob_nu_29_06_var_a
68480,2026-04-13 05:58:05,1,1,1,coin,coin,coin,gold,1,true,250000,11417694326801,87167,5,5,1,11,0,0,0,0,0,106397,250000,76,0,42.6,bonus_bs15_gae1_no,107,700000,,,,,83,41,31,25,24,26,6,2,5,19,7,7,6,3,7,0,0,1,1,1,5,false,NORMAL,2,2,0,V2,0,3_5_fbios_PABUnityIAPiOSDefensiveBase,segment_tag_core_slot_prob_nu_29_06_var_a
68481,2026-04-13 05:58:06,3,6,2,attack,spins,goldSack,gold,1,false,100000,11417694426801,87166,5,5,1,11,1,0,0,1,0,106397,250000,76,0,42.6,bonus_bs15_gae1_no,107,700000,,,,,84,42,31,25,25,26,6,2,5,20,8,7,6,4,7,0,0,1,3,6,0,false,NORMAL,2,2,0,V2,0,3_5_fbios_PABUnityIAPiOSDefensiveBase,segment_tag_core_slot_prob_nu_29_06_var_a
68482,2026-04-13 05:58:07,3,3,1,attack,attack,coin,gold,1,false,25000,11417694451801,87165,5,5,1,11,2,0,0,0,0,106397,250000,76,0,42.6,bonus_bs15_gae1_no,107,700000,,,,,85,44,31,25,25,26,6,2,5,21,10,7,6,4,7,0,0,1,1,0,0,false,NORMAL,0,0,0,V2,0,3_5_fbios_PABUnityIAPiOSDefensiveBase,segment_tag_core_slot_prob_nu_29_06_var_a
68483,2026-04-13 05:58:07,30,2,2,accumulation,goldSack,goldSack,gold,1,false,150000,11417694601801,87164,5,5,1,11,0,0,0,0,1,106398,250000,76,1,42.6,bonus_bs15_gae1_no,107,700000,LongExtraDayReduced,,,"{""slot_on_"":""18526\/60000@m26""}",86,44,31,25,25,27,6,2,5,22,10,7,6,4,8,0,0,1,7,3,8,false,MAX,8,7,1,V2,0,3_5_fbios_PABUnityIAPiOSDefensiveBase,segment_tag_core_slot_prob_nu_29_06_var_a
68484,2026-04-13 05:58:09,30,2,2,accumulation,goldSack,goldSack,gold,1,false,150000,11417694751801,87163,5,5,1,11,0,0,0,0,1,106399,250000,76,1,42.6,bonus_bs15_gae1_no,107,700000,,,,,87,44,31,25,25,28,6,2,5,23,10,7,6,4,9,0,0,1,3,3,8,false,BIG,6,5,1,V2,0,3_5_fbios_PABUnityIAPiOSDefensiveBase,segment_tag_core_slot_prob_nu_29_06_var_a
68485,2026-04-13 05:58:10,30,2,2,accumulation,goldSack,goldSack,gold,1,false,150000,11417694901801,87162,5,5,1,11,0,0,0,0,1,106400,250000,76,1,42.6,bonus_bs15_gae1_no,107,700000,,,,,88,44,31,25,25,29,6,2,5,24,10,7,6,4,10,0,0,1,7,3,8,false,MAX,9,8,1,V2,0,3_5_fbios_PABUnityIAPiOSDefensiveBase,segment_tag_core_slot_prob_nu_29_06_var_a
68486,2026-04-13 05:58:11,2,2,2,goldSack,goldSack,goldSack,gold,1,true,1800000,11417696701801,87161,5,5,1,11,0,0,0,0,0,106400,250000,76,0,42.6,bonus_bs15_gae1_no,107,700000,,,,,89,44,31,25,25,29,6,2,5,25,10,7,6,4,10,0,0,1,7,3,3,false,BIG,7,6,1,V2,0,3_5_fbios_PABUnityIAPiOSDefensiveBase,segment_tag_core_slot_prob_nu_29_06_var_a
68487,2026-04-13 05:58:11,3,3,3,attack,attack,attack,attack,2,true,0,11417696701801,87160,5,5,1,11,3,0,0,0,0,106400,250000,76,0,42.6,bonus_bs15_gae1_no,107,700000,,,,,90,47,31,25,25,29,7,2,5,26,13,7,6,4,10,1,0,1,0,0,0,false,SMALL,-1,-2,1,V2,0,3_5_fbios_PABUnityIAPiOSDefensiveBase,segment_tag_core_slot_prob_nu_29_06_var_a
68488,2026-04-13 05:58:15,1,1,4,coin,coin,steal,gold,1,false,50000,11417718751801,87159,5,5,1,11,0,1,0,0,0,106400,250000,76,0,42.6,bonus_bs15_gae1_no,107,700000,,,,,91,47,32,25,25,29,7,2,5,27,13,8,6,4,10,1,0,1,4,1,1,false,MIN,-5,-2,-3,V2,0,3_5_fbios_PABUnityIAPiOSDefensiveBase,segment_tag_core_slot_prob_nu_29_06_var_a
68489,2026-04-13 05:58:15,30,2,2,accumulation,goldSack,goldSack,gold,1,false,150000,11417718901801,87158,5,5,1,11,0,0,0,0,1,106401,250000,76,1,42.6,bonus_bs15_gae1_no,107,700000,LongExtraDayReduced,,,"{""slot_on_"":""18527\/60000@m26""}",92,47,32,25,25,30,7,2,5,28,13,8,6,4,11,1,0,1,7,3,8,false,BIG,4,7,-3,V2,0,3_5_fbios_PABUnityIAPiOSDefensiveBase,segment_tag_core_slot_prob_nu_29_06_var_a
68490,2026-04-13 05:58:16,3,3,3,attack,attack,attack,attack,2,true,0,11417718901801,87157,5,5,1,11,3,0,0,0,0,106401,250000,76,0,42.6,bonus_bs15_gae1_no,107,700000,,,,,93,50,32,25,25,30,8,2,5,29,16,8,6,4,11,2,0,1,0,0,0,false,SMALL,-2,-2,0,V2,0,3_5_fbios_PABUnityIAPiOSDefensiveBase,segment_tag_core_slot_prob_nu_29_06_var_a
68491,2026-04-13 05:58:19,3,3,3,attack,attack,attack,attack,2,true,0,11417725501801,87156,5,5,1,11,3,0,0,0,0,106401,250000,76,0,42.6,bonus_bs15_gae1_no,107,700000,,,,,94,53,32,25,25,30,9,2,5,30,19,8,6,4,11,3,0,1,0,0,0,false,NORMAL,0,0,0,V2,0,3_5_fbios_PABUnityIAPiOSDefensiveBase,segment_tag_core_slot_prob_nu_29_06_var_a
68492,2026-04-13 05:58:22,30,2,2,accumulation,goldSack,goldSack,gold,1,false,150000,11417747651801,87155,5,5,1,11,0,0,0,0,1,106402,250000,76,1,42.6,bonus_bs15_gae1_no,107,700000,,,,,95,53,32,25,25,31,9,2,5,31,19,8,6,4,12,3,0,1,3,3,8,false,BIG,5,4,1,V2,0,3_5_fbios_PABUnityIAPiOSDefensiveBase,segment_tag_core_slot_prob_nu_29_06_var_a
68493,2026-04-13 05:58:23,30,2,2,accumulation,goldSack,goldSack,gold,1,false,150000,11417747801801,87154,5,5,1,11,0,0,0,0,1,106403,250000,76,1,42.6,bonus_bs15_gae1_no,107,700000,,,,,96,53,32,25,25,32,9,2,5,32,19,8,6,4,13,3,0,1,7,7,8,false,MAX,9,9,0,V2,0,3_5_fbios_PABUnityIAPiOSDefensiveBase,segment_tag_core_slot_prob_nu_29_06_var_a
68494,2026-04-13 05:58:25,2,2,2,goldSack,goldSack,goldSack,gold,1,true,1800000,11417749601801,87153,5,5,1,11,0,0,0,0,0,106403,250000,76,0,42.6,bonus_bs15_gae1_no,107,700000,,,,,97,53,32,25,25,32,9,2,5,33,19,8,6,4,13,3,0,1,7,3,3,false,BIG,7,6,1,V2,0,3_5_fbios_PABUnityIAPiOSDefensiveBase,segment_tag_core_slot_prob_nu_29_06_var_a
68495,2026-04-13 05:58:25,3,1,4,attack,coin,steal,gold,1,false,25000,11417749626801,87152,5,5,1,11,1,1,0,0,0,106403,250000,76,0,42.6,bonus_bs15_gae1_no,107,700000,LongExtraDayReduced,,LongExtraDayReduced,"{""slot_on_"":""18529\/60000@m26""}",98,54,33,25,25,32,9,2,5,34,20,9,6,4,13,3,0,1,4,1,0,false,NORMAL,1,0,1,V2,0,3_5_fbios_PABUnityIAPiOSDefensiveBase,segment_tag_core_slot_prob_nu_29_06_var_a
68496,2026-04-13 05:58:27,3,3,1,attack,attack,coin,gold,1,false,25000,11417749651801,87151,5,5,1,11,2,0,0,0,0,106403,250000,76,0,42.6,bonus_bs15_gae1_no,107,700000,,,,,99,56,33,25,25,32,9,2,5,35,22,9,6,4,13,3,0,1,5,0,0,false,NORMAL,0,-1,1,V2,0,3_5_fbios_PABUnityIAPiOSDefensiveBase,segment_tag_core_slot_prob_nu_29_06_var_a
68497,2026-04-13 05:58:31,1,1,1,coin,coin,coin,gold,1,true,250000,11417749901801,87150,5,5,1,11,0,0,0,0,0,106403,250000,76,0,42.6,bonus_bs15_gae1_no,107,700000,,LongExtraDayReduced,,"{""slot_on_"":""18530\/60000@m26""}",100,56,33,25,25,32,9,2,5,36,22,9,6,4,13,3,0,1,5,5,5,false,NORMAL,0,-1,1,V2,0,3_5_fbios_PABUnityIAPiOSDefensiveBase,segment_tag_core_slot_prob_nu_29_06_var_a
68498,2026-04-13 05:58:32,2,2,2,goldSack,goldSack,goldSack,gold,1,true,1800000,11417751701801,87149,5,5,1,11,0,0,0,0,0,106403,250000,76,0,42.6,bonus_bs15_gae1_no,107,700000,,,,,101,56,33,25,25,32,9,2,5,37,22,9,6,4,13,3,0,1,3,7,7,false,BIG,4,3,1,V2,0,3_5_fbios_PABUnityIAPiOSDefensiveBase,segment_tag_core_slot_prob_nu_29_06_var_a
68499,2026-04-13 05:58:33,30,2,2,accumulation,goldSack,goldSack,gold,1,false,150000,11417751851801,87148,5,5,1,11,0,0,0,0,1,106404,250000,76,1,42.6,bonus_bs15_gae1_no,107,700000,LongExtraDayReduced,,,"{""slot_on_"":""18531\/60000@m26""}",102,56,33,25,25,33,9,2,5,38,22,9,6,4,14,3,0,1,3,3,8,false,BIG,6,6,0,V2,0,3_5_fbios_PABUnityIAPiOSDefensiveBase,segment_tag_core_slot_prob_nu_29_06_var_a
68500,2026-04-13 05:58:35,5,5,5,shield,shield,shield,shield,3,true,1,11417751851801,87148,5,5,1,11,0,0,3,0,0,106404,250000,76,0,42.6,bonus_bs15_gae1_no,107,700000,,,LongExtraDayReduced,"{""slot_on_"":""18532\/60000@m26""}",103,56,33,28,25,33,9,2,6,39,22,9,9,4,14,3,0,2,2,2,2,false,SMALL,-1,-1,0,V2,0,3_5_fbios_PABUnityIAPiOSDefensiveBase,segment_tag_core_slot_prob_nu_29_06_var_a
68501,2026-04-13 05:58:36,3,6,2,attack,spins,goldSack,gold,1,false,100000,11417751951801,87147,5,5,1,11,1,0,0,1,0,106404,250000,76,0,42.6,bonus_bs15_gae1_no,107,700000,,,,,104,57,33,28,26,33,9,2,6,40,23,9,9,5,14,3,0,2,3,6,0,false,NORMAL,0,0,0,V2,0,3_5_fbios_PABUnityIAPiOSDefensiveBase,segment_tag_core_slot_prob_nu_29_06_var_a
68502,2026-04-13 05:58:37,3,6,2,attack,spins,goldSack,gold,1,false,100000,11417752051801,87146,5,5,1,11,1,0,0,1,0,106404,250000,76,0,42.6,bonus_bs15_gae1_no,107,700000,,,LongExtraDayReduced,"{""slot_on_"":""18533\/60000@m26""}",105,58,33,28,27,33,9,2,6,41,24,9,9,6,14,3,0,2,3,6,0,false,BIG,4,4,0,V2,0,3_5_fbios_PABUnityIAPiOSDefensiveBase,segment_tag_core_slot_prob_nu_29_06_var_a
68503,2026-04-13 05:58:38,3,3,1,attack,attack,coin,gold,1,false,25000,11417752076801,87145,5,5,1,11,2,0,0,0,0,106404,250000,76,0,42.6,bonus_bs15_gae1_no,107,700000,,,,,106,60,33,28,27,33,9,2,6,42,26,9,9,6,14,3,0,2,5,0,0,false,SMALL,-1,-1,0,V2,0,3_5_fbios_PABUnityIAPiOSDefensiveBase,segment_tag_core_slot_prob_nu_29_06_var_a
68504,2026-04-13 05:58:39,30,2,2,accumulation,goldSack,goldSack,gold,1,false,150000,11417752226801,87144,5,5,1,11,0,0,0,0,1,106405,250000,76,1,42.6,bonus_bs15_gae1_no,107,700000,,,,,107,60,33,28,27,34,9,2,6,43,26,9,9,6,15,3,0,2,7,3,8,false,MAX,8,7,1,V2,0,3_5_fbios_PABUnityIAPiOSDefensiveBase,segment_tag_core_slot_prob_nu_29_06_var_a
68505,2026-04-13 05:58:45,1,1,1,coin,coin,coin,gold,1,true,100000000,11417852226801,86744,5,5,400,11,0,0,0,0,0,106405,250000,76,0,42.6,bonus_bs15_gae1_no,107,700000,,LongExtraDayReduced,LongExtraDayReduced,"{""slot_on_"":""19333\/60000@m26""}",108,60,33,28,27,34,9,2,6,44,26,9,9,6,15,3,0,2,5,1,5,false,NORMAL,2,1,1,V2,0,3_5_fbios_PABUnityIAPiOSDefensiveBase,segment_tag_core_slot_prob_nu_29_06_var_a
68506,2026-04-13 05:58:46,1,1,1,coin,coin,coin,gold,1,true,100000000,11417952226801,86344,5,5,400,11,0,0,0,0,0,106405,250000,76,0,42.6,bonus_bs15_gae1_no,107,700000,,,,,109,60,33,28,27,34,9,2,6,45,26,9,9,6,15,3,0,2,5,1,5,false,BIG,4,3,1,V2,0,3_5_fbios_PABUnityIAPiOSDefensiveBase,segment_tag_core_slot_prob_nu_29_06_var_a
68507,2026-04-13 05:58:47,30,2,2,accumulation,goldSack,goldSack,gold,1,false,60000000,11418012226801,85944,5,5,400,11,0,0,0,0,1,106805,250000,76,400,42.7,bonus_bs15_gae1_no,107,700000,,,,,110,60,33,28,27,35,9,2,6,46,26,9,9,6,16,3,0,2,3,7,8,false,MAX,8,6,2,V2,0,3_5_fbios_PABUnityIAPiOSDefensiveBase,segment_tag_core_slot_prob_nu_29_06_var_a
68508,2026-04-13 05:58:49,3,6,2,attack,spins,goldSack,gold,1,false,40000000,11418052226801,85544,5,5,400,11,1,0,0,1,0,106805,250000,76,0,42.7,bonus_bs15_gae1_no,107,700000,LongExtraDayReduced,,,"{""slot_on_"":""19733\/60000@m26""}",111,61,33,28,28,35,9,2,6,47,27,9,9,7,16,3,0,2,3,6,0,false,BIG,4,3,1,V2,0,3_5_fbios_PABUnityIAPiOSDefensiveBase,segment_tag_core_slot_prob_nu_29_06_var_a
68509,2026-04-13 05:58:50,2,2,2,goldSack,goldSack,goldSack,gold,1,true,720000000,11418772226801,85144,5,5,400,11,0,0,0,0,0,106805,250000,76,0,42.7,bonus_bs15_gae1_no,107,700000,,,,,112,61,33,28,28,35,9,2,6,48,27,9,9,7,16,3,0,2,7,3,7,false,NORMAL,1,1,0,V2,0,3_5_fbios_PABUnityIAPiOSDefensiveBase,segment_tag_core_slot_prob_nu_29_06_var_a
68510,2026-04-13 05:58:51,1,1,6,coin,coin,spins,gold,1,false,20000000,11418792226801,84744,5,5,400,11,0,0,0,1,0,106805,250000,76,0,42.7,bonus_bs15_gae1_no,107,700000,,,,,113,61,33,28,29,35,9,2,6,49,27,9,9,8,16,3,0,2,6,1,1,false,MIN,-5,-2,-3,V2,0,3_5_fbios_PABUnityIAPiOSDefensiveBase,segment_tag_core_slot_prob_nu_29_06_var_a
68511,2026-04-13 05:58:53,5,5,5,shield,shield,shield,shield,3,true,400,11418792226801,84744,5,5,400,11,0,0,3,0,0,106805,250000,76,0,42.7,bonus_bs15_gae1_no,107,700000,,,,,114,61,33,31,29,35,9,2,7,50,27,9,12,8,16,3,0,3,2,2,2,false,MIN,-4,-1,-3,V2,0,3_5_fbios_PABUnityIAPiOSDefensiveBase,segment_tag_core_slot_prob_nu_29_06_var_a
68512,2026-04-13 05:58:54,3,6,2,attack,spins,goldSack,gold,1,false,40000000,11418832226801,84344,5,5,400,11,1,0,0,1,0,106805,250000,76,0,42.7,bonus_bs15_gae1_no,107,700000,,,,,115,62,33,31,30,35,9,2,7,51,28,9,12,9,16,3,0,3,3,6,0,false,SMALL,-1,0,-1,V2,0,3_5_fbios_PABUnityIAPiOSDefensiveBase,segment_tag_core_slot_prob_nu_29_06_var_a
68513,2026-04-13 05:58:57,4,4,4,steal,steal,steal,steal,4,true,0,11418832226801,84294,5,5,50,11,0,3,0,0,0,106805,250000,76,0,42.7,bonus_bs15_gae1_no,107,700000,,,,,116,62,36,31,30,35,9,3,7,52,28,12,12,9,16,3,1,3,4,4,4,false,MIN,-6,-5,-1,V2,0,3_5_fbios_PABUnityIAPiOSDefensiveBase,segment_tag_core_slot_prob_nu_29_06_var_a
68514,2026-04-13 05:59:02,2,2,2,goldSack,goldSack,goldSack,gold,1,true,90000000,11426960726801,84244,5,5,50,11,0,0,0,0,0,106805,250000,76,0,42.7,,107,700000,LongExtraDayReduced,,,"{""slot_on_"":""19783\/60000@m26""}",117,62,36,31,30,35,9,3,7,53,28,12,12,9,16,3,1,3,7,3,7,false,NORMAL,3,2,1,V2,0,3_5_fbios_PABUnityIAPiOSDefensiveBase,segment_tag_core_slot_prob_nu_29_06_var_a
68515,2026-04-13 05:59:04,2,2,2,goldSack,goldSack,goldSack,gold,1,true,90000000,11427050726801,84194,5,5,50,11,0,0,0,0,0,106805,250000,76,0,42.7,,107,700000,,LongExtraDayReduced,,"{""slot_on_"":""19833\/60000@m26""}",118,62,36,31,30,35,9,3,7,54,28,12,12,9,16,3,1,3,7,3,3,false,BIG,7,6,1,V2,0,3_5_fbios_PABUnityIAPiOSDefensiveBase,segment_tag_core_slot_prob_nu_29_06_var_a
68516,2026-04-13 05:59:05,30,30,1,accumulation,accumulation,coin,gold,1,false,1250000,11427051976801,84144,5,5,50,11,0,0,0,0,2,106905,250000,76,100,42.8,,107,700000,,,,,119,62,36,31,30,37,9,3,7,55,28,12,12,9,18,3,1,3,1,8,8,false,NORMAL,3,1,2,V2,0,3_5_fbios_PABUnityIAPiOSDefensiveBase,segment_tag_core_slot_prob_nu_29_06_var_a
68517,2026-04-13 05:59:07,1,4,6,coin,steal,spins,gold,1,false,1250000,11427053226801,84094,5,5,50,11,0,1,0,1,0,106905,250000,76,0,42.8,,107,700000,LongExtraDayReduced,,,"{""slot_on_"":""19883\/60000@m26""}",120,62,37,31,31,37,9,3,7,56,28,13,12,10,18,3,1,3,6,4,1,false,MIN,-3,-3,0,V2,0,3_5_fbios_PABUnityIAPiOSDefensiveBase,segment_tag_core_slot_prob_nu_29_06_var_a
68518,2026-04-13 05:59:08,4,4,4,steal,steal,steal,steal,4,true,0,11427053226801,84044,5,5,50,11,0,3,0,0,0,106905,250000,76,0,42.8,,107,700000,,,,,121,62,40,31,31,37,9,4,7,57,28,16,12,10,18,3,2,3,4,4,4,false,MIN,-6,-5,-1,V2,0,3_5_fbios_PABUnityIAPiOSDefensiveBase,segment_tag_core_slot_prob_nu_29_06_var_a
68519,2026-04-13 05:59:18,3,6,2,attack,spins,goldSack,gold,1,false,5000000,11431978226801,83994,5,5,50,11,1,0,0,1,0,106905,250000,76,0,42.8,,107,700000,LongExtraDayReduced,,,"{""slot_on_"":""19933\/60000@m26""}",122,63,40,31,32,37,9,4,7,58,29,16,12,11,18,3,2,3,3,6,0,false,BIG,5,3,2,V2,0,3_5_fbios_PABUnityIAPiOSDefensiveBase,segment_tag_core_slot_prob_nu_29_06_var_a
68520,2026-04-13 05:59:19,1,1,1,coin,coin,coin,gold,1,true,12500000,11431990726801,83944,5,5,50,11,0,0,0,0,0,106905,250000,76,0,42.8,,107,700000,,,,,123,63,40,31,32,37,9,4,7,59,29,16,12,11,18,3,2,3,5,1,1,false,MIN,-5,-4,-1,V2,0,3_5_fbios_PABUnityIAPiOSDefensiveBase,segment_tag_core_slot_prob_nu_29_06_var_a
68521,2026-04-13 05:59:21,30,2,2,accumulation,goldSack,goldSack,gold,1,false,7500000,11431998226801,83894,5,5,50,11,0,0,0,0,1,106955,250000,76,50,42.8,,107,700000,,,,,124,63,40,31,32,38,9,4,7,60,29,16,12,11,19,3,2,3,7,3,8,false,BIG,6,7,-1,V2,0,3_5_fbios_PABUnityIAPiOSDefensiveBase,segment_tag_core_slot_prob_nu_29_06_var_a
68522,2026-04-13 05:59:22,3,3,3,attack,attack,attack,attack,2,true,0,11431998226801,83844,5,5,50,11,3,0,0,0,0,106955,250000,76,0,42.8,,107,700000,,,,,125,66,40,31,32,38,10,4,7,61,32,16,12,11,19,4,2,3,0,0,0,false,SMALL,-1,-2,1,V2,0,3_5_fbios_PABUnityIAPiOSDefensiveBase,segment_tag_core_slot_prob_nu_29_06_var_a
68523,2026-04-13 05:59:27,30,30,1,accumulation,accumulation,coin,gold,1,false,10000000,11433108226801,83444,5,5,400,11,0,0,0,0,2,107755,250000,76,800,43.1,,107,700000,,,,,126,66,40,31,32,40,10,4,7,62,32,16,12,11,21,4,2,3,1,8,8,false,NORMAL,1,1,0,V2,0,3_5_fbios_PABUnityIAPiOSDefensiveBase,segment_tag_core_slot_prob_nu_29_06_var_a
68524,2026-04-13 05:59:28,1,4,4,coin,steal,steal,gold,1,false,10000000,11433118226801,83044,5,5,400,11,0,2,0,0,0,107755,250000,76,0,43.1,,107,700000,,,,,127,66,42,31,32,40,10,4,7,63,32,18,12,11,21,4,2,3,4,4,5,false,NORMAL,2,1,1,V2,0,3_5_fbios_PABUnityIAPiOSDefensiveBase,segment_tag_core_slot_prob_nu_29_06_var_a
68525,2026-04-13 05:59:29,30,30,1,accumulation,accumulation,coin,gold,1,false,10000000,11433128226801,82644,5,5,400,11,0,0,0,0,2,108555,250000,76,800,43.4,,107,700000,,,,,128,66,42,31,32,42,10,4,7,64,32,18,12,11,23,4,2,3,1,8,8,false,NORMAL,2,1,1,V2,0,3_5_fbios_PABUnityIAPiOSDefensiveBase,segment_tag_core_slot_prob_nu_29_06_var_a
68526,2026-04-13 05:59:30,3,1,5,attack,coin,shield,gold,1,false,10000000,11433138226801,82244,5,5,400,11,1,0,1,0,0,108555,250000,76,0,43.4,,107,700000,,,,,129,67,42,32,32,42,10,4,7,65,33,18,13,11,23,4,2,3,2,1,0,false,NORMAL,2,0,2,V2,0,3_5_fbios_PABUnityIAPiOSDefensiveBase,segment_tag_core_slot_prob_nu_29_06_var_a
68527,2026-04-13 05:59:31,1,6,6,coin,spins,spins,gold,1,false,10000000,11433148226801,81844,5,5,400,11,0,0,0,2,0,108555,250000,76,0,43.4,,107,700000,,LongExtraDayReduced,LongExtraDayReduced,"{""slot_on_"":""20733\/60000@m26""}",130,67,42,32,34,42,10,4,7,66,33,18,13,13,23,4,2,3,6,6,5,false,NORMAL,3,1,2,V2,0,3_5_fbios_PABUnityIAPiOSDefensiveBase,segment_tag_core_slot_prob_nu_29_06_var_a
68528,2026-04-13 05:59:32,30,2,2,accumulation,goldSack,goldSack,gold,1,false,60000000,11433208226801,81444,5,5,400,11,0,0,0,0,1,108955,250000,76,400,43.6,,107,700000,,,,,131,67,42,32,34,43,10,4,7,67,33,18,13,13,24,4,2,3,7,7,8,false,MAX,9,8,1,V2,0,3_5_fbios_PABUnityIAPiOSDefensiveBase,segment_tag_core_slot_prob_nu_29_06_var_a
68529,2026-04-13 05:59:36,30,30,30,accumulation,accumulation,accumulation,gold,10,true,0,11433208226801,81044,5,5,400,11,0,0,0,0,3,112955,250000,76,4000,45.2,,107,700000,,,,,132,67,42,32,34,46,10,4,7,68,33,18,13,13,27,4,2,3,8,8,8,true,BIG,4,3,1,V2,0,3_5_fbios_PABUnityIAPiOSDefensiveBase,segment_tag_core_slot_prob_nu_29_06_var_a
68530,2026-04-13 05:59:45,1,4,6,coin,steal,spins,gold,1,false,10000000,11433218226801,80644,5,5,400,11,0,1,0,1,0,112955,250000,76,0,45.2,,107,700000,,,,,1,0,1,0,1,0,0,0,0,69,33,19,13,14,27,4,2,3,6,4,1,false,MIN,-6,-4,-2,V2,0,3_5_fbios_PABUnityIAPiOSDefensiveBase,segment_tag_core_slot_prob_nu_29_06_var_a
68531,2026-04-13 05:59:46,3,1,1,attack,coin,coin,gold,1,false,20000000,11433238226801,80244,5,5,400,11,1,0,0,0,0,112955,250000,76,0,45.2,,107,700000,LongExtraDayReduced,,,"{""slot_on_"":""21133\/60000@m26""}",2,1,1,0,1,0,0,0,0,70,34,19,13,14,27,4,2,3,1,5,0,false,MIN,-4,-2,-2,V2,0,3_5_fbios_PABUnityIAPiOSDefensiveBase,segment_tag_core_slot_prob_nu_29_06_var_a
68532,2026-04-13 05:59:48,1,1,1,coin,coin,coin,gold,1,true,375000000,11433613226801,78744,5,5,1500,11,0,0,0,0,0,112955,250000,76,0,45.2,,107,700000,,,,,3,1,1,0,1,0,0,0,0,71,34,19,13,14,27,4,2,3,1,1,1,false,MIN,-5,-3,-2,V2,0,3_5_fbios_PABUnityIAPiOSDefensiveBase,segment_tag_core_slot_prob_nu_29_06_var_a
68533,2026-04-13 05:59:49,3,3,3,attack,attack,attack,attack,2,true,0,11433613226801,77244,5,5,1500,11,3,0,0,0,0,112955,250000,76,0,45.2,,107,700000,,,,,4,4,1,0,1,0,1,0,0,72,37,19,13,14,27,5,2,3,0,0,0,false,MIN,-4,-2,-2,V2,0,3_5_fbios_PABUnityIAPiOSDefensiveBase,segment_tag_core_slot_prob_nu_29_06_var_a
68534,2026-04-13 05:59:59,30,2,2,accumulation,goldSack,goldSack,gold,1,false,225000000,11466838226801,75744,5,5,1500,11,0,0,0,0,1,114455,250000,76,1500,45.8,,107,700000,,,,,5,4,1,0,1,1,1,0,0,73,37,19,13,14,28,5,2,3,3,3,8,false,BIG,5,4,1,V2,0,3_5_fbios_PABUnityIAPiOSDefensiveBase,segment_tag_core_slot_prob_nu_29_06_var_a
68535,2026-04-13 06:00:00,1,4,4,coin,steal,steal,gold,1,false,37500000,11466875726801,74244,5,5,1500,11,0,2,0,0,0,114455,250000,76,0,45.8,,107,700000,LongExtraDayReduced,,LongExtraDayReduced,"{""slot_on_"":""24133\/60000@m26""}",6,4,3,0,1,1,1,0,0,74,37,21,13,14,28,5,2,3,4,4,5,false,NORMAL,1,1,0,V2,0,3_5_fbios_PABUnityIAPiOSDefensiveBase,segment_tag_core_slot_prob_nu_29_06_var_a
68536,2026-04-13 06:44:05,1,4,6,coin,steal,spins,gold,1,false,25000,11466875751801,74245,5,5,1,11,0,1,0,1,0,114455,250000,76,0,45.8,bonus_bs15_gae1_no,107,700000,,,,,7,4,4,0,2,1,1,0,0,75,37,22,13,15,28,5,2,3,6,4,1,false,MIN,-4,-4,0,V2,0,3_5_fbios_PABUnityIAPiOSDefensiveBase,segment_tag_core_slot_prob_nu_29_06_var_a
68537,2026-04-13 06:44:06,30,30,1,accumulation,accumulation,coin,gold,1,false,25000,11466875776801,74244,5,5,1,11,0,0,0,0,2,114457,250000,76,2,45.8,bonus_bs15_gae1_no,107,700000,,,,,8,4,4,0,2,3,1,0,0,76,37,22,13,15,30,5,2,3,1,8,8,false,SMALL,-1,1,-2,V2,0,3_5_fbios_PABUnityIAPiOSDefensiveBase,segment_tag_core_slot_prob_nu_29_06_var_a
68538,2026-04-13 06:44:07,30,2,2,accumulation,goldSack,goldSack,gold,1,false,150000,11466875926801,74243,5,5,1,11,0,0,0,0,1,114458,250000,76,1,45.8,bonus_bs15_gae1_no,107,700000,,,,,9,4,4,0,2,4,1,0,0,77,37,22,13,15,31,5,2,3,3,7,8,false,BIG,7,7,0,V2,0,3_5_fbios_PABUnityIAPiOSDefensiveBase,segment_tag_core_slot_prob_nu_29_06_var_a
68539,2026-04-13 06:44:08,1,6,6,coin,spins,spins,gold,1,false,25000,11466875951801,74242,5,5,1,11,0,0,0,2,0,114458,250000,76,0,45.8,bonus_bs15_gae1_no,107,700000,,,,,10,4,4,0,4,4,1,0,0,78,37,22,13,17,31,5,2,3,6,6,1,false,MIN,-6,-3,-3,V2,0,3_5_fbios_PABUnityIAPiOSDefensiveBase,segment_tag_core_slot_prob_nu_29_06_var_a
68540,2026-04-13 06:44:09,2,2,2,goldSack,goldSack,goldSack,gold,1,true,1800000,11466877751801,74241,5,5,1,11,0,0,0,0,0,114458,250000,76,0,45.8,bonus_bs15_gae1_no,107,700000,,,,,11,4,4,0,4,4,1,0,0,79,37,22,13,17,31,5,2,3,7,3,7,false,SMALL,-2,1,-3,V2,0,3_5_fbios_PABUnityIAPiOSDefensiveBase,segment_tag_core_slot_prob_nu_29_06_var_a
68541,2026-04-13 06:44:09,3,4,2,attack,steal,goldSack,gold,1,false,100000,11466877851801,74240,5,5,1,11,1,1,0,0,0,114458,250000,76,0,45.8,bonus_bs15_gae1_no,107,700000,,,,,12,5,5,0,4,4,1,0,0,80,38,23,13,17,31,5,2,3,7,4,0,false,SMALL,-1,0,-1,V2,0,3_5_fbios_PABUnityIAPiOSDefensiveBase,segment_tag_core_slot_prob_nu_29_06_var_a
68542,2026-04-13 06:44:10,30,2,2,accumulation,goldSack,goldSack,gold,1,false,150000,11466878001801,74239,5,5,1,11,0,0,0,0,1,114459,250000,76,1,45.8,bonus_bs15_gae1_no,107,700000,,,,,13,5,5,0,4,5,1,0,0,81,38,23,13,17,32,5,2,3,3,3,8,false,BIG,4,4,0,V2,0,3_5_fbios_PABUnityIAPiOSDefensiveBase,segment_tag_core_slot_prob_nu_29_06_var_a
68543,2026-04-13 06:44:11,3,3,3,attack,attack,attack,attack,2,true,0,11466878001801,74238,5,5,1,11,3,0,0,0,0,114459,250000,76,0,45.8,bonus_bs15_gae1_no,107,700000,,,,,14,8,5,0,4,5,2,0,0,82,41,23,13,17,32,6,2,3,0,0,0,false,SMALL,-2,-2,0,V2,0,3_5_fbios_PABUnityIAPiOSDefensiveBase,segment_tag_core_slot_prob_nu_29_06_var_a
68544,2026-04-13 06:44:18,1,1,4,coin,coin,steal,gold,1,false,50000,11466884651801,74237,5,5,1,11,0,1,0,0,0,114459,250000,76,0,45.8,bonus_bs15_gae1_no,107,700000,,,,,15,8,6,0,4,5,2,0,0,83,41,24,13,17,32,6,2,3,4,1,5,false,NORMAL,1,1,0,V2,0,3_5_fbios_PABUnityIAPiOSDefensiveBase,segment_tag_core_slot_prob_nu_29_06_var_a
68545,2026-04-13 06:44:18,3,3,3,attack,attack,attack,attack,2,true,0,11466884651801,74236,5,5,1,11,3,0,0,0,0,114459,250000,76,0,45.8,bonus_bs15_gae1_no,107,700000,,,,,16,11,6,0,4,5,3,0,0,84,44,24,13,17,32,7,2,3,0,0,0,false,SMALL,-1,-2,1,V2,0,3_5_fbios_PABUnityIAPiOSDefensiveBase,segment_tag_core_slot_prob_nu_29_06_var_a
68546,2026-04-13 06:44:24,1,1,1,coin,coin,coin,gold,1,true,250000,11466891501801,74235,5,5,1,11,0,0,0,0,0,114459,250000,76,0,45.8,bonus_bs15_gae1_no,107,700000,,,,,17,11,6,0,4,5,3,0,0,85,44,24,13,17,32,7,2,3,1,1,5,false,NORMAL,2,1,1,V2,0,3_5_fbios_PABUnityIAPiOSDefensiveBase,segment_tag_core_slot_prob_nu_29_06_var_a
68547,2026-04-13 06:44:25,3,3,2,attack,attack,goldSack,gold,1,false,100000,11466891601801,74234,5,5,1,11,2,0,0,0,0,114459,250000,76,0,45.8,bonus_bs15_gae1_no,107,700000,LongExtraDayReduced,,,"{""slot_on_"":""24134\/60000@m26""}",18,13,6,0,4,5,3,0,0,86,46,24,13,17,32,7,2,3,3,0,0,false,NORMAL,2,1,1,V2,0,3_5_fbios_PABUnityIAPiOSDefensiveBase,segment_tag_core_slot_prob_nu_29_06_var_a
68548,2026-04-13 06:44:26,5,5,5,shield,shield,shield,shield,3,true,1,11466891601801,74234,5,5,1,11,0,0,3,0,0,114459,250000,76,0,45.8,bonus_bs15_gae1_no,107,700000,,,,,19,13,6,3,4,5,3,0,1,87,46,24,16,17,32,7,2,4,2,2,2,false,SMALL,-1,-1,0,V2,0,3_5_fbios_PABUnityIAPiOSDefensiveBase,segment_tag_core_slot_prob_nu_29_06_var_a
68549,2026-04-13 06:44:27,1,4,4,coin,steal,steal,gold,1,false,25000,11466891626801,74233,5,5,1,11,0,2,0,0,0,114459,250000,76,0,45.8,bonus_bs15_gae1_no,107,700000,LongExtraDayReduced,,LongExtraDayReduced,"{""slot_on_"":""24136\/60000@m26""}",20,13,8,3,4,5,3,0,1,88,46,26,16,17,32,7,2,4,4,4,1,false,MIN,-9,-6,-3,V2,0,3_5_fbios_PABUnityIAPiOSDefensiveBase,segment_tag_core_slot_prob_nu_29_06_var_a
68550,2026-04-13 06:44:28,1,1,4,coin,coin,steal,gold,1,false,50000,11466891676801,74232,5,5,1,11,0,1,0,0,0,114459,250000,76,0,45.8,bonus_bs15_gae1_no,107,700000,LongExtraDayReduced,,,"{""slot_on_"":""24137\/60000@m26""}",21,13,9,3,4,5,3,0,1,89,46,27,16,17,32,7,2,4,4,1,1,false,MIN,-3,0,-3,V2,0,3_5_fbios_PABUnityIAPiOSDefensiveBase,segment_tag_core_slot_prob_nu_29_06_var_a
68551,2026-04-13 06:44:29,5,5,5,shield,shield,shield,shield,3,true,1,11466891676801,74232,5,5,1,11,0,0,3,0,0,114459,250000,76,0,45.8,bonus_bs15_gae1_no,107,700000,,,,,22,13,9,6,4,5,3,0,2,90,46,27,19,17,32,7,2,5,2,2,2,false,MIN,-4,-1,-3,V2,0,3_5_fbios_PABUnityIAPiOSDefensiveBase,segment_tag_core_slot_prob_nu_29_06_var_a
68552,2026-04-13 06:44:30,5,2,2,shield,goldSack,goldSack,gold,1,false,150000,11466891826801,74231,5,5,1,11,0,0,1,0,0,114459,250000,76,0,45.8,bonus_bs15_gae1_no,107,700000,LongExtraDayReduced,,,"{""slot_on_"":""24138\/60000@m26""}",23,13,9,7,4,5,3,0,2,91,46,27,20,17,32,7,2,5,7,3,2,false,NORMAL,3,3,0,V2,0,3_5_fbios_PABUnityIAPiOSDefensiveBase,segment_tag_core_slot_prob_nu_29_06_var_a
68553,2026-04-13 06:44:31,30,2,2,accumulation,goldSack,goldSack,gold,1,false,150000,11466891976801,74230,5,5,1,11,0,0,0,0,1,114460,250000,76,1,45.8,bonus_bs15_gae1_no,107,700000,LongExtraDayReduced,,,"{""slot_on_"":""24139\/60000@m26""}",24,13,9,7,4,6,3,0,2,92,46,27,20,17,33,7,2,5,7,3,8,false,BIG,7,7,0,V2,0,3_5_fbios_PABUnityIAPiOSDefensiveBase,segment_tag_core_slot_prob_nu_29_06_var_a
68554,2026-04-13 06:44:32,30,2,2,accumulation,goldSack,goldSack,gold,1,false,150000,11466892126801,74229,5,5,1,11,0,0,0,0,1,114461,250000,76,1,45.8,bonus_bs15_gae1_no,107,700000,,,,,25,13,9,7,4,7,3,0,2,93,46,27,20,17,34,7,2,5,3,3,8,false,BIG,5,5,0,V2,0,3_5_fbios_PABUnityIAPiOSDefensiveBase,segment_tag_core_slot_prob_nu_29_06_var_a
68555,2026-04-13 06:44:34,30,2,2,accumulation,goldSack,goldSack,gold,1,false,150000,11466892276801,74228,5,5,1,11,0,0,0,0,1,114462,250000,76,1,45.8,bonus_bs15_gae1_no,107,700000,LongExtraDayReduced,LongExtraDayReduced,LongExtraDayReduced,"{""slot_on_"":""24144\/60000@m26""}",26,13,9,7,4,8,3,0,2,94,46,27,20,17,35,7,2,5,7,3,8,false,BIG,7,8,-1,V2,0,3_5_fbios_PABUnityIAPiOSDefensiveBase,segment_tag_core_slot_prob_nu_29_06_var_a
68556,2026-04-13 06:44:35,1,5,5,coin,shield,shield,gold,1,false,25000,11466892301801,74227,5,5,1,11,0,0,2,0,0,114462,250000,76,0,45.8,bonus_bs15_gae1_no,107,700000,,,,,27,13,9,9,4,8,3,0,2,95,46,27,22,17,35,7,2,5,2,2,1,false,MIN,-6,-3,-3,V2,0,3_5_fbios_PABUnityIAPiOSDefensiveBase,segment_tag_core_slot_prob_nu_29_06_var_a
68557,2026-04-13 06:44:36,1,1,4,coin,coin,steal,gold,1,false,50000,11466892351801,74226,5,5,1,11,0,1,0,0,0,114462,250000,76,0,45.8,bonus_bs15_gae1_no,107,700000,,,,,28,13,10,9,4,8,3,0,2,96,46,28,22,17,35,7,2,5,4,1,5,false,MIN,-3,0,-3,V2,0,3_5_fbios_PABUnityIAPiOSDefensiveBase,segment_tag_core_slot_prob_nu_29_06_var_a
68558,2026-04-13 06:44:36,6,6,6,spins,spins,spins,spins,5,true,10,11466892351801,74235,5,5,1,11,0,0,0,3,0,114462,250000,76,0,45.8,bonus_bs15_gae1_no,107,700000,,,,,29,13,10,9,7,8,3,0,2,97,46,28,22,20,35,7,2,5,6,6,6,true,SMALL,-1,0,-1,V2,0,3_5_fbios_PABUnityIAPiOSDefensiveBase,segment_tag_core_slot_prob_nu_29_06_var_a
68559,2026-04-13 06:44:38,2,2,2,goldSack,goldSack,goldSack,gold,1,true,1800000,11466894151801,74234,5,5,1,11,0,0,0,0,0,114462,250000,76,0,45.8,bonus_bs15_gae1_no,107,700000,,,LongExtraDayReduced,"{""slot_on_"":""24145\/60000@m26""}",30,13,10,9,7,8,3,0,2,1,0,0,0,0,0,0,0,0,3,7,3,false,BIG,4,4,0,V2,0,3_5_fbios_PABUnityIAPiOSDefensiveBase,segment_tag_core_slot_prob_nu_29_06_var_a
68560,2026-04-13 06:44:39,3,3,2,attack,attack,goldSack,gold,1,false,100000,11466894251801,74233,5,5,1,11,2,0,0,0,0,114462,250000,76,0,45.8,bonus_bs15_gae1_no,107,700000,,LongExtraDayReduced,,"{""slot_on_"":""24146\/60000@m26""}",31,15,10,9,7,8,3,0,2,2,2,0,0,0,0,0,0,0,7,0,0,false,MIN,-3,-2,-1,V2,0,3_5_fbios_PABUnityIAPiOSDefensiveBase,segment_tag_core_slot_prob_nu_29_06_var_a
68561,2026-04-13 06:44:40,1,1,1,coin,coin,coin,gold,1,true,250000,11466894501801,74232,5,5,1,11,0,0,0,0,0,114462,250000,76,0,45.8,bonus_bs15_gae1_no,107,700000,,,,,32,15,10,9,7,8,3,0,2,3,2,0,0,0,0,0,0,0,1,5,5,false,SMALL,-2,-1,-1,V2,0,3_5_fbios_PABUnityIAPiOSDefensiveBase,segment_tag_core_slot_prob_nu_29_06_var_a
68562,2026-04-13 06:44:41,1,4,6,coin,steal,spins,gold,1,false,25000,11466894526801,74231,5,5,1,11,0,1,0,1,0,114462,250000,76,0,45.8,bonus_bs15_gae1_no,107,700000,,,,,33,15,11,9,8,8,3,0,2,4,2,1,0,1,0,0,0,0,6,4,1,false,MIN,-6,-3,-3,V2,0,3_5_fbios_PABUnityIAPiOSDefensiveBase,segment_tag_core_slot_prob_nu_29_06_var_a
68563,2026-04-13 06:44:42,5,5,5,shield,shield,shield,shield,3,true,1,11466894526801,74231,5,5,1,11,0,0,3,0,0,114462,250000,76,0,45.8,bonus_bs15_gae1_no,107,700000,,,LongExtraDayReduced,"{""slot_on_"":""24147\/60000@m26""}",34,15,11,12,8,8,3,0,3,5,2,1,3,1,0,0,0,1,2,2,2,false,MIN,-4,-1,-3,V2,0,3_5_fbios_PABUnityIAPiOSDefensiveBase,segment_tag_core_slot_prob_nu_29_06_var_a
68564,2026-04-13 06:44:43,30,30,1,accumulation,accumulation,coin,gold,1,false,25000,11466894551801,74230,5,5,1,11,0,0,0,0,2,114464,250000,76,2,45.8,bonus_bs15_gae1_no,107,700000,LongExtraDayReduced,,,"{""slot_on_"":""24148\/60000@m26""}",35,15,11,12,8,10,3,0,3,6,2,1,3,1,2,0,0,1,5,8,8,false,SMALL,-2,-2,0,V2,0,3_5_fbios_PABUnityIAPiOSDefensiveBase,segment_tag_core_slot_prob_nu_29_06_var_a
68565,2026-04-13 06:44:45,30,2,2,accumulation,goldSack,goldSack,gold,1,false,150000,11466894701801,74229,5,5,1,11,0,0,0,0,1,114465,250000,76,1,45.8,bonus_bs15_gae1_no,107,700000,,,,,36,15,11,12,8,11,3,0,3,7,2,1,3,1,3,0,0,1,7,3,8,false,MAX,8,8,0,V2,0,3_5_fbios_PABUnityIAPiOSDefensiveBase,segment_tag_core_slot_prob_nu_29_06_var_a
68566,2026-04-13 06:44:46,1,1,1,coin,coin,coin,gold,1,true,250000,11466894951801,74228,5,5,1,11,0,0,0,0,0,114465,250000,76,0,45.8,bonus_bs15_gae1_no,107,700000,,,,,37,15,11,12,8,11,3,0,3,8,2,1,3,1,3,0,0,1,1,5,5,false,NORMAL,0,0,0,V2,0,3_5_fbios_PABUnityIAPiOSDefensiveBase,segment_tag_core_slot_prob_nu_29_06_var_a
68567,2026-04-13 06:44:47,1,1,4,coin,coin,steal,gold,1,false,50000,11466895001801,74227,5,5,1,11,0,1,0,0,0,114465,250000,76,0,45.8,bonus_bs15_gae1_no,107,700000,,,,,38,15,12,12,8,11,3,0,3,9,2,2,3,1,3,0,0,1,4,1,1,false,MIN,-4,-2,-2,V2,0,3_5_fbios_PABUnityIAPiOSDefensiveBase,segment_tag_core_slot_prob_nu_29_06_var_a
68568,2026-04-13 06:44:47,30,30,1,accumulation,accumulation,coin,gold,1,false,25000,11466895026801,74226,5,5,1,11,0,0,0,0,2,114467,250000,76,2,45.8,bonus_bs15_gae1_no,107,700000,,,,,39,15,12,12,8,13,3,0,3,10,2,2,3,1,5,0,0,1,1,8,8,false,SMALL,-1,1,-2,V2,0,3_5_fbios_PABUnityIAPiOSDefensiveBase,segment_tag_core_slot_prob_nu_29_06_var_a
68569,2026-04-13 06:44:48,3,3,2,attack,attack,goldSack,gold,1,false,100000,11466895126801,74225,5,5,1,11,2,0,0,0,0,114467,250000,76,0,45.8,bonus_bs15_gae1_no,107,700000,,,LongExtraDayReduced,"{""slot_on_"":""24149\/60000@m26""}",40,17,12,12,8,13,3,0,3,11,4,2,3,1,5,0,0,1,7,0,0,false,SMALL,-2,-2,0,V2,0,3_5_fbios_PABUnityIAPiOSDefensiveBase,segment_tag_core_slot_prob_nu_29_06_var_a
68570,2026-04-13 06:44:49,3,3,2,attack,attack,goldSack,gold,1,false,100000,11466895226801,74224,5,5,1,11,2,0,0,0,0,114467,250000,76,0,45.8,bonus_bs15_gae1_no,107,700000,,,,,41,19,12,12,8,13,3,0,3,12,6,2,3,1,5,0,0,1,3,0,0,false,NORMAL,2,2,0,V2,0,3_5_fbios_PABUnityIAPiOSDefensiveBase,segment_tag_core_slot_prob_nu_29_06_var_a
68571,2026-04-13 06:44:50,3,6,2,attack,spins,goldSack,gold,1,false,100000,11466895326801,74223,5,5,1,11,1,0,0,1,0,114467,250000,76,0,45.8,bonus_bs15_gae1_no,107,700000,,,,,42,20,12,12,9,13,3,0,3,13,7,2,3,2,5,0,0,1,7,6,0,false,SMALL,-2,-1,-1,V2,0,3_5_fbios_PABUnityIAPiOSDefensiveBase,segment_tag_core_slot_prob_nu_29_06_var_a
68572,2026-04-13 06:44:51,1,1,1,coin,coin,coin,gold,1,true,250000,11466895576801,74222,5,5,1,11,0,0,0,0,0,114467,250000,76,0,45.8,bonus_bs15_gae1_no,107,700000,,,,,43,20,12,12,9,13,3,0,3,14,7,2,3,2,5,0,0,1,5,1,5,false,SMALL,-1,0,-1,V2,0,3_5_fbios_PABUnityIAPiOSDefensiveBase,segment_tag_core_slot_prob_nu_29_06_var_a
68573,2026-04-13 06:44:52,1,4,6,coin,steal,spins,gold,1,false,25000,11466895601801,74221,5,5,1,11,0,1,0,1,0,114467,250000,76,0,45.8,bonus_bs15_gae1_no,107,700000,,,,,44,20,13,12,10,13,3,0,3,15,7,3,3,3,5,0,0,1,6,4,5,false,BIG,6,6,0,V2,0,3_5_fbios_PABUnityIAPiOSDefensiveBase,segment_tag_core_slot_prob_nu_29_06_var_a
68574,2026-04-13 06:44:53,30,30,1,accumulation,accumulation,coin,gold,1,false,25000,11466895626801,74220,5,5,1,11,0,0,0,0,2,114469,250000,76,2,45.8,bonus_bs15_gae1_no,107,700000,,,,,45,20,13,12,10,15,3,0,3,16,7,3,3,3,7,0,0,1,1,8,8,false,NORMAL,1,1,0,V2,0,3_5_fbios_PABUnityIAPiOSDefensiveBase,segment_tag_core_slot_prob_nu_29_06_var_a
68575,2026-04-13 06:44:54,1,4,6,coin,steal,spins,gold,1,false,25000,11466895651801,74219,5,5,1,11,0,1,0,1,0,114469,250000,76,0,45.8,bonus_bs15_gae1_no,107,700000,,,,,46,20,14,12,11,15,3,0,3,17,7,4,3,4,7,0,0,1,6,4,5,false,BIG,6,5,1,V2,0,3_5_fbios_PABUnityIAPiOSDefensiveBase,segment_tag_core_slot_prob_nu_29_06_var_a
68576,2026-04-13 06:44:55,1,1,4,coin,coin,steal,gold,1,false,50000,11466895701801,74218,5,5,1,11,0,1,0,0,0,114469,250000,76,0,45.8,bonus_bs15_gae1_no,107,700000,,,,,47,20,15,12,11,15,3,0,3,18,7,5,3,4,7,0,0,1,4,1,5,false,BIG,4,3,1,V2,0,3_5_fbios_PABUnityIAPiOSDefensiveBase,segment_tag_core_slot_prob_nu_29_06_var_a
68577,2026-04-13 06:44:55,2,2,2,goldSack,goldSack,goldSack,gold,1,true,1800000,11466897501801,74217,5,5,1,11,0,0,0,0,0,114469,250000,76,0,45.8,bonus_bs15_gae1_no,107,700000,,LongExtraDayReduced,,"{""slot_on_"":""24150\/60000@m26""}",48,20,15,12,11,15,3,0,3,19,7,5,3,4,7,0,0,1,3,3,3,false,BIG,4,3,1,V2,0,3_5_fbios_PABUnityIAPiOSDefensiveBase,segment_tag_core_slot_prob_nu_29_06_var_a
68578,2026-04-13 06:44:57,2,2,2,goldSack,goldSack,goldSack,gold,1,true,1800000,11466899301801,74216,5,5,1,11,0,0,0,0,0,114469,250000,76,0,45.8,bonus_bs15_gae1_no,107,700000,LongExtraDayReduced,,,"{""slot_on_"":""24151\/60000@m26""}",49,20,15,12,11,15,3,0,3,20,7,5,3,4,7,0,0,1,7,3,7,false,NORMAL,1,1,0,V2,0,3_5_fbios_PABUnityIAPiOSDefensiveBase,segment_tag_core_slot_prob_nu_29_06_var_a
68579,2026-04-13 06:44:58,3,6,2,attack,spins,goldSack,gold,1,false,100000,11466899401801,74215,5,5,1,11,1,0,0,1,0,114469,250000,76,0,45.8,bonus_bs15_gae1_no,107,700000,,,,,50,21,15,12,12,15,3,0,3,21,8,5,3,5,7,0,0,1,3,6,0,false,NORMAL,2,2,0,V2,0,3_5_fbios_PABUnityIAPiOSDefensiveBase,segment_tag_core_slot_prob_nu_29_06_var_a
68580,2026-04-13 06:44:58,30,30,30,accumulation,accumulation,accumulation,gold,10,true,0,11466899401801,74214,5,5,1,11,0,0,0,0,3,114479,250000,76,10,45.8,bonus_bs15_gae1_no,107,700000,,,,,51,21,15,12,12,18,3,0,3,22,8,5,3,5,10,0,0,1,8,8,8,true,NORMAL,2,1,1,V2,0,3_5_fbios_PABUnityIAPiOSDefensiveBase,segment_tag_core_slot_prob_nu_29_06_var_a
68581,2026-04-13 06:45:00,5,5,5,shield,shield,shield,shield,3,true,1,11466899401801,74214,5,5,1,11,0,0,3,0,0,114479,250000,76,0,45.8,bonus_bs15_gae1_no,107,700000,,,,,1,0,0,3,0,0,0,0,1,23,8,5,6,5,10,0,0,2,2,2,2,false,SMALL,-1,-2,1,V2,0,3_5_fbios_PABUnityIAPiOSDefensiveBase,segment_tag_core_slot_prob_nu_29_06_var_a
68582,2026-04-13 06:45:01,30,2,2,accumulation,goldSack,goldSack,gold,1,false,150000,11466899551801,74213,5,5,1,11,0,0,0,0,1,114480,250000,76,1,45.8,bonus_bs15_gae1_no,107,700000,,,,,2,0,0,3,0,1,0,0,1,24,8,5,6,5,11,0,0,2,3,3,8,false,NORMAL,3,2,1,V2,0,3_5_fbios_PABUnityIAPiOSDefensiveBase,segment_tag_core_slot_prob_nu_29_06_var_a
68583,2026-04-13 06:45:02,30,2,2,accumulation,goldSack,goldSack,gold,1,false,150000,11466899701801,74212,5,5,1,11,0,0,0,0,1,114481,250000,76,1,45.8,bonus_bs15_gae1_no,107,700000,,,,,3,0,0,3,0,2,0,0,1,25,8,5,6,5,12,0,0,2,7,3,8,false,MAX,9,8,1,V2,0,3_5_fbios_PABUnityIAPiOSDefensiveBase,segment_tag_core_slot_prob_nu_29_06_var_a
68584,2026-04-13 06:45:04,2,2,2,goldSack,goldSack,goldSack,gold,1,true,1800000,11466901501801,74211,5,5,1,11,0,0,0,0,0,114481,250000,76,0,45.8,bonus_bs15_gae1_no,107,700000,,,,,4,0,0,3,0,2,0,0,1,26,8,5,6,5,12,0,0,2,7,3,7,false,NORMAL,3,2,1,V2,0,3_5_fbios_PABUnityIAPiOSDefensiveBase,segment_tag_core_slot_prob_nu_29_06_var_a
68585,2026-04-13 06:45:04,3,4,2,attack,steal,goldSack,gold,1,false,100000,11466901601801,74210,5,5,1,11,1,1,0,0,0,114481,250000,76,0,45.8,bonus_bs15_gae1_no,107,700000,,,,,5,1,1,3,0,2,0,0,1,27,9,6,6,5,12,0,0,2,3,4,0,false,NORMAL,3,3,0,V2,0,3_5_fbios_PABUnityIAPiOSDefensiveBase,segment_tag_core_slot_prob_nu_29_06_var_a
68586,2026-04-13 06:45:05,1,1,1,coin,coin,coin,gold,1,true,250000,11466901851801,74209,5,5,1,11,0,0,0,0,0,114481,250000,76,0,45.8,bonus_bs15_gae1_no,107,700000,,,,,6,1,1,3,0,2,0,0,1,28,9,6,6,5,12,0,0,2,5,1,1,false,MIN,-7,-4,-3,V2,0,3_5_fbios_PABUnityIAPiOSDefensiveBase,segment_tag_core_slot_prob_nu_29_06_var_a
68587,2026-04-13 06:45:09,3,3,3,attack,attack,attack,attack,2,true,0,11466901851801,74208,5,5,1,11,3,0,0,0,0,114481,250000,76,0,45.8,bonus_bs15_gae1_no,107,700000,,,,,7,4,1,3,0,2,1,0,1,29,12,6,6,5,12,1,0,2,0,0,0,false,MIN,-5,-2,-3,V2,0,3_5_fbios_PABUnityIAPiOSDefensiveBase,segment_tag_core_slot_prob_nu_29_06_var_a
68588,2026-04-13 06:45:33,3,6,2,attack,spins,goldSack,gold,1,false,100000,11466908551801,74207,5,5,1,11,1,0,0,1,0,114481,250000,76,0,45.8,bonus_bs15_gae1_no,107,700000,,,,,8,5,1,3,1,2,1,0,1,30,13,6,6,6,12,1,0,2,3,6,0,false,NORMAL,2,3,-1,V2,0,3_5_fbios_PABUnityIAPiOSDefensiveBase,segment_tag_core_slot_prob_nu_29_06_var_a
68589,2026-04-13 06:45:33,3,3,2,attack,attack,goldSack,gold,1,false,100000,11466908651801,74206,5,5,1,11,2,0,0,0,0,114481,250000,76,0,45.8,bonus_bs15_gae1_no,107,700000,LongExtraDayReduced,,LongExtraDayReduced,"{""slot_on_"":""24153\/60000@m26""}",9,7,1,3,1,2,1,0,1,31,15,6,6,6,12,1,0,2,-1,-1,-1,false,,0,0,0,,0,3_5_fbios_PABUnityIAPiOSDefensiveBase,segment_tag_core_slot_prob_nu_29_06_var_a
68590,2026-04-13 06:46:15,1,1,4,coin,coin,steal,gold,1,false,50000,11466908701801,74205,5,5,1,11,0,1,0,0,0,114481,250000,76,0,45.8,bonus_bs15_gae1_no,107,700000,,,,,10,7,2,3,1,2,1,0,1,32,15,7,6,6,12,1,0,2,4,5,1,false,MIN,-9,-6,-3,V2,0,3_5_fbios_PABUnityIAPiOSDefensiveBase,segment_tag_core_slot_prob_nu_29_06_var_a
68591,2026-04-13 06:46:16,30,2,2,accumulation,goldSack,goldSack,gold,1,false,150000,11466908851801,74204,5,5,1,11,0,0,0,0,1,114482,250000,76,1,45.8,bonus_bs15_gae1_no,107,700000,,,,,11,7,2,3,1,3,1,0,1,33,15,7,6,6,13,1,0,2,3,3,8,false,NORMAL,1,4,-3,V2,0,3_5_fbios_PABUnityIAPiOSDefensiveBase,segment_tag_core_slot_prob_nu_29_06_var_a
68592,2026-04-13 06:46:17,30,2,2,accumulation,goldSack,goldSack,gold,1,false,150000,11466909001801,74203,5,5,1,11,0,0,0,0,1,114483,250000,76,1,45.8,bonus_bs15_gae1_no,107,700000,,,,,12,7,2,3,1,4,1,0,1,34,15,7,6,6,14,1,0,2,7,3,8,false,BIG,7,8,-1,V2,0,3_5_fbios_PABUnityIAPiOSDefensiveBase,segment_tag_core_slot_prob_nu_29_06_var_a
68593,2026-04-13 06:46:19,1,1,4,coin,coin,steal,gold,1,false,50000,11466909051801,74202,5,5,1,11,0,1,0,0,0,114483,250000,76,0,45.8,bonus_bs15_gae1_no,107,700000,,,,,13,7,3,3,1,4,1,0,1,35,15,8,6,6,14,1,0,2,4,5,1,false,MIN,-9,-6,-3,V2,0,3_5_fbios_PABUnityIAPiOSDefensiveBase,segment_tag_core_slot_prob_nu_29_06_var_a
68594,2026-04-13 06:46:19,4,4,4,steal,steal,steal,steal,4,true,0,11466909051801,74201,5,5,1,11,0,3,0,0,0,114483,250000,76,0,45.8,bonus_bs15_gae1_no,107,700000,,,,,14,7,6,3,1,4,1,1,1,36,15,11,6,6,14,1,1,2,4,4,4,false,MIN,-7,-4,-3,V2,0,3_5_fbios_PABUnityIAPiOSDefensiveBase,segment_tag_core_slot_prob_nu_29_06_var_a
68595,2026-04-13 06:46:26,2,2,2,goldSack,goldSack,goldSack,gold,1,true,1800000,11467055151801,74200,5,5,1,11,0,0,0,0,0,114483,250000,76,0,45.8,bonus_bs15_gae1_no,107,700000,,,,,15,7,6,3,1,4,1,1,1,37,15,11,6,6,14,1,1,2,7,3,7,false,NORMAL,3,2,1,V2,0,3_5_fbios_PABUnityIAPiOSDefensiveBase,segment_tag_core_slot_prob_nu_29_06_var_a
68596,2026-04-13 06:46:26,3,1,6,attack,coin,spins,gold,1,false,25000,11467055176801,74199,5,5,1,11,1,0,0,1,0,114483,250000,76,0,45.8,bonus_bs15_gae1_no,107,700000,,,,,16,8,6,3,2,4,1,1,1,38,16,11,6,7,14,1,1,2,6,5,0,false,SMALL,-1,-3,2,V2,0,3_5_fbios_PABUnityIAPiOSDefensiveBase,segment_tag_core_slot_prob_nu_29_06_var_a
68597,2026-04-13 06:46:27,1,1,1,coin,coin,coin,gold,1,true,250000,11467055426801,74198,5,5,1,11,0,0,0,0,0,114483,250000,76,0,45.8,bonus_bs15_gae1_no,107,700000,,,,,17,8,6,3,2,4,1,1,1,39,16,11,6,7,14,1,1,2,1,1,5,false,NORMAL,3,1,2,V2,0,3_5_fbios_PABUnityIAPiOSDefensiveBase,segment_tag_core_slot_prob_nu_29_06_var_a
68598,2026-04-13 06:46:28,30,30,1,accumulation,accumulation,coin,gold,1,false,25000,11467055451801,74197,5,5,1,11,0,0,0,0,2,114485,250000,76,2,45.8,bonus_bs15_gae1_no,107,700000,,,,,18,8,6,3,2,6,1,1,1,40,16,11,6,7,16,1,1,2,5,8,8,false,NORMAL,2,0,2,V2,0,3_5_fbios_PABUnityIAPiOSDefensiveBase,segment_tag_core_slot_prob_nu_29_06_var_a
68599,2026-04-13 06:46:29,3,4,2,attack,steal,goldSack,gold,1,false,100000,11467055551801,74196,5,5,1,11,1,1,0,0,0,114485,250000,76,0,45.8,bonus_bs15_gae1_no,107,700000,,,,,19,9,7,3,2,6,1,1,1,41,17,12,6,7,16,1,1,2,3,4,0,false,BIG,4,3,1,V2,0,3_5_fbios_PABUnityIAPiOSDefensiveBase,segment_tag_core_slot_prob_nu_29_06_var_a
68600,2026-04-13 06:46:30,4,4,4,steal,steal,steal,steal,4,true,0,11467055551801,74195,5,5,1,11,0,3,0,0,0,114485,250000,76,0,45.8,bonus_bs15_gae1_no,107,700000,,,,,20,9,10,3,2,6,1,2,1,42,17,15,6,7,16,1,2,2,4,4,4,false,MIN,-5,-5,0,V2,0,3_5_fbios_PABUnityIAPiOSDefensiveBase,segment_tag_core_slot_prob_nu_29_06_var_a
68601,2026-04-13 06:46:36,1,4,4,coin,steal,steal,gold,1,false,25000,11467269326801,74194,5,5,1,11,0,2,0,0,0,114485,250000,76,0,45.8,bonus_bs15_gae1_no,107,700000,,,,,21,9,12,3,2,6,1,2,1,43,17,17,6,7,16,1,2,2,4,4,5,false,BIG,4,2,2,V2,0,3_5_fbios_PABUnityIAPiOSDefensiveBase,segment_tag_core_slot_prob_nu_29_06_var_a
68602,2026-04-13 06:46:37,30,2,2,accumulation,goldSack,goldSack,gold,1,false,150000,11467269476801,74193,5,5,1,11,0,0,0,0,1,114486,250000,76,1,45.8,bonus_bs15_gae1_no,107,700000,,,,,22,9,12,3,2,7,1,2,1,44,17,17,6,7,17,1,2,2,3,7,8,false,MAX,8,6,2,V2,0,3_5_fbios_PABUnityIAPiOSDefensiveBase,segment_tag_core_slot_prob_nu_29_06_var_a
68603,2026-04-13 06:46:38,2,2,2,goldSack,goldSack,goldSack,gold,1,true,1800000,11467271276801,74192,5,5,1,11,0,0,0,0,0,114486,250000,76,0,45.8,bonus_bs15_gae1_no,107,700000,,,,,23,9,12,3,2,7,1,2,1,45,17,17,6,7,17,1,2,2,3,3,7,false,NORMAL,3,1,2,V2,0,3_5_fbios_PABUnityIAPiOSDefensiveBase,segment_tag_core_slot_prob_nu_29_06_var_a
68604,2026-04-13 06:46:38,1,1,4,coin,coin,steal,gold,1,false,50000,11467271326801,74191,5,5,1,11,0,1,0,0,0,114486,250000,76,0,45.8,bonus_bs15_gae1_no,107,700000,,,,,24,9,13,3,2,7,1,2,1,46,17,18,6,7,17,1,2,2,4,5,1,false,MIN,-7,-6,-1,V2,0,3_5_fbios_PABUnityIAPiOSDefensiveBase,segment_tag_core_slot_prob_nu_29_06_var_a
68605,2026-04-13 06:46:39,3,6,2,attack,spins,goldSack,gold,1,false,100000,11467271426801,74190,5,5,1,11,1,0,0,1,0,114486,250000,76,0,45.8,bonus_bs15_gae1_no,107,700000,,,,,25,10,13,3,3,7,1,2,1,47,18,18,6,8,17,1,2,2,7,6,0,false,MIN,-5,-2,-3,V2,0,3_5_fbios_PABUnityIAPiOSDefensiveBase,segment_tag_core_slot_prob_nu_29_06_var_a
68606,2026-04-13 06:46:40,3,1,5,attack,coin,shield,gold,1,false,25000,11467271451801,74189,5,5,1,11,1,0,1,0,0,114486,250000,76,0,45.8,bonus_bs15_gae1_no,107,700000,,LongExtraDayReduced,,"{""slot_on_"":""24154\/60000@m26""}",26,11,13,4,3,7,1,2,1,48,19,18,7,8,17,1,2,2,2,1,0,false,NORMAL,0,1,-1,V2,0,3_5_fbios_PABUnityIAPiOSDefensiveBase,segment_tag_core_slot_prob_nu_29_06_var_a
68607,2026-04-13 06:46:41,3,3,3,attack,attack,attack,attack,2,true,0,11467271451801,74188,5,5,1,11,3,0,0,0,0,114486,250000,76,0,45.8,bonus_bs15_gae1_no,107,700000,,,,,27,14,13,4,3,7,2,2,1,49,22,18,7,8,17,2,2,2,0,0,0,false,MIN,-3,-2,-1,V2,0,3_5_fbios_PABUnityIAPiOSDefensiveBase,segment_tag_core_slot_prob_nu_29_06_var_a
68608,2026-04-13 06:46:45,1,1,1,coin,coin,coin,gold,1,true,250000,11467278301801,74187,5,5,1,11,0,0,0,0,0,114486,250000,76,0,45.8,bonus_bs15_gae1_no,107,700000,,,,,28,14,13,4,3,7,2,2,1,50,22,18,7,8,17,2,2,2,1,1,5,false,NORMAL,1,1,0,V2,0,3_5_fbios_PABUnityIAPiOSDefensiveBase,segment_tag_core_slot_prob_nu_29_06_var_a
68609,2026-04-13 06:46:46,3,1,5,attack,coin,shield,gold,1,false,25000,11467278326801,74186,5,5,1,11,1,0,1,0,0,114486,250000,76,0,45.8,bonus_bs15_gae1_no,107,700000,,,,,29,15,13,5,3,7,2,2,1,51,23,18,8,8,17,2,2,2,2,5,0,false,SMALL,-2,-2,0,V2,0,3_5_fbios_PABUnityIAPiOSDefensiveBase,segment_tag_core_slot_prob_nu_29_06_var_a
68610,2026-04-13 06:46:47,30,30,3,accumulation,accumulation,attack,gold,6,false,0,11467278326801,74185,5,5,1,11,1,0,0,0,2,114488,250000,76,2,45.8,bonus_bs15_gae1_no,107,700000,,,,,30,16,13,5,3,9,2,2,1,52,24,18,8,8,19,2,2,2,0,8,8,false,NORMAL,1,-1,2,V2,0,3_5_fbios_PABUnityIAPiOSDefensiveBase,segment_tag_core_slot_prob_nu_29_06_var_a
68611,2026-04-13 06:46:48,30,2,2,accumulation,goldSack,goldSack,gold,1,false,150000,11467278476801,74184,5,5,1,11,0,0,0,0,1,114489,250000,76,1,45.8,bonus_bs15_gae1_no,107,700000,,,,,31,16,13,5,3,10,2,2,1,53,24,18,8,8,20,2,2,2,3,7,8,false,MAX,9,7,2,V2,0,3_5_fbios_PABUnityIAPiOSDefensiveBase,segment_tag_core_slot_prob_nu_29_06_var_a
68612,2026-04-13 06:46:50,3,3,2,attack,attack,goldSack,gold,1,false,100000,11467278576801,74183,5,5,1,11,2,0,0,0,0,114489,250000,76,0,45.8,bonus_bs15_gae1_no,107,700000,,,,,32,18,13,5,3,10,2,2,1,54,26,18,8,8,20,2,2,2,7,0,0,false,SMALL,-1,-2,1,V2,0,3_5_fbios_PABUnityIAPiOSDefensiveBase,segment_tag_core_slot_prob_nu_29_06_var_a
68613,2026-04-13 06:46:50,3,6,2,attack,spins,goldSack,gold,1,false,100000,11467278676801,74182,5,5,1,11,1,0,0,1,0,114489,250000,76,0,45.8,bonus_bs15_gae1_no,107,700000,,,,,33,19,13,5,4,10,2,2,1,55,27,18,8,9,20,2,2,2,7,6,0,false,NORMAL,1,0,1,V2,0,3_5_fbios_PABUnityIAPiOSDefensiveBase,segment_tag_core_slot_prob_nu_29_06_var_a
68614,2026-04-13 06:46:51,2,2,2,goldSack,goldSack,goldSack,gold,1,true,1800000,11467280476801,74181,5,5,1,11,0,0,0,0,0,114489,250000,76,0,45.8,bonus_bs15_gae1_no,107,700000,LongExtraDayReduced,,LongExtraDayReduced,"{""slot_on_"":""24156\/60000@m26""}",34,19,13,5,4,10,2,2,1,56,27,18,8,9,20,2,2,2,7,7,3,false,MAX,8,7,1,V2,0,3_5_fbios_PABUnityIAPiOSDefensiveBase,segment_tag_core_slot_prob_nu_29_06_var_a
68615,2026-04-13 06:46:52,30,2,2,accumulation,goldSack,goldSack,gold,1,false,150000,11467280626801,74180,5,5,1,11,0,0,0,0,1,114490,250000,76,1,45.8,bonus_bs15_gae1_no,107,700000,,,,,35,19,13,5,4,11,2,2,1,57,27,18,8,9,21,2,2,2,3,3,8,false,BIG,5,5,0,V2,0,3_5_fbios_PABUnityIAPiOSDefensiveBase,segment_tag_core_slot_prob_nu_29_06_var_a
68616,2026-04-13 06:46:53,1,6,6,coin,spins,spins,gold,1,false,25000,11467280651801,74179,5,5,1,11,0,0,0,2,0,114490,250000,76,0,45.8,bonus_bs15_gae1_no,107,700000,,,,,36,19,13,5,6,11,2,2,1,58,27,18,8,11,21,2,2,2,6,6,5,false,NORMAL,3,3,0,V2,0,3_5_fbios_PABUnityIAPiOSDefensiveBase,segment_tag_core_slot_prob_nu_29_06_var_a
68617,2026-04-13 06:46:54,30,2,2,accumulation,goldSack,goldSack,gold,1,false,150000,11467280801801,74178,5,5,1,11,0,0,0,0,1,114491,250000,76,1,45.8,bonus_bs15_gae1_no,107,700000,,,,,37,19,13,5,6,12,2,2,1,59,27,18,8,11,22,2,2,2,7,3,8,false,BIG,7,7,0,V2,0,3_5_fbios_PABUnityIAPiOSDefensiveBase,segment_tag_core_slot_prob_nu_29_06_var_a
68618,2026-04-13 06:46:55,3,6,2,attack,spins,goldSack,gold,1,false,100000,11467280901801,74177,5,5,1,11,1,0,0,1,0,114491,250000,76,0,45.8,bonus_bs15_gae1_no,107,700000,LongExtraDayReduced,,,"{""slot_on_"":""24157\/60000@m26""}",38,20,13,5,7,12,2,2,1,60,28,18,8,12,22,2,2,2,7,6,0,false,SMALL,-1,-1,0,V2,0,3_5_fbios_PABUnityIAPiOSDefensiveBase,segment_tag_core_slot_prob_nu_29_06_var_a
68619,2026-04-13 06:47:05,3,6,2,attack,spins,goldSack,gold,1,false,100000,11467281001801,74176,5,5,1,11,1,0,0,1,0,114491,250000,76,0,45.8,bonus_bs15_gae1_no,107,700000,,,,,39,21,13,5,8,12,2,2,1,61,29,18,8,13,22,2,2,2,7,6,0,false,NORMAL,0,0,0,V2,0,3_5_fbios_PABUnityIAPiOSDefensiveBase,segment_tag_core_slot_prob_nu_29_06_var_a
68620,2026-04-13 06:47:05,3,3,3,attack,attack,attack,attack,2,true,0,11467281001801,74175,5,5,1,11,3,0,0,0,0,114491,250000,76,0,45.8,bonus_bs15_gae1_no,107,700000,,,,,40,24,13,5,8,12,3,2,1,62,32,18,8,13,22,3,2,2,0,0,0,false,NORMAL,0,-1,1,V2,0,3_5_fbios_PABUnityIAPiOSDefensiveBase,segment_tag_core_slot_prob_nu_29_06_var_a
68621,2026-04-13 06:47:10,1,1,4,coin,coin,steal,gold,1,false,50000,11467287651801,74174,5,5,1,11,0,1,0,0,0,114491,250000,76,0,45.8,bonus_bs15_gae1_no,107,700000,,,,,41,24,14,5,8,12,3,2,1,63,32,19,8,13,22,3,2,2,4,5,1,false,MIN,-8,-6,-2,V2,0,3_5_fbios_PABUnityIAPiOSDefensiveBase,segment_tag_core_slot_prob_nu_29_06_var_a
68622,2026-04-13 06:47:11,3,6,2,attack,spins,goldSack,gold,1,false,100000,11467287751801,74173,5,5,1,11,1,0,0,1,0,114491,250000,76,0,45.8,bonus_bs15_gae1_no,107,700000,,,,,42,25,14,5,9,12,3,2,1,64,33,19,8,14,22,3,2,2,3,6,0,false,NORMAL,0,2,-2,V2,0,3_5_fbios_PABUnityIAPiOSDefensiveBase,segment_tag_core_slot_prob_nu_29_06_var_a
68623,2026-04-13 06:47:11,1,6,6,coin,spins,spins,gold,1,false,25000,11467287776801,74172,5,5,1,11,0,0,0,2,0,114491,250000,76,0,45.8,bonus_bs15_gae1_no,107,700000,LongExtraDayReduced,,,"{""slot_on_"":""24158\/60000@m26""}",43,25,14,5,11,12,3,2,1,65,33,19,8,16,22,3,2,2,6,6,5,false,NORMAL,0,2,-2,V2,0,3_5_fbios_PABUnityIAPiOSDefensiveBase,segment_tag_core_slot_prob_nu_29_06_var_a
68624,2026-04-13 06:47:12,3,6,2,attack,spins,goldSack,gold,1,false,100000,11467287876801,74171,5,5,1,11,1,0,0,1,0,114491,250000,76,0,45.8,bonus_bs15_gae1_no,107,700000,,,LongExtraDayReduced,"{""slot_on_"":""24159\/60000@m26""}",44,26,14,5,12,12,3,2,1,66,34,19,8,17,22,3,2,2,7,6,0,false,SMALL,-2,-2,0,V2,0,3_5_fbios_PABUnityIAPiOSDefensiveBase,segment_tag_core_slot_prob_nu_29_06_var_a
68625,2026-04-13 06:47:14,4,4,4,steal,steal,steal,steal,4,true,0,11467287876801,74170,5,5,1,11,0,3,0,0,0,114491,250000,76,0,45.8,bonus_bs15_gae1_no,107,700000,,,,,45,26,17,5,12,12,3,3,1,67,34,22,8,17,22,3,3,2,4,4,4,false,MIN,-5,-5,0,V2,0,3_5_fbios_PABUnityIAPiOSDefensiveBase,segment_tag_core_slot_prob_nu_29_06_var_a
68626,2026-04-13 06:47:20,30,2,2,accumulation,goldSack,goldSack,gold,1,false,150000,11467428756801,74169,5,5,1,11,0,0,0,0,1,114492,250000,76,1,45.8,bonus_bs15_gae1_no,107,700000,,,,,46,26,17,5,12,13,3,3,1,68,34,22,8,17,23,3,3,2,7,3,8,false,MAX,10,8,2,V2,0,3_5_fbios_PABUnityIAPiOSDefensiveBase,segment_tag_core_slot_prob_nu_29_06_var_a
68627,2026-04-13 06:47:21,30,30,1,accumulation,accumulation,coin,gold,1,false,25000,11467428781801,74168,5,5,1,11,0,0,0,0,2,114494,250000,76,2,45.8,bonus_bs15_gae1_no,107,700000,,,,,47,26,17,5,12,15,3,3,1,69,34,22,8,17,25,3,3,2,1,8,8,false,BIG,5,2,3,V2,0,3_5_fbios_PABUnityIAPiOSDefensiveBase,segment_tag_core_slot_prob_nu_29_06_var_a
68628,2026-04-13 06:47:23,3,6,2,attack,spins,goldSack,gold,1,false,100000,11467428881801,74167,5,5,1,11,1,0,0,1,0,114494,250000,76,0,45.8,bonus_bs15_gae1_no,107,700000,,,,,48,27,17,5,13,15,3,3,1,70,35,22,8,18,25,3,3,2,3,6,0,false,BIG,5,2,3,V2,0,3_5_fbios_PABUnityIAPiOSDefensiveBase,segment_tag_core_slot_prob_nu_29_06_var_a
68629,2026-04-13 06:47:24,1,1,4,coin,coin,steal,gold,1,false,50000,11467428931801,74166,5,5,1,11,0,1,0,0,0,114494,250000,76,0,45.8,bonus_bs15_gae1_no,107,700000,LongExtraDayReduced,,,"{""slot_on_"":""24160\/60000@m26""}",49,27,18,5,13,15,3,3,1,71,35,23,8,18,25,3,3,2,4,1,5,false,NORMAL,3,1,2,V2,0,3_5_fbios_PABUnityIAPiOSDefensiveBase,segment_tag_core_slot_prob_nu_29_06_var_a
68630,2026-04-13 06:47:25,3,1,5,attack,coin,shield,gold,1,false,25000,11467428956801,74165,5,5,1,11,1,0,1,0,0,114494,250000,76,0,45.8,bonus_bs15_gae1_no,107,700000,,,,,50,28,18,6,13,15,3,3,1,72,36,23,9,18,25,3,3,2,2,1,0,false,NORMAL,0,0,0,V2,0,3_5_fbios_PABUnityIAPiOSDefensiveBase,segment_tag_core_slot_prob_nu_29_06_var_a
68631,2026-04-13 06:47:25,3,6,2,attack,spins,goldSack,gold,1,false,100000,11467429056801,74164,5,5,1,11,1,0,0,1,0,114494,250000,76,0,45.8,bonus_bs15_gae1_no,107,700000,,,,,51,29,18,6,14,15,3,3,1,73,37,23,9,19,25,3,3,2,3,6,0,false,NORMAL,2,2,0,V2,0,3_5_fbios_PABUnityIAPiOSDefensiveBase,segment_tag_core_slot_prob_nu_29_06_var_a
68632,2026-04-13 06:47:26,3,3,2,attack,attack,goldSack,gold,1,false,100000,11467429156801,74163,5,5,1,11,2,0,0,0,0,114494,250000,76,0,45.8,bonus_bs15_gae1_no,107,700000,,LongExtraDayReduced,,"{""slot_on_"":""24161\/60000@m26""}",52,31,18,6,14,15,3,3,1,74,39,23,9,19,25,3,3,2,7,0,0,false,SMALL,-1,-1,0,V2,0,3_5_fbios_PABUnityIAPiOSDefensiveBase,segment_tag_core_slot_prob_nu_29_06_var_a
68633,2026-04-13 06:47:27,3,6,2,attack,spins,goldSack,gold,1,false,100000,11467429256801,74162,5,5,1,11,1,0,0,1,0,114494,250000,76,0,45.8,bonus_bs15_gae1_no,107,700000,,,,,53,32,18,6,15,15,3,3,1,75,40,23,9,20,25,3,3,2,3,6,0,false,NORMAL,3,3,0,V2,0,3_5_fbios_PABUnityIAPiOSDefensiveBase,segment_tag_core_slot_prob_nu_29_06_var_a
68634,2026-04-13 06:47:28,30,2,2,accumulation,goldSack,goldSack,gold,1,false,150000,11467429406801,74161,5,5,1,11,0,0,0,0,1,114495,250000,76,1,45.8,bonus_bs15_gae1_no,107,700000,,,,,54,32,18,6,15,16,3,3,1,76,40,23,9,20,26,3,3,2,3,7,8,false,MAX,8,7,1,V2,0,3_5_fbios_PABUnityIAPiOSDefensiveBase,segment_tag_core_slot_prob_nu_29_06_var_a
68635,2026-04-13 06:47:29,5,5,5,shield,shield,shield,shield,3,true,1,11467429406801,74161,5,5,1,11,0,0,3,0,0,114495,250000,76,0,45.8,bonus_bs15_gae1_no,107,700000,,,,,55,32,18,9,15,16,3,3,2,77,40,23,12,20,26,3,3,3,2,2,2,false,NORMAL,0,-1,1,V2,0,3_5_fbios_PABUnityIAPiOSDefensiveBase,segment_tag_core_slot_prob_nu_29_06_var_a
68636,2026-04-13 06:47:30,3,3,3,attack,attack,attack,attack,2,true,0,11467429406801,74160,5,5,1,11,3,0,0,0,0,114495,250000,76,0,45.8,bonus_bs15_gae1_no,107,700000,,,,,56,35,18,9,15,16,4,3,2,78,43,23,12,20,26,4,3,3,0,0,0,false,MIN,-3,-4,1,V2,0,3_5_fbios_PABUnityIAPiOSDefensiveBase,segment_tag_core_slot_prob_nu_29_06_var_a
68637,2026-04-13 06:47:35,30,2,2,accumulation,goldSack,goldSack,gold,1,false,150000,11467436156801,74159,5,5,1,11,0,0,0,0,1,114496,250000,76,1,45.8,bonus_bs15_gae1_no,107,700000,LongExtraDayReduced,,,"{""slot_on_"":""24162\/60000@m26""}",57,35,18,9,15,17,4,3,2,79,43,23,12,20,27,4,3,3,7,7,8,false,MAX,9,8,1,V2,0,3_5_fbios_PABUnityIAPiOSDefensiveBase,segment_tag_core_slot_prob_nu_29_06_var_a
68638,2026-04-13 06:47:36,3,6,2,attack,spins,goldSack,gold,1,false,100000,11467436256801,74158,5,5,1,11,1,0,0,1,0,114496,250000,76,0,45.8,bonus_bs15_gae1_no,107,700000,,,,,58,36,18,9,16,17,4,3,2,80,44,23,12,21,27,4,3,3,3,6,0,false,NORMAL,3,2,1,V2,0,3_5_fbios_PABUnityIAPiOSDefensiveBase,segment_tag_core_slot_prob_nu_29_06_var_a
68639,2026-04-13 06:47:37,1,5,5,coin,shield,shield,gold,1,false,25000,11467436281801,74157,5,5,1,11,0,0,2,0,0,114496,250000,76,0,45.8,bonus_bs15_gae1_no,107,700000,,,,,59,36,18,11,16,17,4,3,2,81,44,23,14,21,27,4,3,3,2,2,1,false,MIN,-5,-3,-2,V2,0,3_5_fbios_PABUnityIAPiOSDefensiveBase,segment_tag_core_slot_prob_nu_29_06_var_a
68640,2026-04-13 06:47:38,3,3,2,attack,attack,goldSack,gold,1,false,100000,11467436381801,74156,5,5,1,11,2,0,0,0,0,114496,250000,76,0,45.8,bonus_bs15_gae1_no,107,700000,,,,,60,38,18,11,16,17,4,3,2,82,46,23,14,21,27,4,3,3,7,0,0,false,MIN,-5,-3,-2,V2,0,3_5_fbios_PABUnityIAPiOSDefensiveBase,segment_tag_core_slot_prob_nu_29_06_var_a
68641,2026-04-13 06:47:38,1,1,1,coin,coin,coin,gold,1,true,250000,11467436631801,74155,5,5,1,11,0,0,0,0,0,114496,250000,76,0,45.8,bonus_bs15_gae1_no,107,700000,,,,,61,38,18,11,16,17,4,3,2,83,46,23,14,21,27,4,3,3,1,1,5,false,NORMAL,1,1,0,V2,0,3_5_fbios_PABUnityIAPiOSDefensiveBase,segment_tag_core_slot_prob_nu_29_06_var_a
68642,2026-04-13 06:47:39,1,1,1,coin,coin,coin,gold,1,true,250000,11467436881801,74154,5,5,1,11,0,0,0,0,0,114496,250000,76,0,45.8,bonus_bs15_gae1_no,107,700000,,,,,62,38,18,11,16,17,4,3,2,84,46,23,14,21,27,4,3,3,5,1,1,false,MIN,-7,-4,-3,V2,0,3_5_fbios_PABUnityIAPiOSDefensiveBase,segment_tag_core_slot_prob_nu_29_06_var_a
68643,2026-04-13 06:47:40,30,2,2,accumulation,goldSack,goldSack,gold,1,false,150000,11467437031801,74153,5,5,1,11,0,0,0,0,1,114497,250000,76,1,45.8,bonus_bs15_gae1_no,107,700000,,,,,63,38,18,11,16,18,4,3,2,85,46,23,14,21,28,4,3,3,3,3,8,false,NORMAL,1,4,-3,V2,0,3_5_fbios_PABUnityIAPiOSDefensiveBase,segment_tag_core_slot_prob_nu_29_06_var_a
68644,2026-04-13 06:47:41,3,3,3,attack,attack,attack,attack,2,true,0,11467437031801,74152,5,5,1,11,3,0,0,0,0,114497,250000,76,0,45.8,bonus_bs15_gae1_no,107,700000,LongExtraDayReduced,LongExtraDayReduced,LongExtraDayReduced,"{""slot_on_"":""24167\/60000@m26""}",64,41,18,11,16,18,5,3,2,86,49,23,14,21,28,5,3,3,0,0,0,false,MIN,-3,-2,-1,V2,0,3_5_fbios_PABUnityIAPiOSDefensiveBase,segment_tag_core_slot_prob_nu_29_06_var_a
68645,2026-04-13 06:47:48,1,1,1,coin,coin,coin,gold,1,true,250000,11467443881801,74151,5,5,1,11,0,0,0,0,0,114497,250000,76,0,45.8,bonus_bs15_gae1_no,107,700000,LongExtraDayReduced,,,"{""slot_on_"":""24168\/60000@m26""}",65,41,18,11,16,18,5,3,2,87,49,23,14,21,28,5,3,3,5,1,5,false,SMALL,-1,0,-1,V2,0,3_5_fbios_PABUnityIAPiOSDefensiveBase,segment_tag_core_slot_prob_nu_29_06_var_a
68646,2026-04-13 06:47:49,6,6,6,spins,spins,spins,spins,5,true,10,11467443881801,74160,5,5,1,11,0,0,0,3,0,114497,250000,76,0,45.8,bonus_bs15_gae1_no,107,700000,,,,,66,41,18,11,19,18,5,3,2,88,49,23,14,24,28,5,3,3,6,6,6,true,SMALL,-1,0,-1,V2,0,3_5_fbios_PABUnityIAPiOSDefensiveBase,segment_tag_core_slot_prob_nu_29_06_var_a
68647,2026-04-13 06:47:52,1,1,4,coin,coin,steal,gold,1,false,150000,11467444031801,74157,5,5,3,11,0,1,0,0,0,114497,250000,76,0,45.8,bonus_bs15_gae1_no,107,700000,,,LongExtraDayReduced,"{""slot_on_"":""24171\/60000@m26""}",67,41,19,11,19,18,5,3,2,1,0,1,0,0,0,0,0,0,4,1,5,false,SMALL,-1,0,-1,V2,0,3_5_fbios_PABUnityIAPiOSDefensiveBase,segment_tag_core_slot_prob_nu_29_06_var_a
68648,2026-04-13 06:47:53,3,3,2,attack,attack,goldSack,gold,1,false,300000,11467444331801,74154,5,5,3,11,2,0,0,0,0,114497,250000,76,0,45.8,bonus_bs15_gae1_no,107,700000,,,,,68,43,19,11,19,18,5,3,2,2,2,1,0,0,0,0,0,0,7,0,0,false,SMALL,-1,-2,1,V2,0,3_5_fbios_PABUnityIAPiOSDefensiveBase,segment_tag_core_slot_prob_nu_29_06_var_a
68649,2026-04-13 06:47:54,1,4,4,coin,steal,steal,gold,1,false,75000,11467444406801,74151,5,5,3,11,0,2,0,0,0,114497,250000,76,0,45.8,bonus_bs15_gae1_no,107,700000,,,,,69,43,21,11,19,18,5,3,2,3,2,3,0,0,0,0,0,0,4,4,1,false,MIN,-6,-4,-2,V2,0,3_5_fbios_PABUnityIAPiOSDefensiveBase,segment_tag_core_slot_prob_nu_29_06_var_a
68650,2026-04-13 06:47:55,3,1,4,attack,coin,steal,gold,1,false,75000,11467444481801,74148,5,5,3,11,1,1,0,0,0,114497,250000,76,0,45.8,bonus_bs15_gae1_no,107,700000,LongExtraDayReduced,LongExtraDayReduced,,"{""slot_on_"":""24177\/60000@m26""}",70,44,22,11,19,18,5,3,2,4,3,4,0,0,0,0,0,0,4,1,0,false,SMALL,-1,1,-2,V2,0,3_5_fbios_PABUnityIAPiOSDefensiveBase,segment_tag_core_slot_prob_nu_29_06_var_a
68651,2026-04-13 06:47:56,3,1,5,attack,coin,shield,gold,1,false,75000,11467444556801,74145,5,5,3,11,1,0,1,0,0,114497,250000,76,0,45.8,bonus_bs15_gae1_no,107,700000,,,,,71,45,22,12,19,18,5,3,2,5,4,4,1,0,0,0,0,0,2,1,0,false,NORMAL,1,1,0,V2,0,3_5_fbios_PABUnityIAPiOSDefensiveBase,segment_tag_core_slot_prob_nu_29_06_var_a
68652,2026-04-13 06:47:56,30,2,2,accumulation,goldSack,goldSack,gold,1,false,450000,11467445006801,74142,5,5,3,11,0,0,0,0,1,114500,250000,76,3,45.8,bonus_bs15_gae1_no,107,700000,,,LongExtraDayReduced,"{""slot_on_"":""24180\/60000@m26""}",72,45,22,12,19,19,5,3,2,6,4,4,1,0,1,0,0,0,3,3,8,false,BIG,4,3,1,V2,0,3_5_fbios_PABUnityIAPiOSDefensiveBase,segment_tag_core_slot_prob_nu_29_06_var_a
68653,2026-04-13 06:47:58,3,6,2,attack,spins,goldSack,gold,1,false,300000,11467445306801,74139,5,5,3,11,1,0,0,1,0,114500,250000,76,0,45.8,bonus_bs15_gae1_no,107,700000,,,,,73,46,22,12,20,19,5,3,2,7,5,4,1,1,1,0,0,0,3,6,0,false,NORMAL,3,3,0,V2,0,3_5_fbios_PABUnityIAPiOSDefensiveBase,segment_tag_core_slot_prob_nu_29_06_var_a
68654,2026-04-13 06:47:58,3,1,4,attack,coin,steal,gold,1,false,75000,11467445381801,74136,5,5,3,11,1,1,0,0,0,114500,250000,76,0,45.8,bonus_bs15_gae1_no,107,700000,,,,,74,47,23,12,20,19,5,3,2,8,6,5,1,1,1,0,0,0,4,1,0,false,NORMAL,1,1,0,V2,0,3_5_fbios_PABUnityIAPiOSDefensiveBase,segment_tag_core_slot_prob_nu_29_06_var_a
68655,2026-04-13 06:47:59,30,30,1,accumulation,accumulation,coin,gold,1,false,75000,11467445456801,74133,5,5,3,11,0,0,0,0,2,114506,250000,76,6,45.8,bonus_bs15_gae1_no,107,700000,LongExtraDayReduced,,LongExtraDayReduced,"{""slot_on_"":""24186\/60000@m26""}",75,47,23,12,20,21,5,3,2,9,6,5,1,1,3,0,0,0,5,8,8,false,NORMAL,1,0,1,V2,0,3_5_fbios_PABUnityIAPiOSDefensiveBase,segment_tag_core_slot_prob_nu_29_06_var_a
68656,2026-04-13 06:48:01,3,3,3,attack,attack,attack,attack,2,true,0,11467445456801,74130,5,5,3,11,3,0,0,0,0,114506,250000,76,0,45.8,bonus_bs15_gae1_no,107,700000,,LongExtraDayReduced,,"{""slot_on_"":""24189\/60000@m26""}",76,50,23,12,20,21,6,3,2,10,9,5,1,1,3,1,0,0,0,0,0,false,SMALL,-1,-2,1,V2,0,3_5_fbios_PABUnityIAPiOSDefensiveBase,segment_tag_core_slot_prob_nu_29_06_var_a
68657,2026-04-13 06:48:05,5,5,5,shield,shield,shield,shield,3,true,3,11467465256801,74130,5,5,3,11,0,0,3,0,0,114506,250000,76,0,45.8,bonus_bs15_gae1_no,107,700000,,,,,77,50,23,15,20,21,6,3,3,11,9,5,4,1,3,1,0,1,2,2,2,false,NORMAL,0,-1,1,V2,0,3_5_fbios_PABUnityIAPiOSDefensiveBase,segment_tag_core_slot_prob_nu_29_06_var_a
68658,2026-04-13 06:48:06,1,1,4,coin,coin,steal,gold,1,false,150000,11467465406801,74127,5,5,3,11,0,1,0,0,0,114506,250000,76,0,45.8,bonus_bs15_gae1_no,107,700000,,,,,78,50,24,15,20,21,6,3,3,12,9,6,4,1,3,1,0,1,4,1,5,false,NORMAL,0,-1,1,V2,0,3_5_fbios_PABUnityIAPiOSDefensiveBase,segment_tag_core_slot_prob_nu_29_06_var_a
68659,2026-04-13 06:48:07,1,4,4,coin,steal,steal,gold,1,false,75000,11467465481801,74124,5,5,3,11,0,2,0,0,0,114506,250000,76,0,45.8,bonus_bs15_gae1_no,107,700000,,,,,79,50,26,15,20,21,6,3,3,13,9,8,4,1,3,1,0,1,4,4,1,false,MIN,-4,-3,-1,V2,0,3_5_fbios_PABUnityIAPiOSDefensiveBase,segment_tag_core_slot_prob_nu_29_06_var_a
68660,2026-04-13 06:48:08,2,2,2,goldSack,goldSack,goldSack,gold,1,true,5400000,11467470881801,74121,5,5,3,11,0,0,0,0,0,114506,250000,76,0,45.8,bonus_bs15_gae1_no,107,700000,,,LongExtraDayReduced,"{""slot_on_"":""24192\/60000@m26""}",80,50,26,15,20,21,6,3,3,14,9,8,4,1,3,1,0,1,7,3,3,false,NORMAL,3,5,-2,V2,0,3_5_fbios_PABUnityIAPiOSDefensiveBase,segment_tag_core_slot_prob_nu_29_06_var_a
68661,2026-04-13 06:48:09,2,2,2,goldSack,goldSack,goldSack,gold,1,true,5400000,11467476281801,74118,5,5,3,11,0,0,0,0,0,114506,250000,76,0,45.8,bonus_bs15_gae1_no,107,700000,,,LongExtraDayReduced,"{""slot_on_"":""24195\/60000@m26""}",81,50,26,15,20,21,6,3,3,15,9,8,4,1,3,1,0,1,3,7,3,false,BIG,6,6,0,V2,0,3_5_fbios_PABUnityIAPiOSDefensiveBase,segment_tag_core_slot_prob_nu_29_06_var_a
68662,2026-04-13 06:48:11,30,30,1,accumulation,accumulation,coin,gold,1,false,75000,11467476356801,74115,5,5,3,11,0,0,0,0,2,114512,250000,76,6,45.8,bonus_bs15_gae1_no,107,700000,,,,,82,50,26,15,20,23,6,3,3,16,9,8,4,1,5,1,0,1,5,8,8,false,NORMAL,0,1,-1,V2,0,3_5_fbios_PABUnityIAPiOSDefensiveBase,segment_tag_core_slot_prob_nu_29_06_var_a
68663,2026-04-13 06:48:12,4,6,2,steal,spins,goldSack,gold,1,false,300000,11467476656801,74112,5,5,3,11,0,1,0,1,0,114512,250000,76,0,45.8,bonus_bs15_gae1_no,107,700000,,,,,83,50,27,15,21,23,6,3,3,17,9,9,4,2,5,1,0,1,3,6,4,false,NORMAL,2,1,1,V2,0,3_5_fbios_PABUnityIAPiOSDefensiveBase,segment_tag_core_slot_prob_nu_29_06_var_a
68664,2026-04-13 06:48:13,5,2,2,shield,goldSack,goldSack,gold,1,false,450000,11467477106801,74109,5,5,3,11,0,0,1,0,0,114512,250000,76,0,45.8,bonus_bs15_gae1_no,107,700000,,,,,84,50,27,16,21,23,6,3,3,18,9,9,5,2,5,1,0,1,3,7,2,false,MAX,8,6,2,V2,0,3_5_fbios_PABUnityIAPiOSDefensiveBase,segment_tag_core_slot_prob_nu_29_06_var_a
68665,2026-04-13 06:48:16,3,1,5,attack,coin,shield,gold,1,false,10000000,11467487106801,73709,5,5,400,11,1,0,1,0,0,114512,250000,76,0,45.8,bonus_bs15_gae1_no,107,700000,,,,,85,51,27,17,21,23,6,3,3,19,10,9,6,2,5,1,0,1,2,1,0,false,NORMAL,2,-1,3,V2,0,3_5_fbios_PABUnityIAPiOSDefensiveBase,segment_tag_core_slot_prob_nu_29_06_var_a
68666,2026-04-13 06:48:17,3,3,2,attack,attack,goldSack,gold,1,false,40000000,11467527106801,73309,5,5,400,11,2,0,0,0,0,114512,250000,76,0,45.8,bonus_bs15_gae1_no,107,700000,,,,,86,53,27,17,21,23,6,3,3,20,12,9,6,2,5,1,0,1,3,0,0,false,BIG,4,1,3,V2,0,3_5_fbios_PABUnityIAPiOSDefensiveBase,segment_tag_core_slot_prob_nu_29_06_var_a
68667,2026-04-13 06:48:17,30,2,2,accumulation,goldSack,goldSack,gold,1,false,60000000,11467587106801,72909,5,5,400,11,0,0,0,0,1,114912,250000,76,400,46.0,bonus_bs15_gae1_no,107,700000,,,LongExtraDayReduced,"{""slot_on_"":""24595\/60000@m26""}",87,53,27,17,21,24,6,3,3,21,12,9,6,2,6,1,0,1,3,7,8,false,MAX,11,7,4,V2,0,3_5_fbios_PABUnityIAPiOSDefensiveBase,segment_tag_core_slot_prob_nu_29_06_var_a
68668,2026-04-13 06:48:19,2,2,2,goldSack,goldSack,goldSack,gold,1,true,720000000,11468307106801,72509,5,5,400,11,0,0,0,0,0,114912,250000,76,0,46.0,bonus_bs15_gae1_no,107,700000,,,,,88,53,27,17,21,24,6,3,3,22,12,9,6,2,6,1,0,1,7,7,7,false,BIG,7,3,4,V2,0,3_5_fbios_PABUnityIAPiOSDefensiveBase,segment_tag_core_slot_prob_nu_29_06_var_a
68669,2026-04-13 06:48:22,3,4,2,attack,steal,goldSack,gold,1,false,150000000,11468457106801,71009,5,5,1500,11,1,1,0,0,0,114912,250000,76,0,46.0,bonus_bs15_gae1_no,107,700000,,,,,89,54,28,17,21,24,6,3,3,23,13,10,6,2,6,1,0,1,3,4,0,false,BIG,4,3,1,V2,0,3_5_fbios_PABUnityIAPiOSDefensiveBase,segment_tag_core_slot_prob_nu_29_06_var_a
68670,2026-04-13 06:48:23,4,4,4,steal,steal,steal,steal,4,true,0,11468457106801,69509,5,5,1500,11,0,3,0,0,0,114912,250000,76,0,46.0,bonus_bs15_gae1_no,107,700000,,,,,90,54,31,17,21,24,6,4,3,24,13,13,6,2,6,1,1,1,4,4,4,false,MIN,-4,-5,1,V2,0,3_5_fbios_PABUnityIAPiOSDefensiveBase,segment_tag_core_slot_prob_nu_29_06_var_a
68671,2026-04-13 06:48:34,1,4,6,coin,steal,spins,gold,1,false,37500000,11629086606801,68809,5,5,1500,11,0,1,0,1,0,114912,250000,76,0,46.0,bonus_bs15_gae1_no,107,700000,,,,,91,54,32,17,22,24,6,4,3,25,13,14,6,3,6,1,1,1,6,4,1,false,SMALL,-2,-2,0,V2,0,3_5_fbios_PABUnityIAPiOSDefensiveBase,segment_tag_core_slot_prob_nu_29_06_var_a
68672,2026-04-13 06:48:35,4,6,2,steal,spins,goldSack,gold,1,false,150000000,11629236606801,67309,5,5,1500,11,0,1,0,1,0,114912,250000,76,0,46.0,bonus_bs15_gae1_no,107,700000,,,,,92,54,33,17,23,24,6,4,3,26,13,15,6,4,6,1,1,1,3,6,4,false,NORMAL,2,1,1,V2,0,3_5_fbios_PABUnityIAPiOSDefensiveBase,segment_tag_core_slot_prob_nu_29_06_var_a
68673,2026-04-13 06:48:36,3,4,2,attack,steal,goldSack,gold,1,false,150000000,11629386606801,65809,5,5,1500,11,1,1,0,0,0,114912,250000,76,0,46.0,bonus_bs15_gae1_no,107,700000,LongExtraDayReduced,,,"{""slot_on_"":""26095\/60000@m26""}",93,55,34,17,23,24,6,4,3,27,14,16,6,4,6,1,1,1,7,4,0,false,NORMAL,3,0,3,V2,0,3_5_fbios_PABUnityIAPiOSDefensiveBase,segment_tag_core_slot_prob_nu_29_06_var_a
68674,2026-04-13 06:48:37,1,4,6,coin,steal,spins,gold,1,false,37500000,11629424106801,64309,5,5,1500,11,0,1,0,1,0,114912,250000,76,0,46.0,bonus_bs15_gae1_no,107,700000,LongExtraDayReduced,LongExtraDayReduced,,"{""slot_on_"":""29095\/60000@m26""}",94,55,35,17,24,24,6,4,3,28,14,17,6,5,6,1,1,1,6,4,1,false,SMALL,-2,-3,1,V2,0,3_5_fbios_PABUnityIAPiOSDefensiveBase,segment_tag_core_slot_prob_nu_29_06_var_a
68675,2026-04-13 06:48:38,5,5,5,shield,shield,shield,shield,3,true,1500,11629424106801,64309,5,5,1500,11,0,0,3,0,0,114912,250000,76,0,46.0,bonus_bs15_gae1_no,107,700000,,,,,95,55,35,20,24,24,6,4,4,29,14,17,9,5,6,1,1,2,2,2,2,false,SMALL,-1,-1,0,V2,0,3_5_fbios_PABUnityIAPiOSDefensiveBase,segment_tag_core_slot_prob_nu_29_06_var_a
68676,2026-04-13 06:48:40,5,5,5,shield,shield,shield,shield,3,true,1500,11629424106801,64309,5,5,1500,11,0,0,3,0,0,114912,250000,76,0,46.0,bonus_bs15_gae1_no,107,700000,,,,,96,55,35,23,24,24,6,4,5,30,14,17,12,5,6,1,1,3,2,2,2,false,NORMAL,1,-1,2,V2,0,3_5_fbios_PABUnityIAPiOSDefensiveBase,segment_tag_core_slot_prob_nu_29_06_var_a
68677,2026-04-13 06:48:42,30,2,2,accumulation,goldSack,goldSack,gold,1,false,225000000,11629649106801,62809,5,5,1500,11,0,0,0,0,1,116412,250000,76,1500,46.6,bonus_bs15_gae1_no,107,700000,,,,,97,55,35,23,24,25,6,4,5,31,14,17,12,5,7,1,1,3,7,3,8,false,BIG,6,5,1,V2,0,3_5_fbios_PABUnityIAPiOSDefensiveBase,segment_tag_core_slot_prob_nu_29_06_var_a
68678,2026-04-13 06:48:44,3,1,1,attack,coin,coin,gold,1,false,75000000,11629724106801,61309,5,5,1500,11,1,0,0,0,0,116412,250000,76,0,46.6,bonus_bs15_gae1_no,107,700000,,,,,98,56,35,23,24,25,6,4,5,32,15,17,12,5,7,1,1,3,5,1,0,false,SMALL,-1,-1,0,V2,0,3_5_fbios_PABUnityIAPiOSDefensiveBase,segment_tag_core_slot_prob_nu_29_06_var_a
68679,2026-04-13 06:48:45,3,1,5,attack,coin,shield,gold,1,false,37500000,11629761606801,59809,5,5,1500,11,1,0,1,0,0,116412,250000,76,0,46.6,bonus_bs15_gae1_no,107,700000,,,,,99,57,35,24,24,25,6,4,5,33,16,17,13,5,7,1,1,3,2,1,0,false,NORMAL,1,1,0,V2,0,3_5_fbios_PABUnityIAPiOSDefensiveBase,segment_tag_core_slot_prob_nu_29_06_var_a
68680,2026-04-13 06:48:47,4,6,2,steal,spins,goldSack,gold,1,false,150000000,11629911606801,58309,5,5,1500,11,0,1,0,1,0,116412,250000,76,0,46.6,bonus_bs15_gae1_no,107,700000,,,,,100,57,36,24,25,25,6,4,5,34,16,18,13,6,7,1,1,3,7,6,4,false,NORMAL,1,0,1,V2,0,3_5_fbios_PABUnityIAPiOSDefensiveBase,segment_tag_core_slot_prob_nu_29_06_var_a
68681,2026-04-13 06:48:48,2,2,2,goldSack,goldSack,goldSack,gold,1,true,2700000000,11632611606801,56809,5,5,1500,11,0,0,0,0,0,116412,250000,76,0,46.6,bonus_bs15_gae1_no,107,700000,,,,,101,57,36,24,25,25,6,4,5,35,16,18,13,6,7,1,1,3,3,3,7,false,BIG,4,1,3,V2,0,3_5_fbios_PABUnityIAPiOSDefensiveBase,segment_tag_core_slot_prob_nu_29_06_var_a
68682,2026-04-13 06:48:50,1,6,6,coin,spins,spins,gold,1,false,37500000,11632649106801,55309,5,5,1500,11,0,0,0,2,0,116412,250000,76,0,46.6,bonus_bs15_gae1_no,107,700000,,,,,102,57,36,24,27,25,6,4,5,36,16,18,13,8,7,1,1,3,6,6,1,false,MIN,-4,-3,-1,V2,0,3_5_fbios_PABUnityIAPiOSDefensiveBase,segment_tag_core_slot_prob_nu_29_06_var_a
68683,2026-04-13 06:48:51,1,1,1,coin,coin,coin,gold,1,true,375000000,11633024106801,53809,5,5,1500,11,0,0,0,0,0,116412,250000,76,0,46.6,bonus_bs15_gae1_no,107,700000,,,,,103,57,36,24,27,25,6,4,5,37,16,18,13,8,7,1,1,3,5,1,1,false,MIN,-4,-3,-1,V2,0,3_5_fbios_PABUnityIAPiOSDefensiveBase,segment_tag_core_slot_prob_nu_29_06_var_a
68684,2026-04-13 06:48:54,6,6,6,spins,spins,spins,spins,5,true,60000,11633024106801,107809,5,5,6000,11,0,0,0,3,0,116412,250000,76,0,46.6,bonus_bs15_gae1_no,107,700000,,,,,104,57,36,24,30,25,6,4,5,38,16,18,13,11,7,1,1,3,6,6,6,true,SMALL,-1,0,-1,V2,0,3_5_fbios_PABUnityIAPiOSDefensiveBase,segment_tag_core_slot_prob_nu_29_06_var_a
68685,2026-04-13 06:49:01,30,2,2,accumulation,goldSack,goldSack,gold,1,false,7500000,11633031606801,107759,5,5,50,11,0,0,0,0,1,116462,250000,76,50,46.6,bonus_bs15_gae1_no,107,700000,,,,,105,57,36,24,30,26,6,4,5,1,0,0,0,0,1,0,0,0,3,3,8,false,NORMAL,2,3,-1,V2,0,3_5_fbios_PABUnityIAPiOSDefensiveBase,segment_tag_core_slot_prob_nu_29_06_var_a
68686,2026-04-13 06:49:04,3,3,2,attack,attack,goldSack,gold,1,false,5000000,11633036606801,107709,5,5,50,11,2,0,0,0,0,116462,250000,76,0,46.6,bonus_bs15_gae1_no,107,700000,LongExtraDayReduced,LongExtraDayReduced,,"{""slot_on_"":""29195\/60000@m26""}",106,59,36,24,30,26,6,4,5,2,2,0,0,0,1,0,0,0,3,0,0,false,NORMAL,1,2,-1,V2,0,3_5_fbios_PABUnityIAPiOSDefensiveBase,segment_tag_core_slot_prob_nu_29_06_var_a
68687,2026-04-13 06:49:06,30,2,2,accumulation,goldSack,goldSack,gold,1,false,7500000,11633044106801,107659,5,5,50,11,0,0,0,0,1,116512,250000,76,50,46.6,bonus_bs15_gae1_no,107,700000,LongExtraDayReduced,,,"{""slot_on_"":""29245\/60000@m26""}",107,59,36,24,30,27,6,4,5,3,2,0,0,0,2,0,0,0,7,3,8,false,BIG,7,7,0,V2,0,3_5_fbios_PABUnityIAPiOSDefensiveBase,segment_tag_core_slot_prob_nu_29_06_var_a
68688,2026-04-13 06:49:10,30,2,2,accumulation,goldSack,goldSack,gold,1,false,225000000,11633269106801,106159,5,5,1500,11,0,0,0,0,1,118012,250000,76,1500,47.2,bonus_bs15_gae1_no,107,700000,,,,,108,59,36,24,30,28,6,4,5,4,2,0,0,0,3,0,0,0,3,7,8,false,BIG,7,7,0,V2,0,3_5_fbios_PABUnityIAPiOSDefensiveBase,segment_tag_core_slot_prob_nu_29_06_var_a
68689,2026-04-13 06:49:12,30,2,2,accumulation,goldSack,goldSack,gold,1,false,900000000,11634169106801,100159,5,5,6000,11,0,0,0,0,1,124012,250000,76,6000,49.6,bonus_bs15_gae1_no,107,700000,,,,,109,59,36,24,30,29,6,4,5,5,2,0,0,0,4,0,0,0,7,7,8,false,MAX,11,10,1,V2,0,3_5_fbios_PABUnityIAPiOSDefensiveBase,segment_tag_core_slot_prob_nu_29_06_var_a
68690,2026-04-13 06:49:15,1,1,4,coin,coin,steal,gold,1,false,1000000000,11635169106801,80159,5,5,20000,11,0,1,0,0,0,124012,250000,76,0,49.6,bonus_bs15_gae1_no,107,700000,,,,,110,59,37,24,30,29,6,4,5,6,2,1,0,0,4,0,0,0,4,1,5,false,NORMAL,3,2,1,V2,0,3_5_fbios_PABUnityIAPiOSDefensiveBase,segment_tag_core_slot_prob_nu_29_06_var_a
68691,2026-04-13 06:49:21,30,2,2,accumulation,goldSack,goldSack,gold,1,false,60000000,11635229106801,79759,5,5,400,11,0,0,0,0,1,124412,250000,76,400,49.8,bonus_bs15_gae1_no,107,700000,LongExtraDayReduced,,,"{""slot_on_"":""29645\/60000@m26""}",111,59,37,24,30,30,6,4,5,7,2,1,0,0,5,0,0,0,3,3,8,false,BIG,5,4,1,V2,0,3_5_fbios_PABUnityIAPiOSDefensiveBase,segment_tag_core_slot_prob_nu_29_06_var_a
68692,2026-04-13 06:49:23,30,30,1,accumulation,accumulation,coin,gold,1,false,37500000,11635266606801,78259,5,5,1500,11,0,0,0,0,2,127412,250000,76,3000,51.0,bonus_bs15_gae1_no,107,700000,,,,,112,59,37,24,30,32,6,4,5,8,2,1,0,0,7,0,0,0,5,8,8,false,NORMAL,1,1,0,V2,0,3_5_fbios_PABUnityIAPiOSDefensiveBase,segment_tag_core_slot_prob_nu_29_06_var_a
68693,2026-04-13 06:49:28,30,2,2,accumulation,goldSack,goldSack,gold,1,false,60000000,11635326606801,77859,5,5,400,11,0,0,0,0,1,127812,250000,76,400,51.1,bonus_bs15_gae1_no,107,700000,,LongExtraDayReduced,,"{""slot_on_"":""30045\/60000@m26""}",113,59,37,24,30,33,6,4,5,9,2,1,0,0,8,0,0,0,7,7,8,false,MAX,9,9,0,V2,0,3_5_fbios_PABUnityIAPiOSDefensiveBase,segment_tag_core_slot_prob_nu_29_06_var_a
68694,2026-04-13 06:49:31,1,4,4,coin,steal,steal,gold,1,false,150000000,11635476606801,71859,5,5,6000,11,0,2,0,0,0,127812,250000,76,0,51.1,bonus_bs15_gae1_no,107,700000,,,,,114,59,39,24,30,33,6,4,5,10,2,3,0,0,8,0,0,0,4,4,1,false,MIN,-7,-4,-3,V2,0,3_5_fbios_PABUnityIAPiOSDefensiveBase,segment_tag_core_slot_prob_nu_29_06_var_a
68695,2026-04-13 06:50:23,30,2,2,accumulation,goldSack,goldSack,gold,1,false,60000000,11636136606801,78559,5,5,400,11,0,0,0,0,1,128212,250000,76,400,51.3,bonus_bs15_gae1_no,107,700000,,LongExtraDayReduced,,"{""slot_on_"":""30445\/60000@m26""}",115,59,39,24,30,34,6,4,5,11,2,3,0,0,9,0,0,0,3,7,8,false,NORMAL,3,6,-3,V2,0,3_5_fbios_PABUnityIAPiOSDefensiveBase,segment_tag_core_slot_prob_nu_29_06_var_a
68696,2026-04-13 06:50:25,2,2,2,goldSack,goldSack,goldSack,gold,1,true,720000000,11636856606801,78159,5,5,400,11,0,0,0,0,0,128212,250000,76,0,51.3,bonus_bs15_gae1_no,107,700000,,,,,116,59,39,24,30,34,6,4,5,12,2,3,0,0,9,0,0,0,3,7,7,false,NORMAL,3,4,-1,V2,0,3_5_fbios_PABUnityIAPiOSDefensiveBase,segment_tag_core_slot_prob_nu_29_06_var_a
68697,2026-04-13 06:50:26,1,1,4,coin,coin,steal,gold,1,false,20000000,11636876606801,77759,5,5,400,11,0,1,0,0,0,128212,250000,76,0,51.3,bonus_bs15_gae1_no,107,700000,,,,,117,59,40,24,30,34,6,4,5,13,2,4,0,0,9,0,0,0,4,5,1,false,MIN,-9,-6,-3,V2,0,3_5_fbios_PABUnityIAPiOSDefensiveBase,segment_tag_core_slot_prob_nu_29_06_var_a
68698,2026-04-13 06:50:27,2,2,2,goldSack,goldSack,goldSack,gold,1,true,720000000,11637596606801,77359,5,5,400,11,0,0,0,0,0,128212,250000,76,0,51.3,bonus_bs15_gae1_no,107,700000,LongExtraDayReduced,,,"{""slot_on_"":""30845\/60000@m26""}",118,59,40,24,30,34,6,4,5,14,2,4,0,0,9,0,0,0,3,3,7,false,MIN,-3,0,-3,V2,0,3_5_fbios_PABUnityIAPiOSDefensiveBase,segment_tag_core_slot_prob_nu_29_06_var_a
68699,2026-04-13 06:50:29,3,6,2,attack,spins,goldSack,gold,1,false,40000000,11637636606801,76959,5,5,400,11,1,0,0,1,0,128212,250000,76,0,51.3,bonus_bs15_gae1_no,107,700000,,,,,119,60,40,24,31,34,6,4,5,15,3,4,0,1,9,0,0,0,3,6,0,false,NORMAL,2,3,-1,V2,0,3_5_fbios_PABUnityIAPiOSDefensiveBase,segment_tag_core_slot_prob_nu_29_06_var_a
68700,2026-04-13 06:50:30,1,1,4,coin,coin,steal,gold,1,false,20000000,11637656606801,76559,5,5,400,11,0,1,0,0,0,128212,250000,76,0,51.3,bonus_bs15_gae1_no,107,700000,,,,,120,60,41,24,31,34,6,4,5,16,3,5,0,1,9,0,0,0,4,1,5,false,NORMAL,0,1,-1,V2,0,3_5_fbios_PABUnityIAPiOSDefensiveBase,segment_tag_core_slot_prob_nu_29_06_var_a
68701,2026-04-13 06:50:31,30,2,2,accumulation,goldSack,goldSack,gold,1,false,60000000,11637716606801,76159,5,5,400,11,0,0,0,0,1,128612,250000,76,400,51.4,bonus_bs15_gae1_no,107,700000,,,,,121,60,41,24,31,35,6,4,5,17,3,5,0,1,10,0,0,0,3,7,8,false,BIG,5,6,-1,V2,0,3_5_fbios_PABUnityIAPiOSDefensiveBase,segment_tag_core_slot_prob_nu_29_06_var_a
68702,2026-04-13 06:50:33,3,3,3,attack,attack,attack,attack,2,true,0,11637716606801,75759,5,5,400,11,3,0,0,0,0,128612,250000,76,0,51.4,bonus_bs15_gae1_no,107,700000,,,,,122,63,41,24,31,35,7,4,5,18,6,5,0,1,10,1,0,0,0,0,0,false,MIN,-3,-2,-1,V2,0,3_5_fbios_PABUnityIAPiOSDefensiveBase,segment_tag_core_slot_prob_nu_29_06_var_a
68703,2026-04-13 06:50:37,3,1,6,attack,coin,spins,gold,1,false,10000000,11640366606801,75359,5,5,400,11,1,0,0,1,0,128612,250000,76,0,51.4,bonus_bs15_gae1_no,107,700000,,,,,123,64,41,24,32,35,7,4,5,19,7,5,0,2,10,1,0,0,6,5,0,false,SMALL,-2,-2,0,V2,0,3_5_fbios_PABUnityIAPiOSDefensiveBase,segment_tag_core_slot_prob_nu_29_06_var_a
68704,2026-04-13 06:50:38,4,4,4,steal,steal,steal,steal,4,true,0,11640366606801,74959,5,5,400,11,0,3,0,0,0,128612,250000,76,0,51.4,bonus_bs15_gae1_no,107,700000,,,,,124,64,44,24,32,35,7,5,5,20,7,8,0,2,10,1,1,0,4,4,4,false,MIN,-5,-5,0,V2,0,3_5_fbios_PABUnityIAPiOSDefensiveBase,segment_tag_core_slot_prob_nu_29_06_var_a
68705,2026-04-13 06:50:45,1,1,4,coin,coin,steal,gold,1,false,20000000,11693766606801,74559,5,5,400,11,0,1,0,0,0,128612,250000,76,0,51.4,bonus_bs15_gae1_no,107,700000,LongExtraDayReduced,,,"{""slot_on_"":""31245\/60000@m26""}",125,64,45,24,32,35,7,5,5,21,7,9,0,2,10,1,1,0,4,5,1,false,MIN,-5,-4,-1,V2,0,3_5_fbios_PABUnityIAPiOSDefensiveBase,segment_tag_core_slot_prob_nu_29_06_var_a
68706,2026-04-13 06:50:47,3,6,2,attack,spins,goldSack,gold,1,false,40000000,11693806606801,74159,5,5,400,11,1,0,0,1,0,128612,250000,76,0,51.4,bonus_bs15_gae1_no,107,700000,LongExtraDayReduced,,LongExtraDayReduced,"{""slot_on_"":""32045\/60000@m26""}",126,65,45,24,33,35,7,5,5,22,8,9,0,3,10,1,1,0,3,6,0,false,NORMAL,2,2,0,V2,0,3_5_fbios_PABUnityIAPiOSDefensiveBase,segment_tag_core_slot_prob_nu_29_06_var_a
68707,2026-04-13 06:50:51,30,2,2,accumulation,goldSack,goldSack,gold,1,false,60000000,11693866606801,73759,5,5,400,11,0,0,0,0,1,129012,250000,76,400,51.6,bonus_bs15_gae1_no,107,700000,,,,,127,65,45,24,33,36,7,5,5,23,8,9,0,3,11,1,1,0,7,7,8,false,MAX,10,8,2,V2,0,3_5_fbios_PABUnityIAPiOSDefensiveBase,segment_tag_core_slot_prob_nu_29_06_var_a
68708,2026-04-13 06:50:54,3,3,1,attack,attack,coin,gold,1,false,37500000,11693904106801,72259,5,5,1500,11,2,0,0,0,0,129012,250000,76,0,51.6,bonus_bs15_gae1_no,107,700000,,,,,128,67,45,24,33,36,7,5,5,24,10,9,0,3,11,1,1,0,5,0,0,false,NORMAL,0,-2,2,V2,0,3_5_fbios_PABUnityIAPiOSDefensiveBase,segment_tag_core_slot_prob_nu_29_06_var_a
68709,2026-04-13 06:50:56,1,4,4,coin,steal,steal,gold,1,false,37500000,11693941606801,70759,5,5,1500,11,0,2,0,0,0,129012,250000,76,0,51.6,bonus_bs15_gae1_no,107,700000,,,,,129,67,47,24,33,36,7,5,5,25,10,11,0,3,11,1,1,0,4,4,1,false,MIN,-6,-4,-2,V2,0,3_5_fbios_PABUnityIAPiOSDefensiveBase,segment_tag_core_slot_prob_nu_29_06_var_a
68710,2026-04-13 06:51:00,5,2,2,shield,goldSack,goldSack,gold,1,false,60000000,11694001606801,70359,5,5,400,11,0,0,1,0,0,129012,250000,76,0,51.6,bonus_bs15_gae1_no,107,700000,,,,,130,67,47,25,33,36,7,5,5,26,10,11,1,3,11,1,1,0,3,3,2,false,NORMAL,0,2,-2,V2,0,3_5_fbios_PABUnityIAPiOSDefensiveBase,segment_tag_core_slot_prob_nu_29_06_var_a
68711,2026-04-13 06:51:02,1,1,1,coin,coin,coin,gold,1,true,100000000,11694101606801,69959,5,5,400,11,0,0,0,0,0,129012,250000,76,0,51.6,bonus_bs15_gae1_no,107,700000,,,LongExtraDayReduced,"{""slot_on_"":""32445\/60000@m26""}",131,67,47,25,33,36,7,5,5,27,10,11,1,3,11,1,1,0,5,5,5,false,MIN,-3,-3,0,V2,0,3_5_fbios_PABUnityIAPiOSDefensiveBase,segment_tag_core_slot_prob_nu_29_06_var_a
68712,2026-04-13 06:51:03,2,2,2,goldSack,goldSack,goldSack,gold,1,true,720000000,11694821606801,69559,5,5,400,11,0,0,0,0,0,129012,250000,76,0,51.6,bonus_bs15_gae1_no,107,700000,LongExtraDayReduced,,,"{""slot_on_"":""32845\/60000@m26""}",132,67,47,25,33,36,7,5,5,28,10,11,1,3,11,1,1,0,3,3,7,false,SMALL,-1,0,-1,V2,0,3_5_fbios_PABUnityIAPiOSDefensiveBase,segment_tag_core_slot_prob_nu_29_06_var_a
68713,2026-04-13 06:51:05,4,4,4,steal,steal,steal,steal,4,true,0,11694821606801,68059,5,5,1500,11,0,3,0,0,0,129012,250000,76,0,51.6,bonus_bs15_gae1_no,107,700000,LongExtraDayReduced,,,"{""slot_on_"":""34345\/60000@m26""}",133,67,50,25,33,36,7,6,5,29,10,14,1,3,11,1,2,0,4,4,4,false,MIN,-6,-5,-1,V2,0,3_5_fbios_PABUnityIAPiOSDefensiveBase,segment_tag_core_slot_prob_nu_29_06_var_a
68714,2026-04-13 06:51:16,30,2,2,accumulation,goldSack,goldSack,gold,1,false,60000000,11887580606801,67659,5,5,400,11,0,0,0,0,1,129412,250000,76,400,51.8,bonus_bs15_gae1_no,107,700000,,,,,134,67,50,25,33,37,7,6,5,30,10,14,1,3,12,1,2,0,3,3,8,false,BIG,6,5,1,V2,0,3_5_fbios_PABUnityIAPiOSDefensiveBase,segment_tag_core_slot_prob_nu_29_06_var_a
68715,2026-04-13 06:51:18,3,1,1,attack,coin,coin,gold,1,false,20000000,11887600606801,67259,5,5,400,11,1,0,0,0,0,129412,250000,76,0,51.8,bonus_bs15_gae1_no,107,700000,,,,,135,68,50,25,33,37,7,6,5,31,11,14,1,3,12,1,2,0,5,5,0,false,SMALL,-2,-4,2,V2,0,3_5_fbios_PABUnityIAPiOSDefensiveBase,segment_tag_core_slot_prob_nu_29_06_var_a
68716,2026-04-13 06:51:19,3,4,2,attack,steal,goldSack,gold,1,false,40000000,11887640606801,66859,5,5,400,11,1,1,0,0,0,129412,250000,76,0,51.8,bonus_bs15_gae1_no,107,700000,,,,,136,69,51,25,33,37,7,6,5,32,12,15,1,3,12,1,2,0,3,4,0,false,BIG,6,4,2,V2,0,3_5_fbios_PABUnityIAPiOSDefensiveBase,segment_tag_core_slot_prob_nu_29_06_var_a
68717,2026-04-13 06:51:21,1,4,4,coin,steal,steal,gold,1,false,37500000,11887678106801,65359,5,5,1500,11,0,2,0,0,0,129412,250000,76,0,51.8,bonus_bs15_gae1_no,107,700000,,,,,137,69,53,25,33,37,7,6,5,33,12,17,1,3,12,1,2,0,4,4,1,false,MIN,-5,-4,-1,V2,0,3_5_fbios_PABUnityIAPiOSDefensiveBase,segment_tag_core_slot_prob_nu_29_06_var_a
68718,2026-04-13 06:51:23,30,2,2,accumulation,goldSack,goldSack,gold,1,false,225000000,11887903106801,63859,5,5,1500,11,0,0,0,0,1,130912,250000,76,1500,52.4,bonus_bs15_gae1_no,107,700000,,,,,138,69,53,25,33,38,7,6,5,34,12,17,1,3,13,1,2,0,7,3,8,false,BIG,4,7,-3,V2,0,3_5_fbios_PABUnityIAPiOSDefensiveBase,segment_tag_core_slot_prob_nu_29_06_var_a
68719,2026-04-13 06:51:25,3,6,2,attack,spins,goldSack,gold,1,false,150000000,11888053106801,62359,5,5,1500,11,1,0,0,1,0,130912,250000,76,0,52.4,bonus_bs15_gae1_no,107,700000,,,,,139,70,53,25,34,38,7,6,5,35,13,17,1,4,13,1,2,0,7,6,0,false,SMALL,-2,-1,-1,V2,0,3_5_fbios_PABUnityIAPiOSDefensiveBase,segment_tag_core_slot_prob_nu_29_06_var_a
68720,2026-04-13 06:51:26,30,2,2,accumulation,goldSack,goldSack,gold,1,false,225000000,11888278106801,60859,5,5,1500,11,0,0,0,0,1,132412,250000,76,1500,53.0,bonus_bs15_gae1_no,107,700000,,,,,140,70,53,25,34,39,7,6,5,36,13,17,1,4,14,1,2,0,3,7,8,false,BIG,6,6,0,V2,0,3_5_fbios_PABUnityIAPiOSDefensiveBase,segment_tag_core_slot_prob_nu_29_06_var_a
68721,2026-04-13 06:51:29,30,30,1,accumulation,accumulation,coin,gold,1,false,37500000,11888315606801,59359,5,5,1500,11,0,0,0,0,2,135412,250000,76,3000,54.2,bonus_bs15_gae1_no,107,700000,,,,,141,70,53,25,34,41,7,6,5,37,13,17,1,4,16,1,2,0,1,8,8,false,NORMAL,3,3,0,V2,0,3_5_fbios_PABUnityIAPiOSDefensiveBase,segment_tag_core_slot_prob_nu_29_06_var_a
68722,2026-04-13 06:51:31,30,2,2,accumulation,goldSack,goldSack,gold,1,false,225000000,11888540606801,57859,5,5,1500,11,0,0,0,0,1,136912,250000,76,1500,54.8,bonus_bs15_gae1_no,107,700000,LongExtraDayReduced,LongExtraDayReduced,LongExtraDayReduced,"{""slot_on_"":""41845\/60000@m26""}",142,70,53,25,34,42,7,6,5,38,13,17,1,4,17,1,2,0,7,3,8,false,MAX,8,8,0,V2,0,3_5_fbios_PABUnityIAPiOSDefensiveBase,segment_tag_core_slot_prob_nu_29_06_var_a
68723,2026-04-13 06:51:33,3,1,6,attack,coin,spins,gold,1,false,150000000,11888690606801,51859,5,5,6000,11,1,0,0,1,0,136912,250000,76,0,54.8,bonus_bs15_gae1_no,107,700000,,,,,143,71,53,25,35,42,7,6,5,39,14,17,1,5,17,1,2,0,6,1,0,false,NORMAL,1,0,1,V2,0,3_5_fbios_PABUnityIAPiOSDefensiveBase,segment_tag_core_slot_prob_nu_29_06_var_a
68724,2026-04-13 06:51:35,1,1,4,coin,coin,steal,gold,1,false,300000000,11888990606801,45859,5,5,6000,11,0,1,0,0,0,136912,250000,76,0,54.8,bonus_bs15_gae1_no,107,700000,,,,,144,71,54,25,35,42,7,6,5,40,14,18,1,5,17,1,2,0,4,5,5,false,NORMAL,0,-1,1,V2,0,3_5_fbios_PABUnityIAPiOSDefensiveBase,segment_tag_core_slot_prob_nu_29_06_var_a
68725,2026-04-13 06:51:36,1,1,1,coin,coin,coin,gold,1,true,1500000000,11890490606801,39859,5,5,6000,11,0,0,0,0,0,136912,250000,76,0,54.8,bonus_bs15_gae1_no,107,700000,LongExtraDayReduced,,,"{""slot_on_"":""47845\/60000@m26""}",145,71,54,25,35,42,7,6,5,41,14,18,1,5,17,1,2,0,1,5,5,false,NORMAL,2,1,1,V2,0,3_5_fbios_PABUnityIAPiOSDefensiveBase,segment_tag_core_slot_prob_nu_29_06_var_a
68726,2026-04-13 06:51:38,30,2,2,accumulation,goldSack,goldSack,gold,1,false,900000000,11891390606801,33859,5,5,6000,11,0,0,0,0,1,142912,250000,76,6000,57.2,bonus_bs15_gae1_no,107,700000,,,,,146,71,54,25,35,43,7,6,5,42,14,18,1,5,18,1,2,0,7,7,8,false,MAX,9,8,1,V2,0,3_5_fbios_PABUnityIAPiOSDefensiveBase,segment_tag_core_slot_prob_nu_29_06_var_a
68727,2026-04-13 06:51:40,3,4,2,attack,steal,goldSack,gold,1,false,2000000000,11893390606801,13859,5,5,20000,0,1,1,0,0,0,142912,250000,76,0,57.2,bonus_bs15_gae1_no,107,700000,,LongExtraDayReduced,,"{""slot_on_"":""7845\/61000@m27""}",147,72,55,25,35,43,7,6,5,43,15,19,1,5,18,1,2,0,3,4,0,false,BIG,4,3,1,V2,0,3_5_fbios_PABUnityIAPiOSDefensiveBase,segment_tag_core_slot_prob_nu_29_06_var_a
68728,2026-04-13 06:51:49,30,2,2,accumulation,goldSack,goldSack,gold,1,false,150000,11893390756801,13858,5,5,1,7,0,0,0,0,1,142913,250000,76,1,57.2,bonus_bs15_gae1_no,107,700000,,,,,148,72,55,25,35,44,7,6,5,44,15,19,1,5,19,1,2,0,3,7,8,false,MAX,8,7,1,V2,0,3_5_fbios_PABUnityIAPiOSDefensiveBase,segment_tag_core_slot_prob_nu_29_06_var_a
68729,2026-04-13 06:51:58,1,1,4,coin,coin,steal,gold,1,false,75000000,11893465756801,12358,5,5,1500,7,0,1,0,0,0,142913,250000,76,0,57.2,bonus_bs15_gae1_no,107,700000,,,,,149,72,56,25,35,44,7,6,5,45,15,20,1,5,19,1,2,0,4,1,5,false,NORMAL,3,2,1,V2,0,3_5_fbios_PABUnityIAPiOSDefensiveBase,segment_tag_core_slot_prob_nu_29_06_var_a
68730,2026-04-13 06:51:59,1,6,6,coin,spins,spins,gold,1,false,37500000,11893503256801,10858,5,5,1500,7,0,0,0,2,0,142913,250000,76,0,57.2,bonus_bs15_gae1_no,107,700000,,,,,150,72,56,25,37,44,7,6,5,46,15,20,1,7,19,1,2,0,6,6,5,false,BIG,5,4,1,V2,0,3_5_fbios_PABUnityIAPiOSDefensiveBase,segment_tag_core_slot_prob_nu_29_06_var_a
68731,2026-04-13 06:52:00,3,3,3,attack,attack,attack,attack,2,true,0,11893503256801,9358,5,5,1500,7,3,0,0,0,0,142913,250000,76,0,57.2,bonus_bs15_gae1_no,107,700000,,,,,151,75,56,25,37,44,8,6,5,47,18,20,1,7,19,2,2,0,0,0,0,false,SMALL,-1,-2,1,V2,0,3_5_fbios_PABUnityIAPiOSDefensiveBase,segment_tag_core_slot_prob_nu_29_06_var_a
68732,2026-04-13 06:52:09,30,30,1,accumulation,accumulation,coin,gold,1,false,75000,11948503331801,9355,5,5,3,7,0,0,0,0,2,142919,250000,76,6,57.2,bonus_bs15_gae1_no,107,700000,,,,,152,75,56,25,37,46,8,6,5,48,18,20,1,7,21,2,2,0,5,8,8,false,NORMAL,1,0,1,V2,0,3_5_fbios_PABUnityIAPiOSDefensiveBase,segment_tag_core_slot_prob_nu_29_06_var_a
68733,2026-04-13 06:52:10,30,2,2,accumulation,goldSack,goldSack,gold,1,false,450000,11948503781801,9352,5,5,3,7,0,0,0,0,1,142922,250000,76,3,57.2,bonus_bs15_gae1_no,107,700000,,,,,153,75,56,25,37,47,8,6,5,49,18,20,1,7,22,2,2,0,7,3,8,false,MAX,10,8,2,V2,0,3_5_fbios_PABUnityIAPiOSDefensiveBase,segment_tag_core_slot_prob_nu_29_06_var_a
68734,2026-04-13 06:52:13,1,6,6,coin,spins,spins,gold,1,false,75000,11948503856801,9349,5,5,3,7,0,0,0,2,0,142922,250000,76,0,57.2,bonus_bs15_gae1_no,107,700000,,,,,154,75,56,25,39,47,8,6,5,50,18,20,1,9,22,2,2,0,6,6,1,false,MIN,-4,-3,-1,V2,0,3_5_fbios_PABUnityIAPiOSDefensiveBase,segment_tag_core_slot_prob_nu_29_06_var_a
68735,2026-04-13 06:52:15,30,30,1,accumulation,accumulation,coin,gold,1,false,75000,11948503931801,9346,5,5,3,7,0,0,0,0,2,142928,250000,76,6,57.2,bonus_bs15_gae1_no,107,700000,,,,,155,75,56,25,39,49,8,6,5,51,18,20,1,9,24,2,2,0,5,8,8,false,SMALL,-1,0,-1,V2,0,3_5_fbios_PABUnityIAPiOSDefensiveBase,segment_tag_core_slot_prob_nu_29_06_var_a
68736,2026-04-13 06:52:18,3,6,2,attack,spins,goldSack,gold,1,false,150000000,11948653931801,7846,5,5,1500,7,1,0,0,1,0,142928,250000,76,0,57.2,bonus_bs15_gae1_no,107,700000,,,,,156,76,56,25,40,49,8,6,5,52,19,20,1,10,24,2,2,0,7,6,0,false,SMALL,-1,-2,1,V2,0,3_5_fbios_PABUnityIAPiOSDefensiveBase,segment_tag_core_slot_prob_nu_29_06_var_a
68737,2026-04-13 06:52:20,1,1,4,coin,coin,steal,gold,1,false,75000000,11948728931801,6346,5,5,1500,7,0,1,0,0,0,142928,250000,76,0,57.2,bonus_bs15_gae1_no,107,700000,,,,,157,76,57,25,40,49,8,6,5,53,19,21,1,10,24,2,2,0,4,1,5,false,NORMAL,1,1,0,V2,0,3_5_fbios_PABUnityIAPiOSDefensiveBase,segment_tag_core_slot_prob_nu_29_06_var_a
68738,2026-04-13 06:52:21,4,4,4,steal,steal,steal,steal,4,true,0,11948728931801,4846,5,5,1500,7,0,3,0,0,0,142928,250000,76,0,57.2,bonus_bs15_gae1_no,107,700000,LongExtraDayReduced,,,"{""slot_on_"":""9345\/61000@m27""}",158,76,60,25,40,49,8,7,5,54,19,24,1,10,24,2,3,0,4,4,4,false,MIN,-4,-4,0,V2,0,3_5_fbios_PABUnityIAPiOSDefensiveBase,segment_tag_core_slot_prob_nu_29_06_var_a
68739,2026-04-13 06:52:29,1,1,4,coin,coin,steal,gold,1,false,150000,12095879081801,4843,5,5,3,7,0,1,0,0,0,142928,250000,76,0,57.2,bonus_bs15_gae1_no,107,700000,,,LongExtraDayReduced,"{""slot_on_"":""9348\/61000@m27""}",159,76,61,25,40,49,8,7,5,55,19,25,1,10,24,2,3,0,4,5,5,false,NORMAL,3,1,2,V2,0,3_5_fbios_PABUnityIAPiOSDefensiveBase,segment_tag_core_slot_prob_nu_29_06_var_a
68740,2026-04-13 06:52:30,3,6,2,attack,spins,goldSack,gold,1,false,300000,12095879381801,4840,5,5,3,7,1,0,0,1,0,142928,250000,76,0,57.2,bonus_bs15_gae1_no,107,700000,,LongExtraDayReduced,,"{""slot_on_"":""9351\/61000@m27""}",160,77,61,25,41,49,8,7,5,56,20,25,1,11,24,2,3,0,7,6,0,false,NORMAL,1,-2,3,V2,0,3_5_fbios_PABUnityIAPiOSDefensiveBase,segment_tag_core_slot_prob_nu_29_06_var_a
68741,2026-04-13 06:52:32,30,2,2,accumulation,goldSack,goldSack,gold,1,false,450000,12095879831801,4837,5,5,3,7,0,0,0,0,1,142931,250000,76,3,57.2,bonus_bs15_gae1_no,107,700000,,,,,161,77,61,25,41,50,8,7,5,57,20,25,1,11,25,2,3,0,3,7,8,false,MAX,10,6,4,V2,0,3_5_fbios_PABUnityIAPiOSDefensiveBase,segment_tag_core_slot_prob_nu_29_06_var_a
68742,2026-04-13 06:52:35,3,3,3,attack,attack,attack,attack,2,true,0,12095879831801,4637,5,5,200,7,3,0,0,0,0,142931,250000,76,0,57.2,bonus_bs15_gae1_no,107,700000,,,,,162,80,61,25,41,50,9,7,5,58,23,25,1,11,25,3,3,0,0,0,0,false,NORMAL,1,-2,3,V2,0,3_5_fbios_PABUnityIAPiOSDefensiveBase,segment_tag_core_slot_prob_nu_29_06_var_a
68743,2026-04-13 06:52:47,30,2,2,accumulation,goldSack,goldSack,gold,1,false,150000,12097199981801,4636,5,5,1,7,0,0,0,0,1,142932,250000,76,1,57.2,bonus_bs15_gae1_no,107,700000,LongExtraDayReduced,,,"{""slot_on_"":""9352\/61000@m27""}",163,80,61,25,41,51,9,7,5,59,23,25,1,11,26,3,3,0,3,7,8,false,BIG,7,6,1,V2,0,3_5_fbios_PABUnityIAPiOSDefensiveBase,segment_tag_core_slot_prob_nu_29_06_var_a
68744,2026-04-13 06:52:50,4,4,4,steal,steal,steal,steal,4,true,0,12097199981801,4633,5,5,3,7,0,3,0,0,0,142932,250000,76,0,57.2,bonus_bs15_gae1_no,107,700000,LongExtraDayReduced,,,"{""slot_on_"":""9355\/61000@m27""}",164,80,64,25,41,51,9,8,5,60,23,28,1,11,26,3,4,0,4,4,4,false,MIN,-3,-5,2,V2,0,3_5_fbios_PABUnityIAPiOSDefensiveBase,segment_tag_core_slot_prob_nu_29_06_var_a
68745,2026-04-13 06:52:56,2,2,2,goldSack,goldSack,goldSack,gold,1,true,5400000,12097662185801,4630,5,5,3,7,0,0,0,0,0,142932,250000,76,0,57.2,bonus_bs15_gae1_no,107,700000,,,,,165,80,64,25,41,51,9,8,5,61,23,28,1,11,26,3,4,0,7,3,3,false,MAX,9,6,3,V2,0,3_5_fbios_PABUnityIAPiOSDefensiveBase,segment_tag_core_slot_prob_nu_29_06_var_a
68746,2026-04-13 06:52:58,1,1,6,coin,coin,spins,gold,1,false,150000,12097662335801,4627,5,5,3,7,0,0,0,1,0,142932,250000,76,0,57.2,bonus_bs15_gae1_no,107,700000,,,,,166,80,64,25,42,51,9,8,5,62,23,28,1,12,26,3,4,0,6,1,1,false,SMALL,-2,-2,0,V2,0,3_5_fbios_PABUnityIAPiOSDefensiveBase,segment_tag_core_slot_prob_nu_29_06_var_a
68747,2026-04-13 06:52:59,1,4,6,coin,steal,spins,gold,1,false,75000,12097662410801,4624,5,5,3,7,0,1,0,1,0,142932,250000,76,0,57.2,bonus_bs15_gae1_no,107,700000,,,,,167,80,65,25,43,51,9,8,5,63,23,29,1,13,26,3,4,0,6,4,1,false,SMALL,-1,-1,0,V2,0,3_5_fbios_PABUnityIAPiOSDefensiveBase,segment_tag_core_slot_prob_nu_29_06_var_a
68748,2026-04-13 06:53:03,3,3,3,attack,attack,attack,attack,2,true,0,12097662410801,4574,5,5,50,7,3,0,0,0,0,142932,250000,76,0,57.2,bonus_bs15_gae1_no,107,700000,LongExtraDayReduced,LongExtraDayReduced,,"{""slot_on_"":""9455\/61000@m27""}",168,83,65,25,43,51,10,8,5,64,26,29,1,13,26,4,4,0,0,0,0,false,SMALL,-2,-2,0,V2,0,3_5_fbios_PABUnityIAPiOSDefensiveBase,segment_tag_core_slot_prob_nu_29_06_var_a
68749,2026-04-13 06:53:09,30,30,1,accumulation,accumulation,coin,gold,1,false,25000,12097992435801,4573,5,5,1,7,0,0,0,0,2,142934,250000,76,2,57.2,bonus_bs15_gae1_no,107,700000,,,,,169,83,65,25,43,53,10,8,5,65,26,29,1,13,28,4,4,0,5,8,8,false,NORMAL,1,0,1,V2,0,3_5_fbios_PABUnityIAPiOSDefensiveBase,segment_tag_core_slot_prob_nu_29_06_var_a
68750,2026-04-13 06:53:11,2,2,2,goldSack,goldSack,goldSack,gold,1,true,1800000,12097994235801,4572,5,5,1,7,0,0,0,0,0,142934,250000,76,0,57.2,bonus_bs15_gae1_no,107,700000,,,,,170,83,65,25,43,53,10,8,5,66,26,29,1,13,28,4,4,0,7,3,3,false,BIG,6,5,1,V2,0,3_5_fbios_PABUnityIAPiOSDefensiveBase,segment_tag_core_slot_prob_nu_29_06_var_a
68751,2026-04-13 06:53:12,3,1,5,attack,coin,shield,gold,1,false,25000,12097994260801,4571,5,5,1,7,1,0,1,0,0,142934,250000,76,0,57.2,bonus_bs15_gae1_no,107,700000,,,,,171,84,65,26,43,53,10,8,5,67,27,29,2,13,28,4,4,0,2,5,0,false,SMALL,-1,-2,1,V2,0,3_5_fbios_PABUnityIAPiOSDefensiveBase,segment_tag_core_slot_prob_nu_29_06_var_a
68752,2026-04-13 06:53:14,3,4,2,attack,steal,goldSack,gold,1,false,100000,12097994360801,4570,5,5,1,7,1,1,0,0,0,142934,250000,76,0,57.2,bonus_bs15_gae1_no,107,700000,LongExtraDayReduced,,,"{""slot_on_"":""9456\/61000@m27""}",172,85,66,26,43,53,10,8,5,68,28,30,2,13,28,4,4,0,3,4,0,false,BIG,4,3,1,V2,0,3_5_fbios_PABUnityIAPiOSDefensiveBase,segment_tag_core_slot_prob_nu_29_06_var_a
68753,2026-04-13 06:53:17,1,1,6,coin,coin,spins,gold,1,false,10000000,12098004360801,4370,5,5,200,7,0,0,0,1,0,142934,250000,76,0,57.2,bonus_bs15_gae1_no,107,700000,,,,,173,85,66,26,44,53,10,8,5,69,28,30,2,14,28,4,4,0,6,5,5,false,NORMAL,0,-1,1,V2,0,3_5_fbios_PABUnityIAPiOSDefensiveBase,segment_tag_core_slot_prob_nu_29_06_var_a
68754,2026-04-13 06:53:18,3,6,2,attack,spins,goldSack,gold,1,false,20000000,12098024360801,4170,5,5,200,7,1,0,0,1,0,142934,250000,76,0,57.2,bonus_bs15_gae1_no,107,700000,,LongExtraDayReduced,,"{""slot_on_"":""9656\/61000@m27""}",174,86,66,26,45,53,10,8,5,70,29,30,2,15,28,4,4,0,7,6,0,false,SMALL,-2,-2,0,V2,0,3_5_fbios_PABUnityIAPiOSDefensiveBase,segment_tag_core_slot_prob_nu_29_06_var_a
68755,2026-04-13 06:53:20,2,2,2,goldSack,goldSack,goldSack,gold,1,true,360000000,12098384360801,3970,5,5,200,7,0,0,0,0,0,142934,250000,76,0,57.2,bonus_bs15_gae1_no,107,700000,,,,,175,86,66,26,45,53,10,8,5,71,29,30,2,15,28,4,4,0,7,3,3,false,BIG,6,6,0,V2,0,3_5_fbios_PABUnityIAPiOSDefensiveBase,segment_tag_core_slot_prob_nu_29_06_var_a
68756,2026-04-13 06:53:22,30,30,30,accumulation,accumulation,accumulation,gold,10,true,0,12098384360801,3770,5,5,200,7,0,0,0,0,3,144934,250000,76,2000,58.0,bonus_bs15_gae1_no,107,700000,,LongExtraDayReduced,,"{""slot_on_"":""9856\/61000@m27""}",176,86,66,26,45,56,10,8,5,72,29,30,2,15,31,4,4,0,8,8,8,true,NORMAL,1,1,0,V2,0,3_5_fbios_PABUnityIAPiOSDefensiveBase,segment_tag_core_slot_prob_nu_29_06_var_a
68757,2026-04-13 06:53:24,3,4,2,attack,steal,goldSack,gold,1,false,20000000,12098404360801,3570,5,5,200,7,1,1,0,0,0,144934,250000,76,0,58.0,bonus_bs15_gae1_no,107,700000,,,,,1,1,1,0,0,0,0,0,0,73,30,31,2,15,31,4,4,0,3,4,0,false,NORMAL,3,2,1,V2,0,3_5_fbios_PABUnityIAPiOSDefensiveBase,segment_tag_core_slot_prob_nu_29_06_var_a
68758,2026-04-13 06:53:26,3,4,2,attack,steal,goldSack,gold,1,false,20000000,12098424360801,3370,5,5,200,7,1,1,0,0,0,144934,250000,76,0,58.0,bonus_bs15_gae1_no,107,700000,,LongExtraDayReduced,LongExtraDayReduced,"{""slot_on_"":""10256\/61000@m27""}",2,2,2,0,0,0,0,0,0,74,31,32,2,15,31,4,4,0,3,4,0,false,BIG,5,5,0,V2,0,3_5_fbios_PABUnityIAPiOSDefensiveBase,segment_tag_core_slot_prob_nu_29_06_var_a
68759,2026-04-13 06:53:27,1,1,6,coin,coin,spins,gold,1,false,10000000,12098434360801,3170,5,5,200,7,0,0,0,1,0,144934,250000,76,0,58.0,bonus_bs15_gae1_no,107,700000,,,,,3,2,2,0,1,0,0,0,0,75,31,32,2,16,31,4,4,0,6,5,5,false,SMALL,-1,-1,0,V2,0,3_5_fbios_PABUnityIAPiOSDefensiveBase,segment_tag_core_slot_prob_nu_29_06_var_a
68760,2026-04-13 06:53:29,3,3,3,attack,attack,attack,attack,2,true,0,12098434360801,2570,5,5,600,7,3,0,0,0,0,144934,250000,76,0,58.0,bonus_bs15_gae1_no,107,700000,,,,,4,5,2,0,1,0,1,0,0,76,34,32,2,16,31,5,4,0,0,0,0,false,SMALL,-2,-2,0,V2,0,3_5_fbios_PABUnityIAPiOSDefensiveBase,segment_tag_core_slot_prob_nu_29_06_var_a
68761,2026-04-13 06:53:39,5,5,5,shield,shield,shield,shield,3,true,15,12111634360801,2570,5,5,15,7,0,0,3,0,0,144934,250000,76,0,58.0,bonus_bs15_gae1_no,107,700000,,,,,5,5,2,3,1,0,1,0,1,77,34,32,5,16,31,5,4,1,2,2,2,false,SMALL,-1,-1,0,V2,0,3_5_fbios_PABUnityIAPiOSDefensiveBase,segment_tag_core_slot_prob_nu_29_06_var_a
68762,2026-04-13 06:53:40,30,2,2,accumulation,goldSack,goldSack,gold,1,false,2250000,12111636610801,2555,5,5,15,7,0,0,0,0,1,144949,250000,76,15,58.0,bonus_bs15_gae1_no,107,700000,,,,,6,5,2,3,1,1,1,0,1,78,34,32,5,16,32,5,4,1,7,7,8,false,BIG,6,6,0,V2,0,3_5_fbios_PABUnityIAPiOSDefensiveBase,segment_tag_core_slot_prob_nu_29_06_var_a
68763,2026-04-13 06:53:42,6,6,6,spins,spins,spins,spins,5,true,150,12111636610801,2690,5,5,15,7,0,0,0,3,0,144949,250000,76,0,58.0,bonus_bs15_gae1_no,107,700000,,,,,7,5,2,3,4,1,1,0,1,79,34,32,5,19,32,5,4,1,6,6,6,true,NORMAL,1,0,1,V2,0,3_5_fbios_PABUnityIAPiOSDefensiveBase,segment_tag_core_slot_prob_nu_29_06_var_a
68764,2026-04-13 06:53:43,30,2,2,accumulation,goldSack,goldSack,gold,1,false,2250000,12111638860801,2675,5,5,15,7,0,0,0,0,1,144964,250000,76,15,58.0,bonus_bs15_gae1_no,107,700000,,,,,8,5,2,3,4,2,1,0,1,1,0,0,0,0,1,0,0,0,7,3,8,false,BIG,7,6,1,V2,0,3_5_fbios_PABUnityIAPiOSDefensiveBase,segment_tag_core_slot_prob_nu_29_06_var_a
68765,2026-04-13 06:53:45,3,3,3,attack,attack,attack,attack,2,true,0,12111638860801,2660,5,5,15,7,3,0,0,0,0,144964,250000,76,0,58.0,bonus_bs15_gae1_no,107,700000,,,,,9,8,2,3,4,2,2,0,1,2,3,0,0,0,1,1,0,0,0,0,0,false,SMALL,-1,-2,1,V2,0,3_5_fbios_PABUnityIAPiOSDefensiveBase,segment_tag_core_slot_prob_nu_29_06_var_a
68766,2026-04-13 06:53:49,30,30,30,accumulation,accumulation,accumulation,gold,10,true,0,12111737860801,2645,5,5,15,7,0,0,0,0,3,145114,250000,76,150,58.0,bonus_bs15_gae1_no,107,700000,LongExtraDayReduced,LongExtraDayReduced,,"{""slot_on_"":""10286\/61000@m27""}",10,8,2,3,4,5,2,0,1,3,3,0,0,0,4,1,0,0,8,8,8,true,NORMAL,3,1,2,V2,0,3_5_fbios_PABUnityIAPiOSDefensiveBase,segment_tag_core_slot_prob_nu_29_06_var_a
68767,2026-04-13 06:53:51,4,4,4,steal,steal,steal,steal,4,true,0,12111737860801,2630,5,5,15,7,0,3,0,0,0,145114,250000,76,0,58.0,bonus_bs15_gae1_no,107,700000,LongExtraDayReduced,,,"{""slot_on_"":""10301\/61000@m27""}",1,0,3,0,0,0,0,1,0,4,3,3,0,0,4,1,1,0,4,4,4,false,MIN,-3,-6,3,V2,0,3_5_fbios_PABUnityIAPiOSDefensiveBase,segment_tag_core_slot_prob_nu_29_06_var_a
68768,2026-04-13 06:53:59,3,4,2,attack,steal,goldSack,gold,1,false,20000000,12114651720801,2430,5,5,200,7,1,1,0,0,0,145114,250000,76,0,58.0,bonus_bs15_gae1_no,107,700000,,,LongExtraDayReduced,"{""slot_on_"":""10501\/61000@m27""}",2,1,4,0,0,0,0,1,0,5,4,4,0,0,4,1,1,0,7,4,0,false,BIG,4,0,4,V2,0,3_5_fbios_PABUnityIAPiOSDefensiveBase,segment_tag_core_slot_prob_nu_29_06_var_a
68769,2026-04-13 06:54:00,3,4,2,attack,steal,goldSack,gold,1,false,20000000,12114671720801,2230,5,5,200,7,1,1,0,0,0,145114,250000,76,0,58.0,bonus_bs15_gae1_no,107,700000,,,,,3,2,5,0,0,0,0,1,0,6,5,5,0,0,4,1,1,0,3,4,0,false,MAX,8,4,4,V2,0,3_5_fbios_PABUnityIAPiOSDefensiveBase,segment_tag_core_slot_prob_nu_29_06_var_a
68770,2026-04-13 06:54:01,30,30,1,accumulation,accumulation,coin,gold,1,false,5000000,12114676720801,2030,5,5,200,7,0,0,0,0,2,145514,250000,76,400,58.2,bonus_bs15_gae1_no,107,700000,,LongExtraDayReduced,,"{""slot_on_"":""10701\/61000@m27""}",4,2,5,0,0,2,0,1,0,7,5,5,0,0,6,1,1,0,5,8,8,false,NORMAL,3,0,3,V2,0,3_5_fbios_PABUnityIAPiOSDefensiveBase,segment_tag_core_slot_prob_nu_29_06_var_a
68771,2026-04-13 06:54:03,2,2,2,goldSack,goldSack,goldSack,gold,1,true,1080000000,12115756720801,1430,5,5,600,7,0,0,0,0,0,145514,250000,76,0,58.2,bonus_bs15_gae1_no,107,700000,,LongExtraDayReduced,,"{""slot_on_"":""11301\/61000@m27""}",5,2,5,0,0,2,0,1,0,8,5,5,0,0,6,1,1,0,3,3,3,false,BIG,6,3,3,V2,0,3_5_fbios_PABUnityIAPiOSDefensiveBase,segment_tag_core_slot_prob_nu_29_06_var_a
68772,2026-04-13 06:54:05,30,2,2,accumulation,goldSack,goldSack,gold,1,false,90000000,12115846720801,830,5,5,600,7,0,0,0,0,1,146114,250000,76,600,58.4,bonus_bs15_gae1_no,107,700000,,,,,6,2,5,0,0,3,0,1,0,9,5,5,0,0,7,1,1,0,3,3,8,false,BIG,6,5,1,V2,0,3_5_fbios_PABUnityIAPiOSDefensiveBase,segment_tag_core_slot_prob_nu_29_06_var_a
68773,2026-04-13 06:54:06,4,4,2,steal,steal,goldSack,gold,1,false,60000000,12115906720801,230,5,5,600,0,0,2,0,0,0,146114,250000,76,0,58.4,bonus_bs15_gae1_no,107,700000,,,,,7,2,7,0,0,3,0,1,0,10,5,7,0,0,7,1,1,0,3,4,4,false,BIG,5,3,2,V2,0,3_5_fbios_PABUnityIAPiOSDefensiveBase,segment_tag_core_slot_prob_nu_29_06_var_a
68774,2026-04-13 14:18:20,5,5,5,shield,shield,shield,shield,3,true,1,12115595812801,380,5,5,1,2,0,0,3,0,0,146114,250000,76,0,58.4,bonus_ds25_gae1_no,107,700000,,,,,8,2,7,3,0,3,0,1,1,11,5,7,3,0,7,1,1,1,2,2,2,false,SMALL,-2,-2,0,V2,0,3_5_fbios_PABUnityIAPiOSDefensiveBase,segment_tag_core_slot_prob_nu_29_06_var_a
68775,2026-04-13 14:18:26,30,2,2,accumulation,goldSack,goldSack,gold,1,false,150000,12115595962801,379,5,5,1,2,0,0,0,0,1,146115,250000,76,1,58.4,bonus_ds25_gae1_no,107,700000,,,,,9,2,7,3,0,4,0,1,1,12,5,7,3,0,8,1,1,1,7,7,8,false,BIG,7,6,1,V2,0,3_5_fbios_PABUnityIAPiOSDefensiveBase,segment_tag_core_slot_prob_nu_29_06_var_a
68776,2026-04-13 14:18:31,30,2,2,accumulation,goldSack,goldSack,gold,1,false,7500000,12115603462801,329,5,5,50,2,0,0,0,0,1,146165,250000,76,50,58.5,bonus_ds25_gae1_no,107,700000,,,,,10,2,7,3,0,5,0,1,1,13,5,7,3,0,9,1,1,1,3,3,8,false,BIG,7,6,1,V2,0,3_5_fbios_PABUnityIAPiOSDefensiveBase,segment_tag_core_slot_prob_nu_29_06_var_a
68777,2026-04-13 14:18:35,1,4,6,coin,steal,spins,gold,1,false,1250000,12115604712801,279,5,5,50,2,0,1,0,1,0,146165,250000,76,0,58.5,bonus_ds25_gae1_no,107,700000,,,,,11,2,8,3,1,5,0,1,1,14,5,8,3,1,9,1,1,1,6,4,5,false,BIG,5,5,0,V2,0,3_5_fbios_PABUnityIAPiOSDefensiveBase,segment_tag_core_slot_prob_nu_29_06_var_a
68778,2026-04-13 14:18:37,1,6,6,coin,spins,spins,gold,1,false,1250000,12115605962801,229,5,5,50,2,0,0,0,2,0,146165,250000,76,0,58.5,bonus_ds25_gae1_no,107,700000,,,,,12,2,8,3,3,5,0,1,1,15,5,8,3,3,9,1,1,1,6,6,5,false,BIG,5,5,0,V2,0,3_5_fbios_PABUnityIAPiOSDefensiveBase,segment_tag_core_slot_prob_nu_29_06_var_a
68779,2026-04-13 14:18:39,1,6,6,coin,spins,spins,gold,1,false,1250000,12115607212801,179,5,5,50,2,0,0,0,2,0,146165,250000,76,0,58.5,bonus_ds25_gae1_no,107,700000,,,,,13,2,8,3,5,5,0,1,1,16,5,8,3,5,9,1,1,1,6,6,1,false,MIN,-5,-2,-3,V2,0,3_5_fbios_PABUnityIAPiOSDefensiveBase,segment_tag_core_slot_prob_nu_29_06_var_a
68780,2026-04-13 14:18:43,3,1,1,attack,coin,coin,gold,1,false,2500000,12115609712801,129,5,5,50,2,1,0,0,0,0,146165,250000,76,0,58.5,bonus_ds25_gae1_no,107,700000,,,,,14,3,8,3,5,5,0,1,1,17,6,8,3,5,9,1,1,1,1,1,0,false,MIN,-3,0,-3,V2,0,3_5_fbios_PABUnityIAPiOSDefensiveBase,segment_tag_core_slot_prob_nu_29_06_var_a
68781,2026-04-13 14:18:45,3,3,3,attack,attack,attack,attack,2,true,0,12115609712801,110,5,5,50,2,3,0,0,0,0,146165,250000,76,0,58.5,bonus_ds25_gae1_no,107,700000,,,,,15,6,8,3,5,5,1,1,1,18,9,8,3,5,9,2,1,1,0,0,0,false,SMALL,-1,-1,0,V2,0,3_5_fbios_PABUnityIAPiOSDefensiveBase,segment_tag_core_slot_prob_nu_29_06_var_a
68782,2026-04-13 14:19:00,3,1,1,attack,coin,coin,gold,1,false,2500000,12115942212801,60,5,5,50,2,1,0,0,0,0,146165,250000,76,0,58.5,bonus_ds25_gae1_no,107,700000,,,,,16,7,8,3,5,5,1,1,1,19,10,8,3,5,9,2,1,1,1,5,0,false,SMALL,-1,-1,0,V2,0,3_5_fbios_PABUnityIAPiOSDefensiveBase,segment_tag_core_slot_prob_nu_29_06_var_a
68783,2026-04-13 14:19:03,3,6,2,attack,spins,goldSack,gold,1,false,5000000,12115947212801,10,5,5,50,0,1,0,0,1,0,146165,250000,76,0,58.5,bonus_ds25_gae1_no,107,700000,,,,,17,8,8,3,6,5,1,1,1,20,11,8,3,6,9,2,1,1,7,6,0,false,SMALL,-1,-1,0,V2,0,3_5_fbios_PABUnityIAPiOSDefensiveBase,segment_tag_core_slot_prob_nu_29_06_var_a
68784,2026-04-13 15:55:32,4,6,2,steal,spins,goldSack,gold,1,false,300000,12115911776301,113,5,5,3,2,0,1,0,1,0,0,7,0,0,0.0,,107,700000,,,,,18,8,9,3,7,5,1,1,1,21,11,9,3,7,9,2,1,1,3,6,4,false,NORMAL,2,2,0,V2,0,3_5_fbios_PABUnityIAPiOSDefensiveBase,segment_tag_core_slot_prob_nu_29_06_var_a
68785,2026-04-13 18:24:41,30,2,2,accumulation,goldSack,goldSack,gold,1,false,450000,42573716601,106247,5,5,3,10,0,0,0,0,1,3,7,0,0,42.9,,107,700000,,,,,1,0,0,0,0,1,0,0,0,1,0,0,0,0,1,0,0,0,7,3,8,false,BIG,7,7,0,V2,0,3_5_fbios_PABUnityIAPiOSDefensiveBase,segment_tag_core_slot_prob_nu_29_06_var_a
68786,2026-04-13 18:24:42,4,6,2,steal,spins,goldSack,gold,1,false,300000,42574016601,106244,5,5,3,10,0,1,0,1,0,3,7,0,0,42.9,,107,700000,,,,,2,0,1,0,1,1,0,0,0,2,0,1,0,1,1,0,0,0,3,6,4,false,NORMAL,3,1,2,V2,0,3_5_fbios_PABUnityIAPiOSDefensiveBase,segment_tag_core_slot_prob_nu_29_06_var_a
68787,2026-04-13 18:24:43,3,1,5,attack,coin,shield,gold,1,false,75000,42574091601,106241,5,5,3,10,1,0,1,0,0,3,7,0,0,42.9,,107,700000,,,,,3,1,1,1,1,1,0,0,0,3,1,1,1,1,1,0,0,0,2,5,0,false,NORMAL,0,-2,2,V2,0,3_5_fbios_PABUnityIAPiOSDefensiveBase,segment_tag_core_slot_prob_nu_29_06_var_a
68788,2026-04-13 18:24:44,3,3,1,attack,attack,coin,gold,1,false,75000,42574166601,106238,5,5,3,10,2,0,0,0,0,3,7,0,0,42.9,,107,700000,,,,"{""820004c2"":""6\/350@m0""}",4,3,1,1,1,1,0,0,0,4,3,1,1,1,1,0,0,0,1,0,0,false,NORMAL,1,-1,2,V2,0,3_5_fbios_PABUnityIAPiOSDefensiveBase,segment_tag_core_slot_prob_nu_29_06_var_a
68789,2026-04-13 18:24:44,3,3,1,attack,attack,coin,gold,1,false,75000,42574241601,106235,5,5,3,10,2,0,0,0,0,3,7,0,0,42.9,,107,700000,,,,,5,5,1,1,1,1,0,0,0,5,5,1,1,1,1,0,0,0,1,0,0,false,NORMAL,3,1,2,V2,0,3_5_fbios_PABUnityIAPiOSDefensiveBase,segment_tag_core_slot_prob_nu_29_06_var_a
68790,2026-04-13 18:24:45,30,30,30,accumulation,accumulation,accumulation,gold,10,true,0,42574241601,106232,5,5,3,10,0,0,0,0,3,11,25,2,0,44.0,,107,700000,,,,,6,5,1,1,1,4,0,0,0,6,5,1,1,1,4,0,0,0,8,8,8,true,BIG,5,1,4,V2,0,3_5_fbios_PABUnityIAPiOSDefensiveBase,segment_tag_core_slot_prob_nu_29_06_var_a
68791,2026-04-13 18:24:48,30,2,2,accumulation,goldSack,goldSack,gold,1,false,450000,42574691601,106349,5,5,3,10,0,0,0,0,1,14,25,2,3,56.0,,107,700000,,,,,1,0,0,0,0,1,0,0,0,7,5,1,1,1,5,0,0,0,3,3,8,false,BIG,7,4,3,V2,0,3_5_fbios_PABUnityIAPiOSDefensiveBase,segment_tag_core_slot_prob_nu_29_06_var_a
68792,2026-04-13 18:24:50,3,1,1,attack,coin,coin,gold,1,false,150000,42574841601,106346,5,5,3,10,1,0,0,0,0,14,25,2,0,56.0,,107,700000,,,,"{""820004c2"":""12\/350@m0""}",1,1,0,0,0,0,0,0,0,1,1,0,0,0,0,0,0,0,1,5,0,false,SMALL,-1,-2,1,V2,0,3_5_fbios_PABUnityIAPiOSDefensiveBase,segment_tag_core_slot_prob_nu_29_06_var_a
68793,2026-04-13 18:24:51,4,6,2,steal,spins,goldSack,gold,1,false,300000,42575141601,106343,5,5,3,10,0,1,0,1,0,14,25,2,0,56.0,,107,700000,,,,,2,1,1,0,1,0,0,0,0,2,1,1,0,1,0,0,0,0,3,6,4,false,NORMAL,3,1,2,V2,0,3_5_fbios_PABUnityIAPiOSDefensiveBase,segment_tag_core_slot_prob_nu_29_06_var_a
68794,2026-04-13 18:24:52,4,6,2,steal,spins,goldSack,gold,1,false,300000,42575441601,106340,5,5,3,10,0,1,0,1,0,14,25,2,0,56.0,,107,700000,,,,"{""68171e9b"":""3\/10@m0""}",3,1,2,0,2,0,0,0,0,3,1,2,0,2,0,0,0,0,3,6,4,false,MAX,9,4,5,V2,0,3_5_fbios_PABUnityIAPiOSDefensiveBase,segment_tag_core_slot_prob_nu_29_06_var_a
68795,2026-04-13 18:24:53,3,1,1,attack,coin,coin,gold,1,false,150000,42575591601,106337,5,5,3,10,1,0,0,0,0,14,25,2,0,56.0,,107,700000,,,,,4,2,2,0,2,0,0,0,0,4,2,2,0,2,0,0,0,0,5,1,0,false,BIG,4,0,4,V2,0,3_5_fbios_PABUnityIAPiOSDefensiveBase,segment_tag_core_slot_prob_nu_29_06_var_a
68796,2026-04-13 18:24:53,30,30,1,accumulation,accumulation,coin,gold,1,false,75000,42575666601,106334,5,5,3,10,0,0,0,0,2,20,25,2,6,80.0,,107,700000,,,,,5,2,2,0,2,2,0,0,0,5,2,2,0,2,2,0,0,0,1,8,8,false,BIG,6,1,5,V2,0,3_5_fbios_PABUnityIAPiOSDefensiveBase,segment_tag_core_slot_prob_nu_29_06_var_a
68797,2026-04-13 18:24:54,3,4,2,attack,steal,goldSack,gold,1,false,300000,42575966601,106331,5,5,3,10,1,1,0,0,0,20,25,2,0,80.0,,107,700000,,,,,6,3,3,0,2,2,0,0,0,6,3,3,0,2,2,0,0,0,3,4,0,false,MAX,8,3,5,V2,0,3_5_fbios_PABUnityIAPiOSDefensiveBase,segment_tag_core_slot_prob_nu_29_06_var_a
68798,2026-04-13 18:24:55,30,2,2,accumulation,goldSack,goldSack,gold,1,false,450000,42576416601,106328,5,5,3,10,0,0,0,0,1,23,25,2,3,92.0,,107,700000,,,,"{""68171e9b"":""6\/10@m0""}",7,3,3,0,2,3,0,0,0,7,3,3,0,2,3,0,0,0,3,3,8,false,MAX,9,5,4,V2,0,3_5_fbios_PABUnityIAPiOSDefensiveBase,segment_tag_core_slot_prob_nu_29_06_var_a
68799,2026-04-13 18:24:57,1,1,1,coin,coin,coin,gold,1,true,750000,42577166601,106325,5,5,3,10,0,0,0,0,0,23,25,2,0,92.0,,107,700000,,,,,8,3,3,0,2,3,0,0,0,8,3,3,0,2,3,0,0,0,1,1,5,false,BIG,4,2,2,V2,0,3_5_fbios_PABUnityIAPiOSDefensiveBase,segment_tag_core_slot_prob_nu_29_06_var_a
68800,2026-04-13 18:24:57,3,1,1,attack,coin,coin,gold,1,false,150000,42577316601,106322,5,5,3,10,1,0,0,0,0,23,25,2,0,92.0,,107,700000,,,,,9,4,3,0,2,3,0,0,0,9,4,3,0,2,3,0,0,0,1,5,0,false,NORMAL,0,-1,1,V2,0,3_5_fbios_PABUnityIAPiOSDefensiveBase,segment_tag_core_slot_prob_nu_29_06_var_a
68801,2026-04-13 18:24:58,30,2,2,accumulation,goldSack,goldSack,gold,1,false,450000,42577766601,106319,5,5,3,10,0,0,0,0,1,1,90,3,0,1.1,bonus_bs15_gae1_no,107,700000,,,,,10,4,3,0,2,4,0,0,0,10,4,3,0,2,4,0,0,0,3,7,8,false,BIG,7,6,1,V2,0,3_5_fbios_PABUnityIAPiOSDefensiveBase,segment_tag_core_slot_prob_nu_29_06_var_a
68802,2026-04-13 18:25:01,3,4,2,attack,steal,goldSack,gold,1,false,300000,42578066601,106316,5,5,3,10,1,1,0,0,0,1,90,3,0,1.1,bonus_bs15_gae1_no,107,700000,,,,,11,5,4,0,2,4,0,0,0,11,5,4,0,2,4,0,0,0,7,4,0,false,NORMAL,0,-1,1,V2,0,3_5_fbios_PABUnityIAPiOSDefensiveBase,segment_tag_core_slot_prob_nu_29_06_var_a
68803,2026-04-13 18:25:03,30,2,2,accumulation,goldSack,goldSack,gold,1,false,450000,42578516601,106313,5,5,3,10,0,0,0,0,1,4,90,3,3,4.4,bonus_bs15_gae1_no,107,700000,,,,,12,5,4,0,2,5,0,0,0,12,5,4,0,2,5,0,0,0,7,3,8,false,MAX,9,8,1,V2,0,3_5_fbios_PABUnityIAPiOSDefensiveBase,segment_tag_core_slot_prob_nu_29_06_var_a
68804,2026-04-13 18:25:05,3,3,3,attack,attack,attack,attack,2,true,0,42578516601,106310,5,5,3,10,3,0,0,0,0,4,90,3,0,4.4,bonus_bs15_gae1_no,107,700000,,,,,13,8,4,0,2,5,1,0,0,13,8,4,0,2,5,1,0,0,0,0,0,false,SMALL,-1,-2,1,V2,0,3_5_fbios_PABUnityIAPiOSDefensiveBase,segment_tag_core_slot_prob_nu_29_06_var_a
68805,2026-04-13 18:25:11,3,6,2,attack,spins,goldSack,gold,1,false,300000,42656816601,106307,5,5,3,10,1,0,0,1,0,4,90,3,0,4.4,bonus_bs15_gae1_no,107,700000,,,,,14,9,4,0,3,5,1,0,0,14,9,4,0,3,5,1,0,0,3,6,0,false,BIG,4,3,1,V2,0,3_5_fbios_PABUnityIAPiOSDefensiveBase,segment_tag_core_slot_prob_nu_29_06_var_a
68806,2026-04-13 18:25:12,1,4,4,coin,steal,steal,gold,1,false,75000,42656891601,106304,5,5,3,10,0,2,0,0,0,4,90,3,0,4.4,bonus_bs15_gae1_no,107,700000,,,,,15,9,6,0,3,5,1,0,0,15,9,6,0,3,5,1,0,0,4,4,1,false,MIN,-6,-4,-2,V2,0,3_5_fbios_PABUnityIAPiOSDefensiveBase,segment_tag_core_slot_prob_nu_29_06_var_a
68807,2026-04-13 18:25:13,30,2,2,accumulation,goldSack,goldSack,gold,1,false,450000,42657341601,106301,5,5,3,10,0,0,0,0,1,7,90,3,3,7.8,bonus_bs15_gae1_no,107,700000,,,,,16,9,6,0,3,6,1,0,0,16,9,6,0,3,6,1,0,0,3,3,8,false,NORMAL,2,4,-2,V2,0,3_5_fbios_PABUnityIAPiOSDefensiveBase,segment_tag_core_slot_prob_nu_29_06_var_a
68808,2026-04-13 18:25:14,3,1,1,attack,coin,coin,gold,1,false,150000,42657491601,106298,5,5,3,10,1,0,0,0,0,7,90,3,0,7.8,bonus_bs15_gae1_no,107,700000,,,,"{""68171e9b"":""9\/10@m0""}",17,10,6,0,3,6,1,0,0,17,10,6,0,3,6,1,0,0,5,1,0,false,SMALL,-2,-1,-1,V2,0,3_5_fbios_PABUnityIAPiOSDefensiveBase,segment_tag_core_slot_prob_nu_29_06_var_a
68809,2026-04-13 18:25:16,1,5,5,coin,shield,shield,gold,1,false,1250000,42658741601,106248,5,5,50,10,0,0,2,0,0,7,90,3,0,7.8,bonus_bs15_gae1_no,107,700000,,,,,18,10,6,2,3,6,1,0,0,18,10,6,2,3,6,1,0,0,2,2,1,false,MIN,-6,-3,-3,V2,0,3_5_fbios_PABUnityIAPiOSDefensiveBase,segment_tag_core_slot_prob_nu_29_06_var_a
68810,2026-04-13 18:25:17,1,4,4,coin,steal,steal,gold,1,false,1250000,42659991601,106198,5,5,50,10,0,2,0,0,0,7,90,3,0,7.8,bonus_bs15_gae1_no,107,700000,,,,,19,10,8,2,3,6,1,0,0,19,10,8,2,3,6,1,0,0,4,4,5,false,MIN,-4,-1,-3,V2,0,3_5_fbios_PABUnityIAPiOSDefensiveBase,segment_tag_core_slot_prob_nu_29_06_var_a
68811,2026-04-13 18:25:18,5,2,2,shield,goldSack,goldSack,gold,1,false,7500000,42667491601,106148,5,5,50,10,0,0,1,0,0,7,90,3,0,7.8,bonus_bs15_gae1_no,107,700000,,,,"{""820004c2"":""112\/350@m0""}",20,10,8,3,3,6,1,0,0,20,10,8,3,3,6,1,0,0,7,7,2,false,BIG,4,5,-1,V2,0,3_5_fbios_PABUnityIAPiOSDefensiveBase,segment_tag_core_slot_prob_nu_29_06_var_a
68812,2026-04-13 18:25:19,1,6,6,coin,spins,spins,gold,1,false,1250000,42668741601,106098,5,5,50,10,0,0,0,2,0,7,90,3,0,7.8,bonus_bs15_gae1_no,107,700000,,,,,21,10,8,3,5,6,1,0,0,21,10,8,3,5,6,1,0,0,6,6,5,false,NORMAL,1,1,0,V2,0,3_5_fbios_PABUnityIAPiOSDefensiveBase,segment_tag_core_slot_prob_nu_29_06_var_a
68813,2026-04-13 18:25:21,4,4,4,steal,steal,steal,steal,4,true,0,42668741601,106048,5,5,50,10,0,3,0,0,0,7,90,3,0,7.8,bonus_bs15_gae1_no,107,700000,,,,,22,10,11,3,5,6,1,1,0,22,10,11,3,5,6,1,1,0,4,4,4,false,MIN,-5,-5,0,V2,0,3_5_fbios_PABUnityIAPiOSDefensiveBase,segment_tag_core_slot_prob_nu_29_06_var_a
68814,2026-04-13 18:25:35,30,2,2,accumulation,goldSack,goldSack,gold,1,false,7500000,44316241601,105998,5,5,50,10,0,0,0,0,1,57,90,3,50,63.3,bonus_bs15_gae1_no,107,700000,,,,"{""68171e9b"":""49\/50@m1""}",23,10,11,3,5,7,1,1,0,23,10,11,3,5,7,1,1,0,3,3,8,false,BIG,7,5,2,V2,0,3_5_fbios_PABUnityIAPiOSDefensiveBase,segment_tag_core_slot_prob_nu_29_06_var_a
68815,2026-04-13 18:25:40,1,1,1,coin,coin,coin,gold,1,true,750000,44316991601,105995,5,5,3,10,0,0,0,0,0,57,90,3,0,63.3,bonus_bs15_gae1_no,107,700000,,,,,24,10,11,3,5,7,1,1,0,24,10,11,3,5,7,1,1,0,5,1,5,false,NORMAL,3,1,2,V2,0,3_5_fbios_PABUnityIAPiOSDefensiveBase,segment_tag_core_slot_prob_nu_29_06_var_a
68816,2026-04-13 18:25:40,4,6,2,steal,spins,goldSack,gold,1,false,300000,44317291601,105992,5,5,3,10,0,1,0,1,0,57,90,3,0,63.3,bonus_bs15_gae1_no,107,700000,,,,"{""c8bff241"":""6\/350@m0""}",25,10,12,3,6,7,1,1,0,25,10,12,3,6,7,1,1,0,3,6,4,false,BIG,5,1,4,V2,0,3_5_fbios_PABUnityIAPiOSDefensiveBase,segment_tag_core_slot_prob_nu_29_06_var_a
68817,2026-04-13 18:25:41,3,1,1,attack,coin,coin,gold,1,false,150000,44317441601,105989,5,5,3,10,1,0,0,0,0,57,90,3,0,63.3,bonus_bs15_gae1_no,107,700000,,,,,26,11,12,3,6,7,1,1,0,26,11,12,3,6,7,1,1,0,1,1,0,false,BIG,5,1,4,V2,0,3_5_fbios_PABUnityIAPiOSDefensiveBase,segment_tag_core_slot_prob_nu_29_06_var_a
68818,2026-04-13 18:25:43,2,2,2,goldSack,goldSack,goldSack,gold,1,true,6000000,44323441601,105986,5,5,3,10,0,0,0,0,0,57,90,3,0,63.3,bonus_bs15_gae1_no,107,700000,,,,"{""820004c2"":""118\/350@m0""}",27,11,12,3,6,7,1,1,0,27,11,12,3,6,7,1,1,0,3,7,3,false,MAX,8,5,3,V2,0,3_5_fbios_PABUnityIAPiOSDefensiveBase,segment_tag_core_slot_prob_nu_29_06_var_a
68819,2026-04-13 18:25:44,3,3,3,attack,attack,attack,attack,2,true,0,44323441601,105983,5,5,3,10,3,0,0,0,0,57,90,3,0,63.3,bonus_bs15_gae1_no,107,700000,,,,"{""68171e9b"":""2\/140@m2""}",28,14,12,3,6,7,2,1,0,28,14,12,3,6,7,2,1,0,0,0,0,false,NORMAL,1,-2,3,V2,0,3_5_fbios_PABUnityIAPiOSDefensiveBase,segment_tag_core_slot_prob_nu_29_06_var_a
68820,2026-04-13 18:25:50,3,3,1,attack,attack,coin,gold,1,false,75000,44401516601,105980,5,5,3,10,2,0,0,0,0,57,90,3,0,63.3,bonus_bs15_gae1_no,107,700000,,,,,29,16,12,3,6,7,2,1,0,29,16,12,3,6,7,2,1,0,1,0,0,false,NORMAL,3,0,3,V2,0,3_5_fbios_PABUnityIAPiOSDefensiveBase,segment_tag_core_slot_prob_nu_29_06_var_a
68821,2026-04-13 18:25:51,4,6,2,steal,spins,goldSack,gold,1,false,300000,44401816601,105977,5,5,3,10,0,1,0,1,0,57,90,3,0,63.3,bonus_bs15_gae1_no,107,700000,,,,,30,16,13,3,7,7,2,1,0,30,16,13,3,7,7,2,1,0,7,6,4,false,NORMAL,3,1,2,V2,0,3_5_fbios_PABUnityIAPiOSDefensiveBase,segment_tag_core_slot_prob_nu_29_06_var_a
68822,2026-04-13 18:25:53,2,2,2,goldSack,goldSack,goldSack,gold,1,true,6000000,44407816601,105974,5,5,3,10,0,0,0,0,0,57,90,3,0,63.3,bonus_bs15_gae1_no,107,700000,,,,,31,16,13,3,7,7,2,1,0,31,16,13,3,7,7,2,1,0,7,7,7,false,BIG,7,5,2,V2,0,3_5_fbios_PABUnityIAPiOSDefensiveBase,segment_tag_core_slot_prob_nu_29_06_var_a
68823,2026-04-13 18:25:54,3,3,3,attack,attack,attack,attack,2,true,0,44407816601,105971,5,5,3,10,3,0,0,0,0,57,90,3,0,63.3,bonus_bs15_gae1_no,107,700000,,,,,32,19,13,3,7,7,3,1,0,32,19,13,3,7,7,3,1,0,0,0,0,false,NORMAL,1,-2,3,V2,0,3_5_fbios_PABUnityIAPiOSDefensiveBase,segment_tag_core_slot_prob_nu_29_06_var_a
68824,2026-04-13 18:25:58,3,4,2,attack,steal,goldSack,gold,1,false,300000,44486116601,105968,5,5,3,10,1,1,0,0,0,57,90,3,0,63.3,bonus_bs15_gae1_no,107,700000,,,,"{""68171e9b"":""5\/140@m2""}",33,20,14,3,7,7,3,1,0,33,20,14,3,7,7,3,1,0,3,4,0,false,BIG,7,4,3,V2,0,3_5_fbios_PABUnityIAPiOSDefensiveBase,segment_tag_core_slot_prob_nu_29_06_var_a
68825,2026-04-13 18:25:59,30,2,2,accumulation,goldSack,goldSack,gold,1,false,450000,44486566601,105965,5,5,3,10,0,0,0,0,1,60,90,3,3,66.7,bonus_bs15_gae1_no,107,700000,,,,,34,20,14,3,7,8,3,1,0,34,20,14,3,7,8,3,1,0,3,3,8,false,MAX,8,5,3,V2,0,3_5_fbios_PABUnityIAPiOSDefensiveBase,segment_tag_core_slot_prob_nu_29_06_var_a
68826,2026-04-13 18:26:00,5,5,5,shield,shield,shield,shield,3,true,3,44486566601,105965,5,5,3,10,0,0,3,0,0,60,90,3,0,66.7,bonus_bs15_gae1_no,107,700000,,,,"{""c8bff241"":""12\/350@m0""}",35,20,14,6,7,8,3,1,1,35,20,14,6,7,8,3,1,1,2,2,2,false,NORMAL,0,-1,1,V2,0,3_5_fbios_PABUnityIAPiOSDefensiveBase,segment_tag_core_slot_prob_nu_29_06_var_a
68827,2026-04-13 18:26:02,1,6,6,coin,spins,spins,gold,1,false,75000,44486641601,105962,5,5,3,10,0,0,0,2,0,60,90,3,0,66.7,bonus_bs15_gae1_no,107,700000,,,,,36,20,14,6,9,8,3,1,1,36,20,14,6,9,8,3,1,1,6,6,5,false,NORMAL,1,0,1,V2,0,3_5_fbios_PABUnityIAPiOSDefensiveBase,segment_tag_core_slot_prob_nu_29_06_var_a
68828,2026-04-13 18:26:03,30,2,2,accumulation,goldSack,goldSack,gold,1,false,450000,44487091601,105959,5,5,3,10,0,0,0,0,1,63,90,3,3,70.0,bonus_bs15_gae1_no,107,700000,,,,,37,20,14,6,9,9,3,1,1,37,20,14,6,9,9,3,1,1,3,7,8,false,BIG,7,6,1,V2,0,3_5_fbios_PABUnityIAPiOSDefensiveBase,segment_tag_core_slot_prob_nu_29_06_var_a
68829,2026-04-13 18:26:05,2,2,2,goldSack,goldSack,goldSack,gold,1,true,6000000,44493091601,105956,5,5,3,10,0,0,0,0,0,63,90,3,0,70.0,bonus_bs15_gae1_no,107,700000,,,,"{""820004c2"":""124\/350@m0""}",38,20,14,6,9,9,3,1,1,38,20,14,6,9,9,3,1,1,3,3,7,false,NORMAL,2,1,1,V2,0,3_5_fbios_PABUnityIAPiOSDefensiveBase,segment_tag_core_slot_prob_nu_29_06_var_a
68830,2026-04-13 18:26:07,3,3,3,attack,attack,attack,attack,2,true,0,44493091601,105906,5,5,50,10,3,0,0,0,0,63,90,3,0,70.0,bonus_bs15_gae1_no,107,700000,,,,,39,23,14,6,9,9,4,1,1,39,23,14,6,9,9,4,1,1,0,0,0,false,SMALL,-2,-2,0,V2,0,3_5_fbios_PABUnityIAPiOSDefensiveBase,segment_tag_core_slot_prob_nu_29_06_var_a
68831,2026-04-13 18:26:12,3,3,3,attack,attack,attack,attack,2,true,0,44922091601,105856,5,5,50,10,3,0,0,0,0,63,90,3,0,70.0,bonus_bs15_gae1_no,107,700000,,,,,40,26,14,6,9,9,5,1,1,40,26,14,6,9,9,5,1,1,0,0,0,false,NORMAL,0,0,0,V2,0,3_5_fbios_PABUnityIAPiOSDefensiveBase,segment_tag_core_slot_prob_nu_29_06_var_a
68832,2026-04-13 18:26:17,30,2,2,accumulation,goldSack,goldSack,gold,1,false,7500000,45358591601,105806,5,5,50,10,0,0,0,0,1,23,30,4,0,76.7,bonus_bs15_gae1_no,107,700000,,,,,41,26,14,6,9,10,5,1,1,41,26,14,6,9,10,5,1,1,7,3,8,false,MAX,8,7,1,V2,0,3_5_fbios_PABUnityIAPiOSDefensiveBase,segment_tag_core_slot_prob_nu_29_06_var_a
68833,2026-04-13 18:26:19,4,6,2,steal,spins,goldSack,gold,1,false,5000000,45363591601,105986,5,5,50,10,0,1,0,1,0,23,30,4,0,76.7,bonus_bs15_gae1_no,107,700000,,,,,42,26,15,6,10,10,5,1,1,42,26,15,6,10,10,5,1,1,3,6,4,false,BIG,4,1,3,V2,0,3_5_fbios_PABUnityIAPiOSDefensiveBase,segment_tag_core_slot_prob_nu_29_06_var_a
68834,2026-04-13 18:26:20,3,3,1,attack,attack,coin,gold,1,false,1250000,45364841601,105936,5,5,50,10,2,0,0,0,0,23,30,4,0,76.7,bonus_bs15_gae1_no,107,700000,,,,,43,28,15,6,10,10,5,1,1,43,28,15,6,10,10,5,1,1,1,0,0,false,BIG,4,0,4,V2,0,3_5_fbios_PABUnityIAPiOSDefensiveBase,segment_tag_core_slot_prob_nu_29_06_var_a
68835,2026-04-13 18:26:21,3,1,1,attack,coin,coin,gold,1,false,2500000,45367341601,105886,5,5,50,10,1,0,0,0,0,23,30,4,0,76.7,bonus_bs15_gae1_no,107,700000,,,,,44,29,15,6,10,10,5,1,1,44,29,15,6,10,10,5,1,1,5,1,0,false,BIG,4,0,4,V2,0,3_5_fbios_PABUnityIAPiOSDefensiveBase,segment_tag_core_slot_prob_nu_29_06_var_a
68836,2026-04-13 18:26:22,4,6,2,steal,spins,goldSack,gold,1,false,5000000,45372341601,105836,5,5,50,10,0,1,0,1,0,23,30,4,0,76.7,bonus_bs15_gae1_no,107,700000,,,,"{""68171e9b"":""55\/140@m2""}",45,29,16,6,11,10,5,1,1,45,29,16,6,11,10,5,1,1,7,6,4,false,BIG,6,1,5,V2,0,3_5_fbios_PABUnityIAPiOSDefensiveBase,segment_tag_core_slot_prob_nu_29_06_var_a
68837,2026-04-13 18:26:24,5,5,5,shield,shield,shield,shield,3,true,400,45372341601,105836,5,5,400,10,0,0,3,0,0,23,30,4,0,76.7,bonus_bs15_gae1_no,107,700000,,,,,46,29,16,9,11,10,5,1,2,46,29,16,9,11,10,5,1,2,2,2,2,false,BIG,4,0,4,V2,0,3_5_fbios_PABUnityIAPiOSDefensiveBase,segment_tag_core_slot_prob_nu_29_06_var_a
68838,2026-04-13 18:26:28,2,2,2,goldSack,goldSack,goldSack,gold,1,true,800000000,46172341601,105436,5,5,400,10,0,0,0,0,0,23,30,4,0,76.7,bonus_bs15_gae1_no,107,700000,,,,"{""820004c2"":""24\/750@m2""}",47,29,16,9,11,10,5,1,2,47,29,16,9,11,10,5,1,2,3,3,7,false,NORMAL,2,-2,4,V2,0,3_5_fbios_PABUnityIAPiOSDefensiveBase,segment_tag_core_slot_prob_nu_29_06_var_a
68839,2026-04-13 18:26:32,4,6,2,steal,spins,goldSack,gold,1,false,40000000,46212341601,105036,5,5,400,10,0,1,0,1,0,23,30,4,0,76.7,bonus_bs15_gae1_no,107,700000,,,,,48,29,17,9,12,10,5,1,2,48,29,17,9,12,10,5,1,2,7,6,4,false,BIG,4,1,3,V2,0,3_5_fbios_PABUnityIAPiOSDefensiveBase,segment_tag_core_slot_prob_nu_29_06_var_a
68840,2026-04-13 18:26:33,4,6,2,steal,spins,goldSack,gold,1,false,40000000,46252341601,104636,5,5,400,10,0,1,0,1,0,23,30,4,0,76.7,bonus_bs15_gae1_no,107,700000,,,,,49,29,18,9,13,10,5,1,2,49,29,18,9,13,10,5,1,2,7,6,4,false,BIG,7,4,3,V2,0,3_5_fbios_PABUnityIAPiOSDefensiveBase,segment_tag_core_slot_prob_nu_29_06_var_a
68841,2026-04-13 18:26:34,3,3,1,attack,attack,coin,gold,1,false,10000000,46262341601,104236,5,5,400,10,2,0,0,0,0,23,30,4,0,76.7,bonus_bs15_gae1_no,107,700000,,,,,50,31,18,9,13,10,5,1,2,50,31,18,9,13,10,5,1,2,1,0,0,false,NORMAL,3,0,3,V2,0,3_5_fbios_PABUnityIAPiOSDefensiveBase,segment_tag_core_slot_prob_nu_29_06_var_a
68842,2026-04-13 18:26:35,4,4,4,steal,steal,steal,steal,4,true,0,46262341601,103836,5,5,400,10,0,3,0,0,0,23,30,4,0,76.7,bonus_bs15_gae1_no,107,700000,,,,,51,31,21,9,13,10,5,2,2,51,31,21,9,13,10,5,2,2,4,4,4,false,SMALL,-2,-5,3,V2,0,3_5_fbios_PABUnityIAPiOSDefensiveBase,segment_tag_core_slot_prob_nu_29_06_var_a
68843,2026-04-13 20:10:49,30,30,1,accumulation,accumulation,coin,gold,1,false,25000,72432917881,108343,5,5,1,10,0,0,0,0,2,25,30,4,2,83.3,bonus_as10_gae1_no,107,700000,,,,,52,31,21,9,13,12,5,2,2,52,31,21,9,13,12,5,2,2,5,8,8,false,NORMAL,1,1,0,V2,0,3_5_fbios_PABUnityIAPiOSDefensiveBase,segment_tag_core_slot_prob_nu_29_06_var_a
68844,2026-04-13 20:10:53,1,1,1,coin,coin,coin,gold,1,true,250000,72433167881,108342,5,5,1,10,0,0,0,0,0,25,30,4,0,83.3,bonus_as10_gae1_no,107,700000,,,,,53,31,21,9,13,12,5,2,2,53,31,21,9,13,12,5,2,2,1,5,5,false,NORMAL,1,0,1,V2,0,3_5_fbios_PABUnityIAPiOSDefensiveBase,segment_tag_core_slot_prob_nu_29_06_var_a
68845,2026-04-13 20:10:54,30,2,2,accumulation,goldSack,goldSack,gold,1,false,150000,72433317881,108341,5,5,1,10,0,0,0,0,1,26,30,4,1,86.7,bonus_as10_gae1_no,107,700000,,,,,54,31,21,9,13,13,5,2,2,54,31,21,9,13,13,5,2,2,3,7,8,false,BIG,7,6,1,V2,0,3_5_fbios_PABUnityIAPiOSDefensiveBase,segment_tag_core_slot_prob_nu_29_06_var_a
68846,2026-04-13 20:10:55,30,2,2,accumulation,goldSack,goldSack,gold,1,false,150000,72433467881,108340,5,5,1,10,0,0,0,0,1,27,30,4,1,90.0,bonus_as10_gae1_no,107,700000,,,,"{""68171e9b"":""56\/140@m2""}",55,31,21,9,13,14,5,2,2,55,31,21,9,13,14,5,2,2,3,3,8,false,BIG,7,7,0,V2,0,3_5_fbios_PABUnityIAPiOSDefensiveBase,segment_tag_core_slot_prob_nu_29_06_var_a
68847,2026-04-13 20:10:56,1,1,1,coin,coin,coin,gold,1,true,250000,72433717881,108339,5,5,1,10,0,0,0,0,0,27,30,4,0,90.0,bonus_as10_gae1_no,107,700000,,,,,56,31,21,9,13,14,5,2,2,56,31,21,9,13,14,5,2,2,1,1,1,false,MIN,-7,-4,-3,V2,0,3_5_fbios_PABUnityIAPiOSDefensiveBase,segment_tag_core_slot_prob_nu_29_06_var_a
68848,2026-04-13 20:10:57,3,5,2,attack,shield,goldSack,gold,1,false,100000,72433817881,108338,5,5,1,10,1,0,1,0,0,27,30,4,0,90.0,bonus_as10_gae1_no,107,700000,,,,,57,32,21,10,13,14,5,2,2,57,32,21,10,13,14,5,2,2,7,2,0,false,MIN,-5,-2,-3,V2,0,3_5_fbios_PABUnityIAPiOSDefensiveBase,segment_tag_core_slot_prob_nu_29_06_var_a
68849,2026-04-13 20:10:58,1,6,6,coin,spins,spins,gold,1,false,25000,72433842881,108337,5,5,1,10,0,0,0,2,0,27,30,4,0,90.0,bonus_as10_gae1_no,107,700000,,,,"{""820004c2"":""26\/750@m2""}",58,32,21,10,15,14,5,2,2,58,32,21,10,15,14,5,2,2,6,6,5,false,NORMAL,1,2,-1,V2,0,3_5_fbios_PABUnityIAPiOSDefensiveBase,segment_tag_core_slot_prob_nu_29_06_var_a
68850,2026-04-13 20:10:59,3,1,1,attack,coin,coin,gold,1,false,50000,72433892881,108336,5,5,1,10,1,0,0,0,0,27,30,4,0,90.0,bonus_as10_gae1_no,107,700000,,,,,59,33,21,10,15,14,5,2,2,59,33,21,10,15,14,5,2,2,1,5,0,false,MIN,-3,-2,-1,V2,0,3_5_fbios_PABUnityIAPiOSDefensiveBase,segment_tag_core_slot_prob_nu_29_06_var_a
68851,2026-04-13 20:11:00,30,2,2,accumulation,goldSack,goldSack,gold,1,false,150000,72434042881,108335,5,5,1,10,0,0,0,0,1,28,30,4,1,93.3,bonus_as10_gae1_no,107,700000,,,,"{""c8bff241"":""14\/350@m0""}",60,33,21,10,15,15,5,2,2,60,33,21,10,15,15,5,2,2,7,7,8,false,MAX,9,8,1,V2,0,3_5_fbios_PABUnityIAPiOSDefensiveBase,segment_tag_core_slot_prob_nu_29_06_var_a
68852,2026-04-13 20:11:02,1,4,4,coin,steal,steal,gold,1,false,25000,72434067881,108334,5,5,1,10,0,2,0,0,0,28,30,4,0,93.3,bonus_as10_gae1_no,107,700000,,,,,61,33,23,10,15,15,5,2,2,61,33,23,10,15,15,5,2,2,4,4,5,false,NORMAL,2,1,1,V2,0,3_5_fbios_PABUnityIAPiOSDefensiveBase,segment_tag_core_slot_prob_nu_29_06_var_a
68853,2026-04-13 20:11:02,5,5,5,shield,shield,shield,shield,3,true,1,72434067881,108334,5,5,1,10,0,0,3,0,0,28,30,4,0,93.3,bonus_as10_gae1_no,107,700000,,,,"{""820004c2"":""28\/750@m2""}",62,33,23,13,15,15,5,2,3,62,33,23,13,15,15,5,2,3,2,2,2,false,NORMAL,1,-1,2,V2,0,3_5_fbios_PABUnityIAPiOSDefensiveBase,segment_tag_core_slot_prob_nu_29_06_var_a
68854,2026-04-13 20:11:04,2,2,2,goldSack,goldSack,goldSack,gold,1,true,2000000,72436067881,108333,5,5,1,10,0,0,0,0,0,28,30,4,0,93.3,bonus_as10_gae1_no,107,700000,,,,,63,33,23,13,15,15,5,2,3,63,33,23,13,15,15,5,2,3,3,3,3,false,NORMAL,3,1,2,V2,0,3_5_fbios_PABUnityIAPiOSDefensiveBase,segment_tag_core_slot_prob_nu_29_06_var_a
68855,2026-04-13 20:11:05,3,3,3,attack,attack,attack,attack,2,true,0,72436067881,108332,5,5,1,10,3,0,0,0,0,28,30,4,0,93.3,bonus_as10_gae1_no,107,700000,,,,,64,36,23,13,15,15,6,2,3,64,36,23,13,15,15,6,2,3,0,0,0,false,SMALL,-1,-2,1,V2,0,3_5_fbios_PABUnityIAPiOSDefensiveBase,segment_tag_core_slot_prob_nu_29_06_var_a
68856,2026-04-13 20:11:10,3,3,3,attack,attack,attack,attack,2,true,0,72444647881,108331,5,5,1,10,3,0,0,0,0,28,30,4,0,93.3,bonus_as10_gae1_no,107,700000,,,,"{""820004c2"":""30\/750@m2""}",65,39,23,13,15,15,7,2,3,65,39,23,13,15,15,7,2,3,0,0,0,false,NORMAL,0,0,0,V2,0,3_5_fbios_PABUnityIAPiOSDefensiveBase,segment_tag_core_slot_prob_nu_29_06_var_a
68857,2026-04-13 20:11:28,4,6,2,steal,spins,goldSack,gold,1,false,100000,72470747881,108330,5,5,1,10,0,1,0,1,0,28,30,4,0,93.3,bonus_as10_gae1_no,107,700000,,,,"{""68171e9b"":""57\/140@m2""}",66,39,24,13,16,15,7,2,3,66,39,24,13,16,15,7,2,3,7,6,4,false,NORMAL,1,1,0,V2,0,3_5_fbios_PABUnityIAPiOSDefensiveBase,segment_tag_core_slot_prob_nu_29_06_var_a
68858,2026-04-13 20:11:29,30,30,1,accumulation,accumulation,coin,gold,1,false,25000,72470772881,108329,5,5,1,10,0,0,0,0,2,0,40,5,0,0.0,bonus_as10_gae1_no,107,700000,,,,,67,39,24,13,16,17,7,2,3,67,39,24,13,16,17,7,2,3,1,8,8,false,BIG,4,2,2,V2,0,3_5_fbios_PABUnityIAPiOSDefensiveBase,segment_tag_core_slot_prob_nu_29_06_var_a
68859,2026-04-13 20:11:32,3,1,1,attack,coin,coin,gold,1,false,50000,72470822881,108328,5,5,1,10,1,0,0,0,0,0,40,5,0,0.0,bonus_as10_gae1_no,107,700000,,,,,68,40,24,13,16,17,7,2,3,68,40,24,13,16,17,7,2,3,5,5,0,false,SMALL,-1,-4,3,V2,0,3_5_fbios_PABUnityIAPiOSDefensiveBase,segment_tag_core_slot_prob_nu_29_06_var_a
68860,2026-04-13 20:11:32,2,2,2,goldSack,goldSack,goldSack,gold,1,true,2000000,72472822881,108327,5,5,1,10,0,0,0,0,0,0,40,5,0,0.0,bonus_as10_gae1_no,107,700000,,,,"{""820004c2"":""32\/750@m2""}",69,40,24,13,16,17,7,2,3,69,40,24,13,16,17,7,2,3,7,7,3,false,MAX,9,6,3,V2,0,3_5_fbios_PABUnityIAPiOSDefensiveBase,segment_tag_core_slot_prob_nu_29_06_var_a
68861,2026-04-13 20:11:33,4,4,4,steal,steal,steal,steal,4,true,0,72472822881,108326,5,5,1,10,0,3,0,0,0,0,40,5,0,0.0,bonus_as10_gae1_no,107,700000,,,,,70,40,27,13,16,17,7,3,3,70,40,27,13,16,17,7,3,3,4,4,4,false,SMALL,-1,-5,4,V2,0,3_5_fbios_PABUnityIAPiOSDefensiveBase,segment_tag_core_slot_prob_nu_29_06_var_a
68862,2026-04-13 20:12:10,1,1,1,coin,coin,coin,gold,1,true,250000,72584072881,108325,5,5,1,10,0,0,0,0,0,0,40,5,0,0.0,bonus_as10_gae1_no,107,700000,,,,,71,40,27,13,16,17,7,3,3,71,40,27,13,16,17,7,3,3,5,5,1,false,MIN,-7,-8,1,V2,0,3_5_fbios_PABUnityIAPiOSDefensiveBase,segment_tag_core_slot_prob_nu_29_06_var_a
68863,2026-04-13 20:12:11,3,6,2,attack,spins,goldSack,gold,1,false,100000,72584172881,108324,5,5,1,10,1,0,0,1,0,0,40,5,0,0.0,bonus_as10_gae1_no,107,700000,,,,,72,41,27,13,17,17,7,3,3,72,41,27,13,17,17,7,3,3,3,6,0,false,NORMAL,2,2,0,V2,0,3_5_fbios_PABUnityIAPiOSDefensiveBase,segment_tag_core_slot_prob_nu_29_06_var_a
68864,2026-04-13 20:12:11,30,30,1,accumulation,accumulation,coin,gold,1,false,25000,72584197881,108323,5,5,1,10,0,0,0,0,2,2,40,5,2,5.0,bonus_as10_gae1_no,107,700000,,,,,73,41,27,13,17,19,7,3,3,73,41,27,13,17,19,7,3,3,5,8,8,false,NORMAL,2,0,2,V2,0,3_5_fbios_PABUnityIAPiOSDefensiveBase,segment_tag_core_slot_prob_nu_29_06_var_a
68865,2026-04-13 20:12:13,3,1,5,attack,coin,shield,gold,1,false,25000,72584222881,108322,5,5,1,10,1,0,1,0,0,2,40,5,0,5.0,bonus_as10_gae1_no,107,700000,,,,"{""c8bff241"":""16\/350@m0"",""68171e9b"":""58\/140@m2""}",74,42,27,14,17,19,7,3,3,74,42,27,14,17,19,7,3,3,2,5,0,false,NORMAL,0,-2,2,V2,0,3_5_fbios_PABUnityIAPiOSDefensiveBase,segment_tag_core_slot_prob_nu_29_06_var_a
68866,2026-04-13 20:12:14,2,2,2,goldSack,goldSack,goldSack,gold,1,true,2000000,72586222881,108321,5,5,1,10,0,0,0,0,0,2,40,5,0,5.0,bonus_as10_gae1_no,107,700000,,,,,75,42,27,14,17,19,7,3,3,75,42,27,14,17,19,7,3,3,7,3,7,false,NORMAL,0,0,0,V2,0,3_5_fbios_PABUnityIAPiOSDefensiveBase,segment_tag_core_slot_prob_nu_29_06_var_a
68867,2026-04-13 20:12:15,30,30,1,accumulation,accumulation,coin,gold,1,false,25000,72586247881,108320,5,5,1,10,0,0,0,0,2,4,40,5,2,10.0,bonus_as10_gae1_no,107,700000,,,,,76,42,27,14,17,21,7,3,3,76,42,27,14,17,21,7,3,3,1,8,8,false,NORMAL,1,1,0,V2,0,3_5_fbios_PABUnityIAPiOSDefensiveBase,segment_tag_core_slot_prob_nu_29_06_var_a
68868,2026-04-13 20:12:16,2,2,2,goldSack,goldSack,goldSack,gold,1,true,2000000,72588247881,108319,5,5,1,10,0,0,0,0,0,4,40,5,0,10.0,bonus_as10_gae1_no,107,700000,,,,,77,42,27,14,17,21,7,3,3,77,42,27,14,17,21,7,3,3,7,3,3,false,BIG,6,5,1,V2,0,3_5_fbios_PABUnityIAPiOSDefensiveBase,segment_tag_core_slot_prob_nu_29_06_var_a
68869,2026-04-13 20:12:17,5,5,5,shield,shield,shield,shield,3,true,1,72588247881,108319,5,5,1,10,0,0,3,0,0,4,40,5,0,10.0,bonus_as10_gae1_no,107,700000,,,,"{""68171e9b"":""59\/140@m2""}",78,42,27,17,17,21,7,3,4,78,42,27,17,17,21,7,3,4,2,2,2,false,NORMAL,1,-1,2,V2,0,3_5_fbios_PABUnityIAPiOSDefensiveBase,segment_tag_core_slot_prob_nu_29_06_var_a
68870,2026-04-13 20:12:18,3,4,2,attack,steal,goldSack,gold,1,false,100000,72588347881,108318,5,5,1,10,1,1,0,0,0,4,40,5,0,10.0,bonus_as10_gae1_no,107,700000,,,,,79,43,28,17,17,21,7,3,4,79,43,28,17,17,21,7,3,4,3,4,0,false,NORMAL,2,1,1,V2,0,3_5_fbios_PABUnityIAPiOSDefensiveBase,segment_tag_core_slot_prob_nu_29_06_var_a
68871,2026-04-13 20:12:19,30,2,2,accumulation,goldSack,goldSack,gold,1,false,150000,72588497881,108317,5,5,1,10,0,0,0,0,1,5,40,5,1,12.5,bonus_as10_gae1_no,107,700000,,,,,80,43,28,17,17,22,7,3,4,80,43,28,17,17,22,7,3,4,7,3,8,false,MAX,8,7,1,V2,0,3_5_fbios_PABUnityIAPiOSDefensiveBase,segment_tag_core_slot_prob_nu_29_06_var_a
68872,2026-04-13 20:12:20,6,6,6,spins,spins,spins,spins,5,true,10,72588497881,108326,5,5,1,10,0,0,0,3,0,5,40,5,0,12.5,bonus_as10_gae1_no,107,700000,,,,,81,43,28,17,20,22,7,3,4,81,43,28,17,20,22,7,3,4,6,6,6,true,NORMAL,1,0,1,V2,0,3_5_fbios_PABUnityIAPiOSDefensiveBase,segment_tag_core_slot_prob_nu_29_06_var_a
68873,2026-04-13 20:12:22,30,2,2,accumulation,goldSack,goldSack,gold,1,false,150000,72588647881,108325,5,5,1,10,0,0,0,0,1,6,40,5,1,15.0,bonus_as10_gae1_no,107,700000,,,,,82,43,28,17,20,23,7,3,4,1,0,0,0,0,1,0,0,0,7,3,8,false,BIG,7,6,1,V2,0,3_5_fbios_PABUnityIAPiOSDefensiveBase,segment_tag_core_slot_prob_nu_29_06_var_a
68874,2026-04-13 20:12:23,4,6,2,steal,spins,goldSack,gold,1,false,100000,72588747881,108324,5,5,1,10,0,1,0,1,0,6,40,5,0,15.0,bonus_as10_gae1_no,107,700000,,,,,83,43,29,17,21,23,7,3,4,2,0,1,0,1,1,0,0,0,7,6,4,false,BIG,4,2,2,V2,0,3_5_fbios_PABUnityIAPiOSDefensiveBase,segment_tag_core_slot_prob_nu_29_06_var_a
68875,2026-04-13 20:12:24,30,30,1,accumulation,accumulation,coin,gold,1,false,25000,72588772881,108323,5,5,1,10,0,0,0,0,2,8,40,5,2,20.0,bonus_as10_gae1_no,107,700000,,,,"{""820004c2"":""34\/750@m2""}",84,43,29,17,21,25,7,3,4,3,0,1,0,1,3,0,0,0,1,8,8,false,BIG,6,2,4,V2,0,3_5_fbios_PABUnityIAPiOSDefensiveBase,segment_tag_core_slot_prob_nu_29_06_var_a
68876,2026-04-13 20:12:25,4,6,2,steal,spins,goldSack,gold,1,false,100000,72588872881,108322,5,5,1,10,0,1,0,1,0,8,40,5,0,20.0,bonus_as10_gae1_no,107,700000,,,,,85,43,30,17,22,25,7,3,4,4,0,2,0,2,3,0,0,0,7,6,4,false,BIG,5,1,4,V2,0,3_5_fbios_PABUnityIAPiOSDefensiveBase,segment_tag_core_slot_prob_nu_29_06_var_a
68877,2026-04-13 20:12:26,4,6,2,steal,spins,goldSack,gold,1,false,100000,72588972881,108321,5,5,1,10,0,1,0,1,0,8,40,5,0,20.0,bonus_as10_gae1_no,107,700000,,,,,86,43,31,17,23,25,7,3,4,5,0,3,0,3,3,0,0,0,3,6,4,false,BIG,7,2,5,V2,0,3_5_fbios_PABUnityIAPiOSDefensiveBase,segment_tag_core_slot_prob_nu_29_06_var_a
68878,2026-04-13 20:12:27,3,1,1,attack,coin,coin,gold,1,false,50000,72589022881,108320,5,5,1,10,1,0,0,0,0,8,40,5,0,20.0,bonus_as10_gae1_no,107,700000,,,,,87,44,31,17,23,25,7,3,4,6,1,3,0,3,3,0,0,0,5,1,0,false,BIG,4,0,4,V2,0,3_5_fbios_PABUnityIAPiOSDefensiveBase,segment_tag_core_slot_prob_nu_29_06_var_a
68879,2026-04-13 20:12:27,30,30,1,accumulation,accumulation,coin,gold,1,false,25000,72589047881,108319,5,5,1,10,0,0,0,0,2,10,40,5,2,25.0,bonus_as10_gae1_no,107,700000,,,,"{""68171e9b"":""60\/140@m2""}",88,44,31,17,23,27,7,3,4,7,1,3,0,3,5,0,0,0,5,8,8,false,BIG,7,2,5,V2,0,3_5_fbios_PABUnityIAPiOSDefensiveBase,segment_tag_core_slot_prob_nu_29_06_var_a
68880,2026-04-13 20:12:29,3,1,5,attack,coin,shield,gold,1,false,25000,72589072881,108318,5,5,1,10,1,0,1,0,0,10,40,5,0,25.0,bonus_as10_gae1_no,107,700000,,,,,89,45,31,18,23,27,7,3,4,8,2,3,1,3,5,0,0,0,2,5,0,false,NORMAL,3,-2,5,V2,0,3_5_fbios_PABUnityIAPiOSDefensiveBase,segment_tag_core_slot_prob_nu_29_06_var_a
68881,2026-04-13 20:12:30,1,1,1,coin,coin,coin,gold,1,true,250000,72589322881,108317,5,5,1,10,0,0,0,0,0,10,40,5,0,25.0,bonus_as10_gae1_no,107,700000,,,,"{""c8bff241"":""18\/350@m0""}",90,45,31,18,23,27,7,3,4,9,2,3,1,3,5,0,0,0,1,5,5,false,NORMAL,3,-2,5,V2,0,3_5_fbios_PABUnityIAPiOSDefensiveBase,segment_tag_core_slot_prob_nu_29_06_var_a
68882,2026-04-13 20:12:30,30,2,2,accumulation,goldSack,goldSack,gold,1,false,150000,72589472881,108316,5,5,1,10,0,0,0,0,1,11,40,5,1,27.5,bonus_as10_gae1_no,107,700000,,,,"{""820004c2"":""36\/750@m2""}",91,45,31,18,23,28,7,3,4,10,2,3,1,3,6,0,0,0,3,7,8,false,MAX,10,6,4,V2,0,3_5_fbios_PABUnityIAPiOSDefensiveBase,segment_tag_core_slot_prob_nu_29_06_var_a
68883,2026-04-13 20:12:32,1,1,1,coin,coin,coin,gold,1,true,250000,72589722881,108315,5,5,1,10,0,0,0,0,0,11,40,5,0,27.5,bonus_as10_gae1_no,107,700000,,,,,92,45,31,18,23,28,7,3,4,11,2,3,1,3,6,0,0,0,1,5,1,false,MIN,-9,-7,-2,V2,0,3_5_fbios_PABUnityIAPiOSDefensiveBase,segment_tag_core_slot_prob_nu_29_06_var_a
68884,2026-04-13 20:12:33,30,2,2,accumulation,goldSack,goldSack,gold,1,false,150000,72589872881,108314,5,5,1,10,0,0,0,0,1,12,40,5,1,30.0,bonus_as10_gae1_no,107,700000,,,,"{""68171e9b"":""61\/140@m2""}",93,45,31,18,23,29,7,3,4,12,2,3,1,3,7,0,0,0,3,7,8,false,NORMAL,3,6,-3,V2,0,3_5_fbios_PABUnityIAPiOSDefensiveBase,segment_tag_core_slot_prob_nu_29_06_var_a
68885,2026-04-13 20:12:34,1,4,6,coin,steal,spins,gold,1,false,25000,72589897881,108313,5,5,1,10,0,1,0,1,0,12,40,5,0,30.0,bonus_as10_gae1_no,107,700000,,,,,94,45,32,18,24,29,7,3,4,13,2,4,1,4,7,0,0,0,6,4,1,false,MIN,-6,-3,-3,V2,0,3_5_fbios_PABUnityIAPiOSDefensiveBase,segment_tag_core_slot_prob_nu_29_06_var_a
68886,2026-04-13 20:12:35,2,2,2,goldSack,goldSack,goldSack,gold,1,true,2000000,72591897881,108312,5,5,1,10,0,0,0,0,0,12,40,5,0,30.0,bonus_as10_gae1_no,107,700000,,,,,95,45,32,18,24,29,7,3,4,14,2,4,1,4,7,0,0,0,7,7,7,false,NORMAL,0,3,-3,V2,0,3_5_fbios_PABUnityIAPiOSDefensiveBase,segment_tag_core_slot_prob_nu_29_06_var_a
68887,2026-04-13 20:12:35,30,30,1,accumulation,accumulation,coin,gold,1,false,25000,72591922881,108311,5,5,1,10,0,0,0,0,2,14,40,5,2,35.0,bonus_as10_gae1_no,107,700000,,,,,96,45,32,18,24,31,7,3,4,15,2,4,1,4,9,0,0,0,5,8,8,false,NORMAL,0,1,-1,V2,0,3_5_fbios_PABUnityIAPiOSDefensiveBase,segment_tag_core_slot_prob_nu_29_06_var_a
68888,2026-04-13 20:12:37,1,4,6,coin,steal,spins,gold,1,false,25000,72591947881,108310,5,5,1,10,0,1,0,1,0,14,40,5,0,35.0,bonus_as10_gae1_no,107,700000,,,,,97,45,33,18,25,31,7,3,4,16,2,5,1,5,9,0,0,0,6,4,5,false,BIG,4,5,-1,V2,0,3_5_fbios_PABUnityIAPiOSDefensiveBase,segment_tag_core_slot_prob_nu_29_06_var_a
68889,2026-04-13 20:12:37,3,1,5,attack,coin,shield,gold,1,false,25000,72591972881,108309,5,5,1,10,1,0,1,0,0,14,40,5,0,35.0,bonus_as10_gae1_no,107,700000,,,,,98,46,33,19,25,31,7,3,4,17,3,5,2,5,9,0,0,0,2,5,0,false,SMALL,-2,-2,0,V2,0,3_5_fbios_PABUnityIAPiOSDefensiveBase,segment_tag_core_slot_prob_nu_29_06_var_a
68890,2026-04-13 20:12:38,4,4,4,steal,steal,steal,steal,4,true,0,72591972881,108308,5,5,1,10,0,3,0,0,0,14,40,5,0,35.0,bonus_as10_gae1_no,107,700000,,,,,99,46,36,19,25,31,7,4,4,18,3,8,2,5,9,0,1,0,4,4,4,false,MIN,-6,-6,0,V2,0,3_5_fbios_PABUnityIAPiOSDefensiveBase,segment_tag_core_slot_prob_nu_29_06_var_a
68891,2026-04-13 20:12:44,3,3,3,attack,attack,attack,attack,2,true,0,72804378881,108307,5,5,1,10,3,0,0,0,0,14,40,5,0,35.0,bonus_as10_gae1_no,107,700000,,,,,100,49,36,19,25,31,8,4,4,19,6,8,2,5,9,1,1,0,0,0,0,false,NORMAL,2,-1,3,V2,0,3_5_fbios_PABUnityIAPiOSDefensiveBase,segment_tag_core_slot_prob_nu_29_06_var_a
68892,2026-04-13 20:12:49,30,2,2,accumulation,goldSack,goldSack,gold,1,false,150000,72813108881,108306,5,5,1,10,0,0,0,0,1,15,40,5,1,37.5,bonus_as10_gae1_no,107,700000,,,,"{""68171e9b"":""62\/140@m2""}",101,49,36,19,25,32,8,4,4,20,6,8,2,5,10,1,1,0,3,3,8,false,MAX,8,4,4,V2,0,3_5_fbios_PABUnityIAPiOSDefensiveBase,segment_tag_core_slot_prob_nu_29_06_var_a
68893,2026-04-13 20:12:51,3,4,2,attack,steal,goldSack,gold,1,false,100000,72813208881,108305,5,5,1,10,1,1,0,0,0,15,40,5,0,37.5,bonus_as10_gae1_no,107,700000,,,,,102,50,37,19,25,32,8,4,4,21,7,9,2,5,10,1,1,0,7,4,0,false,NORMAL,2,-1,3,V2,0,3_5_fbios_PABUnityIAPiOSDefensiveBase,segment_tag_core_slot_prob_nu_29_06_var_a
68894,2026-04-13 20:12:51,4,4,4,steal,steal,steal,steal,4,true,0,72813208881,108304,5,5,1,10,0,3,0,0,0,15,40,5,0,37.5,bonus_as10_gae1_no,107,700000,,,,,103,50,40,19,25,32,8,5,4,22,7,12,2,5,10,1,2,0,4,4,4,false,SMALL,-1,-5,4,V2,0,3_5_fbios_PABUnityIAPiOSDefensiveBase,segment_tag_core_slot_prob_nu_29_06_var_a
68895,2026-04-13 20:13:05,3,3,2,attack,attack,goldSack,gold,1,false,100000,72925358881,108303,5,5,1,10,2,0,0,0,0,15,40,5,0,37.5,bonus_as10_gae1_no,107,700000,,,,,104,52,40,19,25,32,8,5,4,23,9,12,2,5,10,1,2,0,7,0,0,false,NORMAL,3,-1,4,V2,0,3_5_fbios_PABUnityIAPiOSDefensiveBase,segment_tag_core_slot_prob_nu_29_06_var_a
68896,2026-04-13 20:13:06,3,4,2,attack,steal,goldSack,gold,1,false,100000,72925458881,108302,5,5,1,10,1,1,0,0,0,15,40,5,0,37.5,bonus_as10_gae1_no,107,700000,,,,"{""820004c2"":""38\/750@m2""}",105,53,41,19,25,32,8,5,4,24,10,13,2,5,10,1,2,0,3,4,0,false,MAX,8,5,3,V2,0,3_5_fbios_PABUnityIAPiOSDefensiveBase,segment_tag_core_slot_prob_nu_29_06_var_a
68897,2026-04-13 20:13:07,4,6,2,steal,spins,goldSack,gold,1,false,100000,72925558881,108301,5,5,1,10,0,1,0,1,0,15,40,5,0,37.5,bonus_as10_gae1_no,107,700000,,,,,106,53,42,19,26,32,8,5,4,25,10,14,2,6,10,1,2,0,7,6,4,false,BIG,5,1,4,V2,0,3_5_fbios_PABUnityIAPiOSDefensiveBase,segment_tag_core_slot_prob_nu_29_06_var_a
68898,2026-04-13 20:13:08,2,2,2,goldSack,goldSack,goldSack,gold,1,true,2000000,72927558881,108300,5,5,1,10,0,0,0,0,0,15,40,5,0,37.5,bonus_as10_gae1_no,107,700000,,,,,107,53,42,19,26,32,8,5,4,26,10,14,2,6,10,1,2,0,7,3,7,false,BIG,6,3,3,V2,0,3_5_fbios_PABUnityIAPiOSDefensiveBase,segment_tag_core_slot_prob_nu_29_06_var_a
68899,2026-04-13 20:13:09,3,3,2,attack,attack,goldSack,gold,1,false,100000,72927658881,108299,5,5,1,10,2,0,0,0,0,15,40,5,0,37.5,bonus_as10_gae1_no,107,700000,,,,,108,55,42,19,26,32,8,5,4,27,12,14,2,6,10,1,2,0,3,0,0,false,BIG,4,1,3,V2,0,3_5_fbios_PABUnityIAPiOSDefensiveBase,segment_tag_core_slot_prob_nu_29_06_var_a
68900,2026-04-13 20:13:09,5,5,5,shield,shield,shield,shield,3,true,1,72927658881,108299,5,5,1,10,0,0,3,0,0,15,40,5,0,37.5,bonus_as10_gae1_no,107,700000,,,,"{""68171e9b"":""63\/140@m2""}",109,55,42,22,26,32,8,5,5,28,12,14,5,6,10,1,2,1,2,2,2,false,NORMAL,1,-1,2,V2,0,3_5_fbios_PABUnityIAPiOSDefensiveBase,segment_tag_core_slot_prob_nu_29_06_var_a
68901,2026-04-13 20:13:11,3,3,2,attack,attack,goldSack,gold,1,false,100000,72927758881,108298,5,5,1,10,2,0,0,0,0,15,40,5,0,37.5,bonus_as10_gae1_no,107,700000,,,,,110,57,42,22,26,32,8,5,5,29,14,14,5,6,10,1,2,1,7,0,0,false,SMALL,-2,-4,2,V2,0,3_5_fbios_PABUnityIAPiOSDefensiveBase,segment_tag_core_slot_prob_nu_29_06_var_a
68902,2026-04-13 20:13:11,30,2,2,accumulation,goldSack,goldSack,gold,1,false,150000,72927908881,108297,5,5,1,10,0,0,0,0,1,16,40,5,1,40.0,bonus_as10_gae1_no,107,700000,,,,,111,57,42,22,26,33,8,5,5,30,14,14,5,6,11,1,2,1,3,7,8,false,BIG,7,6,1,V2,0,3_5_fbios_PABUnityIAPiOSDefensiveBase,segment_tag_core_slot_prob_nu_29_06_var_a
68903,2026-04-13 20:13:12,30,2,2,accumulation,goldSack,goldSack,gold,1,false,150000,72928058881,108296,5,5,1,10,0,0,0,0,1,17,40,5,1,42.5,bonus_as10_gae1_no,107,700000,,,,,112,57,42,22,26,34,8,5,5,31,14,14,5,6,12,1,2,1,7,3,8,false,MAX,10,9,1,V2,0,3_5_fbios_PABUnityIAPiOSDefensiveBase,segment_tag_core_slot_prob_nu_29_06_var_a
68904,2026-04-13 20:13:14,30,30,1,accumulation,accumulation,coin,gold,1,false,25000,72928083881,108295,5,5,1,10,0,0,0,0,2,19,40,5,2,47.5,bonus_as10_gae1_no,107,700000,,,,,113,57,42,22,26,36,8,5,5,32,14,14,5,6,14,1,2,1,5,8,8,false,NORMAL,2,1,1,V2,0,3_5_fbios_PABUnityIAPiOSDefensiveBase,segment_tag_core_slot_prob_nu_29_06_var_a
68905,2026-04-13 20:13:15,4,6,2,steal,spins,goldSack,gold,1,false,100000,72928183881,108294,5,5,1,10,0,1,0,1,0,19,40,5,0,47.5,bonus_as10_gae1_no,107,700000,,,,"{""820004c2"":""40\/750@m2""}",114,57,43,22,27,36,8,5,5,33,14,15,5,7,14,1,2,1,7,6,4,false,NORMAL,3,1,2,V2,0,3_5_fbios_PABUnityIAPiOSDefensiveBase,segment_tag_core_slot_prob_nu_29_06_var_a
68906,2026-04-13 20:13:16,3,4,2,attack,steal,goldSack,gold,1,false,100000,72928283881,108293,5,5,1,10,1,1,0,0,0,19,40,5,0,47.5,bonus_as10_gae1_no,107,700000,,,,,115,58,44,22,27,36,8,5,5,34,15,16,5,7,14,1,2,1,7,4,0,false,BIG,4,1,3,V2,0,3_5_fbios_PABUnityIAPiOSDefensiveBase,segment_tag_core_slot_prob_nu_29_06_var_a
68907,2026-04-13 20:13:17,3,3,2,attack,attack,goldSack,gold,1,false,100000,72928383881,108292,5,5,1,10,2,0,0,0,0,19,40,5,0,47.5,bonus_as10_gae1_no,107,700000,,,,"{""c8bff241"":""20\/350@m0""}",116,60,44,22,27,36,8,5,5,35,17,16,5,7,14,1,2,1,7,0,0,false,NORMAL,3,0,3,V2,0,3_5_fbios_PABUnityIAPiOSDefensiveBase,segment_tag_core_slot_prob_nu_29_06_var_a
68908,2026-04-13 20:13:18,3,1,5,attack,coin,shield,gold,1,false,25000,72928408881,108291,5,5,1,10,1,0,1,0,0,19,40,5,0,47.5,bonus_as10_gae1_no,107,700000,,,,,117,61,44,23,27,36,8,5,5,36,18,16,6,7,14,1,2,1,2,1,0,false,BIG,4,1,3,V2,0,3_5_fbios_PABUnityIAPiOSDefensiveBase,segment_tag_core_slot_prob_nu_29_06_var_a
68909,2026-04-13 20:13:18,5,5,5,shield,shield,shield,shield,3,true,1,72928408881,108291,5,5,1,10,0,0,3,0,0,19,40,5,0,47.5,bonus_as10_gae1_no,107,700000,,,,,118,61,44,26,27,36,8,5,6,37,18,16,9,7,14,1,2,2,2,2,2,false,NORMAL,2,-1,3,V2,0,3_5_fbios_PABUnityIAPiOSDefensiveBase,segment_tag_core_slot_prob_nu_29_06_var_a
68910,2026-04-13 20:13:20,3,3,3,attack,attack,attack,attack,2,true,0,72928408881,108290,5,5,1,10,3,0,0,0,0,19,40,5,0,47.5,bonus_as10_gae1_no,107,700000,,,,,119,64,44,26,27,36,9,5,6,38,21,16,9,7,14,2,2,2,0,0,0,false,MIN,-3,-4,1,V2,0,3_5_fbios_PABUnityIAPiOSDefensiveBase,segment_tag_core_slot_prob_nu_29_06_var_a
68911,2026-04-13 20:13:37,4,6,2,steal,spins,goldSack,gold,1,false,100000,72778496881,108289,5,5,1,10,0,1,0,1,0,19,40,5,0,47.5,bonus_as10_gae1_no,107,700000,,,,,120,64,45,26,28,36,9,5,6,39,21,17,9,8,14,2,2,2,3,6,4,false,NORMAL,3,1,2,V2,0,3_5_fbios_PABUnityIAPiOSDefensiveBase,segment_tag_core_slot_prob_nu_29_06_var_a
68912,2026-04-13 20:13:38,30,2,2,accumulation,goldSack,goldSack,gold,1,false,150000,72778646881,108288,5,5,1,10,0,0,0,0,1,20,40,5,1,50.0,bonus_as10_gae1_no,107,700000,,,,"{""68171e9b"":""64\/140@m2""}",121,64,45,26,28,37,9,5,6,40,21,17,9,8,15,2,2,2,7,3,8,false,MAX,11,8,3,V2,0,3_5_fbios_PABUnityIAPiOSDefensiveBase,segment_tag_core_slot_prob_nu_29_06_var_a
68913,2026-04-13 20:13:39,1,1,1,coin,coin,coin,gold,1,true,250000,72778896881,108287,5,5,1,10,0,0,0,0,0,20,40,5,0,50.0,bonus_as10_gae1_no,107,700000,,,,,122,64,45,26,28,37,9,5,6,41,21,17,9,8,15,2,2,2,5,5,5,false,NORMAL,2,-1,3,V2,0,3_5_fbios_PABUnityIAPiOSDefensiveBase,segment_tag_core_slot_prob_nu_29_06_var_a
68914,2026-04-13 20:13:40,30,2,2,accumulation,goldSack,goldSack,gold,1,false,150000,72779046881,108286,5,5,1,10,0,0,0,0,1,21,40,5,1,52.5,bonus_as10_gae1_no,107,700000,,,,,123,64,45,26,28,38,9,5,6,42,21,17,9,8,16,2,2,2,3,3,8,false,BIG,7,4,3,V2,0,3_5_fbios_PABUnityIAPiOSDefensiveBase,segment_tag_core_slot_prob_nu_29_06_var_a
68915,2026-04-13 20:13:41,3,1,1,attack,coin,coin,gold,1,false,50000,72779096881,108285,5,5,1,10,1,0,0,0,0,21,40,5,0,52.5,bonus_as10_gae1_no,107,700000,,,,,124,65,45,26,28,38,9,5,6,43,22,17,9,8,16,2,2,2,5,5,0,false,SMALL,-1,-4,3,V2,0,3_5_fbios_PABUnityIAPiOSDefensiveBase,segment_tag_core_slot_prob_nu_29_06_var_a
68916,2026-04-13 20:13:42,30,30,1,accumulation,accumulation,coin,gold,1,false,25000,72779121881,108284,5,5,1,10,0,0,0,0,2,23,40,5,2,57.5,bonus_as10_gae1_no,107,700000,,,,"{""820004c2"":""42\/750@m2"",""68171e9b"":""65\/140@m2""}",125,65,45,26,28,40,9,5,6,44,22,17,9,8,18,2,2,2,5,8,8,false,NORMAL,3,1,2,V2,0,3_5_fbios_PABUnityIAPiOSDefensiveBase,segment_tag_core_slot_prob_nu_29_06_var_a
68917,2026-04-13 20:13:44,1,4,6,coin,steal,spins,gold,1,false,25000,72779146881,108283,5,5,1,10,0,1,0,1,0,23,40,5,0,57.5,bonus_as10_gae1_no,107,700000,,,,"{""c8bff241"":""22\/350@m0""}",126,65,46,26,29,40,9,5,6,45,22,18,9,9,18,2,2,2,6,4,5,false,BIG,6,5,1,V2,0,3_5_fbios_PABUnityIAPiOSDefensiveBase,segment_tag_core_slot_prob_nu_29_06_var_a
68918,2026-04-13 20:13:45,3,1,1,attack,coin,coin,gold,1,false,50000,72779196881,108282,5,5,1,10,1,0,0,0,0,23,40,5,0,57.5,bonus_as10_gae1_no,107,700000,,,,,127,66,46,26,29,40,9,5,6,46,23,18,9,9,18,2,2,2,5,5,0,false,MIN,-3,-4,1,V2,0,3_5_fbios_PABUnityIAPiOSDefensiveBase,segment_tag_core_slot_prob_nu_29_06_var_a
68919,2026-04-13 20:13:45,30,2,2,accumulation,goldSack,goldSack,gold,1,false,150000,72779346881,108281,5,5,1,10,0,0,0,0,1,24,40,5,1,60.0,bonus_as10_gae1_no,107,700000,,,,,128,66,46,26,29,41,9,5,6,47,23,18,9,9,19,2,2,2,3,7,8,false,MAX,8,6,2,V2,0,3_5_fbios_PABUnityIAPiOSDefensiveBase,segment_tag_core_slot_prob_nu_29_06_var_a
68920,2026-04-13 20:13:46,30,2,2,accumulation,goldSack,goldSack,gold,1,false,150000,72779496881,108280,5,5,1,10,0,0,0,0,1,25,40,5,1,62.5,bonus_as10_gae1_no,107,700000,,,,,129,66,46,26,29,42,9,5,6,48,23,18,9,9,20,2,2,2,3,7,8,false,MAX,10,9,1,V2,0,3_5_fbios_PABUnityIAPiOSDefensiveBase,segment_tag_core_slot_prob_nu_29_06_var_a
68921,2026-04-13 20:13:48,30,30,1,accumulation,accumulation,coin,gold,1,false,25000,72779521881,108279,5,5,1,10,0,0,0,0,2,27,40,5,2,67.5,bonus_as10_gae1_no,107,700000,,,,,130,66,46,26,29,44,9,5,6,49,23,18,9,9,22,2,2,2,5,8,8,false,NORMAL,3,2,1,V2,0,3_5_fbios_PABUnityIAPiOSDefensiveBase,segment_tag_core_slot_prob_nu_29_06_var_a
68922,2026-04-13 20:13:49,30,30,1,accumulation,accumulation,coin,gold,1,false,25000,72779546881,108278,5,5,1,10,0,0,0,0,2,29,40,5,2,72.5,bonus_as10_gae1_no,107,700000,,,,,131,66,46,26,29,46,9,5,6,50,23,18,9,9,24,2,2,2,5,8,8,false,NORMAL,3,2,1,V2,0,3_5_fbios_PABUnityIAPiOSDefensiveBase,segment_tag_core_slot_prob_nu_29_06_var_a
68923,2026-04-13 20:13:50,5,2,2,shield,goldSack,goldSack,gold,1,false,150000,72779696881,108277,5,5,1,10,0,0,1,0,0,29,40,5,0,72.5,bonus_as10_gae1_no,107,700000,,,,"{""68171e9b"":""66\/140@m2""}",132,66,46,27,29,46,9,5,6,51,23,18,10,9,24,2,2,2,7,7,2,false,BIG,6,5,1,V2,0,3_5_fbios_PABUnityIAPiOSDefensiveBase,segment_tag_core_slot_prob_nu_29_06_var_a
68924,2026-04-13 20:13:52,2,2,2,goldSack,goldSack,goldSack,gold,1,true,2000000,72781696881,108276,5,5,1,10,0,0,0,0,0,29,40,5,0,72.5,bonus_as10_gae1_no,107,700000,,,,,133,66,46,27,29,46,9,5,6,52,23,18,10,9,24,2,2,2,7,7,3,false,BIG,6,6,0,V2,0,3_5_fbios_PABUnityIAPiOSDefensiveBase,segment_tag_core_slot_prob_nu_29_06_var_a
68925,2026-04-13 20:13:52,1,4,4,coin,steal,steal,gold,1,false,25000,72781721881,108275,5,5,1,10,0,2,0,0,0,29,40,5,0,72.5,bonus_as10_gae1_no,107,700000,,,,,134,66,48,27,29,46,9,5,6,53,23,20,10,9,24,2,2,2,4,4,5,false,NORMAL,1,0,1,V2,0,3_5_fbios_PABUnityIAPiOSDefensiveBase,segment_tag_core_slot_prob_nu_29_06_var_a
68926,2026-04-13 20:13:53,30,30,1,accumulation,accumulation,coin,gold,1,false,25000,72781746881,108274,5,5,1,10,0,0,0,0,2,31,40,5,2,77.5,bonus_as10_gae1_no,107,700000,,,,,135,66,48,27,29,48,9,5,6,54,23,20,10,9,26,2,2,2,5,8,8,false,NORMAL,1,0,1,V2,0,3_5_fbios_PABUnityIAPiOSDefensiveBase,segment_tag_core_slot_prob_nu_29_06_var_a
68927,2026-04-13 20:13:54,1,1,1,coin,coin,coin,gold,1,true,250000,72781996881,108273,5,5,1,10,0,0,0,0,0,31,40,5,0,77.5,bonus_as10_gae1_no,107,700000,,,,,136,66,48,27,29,48,9,5,6,55,23,20,10,9,26,2,2,2,5,1,1,false,MIN,-5,-3,-2,V2,0,3_5_fbios_PABUnityIAPiOSDefensiveBase,segment_tag_core_slot_prob_nu_29_06_var_a
68928,2026-04-13 20:13:55,3,1,1,attack,coin,coin,gold,1,false,50000,72782046881,108272,5,5,1,10,1,0,0,0,0,31,40,5,0,77.5,bonus_as10_gae1_no,107,700000,,,,,137,67,48,27,29,48,9,5,6,56,24,20,10,9,26,2,2,2,1,5,0,false,MIN,-4,-2,-2,V2,0,3_5_fbios_PABUnityIAPiOSDefensiveBase,segment_tag_core_slot_prob_nu_29_06_var_a
68929,2026-04-13 20:13:56,3,6,2,attack,spins,goldSack,gold,1,false,100000,72782146881,108271,5,5,1,10,1,0,0,1,0,31,40,5,0,77.5,bonus_as10_gae1_no,107,700000,,,,,138,68,48,27,30,48,9,5,6,57,25,20,10,10,26,2,2,2,3,6,0,false,NORMAL,3,3,0,V2,0,3_5_fbios_PABUnityIAPiOSDefensiveBase,segment_tag_core_slot_prob_nu_29_06_var_a
68930,2026-04-13 20:13:57,1,6,6,coin,spins,spins,gold,1,false,25000,72782171881,108270,5,5,1,10,0,0,0,2,0,31,40,5,0,77.5,bonus_as10_gae1_no,107,700000,,,,"{""68171e9b"":""67\/140@m2""}",139,68,48,27,32,48,9,5,6,58,25,20,10,12,26,2,2,2,6,6,5,false,NORMAL,1,2,-1,V2,0,3_5_fbios_PABUnityIAPiOSDefensiveBase,segment_tag_core_slot_prob_nu_29_06_var_a
68931,2026-04-13 20:13:58,1,4,4,coin,steal,steal,gold,1,false,25000,72782196881,108269,5,5,1,10,0,2,0,0,0,31,40,5,0,77.5,bonus_as10_gae1_no,107,700000,,,,"{""820004c2"":""44\/750@m2""}",140,68,50,27,32,48,9,5,6,59,25,22,10,12,26,2,2,2,4,4,1,false,MIN,-7,-4,-3,V2,0,3_5_fbios_PABUnityIAPiOSDefensiveBase,segment_tag_core_slot_prob_nu_29_06_var_a
68932,2026-04-13 20:13:59,1,1,1,coin,coin,coin,gold,1,true,250000,72782446881,108268,5,5,1,10,0,0,0,0,0,31,40,5,0,77.5,bonus_as10_gae1_no,107,700000,,,,,141,68,50,27,32,48,9,5,6,60,25,22,10,12,26,2,2,2,1,5,1,false,MIN,-9,-6,-3,V2,0,3_5_fbios_PABUnityIAPiOSDefensiveBase,segment_tag_core_slot_prob_nu_29_06_var_a
68933,2026-04-13 20:13:59,30,2,2,accumulation,goldSack,goldSack,gold,1,false,150000,72782596881,108267,5,5,1,10,0,0,0,0,1,32,40,5,1,80.0,bonus_as10_gae1_no,107,700000,,,,,142,68,50,27,32,49,9,5,6,61,25,22,10,12,27,2,2,2,3,3,8,false,NORMAL,1,4,-3,V2,0,3_5_fbios_PABUnityIAPiOSDefensiveBase,segment_tag_core_slot_prob_nu_29_06_var_a
68934,2026-04-13 20:14:39,3,3,2,attack,attack,goldSack,gold,1,false,100000,72782696881,108266,5,5,1,10,2,0,0,0,0,32,40,5,0,80.0,bonus_as10_gae1_no,107,700000,,,,,143,70,50,27,32,49,9,5,6,62,27,22,10,12,27,2,2,2,3,0,0,false,NORMAL,1,2,-1,V2,0,3_5_fbios_PABUnityIAPiOSDefensiveBase,segment_tag_core_slot_prob_nu_29_06_var_a
68935,2026-04-13 20:14:39,5,5,5,shield,shield,shield,shield,3,true,1,72782696881,108266,5,5,1,10,0,0,3,0,0,32,40,5,0,80.0,bonus_as10_gae1_no,107,700000,,,,,144,70,50,30,32,49,9,5,7,63,27,22,13,12,27,2,2,3,2,2,2,false,SMALL,-2,-1,-1,V2,0,3_5_fbios_PABUnityIAPiOSDefensiveBase,segment_tag_core_slot_prob_nu_29_06_var_a
68936,2026-04-13 20:14:41,4,6,2,steal,spins,goldSack,gold,1,false,100000,72782796881,108265,5,5,1,10,0,1,0,1,0,32,40,5,0,80.0,bonus_as10_gae1_no,107,700000,,,,,145,70,51,30,33,49,9,5,7,64,27,23,13,13,27,2,2,3,7,6,4,false,SMALL,-2,-1,-1,V2,0,3_5_fbios_PABUnityIAPiOSDefensiveBase,segment_tag_core_slot_prob_nu_29_06_var_a
68937,2026-04-13 20:14:41,30,2,2,accumulation,goldSack,goldSack,gold,1,false,150000,72782946881,108264,5,5,1,10,0,0,0,0,1,33,40,5,1,82.5,bonus_as10_gae1_no,107,700000,,,,,146,70,51,30,33,50,9,5,7,65,27,23,13,13,28,2,2,3,3,7,8,false,MAX,8,7,1,V2,0,3_5_fbios_PABUnityIAPiOSDefensiveBase,segment_tag_core_slot_prob_nu_29_06_var_a
68938,2026-04-13 20:14:43,30,2,2,accumulation,goldSack,goldSack,gold,1,false,150000,72783096881,108263,5,5,1,10,0,0,0,0,1,34,40,5,1,85.0,bonus_as10_gae1_no,107,700000,,,,"{""c8bff241"":""24\/350@m0""}",147,70,51,30,33,51,9,5,7,66,27,23,13,13,29,2,2,3,7,7,8,false,MAX,12,10,2,V2,0,3_5_fbios_PABUnityIAPiOSDefensiveBase,segment_tag_core_slot_prob_nu_29_06_var_a
68939,2026-04-13 20:14:44,3,3,3,attack,attack,attack,attack,2,true,0,72783096881,108262,5,5,1,10,3,0,0,0,0,34,40,5,0,85.0,bonus_as10_gae1_no,107,700000,,,,,148,73,51,30,33,51,10,5,7,67,30,23,13,13,29,3,2,3,0,0,0,false,NORMAL,0,-2,2,V2,0,3_5_fbios_PABUnityIAPiOSDefensiveBase,segment_tag_core_slot_prob_nu_29_06_var_a
68940,2026-04-13 20:14:50,3,1,1,attack,coin,coin,gold,1,false,50000,72791726881,108261,5,5,1,10,1,0,0,0,0,34,40,5,0,85.0,bonus_as10_gae1_no,107,700000,,,,"{""68171e9b"":""68\/140@m2""}",149,74,51,30,33,51,10,5,7,68,31,23,13,13,29,3,2,3,1,1,0,false,NORMAL,3,1,2,V2,0,3_5_fbios_PABUnityIAPiOSDefensiveBase,segment_tag_core_slot_prob_nu_29_06_var_a
68941,2026-04-13 20:14:51,3,3,3,attack,attack,attack,attack,2,true,0,72791726881,108260,5,5,1,10,3,0,0,0,0,34,40,5,0,85.0,bonus_as10_gae1_no,107,700000,,,,"{""820004c2"":""46\/750@m2""}",150,77,51,30,33,51,11,5,7,69,34,23,13,13,29,4,2,3,0,0,0,false,SMALL,-1,-1,0,V2,0,3_5_fbios_PABUnityIAPiOSDefensiveBase,segment_tag_core_slot_prob_nu_29_06_var_a
68942,2026-04-13 20:15:01,3,3,2,attack,attack,goldSack,gold,1,false,100000,72800406881,108259,5,5,1,10,2,0,0,0,0,34,40,5,0,85.0,bonus_as10_gae1_no,107,700000,,,,,151,79,51,30,33,51,11,5,7,70,36,23,13,13,29,4,2,3,3,0,0,false,NORMAL,3,2,1,V2,0,3_5_fbios_PABUnityIAPiOSDefensiveBase,segment_tag_core_slot_prob_nu_29_06_var_a
68943,2026-04-13 20:15:02,3,4,2,attack,steal,goldSack,gold,1,false,100000,72800506881,108258,5,5,1,10,1,1,0,0,0,34,40,5,0,85.0,bonus_as10_gae1_no,107,700000,,,,,152,80,52,30,33,51,11,5,7,71,37,24,13,13,29,4,2,3,3,4,0,false,BIG,5,5,0,V2,0,3_5_fbios_PABUnityIAPiOSDefensiveBase,segment_tag_core_slot_prob_nu_29_06_var_a
68944,2026-04-13 20:15:02,3,1,1,attack,coin,coin,gold,1,false,50000,72800556881,108257,5,5,1,10,1,0,0,0,0,34,40,5,0,85.0,bonus_as10_gae1_no,107,700000,,,,,153,81,52,30,33,51,11,5,7,72,38,24,13,13,29,4,2,3,1,1,0,false,NORMAL,1,1,0,V2,0,3_5_fbios_PABUnityIAPiOSDefensiveBase,segment_tag_core_slot_prob_nu_29_06_var_a
68945,2026-04-13 20:15:03,2,2,2,goldSack,goldSack,goldSack,gold,1,true,2000000,72802556881,108256,5,5,1,10,0,0,0,0,0,34,40,5,0,85.0,bonus_as10_gae1_no,107,700000,,,,,154,81,52,30,33,51,11,5,7,73,38,24,13,13,29,4,2,3,7,3,3,false,BIG,5,5,0,V2,0,3_5_fbios_PABUnityIAPiOSDefensiveBase,segment_tag_core_slot_prob_nu_29_06_var_a
68946,2026-04-13 20:15:04,4,6,2,steal,spins,goldSack,gold,1,false,100000,72802656881,108255,5,5,1,10,0,1,0,1,0,34,40,5,0,85.0,bonus_as10_gae1_no,107,700000,,,,,155,81,53,30,34,51,11,5,7,74,38,25,13,14,29,4,2,3,7,6,4,false,NORMAL,2,2,0,V2,0,3_5_fbios_PABUnityIAPiOSDefensiveBase,segment_tag_core_slot_prob_nu_29_06_var_a
68947,2026-04-13 20:15:05,30,30,30,accumulation,accumulation,accumulation,gold,10,true,0,72802656881,108254,5,5,1,10,0,0,0,0,3,4,45,6,0,8.9,,107,700000,,,,"{""820004c2"":""48\/750@m2""}",156,81,53,30,34,54,11,5,7,75,38,25,13,14,32,4,2,3,8,8,8,true,BIG,4,2,2,V2,0,3_5_fbios_PABUnityIAPiOSDefensiveBase,segment_tag_core_slot_prob_nu_29_06_var_a
68948,2026-04-13 20:15:08,1,1,1,coin,coin,coin,gold,1,true,250000,72902906881,108253,5,5,1,10,0,0,0,0,0,4,45,6,0,8.9,,107,700000,,,,,1,0,0,0,0,0,0,0,0,76,38,25,13,14,32,4,2,3,5,1,1,false,MIN,-6,-5,-1,V2,0,3_5_fbios_PABUnityIAPiOSDefensiveBase,segment_tag_core_slot_prob_nu_29_06_var_a
68949,2026-04-13 20:15:08,3,3,3,attack,attack,attack,attack,2,true,0,72902906881,108252,5,5,1,10,3,0,0,0,0,4,45,6,0,8.9,,107,700000,,,,,2,3,0,0,0,0,1,0,0,77,41,25,13,14,32,5,2,3,0,0,0,false,SMALL,-2,-2,0,V2,0,3_5_fbios_PABUnityIAPiOSDefensiveBase,segment_tag_core_slot_prob_nu_29_06_var_a
68950,2026-04-13 20:15:13,30,2,2,accumulation,goldSack,goldSack,gold,1,false,150000,72929056881,108251,5,5,1,10,0,0,0,0,1,5,45,6,1,11.1,,107,700000,,,,"{""68171e9b"":""69\/140@m2""}",3,3,0,0,0,1,1,0,0,78,41,25,13,14,33,5,2,3,7,7,8,false,MAX,11,8,3,V2,0,3_5_fbios_PABUnityIAPiOSDefensiveBase,segment_tag_core_slot_prob_nu_29_06_var_a
68951,2026-04-13 20:15:14,1,4,4,coin,steal,steal,gold,1,false,25000,72929081881,108250,5,5,1,10,0,2,0,0,0,5,45,6,0,11.1,,107,700000,,,,,4,3,2,0,0,1,1,0,0,79,41,27,13,14,33,5,2,3,4,4,5,false,NORMAL,2,1,1,V2,0,3_5_fbios_PABUnityIAPiOSDefensiveBase,segment_tag_core_slot_prob_nu_29_06_var_a
68952,2026-04-13 20:15:15,3,1,1,attack,coin,coin,gold,1,false,50000,72929131881,108249,5,5,1,10,1,0,0,0,0,5,45,6,0,11.1,,107,700000,,,,,5,4,2,0,0,1,1,0,0,80,42,27,13,14,33,5,2,3,1,1,0,false,NORMAL,1,0,1,V2,0,3_5_fbios_PABUnityIAPiOSDefensiveBase,segment_tag_core_slot_prob_nu_29_06_var_a
68953,2026-04-13 20:15:16,1,6,6,coin,spins,spins,gold,1,false,25000,72929156881,108248,5,5,1,10,0,0,0,2,0,5,45,6,0,11.1,,107,700000,,,,,6,4,2,0,2,1,1,0,0,81,42,27,13,16,33,5,2,3,6,6,1,false,MIN,-4,-3,-1,V2,0,3_5_fbios_PABUnityIAPiOSDefensiveBase,segment_tag_core_slot_prob_nu_29_06_var_a
68954,2026-04-13 20:15:16,1,4,6,coin,steal,spins,gold,1,false,25000,72929181881,108247,5,5,1,10,0,1,0,1,0,5,45,6,0,11.1,,107,700000,,,,,7,4,3,0,3,1,1,0,0,82,42,28,13,17,33,5,2,3,6,4,1,false,SMALL,-2,-1,-1,V2,0,3_5_fbios_PABUnityIAPiOSDefensiveBase,segment_tag_core_slot_prob_nu_29_06_var_a
68955,2026-04-13 20:15:17,1,1,1,coin,coin,coin,gold,1,true,250000,72929431881,108246,5,5,1,10,0,0,0,0,0,5,45,6,0,11.1,,107,700000,,,,,8,4,3,0,3,1,1,0,0,83,42,28,13,17,33,5,2,3,1,5,1,false,MIN,-8,-6,-2,V2,0,3_5_fbios_PABUnityIAPiOSDefensiveBase,segment_tag_core_slot_prob_nu_29_06_var_a
68956,2026-04-13 20:15:18,3,1,1,attack,coin,coin,gold,1,false,50000,72929481881,108245,5,5,1,10,1,0,0,0,0,5,45,6,0,11.1,,107,700000,,,,"{""820004c2"":""50\/750@m2""}",9,5,3,0,3,1,1,0,0,84,43,28,13,17,33,5,2,3,1,1,0,false,SMALL,-1,1,-2,V2,0,3_5_fbios_PABUnityIAPiOSDefensiveBase,segment_tag_core_slot_prob_nu_29_06_var_a
68957,2026-04-13 20:15:19,2,2,2,goldSack,goldSack,goldSack,gold,1,true,2000000,72931481881,108244,5,5,1,10,0,0,0,0,0,5,45,6,0,11.1,,107,700000,,,,,10,5,3,0,3,1,1,0,0,85,43,28,13,17,33,5,2,3,7,3,7,false,NORMAL,1,1,0,V2,0,3_5_fbios_PABUnityIAPiOSDefensiveBase,segment_tag_core_slot_prob_nu_29_06_var_a
68958,2026-04-13 20:15:20,2,2,2,goldSack,goldSack,goldSack,gold,1,true,2000000,72933481881,108243,5,5,1,10,0,0,0,0,0,5,45,6,0,11.1,,107,700000,,,,"{""68171e9b"":""70\/140@m2""}",11,5,3,0,3,1,1,0,0,86,43,28,13,17,33,5,2,3,3,3,3,false,NORMAL,3,3,0,V2,0,3_5_fbios_PABUnityIAPiOSDefensiveBase,segment_tag_core_slot_prob_nu_29_06_var_a
68959,2026-04-13 20:15:21,30,2,2,accumulation,goldSack,goldSack,gold,1,false,150000,72933631881,108242,5,5,1,10,0,0,0,0,1,6,45,6,1,13.3,,107,700000,,,,,12,5,3,0,3,2,1,0,0,87,43,28,13,17,34,5,2,3,3,3,8,false,BIG,4,5,-1,V2,0,3_5_fbios_PABUnityIAPiOSDefensiveBase,segment_tag_core_slot_prob_nu_29_06_var_a
68960,2026-04-13 20:15:22,3,3,3,attack,attack,attack,attack,2,true,0,72933631881,108241,5,5,1,10,3,0,0,0,0,6,45,6,0,13.3,,107,700000,,,,,13,8,3,0,3,2,2,0,0,88,46,28,13,17,34,6,2,3,0,0,0,false,MIN,-3,-2,-1,V2,0,3_5_fbios_PABUnityIAPiOSDefensiveBase,segment_tag_core_slot_prob_nu_29_06_var_a
68961,2026-04-13 20:15:32,2,2,2,goldSack,goldSack,goldSack,gold,1,true,2000000,72944211881,108240,5,5,1,10,0,0,0,0,0,6,45,6,0,13.3,,107,700000,,,,,14,8,3,0,3,2,2,0,0,89,46,28,13,17,34,6,2,3,7,3,3,false,BIG,5,5,0,V2,0,3_5_fbios_PABUnityIAPiOSDefensiveBase,segment_tag_core_slot_prob_nu_29_06_var_a
68962,2026-04-13 20:15:33,3,4,2,attack,steal,goldSack,gold,1,false,100000,72944311881,108239,5,5,1,10,1,1,0,0,0,6,45,6,0,13.3,,107,700000,,,,,15,9,4,0,3,2,2,0,0,90,47,29,13,17,34,6,2,3,7,4,0,false,NORMAL,0,0,0,V2,0,3_5_fbios_PABUnityIAPiOSDefensiveBase,segment_tag_core_slot_prob_nu_29_06_var_a
68963,2026-04-13 20:15:34,3,3,3,attack,attack,attack,attack,2,true,0,72944311881,108238,5,5,1,10,3,0,0,0,0,6,45,6,0,13.3,,107,700000,,,,"{""820004c2"":""52\/750@m2""}",16,12,4,0,3,2,3,0,0,91,50,29,13,17,34,7,2,3,0,0,0,false,SMALL,-1,-1,0,V2,0,3_5_fbios_PABUnityIAPiOSDefensiveBase,segment_tag_core_slot_prob_nu_29_06_var_a
68964,2026-04-13 20:15:41,5,5,5,shield,shield,shield,shield,3,true,1,72970311881,108238,5,5,1,10,0,0,3,0,0,6,45,6,0,13.3,,107,700000,,,,"{""68171e9b"":""71\/140@m2""}",17,12,4,3,3,2,3,0,1,92,50,29,16,17,34,7,2,4,2,2,2,false,NORMAL,0,-1,1,V2,0,3_5_fbios_PABUnityIAPiOSDefensiveBase,segment_tag_core_slot_prob_nu_29_06_var_a
68965,2026-04-13 20:15:42,4,6,2,steal,spins,goldSack,gold,1,false,100000,72970411881,108237,5,5,1,10,0,1,0,1,0,6,45,6,0,13.3,,107,700000,,,,,18,12,5,3,4,2,3,0,1,93,50,30,16,18,34,7,2,4,7,6,4,false,NORMAL,0,-1,1,V2,0,3_5_fbios_PABUnityIAPiOSDefensiveBase,segment_tag_core_slot_prob_nu_29_06_var_a
68966,2026-04-13 20:15:43,30,30,1,accumulation,accumulation,coin,gold,1,false,25000,72970436881,108236,5,5,1,10,0,0,0,0,2,8,45,6,2,17.8,,107,700000,,,,,19,12,5,3,4,4,3,0,1,94,50,30,16,18,36,7,2,4,1,8,8,false,NORMAL,2,1,1,V2,0,3_5_fbios_PABUnityIAPiOSDefensiveBase,segment_tag_core_slot_prob_nu_29_06_var_a
68967,2026-04-13 20:15:44,30,2,2,accumulation,goldSack,goldSack,gold,1,false,150000,72970586881,108235,5,5,1,10,0,0,0,0,1,9,45,6,1,20.0,,107,700000,,,,,20,12,5,3,4,5,3,0,1,95,50,30,16,18,37,7,2,4,7,3,8,false,MAX,9,8,1,V2,0,3_5_fbios_PABUnityIAPiOSDefensiveBase,segment_tag_core_slot_prob_nu_29_06_var_a
68968,2026-04-13 20:15:46,1,1,1,coin,coin,coin,gold,1,true,250000,72970836881,108234,5,5,1,10,0,0,0,0,0,9,45,6,0,20.0,,107,700000,,,,"{""c8bff241"":""26\/350@m0""}",21,12,5,3,4,5,3,0,1,96,50,30,16,18,37,7,2,4,1,5,1,false,MIN,-9,-7,-2,V2,0,3_5_fbios_PABUnityIAPiOSDefensiveBase,segment_tag_core_slot_prob_nu_29_06_var_a
68969,2026-04-13 20:15:46,3,1,1,attack,coin,coin,gold,1,false,50000,72970886881,108233,5,5,1,10,1,0,0,0,0,9,45,6,0,20.0,,107,700000,,,,,22,13,5,3,4,5,3,0,1,97,51,30,16,18,37,7,2,4,5,5,0,false,MIN,-6,-4,-2,V2,0,3_5_fbios_PABUnityIAPiOSDefensiveBase,segment_tag_core_slot_prob_nu_29_06_var_a
68970,2026-04-13 20:15:47,3,1,1,attack,coin,coin,gold,1,false,50000,72970936881,108232,5,5,1,10,1,0,0,0,0,9,45,6,0,20.0,,107,700000,,,,,23,14,5,3,4,5,3,0,1,98,52,30,16,18,37,7,2,4,5,1,0,false,NORMAL,1,1,0,V2,0,3_5_fbios_PABUnityIAPiOSDefensiveBase,segment_tag_core_slot_prob_nu_29_06_var_a
68971,2026-04-13 20:15:48,30,2,2,accumulation,goldSack,goldSack,gold,1,false,150000,72971086881,108231,5,5,1,10,0,0,0,0,1,10,45,6,1,22.2,,107,700000,,,,"{""68171e9b"":""72\/140@m2""}",24,14,5,3,4,6,3,0,1,99,52,30,16,18,38,7,2,4,3,7,8,false,BIG,7,6,1,V2,0,3_5_fbios_PABUnityIAPiOSDefensiveBase,segment_tag_core_slot_prob_nu_29_06_var_a
68972,2026-04-13 20:15:50,6,6,6,spins,spins,spins,spins,5,true,10,72971086881,108240,5,5,1,10,0,0,0,3,0,10,45,6,0,22.2,,107,700000,,,,,25,14,5,3,7,6,3,0,1,100,52,30,16,21,38,7,2,4,6,6,6,true,NORMAL,0,0,0,V2,0,3_5_fbios_PABUnityIAPiOSDefensiveBase,segment_tag_core_slot_prob_nu_29_06_var_a
68973,2026-04-13 20:17:23,4,6,2,steal,spins,goldSack,gold,1,false,100000,72971186881,108239,5,5,1,10,0,1,0,1,0,10,45,6,0,22.2,,107,700000,,,,,26,14,6,3,8,6,3,0,1,1,0,1,0,1,0,0,0,0,3,6,4,false,NORMAL,1,0,1,V2,0,3_5_fbios_PABUnityIAPiOSDefensiveBase,segment_tag_core_slot_prob_nu_29_06_var_a
68974,2026-04-13 20:17:24,1,4,6,coin,steal,spins,gold,1,false,25000,72971211881,108238,5,5,1,10,0,1,0,1,0,10,45,6,0,22.2,,107,700000,,,,,27,14,7,3,9,6,3,0,1,2,0,2,0,2,0,0,0,0,6,4,1,false,SMALL,-1,-2,1,V2,0,3_5_fbios_PABUnityIAPiOSDefensiveBase,segment_tag_core_slot_prob_nu_29_06_var_a
68975,2026-04-13 20:17:25,30,2,2,accumulation,goldSack,goldSack,gold,1,false,150000,72971361881,108237,5,5,1,10,0,0,0,0,1,11,45,6,1,24.4,,107,700000,,,,,28,14,7,3,9,7,3,0,1,3,0,2,0,2,1,0,0,0,3,3,8,false,BIG,6,5,1,V2,0,3_5_fbios_PABUnityIAPiOSDefensiveBase,segment_tag_core_slot_prob_nu_29_06_var_a
68976,2026-04-13 20:17:26,5,5,5,shield,shield,shield,shield,3,true,1,72971361881,108237,5,5,1,10,0,0,3,0,0,11,45,6,0,24.4,,107,700000,,,,"{""68171e9b"":""73\/140@m2""}",29,14,7,6,9,7,3,0,2,4,0,2,3,2,1,0,0,1,2,2,2,false,NORMAL,1,-1,2,V2,0,3_5_fbios_PABUnityIAPiOSDefensiveBase,segment_tag_core_slot_prob_nu_29_06_var_a
68977,2026-04-13 20:17:27,1,4,6,coin,steal,spins,gold,1,false,25000,72971386881,108236,5,5,1,10,0,1,0,1,0,11,45,6,0,24.4,,107,700000,,,,,30,14,8,6,10,7,3,0,2,5,0,3,3,3,1,0,0,1,6,4,1,false,MIN,-5,-5,0,V2,0,3_5_fbios_PABUnityIAPiOSDefensiveBase,segment_tag_core_slot_prob_nu_29_06_var_a
68978,2026-04-13 20:17:28,1,6,6,coin,spins,spins,gold,1,false,25000,72971411881,108235,5,5,1,10,0,0,0,2,0,11,45,6,0,24.4,,107,700000,,,,,31,14,8,6,12,7,3,0,2,6,0,3,3,5,1,0,0,1,6,6,5,false,NORMAL,3,3,0,V2,0,3_5_fbios_PABUnityIAPiOSDefensiveBase,segment_tag_core_slot_prob_nu_29_06_var_a
68979,2026-04-13 20:17:29,1,5,5,coin,shield,shield,gold,1,false,25000,72971436881,108234,5,5,1,10,0,0,2,0,0,11,45,6,0,24.4,,107,700000,,,,,32,14,8,8,12,7,3,0,2,7,0,3,5,5,1,0,0,1,2,2,1,false,MIN,-6,-3,-3,V2,0,3_5_fbios_PABUnityIAPiOSDefensiveBase,segment_tag_core_slot_prob_nu_29_06_var_a
68980,2026-04-13 20:17:30,3,6,2,attack,spins,goldSack,gold,1,false,100000,72971536881,108233,5,5,1,10,1,0,0,1,0,11,45,6,0,24.4,,107,700000,,,,,33,15,8,8,13,7,3,0,2,8,1,3,5,6,1,0,0,1,7,6,0,false,MIN,-5,-3,-2,V2,0,3_5_fbios_PABUnityIAPiOSDefensiveBase,segment_tag_core_slot_prob_nu_29_06_var_a
68981,2026-04-13 20:17:30,4,4,4,steal,steal,steal,steal,4,true,0,72971536881,108232,5,5,1,10,0,3,0,0,0,11,45,6,0,24.4,,107,700000,,,,,34,15,11,8,13,7,3,1,2,9,1,6,5,6,1,0,1,1,4,4,4,false,MIN,-5,-5,0,V2,0,3_5_fbios_PABUnityIAPiOSDefensiveBase,segment_tag_core_slot_prob_nu_29_06_var_a
68982,2026-04-13 20:17:37,2,2,2,goldSack,goldSack,goldSack,gold,1,true,2000000,73132128881,108231,5,5,1,10,0,0,0,0,0,11,45,6,0,24.4,,107,700000,,,,"{""820004c2"":""54\/750@m2""}",35,15,11,8,13,7,3,1,2,10,1,6,5,6,1,0,1,1,7,7,3,false,MAX,9,7,2,V2,0,3_5_fbios_PABUnityIAPiOSDefensiveBase,segment_tag_core_slot_prob_nu_29_06_var_a
68983,2026-04-13 20:17:38,3,6,2,attack,spins,goldSack,gold,1,false,100000,73132228881,108230,5,5,1,10,1,0,0,1,0,11,45,6,0,24.4,,107,700000,,,,,36,16,11,8,14,7,3,1,2,11,2,6,5,7,1,0,1,1,7,6,0,false,NORMAL,1,-1,2,V2,0,3_5_fbios_PABUnityIAPiOSDefensiveBase,segment_tag_core_slot_prob_nu_29_06_var_a
68984,2026-04-13 20:17:39,5,5,5,shield,shield,shield,shield,3,true,1,73132228881,108230,5,5,1,10,0,0,3,0,0,11,45,6,0,24.4,,107,700000,,,,,37,16,11,11,14,7,3,1,3,12,2,6,8,7,1,0,1,2,2,2,2,false,NORMAL,1,-1,2,V2,0,3_5_fbios_PABUnityIAPiOSDefensiveBase,segment_tag_core_slot_prob_nu_29_06_var_a
68985,2026-04-13 20:17:40,30,30,1,accumulation,accumulation,coin,gold,1,false,25000,73132253881,108229,5,5,1,10,0,0,0,0,2,13,45,6,2,28.9,,107,700000,,,,,38,16,11,11,14,9,3,1,3,13,2,6,8,7,3,0,1,2,5,8,8,false,NORMAL,1,-2,3,V2,0,3_5_fbios_PABUnityIAPiOSDefensiveBase,segment_tag_core_slot_prob_nu_29_06_var_a
68986,2026-04-13 20:17:41,3,3,3,attack,attack,attack,attack,2,true,0,73132253881,108228,5,5,1,10,3,0,0,0,0,13,45,6,0,28.9,,107,700000,,,,"{""68171e9b"":""74\/140@m2""}",39,19,11,11,14,9,4,1,3,14,5,6,8,7,3,1,1,2,0,0,0,false,SMALL,-1,-2,1,V2,0,3_5_fbios_PABUnityIAPiOSDefensiveBase,segment_tag_core_slot_prob_nu_29_06_var_a
68987,2026-04-13 20:17:57,1,4,6,coin,steal,spins,gold,1,false,25000,73140858881,108227,5,5,1,10,0,1,0,1,0,13,45,6,0,28.9,,107,700000,,,,,40,19,12,11,15,9,4,1,3,15,5,7,8,8,3,1,1,2,6,4,5,false,BIG,5,4,1,V2,0,3_5_fbios_PABUnityIAPiOSDefensiveBase,segment_tag_core_slot_prob_nu_29_06_var_a
68988,2026-04-13 20:17:58,3,1,1,attack,coin,coin,gold,1,false,50000,73140908881,108226,5,5,1,10,1,0,0,0,0,13,45,6,0,28.9,,107,700000,,,,,41,20,12,11,15,9,4,1,3,16,6,7,8,8,3,1,1,2,5,5,0,false,MIN,-3,-4,1,V2,0,3_5_fbios_PABUnityIAPiOSDefensiveBase,segment_tag_core_slot_prob_nu_29_06_var_a
68989,2026-04-13 20:17:59,3,1,5,attack,coin,shield,gold,1,false,25000,73140933881,108225,5,5,1,10,1,0,1,0,0,13,45,6,0,28.9,,107,700000,,,,,42,21,12,12,15,9,4,1,3,17,7,7,9,8,3,1,1,2,2,1,0,false,NORMAL,2,1,1,V2,0,3_5_fbios_PABUnityIAPiOSDefensiveBase,segment_tag_core_slot_prob_nu_29_06_var_a
68990,2026-04-13 20:18:00,3,6,2,attack,spins,goldSack,gold,1,false,100000,73141033881,108224,5,5,1,10,1,0,0,1,0,13,45,6,0,28.9,,107,700000,,,,"{""820004c2"":""56\/750@m2""}",43,22,12,12,16,9,4,1,3,18,8,7,9,9,3,1,1,2,7,6,0,false,SMALL,-1,-2,1,V2,0,3_5_fbios_PABUnityIAPiOSDefensiveBase,segment_tag_core_slot_prob_nu_29_06_var_a
68991,2026-04-13 20:18:00,30,2,2,accumulation,goldSack,goldSack,gold,1,false,150000,73141183881,108223,5,5,1,10,0,0,0,0,1,14,45,6,1,31.1,,107,700000,,,,,44,22,12,12,16,10,4,1,3,19,8,7,9,9,4,1,1,2,7,3,8,false,MAX,10,8,2,V2,0,3_5_fbios_PABUnityIAPiOSDefensiveBase,segment_tag_core_slot_prob_nu_29_06_var_a
68992,2026-04-13 20:18:02,3,3,2,attack,attack,goldSack,gold,1,false,100000,73141283881,108222,5,5,1,10,2,0,0,0,0,14,45,6,0,31.1,,107,700000,,,,,45,24,12,12,16,10,4,1,3,20,10,7,9,9,4,1,1,2,7,0,0,false,NORMAL,1,-1,2,V2,0,3_5_fbios_PABUnityIAPiOSDefensiveBase,segment_tag_core_slot_prob_nu_29_06_var_a
68993,2026-04-13 20:18:03,4,6,2,steal,spins,goldSack,gold,1,false,100000,73141383881,108221,5,5,1,10,0,1,0,1,0,14,45,6,0,31.1,,107,700000,,,,"{""c8bff241"":""28\/350@m0"",""68171e9b"":""75\/140@m2""}",46,24,13,12,17,10,4,1,3,21,10,8,9,10,4,1,1,2,3,6,4,false,BIG,4,1,3,V2,0,3_5_fbios_PABUnityIAPiOSDefensiveBase,segment_tag_core_slot_prob_nu_29_06_var_a
68994,2026-04-13 20:18:04,5,5,5,shield,shield,shield,shield,3,true,1,73141383881,108221,5,5,1,10,0,0,3,0,0,14,45,6,0,31.1,,107,700000,,,,,47,24,13,15,17,10,4,1,4,22,10,8,12,10,4,1,1,3,2,2,2,false,BIG,4,0,4,V2,0,3_5_fbios_PABUnityIAPiOSDefensiveBase,segment_tag_core_slot_prob_nu_29_06_var_a
68995,2026-04-13 20:18:05,3,1,1,attack,coin,coin,gold,1,false,50000,73141433881,108220,5,5,1,10,1,0,0,0,0,14,45,6,0,31.1,,107,700000,,,,,48,25,13,15,17,10,4,1,4,23,11,8,12,10,4,1,1,3,1,5,0,false,NORMAL,0,-4,4,V2,0,3_5_fbios_PABUnityIAPiOSDefensiveBase,segment_tag_core_slot_prob_nu_29_06_var_a
68996,2026-04-13 20:18:06,3,4,2,attack,steal,goldSack,gold,1,false,100000,73141533881,108219,5,5,1,10,1,1,0,0,0,14,45,6,0,31.1,,107,700000,,,,,49,26,14,15,17,10,4,1,4,24,12,9,12,10,4,1,1,3,7,4,0,false,NORMAL,3,0,3,V2,0,3_5_fbios_PABUnityIAPiOSDefensiveBase,segment_tag_core_slot_prob_nu_29_06_var_a
68997,2026-04-13 20:18:06,4,6,2,steal,spins,goldSack,gold,1,false,100000,73141633881,108218,5,5,1,10,0,1,0,1,0,14,45,6,0,31.1,,107,700000,,,,"{""68171e9b"":""76\/140@m2""}",50,26,15,15,18,10,4,1,4,25,12,10,12,11,4,1,1,3,3,6,4,false,BIG,5,1,4,V2,0,3_5_fbios_PABUnityIAPiOSDefensiveBase,segment_tag_core_slot_prob_nu_29_06_var_a
68998,2026-04-13 20:18:07,2,2,2,goldSack,goldSack,goldSack,gold,1,true,2000000,73143633881,108217,5,5,1,10,0,0,0,0,0,14,45,6,0,31.1,,107,700000,,,,,51,26,15,15,18,10,4,1,4,26,12,10,12,11,4,1,1,3,7,7,3,false,MAX,10,7,3,V2,0,3_5_fbios_PABUnityIAPiOSDefensiveBase,segment_tag_core_slot_prob_nu_29_06_var_a
68999,2026-04-13 20:18:08,30,2,2,accumulation,goldSack,goldSack,gold,1,false,150000,73143783881,108216,5,5,1,10,0,0,0,0,1,15,45,6,1,33.3,,107,700000,,,,"{""820004c2"":""58\/750@m2""}",52,26,15,15,18,11,4,1,4,27,12,10,12,11,5,1,1,3,7,3,8,false,MAX,12,9,3,V2,0,3_5_fbios_PABUnityIAPiOSDefensiveBase,segment_tag_core_slot_prob_nu_29_06_var_a
69000,2026-04-13 20:18:09,1,4,4,coin,steal,steal,gold,1,false,25000,73143808881,108215,5,5,1,10,0,2,0,0,0,15,45,6,0,33.3,,107,700000,,,,,53,26,17,15,18,11,4,1,4,28,12,12,12,11,5,1,1,3,4,4,5,false,BIG,4,1,3,V2,0,3_5_fbios_PABUnityIAPiOSDefensiveBase,segment_tag_core_slot_prob_nu_29_06_var_a
69001,2026-04-13 20:18:10,5,5,5,shield,shield,shield,shield,3,true,1,73143808881,108215,5,5,1,10,0,0,3,0,0,15,45,6,0,33.3,,107,700000,,,,"{""820004c2"":""60\/750@m2""}",54,26,17,18,18,11,4,1,5,29,12,12,15,11,5,1,1,4,2,2,2,false,NORMAL,2,-1,3,V2,0,3_5_fbios_PABUnityIAPiOSDefensiveBase,segment_tag_core_slot_prob_nu_29_06_var_a
69002,2026-04-13 20:18:12,1,4,4,coin,steal,steal,gold,1,false,25000,73143833881,108214,5,5,1,10,0,2,0,0,0,15,45,6,0,33.3,,107,700000,,,,,55,26,19,18,18,11,4,1,5,30,12,14,15,11,5,1,1,4,4,4,1,false,MIN,-7,-6,-1,V2,0,3_5_fbios_PABUnityIAPiOSDefensiveBase,segment_tag_core_slot_prob_nu_29_06_var_a
69003,2026-04-13 20:18:12,3,3,2,attack,attack,goldSack,gold,1,false,100000,73143933881,108213,5,5,1,10,2,0,0,0,0,15,45,6,0,33.3,,107,700000,,,,"{""c8bff241"":""30\/350@m0""}",56,28,19,18,18,11,4,1,5,31,14,14,15,11,5,1,1,4,7,0,0,false,MIN,-4,-2,-2,V2,0,3_5_fbios_PABUnityIAPiOSDefensiveBase,segment_tag_core_slot_prob_nu_29_06_var_a
69004,2026-04-13 20:18:13,1,6,6,coin,spins,spins,gold,1,false,25000,73143958881,108212,5,5,1,10,0,0,0,2,0,15,45,6,0,33.3,,107,700000,,,,"{""820004c2"":""62\/750@m2""}",57,28,19,18,20,11,4,1,5,32,14,14,15,13,5,1,1,4,6,6,1,false,MIN,-5,-3,-2,V2,0,3_5_fbios_PABUnityIAPiOSDefensiveBase,segment_tag_core_slot_prob_nu_29_06_var_a
69005,2026-04-13 20:18:14,30,2,2,accumulation,goldSack,goldSack,gold,1,false,150000,73144108881,108211,5,5,1,10,0,0,0,0,1,16,45,6,1,35.6,,107,700000,,,,,58,28,19,18,20,12,4,1,5,33,14,14,15,13,6,1,1,4,3,3,8,false,NORMAL,2,4,-2,V2,0,3_5_fbios_PABUnityIAPiOSDefensiveBase,segment_tag_core_slot_prob_nu_29_06_var_a
69006,2026-04-13 20:18:15,2,2,2,goldSack,goldSack,goldSack,gold,1,true,2000000,73146108881,108210,5,5,1,10,0,0,0,0,0,16,45,6,0,35.6,,107,700000,,,,"{""820004c2"":""64\/750@m2""}",59,28,19,18,20,12,4,1,5,34,14,14,15,13,6,1,1,4,3,7,7,false,NORMAL,3,4,-1,V2,0,3_5_fbios_PABUnityIAPiOSDefensiveBase,segment_tag_core_slot_prob_nu_29_06_var_a
69007,2026-04-13 20:18:16,6,6,6,spins,spins,spins,spins,5,true,10,73146108881,108219,5,5,1,10,0,0,0,3,0,16,45,6,0,35.6,,107,700000,,,,,60,28,19,18,23,12,4,1,5,35,14,14,15,16,6,1,1,4,6,6,6,true,SMALL,-1,0,-1,V2,0,3_5_fbios_PABUnityIAPiOSDefensiveBase,segment_tag_core_slot_prob_nu_29_06_var_a
69008,2026-04-13 20:18:18,2,2,2,goldSack,goldSack,goldSack,gold,1,true,2000000,73148108881,108218,5,5,1,10,0,0,0,0,0,16,45,6,0,35.6,,107,700000,,,,,61,28,19,18,23,12,4,1,5,1,0,0,0,0,0,0,0,0,3,3,3,false,NORMAL,1,2,-1,V2,0,3_5_fbios_PABUnityIAPiOSDefensiveBase,segment_tag_core_slot_prob_nu_29_06_var_a
69009,2026-04-13 20:18:19,2,2,2,goldSack,goldSack,goldSack,gold,1,true,2000000,73150108881,108217,5,5,1,10,0,0,0,0,0,16,45,6,0,35.6,,107,700000,,,,"{""68171e9b"":""77\/140@m2""}",62,28,19,18,23,12,4,1,5,2,0,0,0,0,0,0,0,0,7,7,3,false,BIG,6,7,-1,V2,0,3_5_fbios_PABUnityIAPiOSDefensiveBase,segment_tag_core_slot_prob_nu_29_06_var_a
69010,2026-04-13 20:18:20,4,6,2,steal,spins,goldSack,gold,1,false,100000,73150208881,108216,5,5,1,10,0,1,0,1,0,16,45,6,0,35.6,,107,700000,,,,,63,28,20,18,24,12,4,1,5,3,0,1,0,1,0,0,0,0,7,6,4,false,NORMAL,2,2,0,V2,0,3_5_fbios_PABUnityIAPiOSDefensiveBase,segment_tag_core_slot_prob_nu_29_06_var_a
69011,2026-04-13 20:18:21,1,1,1,coin,coin,coin,gold,1,true,250000,73150458881,108215,5,5,1,10,0,0,0,0,0,16,45,6,0,35.6,,107,700000,,,,,64,28,20,18,24,12,4,1,5,4,0,1,0,1,0,0,0,0,1,1,1,false,MIN,-4,-3,-1,V2,0,3_5_fbios_PABUnityIAPiOSDefensiveBase,segment_tag_core_slot_prob_nu_29_06_var_a
69012,2026-04-13 20:18:22,3,4,2,attack,steal,goldSack,gold,1,false,100000,73150558881,108214,5,5,1,10,1,1,0,0,0,16,45,6,0,35.6,,107,700000,,,,"{""820004c2"":""66\/750@m2""}",65,29,21,18,24,12,4,1,5,5,1,2,0,1,0,0,0,0,7,4,0,false,SMALL,-2,-1,-1,V2,0,3_5_fbios_PABUnityIAPiOSDefensiveBase,segment_tag_core_slot_prob_nu_29_06_var_a
69013,2026-04-13 20:18:23,3,1,1,attack,coin,coin,gold,1,false,50000,73150608881,108213,5,5,1,10,1,0,0,0,0,16,45,6,0,35.6,,107,700000,,,,"{""68171e9b"":""78\/140@m2""}",66,30,21,18,24,12,4,1,5,6,2,2,0,1,0,0,0,0,1,1,0,false,NORMAL,3,1,2,V2,0,3_5_fbios_PABUnityIAPiOSDefensiveBase,segment_tag_core_slot_prob_nu_29_06_var_a
69014,2026-04-13 20:18:24,5,2,2,shield,goldSack,goldSack,gold,1,false,150000,73150758881,108212,5,5,1,10,0,0,1,0,0,16,45,6,0,35.6,,107,700000,,,,,67,30,21,19,24,12,4,1,5,7,2,2,1,1,0,0,0,0,7,7,2,false,BIG,7,5,2,V2,0,3_5_fbios_PABUnityIAPiOSDefensiveBase,segment_tag_core_slot_prob_nu_29_06_var_a
69015,2026-04-13 20:18:24,1,6,6,coin,spins,spins,gold,1,false,25000,73150783881,108211,5,5,1,10,0,0,0,2,0,16,45,6,0,35.6,,107,700000,,,,,68,30,21,19,26,12,4,1,5,8,2,2,1,3,0,0,0,0,6,6,1,false,MIN,-6,-4,-2,V2,0,3_5_fbios_PABUnityIAPiOSDefensiveBase,segment_tag_core_slot_prob_nu_29_06_var_a
69016,2026-04-13 20:18:25,3,1,1,attack,coin,coin,gold,1,false,50000,73150833881,108210,5,5,1,10,1,0,0,0,0,16,45,6,0,35.6,,107,700000,,,,,69,31,21,19,26,12,4,1,5,9,3,2,1,3,0,0,0,0,1,5,0,false,MIN,-4,-2,-2,V2,0,3_5_fbios_PABUnityIAPiOSDefensiveBase,segment_tag_core_slot_prob_nu_29_06_var_a
69017,2026-04-13 20:18:26,3,1,1,attack,coin,coin,gold,1,false,50000,73150883881,108209,5,5,1,10,1,0,0,0,0,16,45,6,0,35.6,,107,700000,,,,,70,32,21,19,26,12,4,1,5,10,4,2,1,3,0,0,0,0,5,1,0,false,NORMAL,0,0,0,V2,0,3_5_fbios_PABUnityIAPiOSDefensiveBase,segment_tag_core_slot_prob_nu_29_06_var_a
69018,2026-04-13 20:18:27,1,4,6,coin,steal,spins,gold,1,false,25000,73150908881,108208,5,5,1,10,0,1,0,1,0,16,45,6,0,35.6,,107,700000,,,,"{""68171e9b"":""79\/140@m2""}",71,32,22,19,27,12,4,1,5,11,4,3,1,4,0,0,0,0,6,4,5,false,BIG,4,4,0,V2,0,3_5_fbios_PABUnityIAPiOSDefensiveBase,segment_tag_core_slot_prob_nu_29_06_var_a
69019,2026-04-13 20:18:28,3,3,3,attack,attack,attack,attack,2,true,0,73150908881,108207,5,5,1,10,3,0,0,0,0,16,45,6,0,35.6,,107,700000,,,,,72,35,22,19,27,12,5,1,5,12,7,3,1,4,0,1,0,0,0,0,0,false,SMALL,-2,-2,0,V2,0,3_5_fbios_PABUnityIAPiOSDefensiveBase,segment_tag_core_slot_prob_nu_29_06_var_a
69020,2026-04-13 20:18:33,30,2,2,accumulation,goldSack,goldSack,gold,1,false,150000,73177058881,108206,5,5,1,10,0,0,0,0,1,17,45,6,1,37.8,,107,700000,,,,,73,35,22,19,27,13,5,1,5,13,7,3,1,4,1,1,0,0,3,7,8,false,BIG,7,6,1,V2,0,3_5_fbios_PABUnityIAPiOSDefensiveBase,segment_tag_core_slot_prob_nu_29_06_var_a
69021,2026-04-13 20:18:34,30,2,2,accumulation,goldSack,goldSack,gold,1,false,150000,73177208881,108205,5,5,1,10,0,0,0,0,1,18,45,6,1,40.0,,107,700000,,,,,74,35,22,19,27,14,5,1,5,14,7,3,1,4,2,1,0,0,3,3,8,false,MAX,8,7,1,V2,0,3_5_fbios_PABUnityIAPiOSDefensiveBase,segment_tag_core_slot_prob_nu_29_06_var_a
69022,2026-04-13 20:18:35,4,4,4,steal,steal,steal,steal,4,true,0,73177208881,108204,5,5,1,10,0,3,0,0,0,18,45,6,0,40.0,,107,700000,,,,,75,35,25,19,27,14,5,2,5,15,7,6,1,4,2,1,1,0,4,4,4,false,MIN,-3,-5,2,V2,0,3_5_fbios_PABUnityIAPiOSDefensiveBase,segment_tag_core_slot_prob_nu_29_06_var_a
69023,2026-04-13 20:19:23,4,6,2,steal,spins,goldSack,gold,1,false,100000,73412616881,108203,5,5,1,10,0,1,0,1,0,18,45,6,0,40.0,,107,700000,,,,,76,35,26,19,28,14,5,2,5,16,7,7,1,5,2,1,1,0,7,6,4,false,BIG,7,3,4,V2,0,3_5_fbios_PABUnityIAPiOSDefensiveBase,segment_tag_core_slot_prob_nu_29_06_var_a
69024,2026-04-13 20:20:41,1,1,1,coin,coin,coin,gold,1,true,250000,73412866881,108202,5,5,1,10,0,0,0,0,0,18,45,6,0,40.0,,107,700000,,,,,77,35,26,19,28,14,5,2,5,17,7,7,1,5,2,1,1,0,1,1,1,false,SMALL,-2,-3,1,V2,0,3_5_fbios_PABUnityIAPiOSDefensiveBase,segment_tag_core_slot_prob_nu_29_06_var_a
69025,2026-04-13 20:20:42,1,4,4,coin,steal,steal,gold,1,false,25000,73412891881,108201,5,5,1,10,0,2,0,0,0,18,45,6,0,40.0,,107,700000,,,,"{""c8bff241"":""32\/350@m0"",""68171e9b"":""80\/140@m2""}",78,35,28,19,28,14,5,2,5,18,7,9,1,5,2,1,1,0,4,4,5,false,NORMAL,0,0,0,V2,0,3_5_fbios_PABUnityIAPiOSDefensiveBase,segment_tag_core_slot_prob_nu_29_06_var_a
69026,2026-04-13 20:20:43,30,30,1,accumulation,accumulation,coin,gold,1,false,25000,73412916881,108200,5,5,1,10,0,0,0,0,2,20,45,6,2,44.4,,107,700000,,,,"{""820004c2"":""68\/750@m2""}",79,35,28,19,28,16,5,2,5,19,7,9,1,5,4,1,1,0,1,8,8,false,BIG,4,1,3,V2,0,3_5_fbios_PABUnityIAPiOSDefensiveBase,segment_tag_core_slot_prob_nu_29_06_var_a
69027,2026-04-13 20:20:44,3,1,5,attack,coin,shield,gold,1,false,25000,73412941881,108199,5,5,1,10,1,0,1,0,0,20,45,6,0,44.4,,107,700000,,,,,80,36,28,20,28,16,5,2,5,20,8,9,2,5,4,1,1,0,2,1,0,false,NORMAL,2,0,2,V2,0,3_5_fbios_PABUnityIAPiOSDefensiveBase,segment_tag_core_slot_prob_nu_29_06_var_a
69028,2026-04-13 20:21:08,4,6,2,steal,spins,goldSack,gold,1,false,100000,73413041881,108198,5,5,1,10,0,1,0,1,0,20,45,6,0,44.4,,107,700000,,,,,81,36,29,20,29,16,5,2,5,21,8,10,2,6,4,1,1,0,7,6,4,false,NORMAL,1,0,1,V2,0,3_5_fbios_PABUnityIAPiOSDefensiveBase,segment_tag_core_slot_prob_nu_29_06_var_a
69029,2026-04-13 20:21:09,30,2,2,accumulation,goldSack,goldSack,gold,1,false,150000,73413191881,108197,5,5,1,10,0,0,0,0,1,21,45,6,1,46.7,,107,700000,,,,,82,36,29,20,29,17,5,2,5,22,8,10,2,6,5,1,1,0,3,7,8,false,MAX,9,7,2,V2,0,3_5_fbios_PABUnityIAPiOSDefensiveBase,segment_tag_core_slot_prob_nu_29_06_var_a
69030,2026-04-13 20:21:13,3,3,2,attack,attack,goldSack,gold,1,false,100000,73413291881,108196,5,5,1,10,2,0,0,0,0,21,45,6,0,46.7,,107,700000,,,,,83,38,29,20,29,17,5,2,5,23,10,10,2,6,5,1,1,0,3,0,0,false,BIG,4,2,2,V2,0,3_5_fbios_PABUnityIAPiOSDefensiveBase,segment_tag_core_slot_prob_nu_29_06_var_a
69031,2026-04-13 20:21:18,4,6,2,steal,spins,goldSack,gold,1,false,100000,73413391881,108195,5,5,1,10,0,1,0,1,0,21,45,6,0,46.7,,107,700000,,,,,84,38,30,20,30,17,5,2,5,24,10,11,2,7,5,1,1,0,7,6,4,false,BIG,4,1,3,V2,0,3_5_fbios_PABUnityIAPiOSDefensiveBase,segment_tag_core_slot_prob_nu_29_06_var_a
69032,2026-04-13 20:21:19,3,1,5,attack,coin,shield,gold,1,false,25000,73413416881,108194,5,5,1,10,1,0,1,0,0,21,45,6,0,46.7,,107,700000,,,,,85,39,30,21,30,17,5,2,5,25,11,11,3,7,5,1,1,0,2,1,0,false,BIG,4,1,3,V2,0,3_5_fbios_PABUnityIAPiOSDefensiveBase,segment_tag_core_slot_prob_nu_29_06_var_a
69033,2026-04-13 20:21:20,4,6,2,steal,spins,goldSack,gold,1,false,100000,73413516881,108193,5,5,1,10,0,1,0,1,0,21,45,6,0,46.7,,107,700000,,,,,86,39,31,21,31,17,5,2,5,26,11,12,3,8,5,1,1,0,3,6,4,false,BIG,4,0,4,V2,0,3_5_fbios_PABUnityIAPiOSDefensiveBase,segment_tag_core_slot_prob_nu_29_06_var_a
69034,2026-04-13 20:21:34,30,2,2,accumulation,goldSack,goldSack,gold,1,false,150000,73413666881,108192,5,5,1,10,0,0,0,0,1,22,45,6,1,48.9,,107,700000,,,,"{""68171e9b"":""81\/140@m2""}",87,39,31,21,31,18,5,2,5,27,11,12,3,8,6,1,1,0,3,3,8,false,MAX,10,6,4,V2,0,3_5_fbios_PABUnityIAPiOSDefensiveBase,segment_tag_core_slot_prob_nu_29_06_var_a
69035,2026-04-13 20:21:35,1,1,1,coin,coin,coin,gold,1,true,250000,73413916881,108191,5,5,1,10,0,0,0,0,0,22,45,6,0,48.9,,107,700000,,,,,88,39,31,21,31,18,5,2,5,28,11,12,3,8,6,1,1,0,1,1,5,false,BIG,6,2,4,V2,0,3_5_fbios_PABUnityIAPiOSDefensiveBase,segment_tag_core_slot_prob_nu_29_06_var_a
69036,2026-04-13 20:21:36,3,3,2,attack,attack,goldSack,gold,1,false,100000,73414016881,108190,5,5,1,10,2,0,0,0,0,22,45,6,0,48.9,,107,700000,,,,,89,41,31,21,31,18,5,2,5,29,13,12,3,8,6,1,1,0,7,0,0,false,NORMAL,1,-2,3,V2,0,3_5_fbios_PABUnityIAPiOSDefensiveBase,segment_tag_core_slot_prob_nu_29_06_var_a
69037,2026-04-13 20:21:37,3,3,3,attack,attack,attack,attack,2,true,0,73414016881,108189,5,5,1,10,3,0,0,0,0,22,45,6,0,48.9,,107,700000,,,,,90,44,31,21,31,18,6,2,5,30,16,12,3,8,6,2,1,0,0,0,0,false,NORMAL,2,-1,3,V2,0,3_5_fbios_PABUnityIAPiOSDefensiveBase,segment_tag_core_slot_prob_nu_29_06_var_a
69038,2026-04-13 20:21:42,3,4,2,attack,steal,goldSack,gold,1,false,100000,73422696881,108188,5,5,1,10,1,1,0,0,0,22,45,6,0,48.9,,107,700000,,,,,91,45,32,21,31,18,6,2,5,31,17,13,3,8,6,2,1,0,3,4,0,false,BIG,5,4,1,V2,0,3_5_fbios_PABUnityIAPiOSDefensiveBase,segment_tag_core_slot_prob_nu_29_06_var_a
69039,2026-04-13 20:21:43,3,3,2,attack,attack,goldSack,gold,1,false,100000,73422796881,108187,5,5,1,10,2,0,0,0,0,22,45,6,0,48.9,,107,700000,,,,"{""68171e9b"":""82\/140@m2""}",92,47,32,21,31,18,6,2,5,32,19,13,3,8,6,2,1,0,7,0,0,false,SMALL,-1,-1,0,V2,0,3_5_fbios_PABUnityIAPiOSDefensiveBase,segment_tag_core_slot_prob_nu_29_06_var_a
69040,2026-04-13 20:21:44,3,1,1,attack,coin,coin,gold,1,false,50000,73422846881,108186,5,5,1,10,1,0,0,0,0,22,45,6,0,48.9,,107,700000,,,,"{""c8bff241"":""34\/350@m0"",""820004c2"":""70\/750@m2""}",93,48,32,21,31,18,6,2,5,33,20,13,3,8,6,2,1,0,1,5,0,false,SMALL,-1,-1,0,V2,0,3_5_fbios_PABUnityIAPiOSDefensiveBase,segment_tag_core_slot_prob_nu_29_06_var_a
69041,2026-04-13 20:21:45,3,3,3,attack,attack,attack,attack,2,true,0,73422846881,108185,5,5,1,10,3,0,0,0,0,22,45,6,0,48.9,,107,700000,,,,,94,51,32,21,31,18,7,2,5,34,23,13,3,8,6,3,1,0,0,0,0,false,SMALL,-1,-1,0,V2,0,3_5_fbios_PABUnityIAPiOSDefensiveBase,segment_tag_core_slot_prob_nu_29_06_var_a
69042,2026-04-13 20:21:50,3,1,1,attack,coin,coin,gold,1,false,50000,73431476881,108184,5,5,1,10,1,0,0,0,0,22,45,6,0,48.9,,107,700000,,,,,95,52,32,21,31,18,7,2,5,35,24,13,3,8,6,3,1,0,5,1,0,false,NORMAL,0,0,0,V2,0,3_5_fbios_PABUnityIAPiOSDefensiveBase,segment_tag_core_slot_prob_nu_29_06_var_a
69043,2026-04-13 20:21:51,3,1,1,attack,coin,coin,gold,1,false,50000,73431526881,108183,5,5,1,10,1,0,0,0,0,22,45,6,0,48.9,,107,700000,,,,"{""68171e9b"":""83\/140@m2""}",96,53,32,21,31,18,7,2,5,36,25,13,3,8,6,3,1,0,1,1,0,false,NORMAL,2,1,1,V2,0,3_5_fbios_PABUnityIAPiOSDefensiveBase,segment_tag_core_slot_prob_nu_29_06_var_a
69044,2026-04-13 20:21:52,3,1,1,attack,coin,coin,gold,1,false,50000,73431576881,108182,5,5,1,10,1,0,0,0,0,22,45,6,0,48.9,,107,700000,,,,,97,54,32,21,31,18,7,2,5,37,26,13,3,8,6,3,1,0,5,1,0,false,NORMAL,1,0,1,V2,0,3_5_fbios_PABUnityIAPiOSDefensiveBase,segment_tag_core_slot_prob_nu_29_06_var_a
69045,2026-04-13 20:21:53,30,2,2,accumulation,goldSack,goldSack,gold,1,false,150000,73431726881,108181,5,5,1,10,0,0,0,0,1,23,45,6,1,51.1,,107,700000,,,,"{""820004c2"":""72\/750@m2""}",98,54,32,21,31,19,7,2,5,38,26,13,3,8,7,3,1,0,3,3,8,false,BIG,6,4,2,V2,0,3_5_fbios_PABUnityIAPiOSDefensiveBase,segment_tag_core_slot_prob_nu_29_06_var_a
69046,2026-04-13 20:21:54,30,2,2,accumulation,goldSack,goldSack,gold,1,false,150000,73431876881,108180,5,5,1,10,0,0,0,0,1,24,45,6,1,53.3,,107,700000,,,,,99,54,32,21,31,20,7,2,5,39,26,13,3,8,8,3,1,0,7,3,8,false,MAX,9,8,1,V2,0,3_5_fbios_PABUnityIAPiOSDefensiveBase,segment_tag_core_slot_prob_nu_29_06_var_a
69047,2026-04-13 20:21:56,1,4,6,coin,steal,spins,gold,1,false,25000,73431901881,108179,5,5,1,10,0,1,0,1,0,24,45,6,0,53.3,,107,700000,,,,,100,54,33,21,32,20,7,2,5,40,26,14,3,9,8,3,1,0,6,4,1,false,MIN,-5,-3,-2,V2,0,3_5_fbios_PABUnityIAPiOSDefensiveBase,segment_tag_core_slot_prob_nu_29_06_var_a
69048,2026-04-13 20:21:56,3,3,2,attack,attack,goldSack,gold,1,false,100000,73432001881,108178,5,5,1,10,2,0,0,0,0,24,45,6,0,53.3,,107,700000,,,,,101,56,33,21,32,20,7,2,5,41,28,14,3,9,8,3,1,0,7,0,0,false,MIN,-4,-2,-2,V2,0,3_5_fbios_PABUnityIAPiOSDefensiveBase,segment_tag_core_slot_prob_nu_29_06_var_a
69049,2026-04-13 20:21:57,3,6,2,attack,spins,goldSack,gold,1,false,100000,73432101881,108177,5,5,1,10,1,0,0,1,0,24,45,6,0,53.3,,107,700000,,,,,102,57,33,21,33,20,7,2,5,42,29,14,3,10,8,3,1,0,3,6,0,false,NORMAL,3,3,0,V2,0,3_5_fbios_PABUnityIAPiOSDefensiveBase,segment_tag_core_slot_prob_nu_29_06_var_a
69050,2026-04-13 20:21:58,3,1,1,attack,coin,coin,gold,1,false,50000,73432151881,108176,5,5,1,10,1,0,0,0,0,24,45,6,0,53.3,,107,700000,,,,,103,58,33,21,33,20,7,2,5,43,30,14,3,10,8,3,1,0,1,5,0,false,SMALL,-2,-1,-1,V2,0,3_5_fbios_PABUnityIAPiOSDefensiveBase,segment_tag_core_slot_prob_nu_29_06_var_a
69051,2026-04-13 20:21:59,4,6,2,steal,spins,goldSack,gold,1,false,100000,73432251881,108175,5,5,1,10,0,1,0,1,0,24,45,6,0,53.3,,107,700000,,,,,104,58,34,21,34,20,7,2,5,44,30,15,3,11,8,3,1,0,3,6,4,false,NORMAL,1,1,0,V2,0,3_5_fbios_PABUnityIAPiOSDefensiveBase,segment_tag_core_slot_prob_nu_29_06_var_a
69052,2026-04-13 20:21:59,2,2,2,goldSack,goldSack,goldSack,gold,1,true,2000000,73434251881,108174,5,5,1,10,0,0,0,0,0,24,45,6,0,53.3,,107,700000,,,,,105,58,34,21,34,20,7,2,5,45,30,15,3,11,8,3,1,0,3,3,7,false,BIG,4,2,2,V2,0,3_5_fbios_PABUnityIAPiOSDefensiveBase,segment_tag_core_slot_prob_nu_29_06_var_a
69053,2026-04-13 20:22:00,30,30,1,accumulation,accumulation,coin,gold,1,false,25000,73434276881,108173,5,5,1,10,0,0,0,0,2,26,45,6,2,57.8,,107,700000,,,,,106,58,34,21,34,22,7,2,5,46,30,15,3,11,10,3,1,0,1,8,8,false,BIG,4,1,3,V2,0,3_5_fbios_PABUnityIAPiOSDefensiveBase,segment_tag_core_slot_prob_nu_29_06_var_a
69054,2026-04-13 20:22:01,1,4,6,coin,steal,spins,gold,1,false,25000,73434301881,108172,5,5,1,10,0,1,0,1,0,26,45,6,0,57.8,,107,700000,,,,"{""68171e9b"":""84\/140@m2""}",107,58,35,21,35,22,7,2,5,47,30,16,3,12,10,3,1,0,6,4,1,false,MIN,-3,-3,0,V2,0,3_5_fbios_PABUnityIAPiOSDefensiveBase,segment_tag_core_slot_prob_nu_29_06_var_a
69055,2026-04-13 20:22:02,1,6,6,coin,spins,spins,gold,1,false,25000,73434326881,108171,5,5,1,10,0,0,0,2,0,26,45,6,0,57.8,,107,700000,,,,,108,58,35,21,37,22,7,2,5,48,30,16,3,14,10,3,1,0,6,6,1,false,SMALL,-1,-1,0,V2,0,3_5_fbios_PABUnityIAPiOSDefensiveBase,segment_tag_core_slot_prob_nu_29_06_var_a
69056,2026-04-13 20:22:03,3,3,3,attack,attack,attack,attack,2,true,0,73434326881,108170,5,5,1,10,3,0,0,0,0,26,45,6,0,57.8,,107,700000,,,,,109,61,35,21,37,22,8,2,5,49,33,16,3,14,10,4,1,0,0,0,0,false,SMALL,-2,-2,0,V2,0,3_5_fbios_PABUnityIAPiOSDefensiveBase,segment_tag_core_slot_prob_nu_29_06_var_a
69057,2026-04-13 20:23:43,1,5,5,coin,shield,shield,gold,1,false,25000,73442931881,108169,5,5,1,10,0,0,2,0,0,26,45,6,0,57.8,,107,700000,,,,"{""820004c2"":""74\/750@m2""}",110,61,35,23,37,22,8,2,5,50,33,16,5,14,10,4,1,0,2,2,1,false,MIN,-6,-3,-3,V2,0,3_5_fbios_PABUnityIAPiOSDefensiveBase,segment_tag_core_slot_prob_nu_29_06_var_a
69058,2026-04-13 20:23:44,30,2,2,accumulation,goldSack,goldSack,gold,1,false,150000,73443081881,108168,5,5,1,10,0,0,0,0,1,27,45,6,1,60.0,,107,700000,,,,,111,61,35,23,37,23,8,2,5,51,33,16,5,14,11,4,1,0,7,3,8,false,BIG,4,6,-2,V2,0,3_5_fbios_PABUnityIAPiOSDefensiveBase,segment_tag_core_slot_prob_nu_29_06_var_a
69059,2026-04-13 20:23:45,2,2,2,goldSack,goldSack,goldSack,gold,1,true,2000000,73445081881,108167,5,5,1,10,0,0,0,0,0,27,45,6,0,60.0,,107,700000,,,,,112,61,35,23,37,23,8,2,5,52,33,16,5,14,11,4,1,0,3,3,3,false,NORMAL,3,3,0,V2,0,3_5_fbios_PABUnityIAPiOSDefensiveBase,segment_tag_core_slot_prob_nu_29_06_var_a
69060,2026-04-13 20:23:46,4,4,4,steal,steal,steal,steal,4,true,0,73445081881,108166,5,5,1,10,0,3,0,0,0,27,45,6,0,60.0,,107,700000,,,,"{""68171e9b"":""85\/140@m2""}",113,61,38,23,37,23,8,3,5,53,33,19,5,14,11,4,2,0,4,4,4,false,MIN,-5,-5,0,V2,0,3_5_fbios_PABUnityIAPiOSDefensiveBase,segment_tag_core_slot_prob_nu_29_06_var_a
69061,2026-04-13 20:24:07,30,2,2,accumulation,goldSack,goldSack,gold,1,false,150000,73599977881,108165,5,5,1,10,0,0,0,0,1,28,45,6,1,62.2,,107,700000,,,,,114,61,38,23,37,24,8,3,5,54,33,19,5,14,12,4,2,0,3,7,8,false,MAX,9,7,2,V2,0,3_5_fbios_PABUnityIAPiOSDefensiveBase,segment_tag_core_slot_prob_nu_29_06_var_a
69062,2026-04-13 20:24:08,30,2,2,accumulation,goldSack,goldSack,gold,1,false,150000,73600127881,108164,5,5,1,10,0,0,0,0,1,29,45,6,1,64.4,,107,700000,,,,,115,61,38,23,37,25,8,3,5,55,33,19,5,14,13,4,2,0,3,3,8,false,MAX,8,7,1,V2,0,3_5_fbios_PABUnityIAPiOSDefensiveBase,segment_tag_core_slot_prob_nu_29_06_var_a
69063,2026-04-13 20:24:10,30,30,30,accumulation,accumulation,accumulation,gold,10,true,0,73600127881,108163,5,5,1,10,0,0,0,0,3,39,45,6,10,86.7,,107,700000,,,,,116,61,38,23,37,28,8,3,5,56,33,19,5,14,16,4,2,0,8,8,8,true,BIG,4,2,2,V2,0,3_5_fbios_PABUnityIAPiOSDefensiveBase,segment_tag_core_slot_prob_nu_29_06_var_a
69064,2026-04-13 20:24:11,3,4,2,attack,steal,goldSack,gold,1,false,100000,73600227881,108162,5,5,1,10,1,1,0,0,0,39,45,6,0,86.7,,107,700000,,,,,1,1,1,0,0,0,0,0,0,57,34,20,5,14,16,4,2,0,3,4,0,false,BIG,4,2,2,V2,0,3_5_fbios_PABUnityIAPiOSDefensiveBase,segment_tag_core_slot_prob_nu_29_06_var_a
69065,2026-04-13 20:24:50,1,4,6,coin,steal,spins,gold,1,false,25000,73600252881,108161,5,5,1,10,0,1,0,1,0,39,45,6,0,86.7,,107,700000,,,,"{""820004c2"":""76\/750@m2""}",2,1,2,0,1,0,0,0,0,58,34,21,5,15,16,4,2,0,6,4,5,false,BIG,4,4,0,V2,0,3_5_fbios_PABUnityIAPiOSDefensiveBase,segment_tag_core_slot_prob_nu_29_06_var_a
69066,2026-04-13 20:24:51,30,30,1,accumulation,accumulation,coin,gold,1,false,25000,73600277881,108160,5,5,1,10,0,0,0,0,2,41,45,6,2,91.1,,107,700000,,,,,3,1,2,0,1,2,0,0,0,59,34,21,5,15,18,4,2,0,5,8,8,false,NORMAL,0,0,0,V2,0,3_5_fbios_PABUnityIAPiOSDefensiveBase,segment_tag_core_slot_prob_nu_29_06_var_a
69067,2026-04-13 20:24:52,1,1,1,coin,coin,coin,gold,1,true,250000,73600527881,108159,5,5,1,10,0,0,0,0,0,41,45,6,0,91.1,,107,700000,,,,,4,1,2,0,1,2,0,0,0,60,34,21,5,15,18,4,2,0,5,1,1,false,MIN,-6,-3,-3,V2,0,3_5_fbios_PABUnityIAPiOSDefensiveBase,segment_tag_core_slot_prob_nu_29_06_var_a
69068,2026-04-13 20:24:53,5,5,5,shield,shield,shield,shield,3,true,1,73600527881,108159,5,5,1,10,0,0,3,0,0,41,45,6,0,91.1,,107,700000,,,,"{""c8bff241"":""36\/350@m0""}",5,1,2,3,1,2,0,0,1,61,34,21,8,15,18,4,2,1,2,2,2,false,MIN,-4,-1,-3,V2,0,3_5_fbios_PABUnityIAPiOSDefensiveBase,segment_tag_core_slot_prob_nu_29_06_var_a
69069,2026-04-13 20:24:54,30,30,1,accumulation,accumulation,coin,gold,1,false,25000,73600552881,108158,5,5,1,10,0,0,0,0,2,43,45,6,2,95.6,,107,700000,,,,"{""68171e9b"":""86\/140@m2""}",6,1,2,3,1,4,0,0,1,62,34,21,8,15,20,4,2,1,1,8,8,false,SMALL,-1,-1,0,V2,0,3_5_fbios_PABUnityIAPiOSDefensiveBase,segment_tag_core_slot_prob_nu_29_06_var_a
69070,2026-04-13 20:24:56,3,3,3,attack,attack,attack,attack,2,true,0,73600552881,108157,5,5,1,10,3,0,0,0,0,43,45,6,0,95.6,,107,700000,,,,,7,4,2,3,1,4,1,0,1,63,37,21,8,15,20,5,2,1,0,0,0,false,SMALL,-2,-2,0,V2,0,3_5_fbios_PABUnityIAPiOSDefensiveBase,segment_tag_core_slot_prob_nu_29_06_var_a
69071,2026-04-13 20:25:06,30,2,2,accumulation,goldSack,goldSack,gold,1,false,150000,73609282881,108156,5,5,1,10,0,0,0,0,1,44,45,6,1,97.8,,107,700000,,,,,8,4,2,3,1,5,1,0,1,64,37,21,8,15,21,5,2,1,3,7,8,false,BIG,7,6,1,V2,0,3_5_fbios_PABUnityIAPiOSDefensiveBase,segment_tag_core_slot_prob_nu_29_06_var_a
69072,2026-04-13 20:25:08,30,30,1,accumulation,accumulation,coin,gold,1,false,25000,73609307881,108155,5,5,1,10,0,0,0,0,2,1,140,7,0,0.7,bonus_as10_gae1_no,107,700000,,,,,9,4,2,3,1,7,1,0,1,65,37,21,8,15,23,5,2,1,5,8,8,false,NORMAL,2,2,0,V2,0,3_5_fbios_PABUnityIAPiOSDefensiveBase,segment_tag_core_slot_prob_nu_29_06_var_a
69073,2026-04-13 20:25:12,30,30,1,accumulation,accumulation,coin,gold,1,false,25000,73609357881,108154,5,5,1,10,0,0,0,0,2,3,140,7,2,2.1,bonus_as10_gae1_no,107,700000,,,,,10,4,2,3,1,9,1,0,1,66,37,21,8,15,25,5,2,1,5,8,8,false,NORMAL,3,2,1,V2,0,3_5_fbios_PABUnityIAPiOSDefensiveBase,segment_tag_core_slot_prob_nu_29_06_var_a
69074,2026-04-13 20:25:13,1,1,1,coin,coin,coin,gold,1,true,250000,73609857881,108153,5,5,1,10,0,0,0,0,0,3,140,7,0,2.1,bonus_as10_gae1_no,107,700000,,,,,11,4,2,3,1,9,1,0,1,67,37,21,8,15,25,5,2,1,1,5,1,false,MIN,-9,-7,-2,V2,0,3_5_fbios_PABUnityIAPiOSDefensiveBase,segment_tag_core_slot_prob_nu_29_06_var_a
69075,2026-04-13 20:25:14,30,2,2,accumulation,goldSack,goldSack,gold,1,false,150000,73610157881,108152,5,5,1,10,0,0,0,0,1,4,140,7,1,2.9,bonus_as10_gae1_no,107,700000,,,,"{""68171e9b"":""87\/140@m2""}",12,4,2,3,1,10,1,0,1,68,37,21,8,15,26,5,2,1,7,3,8,false,BIG,5,7,-2,V2,0,3_5_fbios_PABUnityIAPiOSDefensiveBase,segment_tag_core_slot_prob_nu_29_06_var_a
69076,2026-04-13 20:25:15,4,4,4,steal,steal,steal,steal,4,true,0,73610157881,108151,5,5,1,10,0,3,0,0,0,4,140,7,0,2.9,bonus_as10_gae1_no,107,700000,,,,,13,4,5,3,1,10,1,1,1,69,37,24,8,15,26,5,3,1,4,4,4,false,MIN,-4,-5,1,V2,0,3_5_fbios_PABUnityIAPiOSDefensiveBase,segment_tag_core_slot_prob_nu_29_06_var_a
69077,2026-04-13 20:25:24,5,5,5,shield,shield,shield,shield,3,true,1,73835157881,108151,5,5,1,10,0,0,3,0,0,4,140,7,0,2.9,bonus_as10_gae1_no,107,700000,,,,,14,4,5,6,1,10,1,1,2,70,37,24,11,15,26,5,3,2,2,2,2,false,NORMAL,2,0,2,V2,0,3_5_fbios_PABUnityIAPiOSDefensiveBase,segment_tag_core_slot_prob_nu_29_06_var_a
69078,2026-04-13 20:25:25,30,2,2,accumulation,goldSack,goldSack,gold,1,false,150000,73835457881,108150,5,5,1,10,0,0,0,0,1,5,140,7,1,3.6,bonus_as10_gae1_no,107,700000,,,,,15,4,5,6,1,11,1,1,2,71,37,24,11,15,27,5,3,2,3,3,8,false,BIG,4,2,2,V2,0,3_5_fbios_PABUnityIAPiOSDefensiveBase,segment_tag_core_slot_prob_nu_29_06_var_a
69079,2026-04-13 20:25:27,4,6,2,steal,spins,goldSack,gold,1,false,100000,73835657881,108149,5,5,1,10,0,1,0,1,0,5,140,7,0,3.6,bonus_as10_gae1_no,107,700000,,,,,16,4,6,6,2,11,1,1,2,72,37,25,11,16,27,5,3,2,3,6,4,false,BIG,5,2,3,V2,0,3_5_fbios_PABUnityIAPiOSDefensiveBase,segment_tag_core_slot_prob_nu_29_06_var_a
69080,2026-04-13 20:25:27,3,3,3,attack,attack,attack,attack,2,true,0,73835657881,108148,5,5,1,10,3,0,0,0,0,5,140,7,0,3.6,bonus_as10_gae1_no,107,700000,,,,,17,7,6,6,2,11,2,1,2,73,40,25,11,16,27,6,3,2,0,0,0,false,NORMAL,2,-2,4,V2,0,3_5_fbios_PABUnityIAPiOSDefensiveBase,segment_tag_core_slot_prob_nu_29_06_var_a
69081,2026-04-13 20:25:45,30,2,2,accumulation,goldSack,goldSack,gold,1,false,150000,73853157881,108147,5,5,1,10,0,0,0,0,1,6,140,7,1,4.3,bonus_as10_gae1_no,107,700000,,,,,18,7,6,6,2,12,2,1,2,74,40,25,11,16,28,6,3,2,3,3,8,false,MAX,9,4,5,V2,0,3_5_fbios_PABUnityIAPiOSDefensiveBase,segment_tag_core_slot_prob_nu_29_06_var_a
69082,2026-04-13 20:25:46,1,1,1,coin,coin,coin,gold,1,true,250000,73853657881,108146,5,5,1,10,0,0,0,0,0,6,140,7,0,4.3,bonus_as10_gae1_no,107,700000,,,,"{""820004c2"":""78\/750@m2""}",19,7,6,6,2,12,2,1,2,75,40,25,11,16,28,6,3,2,1,1,1,false,MIN,-4,-4,0,V2,0,3_5_fbios_PABUnityIAPiOSDefensiveBase,segment_tag_core_slot_prob_nu_29_06_var_a
69083,2026-04-13 20:25:47,2,2,2,goldSack,goldSack,goldSack,gold,1,true,2000000,73857657881,108145,5,5,1,10,0,0,0,0,0,6,140,7,0,4.3,bonus_as10_gae1_no,107,700000,,,,"{""68171e9b"":""88\/140@m2""}",20,7,6,6,2,12,2,1,2,76,40,25,11,16,28,6,3,2,3,3,7,false,NORMAL,0,0,0,V2,0,3_5_fbios_PABUnityIAPiOSDefensiveBase,segment_tag_core_slot_prob_nu_29_06_var_a
69084,2026-04-13 20:25:48,30,30,1,accumulation,accumulation,coin,gold,1,false,25000,73857707881,108144,5,5,1,10,0,0,0,0,2,8,140,7,2,5.7,bonus_as10_gae1_no,107,700000,,,,,21,7,6,6,2,14,2,1,2,77,40,25,11,16,30,6,3,2,5,8,8,false,NORMAL,1,0,1,V2,0,3_5_fbios_PABUnityIAPiOSDefensiveBase,segment_tag_core_slot_prob_nu_29_06_var_a
69085,2026-04-13 20:25:49,30,2,2,accumulation,goldSack,goldSack,gold,1,false,150000,73858007881,108143,5,5,1,10,0,0,0,0,1,9,140,7,1,6.4,bonus_as10_gae1_no,107,700000,,,,,22,7,6,6,2,15,2,1,2,78,40,25,11,16,31,6,3,2,3,3,8,false,BIG,5,5,0,V2,0,3_5_fbios_PABUnityIAPiOSDefensiveBase,segment_tag_core_slot_prob_nu_29_06_var_a
69086,2026-04-13 20:25:51,1,6,6,coin,spins,spins,gold,1,false,25000,73858057881,108142,5,5,1,10,0,0,0,2,0,9,140,7,0,6.4,bonus_as10_gae1_no,107,700000,,,,,23,7,6,6,4,15,2,1,2,79,40,25,11,18,31,6,3,2,6,6,5,false,NORMAL,2,3,-1,V2,0,3_5_fbios_PABUnityIAPiOSDefensiveBase,segment_tag_core_slot_prob_nu_29_06_var_a
69087,2026-04-13 20:25:52,30,2,2,accumulation,goldSack,goldSack,gold,1,false,150000,73858357881,108141,5,5,1,10,0,0,0,0,1,10,140,7,1,7.1,bonus_as10_gae1_no,107,700000,,,,,24,7,6,6,4,16,2,1,2,80,40,25,11,18,32,6,3,2,7,7,8,false,BIG,7,8,-1,V2,0,3_5_fbios_PABUnityIAPiOSDefensiveBase,segment_tag_core_slot_prob_nu_29_06_var_a
69088,2026-04-13 20:25:53,1,1,4,coin,coin,steal,gold,1,false,50000,73858457881,108140,5,5,1,10,0,1,0,0,0,10,140,7,0,7.1,bonus_as10_gae1_no,107,700000,,,,,25,7,7,6,4,16,2,1,2,81,40,26,11,18,32,6,3,2,4,1,1,false,MIN,-5,-2,-3,V2,0,3_5_fbios_PABUnityIAPiOSDefensiveBase,segment_tag_core_slot_prob_nu_29_06_var_a
69089,2026-04-13 20:25:54,30,2,2,accumulation,goldSack,goldSack,gold,1,false,150000,73858757881,108139,5,5,1,10,0,0,0,0,1,11,140,7,1,7.9,bonus_as10_gae1_no,107,700000,,,,,26,7,7,6,4,17,2,1,2,82,40,26,11,18,33,6,3,2,7,7,8,false,BIG,5,8,-3,V2,0,3_5_fbios_PABUnityIAPiOSDefensiveBase,segment_tag_core_slot_prob_nu_29_06_var_a
69090,2026-04-13 20:25:55,1,4,6,coin,steal,spins,gold,1,false,25000,73858807881,108138,5,5,1,10,0,1,0,1,0,11,140,7,0,7.9,bonus_as10_gae1_no,107,700000,,,,,27,7,8,6,5,17,2,1,2,83,40,27,11,19,33,6,3,2,6,4,1,false,MIN,-5,-3,-2,V2,0,3_5_fbios_PABUnityIAPiOSDefensiveBase,segment_tag_core_slot_prob_nu_29_06_var_a
69091,2026-04-13 20:25:56,3,3,2,attack,attack,goldSack,gold,1,false,100000,73859007881,108137,5,5,1,10,2,0,0,0,0,11,140,7,0,7.9,bonus_as10_gae1_no,107,700000,,,,,28,9,8,6,5,17,2,1,2,84,42,27,11,19,33,6,3,2,7,0,0,false,MIN,-4,-2,-2,V2,0,3_5_fbios_PABUnityIAPiOSDefensiveBase,segment_tag_core_slot_prob_nu_29_06_var_a
69092,2026-04-13 20:25:57,2,2,2,goldSack,goldSack,goldSack,gold,1,true,2000000,73863007881,108136,5,5,1,10,0,0,0,0,0,11,140,7,0,7.9,bonus_as10_gae1_no,107,700000,,,,,29,9,8,6,5,17,2,1,2,85,42,27,11,19,33,6,3,2,7,3,3,false,BIG,6,6,0,V2,0,3_5_fbios_PABUnityIAPiOSDefensiveBase,segment_tag_core_slot_prob_nu_29_06_var_a
69093,2026-04-13 20:25:57,30,30,1,accumulation,accumulation,coin,gold,1,false,25000,73863057881,108135,5,5,1,10,0,0,0,0,2,13,140,7,2,9.3,bonus_as10_gae1_no,107,700000,,,,,30,9,8,6,5,19,2,1,2,86,42,27,11,19,35,6,3,2,1,8,8,false,NORMAL,1,1,0,V2,0,3_5_fbios_PABUnityIAPiOSDefensiveBase,segment_tag_core_slot_prob_nu_29_06_var_a
69094,2026-04-13 20:25:59,1,1,1,coin,coin,coin,gold,1,true,250000,73863557881,108134,5,5,1,10,0,0,0,0,0,13,140,7,0,9.3,bonus_as10_gae1_no,107,700000,,,,"{""820004c2"":""80\/750@m2"",""68171e9b"":""89\/140@m2""}",31,9,8,6,5,19,2,1,2,87,42,27,11,19,35,6,3,2,1,1,1,false,MIN,-5,-3,-2,V2,0,3_5_fbios_PABUnityIAPiOSDefensiveBase,segment_tag_core_slot_prob_nu_29_06_var_a
69095,2026-04-13 20:26:00,30,30,1,accumulation,accumulation,coin,gold,1,false,25000,73863607881,108133,5,5,1,10,0,0,0,0,2,15,140,7,2,10.7,bonus_as10_gae1_no,107,700000,,,,"{""c8bff241"":""38\/350@m0""}",32,9,8,6,5,21,2,1,2,88,42,27,11,19,37,6,3,2,5,8,8,false,SMALL,-2,0,-2,V2,0,3_5_fbios_PABUnityIAPiOSDefensiveBase,segment_tag_core_slot_prob_nu_29_06_var_a
69096,2026-04-13 20:26:02,1,1,1,coin,coin,coin,gold,1,true,250000,73864107881,108132,5,5,1,10,0,0,0,0,0,15,140,7,0,10.7,bonus_as10_gae1_no,107,700000,,,,,33,9,8,6,5,21,2,1,2,89,42,27,11,19,37,6,3,2,5,1,5,false,NORMAL,2,2,0,V2,0,3_5_fbios_PABUnityIAPiOSDefensiveBase,segment_tag_core_slot_prob_nu_29_06_var_a
69097,2026-04-13 20:26:02,5,5,5,shield,shield,shield,shield,3,true,1,73864107881,108132,5,5,1,10,0,0,3,0,0,15,140,7,0,10.7,bonus_as10_gae1_no,107,700000,,,,,34,9,8,9,5,21,2,1,3,90,42,27,14,19,37,6,3,3,2,2,2,false,SMALL,-1,-1,0,V2,0,3_5_fbios_PABUnityIAPiOSDefensiveBase,segment_tag_core_slot_prob_nu_29_06_var_a
69098,2026-04-13 20:26:04,3,6,2,attack,spins,goldSack,gold,1,false,100000,73864307881,108131,5,5,1,10,1,0,0,1,0,15,140,7,0,10.7,bonus_as10_gae1_no,107,700000,,,,,35,10,8,9,6,21,2,1,3,91,43,27,14,20,37,6,3,3,7,6,0,false,MIN,-4,-4,0,V2,0,3_5_fbios_PABUnityIAPiOSDefensiveBase,segment_tag_core_slot_prob_nu_29_06_var_a
69099,2026-04-13 20:26:04,3,3,3,attack,attack,attack,attack,2,true,0,73864307881,108130,5,5,1,10,3,0,0,0,0,15,140,7,0,10.7,bonus_as10_gae1_no,107,700000,,,,,36,13,8,9,6,21,3,1,3,92,46,27,14,20,37,7,3,3,0,0,0,false,SMALL,-1,-1,0,V2,0,3_5_fbios_PABUnityIAPiOSDefensiveBase,segment_tag_core_slot_prob_nu_29_06_var_a
69100,2026-04-13 20:26:16,4,4,4,steal,steal,steal,steal,4,true,0,73881507881,108129,5,5,1,10,0,3,0,0,0,15,140,7,0,10.7,bonus_as10_gae1_no,107,700000,,,,,37,13,11,9,6,21,3,2,3,93,46,30,14,20,37,7,4,3,4,4,4,false,MIN,-4,-5,1,V2,0,3_5_fbios_PABUnityIAPiOSDefensiveBase,segment_tag_core_slot_prob_nu_29_06_var_a
69101,2026-04-13 20:26:28,1,6,6,coin,spins,spins,gold,1,false,25000,74006557881,108128,5,5,1,10,0,0,0,2,0,15,140,7,0,10.7,bonus_as10_gae1_no,107,700000,,,,,38,13,11,9,8,21,3,2,3,94,46,30,14,22,37,7,4,3,6,6,5,false,BIG,6,3,3,V2,0,3_5_fbios_PABUnityIAPiOSDefensiveBase,segment_tag_core_slot_prob_nu_29_06_var_a
69102,2026-04-13 20:26:28,3,1,4,attack,coin,steal,gold,1,false,25000,74006607881,108127,5,5,1,10,1,1,0,0,0,15,140,7,0,10.7,bonus_as10_gae1_no,107,700000,,,,,39,14,12,9,8,21,3,2,3,95,47,31,14,22,37,7,4,3,4,1,0,false,NORMAL,3,0,3,V2,0,3_5_fbios_PABUnityIAPiOSDefensiveBase,segment_tag_core_slot_prob_nu_29_06_var_a
69103,2026-04-13 20:26:29,5,5,5,shield,shield,shield,shield,3,true,1,74006607881,108127,5,5,1,10,0,0,3,0,0,15,140,7,0,10.7,bonus_as10_gae1_no,107,700000,,,,,40,14,12,12,8,21,3,2,4,96,47,31,17,22,37,7,4,4,2,2,2,false,NORMAL,2,-1,3,V2,0,3_5_fbios_PABUnityIAPiOSDefensiveBase,segment_tag_core_slot_prob_nu_29_06_var_a
69104,2026-04-13 20:26:30,1,1,4,coin,coin,steal,gold,1,false,50000,74006707881,108126,5,5,1,10,0,1,0,0,0,15,140,7,0,10.7,bonus_as10_gae1_no,107,700000,,,,"{""68171e9b"":""90\/140@m2"",""820004c2"":""82\/750@m2""}",41,14,13,12,8,21,3,2,4,97,47,32,17,22,37,7,4,4,4,1,5,false,NORMAL,2,-1,3,V2,0,3_5_fbios_PABUnityIAPiOSDefensiveBase,segment_tag_core_slot_prob_nu_29_06_var_a
69105,2026-04-13 20:26:31,30,2,2,accumulation,goldSack,goldSack,gold,1,false,150000,74007007881,108125,5,5,1,10,0,0,0,0,1,16,140,7,1,11.4,bonus_as10_gae1_no,107,700000,,,,,42,14,13,12,8,22,3,2,4,98,47,32,17,22,38,7,4,4,7,7,8,false,MAX,11,8,3,V2,0,3_5_fbios_PABUnityIAPiOSDefensiveBase,segment_tag_core_slot_prob_nu_29_06_var_a
69106,2026-04-13 20:26:33,6,6,6,spins,spins,spins,spins,5,true,10,74007007881,108134,5,5,1,10,0,0,0,3,0,16,140,7,0,11.4,bonus_as10_gae1_no,107,700000,,,,,43,14,13,12,11,22,3,2,4,99,47,32,17,25,38,7,4,4,6,6,6,true,NORMAL,1,0,1,V2,0,3_5_fbios_PABUnityIAPiOSDefensiveBase,segment_tag_core_slot_prob_nu_29_06_var_a
69107,2026-04-13 20:26:34,1,4,4,coin,steal,steal,gold,1,false,25000,74007057881,108133,5,5,1,10,0,2,0,0,0,16,140,7,0,11.4,bonus_as10_gae1_no,107,700000,,,,,44,14,15,12,11,22,3,2,4,1,0,2,0,0,0,0,0,0,4,4,5,false,NORMAL,0,-1,1,V2,0,3_5_fbios_PABUnityIAPiOSDefensiveBase,segment_tag_core_slot_prob_nu_29_06_var_a
69108,2026-04-13 20:26:35,4,4,4,steal,steal,steal,steal,4,true,0,74007057881,108132,5,5,1,10,0,3,0,0,0,16,140,7,0,11.4,bonus_as10_gae1_no,107,700000,,,,,45,14,18,12,11,22,3,3,4,2,0,5,0,0,0,0,1,0,4,4,4,false,MIN,-3,-4,1,V2,0,3_5_fbios_PABUnityIAPiOSDefensiveBase,segment_tag_core_slot_prob_nu_29_06_var_a
69109,2026-04-13 20:26:41,3,6,2,attack,spins,goldSack,gold,1,false,100000,74282257881,108131,5,5,1,10,1,0,0,1,0,16,140,7,0,11.4,bonus_as10_gae1_no,107,700000,,,,,46,15,18,12,12,22,3,3,4,3,1,5,0,1,0,0,1,0,3,6,0,false,BIG,6,3,3,V2,0,3_5_fbios_PABUnityIAPiOSDefensiveBase,segment_tag_core_slot_prob_nu_29_06_var_a
69110,2026-04-13 20:26:42,3,6,2,attack,spins,goldSack,gold,1,false,100000,74282457881,108130,5,5,1,10,1,0,0,1,0,16,140,7,0,11.4,bonus_as10_gae1_no,107,700000,,,,,47,16,18,12,13,22,3,3,4,4,2,5,0,2,0,0,1,0,3,6,0,false,BIG,7,5,2,V2,0,3_5_fbios_PABUnityIAPiOSDefensiveBase,segment_tag_core_slot_prob_nu_29_06_var_a
69111,2026-04-13 20:26:42,1,4,4,coin,steal,steal,gold,1,false,25000,74282507881,108129,5,5,1,10,0,2,0,0,0,16,140,7,0,11.4,bonus_as10_gae1_no,107,700000,,,,,48,16,20,12,13,22,3,3,4,5,2,7,0,2,0,0,1,0,4,4,5,false,NORMAL,2,0,2,V2,0,3_5_fbios_PABUnityIAPiOSDefensiveBase,segment_tag_core_slot_prob_nu_29_06_var_a
69112,2026-04-13 20:26:43,30,2,2,accumulation,goldSack,goldSack,gold,1,false,150000,74282807881,108128,5,5,1,10,0,0,0,0,1,17,140,7,1,12.1,bonus_as10_gae1_no,107,700000,,,,,49,16,20,12,13,23,3,3,4,6,2,7,0,2,1,0,1,0,7,7,8,false,MAX,10,8,2,V2,0,3_5_fbios_PABUnityIAPiOSDefensiveBase,segment_tag_core_slot_prob_nu_29_06_var_a
69113,2026-04-13 20:26:45,3,3,2,attack,attack,goldSack,gold,1,false,100000,74283007881,108127,5,5,1,10,2,0,0,0,0,17,140,7,0,12.1,bonus_as10_gae1_no,107,700000,,,,,50,18,20,12,13,23,3,3,4,7,4,7,0,2,1,0,1,0,3,0,0,false,NORMAL,3,1,2,V2,0,3_5_fbios_PABUnityIAPiOSDefensiveBase,segment_tag_core_slot_prob_nu_29_06_var_a
69114,2026-04-13 20:26:45,3,6,2,attack,spins,goldSack,gold,1,false,100000,74283207881,108126,5,5,1,10,1,0,0,1,0,17,140,7,0,12.1,bonus_as10_gae1_no,107,700000,,,,,51,19,20,12,14,23,3,3,4,8,5,7,0,3,1,0,1,0,3,6,0,false,BIG,4,4,0,V2,0,3_5_fbios_PABUnityIAPiOSDefensiveBase,segment_tag_core_slot_prob_nu_29_06_var_a
69115,2026-04-13 20:26:46,3,1,4,attack,coin,steal,gold,1,false,25000,74283257881,108125,5,5,1,10,1,1,0,0,0,17,140,7,0,12.1,bonus_as10_gae1_no,107,700000,,,,"{""c8bff241"":""40\/350@m0"",""68171e9b"":""91\/140@m2""}",52,20,21,12,14,23,3,3,4,9,6,8,0,3,1,0,1,0,4,1,0,false,NORMAL,1,1,0,V2,0,3_5_fbios_PABUnityIAPiOSDefensiveBase,segment_tag_core_slot_prob_nu_29_06_var_a
69116,2026-04-13 20:26:47,2,2,2,goldSack,goldSack,goldSack,gold,1,true,2000000,74287257881,108124,5,5,1,10,0,0,0,0,0,17,140,7,0,12.1,bonus_as10_gae1_no,107,700000,,,,"{""820004c2"":""84\/750@m2""}",53,20,21,12,14,23,3,3,4,10,6,8,0,3,1,0,1,0,7,3,7,false,NORMAL,1,1,0,V2,0,3_5_fbios_PABUnityIAPiOSDefensiveBase,segment_tag_core_slot_prob_nu_29_06_var_a
69117,2026-04-13 20:26:48,1,1,4,coin,coin,steal,gold,1,false,50000,74287357881,108123,5,5,1,10,0,1,0,0,0,17,140,7,0,12.1,bonus_as10_gae1_no,107,700000,,,,,54,20,22,12,14,23,3,3,4,11,6,9,0,3,1,0,1,0,4,1,5,false,NORMAL,1,1,0,V2,0,3_5_fbios_PABUnityIAPiOSDefensiveBase,segment_tag_core_slot_prob_nu_29_06_var_a
69118,2026-04-13 20:26:49,3,3,3,attack,attack,attack,attack,2,true,0,74287357881,108122,5,5,1,10,3,0,0,0,0,17,140,7,0,12.1,bonus_as10_gae1_no,107,700000,,,,,55,23,22,12,14,23,4,3,4,12,9,9,0,3,1,1,1,0,0,0,0,false,SMALL,-2,-2,0,V2,0,3_5_fbios_PABUnityIAPiOSDefensiveBase,segment_tag_core_slot_prob_nu_29_06_var_a
69119,2026-04-13 20:26:55,5,2,2,shield,goldSack,goldSack,gold,1,false,150000,74337657881,108121,5,5,1,10,0,0,1,0,0,17,140,7,0,12.1,bonus_as10_gae1_no,107,700000,,,,"{""820004c2"":""86\/750@m2""}",56,23,22,13,14,23,4,3,4,13,9,9,1,3,1,1,1,0,7,7,2,false,BIG,6,5,1,V2,0,3_5_fbios_PABUnityIAPiOSDefensiveBase,segment_tag_core_slot_prob_nu_29_06_var_a
69120,2026-04-13 20:26:56,3,3,2,attack,attack,goldSack,gold,1,false,100000,74337857881,108120,5,5,1,10,2,0,0,0,0,17,140,7,0,12.1,bonus_as10_gae1_no,107,700000,,,,,57,25,22,13,14,23,4,3,4,14,11,9,1,3,1,1,1,0,7,0,0,false,SMALL,-1,-2,1,V2,0,3_5_fbios_PABUnityIAPiOSDefensiveBase,segment_tag_core_slot_prob_nu_29_06_var_a
69121,2026-04-13 20:26:56,2,2,2,goldSack,goldSack,goldSack,gold,1,true,2000000,74341857881,108119,5,5,1,10,0,0,0,0,0,17,140,7,0,12.1,bonus_as10_gae1_no,107,700000,,,,,58,25,22,13,14,23,4,3,4,15,11,9,1,3,1,1,1,0,3,7,7,false,BIG,4,3,1,V2,0,3_5_fbios_PABUnityIAPiOSDefensiveBase,segment_tag_core_slot_prob_nu_29_06_var_a
69122,2026-04-13 20:26:57,1,1,4,coin,coin,steal,gold,1,false,50000,74341957881,108118,5,5,1,10,0,1,0,0,0,17,140,7,0,12.1,bonus_as10_gae1_no,107,700000,,,,,59,25,23,13,14,23,4,3,4,16,11,10,1,3,1,1,1,0,4,1,1,false,MIN,-5,-2,-3,V2,0,3_5_fbios_PABUnityIAPiOSDefensiveBase,segment_tag_core_slot_prob_nu_29_06_var_a
69123,2026-04-13 20:26:58,6,6,6,spins,spins,spins,spins,5,true,10,74341957881,108127,5,5,1,10,0,0,0,3,0,17,140,7,0,12.1,bonus_as10_gae1_no,107,700000,,,,,60,25,23,13,17,23,4,3,4,17,11,10,1,6,1,1,1,0,6,6,6,true,MIN,-3,0,-3,V2,0,3_5_fbios_PABUnityIAPiOSDefensiveBase,segment_tag_core_slot_prob_nu_29_06_var_a
69124,2026-04-13 20:26:59,3,1,4,attack,coin,steal,gold,1,false,25000,74342007881,108126,5,5,1,10,1,1,0,0,0,17,140,7,0,12.1,bonus_as10_gae1_no,107,700000,,,,,61,26,24,13,17,23,4,3,4,1,1,1,0,0,0,0,0,0,4,5,0,false,MIN,-4,-3,-1,V2,0,3_5_fbios_PABUnityIAPiOSDefensiveBase,segment_tag_core_slot_prob_nu_29_06_var_a
69125,2026-04-13 20:27:00,30,2,2,accumulation,goldSack,goldSack,gold,1,false,150000,74342307881,108125,5,5,1,10,0,0,0,0,1,18,140,7,1,12.9,bonus_as10_gae1_no,107,700000,,,,,62,26,24,13,17,24,4,3,4,2,1,1,0,0,1,0,0,0,7,7,8,false,MAX,8,8,0,V2,0,3_5_fbios_PABUnityIAPiOSDefensiveBase,segment_tag_core_slot_prob_nu_29_06_var_a
69126,2026-04-13 20:27:01,3,6,2,attack,spins,goldSack,gold,1,false,100000,74342507881,108124,5,5,1,10,1,0,0,1,0,18,140,7,0,12.9,bonus_as10_gae1_no,107,700000,,,,"{""820004c2"":""88\/750@m2""}",63,27,24,13,18,24,4,3,4,3,2,1,0,1,1,0,0,0,3,6,0,false,NORMAL,2,2,0,V2,0,3_5_fbios_PABUnityIAPiOSDefensiveBase,segment_tag_core_slot_prob_nu_29_06_var_a
69127,2026-04-13 20:27:02,3,6,2,attack,spins,goldSack,gold,1,false,100000,74342707881,108123,5,5,1,10,1,0,0,1,0,18,140,7,0,12.9,bonus_as10_gae1_no,107,700000,,,,"{""68171e9b"":""92\/140@m2""}",64,28,24,13,19,24,4,3,4,4,3,1,0,2,1,0,0,0,7,6,0,false,SMALL,-1,-1,0,V2,0,3_5_fbios_PABUnityIAPiOSDefensiveBase,segment_tag_core_slot_prob_nu_29_06_var_a
69128,2026-04-13 20:27:03,30,2,2,accumulation,goldSack,goldSack,gold,1,false,150000,74343007881,108122,5,5,1,10,0,0,0,0,1,19,140,7,1,13.6,bonus_as10_gae1_no,107,700000,,,,,65,28,24,13,19,25,4,3,4,5,3,1,0,2,2,0,0,0,7,7,8,false,MAX,10,9,1,V2,0,3_5_fbios_PABUnityIAPiOSDefensiveBase,segment_tag_core_slot_prob_nu_29_06_var_a
69129,2026-04-13 20:27:04,3,1,4,attack,coin,steal,gold,1,false,25000,74343057881,108121,5,5,1,10,1,1,0,0,0,19,140,7,0,13.6,bonus_as10_gae1_no,107,700000,,,,,66,29,25,13,19,25,4,3,4,6,4,2,0,2,2,0,0,0,4,5,0,false,SMALL,-1,-2,1,V2,0,3_5_fbios_PABUnityIAPiOSDefensiveBase,segment_tag_core_slot_prob_nu_29_06_var_a
69130,2026-04-13 20:27:05,3,3,2,attack,attack,goldSack,gold,1,false,100000,74343257881,108120,5,5,1,10,2,0,0,0,0,19,140,7,0,13.6,bonus_as10_gae1_no,107,700000,,,,"{""c8bff241"":""42\/350@m0""}",67,31,25,13,19,25,4,3,4,7,6,2,0,2,2,0,0,0,7,0,0,false,NORMAL,0,-1,1,V2,0,3_5_fbios_PABUnityIAPiOSDefensiveBase,segment_tag_core_slot_prob_nu_29_06_var_a
69131,2026-04-13 20:27:06,30,2,2,accumulation,goldSack,goldSack,gold,1,false,150000,74343557881,108119,5,5,1,10,0,0,0,0,1,20,140,7,1,14.3,bonus_as10_gae1_no,107,700000,,,,,68,31,25,13,19,26,4,3,4,8,6,2,0,2,3,0,0,0,3,3,8,false,BIG,6,4,2,V2,0,3_5_fbios_PABUnityIAPiOSDefensiveBase,segment_tag_core_slot_prob_nu_29_06_var_a
69132,2026-04-13 20:27:07,1,1,1,coin,coin,coin,gold,1,true,250000,74344057881,108118,5,5,1,10,0,0,0,0,0,20,140,7,0,14.3,bonus_as10_gae1_no,107,700000,,,,,69,31,25,13,19,26,4,3,4,9,6,2,0,2,3,0,0,0,1,5,1,false,MIN,-9,-7,-2,V2,0,3_5_fbios_PABUnityIAPiOSDefensiveBase,segment_tag_core_slot_prob_nu_29_06_var_a
69133,2026-04-13 20:27:08,1,1,1,coin,coin,coin,gold,1,true,250000,74344557881,108117,5,5,1,10,0,0,0,0,0,20,140,7,0,14.3,bonus_as10_gae1_no,107,700000,,,,,70,31,25,13,19,26,4,3,4,10,6,2,0,2,3,0,0,0,5,1,1,false,MIN,-5,-3,-2,V2,0,3_5_fbios_PABUnityIAPiOSDefensiveBase,segment_tag_core_slot_prob_nu_29_06_var_a
69134,2026-04-13 20:27:08,3,3,3,attack,attack,attack,attack,2,true,0,74344557881,108116,5,5,1,10,3,0,0,0,0,20,140,7,0,14.3,bonus_as10_gae1_no,107,700000,,,,,71,34,25,13,19,26,5,3,4,11,9,2,0,2,3,1,0,0,0,0,0,false,MIN,-4,-2,-2,V2,0,3_5_fbios_PABUnityIAPiOSDefensiveBase,segment_tag_core_slot_prob_nu_29_06_var_a
69135,2026-04-13 20:27:17,30,2,2,accumulation,goldSack,goldSack,gold,1,false,150000,74394857881,108115,5,5,1,10,0,0,0,0,1,21,140,7,1,15.0,bonus_as10_gae1_no,107,700000,,,,"{""68171e9b"":""93\/140@m2""}",72,34,25,13,19,27,5,3,4,12,9,2,0,2,4,1,0,0,7,3,8,false,BIG,7,7,0,V2,0,3_5_fbios_PABUnityIAPiOSDefensiveBase,segment_tag_core_slot_prob_nu_29_06_var_a
69136,2026-04-13 20:27:18,3,6,2,attack,spins,goldSack,gold,1,false,100000,74395057881,108114,5,5,1,10,1,0,0,1,0,21,140,7,0,15.0,bonus_as10_gae1_no,107,700000,,,,,73,35,25,13,20,27,5,3,4,13,10,2,0,3,4,1,0,0,7,6,0,false,NORMAL,0,-1,1,V2,0,3_5_fbios_PABUnityIAPiOSDefensiveBase,segment_tag_core_slot_prob_nu_29_06_var_a
69137,2026-04-13 20:27:19,1,1,4,coin,coin,steal,gold,1,false,50000,74395157881,108113,5,5,1,10,0,1,0,0,0,21,140,7,0,15.0,bonus_as10_gae1_no,107,700000,,,,,74,35,26,13,20,27,5,3,4,14,10,3,0,3,4,1,0,0,4,1,1,false,MIN,-3,-2,-1,V2,0,3_5_fbios_PABUnityIAPiOSDefensiveBase,segment_tag_core_slot_prob_nu_29_06_var_a
69138,2026-04-13 20:27:20,1,5,5,coin,shield,shield,gold,1,false,25000,74395207881,108112,5,5,1,10,0,0,2,0,0,21,140,7,0,15.0,bonus_as10_gae1_no,107,700000,,,,"{""820004c2"":""90\/750@m2""}",75,35,26,15,20,27,5,3,4,15,10,3,2,3,4,1,0,0,2,2,1,false,MIN,-3,-2,-1,V2,0,3_5_fbios_PABUnityIAPiOSDefensiveBase,segment_tag_core_slot_prob_nu_29_06_var_a
69139,2026-04-13 20:27:21,1,1,1,coin,coin,coin,gold,1,true,250000,74219631881,108111,5,5,1,10,0,0,0,0,0,21,140,7,0,15.0,bonus_as10_gae1_no,107,700000,,,,,76,35,26,15,20,27,5,3,4,16,10,3,2,3,4,1,0,0,1,1,1,false,MIN,-5,-4,-1,V2,0,3_5_fbios_PABUnityIAPiOSDefensiveBase,segment_tag_core_slot_prob_nu_29_06_var_a
69140,2026-04-13 20:27:22,1,4,6,coin,steal,spins,gold,1,false,25000,74219681881,108110,5,5,1,10,0,1,0,1,0,21,140,7,0,15.0,bonus_as10_gae1_no,107,700000,,,,,77,35,27,15,21,27,5,3,4,17,10,4,2,4,4,1,0,0,6,4,1,false,MIN,-4,-2,-2,V2,0,3_5_fbios_PABUnityIAPiOSDefensiveBase,segment_tag_core_slot_prob_nu_29_06_var_a
69141,2026-04-13 20:27:22,3,6,2,attack,spins,goldSack,gold,1,false,100000,74219881881,108109,5,5,1,10,1,0,0,1,0,21,140,7,0,15.0,bonus_as10_gae1_no,107,700000,,,,,78,36,27,15,22,27,5,3,4,18,11,4,2,5,4,1,0,0,3,6,0,false,NORMAL,0,2,-2,V2,0,3_5_fbios_PABUnityIAPiOSDefensiveBase,segment_tag_core_slot_prob_nu_29_06_var_a
69142,2026-04-13 20:27:23,3,3,3,attack,attack,attack,attack,2,true,0,74219881881,108108,5,5,1,10,3,0,0,0,0,21,140,7,0,15.0,bonus_as10_gae1_no,107,700000,,,,,79,39,27,15,22,27,6,3,4,19,14,4,2,5,4,2,0,0,0,0,0,false,SMALL,-2,-1,-1,V2,0,3_5_fbios_PABUnityIAPiOSDefensiveBase,segment_tag_core_slot_prob_nu_29_06_var_a
69143,2026-04-13 20:27:36,1,4,4,coin,steal,steal,gold,1,false,25000,74237131881,108107,5,5,1,10,0,2,0,0,0,21,140,7,0,15.0,bonus_as10_gae1_no,107,700000,,,,,80,39,29,15,22,27,6,3,4,20,14,6,2,5,4,2,0,0,4,4,1,false,MIN,-7,-4,-3,V2,0,3_5_fbios_PABUnityIAPiOSDefensiveBase,segment_tag_core_slot_prob_nu_29_06_var_a
69144,2026-04-13 20:27:37,30,30,1,accumulation,accumulation,coin,gold,1,false,25000,74237181881,108106,5,5,1,10,0,0,0,0,2,23,140,7,2,16.4,bonus_as10_gae1_no,107,700000,,,,,81,39,29,15,22,29,6,3,4,21,14,6,2,5,6,2,0,0,5,8,8,false,MIN,-3,0,-3,V2,0,3_5_fbios_PABUnityIAPiOSDefensiveBase,segment_tag_core_slot_prob_nu_29_06_var_a
69145,2026-04-13 20:27:43,3,6,2,attack,spins,goldSack,gold,1,false,100000,74237381881,108105,5,5,1,10,1,0,0,1,0,23,140,7,0,16.4,bonus_as10_gae1_no,107,700000,,,,,82,40,29,15,23,29,6,3,4,22,15,6,2,6,6,2,0,0,7,6,0,false,MIN,-3,-2,-1,V2,0,3_5_fbios_PABUnityIAPiOSDefensiveBase,segment_tag_core_slot_prob_nu_29_06_var_a
69146,2026-04-13 20:27:43,3,6,2,attack,spins,goldSack,gold,1,false,100000,74237581881,108104,5,5,1,10,1,0,0,1,0,23,140,7,0,16.4,bonus_as10_gae1_no,107,700000,,,,,83,41,29,15,24,29,6,3,4,23,16,6,2,7,6,2,0,0,7,6,0,false,NORMAL,0,0,0,V2,0,3_5_fbios_PABUnityIAPiOSDefensiveBase,segment_tag_core_slot_prob_nu_29_06_var_a
69147,2026-04-13 20:27:44,3,3,2,attack,attack,goldSack,gold,1,false,100000,74237781881,108103,5,5,1,10,2,0,0,0,0,23,140,7,0,16.4,bonus_as10_gae1_no,107,700000,,,,"{""68171e9b"":""94\/140@m2""}",84,43,29,15,24,29,6,3,4,24,18,6,2,7,6,2,0,0,7,0,0,false,NORMAL,0,0,0,V2,0,3_5_fbios_PABUnityIAPiOSDefensiveBase,segment_tag_core_slot_prob_nu_29_06_var_a
69148,2026-04-13 20:27:45,30,30,1,accumulation,accumulation,coin,gold,1,false,25000,74237831881,108102,5,5,1,10,0,0,0,0,2,25,140,7,2,17.9,bonus_as10_gae1_no,107,700000,,,,,85,43,29,15,24,31,6,3,4,25,18,6,2,7,8,2,0,0,5,8,8,false,NORMAL,1,0,1,V2,0,3_5_fbios_PABUnityIAPiOSDefensiveBase,segment_tag_core_slot_prob_nu_29_06_var_a
69149,2026-04-13 20:27:46,30,2,2,accumulation,goldSack,goldSack,gold,1,false,150000,74238131881,108101,5,5,1,10,0,0,0,0,1,26,140,7,1,18.6,bonus_as10_gae1_no,107,700000,,,,"{""820004c2"":""92\/750@m2""}",86,43,29,15,24,32,6,3,4,26,18,6,2,7,9,2,0,0,7,3,8,false,MAX,10,8,2,V2,0,3_5_fbios_PABUnityIAPiOSDefensiveBase,segment_tag_core_slot_prob_nu_29_06_var_a
69150,2026-04-13 20:27:48,2,2,2,goldSack,goldSack,goldSack,gold,1,true,2000000,74242131881,108100,5,5,1,10,0,0,0,0,0,26,140,7,0,18.6,bonus_as10_gae1_no,107,700000,,,,,87,43,29,15,24,32,6,3,4,27,18,6,2,7,9,2,0,0,7,3,7,false,BIG,4,2,2,V2,0,3_5_fbios_PABUnityIAPiOSDefensiveBase,segment_tag_core_slot_prob_nu_29_06_var_a
69151,2026-04-13 20:27:49,30,30,1,accumulation,accumulation,coin,gold,1,false,25000,74242181881,108099,5,5,1,10,0,0,0,0,2,28,140,7,2,20.0,bonus_as10_gae1_no,107,700000,,,,,88,43,29,15,24,34,6,3,4,28,18,6,2,7,11,2,0,0,1,8,8,false,NORMAL,3,1,2,V2,0,3_5_fbios_PABUnityIAPiOSDefensiveBase,segment_tag_core_slot_prob_nu_29_06_var_a
69152,2026-04-13 20:27:50,5,5,5,shield,shield,shield,shield,3,true,1,74242181881,108099,5,5,1,10,0,0,3,0,0,28,140,7,0,20.0,bonus_as10_gae1_no,107,700000,,,,,89,43,29,18,24,34,6,3,5,29,18,6,5,7,11,2,0,1,2,2,2,false,NORMAL,1,-1,2,V2,0,3_5_fbios_PABUnityIAPiOSDefensiveBase,segment_tag_core_slot_prob_nu_29_06_var_a
69153,2026-04-13 20:27:51,2,2,2,goldSack,goldSack,goldSack,gold,1,true,2000000,74246181881,108098,5,5,1,10,0,0,0,0,0,28,140,7,0,20.0,bonus_as10_gae1_no,107,700000,,,,,90,43,29,18,24,34,6,3,5,30,18,6,5,7,11,2,0,1,7,7,3,false,BIG,5,4,1,V2,0,3_5_fbios_PABUnityIAPiOSDefensiveBase,segment_tag_core_slot_prob_nu_29_06_var_a
69154,2026-04-13 20:27:52,30,30,1,accumulation,accumulation,coin,gold,1,false,25000,74246231881,108097,5,5,1,10,0,0,0,0,2,30,140,7,2,21.4,bonus_as10_gae1_no,107,700000,,,,,91,43,29,18,24,36,6,3,5,31,18,6,5,7,13,2,0,1,1,8,8,false,NORMAL,3,2,1,V2,0,3_5_fbios_PABUnityIAPiOSDefensiveBase,segment_tag_core_slot_prob_nu_29_06_var_a
69155,2026-04-13 20:27:53,1,1,4,coin,coin,steal,gold,1,false,50000,74246331881,108096,5,5,1,10,0,1,0,0,0,30,140,7,0,21.4,bonus_as10_gae1_no,107,700000,,,,,92,43,30,18,24,36,6,3,5,32,18,7,5,7,13,2,0,1,4,5,1,false,MIN,-8,-6,-2,V2,0,3_5_fbios_PABUnityIAPiOSDefensiveBase,segment_tag_core_slot_prob_nu_29_06_var_a
69156,2026-04-13 20:27:54,30,2,2,accumulation,goldSack,goldSack,gold,1,false,150000,74246631881,108095,5,5,1,10,0,0,0,0,1,31,140,7,1,22.1,bonus_as10_gae1_no,107,700000,,,,"{""c8bff241"":""44\/350@m0""}",93,43,30,18,24,37,6,3,5,33,18,7,5,7,14,2,0,1,3,3,8,false,NORMAL,2,4,-2,V2,0,3_5_fbios_PABUnityIAPiOSDefensiveBase,segment_tag_core_slot_prob_nu_29_06_var_a
69157,2026-04-13 20:27:56,3,1,4,attack,coin,steal,gold,1,false,25000,74246681881,108094,5,5,1,10,1,1,0,0,0,31,140,7,0,22.1,bonus_as10_gae1_no,107,700000,,,,,94,44,31,18,24,37,6,3,5,34,19,8,5,7,14,2,0,1,4,5,0,false,MIN,-3,-2,-1,V2,0,3_5_fbios_PABUnityIAPiOSDefensiveBase,segment_tag_core_slot_prob_nu_29_06_var_a
69158,2026-04-13 20:27:57,30,2,2,accumulation,goldSack,goldSack,gold,1,false,150000,74246981881,108093,5,5,1,10,0,0,0,0,1,32,140,7,1,22.9,bonus_as10_gae1_no,107,700000,,,,"{""68171e9b"":""95\/140@m2""}",95,44,31,18,24,38,6,3,5,35,19,8,5,7,15,2,0,1,7,7,8,false,MAX,8,8,0,V2,0,3_5_fbios_PABUnityIAPiOSDefensiveBase,segment_tag_core_slot_prob_nu_29_06_var_a
69159,2026-04-13 20:27:58,3,6,2,attack,spins,goldSack,gold,1,false,100000,74247181881,108092,5,5,1,10,1,0,0,1,0,32,140,7,0,22.9,bonus_as10_gae1_no,107,700000,,,,,96,45,31,18,25,38,6,3,5,36,20,8,5,8,15,2,0,1,7,6,0,false,SMALL,-1,-1,0,V2,0,3_5_fbios_PABUnityIAPiOSDefensiveBase,segment_tag_core_slot_prob_nu_29_06_var_a
69160,2026-04-13 20:27:59,1,4,4,coin,steal,steal,gold,1,false,25000,74247231881,108091,5,5,1,10,0,2,0,0,0,32,140,7,0,22.9,bonus_as10_gae1_no,107,700000,,,,,97,45,33,18,25,38,6,3,5,37,20,10,5,8,15,2,0,1,4,4,1,false,MIN,-6,-4,-2,V2,0,3_5_fbios_PABUnityIAPiOSDefensiveBase,segment_tag_core_slot_prob_nu_29_06_var_a
69161,2026-04-13 20:28:00,3,6,2,attack,spins,goldSack,gold,1,false,100000,74247431881,108090,5,5,1,10,1,0,0,1,0,32,140,7,0,22.9,bonus_as10_gae1_no,107,700000,,,,,98,46,33,18,26,38,6,3,5,38,21,10,5,9,15,2,0,1,3,6,0,false,NORMAL,1,2,-1,V2,0,3_5_fbios_PABUnityIAPiOSDefensiveBase,segment_tag_core_slot_prob_nu_29_06_var_a
69162,2026-04-13 20:28:01,30,2,2,accumulation,goldSack,goldSack,gold,1,false,150000,74247731881,108089,5,5,1,10,0,0,0,0,1,33,140,7,1,23.6,bonus_as10_gae1_no,107,700000,,,,,99,46,33,18,26,39,6,3,5,39,21,10,5,9,16,2,0,1,3,3,8,false,BIG,5,5,0,V2,0,3_5_fbios_PABUnityIAPiOSDefensiveBase,segment_tag_core_slot_prob_nu_29_06_var_a
69163,2026-04-13 20:28:02,3,3,3,attack,attack,attack,attack,2,true,0,74247731881,108088,5,5,1,10,3,0,0,0,0,33,140,7,0,23.6,bonus_as10_gae1_no,107,700000,,,,,100,49,33,18,26,39,7,3,5,40,24,10,5,9,16,3,0,1,0,0,0,false,SMALL,-2,-2,0,V2,0,3_5_fbios_PABUnityIAPiOSDefensiveBase,segment_tag_core_slot_prob_nu_29_06_var_a
69164,2026-04-13 20:28:10,1,1,4,coin,coin,steal,gold,1,false,50000,74297831881,108087,5,5,1,10,0,1,0,0,0,33,140,7,0,23.6,bonus_as10_gae1_no,107,700000,,,,,101,49,34,18,26,39,7,3,5,41,24,11,5,9,16,3,0,1,4,1,1,false,MIN,-4,-2,-2,V2,0,3_5_fbios_PABUnityIAPiOSDefensiveBase,segment_tag_core_slot_prob_nu_29_06_var_a
69165,2026-04-13 20:28:11,30,2,2,accumulation,goldSack,goldSack,gold,1,false,150000,74298131881,108086,5,5,1,10,0,0,0,0,1,34,140,7,1,24.3,bonus_as10_gae1_no,107,700000,,,,"{""820004c2"":""94\/750@m2""}",102,49,34,18,26,40,7,3,5,42,24,11,5,9,17,3,0,1,3,3,8,false,NORMAL,2,4,-2,V2,0,3_5_fbios_PABUnityIAPiOSDefensiveBase,segment_tag_core_slot_prob_nu_29_06_var_a
69166,2026-04-13 20:28:13,1,1,4,coin,coin,steal,gold,1,false,50000,74298231881,108085,5,5,1,10,0,1,0,0,0,34,140,7,0,24.3,bonus_as10_gae1_no,107,700000,,,,,103,49,35,18,26,40,7,3,5,43,24,12,5,9,17,3,0,1,4,1,5,false,NORMAL,2,2,0,V2,0,3_5_fbios_PABUnityIAPiOSDefensiveBase,segment_tag_core_slot_prob_nu_29_06_var_a
69167,2026-04-13 20:28:13,30,2,2,accumulation,goldSack,goldSack,gold,1,false,150000,74298531881,108084,5,5,1,10,0,0,0,0,1,35,140,7,1,25.0,bonus_as10_gae1_no,107,700000,,,,,104,49,35,18,26,41,7,3,5,44,24,12,5,9,18,3,0,1,3,3,8,false,NORMAL,3,4,-1,V2,0,3_5_fbios_PABUnityIAPiOSDefensiveBase,segment_tag_core_slot_prob_nu_29_06_var_a
69168,2026-04-13 20:28:15,1,1,4,coin,coin,steal,gold,1,false,50000,74298631881,108083,5,5,1,10,0,1,0,0,0,35,140,7,0,25.0,bonus_as10_gae1_no,107,700000,,,,,105,49,36,18,26,41,7,3,5,45,24,13,5,9,18,3,0,1,4,5,1,false,MIN,-9,-6,-3,V2,0,3_5_fbios_PABUnityIAPiOSDefensiveBase,segment_tag_core_slot_prob_nu_29_06_var_a
69169,2026-04-13 20:28:15,4,4,4,steal,steal,steal,steal,4,true,0,74298631881,108082,5,5,1,10,0,3,0,0,0,35,140,7,0,25.0,bonus_as10_gae1_no,107,700000,,,,"{""68171e9b"":""96\/140@m2""}",106,49,39,18,26,41,7,4,5,46,24,16,5,9,18,3,1,1,4,4,4,false,MIN,-7,-4,-3,V2,0,3_5_fbios_PABUnityIAPiOSDefensiveBase,segment_tag_core_slot_prob_nu_29_06_var_a
69170,2026-04-13 20:28:22,2,2,2,goldSack,goldSack,goldSack,gold,1,true,2000000,74377631881,108081,5,5,1,10,0,0,0,0,0,35,140,7,0,25.0,bonus_as10_gae1_no,107,700000,,,,"{""820004c2"":""96\/750@m2""}",107,49,39,18,26,41,7,4,5,47,24,16,5,9,18,3,1,1,7,7,3,false,MAX,8,7,1,V2,0,3_5_fbios_PABUnityIAPiOSDefensiveBase,segment_tag_core_slot_prob_nu_29_06_var_a
69171,2026-04-13 20:28:23,5,5,5,shield,shield,shield,shield,3,true,1,74377631881,108081,5,5,1,10,0,0,3,0,0,35,140,7,0,25.0,bonus_as10_gae1_no,107,700000,,,,,108,49,39,21,26,41,7,4,6,48,24,16,8,9,18,3,1,2,2,2,2,false,NORMAL,0,-1,1,V2,0,3_5_fbios_PABUnityIAPiOSDefensiveBase,segment_tag_core_slot_prob_nu_29_06_var_a
69172,2026-04-13 20:28:24,30,30,30,accumulation,accumulation,accumulation,gold,10,true,0,74377631881,108080,5,5,1,10,0,0,0,0,3,45,140,7,10,32.1,bonus_as10_gae1_no,107,700000,,,,,109,49,39,21,26,44,7,4,6,49,24,16,8,9,21,3,1,2,8,8,8,true,NORMAL,1,-1,2,V2,0,3_5_fbios_PABUnityIAPiOSDefensiveBase,segment_tag_core_slot_prob_nu_29_06_var_a
69173,2026-04-13 20:28:25,1,1,1,coin,coin,coin,gold,1,true,250000,74378131881,108079,5,5,1,10,0,0,0,0,0,45,140,7,0,32.1,bonus_as10_gae1_no,107,700000,,,,"{""68171e9b"":""97\/140@m2""}",1,0,0,0,0,0,0,0,0,50,24,16,8,9,21,3,1,2,5,5,5,false,NORMAL,0,-2,2,V2,0,3_5_fbios_PABUnityIAPiOSDefensiveBase,segment_tag_core_slot_prob_nu_29_06_var_a
69174,2026-04-13 20:28:26,30,2,2,accumulation,goldSack,goldSack,gold,1,false,150000,74378431881,108078,5,5,1,10,0,0,0,0,1,46,140,7,1,32.9,bonus_as10_gae1_no,107,700000,,,,,2,0,0,0,0,1,0,0,0,51,24,16,8,9,22,3,1,2,3,3,8,false,BIG,5,4,1,V2,0,3_5_fbios_PABUnityIAPiOSDefensiveBase,segment_tag_core_slot_prob_nu_29_06_var_a
69175,2026-04-13 20:28:27,3,6,2,attack,spins,goldSack,gold,1,false,100000,74378631881,108077,5,5,1,10,1,0,0,1,0,46,140,7,0,32.9,bonus_as10_gae1_no,107,700000,,,,,3,1,0,0,1,1,0,0,0,52,25,16,8,10,22,3,1,2,3,6,0,false,NORMAL,3,3,0,V2,0,3_5_fbios_PABUnityIAPiOSDefensiveBase,segment_tag_core_slot_prob_nu_29_06_var_a
69176,2026-04-13 20:28:28,1,6,6,coin,spins,spins,gold,1,false,25000,74378681881,108076,5,5,1,10,0,0,0,2,0,46,140,7,0,32.9,bonus_as10_gae1_no,107,700000,,,,,4,1,0,0,3,1,0,0,0,53,25,16,8,12,22,3,1,2,6,6,5,false,NORMAL,2,2,0,V2,0,3_5_fbios_PABUnityIAPiOSDefensiveBase,segment_tag_core_slot_prob_nu_29_06_var_a
69177,2026-04-13 20:28:28,3,3,2,attack,attack,goldSack,gold,1,false,100000,74378881881,108075,5,5,1,10,2,0,0,0,0,46,140,7,0,32.9,bonus_as10_gae1_no,107,700000,,,,,5,3,0,0,3,1,0,0,0,54,27,16,8,12,22,3,1,2,3,0,0,false,NORMAL,1,1,0,V2,0,3_5_fbios_PABUnityIAPiOSDefensiveBase,segment_tag_core_slot_prob_nu_29_06_var_a
69178,2026-04-13 20:28:29,2,2,2,goldSack,goldSack,goldSack,gold,1,true,2000000,74382881881,108074,5,5,1,10,0,0,0,0,0,46,140,7,0,32.9,bonus_as10_gae1_no,107,700000,,,,,6,3,0,0,3,1,0,0,0,55,27,16,8,12,22,3,1,2,7,7,7,false,NORMAL,3,3,0,V2,0,3_5_fbios_PABUnityIAPiOSDefensiveBase,segment_tag_core_slot_prob_nu_29_06_var_a
69179,2026-04-13 20:28:30,1,1,4,coin,coin,steal,gold,1,false,50000,74382981881,108073,5,5,1,10,0,1,0,0,0,46,140,7,0,32.9,bonus_as10_gae1_no,107,700000,,,,,7,3,1,0,3,1,0,0,0,56,27,17,8,12,22,3,1,2,4,1,1,false,MIN,-5,-2,-3,V2,0,3_5_fbios_PABUnityIAPiOSDefensiveBase,segment_tag_core_slot_prob_nu_29_06_var_a
69180,2026-04-13 20:28:30,2,2,2,goldSack,goldSack,goldSack,gold,1,true,2000000,74386981881,108072,5,5,1,10,0,0,0,0,0,46,140,7,0,32.9,bonus_as10_gae1_no,107,700000,,,,,8,3,1,0,3,1,0,0,0,57,27,17,8,12,22,3,1,2,7,7,3,false,NORMAL,3,6,-3,V2,0,3_5_fbios_PABUnityIAPiOSDefensiveBase,segment_tag_core_slot_prob_nu_29_06_var_a
69181,2026-04-13 20:28:31,1,1,1,coin,coin,coin,gold,1,true,250000,74387481881,108071,5,5,1,10,0,0,0,0,0,46,140,7,0,32.9,bonus_as10_gae1_no,107,700000,,,,"{""68171e9b"":""98\/140@m2""}",9,3,1,0,3,1,0,0,0,58,27,17,8,12,22,3,1,2,5,5,1,false,MIN,-12,-9,-3,V2,0,3_5_fbios_PABUnityIAPiOSDefensiveBase,segment_tag_core_slot_prob_nu_29_06_var_a
69182,2026-04-13 20:28:32,3,6,2,attack,spins,goldSack,gold,1,false,100000,74387681881,108070,5,5,1,10,1,0,0,1,0,46,140,7,0,32.9,bonus_as10_gae1_no,107,700000,,,,,10,4,1,0,4,1,0,0,0,59,28,17,8,13,22,3,1,2,7,6,0,false,MIN,-5,-2,-3,V2,0,3_5_fbios_PABUnityIAPiOSDefensiveBase,segment_tag_core_slot_prob_nu_29_06_var_a
69183,2026-04-13 20:28:33,3,3,3,attack,attack,attack,attack,2,true,0,74387681881,108069,5,5,1,10,3,0,0,0,0,46,140,7,0,32.9,bonus_as10_gae1_no,107,700000,,,,,11,7,1,0,4,1,1,0,0,60,31,17,8,13,22,4,1,2,0,0,0,false,SMALL,-1,-1,0,V2,0,3_5_fbios_PABUnityIAPiOSDefensiveBase,segment_tag_core_slot_prob_nu_29_06_var_a
69184,2026-04-13 20:28:46,30,30,1,accumulation,accumulation,coin,gold,1,false,25000,74404931881,108068,5,5,1,10,0,0,0,0,2,48,140,7,2,34.3,bonus_as10_gae1_no,107,700000,,,,,12,7,1,0,4,3,1,0,0,61,31,17,8,13,24,4,1,2,1,8,8,false,NORMAL,2,1,1,V2,0,3_5_fbios_PABUnityIAPiOSDefensiveBase,segment_tag_core_slot_prob_nu_29_06_var_a
69185,2026-04-13 20:28:47,2,2,2,goldSack,goldSack,goldSack,gold,1,true,2000000,74408931881,108067,5,5,1,10,0,0,0,0,0,48,140,7,0,34.3,bonus_as10_gae1_no,107,700000,,,,,13,7,1,0,4,3,1,0,0,62,31,17,8,13,24,4,1,2,3,3,7,false,NORMAL,1,0,1,V2,0,3_5_fbios_PABUnityIAPiOSDefensiveBase,segment_tag_core_slot_prob_nu_29_06_var_a
69186,2026-04-13 20:28:47,3,1,5,attack,coin,shield,gold,1,false,25000,74408981881,108066,5,5,1,10,1,0,1,0,0,48,140,7,0,34.3,bonus_as10_gae1_no,107,700000,,,,,14,8,1,1,4,3,1,0,0,63,32,17,9,13,24,4,1,2,2,1,0,false,NORMAL,1,0,1,V2,0,3_5_fbios_PABUnityIAPiOSDefensiveBase,segment_tag_core_slot_prob_nu_29_06_var_a
69187,2026-04-13 20:28:48,30,2,2,accumulation,goldSack,goldSack,gold,1,false,150000,74409281881,108065,5,5,1,10,0,0,0,0,1,49,140,7,1,35.0,bonus_as10_gae1_no,107,700000,,,,,15,8,1,1,4,4,1,0,0,64,32,17,9,13,25,4,1,2,3,3,8,false,BIG,5,3,2,V2,0,3_5_fbios_PABUnityIAPiOSDefensiveBase,segment_tag_core_slot_prob_nu_29_06_var_a
69188,2026-04-13 20:28:49,3,1,1,attack,coin,coin,gold,1,false,50000,74409381881,108064,5,5,1,10,1,0,0,0,0,49,140,7,0,35.0,bonus_as10_gae1_no,107,700000,,,,"{""820004c2"":""98\/750@m2""}",16,9,1,1,4,4,1,0,0,65,33,17,9,13,25,4,1,2,1,1,0,false,NORMAL,1,0,1,V2,0,3_5_fbios_PABUnityIAPiOSDefensiveBase,segment_tag_core_slot_prob_nu_29_06_var_a
69189,2026-04-13 20:28:50,1,1,1,coin,coin,coin,gold,1,true,250000,74409881881,108063,5,5,1,10,0,0,0,0,0,49,140,7,0,35.0,bonus_as10_gae1_no,107,700000,,,,"{""c8bff241"":""46\/350@m0""}",17,9,1,1,4,4,1,0,0,66,33,17,9,13,25,4,1,2,1,1,1,false,MIN,-5,-3,-2,V2,0,3_5_fbios_PABUnityIAPiOSDefensiveBase,segment_tag_core_slot_prob_nu_29_06_var_a
69190,2026-04-13 20:28:51,3,4,2,attack,steal,goldSack,gold,1,false,100000,74410081881,108062,5,5,1,10,1,1,0,0,0,49,140,7,0,35.0,bonus_as10_gae1_no,107,700000,,,,,18,10,2,1,4,4,1,0,0,67,34,18,9,13,25,4,1,2,3,4,0,false,NORMAL,1,3,-2,V2,0,3_5_fbios_PABUnityIAPiOSDefensiveBase,segment_tag_core_slot_prob_nu_29_06_var_a
69191,2026-04-13 20:28:52,1,1,6,coin,coin,spins,gold,1,false,50000,74410181881,108061,5,5,1,10,0,0,0,1,0,49,140,7,0,35.0,bonus_as10_gae1_no,107,700000,,,,,19,10,2,1,5,4,1,0,0,68,34,18,9,14,25,4,1,2,6,5,1,false,MIN,-9,-7,-2,V2,0,3_5_fbios_PABUnityIAPiOSDefensiveBase,segment_tag_core_slot_prob_nu_29_06_var_a
69192,2026-04-13 20:28:52,5,5,5,shield,shield,shield,shield,3,true,1,74410181881,108061,5,5,1,10,0,0,3,0,0,49,140,7,0,35.0,bonus_as10_gae1_no,107,700000,,,,"{""68171e9b"":""99\/140@m2""}",20,10,2,4,5,4,1,0,1,69,34,18,12,14,25,4,1,3,2,2,2,false,MIN,-4,-1,-3,V2,0,3_5_fbios_PABUnityIAPiOSDefensiveBase,segment_tag_core_slot_prob_nu_29_06_var_a
69193,2026-04-13 20:28:54,3,4,2,attack,steal,goldSack,gold,1,false,100000,74410381881,108060,5,5,1,10,1,1,0,0,0,49,140,7,0,35.0,bonus_as10_gae1_no,107,700000,,,,,21,11,3,4,5,4,1,0,1,70,35,19,12,14,25,4,1,3,3,4,0,false,NORMAL,0,1,-1,V2,0,3_5_fbios_PABUnityIAPiOSDefensiveBase,segment_tag_core_slot_prob_nu_29_06_var_a
69194,2026-04-13 20:28:55,1,5,5,coin,shield,shield,gold,1,false,25000,74410431881,108059,5,5,1,10,0,0,2,0,0,49,140,7,0,35.0,bonus_as10_gae1_no,107,700000,,,,,22,11,3,6,5,4,1,0,1,71,35,19,14,14,25,4,1,3,2,2,5,false,SMALL,-1,0,-1,V2,0,3_5_fbios_PABUnityIAPiOSDefensiveBase,segment_tag_core_slot_prob_nu_29_06_var_a
69195,2026-04-13 20:28:55,3,1,1,attack,coin,coin,gold,1,false,50000,74410531881,108058,5,5,1,10,1,0,0,0,0,49,140,7,0,35.0,bonus_as10_gae1_no,107,700000,,,,,23,12,3,6,5,4,1,0,1,72,36,19,14,14,25,4,1,3,5,1,0,false,MIN,-3,-2,-1,V2,0,3_5_fbios_PABUnityIAPiOSDefensiveBase,segment_tag_core_slot_prob_nu_29_06_var_a
69196,2026-04-13 20:28:56,3,6,2,attack,spins,goldSack,gold,1,false,100000,74410731881,108057,5,5,1,10,1,0,0,1,0,49,140,7,0,35.0,bonus_as10_gae1_no,107,700000,,,,,24,13,3,6,6,4,1,0,1,73,37,19,14,15,25,4,1,3,3,6,0,false,NORMAL,2,3,-1,V2,0,3_5_fbios_PABUnityIAPiOSDefensiveBase,segment_tag_core_slot_prob_nu_29_06_var_a
69197,2026-04-13 20:28:57,3,4,2,attack,steal,goldSack,gold,1,false,100000,74410931881,108056,5,5,1,10,1,1,0,0,0,49,140,7,0,35.0,bonus_as10_gae1_no,107,700000,,,,"{""68171e9b"":""100\/140@m2""}",25,14,4,6,6,4,1,0,1,74,38,20,14,15,25,4,1,3,3,4,0,false,BIG,5,5,0,V2,0,3_5_fbios_PABUnityIAPiOSDefensiveBase,segment_tag_core_slot_prob_nu_29_06_var_a
69198,2026-04-13 20:28:58,3,1,1,attack,coin,coin,gold,1,false,50000,74411031881,108055,5,5,1,10,1,0,0,0,0,49,140,7,0,35.0,bonus_as10_gae1_no,107,700000,,,,"{""820004c2"":""100\/750@m2""}",26,15,4,6,6,4,1,0,1,75,39,20,14,15,25,4,1,3,1,1,0,false,NORMAL,1,1,0,V2,0,3_5_fbios_PABUnityIAPiOSDefensiveBase,segment_tag_core_slot_prob_nu_29_06_var_a
69199,2026-04-13 20:28:59,3,6,2,attack,spins,goldSack,gold,1,false,100000,74411231881,108054,5,5,1,10,1,0,0,1,0,49,140,7,0,35.0,bonus_as10_gae1_no,107,700000,,,,,27,16,4,6,7,4,1,0,1,76,40,20,14,16,25,4,1,3,3,6,0,false,NORMAL,3,3,0,V2,0,3_5_fbios_PABUnityIAPiOSDefensiveBase,segment_tag_core_slot_prob_nu_29_06_var_a
69200,2026-04-13 20:29:00,2,2,2,goldSack,goldSack,goldSack,gold,1,true,2000000,74415231881,108053,5,5,1,10,0,0,0,0,0,49,140,7,0,35.0,bonus_as10_gae1_no,107,700000,,,,,28,16,4,6,7,4,1,0,1,77,40,20,14,16,25,4,1,3,3,3,7,false,NORMAL,1,1,0,V2,0,3_5_fbios_PABUnityIAPiOSDefensiveBase,segment_tag_core_slot_prob_nu_29_06_var_a
69201,2026-04-13 20:29:00,30,2,2,accumulation,goldSack,goldSack,gold,1,false,150000,74415531881,108052,5,5,1,10,0,0,0,0,1,50,140,7,1,35.7,bonus_as10_gae1_no,107,700000,,,,,29,16,4,6,7,5,1,0,1,78,40,20,14,16,26,4,1,3,7,3,8,false,BIG,7,7,0,V2,0,3_5_fbios_PABUnityIAPiOSDefensiveBase,segment_tag_core_slot_prob_nu_29_06_var_a
69202,2026-04-13 20:29:02,5,5,5,shield,shield,shield,shield,3,true,1,74415531881,108052,5,5,1,10,0,0,3,0,0,50,140,7,0,35.7,bonus_as10_gae1_no,107,700000,,,,,30,16,4,9,7,5,1,0,2,79,40,20,17,16,26,4,1,4,2,2,2,false,SMALL,-1,-1,0,V2,0,3_5_fbios_PABUnityIAPiOSDefensiveBase,segment_tag_core_slot_prob_nu_29_06_var_a
69203,2026-04-13 20:29:03,30,2,2,accumulation,goldSack,goldSack,gold,1,false,150000,74415831881,108051,5,5,1,10,0,0,0,0,1,51,140,7,1,36.4,bonus_as10_gae1_no,107,700000,,,,"{""c8bff241"":""48\/350@m0"",""68171e9b"":""101\/140@m2""}",31,16,4,9,7,6,1,0,2,80,40,20,17,16,27,4,1,4,3,7,8,false,BIG,4,4,0,V2,0,3_5_fbios_PABUnityIAPiOSDefensiveBase,segment_tag_core_slot_prob_nu_29_06_var_a
69204,2026-04-13 20:29:05,30,30,1,accumulation,accumulation,coin,gold,1,false,25000,74415881881,108050,5,5,1,10,0,0,0,0,2,53,140,7,2,37.9,bonus_as10_gae1_no,107,700000,,,,"{""820004c2"":""102\/750@m2""}",32,16,4,9,7,8,1,0,2,81,40,20,17,16,29,4,1,4,1,8,8,false,NORMAL,3,3,0,V2,0,3_5_fbios_PABUnityIAPiOSDefensiveBase,segment_tag_core_slot_prob_nu_29_06_var_a
69205,2026-04-13 20:29:07,3,3,3,attack,attack,attack,attack,2,true,0,74415881881,108049,5,5,1,10,3,0,0,0,0,53,140,7,0,37.9,bonus_as10_gae1_no,107,700000,,,,,33,19,4,9,7,8,2,0,2,82,43,20,17,16,29,5,1,4,0,0,0,false,SMALL,-2,-2,0,V2,0,3_5_fbios_PABUnityIAPiOSDefensiveBase,segment_tag_core_slot_prob_nu_29_06_var_a
69206,2026-04-13 20:29:12,3,4,2,attack,steal,goldSack,gold,1,false,100000,74466081881,108048,5,5,1,10,1,1,0,0,0,53,140,7,0,37.9,bonus_as10_gae1_no,107,700000,,,,"{""820004c2"":""104\/750@m2""}",34,20,5,9,7,8,2,0,2,83,44,21,17,16,29,5,1,4,7,4,0,false,NORMAL,0,0,0,V2,0,3_5_fbios_PABUnityIAPiOSDefensiveBase,segment_tag_core_slot_prob_nu_29_06_var_a
69207,2026-04-13 20:29:13,1,4,6,coin,steal,spins,gold,1,false,25000,74466131881,108047,5,5,1,10,0,1,0,1,0,53,140,7,0,37.9,bonus_as10_gae1_no,107,700000,,,,,35,20,6,9,8,8,2,0,2,84,44,22,17,17,29,5,1,4,6,4,5,false,BIG,4,4,0,V2,0,3_5_fbios_PABUnityIAPiOSDefensiveBase,segment_tag_core_slot_prob_nu_29_06_var_a
69208,2026-04-13 20:29:13,1,6,6,coin,spins,spins,gold,1,false,25000,74466181881,108046,5,5,1,10,0,0,0,2,0,53,140,7,0,37.9,bonus_as10_gae1_no,107,700000,,,,,36,20,6,9,10,8,2,0,2,85,44,22,17,19,29,5,1,4,6,6,1,false,MIN,-4,-2,-2,V2,0,3_5_fbios_PABUnityIAPiOSDefensiveBase,segment_tag_core_slot_prob_nu_29_06_var_a
69209,2026-04-13 20:29:14,3,4,2,attack,steal,goldSack,gold,1,false,100000,74466381881,108045,5,5,1,10,1,1,0,0,0,53,140,7,0,37.9,bonus_as10_gae1_no,107,700000,,,,"{""820004c2"":""106\/750@m2""}",37,21,7,9,10,8,2,0,2,86,45,23,17,19,29,5,1,4,3,4,0,false,NORMAL,1,3,-2,V2,0,3_5_fbios_PABUnityIAPiOSDefensiveBase,segment_tag_core_slot_prob_nu_29_06_var_a
69210,2026-04-13 20:29:15,1,1,1,coin,coin,coin,gold,1,true,250000,74466881881,108044,5,5,1,10,0,0,0,0,0,53,140,7,0,37.9,bonus_as10_gae1_no,107,700000,,,,,38,21,7,9,10,8,2,0,2,87,45,23,17,19,29,5,1,4,1,1,5,false,NORMAL,0,1,-1,V2,0,3_5_fbios_PABUnityIAPiOSDefensiveBase,segment_tag_core_slot_prob_nu_29_06_var_a
69211,2026-04-13 20:29:16,3,4,2,attack,steal,goldSack,gold,1,false,100000,74467081881,108043,5,5,1,10,1,1,0,0,0,53,140,7,0,37.9,bonus_as10_gae1_no,107,700000,,,,,39,22,8,9,10,8,2,0,2,88,46,24,17,19,29,5,1,4,3,4,0,false,NORMAL,2,3,-1,V2,0,3_5_fbios_PABUnityIAPiOSDefensiveBase,segment_tag_core_slot_prob_nu_29_06_var_a
69212,2026-04-13 20:29:17,4,4,4,steal,steal,steal,steal,4,true,0,74467081881,108042,5,5,1,10,0,3,0,0,0,53,140,7,0,37.9,bonus_as10_gae1_no,107,700000,,,,"{""820004c2"":""108\/750@m2""}",40,22,11,9,10,8,2,1,2,89,46,27,17,19,29,5,2,4,4,4,4,false,MIN,-6,-5,-1,V2,0,3_5_fbios_PABUnityIAPiOSDefensiveBase,segment_tag_core_slot_prob_nu_29_06_var_a
69213,2026-04-13 20:29:24,2,2,2,goldSack,goldSack,goldSack,gold,1,true,2000000,74796081881,108041,5,5,1,10,0,0,0,0,0,53,140,7,0,37.9,bonus_as10_gae1_no,107,700000,,,,,41,22,11,9,10,8,2,1,2,90,46,27,17,19,29,5,2,4,3,7,7,false,BIG,5,4,1,V2,0,3_5_fbios_PABUnityIAPiOSDefensiveBase,segment_tag_core_slot_prob_nu_29_06_var_a
69214,2026-04-13 20:29:25,3,4,2,attack,steal,goldSack,gold,1,false,100000,74796281881,108040,5,5,1,10,1,1,0,0,0,53,140,7,0,37.9,bonus_as10_gae1_no,107,700000,,,,,42,23,12,9,10,8,2,1,2,91,47,28,17,19,29,5,2,4,3,4,0,false,BIG,6,4,2,V2,0,3_5_fbios_PABUnityIAPiOSDefensiveBase,segment_tag_core_slot_prob_nu_29_06_var_a
69215,2026-04-13 20:29:26,30,2,2,accumulation,goldSack,goldSack,gold,1,false,150000,74796581881,108039,5,5,1,10,0,0,0,0,1,54,140,7,1,38.6,bonus_as10_gae1_no,107,700000,,,,"{""68171e9b"":""102\/140@m2""}",43,23,12,9,10,9,2,1,2,92,47,28,17,19,30,5,2,4,7,7,8,false,MAX,11,8,3,V2,0,3_5_fbios_PABUnityIAPiOSDefensiveBase,segment_tag_core_slot_prob_nu_29_06_var_a
69216,2026-04-13 20:29:27,1,1,1,coin,coin,coin,gold,1,true,250000,74797081881,108038,5,5,1,10,0,0,0,0,0,54,140,7,0,38.6,bonus_as10_gae1_no,107,700000,,,,,44,23,12,9,10,9,2,1,2,93,47,28,17,19,30,5,2,4,1,5,1,false,MIN,-7,-7,0,V2,0,3_5_fbios_PABUnityIAPiOSDefensiveBase,segment_tag_core_slot_prob_nu_29_06_var_a
69217,2026-04-13 20:29:28,1,4,6,coin,steal,spins,gold,1,false,25000,74797131881,108037,5,5,1,10,0,1,0,1,0,54,140,7,0,38.6,bonus_as10_gae1_no,107,700000,,,,,45,23,13,9,11,9,2,1,2,94,47,29,17,20,30,5,2,4,6,4,5,false,BIG,4,4,0,V2,0,3_5_fbios_PABUnityIAPiOSDefensiveBase,segment_tag_core_slot_prob_nu_29_06_var_a
69218,2026-04-13 20:29:28,2,2,2,goldSack,goldSack,goldSack,gold,1,true,2000000,74801131881,108036,5,5,1,10,0,0,0,0,0,54,140,7,0,38.6,bonus_as10_gae1_no,107,700000,,,,,46,23,13,9,11,9,2,1,2,95,47,29,17,20,30,5,2,4,7,7,3,false,BIG,6,6,0,V2,0,3_5_fbios_PABUnityIAPiOSDefensiveBase,segment_tag_core_slot_prob_nu_29_06_var_a
69219,2026-04-13 20:29:29,1,1,1,coin,coin,coin,gold,1,true,250000,74801631881,108035,5,5,1,10,0,0,0,0,0,54,140,7,0,38.6,bonus_as10_gae1_no,107,700000,,,,,47,23,13,9,11,9,2,1,2,96,47,29,17,20,30,5,2,4,5,5,5,false,SMALL,-2,-2,0,V2,0,3_5_fbios_PABUnityIAPiOSDefensiveBase,segment_tag_core_slot_prob_nu_29_06_var_a
69220,2026-04-13 20:29:30,1,4,4,coin,steal,steal,gold,1,false,25000,74801681881,108034,5,5,1,10,0,2,0,0,0,54,140,7,0,38.6,bonus_as10_gae1_no,107,700000,,,,,48,23,15,9,11,9,2,1,2,97,47,31,17,20,30,5,2,4,4,4,5,false,NORMAL,3,2,1,V2,0,3_5_fbios_PABUnityIAPiOSDefensiveBase,segment_tag_core_slot_prob_nu_29_06_var_a
69221,2026-04-13 20:29:31,1,1,6,coin,coin,spins,gold,1,false,50000,74801781881,108033,5,5,1,10,0,0,0,1,0,54,140,7,0,38.6,bonus_as10_gae1_no,107,700000,,,,"{""c8bff241"":""50\/350@m0""}",49,23,15,9,12,9,2,1,2,98,47,31,17,21,30,5,2,4,6,5,1,false,MIN,-9,-7,-2,V2,0,3_5_fbios_PABUnityIAPiOSDefensiveBase,segment_tag_core_slot_prob_nu_29_06_var_a
69222,2026-04-13 20:29:32,5,5,5,shield,shield,shield,shield,3,true,1,74801781881,108033,5,5,1,10,0,0,3,0,0,54,140,7,0,38.6,bonus_as10_gae1_no,107,700000,,,,,50,23,15,12,12,9,2,1,3,99,47,31,20,21,30,5,2,5,2,2,2,false,MIN,-3,-1,-2,V2,0,3_5_fbios_PABUnityIAPiOSDefensiveBase,segment_tag_core_slot_prob_nu_29_06_var_a
69223,2026-04-13 20:29:33,1,4,6,coin,steal,spins,gold,1,false,25000,74801831881,108032,5,5,1,10,0,1,0,1,0,54,140,7,0,38.6,bonus_as10_gae1_no,107,700000,,,,,51,23,16,12,13,9,2,1,3,100,47,32,20,22,30,5,2,5,6,4,1,false,MIN,-7,-5,-2,V2,0,3_5_fbios_PABUnityIAPiOSDefensiveBase,segment_tag_core_slot_prob_nu_29_06_var_a
69224,2026-04-13 20:29:34,1,6,6,coin,spins,spins,gold,1,false,25000,74801881881,108031,5,5,1,10,0,0,0,2,0,54,140,7,0,38.6,bonus_as10_gae1_no,107,700000,,,,"{""68171e9b"":""103\/140@m2""}",52,23,16,12,15,9,2,1,3,101,47,32,20,24,30,5,2,5,6,6,5,false,NORMAL,1,3,-2,V2,0,3_5_fbios_PABUnityIAPiOSDefensiveBase,segment_tag_core_slot_prob_nu_29_06_var_a
69225,2026-04-13 20:29:35,4,4,4,steal,steal,steal,steal,4,true,0,74801881881,108030,5,5,1,10,0,3,0,0,0,54,140,7,0,38.6,bonus_as10_gae1_no,107,700000,,,,,53,23,19,12,15,9,2,2,3,102,47,35,20,24,30,5,3,5,4,4,4,false,MIN,-5,-5,0,V2,0,3_5_fbios_PABUnityIAPiOSDefensiveBase,segment_tag_core_slot_prob_nu_29_06_var_a
69226,2026-04-13 20:29:46,30,2,2,accumulation,goldSack,goldSack,gold,1,false,150000,75152181881,108029,5,5,1,10,0,0,0,0,1,55,140,7,1,39.3,bonus_as10_gae1_no,107,700000,,,,,54,23,19,12,15,10,2,2,3,103,47,35,20,24,31,5,3,5,7,7,8,false,MAX,11,9,2,V2,0,3_5_fbios_PABUnityIAPiOSDefensiveBase,segment_tag_core_slot_prob_nu_29_06_var_a
69227,2026-04-13 20:29:47,3,3,2,attack,attack,goldSack,gold,1,false,100000,75152381881,108028,5,5,1,10,2,0,0,0,0,55,140,7,0,39.3,bonus_as10_gae1_no,107,700000,,,,,55,25,19,12,15,10,2,2,3,104,49,35,20,24,31,5,3,5,3,0,0,false,NORMAL,3,1,2,V2,0,3_5_fbios_PABUnityIAPiOSDefensiveBase,segment_tag_core_slot_prob_nu_29_06_var_a
69228,2026-04-13 20:29:48,3,3,3,attack,attack,attack,attack,2,true,0,75152381881,108027,5,5,1,10,3,0,0,0,0,55,140,7,0,39.3,bonus_as10_gae1_no,107,700000,,,,,56,28,19,12,15,10,3,2,3,105,52,35,20,24,31,6,3,5,0,0,0,false,NORMAL,1,-1,2,V2,0,3_5_fbios_PABUnityIAPiOSDefensiveBase,segment_tag_core_slot_prob_nu_29_06_var_a
69229,2026-04-13 20:29:54,30,2,2,accumulation,goldSack,goldSack,gold,1,false,150000,75169881881,108026,5,5,1,10,0,0,0,0,1,56,140,7,1,40.0,bonus_as10_gae1_no,107,700000,,,,,57,28,19,12,15,11,3,2,3,106,52,35,20,24,32,6,3,5,7,7,8,false,MAX,12,8,4,V2,0,3_5_fbios_PABUnityIAPiOSDefensiveBase,segment_tag_core_slot_prob_nu_29_06_var_a
69230,2026-04-13 20:29:56,30,2,2,accumulation,goldSack,goldSack,gold,1,false,150000,75170181881,108025,5,5,1,10,0,0,0,0,1,57,140,7,1,40.7,bonus_as10_gae1_no,107,700000,,,,,58,28,19,12,15,12,3,2,3,107,52,35,20,24,33,6,3,5,7,7,8,false,MAX,15,11,4,V2,0,3_5_fbios_PABUnityIAPiOSDefensiveBase,segment_tag_core_slot_prob_nu_29_06_var_a
69231,2026-04-13 20:29:58,3,6,2,attack,spins,goldSack,gold,1,false,100000,75170381881,108024,5,5,1,10,1,0,0,1,0,57,140,7,0,40.7,bonus_as10_gae1_no,107,700000,,,,"{""c8bff241"":""52\/350@m0"",""820004c2"":""110\/750@m2""}",59,29,19,12,16,12,3,2,3,108,53,35,20,25,33,6,3,5,3,6,0,false,BIG,4,2,2,V2,0,3_5_fbios_PABUnityIAPiOSDefensiveBase,segment_tag_core_slot_prob_nu_29_06_var_a
69232,2026-04-13 20:29:59,30,30,1,accumulation,accumulation,coin,gold,1,false,25000,75170431881,108023,5,5,1,10,0,0,0,0,2,59,140,7,2,42.1,bonus_as10_gae1_no,107,700000,,,,,60,29,19,12,16,14,3,2,3,109,53,35,20,25,35,6,3,5,5,8,8,false,NORMAL,1,0,1,V2,0,3_5_fbios_PABUnityIAPiOSDefensiveBase,segment_tag_core_slot_prob_nu_29_06_var_a
69233,2026-04-13 20:30:00,1,4,6,coin,steal,spins,gold,1,false,25000,75170481881,108022,5,5,1,10,0,1,0,1,0,59,140,7,0,42.1,bonus_as10_gae1_no,107,700000,,,,,61,29,20,12,17,14,3,2,3,110,53,36,20,26,35,6,3,5,6,4,5,false,BIG,6,5,1,V2,0,3_5_fbios_PABUnityIAPiOSDefensiveBase,segment_tag_core_slot_prob_nu_29_06_var_a
69234,2026-04-13 20:30:01,1,1,6,coin,coin,spins,gold,1,false,50000,75170581881,108021,5,5,1,10,0,0,0,1,0,59,140,7,0,42.1,bonus_as10_gae1_no,107,700000,,,,,62,29,20,12,18,14,3,2,3,111,53,36,20,27,35,6,3,5,6,1,1,false,MIN,-3,-1,-2,V2,0,3_5_fbios_PABUnityIAPiOSDefensiveBase,segment_tag_core_slot_prob_nu_29_06_var_a
69235,2026-04-13 20:30:02,6,6,6,spins,spins,spins,spins,5,true,10,75170581881,108030,5,5,1,10,0,0,0,3,0,59,140,7,0,42.1,bonus_as10_gae1_no,107,700000,,,,,63,29,20,12,21,14,3,2,3,112,53,36,20,30,35,6,3,5,6,6,6,true,SMALL,-1,1,-2,V2,0,3_5_fbios_PABUnityIAPiOSDefensiveBase,segment_tag_core_slot_prob_nu_29_06_var_a
69236,2026-04-13 20:30:03,30,2,2,accumulation,goldSack,goldSack,gold,1,false,150000,75170881881,108029,5,5,1,10,0,0,0,0,1,60,140,7,1,42.9,bonus_as10_gae1_no,107,700000,,,,"{""68171e9b"":""104\/140@m2""}",64,29,20,12,21,15,3,2,3,1,0,0,0,0,1,0,0,0,7,7,8,false,BIG,7,7,0,V2,0,3_5_fbios_PABUnityIAPiOSDefensiveBase,segment_tag_core_slot_prob_nu_29_06_var_a
69237,2026-04-13 20:30:05,1,4,4,coin,steal,steal,gold,1,false,25000,75170931881,108028,5,5,1,10,0,2,0,0,0,60,140,7,0,42.9,bonus_as10_gae1_no,107,700000,,,,"{""820004c2"":""112\/750@m2""}",65,29,22,12,21,15,3,2,3,2,0,2,0,0,1,0,0,0,4,4,5,false,NORMAL,1,1,0,V2,0,3_5_fbios_PABUnityIAPiOSDefensiveBase,segment_tag_core_slot_prob_nu_29_06_var_a
69238,2026-04-13 20:30:05,1,4,4,coin,steal,steal,gold,1,false,25000,75170981881,108027,5,5,1,10,0,2,0,0,0,60,140,7,0,42.9,bonus_as10_gae1_no,107,700000,,,,,66,29,24,12,21,15,3,2,3,3,0,4,0,0,1,0,0,0,4,4,1,false,MIN,-5,-3,-2,V2,0,3_5_fbios_PABUnityIAPiOSDefensiveBase,segment_tag_core_slot_prob_nu_29_06_var_a
69239,2026-04-13 20:30:06,2,2,2,goldSack,goldSack,goldSack,gold,1,true,2000000,75174981881,108026,5,5,1,10,0,0,0,0,0,60,140,7,0,42.9,bonus_as10_gae1_no,107,700000,,,,,67,29,24,12,21,15,3,2,3,4,0,4,0,0,1,0,0,0,7,7,3,false,BIG,4,6,-2,V2,0,3_5_fbios_PABUnityIAPiOSDefensiveBase,segment_tag_core_slot_prob_nu_29_06_var_a
69240,2026-04-13 20:30:14,2,2,2,goldSack,goldSack,goldSack,gold,1,true,2000000,75178981881,108025,5,5,1,10,0,0,0,0,0,60,140,7,0,42.9,bonus_as10_gae1_no,107,700000,,,,,68,29,24,12,21,15,3,2,3,5,0,4,0,0,1,0,0,0,7,7,3,false,MAX,8,8,0,V2,0,3_5_fbios_PABUnityIAPiOSDefensiveBase,segment_tag_core_slot_prob_nu_29_06_var_a
69241,2026-04-13 20:30:14,30,2,2,accumulation,goldSack,goldSack,gold,1,false,150000,75179281881,108024,5,5,1,10,0,0,0,0,1,61,140,7,1,43.6,bonus_as10_gae1_no,107,700000,,,,,69,29,24,12,21,16,3,2,3,6,0,4,0,0,2,0,0,0,3,7,8,false,BIG,7,7,0,V2,0,3_5_fbios_PABUnityIAPiOSDefensiveBase,segment_tag_core_slot_prob_nu_29_06_var_a
69242,2026-04-13 20:30:16,2,2,2,goldSack,goldSack,goldSack,gold,1,true,2000000,75183281881,108023,5,5,1,10,0,0,0,0,0,61,140,7,0,43.6,bonus_as10_gae1_no,107,700000,,,,,70,29,24,12,21,16,3,2,3,7,0,4,0,0,2,0,0,0,7,7,7,false,NORMAL,2,3,-1,V2,0,3_5_fbios_PABUnityIAPiOSDefensiveBase,segment_tag_core_slot_prob_nu_29_06_var_a
69243,2026-04-13 20:30:17,30,2,2,accumulation,goldSack,goldSack,gold,1,false,150000,75183581881,108022,5,5,1,10,0,0,0,0,1,62,140,7,1,44.3,bonus_as10_gae1_no,107,700000,,,,,71,29,24,12,21,17,3,2,3,8,0,4,0,0,3,0,0,0,7,7,8,false,MAX,9,10,-1,V2,0,3_5_fbios_PABUnityIAPiOSDefensiveBase,segment_tag_core_slot_prob_nu_29_06_var_a
69244,2026-04-13 20:31:29,5,5,5,shield,shield,shield,shield,3,true,1,75183581881,108022,5,5,1,10,0,0,3,0,0,62,140,7,0,44.3,bonus_as10_gae1_no,107,700000,,,,,72,29,24,15,21,17,3,2,4,9,0,4,3,0,3,0,0,1,2,2,2,false,SMALL,-1,-1,0,V2,0,3_5_fbios_PABUnityIAPiOSDefensiveBase,segment_tag_core_slot_prob_nu_29_06_var_a
69245,2026-04-13 20:31:30,1,1,6,coin,coin,spins,gold,1,false,50000,75183681881,108021,5,5,1,10,0,0,0,1,0,62,140,7,0,44.3,bonus_as10_gae1_no,107,700000,,,,,73,29,24,15,22,17,3,2,4,10,0,4,3,1,3,0,0,1,6,5,1,false,MIN,-12,-9,-3,V2,0,3_5_fbios_PABUnityIAPiOSDefensiveBase,segment_tag_core_slot_prob_nu_29_06_var_a
69246,2026-04-13 20:31:31,1,4,6,coin,steal,spins,gold,1,false,25000,75183731881,108020,5,5,1,10,0,1,0,1,0,62,140,7,0,44.3,bonus_as10_gae1_no,107,700000,,,,"{""68171e9b"":""105\/140@m2""}",74,29,25,15,23,17,3,2,4,11,0,5,3,2,3,0,0,1,6,4,1,false,MIN,-4,-1,-3,V2,0,3_5_fbios_PABUnityIAPiOSDefensiveBase,segment_tag_core_slot_prob_nu_29_06_var_a
69247,2026-04-13 20:31:32,30,2,2,accumulation,goldSack,goldSack,gold,1,false,150000,75184031881,108019,5,5,1,10,0,0,0,0,1,63,140,7,1,45.0,bonus_as10_gae1_no,107,700000,,,,,75,29,25,15,23,18,3,2,4,12,0,5,3,2,4,0,0,1,3,7,8,false,BIG,4,6,-2,V2,0,3_5_fbios_PABUnityIAPiOSDefensiveBase,segment_tag_core_slot_prob_nu_29_06_var_a
69248,2026-04-13 20:31:34,30,30,30,accumulation,accumulation,accumulation,gold,10,true,0,75184031881,108018,5,5,1,10,0,0,0,0,3,73,140,7,10,52.1,bonus_as10_gae1_no,107,700000,,,,"{""820004c2"":""114\/750@m2""}",76,29,25,15,23,21,3,2,4,13,0,5,3,2,7,0,0,1,8,8,8,true,NORMAL,2,3,-1,V2,0,3_5_fbios_PABUnityIAPiOSDefensiveBase,segment_tag_core_slot_prob_nu_29_06_var_a
69249,2026-04-13 20:31:36,1,1,1,coin,coin,coin,gold,1,true,250000,75184531881,108017,5,5,1,10,0,0,0,0,0,73,140,7,0,52.1,bonus_as10_gae1_no,107,700000,,,,,1,0,0,0,0,0,0,0,0,14,0,5,3,2,7,0,0,1,1,1,1,false,MIN,-8,-5,-3,V2,0,3_5_fbios_PABUnityIAPiOSDefensiveBase,segment_tag_core_slot_prob_nu_29_06_var_a
69250,2026-04-13 20:31:37,30,30,1,accumulation,accumulation,coin,gold,1,false,25000,75184581881,108016,5,5,1,10,0,0,0,0,2,75,140,7,2,53.6,bonus_as10_gae1_no,107,700000,,,,,2,0,0,0,0,2,0,0,0,15,0,5,3,2,9,0,0,1,1,8,8,false,SMALL,-1,2,-3,V2,0,3_5_fbios_PABUnityIAPiOSDefensiveBase,segment_tag_core_slot_prob_nu_29_06_var_a
69251,2026-04-13 20:47:25,3,3,2,attack,attack,goldSack,gold,1,false,100000,75184681881,108015,5,5,1,10,2,0,0,0,0,75,140,7,0,53.6,bonus_as10_gae1_no,107,700000,,,,,3,2,0,0,0,2,0,0,0,16,2,5,3,2,9,0,0,1,7,0,0,false,MIN,-3,-2,-1,V2,0,3_5_fbios_PABUnityIAPiOSDefensiveBase,segment_tag_core_slot_prob_nu_29_06_var_a
69252,2026-04-13 20:47:26,3,3,3,attack,attack,attack,attack,2,true,0,75184681881,108014,5,5,1,10,3,0,0,0,0,75,140,7,0,53.6,bonus_as10_gae1_no,107,700000,,,,"{""68171e9b"":""106\/140@m2""}",4,5,0,0,0,2,1,0,0,17,5,5,3,2,9,1,0,1,0,0,0,false,SMALL,-1,-1,0,V2,0,3_5_fbios_PABUnityIAPiOSDefensiveBase,segment_tag_core_slot_prob_nu_29_06_var_a
69253,2026-04-13 20:47:31,3,3,3,attack,attack,attack,attack,2,true,0,75210681881,108013,5,5,1,10,3,0,0,0,0,75,140,7,0,53.6,bonus_as10_gae1_no,107,700000,,,,,5,8,0,0,0,2,2,0,0,18,8,5,3,2,9,2,0,1,0,0,0,false,NORMAL,0,0,0,V2,0,3_5_fbios_PABUnityIAPiOSDefensiveBase,segment_tag_core_slot_prob_nu_29_06_var_a
69254,2026-04-13 20:47:35,30,2,2,accumulation,goldSack,goldSack,gold,1,false,150000,75219411881,108012,5,5,1,10,0,0,0,0,1,76,140,7,1,54.3,bonus_as10_gae1_no,107,700000,,,,,6,8,0,0,0,3,2,0,0,19,8,5,3,2,10,2,0,1,3,3,8,false,BIG,5,4,1,V2,0,3_5_fbios_PABUnityIAPiOSDefensiveBase,segment_tag_core_slot_prob_nu_29_06_var_a
69255,2026-04-13 20:47:37,1,1,1,coin,coin,coin,gold,1,true,250000,75219661881,108011,5,5,1,10,0,0,0,0,0,76,140,7,0,54.3,bonus_as10_gae1_no,107,700000,,,,,7,8,0,0,0,3,2,0,0,20,8,5,3,2,10,2,0,1,5,1,1,false,MIN,-6,-4,-2,V2,0,3_5_fbios_PABUnityIAPiOSDefensiveBase,segment_tag_core_slot_prob_nu_29_06_var_a
69256,2026-04-13 20:47:37,30,30,1,accumulation,accumulation,coin,gold,1,false,25000,75219686881,108010,5,5,1,10,0,0,0,0,2,78,140,7,2,55.7,bonus_as10_gae1_no,107,700000,,,,,8,8,0,0,0,5,2,0,0,21,8,5,3,2,12,2,0,1,5,8,8,false,SMALL,-1,1,-2,V2,0,3_5_fbios_PABUnityIAPiOSDefensiveBase,segment_tag_core_slot_prob_nu_29_06_var_a
69257,2026-04-13 20:47:39,30,2,2,accumulation,goldSack,goldSack,gold,1,false,150000,75219836881,108009,5,5,1,10,0,0,0,0,1,79,140,7,1,56.4,bonus_as10_gae1_no,107,700000,,,,,9,8,0,0,0,6,2,0,0,22,8,5,3,2,13,2,0,1,7,7,8,false,MAX,9,9,0,V2,0,3_5_fbios_PABUnityIAPiOSDefensiveBase,segment_tag_core_slot_prob_nu_29_06_var_a
69258,2026-04-13 20:47:40,1,6,6,coin,spins,spins,gold,1,false,25000,75219861881,108008,5,5,1,10,0,0,0,2,0,79,140,7,0,56.4,bonus_as10_gae1_no,107,700000,,,,,10,8,0,0,2,6,2,0,0,23,8,5,3,4,13,2,0,1,6,6,1,false,MIN,-5,-3,-2,V2,0,3_5_fbios_PABUnityIAPiOSDefensiveBase,segment_tag_core_slot_prob_nu_29_06_var_a
69259,2026-04-13 20:47:41,30,2,2,accumulation,goldSack,goldSack,gold,1,false,150000,75220011881,108007,5,5,1,10,0,0,0,0,1,80,140,7,1,57.1,bonus_as10_gae1_no,107,700000,,,,,11,8,0,0,2,7,2,0,0,24,8,5,3,4,14,2,0,1,7,3,8,false,BIG,4,7,-3,V2,0,3_5_fbios_PABUnityIAPiOSDefensiveBase,segment_tag_core_slot_prob_nu_29_06_var_a
69260,2026-04-13 20:47:42,3,4,2,attack,steal,goldSack,gold,1,false,100000,75220111881,108006,5,5,1,10,1,1,0,0,0,80,140,7,0,57.1,bonus_as10_gae1_no,107,700000,,,,,12,9,1,0,2,7,2,0,0,25,9,6,3,4,14,2,0,1,7,4,0,false,NORMAL,0,0,0,V2,0,3_5_fbios_PABUnityIAPiOSDefensiveBase,segment_tag_core_slot_prob_nu_29_06_var_a
69261,2026-04-13 20:47:43,6,6,6,spins,spins,spins,spins,5,true,10,75220111881,108015,5,5,1,10,0,0,0,3,0,80,140,7,0,57.1,bonus_as10_gae1_no,107,700000,,,,,13,9,1,0,5,7,2,0,0,26,9,6,3,7,14,2,0,1,6,6,6,true,NORMAL,0,0,0,V2,0,3_5_fbios_PABUnityIAPiOSDefensiveBase,segment_tag_core_slot_prob_nu_29_06_var_a
69262,2026-04-13 20:47:45,3,3,2,attack,attack,goldSack,gold,1,false,100000,75220211881,108014,5,5,1,10,2,0,0,0,0,80,140,7,0,57.1,bonus_as10_gae1_no,107,700000,,,,,14,11,1,0,5,7,2,0,0,1,2,0,0,0,0,0,0,0,7,0,0,false,MIN,-3,-3,0,V2,0,3_5_fbios_PABUnityIAPiOSDefensiveBase,segment_tag_core_slot_prob_nu_29_06_var_a
69263,2026-04-13 20:47:46,3,3,2,attack,attack,goldSack,gold,1,false,100000,75220311881,108013,5,5,1,10,2,0,0,0,0,80,140,7,0,57.1,bonus_as10_gae1_no,107,700000,,,,"{""c8bff241"":""54\/350@m0""}",15,13,1,0,5,7,2,0,0,2,4,0,0,0,0,0,0,0,3,0,0,false,NORMAL,2,2,0,V2,0,3_5_fbios_PABUnityIAPiOSDefensiveBase,segment_tag_core_slot_prob_nu_29_06_var_a
69264,2026-04-13 20:47:47,3,4,2,attack,steal,goldSack,gold,1,false,100000,75220411881,108012,5,5,1,10,1,1,0,0,0,80,140,7,0,57.1,bonus_as10_gae1_no,107,700000,,,,"{""820004c2"":""116\/750@m2"",""68171e9b"":""107\/140@m2""}",16,14,2,0,5,7,2,0,0,3,5,1,0,0,0,0,0,0,3,4,0,false,BIG,5,5,0,V2,0,3_5_fbios_PABUnityIAPiOSDefensiveBase,segment_tag_core_slot_prob_nu_29_06_var_a
69265,2026-04-13 20:47:48,30,30,1,accumulation,accumulation,coin,gold,1,false,25000,75220436881,108011,5,5,1,10,0,0,0,0,2,82,140,7,2,58.6,bonus_as10_gae1_no,107,700000,,,,,17,14,2,0,5,9,2,0,0,4,5,1,0,0,2,0,0,0,5,8,8,false,NORMAL,1,0,1,V2,0,3_5_fbios_PABUnityIAPiOSDefensiveBase,segment_tag_core_slot_prob_nu_29_06_var_a
69266,2026-04-13 20:47:49,3,4,2,attack,steal,goldSack,gold,1,false,100000,75220536881,108010,5,5,1,10,1,1,0,0,0,82,140,7,0,58.6,bonus_as10_gae1_no,107,700000,,,,,18,15,3,0,5,9,2,0,0,5,6,2,0,0,2,0,0,0,7,4,0,false,NORMAL,0,-1,1,V2,0,3_5_fbios_PABUnityIAPiOSDefensiveBase,segment_tag_core_slot_prob_nu_29_06_var_a
69267,2026-04-13 20:47:50,30,30,1,accumulation,accumulation,coin,gold,1,false,25000,75220561881,108009,5,5,1,10,0,0,0,0,2,84,140,7,2,60.0,bonus_as10_gae1_no,107,700000,,,,"{""820004c2"":""118\/750@m2""}",19,15,3,0,5,11,2,0,0,6,6,2,0,0,4,0,0,0,1,8,8,false,NORMAL,2,1,1,V2,0,3_5_fbios_PABUnityIAPiOSDefensiveBase,segment_tag_core_slot_prob_nu_29_06_var_a
69268,2026-04-13 20:47:52,3,1,1,attack,coin,coin,gold,1,false,50000,75220611881,108008,5,5,1,10,1,0,0,0,0,84,140,7,0,60.0,bonus_as10_gae1_no,107,700000,,,,,20,16,3,0,5,11,2,0,0,7,7,2,0,0,4,0,0,0,1,1,0,false,NORMAL,2,1,1,V2,0,3_5_fbios_PABUnityIAPiOSDefensiveBase,segment_tag_core_slot_prob_nu_29_06_var_a
69269,2026-04-13 20:47:52,1,4,6,coin,steal,spins,gold,1,false,25000,75220636881,108007,5,5,1,10,0,1,0,1,0,84,140,7,0,60.0,bonus_as10_gae1_no,107,700000,,,,,21,16,4,0,6,11,2,0,0,8,7,3,0,1,4,0,0,0,6,4,1,false,MIN,-4,-3,-1,V2,0,3_5_fbios_PABUnityIAPiOSDefensiveBase,segment_tag_core_slot_prob_nu_29_06_var_a
69270,2026-04-13 20:47:53,3,3,2,attack,attack,goldSack,gold,1,false,100000,75220736881,108006,5,5,1,10,2,0,0,0,0,84,140,7,0,60.0,bonus_as10_gae1_no,107,700000,,,,"{""820004c2"":""120\/750@m2"",""68171e9b"":""108\/140@m2""}",22,18,4,0,6,11,2,0,0,9,9,3,0,1,4,0,0,0,3,0,0,false,NORMAL,0,1,-1,V2,0,3_5_fbios_PABUnityIAPiOSDefensiveBase,segment_tag_core_slot_prob_nu_29_06_var_a
69271,2026-04-13 20:47:54,30,2,2,accumulation,goldSack,goldSack,gold,1,false,150000,75220886881,108005,5,5,1,10,0,0,0,0,1,85,140,7,1,60.7,bonus_as10_gae1_no,107,700000,,,,,23,18,4,0,6,12,2,0,0,10,9,3,0,1,5,0,0,0,7,7,8,false,MAX,8,8,0,V2,0,3_5_fbios_PABUnityIAPiOSDefensiveBase,segment_tag_core_slot_prob_nu_29_06_var_a
69272,2026-04-13 20:47:56,1,1,1,coin,coin,coin,gold,1,true,250000,75221136881,108004,5,5,1,10,0,0,0,0,0,85,140,7,0,60.7,bonus_as10_gae1_no,107,700000,,,,,24,18,4,0,6,12,2,0,0,11,9,3,0,1,5,0,0,0,1,1,5,false,NORMAL,2,2,0,V2,0,3_5_fbios_PABUnityIAPiOSDefensiveBase,segment_tag_core_slot_prob_nu_29_06_var_a
69273,2026-04-13 20:47:56,1,1,6,coin,coin,spins,gold,1,false,50000,75221186881,108003,5,5,1,10,0,0,0,1,0,85,140,7,0,60.7,bonus_as10_gae1_no,107,700000,,,,,25,18,4,0,7,12,2,0,0,12,9,3,0,2,5,0,0,0,6,1,1,false,MIN,-4,-2,-2,V2,0,3_5_fbios_PABUnityIAPiOSDefensiveBase,segment_tag_core_slot_prob_nu_29_06_var_a
69274,2026-04-13 20:47:57,30,2,2,accumulation,goldSack,goldSack,gold,1,false,150000,75221336881,108002,5,5,1,10,0,0,0,0,1,86,140,7,1,61.4,bonus_as10_gae1_no,107,700000,,,,"{""820004c2"":""122\/750@m2"",""68171e9b"":""109\/140@m2""}",26,18,4,0,7,13,2,0,0,13,9,3,0,2,6,0,0,0,7,7,8,false,BIG,6,8,-2,V2,0,3_5_fbios_PABUnityIAPiOSDefensiveBase,segment_tag_core_slot_prob_nu_29_06_var_a
69275,2026-04-13 20:47:59,4,4,4,steal,steal,steal,steal,4,true,0,75221336881,108001,5,5,1,10,0,3,0,0,0,86,140,7,0,61.4,bonus_as10_gae1_no,107,700000,,,,,27,18,7,0,7,13,2,1,0,14,9,6,0,2,6,0,1,0,4,4,4,false,MIN,-4,-5,1,V2,0,3_5_fbios_PABUnityIAPiOSDefensiveBase,segment_tag_core_slot_prob_nu_29_06_var_a
69276,2026-04-13 20:48:07,3,3,3,attack,attack,attack,attack,2,true,0,75314711881,108000,5,5,1,10,3,0,0,0,0,86,140,7,0,61.4,bonus_as10_gae1_no,107,700000,,,,,28,21,7,0,7,13,3,1,0,15,12,6,0,2,6,1,1,0,0,0,0,false,NORMAL,1,-1,2,V2,0,3_5_fbios_PABUnityIAPiOSDefensiveBase,segment_tag_core_slot_prob_nu_29_06_var_a
69277,2026-04-13 20:48:12,3,3,3,attack,attack,attack,attack,2,true,0,75323291881,107999,5,5,1,10,3,0,0,0,0,86,140,7,0,61.4,bonus_as10_gae1_no,107,700000,,,,,29,24,7,0,7,13,4,1,0,16,15,6,0,2,6,2,1,0,0,0,0,false,NORMAL,2,0,2,V2,0,3_5_fbios_PABUnityIAPiOSDefensiveBase,segment_tag_core_slot_prob_nu_29_06_var_a
69278,2026-04-13 20:48:17,1,1,1,coin,coin,coin,gold,1,true,250000,75349541881,107998,5,5,1,10,0,0,0,0,0,86,140,7,0,61.4,bonus_as10_gae1_no,107,700000,,,,,30,24,7,0,7,13,4,1,0,17,15,6,0,2,6,2,1,0,1,5,1,false,MIN,-7,-7,0,V2,0,3_5_fbios_PABUnityIAPiOSDefensiveBase,segment_tag_core_slot_prob_nu_29_06_var_a
69279,2026-04-13 20:48:26,3,4,2,attack,steal,goldSack,gold,1,false,100000,75349641881,107997,5,5,1,10,1,1,0,0,0,86,140,7,0,61.4,bonus_as10_gae1_no,107,700000,,,,,31,25,8,0,7,13,4,1,0,18,16,7,0,2,6,2,1,0,3,4,0,false,NORMAL,3,3,0,V2,0,3_5_fbios_PABUnityIAPiOSDefensiveBase,segment_tag_core_slot_prob_nu_29_06_var_a
69280,2026-04-13 20:48:27,1,4,6,coin,steal,spins,gold,1,false,25000,75349666881,107996,5,5,1,10,0,1,0,1,0,86,140,7,0,61.4,bonus_as10_gae1_no,107,700000,,,,,32,25,9,0,8,13,4,1,0,19,16,8,0,3,6,2,1,0,6,4,1,false,MIN,-6,-3,-3,V2,0,3_5_fbios_PABUnityIAPiOSDefensiveBase,segment_tag_core_slot_prob_nu_29_06_var_a
69281,2026-04-13 20:48:28,1,1,6,coin,coin,spins,gold,1,false,50000,75349716881,107995,5,5,1,10,0,0,0,1,0,86,140,7,0,61.4,bonus_as10_gae1_no,107,700000,,,,,33,25,9,0,9,13,4,1,0,20,16,8,0,4,6,2,1,0,6,1,1,false,MIN,-3,0,-3,V2,0,3_5_fbios_PABUnityIAPiOSDefensiveBase,segment_tag_core_slot_prob_nu_29_06_var_a
69282,2026-04-13 20:48:29,3,3,3,attack,attack,attack,attack,2,true,0,75349716881,107994,5,5,1,10,3,0,0,0,0,86,140,7,0,61.4,bonus_as10_gae1_no,107,700000,,,,,34,28,9,0,9,13,5,1,0,21,19,8,0,4,6,3,1,0,0,0,0,false,MIN,-5,-2,-3,V2,0,3_5_fbios_PABUnityIAPiOSDefensiveBase,segment_tag_core_slot_prob_nu_29_06_var_a
69283,2026-04-13 20:48:38,3,3,2,attack,attack,goldSack,gold,1,false,100000,75358396881,107993,5,5,1,10,2,0,0,0,0,86,140,7,0,61.4,bonus_as10_gae1_no,107,700000,,,,,35,30,9,0,9,13,5,1,0,22,21,8,0,4,6,3,1,0,7,0,0,false,SMALL,-2,-1,-1,V2,0,3_5_fbios_PABUnityIAPiOSDefensiveBase,segment_tag_core_slot_prob_nu_29_06_var_a
69284,2026-04-13 20:48:39,1,1,1,coin,coin,coin,gold,1,true,250000,75358646881,107992,5,5,1,10,0,0,0,0,0,86,140,7,0,61.4,bonus_as10_gae1_no,107,700000,,,,"{""c8bff241"":""56\/350@m0""}",36,30,9,0,9,13,5,1,0,23,21,8,0,4,6,3,1,0,5,1,1,false,MIN,-7,-4,-3,V2,0,3_5_fbios_PABUnityIAPiOSDefensiveBase,segment_tag_core_slot_prob_nu_29_06_var_a
69285,2026-04-13 20:48:40,30,2,2,accumulation,goldSack,goldSack,gold,1,false,150000,75358796881,107991,5,5,1,10,0,0,0,0,1,87,140,7,1,62.1,bonus_as10_gae1_no,107,700000,,,,"{""68171e9b"":""110\/140@m2""}",37,30,9,0,9,14,5,1,0,24,21,8,0,4,7,3,1,0,3,3,8,false,NORMAL,2,4,-2,V2,0,3_5_fbios_PABUnityIAPiOSDefensiveBase,segment_tag_core_slot_prob_nu_29_06_var_a
69286,2026-04-13 20:48:42,1,1,4,coin,coin,steal,gold,1,false,50000,75358846881,107990,5,5,1,10,0,1,0,0,0,87,140,7,0,62.1,bonus_as10_gae1_no,107,700000,,,,,38,30,10,0,9,14,5,1,0,25,21,9,0,4,7,3,1,0,4,5,1,false,MIN,-9,-6,-3,V2,0,3_5_fbios_PABUnityIAPiOSDefensiveBase,segment_tag_core_slot_prob_nu_29_06_var_a
69287,2026-04-13 20:48:42,2,2,2,goldSack,goldSack,goldSack,gold,1,true,2000000,75360846881,107989,5,5,1,10,0,0,0,0,0,87,140,7,0,62.1,bonus_as10_gae1_no,107,700000,,,,,39,30,10,0,9,14,5,1,0,26,21,9,0,4,7,3,1,0,3,3,3,false,NORMAL,0,3,-3,V2,0,3_5_fbios_PABUnityIAPiOSDefensiveBase,segment_tag_core_slot_prob_nu_29_06_var_a
69288,2026-04-13 20:48:43,3,6,2,attack,spins,goldSack,gold,1,false,100000,75360946881,107988,5,5,1,10,1,0,0,1,0,87,140,7,0,62.1,bonus_as10_gae1_no,107,700000,,,,,40,31,10,0,10,14,5,1,0,27,22,9,0,5,7,3,1,0,3,6,0,false,NORMAL,0,3,-3,V2,0,3_5_fbios_PABUnityIAPiOSDefensiveBase,segment_tag_core_slot_prob_nu_29_06_var_a
69289,2026-04-13 20:48:44,5,5,5,shield,shield,shield,shield,3,true,1,75360946881,107988,5,5,1,10,0,0,3,0,0,87,140,7,0,62.1,bonus_as10_gae1_no,107,700000,,,,,41,31,10,3,10,14,5,1,1,28,22,9,3,5,7,3,1,1,2,2,2,false,SMALL,-2,-1,-1,V2,0,3_5_fbios_PABUnityIAPiOSDefensiveBase,segment_tag_core_slot_prob_nu_29_06_var_a
69290,2026-04-13 20:48:45,30,2,2,accumulation,goldSack,goldSack,gold,1,false,150000,75361096881,107987,5,5,1,10,0,0,0,0,1,88,140,7,1,62.9,bonus_as10_gae1_no,107,700000,,,,"{""820004c2"":""124\/750@m2""}",42,31,10,3,10,15,5,1,1,29,22,9,3,5,8,3,1,1,3,7,8,false,NORMAL,3,4,-1,V2,0,3_5_fbios_PABUnityIAPiOSDefensiveBase,segment_tag_core_slot_prob_nu_29_06_var_a
69291,2026-04-13 20:48:46,30,2,2,accumulation,goldSack,goldSack,gold,1,false,150000,75361246881,107986,5,5,1,10,0,0,0,0,1,89,140,7,1,63.6,bonus_as10_gae1_no,107,700000,,,,,43,31,10,3,10,16,5,1,1,30,22,9,3,5,9,3,1,1,7,3,8,false,MAX,8,9,-1,V2,0,3_5_fbios_PABUnityIAPiOSDefensiveBase,segment_tag_core_slot_prob_nu_29_06_var_a
69292,2026-04-13 20:48:48,30,2,2,accumulation,goldSack,goldSack,gold,1,false,150000,75361396881,107985,5,5,1,10,0,0,0,0,1,90,140,7,1,64.3,bonus_as10_gae1_no,107,700000,,,,,44,31,10,3,10,17,5,1,1,31,22,9,3,5,10,3,1,1,7,3,8,false,MAX,9,9,0,V2,0,3_5_fbios_PABUnityIAPiOSDefensiveBase,segment_tag_core_slot_prob_nu_29_06_var_a
69293,2026-04-13 20:48:49,3,6,2,attack,spins,goldSack,gold,1,false,100000,75361496881,107984,5,5,1,10,1,0,0,1,0,90,140,7,0,64.3,bonus_as10_gae1_no,107,700000,,,,,45,32,10,3,11,17,5,1,1,32,23,9,3,6,10,3,1,1,3,6,0,false,NORMAL,2,2,0,V2,0,3_5_fbios_PABUnityIAPiOSDefensiveBase,segment_tag_core_slot_prob_nu_29_06_var_a
69294,2026-04-13 20:48:50,3,3,2,attack,attack,goldSack,gold,1,false,100000,75361596881,107983,5,5,1,10,2,0,0,0,0,90,140,7,0,64.3,bonus_as10_gae1_no,107,700000,,,,"{""68171e9b"":""111\/140@m2""}",46,34,10,3,11,17,5,1,1,33,25,9,3,6,10,3,1,1,3,0,0,false,NORMAL,3,3,0,V2,0,3_5_fbios_PABUnityIAPiOSDefensiveBase,segment_tag_core_slot_prob_nu_29_06_var_a
69295,2026-04-13 20:48:51,3,6,2,attack,spins,goldSack,gold,1,false,100000,75361696881,107982,5,5,1,10,1,0,0,1,0,90,140,7,0,64.3,bonus_as10_gae1_no,107,700000,,,,,47,35,10,3,12,17,5,1,1,34,26,9,3,7,10,3,1,1,7,6,0,false,SMALL,-1,-1,0,V2,0,3_5_fbios_PABUnityIAPiOSDefensiveBase,segment_tag_core_slot_prob_nu_29_06_var_a
69296,2026-04-13 20:48:51,5,5,5,shield,shield,shield,shield,3,true,1,75361696881,107982,5,5,1,10,0,0,3,0,0,90,140,7,0,64.3,bonus_as10_gae1_no,107,700000,,,,,48,35,10,6,12,17,5,1,2,35,26,9,6,7,10,3,1,2,2,2,2,false,SMALL,-1,-1,0,V2,0,3_5_fbios_PABUnityIAPiOSDefensiveBase,segment_tag_core_slot_prob_nu_29_06_var_a
69297,2026-04-13 20:48:53,3,3,3,attack,attack,attack,attack,2,true,0,75361696881,107981,5,5,1,10,3,0,0,0,0,90,140,7,0,64.3,bonus_as10_gae1_no,107,700000,,,,,49,38,10,6,12,17,6,1,2,36,29,9,6,7,10,4,1,2,0,0,0,false,MIN,-4,-4,0,V2,0,3_5_fbios_PABUnityIAPiOSDefensiveBase,segment_tag_core_slot_prob_nu_29_06_var_a
69298,2026-04-13 20:48:57,30,30,1,accumulation,accumulation,coin,gold,1,false,25000,75370301881,107980,5,5,1,10,0,0,0,0,2,92,140,7,2,65.7,bonus_as10_gae1_no,107,700000,,,,"{""68171e9b"":""112\/140@m2""}",50,38,10,6,12,19,6,1,2,37,29,9,6,7,12,4,1,2,5,8,8,false,NORMAL,1,0,1,V2,0,3_5_fbios_PABUnityIAPiOSDefensiveBase,segment_tag_core_slot_prob_nu_29_06_var_a
69299,2026-04-13 20:48:59,1,1,4,coin,coin,steal,gold,1,false,50000,75370351881,107979,5,5,1,10,0,1,0,0,0,92,140,7,0,65.7,bonus_as10_gae1_no,107,700000,,,,"{""820004c2"":""126\/750@m2""}",51,38,11,6,12,19,6,1,2,38,29,10,6,7,12,4,1,2,4,5,5,false,NORMAL,2,0,2,V2,0,3_5_fbios_PABUnityIAPiOSDefensiveBase,segment_tag_core_slot_prob_nu_29_06_var_a
69300,2026-04-13 20:49:00,30,30,1,accumulation,accumulation,coin,gold,1,false,25000,75370376881,107978,5,5,1,10,0,0,0,0,2,94,140,7,2,67.1,bonus_as10_gae1_no,107,700000,,,,,52,38,11,6,12,21,6,1,2,39,29,10,6,7,14,4,1,2,1,8,8,false,NORMAL,3,1,2,V2,0,3_5_fbios_PABUnityIAPiOSDefensiveBase,segment_tag_core_slot_prob_nu_29_06_var_a
69301,2026-04-13 20:49:01,2,2,2,goldSack,goldSack,goldSack,gold,1,true,2000000,75372376881,107977,5,5,1,10,0,0,0,0,0,94,140,7,0,67.1,bonus_as10_gae1_no,107,700000,,,,,53,38,11,6,12,21,6,1,2,40,29,10,6,7,14,4,1,2,7,3,3,false,BIG,7,5,2,V2,0,3_5_fbios_PABUnityIAPiOSDefensiveBase,segment_tag_core_slot_prob_nu_29_06_var_a
69302,2026-04-13 20:49:02,3,3,1,attack,attack,coin,gold,1,false,25000,75372401881,107976,5,5,1,10,2,0,0,0,0,94,140,7,0,67.1,bonus_as10_gae1_no,107,700000,,,,,54,40,11,6,12,21,6,1,2,41,31,10,6,7,14,4,1,2,5,0,0,false,NORMAL,0,-2,2,V2,0,3_5_fbios_PABUnityIAPiOSDefensiveBase,segment_tag_core_slot_prob_nu_29_06_var_a
69303,2026-04-13 20:49:03,3,1,4,attack,coin,steal,gold,1,false,25000,75372426881,107975,5,5,1,10,1,1,0,0,0,94,140,7,0,67.1,bonus_as10_gae1_no,107,700000,,,,,55,41,12,6,12,21,6,1,2,42,32,11,6,7,14,4,1,2,4,5,0,false,NORMAL,0,-1,1,V2,0,3_5_fbios_PABUnityIAPiOSDefensiveBase,segment_tag_core_slot_prob_nu_29_06_var_a
69304,2026-04-13 20:49:04,3,6,2,attack,spins,goldSack,gold,1,false,100000,75372526881,107974,5,5,1,10,1,0,0,1,0,94,140,7,0,67.1,bonus_as10_gae1_no,107,700000,,,,,56,42,12,6,13,21,6,1,2,43,33,11,6,8,14,4,1,2,3,6,0,false,BIG,4,3,1,V2,0,3_5_fbios_PABUnityIAPiOSDefensiveBase,segment_tag_core_slot_prob_nu_29_06_var_a
69305,2026-04-13 20:49:05,3,1,4,attack,coin,steal,gold,1,false,25000,75372551881,107973,5,5,1,10,1,1,0,0,0,94,140,7,0,67.1,bonus_as10_gae1_no,107,700000,,,,,57,43,13,6,13,21,6,1,2,44,34,12,6,8,14,4,1,2,4,1,0,false,NORMAL,1,1,0,V2,0,3_5_fbios_PABUnityIAPiOSDefensiveBase,segment_tag_core_slot_prob_nu_29_06_var_a
69306,2026-04-13 20:49:07,3,6,2,attack,spins,goldSack,gold,1,false,100000,75372651881,107972,5,5,1,10,1,0,0,1,0,94,140,7,0,67.1,bonus_as10_gae1_no,107,700000,,,,"{""68171e9b"":""113\/140@m2""}",58,44,13,6,14,21,6,1,2,45,35,12,6,9,14,4,1,2,3,6,0,false,NORMAL,3,3,0,V2,0,3_5_fbios_PABUnityIAPiOSDefensiveBase,segment_tag_core_slot_prob_nu_29_06_var_a
69307,2026-04-13 20:49:09,2,2,2,goldSack,goldSack,goldSack,gold,1,true,2000000,75374651881,107971,5,5,1,10,0,0,0,0,0,94,140,7,0,67.1,bonus_as10_gae1_no,107,700000,,,,,59,44,13,6,14,21,6,1,2,46,35,12,6,9,14,4,1,2,7,7,3,false,BIG,6,6,0,V2,0,3_5_fbios_PABUnityIAPiOSDefensiveBase,segment_tag_core_slot_prob_nu_29_06_var_a
69308,2026-04-13 20:49:11,2,2,2,goldSack,goldSack,goldSack,gold,1,true,2000000,75376651881,107970,5,5,1,10,0,0,0,0,0,94,140,7,0,67.1,bonus_as10_gae1_no,107,700000,,,,"{""820004c2"":""128\/750@m2""}",60,44,13,6,14,21,6,1,2,47,35,12,6,9,14,4,1,2,3,7,3,false,BIG,6,6,0,V2,0,3_5_fbios_PABUnityIAPiOSDefensiveBase,segment_tag_core_slot_prob_nu_29_06_var_a
69309,2026-04-13 20:49:12,30,30,1,accumulation,accumulation,coin,gold,1,false,25000,75376676881,107969,5,5,1,10,0,0,0,0,2,96,140,7,2,68.6,bonus_as10_gae1_no,107,700000,,,,,61,44,13,6,14,23,6,1,2,48,35,12,6,9,16,4,1,2,1,8,8,false,NORMAL,2,2,0,V2,0,3_5_fbios_PABUnityIAPiOSDefensiveBase,segment_tag_core_slot_prob_nu_29_06_var_a
69310,2026-04-13 20:49:14,1,1,4,coin,coin,steal,gold,1,false,50000,75376726881,107968,5,5,1,10,0,1,0,0,0,96,140,7,0,68.6,bonus_as10_gae1_no,107,700000,,,,"{""820004c2"":""130\/750@m2""}",62,44,14,6,14,23,6,1,2,49,35,13,6,9,16,4,1,2,4,5,1,false,MIN,-9,-6,-3,V2,0,3_5_fbios_PABUnityIAPiOSDefensiveBase,segment_tag_core_slot_prob_nu_29_06_var_a
69311,2026-04-13 20:49:15,3,6,2,attack,spins,goldSack,gold,1,false,100000,75376826881,107967,5,5,1,10,1,0,0,1,0,96,140,7,0,68.6,bonus_as10_gae1_no,107,700000,,,,,63,45,14,6,15,23,6,1,2,50,36,13,6,10,16,4,1,2,7,6,0,false,MIN,-5,-2,-3,V2,0,3_5_fbios_PABUnityIAPiOSDefensiveBase,segment_tag_core_slot_prob_nu_29_06_var_a
69312,2026-04-13 20:49:15,4,4,4,steal,steal,steal,steal,4,true,0,75376826881,107966,5,5,1,10,0,3,0,0,0,96,140,7,0,68.6,bonus_as10_gae1_no,107,700000,,,,,64,45,17,6,15,23,6,2,2,51,36,16,6,10,16,4,2,2,4,4,4,false,MIN,-6,-5,-1,V2,0,3_5_fbios_PABUnityIAPiOSDefensiveBase,segment_tag_core_slot_prob_nu_29_06_var_a
69313,2026-04-13 20:49:21,30,2,2,accumulation,goldSack,goldSack,gold,1,false,150000,75535568881,107965,5,5,1,10,0,0,0,0,1,97,140,7,1,69.3,bonus_as10_gae1_no,107,700000,,,,,65,45,17,6,15,24,6,2,2,52,36,16,6,10,17,4,2,2,3,3,8,false,BIG,7,5,2,V2,0,3_5_fbios_PABUnityIAPiOSDefensiveBase,segment_tag_core_slot_prob_nu_29_06_var_a
69314,2026-04-13 20:49:22,6,6,2,spins,spins,goldSack,gold,1,false,100000,75535668881,107964,5,5,1,10,0,0,0,2,0,97,140,7,0,69.3,bonus_as10_gae1_no,107,700000,,,,,66,45,17,6,17,24,6,2,2,53,36,16,6,12,17,4,2,2,3,6,6,false,BIG,4,3,1,V2,0,3_5_fbios_PABUnityIAPiOSDefensiveBase,segment_tag_core_slot_prob_nu_29_06_var_a
69315,2026-04-13 20:49:23,3,6,2,attack,spins,goldSack,gold,1,false,100000,75535768881,107963,5,5,1,10,1,0,0,1,0,97,140,7,0,69.3,bonus_as10_gae1_no,107,700000,,,,,67,46,17,6,18,24,6,2,2,54,37,16,6,13,17,4,2,2,7,6,0,false,SMALL,-2,-3,1,V2,0,3_5_fbios_PABUnityIAPiOSDefensiveBase,segment_tag_core_slot_prob_nu_29_06_var_a
69316,2026-04-13 20:49:25,2,2,2,goldSack,goldSack,goldSack,gold,1,true,2000000,75537768881,107962,5,5,1,10,0,0,0,0,0,97,140,7,0,69.3,bonus_as10_gae1_no,107,700000,,,,,68,46,17,6,18,24,6,2,2,55,37,16,6,13,17,4,2,2,7,7,7,false,BIG,6,4,2,V2,0,3_5_fbios_PABUnityIAPiOSDefensiveBase,segment_tag_core_slot_prob_nu_29_06_var_a
69317,2026-04-13 20:49:25,2,2,2,goldSack,goldSack,goldSack,gold,1,true,2000000,75539768881,107961,5,5,1,10,0,0,0,0,0,97,140,7,0,69.3,bonus_as10_gae1_no,107,700000,,,,,69,46,17,6,18,24,6,2,2,56,37,16,6,13,17,4,2,2,7,3,7,false,NORMAL,3,3,0,V2,0,3_5_fbios_PABUnityIAPiOSDefensiveBase,segment_tag_core_slot_prob_nu_29_06_var_a
69318,2026-04-13 20:49:26,3,3,3,attack,attack,attack,attack,2,true,0,75539768881,107960,5,5,1,10,3,0,0,0,0,97,140,7,0,69.3,bonus_as10_gae1_no,107,700000,,,,"{""c8bff241"":""58\/350@m0"",""68171e9b"":""114\/140@m2""}",70,49,17,6,18,24,7,2,2,57,40,16,6,13,17,5,2,2,0,0,0,false,SMALL,-2,-2,0,V2,0,3_5_fbios_PABUnityIAPiOSDefensiveBase,segment_tag_core_slot_prob_nu_29_06_var_a
69319,2026-04-13 20:49:31,5,5,5,shield,shield,shield,shield,3,true,1,75565768881,107960,5,5,1,10,0,0,3,0,0,97,140,7,0,69.3,bonus_as10_gae1_no,107,700000,,,,,71,49,17,9,18,24,7,2,3,58,40,16,9,13,17,5,2,3,2,2,2,false,NORMAL,0,-1,1,V2,0,3_5_fbios_PABUnityIAPiOSDefensiveBase,segment_tag_core_slot_prob_nu_29_06_var_a
69320,2026-04-13 20:49:32,1,1,1,coin,coin,coin,gold,1,true,250000,75566018881,107959,5,5,1,10,0,0,0,0,0,97,140,7,0,69.3,bonus_as10_gae1_no,107,700000,,,,,72,49,17,9,18,24,7,2,3,59,40,16,9,13,17,5,2,3,1,5,5,false,SMALL,-2,-3,1,V2,0,3_5_fbios_PABUnityIAPiOSDefensiveBase,segment_tag_core_slot_prob_nu_29_06_var_a
69321,2026-04-13 20:49:33,3,3,3,attack,attack,attack,attack,2,true,0,75566018881,107958,5,5,1,10,3,0,0,0,0,97,140,7,0,69.3,bonus_as10_gae1_no,107,700000,,,,,73,52,17,9,18,24,8,2,3,60,43,16,9,13,17,6,2,3,0,0,0,false,SMALL,-1,-2,1,V2,0,3_5_fbios_PABUnityIAPiOSDefensiveBase,segment_tag_core_slot_prob_nu_29_06_var_a
69322,2026-04-13 20:49:40,4,4,4,steal,steal,steal,steal,4,true,0,75574598881,107908,5,5,50,10,0,3,0,0,0,97,140,7,0,69.3,bonus_as10_gae1_no,107,700000,,,,,74,52,20,9,18,24,8,3,3,61,43,19,9,13,17,6,3,3,4,4,4,false,MIN,-4,-5,1,V2,0,3_5_fbios_PABUnityIAPiOSDefensiveBase,segment_tag_core_slot_prob_nu_29_06_var_a
69323,2026-04-13 20:49:47,3,6,2,attack,spins,goldSack,gold,1,false,5000000,87344998881,107858,5,5,50,10,1,0,0,1,0,97,140,7,0,69.3,bonus_as10_gae1_no,107,700000,,,,"{""68171e9b"":""24\/225@m3""}",75,53,20,9,19,24,8,3,3,62,44,19,9,14,17,6,3,3,3,6,0,false,BIG,6,3,3,V2,0,3_5_fbios_PABUnityIAPiOSDefensiveBase,segment_tag_core_slot_prob_nu_29_06_var_a
69324,2026-04-13 20:49:51,30,30,30,accumulation,accumulation,accumulation,gold,10,true,0,87344998881,107458,5,5,400,10,0,0,0,0,3,1187,1400,23,0,84.8,bonus_as10_gae1_no,107,700000,,,,,76,53,20,9,19,27,8,3,3,63,44,19,9,14,20,6,3,3,8,8,8,true,BIG,4,1,3,V2,0,3_5_fbios_PABUnityIAPiOSDefensiveBase,segment_tag_core_slot_prob_nu_29_06_var_a
69325,2026-04-13 20:50:06,2,2,2,goldSack,goldSack,goldSack,gold,1,true,4000000,87998998881,112686,5,5,2,10,0,0,0,0,0,1187,1400,23,0,84.8,bonus_as10_gae1_no,107,700000,,,,,1,0,0,0,0,0,0,0,0,64,44,19,9,14,20,6,3,3,3,3,7,false,NORMAL,2,-1,3,V2,0,3_5_fbios_PABUnityIAPiOSDefensiveBase,segment_tag_core_slot_prob_nu_29_06_var_a
69326,2026-04-13 20:50:06,1,4,4,coin,steal,steal,gold,1,false,50000,87999048881,112684,5,5,2,10,0,2,0,0,0,1187,1400,23,0,84.8,bonus_as10_gae1_no,107,700000,,,,,2,0,2,0,0,0,0,0,0,65,44,21,9,14,20,6,3,3,4,4,5,false,NORMAL,3,0,3,V2,0,3_5_fbios_PABUnityIAPiOSDefensiveBase,segment_tag_core_slot_prob_nu_29_06_var_a
69327,2026-04-13 20:50:07,30,2,2,accumulation,goldSack,goldSack,gold,1,false,300000,87999348881,112682,5,5,2,10,0,0,0,0,1,1189,1400,23,2,84.9,bonus_as10_gae1_no,107,700000,,,,,3,0,2,0,0,1,0,0,0,66,44,21,9,14,21,6,3,3,3,7,8,false,MAX,9,6,3,V2,0,3_5_fbios_PABUnityIAPiOSDefensiveBase,segment_tag_core_slot_prob_nu_29_06_var_a
69328,2026-04-13 20:50:09,1,4,4,coin,steal,steal,gold,1,false,50000,87999398881,112680,5,5,2,10,0,2,0,0,0,1189,1400,23,0,84.9,bonus_as10_gae1_no,107,700000,,,,"{""820004c2"":""134\/750@m2""}",4,0,4,0,0,1,0,0,0,67,44,23,9,14,21,6,3,3,4,4,1,false,MIN,-6,-4,-2,V2,0,3_5_fbios_PABUnityIAPiOSDefensiveBase,segment_tag_core_slot_prob_nu_29_06_var_a
69329,2026-04-13 20:50:10,3,3,3,attack,attack,attack,attack,2,true,0,87999398881,112678,5,5,2,10,3,0,0,0,0,1189,1400,23,0,84.9,bonus_as10_gae1_no,107,700000,,,,,5,3,4,0,0,1,1,0,0,68,47,23,9,14,21,7,3,3,0,0,0,false,MIN,-5,-2,-3,V2,0,3_5_fbios_PABUnityIAPiOSDefensiveBase,segment_tag_core_slot_prob_nu_29_06_var_a
69330,2026-04-13 20:50:51,30,2,2,accumulation,goldSack,goldSack,gold,1,false,300000,88034018881,112676,5,5,2,10,0,0,0,0,1,1191,1400,23,2,85.1,bonus_as10_gae1_no,107,700000,,,,,6,3,4,0,0,2,1,0,0,69,47,23,9,14,22,7,3,3,3,3,8,false,BIG,4,4,0,V2,0,3_5_fbios_PABUnityIAPiOSDefensiveBase,segment_tag_core_slot_prob_nu_29_06_var_a
69331,2026-04-13 20:50:52,6,6,2,spins,spins,goldSack,gold,1,false,200000,88034218881,112674,5,5,2,10,0,0,0,2,0,1191,1400,23,0,85.1,bonus_as10_gae1_no,107,700000,,,,,7,3,4,0,2,2,1,0,0,70,47,23,9,16,22,7,3,3,3,6,6,false,NORMAL,3,3,0,V2,0,3_5_fbios_PABUnityIAPiOSDefensiveBase,segment_tag_core_slot_prob_nu_29_06_var_a
69332,2026-04-13 20:50:53,3,6,2,attack,spins,goldSack,gold,1,false,200000,88034418881,112672,5,5,2,10,1,0,0,1,0,1191,1400,23,0,85.1,bonus_as10_gae1_no,107,700000,,,,,8,4,4,0,3,2,1,0,0,71,48,23,9,17,22,7,3,3,7,6,0,false,MIN,-3,-3,0,V2,0,3_5_fbios_PABUnityIAPiOSDefensiveBase,segment_tag_core_slot_prob_nu_29_06_var_a
69333,2026-04-13 20:50:54,1,1,4,coin,coin,steal,gold,1,false,100000,88034518881,112670,5,5,2,10,0,1,0,0,0,1191,1400,23,0,85.1,bonus_as10_gae1_no,107,700000,,,,,9,4,5,0,3,2,1,0,0,72,48,24,9,17,22,7,3,3,4,1,5,false,NORMAL,1,1,0,V2,0,3_5_fbios_PABUnityIAPiOSDefensiveBase,segment_tag_core_slot_prob_nu_29_06_var_a
69334,2026-04-13 20:50:55,1,1,1,coin,coin,coin,gold,1,true,500000,88035018881,112668,5,5,2,10,0,0,0,0,0,1191,1400,23,0,85.1,bonus_as10_gae1_no,107,700000,,,,,10,4,5,0,3,2,1,0,0,73,48,24,9,17,22,7,3,3,5,5,1,false,MIN,-12,-9,-3,V2,0,3_5_fbios_PABUnityIAPiOSDefensiveBase,segment_tag_core_slot_prob_nu_29_06_var_a
69335,2026-04-13 20:50:56,3,1,4,attack,coin,steal,gold,1,false,50000,88035068881,112666,5,5,2,10,1,1,0,0,0,1191,1400,23,0,85.1,bonus_as10_gae1_no,107,700000,,,,"{""68171e9b"":""26\/225@m3""}",11,5,6,0,3,2,1,0,0,74,49,25,9,17,22,7,3,3,4,1,0,false,MIN,-3,0,-3,V2,0,3_5_fbios_PABUnityIAPiOSDefensiveBase,segment_tag_core_slot_prob_nu_29_06_var_a
69336,2026-04-13 20:50:56,3,1,4,attack,coin,steal,gold,1,false,50000,88035118881,112664,5,5,2,10,1,1,0,0,0,1191,1400,23,0,85.1,bonus_as10_gae1_no,107,700000,,,,"{""820004c2"":""138\/750@m2""}",12,6,7,0,3,2,1,0,0,75,50,26,9,17,22,7,3,3,4,1,0,false,NORMAL,2,2,0,V2,0,3_5_fbios_PABUnityIAPiOSDefensiveBase,segment_tag_core_slot_prob_nu_29_06_var_a
69337,2026-04-13 20:50:57,1,1,4,coin,coin,steal,gold,1,false,100000,88035218881,112662,5,5,2,10,0,1,0,0,0,1191,1400,23,0,85.1,bonus_as10_gae1_no,107,700000,,,,,13,6,8,0,3,2,1,0,0,76,50,27,9,17,22,7,3,3,4,5,1,false,MIN,-7,-5,-2,V2,0,3_5_fbios_PABUnityIAPiOSDefensiveBase,segment_tag_core_slot_prob_nu_29_06_var_a
69338,2026-04-13 20:50:58,30,30,1,accumulation,accumulation,coin,gold,1,false,50000,88035268881,112660,5,5,2,10,0,0,0,0,2,1195,1400,23,4,85.4,bonus_as10_gae1_no,107,700000,,,,,14,6,8,0,3,4,1,0,0,77,50,27,9,17,24,7,3,3,1,8,8,false,SMALL,-1,1,-2,V2,0,3_5_fbios_PABUnityIAPiOSDefensiveBase,segment_tag_core_slot_prob_nu_29_06_var_a
69339,2026-04-13 20:50:59,2,2,2,goldSack,goldSack,goldSack,gold,1,true,4000000,88039268881,112658,5,5,2,10,0,0,0,0,0,1195,1400,23,0,85.4,bonus_as10_gae1_no,107,700000,,,,"{""820004c2"":""142\/750@m2"",""68171e9b"":""28\/225@m3""}",15,6,8,0,3,4,1,0,0,78,50,27,9,17,24,7,3,3,7,3,7,false,NORMAL,1,1,0,V2,0,3_5_fbios_PABUnityIAPiOSDefensiveBase,segment_tag_core_slot_prob_nu_29_06_var_a
69340,2026-04-13 20:51:00,30,2,2,accumulation,goldSack,goldSack,gold,1,false,300000,88039568881,112656,5,5,2,10,0,0,0,0,1,1197,1400,23,2,85.5,bonus_as10_gae1_no,107,700000,,,,,16,6,8,0,3,5,1,0,0,79,50,27,9,17,25,7,3,3,3,3,8,false,BIG,4,4,0,V2,0,3_5_fbios_PABUnityIAPiOSDefensiveBase,segment_tag_core_slot_prob_nu_29_06_var_a
69341,2026-04-13 20:51:01,6,6,2,spins,spins,goldSack,gold,1,false,200000,88039768881,112654,5,5,2,10,0,0,0,2,0,1197,1400,23,0,85.5,bonus_as10_gae1_no,107,700000,,,,,17,6,8,0,5,5,1,0,0,80,50,27,9,19,25,7,3,3,3,6,6,false,NORMAL,2,3,-1,V2,0,3_5_fbios_PABUnityIAPiOSDefensiveBase,segment_tag_core_slot_prob_nu_29_06_var_a
69342,2026-04-13 20:51:02,1,1,1,coin,coin,coin,gold,1,true,500000,88040268881,112652,5,5,2,10,0,0,0,0,0,1197,1400,23,0,85.5,bonus_as10_gae1_no,107,700000,,,,,18,6,8,0,5,5,1,0,0,81,50,27,9,19,25,7,3,3,5,1,1,false,MIN,-8,-5,-3,V2,0,3_5_fbios_PABUnityIAPiOSDefensiveBase,segment_tag_core_slot_prob_nu_29_06_var_a
69343,2026-04-13 20:51:03,3,3,3,attack,attack,attack,attack,2,true,0,88040268881,112650,5,5,2,10,3,0,0,0,0,1197,1400,23,0,85.5,bonus_as10_gae1_no,107,700000,,,,,19,9,8,0,5,5,2,0,0,82,53,27,9,19,25,8,3,3,0,0,0,false,MIN,-5,-2,-3,V2,0,3_5_fbios_PABUnityIAPiOSDefensiveBase,segment_tag_core_slot_prob_nu_29_06_var_a
69344,2026-04-13 20:51:07,3,3,3,attack,attack,attack,attack,2,true,0,88057428881,112648,5,5,2,10,3,0,0,0,0,1197,1400,23,0,85.5,bonus_as10_gae1_no,107,700000,,,,"{""68171e9b"":""30\/225@m3""}",20,12,8,0,5,5,3,0,0,83,56,27,9,19,25,9,3,3,0,0,0,false,SMALL,-1,0,-1,V2,0,3_5_fbios_PABUnityIAPiOSDefensiveBase,segment_tag_core_slot_prob_nu_29_06_var_a
69345,2026-04-13 20:51:11,5,5,5,shield,shield,shield,shield,3,true,2,88074588881,112648,5,5,2,10,0,0,3,0,0,1197,1400,23,0,85.5,bonus_as10_gae1_no,107,700000,,,,,21,12,8,3,5,5,3,0,1,84,56,27,12,19,25,9,3,4,2,2,2,false,SMALL,-2,-1,-1,V2,0,3_5_fbios_PABUnityIAPiOSDefensiveBase,segment_tag_core_slot_prob_nu_29_06_var_a
69346,2026-04-13 20:51:12,1,1,4,coin,coin,steal,gold,1,false,100000,88074688881,112646,5,5,2,10,0,1,0,0,0,1197,1400,23,0,85.5,bonus_as10_gae1_no,107,700000,,,,,22,12,9,3,5,5,3,0,1,85,56,28,12,19,25,9,3,4,4,1,5,false,SMALL,-2,-1,-1,V2,0,3_5_fbios_PABUnityIAPiOSDefensiveBase,segment_tag_core_slot_prob_nu_29_06_var_a
69347,2026-04-13 20:51:12,3,6,2,attack,spins,goldSack,gold,1,false,200000,88074888881,112644,5,5,2,10,1,0,0,1,0,1197,1400,23,0,85.5,bonus_as10_gae1_no,107,700000,,,,,23,13,9,3,6,5,3,0,1,86,57,28,12,20,25,9,3,4,7,6,0,false,SMALL,-2,-2,0,V2,0,3_5_fbios_PABUnityIAPiOSDefensiveBase,segment_tag_core_slot_prob_nu_29_06_var_a
69348,2026-04-13 20:51:13,30,2,2,accumulation,goldSack,goldSack,gold,1,false,300000,88075188881,112642,5,5,2,10,0,0,0,0,1,1199,1400,23,2,85.6,bonus_as10_gae1_no,107,700000,,,,,24,13,9,3,6,6,3,0,1,87,57,28,12,20,26,9,3,4,3,7,8,false,MAX,8,6,2,V2,0,3_5_fbios_PABUnityIAPiOSDefensiveBase,segment_tag_core_slot_prob_nu_29_06_var_a
69349,2026-04-13 20:51:15,1,1,1,coin,coin,coin,gold,1,true,500000,88075688881,112640,5,5,2,10,0,0,0,0,0,1199,1400,23,0,85.6,bonus_as10_gae1_no,107,700000,,,,"{""820004c2"":""146\/750@m2""}",25,13,9,3,6,6,3,0,1,88,57,28,12,20,26,9,3,4,1,1,5,false,NORMAL,3,2,1,V2,0,3_5_fbios_PABUnityIAPiOSDefensiveBase,segment_tag_core_slot_prob_nu_29_06_var_a
69350,2026-04-13 20:51:15,1,4,4,coin,steal,steal,gold,1,false,50000,88075738881,112638,5,5,2,10,0,2,0,0,0,1199,1400,23,0,85.6,bonus_as10_gae1_no,107,700000,,,,"{""68171e9b"":""32\/225@m3""}",26,13,11,3,6,6,3,0,1,89,57,30,12,20,26,9,3,4,4,4,1,false,MIN,-6,-4,-2,V2,0,3_5_fbios_PABUnityIAPiOSDefensiveBase,segment_tag_core_slot_prob_nu_29_06_var_a
69351,2026-04-13 20:51:16,1,1,4,coin,coin,steal,gold,1,false,100000,88075838881,112636,5,5,2,10,0,1,0,0,0,1199,1400,23,0,85.6,bonus_as10_gae1_no,107,700000,,,,,27,13,12,3,6,6,3,0,1,90,57,31,12,20,26,9,3,4,4,5,1,false,MIN,-6,-4,-2,V2,0,3_5_fbios_PABUnityIAPiOSDefensiveBase,segment_tag_core_slot_prob_nu_29_06_var_a
69352,2026-04-13 20:51:17,1,1,1,coin,coin,coin,gold,1,true,500000,88076338881,112634,5,5,2,10,0,0,0,0,0,1199,1400,23,0,85.6,bonus_as10_gae1_no,107,700000,,,,"{""c8bff241"":""62\/350@m0"",""820004c2"":""150\/750@m2""}",28,13,12,3,6,6,3,0,1,91,57,31,12,20,26,9,3,4,1,5,5,false,MIN,-3,-1,-2,V2,0,3_5_fbios_PABUnityIAPiOSDefensiveBase,segment_tag_core_slot_prob_nu_29_06_var_a
69353,2026-04-13 20:51:18,30,2,2,accumulation,goldSack,goldSack,gold,1,false,300000,88076638881,112632,5,5,2,10,0,0,0,0,1,1201,1400,23,2,85.8,bonus_as10_gae1_no,107,700000,,,,,29,13,12,3,6,7,3,0,1,92,57,31,12,20,27,9,3,4,7,3,8,false,BIG,7,7,0,V2,0,3_5_fbios_PABUnityIAPiOSDefensiveBase,segment_tag_core_slot_prob_nu_29_06_var_a
69354,2026-04-13 20:51:19,1,4,6,coin,steal,spins,gold,1,false,50000,88076688881,112630,5,5,2,10,0,1,0,1,0,1201,1400,23,0,85.8,bonus_as10_gae1_no,107,700000,,,,,30,13,13,3,7,7,3,0,1,93,57,32,12,21,27,9,3,4,6,4,5,false,BIG,5,5,0,V2,0,3_5_fbios_PABUnityIAPiOSDefensiveBase,segment_tag_core_slot_prob_nu_29_06_var_a
69355,2026-04-13 20:51:20,3,3,2,attack,attack,goldSack,gold,1,false,200000,88076888881,112628,5,5,2,10,2,0,0,0,0,1201,1400,23,0,85.8,bonus_as10_gae1_no,107,700000,,,,,31,15,13,3,7,7,3,0,1,94,59,32,12,21,27,9,3,4,3,0,0,false,NORMAL,1,1,0,V2,0,3_5_fbios_PABUnityIAPiOSDefensiveBase,segment_tag_core_slot_prob_nu_29_06_var_a
69356,2026-04-13 20:51:21,1,1,4,coin,coin,steal,gold,1,false,100000,88076988881,112626,5,5,2,10,0,1,0,0,0,1201,1400,23,0,85.8,bonus_as10_gae1_no,107,700000,,,,"{""68171e9b"":""34\/225@m3""}",32,15,14,3,7,7,3,0,1,95,59,33,12,21,27,9,3,4,4,1,5,false,NORMAL,0,1,-1,V2,0,3_5_fbios_PABUnityIAPiOSDefensiveBase,segment_tag_core_slot_prob_nu_29_06_var_a
69357,2026-04-13 20:51:21,3,1,4,attack,coin,steal,gold,1,false,50000,88077038881,112624,5,5,2,10,1,1,0,0,0,1201,1400,23,0,85.8,bonus_as10_gae1_no,107,700000,,,,,33,16,15,3,7,7,3,0,1,96,60,34,12,21,27,9,3,4,4,1,0,false,NORMAL,1,1,0,V2,0,3_5_fbios_PABUnityIAPiOSDefensiveBase,segment_tag_core_slot_prob_nu_29_06_var_a
69358,2026-04-13 20:51:22,3,6,2,attack,spins,goldSack,gold,1,false,200000,88077238881,112622,5,5,2,10,1,0,0,1,0,1201,1400,23,0,85.8,bonus_as10_gae1_no,107,700000,,,,,34,17,15,3,8,7,3,0,1,97,61,34,12,22,27,9,3,4,7,6,0,false,SMALL,-1,-1,0,V2,0,3_5_fbios_PABUnityIAPiOSDefensiveBase,segment_tag_core_slot_prob_nu_29_06_var_a
69359,2026-04-13 20:51:23,30,2,2,accumulation,goldSack,goldSack,gold,1,false,300000,88077538881,112620,5,5,2,10,0,0,0,0,1,1203,1400,23,2,85.9,bonus_as10_gae1_no,107,700000,,,,,35,17,15,3,8,8,3,0,1,98,61,34,12,22,28,9,3,4,3,3,8,false,BIG,5,4,1,V2,0,3_5_fbios_PABUnityIAPiOSDefensiveBase,segment_tag_core_slot_prob_nu_29_06_var_a
69360,2026-04-13 20:51:24,30,30,1,accumulation,accumulation,coin,gold,1,false,50000,88077588881,112618,5,5,2,10,0,0,0,0,2,1207,1400,23,4,86.2,bonus_as10_gae1_no,107,700000,,,,,36,17,15,3,8,10,3,0,1,99,61,34,12,22,30,9,3,4,5,8,8,false,NORMAL,2,1,1,V2,0,3_5_fbios_PABUnityIAPiOSDefensiveBase,segment_tag_core_slot_prob_nu_29_06_var_a
69361,2026-04-13 20:51:25,30,2,2,accumulation,goldSack,goldSack,gold,1,false,300000,88077888881,112616,5,5,2,10,0,0,0,0,1,1209,1400,23,2,86.4,bonus_as10_gae1_no,107,700000,,,,,37,17,15,3,8,11,3,0,1,100,61,34,12,22,31,9,3,4,3,3,8,false,BIG,6,5,1,V2,0,3_5_fbios_PABUnityIAPiOSDefensiveBase,segment_tag_core_slot_prob_nu_29_06_var_a
69362,2026-04-13 20:51:26,30,2,2,accumulation,goldSack,goldSack,gold,1,false,300000,88078188881,112614,5,5,2,10,0,0,0,0,1,1211,1400,23,2,86.5,bonus_as10_gae1_no,107,700000,,,,,38,17,15,3,8,12,3,0,1,101,61,34,12,22,32,9,3,4,3,3,8,false,BIG,7,6,1,V2,0,3_5_fbios_PABUnityIAPiOSDefensiveBase,segment_tag_core_slot_prob_nu_29_06_var_a
69363,2026-04-13 20:51:27,3,6,2,attack,spins,goldSack,gold,1,false,200000,88078388881,112612,5,5,2,10,1,0,0,1,0,1211,1400,23,0,86.5,bonus_as10_gae1_no,107,700000,,,,"{""c8bff241"":""66\/350@m0""}",39,18,15,3,9,12,3,0,1,102,62,34,12,23,32,9,3,4,7,6,0,false,SMALL,-1,-2,1,V2,0,3_5_fbios_PABUnityIAPiOSDefensiveBase,segment_tag_core_slot_prob_nu_29_06_var_a
69364,2026-04-13 20:51:28,3,3,1,attack,attack,coin,gold,1,false,50000,88078438881,112610,5,5,2,10,2,0,0,0,0,1211,1400,23,0,86.5,bonus_as10_gae1_no,107,700000,,,,,40,20,15,3,9,12,3,0,1,103,64,34,12,23,32,9,3,4,1,0,0,false,NORMAL,0,0,0,V2,0,3_5_fbios_PABUnityIAPiOSDefensiveBase,segment_tag_core_slot_prob_nu_29_06_var_a
69365,2026-04-13 20:51:29,5,5,2,shield,shield,goldSack,gold,1,false,200000,88078638881,112608,5,5,2,10,0,0,2,0,0,1211,1400,23,0,86.5,bonus_as10_gae1_no,107,700000,,,,"{""68171e9b"":""36\/225@m3""}",41,20,15,5,9,12,3,0,1,104,64,34,14,23,32,9,3,4,3,2,2,false,NORMAL,0,0,0,V2,0,3_5_fbios_PABUnityIAPiOSDefensiveBase,segment_tag_core_slot_prob_nu_29_06_var_a
69366,2026-04-13 20:51:30,6,6,6,spins,spins,spins,spins,5,true,20,88078638881,112626,5,5,2,10,0,0,0,3,0,1211,1400,23,0,86.5,bonus_as10_gae1_no,107,700000,,,,,42,20,15,5,12,12,3,0,1,105,64,34,14,26,32,9,3,4,6,6,6,true,SMALL,-1,-1,0,V2,0,3_5_fbios_PABUnityIAPiOSDefensiveBase,segment_tag_core_slot_prob_nu_29_06_var_a
69367,2026-04-13 20:51:31,1,1,1,coin,coin,coin,gold,1,true,500000,88079138881,112624,5,5,2,10,0,0,0,0,0,1211,1400,23,0,86.5,bonus_as10_gae1_no,107,700000,,,,"{""820004c2"":""154\/750@m2""}",43,20,15,5,12,12,3,0,1,1,0,0,0,0,0,0,0,0,1,5,1,false,MIN,-11,-8,-3,V2,0,3_5_fbios_PABUnityIAPiOSDefensiveBase,segment_tag_core_slot_prob_nu_29_06_var_a
69368,2026-04-13 20:51:32,1,4,4,coin,steal,steal,gold,1,false,50000,88079188881,112622,5,5,2,10,0,2,0,0,0,1211,1400,23,0,86.5,bonus_as10_gae1_no,107,700000,,,,,44,20,17,5,12,12,3,0,1,2,0,2,0,0,0,0,0,0,4,4,1,false,MIN,-6,-3,-3,V2,0,3_5_fbios_PABUnityIAPiOSDefensiveBase,segment_tag_core_slot_prob_nu_29_06_var_a
69369,2026-04-13 20:51:32,1,1,4,coin,coin,steal,gold,1,false,100000,88079288881,112620,5,5,2,10,0,1,0,0,0,1211,1400,23,0,86.5,bonus_as10_gae1_no,107,700000,,,,"{""68171e9b"":""38\/225@m3""}",45,20,18,5,12,12,3,0,1,3,0,3,0,0,0,0,0,0,4,1,1,false,MIN,-3,0,-3,V2,0,3_5_fbios_PABUnityIAPiOSDefensiveBase,segment_tag_core_slot_prob_nu_29_06_var_a
69370,2026-04-13 20:51:33,4,4,4,steal,steal,steal,steal,4,true,0,88079288881,112618,5,5,2,10,0,3,0,0,0,1211,1400,23,0,86.5,bonus_as10_gae1_no,107,700000,,,,"{""820004c2"":""158\/750@m2""}",46,20,21,5,12,12,3,1,1,4,0,6,0,0,0,0,1,0,4,4,4,false,MIN,-7,-4,-3,V2,0,3_5_fbios_PABUnityIAPiOSDefensiveBase,segment_tag_core_slot_prob_nu_29_06_var_a
69371,2026-04-13 20:51:39,1,4,6,coin,steal,spins,gold,1,false,50000,88388830881,112616,5,5,2,10,0,1,0,1,0,1211,1400,23,0,86.5,bonus_as10_gae1_no,107,700000,,,,,47,20,22,5,13,12,3,1,1,5,0,7,0,1,0,0,1,0,6,4,1,false,SMALL,-2,-2,0,V2,0,3_5_fbios_PABUnityIAPiOSDefensiveBase,segment_tag_core_slot_prob_nu_29_06_var_a
69372,2026-04-13 20:51:39,30,2,2,accumulation,goldSack,goldSack,gold,1,false,300000,88389130881,112614,5,5,2,10,0,0,0,0,1,1213,1400,23,2,86.6,bonus_as10_gae1_no,107,700000,,,,,48,20,22,5,13,13,3,1,1,6,0,7,0,1,1,0,1,0,3,7,8,false,BIG,6,6,0,V2,0,3_5_fbios_PABUnityIAPiOSDefensiveBase,segment_tag_core_slot_prob_nu_29_06_var_a
69373,2026-04-13 20:51:41,30,2,2,accumulation,goldSack,goldSack,gold,1,false,300000,88389430881,112612,5,5,2,10,0,0,0,0,1,1215,1400,23,2,86.8,bonus_as10_gae1_no,107,700000,,,,"{""820004c2"":""162\/750@m2""}",49,20,22,5,13,14,3,1,1,7,0,7,0,1,2,0,1,0,3,7,8,false,MAX,10,9,1,V2,0,3_5_fbios_PABUnityIAPiOSDefensiveBase,segment_tag_core_slot_prob_nu_29_06_var_a
69374,2026-04-13 20:51:42,30,2,2,accumulation,goldSack,goldSack,gold,1,false,300000,88389730881,112610,5,5,2,10,0,0,0,0,1,1217,1400,23,2,86.9,bonus_as10_gae1_no,107,700000,,,,"{""c8bff241"":""70\/350@m0"",""68171e9b"":""40\/225@m3""}",50,20,22,5,13,15,3,1,1,8,0,7,0,1,3,0,1,0,3,3,8,false,MAX,8,7,1,V2,0,3_5_fbios_PABUnityIAPiOSDefensiveBase,segment_tag_core_slot_prob_nu_29_06_var_a
69375,2026-04-13 20:51:43,1,1,4,coin,coin,steal,gold,1,false,100000,88389830881,112608,5,5,2,10,0,1,0,0,0,1217,1400,23,0,86.9,bonus_as10_gae1_no,107,700000,,,,"{""820004c2"":""166\/750@m2""}",51,20,23,5,13,15,3,1,1,9,0,8,0,1,3,0,1,0,4,5,5,false,SMALL,-1,0,-1,V2,0,3_5_fbios_PABUnityIAPiOSDefensiveBase,segment_tag_core_slot_prob_nu_29_06_var_a
69376,2026-04-13 20:51:44,30,30,1,accumulation,accumulation,coin,gold,1,false,50000,88389880881,112606,5,5,2,10,0,0,0,0,2,1221,1400,23,4,87.2,bonus_as10_gae1_no,107,700000,,,,,52,20,23,5,13,17,3,1,1,10,0,8,0,1,5,0,1,0,5,8,8,false,SMALL,-1,0,-1,V2,0,3_5_fbios_PABUnityIAPiOSDefensiveBase,segment_tag_core_slot_prob_nu_29_06_var_a
69377,2026-04-13 20:51:46,3,3,2,attack,attack,goldSack,gold,1,false,200000,88390080881,112604,5,5,2,10,2,0,0,0,0,1221,1400,23,0,87.2,bonus_as10_gae1_no,107,700000,,,,,53,22,23,5,13,17,3,1,1,11,2,8,0,1,5,0,1,0,3,0,0,false,NORMAL,1,1,0,V2,0,3_5_fbios_PABUnityIAPiOSDefensiveBase,segment_tag_core_slot_prob_nu_29_06_var_a
69378,2026-04-13 20:51:46,3,3,1,attack,attack,coin,gold,1,false,50000,88390130881,112602,5,5,2,10,2,0,0,0,0,1221,1400,23,0,87.2,bonus_as10_gae1_no,107,700000,,,,"{""68171e9b"":""42\/225@m3""}",54,24,23,5,13,17,3,1,1,12,4,8,0,1,5,0,1,0,5,0,0,false,SMALL,-1,-1,0,V2,0,3_5_fbios_PABUnityIAPiOSDefensiveBase,segment_tag_core_slot_prob_nu_29_06_var_a
69379,2026-04-13 20:51:47,5,2,2,shield,goldSack,goldSack,gold,1,false,300000,88390430881,112600,5,5,2,10,0,0,1,0,0,1221,1400,23,0,87.2,bonus_as10_gae1_no,107,700000,,,,,55,24,23,6,13,17,3,1,1,13,4,8,1,1,5,0,1,0,3,3,2,false,NORMAL,2,2,0,V2,0,3_5_fbios_PABUnityIAPiOSDefensiveBase,segment_tag_core_slot_prob_nu_29_06_var_a
69380,2026-04-13 20:51:48,3,6,2,attack,spins,goldSack,gold,1,false,200000,88390630881,112598,5,5,2,10,1,0,0,1,0,1221,1400,23,0,87.2,bonus_as10_gae1_no,107,700000,,,,,56,25,23,6,14,17,3,1,1,14,5,8,1,2,5,0,1,0,7,6,0,false,MIN,-3,-3,0,V2,0,3_5_fbios_PABUnityIAPiOSDefensiveBase,segment_tag_core_slot_prob_nu_29_06_var_a
69381,2026-04-13 20:51:49,3,3,3,attack,attack,attack,attack,2,true,0,88390630881,112596,5,5,2,10,3,0,0,0,0,1221,1400,23,0,87.2,bonus_as10_gae1_no,107,700000,,,,,57,28,23,6,14,17,4,1,1,15,8,8,1,2,5,1,1,0,0,0,0,false,SMALL,-1,-1,0,V2,0,3_5_fbios_PABUnityIAPiOSDefensiveBase,segment_tag_core_slot_prob_nu_29_06_var_a
69382,2026-04-13 20:52:09,30,30,1,accumulation,accumulation,coin,gold,1,false,50000,88407840881,112594,5,5,2,10,0,0,0,0,2,1225,1400,23,4,87.5,bonus_as10_gae1_no,107,700000,,,,,58,28,23,6,14,19,4,1,1,16,8,8,1,2,7,1,1,0,5,8,8,false,NORMAL,1,0,1,V2,0,3_5_fbios_PABUnityIAPiOSDefensiveBase,segment_tag_core_slot_prob_nu_29_06_var_a
69383,2026-04-13 20:52:10,3,6,2,attack,spins,goldSack,gold,1,false,200000,88408040881,112592,5,5,2,10,1,0,0,1,0,1225,1400,23,0,87.5,bonus_as10_gae1_no,107,700000,,,,,59,29,23,6,15,19,4,1,1,17,9,8,1,3,7,1,1,0,3,6,0,false,NORMAL,3,2,1,V2,0,3_5_fbios_PABUnityIAPiOSDefensiveBase,segment_tag_core_slot_prob_nu_29_06_var_a
69384,2026-04-13 20:52:11,1,6,6,coin,spins,spins,gold,1,false,50000,88408090881,112590,5,5,2,10,0,0,0,2,0,1225,1400,23,0,87.5,bonus_as10_gae1_no,107,700000,,,,"{""68171e9b"":""44\/225@m3""}",60,29,23,6,17,19,4,1,1,18,9,8,1,5,7,1,1,0,6,6,5,false,NORMAL,3,2,1,V2,0,3_5_fbios_PABUnityIAPiOSDefensiveBase,segment_tag_core_slot_prob_nu_29_06_var_a
69385,2026-04-13 20:52:12,30,2,2,accumulation,goldSack,goldSack,gold,1,false,300000,88408390881,112588,5,5,2,10,0,0,0,0,1,1227,1400,23,2,87.6,bonus_as10_gae1_no,107,700000,,,,,61,29,23,6,17,20,4,1,1,19,9,8,1,5,8,1,1,0,3,3,8,false,BIG,5,4,1,V2,0,3_5_fbios_PABUnityIAPiOSDefensiveBase,segment_tag_core_slot_prob_nu_29_06_var_a
69386,2026-04-13 20:52:13,3,3,1,attack,attack,coin,gold,1,false,50000,88408440881,112586,5,5,2,10,2,0,0,0,0,1227,1400,23,0,87.6,bonus_as10_gae1_no,107,700000,,,,,62,31,23,6,17,20,4,1,1,20,11,8,1,5,8,1,1,0,5,0,0,false,SMALL,-1,-2,1,V2,0,3_5_fbios_PABUnityIAPiOSDefensiveBase,segment_tag_core_slot_prob_nu_29_06_var_a
69387,2026-04-13 20:52:14,30,2,2,accumulation,goldSack,goldSack,gold,1,false,300000,88408740881,112584,5,5,2,10,0,0,0,0,1,1229,1400,23,2,87.8,bonus_as10_gae1_no,107,700000,,,,,63,31,23,6,17,21,4,1,1,21,11,8,1,5,9,1,1,0,7,3,8,false,MAX,8,7,1,V2,0,3_5_fbios_PABUnityIAPiOSDefensiveBase,segment_tag_core_slot_prob_nu_29_06_var_a
69388,2026-04-13 20:52:15,30,2,2,accumulation,goldSack,goldSack,gold,1,false,300000,88409040881,112582,5,5,2,10,0,0,0,0,1,1231,1400,23,2,87.9,bonus_as10_gae1_no,107,700000,,,,,64,31,23,6,17,22,4,1,1,22,11,8,1,5,10,1,1,0,3,3,8,false,BIG,6,5,1,V2,0,3_5_fbios_PABUnityIAPiOSDefensiveBase,segment_tag_core_slot_prob_nu_29_06_var_a
69389,2026-04-13 20:52:16,4,4,4,steal,steal,steal,steal,4,true,0,88409040881,112580,5,5,2,10,0,3,0,0,0,1231,1400,23,0,87.9,bonus_as10_gae1_no,107,700000,,,,,65,31,26,6,17,22,4,2,1,23,11,11,1,5,10,1,2,0,4,4,4,false,MIN,-3,-5,2,V2,0,3_5_fbios_PABUnityIAPiOSDefensiveBase,segment_tag_core_slot_prob_nu_29_06_var_a
69390,2026-04-13 20:52:25,1,6,6,coin,spins,spins,gold,1,false,50000,88633286881,112578,5,5,2,10,0,0,0,2,0,1231,1400,23,0,87.9,bonus_as10_gae1_no,107,700000,,,,,66,31,26,6,19,22,4,2,1,24,11,11,1,7,10,1,2,0,6,6,1,false,SMALL,-2,-2,0,V2,0,3_5_fbios_PABUnityIAPiOSDefensiveBase,segment_tag_core_slot_prob_nu_29_06_var_a
69391,2026-04-13 20:52:25,1,4,4,coin,steal,steal,gold,1,false,50000,88633336881,112576,5,5,2,10,0,2,0,0,0,1231,1400,23,0,87.9,bonus_as10_gae1_no,107,700000,,,,,67,31,28,6,19,22,4,2,1,25,11,13,1,7,10,1,2,0,4,4,1,false,SMALL,-2,-2,0,V2,0,3_5_fbios_PABUnityIAPiOSDefensiveBase,segment_tag_core_slot_prob_nu_29_06_var_a
69392,2026-04-13 20:52:26,3,6,2,attack,spins,goldSack,gold,1,false,200000,88633536881,112574,5,5,2,10,1,0,0,1,0,1231,1400,23,0,87.9,bonus_as10_gae1_no,107,700000,,,,"{""820004c2"":""170\/750@m2""}",68,32,28,6,20,22,4,2,1,26,12,13,1,8,10,1,2,0,7,6,0,false,MIN,-3,-2,-1,V2,0,3_5_fbios_PABUnityIAPiOSDefensiveBase,segment_tag_core_slot_prob_nu_29_06_var_a
69393,2026-04-13 20:52:27,3,6,2,attack,spins,goldSack,gold,1,false,200000,88633736881,112572,5,5,2,10,1,0,0,1,0,1231,1400,23,0,87.9,bonus_as10_gae1_no,107,700000,,,,,69,33,28,6,21,22,4,2,1,27,13,13,1,9,10,1,2,0,7,6,0,false,NORMAL,1,0,1,V2,0,3_5_fbios_PABUnityIAPiOSDefensiveBase,segment_tag_core_slot_prob_nu_29_06_var_a
69394,2026-04-13 20:52:28,5,2,2,shield,goldSack,goldSack,gold,1,false,300000,88634036881,112570,5,5,2,10,0,0,1,0,0,1231,1400,23,0,87.9,bonus_as10_gae1_no,107,700000,,,,,70,33,28,7,21,22,4,2,1,28,13,13,2,9,10,1,2,0,3,3,2,false,BIG,4,2,2,V2,0,3_5_fbios_PABUnityIAPiOSDefensiveBase,segment_tag_core_slot_prob_nu_29_06_var_a
69395,2026-04-13 20:52:28,3,6,2,attack,spins,goldSack,gold,1,false,200000,88634236881,112568,5,5,2,10,1,0,0,1,0,1231,1400,23,0,87.9,bonus_as10_gae1_no,107,700000,,,,"{""68171e9b"":""46\/225@m3""}",71,34,28,7,22,22,4,2,1,29,14,13,2,10,10,1,2,0,3,6,0,false,NORMAL,1,2,-1,V2,0,3_5_fbios_PABUnityIAPiOSDefensiveBase,segment_tag_core_slot_prob_nu_29_06_var_a
69396,2026-04-13 20:52:29,3,3,3,attack,attack,attack,attack,2,true,0,88634236881,112566,5,5,2,10,3,0,0,0,0,1231,1400,23,0,87.9,bonus_as10_gae1_no,107,700000,,,,,72,37,28,7,22,22,5,2,1,30,17,13,2,10,10,2,2,0,0,0,0,false,SMALL,-2,-1,-1,V2,0,3_5_fbios_PABUnityIAPiOSDefensiveBase,segment_tag_core_slot_prob_nu_29_06_var_a
69397,2026-04-13 20:52:34,3,6,2,attack,spins,goldSack,gold,1,false,200000,88651596881,112564,5,5,2,10,1,0,0,1,0,1231,1400,23,0,87.9,bonus_as10_gae1_no,107,700000,,,,,73,38,28,7,23,22,5,2,1,31,18,13,2,11,10,2,2,0,7,6,0,false,SMALL,-1,-1,0,V2,0,3_5_fbios_PABUnityIAPiOSDefensiveBase,segment_tag_core_slot_prob_nu_29_06_var_a
69398,2026-04-13 20:52:35,30,2,2,accumulation,goldSack,goldSack,gold,1,false,300000,88651896881,112562,5,5,2,10,0,0,0,0,1,1233,1400,23,2,88.1,bonus_as10_gae1_no,107,700000,,,,,74,38,28,7,23,23,5,2,1,32,18,13,2,11,11,2,2,0,7,3,8,false,MAX,9,8,1,V2,0,3_5_fbios_PABUnityIAPiOSDefensiveBase,segment_tag_core_slot_prob_nu_29_06_var_a
69399,2026-04-13 20:52:38,3,3,3,attack,attack,attack,attack,2,true,0,88651896881,112162,5,5,400,10,3,0,0,0,0,1233,1400,23,0,88.1,bonus_as10_gae1_no,107,700000,,,,"{""c8bff241"":""520\/1200@m1"",""820004c2"":""220\/1000@m3""}",75,41,28,7,23,23,6,2,1,33,21,13,2,11,11,3,2,0,0,0,0,false,SMALL,-1,-2,1,V2,0,3_5_fbios_PABUnityIAPiOSDefensiveBase,segment_tag_core_slot_prob_nu_29_06_var_a
69400,2026-04-13 20:52:50,30,30,2,accumulation,accumulation,goldSack,gold,1,false,5000000,99056896881,112112,5,5,50,10,0,0,0,0,2,1333,1400,23,100,95.2,bonus_as10_gae1_no,107,700000,,,,,76,41,28,7,23,25,6,2,1,34,21,13,2,11,13,3,2,0,3,8,8,false,BIG,4,2,2,V2,0,3_5_fbios_PABUnityIAPiOSDefensiveBase,segment_tag_core_slot_prob_nu_29_06_var_a
69401,2026-04-13 20:52:51,3,1,5,attack,coin,shield,gold,1,false,1250000,99058146881,112062,5,5,50,10,1,0,1,0,0,1333,1400,23,0,95.2,bonus_as10_gae1_no,107,700000,,,,,77,42,28,8,23,25,6,2,1,35,22,13,3,11,13,3,2,0,2,1,0,false,NORMAL,1,0,1,V2,0,3_5_fbios_PABUnityIAPiOSDefensiveBase,segment_tag_core_slot_prob_nu_29_06_var_a
69402,2026-04-13 20:52:52,1,1,4,coin,coin,steal,gold,1,false,2500000,99060646881,112012,5,5,50,10,0,1,0,0,0,1333,1400,23,0,95.2,bonus_as10_gae1_no,107,700000,,,,"{""68171e9b"":""96\/225@m3""}",78,42,29,8,23,25,6,2,1,36,22,14,3,11,13,3,2,0,4,5,1,false,MIN,-9,-7,-2,V2,0,3_5_fbios_PABUnityIAPiOSDefensiveBase,segment_tag_core_slot_prob_nu_29_06_var_a
69403,2026-04-13 20:52:54,3,3,3,attack,attack,attack,attack,2,true,0,99060646881,111962,5,5,50,10,3,0,0,0,0,1333,1400,23,0,95.2,bonus_as10_gae1_no,107,700000,,,,,79,45,29,8,23,25,7,2,1,37,25,14,3,11,13,4,2,0,0,0,0,false,MIN,-4,-2,-2,V2,0,3_5_fbios_PABUnityIAPiOSDefensiveBase,segment_tag_core_slot_prob_nu_29_06_var_a
69404,2026-04-13 20:53:03,1,1,4,coin,coin,steal,gold,1,false,2500000,100363146881,111912,5,5,50,10,0,1,0,0,0,1333,1400,23,0,95.2,bonus_as10_gae1_no,107,700000,,,,,80,45,30,8,23,25,7,2,1,38,25,15,3,11,13,4,2,0,4,1,1,false,MIN,-4,-2,-2,V2,0,3_5_fbios_PABUnityIAPiOSDefensiveBase,segment_tag_core_slot_prob_nu_29_06_var_a
69405,2026-04-13 20:53:04,3,6,2,attack,spins,goldSack,gold,1,false,5000000,100368146881,111862,5,5,50,10,1,0,0,1,0,1333,1400,23,0,95.2,bonus_as10_gae1_no,107,700000,,,,,81,46,30,8,24,25,7,2,1,39,26,15,3,12,13,4,2,0,7,6,0,false,MIN,-4,-2,-2,V2,0,3_5_fbios_PABUnityIAPiOSDefensiveBase,segment_tag_core_slot_prob_nu_29_06_var_a
69406,2026-04-13 20:53:05,3,1,4,attack,coin,steal,gold,1,false,1250000,100369396881,111812,5,5,50,10,1,1,0,0,0,1333,1400,23,0,95.2,bonus_as10_gae1_no,107,700000,,,,,82,47,31,8,24,25,7,2,1,40,27,16,3,12,13,4,2,0,4,1,0,false,NORMAL,1,1,0,V2,0,3_5_fbios_PABUnityIAPiOSDefensiveBase,segment_tag_core_slot_prob_nu_29_06_var_a
69407,2026-04-13 20:53:19,30,2,2,accumulation,goldSack,goldSack,gold,1,false,7500000,100376896881,111762,5,5,50,10,0,0,0,0,1,1383,1400,23,50,98.8,bonus_as10_gae1_no,107,700000,,,,,83,47,31,8,24,26,7,2,1,41,27,16,3,12,14,4,2,0,3,7,8,false,BIG,7,6,1,V2,0,3_5_fbios_PABUnityIAPiOSDefensiveBase,segment_tag_core_slot_prob_nu_29_06_var_a
69408,2026-04-13 20:53:20,30,2,2,accumulation,goldSack,goldSack,gold,1,false,7500000,100384396881,111712,5,5,50,10,0,0,0,0,1,33,150,24,0,22.0,bonus_as10_gae1_no,107,700000,,,,,84,47,31,8,24,27,7,2,1,42,27,16,3,12,15,4,2,0,7,7,8,false,MAX,10,10,0,V2,0,3_5_fbios_PABUnityIAPiOSDefensiveBase,segment_tag_core_slot_prob_nu_29_06_var_a
69409,2026-04-13 20:53:23,30,30,30,accumulation,accumulation,accumulation,gold,10,true,0,100384396881,114612,5,5,400,10,0,0,0,0,3,583,4400,32,0,13.2,bonus_as10_gae1_no,107,700000,,,,,85,47,31,8,24,30,7,2,1,43,27,16,3,12,18,4,2,0,8,8,8,true,NORMAL,3,3,0,V2,0,3_5_fbios_PABUnityIAPiOSDefensiveBase,segment_tag_core_slot_prob_nu_29_06_var_a
69410,2026-04-13 20:53:49,30,30,2,accumulation,accumulation,goldSack,gold,1,false,200000,101984796881,119235,5,5,2,10,0,0,0,0,2,587,4400,32,4,13.3,bonus_as10_gae1_no,107,700000,,,,,1,0,0,0,0,2,0,0,0,44,27,16,3,12,20,4,2,0,3,8,8,false,NORMAL,3,2,1,V2,0,3_5_fbios_PABUnityIAPiOSDefensiveBase,segment_tag_core_slot_prob_nu_29_06_var_a
69411,2026-04-13 20:53:51,5,5,2,shield,shield,goldSack,gold,1,false,200000,101985196881,119233,5,5,2,10,0,0,2,0,0,587,4400,32,0,13.3,bonus_as10_gae1_no,107,700000,,,,,2,0,0,2,0,2,0,0,0,45,27,16,5,12,20,4,2,0,7,2,2,false,NORMAL,1,0,1,V2,0,3_5_fbios_PABUnityIAPiOSDefensiveBase,segment_tag_core_slot_prob_nu_29_06_var_a
69412,2026-04-13 20:53:51,6,6,6,spins,spins,spins,spins,5,true,20,101985196881,119251,5,5,2,10,0,0,0,3,0,587,4400,32,0,13.3,bonus_as10_gae1_no,107,700000,,,,,3,0,0,2,3,2,0,0,0,46,27,16,5,15,20,4,2,0,6,6,6,true,SMALL,-1,-1,0,V2,0,3_5_fbios_PABUnityIAPiOSDefensiveBase,segment_tag_core_slot_prob_nu_29_06_var_a
69413,2026-04-13 20:53:52,3,3,3,attack,attack,attack,attack,2,true,0,101985196881,119249,5,5,2,10,3,0,0,0,0,587,4400,32,0,13.3,bonus_as10_gae1_no,107,700000,,,,"{""68171e9b"":""98\/225@m3""}",4,3,0,2,3,2,1,0,0,1,3,0,0,0,0,1,0,0,0,0,0,false,MIN,-3,-3,0,V2,0,3_5_fbios_PABUnityIAPiOSDefensiveBase,segment_tag_core_slot_prob_nu_29_06_var_a
69414,2026-04-13 20:54:01,1,1,1,coin,coin,coin,gold,1,true,500000,102136196881,119247,5,5,2,10,0,0,0,0,0,587,4400,32,0,13.3,bonus_as10_gae1_no,107,700000,,,,,5,3,0,2,3,2,1,0,0,2,3,0,0,0,0,1,0,0,5,1,5,false,NORMAL,0,0,0,V2,0,3_5_fbios_PABUnityIAPiOSDefensiveBase,segment_tag_core_slot_prob_nu_29_06_var_a
69415,2026-04-13 20:54:02,1,1,4,coin,coin,steal,gold,1,false,100000,102136396881,119245,5,5,2,10,0,1,0,0,0,587,4400,32,0,13.3,bonus_as10_gae1_no,107,700000,,,,"{""820004c2"":""224\/1000@m3""}",6,3,1,2,3,2,1,0,0,3,3,1,0,0,0,1,0,0,4,1,1,false,MIN,-4,-2,-2,V2,0,3_5_fbios_PABUnityIAPiOSDefensiveBase,segment_tag_core_slot_prob_nu_29_06_var_a
69416,2026-04-13 20:54:02,3,6,2,attack,spins,goldSack,gold,1,false,200000,102136796881,119243,5,5,2,10,1,0,0,1,0,587,4400,32,0,13.3,bonus_as10_gae1_no,107,700000,,,,,7,4,1,2,4,2,1,0,0,4,4,1,0,1,0,1,0,0,7,6,0,false,MIN,-4,-2,-2,V2,0,3_5_fbios_PABUnityIAPiOSDefensiveBase,segment_tag_core_slot_prob_nu_29_06_var_a
69417,2026-04-13 20:54:03,4,4,4,steal,steal,steal,steal,4,true,0,102136796881,119241,5,5,2,10,0,3,0,0,0,587,4400,32,0,13.3,bonus_as10_gae1_no,107,700000,,,,,8,4,4,2,4,2,1,1,0,5,4,4,0,1,0,1,1,0,4,4,4,false,MIN,-7,-5,-2,V2,0,3_5_fbios_PABUnityIAPiOSDefensiveBase,segment_tag_core_slot_prob_nu_29_06_var_a
69418,2026-04-13 21:02:32,5,5,5,shield,shield,shield,shield,3,true,2,102361796881,119241,5,5,2,10,0,0,3,0,0,587,4400,32,0,13.3,bonus_bs15_gae1_no,107,700000,,,,,9,4,4,5,4,2,1,1,1,6,4,4,3,1,0,1,1,1,2,2,2,false,NORMAL,2,0,2,V2,0,3_5_fbios_PABUnityIAPiOSDefensiveBase,segment_tag_core_slot_prob_nu_29_06_var_a
69419,2026-04-13 21:02:33,2,2,2,goldSack,goldSack,goldSack,gold,1,true,4000000,102369796881,119239,5,5,2,10,0,0,0,0,0,587,4400,32,0,13.3,bonus_bs15_gae1_no,107,700000,,,,"{""c8bff241"":""524\/1200@m1""}",10,4,4,5,4,2,1,1,1,7,4,4,3,1,0,1,1,1,7,3,7,false,NORMAL,1,-1,2,V2,0,3_5_fbios_PABUnityIAPiOSDefensiveBase,segment_tag_core_slot_prob_nu_29_06_var_a
69420,2026-04-13 21:02:35,30,2,2,accumulation,goldSack,goldSack,gold,1,false,300000,102370396881,119237,5,5,2,10,0,0,0,0,1,589,4400,32,2,13.4,bonus_bs15_gae1_no,107,700000,,,,,11,4,4,5,4,3,1,1,1,8,4,4,3,1,1,1,1,1,3,7,8,false,MAX,8,6,2,V2,0,3_5_fbios_PABUnityIAPiOSDefensiveBase,segment_tag_core_slot_prob_nu_29_06_var_a
69421,2026-04-13 21:02:36,1,4,6,coin,steal,spins,gold,1,false,50000,102370496881,119235,5,5,2,10,0,1,0,1,0,589,4400,32,0,13.4,bonus_bs15_gae1_no,107,700000,,,,,12,4,5,5,5,3,1,1,1,9,4,5,3,2,1,1,1,1,6,4,5,false,BIG,7,5,2,V2,0,3_5_fbios_PABUnityIAPiOSDefensiveBase,segment_tag_core_slot_prob_nu_29_06_var_a
69422,2026-04-13 21:02:36,3,1,4,attack,coin,steal,gold,1,false,50000,102370596881,119233,5,5,2,10,1,1,0,0,0,589,4400,32,0,13.4,bonus_bs15_gae1_no,107,700000,,,,,13,5,6,5,5,3,1,1,1,10,5,6,3,2,1,1,1,1,4,1,0,false,NORMAL,0,0,0,V2,0,3_5_fbios_PABUnityIAPiOSDefensiveBase,segment_tag_core_slot_prob_nu_29_06_var_a
69423,2026-04-13 21:02:37,2,2,2,goldSack,goldSack,goldSack,gold,1,true,4000000,102378596881,119231,5,5,2,10,0,0,0,0,0,589,4400,32,0,13.4,bonus_bs15_gae1_no,107,700000,,,,"{""68171e9b"":""100\/225@m3""}",14,5,6,5,5,3,1,1,1,11,5,6,3,2,1,1,1,1,3,7,3,false,BIG,5,5,0,V2,0,3_5_fbios_PABUnityIAPiOSDefensiveBase,segment_tag_core_slot_prob_nu_29_06_var_a
69424,2026-04-13 21:02:38,3,6,2,attack,spins,goldSack,gold,1,false,200000,102378996881,119229,5,5,2,10,1,0,0,1,0,589,4400,32,0,13.4,bonus_bs15_gae1_no,107,700000,,,,,15,6,6,5,6,3,1,1,1,12,6,6,3,3,1,1,1,1,3,6,0,false,NORMAL,3,3,0,V2,0,3_5_fbios_PABUnityIAPiOSDefensiveBase,segment_tag_core_slot_prob_nu_29_06_var_a
69425,2026-04-13 21:02:39,3,3,3,attack,attack,attack,attack,2,true,0,102378996881,119227,5,5,2,10,3,0,0,0,0,589,4400,32,0,13.4,bonus_bs15_gae1_no,107,700000,,,,,16,9,6,5,6,3,2,1,1,13,9,6,3,3,1,2,1,1,0,0,0,false,SMALL,-1,-1,0,V2,0,3_5_fbios_PABUnityIAPiOSDefensiveBase,segment_tag_core_slot_prob_nu_29_06_var_a
69426,2026-04-13 21:02:43,30,30,2,accumulation,accumulation,goldSack,gold,1,false,200000,102479396881,119225,5,5,2,10,0,0,0,0,2,593,4400,32,4,13.5,bonus_bs15_gae1_no,107,700000,,,,,17,9,6,5,6,5,2,1,1,14,9,6,3,3,3,2,1,1,7,8,8,false,BIG,4,3,1,V2,0,3_5_fbios_PABUnityIAPiOSDefensiveBase,segment_tag_core_slot_prob_nu_29_06_var_a
69427,2026-04-13 21:02:47,3,6,2,attack,spins,goldSack,gold,1,false,200000,102479796881,119223,5,5,2,10,1,0,0,1,0,593,4400,32,0,13.5,bonus_bs15_gae1_no,107,700000,,,,,18,10,6,5,7,5,2,1,1,15,10,6,3,4,3,2,1,1,3,6,0,false,NORMAL,3,2,1,V2,0,3_5_fbios_PABUnityIAPiOSDefensiveBase,segment_tag_core_slot_prob_nu_29_06_var_a
69428,2026-04-13 21:02:47,3,3,1,attack,attack,coin,gold,1,false,50000,102479896881,119221,5,5,2,10,2,0,0,0,0,593,4400,32,0,13.5,bonus_bs15_gae1_no,107,700000,,,,,19,12,6,5,7,5,2,1,1,16,12,6,3,4,3,2,1,1,5,0,0,false,NORMAL,0,-1,1,V2,0,3_5_fbios_PABUnityIAPiOSDefensiveBase,segment_tag_core_slot_prob_nu_29_06_var_a
69429,2026-04-13 21:02:48,2,2,2,goldSack,goldSack,goldSack,gold,1,true,4000000,102487896881,119219,5,5,2,10,0,0,0,0,0,593,4400,32,0,13.5,bonus_bs15_gae1_no,107,700000,,,,,20,12,6,5,7,5,2,1,1,17,12,6,3,4,3,2,1,1,3,7,7,false,BIG,4,3,1,V2,0,3_5_fbios_PABUnityIAPiOSDefensiveBase,segment_tag_core_slot_prob_nu_29_06_var_a
69430,2026-04-13 21:02:49,30,2,2,accumulation,goldSack,goldSack,gold,1,false,300000,102488496881,119217,5,5,2,10,0,0,0,0,1,595,4400,32,2,13.5,bonus_bs15_gae1_no,107,700000,,,,,21,12,6,5,7,6,2,1,1,18,12,6,3,4,4,2,1,1,7,7,8,false,MAX,10,9,1,V2,0,3_5_fbios_PABUnityIAPiOSDefensiveBase,segment_tag_core_slot_prob_nu_29_06_var_a
69431,2026-04-13 21:02:50,1,1,1,coin,coin,coin,gold,1,true,500000,102489496881,119215,5,5,2,10,0,0,0,0,0,595,4400,32,0,13.5,bonus_bs15_gae1_no,107,700000,,,,,22,12,6,5,7,6,2,1,1,19,12,6,3,4,4,2,1,1,1,5,1,false,MIN,-10,-7,-3,V2,0,3_5_fbios_PABUnityIAPiOSDefensiveBase,segment_tag_core_slot_prob_nu_29_06_var_a
69432,2026-04-13 21:02:50,1,1,1,coin,coin,coin,gold,1,true,500000,102490496881,119213,5,5,2,10,0,0,0,0,0,595,4400,32,0,13.5,bonus_bs15_gae1_no,107,700000,,,,,23,12,6,5,7,6,2,1,1,20,12,6,3,4,4,2,1,1,1,1,1,false,MIN,-5,-2,-3,V2,0,3_5_fbios_PABUnityIAPiOSDefensiveBase,segment_tag_core_slot_prob_nu_29_06_var_a
69433,2026-04-13 21:02:51,30,2,2,accumulation,goldSack,goldSack,gold,1,false,300000,102491096881,119211,5,5,2,10,0,0,0,0,1,597,4400,32,2,13.6,bonus_bs15_gae1_no,107,700000,,,,"{""820004c2"":""228\/1000@m3"",""68171e9b"":""102\/225@m3""}",24,12,6,5,7,7,2,1,1,21,12,6,3,4,5,2,1,1,3,7,8,false,NORMAL,3,6,-3,V2,0,3_5_fbios_PABUnityIAPiOSDefensiveBase,segment_tag_core_slot_prob_nu_29_06_var_a
69434,2026-04-13 21:02:52,1,4,4,coin,steal,steal,gold,1,false,50000,102491196881,119209,5,5,2,10,0,2,0,0,0,597,4400,32,0,13.6,bonus_bs15_gae1_no,107,700000,,,,,25,12,8,5,7,7,2,1,1,22,12,8,3,4,5,2,1,1,4,4,1,false,MIN,-7,-4,-3,V2,0,3_5_fbios_PABUnityIAPiOSDefensiveBase,segment_tag_core_slot_prob_nu_29_06_var_a
69435,2026-04-13 21:02:53,1,4,6,coin,steal,spins,gold,1,false,50000,102491296881,119207,5,5,2,10,0,1,0,1,0,597,4400,32,0,13.6,bonus_bs15_gae1_no,107,700000,,,,,26,12,9,5,8,7,2,1,1,23,12,9,3,5,5,2,1,1,6,4,5,false,NORMAL,1,4,-3,V2,0,3_5_fbios_PABUnityIAPiOSDefensiveBase,segment_tag_core_slot_prob_nu_29_06_var_a
69436,2026-04-13 21:07:06,4,4,2,steal,steal,goldSack,gold,1,false,200000,102491496881,119205,5,5,2,10,0,2,0,0,0,597,4400,32,0,13.6,bonus_bs15_gae1_no,107,700000,,,,,27,12,11,5,8,7,2,1,1,24,12,11,3,5,5,2,1,1,3,4,4,false,NORMAL,1,2,-1,V2,0,3_5_fbios_PABUnityIAPiOSDefensiveBase,segment_tag_core_slot_prob_nu_29_06_var_a
69437,2026-04-13 21:07:07,3,3,3,attack,attack,attack,attack,2,true,0,102491496881,119203,5,5,2,10,3,0,0,0,0,597,4400,32,0,13.6,bonus_bs15_gae1_no,107,700000,,,,,28,15,11,5,8,7,3,1,1,25,15,11,3,5,5,3,1,1,0,0,0,false,NORMAL,0,-1,1,V2,0,3_5_fbios_PABUnityIAPiOSDefensiveBase,segment_tag_core_slot_prob_nu_29_06_var_a
69438,2026-04-13 21:07:11,3,1,5,attack,coin,shield,gold,1,false,50000,102508706881,119201,5,5,2,10,1,0,1,0,0,597,4400,32,0,13.6,bonus_bs15_gae1_no,107,700000,,,,"{""68171e9b"":""104\/225@m3""}",29,16,11,6,8,7,3,1,1,26,16,11,4,5,5,3,1,1,2,5,0,false,NORMAL,0,-1,1,V2,0,3_5_fbios_PABUnityIAPiOSDefensiveBase,segment_tag_core_slot_prob_nu_29_06_var_a
69439,2026-04-13 21:07:12,30,2,2,accumulation,goldSack,goldSack,gold,1,false,300000,102509006881,119199,5,5,2,10,0,0,0,0,1,599,4400,32,2,13.6,bonus_bs15_gae1_no,107,700000,,,,,30,16,11,6,8,8,3,1,1,27,16,11,4,5,6,3,1,1,3,3,8,false,BIG,5,3,2,V2,0,3_5_fbios_PABUnityIAPiOSDefensiveBase,segment_tag_core_slot_prob_nu_29_06_var_a
69440,2026-04-13 21:07:13,3,1,4,attack,coin,steal,gold,1,false,50000,102509056881,119197,5,5,2,10,1,1,0,0,0,599,4400,32,0,13.6,bonus_bs15_gae1_no,107,700000,,,,"{""820004c2"":""232\/1000@m3""}",31,17,12,6,8,8,3,1,1,28,17,12,4,5,6,3,1,1,4,1,0,false,NORMAL,3,0,3,V2,0,3_5_fbios_PABUnityIAPiOSDefensiveBase,segment_tag_core_slot_prob_nu_29_06_var_a
69441,2026-04-13 21:07:14,2,2,2,goldSack,goldSack,goldSack,gold,1,true,4000000,102513056881,119195,5,5,2,10,0,0,0,0,0,599,4400,32,0,13.6,bonus_bs15_gae1_no,107,700000,,,,,32,17,12,6,8,8,3,1,1,29,17,12,4,5,6,3,1,1,7,3,3,false,BIG,6,5,1,V2,0,3_5_fbios_PABUnityIAPiOSDefensiveBase,segment_tag_core_slot_prob_nu_29_06_var_a
69442,2026-04-13 21:07:14,30,2,2,accumulation,goldSack,goldSack,gold,1,false,300000,102513356881,119193,5,5,2,10,0,0,0,0,1,601,4400,32,2,13.7,bonus_bs15_gae1_no,107,700000,,,,,33,17,12,6,8,9,3,1,1,30,17,12,4,5,7,3,1,1,3,3,8,false,BIG,5,4,1,V2,0,3_5_fbios_PABUnityIAPiOSDefensiveBase,segment_tag_core_slot_prob_nu_29_06_var_a
69443,2026-04-13 21:07:15,3,1,4,attack,coin,steal,gold,1,false,50000,102513406881,119191,5,5,2,10,1,1,0,0,0,601,4400,32,0,13.7,bonus_bs15_gae1_no,107,700000,,,,"{""c8bff241"":""528\/1200@m1""}",34,18,13,6,8,9,3,1,1,31,18,13,4,5,7,3,1,1,4,1,0,false,NORMAL,1,0,1,V2,0,3_5_fbios_PABUnityIAPiOSDefensiveBase,segment_tag_core_slot_prob_nu_29_06_var_a
69444,2026-04-13 21:07:16,2,2,2,goldSack,goldSack,goldSack,gold,1,true,4000000,102517406881,119189,5,5,2,10,0,0,0,0,0,601,4400,32,0,13.7,bonus_bs15_gae1_no,107,700000,,,,,35,18,13,6,8,9,3,1,1,32,18,13,4,5,7,3,1,1,7,3,7,false,NORMAL,1,1,0,V2,0,3_5_fbios_PABUnityIAPiOSDefensiveBase,segment_tag_core_slot_prob_nu_29_06_var_a
69445,2026-04-13 21:07:16,30,30,2,accumulation,accumulation,goldSack,gold,1,false,200000,102517606881,119187,5,5,2,10,0,0,0,0,2,605,4400,32,4,13.8,bonus_bs15_gae1_no,107,700000,,,,,36,18,13,6,8,11,3,1,1,33,18,13,4,5,9,3,1,1,3,8,8,false,NORMAL,2,2,0,V2,0,3_5_fbios_PABUnityIAPiOSDefensiveBase,segment_tag_core_slot_prob_nu_29_06_var_a
69446,2026-04-13 21:07:18,3,3,1,attack,attack,coin,gold,1,false,50000,102517656881,119185,5,5,2,10,2,0,0,0,0,605,4400,32,0,13.8,bonus_bs15_gae1_no,107,700000,,,,,37,20,13,6,8,11,3,1,1,34,20,13,4,5,9,3,1,1,1,0,0,false,SMALL,-1,-1,0,V2,0,3_5_fbios_PABUnityIAPiOSDefensiveBase,segment_tag_core_slot_prob_nu_29_06_var_a
69447,2026-04-13 21:07:18,1,1,1,coin,coin,coin,gold,1,true,500000,102518156881,119183,5,5,2,10,0,0,0,0,0,605,4400,32,0,13.8,bonus_bs15_gae1_no,107,700000,,,,,38,20,13,6,8,11,3,1,1,35,20,13,4,5,9,3,1,1,1,5,5,false,NORMAL,0,0,0,V2,0,3_5_fbios_PABUnityIAPiOSDefensiveBase,segment_tag_core_slot_prob_nu_29_06_var_a
69448,2026-04-13 21:07:19,1,4,6,coin,steal,spins,gold,1,false,50000,102518206881,119181,5,5,2,10,0,1,0,1,0,605,4400,32,0,13.8,bonus_bs15_gae1_no,107,700000,,,,"{""68171e9b"":""106\/225@m3""}",39,20,14,6,9,11,3,1,1,36,20,14,4,6,9,3,1,1,6,4,5,false,BIG,6,6,0,V2,0,3_5_fbios_PABUnityIAPiOSDefensiveBase,segment_tag_core_slot_prob_nu_29_06_var_a
69449,2026-04-13 21:07:20,1,1,1,coin,coin,coin,gold,1,true,500000,102518706881,119179,5,5,2,10,0,0,0,0,0,605,4400,32,0,13.8,bonus_bs15_gae1_no,107,700000,,,,,40,20,14,6,9,11,3,1,1,37,20,14,4,6,9,3,1,1,5,1,1,false,MIN,-7,-4,-3,V2,0,3_5_fbios_PABUnityIAPiOSDefensiveBase,segment_tag_core_slot_prob_nu_29_06_var_a
69450,2026-04-13 21:07:21,2,2,2,goldSack,goldSack,goldSack,gold,1,true,4000000,102522706881,119177,5,5,2,10,0,0,0,0,0,605,4400,32,0,13.8,bonus_bs15_gae1_no,107,700000,,,,,41,20,14,6,9,11,3,1,1,38,20,14,4,6,9,3,1,1,3,7,3,false,NORMAL,3,5,-2,V2,0,3_5_fbios_PABUnityIAPiOSDefensiveBase,segment_tag_core_slot_prob_nu_29_06_var_a
69451,2026-04-13 21:07:22,2,2,2,goldSack,goldSack,goldSack,gold,1,true,4000000,102526706881,119175,5,5,2,10,0,0,0,0,0,605,4400,32,0,13.8,bonus_bs15_gae1_no,107,700000,,,,,42,20,14,6,9,11,3,1,1,39,20,14,4,6,9,3,1,1,7,3,3,false,BIG,5,6,-1,V2,0,3_5_fbios_PABUnityIAPiOSDefensiveBase,segment_tag_core_slot_prob_nu_29_06_var_a
69452,2026-04-13 21:07:23,30,2,2,accumulation,goldSack,goldSack,gold,1,false,300000,102527006881,119173,5,5,2,10,0,0,0,0,1,607,4400,32,2,13.8,bonus_bs15_gae1_no,107,700000,,,,"{""820004c2"":""236\/1000@m3""}",43,20,14,6,9,12,3,1,1,40,20,14,4,6,10,3,1,1,3,3,8,false,NORMAL,3,4,-1,V2,0,3_5_fbios_PABUnityIAPiOSDefensiveBase,segment_tag_core_slot_prob_nu_29_06_var_a
69453,2026-04-13 21:07:24,1,1,4,coin,coin,steal,gold,1,false,100000,102527106881,119171,5,5,2,10,0,1,0,0,0,607,4400,32,0,13.8,bonus_bs15_gae1_no,107,700000,,,,"{""68171e9b"":""108\/225@m3""}",44,20,15,6,9,12,3,1,1,41,20,15,4,6,10,3,1,1,4,5,5,false,SMALL,-1,0,-1,V2,0,3_5_fbios_PABUnityIAPiOSDefensiveBase,segment_tag_core_slot_prob_nu_29_06_var_a
69454,2026-04-13 21:07:25,1,1,1,coin,coin,coin,gold,1,true,500000,102527606881,119169,5,5,2,10,0,0,0,0,0,607,4400,32,0,13.8,bonus_bs15_gae1_no,107,700000,,,,,45,20,15,6,9,12,3,1,1,42,20,15,4,6,10,3,1,1,5,5,1,false,MIN,-12,-9,-3,V2,0,3_5_fbios_PABUnityIAPiOSDefensiveBase,segment_tag_core_slot_prob_nu_29_06_var_a
69455,2026-04-13 21:07:25,3,6,2,attack,spins,goldSack,gold,1,false,200000,102527806881,119167,5,5,2,10,1,0,0,1,0,607,4400,32,0,13.8,bonus_bs15_gae1_no,107,700000,,,,,46,21,15,6,10,12,3,1,1,43,21,15,4,7,10,3,1,1,3,6,0,false,SMALL,-1,2,-3,V2,0,3_5_fbios_PABUnityIAPiOSDefensiveBase,segment_tag_core_slot_prob_nu_29_06_var_a
69456,2026-04-13 21:07:26,5,5,5,shield,shield,shield,shield,3,true,2,102527806881,119167,5,5,2,10,0,0,3,0,0,607,4400,32,0,13.8,bonus_bs15_gae1_no,107,700000,,,,,47,21,15,9,10,12,3,1,2,44,21,15,7,7,10,3,1,2,2,2,2,false,MIN,-4,-1,-3,V2,0,3_5_fbios_PABUnityIAPiOSDefensiveBase,segment_tag_core_slot_prob_nu_29_06_var_a
69457,2026-04-13 21:07:27,3,6,2,attack,spins,goldSack,gold,1,false,200000,102528006881,119165,5,5,2,10,1,0,0,1,0,607,4400,32,0,13.8,bonus_bs15_gae1_no,107,700000,,,,,48,22,15,9,11,12,3,1,2,45,22,15,7,8,10,3,1,2,3,6,0,false,SMALL,-1,0,-1,V2,0,3_5_fbios_PABUnityIAPiOSDefensiveBase,segment_tag_core_slot_prob_nu_29_06_var_a
69458,2026-04-13 21:07:28,3,1,5,attack,coin,shield,gold,1,false,50000,102528056881,119163,5,5,2,10,1,0,1,0,0,607,4400,32,0,13.8,bonus_bs15_gae1_no,107,700000,,,,"{""68171e9b"":""110\/225@m3""}",49,23,15,10,11,12,3,1,2,46,23,15,8,8,10,3,1,2,2,1,0,false,NORMAL,0,1,-1,V2,0,3_5_fbios_PABUnityIAPiOSDefensiveBase,segment_tag_core_slot_prob_nu_29_06_var_a
69459,2026-04-13 21:07:28,30,2,2,accumulation,goldSack,goldSack,gold,1,false,300000,102528356881,119161,5,5,2,10,0,0,0,0,1,609,4400,32,2,13.8,bonus_bs15_gae1_no,107,700000,,,,,50,23,15,10,11,13,3,1,2,47,23,15,8,8,11,3,1,2,3,7,8,false,BIG,5,5,0,V2,0,3_5_fbios_PABUnityIAPiOSDefensiveBase,segment_tag_core_slot_prob_nu_29_06_var_a
69460,2026-04-13 21:07:30,1,6,6,coin,spins,spins,gold,1,false,50000,102528406881,119159,5,5,2,10,0,0,0,2,0,609,4400,32,0,13.8,bonus_bs15_gae1_no,107,700000,,,,,51,23,15,10,13,13,3,1,2,48,23,15,8,10,11,3,1,2,6,6,1,false,MIN,-5,-3,-2,V2,0,3_5_fbios_PABUnityIAPiOSDefensiveBase,segment_tag_core_slot_prob_nu_29_06_var_a
69461,2026-04-13 21:07:31,30,2,2,accumulation,goldSack,goldSack,gold,1,false,300000,102528706881,119157,5,5,2,10,0,0,0,0,1,611,4400,32,2,13.9,bonus_bs15_gae1_no,107,700000,,,,,52,23,15,10,13,14,3,1,2,49,23,15,8,10,12,3,1,2,7,3,8,false,BIG,5,7,-2,V2,0,3_5_fbios_PABUnityIAPiOSDefensiveBase,segment_tag_core_slot_prob_nu_29_06_var_a
69462,2026-04-13 21:07:32,1,1,4,coin,coin,steal,gold,1,false,100000,102528806881,119155,5,5,2,10,0,1,0,0,0,611,4400,32,0,13.9,bonus_bs15_gae1_no,107,700000,,,,,53,23,16,10,13,14,3,1,2,50,23,16,8,10,12,3,1,2,4,1,5,false,NORMAL,2,2,0,V2,0,3_5_fbios_PABUnityIAPiOSDefensiveBase,segment_tag_core_slot_prob_nu_29_06_var_a
69463,2026-04-13 21:07:33,30,2,2,accumulation,goldSack,goldSack,gold,1,false,300000,102529106881,119153,5,5,2,10,0,0,0,0,1,613,4400,32,2,13.9,bonus_bs15_gae1_no,107,700000,,,,,54,23,16,10,13,15,3,1,2,51,23,16,8,10,13,3,1,2,3,3,8,false,BIG,4,4,0,V2,0,3_5_fbios_PABUnityIAPiOSDefensiveBase,segment_tag_core_slot_prob_nu_29_06_var_a
69464,2026-04-13 21:07:34,30,30,2,accumulation,accumulation,goldSack,gold,1,false,200000,102529306881,119151,5,5,2,10,0,0,0,0,2,617,4400,32,4,14.0,bonus_bs15_gae1_no,107,700000,,,,"{""68171e9b"":""112\/225@m3""}",55,23,16,10,13,17,3,1,2,52,23,16,8,10,15,3,1,2,3,8,8,false,NORMAL,3,4,-1,V2,0,3_5_fbios_PABUnityIAPiOSDefensiveBase,segment_tag_core_slot_prob_nu_29_06_var_a
69465,2026-04-13 21:07:35,3,3,3,attack,attack,attack,attack,2,true,0,102529306881,119149,5,5,2,10,3,0,0,0,0,617,4400,32,0,14.0,bonus_bs15_gae1_no,107,700000,,,,,56,26,16,10,13,17,4,1,2,53,26,16,8,10,15,4,1,2,0,0,0,false,MIN,-3,-2,-1,V2,0,3_5_fbios_PABUnityIAPiOSDefensiveBase,segment_tag_core_slot_prob_nu_29_06_var_a
69466,2026-04-13 21:07:39,1,1,1,coin,coin,coin,gold,1,true,500000,102546966881,119147,5,5,2,10,0,0,0,0,0,617,4400,32,0,14.0,bonus_bs15_gae1_no,107,700000,,,,,57,26,16,10,13,17,4,1,2,54,26,16,8,10,15,4,1,2,1,1,1,false,MIN,-7,-4,-3,V2,0,3_5_fbios_PABUnityIAPiOSDefensiveBase,segment_tag_core_slot_prob_nu_29_06_var_a
69467,2026-04-13 21:07:39,5,5,5,shield,shield,shield,shield,3,true,2,102546966881,119147,5,5,2,10,0,0,3,0,0,617,4400,32,0,14.0,bonus_bs15_gae1_no,107,700000,,,,,58,26,16,13,13,17,4,1,3,55,26,16,11,10,15,4,1,3,2,2,2,false,MIN,-4,-1,-3,V2,0,3_5_fbios_PABUnityIAPiOSDefensiveBase,segment_tag_core_slot_prob_nu_29_06_var_a
69468,2026-04-13 21:07:40,5,5,5,shield,shield,shield,shield,3,true,2,102546966881,119147,5,5,2,10,0,0,3,0,0,617,4400,32,0,14.0,bonus_bs15_gae1_no,107,700000,,,,,59,26,16,16,13,17,4,1,4,56,26,16,14,10,15,4,1,4,2,2,2,false,SMALL,-2,-1,-1,V2,0,3_5_fbios_PABUnityIAPiOSDefensiveBase,segment_tag_core_slot_prob_nu_29_06_var_a
69469,2026-04-13 21:07:41,2,2,2,goldSack,goldSack,goldSack,gold,1,true,4000000,102550966881,119145,5,5,2,10,0,0,0,0,0,617,4400,32,0,14.0,bonus_bs15_gae1_no,107,700000,,,,,60,26,16,16,13,17,4,1,4,57,26,16,14,10,15,4,1,4,3,7,3,false,NORMAL,2,3,-1,V2,0,3_5_fbios_PABUnityIAPiOSDefensiveBase,segment_tag_core_slot_prob_nu_29_06_var_a
69470,2026-04-13 21:07:42,30,2,2,accumulation,goldSack,goldSack,gold,1,false,300000,102551266881,119143,5,5,2,10,0,0,0,0,1,619,4400,32,2,14.1,bonus_bs15_gae1_no,107,700000,,,,"{""820004c2"":""240\/1000@m3""}",61,26,16,16,13,18,4,1,4,58,26,16,14,10,16,4,1,4,7,7,8,false,MAX,8,9,-1,V2,0,3_5_fbios_PABUnityIAPiOSDefensiveBase,segment_tag_core_slot_prob_nu_29_06_var_a
69471,2026-04-13 21:07:43,1,1,1,coin,coin,coin,gold,1,true,500000,102551766881,119141,5,5,2,10,0,0,0,0,0,619,4400,32,0,14.1,bonus_bs15_gae1_no,107,700000,,,,,62,26,16,16,13,18,4,1,4,59,26,16,14,10,16,4,1,4,1,5,1,false,MIN,-10,-7,-3,V2,0,3_5_fbios_PABUnityIAPiOSDefensiveBase,segment_tag_core_slot_prob_nu_29_06_var_a
69472,2026-04-13 21:07:44,3,6,2,attack,spins,goldSack,gold,1,false,200000,102551966881,119139,5,5,2,10,1,0,0,1,0,619,4400,32,0,14.1,bonus_bs15_gae1_no,107,700000,,,,,63,27,16,16,14,18,4,1,4,60,27,16,14,11,16,4,1,4,7,6,0,false,MIN,-5,-2,-3,V2,0,3_5_fbios_PABUnityIAPiOSDefensiveBase,segment_tag_core_slot_prob_nu_29_06_var_a
69473,2026-04-13 21:07:45,3,3,1,attack,attack,coin,gold,1,false,50000,102552016881,119137,5,5,2,10,2,0,0,0,0,619,4400,32,0,14.1,bonus_bs15_gae1_no,107,700000,,,,,64,29,16,16,14,18,4,1,4,61,29,16,14,11,16,4,1,4,5,0,0,false,SMALL,-2,-1,-1,V2,0,3_5_fbios_PABUnityIAPiOSDefensiveBase,segment_tag_core_slot_prob_nu_29_06_var_a
69474,2026-04-13 21:07:46,1,1,4,coin,coin,steal,gold,1,false,100000,102552116881,119135,5,5,2,10,0,1,0,0,0,619,4400,32,0,14.1,bonus_bs15_gae1_no,107,700000,,,,,65,29,17,16,14,18,4,1,4,62,29,17,14,11,16,4,1,4,4,1,5,false,NORMAL,1,1,0,V2,0,3_5_fbios_PABUnityIAPiOSDefensiveBase,segment_tag_core_slot_prob_nu_29_06_var_a
69475,2026-04-13 21:07:47,30,30,2,accumulation,accumulation,goldSack,gold,1,false,200000,102552316881,119133,5,5,2,10,0,0,0,0,2,623,4400,32,4,14.2,bonus_bs15_gae1_no,107,700000,,,,,66,29,17,16,14,20,4,1,4,63,29,17,14,11,18,4,1,4,3,8,8,false,NORMAL,2,2,0,V2,0,3_5_fbios_PABUnityIAPiOSDefensiveBase,segment_tag_core_slot_prob_nu_29_06_var_a
69476,2026-04-13 21:07:48,30,30,2,accumulation,accumulation,goldSack,gold,1,false,200000,102552516881,119131,5,5,2,10,0,0,0,0,2,627,4400,32,4,14.2,bonus_bs15_gae1_no,107,700000,,,,"{""68171e9b"":""114\/225@m3"",""820004c2"":""244\/1000@m3""}",67,29,17,16,14,22,4,1,4,64,29,17,14,11,20,4,1,4,7,8,8,false,NORMAL,3,4,-1,V2,0,3_5_fbios_PABUnityIAPiOSDefensiveBase,segment_tag_core_slot_prob_nu_29_06_var_a
69477,2026-04-13 21:07:50,1,1,4,coin,coin,steal,gold,1,false,100000,102552616881,119129,5,5,2,10,0,1,0,0,0,627,4400,32,0,14.2,bonus_bs15_gae1_no,107,700000,,,,,68,29,18,16,14,22,4,1,4,65,29,18,14,11,20,4,1,4,4,5,1,false,MIN,-9,-6,-3,V2,0,3_5_fbios_PABUnityIAPiOSDefensiveBase,segment_tag_core_slot_prob_nu_29_06_var_a
69478,2026-04-13 21:07:50,1,1,4,coin,coin,steal,gold,1,false,100000,102552716881,119127,5,5,2,10,0,1,0,0,0,627,4400,32,0,14.2,bonus_bs15_gae1_no,107,700000,,,,"{""c8bff241"":""532\/1200@m1""}",69,29,19,16,14,22,4,1,4,66,29,19,14,11,20,4,1,4,4,1,1,false,MIN,-3,0,-3,V2,0,3_5_fbios_PABUnityIAPiOSDefensiveBase,segment_tag_core_slot_prob_nu_29_06_var_a
69479,2026-04-13 21:07:51,1,4,6,coin,steal,spins,gold,1,false,50000,102552766881,119125,5,5,2,10,0,1,0,1,0,627,4400,32,0,14.2,bonus_bs15_gae1_no,107,700000,,,,,70,29,20,16,15,22,4,1,4,67,29,20,14,12,20,4,1,4,6,4,1,false,MIN,-5,-2,-3,V2,0,3_5_fbios_PABUnityIAPiOSDefensiveBase,segment_tag_core_slot_prob_nu_29_06_var_a
69480,2026-04-13 21:07:52,1,1,4,coin,coin,steal,gold,1,false,100000,102552866881,119123,5,5,2,10,0,1,0,0,0,627,4400,32,0,14.2,bonus_bs15_gae1_no,107,700000,,,,,71,29,21,16,15,22,4,1,4,68,29,21,14,12,20,4,1,4,4,5,1,false,MIN,-8,-5,-3,V2,0,3_5_fbios_PABUnityIAPiOSDefensiveBase,segment_tag_core_slot_prob_nu_29_06_var_a
69481,2026-04-13 21:07:53,4,4,4,steal,steal,steal,steal,4,true,0,102552866881,119121,5,5,2,10,0,3,0,0,0,627,4400,32,0,14.2,bonus_bs15_gae1_no,107,700000,,,,"{""68171e9b"":""116\/225@m3""}",72,29,24,16,15,22,4,2,4,69,29,24,14,12,20,4,2,4,4,4,4,false,MIN,-6,-4,-2,V2,0,3_5_fbios_PABUnityIAPiOSDefensiveBase,segment_tag_core_slot_prob_nu_29_06_var_a
69482,2026-04-13 21:07:58,3,6,2,attack,spins,goldSack,gold,1,false,200000,102835270881,119119,5,5,2,10,1,0,0,1,0,627,4400,32,0,14.2,bonus_bs15_gae1_no,107,700000,,,,,73,30,24,16,16,22,4,2,4,70,30,24,14,13,20,4,2,4,7,6,0,false,NORMAL,1,-1,2,V2,0,3_5_fbios_PABUnityIAPiOSDefensiveBase,segment_tag_core_slot_prob_nu_29_06_var_a
69483,2026-04-13 21:07:59,3,3,1,attack,attack,coin,gold,1,false,50000,102835320881,119117,5,5,2,10,2,0,0,0,0,627,4400,32,0,14.2,bonus_bs15_gae1_no,107,700000,,,,"{""820004c2"":""248\/1000@m3""}",74,32,24,16,16,22,4,2,4,71,32,24,14,13,20,4,2,4,5,0,0,false,NORMAL,1,-1,2,V2,0,3_5_fbios_PABUnityIAPiOSDefensiveBase,segment_tag_core_slot_prob_nu_29_06_var_a
69484,2026-04-13 21:08:00,3,3,3,attack,attack,attack,attack,2,true,0,102835320881,119115,5,5,2,10,3,0,0,0,0,627,4400,32,0,14.2,bonus_bs15_gae1_no,107,700000,,,,,75,35,24,16,16,22,5,2,4,72,35,24,14,13,20,5,2,4,0,0,0,false,NORMAL,1,-1,2,V2,0,3_5_fbios_PABUnityIAPiOSDefensiveBase,segment_tag_core_slot_prob_nu_29_06_var_a
69485,2026-04-13 21:08:04,3,4,2,attack,steal,goldSack,gold,1,false,200000,102852680881,119113,5,5,2,10,1,1,0,0,0,627,4400,32,0,14.2,bonus_bs15_gae1_no,107,700000,,,,,76,36,25,16,16,22,5,2,4,73,36,25,14,13,20,5,2,4,7,4,0,false,NORMAL,2,0,2,V2,0,3_5_fbios_PABUnityIAPiOSDefensiveBase,segment_tag_core_slot_prob_nu_29_06_var_a
69486,2026-04-13 21:08:05,5,5,5,shield,shield,shield,shield,3,true,2,102852680881,119113,5,5,2,10,0,0,3,0,0,627,4400,32,0,14.2,bonus_bs15_gae1_no,107,700000,,,,,77,36,25,19,16,22,5,2,5,74,36,25,17,13,20,5,2,5,2,2,2,false,NORMAL,0,-1,1,V2,0,3_5_fbios_PABUnityIAPiOSDefensiveBase,segment_tag_core_slot_prob_nu_29_06_var_a
69487,2026-04-13 21:08:06,3,4,2,attack,steal,goldSack,gold,1,false,200000,102852880881,119111,5,5,2,10,1,1,0,0,0,627,4400,32,0,14.2,bonus_bs15_gae1_no,107,700000,,,,,78,37,26,19,16,22,5,2,5,75,37,26,17,13,20,5,2,5,3,4,0,false,NORMAL,2,1,1,V2,0,3_5_fbios_PABUnityIAPiOSDefensiveBase,segment_tag_core_slot_prob_nu_29_06_var_a
69488,2026-04-13 21:08:06,1,1,1,coin,coin,coin,gold,1,true,500000,102853380881,119109,5,5,2,10,0,0,0,0,0,627,4400,32,0,14.2,bonus_bs15_gae1_no,107,700000,,,,,79,37,26,19,16,22,5,2,5,76,37,26,17,13,20,5,2,5,5,5,1,false,MIN,-12,-9,-3,V2,0,3_5_fbios_PABUnityIAPiOSDefensiveBase,segment_tag_core_slot_prob_nu_29_06_var_a
69489,2026-04-13 21:08:07,1,1,6,coin,coin,spins,gold,1,false,100000,102853480881,119107,5,5,2,10,0,0,0,1,0,627,4400,32,0,14.2,bonus_bs15_gae1_no,107,700000,,,,,80,37,26,19,17,22,5,2,5,77,37,26,17,14,20,5,2,5,6,1,1,false,MIN,-4,-1,-3,V2,0,3_5_fbios_PABUnityIAPiOSDefensiveBase,segment_tag_core_slot_prob_nu_29_06_var_a
69490,2026-04-13 21:08:08,1,1,6,coin,coin,spins,gold,1,false,100000,102853580881,119105,5,5,2,10,0,0,0,1,0,627,4400,32,0,14.2,bonus_bs15_gae1_no,107,700000,,,,,81,37,26,19,18,22,5,2,5,78,37,26,17,15,20,5,2,5,6,5,1,false,MIN,-8,-5,-3,V2,0,3_5_fbios_PABUnityIAPiOSDefensiveBase,segment_tag_core_slot_prob_nu_29_06_var_a
69491,2026-04-13 21:08:08,6,6,6,spins,spins,spins,spins,5,true,20,102853580881,119123,5,5,2,10,0,0,0,3,0,627,4400,32,0,14.2,bonus_bs15_gae1_no,107,700000,,,,,82,37,26,19,21,22,5,2,5,79,37,26,17,18,20,5,2,5,6,6,6,true,SMALL,-2,1,-3,V2,0,3_5_fbios_PABUnityIAPiOSDefensiveBase,segment_tag_core_slot_prob_nu_29_06_var_a
69492,2026-04-13 21:08:09,30,2,2,accumulation,goldSack,goldSack,gold,1,false,300000,102853880881,119121,5,5,2,10,0,0,0,0,1,629,4400,32,2,14.3,bonus_bs15_gae1_no,107,700000,,,,"{""68171e9b"":""118\/225@m3""}",83,37,26,19,21,23,5,2,5,1,0,0,0,0,1,0,0,0,3,3,8,false,NORMAL,3,3,0,V2,0,3_5_fbios_PABUnityIAPiOSDefensiveBase,segment_tag_core_slot_prob_nu_29_06_var_a
69493,2026-04-13 21:08:11,30,30,1,accumulation,accumulation,coin,gold,1,false,50000,102853930881,119119,5,5,2,10,0,0,0,0,2,633,4400,32,4,14.4,bonus_bs15_gae1_no,107,700000,,,,,84,37,26,19,21,25,5,2,5,2,0,0,0,0,3,0,0,0,5,8,8,false,NORMAL,0,1,-1,V2,0,3_5_fbios_PABUnityIAPiOSDefensiveBase,segment_tag_core_slot_prob_nu_29_06_var_a
69494,2026-04-13 21:08:12,1,1,6,coin,coin,spins,gold,1,false,100000,102854030881,119117,5,5,2,10,0,0,0,1,0,633,4400,32,0,14.4,bonus_bs15_gae1_no,107,700000,,,,,85,37,26,19,22,25,5,2,5,3,0,0,0,1,3,0,0,0,6,5,1,false,MIN,-10,-7,-3,V2,0,3_5_fbios_PABUnityIAPiOSDefensiveBase,segment_tag_core_slot_prob_nu_29_06_var_a
69495,2026-04-13 21:08:13,1,1,6,coin,coin,spins,gold,1,false,100000,102854130881,119115,5,5,2,10,0,0,0,1,0,633,4400,32,0,14.4,bonus_bs15_gae1_no,107,700000,,,,,86,37,26,19,23,25,5,2,5,4,0,0,0,2,3,0,0,0,6,1,1,false,MIN,-3,0,-3,V2,0,3_5_fbios_PABUnityIAPiOSDefensiveBase,segment_tag_core_slot_prob_nu_29_06_var_a
69496,2026-04-13 21:08:14,6,6,6,spins,spins,spins,spins,5,true,20,102854130881,119133,5,5,2,10,0,0,0,3,0,633,4400,32,0,14.4,bonus_bs15_gae1_no,107,700000,,,,,87,37,26,19,26,25,5,2,5,5,0,0,0,5,3,0,0,0,6,6,6,true,SMALL,-2,1,-3,V2,0,3_5_fbios_PABUnityIAPiOSDefensiveBase,segment_tag_core_slot_prob_nu_29_06_var_a
69497,2026-04-13 21:08:16,30,2,2,accumulation,goldSack,goldSack,gold,1,false,300000,102854430881,119131,5,5,2,10,0,0,0,0,1,635,4400,32,2,14.4,bonus_bs15_gae1_no,107,700000,,,,"{""820004c2"":""252\/1000@m3""}",88,37,26,19,26,26,5,2,5,1,0,0,0,0,1,0,0,0,3,7,8,false,BIG,5,5,0,V2,0,3_5_fbios_PABUnityIAPiOSDefensiveBase,segment_tag_core_slot_prob_nu_29_06_var_a
69498,2026-04-13 21:08:17,2,2,2,goldSack,goldSack,goldSack,gold,1,true,4000000,102858430881,119129,5,5,2,10,0,0,0,0,0,635,4400,32,0,14.4,bonus_bs15_gae1_no,107,700000,,,,"{""68171e9b"":""120\/225@m3""}",89,37,26,19,26,26,5,2,5,2,0,0,0,0,1,0,0,0,3,7,7,false,NORMAL,3,4,-1,V2,0,3_5_fbios_PABUnityIAPiOSDefensiveBase,segment_tag_core_slot_prob_nu_29_06_var_a
69499,2026-04-13 21:08:19,3,3,3,attack,attack,attack,attack,2,true,0,102858430881,119127,5,5,2,10,3,0,0,0,0,635,4400,32,0,14.4,bonus_bs15_gae1_no,107,700000,,,,,90,40,26,19,26,26,6,2,5,3,3,0,0,0,1,1,0,0,0,0,0,false,MIN,-3,-2,-1,V2,0,3_5_fbios_PABUnityIAPiOSDefensiveBase,segment_tag_core_slot_prob_nu_29_06_var_a
69500,2026-04-13 21:08:23,4,4,4,steal,steal,steal,steal,4,true,0,102910430881,119125,5,5,2,10,0,3,0,0,0,635,4400,32,0,14.4,bonus_bs15_gae1_no,107,700000,,,,,91,40,29,19,26,26,6,3,5,4,3,3,0,0,1,1,1,0,4,4,4,false,MIN,-6,-5,-1,V2,0,3_5_fbios_PABUnityIAPiOSDefensiveBase,segment_tag_core_slot_prob_nu_29_06_var_a
69501,2026-04-13 21:08:29,1,1,1,coin,coin,coin,gold,1,true,500000,102985430881,119123,5,5,2,10,0,0,0,0,0,635,4400,32,0,14.4,bonus_bs15_gae1_no,107,700000,,,,"{""c8bff241"":""536\/1200@m1""}",92,40,29,19,26,26,6,3,5,5,3,3,0,0,1,1,1,0,1,1,1,false,MIN,-4,-3,-1,V2,0,3_5_fbios_PABUnityIAPiOSDefensiveBase,segment_tag_core_slot_prob_nu_29_06_var_a
69502,2026-04-13 21:08:30,1,1,1,coin,coin,coin,gold,1,true,500000,102985930881,119121,5,5,2,10,0,0,0,0,0,635,4400,32,0,14.4,bonus_bs15_gae1_no,107,700000,,,,,93,40,29,19,26,26,6,3,5,6,3,3,0,0,1,1,1,0,5,5,5,false,MIN,-3,-2,-1,V2,0,3_5_fbios_PABUnityIAPiOSDefensiveBase,segment_tag_core_slot_prob_nu_29_06_var_a
69503,2026-04-13 21:08:31,1,1,6,coin,coin,spins,gold,1,false,100000,102986030881,119119,5,5,2,10,0,0,0,1,0,635,4400,32,0,14.4,bonus_bs15_gae1_no,107,700000,,,,,94,40,29,19,27,26,6,3,5,7,3,3,0,1,1,1,1,0,6,5,5,false,NORMAL,3,1,2,V2,0,3_5_fbios_PABUnityIAPiOSDefensiveBase,segment_tag_core_slot_prob_nu_29_06_var_a
69504,2026-04-13 21:08:32,1,1,1,coin,coin,coin,gold,1,true,500000,102986530881,119117,5,5,2,10,0,0,0,0,0,635,4400,32,0,14.4,bonus_bs15_gae1_no,107,700000,,,,"{""68171e9b"":""122\/225@m3""}",95,40,29,19,27,26,6,3,5,8,3,3,0,1,1,1,1,0,1,5,1,false,MIN,-7,-7,0,V2,0,3_5_fbios_PABUnityIAPiOSDefensiveBase,segment_tag_core_slot_prob_nu_29_06_var_a
69505,2026-04-13 21:08:33,3,3,3,attack,attack,attack,attack,2,true,0,102986530881,119115,5,5,2,10,3,0,0,0,0,635,4400,32,0,14.4,bonus_bs15_gae1_no,107,700000,,,,,96,43,29,19,27,26,7,3,5,9,6,3,0,1,1,2,1,0,0,0,0,false,MIN,-4,-2,-2,V2,0,3_5_fbios_PABUnityIAPiOSDefensiveBase,segment_tag_core_slot_prob_nu_29_06_var_a
69506,2026-04-13 21:08:37,1,6,6,coin,spins,spins,gold,1,false,50000,103003740881,119113,5,5,2,10,0,0,0,2,0,635,4400,32,0,14.4,bonus_bs15_gae1_no,107,700000,,,,,97,43,29,19,29,26,7,3,5,10,6,3,0,3,1,2,1,0,6,6,1,false,MIN,-5,-3,-2,V2,0,3_5_fbios_PABUnityIAPiOSDefensiveBase,segment_tag_core_slot_prob_nu_29_06_var_a
69507,2026-04-13 21:08:38,3,4,2,attack,steal,goldSack,gold,1,false,200000,103003940881,119111,5,5,2,10,1,1,0,0,0,635,4400,32,0,14.4,bonus_bs15_gae1_no,107,700000,,,,,98,44,30,19,29,26,7,3,5,11,7,4,0,3,1,2,1,0,3,4,0,false,NORMAL,1,3,-2,V2,0,3_5_fbios_PABUnityIAPiOSDefensiveBase,segment_tag_core_slot_prob_nu_29_06_var_a
69508,2026-04-13 21:08:39,1,4,4,coin,steal,steal,gold,1,false,50000,103003990881,119109,5,5,2,10,0,2,0,0,0,635,4400,32,0,14.4,bonus_bs15_gae1_no,107,700000,,,,,99,44,32,19,29,26,7,3,5,12,7,6,0,3,1,2,1,0,4,4,5,false,SMALL,-1,0,-1,V2,0,3_5_fbios_PABUnityIAPiOSDefensiveBase,segment_tag_core_slot_prob_nu_29_06_var_a
69509,2026-04-13 21:08:40,30,2,2,accumulation,goldSack,goldSack,gold,1,false,300000,103004290881,119107,5,5,2,10,0,0,0,0,1,637,4400,32,2,14.5,bonus_bs15_gae1_no,107,700000,,,,,100,44,32,19,29,27,7,3,5,13,7,6,0,3,2,2,1,0,3,7,8,false,BIG,5,6,-1,V2,0,3_5_fbios_PABUnityIAPiOSDefensiveBase,segment_tag_core_slot_prob_nu_29_06_var_a
69510,2026-04-13 21:08:41,3,3,2,attack,attack,goldSack,gold,1,false,200000,103004490881,119105,5,5,2,10,2,0,0,0,0,637,4400,32,0,14.5,bonus_bs15_gae1_no,107,700000,,,,,101,46,32,19,29,27,7,3,5,14,9,6,0,3,2,2,1,0,3,0,0,false,NORMAL,1,2,-1,V2,0,3_5_fbios_PABUnityIAPiOSDefensiveBase,segment_tag_core_slot_prob_nu_29_06_var_a
69511,2026-04-13 21:08:42,30,2,2,accumulation,goldSack,goldSack,gold,1,false,300000,103004790881,119103,5,5,2,10,0,0,0,0,1,639,4400,32,2,14.5,bonus_bs15_gae1_no,107,700000,,,,"{""820004c2"":""256\/1000@m3"",""68171e9b"":""124\/225@m3""}",102,46,32,19,29,28,7,3,5,15,9,6,0,3,3,2,1,0,7,7,8,false,MAX,8,8,0,V2,0,3_5_fbios_PABUnityIAPiOSDefensiveBase,segment_tag_core_slot_prob_nu_29_06_var_a
69512,2026-04-13 21:08:44,2,2,2,goldSack,goldSack,goldSack,gold,1,true,4000000,103008790881,119101,5,5,2,10,0,0,0,0,0,639,4400,32,0,14.5,bonus_bs15_gae1_no,107,700000,,,,,103,46,32,19,29,28,7,3,5,16,9,6,0,3,3,2,1,0,7,7,3,false,MAX,8,7,1,V2,0,3_5_fbios_PABUnityIAPiOSDefensiveBase,segment_tag_core_slot_prob_nu_29_06_var_a
69513,2026-04-13 21:08:45,3,4,2,attack,steal,goldSack,gold,1,false,200000,103008990881,119099,5,5,2,10,1,1,0,0,0,639,4400,32,0,14.5,bonus_bs15_gae1_no,107,700000,,,,"{""820004c2"":""260\/1000@m3""}",104,47,33,19,29,28,7,3,5,17,10,7,0,3,3,2,1,0,7,4,0,false,NORMAL,1,0,1,V2,0,3_5_fbios_PABUnityIAPiOSDefensiveBase,segment_tag_core_slot_prob_nu_29_06_var_a
69514,2026-04-13 21:08:47,3,5,2,attack,shield,goldSack,gold,1,false,200000,103009190881,119097,5,5,2,10,1,0,1,0,0,639,4400,32,0,14.5,bonus_bs15_gae1_no,107,700000,,,,,105,48,33,20,29,28,7,3,5,18,11,7,1,3,3,2,1,0,3,2,0,false,NORMAL,3,2,1,V2,0,3_5_fbios_PABUnityIAPiOSDefensiveBase,segment_tag_core_slot_prob_nu_29_06_var_a
69515,2026-04-13 21:08:48,4,4,4,steal,steal,steal,steal,4,true,0,103009190881,119095,5,5,2,10,0,3,0,0,0,639,4400,32,0,14.5,bonus_bs15_gae1_no,107,700000,,,,,106,48,36,20,29,28,7,4,5,19,11,10,1,3,3,2,2,0,4,4,4,false,MIN,-4,-5,1,V2,0,3_5_fbios_PABUnityIAPiOSDefensiveBase,segment_tag_core_slot_prob_nu_29_06_var_a
69516,2026-04-13 21:08:53,30,30,3,accumulation,accumulation,attack,gold,6,false,0,103120778881,119093,5,5,2,10,1,0,0,0,2,643,4400,32,4,14.6,bonus_bs15_gae1_no,107,700000,,,,,107,49,36,20,29,30,7,4,5,20,12,10,1,3,5,2,2,0,0,8,8,false,NORMAL,3,1,2,V2,0,3_5_fbios_PABUnityIAPiOSDefensiveBase,segment_tag_core_slot_prob_nu_29_06_var_a
69517,2026-04-13 21:08:56,5,5,5,shield,shield,shield,shield,3,true,2,103120778881,119093,5,5,2,10,0,0,3,0,0,643,4400,32,0,14.6,bonus_bs15_gae1_no,107,700000,,,,,108,49,36,23,29,30,7,4,6,21,12,10,4,3,5,2,2,1,2,2,2,false,NORMAL,1,-1,2,V2,0,3_5_fbios_PABUnityIAPiOSDefensiveBase,segment_tag_core_slot_prob_nu_29_06_var_a
69518,2026-04-13 21:08:58,2,2,2,goldSack,goldSack,goldSack,gold,1,true,4000000,103124778881,119091,5,5,2,10,0,0,0,0,0,643,4400,32,0,14.6,bonus_bs15_gae1_no,107,700000,,,,,109,49,36,23,29,30,7,4,6,22,12,10,4,3,5,2,2,1,7,3,7,false,NORMAL,1,-1,2,V2,0,3_5_fbios_PABUnityIAPiOSDefensiveBase,segment_tag_core_slot_prob_nu_29_06_var_a
69519,2026-04-13 21:08:59,3,3,3,attack,attack,attack,attack,2,true,0,103124778881,119089,5,5,2,10,3,0,0,0,0,643,4400,32,0,14.6,bonus_bs15_gae1_no,107,700000,,,,,110,52,36,23,29,30,8,4,6,23,15,10,4,3,5,3,2,1,0,0,0,false,NORMAL,1,-2,3,V2,0,3_5_fbios_PABUnityIAPiOSDefensiveBase,segment_tag_core_slot_prob_nu_29_06_var_a
69520,2026-04-13 21:09:03,1,4,6,coin,steal,spins,gold,1,false,50000,103141988881,119087,5,5,2,10,0,1,0,1,0,643,4400,32,0,14.6,bonus_bs15_gae1_no,107,700000,,,,,111,52,37,23,30,30,8,4,6,24,15,11,4,4,5,3,2,1,6,4,1,false,MIN,-5,-3,-2,V2,0,3_5_fbios_PABUnityIAPiOSDefensiveBase,segment_tag_core_slot_prob_nu_29_06_var_a
69521,2026-04-13 21:09:04,2,2,2,goldSack,goldSack,goldSack,gold,1,true,4000000,103145988881,119085,5,5,2,10,0,0,0,0,0,643,4400,32,0,14.6,bonus_bs15_gae1_no,107,700000,,,,,112,52,37,23,30,30,8,4,6,25,15,11,4,4,5,3,2,1,3,3,7,false,SMALL,-2,0,-2,V2,0,3_5_fbios_PABUnityIAPiOSDefensiveBase,segment_tag_core_slot_prob_nu_29_06_var_a
69522,2026-04-13 21:09:05,3,3,2,attack,attack,goldSack,gold,1,false,200000,103146188881,119083,5,5,2,10,2,0,0,0,0,643,4400,32,0,14.6,bonus_bs15_gae1_no,107,700000,,,,"{""c8bff241"":""540\/1200@m1"",""68171e9b"":""126\/225@m3""}",113,54,37,23,30,30,8,4,6,26,17,11,4,4,5,3,2,1,3,0,0,false,NORMAL,1,2,-1,V2,0,3_5_fbios_PABUnityIAPiOSDefensiveBase,segment_tag_core_slot_prob_nu_29_06_var_a
69523,2026-04-13 21:09:06,3,3,3,attack,attack,attack,attack,2,true,0,103146188881,119081,5,5,2,10,3,0,0,0,0,643,4400,32,0,14.6,bonus_bs15_gae1_no,107,700000,,,,,114,57,37,23,30,30,9,4,6,27,20,11,4,4,5,4,2,1,0,0,0,false,SMALL,-2,-1,-1,V2,0,3_5_fbios_PABUnityIAPiOSDefensiveBase,segment_tag_core_slot_prob_nu_29_06_var_a
69524,2026-04-13 21:09:10,30,30,1,accumulation,accumulation,coin,gold,1,false,50000,103163398881,119079,5,5,2,10,0,0,0,0,2,647,4400,32,4,14.7,bonus_bs15_gae1_no,107,700000,,,,,115,57,37,23,30,32,9,4,6,28,20,11,4,4,7,4,2,1,1,8,8,false,NORMAL,1,1,0,V2,0,3_5_fbios_PABUnityIAPiOSDefensiveBase,segment_tag_core_slot_prob_nu_29_06_var_a
69525,2026-04-13 21:09:18,3,3,2,attack,attack,goldSack,gold,1,false,40000000,103203398881,118679,5,5,400,10,2,0,0,0,0,647,4400,32,0,14.7,bonus_bs15_gae1_no,107,700000,,,,"{""820004c2"":""60\/1300@m4""}",116,59,37,23,30,32,9,4,6,29,22,11,4,4,7,4,2,1,3,0,0,false,NORMAL,1,1,0,V2,0,3_5_fbios_PABUnityIAPiOSDefensiveBase,segment_tag_core_slot_prob_nu_29_06_var_a
69526,2026-04-13 21:09:21,3,3,3,attack,attack,attack,attack,2,true,0,103203398881,118279,5,5,400,10,3,0,0,0,0,647,4400,32,0,14.7,bonus_bs15_gae1_no,107,700000,,,,,117,62,37,23,30,32,10,4,6,30,25,11,4,4,7,5,2,1,0,0,0,false,NORMAL,0,-1,1,V2,0,3_5_fbios_PABUnityIAPiOSDefensiveBase,segment_tag_core_slot_prob_nu_29_06_var_a
69527,2026-04-13 21:09:27,3,1,5,attack,coin,shield,gold,1,false,10000000,121613398881,118679,5,5,400,10,1,0,1,0,0,647,4400,32,0,14.7,bonus_bs15_gae1_no,107,700000,,,,,118,63,37,24,30,32,10,4,6,31,26,11,5,4,7,5,2,1,2,1,0,false,NORMAL,2,1,1,V2,0,3_5_fbios_PABUnityIAPiOSDefensiveBase,segment_tag_core_slot_prob_nu_29_06_var_a
69528,2026-04-13 21:09:28,30,2,2,accumulation,goldSack,goldSack,gold,1,false,60000000,121673398881,118279,5,5,400,10,0,0,0,0,1,1047,4400,32,400,23.8,bonus_bs15_gae1_no,107,700000,,,,,119,63,37,24,30,33,10,4,6,32,26,11,5,4,8,5,2,1,3,7,8,false,BIG,6,5,1,V2,0,3_5_fbios_PABUnityIAPiOSDefensiveBase,segment_tag_core_slot_prob_nu_29_06_var_a
69529,2026-04-13 21:09:29,3,4,2,attack,steal,goldSack,gold,1,false,40000000,121713398881,117879,5,5,400,10,1,1,0,0,0,1047,4400,32,0,23.8,bonus_bs15_gae1_no,107,700000,,,,"{""68171e9b"":""301\/450@m4""}",120,64,38,24,30,33,10,4,6,33,27,12,5,4,8,5,2,1,7,4,0,false,NORMAL,0,-1,1,V2,0,3_5_fbios_PABUnityIAPiOSDefensiveBase,segment_tag_core_slot_prob_nu_29_06_var_a
69530,2026-04-13 21:09:35,30,2,2,accumulation,goldSack,goldSack,gold,1,false,60000000,121773398881,117479,5,5,400,10,0,0,0,0,1,1447,4400,32,400,32.9,bonus_bs15_gae1_no,107,700000,,,,"{""820004c2"":""860\/1300@m4""}",121,64,38,24,30,34,10,4,6,34,27,12,5,4,9,5,2,1,7,3,8,false,MAX,9,8,1,V2,0,3_5_fbios_PABUnityIAPiOSDefensiveBase,segment_tag_core_slot_prob_nu_29_06_var_a
69531,2026-04-13 21:09:36,1,4,6,coin,steal,spins,gold,1,false,10000000,121783398881,117079,5,5,400,10,0,1,0,1,0,1447,4400,32,0,32.9,bonus_bs15_gae1_no,107,700000,,,,,122,64,39,24,31,34,10,4,6,35,27,13,5,5,9,5,2,1,6,4,5,false,BIG,6,5,1,V2,0,3_5_fbios_PABUnityIAPiOSDefensiveBase,segment_tag_core_slot_prob_nu_29_06_var_a
69532,2026-04-13 21:09:38,1,4,4,coin,steal,steal,gold,1,false,10000000,121793398881,116679,5,5,400,10,0,2,0,0,0,1447,4400,32,0,32.9,bonus_bs15_gae1_no,107,700000,,,,,123,64,41,24,31,34,10,4,6,36,27,15,5,5,9,5,2,1,4,4,5,false,NORMAL,3,2,1,V2,0,3_5_fbios_PABUnityIAPiOSDefensiveBase,segment_tag_core_slot_prob_nu_29_06_var_a
69533,2026-04-13 21:09:40,3,3,2,attack,attack,goldSack,gold,1,false,40000000,121833398881,116279,5,5,400,10,2,0,0,0,0,1447,4400,32,0,32.9,bonus_bs15_gae1_no,107,700000,,,,,124,66,41,24,31,34,10,4,6,37,29,15,5,5,9,5,2,1,3,0,0,false,NORMAL,3,1,2,V2,0,3_5_fbios_PABUnityIAPiOSDefensiveBase,segment_tag_core_slot_prob_nu_29_06_var_a
69534,2026-04-13 21:09:41,4,4,4,steal,steal,steal,steal,4,true,0,121833398881,115879,5,5,400,10,0,3,0,0,0,1447,4400,32,0,32.9,bonus_bs15_gae1_no,107,700000,,,,,125,66,44,24,31,34,10,5,6,38,29,18,5,5,9,5,3,1,4,4,4,false,MIN,-4,-5,1,V2,0,3_5_fbios_PABUnityIAPiOSDefensiveBase,segment_tag_core_slot_prob_nu_29_06_var_a
69535,2026-04-13 21:09:48,3,1,5,attack,coin,shield,gold,1,false,10000000,206805798881,115479,5,5,400,10,1,0,1,0,0,1447,4400,32,0,32.9,bonus_bs15_gae1_no,107,700000,,,,,126,67,44,25,31,34,10,5,6,39,30,18,6,5,9,5,3,1,2,1,0,false,NORMAL,3,1,2,V2,0,3_5_fbios_PABUnityIAPiOSDefensiveBase,segment_tag_core_slot_prob_nu_29_06_var_a
69536,2026-04-13 21:09:50,3,3,2,attack,attack,goldSack,gold,1,false,40000000,206845798881,115079,5,5,400,10,2,0,0,0,0,1447,4400,32,0,32.9,bonus_bs15_gae1_no,107,700000,,,,,127,69,44,25,31,34,10,5,6,40,32,18,6,5,9,5,3,1,7,0,0,false,NORMAL,0,-2,2,V2,0,3_5_fbios_PABUnityIAPiOSDefensiveBase,segment_tag_core_slot_prob_nu_29_06_var_a
69537,2026-04-13 21:09:51,1,1,1,coin,coin,coin,gold,1,true,100000000,206945798881,114679,5,5,400,10,0,0,0,0,0,1447,4400,32,0,32.9,bonus_bs15_gae1_no,107,700000,,,,,128,69,44,25,31,34,10,5,6,41,32,18,6,5,9,5,3,1,5,5,5,false,NORMAL,0,-2,2,V2,0,3_5_fbios_PABUnityIAPiOSDefensiveBase,segment_tag_core_slot_prob_nu_29_06_var_a
69538,2026-04-13 21:09:53,30,30,1,accumulation,accumulation,coin,gold,1,false,10000000,206955798881,114279,5,5,400,10,0,0,0,0,2,2247,4400,32,800,51.1,bonus_bs15_gae1_no,107,700000,,,,,129,69,44,25,31,36,10,5,6,42,32,18,6,5,11,5,3,1,1,8,8,false,BIG,4,1,3,V2,0,3_5_fbios_PABUnityIAPiOSDefensiveBase,segment_tag_core_slot_prob_nu_29_06_var_a
69539,2026-04-13 21:09:57,1,6,6,coin,spins,spins,gold,1,false,37500000,206993298881,112779,5,5,1500,10,0,0,0,2,0,2247,4400,32,0,51.1,bonus_bs15_gae1_no,107,700000,,,,,130,69,44,25,33,36,10,5,6,43,32,18,6,7,11,5,3,1,6,6,1,false,MIN,-5,-3,-2,V2,0,3_5_fbios_PABUnityIAPiOSDefensiveBase,segment_tag_core_slot_prob_nu_29_06_var_a
69540,2026-04-13 21:10:04,3,4,2,attack,steal,goldSack,gold,1,false,5000000,206998298881,112729,5,5,50,10,1,1,0,0,0,2247,4400,32,0,51.1,bonus_bs15_gae1_no,107,700000,,,,"{""68171e9b"":""351\/450@m4""}",131,70,45,25,33,36,10,5,6,44,33,19,6,7,11,5,3,1,7,4,0,false,MIN,-3,-1,-2,V2,0,3_5_fbios_PABUnityIAPiOSDefensiveBase,segment_tag_core_slot_prob_nu_29_06_var_a
69541,2026-04-13 21:10:05,2,2,2,goldSack,goldSack,goldSack,gold,1,true,100000000,207098298881,112679,5,5,50,10,0,0,0,0,0,2247,4400,32,0,51.1,bonus_bs15_gae1_no,107,700000,,,,"{""820004c2"":""960\/1300@m4""}",132,70,45,25,33,36,10,5,6,45,33,19,6,7,11,5,3,1,3,3,7,false,NORMAL,0,0,0,V2,0,3_5_fbios_PABUnityIAPiOSDefensiveBase,segment_tag_core_slot_prob_nu_29_06_var_a
69542,2026-04-13 21:10:07,3,3,2,attack,attack,goldSack,gold,1,false,5000000,207103298881,112629,5,5,50,10,2,0,0,0,0,2247,4400,32,0,51.1,bonus_bs15_gae1_no,107,700000,,,,,133,72,45,25,33,36,10,5,6,46,35,19,6,7,11,5,3,1,7,0,0,false,MIN,-3,-2,-1,V2,0,3_5_fbios_PABUnityIAPiOSDefensiveBase,segment_tag_core_slot_prob_nu_29_06_var_a
69543,2026-04-13 21:10:09,3,4,2,attack,steal,goldSack,gold,1,false,5000000,207108298881,112579,5,5,50,10,1,1,0,0,0,2247,4400,32,0,51.1,bonus_bs15_gae1_no,107,700000,,,,,134,73,46,25,33,36,10,5,6,47,36,20,6,7,11,5,3,1,3,4,0,false,NORMAL,3,4,-1,V2,0,3_5_fbios_PABUnityIAPiOSDefensiveBase,segment_tag_core_slot_prob_nu_29_06_var_a
69544,2026-04-13 21:10:10,1,4,6,coin,steal,spins,gold,1,false,1250000,207109548881,112529,5,5,50,10,0,1,0,1,0,2247,4400,32,0,51.1,bonus_bs15_gae1_no,107,700000,,,,"{""68171e9b"":""401\/450@m4""}",135,73,47,25,34,36,10,5,6,48,36,21,6,8,11,5,3,1,6,4,5,false,NORMAL,3,4,-1,V2,0,3_5_fbios_PABUnityIAPiOSDefensiveBase,segment_tag_core_slot_prob_nu_29_06_var_a
69545,2026-04-13 21:10:11,1,1,6,coin,coin,spins,gold,1,false,2500000,207112048881,112479,5,5,50,10,0,0,0,1,0,2247,4400,32,0,51.1,bonus_bs15_gae1_no,107,700000,,,,,136,73,47,25,35,36,10,5,6,49,36,21,6,9,11,5,3,1,6,5,5,false,NORMAL,2,2,0,V2,0,3_5_fbios_PABUnityIAPiOSDefensiveBase,segment_tag_core_slot_prob_nu_29_06_var_a
69546,2026-04-13 21:10:13,1,1,1,coin,coin,coin,gold,1,true,12500000,207124548881,112429,5,5,50,10,0,0,0,0,0,2247,4400,32,0,51.1,bonus_bs15_gae1_no,107,700000,,,,,137,73,47,25,35,36,10,5,6,50,36,21,6,9,11,5,3,1,1,5,1,false,MIN,-10,-7,-3,V2,0,3_5_fbios_PABUnityIAPiOSDefensiveBase,segment_tag_core_slot_prob_nu_29_06_var_a
69547,2026-04-13 21:10:14,30,2,2,accumulation,goldSack,goldSack,gold,1,false,7500000,207132048881,112379,5,5,50,10,0,0,0,0,1,2297,4400,32,50,52.2,bonus_bs15_gae1_no,107,700000,,,,"{""c8bff241"":""640\/1200@m1""}",138,73,47,25,35,37,10,5,6,51,36,21,6,9,12,5,3,1,7,3,8,false,BIG,4,7,-3,V2,0,3_5_fbios_PABUnityIAPiOSDefensiveBase,segment_tag_core_slot_prob_nu_29_06_var_a
69548,2026-04-13 21:10:16,1,1,6,coin,coin,spins,gold,1,false,2500000,207134548881,112329,5,5,50,10,0,0,0,1,0,2297,4400,32,0,52.2,bonus_bs15_gae1_no,107,700000,,,,,139,73,47,25,36,37,10,5,6,52,36,21,6,10,12,5,3,1,6,1,1,false,MIN,-4,-2,-2,V2,0,3_5_fbios_PABUnityIAPiOSDefensiveBase,segment_tag_core_slot_prob_nu_29_06_var_a
69549,2026-04-13 21:10:18,2,2,2,goldSack,goldSack,goldSack,gold,1,true,100000000,207234548881,112279,5,5,50,10,0,0,0,0,0,2297,4400,32,0,52.2,bonus_bs15_gae1_no,107,700000,,,,"{""68171e9b"":""1\/1000@m5""}",140,73,47,25,36,37,10,5,6,53,36,21,6,10,12,5,3,1,7,7,3,false,BIG,4,6,-2,V2,0,3_5_fbios_PABUnityIAPiOSDefensiveBase,segment_tag_core_slot_prob_nu_29_06_var_a
69550,2026-04-13 21:10:21,30,30,30,accumulation,accumulation,accumulation,gold,10,true,0,207234548881,112229,5,5,50,10,0,0,0,0,3,2797,4400,32,500,63.6,bonus_bs15_gae1_no,107,700000,,,,,141,73,47,25,36,40,10,5,6,54,36,21,6,10,15,5,3,1,8,8,8,true,NORMAL,2,2,0,V2,0,3_5_fbios_PABUnityIAPiOSDefensiveBase,segment_tag_core_slot_prob_nu_29_06_var_a
69551,2026-04-13 21:10:26,1,4,6,coin,steal,spins,gold,1,false,25000,207234573881,112228,5,5,1,10,0,1,0,1,0,2797,4400,32,0,63.6,bonus_bs15_gae1_no,107,700000,,,,,1,0,1,0,1,0,0,0,0,55,36,22,6,11,15,5,3,1,6,4,5,false,BIG,4,4,0,V2,0,3_5_fbios_PABUnityIAPiOSDefensiveBase,segment_tag_core_slot_prob_nu_29_06_var_a
69552,2026-04-13 21:10:28,1,4,6,coin,steal,spins,gold,1,false,25000,207234598881,112227,5,5,1,10,0,1,0,1,0,2797,4400,32,0,63.6,bonus_bs15_gae1_no,107,700000,,,,,2,0,2,0,2,0,0,0,0,56,36,23,6,12,15,5,3,1,6,4,1,false,MIN,-5,-3,-2,V2,0,3_5_fbios_PABUnityIAPiOSDefensiveBase,segment_tag_core_slot_prob_nu_29_06_var_a
69553,2026-04-13 21:10:28,3,4,2,attack,steal,goldSack,gold,1,false,100000,207234698881,112226,5,5,1,10,1,1,0,0,0,2797,4400,32,0,63.6,bonus_bs15_gae1_no,107,700000,,,,"{""820004c2"":""962\/1300@m4""}",3,1,3,0,2,0,0,0,0,57,37,24,6,12,15,5,3,1,3,4,0,false,NORMAL,1,3,-2,V2,0,3_5_fbios_PABUnityIAPiOSDefensiveBase,segment_tag_core_slot_prob_nu_29_06_var_a
69554,2026-04-13 21:10:29,3,4,2,attack,steal,goldSack,gold,1,false,100000,207234798881,112225,5,5,1,10,1,1,0,0,0,2797,4400,32,0,63.6,bonus_bs15_gae1_no,107,700000,,,,"{""68171e9b"":""2\/1000@m5""}",4,2,4,0,2,0,0,0,0,58,38,25,6,12,15,5,3,1,3,4,0,false,BIG,4,5,-1,V2,0,3_5_fbios_PABUnityIAPiOSDefensiveBase,segment_tag_core_slot_prob_nu_29_06_var_a
69555,2026-04-13 21:10:30,1,5,5,coin,shield,shield,gold,1,false,25000,207234823881,112224,5,5,1,10,0,0,2,0,0,2797,4400,32,0,63.6,bonus_bs15_gae1_no,107,700000,,,,,5,2,4,2,2,0,0,0,0,59,38,25,8,12,15,5,3,1,2,2,1,false,MIN,-6,-3,-3,V2,0,3_5_fbios_PABUnityIAPiOSDefensiveBase,segment_tag_core_slot_prob_nu_29_06_var_a
69556,2026-04-13 21:10:31,1,4,6,coin,steal,spins,gold,1,false,25000,207234848881,112223,5,5,1,10,0,1,0,1,0,2797,4400,32,0,63.6,bonus_bs15_gae1_no,107,700000,,,,,6,2,5,2,3,0,0,0,0,60,38,26,8,13,15,5,3,1,6,4,1,false,MIN,-6,-3,-3,V2,0,3_5_fbios_PABUnityIAPiOSDefensiveBase,segment_tag_core_slot_prob_nu_29_06_var_a
69557,2026-04-13 21:10:31,1,1,6,coin,coin,spins,gold,1,false,50000,207234898881,112222,5,5,1,10,0,0,0,1,0,2797,4400,32,0,63.6,bonus_bs15_gae1_no,107,700000,,,,,7,2,5,2,4,0,0,0,0,61,38,26,8,14,15,5,3,1,6,5,5,false,MIN,-3,0,-3,V2,0,3_5_fbios_PABUnityIAPiOSDefensiveBase,segment_tag_core_slot_prob_nu_29_06_var_a
69558,2026-04-13 21:10:32,30,2,2,accumulation,goldSack,goldSack,gold,1,false,150000,207235048881,112221,5,5,1,10,0,0,0,0,1,2798,4400,32,1,63.6,bonus_bs15_gae1_no,107,700000,,,,,8,2,5,2,4,1,0,0,0,62,38,26,8,14,16,5,3,1,3,7,8,false,BIG,5,6,-1,V2,0,3_5_fbios_PABUnityIAPiOSDefensiveBase,segment_tag_core_slot_prob_nu_29_06_var_a
69559,2026-04-13 21:10:33,30,30,1,accumulation,accumulation,coin,gold,1,false,25000,207235073881,112220,5,5,1,10,0,0,0,0,2,2800,4400,32,2,63.6,bonus_bs15_gae1_no,107,700000,,,,"{""820004c2"":""964\/1300@m4""}",9,2,5,2,4,3,0,0,0,63,38,26,8,14,18,5,3,1,5,8,8,false,NORMAL,1,2,-1,V2,0,3_5_fbios_PABUnityIAPiOSDefensiveBase,segment_tag_core_slot_prob_nu_29_06_var_a
69560,2026-04-13 21:10:35,3,4,2,attack,steal,goldSack,gold,1,false,100000,207235173881,112219,5,5,1,10,1,1,0,0,0,2800,4400,32,0,63.6,bonus_bs15_gae1_no,107,700000,,,,,10,3,6,2,4,3,0,0,0,64,39,27,8,14,18,5,3,1,3,4,0,false,NORMAL,2,3,-1,V2,0,3_5_fbios_PABUnityIAPiOSDefensiveBase,segment_tag_core_slot_prob_nu_29_06_var_a
69561,2026-04-13 21:10:35,1,1,1,coin,coin,coin,gold,1,true,250000,207235423881,112218,5,5,1,10,0,0,0,0,0,2800,4400,32,0,63.6,bonus_bs15_gae1_no,107,700000,,,,,11,3,6,2,4,3,0,0,0,65,39,27,8,14,18,5,3,1,5,5,5,false,MIN,-3,-2,-1,V2,0,3_5_fbios_PABUnityIAPiOSDefensiveBase,segment_tag_core_slot_prob_nu_29_06_var_a
69562,2026-04-13 21:10:36,30,2,2,accumulation,goldSack,goldSack,gold,1,false,150000,207235573881,112217,5,5,1,10,0,0,0,0,1,2801,4400,32,1,63.7,bonus_bs15_gae1_no,107,700000,,,,,12,3,6,2,4,4,0,0,0,66,39,27,8,14,19,5,3,1,7,3,8,false,BIG,7,7,0,V2,0,3_5_fbios_PABUnityIAPiOSDefensiveBase,segment_tag_core_slot_prob_nu_29_06_var_a
69563,2026-04-13 21:10:37,5,5,5,shield,shield,shield,shield,3,true,1,207235573881,112217,5,5,1,10,0,0,3,0,0,2801,4400,32,0,63.7,bonus_bs15_gae1_no,107,700000,,,,,13,3,6,5,4,4,0,0,1,67,39,27,11,14,19,5,3,2,2,2,2,false,SMALL,-1,-1,0,V2,0,3_5_fbios_PABUnityIAPiOSDefensiveBase,segment_tag_core_slot_prob_nu_29_06_var_a
69564,2026-04-13 21:10:38,1,6,6,coin,spins,spins,gold,1,false,25000,207235598881,112216,5,5,1,10,0,0,0,2,0,2801,4400,32,0,63.7,bonus_bs15_gae1_no,107,700000,,,,"{""68171e9b"":""3\/1000@m5""}",14,3,6,5,6,4,0,0,1,68,39,27,11,16,19,5,3,2,6,6,5,false,NORMAL,0,0,0,V2,0,3_5_fbios_PABUnityIAPiOSDefensiveBase,segment_tag_core_slot_prob_nu_29_06_var_a
69565,2026-04-13 21:10:39,3,4,2,attack,steal,goldSack,gold,1,false,100000,207235698881,112215,5,5,1,10,1,1,0,0,0,2801,4400,32,0,63.7,bonus_bs15_gae1_no,107,700000,,,,,15,4,7,5,6,4,0,0,1,69,40,28,11,16,19,5,3,2,7,4,0,false,NORMAL,0,-1,1,V2,0,3_5_fbios_PABUnityIAPiOSDefensiveBase,segment_tag_core_slot_prob_nu_29_06_var_a
69566,2026-04-13 21:10:39,5,5,5,shield,shield,shield,shield,3,true,1,207235698881,112215,5,5,1,10,0,0,3,0,0,2801,4400,32,0,63.7,bonus_bs15_gae1_no,107,700000,,,,,16,4,7,8,6,4,0,0,2,70,40,28,14,16,19,5,3,3,2,2,2,false,NORMAL,0,-1,1,V2,0,3_5_fbios_PABUnityIAPiOSDefensiveBase,segment_tag_core_slot_prob_nu_29_06_var_a
69567,2026-04-13 21:10:41,30,2,2,accumulation,goldSack,goldSack,gold,1,false,150000,207235848881,112214,5,5,1,10,0,0,0,0,1,2802,4400,32,1,63.7,bonus_bs15_gae1_no,107,700000,,,,,17,4,7,8,6,5,0,0,2,71,40,28,14,16,20,5,3,3,3,3,8,false,NORMAL,3,2,1,V2,0,3_5_fbios_PABUnityIAPiOSDefensiveBase,segment_tag_core_slot_prob_nu_29_06_var_a
69568,2026-04-13 21:10:42,1,4,4,coin,steal,steal,gold,1,false,25000,207235873881,112213,5,5,1,10,0,2,0,0,0,2802,4400,32,0,63.7,bonus_bs15_gae1_no,107,700000,,,,,18,4,9,8,6,5,0,0,2,72,40,30,14,16,20,5,3,3,4,4,1,false,MIN,-7,-4,-3,V2,0,3_5_fbios_PABUnityIAPiOSDefensiveBase,segment_tag_core_slot_prob_nu_29_06_var_a
69569,2026-04-13 21:10:42,30,30,3,accumulation,accumulation,attack,gold,6,false,0,207235873881,112212,5,5,1,10,1,0,0,0,2,2804,4400,32,2,63.7,bonus_bs15_gae1_no,107,700000,,,,,19,5,9,8,6,7,0,0,2,73,41,30,14,16,22,5,3,3,0,8,8,false,MIN,-3,0,-3,V2,0,3_5_fbios_PABUnityIAPiOSDefensiveBase,segment_tag_core_slot_prob_nu_29_06_var_a
69570,2026-04-13 21:10:43,30,30,1,accumulation,accumulation,coin,gold,1,false,25000,207235898881,112211,5,5,1,10,0,0,0,0,2,2806,4400,32,2,63.8,bonus_bs15_gae1_no,107,700000,,,,,20,5,9,8,6,9,0,0,2,74,41,30,14,16,24,5,3,3,5,8,8,false,NORMAL,0,1,-1,V2,0,3_5_fbios_PABUnityIAPiOSDefensiveBase,segment_tag_core_slot_prob_nu_29_06_var_a
69571,2026-04-13 21:10:45,1,1,6,coin,coin,spins,gold,1,false,50000,207235948881,112210,5,5,1,10,0,0,0,1,0,2806,4400,32,0,63.8,bonus_bs15_gae1_no,107,700000,,,,,21,5,9,8,7,9,0,0,2,75,41,30,14,17,24,5,3,3,6,1,1,false,MIN,-5,-2,-3,V2,0,3_5_fbios_PABUnityIAPiOSDefensiveBase,segment_tag_core_slot_prob_nu_29_06_var_a
69572,2026-04-13 21:10:45,30,2,2,accumulation,goldSack,goldSack,gold,1,false,150000,207236098881,112209,5,5,1,10,0,0,0,0,1,2807,4400,32,1,63.8,bonus_bs15_gae1_no,107,700000,,,,"{""68171e9b"":""4\/1000@m5""}",22,5,9,8,7,10,0,0,2,76,41,30,14,17,25,5,3,3,7,3,8,false,BIG,4,7,-3,V2,0,3_5_fbios_PABUnityIAPiOSDefensiveBase,segment_tag_core_slot_prob_nu_29_06_var_a
69573,2026-04-13 21:10:47,3,1,5,attack,coin,shield,gold,1,false,25000,207236123881,112208,5,5,1,10,1,0,1,0,0,2807,4400,32,0,63.8,bonus_bs15_gae1_no,107,700000,,,,,23,6,9,9,7,10,0,0,2,77,42,30,15,17,25,5,3,3,2,5,0,false,SMALL,-2,-2,0,V2,0,3_5_fbios_PABUnityIAPiOSDefensiveBase,segment_tag_core_slot_prob_nu_29_06_var_a
69574,2026-04-13 21:10:47,2,2,2,goldSack,goldSack,goldSack,gold,1,true,2000000,207238123881,112207,5,5,1,10,0,0,0,0,0,2807,4400,32,0,63.8,bonus_bs15_gae1_no,107,700000,,,,,24,6,9,9,7,10,0,0,2,78,42,30,15,17,25,5,3,3,7,3,7,false,NORMAL,0,0,0,V2,0,3_5_fbios_PABUnityIAPiOSDefensiveBase,segment_tag_core_slot_prob_nu_29_06_var_a
69575,2026-04-13 21:10:48,30,2,2,accumulation,goldSack,goldSack,gold,1,false,150000,207238273881,112206,5,5,1,10,0,0,0,0,1,2808,4400,32,1,63.8,bonus_bs15_gae1_no,107,700000,,,,,25,6,9,9,7,11,0,0,2,79,42,30,15,17,26,5,3,3,3,3,8,false,BIG,4,4,0,V2,0,3_5_fbios_PABUnityIAPiOSDefensiveBase,segment_tag_core_slot_prob_nu_29_06_var_a
69576,2026-04-13 21:10:49,3,5,2,attack,shield,goldSack,gold,1,false,100000,207238373881,112205,5,5,1,10,1,0,1,0,0,2808,4400,32,0,63.8,bonus_bs15_gae1_no,107,700000,,,,"{""820004c2"":""966\/1300@m4""}",26,7,9,10,7,11,0,0,2,80,43,30,16,17,26,5,3,3,7,2,0,false,MIN,-3,-2,-1,V2,0,3_5_fbios_PABUnityIAPiOSDefensiveBase,segment_tag_core_slot_prob_nu_29_06_var_a
69577,2026-04-13 21:10:50,30,2,2,accumulation,goldSack,goldSack,gold,1,false,150000,207238523881,112204,5,5,1,10,0,0,0,0,1,2809,4400,32,1,63.8,bonus_bs15_gae1_no,107,700000,,,,"{""c8bff241"":""642\/1200@m1""}",27,7,9,10,7,12,0,0,2,81,43,30,16,17,27,5,3,3,3,3,8,false,BIG,5,4,1,V2,0,3_5_fbios_PABUnityIAPiOSDefensiveBase,segment_tag_core_slot_prob_nu_29_06_var_a
69578,2026-04-13 21:10:51,1,1,6,coin,coin,spins,gold,1,false,50000,207238573881,112203,5,5,1,10,0,0,0,1,0,2809,4400,32,0,63.8,bonus_bs15_gae1_no,107,700000,,,,,28,7,9,10,8,12,0,0,2,82,43,30,16,18,27,5,3,3,6,5,1,false,MIN,-9,-7,-2,V2,0,3_5_fbios_PABUnityIAPiOSDefensiveBase,segment_tag_core_slot_prob_nu_29_06_var_a
69579,2026-04-13 21:10:52,30,2,2,accumulation,goldSack,goldSack,gold,1,false,150000,207238723881,112202,5,5,1,10,0,0,0,0,1,2810,4400,32,1,63.9,bonus_bs15_gae1_no,107,700000,,,,,29,7,9,10,8,13,0,0,2,83,43,30,16,18,28,5,3,3,7,3,8,false,BIG,5,7,-2,V2,0,3_5_fbios_PABUnityIAPiOSDefensiveBase,segment_tag_core_slot_prob_nu_29_06_var_a
69580,2026-04-13 21:10:53,30,2,2,accumulation,goldSack,goldSack,gold,1,false,150000,207238873881,112201,5,5,1,10,0,0,0,0,1,2811,4400,32,1,63.9,bonus_bs15_gae1_no,107,700000,,,,,30,7,9,10,8,14,0,0,2,84,43,30,16,18,29,5,3,3,7,3,8,false,MAX,9,9,0,V2,0,3_5_fbios_PABUnityIAPiOSDefensiveBase,segment_tag_core_slot_prob_nu_29_06_var_a
69581,2026-04-13 21:10:54,5,2,2,shield,goldSack,goldSack,gold,1,false,150000,207239023881,112200,5,5,1,10,0,0,1,0,0,2811,4400,32,0,63.9,bonus_bs15_gae1_no,107,700000,,,,"{""68171e9b"":""5\/1000@m5""}",31,7,9,11,8,14,0,0,2,85,43,30,17,18,29,5,3,3,3,7,2,false,BIG,4,4,0,V2,0,3_5_fbios_PABUnityIAPiOSDefensiveBase,segment_tag_core_slot_prob_nu_29_06_var_a
69582,2026-04-13 21:10:55,30,2,2,accumulation,goldSack,goldSack,gold,1,false,150000,207239173881,112199,5,5,1,10,0,0,0,0,1,2812,4400,32,1,63.9,bonus_bs15_gae1_no,107,700000,,,,,32,7,9,11,8,15,0,0,2,86,43,30,17,18,30,5,3,3,7,7,8,false,BIG,7,8,-1,V2,0,3_5_fbios_PABUnityIAPiOSDefensiveBase,segment_tag_core_slot_prob_nu_29_06_var_a
69583,2026-04-13 21:10:56,3,4,2,attack,steal,goldSack,gold,1,false,100000,207239273881,112198,5,5,1,10,1,1,0,0,0,2812,4400,32,0,63.9,bonus_bs15_gae1_no,107,700000,,,,,33,8,10,11,8,15,0,0,2,87,44,31,17,18,30,5,3,3,3,4,0,false,NORMAL,2,3,-1,V2,0,3_5_fbios_PABUnityIAPiOSDefensiveBase,segment_tag_core_slot_prob_nu_29_06_var_a
69584,2026-04-13 21:10:57,3,3,1,attack,attack,coin,gold,1,false,25000,207239298881,112197,5,5,1,10,2,0,0,0,0,2812,4400,32,0,63.9,bonus_bs15_gae1_no,107,700000,,,,,34,10,10,11,8,15,0,0,2,88,46,31,17,18,30,5,3,3,1,0,0,false,NORMAL,0,0,0,V2,0,3_5_fbios_PABUnityIAPiOSDefensiveBase,segment_tag_core_slot_prob_nu_29_06_var_a
69585,2026-04-13 21:10:58,3,6,2,attack,spins,goldSack,gold,1,false,100000,207239398881,112196,5,5,1,10,1,0,0,1,0,2812,4400,32,0,63.9,bonus_bs15_gae1_no,107,700000,,,,,35,11,10,11,9,15,0,0,2,89,47,31,17,19,30,5,3,3,7,6,0,false,SMALL,-1,-1,0,V2,0,3_5_fbios_PABUnityIAPiOSDefensiveBase,segment_tag_core_slot_prob_nu_29_06_var_a
69586,2026-04-13 21:10:58,3,3,2,attack,attack,goldSack,gold,1,false,100000,207239498881,112195,5,5,1,10,2,0,0,0,0,2812,4400,32,0,63.9,bonus_bs15_gae1_no,107,700000,,,,,36,13,10,11,9,15,0,0,2,90,49,31,17,19,30,5,3,3,7,0,0,false,NORMAL,0,0,0,V2,0,3_5_fbios_PABUnityIAPiOSDefensiveBase,segment_tag_core_slot_prob_nu_29_06_var_a
69587,2026-04-13 21:10:59,4,4,4,steal,steal,steal,steal,4,true,0,207239498881,112194,5,5,1,10,0,3,0,0,0,2812,4400,32,0,63.9,bonus_bs15_gae1_no,107,700000,,,,"{""820004c2"":""968\/1300@m4""}",37,13,13,11,9,15,0,1,2,91,49,34,17,19,30,5,4,3,4,4,4,false,MIN,-5,-5,0,V2,0,3_5_fbios_PABUnityIAPiOSDefensiveBase,segment_tag_core_slot_prob_nu_29_06_var_a
69588,2026-04-13 21:11:05,3,4,2,attack,steal,goldSack,gold,1,false,100000,207276948881,112193,5,5,1,10,1,1,0,0,0,2812,4400,32,0,63.9,bonus_bs15_gae1_no,107,700000,,,,,38,14,14,11,9,15,0,1,2,92,50,35,17,19,30,5,4,3,3,4,0,false,BIG,7,4,3,V2,0,3_5_fbios_PABUnityIAPiOSDefensiveBase,segment_tag_core_slot_prob_nu_29_06_var_a
69589,2026-04-13 21:11:06,1,1,1,coin,coin,coin,gold,1,true,250000,207277198881,112192,5,5,1,10,0,0,0,0,0,2812,4400,32,0,63.9,bonus_bs15_gae1_no,107,700000,,,,"{""68171e9b"":""6\/1000@m5""}",39,14,14,11,9,15,0,1,2,93,50,35,17,19,30,5,4,3,1,1,5,false,NORMAL,3,1,2,V2,0,3_5_fbios_PABUnityIAPiOSDefensiveBase,segment_tag_core_slot_prob_nu_29_06_var_a
69590,2026-04-13 21:11:06,1,6,6,coin,spins,spins,gold,1,false,25000,207277223881,112191,5,5,1,10,0,0,0,2,0,2812,4400,32,0,63.9,bonus_bs15_gae1_no,107,700000,,,,,40,14,14,11,11,15,0,1,2,94,50,35,17,21,30,5,4,3,6,6,1,false,MIN,-4,-3,-1,V2,0,3_5_fbios_PABUnityIAPiOSDefensiveBase,segment_tag_core_slot_prob_nu_29_06_var_a
69591,2026-04-13 21:11:07,1,1,1,coin,coin,coin,gold,1,true,250000,207277473881,112190,5,5,1,10,0,0,0,0,0,2812,4400,32,0,63.9,bonus_bs15_gae1_no,107,700000,,,,,41,14,14,11,11,15,0,1,2,95,50,35,17,21,30,5,4,3,1,1,5,false,NORMAL,0,1,-1,V2,0,3_5_fbios_PABUnityIAPiOSDefensiveBase,segment_tag_core_slot_prob_nu_29_06_var_a
69592,2026-04-13 21:11:08,3,3,1,attack,attack,coin,gold,1,false,25000,207277498881,112189,5,5,1,10,2,0,0,0,0,2812,4400,32,0,63.9,bonus_bs15_gae1_no,107,700000,,,,,42,16,14,11,11,15,0,1,2,96,52,35,17,21,30,5,4,3,1,0,0,false,SMALL,-1,0,-1,V2,0,3_5_fbios_PABUnityIAPiOSDefensiveBase,segment_tag_core_slot_prob_nu_29_06_var_a
69593,2026-04-13 21:11:09,30,2,2,accumulation,goldSack,goldSack,gold,1,false,150000,207277648881,112188,5,5,1,10,0,0,0,0,1,2813,4400,32,1,63.9,bonus_bs15_gae1_no,107,700000,,,,"{""c8bff241"":""644\/1200@m1""}",43,16,14,11,11,16,0,1,2,97,52,35,17,21,31,5,4,3,7,7,8,false,MAX,9,8,1,V2,0,3_5_fbios_PABUnityIAPiOSDefensiveBase,segment_tag_core_slot_prob_nu_29_06_var_a
69594,2026-04-13 21:11:10,3,6,2,attack,spins,goldSack,gold,1,false,100000,207277748881,112187,5,5,1,10,1,0,0,1,0,2813,4400,32,0,63.9,bonus_bs15_gae1_no,107,700000,,,,,44,17,14,11,12,16,0,1,2,98,53,35,17,22,31,5,4,3,7,6,0,false,NORMAL,0,-1,1,V2,0,3_5_fbios_PABUnityIAPiOSDefensiveBase,segment_tag_core_slot_prob_nu_29_06_var_a
69595,2026-04-13 21:11:11,30,2,2,accumulation,goldSack,goldSack,gold,1,false,150000,207277898881,112186,5,5,1,10,0,0,0,0,1,2814,4400,32,1,64.0,bonus_bs15_gae1_no,107,700000,,,,,45,17,14,11,12,17,0,1,2,99,53,35,17,22,32,5,4,3,3,3,8,false,BIG,5,4,1,V2,0,3_5_fbios_PABUnityIAPiOSDefensiveBase,segment_tag_core_slot_prob_nu_29_06_var_a
69596,2026-04-13 21:11:12,3,3,3,attack,attack,attack,attack,2,true,0,207277898881,112185,5,5,1,10,3,0,0,0,0,2814,4400,32,0,64.0,bonus_bs15_gae1_no,107,700000,,,,,46,20,14,11,12,17,1,1,2,100,56,35,17,22,32,6,4,3,0,0,0,false,SMALL,-1,-2,1,V2,0,3_5_fbios_PABUnityIAPiOSDefensiveBase,segment_tag_core_slot_prob_nu_29_06_var_a
69597,2026-04-13 21:11:16,6,6,6,spins,spins,spins,spins,5,true,10,207303898881,112194,5,5,1,10,0,0,0,3,0,2814,4400,32,0,64.0,bonus_bs15_gae1_no,107,700000,,,,,47,20,14,11,15,17,1,1,2,101,56,35,17,25,32,6,4,3,6,6,6,true,NORMAL,1,0,1,V2,0,3_5_fbios_PABUnityIAPiOSDefensiveBase,segment_tag_core_slot_prob_nu_29_06_var_a
69598,2026-04-13 21:11:17,3,3,3,attack,attack,attack,attack,2,true,0,207303898881,112193,5,5,1,10,3,0,0,0,0,2814,4400,32,0,64.0,bonus_bs15_gae1_no,107,700000,,,,,48,23,14,11,15,17,2,1,2,1,3,0,0,0,0,1,0,0,0,0,0,false,SMALL,-2,-3,1,V2,0,3_5_fbios_PABUnityIAPiOSDefensiveBase,segment_tag_core_slot_prob_nu_29_06_var_a
69599,2026-04-13 21:11:21,3,6,2,attack,spins,goldSack,gold,1,false,100000,207329998881,112192,5,5,1,10,1,0,0,1,0,2814,4400,32,0,64.0,bonus_bs15_gae1_no,107,700000,,,,"{""68171e9b"":""7\/1000@m5"",""820004c2"":""970\/1300@m4""}",49,24,14,11,16,17,2,1,2,2,4,0,0,1,0,1,0,0,3,6,0,false,BIG,4,3,1,V2,0,3_5_fbios_PABUnityIAPiOSDefensiveBase,segment_tag_core_slot_prob_nu_29_06_var_a
69600,2026-04-13 21:11:22,30,2,2,accumulation,goldSack,goldSack,gold,1,false,150000,207330148881,112191,5,5,1,10,0,0,0,0,1,2815,4400,32,1,64.0,bonus_bs15_gae1_no,107,700000,,,,,50,24,14,11,16,18,2,1,2,3,4,0,0,1,1,1,0,0,3,7,8,false,MAX,8,7,1,V2,0,3_5_fbios_PABUnityIAPiOSDefensiveBase,segment_tag_core_slot_prob_nu_29_06_var_a
69601,2026-04-13 21:11:23,30,2,2,accumulation,goldSack,goldSack,gold,1,false,150000,207330298881,112190,5,5,1,10,0,0,0,0,1,2816,4400,32,1,64.0,bonus_bs15_gae1_no,107,700000,,,,,51,24,14,11,16,19,2,1,2,4,4,0,0,1,2,1,0,0,7,3,8,false,MAX,10,9,1,V2,0,3_5_fbios_PABUnityIAPiOSDefensiveBase,segment_tag_core_slot_prob_nu_29_06_var_a
69602,2026-04-13 21:11:25,3,6,2,attack,spins,goldSack,gold,1,false,100000,207330398881,112189,5,5,1,10,1,0,0,1,0,2816,4400,32,0,64.0,bonus_bs15_gae1_no,107,700000,,,,,52,25,14,11,17,19,2,1,2,5,5,0,0,2,2,1,0,0,7,6,0,false,NORMAL,0,-1,1,V2,0,3_5_fbios_PABUnityIAPiOSDefensiveBase,segment_tag_core_slot_prob_nu_29_06_var_a
69603,2026-04-13 21:11:25,1,1,4,coin,coin,steal,gold,1,false,50000,207330448881,112188,5,5,1,10,0,1,0,0,0,2816,4400,32,0,64.0,bonus_bs15_gae1_no,107,700000,,,,,53,25,15,11,17,19,2,1,2,6,5,1,0,2,2,1,0,0,4,5,5,false,NORMAL,0,-1,1,V2,0,3_5_fbios_PABUnityIAPiOSDefensiveBase,segment_tag_core_slot_prob_nu_29_06_var_a
69604,2026-04-13 21:11:27,30,2,2,accumulation,goldSack,goldSack,gold,1,false,150000,207330598881,112187,5,5,1,10,0,0,0,0,1,2817,4400,32,1,64.0,bonus_bs15_gae1_no,107,700000,,,,,54,25,15,11,17,20,2,1,2,7,5,1,0,2,3,1,0,0,3,3,8,false,BIG,5,4,1,V2,0,3_5_fbios_PABUnityIAPiOSDefensiveBase,segment_tag_core_slot_prob_nu_29_06_var_a
69605,2026-04-13 21:11:28,3,6,2,attack,spins,goldSack,gold,1,false,100000,207330698881,112186,5,5,1,10,1,0,0,1,0,2817,4400,32,0,64.0,bonus_bs15_gae1_no,107,700000,,,,"{""c8bff241"":""646\/1200@m1""}",55,26,15,11,18,20,2,1,2,8,6,1,0,3,3,1,0,0,7,6,0,false,SMALL,-2,-2,0,V2,0,3_5_fbios_PABUnityIAPiOSDefensiveBase,segment_tag_core_slot_prob_nu_29_06_var_a
69606,2026-04-13 21:11:29,5,5,5,shield,shield,shield,shield,3,true,1,207330698881,112186,5,5,1,10,0,0,3,0,0,2817,4400,32,0,64.0,bonus_bs15_gae1_no,107,700000,,,,"{""68171e9b"":""8\/1000@m5""}",56,26,15,14,18,20,2,1,3,9,6,1,3,3,3,1,0,1,2,2,2,false,SMALL,-1,-1,0,V2,0,3_5_fbios_PABUnityIAPiOSDefensiveBase,segment_tag_core_slot_prob_nu_29_06_var_a
69607,2026-04-13 21:11:30,5,5,5,shield,shield,shield,shield,3,true,1,207330698881,112186,5,5,1,10,0,0,3,0,0,2817,4400,32,0,64.0,bonus_bs15_gae1_no,107,700000,,,,,57,26,15,17,18,20,2,1,4,10,6,1,6,3,3,1,0,2,2,2,2,false,SMALL,-1,-1,0,V2,0,3_5_fbios_PABUnityIAPiOSDefensiveBase,segment_tag_core_slot_prob_nu_29_06_var_a
69608,2026-04-13 21:11:31,1,1,1,coin,coin,coin,gold,1,true,250000,207330948881,112185,5,5,1,10,0,0,0,0,0,2817,4400,32,0,64.0,bonus_bs15_gae1_no,107,700000,,,,,58,26,15,17,18,20,2,1,4,11,6,1,6,3,3,1,0,2,1,1,5,false,SMALL,-1,-1,0,V2,0,3_5_fbios_PABUnityIAPiOSDefensiveBase,segment_tag_core_slot_prob_nu_29_06_var_a
69609,2026-04-13 21:11:32,3,6,2,attack,spins,goldSack,gold,1,false,100000,207331048881,112184,5,5,1,10,1,0,0,1,0,2817,4400,32,0,64.0,bonus_bs15_gae1_no,107,700000,,,,,59,27,15,17,19,20,2,1,4,12,7,1,6,4,3,1,0,2,3,6,0,false,NORMAL,3,2,1,V2,0,3_5_fbios_PABUnityIAPiOSDefensiveBase,segment_tag_core_slot_prob_nu_29_06_var_a
69610,2026-04-13 21:11:33,2,2,2,goldSack,goldSack,goldSack,gold,1,true,2000000,207333048881,112183,5,5,1,10,0,0,0,0,0,2817,4400,32,0,64.0,bonus_bs15_gae1_no,107,700000,,,,,60,27,15,17,19,20,2,1,4,13,7,1,6,4,3,1,0,2,3,3,3,false,BIG,4,4,0,V2,0,3_5_fbios_PABUnityIAPiOSDefensiveBase,segment_tag_core_slot_prob_nu_29_06_var_a
69611,2026-04-13 21:11:34,1,4,4,coin,steal,steal,gold,1,false,25000,207333073881,112182,5,5,1,10,0,2,0,0,0,2817,4400,32,0,64.0,bonus_bs15_gae1_no,107,700000,,,,,61,27,17,17,19,20,2,1,4,14,7,3,6,4,3,1,0,2,4,4,1,false,MIN,-7,-4,-3,V2,0,3_5_fbios_PABUnityIAPiOSDefensiveBase,segment_tag_core_slot_prob_nu_29_06_var_a
69612,2026-04-13 21:11:34,3,3,3,attack,attack,attack,attack,2,true,0,207333073881,112181,5,5,1,10,3,0,0,0,0,2817,4400,32,0,64.0,bonus_bs15_gae1_no,107,700000,,,,"{""68171e9b"":""9\/1000@m5""}",62,30,17,17,19,20,3,1,4,15,10,3,6,4,3,2,0,2,0,0,0,false,MIN,-5,-2,-3,V2,0,3_5_fbios_PABUnityIAPiOSDefensiveBase,segment_tag_core_slot_prob_nu_29_06_var_a
69613,2026-04-13 21:11:38,3,3,3,attack,attack,attack,attack,2,true,0,207341653881,112180,5,5,1,10,3,0,0,0,0,2817,4400,32,0,64.0,bonus_bs15_gae1_no,107,700000,,,,,63,33,17,17,19,20,4,1,4,16,13,3,6,4,3,3,0,2,0,0,0,false,SMALL,-1,0,-1,V2,0,3_5_fbios_PABUnityIAPiOSDefensiveBase,segment_tag_core_slot_prob_nu_29_06_var_a
69614,2026-04-13 21:11:42,30,30,1,accumulation,accumulation,coin,gold,1,false,25000,207350258881,112179,5,5,1,10,0,0,0,0,2,2819,4400,32,2,64.1,bonus_bs15_gae1_no,107,700000,,,,,64,33,17,17,19,22,4,1,4,17,13,3,6,4,5,3,0,2,1,8,8,false,NORMAL,1,1,0,V2,0,3_5_fbios_PABUnityIAPiOSDefensiveBase,segment_tag_core_slot_prob_nu_29_06_var_a
69615,2026-04-13 21:11:43,3,3,3,attack,attack,attack,attack,2,true,0,207350258881,112178,5,5,1,10,3,0,0,0,0,2819,4400,32,0,64.1,bonus_bs15_gae1_no,107,700000,,,,,65,36,17,17,19,22,5,1,4,18,16,3,6,4,5,4,0,2,0,0,0,false,SMALL,-1,-2,1,V2,0,3_5_fbios_PABUnityIAPiOSDefensiveBase,segment_tag_core_slot_prob_nu_29_06_var_a
69616,2026-04-13 21:11:47,1,1,4,coin,coin,steal,gold,1,false,50000,207376308881,112177,5,5,1,10,0,1,0,0,0,2819,4400,32,0,64.1,bonus_bs15_gae1_no,107,700000,,,,,66,36,18,17,19,22,5,1,4,19,16,4,6,4,5,4,0,2,4,1,1,false,MIN,-3,-2,-1,V2,0,3_5_fbios_PABUnityIAPiOSDefensiveBase,segment_tag_core_slot_prob_nu_29_06_var_a
69617,2026-04-13 21:11:48,1,1,4,coin,coin,steal,gold,1,false,50000,207376358881,112176,5,5,1,10,0,1,0,0,0,2819,4400,32,0,64.1,bonus_bs15_gae1_no,107,700000,,,,,67,36,19,17,19,22,5,1,4,20,16,5,6,4,5,4,0,2,4,5,1,false,MIN,-5,-4,-1,V2,0,3_5_fbios_PABUnityIAPiOSDefensiveBase,segment_tag_core_slot_prob_nu_29_06_var_a
69618,2026-04-13 21:11:48,1,4,6,coin,steal,spins,gold,1,false,25000,207376383881,112175,5,5,1,10,0,1,0,1,0,2819,4400,32,0,64.1,bonus_bs15_gae1_no,107,700000,,,,"{""820004c2"":""972\/1300@m4""}",68,36,20,17,20,22,5,1,4,21,16,6,6,5,5,4,0,2,6,4,5,false,NORMAL,3,4,-1,V2,0,3_5_fbios_PABUnityIAPiOSDefensiveBase,segment_tag_core_slot_prob_nu_29_06_var_a
69619,2026-04-13 21:11:49,30,30,1,accumulation,accumulation,coin,gold,1,false,25000,207376408881,112174,5,5,1,10,0,0,0,0,2,2821,4400,32,2,64.1,bonus_bs15_gae1_no,107,700000,,,,,69,36,20,17,20,24,5,1,4,22,16,6,6,5,7,4,0,2,5,8,8,false,NORMAL,0,0,0,V2,0,3_5_fbios_PABUnityIAPiOSDefensiveBase,segment_tag_core_slot_prob_nu_29_06_var_a
69620,2026-04-13 21:11:50,3,3,3,attack,attack,attack,attack,2,true,0,207376408881,112173,5,5,1,10,3,0,0,0,0,2821,4400,32,0,64.1,bonus_bs15_gae1_no,107,700000,,,,"{""68171e9b"":""10\/1000@m5""}",70,39,20,17,20,24,6,1,4,23,19,6,6,5,7,5,0,2,0,0,0,false,SMALL,-2,-2,0,V2,0,3_5_fbios_PABUnityIAPiOSDefensiveBase,segment_tag_core_slot_prob_nu_29_06_var_a
69621,2026-04-13 21:11:55,5,5,5,shield,shield,shield,shield,3,true,1,207402408881,112173,5,5,1,10,0,0,3,0,0,2821,4400,32,0,64.1,bonus_bs15_gae1_no,107,700000,,,,,71,39,20,20,20,24,6,1,5,24,19,6,9,5,7,5,0,3,2,2,2,false,SMALL,-1,-1,0,V2,0,3_5_fbios_PABUnityIAPiOSDefensiveBase,segment_tag_core_slot_prob_nu_29_06_var_a
69622,2026-04-13 21:11:56,1,1,4,coin,coin,steal,gold,1,false,50000,207402458881,112172,5,5,1,10,0,1,0,0,0,2821,4400,32,0,64.1,bonus_bs15_gae1_no,107,700000,,,,,72,39,21,20,20,24,6,1,5,25,19,7,9,5,7,5,0,3,4,1,5,false,SMALL,-1,-1,0,V2,0,3_5_fbios_PABUnityIAPiOSDefensiveBase,segment_tag_core_slot_prob_nu_29_06_var_a
69623,2026-04-13 21:11:56,5,5,5,shield,shield,shield,shield,3,true,1,207402458881,112172,5,5,1,10,0,0,3,0,0,2821,4400,32,0,64.1,bonus_bs15_gae1_no,107,700000,,,,"{""c8bff241"":""648\/1200@m1""}",73,39,21,23,20,24,6,1,6,26,19,7,12,5,7,5,0,4,2,2,2,false,NORMAL,0,-1,1,V2,0,3_5_fbios_PABUnityIAPiOSDefensiveBase,segment_tag_core_slot_prob_nu_29_06_var_a
69624,2026-04-13 21:11:57,1,1,4,coin,coin,steal,gold,1,false,50000,207402508881,112171,5,5,1,10,0,1,0,0,0,2821,4400,32,0,64.1,bonus_bs15_gae1_no,107,700000,,,,,74,39,22,23,20,24,6,1,6,27,19,8,12,5,7,5,0,4,4,5,1,false,MIN,-10,-8,-2,V2,0,3_5_fbios_PABUnityIAPiOSDefensiveBase,segment_tag_core_slot_prob_nu_29_06_var_a
69625,2026-04-13 21:11:58,3,6,2,attack,spins,goldSack,gold,1,false,100000,207402608881,112170,5,5,1,10,1,0,0,1,0,2821,4400,32,0,64.1,bonus_bs15_gae1_no,107,700000,,,,,75,40,22,23,21,24,6,1,6,28,20,8,12,6,7,5,0,4,7,6,0,false,MIN,-4,-2,-2,V2,0,3_5_fbios_PABUnityIAPiOSDefensiveBase,segment_tag_core_slot_prob_nu_29_06_var_a
69626,2026-04-13 21:11:58,30,2,2,accumulation,goldSack,goldSack,gold,1,false,150000,207402758881,112169,5,5,1,10,0,0,0,0,1,2822,4400,32,1,64.1,bonus_bs15_gae1_no,107,700000,,,,,76,40,22,23,21,25,6,1,6,29,20,8,12,6,8,5,0,4,3,3,8,false,BIG,5,4,1,V2,0,3_5_fbios_PABUnityIAPiOSDefensiveBase,segment_tag_core_slot_prob_nu_29_06_var_a
69627,2026-04-13 21:12:00,2,2,2,goldSack,goldSack,goldSack,gold,1,true,2000000,207404758881,112168,5,5,1,10,0,0,0,0,0,2822,4400,32,0,64.1,bonus_bs15_gae1_no,107,700000,,,,,77,40,22,23,21,25,6,1,6,30,20,8,12,6,8,5,0,4,7,3,3,false,BIG,5,5,0,V2,0,3_5_fbios_PABUnityIAPiOSDefensiveBase,segment_tag_core_slot_prob_nu_29_06_var_a
69628,2026-04-13 21:12:00,3,6,2,attack,spins,goldSack,gold,1,false,100000,207404858881,112167,5,5,1,10,1,0,0,1,0,2822,4400,32,0,64.1,bonus_bs15_gae1_no,107,700000,,,,,78,41,22,23,22,25,6,1,6,31,21,8,12,7,8,5,0,4,7,6,0,false,SMALL,-1,-1,0,V2,0,3_5_fbios_PABUnityIAPiOSDefensiveBase,segment_tag_core_slot_prob_nu_29_06_var_a
69629,2026-04-13 21:12:01,2,2,2,goldSack,goldSack,goldSack,gold,1,true,2000000,207406858881,112166,5,5,1,10,0,0,0,0,0,2822,4400,32,0,64.1,bonus_bs15_gae1_no,107,700000,,,,,79,41,22,23,22,25,6,1,6,32,21,8,12,7,8,5,0,4,3,3,7,false,NORMAL,0,0,0,V2,0,3_5_fbios_PABUnityIAPiOSDefensiveBase,segment_tag_core_slot_prob_nu_29_06_var_a
69630,2026-04-13 21:12:02,1,6,6,coin,spins,spins,gold,1,false,25000,207406883881,112165,5,5,1,10,0,0,0,2,0,2822,4400,32,0,64.1,bonus_bs15_gae1_no,107,700000,,,,,80,41,22,23,24,25,6,1,6,33,21,8,12,9,8,5,0,4,6,6,5,false,NORMAL,3,2,1,V2,0,3_5_fbios_PABUnityIAPiOSDefensiveBase,segment_tag_core_slot_prob_nu_29_06_var_a
69631,2026-04-13 21:12:03,30,30,1,accumulation,accumulation,coin,gold,1,false,25000,207406908881,112164,5,5,1,10,0,0,0,0,2,2824,4400,32,2,64.2,bonus_bs15_gae1_no,107,700000,,,,,81,41,22,23,24,27,6,1,6,34,21,8,12,9,10,5,0,4,1,8,8,false,NORMAL,1,1,0,V2,0,3_5_fbios_PABUnityIAPiOSDefensiveBase,segment_tag_core_slot_prob_nu_29_06_var_a
69632,2026-04-13 21:12:04,3,4,2,attack,steal,goldSack,gold,1,false,100000,207407008881,112163,5,5,1,10,1,1,0,0,0,2824,4400,32,0,64.2,bonus_bs15_gae1_no,107,700000,,,,"{""820004c2"":""974\/1300@m4"",""68171e9b"":""11\/1000@m5""}",82,42,23,23,24,27,6,1,6,35,22,9,12,9,10,5,0,4,7,4,0,false,SMALL,-1,-1,0,V2,0,3_5_fbios_PABUnityIAPiOSDefensiveBase,segment_tag_core_slot_prob_nu_29_06_var_a
69633,2026-04-13 21:12:06,30,2,2,accumulation,goldSack,goldSack,gold,1,false,150000,207407158881,112162,5,5,1,10,0,0,0,0,1,2825,4400,32,1,64.2,bonus_bs15_gae1_no,107,700000,,,,,83,42,23,23,24,28,6,1,6,36,22,9,12,9,11,5,0,4,3,7,8,false,BIG,7,6,1,V2,0,3_5_fbios_PABUnityIAPiOSDefensiveBase,segment_tag_core_slot_prob_nu_29_06_var_a
69634,2026-04-13 21:12:07,30,2,2,accumulation,goldSack,goldSack,gold,1,false,150000,207407308881,112161,5,5,1,10,0,0,0,0,1,2826,4400,32,1,64.2,bonus_bs15_gae1_no,107,700000,,,,,84,42,23,23,24,29,6,1,6,37,22,9,12,9,12,5,0,4,3,3,8,false,MAX,8,7,1,V2,0,3_5_fbios_PABUnityIAPiOSDefensiveBase,segment_tag_core_slot_prob_nu_29_06_var_a
69635,2026-04-13 21:12:11,1,4,4,coin,steal,steal,gold,1,false,10000000,207417308881,111761,5,5,400,10,0,2,0,0,0,2826,4400,32,0,64.2,bonus_bs15_gae1_no,107,700000,,,,,85,42,25,23,24,29,6,1,6,38,22,11,12,9,12,5,0,4,4,4,5,false,NORMAL,2,1,1,V2,0,3_5_fbios_PABUnityIAPiOSDefensiveBase,segment_tag_core_slot_prob_nu_29_06_var_a
69636,2026-04-13 21:12:13,4,4,4,steal,steal,steal,steal,4,true,0,207417308881,111361,5,5,400,10,0,3,0,0,0,2826,4400,32,0,64.2,bonus_bs15_gae1_no,107,700000,,,,,86,42,28,23,24,29,6,2,6,39,22,14,12,9,12,5,1,4,4,4,4,false,MIN,-3,-4,1,V2,0,3_5_fbios_PABUnityIAPiOSDefensiveBase,segment_tag_core_slot_prob_nu_29_06_var_a
69637,2026-04-13 21:12:18,2,2,2,goldSack,goldSack,goldSack,gold,1,true,800000000,271654108881,110961,5,5,400,10,0,0,0,0,0,2826,4400,32,0,64.2,bonus_bs15_gae1_no,107,700000,,,,"{""c8bff241"":""248\/1800@m2""}",87,42,28,23,24,29,6,2,6,40,22,14,12,9,12,5,1,4,7,7,3,false,MAX,10,7,3,V2,0,3_5_fbios_PABUnityIAPiOSDefensiveBase,segment_tag_core_slot_prob_nu_29_06_var_a
69638,2026-04-13 21:12:22,30,2,2,accumulation,goldSack,goldSack,gold,1,false,60000000,271714108881,110561,5,5,400,10,0,0,0,0,1,3226,4400,32,400,73.3,bonus_bs15_gae1_no,107,700000,,,,,88,42,28,23,24,30,6,2,6,41,22,14,12,9,13,5,1,4,3,3,8,false,BIG,7,5,2,V2,0,3_5_fbios_PABUnityIAPiOSDefensiveBase,segment_tag_core_slot_prob_nu_29_06_var_a
69639,2026-04-13 21:12:25,2,2,2,goldSack,goldSack,goldSack,gold,1,true,3000000000,274714108881,109061,5,5,1500,10,0,0,0,0,0,3226,4400,32,0,73.3,bonus_bs15_gae1_no,107,700000,,,,,89,42,28,23,24,30,6,2,6,42,22,14,12,9,13,5,1,4,3,3,3,false,BIG,6,4,2,V2,0,3_5_fbios_PABUnityIAPiOSDefensiveBase,segment_tag_core_slot_prob_nu_29_06_var_a
69640,2026-04-13 21:12:26,1,6,6,coin,spins,spins,gold,1,false,37500000,274751608881,107561,5,5,1500,10,0,0,0,2,0,3226,4400,32,0,73.3,bonus_bs15_gae1_no,107,700000,,,,"{""68171e9b"":""511\/3000@m6""}",90,42,28,23,26,30,6,2,6,43,22,14,12,11,13,5,1,4,6,6,1,false,MIN,-4,-3,-1,V2,0,3_5_fbios_PABUnityIAPiOSDefensiveBase,segment_tag_core_slot_prob_nu_29_06_var_a
69641,2026-04-13 21:12:29,1,1,4,coin,coin,steal,gold,1,false,75000000,274826608881,106061,5,5,1500,10,0,1,0,0,0,3226,4400,32,0,73.3,bonus_bs15_gae1_no,107,700000,,,,,91,42,29,23,26,30,6,2,6,44,22,15,12,11,13,5,1,4,4,5,1,false,MIN,-8,-5,-3,V2,0,3_5_fbios_PABUnityIAPiOSDefensiveBase,segment_tag_core_slot_prob_nu_29_06_var_a
69642,2026-04-13 21:12:30,30,2,2,accumulation,goldSack,goldSack,gold,1,false,225000000,275051608881,104561,5,5,1500,10,0,0,0,0,1,26,225,34,0,11.6,bonus_bs15_gae1_no,107,700000,,,,,92,42,29,23,26,31,6,2,6,45,22,15,12,11,14,5,1,4,7,7,8,false,BIG,5,8,-3,V2,0,3_5_fbios_PABUnityIAPiOSDefensiveBase,segment_tag_core_slot_prob_nu_29_06_var_a
69643,2026-04-13 21:12:36,1,1,1,coin,coin,coin,gold,1,true,375000000,276426608881,115661,5,5,1500,10,0,0,0,0,0,26,225,34,0,11.6,bonus_bs15_gae1_no,107,700000,,,,,93,42,29,23,26,31,6,2,6,46,22,15,12,11,14,5,1,4,1,1,5,false,NORMAL,1,2,-1,V2,0,3_5_fbios_PABUnityIAPiOSDefensiveBase,segment_tag_core_slot_prob_nu_29_06_var_a
69644,2026-04-13 21:12:40,3,4,2,attack,steal,goldSack,gold,1,false,5000000,276431608881,115611,5,5,50,10,1,1,0,0,0,26,225,34,0,11.6,bonus_bs15_gae1_no,107,700000,,,,,94,43,30,23,26,31,6,2,6,47,23,16,12,11,14,5,1,4,3,4,0,false,NORMAL,3,3,0,V2,0,3_5_fbios_PABUnityIAPiOSDefensiveBase,segment_tag_core_slot_prob_nu_29_06_var_a
69645,2026-04-13 21:12:41,1,1,4,coin,coin,steal,gold,1,false,2500000,276434108881,115561,5,5,50,10,0,1,0,0,0,26,225,34,0,11.6,bonus_bs15_gae1_no,107,700000,,,,,95,43,31,23,26,31,6,2,6,48,23,17,12,11,14,5,1,4,4,1,5,false,NORMAL,0,1,-1,V2,0,3_5_fbios_PABUnityIAPiOSDefensiveBase,segment_tag_core_slot_prob_nu_29_06_var_a
69646,2026-04-13 21:12:42,2,2,2,goldSack,goldSack,goldSack,gold,1,true,100000000,276534108881,115511,5,5,50,10,0,0,0,0,0,26,225,34,0,11.6,bonus_bs15_gae1_no,107,700000,,,,,96,43,31,23,26,31,6,2,6,49,23,17,12,11,14,5,1,4,7,7,3,false,BIG,5,6,-1,V2,0,3_5_fbios_PABUnityIAPiOSDefensiveBase,segment_tag_core_slot_prob_nu_29_06_var_a
69647,2026-04-13 21:12:44,3,6,2,attack,spins,goldSack,gold,1,false,5000000,276539108881,115461,5,5,50,10,1,0,0,1,0,26,225,34,0,11.6,bonus_bs15_gae1_no,107,700000,,,,,97,44,31,23,27,31,6,2,6,50,24,17,12,12,14,5,1,4,7,6,0,false,SMALL,-1,-1,0,V2,0,3_5_fbios_PABUnityIAPiOSDefensiveBase,segment_tag_core_slot_prob_nu_29_06_var_a
69648,2026-04-13 21:12:46,30,30,1,accumulation,accumulation,coin,gold,1,false,1250000,276540358881,115411,5,5,50,10,0,0,0,0,2,126,225,34,100,56.0,bonus_bs15_gae1_no,107,700000,,,,"{""820004c2"":""1074\/1300@m4""}",98,44,31,23,27,33,6,2,6,51,24,17,12,12,16,5,1,4,5,8,8,false,NORMAL,1,0,1,V2,0,3_5_fbios_PABUnityIAPiOSDefensiveBase,segment_tag_core_slot_prob_nu_29_06_var_a
69649,2026-04-13 21:12:48,30,30,1,accumulation,accumulation,coin,gold,1,false,1250000,276541608881,115361,5,5,50,10,0,0,0,0,2,1,100,35,0,1.0,,107,700000,,,,,99,44,31,23,27,35,6,2,6,52,24,17,12,12,18,5,1,4,5,8,8,false,BIG,4,2,2,V2,0,3_5_fbios_PABUnityIAPiOSDefensiveBase,segment_tag_core_slot_prob_nu_29_06_var_a
69650,2026-04-13 21:12:52,3,6,2,attack,spins,goldSack,gold,1,false,40000000,277081608881,114961,5,5,400,10,1,0,0,1,0,1,100,35,0,1.0,,107,700000,,,,"{""68171e9b"":""911\/3000@m6""}",100,45,31,23,28,35,6,2,6,53,25,17,12,13,18,5,1,4,3,6,0,false,BIG,4,2,2,V2,0,3_5_fbios_PABUnityIAPiOSDefensiveBase,segment_tag_core_slot_prob_nu_29_06_var_a
69651,2026-04-13 21:12:54,1,4,4,coin,steal,steal,gold,1,false,10000000,277091608881,114561,5,5,400,10,0,2,0,0,0,1,100,35,0,1.0,,107,700000,,,,,101,45,33,23,28,35,6,2,6,54,25,19,12,13,18,5,1,4,4,4,5,false,NORMAL,1,0,1,V2,0,3_5_fbios_PABUnityIAPiOSDefensiveBase,segment_tag_core_slot_prob_nu_29_06_var_a
69652,2026-04-13 21:12:55,30,2,2,accumulation,goldSack,goldSack,gold,1,false,60000000,277151608881,114161,5,5,400,10,0,0,0,0,1,76,10000,37,0,0.8,,107,700000,,,,,102,45,33,23,28,36,6,2,6,55,25,19,12,13,19,5,1,4,7,7,8,false,MAX,9,8,1,V2,0,3_5_fbios_PABUnityIAPiOSDefensiveBase,segment_tag_core_slot_prob_nu_29_06_var_a
69653,2026-04-13 21:13:00,3,6,2,attack,spins,goldSack,gold,1,false,150000000,277301608881,112661,5,5,1500,10,1,0,0,1,0,76,10000,37,0,0.8,,107,700000,,,,,103,46,33,23,29,36,6,2,6,56,26,19,12,14,19,5,1,4,3,6,0,false,NORMAL,2,2,0,V2,0,3_5_fbios_PABUnityIAPiOSDefensiveBase,segment_tag_core_slot_prob_nu_29_06_var_a
69654,2026-04-13 21:13:01,1,1,4,coin,coin,steal,gold,1,false,75000000,277376608881,111161,5,5,1500,10,0,1,0,0,0,76,10000,37,0,0.8,,107,700000,,,,,104,46,34,23,29,36,6,2,6,57,26,20,12,14,19,5,1,4,4,5,1,false,MIN,-9,-6,-3,V2,0,3_5_fbios_PABUnityIAPiOSDefensiveBase,segment_tag_core_slot_prob_nu_29_06_var_a
69655,2026-04-13 21:13:03,3,3,3,attack,attack,attack,attack,2,true,0,277376608881,109661,5,5,1500,10,3,0,0,0,0,76,10000,37,0,0.8,,107,700000,,,,,105,49,34,23,29,36,7,2,6,58,29,20,12,14,19,6,1,4,0,0,0,false,MIN,-5,-2,-3,V2,0,3_5_fbios_PABUnityIAPiOSDefensiveBase,segment_tag_core_slot_prob_nu_29_06_var_a
69656,2026-04-13 21:13:10,3,6,2,attack,spins,goldSack,gold,1,false,5000000,316381608881,109611,5,5,50,10,1,0,0,1,0,76,10000,37,0,0.8,,107,700000,,,,,106,50,34,23,30,36,7,2,6,59,30,20,12,15,19,6,1,4,7,6,0,false,SMALL,-2,-1,-1,V2,0,3_5_fbios_PABUnityIAPiOSDefensiveBase,segment_tag_core_slot_prob_nu_29_06_var_a
69657,2026-04-13 21:13:11,1,4,6,coin,steal,spins,gold,1,false,1250000,316382858881,109561,5,5,50,10,0,1,0,1,0,76,10000,37,0,0.8,,107,700000,,,,,107,50,35,23,31,36,7,2,6,60,30,21,12,16,19,6,1,4,6,4,5,false,NORMAL,3,4,-1,V2,0,3_5_fbios_PABUnityIAPiOSDefensiveBase,segment_tag_core_slot_prob_nu_29_06_var_a
69658,2026-04-13 21:13:13,1,1,1,coin,coin,coin,gold,1,true,12500000,316395358881,109511,5,5,50,10,0,0,0,0,0,76,10000,37,0,0.8,,107,700000,,,,"{""68171e9b"":""961\/3000@m6""}",108,50,35,23,31,36,7,2,6,61,30,21,12,16,19,6,1,4,1,1,1,false,MIN,-6,-4,-2,V2,0,3_5_fbios_PABUnityIAPiOSDefensiveBase,segment_tag_core_slot_prob_nu_29_06_var_a
69659,2026-04-13 21:13:14,2,2,2,goldSack,goldSack,goldSack,gold,1,true,100000000,316495358881,109461,5,5,50,10,0,0,0,0,0,76,10000,37,0,0.8,,107,700000,,,,,109,50,35,23,31,36,7,2,6,62,30,21,12,16,19,6,1,4,3,3,3,false,NORMAL,1,3,-2,V2,0,3_5_fbios_PABUnityIAPiOSDefensiveBase,segment_tag_core_slot_prob_nu_29_06_var_a
69660,2026-04-13 21:13:15,30,30,30,accumulation,accumulation,accumulation,gold,10,true,0,316495358881,109411,5,5,50,10,0,0,0,0,3,576,10000,37,500,5.8,,107,700000,,,,,110,50,35,23,31,39,7,2,6,63,30,21,12,16,22,6,1,4,8,8,8,true,NORMAL,0,1,-1,V2,0,3_5_fbios_PABUnityIAPiOSDefensiveBase,segment_tag_core_slot_prob_nu_29_06_var_a
