seq,timestamp,r1,r2,r3,reel_1,reel_2,reel_3,spin_result,reward_code,is_triple,coins_won,coins,spins_remaining,shields,max_shields,bet_multiplier,bet_level,atk_count,stl_count,shd_count,spn_count,acc_count,accum_current,accum_total,accum_mission,accum_delta,accum_pct,gae_segment,gae_last_mission,gae_grand_prize,slot2_r1,slot2_r2,slot2_r3,event_bars,sa_spins,sa_atk,sa_stl,sa_shd,sa_spn,sa_acc,sa_3x_atk,sa_3x_stl,sa_3x_shd,ss_spins,ss_atk,ss_stl,ss_shd,ss_spn,ss_acc,ss_3x_atk,ss_3x_stl,ss_3x_shd,r1_idx,r2_idx,r3_idx,is_valuable,strategy_tier,strategy_score,l1_score,l2_score,scorer_cfg,mem_sym1,mem_sym2,mem_sym3,res_sym1,res_sym2,res_sym3,cm_balance,profile_name,slot_prob_seg
74358,2026-04-19 06:16:00,3,3,2,attack,attack,goldSack,gold,1,false,100000,26314333270137,5298,5,5,1,6,2,0,0,0,0,137590,200000,71,0,68.8,bonus_bs15_gae1_no,107,700000,,,,,1,2,0,0,0,0,0,0,0,1,2,0,0,0,0,0,0,0,3,0,0,false,NORMAL,0,0,0,V1,3,1,5,3,3,2,0,3_5_fbios_PABUnityIAPiOSDefensiveBase,segment_tag_core_slot_prob_nu_29_06_var_a
74359,2026-04-19 06:16:02,3,3,3,attack,attack,attack,attack,2,true,0,26314333270137,5297,5,5,1,6,3,0,0,0,0,137590,200000,71,0,68.8,bonus_bs15_gae1_no,107,700000,,,,,2,5,0,0,0,0,1,0,0,2,5,0,0,0,0,1,0,0,0,0,0,false,SMALL,-2,-2,0,V1,3,1,5,3,3,3,0,3_5_fbios_PABUnityIAPiOSDefensiveBase,segment_tag_core_slot_prob_nu_29_06_var_a
74360,2026-04-19 06:16:52,30,2,2,accumulation,goldSack,goldSack,gold,1,false,150000,26314342000137,5296,5,5,1,6,0,0,0,0,1,137591,200000,71,1,68.8,bonus_bs15_gae1_no,107,700000,,,,,3,5,0,0,0,1,1,0,0,3,5,0,0,0,1,1,0,0,7,3,8,false,MAX,5,3,2,V1,3,1,5,30,2,2,0,3_5_fbios_PABUnityIAPiOSDefensiveBase,segment_tag_core_slot_prob_nu_29_06_var_a
74361,2026-04-19 06:16:54,3,1,1,attack,coin,coin,gold,1,false,50000,26314342050137,5295,5,5,1,6,1,0,0,0,0,137591,200000,71,0,68.8,bonus_bs15_gae1_no,107,700000,,LongExtraDayReduced,LongExtraDayReduced,"{""slot_on_"":""17102\/48000@m22""}",4,6,0,0,0,1,1,0,0,4,6,0,0,0,1,1,0,0,5,1,0,false,NORMAL,1,-1,2,V1,3,1,5,3,1,1,0,3_5_fbios_PABUnityIAPiOSDefensiveBase,segment_tag_core_slot_prob_nu_29_06_var_a
74362,2026-04-19 06:16:57,2,2,2,goldSack,goldSack,goldSack,gold,1,true,2000000,26314344050137,5294,5,5,1,6,0,0,0,0,0,137591,200000,71,0,68.8,bonus_bs15_gae1_no,107,700000,,,,,5,6,0,0,0,1,1,0,0,5,6,0,0,0,1,1,0,0,3,3,7,false,MAX,4,2,2,V1,3,1,5,2,2,2,0,3_5_fbios_PABUnityIAPiOSDefensiveBase,segment_tag_core_slot_prob_nu_29_06_var_a
74363,2026-04-19 06:16:58,3,4,2,attack,steal,goldSack,gold,1,false,100000,26314344150137,5293,5,5,1,6,1,1,0,0,0,137591,200000,71,0,68.8,bonus_bs15_gae1_no,107,700000,LongExtraDayReduced,,LongExtraDayReduced,"{""slot_on_"":""17104\/48000@m22"",""2bd8e5f9"":""10943\/11000@m34""}",6,7,1,0,0,1,1,0,0,6,7,1,0,0,1,1,0,0,7,4,0,false,NORMAL,1,-1,2,V1,3,1,5,3,4,2,0,3_5_fbios_PABUnityIAPiOSDefensiveBase,segment_tag_core_slot_prob_nu_29_06_var_a
74364,2026-04-19 06:17:00,1,6,6,coin,spins,spins,gold,1,false,25000,26314344175137,5292,5,5,1,6,0,0,0,2,0,137591,200000,71,0,68.8,bonus_bs15_gae1_no,107,700000,,,,,7,7,1,0,2,1,1,0,0,7,7,1,0,2,1,1,0,0,6,6,5,false,BIG,3,0,3,V1,3,1,5,1,6,6,0,3_5_fbios_PABUnityIAPiOSDefensiveBase,segment_tag_core_slot_prob_nu_29_06_var_a
74365,2026-04-19 06:17:02,1,4,6,coin,steal,spins,gold,1,false,25000,26314344200137,5291,5,5,1,6,0,1,0,1,0,137591,200000,71,0,68.8,bonus_bs15_gae1_no,107,700000,,,,,8,7,2,0,3,1,1,0,0,8,7,2,0,3,1,1,0,0,6,4,1,false,SMALL,-1,-2,1,V1,3,1,5,1,4,6,0,3_5_fbios_PABUnityIAPiOSDefensiveBase,segment_tag_core_slot_prob_nu_29_06_var_a
74366,2026-04-19 06:17:03,30,2,2,accumulation,goldSack,goldSack,gold,1,false,150000,26314344350137,5290,5,5,1,6,0,0,0,0,1,137592,200000,71,1,68.8,bonus_bs15_gae1_no,107,700000,,,,,9,7,2,0,3,2,1,0,0,9,7,2,0,3,2,1,0,0,-1,-1,-1,false,,0,0,0,,-1,-1,-1,-1,-1,-1,0,3_5_fbios_PABUnityIAPiOSDefensiveBase,segment_tag_core_slot_prob_nu_29_06_var_a
74367,2026-04-19 06:17:05,3,4,2,attack,steal,goldSack,gold,1,false,100000,26314344450137,5289,5,5,1,6,1,1,0,0,0,137592,200000,71,0,68.8,bonus_bs15_gae1_no,107,700000,,,,,10,8,3,0,3,2,1,0,0,10,8,3,0,3,2,1,0,0,3,4,0,false,BIG,3,2,1,V1,3,1,5,3,4,2,0,3_5_fbios_PABUnityIAPiOSDefensiveBase,segment_tag_core_slot_prob_nu_29_06_var_a
74368,2026-04-19 06:17:07,30,30,1,accumulation,accumulation,coin,gold,1,false,25000,26314344475137,5288,5,5,1,6,0,0,0,0,2,137594,200000,71,2,68.8,bonus_bs15_gae1_no,107,700000,,,,,11,8,3,0,3,4,1,0,0,11,8,3,0,3,4,1,0,0,5,8,8,false,NORMAL,0,-1,1,V1,3,1,5,30,30,1,0,3_5_fbios_PABUnityIAPiOSDefensiveBase,segment_tag_core_slot_prob_nu_29_06_var_a
74369,2026-04-19 06:17:08,30,2,2,accumulation,goldSack,goldSack,gold,1,false,150000,26314344625137,5287,5,5,1,6,0,0,0,0,1,137595,200000,71,1,68.8,bonus_bs15_gae1_no,107,700000,,,,,12,8,3,0,3,5,1,0,0,12,8,3,0,3,5,1,0,0,3,3,8,false,MAX,5,2,3,V1,3,1,5,30,2,2,0,3_5_fbios_PABUnityIAPiOSDefensiveBase,segment_tag_core_slot_prob_nu_29_06_var_a
74370,2026-04-19 06:28:13,2,2,2,goldSack,goldSack,goldSack,gold,1,true,2000000,26314188033137,5286,5,5,1,6,0,0,0,0,0,137595,200000,71,0,68.8,bonus_bs15_gae1_no,107,700000,,,,,13,8,3,0,3,5,1,0,0,13,8,3,0,3,5,1,0,0,3,7,7,false,MAX,4,4,0,V1,3,1,5,2,2,2,0,3_5_fbios_PABUnityIAPiOSDefensiveBase,segment_tag_core_slot_prob_nu_29_06_var_a
74371,2026-04-19 06:28:15,1,1,1,coin,coin,coin,gold,1,true,250000,26314188283137,5285,5,5,1,6,0,0,0,0,0,137595,200000,71,0,68.8,bonus_bs15_gae1_no,107,700000,,,,"{""2bd8e5f9"":""10944\/11000@m34""}",14,8,3,0,3,5,1,0,0,14,8,3,0,3,5,1,0,0,1,1,5,false,NORMAL,0,0,0,V1,3,1,5,1,1,1,0,3_5_fbios_PABUnityIAPiOSDefensiveBase,segment_tag_core_slot_prob_nu_29_06_var_a
74372,2026-04-19 06:28:16,1,4,6,coin,steal,spins,gold,1,false,25000,26314188308137,5284,5,5,1,6,0,1,0,1,0,137595,200000,71,0,68.8,bonus_bs15_gae1_no,107,700000,,,,,15,8,4,0,4,5,1,0,0,15,8,4,0,4,5,1,0,0,6,4,1,false,MIN,-3,-2,-1,V1,3,1,5,1,4,6,0,3_5_fbios_PABUnityIAPiOSDefensiveBase,segment_tag_core_slot_prob_nu_29_06_var_a
74373,2026-04-19 06:28:17,4,4,4,steal,steal,steal,steal,4,true,0,26314188308137,5283,5,5,1,6,0,3,0,0,0,137595,200000,71,0,68.8,bonus_bs15_gae1_no,107,700000,,,,"{""eb883353"":""24748\/40000@m18""}",16,8,7,0,4,5,1,1,0,16,8,7,0,4,5,1,1,0,4,4,4,false,MIN,-4,-3,-1,V1,3,1,5,4,4,4,0,3_5_fbios_PABUnityIAPiOSDefensiveBase,segment_tag_core_slot_prob_nu_29_06_var_a
74374,2026-04-19 06:28:28,30,30,1,accumulation,accumulation,coin,gold,1,false,25000,26314225683137,5282,5,5,1,6,0,0,0,0,2,137597,200000,71,2,68.8,bonus_bs15_gae1_no,107,700000,,,,,17,8,7,0,4,7,1,1,0,17,8,7,0,4,7,1,1,0,1,8,8,false,SMALL,-1,0,-1,V1,3,1,5,30,30,1,0,3_5_fbios_PABUnityIAPiOSDefensiveBase,segment_tag_core_slot_prob_nu_29_06_var_a
74375,2026-04-19 06:28:30,1,1,1,coin,coin,coin,gold,1,true,250000,26314225933137,5281,5,5,1,6,0,0,0,0,0,137597,200000,71,0,68.8,bonus_bs15_gae1_no,107,700000,,,,"{""eb883353"":""24750\/40000@m18""}",18,8,7,0,4,7,1,1,0,18,8,7,0,4,7,1,1,0,1,1,5,false,NORMAL,1,0,1,V1,3,1,5,1,1,1,0,3_5_fbios_PABUnityIAPiOSDefensiveBase,segment_tag_core_slot_prob_nu_29_06_var_a
74376,2026-04-19 06:28:31,1,4,4,coin,steal,steal,gold,1,false,25000,26314225958137,5280,5,5,1,6,0,2,0,0,0,137597,200000,71,0,68.8,bonus_bs15_gae1_no,107,700000,,,,,19,8,9,0,4,7,1,1,0,19,8,9,0,4,7,1,1,0,4,4,5,false,SMALL,-2,-2,0,V1,3,1,5,1,4,4,0,3_5_fbios_PABUnityIAPiOSDefensiveBase,segment_tag_core_slot_prob_nu_29_06_var_a
74377,2026-04-19 06:28:32,30,2,2,accumulation,goldSack,goldSack,gold,1,false,150000,26314226108137,5279,5,5,1,6,0,0,0,0,1,137598,200000,71,1,68.8,bonus_bs15_gae1_no,107,700000,,,,"{""2bd8e5f9"":""10945\/11000@m34""}",20,8,9,0,4,8,1,1,0,20,8,9,0,4,8,1,1,0,7,7,8,false,MAX,8,7,1,V1,3,1,5,30,2,2,0,3_5_fbios_PABUnityIAPiOSDefensiveBase,segment_tag_core_slot_prob_nu_29_06_var_a
74378,2026-04-19 06:28:34,3,6,2,attack,spins,goldSack,gold,1,false,100000,26314226208137,5278,5,5,1,6,1,0,0,1,0,137598,200000,71,0,68.8,bonus_bs15_gae1_no,107,700000,,,,,21,9,9,0,5,8,1,1,0,21,9,9,0,5,8,1,1,0,7,6,0,false,NORMAL,1,-1,2,V1,3,1,5,3,6,2,0,3_5_fbios_PABUnityIAPiOSDefensiveBase,segment_tag_core_slot_prob_nu_29_06_var_a
74379,2026-04-19 06:28:40,5,2,2,shield,goldSack,goldSack,gold,1,false,150000,26314226358137,5277,5,5,1,6,0,0,1,0,0,137598,200000,71,0,68.8,bonus_bs15_gae1_no,107,700000,LongExtraDayReduced,LongExtraDayReduced,LongExtraDayReduced,"{""slot_on_"":""17109\/48000@m22""}",22,9,9,1,5,8,1,1,0,22,9,9,1,5,8,1,1,0,3,3,2,false,MAX,4,2,2,V1,3,1,5,5,2,2,0,3_5_fbios_PABUnityIAPiOSDefensiveBase,segment_tag_core_slot_prob_nu_29_06_var_a
74380,2026-04-19 06:28:41,3,4,2,attack,steal,goldSack,gold,1,false,100000,26314226458137,5276,5,5,1,6,1,1,0,0,0,137598,200000,71,0,68.8,bonus_bs15_gae1_no,107,700000,,,,,23,10,10,1,5,8,1,1,0,23,10,10,1,5,8,1,1,0,3,4,0,false,MAX,5,2,3,V1,3,1,5,3,4,2,0,3_5_fbios_PABUnityIAPiOSDefensiveBase,segment_tag_core_slot_prob_nu_29_06_var_a
74381,2026-04-19 06:28:42,30,2,2,accumulation,goldSack,goldSack,gold,1,false,150000,26314226608137,5275,5,5,1,6,0,0,0,0,1,137599,200000,71,1,68.8,bonus_bs15_gae1_no,107,700000,,LongExtraDayReduced,,"{""slot_on_"":""17110\/48000@m22""}",24,10,10,1,5,9,1,1,0,24,10,10,1,5,9,1,1,0,7,7,8,false,MAX,11,7,4,V1,3,1,5,30,2,2,0,3_5_fbios_PABUnityIAPiOSDefensiveBase,segment_tag_core_slot_prob_nu_29_06_var_a
74387,2026-04-20 07:06:16,30,30,1,accumulation,accumulation,coin,gold,1,false,25000,25582056235154,6214,5,5,1,6,0,0,0,0,2,137603,200000,71,4,68.8,bonus_ctng_gae1_no_village_over_90,107,700000,,,,"{""eb883353"":""24752\/40000@m18""}",25,10,10,1,5,11,1,1,0,25,10,10,1,5,11,1,1,0,1,8,8,false,NORMAL,0,0,0,V1,3,1,5,30,30,1,0,3_5_fbios_PABUnityIAPiOSDefensiveBase,segment_tag_core_slot_prob_nu_29_06_var_a
74388,2026-04-20 07:06:18,3,6,2,attack,spins,goldSack,gold,1,false,100000,25582056335154,6213,5,5,1,6,1,0,0,1,0,137603,200000,71,0,68.8,bonus_ctng_gae1_no_village_over_90,107,700000,,,,"{""2bd8e5f9"":""10946\/11000@m34""}",26,11,10,1,6,11,1,1,0,26,11,10,1,6,11,1,1,0,7,6,0,false,SMALL,-1,-1,0,V1,3,1,5,3,6,2,0,3_5_fbios_PABUnityIAPiOSDefensiveBase,segment_tag_core_slot_prob_nu_29_06_var_a
74389,2026-04-20 07:06:19,1,1,4,coin,coin,steal,gold,1,false,50000,25582056385154,6212,5,5,1,6,0,1,0,0,0,137603,200000,71,0,68.8,bonus_ctng_gae1_no_village_over_90,107,700000,,,,,27,11,11,1,6,11,1,1,0,27,11,11,1,6,11,1,1,0,4,5,5,false,BIG,3,0,3,V1,3,1,5,1,1,4,0,3_5_fbios_PABUnityIAPiOSDefensiveBase,segment_tag_core_slot_prob_nu_29_06_var_a
74390,2026-04-20 07:06:19,3,3,2,attack,attack,goldSack,gold,1,false,100000,25582056485154,6211,5,5,1,6,2,0,0,0,0,137603,200000,71,0,68.8,bonus_ctng_gae1_no_village_over_90,107,700000,,,,"{""eb883353"":""24754\/40000@m18""}",28,13,11,1,6,11,1,1,0,28,13,11,1,6,11,1,1,0,3,0,0,false,BIG,3,0,3,V1,3,1,5,3,3,2,0,3_5_fbios_PABUnityIAPiOSDefensiveBase,segment_tag_core_slot_prob_nu_29_06_var_a
74391,2026-04-20 07:06:21,1,4,6,coin,steal,spins,gold,1,false,25000,25582056510154,6210,5,5,1,6,0,1,0,1,0,137603,200000,71,0,68.8,bonus_ctng_gae1_no_village_over_90,107,700000,,,,,29,13,12,1,7,11,1,1,0,29,13,12,1,7,11,1,1,0,6,4,5,false,BIG,3,0,3,V1,3,1,5,1,4,6,0,3_5_fbios_PABUnityIAPiOSDefensiveBase,segment_tag_core_slot_prob_nu_29_06_var_a
74392,2026-04-20 07:06:21,3,4,2,attack,steal,goldSack,gold,1,false,100000,25582056610154,6209,5,5,1,6,1,1,0,0,0,137603,200000,71,0,68.8,bonus_ctng_gae1_no_village_over_90,107,700000,,,,,30,14,13,1,7,11,1,1,0,30,14,13,1,7,11,1,1,0,3,4,0,false,MAX,5,2,3,V1,3,1,5,3,4,2,0,3_5_fbios_PABUnityIAPiOSDefensiveBase,segment_tag_core_slot_prob_nu_29_06_var_a
74393,2026-04-20 07:06:22,3,4,2,attack,steal,goldSack,gold,1,false,100000,25582056710154,6208,5,5,1,6,1,1,0,0,0,137603,200000,71,0,68.8,bonus_ctng_gae1_no_village_over_90,107,700000,LongExtraDayReduced,,,"{""slot_on_"":""17113\/48000@m22"",""2bd8e5f9"":""10947\/11000@m34""}",31,15,14,1,7,11,1,1,0,31,15,14,1,7,11,1,1,0,3,4,0,false,MAX,5,2,3,V1,3,1,5,3,4,2,0,3_5_fbios_PABUnityIAPiOSDefensiveBase,segment_tag_core_slot_prob_nu_29_06_var_a
74394,2026-04-20 07:06:23,5,5,5,shield,shield,shield,shield,3,true,1,25582056710154,6208,5,5,1,6,0,0,3,0,0,137603,200000,71,0,68.8,bonus_ctng_gae1_no_village_over_90,107,700000,,LongExtraDayReduced,,"{""slot_on_"":""17114\/48000@m22""}",32,15,14,4,7,11,1,1,1,32,15,14,4,7,11,1,1,1,2,2,2,false,BIG,3,-1,4,V1,3,1,5,5,5,5,0,3_5_fbios_PABUnityIAPiOSDefensiveBase,segment_tag_core_slot_prob_nu_29_06_var_a
74395,2026-04-20 07:06:24,3,4,2,attack,steal,goldSack,gold,1,false,100000,25582056810154,6207,5,5,1,6,1,1,0,0,0,137603,200000,71,0,68.8,bonus_ctng_gae1_no_village_over_90,107,700000,,,,,33,16,15,4,7,11,1,1,1,33,16,15,4,7,11,1,1,1,7,4,0,false,BIG,2,-1,3,V1,3,1,5,3,4,2,0,3_5_fbios_PABUnityIAPiOSDefensiveBase,segment_tag_core_slot_prob_nu_29_06_var_a
74396,2026-04-20 07:06:25,1,1,1,coin,coin,coin,gold,1,true,250000,25582057060154,6206,5,5,1,6,0,0,0,0,0,137603,200000,71,0,68.8,bonus_ctng_gae1_no_village_over_90,107,700000,,,,,34,16,15,4,7,11,1,1,1,34,16,15,4,7,11,1,1,1,-1,-1,-1,false,,0,0,0,,-1,-1,-1,-1,-1,-1,0,3_5_fbios_PABUnityIAPiOSDefensiveBase,segment_tag_core_slot_prob_nu_29_06_var_a
74397,2026-04-20 07:06:26,30,30,1,accumulation,accumulation,coin,gold,1,false,25000,25582057085154,6205,5,5,1,6,0,0,0,0,2,137605,200000,71,2,68.8,bonus_ctng_gae1_no_village_over_90,107,700000,,,,,35,16,15,4,7,13,1,1,1,35,16,15,4,7,13,1,1,1,1,8,8,false,MAX,4,0,4,V1,3,1,5,30,30,1,0,3_5_fbios_PABUnityIAPiOSDefensiveBase,segment_tag_core_slot_prob_nu_29_06_var_a
74398,2026-04-20 07:06:42,1,4,6,coin,steal,spins,gold,1,false,25000,25582057110154,6204,5,5,1,6,0,1,0,1,0,137605,200000,71,0,68.8,bonus_ctng_gae1_no_village_over_90,107,700000,,LongExtraDayReduced,,"{""slot_on_"":""17115\/48000@m22""}",36,16,16,4,8,13,1,1,1,36,16,16,4,8,13,1,1,1,6,4,1,false,SMALL,-1,-2,1,V1,3,1,5,1,4,6,0,3_5_fbios_PABUnityIAPiOSDefensiveBase,segment_tag_core_slot_prob_nu_29_06_var_a
74399,2026-04-20 07:06:43,3,3,3,attack,attack,attack,attack,2,true,0,25582057110154,6203,5,5,1,6,3,0,0,0,0,137605,200000,71,0,68.8,bonus_ctng_gae1_no_village_over_90,107,700000,LongExtraDayReduced,,,"{""eb883353"":""24756\/40000@m18"",""slot_on_"":""17116\/48000@m22""}",37,19,16,4,8,13,2,1,1,37,19,16,4,8,13,2,1,1,0,0,0,false,SMALL,-1,-2,1,V1,3,1,5,3,3,3,0,3_5_fbios_PABUnityIAPiOSDefensiveBase,segment_tag_core_slot_prob_nu_29_06_var_a
74400,2026-04-20 07:06:48,2,2,2,goldSack,goldSack,goldSack,gold,1,true,2000000,25582067690154,6202,5,5,1,6,0,0,0,0,0,137605,200000,71,0,68.8,bonus_ctng_gae1_no_village_over_90,107,700000,,,,,38,19,16,4,8,13,2,1,1,38,19,16,4,8,13,2,1,1,3,7,7,false,MAX,5,4,1,V1,3,1,5,2,2,2,0,3_5_fbios_PABUnityIAPiOSDefensiveBase,segment_tag_core_slot_prob_nu_29_06_var_a
74401,2026-04-20 07:06:49,1,1,4,coin,coin,steal,gold,1,false,50000,25582067740154,6201,5,5,1,6,0,1,0,0,0,137605,200000,71,0,68.8,bonus_ctng_gae1_no_village_over_90,107,700000,,,,"{""2bd8e5f9"":""10948\/11000@m34""}",39,19,17,4,8,13,2,1,1,39,19,17,4,8,13,2,1,1,4,1,1,false,SMALL,-1,-2,1,V1,3,1,5,1,1,4,0,3_5_fbios_PABUnityIAPiOSDefensiveBase,segment_tag_core_slot_prob_nu_29_06_var_a
74402,2026-04-20 07:06:49,1,1,1,coin,coin,coin,gold,1,true,250000,25582067990154,6200,5,5,1,6,0,0,0,0,0,137605,200000,71,0,68.8,bonus_ctng_gae1_no_village_over_90,107,700000,,,,,40,19,17,4,8,13,2,1,1,40,19,17,4,8,13,2,1,1,5,1,1,false,MIN,-3,-3,0,V1,3,1,5,1,1,1,0,3_5_fbios_PABUnityIAPiOSDefensiveBase,segment_tag_core_slot_prob_nu_29_06_var_a
74403,2026-04-20 07:06:50,3,1,1,attack,coin,coin,gold,1,false,50000,25582068040154,6199,5,5,1,6,1,0,0,0,0,137605,200000,71,0,68.8,bonus_ctng_gae1_no_village_over_90,107,700000,,,,,41,20,17,4,8,13,2,1,1,41,20,17,4,8,13,2,1,1,5,5,0,false,SMALL,-1,-1,0,V1,3,1,5,3,1,1,0,3_5_fbios_PABUnityIAPiOSDefensiveBase,segment_tag_core_slot_prob_nu_29_06_var_a
74404,2026-04-20 07:06:51,1,4,6,coin,steal,spins,gold,1,false,25000,25582068065154,6198,5,5,1,6,0,1,0,1,0,137605,200000,71,0,68.8,bonus_ctng_gae1_no_village_over_90,107,700000,,,,,42,20,18,4,9,13,2,1,1,42,20,18,4,9,13,2,1,1,-1,-1,-1,false,,0,0,0,,-1,-1,-1,-1,-1,-1,0,3_5_fbios_PABUnityIAPiOSDefensiveBase,segment_tag_core_slot_prob_nu_29_06_var_a
74405,2026-04-20 07:06:51,5,5,5,shield,shield,shield,shield,3,true,1,25582068065154,6198,5,5,1,6,0,0,3,0,0,137605,200000,71,0,68.8,bonus_ctng_gae1_no_village_over_90,107,700000,LongExtraDayReduced,,,"{""slot_on_"":""17117\/48000@m22"",""2bd8e5f9"":""10949\/11000@m34""}",43,20,18,7,9,13,2,1,2,43,20,18,7,9,13,2,1,2,2,2,2,false,SMALL,-1,-1,0,V1,3,1,5,5,5,5,0,3_5_fbios_PABUnityIAPiOSDefensiveBase,segment_tag_core_slot_prob_nu_29_06_var_a
74406,2026-04-20 07:06:53,1,4,6,coin,steal,spins,gold,1,false,25000,25582068090154,6197,5,5,1,6,0,1,0,1,0,137605,200000,71,0,68.8,bonus_ctng_gae1_no_village_over_90,107,700000,,,LongExtraDayReduced,"{""slot_on_"":""17118\/48000@m22""}",44,20,19,7,10,13,2,1,2,44,20,19,7,10,13,2,1,2,6,4,1,false,SMALL,-2,-2,0,V1,3,1,5,1,4,6,0,3_5_fbios_PABUnityIAPiOSDefensiveBase,segment_tag_core_slot_prob_nu_29_06_var_a
74407,2026-04-20 07:06:54,1,4,6,coin,steal,spins,gold,1,false,25000,25582068115154,6196,5,5,1,6,0,1,0,1,0,137605,200000,71,0,68.8,bonus_ctng_gae1_no_village_over_90,107,700000,LongExtraDayReduced,,LongExtraDayReduced,"{""slot_on_"":""17120\/48000@m22""}",45,20,20,7,11,13,2,1,2,45,20,20,7,11,13,2,1,2,6,4,1,false,MIN,-4,-2,-2,V1,3,1,5,1,4,6,0,3_5_fbios_PABUnityIAPiOSDefensiveBase,segment_tag_core_slot_prob_nu_29_06_var_a
74408,2026-04-20 07:06:55,3,3,3,attack,attack,attack,attack,2,true,0,25582068115154,6195,5,5,1,6,3,0,0,0,0,137605,200000,71,0,68.8,bonus_ctng_gae1_no_village_over_90,107,700000,,,,,46,23,20,7,11,13,3,1,2,46,23,20,7,11,13,3,1,2,0,0,0,false,MIN,-4,-2,-2,V1,3,1,5,3,3,3,0,3_5_fbios_PABUnityIAPiOSDefensiveBase,segment_tag_core_slot_prob_nu_29_06_var_a
74409,2026-04-20 07:08:26,1,1,1,coin,coin,coin,gold,1,true,250000,25582094365154,6194,5,5,1,6,0,0,0,0,0,137605,200000,71,0,68.8,bonus_ctng_gae1_no_village_over_90,107,700000,,,,,47,23,20,7,11,13,3,1,2,47,23,20,7,11,13,3,1,2,5,1,1,false,MIN,-5,-3,-2,V1,3,1,5,1,1,1,0,3_5_fbios_PABUnityIAPiOSDefensiveBase,segment_tag_core_slot_prob_nu_29_06_var_a
74410,2026-04-20 07:08:27,30,30,30,accumulation,accumulation,accumulation,gold,10,true,0,25582094365154,6193,5,5,1,6,0,0,0,0,3,137615,200000,71,10,68.8,bonus_ctng_gae1_no_village_over_90,107,700000,,,,,48,23,20,7,11,16,3,1,2,48,23,20,7,11,16,3,1,2,-1,-1,-1,false,,0,0,0,,-1,-1,-1,-1,-1,-1,0,3_5_fbios_PABUnityIAPiOSDefensiveBase,segment_tag_core_slot_prob_nu_29_06_var_a
74411,2026-04-20 07:08:28,3,3,2,attack,attack,goldSack,gold,1,false,100000,25582094465154,6192,5,5,1,6,2,0,0,0,0,137615,200000,71,0,68.8,bonus_ctng_gae1_no_village_over_90,107,700000,,,,,1,2,0,0,0,0,0,0,0,49,25,20,7,11,16,3,1,2,3,0,0,false,SMALL,-2,0,-2,V1,3,1,5,3,3,2,0,3_5_fbios_PABUnityIAPiOSDefensiveBase,segment_tag_core_slot_prob_nu_29_06_var_a
74412,2026-04-20 07:08:29,30,2,2,accumulation,goldSack,goldSack,gold,1,false,150000,25582094615154,6191,5,5,1,6,0,0,0,0,1,137616,200000,71,1,68.8,bonus_ctng_gae1_no_village_over_90,107,700000,,,,"{""2bd8e5f9"":""10950\/11000@m34""}",2,2,0,0,0,1,0,0,0,50,25,20,7,11,17,3,1,2,3,7,8,false,MAX,5,5,0,V1,3,1,5,30,2,2,0,3_5_fbios_PABUnityIAPiOSDefensiveBase,segment_tag_core_slot_prob_nu_29_06_var_a
74413,2026-04-20 07:08:30,3,3,3,attack,attack,attack,attack,2,true,0,25582094615154,6190,5,5,1,6,3,0,0,0,0,137616,200000,71,0,68.8,bonus_ctng_gae1_no_village_over_90,107,700000,,,,,3,5,0,0,0,1,1,0,0,51,28,20,7,11,17,4,1,2,0,0,0,false,NORMAL,1,-2,3,V1,3,1,5,3,3,3,0,3_5_fbios_PABUnityIAPiOSDefensiveBase,segment_tag_core_slot_prob_nu_29_06_var_a
74414,2026-04-20 07:08:36,4,4,4,steal,steal,steal,steal,4,true,0,25582120615154,6189,5,5,1,6,0,3,0,0,0,137616,200000,71,0,68.8,bonus_ctng_gae1_no_village_over_90,107,700000,,,,,4,5,3,0,0,1,1,1,0,52,28,23,7,11,17,4,2,2,4,4,4,false,NORMAL,0,-3,3,V1,3,1,5,4,4,4,0,3_5_fbios_PABUnityIAPiOSDefensiveBase,segment_tag_core_slot_prob_nu_29_06_var_a
74415,2026-04-20 07:08:47,3,1,1,attack,coin,coin,gold,1,false,50000,25582279257154,6188,5,5,1,6,1,0,0,0,0,137616,200000,71,0,68.8,bonus_ctng_gae1_no_village_over_90,107,700000,LongExtraDayReduced,,,"{""slot_on_"":""17121\/48000@m22""}",5,6,3,0,0,1,1,1,0,53,29,23,7,11,17,4,2,2,1,1,0,false,BIG,3,0,3,V1,3,1,5,3,1,1,0,3_5_fbios_PABUnityIAPiOSDefensiveBase,segment_tag_core_slot_prob_nu_29_06_var_a
74416,2026-04-20 07:08:48,2,2,2,goldSack,goldSack,goldSack,gold,1,true,2000000,25582281257154,6187,5,5,1,6,0,0,0,0,0,137616,200000,71,0,68.8,bonus_ctng_gae1_no_village_over_90,107,700000,LongExtraDayReduced,LongExtraDayReduced,,"{""slot_on_"":""17123\/48000@m22""}",6,6,3,0,0,1,1,1,0,54,29,23,7,11,17,4,2,2,7,3,3,false,MAX,5,2,3,V1,3,1,5,2,2,2,0,3_5_fbios_PABUnityIAPiOSDefensiveBase,segment_tag_core_slot_prob_nu_29_06_var_a
74417,2026-04-20 07:08:49,3,3,2,attack,attack,goldSack,gold,1,false,100000,25582281357154,6186,5,5,1,6,2,0,0,0,0,137616,200000,71,0,68.8,bonus_ctng_gae1_no_village_over_90,107,700000,,,,,7,8,3,0,0,1,1,1,0,55,31,23,7,11,17,4,2,2,7,0,0,false,NORMAL,1,-2,3,V1,3,1,5,3,3,2,0,3_5_fbios_PABUnityIAPiOSDefensiveBase,segment_tag_core_slot_prob_nu_29_06_var_a
74418,2026-04-20 07:08:49,3,6,2,attack,spins,goldSack,gold,1,false,100000,25582281457154,6185,5,5,1,6,1,0,0,1,0,137616,200000,71,0,68.8,bonus_ctng_gae1_no_village_over_90,107,700000,,,LongExtraDayReduced,"{""eb883353"":""24758\/40000@m18"",""slot_on_"":""17124\/48000@m22""}",8,9,3,0,1,1,1,1,0,56,32,23,7,12,17,4,2,2,3,6,0,false,MAX,5,1,4,V1,3,1,5,3,6,2,0,3_5_fbios_PABUnityIAPiOSDefensiveBase,segment_tag_core_slot_prob_nu_29_06_var_a
74419,2026-04-20 07:08:50,1,4,4,coin,steal,steal,gold,1,false,25000,25582281482154,6184,5,5,1,6,0,2,0,0,0,137616,200000,71,0,68.8,bonus_ctng_gae1_no_village_over_90,107,700000,,,,,9,9,5,0,1,1,1,1,0,57,32,25,7,12,17,4,2,2,4,4,1,false,SMALL,-2,-4,2,V1,3,1,5,1,4,4,0,3_5_fbios_PABUnityIAPiOSDefensiveBase,segment_tag_core_slot_prob_nu_29_06_var_a
74420,2026-04-20 07:08:51,30,2,2,accumulation,goldSack,goldSack,gold,1,false,150000,25582281632154,6183,5,5,1,6,0,0,0,0,1,137617,200000,71,1,68.8,bonus_ctng_gae1_no_village_over_90,107,700000,LongExtraDayReduced,,LongExtraDayReduced,"{""slot_on_"":""17126\/48000@m22"",""2bd8e5f9"":""10951\/11000@m34""}",10,9,5,0,1,2,1,1,0,58,32,25,7,12,18,4,2,2,3,7,8,false,MAX,7,5,2,V1,3,1,5,30,2,2,0,3_5_fbios_PABUnityIAPiOSDefensiveBase,segment_tag_core_slot_prob_nu_29_06_var_a
74421,2026-04-20 07:08:53,30,2,2,accumulation,goldSack,goldSack,gold,1,false,150000,25582281782154,6182,5,5,1,6,0,0,0,0,1,137618,200000,71,1,68.8,bonus_ctng_gae1_no_village_over_90,107,700000,,,,,11,9,5,0,1,3,1,1,0,59,32,25,7,12,19,4,2,2,3,3,8,false,BIG,2,2,0,V1,3,1,5,30,2,2,0,3_5_fbios_PABUnityIAPiOSDefensiveBase,segment_tag_core_slot_prob_nu_29_06_var_a
74422,2026-04-20 07:08:54,4,4,4,steal,steal,steal,steal,4,true,0,25582281782154,6181,5,5,1,6,0,3,0,0,0,137618,200000,71,0,68.8,bonus_ctng_gae1_no_village_over_90,107,700000,,,,,12,9,8,0,1,3,1,2,0,60,32,28,7,12,19,4,3,2,4,4,4,false,BIG,2,-3,5,V1,3,1,5,4,4,4,0,3_5_fbios_PABUnityIAPiOSDefensiveBase,segment_tag_core_slot_prob_nu_29_06_var_a
74423,2026-04-20 07:15:55,3,6,2,attack,spins,goldSack,gold,1,false,100000,25582360318154,6180,5,5,1,6,1,0,0,1,0,137618,200000,71,0,68.8,bonus_ctng_gae1_no_village_over_90,107,700000,,,,,13,10,8,0,2,3,1,2,0,61,33,28,7,13,19,4,3,2,7,6,0,false,MAX,4,-1,5,V1,3,1,5,3,6,2,0,3_5_fbios_PABUnityIAPiOSDefensiveBase,segment_tag_core_slot_prob_nu_29_06_var_a
74424,2026-04-20 07:15:56,1,1,4,coin,coin,steal,gold,1,false,50000,25582360368154,6179,5,5,1,6,0,1,0,0,0,137618,200000,71,0,68.8,bonus_ctng_gae1_no_village_over_90,107,700000,,,,,14,10,9,0,2,3,1,2,0,62,33,29,7,13,19,4,3,2,4,1,1,false,SMALL,-1,-2,1,V1,3,1,5,1,1,4,0,3_5_fbios_PABUnityIAPiOSDefensiveBase,segment_tag_core_slot_prob_nu_29_06_var_a
74425,2026-04-20 07:15:57,3,1,1,attack,coin,coin,gold,1,false,50000,25582360418154,6178,5,5,1,6,1,0,0,0,0,137618,200000,71,0,68.8,bonus_ctng_gae1_no_village_over_90,107,700000,,,,,15,11,9,0,2,3,1,2,0,63,34,29,7,13,19,4,3,2,1,5,0,false,NORMAL,1,0,1,V1,3,1,5,3,1,1,0,3_5_fbios_PABUnityIAPiOSDefensiveBase,segment_tag_core_slot_prob_nu_29_06_var_a
74426,2026-04-20 07:15:58,2,2,2,goldSack,goldSack,goldSack,gold,1,true,2000000,25582362418154,6177,5,5,1,6,0,0,0,0,0,137618,200000,71,0,68.8,bonus_ctng_gae1_no_village_over_90,107,700000,,,,"{""2bd8e5f9"":""10952\/11000@m34""}",16,11,9,0,2,3,1,2,0,64,34,29,7,13,19,4,3,2,-1,-1,-1,false,,0,0,0,,-1,-1,-1,-1,-1,-1,0,3_5_fbios_PABUnityIAPiOSDefensiveBase,segment_tag_core_slot_prob_nu_29_06_var_a
74427,2026-04-20 07:16:00,3,3,2,attack,attack,goldSack,gold,1,false,100000,25582362518154,6176,5,5,1,6,2,0,0,0,0,137618,200000,71,0,68.8,bonus_ctng_gae1_no_village_over_90,107,700000,LongExtraDayReduced,,,"{""slot_on_"":""17127\/48000@m22""}",17,13,9,0,2,3,1,2,0,65,36,29,7,13,19,4,3,2,7,0,0,false,SMALL,-1,-2,1,V1,3,1,5,3,3,2,0,3_5_fbios_PABUnityIAPiOSDefensiveBase,segment_tag_core_slot_prob_nu_29_06_var_a
74428,2026-04-20 07:16:01,3,3,3,attack,attack,attack,attack,2,true,0,25582362518154,6175,5,5,1,6,3,0,0,0,0,137618,200000,71,0,68.8,bonus_ctng_gae1_no_village_over_90,107,700000,,,LongExtraDayReduced,"{""slot_on_"":""17128\/48000@m22""}",18,16,9,0,2,3,2,2,0,66,39,29,7,13,19,5,3,2,0,0,0,false,NORMAL,1,-2,3,V1,3,1,5,3,3,3,0,3_5_fbios_PABUnityIAPiOSDefensiveBase,segment_tag_core_slot_prob_nu_29_06_var_a
74429,2026-04-20 07:16:16,30,2,2,accumulation,goldSack,goldSack,gold,1,false,150000,25582388668154,6174,5,5,1,6,0,0,0,0,1,137619,200000,71,1,68.8,bonus_ctng_gae1_no_village_over_90,107,700000,LongExtraDayReduced,,,"{""eb883353"":""24760\/40000@m18"",""slot_on_"":""17129\/48000@m22""}",19,16,9,0,2,4,2,2,0,67,39,29,7,13,20,5,3,2,7,7,8,false,MAX,11,7,4,V1,3,1,5,30,2,2,0,3_5_fbios_PABUnityIAPiOSDefensiveBase,segment_tag_core_slot_prob_nu_29_06_var_a
74430,2026-04-20 07:16:17,30,30,1,accumulation,accumulation,coin,gold,1,false,25000,25582388693154,6173,5,5,1,6,0,0,0,0,2,137621,200000,71,2,68.8,bonus_ctng_gae1_no_village_over_90,107,700000,,,,,20,16,9,0,2,6,2,2,0,68,39,29,7,13,22,5,3,2,5,8,8,false,BIG,3,-1,4,V1,3,1,5,30,30,1,0,3_5_fbios_PABUnityIAPiOSDefensiveBase,segment_tag_core_slot_prob_nu_29_06_var_a
74431,2026-04-20 07:16:19,3,3,3,attack,attack,attack,attack,2,true,0,25582388693154,6172,5,5,1,6,3,0,0,0,0,137621,200000,71,0,68.8,bonus_ctng_gae1_no_village_over_90,107,700000,,,,,21,19,9,0,2,6,3,2,0,69,42,29,7,13,22,6,3,2,0,0,0,false,NORMAL,0,-2,2,V1,3,1,5,3,3,3,0,3_5_fbios_PABUnityIAPiOSDefensiveBase,segment_tag_core_slot_prob_nu_29_06_var_a
74432,2026-04-20 07:16:24,30,2,2,accumulation,goldSack,goldSack,gold,1,false,150000,25582414843154,6171,5,5,1,6,0,0,0,0,1,137622,200000,71,1,68.8,bonus_ctng_gae1_no_village_over_90,107,700000,,,,,22,19,9,0,2,7,3,2,0,70,42,29,7,13,23,6,3,2,3,7,8,false,MAX,6,5,1,V1,3,1,5,30,2,2,0,3_5_fbios_PABUnityIAPiOSDefensiveBase,segment_tag_core_slot_prob_nu_29_06_var_a
74433,2026-04-20 07:16:26,3,3,2,attack,attack,goldSack,gold,1,false,15000000,25582429843154,6021,5,5,150,6,2,0,0,0,0,137622,200000,71,0,68.8,bonus_ctng_gae1_no_village_over_90,107,700000,,,,"{""2bd8e5f9"":""102\/12000@m35""}",23,21,9,0,2,7,3,2,0,71,44,29,7,13,23,6,3,2,3,0,0,false,BIG,2,0,2,V1,3,1,5,3,3,2,0,3_5_fbios_PABUnityIAPiOSDefensiveBase,segment_tag_core_slot_prob_nu_29_06_var_a
74434,2026-04-20 07:16:29,1,6,6,coin,spins,spins,gold,1,false,3750000,25582433593154,5871,5,5,150,6,0,0,0,2,0,137622,200000,71,0,68.8,bonus_ctng_gae1_no_village_over_90,107,700000,,LongExtraDayReduced,,"{""slot_on_"":""17279\/48000@m22""}",24,21,9,0,4,7,3,2,0,72,44,29,7,15,23,6,3,2,6,6,1,false,SMALL,-1,-2,1,V1,3,1,5,1,6,6,0,3_5_fbios_PABUnityIAPiOSDefensiveBase,segment_tag_core_slot_prob_nu_29_06_var_a
74435,2026-04-20 07:16:30,2,2,2,goldSack,goldSack,goldSack,gold,1,true,300000000,25582733593154,5721,5,5,150,6,0,0,0,0,0,137622,200000,71,0,68.8,bonus_ctng_gae1_no_village_over_90,107,700000,LongExtraDayReduced,,,"{""slot_on_"":""17429\/48000@m22""}",25,21,9,0,4,7,3,2,0,73,44,29,7,15,23,6,3,2,3,7,7,false,MAX,5,4,1,V1,3,1,5,2,2,2,0,3_5_fbios_PABUnityIAPiOSDefensiveBase,segment_tag_core_slot_prob_nu_29_06_var_a
74436,2026-04-20 07:16:31,1,5,5,coin,shield,shield,gold,1,false,3750000,25582737343154,5571,5,5,150,6,0,0,2,0,0,137622,200000,71,0,68.8,bonus_ctng_gae1_no_village_over_90,107,700000,,,LongExtraDayReduced,"{""slot_on_"":""17579\/48000@m22""}",26,21,9,2,4,7,3,2,0,74,44,29,9,15,23,6,3,2,2,2,1,false,SMALL,-2,-3,1,V1,3,1,5,1,5,5,0,3_5_fbios_PABUnityIAPiOSDefensiveBase,segment_tag_core_slot_prob_nu_29_06_var_a
74437,2026-04-20 07:16:32,3,1,5,attack,coin,shield,gold,1,false,3750000,25582741093154,5421,5,5,150,6,1,0,1,0,0,137622,200000,71,0,68.8,bonus_ctng_gae1_no_village_over_90,107,700000,,,,,27,22,9,3,4,7,3,2,0,75,45,29,10,15,23,6,3,2,2,5,0,false,BIG,2,0,2,V1,3,1,5,3,1,5,0,3_5_fbios_PABUnityIAPiOSDefensiveBase,segment_tag_core_slot_prob_nu_29_06_var_a
74438,2026-04-20 07:16:32,1,6,6,coin,spins,spins,gold,1,false,3750000,25582744843154,5271,5,5,150,6,0,0,0,2,0,137622,200000,71,0,68.8,bonus_ctng_gae1_no_village_over_90,107,700000,,,,"{""eb883353"":""25060\/40000@m18"",""2bd8e5f9"":""252\/12000@m35""}",28,22,9,3,6,7,3,2,0,76,45,29,10,17,23,6,3,2,-1,-1,-1,false,,0,0,0,,-1,-1,-1,-1,-1,-1,0,3_5_fbios_PABUnityIAPiOSDefensiveBase,segment_tag_core_slot_prob_nu_29_06_var_a
74439,2026-04-20 07:16:34,2,2,2,goldSack,goldSack,goldSack,gold,1,true,300000000,25583044843154,5121,5,5,150,6,0,0,0,0,0,137622,200000,71,0,68.8,bonus_ctng_gae1_no_village_over_90,107,700000,,,,,29,22,9,3,6,7,3,2,0,77,45,29,10,17,23,6,3,2,3,7,3,false,MAX,6,4,2,V1,3,1,5,2,2,2,0,3_5_fbios_PABUnityIAPiOSDefensiveBase,segment_tag_core_slot_prob_nu_29_06_var_a
74440,2026-04-20 07:16:34,1,1,1,coin,coin,coin,gold,1,true,37500000,25583082343154,4971,5,5,150,6,0,0,0,0,0,137622,200000,71,0,68.8,bonus_ctng_gae1_no_village_over_90,107,700000,,,,,30,22,9,3,6,7,3,2,0,78,45,29,10,17,23,6,3,2,1,5,5,false,MAX,4,0,4,V1,3,1,5,1,1,1,0,3_5_fbios_PABUnityIAPiOSDefensiveBase,segment_tag_core_slot_prob_nu_29_06_var_a
74441,2026-04-20 07:16:54,3,6,2,attack,spins,goldSack,gold,1,false,15000000,25583097343154,4901,5,5,150,6,1,0,0,1,0,137622,200000,71,0,68.8,bonus_ctng_gae1_no_village_over_90,107,700000,,,,,31,23,9,3,7,7,3,2,0,79,46,29,10,18,23,6,3,2,7,6,0,false,BIG,3,-1,4,V1,3,1,5,3,6,2,0,3_5_fbios_PABUnityIAPiOSDefensiveBase,segment_tag_core_slot_prob_nu_29_06_var_a
74442,2026-04-20 07:16:54,1,1,4,coin,coin,steal,gold,1,false,7500000,25583104843154,4751,5,5,150,6,0,1,0,0,0,137622,200000,71,0,68.8,bonus_ctng_gae1_no_village_over_90,107,700000,,,,,32,23,10,3,7,7,3,2,0,80,46,30,10,18,23,6,3,2,4,1,5,false,BIG,3,0,3,V1,3,1,5,1,1,4,0,3_5_fbios_PABUnityIAPiOSDefensiveBase,segment_tag_core_slot_prob_nu_29_06_var_a
74443,2026-04-20 07:16:57,1,4,6,coin,steal,spins,gold,1,false,3750000,25583108593154,4601,5,5,150,6,0,1,0,1,0,137622,200000,71,0,68.8,bonus_ctng_gae1_no_village_over_90,107,700000,,,,,33,23,11,3,8,7,3,2,0,81,46,31,10,19,23,6,3,2,6,4,1,false,SMALL,-2,-2,0,V1,3,1,5,1,4,6,0,3_5_fbios_PABUnityIAPiOSDefensiveBase,segment_tag_core_slot_prob_nu_29_06_var_a
74444,2026-04-20 07:16:58,4,4,4,steal,steal,steal,steal,4,true,0,25583108593154,4451,5,5,150,6,0,3,0,0,0,137622,200000,71,0,68.8,bonus_ctng_gae1_no_village_over_90,107,700000,,,,"{""eb883353"":""25360\/40000@m18"",""2bd8e5f9"":""402\/12000@m35""}",34,23,14,3,8,7,3,3,0,82,46,34,10,19,23,6,4,2,4,4,4,false,MIN,-3,-3,0,V1,3,1,5,4,4,4,0,3_5_fbios_PABUnityIAPiOSDefensiveBase,segment_tag_core_slot_prob_nu_29_06_var_a
74445,2026-04-20 07:17:10,1,4,6,coin,steal,spins,gold,1,false,3750000,25607324243154,4531,5,5,150,6,0,1,0,1,0,137622,200000,71,0,68.8,bonus_ctng_gae1_no_village_over_90,107,700000,,,,,35,23,15,3,9,7,3,3,0,83,46,35,10,20,23,6,4,2,6,4,5,false,NORMAL,0,0,0,V1,3,1,5,1,4,6,0,3_5_fbios_PABUnityIAPiOSDefensiveBase,segment_tag_core_slot_prob_nu_29_06_var_a
74446,2026-04-20 07:17:12,6,6,6,spins,spins,spins,spins,5,true,1500,25607324243154,5881,5,5,150,6,0,0,0,3,0,137622,200000,71,0,68.8,bonus_ctng_gae1_no_village_over_90,107,700000,,,,,36,23,15,3,12,7,3,3,0,84,46,35,10,23,23,6,4,2,6,6,6,true,BIG,2,0,2,V1,3,1,5,6,6,6,0,3_5_fbios_PABUnityIAPiOSDefensiveBase,segment_tag_core_slot_prob_nu_29_06_var_a
74447,2026-04-20 07:17:16,1,1,1,coin,coin,coin,gold,1,true,250000,25607324493154,5880,5,5,1,6,0,0,0,0,0,137622,200000,71,0,68.8,bonus_ctng_gae1_no_village_over_90,107,700000,,,,,37,23,15,3,12,7,3,3,0,1,0,0,0,0,0,0,0,0,5,5,1,false,MIN,-3,-3,0,V1,3,1,5,1,1,1,0,3_5_fbios_PABUnityIAPiOSDefensiveBase,segment_tag_core_slot_prob_nu_29_06_var_a
74448,2026-04-20 07:17:17,3,3,3,attack,attack,attack,attack,2,true,0,25607324493154,5879,5,5,1,6,3,0,0,0,0,137622,200000,71,0,68.8,bonus_ctng_gae1_no_village_over_90,107,700000,,,,,38,26,15,3,12,7,4,3,0,2,3,0,0,0,0,1,0,0,0,0,0,false,SMALL,-2,-2,0,V1,3,1,5,3,3,3,0,3_5_fbios_PABUnityIAPiOSDefensiveBase,segment_tag_core_slot_prob_nu_29_06_var_a
74449,2026-04-20 07:17:21,3,3,3,attack,attack,attack,attack,2,true,0,25607350493154,5878,5,5,1,6,3,0,0,0,0,137622,200000,71,0,68.8,bonus_ctng_gae1_no_village_over_90,107,700000,,,,,39,29,15,3,12,7,5,3,0,3,6,0,0,0,0,2,0,0,0,0,0,false,SMALL,-2,-2,0,V1,3,1,5,3,3,3,0,3_5_fbios_PABUnityIAPiOSDefensiveBase,segment_tag_core_slot_prob_nu_29_06_var_a
74450,2026-04-20 07:17:36,30,2,2,accumulation,goldSack,goldSack,gold,1,false,150000,25607376643154,5877,5,5,1,6,0,0,0,0,1,137623,200000,71,1,68.8,bonus_ctng_gae1_no_village_over_90,107,700000,LongExtraDayReduced,,,"{""slot_on_"":""17580\/48000@m22""}",40,29,15,3,12,8,5,3,0,4,6,0,0,0,1,2,0,0,3,3,8,false,MAX,5,2,3,V1,3,1,5,30,2,2,0,3_5_fbios_PABUnityIAPiOSDefensiveBase,segment_tag_core_slot_prob_nu_29_06_var_a
74451,2026-04-20 07:17:37,1,1,4,coin,coin,steal,gold,1,false,50000,25607376693154,5876,5,5,1,6,0,1,0,0,0,137623,200000,71,0,68.8,bonus_ctng_gae1_no_village_over_90,107,700000,,,,,41,29,16,3,12,8,5,3,0,5,6,1,0,0,1,2,0,0,4,5,1,false,SMALL,-1,-2,1,V1,3,1,5,1,1,4,0,3_5_fbios_PABUnityIAPiOSDefensiveBase,segment_tag_core_slot_prob_nu_29_06_var_a
74452,2026-04-20 07:17:38,30,30,1,accumulation,accumulation,coin,gold,1,false,25000,25607376718154,5875,5,5,1,6,0,0,0,0,2,137625,200000,71,2,68.8,bonus_ctng_gae1_no_village_over_90,107,700000,,,,"{""2bd8e5f9"":""403\/12000@m35""}",42,29,16,3,12,10,5,3,0,6,6,1,0,0,3,2,0,0,1,8,8,false,NORMAL,1,0,1,V1,3,1,5,30,30,1,0,3_5_fbios_PABUnityIAPiOSDefensiveBase,segment_tag_core_slot_prob_nu_29_06_var_a
74453,2026-04-20 07:17:40,1,1,4,coin,coin,steal,gold,1,false,50000,25607376768154,5874,5,5,1,6,0,1,0,0,0,137625,200000,71,0,68.8,bonus_ctng_gae1_no_village_over_90,107,700000,,,,,43,29,17,3,12,10,5,3,0,7,6,2,0,0,3,2,0,0,4,5,5,false,NORMAL,0,0,0,V1,3,1,5,1,1,4,0,3_5_fbios_PABUnityIAPiOSDefensiveBase,segment_tag_core_slot_prob_nu_29_06_var_a
74454,2026-04-20 07:17:41,30,30,1,accumulation,accumulation,coin,gold,1,false,25000,25607376793154,5873,5,5,1,6,0,0,0,0,2,137627,200000,71,2,68.8,bonus_ctng_gae1_no_village_over_90,107,700000,LongExtraDayReduced,,,"{""slot_on_"":""17581\/48000@m22""}",44,29,17,3,12,12,5,3,0,8,6,2,0,0,5,2,0,0,-1,-1,-1,false,,0,0,0,,-1,-1,-1,-1,-1,-1,0,3_5_fbios_PABUnityIAPiOSDefensiveBase,segment_tag_core_slot_prob_nu_29_06_var_a
74455,2026-04-20 07:17:43,3,1,4,attack,coin,steal,gold,1,false,25000,25607376818154,5872,5,5,1,6,1,1,0,0,0,137627,200000,71,0,68.8,bonus_ctng_gae1_no_village_over_90,107,700000,,,,,45,30,18,3,12,12,5,3,0,9,7,3,0,0,5,2,0,0,4,5,0,false,BIG,2,0,2,V1,3,1,5,3,1,4,0,3_5_fbios_PABUnityIAPiOSDefensiveBase,segment_tag_core_slot_prob_nu_29_06_var_a
74456,2026-04-20 07:17:43,3,6,2,attack,spins,goldSack,gold,1,false,100000,25607376918154,5871,5,5,1,6,1,0,0,1,0,137627,200000,71,0,68.8,bonus_ctng_gae1_no_village_over_90,107,700000,,,,,46,31,18,3,13,12,5,3,0,10,8,3,0,1,5,2,0,0,7,6,0,false,NORMAL,1,-1,2,V1,3,1,5,3,6,2,0,3_5_fbios_PABUnityIAPiOSDefensiveBase,segment_tag_core_slot_prob_nu_29_06_var_a
74457,2026-04-20 07:17:44,3,6,2,attack,spins,goldSack,gold,1,false,100000,25607377018154,5870,5,5,1,6,1,0,0,1,0,137627,200000,71,0,68.8,bonus_ctng_gae1_no_village_over_90,107,700000,,,,"{""eb883353"":""25362\/40000@m18""}",47,32,18,3,14,12,5,3,0,11,9,3,0,2,5,2,0,0,7,6,0,false,NORMAL,1,-1,2,V1,3,1,5,3,6,2,0,3_5_fbios_PABUnityIAPiOSDefensiveBase,segment_tag_core_slot_prob_nu_29_06_var_a
74458,2026-04-20 07:17:45,5,5,5,shield,shield,shield,shield,3,true,1,25607377018154,5870,5,5,1,6,0,0,3,0,0,137627,200000,71,0,68.8,bonus_ctng_gae1_no_village_over_90,107,700000,,,,,48,32,18,6,14,12,5,3,1,12,9,3,3,2,5,2,0,1,2,2,2,false,NORMAL,1,-1,2,V1,3,1,5,5,5,5,0,3_5_fbios_PABUnityIAPiOSDefensiveBase,segment_tag_core_slot_prob_nu_29_06_var_a
74459,2026-04-20 07:17:46,30,30,30,accumulation,accumulation,accumulation,gold,10,true,0,25607377018154,5869,5,5,1,6,0,0,0,0,3,137637,200000,71,10,68.8,bonus_ctng_gae1_no_village_over_90,107,700000,,,LongExtraDayReduced,"{""slot_on_"":""17582\/48000@m22""}",49,32,18,6,14,15,5,3,1,13,9,3,3,2,8,2,0,1,8,8,8,true,BIG,2,0,2,V1,3,1,5,30,30,30,0,3_5_fbios_PABUnityIAPiOSDefensiveBase,segment_tag_core_slot_prob_nu_29_06_var_a
74460,2026-04-20 07:17:47,30,2,2,accumulation,goldSack,goldSack,gold,1,false,150000,25607377168154,5868,5,5,1,6,0,0,0,0,1,137638,200000,71,1,68.8,bonus_ctng_gae1_no_village_over_90,107,700000,,,,,1,0,0,0,0,1,0,0,0,14,9,3,3,2,9,2,0,1,7,3,8,false,MAX,4,3,1,V1,3,1,5,30,2,2,0,3_5_fbios_PABUnityIAPiOSDefensiveBase,segment_tag_core_slot_prob_nu_29_06_var_a
74461,2026-04-20 07:17:49,5,5,5,shield,shield,shield,shield,3,true,1,25607377168154,5868,5,5,1,6,0,0,3,0,0,137638,200000,71,0,68.8,bonus_ctng_gae1_no_village_over_90,107,700000,LongExtraDayReduced,LongExtraDayReduced,,"{""slot_on_"":""17584\/48000@m22""}",2,0,0,3,0,1,0,0,1,15,9,3,6,2,9,2,0,2,2,2,2,false,NORMAL,0,-1,1,V1,3,1,5,5,5,5,0,3_5_fbios_PABUnityIAPiOSDefensiveBase,segment_tag_core_slot_prob_nu_29_06_var_a
74462,2026-04-20 07:17:50,1,1,4,coin,coin,steal,gold,1,false,50000,25607377218154,5867,5,5,1,6,0,1,0,0,0,137638,200000,71,0,68.8,bonus_ctng_gae1_no_village_over_90,107,700000,,,,"{""2bd8e5f9"":""404\/12000@m35""}",3,0,1,3,0,1,0,0,1,16,9,4,6,2,9,2,0,2,4,1,1,false,MIN,-3,-2,-1,V1,3,1,5,1,1,4,0,3_5_fbios_PABUnityIAPiOSDefensiveBase,segment_tag_core_slot_prob_nu_29_06_var_a
74463,2026-04-20 07:17:51,30,2,2,accumulation,goldSack,goldSack,gold,1,false,150000,25607377368154,5866,5,5,1,6,0,0,0,0,1,137639,200000,71,1,68.8,bonus_ctng_gae1_no_village_over_90,107,700000,,,,,4,0,1,3,0,2,0,0,1,17,9,4,6,2,10,2,0,2,7,3,8,false,BIG,2,3,-1,V1,3,1,5,30,2,2,0,3_5_fbios_PABUnityIAPiOSDefensiveBase,segment_tag_core_slot_prob_nu_29_06_var_a
74464,2026-04-20 07:17:52,3,1,4,attack,coin,steal,gold,1,false,25000,25607377393154,5865,5,5,1,6,1,1,0,0,0,137639,200000,71,0,68.8,bonus_ctng_gae1_no_village_over_90,107,700000,,,,,5,1,2,3,0,2,0,0,1,18,10,5,6,2,10,2,0,2,4,1,0,false,SMALL,-2,0,-2,V1,3,1,5,3,1,4,0,3_5_fbios_PABUnityIAPiOSDefensiveBase,segment_tag_core_slot_prob_nu_29_06_var_a
74465,2026-04-20 07:17:52,3,6,2,attack,spins,goldSack,gold,1,false,100000,25607377493154,5864,5,5,1,6,1,0,0,1,0,137639,200000,71,0,68.8,bonus_ctng_gae1_no_village_over_90,107,700000,,,,,6,2,2,3,1,2,0,0,1,19,11,5,6,3,10,2,0,2,-1,-1,-1,false,,0,0,0,,-1,-1,-1,-1,-1,-1,0,3_5_fbios_PABUnityIAPiOSDefensiveBase,segment_tag_core_slot_prob_nu_29_06_var_a
74466,2026-04-20 07:17:53,2,2,2,goldSack,goldSack,goldSack,gold,1,true,2000000,25607379493154,5863,5,5,1,6,0,0,0,0,0,137639,200000,71,0,68.8,bonus_ctng_gae1_no_village_over_90,107,700000,,,,"{""2bd8e5f9"":""405\/12000@m35""}",7,2,2,3,1,2,0,0,1,20,11,5,6,3,10,2,0,2,3,3,3,false,BIG,2,2,0,V1,3,1,5,2,2,2,0,3_5_fbios_PABUnityIAPiOSDefensiveBase,segment_tag_core_slot_prob_nu_29_06_var_a
74467,2026-04-20 07:17:54,3,6,2,attack,spins,goldSack,gold,1,false,100000,25607379593154,5862,5,5,1,6,1,0,0,1,0,137639,200000,71,0,68.8,bonus_ctng_gae1_no_village_over_90,107,700000,,,,,8,3,2,3,2,2,0,0,1,21,12,5,6,4,10,2,0,2,7,6,0,false,NORMAL,1,-1,2,V1,3,1,5,3,6,2,0,3_5_fbios_PABUnityIAPiOSDefensiveBase,segment_tag_core_slot_prob_nu_29_06_var_a
74468,2026-04-20 07:17:55,1,1,1,coin,coin,coin,gold,1,true,250000,25607379843154,5861,5,5,1,6,0,0,0,0,0,137639,200000,71,0,68.8,bonus_ctng_gae1_no_village_over_90,107,700000,,,,,9,3,2,3,2,2,0,0,1,22,12,5,6,4,10,2,0,2,1,1,1,false,SMALL,-2,-2,0,V1,3,1,5,1,1,1,0,3_5_fbios_PABUnityIAPiOSDefensiveBase,segment_tag_core_slot_prob_nu_29_06_var_a
74469,2026-04-20 07:17:55,3,3,3,attack,attack,attack,attack,2,true,0,25607379843154,5860,5,5,1,6,3,0,0,0,0,137639,200000,71,0,68.8,bonus_ctng_gae1_no_village_over_90,107,700000,,,,,10,6,2,3,2,2,1,0,1,23,15,5,6,4,10,3,0,2,0,0,0,false,SMALL,-2,-2,0,V1,3,1,5,3,3,3,0,3_5_fbios_PABUnityIAPiOSDefensiveBase,segment_tag_core_slot_prob_nu_29_06_var_a
74470,2026-04-20 07:18:04,30,2,2,accumulation,goldSack,goldSack,gold,1,false,150000,25607388573154,5859,5,5,1,6,0,0,0,0,1,137640,200000,71,1,68.8,bonus_ctng_gae1_no_village_over_90,107,700000,,LongExtraDayReduced,,"{""slot_on_"":""17585\/48000@m22""}",11,6,2,3,2,3,1,0,1,24,15,5,6,4,11,3,0,2,3,3,8,false,BIG,3,2,1,V1,3,1,5,30,2,2,0,3_5_fbios_PABUnityIAPiOSDefensiveBase,segment_tag_core_slot_prob_nu_29_06_var_a
74471,2026-04-20 07:18:05,1,1,4,coin,coin,steal,gold,1,false,50000,25607388623154,5858,5,5,1,6,0,1,0,0,0,137640,200000,71,0,68.8,bonus_ctng_gae1_no_village_over_90,107,700000,,,,,12,6,3,3,2,3,1,0,1,25,15,6,6,4,11,3,0,2,4,1,1,false,SMALL,-1,-2,1,V1,3,1,5,1,1,4,0,3_5_fbios_PABUnityIAPiOSDefensiveBase,segment_tag_core_slot_prob_nu_29_06_var_a
74472,2026-04-20 07:18:06,30,2,2,accumulation,goldSack,goldSack,gold,1,false,150000,25607388773154,5857,5,5,1,6,0,0,0,0,1,137641,200000,71,1,68.8,bonus_ctng_gae1_no_village_over_90,107,700000,,,,"{""eb883353"":""25364\/40000@m18""}",13,6,3,3,2,4,1,0,1,26,15,6,6,4,12,3,0,2,-1,-1,-1,false,,0,0,0,,-1,-1,-1,-1,-1,-1,0,3_5_fbios_PABUnityIAPiOSDefensiveBase,segment_tag_core_slot_prob_nu_29_06_var_a
74473,2026-04-20 07:18:08,1,1,4,coin,coin,steal,gold,1,false,50000,25607388823154,5856,5,5,1,6,0,1,0,0,0,137641,200000,71,0,68.8,bonus_ctng_gae1_no_village_over_90,107,700000,,,,,14,6,4,3,2,4,1,0,1,27,15,7,6,4,12,3,0,2,4,1,5,false,NORMAL,1,0,1,V1,3,1,5,1,1,4,0,3_5_fbios_PABUnityIAPiOSDefensiveBase,segment_tag_core_slot_prob_nu_29_06_var_a
74474,2026-04-20 07:18:09,5,2,2,shield,goldSack,goldSack,gold,1,false,150000,25607388973154,5855,5,5,1,6,0,0,1,0,0,137641,200000,71,0,68.8,bonus_ctng_gae1_no_village_over_90,107,700000,,,,"{""2bd8e5f9"":""406\/12000@m35""}",15,6,4,4,2,4,1,0,1,28,15,7,7,4,12,3,0,2,3,7,2,false,MAX,5,4,1,V1,3,1,5,5,2,2,0,3_5_fbios_PABUnityIAPiOSDefensiveBase,segment_tag_core_slot_prob_nu_29_06_var_a
74475,2026-04-20 07:18:10,1,1,1,coin,coin,coin,gold,1,true,250000,25607389223154,5854,5,5,1,6,0,0,0,0,0,137641,200000,71,0,68.8,bonus_ctng_gae1_no_village_over_90,107,700000,,,,,16,6,4,4,2,4,1,0,1,29,15,7,7,4,12,3,0,2,1,1,1,false,SMALL,-2,-2,0,V1,3,1,5,1,1,1,0,3_5_fbios_PABUnityIAPiOSDefensiveBase,segment_tag_core_slot_prob_nu_29_06_var_a
74476,2026-04-20 07:18:10,2,2,2,goldSack,goldSack,goldSack,gold,1,true,2000000,25607391223154,5853,5,5,1,6,0,0,0,0,0,137641,200000,71,0,68.8,bonus_ctng_gae1_no_village_over_90,107,700000,,LongExtraDayReduced,,"{""eb883353"":""25366\/40000@m18"",""slot_on_"":""17586\/48000@m22""}",17,6,4,4,2,4,1,0,1,30,15,7,7,4,12,3,0,2,7,7,3,false,MAX,5,5,0,V1,3,1,5,2,2,2,0,3_5_fbios_PABUnityIAPiOSDefensiveBase,segment_tag_core_slot_prob_nu_29_06_var_a
74477,2026-04-20 07:18:11,3,6,2,attack,spins,goldSack,gold,1,false,100000,25607391323154,5852,5,5,1,6,1,0,0,1,0,137641,200000,71,0,68.8,bonus_ctng_gae1_no_village_over_90,107,700000,,,,,18,7,4,4,3,4,1,0,1,31,16,7,7,5,12,3,0,2,7,6,0,false,NORMAL,0,-1,1,V1,3,1,5,3,6,2,0,3_5_fbios_PABUnityIAPiOSDefensiveBase,segment_tag_core_slot_prob_nu_29_06_var_a
74478,2026-04-20 07:18:12,1,4,4,coin,steal,steal,gold,1,false,25000,25607391348154,5851,5,5,1,6,0,2,0,0,0,137641,200000,71,0,68.8,bonus_ctng_gae1_no_village_over_90,107,700000,,,,"{""2bd8e5f9"":""407\/12000@m35""}",19,7,6,4,3,4,1,0,1,32,16,9,7,5,12,3,0,2,4,4,1,false,MIN,-3,-4,1,V1,3,1,5,1,4,4,0,3_5_fbios_PABUnityIAPiOSDefensiveBase,segment_tag_core_slot_prob_nu_29_06_var_a
74479,2026-04-20 07:18:13,30,2,2,accumulation,goldSack,goldSack,gold,1,false,150000,25607391498154,5850,5,5,1,6,0,0,0,0,1,137642,200000,71,1,68.8,bonus_ctng_gae1_no_village_over_90,107,700000,,LongExtraDayReduced,,"{""slot_on_"":""17587\/48000@m22""}",20,7,6,4,3,5,1,0,1,33,16,9,7,5,13,3,0,2,3,7,8,false,MAX,6,5,1,V1,3,1,5,30,2,2,0,3_5_fbios_PABUnityIAPiOSDefensiveBase,segment_tag_core_slot_prob_nu_29_06_var_a
74480,2026-04-20 07:18:15,30,30,1,accumulation,accumulation,coin,gold,1,false,25000,25607391523154,5849,5,5,1,6,0,0,0,0,2,137644,200000,71,2,68.8,bonus_ctng_gae1_no_village_over_90,107,700000,LongExtraDayReduced,,LongExtraDayReduced,"{""slot_on_"":""17589\/48000@m22""}",21,7,6,4,3,7,1,0,1,34,16,9,7,5,15,3,0,2,5,8,8,false,SMALL,-1,-1,0,V1,3,1,5,30,30,1,0,3_5_fbios_PABUnityIAPiOSDefensiveBase,segment_tag_core_slot_prob_nu_29_06_var_a
74481,2026-04-20 07:18:17,3,6,2,attack,spins,goldSack,gold,1,false,100000,25607391623154,5848,5,5,1,6,1,0,0,1,0,137644,200000,71,0,68.8,bonus_ctng_gae1_no_village_over_90,107,700000,,,LongExtraDayReduced,"{""eb883353"":""25368\/40000@m18"",""slot_on_"":""17590\/48000@m22""}",22,8,6,4,4,7,1,0,1,35,17,9,7,6,15,3,0,2,3,6,0,false,BIG,3,1,2,V1,3,1,5,3,6,2,0,3_5_fbios_PABUnityIAPiOSDefensiveBase,segment_tag_core_slot_prob_nu_29_06_var_a
74482,2026-04-20 07:18:18,4,4,4,steal,steal,steal,steal,4,true,0,25607391623154,5847,5,5,1,6,0,3,0,0,0,137644,200000,71,0,68.8,bonus_ctng_gae1_no_village_over_90,107,700000,,LongExtraDayReduced,,"{""slot_on_"":""17591\/48000@m22""}",23,8,9,4,4,7,1,1,1,36,17,12,7,6,15,3,1,2,4,4,4,false,SMALL,-1,-3,2,V1,3,1,5,4,4,4,0,3_5_fbios_PABUnityIAPiOSDefensiveBase,segment_tag_core_slot_prob_nu_29_06_var_a
74483,2026-04-20 07:21:39,1,6,6,coin,spins,spins,gold,1,false,25000,25607503746154,5846,5,5,1,6,0,0,0,2,0,137644,200000,71,0,68.8,bonus_ctng_gae1_no_village_over_90,107,700000,,,,"{""2bd8e5f9"":""408\/12000@m35""}",24,8,9,4,6,7,1,1,1,37,17,12,7,8,15,3,1,2,6,6,1,false,SMALL,-2,-2,0,V1,3,1,5,1,6,6,0,3_5_fbios_PABUnityIAPiOSDefensiveBase,segment_tag_core_slot_prob_nu_29_06_var_a
74484,2026-04-20 07:21:40,30,2,2,accumulation,goldSack,goldSack,gold,1,false,150000,25607503896154,5845,5,5,1,6,0,0,0,0,1,137645,200000,71,1,68.8,bonus_ctng_gae1_no_village_over_90,107,700000,,,,,25,8,9,4,6,8,1,1,1,38,17,12,7,8,16,3,1,2,3,7,8,false,MAX,5,5,0,V1,3,1,5,30,2,2,0,3_5_fbios_PABUnityIAPiOSDefensiveBase,segment_tag_core_slot_prob_nu_29_06_var_a
74485,2026-04-20 07:21:41,30,2,2,accumulation,goldSack,goldSack,gold,1,false,150000,25607504046154,5844,5,5,1,6,0,0,0,0,1,137646,200000,71,1,68.8,bonus_ctng_gae1_no_village_over_90,107,700000,LongExtraDayReduced,LongExtraDayReduced,LongExtraDayReduced,"{""slot_on_"":""17596\/48000@m22""}",26,8,9,4,6,9,1,1,1,39,17,12,7,8,17,3,1,2,3,7,8,false,MAX,5,5,0,V1,3,1,5,30,2,2,0,3_5_fbios_PABUnityIAPiOSDefensiveBase,segment_tag_core_slot_prob_nu_29_06_var_a
74486,2026-04-20 07:21:43,1,1,1,coin,coin,coin,gold,1,true,250000,25607504296154,5843,5,5,1,6,0,0,0,0,0,137646,200000,71,0,68.8,bonus_ctng_gae1_no_village_over_90,107,700000,,,,"{""eb883353"":""25370\/40000@m18""}",27,8,9,4,6,9,1,1,1,40,17,12,7,8,17,3,1,2,1,5,5,false,BIG,2,0,2,V1,3,1,5,1,1,1,0,3_5_fbios_PABUnityIAPiOSDefensiveBase,segment_tag_core_slot_prob_nu_29_06_var_a
74487,2026-04-20 07:21:44,3,6,2,attack,spins,goldSack,gold,1,false,100000,25607504396154,5842,5,5,1,6,1,0,0,1,0,137646,200000,71,0,68.8,bonus_ctng_gae1_no_village_over_90,107,700000,,,,,28,9,9,4,7,9,1,1,1,41,18,12,7,9,17,3,1,2,3,6,0,false,BIG,3,1,2,V1,3,1,5,3,6,2,0,3_5_fbios_PABUnityIAPiOSDefensiveBase,segment_tag_core_slot_prob_nu_29_06_var_a
74488,2026-04-20 07:21:44,30,2,2,accumulation,goldSack,goldSack,gold,1,false,150000,25607504546154,5841,5,5,1,6,0,0,0,0,1,137647,200000,71,1,68.8,bonus_ctng_gae1_no_village_over_90,107,700000,,LongExtraDayReduced,,"{""slot_on_"":""17597\/48000@m22""}",29,9,9,4,7,10,1,1,1,42,18,12,7,9,18,3,1,2,-1,-1,-1,false,,0,0,0,,-1,-1,-1,-1,-1,-1,0,3_5_fbios_PABUnityIAPiOSDefensiveBase,segment_tag_core_slot_prob_nu_29_06_var_a
74489,2026-04-20 07:21:45,2,2,2,goldSack,goldSack,goldSack,gold,1,true,2000000,25607506546154,5840,5,5,1,6,0,0,0,0,0,137647,200000,71,0,68.8,bonus_ctng_gae1_no_village_over_90,107,700000,,,,,30,9,9,4,7,10,1,1,1,43,18,12,7,9,18,3,1,2,3,7,7,false,MAX,6,4,2,V1,3,1,5,2,2,2,0,3_5_fbios_PABUnityIAPiOSDefensiveBase,segment_tag_core_slot_prob_nu_29_06_var_a
74490,2026-04-20 07:21:46,3,3,3,attack,attack,attack,attack,2,true,0,25607506546154,5839,5,5,1,6,3,0,0,0,0,137647,200000,71,0,68.8,bonus_ctng_gae1_no_village_over_90,107,700000,,,,,31,12,9,4,7,10,2,1,1,44,21,12,7,9,18,4,1,2,0,0,0,false,NORMAL,1,-2,3,V1,3,1,5,3,3,3,0,3_5_fbios_PABUnityIAPiOSDefensiveBase,segment_tag_core_slot_prob_nu_29_06_var_a
74491,2026-04-20 07:21:54,4,4,4,steal,steal,steal,steal,4,true,0,25607532546154,5838,5,5,1,6,0,3,0,0,0,137647,200000,71,0,68.8,bonus_ctng_gae1_no_village_over_90,107,700000,,,,,32,12,12,4,7,10,2,2,1,45,21,15,7,9,18,4,2,2,4,4,4,false,BIG,2,-3,5,V1,3,1,5,4,4,4,0,3_5_fbios_PABUnityIAPiOSDefensiveBase,segment_tag_core_slot_prob_nu_29_06_var_a
74492,2026-04-20 07:22:00,3,6,2,attack,spins,goldSack,gold,1,false,100000,25607708722154,5837,5,5,1,6,1,0,0,1,0,137647,200000,71,0,68.8,bonus_ctng_gae1_no_village_over_90,107,700000,,,,"{""2bd8e5f9"":""409\/12000@m35""}",33,13,12,4,8,10,2,2,1,46,22,15,7,10,18,4,2,2,7,6,0,false,MAX,4,-1,5,V1,3,1,5,3,6,2,0,3_5_fbios_PABUnityIAPiOSDefensiveBase,segment_tag_core_slot_prob_nu_29_06_var_a
74493,2026-04-20 07:22:42,30,2,2,accumulation,goldSack,goldSack,gold,1,false,150000,25607708872154,5836,5,5,1,6,0,0,0,0,1,137648,200000,71,1,68.8,bonus_ctng_gae1_no_village_over_90,107,700000,,LongExtraDayReduced,,"{""slot_on_"":""17598\/48000@m22""}",34,13,12,4,8,11,2,2,1,47,22,15,7,10,19,4,2,2,7,3,8,false,MAX,7,3,4,V1,3,1,5,30,2,2,0,3_5_fbios_PABUnityIAPiOSDefensiveBase,segment_tag_core_slot_prob_nu_29_06_var_a
74494,2026-04-20 07:22:43,3,1,4,attack,coin,steal,gold,1,false,25000,25607708897154,5835,5,5,1,6,1,1,0,0,0,137648,200000,71,0,68.8,bonus_ctng_gae1_no_village_over_90,107,700000,,,,,35,14,13,4,8,11,2,2,1,48,23,16,7,10,19,4,2,2,4,1,0,false,MAX,5,0,5,V1,3,1,5,3,1,4,0,3_5_fbios_PABUnityIAPiOSDefensiveBase,segment_tag_core_slot_prob_nu_29_06_var_a
74495,2026-04-20 07:22:44,3,3,3,attack,attack,attack,attack,2,true,0,25607708897154,5834,5,5,1,6,3,0,0,0,0,137648,200000,71,0,68.8,bonus_ctng_gae1_no_village_over_90,107,700000,,,,,36,17,13,4,8,11,3,2,1,49,26,16,7,10,19,5,2,2,0,0,0,false,BIG,3,-2,5,V1,3,1,5,3,3,3,0,3_5_fbios_PABUnityIAPiOSDefensiveBase,segment_tag_core_slot_prob_nu_29_06_var_a
74496,2026-04-20 07:22:48,30,2,2,accumulation,goldSack,goldSack,gold,1,false,150000,25607717627154,5833,5,5,1,6,0,0,0,0,1,137649,200000,71,1,68.8,bonus_ctng_gae1_no_village_over_90,107,700000,,,,,37,17,13,4,8,12,3,2,1,50,26,16,7,10,20,5,2,2,7,7,8,false,MAX,12,7,5,V1,3,1,5,30,2,2,0,3_5_fbios_PABUnityIAPiOSDefensiveBase,segment_tag_core_slot_prob_nu_29_06_var_a
74497,2026-04-20 07:22:49,3,6,2,attack,spins,goldSack,gold,1,false,100000,25607717727154,5832,5,5,1,6,1,0,0,1,0,137649,200000,71,0,68.8,bonus_ctng_gae1_no_village_over_90,107,700000,,,,,38,18,13,4,9,12,3,2,1,51,27,16,7,11,20,5,2,2,3,6,0,false,MAX,6,1,5,V1,3,1,5,3,6,2,0,3_5_fbios_PABUnityIAPiOSDefensiveBase,segment_tag_core_slot_prob_nu_29_06_var_a
74498,2026-04-20 07:22:50,3,1,4,attack,coin,steal,gold,1,false,25000,25607717752154,5831,5,5,1,6,1,1,0,0,0,137649,200000,71,0,68.8,bonus_ctng_gae1_no_village_over_90,107,700000,LongExtraDayReduced,,,"{""slot_on_"":""17599\/48000@m22""}",39,19,14,4,9,12,3,2,1,52,28,17,7,11,20,5,2,2,4,1,0,false,BIG,3,0,3,V1,3,1,5,3,1,4,0,3_5_fbios_PABUnityIAPiOSDefensiveBase,segment_tag_core_slot_prob_nu_29_06_var_a
74499,2026-04-20 07:22:51,1,1,4,coin,coin,steal,gold,1,false,50000,25607717802154,5830,5,5,1,6,0,1,0,0,0,137649,200000,71,0,68.8,bonus_ctng_gae1_no_village_over_90,107,700000,,,,,40,19,15,4,9,12,3,2,1,53,28,18,7,11,20,5,2,2,4,5,5,false,BIG,3,0,3,V1,3,1,5,1,1,4,0,3_5_fbios_PABUnityIAPiOSDefensiveBase,segment_tag_core_slot_prob_nu_29_06_var_a
74500,2026-04-20 07:22:52,3,6,2,attack,spins,goldSack,gold,1,false,100000,25607717902154,5829,5,5,1,6,1,0,0,1,0,137649,200000,71,0,68.8,bonus_ctng_gae1_no_village_over_90,107,700000,,,,,41,20,15,4,10,12,3,2,1,54,29,18,7,12,20,5,2,2,7,6,0,false,BIG,2,-1,3,V1,3,1,5,3,6,2,0,3_5_fbios_PABUnityIAPiOSDefensiveBase,segment_tag_core_slot_prob_nu_29_06_var_a
74501,2026-04-20 07:22:52,3,3,2,attack,attack,goldSack,gold,1,false,100000,25607718002154,5828,5,5,1,6,2,0,0,0,0,137649,200000,71,0,68.8,bonus_ctng_gae1_no_village_over_90,107,700000,LongExtraDayReduced,,LongExtraDayReduced,"{""eb883353"":""25372\/40000@m18"",""slot_on_"":""17601\/48000@m22""}",42,22,15,4,10,12,3,2,1,55,31,18,7,12,20,5,2,2,3,0,0,false,BIG,3,0,3,V1,3,1,5,3,3,2,0,3_5_fbios_PABUnityIAPiOSDefensiveBase,segment_tag_core_slot_prob_nu_29_06_var_a
74502,2026-04-20 07:22:53,1,1,4,coin,coin,steal,gold,1,false,50000,25607718052154,5827,5,5,1,6,0,1,0,0,0,137649,200000,71,0,68.8,bonus_ctng_gae1_no_village_over_90,107,700000,,,,,43,22,16,4,10,12,3,2,1,56,31,19,7,12,20,5,2,2,4,5,5,false,BIG,3,0,3,V1,3,1,5,1,1,4,0,3_5_fbios_PABUnityIAPiOSDefensiveBase,segment_tag_core_slot_prob_nu_29_06_var_a
74503,2026-04-20 07:22:54,1,4,4,coin,steal,steal,gold,1,false,25000,25607718077154,5826,5,5,1,6,0,2,0,0,0,137649,200000,71,0,68.8,bonus_ctng_gae1_no_village_over_90,107,700000,,LongExtraDayReduced,,"{""slot_on_"":""17602\/48000@m22"",""2bd8e5f9"":""410\/12000@m35""}",44,22,18,4,10,12,3,2,1,57,31,21,7,12,20,5,2,2,4,4,1,false,MIN,-4,-4,0,V1,3,1,5,1,4,4,0,3_5_fbios_PABUnityIAPiOSDefensiveBase,segment_tag_core_slot_prob_nu_29_06_var_a
74504,2026-04-20 07:22:55,3,6,2,attack,spins,goldSack,gold,1,false,100000,25607718177154,5825,5,5,1,6,1,0,0,1,0,137649,200000,71,0,68.8,bonus_ctng_gae1_no_village_over_90,107,700000,,,,,45,23,18,4,11,12,3,2,1,58,32,21,7,13,20,5,2,2,3,6,0,false,NORMAL,1,1,0,V1,3,1,5,3,6,2,0,3_5_fbios_PABUnityIAPiOSDefensiveBase,segment_tag_core_slot_prob_nu_29_06_var_a
74505,2026-04-20 07:22:56,5,5,5,shield,shield,shield,shield,3,true,1,25607718177154,5825,5,5,1,6,0,0,3,0,0,137649,200000,71,0,68.8,bonus_ctng_gae1_no_village_over_90,107,700000,,,,,46,23,18,7,11,12,3,2,2,59,32,21,10,13,20,5,2,3,2,2,2,false,SMALL,-2,-1,-1,V1,3,1,5,5,5,5,0,3_5_fbios_PABUnityIAPiOSDefensiveBase,segment_tag_core_slot_prob_nu_29_06_var_a
74506,2026-04-20 07:22:57,5,5,5,shield,shield,shield,shield,3,true,1,25607718177154,5825,5,5,1,6,0,0,3,0,0,137649,200000,71,0,68.8,bonus_ctng_gae1_no_village_over_90,107,700000,,,,,47,23,18,10,11,12,3,2,3,60,32,21,13,13,20,5,2,4,2,2,2,false,NORMAL,0,-1,1,V1,3,1,5,5,5,5,0,3_5_fbios_PABUnityIAPiOSDefensiveBase,segment_tag_core_slot_prob_nu_29_06_var_a
74507,2026-04-20 07:23:03,3,3,3,attack,attack,attack,attack,2,true,0,25607718177154,5824,5,5,1,6,3,0,0,0,0,137649,200000,71,0,68.8,bonus_ctng_gae1_no_village_over_90,107,700000,,,,,48,26,18,10,11,12,4,2,3,61,35,21,13,13,20,6,2,4,0,0,0,false,SMALL,-1,-2,1,V1,3,1,5,3,3,3,0,3_5_fbios_PABUnityIAPiOSDefensiveBase,segment_tag_core_slot_prob_nu_29_06_var_a
74508,2026-04-20 07:23:17,30,30,1,accumulation,accumulation,coin,gold,1,false,25000,25607726782154,5823,5,5,1,6,0,0,0,0,2,137651,200000,71,2,68.8,bonus_ctng_gae1_no_village_over_90,107,700000,,,,"{""2bd8e5f9"":""411\/12000@m35""}",49,26,18,10,11,14,4,2,3,62,35,21,13,13,22,6,2,4,1,8,8,false,BIG,2,0,2,V1,3,1,5,30,30,1,0,3_5_fbios_PABUnityIAPiOSDefensiveBase,segment_tag_core_slot_prob_nu_29_06_var_a
74509,2026-04-20 07:23:19,3,1,5,attack,coin,shield,gold,1,false,25000,25607726807154,5822,5,5,1,6,1,0,1,0,0,137651,200000,71,0,68.8,bonus_ctng_gae1_no_village_over_90,107,700000,,LongExtraDayReduced,,"{""slot_on_"":""17603\/48000@m22""}",50,27,18,11,11,14,4,2,3,63,36,21,14,13,22,6,2,4,2,5,0,false,BIG,2,0,2,V1,3,1,5,3,1,5,0,3_5_fbios_PABUnityIAPiOSDefensiveBase,segment_tag_core_slot_prob_nu_29_06_var_a
74510,2026-04-20 07:23:49,1,1,4,coin,coin,steal,gold,1,false,50000,25607726857154,5821,5,5,1,6,0,1,0,0,0,137651,200000,71,0,68.8,bonus_ctng_gae1_no_village_over_90,107,700000,,,LongExtraDayReduced,"{""slot_on_"":""17604\/48000@m22""}",51,27,19,11,11,14,4,2,3,64,36,22,14,13,22,6,2,4,4,1,5,false,BIG,3,0,3,V1,3,1,5,1,1,4,0,3_5_fbios_PABUnityIAPiOSDefensiveBase,segment_tag_core_slot_prob_nu_29_06_var_a
74511,2026-04-20 07:23:50,30,2,2,accumulation,goldSack,goldSack,gold,1,false,150000,25607727007154,5820,5,5,1,6,0,0,0,0,1,137652,200000,71,1,68.8,bonus_ctng_gae1_no_village_over_90,107,700000,,,,"{""eb883353"":""25374\/40000@m18""}",52,27,19,11,11,15,4,2,3,65,36,22,14,13,23,6,2,4,7,7,8,false,MAX,9,7,2,V1,3,1,5,30,2,2,0,3_5_fbios_PABUnityIAPiOSDefensiveBase,segment_tag_core_slot_prob_nu_29_06_var_a
74512,2026-04-20 07:23:53,1,1,1,coin,coin,coin,gold,1,true,250000,25607727257154,5819,5,5,1,6,0,0,0,0,0,137652,200000,71,0,68.8,bonus_ctng_gae1_no_village_over_90,107,700000,,,,,53,27,19,11,11,15,4,2,3,66,36,22,14,13,23,6,2,4,1,5,1,false,SMALL,-2,-2,0,V1,3,1,5,1,1,1,0,3_5_fbios_PABUnityIAPiOSDefensiveBase,segment_tag_core_slot_prob_nu_29_06_var_a
74513,2026-04-20 07:23:53,30,2,2,accumulation,goldSack,goldSack,gold,1,false,150000,25607727407154,5818,5,5,1,6,0,0,0,0,1,137653,200000,71,1,68.8,bonus_ctng_gae1_no_village_over_90,107,700000,,,,,54,27,19,11,11,16,4,2,3,67,36,22,14,13,24,6,2,4,7,3,8,false,BIG,3,3,0,V1,3,1,5,30,2,2,0,3_5_fbios_PABUnityIAPiOSDefensiveBase,segment_tag_core_slot_prob_nu_29_06_var_a
74514,2026-04-20 07:24:17,2,2,2,goldSack,goldSack,goldSack,gold,1,true,2000000,25607729407154,5817,5,5,1,6,0,0,0,0,0,137653,200000,71,0,68.8,bonus_ctng_gae1_no_village_over_90,107,700000,,,,,55,27,19,11,11,16,4,2,3,68,36,22,14,13,24,6,2,4,7,3,3,false,BIG,2,2,0,V1,3,1,5,2,2,2,0,3_5_fbios_PABUnityIAPiOSDefensiveBase,segment_tag_core_slot_prob_nu_29_06_var_a
74515,2026-04-20 07:24:18,30,30,1,accumulation,accumulation,coin,gold,1,false,25000,25607729432154,5816,5,5,1,6,0,0,0,0,2,137655,200000,71,2,68.8,bonus_ctng_gae1_no_village_over_90,107,700000,,,,,56,27,19,11,11,18,4,2,3,69,36,22,14,13,26,6,2,4,-1,-1,-1,false,,0,0,0,,-1,-1,-1,-1,-1,-1,0,3_5_fbios_PABUnityIAPiOSDefensiveBase,segment_tag_core_slot_prob_nu_29_06_var_a
74516,2026-04-20 07:24:23,1,1,1,coin,coin,coin,gold,1,true,250000,25607729682154,5815,5,5,1,6,0,0,0,0,0,137655,200000,71,0,68.8,bonus_ctng_gae1_no_village_over_90,107,700000,,,,,57,27,19,11,11,18,4,2,3,70,36,22,14,13,26,6,2,4,5,1,5,false,NORMAL,1,-1,2,V1,3,1,5,1,1,1,0,3_5_fbios_PABUnityIAPiOSDefensiveBase,segment_tag_core_slot_prob_nu_29_06_var_a
74517,2026-04-20 07:24:25,3,3,2,attack,attack,goldSack,gold,1,false,100000,25607729782154,5814,5,5,1,6,2,0,0,0,0,137655,200000,71,0,68.8,bonus_ctng_gae1_no_village_over_90,107,700000,,,,,58,29,19,11,11,18,4,2,3,71,38,22,14,13,26,6,2,4,3,0,0,false,BIG,2,0,2,V1,3,1,5,3,3,2,0,3_5_fbios_PABUnityIAPiOSDefensiveBase,segment_tag_core_slot_prob_nu_29_06_var_a
74518,2026-04-20 07:24:26,3,3,3,attack,attack,attack,attack,2,true,0,25607729782154,5813,5,5,1,6,3,0,0,0,0,137655,200000,71,0,68.8,bonus_ctng_gae1_no_village_over_90,107,700000,,,,,59,32,19,11,11,18,5,2,3,72,41,22,14,13,26,7,2,4,0,0,0,false,SMALL,-1,-2,1,V1,3,1,5,3,3,3,0,3_5_fbios_PABUnityIAPiOSDefensiveBase,segment_tag_core_slot_prob_nu_29_06_var_a
74519,2026-04-20 07:24:35,3,3,3,attack,attack,attack,attack,2,true,0,25607738362154,5763,5,5,50,6,3,0,0,0,0,137655,200000,71,0,68.8,bonus_ctng_gae1_no_village_over_90,107,700000,,,LongExtraDayReduced,"{""slot_on_"":""17654\/48000@m22"",""2bd8e5f9"":""461\/12000@m35""}",60,35,19,11,11,18,6,2,3,73,44,22,14,13,26,8,2,4,0,0,0,false,SMALL,-2,-2,0,V1,3,1,5,3,3,3,0,3_5_fbios_PABUnityIAPiOSDefensiveBase,segment_tag_core_slot_prob_nu_29_06_var_a
74520,2026-04-20 07:25:19,1,4,5,coin,steal,shield,gold,1,false,1250000,25609039612154,5713,5,5,50,6,0,1,1,0,0,137655,200000,71,0,68.8,bonus_ctng_gae1_no_village_over_90,107,700000,,,,,61,35,20,12,11,18,6,2,3,74,44,23,15,13,26,8,2,4,2,4,5,false,NORMAL,0,0,0,V1,3,1,5,1,4,5,0,3_5_fbios_PABUnityIAPiOSDefensiveBase,segment_tag_core_slot_prob_nu_29_06_var_a
74521,2026-04-20 07:25:20,30,2,2,accumulation,goldSack,goldSack,gold,1,false,7500000,25609047112154,5663,5,5,50,6,0,0,0,0,1,137705,200000,71,50,68.9,bonus_ctng_gae1_no_village_over_90,107,700000,,,,,62,35,20,12,11,19,6,2,3,75,44,23,15,13,27,8,2,4,7,3,8,false,BIG,3,3,0,V1,3,1,5,30,2,2,0,3_5_fbios_PABUnityIAPiOSDefensiveBase,segment_tag_core_slot_prob_nu_29_06_var_a
74522,2026-04-20 07:25:21,1,1,4,coin,coin,steal,gold,1,false,2500000,25609049612154,5613,5,5,50,6,0,1,0,0,0,137705,200000,71,0,68.9,bonus_ctng_gae1_no_village_over_90,107,700000,,,,,63,35,21,12,11,19,6,2,3,76,44,24,15,13,27,8,2,4,4,1,1,false,MIN,-4,-2,-2,V1,3,1,5,1,1,4,0,3_5_fbios_PABUnityIAPiOSDefensiveBase,segment_tag_core_slot_prob_nu_29_06_var_a
74523,2026-04-20 07:25:22,2,2,2,goldSack,goldSack,goldSack,gold,1,true,100000000,25609149612154,5563,5,5,50,6,0,0,0,0,0,137705,200000,71,0,68.9,bonus_ctng_gae1_no_village_over_90,107,700000,,,,,64,35,21,12,11,19,6,2,3,77,44,24,15,13,27,8,2,4,7,7,7,false,BIG,3,5,-2,V1,3,1,5,2,2,2,0,3_5_fbios_PABUnityIAPiOSDefensiveBase,segment_tag_core_slot_prob_nu_29_06_var_a
74524,2026-04-20 07:25:24,3,6,2,attack,spins,goldSack,gold,1,false,5000000,25609154612154,5513,5,5,50,6,1,0,0,1,0,137705,200000,71,0,68.9,bonus_ctng_gae1_no_village_over_90,107,700000,,,,,65,36,21,12,12,19,6,2,3,78,45,24,15,14,27,8,2,4,3,6,0,false,NORMAL,0,1,-1,V1,3,1,5,3,6,2,0,3_5_fbios_PABUnityIAPiOSDefensiveBase,segment_tag_core_slot_prob_nu_29_06_var_a
74525,2026-04-20 07:25:25,3,3,3,attack,attack,attack,attack,2,true,0,25609154612154,5463,5,5,50,6,3,0,0,0,0,137705,200000,71,0,68.9,bonus_ctng_gae1_no_village_over_90,107,700000,,,,,66,39,21,12,12,19,7,2,3,79,48,24,15,14,27,9,2,4,0,0,0,false,SMALL,-1,-2,1,V1,3,1,5,3,3,3,0,3_5_fbios_PABUnityIAPiOSDefensiveBase,segment_tag_core_slot_prob_nu_29_06_var_a
74526,2026-04-20 07:25:30,5,5,5,shield,shield,shield,shield,3,true,50,25612083612154,5463,5,5,50,6,0,0,3,0,0,137705,200000,71,0,68.9,bonus_ctng_gae1_no_village_over_90,107,700000,,,,,67,39,21,15,12,19,7,2,4,80,48,24,18,14,27,9,2,5,2,2,2,false,NORMAL,0,-1,1,V1,3,1,5,5,5,5,0,3_5_fbios_PABUnityIAPiOSDefensiveBase,segment_tag_core_slot_prob_nu_29_06_var_a
74527,2026-04-20 07:25:31,3,6,2,attack,spins,goldSack,gold,1,false,5000000,25612088612154,5413,5,5,50,6,1,0,0,1,0,137705,200000,71,0,68.9,bonus_ctng_gae1_no_village_over_90,107,700000,,,,,68,40,21,15,13,19,7,2,4,81,49,24,18,15,27,9,2,5,7,6,0,false,NORMAL,0,-1,1,V1,3,1,5,3,6,2,0,3_5_fbios_PABUnityIAPiOSDefensiveBase,segment_tag_core_slot_prob_nu_29_06_var_a
74528,2026-04-20 07:25:33,3,3,1,attack,attack,coin,gold,1,false,1250000,25612089862154,5363,5,5,50,6,2,0,0,0,0,137705,200000,71,0,68.9,bonus_ctng_gae1_no_village_over_90,107,700000,LongExtraDayReduced,,,"{""slot_on_"":""17704\/48000@m22""}",69,42,21,15,13,19,7,2,4,82,51,24,18,15,27,9,2,5,5,0,0,false,SMALL,-1,-2,1,V1,3,1,5,3,3,1,0,3_5_fbios_PABUnityIAPiOSDefensiveBase,segment_tag_core_slot_prob_nu_29_06_var_a
74529,2026-04-20 07:25:35,1,6,6,coin,spins,spins,gold,1,false,3750000,25612093612154,5213,5,5,150,6,0,0,0,2,0,137705,200000,71,0,68.9,bonus_ctng_gae1_no_village_over_90,107,700000,,LongExtraDayReduced,,"{""slot_on_"":""17854\/48000@m22""}",70,42,21,15,15,19,7,2,4,83,51,24,18,17,27,9,2,5,6,6,1,false,MIN,-3,-2,-1,V1,3,1,5,1,6,6,0,3_5_fbios_PABUnityIAPiOSDefensiveBase,segment_tag_core_slot_prob_nu_29_06_var_a
74530,2026-04-20 07:25:36,5,5,5,shield,shield,shield,shield,3,true,150,25612093612154,5213,5,5,150,6,0,0,3,0,0,137705,200000,71,0,68.9,bonus_ctng_gae1_no_village_over_90,107,700000,,,,"{""eb883353"":""25674\/40000@m18""}",71,42,21,18,15,19,7,2,5,84,51,24,21,17,27,9,2,6,2,2,2,false,SMALL,-2,-1,-1,V1,3,1,5,5,5,5,0,3_5_fbios_PABUnityIAPiOSDefensiveBase,segment_tag_core_slot_prob_nu_29_06_var_a
74531,2026-04-20 07:25:38,2,2,2,goldSack,goldSack,goldSack,gold,1,true,300000000,25612393612154,5063,5,5,150,6,0,0,0,0,0,137705,200000,71,0,68.9,bonus_ctng_gae1_no_village_over_90,107,700000,,,,"{""2bd8e5f9"":""611\/12000@m35""}",72,42,21,18,15,19,7,2,5,85,51,24,21,17,27,9,2,6,7,7,3,false,MAX,4,5,-1,V1,3,1,5,2,2,2,0,3_5_fbios_PABUnityIAPiOSDefensiveBase,segment_tag_core_slot_prob_nu_29_06_var_a
74532,2026-04-20 07:25:39,30,2,2,accumulation,goldSack,goldSack,gold,1,false,22500000,25612416112154,4913,5,5,150,6,0,0,0,0,1,137855,200000,71,150,68.9,bonus_ctng_gae1_no_village_over_90,107,700000,,,,,73,42,21,18,15,20,7,2,5,86,51,24,21,17,28,9,2,6,7,3,8,false,MAX,4,3,1,V1,3,1,5,30,2,2,0,3_5_fbios_PABUnityIAPiOSDefensiveBase,segment_tag_core_slot_prob_nu_29_06_var_a
74533,2026-04-20 07:25:41,3,6,2,attack,spins,goldSack,gold,1,false,15000000,25612431112154,4763,5,5,150,6,1,0,0,1,0,137855,200000,71,0,68.9,bonus_ctng_gae1_no_village_over_90,107,700000,,,,,74,43,21,18,16,20,7,2,5,87,52,24,21,18,28,9,2,6,7,6,0,false,NORMAL,0,-1,1,V1,3,1,5,3,6,2,0,3_5_fbios_PABUnityIAPiOSDefensiveBase,segment_tag_core_slot_prob_nu_29_06_var_a
74534,2026-04-20 07:25:42,2,2,2,goldSack,goldSack,goldSack,gold,1,true,300000000,25612731112154,4613,5,5,150,6,0,0,0,0,0,137855,200000,71,0,68.9,bonus_ctng_gae1_no_village_over_90,107,700000,,,LongExtraDayReduced,"{""slot_on_"":""18004\/48000@m22""}",75,43,21,18,16,20,7,2,5,88,52,24,21,18,28,9,2,6,3,7,3,false,MAX,6,4,2,V1,3,1,5,2,2,2,0,3_5_fbios_PABUnityIAPiOSDefensiveBase,segment_tag_core_slot_prob_nu_29_06_var_a
74535,2026-04-20 07:25:43,4,4,4,steal,steal,steal,steal,4,true,0,25612731112154,4463,5,5,150,6,0,3,0,0,0,137855,200000,71,0,68.9,bonus_ctng_gae1_no_village_over_90,107,700000,LongExtraDayReduced,,LongExtraDayReduced,"{""slot_on_"":""18304\/48000@m22""}",76,43,24,18,16,20,7,3,5,89,52,27,21,18,28,9,3,6,4,4,4,false,SMALL,-1,-3,2,V1,3,1,5,4,4,4,0,3_5_fbios_PABUnityIAPiOSDefensiveBase,segment_tag_core_slot_prob_nu_29_06_var_a
74536,2026-04-20 07:25:56,1,1,4,coin,coin,steal,gold,1,false,7500000,25633903912154,4663,5,5,150,6,0,1,0,0,0,137855,200000,71,0,68.9,bonus_ctng_gae1_no_village_over_90,107,700000,,,LongExtraDayReduced,"{""slot_on_"":""18454\/48000@m22""}",77,43,25,18,16,20,7,3,5,90,52,28,21,18,28,9,3,6,4,5,5,false,BIG,2,0,2,V1,3,1,5,1,1,4,0,3_5_fbios_PABUnityIAPiOSDefensiveBase,segment_tag_core_slot_prob_nu_29_06_var_a
74537,2026-04-20 07:25:57,3,3,2,attack,attack,goldSack,gold,1,false,15000000,25633918912154,4513,5,5,150,6,2,0,0,0,0,137855,200000,71,0,68.9,bonus_ctng_gae1_no_village_over_90,107,700000,,,,,78,45,25,18,16,20,7,3,5,91,54,28,21,18,28,9,3,6,3,0,0,false,BIG,2,0,2,V1,3,1,5,3,3,2,0,3_5_fbios_PABUnityIAPiOSDefensiveBase,segment_tag_core_slot_prob_nu_29_06_var_a
74538,2026-04-20 07:25:58,3,1,1,attack,coin,coin,gold,1,false,7500000,25633926412154,4363,5,5,150,6,1,0,0,0,0,137855,200000,71,0,68.9,bonus_ctng_gae1_no_village_over_90,107,700000,,,,,79,46,25,18,16,20,7,3,5,92,55,28,21,18,28,9,3,6,5,5,0,false,NORMAL,1,-1,2,V1,3,1,5,3,1,1,0,3_5_fbios_PABUnityIAPiOSDefensiveBase,segment_tag_core_slot_prob_nu_29_06_var_a
74539,2026-04-20 07:26:00,3,1,5,attack,coin,shield,gold,1,false,5000000,25633931412154,4163,5,5,200,6,1,0,1,0,0,137855,200000,71,0,68.9,bonus_ctng_gae1_no_village_over_90,107,700000,,,,,80,47,25,19,16,20,7,3,5,93,56,28,22,18,28,9,3,6,2,1,0,false,BIG,2,0,2,V1,3,1,5,3,1,5,0,3_5_fbios_PABUnityIAPiOSDefensiveBase,segment_tag_core_slot_prob_nu_29_06_var_a
74540,2026-04-20 07:26:01,4,4,4,steal,steal,steal,steal,4,true,0,25633931412154,3963,5,5,200,6,0,3,0,0,0,137855,200000,71,0,68.9,bonus_ctng_gae1_no_village_over_90,107,700000,,,,,81,47,28,19,16,20,7,4,5,94,56,31,22,18,28,9,4,6,4,4,4,false,NORMAL,0,-3,3,V1,3,1,5,4,4,4,0,3_5_fbios_PABUnityIAPiOSDefensiveBase,segment_tag_core_slot_prob_nu_29_06_var_a
74541,2026-04-20 07:26:11,2,2,2,goldSack,goldSack,goldSack,gold,1,true,400000000,25656681412154,9463,5,5,200,6,0,0,0,0,0,137855,200000,71,0,68.9,bonus_ctng_gae1_no_village_over_90,107,700000,,,,,82,47,28,19,16,20,7,4,5,95,56,31,22,18,28,9,4,6,3,7,7,false,MAX,7,4,3,V1,3,1,5,2,2,2,0,3_5_fbios_PABUnityIAPiOSDefensiveBase,segment_tag_core_slot_prob_nu_29_06_var_a
74542,2026-04-20 07:26:12,4,6,2,steal,spins,goldSack,gold,1,false,20000000,25656701412154,9263,5,5,200,6,0,1,0,1,0,137855,200000,71,0,68.9,bonus_ctng_gae1_no_village_over_90,107,700000,,,,,83,47,29,19,17,20,7,4,5,96,56,32,22,19,28,9,4,6,3,6,4,false,MAX,7,1,6,V1,3,1,5,4,6,2,0,3_5_fbios_PABUnityIAPiOSDefensiveBase,segment_tag_core_slot_prob_nu_29_06_var_a
74543,2026-04-20 07:26:13,30,30,1,accumulation,accumulation,coin,gold,1,false,5000000,25656706412154,9063,5,5,200,6,0,0,0,0,2,138255,200000,71,400,69.1,bonus_ctng_gae1_no_village_over_90,107,700000,,,,"{""2bd8e5f9"":""811\/12000@m35""}",84,47,29,19,17,22,7,4,5,97,56,32,22,19,30,9,4,6,5,8,8,false,MAX,5,-1,6,V1,3,1,5,30,30,1,0,3_5_fbios_PABUnityIAPiOSDefensiveBase,segment_tag_core_slot_prob_nu_29_06_var_a
74544,2026-04-20 07:26:15,3,3,1,attack,attack,coin,gold,1,false,5000000,25656711412154,8863,5,5,200,6,2,0,0,0,0,138255,200000,71,0,69.1,bonus_ctng_gae1_no_village_over_90,107,700000,,,,"{""eb883353"":""26074\/40000@m18""}",85,49,29,19,17,22,7,4,5,98,58,32,22,19,30,9,4,6,1,0,0,false,MAX,5,-1,6,V1,3,1,5,3,3,1,0,3_5_fbios_PABUnityIAPiOSDefensiveBase,segment_tag_core_slot_prob_nu_29_06_var_a
74545,2026-04-20 07:26:16,30,2,2,accumulation,goldSack,goldSack,gold,1,false,30000000,25656741412154,8663,5,5,200,6,0,0,0,0,1,138455,200000,71,200,69.2,bonus_ctng_gae1_no_village_over_90,107,700000,,,,,86,49,29,19,17,23,7,4,5,99,58,32,22,19,31,9,4,6,7,3,8,false,MAX,10,3,7,V1,3,1,5,30,2,2,0,3_5_fbios_PABUnityIAPiOSDefensiveBase,segment_tag_core_slot_prob_nu_29_06_var_a
74546,2026-04-20 07:26:17,4,4,2,steal,steal,goldSack,gold,1,false,20000000,25656761412154,8463,5,5,200,6,0,2,0,0,0,138455,200000,71,0,69.2,bonus_ctng_gae1_no_village_over_90,107,700000,,LongExtraDayReduced,,"{""slot_on_"":""18654\/48000@m22""}",87,49,31,19,17,23,7,4,5,100,58,34,22,19,31,9,4,6,3,4,4,false,MAX,10,2,8,V1,3,1,5,4,4,2,0,3_5_fbios_PABUnityIAPiOSDefensiveBase,segment_tag_core_slot_prob_nu_29_06_var_a
74547,2026-04-20 07:26:18,4,6,2,steal,spins,goldSack,gold,1,false,20000000,25656781412154,8263,5,5,200,6,0,1,0,1,0,138455,200000,71,0,69.2,bonus_ctng_gae1_no_village_over_90,107,700000,,,,,88,49,32,19,18,23,7,4,5,101,58,35,22,20,31,9,4,6,3,6,4,false,MAX,9,1,8,V1,3,1,5,4,6,2,0,3_5_fbios_PABUnityIAPiOSDefensiveBase,segment_tag_core_slot_prob_nu_29_06_var_a
74548,2026-04-20 07:26:19,3,3,1,attack,attack,coin,gold,1,false,5000000,25656786412154,8063,5,5,200,6,2,0,0,0,0,138455,200000,71,0,69.2,bonus_ctng_gae1_no_village_over_90,107,700000,,,,,89,51,32,19,18,23,7,4,5,102,60,35,22,20,31,9,4,6,5,0,0,false,MAX,7,-2,9,V1,3,1,5,3,3,1,0,3_5_fbios_PABUnityIAPiOSDefensiveBase,segment_tag_core_slot_prob_nu_29_06_var_a
74549,2026-04-20 07:26:22,30,2,2,accumulation,goldSack,goldSack,gold,1,false,90000000,25656876412154,7463,5,5,600,6,0,0,0,0,1,139055,200000,71,600,69.5,bonus_ctng_gae1_no_village_over_90,107,700000,,,,,90,51,32,19,18,24,7,4,5,103,60,35,22,20,32,9,4,6,3,7,8,false,MAX,14,5,9,V1,3,1,5,30,2,2,0,3_5_fbios_PABUnityIAPiOSDefensiveBase,segment_tag_core_slot_prob_nu_29_06_var_a
74550,2026-04-20 07:26:23,30,2,2,accumulation,goldSack,goldSack,gold,1,false,90000000,25656966412154,6863,5,5,600,6,0,0,0,0,1,139655,200000,71,600,69.8,bonus_ctng_gae1_no_village_over_90,107,700000,,,,,91,51,32,19,18,25,7,4,5,104,60,35,22,20,33,9,4,6,3,3,8,false,MAX,10,2,8,V1,3,1,5,30,2,2,0,3_5_fbios_PABUnityIAPiOSDefensiveBase,segment_tag_core_slot_prob_nu_29_06_var_a
74551,2026-04-20 07:26:24,3,1,6,attack,coin,spins,gold,1,false,15000000,25656981412154,6263,5,5,600,6,1,0,0,1,0,139655,200000,71,0,69.8,bonus_ctng_gae1_no_village_over_90,107,700000,,,,,92,52,32,19,19,25,7,4,5,105,61,35,22,21,33,9,4,6,6,5,0,false,MAX,8,0,8,V1,3,1,5,3,1,6,0,3_5_fbios_PABUnityIAPiOSDefensiveBase,segment_tag_core_slot_prob_nu_29_06_var_a
74552,2026-04-20 07:26:25,30,2,2,accumulation,goldSack,goldSack,gold,1,false,90000000,25657071412154,5663,5,5,600,6,0,0,0,0,1,140255,200000,71,600,70.1,bonus_ctng_gae1_no_village_over_90,107,700000,,,LongExtraDayReduced,"{""slot_on_"":""19254\/48000@m22""}",93,52,32,19,19,26,7,4,5,106,61,35,22,21,34,9,4,6,3,3,8,false,MAX,10,2,8,V1,3,1,5,30,2,2,0,3_5_fbios_PABUnityIAPiOSDefensiveBase,segment_tag_core_slot_prob_nu_29_06_var_a
74553,2026-04-20 07:26:27,1,1,1,coin,coin,coin,gold,1,true,150000000,25657221412154,5063,5,5,600,6,0,0,0,0,0,140255,200000,71,0,70.1,bonus_ctng_gae1_no_village_over_90,107,700000,,,LongExtraDayReduced,"{""slot_on_"":""19854\/48000@m22""}",94,52,32,19,19,26,7,4,5,107,61,35,22,21,34,9,4,6,1,1,5,false,MAX,8,0,8,V1,3,1,5,1,1,1,0,3_5_fbios_PABUnityIAPiOSDefensiveBase,segment_tag_core_slot_prob_nu_29_06_var_a
74554,2026-04-20 07:26:28,5,5,5,shield,shield,shield,shield,3,true,600,25657221412154,5063,5,5,600,6,0,0,3,0,0,140255,200000,71,0,70.1,bonus_ctng_gae1_no_village_over_90,107,700000,,,,,95,52,32,22,19,26,7,4,6,108,61,35,25,21,34,9,4,7,2,2,2,false,MAX,6,-1,7,V1,3,1,5,5,5,5,0,3_5_fbios_PABUnityIAPiOSDefensiveBase,segment_tag_core_slot_prob_nu_29_06_var_a
74555,2026-04-20 07:26:29,2,2,2,goldSack,goldSack,goldSack,gold,1,true,1200000000,25658421412154,4463,5,5,600,6,0,0,0,0,0,140255,200000,71,0,70.1,bonus_ctng_gae1_no_village_over_90,107,700000,,,,"{""2bd8e5f9"":""1411\/12000@m35""}",96,52,32,22,19,26,7,4,6,109,61,35,25,21,34,9,4,7,3,3,3,false,MAX,9,2,7,V1,3,1,5,2,2,2,0,3_5_fbios_PABUnityIAPiOSDefensiveBase,segment_tag_core_slot_prob_nu_29_06_var_a
74556,2026-04-20 07:26:35,1,5,5,coin,shield,shield,gold,1,false,15000000,25658436412154,4143,5,5,600,6,0,0,2,0,0,140255,200000,71,0,70.1,bonus_ctng_gae1_no_village_over_90,107,700000,,,,"{""eb883353"":""27274\/40000@m18""}",97,52,32,24,19,26,7,4,6,110,61,35,27,21,34,9,4,7,2,2,1,false,SMALL,-1,-3,2,V1,3,1,5,1,5,5,0,3_5_fbios_PABUnityIAPiOSDefensiveBase,segment_tag_core_slot_prob_nu_29_06_var_a
74557,2026-04-20 07:26:37,3,1,4,attack,coin,steal,gold,1,false,15000000,25658451412154,3543,5,5,600,6,1,1,0,0,0,140255,200000,71,0,70.1,bonus_ctng_gae1_no_village_over_90,107,700000,,,,,98,53,33,24,19,26,7,4,6,111,62,36,27,21,34,9,4,7,4,5,0,false,NORMAL,1,0,1,V1,3,1,5,3,1,4,0,3_5_fbios_PABUnityIAPiOSDefensiveBase,segment_tag_core_slot_prob_nu_29_06_var_a
74558,2026-04-20 07:26:38,1,4,4,coin,steal,steal,gold,1,false,15000000,25658466412154,2943,5,5,600,6,0,2,0,0,0,140255,200000,71,0,70.1,bonus_ctng_gae1_no_village_over_90,107,700000,,,,,99,53,35,24,19,26,7,4,6,112,62,38,27,21,34,9,4,7,4,4,1,false,MIN,-3,-4,1,V1,3,1,5,1,4,4,0,3_5_fbios_PABUnityIAPiOSDefensiveBase,segment_tag_core_slot_prob_nu_29_06_var_a
74559,2026-04-20 07:26:40,30,30,1,accumulation,accumulation,coin,gold,1,false,25000000,25658491412154,1943,5,5,1000,6,0,0,0,0,2,142255,200000,71,2000,71.1,bonus_ctng_gae1_no_village_over_90,107,700000,,,,,100,53,35,24,19,28,7,4,6,113,62,38,27,21,36,9,4,7,5,8,8,false,SMALL,-1,-1,0,V1,3,1,5,30,30,1,0,3_5_fbios_PABUnityIAPiOSDefensiveBase,segment_tag_core_slot_prob_nu_29_06_var_a
74560,2026-04-20 07:26:41,3,5,2,attack,shield,goldSack,gold,1,false,100000000,25658591412154,943,5,5,1000,0,1,0,1,0,0,142255,200000,71,0,71.1,bonus_ctng_gae1_no_village_over_90,107,700000,,,,"{""2bd8e5f9"":""2411\/12000@m35""}",101,54,35,25,19,28,7,4,6,114,63,38,28,21,36,9,4,7,7,2,0,false,SMALL,-2,-2,0,V1,3,1,5,3,5,2,0,3_5_fbios_PABUnityIAPiOSDefensiveBase,segment_tag_core_slot_prob_nu_29_06_var_a
74561,2026-04-20 07:26:57,3,3,2,attack,attack,goldSack,gold,1,false,300000,25658591712154,940,5,5,3,3,2,0,0,0,0,142255,200000,71,0,71.1,bonus_ctng_gae1_no_village_over_90,107,700000,,LongExtraDayReduced,LongExtraDayReduced,"{""slot_on_"":""19860\/48000@m22""}",102,56,35,25,19,28,7,4,6,115,65,38,28,21,36,9,4,7,3,0,0,false,NORMAL,1,0,1,V1,3,1,5,3,3,2,0,3_5_fbios_PABUnityIAPiOSDefensiveBase,segment_tag_core_slot_prob_nu_29_06_var_a
74562,2026-04-20 07:27:02,3,1,1,attack,coin,coin,gold,1,false,4000000,25658595712154,860,5,5,80,3,1,0,0,0,0,142255,200000,71,0,71.1,bonus_ctng_gae1_no_village_over_90,107,700000,,,,,103,57,35,25,19,28,7,4,6,116,66,38,28,21,36,9,4,7,1,5,0,false,NORMAL,0,0,0,V1,3,1,5,3,1,1,0,3_5_fbios_PABUnityIAPiOSDefensiveBase,segment_tag_core_slot_prob_nu_29_06_var_a
74563,2026-04-20 07:27:03,3,3,3,attack,attack,attack,attack,2,true,0,25658595712154,780,5,5,80,3,3,0,0,0,0,142255,200000,71,0,71.1,bonus_ctng_gae1_no_village_over_90,107,700000,,,,,104,60,35,25,19,28,8,4,6,117,69,38,28,21,36,10,4,7,0,0,0,false,SMALL,-2,-2,0,V1,3,1,5,3,3,3,0,3_5_fbios_PABUnityIAPiOSDefensiveBase,segment_tag_core_slot_prob_nu_29_06_var_a
74564,2026-04-20 07:27:08,3,3,3,attack,attack,attack,attack,2,true,0,25660675712154,700,5,5,80,3,3,0,0,0,0,142255,200000,71,0,71.1,bonus_ctng_gae1_no_village_over_90,107,700000,,,LongExtraDayReduced,"{""slot_on_"":""19940\/48000@m22""}",105,63,35,25,19,28,9,4,6,118,72,38,28,21,36,11,4,7,0,0,0,false,SMALL,-2,-2,0,V1,3,1,5,3,3,3,0,3_5_fbios_PABUnityIAPiOSDefensiveBase,segment_tag_core_slot_prob_nu_29_06_var_a
74565,2026-04-20 07:27:12,5,5,2,shield,shield,goldSack,gold,1,false,8000000,25661370112154,620,5,5,80,3,0,0,2,0,0,142255,200000,71,0,71.1,bonus_ctng_gae1_no_village_over_90,107,700000,,,,,106,63,35,27,19,28,9,4,6,119,72,38,30,21,36,11,4,7,3,2,2,false,NORMAL,0,0,0,V1,3,1,5,5,5,2,0,3_5_fbios_PABUnityIAPiOSDefensiveBase,segment_tag_core_slot_prob_nu_29_06_var_a
74566,2026-04-20 07:27:13,1,1,1,coin,coin,coin,gold,1,true,20000000,25661390112154,540,5,5,80,3,0,0,0,0,0,142255,200000,71,0,71.1,bonus_ctng_gae1_no_village_over_90,107,700000,,,,,107,63,35,27,19,28,9,4,6,120,72,38,30,21,36,11,4,7,1,5,5,false,NORMAL,0,0,0,V1,3,1,5,1,1,1,0,3_5_fbios_PABUnityIAPiOSDefensiveBase,segment_tag_core_slot_prob_nu_29_06_var_a
74567,2026-04-20 07:27:14,30,2,2,accumulation,goldSack,goldSack,gold,1,false,12000000,25661402112154,460,5,5,80,3,0,0,0,0,1,142335,200000,71,80,71.2,bonus_ctng_gae1_no_village_over_90,107,700000,,,,,108,63,35,27,19,29,9,4,6,121,72,38,30,21,37,11,4,7,7,7,8,false,MAX,7,7,0,V1,3,1,5,30,2,2,0,3_5_fbios_PABUnityIAPiOSDefensiveBase,segment_tag_core_slot_prob_nu_29_06_var_a
74568,2026-04-20 07:27:16,1,1,1,coin,coin,coin,gold,1,true,20000000,25661422112154,380,5,5,80,3,0,0,0,0,0,142335,200000,71,0,71.2,bonus_ctng_gae1_no_village_over_90,107,700000,,,,,109,63,35,27,19,29,9,4,6,122,72,38,30,21,37,11,4,7,5,1,1,false,MIN,-5,-3,-2,V1,3,1,5,1,1,1,0,3_5_fbios_PABUnityIAPiOSDefensiveBase,segment_tag_core_slot_prob_nu_29_06_var_a
74569,2026-04-20 07:27:18,30,2,2,accumulation,goldSack,goldSack,gold,1,false,12000000,25661434112154,300,5,5,80,3,0,0,0,0,1,142415,200000,71,80,71.2,bonus_ctng_gae1_no_village_over_90,107,700000,LongExtraDayReduced,,LongExtraDayReduced,"{""slot_on_"":""20100\/48000@m22""}",110,63,35,27,19,30,9,4,6,123,72,38,30,21,38,11,4,7,3,3,8,false,NORMAL,0,2,-2,V1,3,1,5,30,2,2,0,3_5_fbios_PABUnityIAPiOSDefensiveBase,segment_tag_core_slot_prob_nu_29_06_var_a
74570,2026-04-20 07:27:23,5,5,5,shield,shield,shield,shield,3,true,80,25661434112154,300,5,5,80,3,0,0,3,0,0,142415,200000,71,0,71.2,bonus_ctng_gae1_no_village_over_90,107,700000,,,,,111,63,35,30,19,30,9,4,7,124,72,38,33,21,38,11,4,8,2,2,2,false,MIN,-3,-1,-2,V1,3,1,5,5,5,5,0,3_5_fbios_PABUnityIAPiOSDefensiveBase,segment_tag_core_slot_prob_nu_29_06_var_a
74571,2026-04-20 07:27:30,30,2,2,accumulation,goldSack,goldSack,gold,1,false,12000000,25661446112154,220,5,5,80,3,0,0,0,0,1,142495,200000,71,80,71.2,bonus_ctng_gae1_no_village_over_90,107,700000,,,,"{""eb883353"":""27434\/40000@m18""}",112,63,35,30,19,31,9,4,7,125,72,38,33,21,39,11,4,8,3,3,8,false,BIG,2,2,0,V1,3,1,5,30,2,2,0,3_5_fbios_PABUnityIAPiOSDefensiveBase,segment_tag_core_slot_prob_nu_29_06_var_a
74572,2026-04-20 07:27:59,1,1,1,coin,coin,coin,gold,1,true,20000000,25661466112154,140,5,5,80,3,0,0,0,0,0,142495,200000,71,0,71.2,bonus_ctng_gae1_no_village_over_90,107,700000,,,,"{""2bd8e5f9"":""2491\/12000@m35""}",113,63,35,30,19,31,9,4,7,126,72,38,33,21,39,11,4,8,1,1,1,false,MIN,-3,-2,-1,V1,3,1,5,1,1,1,0,3_5_fbios_PABUnityIAPiOSDefensiveBase,segment_tag_core_slot_prob_nu_29_06_var_a
74573,2026-04-20 07:28:03,30,30,30,accumulation,accumulation,accumulation,gold,10,true,0,25661466112154,90,5,5,80,3,0,0,0,0,3,143295,200000,71,800,71.6,bonus_ctng_gae1_no_village_over_90,107,700000,,,LongExtraDayReduced,"{""slot_on_"":""20180\/48000@m22""}",114,63,35,30,19,34,9,4,7,127,72,38,33,21,42,11,4,8,8,8,8,true,SMALL,-1,0,-1,V1,3,1,5,30,30,30,0,3_5_fbios_PABUnityIAPiOSDefensiveBase,segment_tag_core_slot_prob_nu_29_06_var_a
74574,2026-04-20 07:28:06,4,6,2,steal,spins,goldSack,gold,1,false,8000000,25661474112154,10,5,5,80,0,0,1,0,1,0,143295,200000,71,0,71.6,bonus_ctng_gae1_no_village_over_90,107,700000,,,,,1,0,1,0,1,0,0,0,0,128,72,39,33,22,42,11,4,8,7,6,4,false,BIG,2,1,1,V1,3,1,5,4,6,2,0,3_5_fbios_PABUnityIAPiOSDefensiveBase,segment_tag_core_slot_prob_nu_29_06_var_a
74575,2026-04-20 07:28:38,3,3,3,attack,attack,attack,attack,2,true,0,25661474112154,2610,5,5,200,5,3,0,0,0,0,143295,200000,71,0,71.6,bonus_ctng_gae1_no_village_over_90,107,700000,,,,,2,3,1,0,1,0,1,0,0,129,75,39,33,22,42,12,4,8,0,0,0,false,NORMAL,1,-2,3,V1,3,1,5,3,3,3,0,3_5_fbios_PABUnityIAPiOSDefensiveBase,segment_tag_core_slot_prob_nu_29_06_var_a
74576,2026-04-20 07:28:47,30,2,2,accumulation,goldSack,goldSack,gold,1,false,90000000,25663280112154,2010,5,5,600,5,0,0,0,0,1,143895,200000,71,600,71.9,bonus_ctng_gae1_no_village_over_90,107,700000,,,,"{""eb883353"":""28634\/40000@m18""}",3,3,1,0,1,1,1,0,0,130,75,39,33,22,43,12,4,8,3,7,8,false,MAX,9,5,4,V1,3,1,5,30,2,2,0,3_5_fbios_PABUnityIAPiOSDefensiveBase,segment_tag_core_slot_prob_nu_29_06_var_a
74577,2026-04-20 07:28:49,1,1,6,coin,coin,spins,gold,1,false,30000000,25663310112154,1410,5,5,600,5,0,0,0,1,0,143895,200000,71,0,71.9,bonus_ctng_gae1_no_village_over_90,107,700000,,LongExtraDayReduced,,"{""slot_on_"":""20780\/48000@m22""}",4,3,1,0,2,1,1,0,0,131,75,39,33,23,43,12,4,8,6,1,1,false,NORMAL,0,-2,2,V1,3,1,5,1,1,6,0,3_5_fbios_PABUnityIAPiOSDefensiveBase,segment_tag_core_slot_prob_nu_29_06_var_a
74578,2026-04-20 07:28:50,3,3,3,attack,attack,attack,attack,2,true,0,25663310112154,810,5,5,600,5,3,0,0,0,0,143895,200000,71,0,71.9,bonus_ctng_gae1_no_village_over_90,107,700000,,,,,5,6,1,0,2,1,2,0,0,132,78,39,33,23,43,13,4,8,0,0,0,false,NORMAL,0,-2,2,V1,3,1,5,3,3,3,0,3_5_fbios_PABUnityIAPiOSDefensiveBase,segment_tag_core_slot_prob_nu_29_06_var_a
74579,2026-04-20 07:28:58,3,3,3,attack,attack,attack,attack,2,true,0,25668458112154,210,5,5,600,0,3,0,0,0,0,143895,200000,71,0,71.9,bonus_ctng_gae1_no_village_over_90,107,700000,,,,"{""2bd8e5f9"":""3091\/12000@m35""}",6,9,1,0,2,1,3,0,0,133,81,39,33,23,43,14,4,8,0,0,0,false,NORMAL,0,-2,2,V1,3,1,5,3,3,3,0,3_5_fbios_PABUnityIAPiOSDefensiveBase,segment_tag_core_slot_prob_nu_29_06_var_a
74580,2026-04-20 19:23:18,3,6,2,attack,spins,goldSack,gold,1,false,300000,25674229848194,33518,5,5,3,8,1,0,0,1,0,0,7,0,0,0.0,,107,700000,,,,,7,10,1,0,3,1,3,0,0,134,82,39,33,24,43,14,4,8,7,6,0,false,SMALL,-1,-1,0,V1,3,1,5,3,6,2,0,3_5_fbios_PABUnityIAPiOSDefensiveBase,segment_tag_core_slot_prob_nu_29_06_var_a
74581,2026-04-20 19:23:18,30,30,1,accumulation,accumulation,coin,gold,1,false,75000,25674229923194,33515,5,5,3,8,0,0,0,0,2,6,7,0,6,85.7,,107,700000,,,,,8,10,1,0,3,3,3,0,0,135,82,39,33,24,45,14,4,8,5,8,8,false,SMALL,-1,-1,0,V1,3,1,5,30,30,1,0,3_5_fbios_PABUnityIAPiOSDefensiveBase,segment_tag_core_slot_prob_nu_29_06_var_a
74582,2026-04-20 19:23:25,4,6,2,steal,spins,goldSack,gold,1,false,100000,25674230023194,33514,5,5,1,8,0,1,0,1,0,6,7,0,0,85.7,,107,700000,,,,,9,10,2,0,4,3,3,0,0,136,82,40,33,25,45,14,4,8,7,6,4,false,MAX,6,1,5,V1,3,1,5,4,6,2,0,3_5_fbios_PABUnityIAPiOSDefensiveBase,segment_tag_core_slot_prob_nu_29_06_var_a
74583,2026-04-20 19:23:26,2,2,2,goldSack,goldSack,goldSack,gold,1,true,2000000,25674232023194,33513,5,5,1,8,0,0,0,0,0,6,7,0,0,85.7,,107,700000,,,,,10,10,2,0,4,3,3,0,0,137,82,40,33,25,45,14,4,8,3,3,7,false,MAX,7,2,5,V1,3,1,5,2,2,2,0,3_5_fbios_PABUnityIAPiOSDefensiveBase,segment_tag_core_slot_prob_nu_29_06_var_a
74584,2026-04-20 19:23:27,3,6,2,attack,spins,goldSack,gold,1,false,100000,25674232123194,33512,5,5,1,8,1,0,0,1,0,6,7,0,0,85.7,,107,700000,,,,,11,11,2,0,5,3,3,0,0,138,83,40,33,26,45,14,4,8,-1,-1,-1,false,,0,0,0,,-1,-1,-1,-1,-1,-1,0,3_5_fbios_PABUnityIAPiOSDefensiveBase,segment_tag_core_slot_prob_nu_29_06_var_a
74585,2026-04-20 19:23:28,30,30,1,accumulation,accumulation,coin,gold,1,false,25000,25674232148194,33511,5,5,1,8,0,0,0,0,2,1,15,1,0,6.7,,107,700000,,,,,12,11,2,0,5,5,3,0,0,139,83,40,33,26,47,14,4,8,5,8,8,false,MAX,4,-1,5,V1,3,1,5,30,30,1,0,3_5_fbios_PABUnityIAPiOSDefensiveBase,segment_tag_core_slot_prob_nu_29_06_var_a
74586,2026-04-20 19:23:31,1,5,5,coin,shield,shield,gold,1,false,25000,25674232173194,33630,5,5,1,8,0,0,2,0,0,1,15,1,0,6.7,,107,700000,,,,,13,11,2,2,5,5,3,0,0,140,83,40,35,26,47,14,4,8,2,2,5,false,MAX,4,-1,5,V1,3,1,5,1,5,5,0,3_5_fbios_PABUnityIAPiOSDefensiveBase,segment_tag_core_slot_prob_nu_29_06_var_a
74587,2026-04-20 19:23:32,3,6,2,attack,spins,goldSack,gold,1,false,100000,25674232273194,33629,5,5,1,8,1,0,0,1,0,1,15,1,0,6.7,,107,700000,,,,,14,12,2,2,6,5,3,0,0,141,84,40,35,27,47,14,4,8,7,6,0,false,MAX,4,-1,5,V1,3,1,5,3,6,2,0,3_5_fbios_PABUnityIAPiOSDefensiveBase,segment_tag_core_slot_prob_nu_29_06_var_a
74588,2026-04-20 19:23:34,3,6,2,attack,spins,goldSack,gold,1,false,100000,25674232373194,33628,5,5,1,8,1,0,0,1,0,1,15,1,0,6.7,,107,700000,,,,,15,13,2,2,7,5,3,0,0,142,85,40,35,28,47,14,4,8,7,6,0,false,MAX,4,-1,5,V1,3,1,5,3,6,2,0,3_5_fbios_PABUnityIAPiOSDefensiveBase,segment_tag_core_slot_prob_nu_29_06_var_a
74589,2026-04-20 19:23:34,30,2,2,accumulation,goldSack,goldSack,gold,1,false,150000,25674232523194,33627,5,5,1,8,0,0,0,0,1,2,15,1,1,13.3,,107,700000,,,,,16,13,2,2,7,6,3,0,0,143,85,40,35,28,48,14,4,8,7,7,8,false,MAX,12,7,5,V1,3,1,5,30,2,2,0,3_5_fbios_PABUnityIAPiOSDefensiveBase,segment_tag_core_slot_prob_nu_29_06_var_a
74590,2026-04-20 19:23:35,3,6,2,attack,spins,goldSack,gold,1,false,100000,25674232623194,33626,5,5,1,8,1,0,0,1,0,2,15,1,0,13.3,,107,700000,,,,,17,14,2,2,8,6,3,0,0,144,86,40,35,29,48,14,4,8,7,6,0,false,MAX,4,-1,5,V1,3,1,5,3,6,2,0,3_5_fbios_PABUnityIAPiOSDefensiveBase,segment_tag_core_slot_prob_nu_29_06_var_a
74591,2026-04-20 19:23:36,1,1,1,coin,coin,coin,gold,1,true,250000,25674232873194,33625,5,5,1,8,0,0,0,0,0,2,15,1,0,13.3,,107,700000,,,,,18,14,2,2,8,6,3,0,0,145,86,40,35,29,48,14,4,8,1,1,5,false,MAX,5,0,5,V1,3,1,5,1,1,1,0,3_5_fbios_PABUnityIAPiOSDefensiveBase,segment_tag_core_slot_prob_nu_29_06_var_a
74592,2026-04-20 19:23:37,4,6,2,steal,spins,goldSack,gold,1,false,100000,25674232973194,33624,5,5,1,8,0,1,0,1,0,2,15,1,0,13.3,,107,700000,,,,,19,14,3,2,9,6,3,0,0,146,86,41,35,30,48,14,4,8,7,6,4,false,MAX,7,1,6,V1,3,1,5,4,6,2,0,3_5_fbios_PABUnityIAPiOSDefensiveBase,segment_tag_core_slot_prob_nu_29_06_var_a
74593,2026-04-20 19:23:38,1,6,6,coin,spins,spins,gold,1,false,25000,25674232998194,33623,5,5,1,8,0,0,0,2,0,2,15,1,0,13.3,,107,700000,,,,,20,14,3,2,11,6,3,0,0,147,86,41,35,32,48,14,4,8,6,6,5,false,MAX,4,0,4,V1,3,1,5,1,6,6,0,3_5_fbios_PABUnityIAPiOSDefensiveBase,segment_tag_core_slot_prob_nu_29_06_var_a
74594,2026-04-20 19:23:38,30,2,2,accumulation,goldSack,goldSack,gold,1,false,150000,25674233148194,33622,5,5,1,8,0,0,0,0,1,3,15,1,1,20.0,,107,700000,,,,,21,14,3,2,11,7,3,0,0,148,86,41,35,32,49,14,4,8,-1,-1,-1,false,,0,0,0,,-1,-1,-1,-1,-1,-1,0,3_5_fbios_PABUnityIAPiOSDefensiveBase,segment_tag_core_slot_prob_nu_29_06_var_a
74595,2026-04-20 19:23:40,1,6,6,coin,spins,spins,gold,1,false,25000,25674233173194,33621,5,5,1,8,0,0,0,2,0,3,15,1,0,20.0,,107,700000,,,,,22,14,3,2,13,7,3,0,0,149,86,41,35,34,49,14,4,8,6,6,1,false,SMALL,-1,-2,1,V1,3,1,5,1,6,6,0,3_5_fbios_PABUnityIAPiOSDefensiveBase,segment_tag_core_slot_prob_nu_29_06_var_a
74596,2026-04-20 19:23:40,3,3,2,attack,attack,goldSack,gold,1,false,100000,25674233273194,33620,5,5,1,8,2,0,0,0,0,3,15,1,0,20.0,,107,700000,,,,,23,16,3,2,13,7,3,0,0,150,88,41,35,34,49,14,4,8,3,0,0,false,NORMAL,1,0,1,V1,3,1,5,3,3,2,0,3_5_fbios_PABUnityIAPiOSDefensiveBase,segment_tag_core_slot_prob_nu_29_06_var_a
74597,2026-04-20 19:23:41,1,4,4,coin,steal,steal,gold,1,false,25000,25674233298194,33619,5,5,1,8,0,2,0,0,0,3,15,1,0,20.0,,107,700000,,,,,24,16,5,2,13,7,3,0,0,151,88,43,35,34,49,14,4,8,-1,-1,-1,false,,0,0,0,,-1,-1,-1,-1,-1,-1,0,3_5_fbios_PABUnityIAPiOSDefensiveBase,segment_tag_core_slot_prob_nu_29_06_var_a
74598,2026-04-20 19:23:42,30,2,2,accumulation,goldSack,goldSack,gold,1,false,150000,25674233448194,33618,5,5,1,8,0,0,0,0,1,4,15,1,1,26.7,,107,700000,,,,,25,16,5,2,13,8,3,0,0,152,88,43,35,34,50,14,4,8,7,7,8,false,MAX,8,7,1,V1,3,1,5,30,2,2,0,3_5_fbios_PABUnityIAPiOSDefensiveBase,segment_tag_core_slot_prob_nu_29_06_var_a
74599,2026-04-20 19:23:43,3,3,3,attack,attack,attack,attack,2,true,0,25674233448194,33617,5,5,1,8,3,0,0,0,0,4,15,1,0,26.7,,107,700000,,,,,26,19,5,2,13,8,4,0,0,153,91,43,35,34,50,15,4,8,0,0,0,false,NORMAL,1,-2,3,V1,3,1,5,3,3,3,0,3_5_fbios_PABUnityIAPiOSDefensiveBase,segment_tag_core_slot_prob_nu_29_06_var_a
74600,2026-04-20 19:23:49,30,2,2,accumulation,goldSack,goldSack,gold,1,false,150000,25674259598194,33616,5,5,1,8,0,0,0,0,1,5,15,1,1,33.3,,107,700000,,,,,27,19,5,2,13,9,4,0,0,154,91,43,35,34,51,15,4,8,7,3,8,false,MAX,6,3,3,V1,3,1,5,30,2,2,0,3_5_fbios_PABUnityIAPiOSDefensiveBase,segment_tag_core_slot_prob_nu_29_06_var_a
74601,2026-04-20 19:23:51,5,5,5,shield,shield,shield,shield,3,true,1,25674259598194,33616,5,5,1,8,0,0,3,0,0,5,15,1,0,33.3,,107,700000,,,,,28,19,5,5,13,9,4,0,1,155,91,43,38,34,51,15,4,9,2,2,2,false,BIG,2,-1,3,V1,3,1,5,5,5,5,0,3_5_fbios_PABUnityIAPiOSDefensiveBase,segment_tag_core_slot_prob_nu_29_06_var_a
74602,2026-04-20 19:23:52,2,2,2,goldSack,goldSack,goldSack,gold,1,true,2000000,25674261598194,33615,5,5,1,8,0,0,0,0,0,5,15,1,0,33.3,,107,700000,,,,,29,19,5,5,13,9,4,0,1,156,91,43,38,34,51,15,4,9,3,7,3,false,MAX,7,4,3,V1,3,1,5,2,2,2,0,3_5_fbios_PABUnityIAPiOSDefensiveBase,segment_tag_core_slot_prob_nu_29_06_var_a
74603,2026-04-20 19:23:53,30,2,2,accumulation,goldSack,goldSack,gold,1,false,150000,25674261748194,33614,5,5,1,8,0,0,0,0,1,6,15,1,1,40.0,,107,700000,,,,,30,19,5,5,13,10,4,0,1,157,91,43,38,34,52,15,4,9,-1,-1,-1,false,,0,0,0,,-1,-1,-1,-1,-1,-1,0,3_5_fbios_PABUnityIAPiOSDefensiveBase,segment_tag_core_slot_prob_nu_29_06_var_a
74604,2026-04-20 19:23:55,30,2,2,accumulation,goldSack,goldSack,gold,1,false,150000,25674261898194,33613,5,5,1,8,0,0,0,0,1,7,15,1,1,46.7,,107,700000,,,,,31,19,5,5,13,11,4,0,1,158,91,43,38,34,53,15,4,9,7,3,8,false,MAX,5,3,2,V1,3,1,5,30,2,2,0,3_5_fbios_PABUnityIAPiOSDefensiveBase,segment_tag_core_slot_prob_nu_29_06_var_a
74605,2026-04-20 19:23:56,1,4,4,coin,steal,steal,gold,1,false,25000,25674261923194,33612,5,5,1,8,0,2,0,0,0,7,15,1,0,46.7,,107,700000,,,,,32,19,7,5,13,11,4,0,1,159,91,45,38,34,53,15,4,9,4,4,5,false,NORMAL,0,-2,2,V1,3,1,5,1,4,4,0,3_5_fbios_PABUnityIAPiOSDefensiveBase,segment_tag_core_slot_prob_nu_29_06_var_a
74606,2026-04-20 19:23:57,30,2,2,accumulation,goldSack,goldSack,gold,1,false,150000,25674262073194,33611,5,5,1,8,0,0,0,0,1,8,15,1,1,53.3,,107,700000,,,,,33,19,7,5,13,12,4,0,1,160,91,45,38,34,54,15,4,9,3,3,8,false,MAX,4,2,2,V1,3,1,5,30,2,2,0,3_5_fbios_PABUnityIAPiOSDefensiveBase,segment_tag_core_slot_prob_nu_29_06_var_a
74607,2026-04-20 19:23:58,30,30,1,accumulation,accumulation,coin,gold,1,false,25000,25674262098194,33610,5,5,1,8,0,0,0,0,2,10,15,1,2,66.7,,107,700000,,,,,34,19,7,5,13,14,4,0,1,161,91,45,38,34,56,15,4,9,1,8,8,false,BIG,3,0,3,V1,3,1,5,30,30,1,0,3_5_fbios_PABUnityIAPiOSDefensiveBase,segment_tag_core_slot_prob_nu_29_06_var_a
74608,2026-04-20 19:24:00,1,1,4,coin,coin,steal,gold,1,false,50000,25674262148194,33609,5,5,1,8,0,1,0,0,0,10,15,1,0,66.7,,107,700000,,,,,35,19,8,5,13,14,4,0,1,162,91,46,38,34,56,15,4,9,4,1,5,false,BIG,3,0,3,V1,3,1,5,1,1,4,0,3_5_fbios_PABUnityIAPiOSDefensiveBase,segment_tag_core_slot_prob_nu_29_06_var_a
74609,2026-04-20 19:24:00,30,2,2,accumulation,goldSack,goldSack,gold,1,false,150000,25674262298194,33608,5,5,1,8,0,0,0,0,1,11,15,1,1,73.3,,107,700000,,,,,36,19,8,5,13,15,4,0,1,163,91,46,38,34,57,15,4,9,3,7,8,false,MAX,8,5,3,V1,3,1,5,30,2,2,0,3_5_fbios_PABUnityIAPiOSDefensiveBase,segment_tag_core_slot_prob_nu_29_06_var_a
74610,2026-04-20 19:24:02,5,5,5,shield,shield,shield,shield,3,true,1,25674262298194,33608,5,5,1,8,0,0,3,0,0,11,15,1,0,73.3,,107,700000,,,,,37,19,8,8,13,15,4,0,2,164,91,46,41,34,57,15,4,10,2,2,2,false,NORMAL,1,-1,2,V1,3,1,5,5,5,5,0,3_5_fbios_PABUnityIAPiOSDefensiveBase,segment_tag_core_slot_prob_nu_29_06_var_a
74611,2026-04-20 19:24:03,30,2,2,accumulation,goldSack,goldSack,gold,1,false,150000,25674262448194,33607,5,5,1,8,0,0,0,0,1,12,15,1,1,80.0,,107,700000,,,,,38,19,8,8,13,16,4,0,2,165,91,46,41,34,58,15,4,10,7,3,8,false,MAX,5,3,2,V1,3,1,5,30,2,2,0,3_5_fbios_PABUnityIAPiOSDefensiveBase,segment_tag_core_slot_prob_nu_29_06_var_a
74612,2026-04-20 19:24:05,4,4,4,steal,steal,steal,steal,4,true,0,25674262448194,33606,5,5,1,8,0,3,0,0,0,12,15,1,0,80.0,,107,700000,,,,,39,19,11,8,13,16,4,1,2,166,91,49,41,34,58,15,5,10,4,4,4,false,NORMAL,0,-3,3,V1,3,1,5,4,4,4,0,3_5_fbios_PABUnityIAPiOSDefensiveBase,segment_tag_core_slot_prob_nu_29_06_var_a
74613,2026-04-20 19:24:11,30,30,1,accumulation,accumulation,coin,gold,1,false,25000,25674401958194,33605,5,5,1,8,0,0,0,0,2,14,15,1,2,93.3,,107,700000,,,,,40,19,11,8,13,18,4,1,2,167,91,49,41,34,60,15,5,10,5,8,8,false,BIG,2,-1,3,V1,3,1,5,30,30,1,0,3_5_fbios_PABUnityIAPiOSDefensiveBase,segment_tag_core_slot_prob_nu_29_06_var_a
74614,2026-04-20 19:24:13,5,5,5,shield,shield,shield,shield,3,true,1,25674401958194,33605,5,5,1,8,0,0,3,0,0,14,15,1,0,93.3,,107,700000,,,,,41,19,11,11,13,18,4,1,3,168,91,49,44,34,60,15,5,11,2,2,2,false,BIG,2,-1,3,V1,3,1,5,5,5,5,0,3_5_fbios_PABUnityIAPiOSDefensiveBase,segment_tag_core_slot_prob_nu_29_06_var_a
74615,2026-04-20 19:24:15,1,1,4,coin,coin,steal,gold,1,false,50000,25674402008194,33604,5,5,1,8,0,1,0,0,0,14,15,1,0,93.3,,107,700000,,,,,42,19,12,11,13,18,4,1,3,169,91,50,44,34,60,15,5,11,4,5,5,false,BIG,3,0,3,V1,3,1,5,1,1,4,0,3_5_fbios_PABUnityIAPiOSDefensiveBase,segment_tag_core_slot_prob_nu_29_06_var_a
74616,2026-04-20 19:24:15,1,1,1,coin,coin,coin,gold,1,true,250000,25674402258194,33603,5,5,1,8,0,0,0,0,0,14,15,1,0,93.3,,107,700000,,,,,43,19,12,11,13,18,4,1,3,170,91,50,44,34,60,15,5,11,1,5,1,false,SMALL,-2,-2,0,V1,3,1,5,1,1,1,0,3_5_fbios_PABUnityIAPiOSDefensiveBase,segment_tag_core_slot_prob_nu_29_06_var_a
74617,2026-04-20 19:24:16,3,6,2,attack,spins,goldSack,gold,1,false,100000,25674402358194,33602,5,5,1,8,1,0,0,1,0,14,15,1,0,93.3,,107,700000,,,,,44,20,12,11,14,18,4,1,3,171,92,50,44,35,60,15,5,11,7,6,0,false,NORMAL,0,-1,1,V1,3,1,5,3,6,2,0,3_5_fbios_PABUnityIAPiOSDefensiveBase,segment_tag_core_slot_prob_nu_29_06_var_a
74618,2026-04-20 19:24:17,1,1,4,coin,coin,steal,gold,1,false,50000,25674402408194,33601,5,5,1,8,0,1,0,0,0,14,15,1,0,93.3,,107,700000,,,,,45,20,13,11,14,18,4,1,3,172,92,51,44,35,60,15,5,11,4,1,1,false,SMALL,-1,-2,1,V1,3,1,5,1,1,4,0,3_5_fbios_PABUnityIAPiOSDefensiveBase,segment_tag_core_slot_prob_nu_29_06_var_a
74619,2026-04-20 19:24:18,2,2,2,goldSack,goldSack,goldSack,gold,1,true,2000000,25674404408194,33600,5,5,1,8,0,0,0,0,0,14,15,1,0,93.3,,107,700000,,,,,46,20,13,11,14,18,4,1,3,173,92,51,44,35,60,15,5,11,3,7,3,false,MAX,5,4,1,V1,3,1,5,2,2,2,0,3_5_fbios_PABUnityIAPiOSDefensiveBase,segment_tag_core_slot_prob_nu_29_06_var_a
74620,2026-04-20 19:24:19,1,1,1,coin,coin,coin,gold,1,true,250000,25674404658194,33599,5,5,1,8,0,0,0,0,0,14,15,1,0,93.3,,107,700000,,,,,47,20,13,11,14,18,4,1,3,174,92,51,44,35,60,15,5,11,1,1,5,false,NORMAL,1,0,1,V1,3,1,5,1,1,1,0,3_5_fbios_PABUnityIAPiOSDefensiveBase,segment_tag_core_slot_prob_nu_29_06_var_a
74621,2026-04-20 19:24:20,30,2,2,accumulation,goldSack,goldSack,gold,1,false,150000,25674404808194,33598,5,5,1,8,0,0,0,0,1,0,25,2,0,0.0,,107,700000,,,,,48,20,13,11,14,19,4,1,3,175,92,51,44,35,61,15,5,11,-1,-1,-1,false,,0,0,0,,-1,-1,-1,-1,-1,-1,0,3_5_fbios_PABUnityIAPiOSDefensiveBase,segment_tag_core_slot_prob_nu_29_06_var_a
74622,2026-04-20 19:24:22,4,6,2,steal,spins,goldSack,gold,1,false,100000,25677154908194,33597,5,5,1,8,0,1,0,1,0,0,25,2,0,0.0,,107,700000,,,,,49,20,14,11,15,19,4,1,3,176,92,52,44,36,61,15,5,11,7,6,4,false,MAX,5,1,4,V1,3,1,5,4,6,2,0,3_5_fbios_PABUnityIAPiOSDefensiveBase,segment_tag_core_slot_prob_nu_29_06_var_a
74623,2026-04-20 19:24:23,1,1,1,coin,coin,coin,gold,1,true,250000,25677155158194,33596,5,5,1,8,0,0,0,0,0,0,25,2,0,0.0,,107,700000,,,,,50,20,14,11,15,19,4,1,3,177,92,52,44,36,61,15,5,11,-1,-1,-1,false,,0,0,0,,-1,-1,-1,-1,-1,-1,0,3_5_fbios_PABUnityIAPiOSDefensiveBase,segment_tag_core_slot_prob_nu_29_06_var_a
74624,2026-04-20 19:24:24,4,4,4,steal,steal,steal,steal,4,true,0,25677155158194,33595,5,5,1,8,0,3,0,0,0,0,25,2,0,0.0,,107,700000,,,,,51,20,17,11,15,19,4,2,3,178,92,55,44,36,61,15,6,11,4,4,4,false,BIG,2,-3,5,V1,3,1,5,4,4,4,0,3_5_fbios_PABUnityIAPiOSDefensiveBase,segment_tag_core_slot_prob_nu_29_06_var_a
74625,2026-04-20 19:24:30,2,2,2,goldSack,goldSack,goldSack,gold,1,true,2000000,25677369564194,33594,5,5,1,8,0,0,0,0,0,0,25,2,0,0.0,,107,700000,,,,,52,20,17,11,15,19,4,2,3,179,92,55,44,36,61,15,6,11,7,7,3,false,MAX,10,5,5,V1,3,1,5,2,2,2,0,3_5_fbios_PABUnityIAPiOSDefensiveBase,segment_tag_core_slot_prob_nu_29_06_var_a
74626,2026-04-20 19:24:31,30,2,2,accumulation,goldSack,goldSack,gold,1,false,150000,25677369714194,33593,5,5,1,8,0,0,0,0,1,1,25,2,1,4.0,,107,700000,,,,,53,20,17,11,15,20,4,2,3,180,92,55,44,36,62,15,6,11,7,3,8,false,MAX,8,3,5,V1,3,1,5,30,2,2,0,3_5_fbios_PABUnityIAPiOSDefensiveBase,segment_tag_core_slot_prob_nu_29_06_var_a
74627,2026-04-20 19:24:32,4,4,4,steal,steal,steal,steal,4,true,0,25677369714194,33592,5,5,1,8,0,3,0,0,0,1,25,2,0,4.0,,107,700000,,,,,54,20,20,11,15,20,4,3,3,181,92,58,44,36,62,15,7,11,4,4,4,false,BIG,2,-3,5,V1,3,1,5,4,4,4,0,3_5_fbios_PABUnityIAPiOSDefensiveBase,segment_tag_core_slot_prob_nu_29_06_var_a
74628,2026-04-20 19:24:51,1,1,4,coin,coin,steal,gold,1,false,50000,25677481814194,33591,5,5,1,8,0,1,0,0,0,1,25,2,0,4.0,,107,700000,,,,,55,20,21,11,15,20,4,3,3,182,92,59,44,36,62,15,7,11,4,1,1,false,NORMAL,1,-2,3,V1,3,1,5,1,1,4,0,3_5_fbios_PABUnityIAPiOSDefensiveBase,segment_tag_core_slot_prob_nu_29_06_var_a
74629,2026-04-20 19:24:52,2,2,2,goldSack,goldSack,goldSack,gold,1,true,2000000,25677483814194,33590,5,5,1,8,0,0,0,0,0,1,25,2,0,4.0,,107,700000,,,,,56,20,21,11,15,20,4,3,3,183,92,59,44,36,62,15,7,11,-1,-1,-1,false,,0,0,0,,-1,-1,-1,-1,-1,-1,0,3_5_fbios_PABUnityIAPiOSDefensiveBase,segment_tag_core_slot_prob_nu_29_06_var_a
74630,2026-04-20 19:24:52,30,2,2,accumulation,goldSack,goldSack,gold,1,false,150000,25677483964194,33589,5,5,1,8,0,0,0,0,1,2,25,2,1,8.0,,107,700000,,,,,57,20,21,11,15,21,4,3,3,184,92,59,44,36,63,15,7,11,7,7,8,false,MAX,10,7,3,V1,3,1,5,30,2,2,0,3_5_fbios_PABUnityIAPiOSDefensiveBase,segment_tag_core_slot_prob_nu_29_06_var_a
74631,2026-04-20 19:24:54,3,6,2,attack,spins,goldSack,gold,1,false,100000,25677484064194,33588,5,5,1,8,1,0,0,1,0,2,25,2,0,8.0,,107,700000,,,,,58,21,21,11,16,21,4,3,3,185,93,59,44,37,63,15,7,11,3,6,0,false,MAX,4,1,3,V1,3,1,5,3,6,2,0,3_5_fbios_PABUnityIAPiOSDefensiveBase,segment_tag_core_slot_prob_nu_29_06_var_a
74632,2026-04-20 19:24:54,4,6,2,steal,spins,goldSack,gold,1,false,100000,25677484164194,33587,5,5,1,8,0,1,0,1,0,2,25,2,0,8.0,,107,700000,,,,,59,21,22,11,17,21,4,3,3,186,93,60,44,38,63,15,7,11,-1,-1,-1,false,,0,0,0,,-1,-1,-1,-1,-1,-1,0,3_5_fbios_PABUnityIAPiOSDefensiveBase,segment_tag_core_slot_prob_nu_29_06_var_a
74633,2026-04-20 19:24:55,5,2,2,shield,goldSack,goldSack,gold,1,false,150000,25677484314194,33586,5,5,1,8,0,0,1,0,0,2,25,2,0,8.0,,107,700000,,,,,60,21,22,12,17,21,4,3,3,187,93,60,45,38,63,15,7,11,3,7,2,false,MAX,10,4,6,V1,3,1,5,5,2,2,0,3_5_fbios_PABUnityIAPiOSDefensiveBase,segment_tag_core_slot_prob_nu_29_06_var_a
74634,2026-04-20 19:24:56,3,3,3,attack,attack,attack,attack,2,true,0,25677484314194,33585,5,5,1,8,3,0,0,0,0,2,25,2,0,8.0,,107,700000,,,,,61,24,22,12,17,21,5,3,3,188,96,60,45,38,63,16,7,11,0,0,0,false,MAX,4,-2,6,V1,3,1,5,3,3,3,0,3_5_fbios_PABUnityIAPiOSDefensiveBase,segment_tag_core_slot_prob_nu_29_06_var_a
74635,2026-04-20 19:25:00,1,1,4,coin,coin,steal,gold,1,false,50000,25677510364194,33584,5,5,1,8,0,1,0,0,0,2,25,2,0,8.0,,107,700000,,,,,62,24,23,12,17,21,5,3,3,189,96,61,45,38,63,16,7,11,4,1,1,false,BIG,2,-2,4,V1,3,1,5,1,1,4,0,3_5_fbios_PABUnityIAPiOSDefensiveBase,segment_tag_core_slot_prob_nu_29_06_var_a
74636,2026-04-20 19:25:01,3,3,2,attack,attack,goldSack,gold,1,false,100000,25677510464194,33583,5,5,1,8,2,0,0,0,0,2,25,2,0,8.0,,107,700000,,,,,63,26,23,12,17,21,5,3,3,190,98,61,45,38,63,16,7,11,7,0,0,false,NORMAL,0,-2,2,V1,3,1,5,3,3,2,0,3_5_fbios_PABUnityIAPiOSDefensiveBase,segment_tag_core_slot_prob_nu_29_06_var_a
74637,2026-04-20 19:25:02,30,30,1,accumulation,accumulation,coin,gold,1,false,25000,25677510489194,33582,5,5,1,8,0,0,0,0,2,4,25,2,2,16.0,,107,700000,,,,,64,26,23,12,17,23,5,3,3,191,98,61,45,38,65,16,7,11,5,8,8,false,BIG,2,-1,3,V1,3,1,5,30,30,1,0,3_5_fbios_PABUnityIAPiOSDefensiveBase,segment_tag_core_slot_prob_nu_29_06_var_a
74638,2026-04-20 19:25:06,1,1,4,coin,coin,steal,gold,1,false,2500000,25677512989194,33532,5,5,50,8,0,1,0,0,0,4,25,2,0,16.0,,107,700000,,,,,65,26,24,12,17,23,5,3,3,192,98,62,45,38,65,16,7,11,4,5,5,false,MAX,4,0,4,V1,3,1,5,1,1,4,0,3_5_fbios_PABUnityIAPiOSDefensiveBase,segment_tag_core_slot_prob_nu_29_06_var_a
74639,2026-04-20 19:25:07,1,1,4,coin,coin,steal,gold,1,false,2500000,25677515489194,33482,5,5,50,8,0,1,0,0,0,4,25,2,0,16.0,,107,700000,,,,,66,26,25,12,17,23,5,3,3,193,98,63,45,38,65,16,7,11,4,1,1,false,SMALL,-1,-2,1,V1,3,1,5,1,1,4,0,3_5_fbios_PABUnityIAPiOSDefensiveBase,segment_tag_core_slot_prob_nu_29_06_var_a
74640,2026-04-20 19:25:07,3,1,5,attack,coin,shield,gold,1,false,1250000,25677516739194,33432,5,5,50,8,1,0,1,0,0,4,25,2,0,16.0,,107,700000,,,,,67,27,25,13,17,23,5,3,3,194,99,63,46,38,65,16,7,11,-1,-1,-1,false,,0,0,0,,-1,-1,-1,-1,-1,-1,0,3_5_fbios_PABUnityIAPiOSDefensiveBase,segment_tag_core_slot_prob_nu_29_06_var_a
74641,2026-04-20 19:25:08,3,3,3,attack,attack,attack,attack,2,true,0,25677516739194,33382,5,5,50,8,3,0,0,0,0,4,25,2,0,16.0,,107,700000,,,,,68,30,25,13,17,23,6,3,3,195,102,63,46,38,65,17,7,11,0,0,0,false,SMALL,-1,-2,1,V1,3,1,5,3,3,3,0,3_5_fbios_PABUnityIAPiOSDefensiveBase,segment_tag_core_slot_prob_nu_29_06_var_a
74642,2026-04-20 19:25:12,3,1,5,attack,coin,shield,gold,1,false,1250000,25677946989194,33332,5,5,50,8,1,0,1,0,0,4,25,2,0,16.0,,107,700000,,,,,69,31,25,14,17,23,6,3,3,196,103,63,47,38,65,17,7,11,2,1,0,false,NORMAL,1,0,1,V1,3,1,5,3,1,5,0,3_5_fbios_PABUnityIAPiOSDefensiveBase,segment_tag_core_slot_prob_nu_29_06_var_a
74643,2026-04-20 19:25:13,3,1,4,attack,coin,steal,gold,1,false,1250000,25677948239194,33282,5,5,50,8,1,1,0,0,0,4,25,2,0,16.0,,107,700000,,,,,70,32,26,14,17,23,6,3,3,197,104,64,47,38,65,17,7,11,4,5,0,false,NORMAL,1,0,1,V1,3,1,5,3,1,4,0,3_5_fbios_PABUnityIAPiOSDefensiveBase,segment_tag_core_slot_prob_nu_29_06_var_a
74644,2026-04-20 19:25:13,30,2,2,accumulation,goldSack,goldSack,gold,1,false,7500000,25677955739194,33232,5,5,50,8,0,0,0,0,1,29,90,3,0,32.2,,107,700000,,,,,71,32,26,14,17,24,6,3,3,198,104,64,47,38,66,17,7,11,3,7,8,false,MAX,6,5,1,V1,3,1,5,30,2,2,0,3_5_fbios_PABUnityIAPiOSDefensiveBase,segment_tag_core_slot_prob_nu_29_06_var_a
74645,2026-04-20 19:25:17,3,1,4,attack,coin,steal,gold,1,false,1250000,25677956989194,33182,5,5,50,8,1,1,0,0,0,29,90,3,0,32.2,,107,700000,,,,,72,33,27,14,17,24,6,3,3,199,105,65,47,38,66,17,7,11,4,5,0,false,NORMAL,1,0,1,V1,3,1,5,3,1,4,0,3_5_fbios_PABUnityIAPiOSDefensiveBase,segment_tag_core_slot_prob_nu_29_06_var_a
74646,2026-04-20 19:25:17,3,3,3,attack,attack,attack,attack,2,true,0,25677956989194,33132,5,5,50,8,3,0,0,0,0,29,90,3,0,32.2,,107,700000,,,,,73,36,27,14,17,24,7,3,3,200,108,65,47,38,66,18,7,11,-1,-1,-1,false,,0,0,0,,-1,-1,-1,-1,-1,-1,0,3_5_fbios_PABUnityIAPiOSDefensiveBase,segment_tag_core_slot_prob_nu_29_06_var_a
74647,2026-04-20 19:25:22,1,1,4,coin,coin,steal,gold,1,false,2500000,25678388489194,33082,5,5,50,8,0,1,0,0,0,29,90,3,0,32.2,,107,700000,,,,,74,36,28,14,17,24,7,3,3,201,108,66,47,38,66,18,7,11,4,5,5,false,NORMAL,1,0,1,V1,3,1,5,1,1,4,0,3_5_fbios_PABUnityIAPiOSDefensiveBase,segment_tag_core_slot_prob_nu_29_06_var_a
74648,2026-04-20 19:25:23,3,6,2,attack,spins,goldSack,gold,1,false,5000000,25678393489194,33032,5,5,50,8,1,0,0,1,0,29,90,3,0,32.2,,107,700000,,,,,75,37,28,14,18,24,7,3,3,202,109,66,47,39,66,18,7,11,7,6,0,false,NORMAL,1,-1,2,V1,3,1,5,3,6,2,0,3_5_fbios_PABUnityIAPiOSDefensiveBase,segment_tag_core_slot_prob_nu_29_06_var_a
74649,2026-04-20 19:25:23,1,1,1,coin,coin,coin,gold,1,true,12500000,25678405989194,32982,5,5,50,8,0,0,0,0,0,29,90,3,0,32.2,,107,700000,,,,,76,37,28,14,18,24,7,3,3,203,109,66,47,39,66,18,7,11,5,5,1,false,MIN,-3,-3,0,V1,3,1,5,1,1,1,0,3_5_fbios_PABUnityIAPiOSDefensiveBase,segment_tag_core_slot_prob_nu_29_06_var_a
74650,2026-04-20 19:25:24,3,6,2,attack,spins,goldSack,gold,1,false,5000000,25678410989194,32932,5,5,50,8,1,0,0,1,0,29,90,3,0,32.2,,107,700000,,,,,77,38,28,14,19,24,7,3,3,204,110,66,47,40,66,18,7,11,7,6,0,false,SMALL,-1,-1,0,V1,3,1,5,3,6,2,0,3_5_fbios_PABUnityIAPiOSDefensiveBase,segment_tag_core_slot_prob_nu_29_06_var_a
74651,2026-04-20 19:25:25,6,6,6,spins,spins,spins,spins,5,true,500,25678410989194,33382,5,5,50,8,0,0,0,3,0,29,90,3,0,32.2,,107,700000,,,,,78,38,28,14,22,24,7,3,3,205,110,66,47,43,66,18,7,11,-1,-1,-1,false,,0,0,0,,-1,-1,-1,-1,-1,-1,0,3_5_fbios_PABUnityIAPiOSDefensiveBase,segment_tag_core_slot_prob_nu_29_06_var_a
74652,2026-04-20 19:25:26,3,3,2,attack,attack,goldSack,gold,1,false,5000000,25678415989194,33332,5,5,50,8,2,0,0,0,0,29,90,3,0,32.2,,107,700000,,,,,79,40,28,14,22,24,7,3,3,1,2,0,0,0,0,0,0,0,7,0,0,false,SMALL,-2,-2,0,V1,3,1,5,3,3,2,0,3_5_fbios_PABUnityIAPiOSDefensiveBase,segment_tag_core_slot_prob_nu_29_06_var_a
74653,2026-04-20 19:25:28,1,4,4,coin,steal,steal,gold,1,false,1250000,25678417239194,33282,5,5,50,8,0,2,0,0,0,29,90,3,0,32.2,,107,700000,,,,,80,40,30,14,22,24,7,3,3,2,2,2,0,0,0,0,0,0,4,4,1,false,MIN,-4,-4,0,V1,3,1,5,1,4,4,0,3_5_fbios_PABUnityIAPiOSDefensiveBase,segment_tag_core_slot_prob_nu_29_06_var_a
74654,2026-04-20 19:25:30,30,2,2,accumulation,goldSack,goldSack,gold,1,false,7500000,25678424739194,33232,5,5,50,8,0,0,0,0,1,79,90,3,50,87.8,,107,700000,,,,,81,40,30,14,22,25,7,3,3,3,2,2,0,0,1,0,0,0,3,7,8,false,MAX,6,5,1,V1,3,1,5,30,2,2,0,3_5_fbios_PABUnityIAPiOSDefensiveBase,segment_tag_core_slot_prob_nu_29_06_var_a
74655,2026-04-20 19:25:31,3,1,4,attack,coin,steal,gold,1,false,1250000,25678425989194,33182,5,5,50,8,1,1,0,0,0,79,90,3,0,87.8,,107,700000,,,,,82,41,31,14,22,25,7,3,3,4,3,3,0,0,1,0,0,0,4,5,0,false,NORMAL,0,0,0,V1,3,1,5,3,1,4,0,3_5_fbios_PABUnityIAPiOSDefensiveBase,segment_tag_core_slot_prob_nu_29_06_var_a
74656,2026-04-20 19:25:32,30,3,3,accumulation,attack,attack,gold,6,false,0,25678425989194,33132,5,5,50,8,2,0,0,0,1,9,40,5,0,22.5,bonus_as10_gae1_no,107,700000,,,,,83,43,31,14,22,26,7,3,3,5,5,3,0,0,2,0,0,0,-1,-1,-1,false,,0,0,0,,-1,-1,-1,-1,-1,-1,0,3_5_fbios_PABUnityIAPiOSDefensiveBase,segment_tag_core_slot_prob_nu_29_06_var_a
74657,2026-04-20 19:25:34,3,3,3,attack,attack,attack,attack,2,true,0,25678425989194,33282,5,5,50,8,3,0,0,0,0,9,40,5,0,22.5,bonus_as10_gae1_no,107,700000,,,,,84,46,31,14,22,26,8,3,3,6,8,3,0,0,2,1,0,0,0,0,0,false,SMALL,-1,-2,1,V1,3,1,5,3,3,3,0,3_5_fbios_PABUnityIAPiOSDefensiveBase,segment_tag_core_slot_prob_nu_29_06_var_a
74658,2026-04-20 19:25:40,3,6,2,attack,spins,goldSack,gold,1,false,5000000,25680730989194,33302,5,5,50,8,1,0,0,1,0,9,40,5,0,22.5,bonus_as10_gae1_no,107,700000,,,,,85,47,31,14,23,26,8,3,3,7,9,3,0,1,2,1,0,0,3,6,0,false,BIG,2,1,1,V1,3,1,5,3,6,2,0,3_5_fbios_PABUnityIAPiOSDefensiveBase,segment_tag_core_slot_prob_nu_29_06_var_a
74659,2026-04-20 19:25:41,3,3,3,attack,attack,attack,attack,2,true,0,25680730989194,33252,5,5,50,8,3,0,0,0,0,9,40,5,0,22.5,bonus_as10_gae1_no,107,700000,,,,,86,50,31,14,23,26,9,3,3,8,12,3,0,1,2,2,0,0,0,0,0,false,SMALL,-1,-2,1,V1,3,1,5,3,3,3,0,3_5_fbios_PABUnityIAPiOSDefensiveBase,segment_tag_core_slot_prob_nu_29_06_var_a
74660,2026-04-20 19:25:45,3,1,4,attack,coin,steal,gold,1,false,1250000,25682032239194,33202,5,5,50,8,1,1,0,0,0,9,40,5,0,22.5,bonus_as10_gae1_no,107,700000,,,,,87,51,32,14,23,26,9,3,3,9,13,4,0,1,2,2,0,0,4,1,0,false,NORMAL,1,0,1,V1,3,1,5,3,1,4,0,3_5_fbios_PABUnityIAPiOSDefensiveBase,segment_tag_core_slot_prob_nu_29_06_var_a
74661,2026-04-20 19:25:46,30,2,2,accumulation,goldSack,goldSack,gold,1,false,7500000,25682039739194,33152,5,5,50,8,0,0,0,0,1,19,45,6,0,42.2,,107,700000,,,,,88,51,32,14,23,27,9,3,3,10,13,4,0,1,3,2,0,0,-1,-1,-1,false,,0,0,0,,-1,-1,-1,-1,-1,-1,0,3_5_fbios_PABUnityIAPiOSDefensiveBase,segment_tag_core_slot_prob_nu_29_06_var_a
74662,2026-04-20 19:25:48,1,1,1,coin,coin,coin,gold,1,true,12500000,25682152239194,33102,5,5,50,8,0,0,0,0,0,19,45,6,0,42.2,,107,700000,,,,,89,51,32,14,23,27,9,3,3,11,13,4,0,1,3,2,0,0,1,1,5,false,NORMAL,1,0,1,V1,3,1,5,1,1,1,0,3_5_fbios_PABUnityIAPiOSDefensiveBase,segment_tag_core_slot_prob_nu_29_06_var_a
74663,2026-04-20 19:25:49,30,30,30,accumulation,accumulation,accumulation,gold,10,true,0,25682152239194,33052,5,5,50,8,0,0,0,0,3,174,225,11,0,77.3,bonus_as10_gae1_no,107,700000,,,,,90,51,32,14,23,30,9,3,3,12,13,4,0,1,6,2,0,0,8,8,8,true,NORMAL,1,0,1,V1,3,1,5,30,30,30,0,3_5_fbios_PABUnityIAPiOSDefensiveBase,segment_tag_core_slot_prob_nu_29_06_var_a
74664,2026-04-20 19:25:57,1,4,4,coin,steal,steal,gold,1,false,25000,25682277289194,33711,5,5,1,8,0,2,0,0,0,174,225,11,0,77.3,bonus_as10_gae1_no,107,700000,,,,,1,0,2,0,0,0,0,0,0,13,13,6,0,1,6,2,0,0,4,4,5,false,SMALL,-1,-2,1,V1,3,1,5,1,4,4,0,3_5_fbios_PABUnityIAPiOSDefensiveBase,segment_tag_core_slot_prob_nu_29_06_var_a
