seq,timestamp,r1,r2,r3,reel_1,reel_2,reel_3,spin_result,reward_code,is_triple,coins_won,coins,spins_remaining,shields,max_shields,bet_multiplier,bet_level,atk_count,stl_count,shd_count,spn_count,acc_count,accum_current,accum_total,accum_mission,accum_delta,accum_pct,gae_segment,gae_last_mission,gae_grand_prize,slot2_r1,slot2_r2,slot2_r3,event_bars,sa_spins,sa_atk,sa_stl,sa_shd,sa_spn,sa_acc,sa_3x_atk,sa_3x_stl,sa_3x_shd,ss_spins,ss_atk,ss_stl,ss_shd,ss_spn,ss_acc,ss_3x_atk,ss_3x_stl,ss_3x_shd,r1_idx,r2_idx,r3_idx,is_valuable,strategy_tier,strategy_score,l1_score,l2_score,scorer_cfg,full_strip1,full_strip2,full_strip3,repl_map1,repl_map2,repl_map3,cm_balance,profile_name,slot_prob_seg
70310,2026-04-14 05:45:39,1,1,4,coin,coin,steal,gold,1,false,20000000,503562312681,104193,5,5,400,10,0,1,0,0,0,5142,20000,42,0,25.7,bonus_bs15_gae1_no,107,700000,,,,,1,0,1,0,0,0,0,0,0,1,0,1,0,0,0,0,0,0,4,1,1,false,SMALL,-2,-2,0,V2,,,,,,,0,3_5_fbios_PABUnityIAPiOSDefensiveBase,segment_tag_core_slot_prob_nu_29_06_var_a
70311,2026-04-14 05:45:41,4,4,4,steal,steal,steal,steal,4,true,0,503562312681,103793,5,5,400,10,0,3,0,0,0,5142,20000,42,0,25.7,bonus_bs15_gae1_no,107,700000,,,,,2,0,4,0,0,0,0,1,0,2,0,4,0,0,0,0,1,0,4,4,4,false,MIN,-4,-4,0,V2,,,,,,,0,3_5_fbios_PABUnityIAPiOSDefensiveBase,segment_tag_core_slot_prob_nu_29_06_var_a
70312,2026-04-14 05:45:47,3,6,2,attack,spins,goldSack,gold,1,false,40000000,574032712681,103393,5,5,400,10,1,0,0,1,0,5142,20000,42,0,25.7,bonus_bs15_gae1_no,107,700000,,,,,3,1,4,0,1,0,0,1,0,3,1,4,0,1,0,0,1,0,3,6,0,false,NORMAL,0,2,-2,V2,,,,,,,0,3_5_fbios_PABUnityIAPiOSDefensiveBase,segment_tag_core_slot_prob_nu_29_06_var_a
70313,2026-04-14 05:45:48,3,6,2,attack,spins,goldSack,gold,1,false,40000000,574072712681,102993,5,5,400,10,1,0,0,1,0,5142,20000,42,0,25.7,bonus_bs15_gae1_no,107,700000,,,,"{""68171e9b"":""2891\/3500@m7""}",4,2,4,0,2,0,0,1,0,4,2,4,0,2,0,0,1,0,3,6,0,false,BIG,4,5,-1,V2,,,,,,,0,3_5_fbios_PABUnityIAPiOSDefensiveBase,segment_tag_core_slot_prob_nu_29_06_var_a
70314,2026-04-14 05:45:49,30,2,2,accumulation,goldSack,goldSack,gold,1,false,60000000,574132712681,102593,5,5,400,10,0,0,0,0,1,5542,20000,42,400,27.7,bonus_bs15_gae1_no,107,700000,,,,,5,2,4,0,2,1,0,1,0,5,2,4,0,2,1,0,1,0,3,7,8,false,BIG,7,7,0,V2,,,,,,,0,3_5_fbios_PABUnityIAPiOSDefensiveBase,segment_tag_core_slot_prob_nu_29_06_var_a
70315,2026-04-14 05:45:50,2,2,2,goldSack,goldSack,goldSack,gold,1,true,800000000,574932712681,102193,5,5,400,10,0,0,0,0,0,5542,20000,42,0,27.7,bonus_bs15_gae1_no,107,700000,,,,,6,2,4,0,2,1,0,1,0,6,2,4,0,2,1,0,1,0,3,3,7,false,NORMAL,1,1,0,V2,,,,,,,0,3_5_fbios_PABUnityIAPiOSDefensiveBase,segment_tag_core_slot_prob_nu_29_06_var_a
70316,2026-04-14 05:45:51,3,3,1,attack,attack,coin,gold,1,false,10000000,574942712681,101793,5,5,400,10,2,0,0,0,0,5542,20000,42,0,27.7,bonus_bs15_gae1_no,107,700000,,,,"{""820004c2"":""1190\/2500@m7""}",7,4,4,0,2,1,0,1,0,7,4,4,0,2,1,0,1,0,1,0,0,false,SMALL,-1,-1,0,V2,,,,,,,0,3_5_fbios_PABUnityIAPiOSDefensiveBase,segment_tag_core_slot_prob_nu_29_06_var_a
70317,2026-04-14 05:45:52,30,30,1,accumulation,accumulation,coin,gold,1,false,10000000,574952712681,101393,5,5,400,10,0,0,0,0,2,6342,20000,42,800,31.7,bonus_bs15_gae1_no,107,700000,,,,,8,4,4,0,2,3,0,1,0,8,4,4,0,2,3,0,1,0,5,8,8,false,NORMAL,0,0,0,V2,,,,,,,0,3_5_fbios_PABUnityIAPiOSDefensiveBase,segment_tag_core_slot_prob_nu_29_06_var_a
70318,2026-04-14 05:45:53,2,2,2,goldSack,goldSack,goldSack,gold,1,true,800000000,575752712681,100993,5,5,400,10,0,0,0,0,0,6342,20000,42,0,31.7,bonus_bs15_gae1_no,107,700000,,,,,9,4,4,0,2,3,0,1,0,9,4,4,0,2,3,0,1,0,3,7,7,false,NORMAL,3,3,0,V2,,,,,,,0,3_5_fbios_PABUnityIAPiOSDefensiveBase,segment_tag_core_slot_prob_nu_29_06_var_a
70319,2026-04-14 05:45:54,30,2,2,accumulation,goldSack,goldSack,gold,1,false,60000000,575812712681,100593,5,5,400,10,0,0,0,0,1,6742,20000,42,400,33.7,bonus_bs15_gae1_no,107,700000,,,,,10,4,4,0,2,4,0,1,0,10,4,4,0,2,4,0,1,0,3,7,8,false,MAX,8,8,0,V2,,,,,,,0,3_5_fbios_PABUnityIAPiOSDefensiveBase,segment_tag_core_slot_prob_nu_29_06_var_a
70320,2026-04-14 05:45:57,30,2,2,accumulation,goldSack,goldSack,gold,1,false,60000000,575872712681,100193,5,5,400,10,0,0,0,0,1,7142,20000,42,400,35.7,bonus_bs15_gae1_no,107,700000,,,,,11,4,4,0,2,5,0,1,0,11,4,4,0,2,5,0,1,0,3,3,8,false,MAX,8,7,1,V2,,,,,,,0,3_5_fbios_PABUnityIAPiOSDefensiveBase,segment_tag_core_slot_prob_nu_29_06_var_a
70321,2026-04-14 05:46:00,4,6,2,steal,spins,goldSack,gold,1,false,40000000,575912712681,99793,5,5,400,10,0,1,0,1,0,7142,20000,42,0,35.7,bonus_bs15_gae1_no,107,700000,,,,,12,4,5,0,3,5,0,1,0,12,4,5,0,3,5,0,1,0,7,6,4,false,NORMAL,3,1,2,V2,,,,,,,0,3_5_fbios_PABUnityIAPiOSDefensiveBase,segment_tag_core_slot_prob_nu_29_06_var_a
70322,2026-04-14 05:46:02,30,2,2,accumulation,goldSack,goldSack,gold,1,false,60000000,575972712681,99393,5,5,400,10,0,0,0,0,1,7542,20000,42,400,37.7,bonus_bs15_gae1_no,107,700000,,,,"{""c8bff241"":""2596\/3500@m3""}",13,4,5,0,3,6,0,1,0,13,4,5,0,3,6,0,1,0,3,7,8,false,MAX,8,6,2,V2,,,,,,,0,3_5_fbios_PABUnityIAPiOSDefensiveBase,segment_tag_core_slot_prob_nu_29_06_var_a
70323,2026-04-14 05:46:03,1,6,6,coin,spins,spins,gold,1,false,10000000,575982712681,98993,5,5,400,10,0,0,0,2,0,7542,20000,42,0,37.7,bonus_bs15_gae1_no,107,700000,,,,,14,4,5,0,5,6,0,1,0,14,4,5,0,5,6,0,1,0,6,6,5,false,BIG,6,4,2,V2,,,,,,,0,3_5_fbios_PABUnityIAPiOSDefensiveBase,segment_tag_core_slot_prob_nu_29_06_var_a
70324,2026-04-14 05:46:04,1,4,4,coin,steal,steal,gold,1,false,10000000,575992712681,98593,5,5,400,10,0,2,0,0,0,7542,20000,42,0,37.7,bonus_bs15_gae1_no,107,700000,,,,,15,4,7,0,5,6,0,1,0,15,4,7,0,5,6,0,1,0,4,4,1,false,MIN,-5,-4,-1,V2,,,,,,,0,3_5_fbios_PABUnityIAPiOSDefensiveBase,segment_tag_core_slot_prob_nu_29_06_var_a
70325,2026-04-14 05:46:05,3,3,3,attack,attack,attack,attack,2,true,0,575992712681,98193,5,5,400,10,3,0,0,0,0,7542,20000,42,0,37.7,bonus_bs15_gae1_no,107,700000,,,,"{""68171e9b"":""3291\/3500@m7""}",16,7,7,0,5,6,1,1,0,16,7,7,0,5,6,1,1,0,0,0,0,false,MIN,-3,-2,-1,V2,,,,,,,0,3_5_fbios_PABUnityIAPiOSDefensiveBase,segment_tag_core_slot_prob_nu_29_06_var_a
70326,2026-04-14 05:52:38,1,1,4,coin,coin,steal,gold,1,false,50000,586392762681,98192,5,5,1,10,0,1,0,0,0,7542,20000,42,0,37.7,bonus_bs15_gae1_no,107,700000,,,,,17,7,8,0,5,6,1,1,0,17,7,8,0,5,6,1,1,0,4,1,5,false,NORMAL,1,1,0,V2,,,,,,,0,3_5_fbios_PABUnityIAPiOSDefensiveBase,segment_tag_core_slot_prob_nu_29_06_var_a
70327,2026-04-14 05:52:51,3,3,3,attack,attack,attack,attack,2,true,0,586392762681,98191,5,5,1,10,3,0,0,0,0,7542,20000,42,0,37.7,bonus_bs15_gae1_no,107,700000,,,,,18,10,8,0,5,6,2,1,0,18,10,8,0,5,6,2,1,0,0,0,0,false,SMALL,-2,-2,0,V2,,,,,,,0,3_5_fbios_PABUnityIAPiOSDefensiveBase,segment_tag_core_slot_prob_nu_29_06_var_a
70328,2026-04-14 05:56:45,1,1,1,coin,coin,coin,gold,1,true,250000,586401592681,98190,5,5,1,10,0,0,0,0,0,7542,20000,42,0,37.7,bonus_bs15_gae1_no,107,700000,,,,,19,10,8,0,5,6,2,1,0,19,10,8,0,5,6,2,1,0,1,1,1,false,MIN,-6,-4,-2,V2,,,,,,,0,3_5_fbios_PABUnityIAPiOSDefensiveBase,segment_tag_core_slot_prob_nu_29_06_var_a
70329,2026-04-14 05:58:56,5,5,5,shield,shield,shield,shield,3,true,1,586401592681,98190,5,5,1,10,0,0,3,0,0,7542,20000,42,0,37.7,bonus_bs15_gae1_no,107,700000,,,,,20,10,8,3,5,6,2,1,1,20,10,8,3,5,6,2,1,1,2,2,2,false,SMALL,-1,-1,0,V2,"-1,-1,455940835,-1,0,-1,-1,-1,456693596","-1,-1,455740541,-1,0,-1,-1,-1,455740541","-1,-1,455740541,-1,0,-1,-1,-1,455740541",,,,0,3_5_fbios_PABUnityIAPiOSDefensiveBase,segment_tag_core_slot_prob_nu_29_06_var_a
70330,2026-04-14 06:06:50,3,1,4,attack,coin,steal,gold,1,false,25000,586402117681,98714,5,5,1,10,1,1,0,0,0,7542,20000,42,0,37.7,bonus_bs15_gae1_no,107,700000,,,,,21,11,9,3,5,6,2,1,1,21,11,9,3,5,6,2,1,1,4,5,0,false,SMALL,-2,-2,0,V2,"0,0,655896384,0,1261654016,0,0,0,611223264","0,0,604072592,0,1342611600,0,0,0,604072592","0,0,604072592,0,1374709136,0,0,0,604072592",,,,0,3_5_fbios_PABUnityIAPiOSDefensiveBase,segment_tag_core_slot_prob_nu_29_06_var_a
70331,2026-04-14 06:06:51,30,2,2,accumulation,goldSack,goldSack,gold,1,false,150000,586402267681,98713,5,5,1,10,0,0,0,0,1,7543,20000,42,1,37.7,bonus_bs15_gae1_no,107,700000,,,,,22,11,9,3,5,7,2,1,1,22,11,9,3,5,7,2,1,1,3,3,8,false,BIG,4,4,0,V2,"0,0,655896384,0,1261654016,0,0,0,611223264","0,0,604072592,0,1342611600,0,0,0,604072592","0,0,604072592,0,1374709136,0,0,0,604072592",,,,0,3_5_fbios_PABUnityIAPiOSDefensiveBase,segment_tag_core_slot_prob_nu_29_06_var_a
70334,2026-04-14 06:48:57,1,1,4,coin,coin,steal,gold,1,false,50000,586124987681,98714,5,5,1,10,0,1,0,0,0,7544,20000,42,1,37.7,bonus_bs15_gae1_no,107,700000,,,,"{""820004c2"":""1192\/2500@m7""}",23,11,10,3,5,7,2,1,1,23,11,10,3,5,7,2,1,1,4,1,1,false,SMALL,-2,-2,0,V2,"-1,-1,253311883,-1,978581456,988219408,-1,-1,253515612","-1,-1,252562557,-1,0,-1,-1,-1,252562557","-1,-1,252562557,-1,0,-1,-1,-1,252562557",,,,0,3_5_fbios_PABUnityIAPiOSDefensiveBase,segment_tag_core_slot_prob_nu_29_06_var_a
70335,2026-04-14 06:55:34,30,30,1,accumulation,accumulation,coin,gold,1,false,25000,586125012681,98713,5,5,1,10,0,0,0,0,2,7546,20000,42,2,37.7,bonus_bs15_gae1_no,107,700000,,,,"{""68171e9b"":""3292\/3500@m7""}",24,11,10,3,5,9,2,1,1,24,11,10,3,5,9,2,1,1,5,8,8,false,NORMAL,0,0,0,V2,"-1,-1,452064809,-1,0,-1,-1,-1,452499292","-1,-1,451546237,-1,0,-1,-1,-1,451546237","-1,-1,451546237,-1,0,-1,-1,-1,451546237",,,,0,3_5_fbios_PABUnityIAPiOSDefensiveBase,segment_tag_core_slot_prob_nu_29_06_var_a
70339,2026-04-14 07:18:53,30,30,1,accumulation,accumulation,coin,gold,1,false,25000,586125087681,98709,5,5,1,10,0,0,0,0,2,7548,20000,42,2,37.7,bonus_as10_gae1_no,107,700000,,,,,25,11,10,3,5,11,2,1,1,25,11,10,3,5,11,2,1,1,5,8,8,false,NORMAL,0,0,0,V2,"-1,-1,424763459,-1,36,1562694672,-1,-1,425751148","-1,-1,426721485,-1,0,-1,-1,-1,425751148","-1,-1,426675325,-1,0,-1,-1,-1,426675325",,,,0,3_5_fbios_PABUnityIAPiOSDefensiveBase,segment_tag_core_slot_prob_nu_29_06_var_a
70340,2026-04-14 07:19:08,30,2,2,accumulation,goldSack,goldSack,gold,1,false,150000,586125237681,98708,5,5,1,10,0,0,0,0,1,7549,20000,42,1,37.7,bonus_as10_gae1_no,107,700000,,,,,26,11,10,3,5,12,2,1,1,26,11,10,3,5,12,2,1,1,7,3,8,false,MAX,8,8,0,V2,"-1,-1,424763459,-1,36,1562694672,-1,-1,426875619","-1,-1,426875619,-1,0,-1,-1,-1,427424651","-1,-1,426675325,-1,0,-1,-1,-1,426675325",,,,0,3_5_fbios_PABUnityIAPiOSDefensiveBase,segment_tag_core_slot_prob_nu_29_06_var_a
70341,2026-04-14 07:27:58,1,1,4,coin,coin,steal,gold,1,false,50000,586125287681,98707,5,5,1,10,0,1,0,0,0,7549,20000,42,0,37.7,bonus_as10_gae1_no,107,700000,,,,,27,11,11,3,5,12,2,1,1,27,11,11,3,5,12,2,1,1,4,5,5,false,SMALL,-1,-1,0,V2,3,1,5,1,1,4,0,3_5_fbios_PABUnityIAPiOSDefensiveBase,segment_tag_core_slot_prob_nu_29_06_var_a
70342,2026-04-14 07:28:00,4,6,2,steal,spins,goldSack,gold,1,false,100000,586125387681,98706,5,5,1,10,0,1,0,1,0,7549,20000,42,0,37.7,bonus_as10_gae1_no,107,700000,,,,"{""68171e9b"":""3293\/3500@m7""}",28,11,12,3,6,12,2,1,1,28,11,12,3,6,12,2,1,1,3,6,4,false,NORMAL,1,1,0,V2,3,1,5,4,6,2,0,3_5_fbios_PABUnityIAPiOSDefensiveBase,segment_tag_core_slot_prob_nu_29_06_var_a
70343,2026-04-14 07:28:02,3,5,2,attack,shield,goldSack,gold,1,false,100000,586125487681,98705,5,5,1,10,1,0,1,0,0,7549,20000,42,0,37.7,bonus_as10_gae1_no,107,700000,,,,,29,12,12,4,6,12,2,1,1,29,12,12,4,6,12,2,1,1,7,2,0,false,NORMAL,0,-2,2,V2,3,1,5,3,5,2,0,3_5_fbios_PABUnityIAPiOSDefensiveBase,segment_tag_core_slot_prob_nu_29_06_var_a
70344,2026-04-14 07:28:03,3,5,2,attack,shield,goldSack,gold,1,false,100000,586125587681,98704,5,5,1,10,1,0,1,0,0,7549,20000,42,0,37.7,bonus_as10_gae1_no,107,700000,,,,,30,13,12,5,6,12,2,1,1,30,13,12,5,6,12,2,1,1,7,2,0,false,NORMAL,3,1,2,V2,3,1,5,3,5,2,0,3_5_fbios_PABUnityIAPiOSDefensiveBase,segment_tag_core_slot_prob_nu_29_06_var_a
70345,2026-04-14 07:28:05,30,2,2,accumulation,goldSack,goldSack,gold,1,false,150000,586125737681,98703,5,5,1,10,0,0,0,0,1,7550,20000,42,1,37.8,bonus_as10_gae1_no,107,700000,,,,,31,13,12,5,6,13,2,1,1,31,13,12,5,6,13,2,1,1,3,7,8,false,MAX,9,6,3,V2,3,1,5,30,2,2,0,3_5_fbios_PABUnityIAPiOSDefensiveBase,segment_tag_core_slot_prob_nu_29_06_var_a
70346,2026-04-14 07:28:06,1,1,1,coin,coin,coin,gold,1,true,250000,586125987681,98702,5,5,1,10,0,0,0,0,0,7550,20000,42,0,37.8,bonus_as10_gae1_no,107,700000,,,,,32,13,12,5,6,13,2,1,1,32,13,12,5,6,13,2,1,1,5,5,5,false,NORMAL,2,-1,3,V2,3,1,5,1,1,1,0,3_5_fbios_PABUnityIAPiOSDefensiveBase,segment_tag_core_slot_prob_nu_29_06_var_a
70347,2026-04-14 07:28:07,3,6,2,attack,spins,goldSack,gold,1,false,100000,586126087681,98701,5,5,1,10,1,0,0,1,0,7550,20000,42,0,37.8,bonus_as10_gae1_no,107,700000,,,,,33,14,12,5,7,13,2,1,1,33,14,12,5,7,13,2,1,1,3,6,0,false,BIG,5,2,3,V2,3,1,5,3,6,2,0,3_5_fbios_PABUnityIAPiOSDefensiveBase,segment_tag_core_slot_prob_nu_29_06_var_a
70348,2026-04-14 07:28:08,3,5,2,attack,shield,goldSack,gold,1,false,100000,586126187681,98700,5,5,1,10,1,0,1,0,0,7550,20000,42,0,37.8,bonus_as10_gae1_no,107,700000,,,,,34,15,12,6,7,13,2,1,1,34,15,12,6,7,13,2,1,1,7,2,0,false,NORMAL,2,-1,3,V2,3,1,5,3,5,2,0,3_5_fbios_PABUnityIAPiOSDefensiveBase,segment_tag_core_slot_prob_nu_29_06_var_a
70349,2026-04-14 07:28:09,1,6,6,coin,spins,spins,gold,1,false,25000,586126212681,98699,5,5,1,10,0,0,0,2,0,7550,20000,42,0,37.8,bonus_as10_gae1_no,107,700000,,,,,35,15,12,6,9,13,2,1,1,35,15,12,6,9,13,2,1,1,6,6,5,false,BIG,5,2,3,V2,3,1,5,1,6,6,0,3_5_fbios_PABUnityIAPiOSDefensiveBase,segment_tag_core_slot_prob_nu_29_06_var_a
70350,2026-04-14 07:28:10,3,6,2,attack,spins,goldSack,gold,1,false,100000,586126312681,98698,5,5,1,10,1,0,0,1,0,7550,20000,42,0,37.8,bonus_as10_gae1_no,107,700000,,,,"{""68171e9b"":""3294\/3500@m7""}",36,16,12,6,10,13,2,1,1,36,16,12,6,10,13,2,1,1,7,6,0,false,NORMAL,1,-2,3,V2,3,1,5,3,6,2,0,3_5_fbios_PABUnityIAPiOSDefensiveBase,segment_tag_core_slot_prob_nu_29_06_var_a
70351,2026-04-14 07:28:12,3,6,2,attack,spins,goldSack,gold,1,false,100000,586126412681,98697,5,5,1,10,1,0,0,1,0,7550,20000,42,0,37.8,bonus_as10_gae1_no,107,700000,,,,,37,17,12,6,11,13,2,1,1,37,17,12,6,11,13,2,1,1,3,6,0,false,BIG,6,3,3,V2,3,1,5,3,6,2,0,3_5_fbios_PABUnityIAPiOSDefensiveBase,segment_tag_core_slot_prob_nu_29_06_var_a
70352,2026-04-14 07:28:13,5,5,5,shield,shield,shield,shield,3,true,1,586126412681,98697,5,5,1,10,0,0,3,0,0,7550,20000,42,0,37.8,bonus_as10_gae1_no,107,700000,,,,,38,17,12,9,11,13,2,1,2,38,17,12,9,11,13,2,1,2,2,2,2,false,NORMAL,1,-1,2,V2,3,1,5,5,5,5,0,3_5_fbios_PABUnityIAPiOSDefensiveBase,segment_tag_core_slot_prob_nu_29_06_var_a
70353,2026-04-14 08:08:10,2,2,2,goldSack,goldSack,goldSack,gold,1,true,2000000,585187432681,98696,5,5,1,10,0,0,0,0,0,7550,20000,42,0,37.8,bonus_as10_gae1_no,107,700000,,,,,39,17,12,9,11,13,2,1,2,39,17,12,9,11,13,2,1,2,7,3,3,false,BIG,5,5,0,V2,3,1,5,2,2,2,0,3_5_fbios_PABUnityIAPiOSDefensiveBase,segment_tag_core_slot_prob_nu_29_06_var_a
70354,2026-04-14 08:08:11,30,30,30,accumulation,accumulation,accumulation,gold,10,true,0,585187432681,98695,5,5,1,10,0,0,0,0,3,7560,20000,42,10,37.8,bonus_as10_gae1_no,107,700000,,,,,40,17,12,9,11,16,2,1,2,40,17,12,9,11,16,2,1,2,-1,-1,-1,false,,0,0,0,,-1,-1,-1,-1,-1,-1,0,3_5_fbios_PABUnityIAPiOSDefensiveBase,segment_tag_core_slot_prob_nu_29_06_var_a
70355,2026-04-14 08:08:13,3,5,2,attack,shield,goldSack,gold,1,false,100000,585187532681,98694,5,5,1,10,1,0,1,0,0,7560,20000,42,0,37.8,bonus_as10_gae1_no,107,700000,,,,"{""820004c2"":""1198\/2500@m7""}",1,1,0,1,0,0,0,0,0,41,18,12,10,11,16,2,1,2,3,2,0,false,NORMAL,1,1,0,V2,3,1,5,3,5,2,0,3_5_fbios_PABUnityIAPiOSDefensiveBase,segment_tag_core_slot_prob_nu_29_06_var_a
70356,2026-04-14 08:08:14,3,1,5,attack,coin,shield,gold,1,false,25000,585187557681,98693,5,5,1,10,1,0,1,0,0,7560,20000,42,0,37.8,bonus_as10_gae1_no,107,700000,,,,,2,2,0,2,0,0,0,0,0,42,19,12,11,11,16,2,1,2,2,1,0,false,NORMAL,2,1,1,V2,3,1,5,3,1,5,0,3_5_fbios_PABUnityIAPiOSDefensiveBase,segment_tag_core_slot_prob_nu_29_06_var_a
70357,2026-04-14 08:08:15,3,3,3,attack,attack,attack,attack,2,true,0,585187557681,98692,5,5,1,10,3,0,0,0,0,7560,20000,42,0,37.8,bonus_as10_gae1_no,107,700000,,,,,3,5,0,2,0,0,1,0,0,43,22,12,11,11,16,3,1,2,0,0,0,false,SMALL,-1,-2,1,V2,3,1,5,3,3,3,0,3_5_fbios_PABUnityIAPiOSDefensiveBase,segment_tag_core_slot_prob_nu_29_06_var_a
70358,2026-04-14 08:08:18,1,1,4,coin,coin,steal,gold,1,false,50000,585196187681,98691,5,5,1,10,0,1,0,0,0,7560,20000,42,0,37.8,bonus_as10_gae1_no,107,700000,,,,"{""68171e9b"":""3295\/3500@m7""}",4,5,1,2,0,0,1,0,0,44,22,13,11,11,16,3,1,2,4,1,1,false,MIN,-4,-2,-2,V2,3,1,5,1,1,4,0,3_5_fbios_PABUnityIAPiOSDefensiveBase,segment_tag_core_slot_prob_nu_29_06_var_a
70359,2026-04-14 08:08:19,3,3,1,attack,attack,coin,gold,1,false,25000,585196212681,98690,5,5,1,10,2,0,0,0,0,7560,20000,42,0,37.8,bonus_as10_gae1_no,107,700000,,,,,5,7,1,2,0,0,1,0,0,45,24,13,11,11,16,3,1,2,5,0,0,false,MIN,-4,-2,-2,V2,3,1,5,3,3,1,0,3_5_fbios_PABUnityIAPiOSDefensiveBase,segment_tag_core_slot_prob_nu_29_06_var_a
70360,2026-04-14 08:08:20,30,2,2,accumulation,goldSack,goldSack,gold,1,false,150000,585196362681,98689,5,5,1,10,0,0,0,0,1,7561,20000,42,1,37.8,bonus_as10_gae1_no,107,700000,,,,,6,7,1,2,0,1,1,0,0,46,24,13,11,11,17,3,1,2,3,7,8,false,BIG,5,6,-1,V2,3,1,5,30,2,2,0,3_5_fbios_PABUnityIAPiOSDefensiveBase,segment_tag_core_slot_prob_nu_29_06_var_a
70361,2026-04-14 08:08:21,2,2,2,goldSack,goldSack,goldSack,gold,1,true,2000000,585198362681,98688,5,5,1,10,0,0,0,0,0,7561,20000,42,0,37.8,bonus_as10_gae1_no,107,700000,,,,,7,7,1,2,0,1,1,0,0,47,24,13,11,11,17,3,1,2,3,3,3,false,BIG,4,4,0,V2,3,1,5,2,2,2,0,3_5_fbios_PABUnityIAPiOSDefensiveBase,segment_tag_core_slot_prob_nu_29_06_var_a
70362,2026-04-14 08:08:22,5,5,5,shield,shield,shield,shield,3,true,1,585198362681,98688,5,5,1,10,0,0,3,0,0,7561,20000,42,0,37.8,bonus_as10_gae1_no,107,700000,,,,,8,7,1,5,0,1,1,0,1,48,24,13,14,11,17,3,1,3,2,2,2,false,SMALL,-1,-1,0,V2,3,1,5,5,5,5,0,3_5_fbios_PABUnityIAPiOSDefensiveBase,segment_tag_core_slot_prob_nu_29_06_var_a
70363,2026-04-14 08:08:23,2,2,2,goldSack,goldSack,goldSack,gold,1,true,2000000,585200362681,98687,5,5,1,10,0,0,0,0,0,7561,20000,42,0,37.8,bonus_as10_gae1_no,107,700000,,,,"{""68171e9b"":""3296\/3500@m7""}",9,7,1,5,0,1,1,0,1,49,24,13,14,11,17,3,1,3,7,7,7,false,NORMAL,1,1,0,V2,3,1,5,2,2,2,0,3_5_fbios_PABUnityIAPiOSDefensiveBase,segment_tag_core_slot_prob_nu_29_06_var_a
70364,2026-04-14 08:08:24,3,3,1,attack,attack,coin,gold,1,false,25000,585200387681,98686,5,5,1,10,2,0,0,0,0,7561,20000,42,0,37.8,bonus_as10_gae1_no,107,700000,,,,,10,9,1,5,0,1,1,0,1,50,26,13,14,11,17,3,1,3,1,0,0,false,SMALL,-1,-1,0,V2,3,1,5,3,3,1,0,3_5_fbios_PABUnityIAPiOSDefensiveBase,segment_tag_core_slot_prob_nu_29_06_var_a
70365,2026-04-14 08:08:25,1,5,5,coin,shield,shield,gold,1,false,25000,585200412681,98685,5,5,1,10,0,0,2,0,0,7561,20000,42,0,37.8,bonus_as10_gae1_no,107,700000,,,,,11,9,1,7,0,1,1,0,1,51,26,13,16,11,17,3,1,3,2,2,1,false,MIN,-5,-3,-2,V2,3,1,5,1,5,5,0,3_5_fbios_PABUnityIAPiOSDefensiveBase,segment_tag_core_slot_prob_nu_29_06_var_a
70366,2026-04-14 08:08:27,1,1,1,coin,coin,coin,gold,1,true,250000,585200662681,98684,5,5,1,10,0,0,0,0,0,7561,20000,42,0,37.8,bonus_as10_gae1_no,107,700000,,,,,12,9,1,7,0,1,1,0,1,52,26,13,16,11,17,3,1,3,1,5,1,false,MIN,-9,-7,-2,V2,3,1,5,1,1,1,0,3_5_fbios_PABUnityIAPiOSDefensiveBase,segment_tag_core_slot_prob_nu_29_06_var_a
70367,2026-04-14 08:08:27,3,3,1,attack,attack,coin,gold,1,false,25000,585200687681,98683,5,5,1,10,2,0,0,0,0,7561,20000,42,0,37.8,bonus_as10_gae1_no,107,700000,,,,"{""c8bff241"":""2600\/3500@m3""}",13,11,1,7,0,1,1,0,1,53,28,13,16,11,17,3,1,3,5,0,0,false,MIN,-4,-2,-2,V2,3,1,5,3,3,1,0,3_5_fbios_PABUnityIAPiOSDefensiveBase,segment_tag_core_slot_prob_nu_29_06_var_a
70368,2026-04-14 08:08:28,4,6,2,steal,spins,goldSack,gold,1,false,100000,585200787681,98682,5,5,1,10,0,1,0,1,0,7561,20000,42,0,37.8,bonus_as10_gae1_no,107,700000,,,,"{""820004c2"":""1200\/2500@m7""}",14,11,2,7,1,1,1,0,1,54,28,14,16,12,17,3,1,3,3,6,4,false,NORMAL,0,1,-1,V2,3,1,5,4,6,2,0,3_5_fbios_PABUnityIAPiOSDefensiveBase,segment_tag_core_slot_prob_nu_29_06_var_a
70369,2026-04-14 08:08:29,3,6,2,attack,spins,goldSack,gold,1,false,100000,585200887681,98681,5,5,1,10,1,0,0,1,0,7561,20000,42,0,37.8,bonus_as10_gae1_no,107,700000,,,,,15,12,2,7,2,1,1,0,1,55,29,14,16,13,17,3,1,3,3,6,0,false,NORMAL,3,3,0,V2,3,1,5,3,6,2,0,3_5_fbios_PABUnityIAPiOSDefensiveBase,segment_tag_core_slot_prob_nu_29_06_var_a
70370,2026-04-14 08:08:30,30,2,2,accumulation,goldSack,goldSack,gold,1,false,150000,585201037681,98680,5,5,1,10,0,0,0,0,1,7562,20000,42,1,37.8,bonus_as10_gae1_no,107,700000,,,,,16,12,2,7,2,2,1,0,1,56,29,14,16,13,18,3,1,3,3,3,8,false,BIG,7,6,1,V2,3,1,5,30,2,2,0,3_5_fbios_PABUnityIAPiOSDefensiveBase,segment_tag_core_slot_prob_nu_29_06_var_a
70371,2026-04-14 08:08:31,1,1,4,coin,coin,steal,gold,1,false,50000,585201087681,98679,5,5,1,10,0,1,0,0,0,7562,20000,42,0,37.8,bonus_as10_gae1_no,107,700000,,,,,17,12,3,7,2,2,1,0,1,57,29,15,16,13,18,3,1,3,4,1,1,false,MIN,-3,-2,-1,V2,3,1,5,1,1,4,0,3_5_fbios_PABUnityIAPiOSDefensiveBase,segment_tag_core_slot_prob_nu_29_06_var_a
70372,2026-04-14 08:08:31,3,5,2,attack,shield,goldSack,gold,1,false,100000,585201187681,98678,5,5,1,10,1,0,1,0,0,7562,20000,42,0,37.8,bonus_as10_gae1_no,107,700000,,,,,18,13,3,8,2,2,1,0,1,58,30,15,17,13,18,3,1,3,7,2,0,false,MIN,-3,-2,-1,V2,3,1,5,3,5,2,0,3_5_fbios_PABUnityIAPiOSDefensiveBase,segment_tag_core_slot_prob_nu_29_06_var_a
70373,2026-04-14 08:08:32,5,5,5,shield,shield,shield,shield,3,true,1,585201187681,98678,5,5,1,10,0,0,3,0,0,7562,20000,42,0,37.8,bonus_as10_gae1_no,107,700000,,,,,19,13,3,11,2,2,1,0,2,59,30,15,20,13,18,3,1,4,-1,-1,-1,false,,0,0,0,,-1,-1,-1,-1,-1,-1,0,3_5_fbios_PABUnityIAPiOSDefensiveBase,segment_tag_core_slot_prob_nu_29_06_var_a
70374,2026-04-14 08:08:33,3,3,3,attack,attack,attack,attack,2,true,0,585201187681,98677,5,5,1,10,3,0,0,0,0,7562,20000,42,0,37.8,bonus_as10_gae1_no,107,700000,,,,,20,16,3,11,2,2,2,0,2,60,33,15,20,13,18,4,1,4,0,0,0,false,SMALL,-2,-1,-1,V2,3,1,5,3,3,3,0,3_5_fbios_PABUnityIAPiOSDefensiveBase,segment_tag_core_slot_prob_nu_29_06_var_a
70375,2026-04-14 08:08:44,3,3,1,attack,attack,coin,gold,1,false,25000,585209792681,98676,5,5,1,10,2,0,0,0,0,7562,20000,42,0,37.8,bonus_as10_gae1_no,107,700000,,,,"{""68171e9b"":""3297\/3500@m7""}",21,18,3,11,2,2,2,0,2,61,35,15,20,13,18,4,1,4,1,0,0,false,NORMAL,1,0,1,V2,3,1,5,3,3,1,0,3_5_fbios_PABUnityIAPiOSDefensiveBase,segment_tag_core_slot_prob_nu_29_06_var_a
70376,2026-04-14 08:08:45,4,6,2,steal,spins,goldSack,gold,1,false,100000,585209892681,98675,5,5,1,10,0,1,0,1,0,7562,20000,42,0,37.8,bonus_as10_gae1_no,107,700000,,,,,22,18,4,11,3,2,2,0,2,62,35,16,20,14,18,4,1,4,7,6,4,false,BIG,4,1,3,V2,3,1,5,4,6,2,0,3_5_fbios_PABUnityIAPiOSDefensiveBase,segment_tag_core_slot_prob_nu_29_06_var_a
70377,2026-04-14 08:08:45,30,30,1,accumulation,accumulation,coin,gold,1,false,25000,585209917681,98674,5,5,1,10,0,0,0,0,2,7564,20000,42,2,37.8,bonus_as10_gae1_no,107,700000,,,,,23,18,4,11,3,4,2,0,2,63,35,16,20,14,20,4,1,4,5,8,8,false,NORMAL,3,0,3,V2,3,1,5,30,30,1,0,3_5_fbios_PABUnityIAPiOSDefensiveBase,segment_tag_core_slot_prob_nu_29_06_var_a
70378,2026-04-14 08:08:46,3,6,2,attack,spins,goldSack,gold,1,false,100000,585210017681,98673,5,5,1,10,1,0,0,1,0,7564,20000,42,0,37.8,bonus_as10_gae1_no,107,700000,,,,,24,19,4,11,4,4,2,0,2,64,36,16,20,15,20,4,1,4,3,6,0,false,BIG,6,3,3,V2,3,1,5,3,6,2,0,3_5_fbios_PABUnityIAPiOSDefensiveBase,segment_tag_core_slot_prob_nu_29_06_var_a
70379,2026-04-14 08:08:47,4,6,2,steal,spins,goldSack,gold,1,false,100000,585210117681,98672,5,5,1,10,0,1,0,1,0,7564,20000,42,0,37.8,bonus_as10_gae1_no,107,700000,,,,,25,19,5,11,5,4,2,0,2,65,36,17,20,16,20,4,1,4,7,6,4,false,NORMAL,3,1,2,V2,3,1,5,4,6,2,0,3_5_fbios_PABUnityIAPiOSDefensiveBase,segment_tag_core_slot_prob_nu_29_06_var_a
70380,2026-04-14 08:08:48,1,1,1,coin,coin,coin,gold,1,true,250000,585210367681,98671,5,5,1,10,0,0,0,0,0,7564,20000,42,0,37.8,bonus_as10_gae1_no,107,700000,,,,,26,19,5,11,5,4,2,0,2,66,36,17,20,16,20,4,1,4,1,5,1,false,MIN,-7,-7,0,V2,3,1,5,1,1,1,0,3_5_fbios_PABUnityIAPiOSDefensiveBase,segment_tag_core_slot_prob_nu_29_06_var_a
70381,2026-04-14 08:08:49,3,3,3,attack,attack,attack,attack,2,true,0,585210367681,98670,5,5,1,10,3,0,0,0,0,7564,20000,42,0,37.8,bonus_as10_gae1_no,107,700000,,,,,27,22,5,11,5,4,3,0,2,67,39,17,20,16,20,5,1,4,0,0,0,false,SMALL,-1,-1,0,V2,3,1,5,3,3,3,0,3_5_fbios_PABUnityIAPiOSDefensiveBase,segment_tag_core_slot_prob_nu_29_06_var_a
70382,2026-04-14 08:08:53,3,3,3,attack,attack,attack,attack,2,true,0,585218947681,98669,5,5,1,10,3,0,0,0,0,7564,20000,42,0,37.8,bonus_as10_gae1_no,107,700000,,,,,28,25,5,11,5,4,4,0,2,68,42,17,20,16,20,6,1,4,0,0,0,false,NORMAL,0,0,0,V2,3,1,5,3,3,3,0,3_5_fbios_PABUnityIAPiOSDefensiveBase,segment_tag_core_slot_prob_nu_29_06_var_a
70383,2026-04-14 08:08:58,30,30,1,accumulation,accumulation,coin,gold,1,false,25000,585227552681,98668,5,5,1,10,0,0,0,0,2,7566,20000,42,2,37.8,bonus_as10_gae1_no,107,700000,,,,,29,25,5,11,5,6,4,0,2,69,42,17,20,16,22,6,1,4,5,8,8,false,NORMAL,3,0,3,V2,3,1,5,30,30,1,0,3_5_fbios_PABUnityIAPiOSDefensiveBase,segment_tag_core_slot_prob_nu_29_06_var_a
70384,2026-04-14 08:08:59,30,2,2,accumulation,goldSack,goldSack,gold,1,false,150000,585227702681,98667,5,5,1,10,0,0,0,0,1,7567,20000,42,1,37.8,bonus_as10_gae1_no,107,700000,,,,,30,25,5,11,5,7,4,0,2,70,42,17,20,16,23,6,1,4,7,3,8,false,MAX,11,8,3,V2,3,1,5,30,2,2,0,3_5_fbios_PABUnityIAPiOSDefensiveBase,segment_tag_core_slot_prob_nu_29_06_var_a
70385,2026-04-14 08:09:01,4,4,4,steal,steal,steal,steal,4,true,0,585227702681,98666,5,5,1,10,0,3,0,0,0,7567,20000,42,0,37.8,bonus_as10_gae1_no,107,700000,,,,"{""68171e9b"":""3298\/3500@m7""}",31,25,8,11,5,7,4,1,2,71,42,20,20,16,23,6,2,4,4,4,4,false,SMALL,-1,-5,4,V2,3,1,5,4,4,4,0,3_5_fbios_PABUnityIAPiOSDefensiveBase,segment_tag_core_slot_prob_nu_29_06_var_a
70386,2026-04-14 08:09:07,30,2,2,accumulation,goldSack,goldSack,gold,1,false,150000,585368954681,98665,5,5,1,10,0,0,0,0,1,7568,20000,42,1,37.8,bonus_as10_gae1_no,107,700000,,,,"{""820004c2"":""1202\/2500@m7""}",32,25,8,11,5,8,4,1,2,72,42,20,20,16,24,6,2,4,7,3,8,false,MAX,11,7,4,V2,3,1,5,30,2,2,0,3_5_fbios_PABUnityIAPiOSDefensiveBase,segment_tag_core_slot_prob_nu_29_06_var_a
70387,2026-04-14 08:09:08,30,2,2,accumulation,goldSack,goldSack,gold,1,false,150000,585369104681,98664,5,5,1,10,0,0,0,0,1,7569,20000,42,1,37.8,bonus_as10_gae1_no,107,700000,,,,,33,25,8,11,5,9,4,1,2,73,42,20,20,16,25,6,2,4,7,3,8,false,MAX,14,10,4,V2,3,1,5,30,2,2,0,3_5_fbios_PABUnityIAPiOSDefensiveBase,segment_tag_core_slot_prob_nu_29_06_var_a
70388,2026-04-14 08:09:09,3,6,2,attack,spins,goldSack,gold,1,false,100000,585369204681,98663,5,5,1,10,1,0,0,1,0,7569,20000,42,0,37.8,bonus_as10_gae1_no,107,700000,,,,,34,26,8,11,6,9,4,1,2,74,43,20,20,17,25,6,2,4,7,6,0,false,NORMAL,3,-1,4,V2,3,1,5,3,6,2,0,3_5_fbios_PABUnityIAPiOSDefensiveBase,segment_tag_core_slot_prob_nu_29_06_var_a
70389,2026-04-14 08:09:10,3,6,2,attack,spins,goldSack,gold,1,false,100000,585369304681,98662,5,5,1,10,1,0,0,1,0,7569,20000,42,0,37.8,bonus_as10_gae1_no,107,700000,,,,"{""820004c2"":""1204\/2500@m7""}",35,27,8,11,7,9,4,1,2,75,44,20,20,18,25,6,2,4,3,6,0,false,BIG,5,3,2,V2,3,1,5,3,6,2,0,3_5_fbios_PABUnityIAPiOSDefensiveBase,segment_tag_core_slot_prob_nu_29_06_var_a
70390,2026-04-14 08:09:11,1,1,4,coin,coin,steal,gold,1,false,50000,585369354681,98661,5,5,1,10,0,1,0,0,0,7569,20000,42,0,37.8,bonus_as10_gae1_no,107,700000,,,,,36,27,9,11,7,9,4,1,2,76,44,21,20,18,25,6,2,4,4,1,5,false,BIG,4,1,3,V2,3,1,5,1,1,4,0,3_5_fbios_PABUnityIAPiOSDefensiveBase,segment_tag_core_slot_prob_nu_29_06_var_a
70391,2026-04-14 08:09:12,30,30,1,accumulation,accumulation,coin,gold,1,false,25000,585369379681,98660,5,5,1,10,0,0,0,0,2,7571,20000,42,2,37.9,bonus_as10_gae1_no,107,700000,,,,,37,27,9,11,7,11,4,1,2,77,44,21,20,18,27,6,2,4,5,8,8,false,NORMAL,3,0,3,V2,3,1,5,30,30,1,0,3_5_fbios_PABUnityIAPiOSDefensiveBase,segment_tag_core_slot_prob_nu_29_06_var_a
70392,2026-04-14 08:09:13,3,6,2,attack,spins,goldSack,gold,1,false,100000,585369479681,98659,5,5,1,10,1,0,0,1,0,7571,20000,42,0,37.9,bonus_as10_gae1_no,107,700000,,,,,38,28,9,11,8,11,4,1,2,78,45,21,20,19,27,6,2,4,3,6,0,false,BIG,4,2,2,V2,3,1,5,3,6,2,0,3_5_fbios_PABUnityIAPiOSDefensiveBase,segment_tag_core_slot_prob_nu_29_06_var_a
70393,2026-04-14 08:09:14,3,3,3,attack,attack,attack,attack,2,true,0,585369479681,98658,5,5,1,10,3,0,0,0,0,7571,20000,42,0,37.9,bonus_as10_gae1_no,107,700000,,,,,39,31,9,11,8,11,5,1,2,79,48,21,20,19,27,7,2,4,0,0,0,false,NORMAL,1,-1,2,V2,3,1,5,3,3,3,0,3_5_fbios_PABUnityIAPiOSDefensiveBase,segment_tag_core_slot_prob_nu_29_06_var_a
70394,2026-04-14 08:09:22,3,3,2,attack,attack,goldSack,gold,1,false,100000,585378159681,98657,5,5,1,10,2,0,0,0,0,7571,20000,42,0,37.9,bonus_as10_gae1_no,107,700000,,,,,40,33,9,11,8,11,5,1,2,80,50,21,20,19,27,7,2,4,7,0,0,false,NORMAL,0,-1,1,V2,3,1,5,3,3,2,0,3_5_fbios_PABUnityIAPiOSDefensiveBase,segment_tag_core_slot_prob_nu_29_06_var_a
70395,2026-04-14 08:09:23,30,30,2,accumulation,accumulation,goldSack,gold,1,false,100000,585378259681,98656,5,5,1,10,0,0,0,0,2,7573,20000,42,2,37.9,bonus_as10_gae1_no,107,700000,,,,,41,33,9,11,8,13,5,1,2,81,50,21,20,19,29,7,2,4,3,8,8,false,BIG,4,2,2,V2,3,1,5,30,30,2,0,3_5_fbios_PABUnityIAPiOSDefensiveBase,segment_tag_core_slot_prob_nu_29_06_var_a
70396,2026-04-14 08:09:24,3,1,4,attack,coin,steal,gold,1,false,25000,585378284681,98655,5,5,1,10,1,1,0,0,0,7573,20000,42,0,37.9,bonus_as10_gae1_no,107,700000,,,,,42,34,10,11,8,13,5,1,2,82,51,22,20,19,29,7,2,4,4,1,0,false,NORMAL,2,0,2,V2,3,1,5,3,1,4,0,3_5_fbios_PABUnityIAPiOSDefensiveBase,segment_tag_core_slot_prob_nu_29_06_var_a
70397,2026-04-14 08:09:25,5,5,5,shield,shield,shield,shield,3,true,1,585378284681,98655,5,5,1,10,0,0,3,0,0,7573,20000,42,0,37.9,bonus_as10_gae1_no,107,700000,,,,"{""68171e9b"":""3299\/3500@m7""}",43,34,10,14,8,13,5,1,3,83,51,22,23,19,29,7,2,5,2,2,2,false,NORMAL,1,-1,2,V2,3,1,5,5,5,5,0,3_5_fbios_PABUnityIAPiOSDefensiveBase,segment_tag_core_slot_prob_nu_29_06_var_a
70398,2026-04-14 08:09:26,2,2,2,goldSack,goldSack,goldSack,gold,1,true,2000000,585380284681,98654,5,5,1,10,0,0,0,0,0,7573,20000,42,0,37.9,bonus_as10_gae1_no,107,700000,,,,,44,34,10,14,8,13,5,1,3,84,51,22,23,19,29,7,2,5,3,3,3,false,NORMAL,3,1,2,V2,3,1,5,2,2,2,0,3_5_fbios_PABUnityIAPiOSDefensiveBase,segment_tag_core_slot_prob_nu_29_06_var_a
70399,2026-04-14 08:09:27,30,30,2,accumulation,accumulation,goldSack,gold,1,false,100000,585380384681,98653,5,5,1,10,0,0,0,0,2,7575,20000,42,2,37.9,bonus_as10_gae1_no,107,700000,,,,,45,34,10,14,8,15,5,1,3,85,51,22,23,19,31,7,2,5,3,8,8,false,BIG,4,3,1,V2,3,1,5,30,30,2,0,3_5_fbios_PABUnityIAPiOSDefensiveBase,segment_tag_core_slot_prob_nu_29_06_var_a
70400,2026-04-14 08:09:28,4,4,4,steal,steal,steal,steal,4,true,0,585380384681,98652,5,5,1,10,0,3,0,0,0,7575,20000,42,0,37.9,bonus_as10_gae1_no,107,700000,,,,,46,34,13,14,8,15,5,2,3,86,51,25,23,19,31,7,3,5,4,4,4,false,MIN,-3,-5,2,V2,3,1,5,4,4,4,0,3_5_fbios_PABUnityIAPiOSDefensiveBase,segment_tag_core_slot_prob_nu_29_06_var_a
70401,2026-04-14 08:09:36,30,2,2,accumulation,goldSack,goldSack,gold,1,false,150000,585492284681,98651,5,5,1,10,0,0,0,0,1,7576,20000,42,1,37.9,bonus_as10_gae1_no,107,700000,,,,,47,34,13,14,8,16,5,2,3,87,51,25,23,19,32,7,3,5,7,3,8,false,MAX,9,7,2,V2,3,1,5,30,2,2,0,3_5_fbios_PABUnityIAPiOSDefensiveBase,segment_tag_core_slot_prob_nu_29_06_var_a
70402,2026-04-14 08:09:37,30,30,2,accumulation,accumulation,goldSack,gold,1,false,100000,585492384681,98650,5,5,1,10,0,0,0,0,2,7578,20000,42,2,37.9,bonus_as10_gae1_no,107,700000,,,,"{""c8bff241"":""2602\/3500@m3""}",48,34,13,14,8,18,5,2,3,88,51,25,23,19,34,7,3,5,7,8,8,false,MAX,8,6,2,V2,3,1,5,30,30,2,0,3_5_fbios_PABUnityIAPiOSDefensiveBase,segment_tag_core_slot_prob_nu_29_06_var_a
70403,2026-04-14 08:09:38,3,3,3,attack,attack,attack,attack,2,true,0,585492384681,98649,5,5,1,10,3,0,0,0,0,7578,20000,42,0,37.9,bonus_as10_gae1_no,107,700000,,,,,49,37,13,14,8,18,6,2,3,89,54,25,23,19,34,8,3,5,0,0,0,false,NORMAL,0,-2,2,V2,3,1,5,3,3,3,0,3_5_fbios_PABUnityIAPiOSDefensiveBase,segment_tag_core_slot_prob_nu_29_06_var_a
70404,2026-04-14 08:09:45,1,1,4,coin,coin,steal,gold,1,false,50000,585501014681,98648,5,5,1,10,0,1,0,0,0,7578,20000,42,0,37.9,bonus_as10_gae1_no,107,700000,,,,,50,37,14,14,8,18,6,2,3,90,54,26,23,19,34,8,3,5,4,5,5,false,NORMAL,0,-1,1,V2,3,1,5,1,1,4,0,3_5_fbios_PABUnityIAPiOSDefensiveBase,segment_tag_core_slot_prob_nu_29_06_var_a
70405,2026-04-14 08:09:45,3,3,2,attack,attack,goldSack,gold,1,false,100000,585501114681,98647,5,5,1,10,2,0,0,0,0,7578,20000,42,0,37.9,bonus_as10_gae1_no,107,700000,,,,,51,39,14,14,8,18,6,2,3,91,56,26,23,19,34,8,3,5,-1,-1,-1,false,,0,0,0,,-1,-1,-1,-1,-1,-1,0,3_5_fbios_PABUnityIAPiOSDefensiveBase,segment_tag_core_slot_prob_nu_29_06_var_a
70406,2026-04-14 08:09:46,30,2,2,accumulation,goldSack,goldSack,gold,1,false,150000,585501264681,98646,5,5,1,10,0,0,0,0,1,7579,20000,42,1,37.9,bonus_as10_gae1_no,107,700000,,,,,52,39,14,14,8,19,6,2,3,92,56,26,23,19,35,8,3,5,7,7,8,false,MAX,9,8,1,V2,3,1,5,30,2,2,0,3_5_fbios_PABUnityIAPiOSDefensiveBase,segment_tag_core_slot_prob_nu_29_06_var_a
70407,2026-04-14 08:09:47,30,2,2,accumulation,goldSack,goldSack,gold,1,false,150000,585501414681,98645,5,5,1,10,0,0,0,0,1,7580,20000,42,1,37.9,bonus_as10_gae1_no,107,700000,,,,,53,39,14,14,8,20,6,2,3,93,56,26,23,19,36,8,3,5,3,3,8,false,BIG,7,6,1,V2,3,1,5,30,2,2,0,3_5_fbios_PABUnityIAPiOSDefensiveBase,segment_tag_core_slot_prob_nu_29_06_var_a
70408,2026-04-14 08:09:48,1,1,1,coin,coin,coin,gold,1,true,250000,585501664681,98644,5,5,1,10,0,0,0,0,0,7580,20000,42,0,37.9,bonus_as10_gae1_no,107,700000,,,,"{""820004c2"":""1206\/2500@m7"",""68171e9b"":""3300\/3500@m7""}",54,39,14,14,8,20,6,2,3,94,56,26,23,19,36,8,3,5,5,5,5,false,NORMAL,0,-1,1,V2,3,1,5,1,1,1,0,3_5_fbios_PABUnityIAPiOSDefensiveBase,segment_tag_core_slot_prob_nu_29_06_var_a
70409,2026-04-14 08:09:50,30,2,2,accumulation,goldSack,goldSack,gold,1,false,150000,585501814681,98643,5,5,1,10,0,0,0,0,1,7581,20000,42,1,37.9,bonus_as10_gae1_no,107,700000,,,,,55,39,14,14,8,21,6,2,3,95,56,26,23,19,37,8,3,5,7,7,8,false,MAX,10,8,2,V2,3,1,5,30,2,2,0,3_5_fbios_PABUnityIAPiOSDefensiveBase,segment_tag_core_slot_prob_nu_29_06_var_a
70410,2026-04-14 08:09:51,1,6,6,coin,spins,spins,gold,1,false,25000,585501839681,98642,5,5,1,10,0,0,0,2,0,7581,20000,42,0,37.9,bonus_as10_gae1_no,107,700000,,,,,56,39,14,14,10,21,6,2,3,96,56,26,23,21,37,8,3,5,6,6,1,false,MIN,-5,-3,-2,V2,3,1,5,1,6,6,0,3_5_fbios_PABUnityIAPiOSDefensiveBase,segment_tag_core_slot_prob_nu_29_06_var_a
70411,2026-04-14 08:09:51,3,5,2,attack,shield,goldSack,gold,1,false,100000,585501939681,98641,5,5,1,10,1,0,1,0,0,7581,20000,42,0,37.9,bonus_as10_gae1_no,107,700000,,,,,57,40,14,15,10,21,6,2,3,97,57,26,24,21,37,8,3,5,7,2,0,false,MIN,-4,-2,-2,V2,3,1,5,3,5,2,0,3_5_fbios_PABUnityIAPiOSDefensiveBase,segment_tag_core_slot_prob_nu_29_06_var_a
70412,2026-04-14 08:09:52,30,30,2,accumulation,accumulation,goldSack,gold,1,false,100000,585502039681,98640,5,5,1,10,0,0,0,0,2,7583,20000,42,2,37.9,bonus_as10_gae1_no,107,700000,,,,,58,40,14,15,10,23,6,2,3,98,57,26,24,21,39,8,3,5,3,8,8,false,NORMAL,1,2,-1,V2,3,1,5,30,30,2,0,3_5_fbios_PABUnityIAPiOSDefensiveBase,segment_tag_core_slot_prob_nu_29_06_var_a
70413,2026-04-14 08:09:53,1,1,4,coin,coin,steal,gold,1,false,50000,585502089681,98639,5,5,1,10,0,1,0,0,0,7583,20000,42,0,37.9,bonus_as10_gae1_no,107,700000,,,,,59,40,15,15,10,23,6,2,3,99,57,27,24,21,39,8,3,5,4,5,1,false,MIN,-7,-6,-1,V2,3,1,5,1,1,4,0,3_5_fbios_PABUnityIAPiOSDefensiveBase,segment_tag_core_slot_prob_nu_29_06_var_a
70414,2026-04-14 08:09:54,3,3,3,attack,attack,attack,attack,2,true,0,585502089681,98638,5,5,1,10,3,0,0,0,0,7583,20000,42,0,37.9,bonus_as10_gae1_no,107,700000,,,,,60,43,15,15,10,23,7,2,3,100,60,27,24,21,39,9,3,5,-1,-1,-1,false,,0,0,0,,-1,-1,-1,-1,-1,-1,0,3_5_fbios_PABUnityIAPiOSDefensiveBase,segment_tag_core_slot_prob_nu_29_06_var_a
70415,2026-04-14 08:09:59,2,2,2,goldSack,goldSack,goldSack,gold,1,true,2000000,585512669681,98637,5,5,1,10,0,0,0,0,0,7583,20000,42,0,37.9,bonus_as10_gae1_no,107,700000,,,,,61,43,15,15,10,23,7,2,3,101,60,27,24,21,39,9,3,5,3,7,3,false,BIG,4,5,-1,V2,3,1,5,2,2,2,0,3_5_fbios_PABUnityIAPiOSDefensiveBase,segment_tag_core_slot_prob_nu_29_06_var_a
70416,2026-04-14 08:10:00,1,1,4,coin,coin,steal,gold,1,false,50000,585512719681,98636,5,5,1,10,0,1,0,0,0,7583,20000,42,0,37.9,bonus_as10_gae1_no,107,700000,,,,"{""68171e9b"":""3301\/3500@m7""}",62,43,16,15,10,23,7,2,3,102,60,28,24,21,39,9,3,5,4,5,1,false,MIN,-7,-6,-1,V2,3,1,5,1,1,4,0,3_5_fbios_PABUnityIAPiOSDefensiveBase,segment_tag_core_slot_prob_nu_29_06_var_a
70417,2026-04-14 08:10:01,30,2,2,accumulation,goldSack,goldSack,gold,1,false,150000,585512869681,98635,5,5,1,10,0,0,0,0,1,7584,20000,42,1,37.9,bonus_as10_gae1_no,107,700000,,,,,63,43,16,15,10,24,7,2,3,103,60,28,24,21,40,9,3,5,3,3,8,false,NORMAL,3,4,-1,V2,3,1,5,30,2,2,0,3_5_fbios_PABUnityIAPiOSDefensiveBase,segment_tag_core_slot_prob_nu_29_06_var_a
70418,2026-04-14 08:10:02,3,1,6,attack,coin,spins,gold,1,false,25000,585512894681,98634,5,5,1,10,1,0,0,1,0,7584,20000,42,0,37.9,bonus_as10_gae1_no,107,700000,,,,,64,44,16,15,11,24,7,2,3,104,61,28,24,22,40,9,3,5,6,1,0,false,SMALL,-1,0,-1,V2,3,1,5,3,1,6,0,3_5_fbios_PABUnityIAPiOSDefensiveBase,segment_tag_core_slot_prob_nu_29_06_var_a
70419,2026-04-14 08:10:03,4,4,2,steal,steal,goldSack,gold,1,false,100000,585512994681,98633,5,5,1,10,0,2,0,0,0,7584,20000,42,0,37.9,bonus_as10_gae1_no,107,700000,,,,"{""c8bff241"":""2604\/3500@m3""}",65,44,18,15,11,24,7,2,3,105,61,30,24,22,40,9,3,5,7,4,4,false,NORMAL,3,2,1,V2,3,1,5,4,4,2,0,3_5_fbios_PABUnityIAPiOSDefensiveBase,segment_tag_core_slot_prob_nu_29_06_var_a
70420,2026-04-14 08:10:03,3,1,6,attack,coin,spins,gold,1,false,25000,585513019681,98632,5,5,1,10,1,0,0,1,0,7584,20000,42,0,37.9,bonus_as10_gae1_no,107,700000,,,,,66,45,18,15,12,24,7,2,3,106,62,30,24,23,40,9,3,5,6,5,0,false,SMALL,-2,-3,1,V2,3,1,5,3,1,6,0,3_5_fbios_PABUnityIAPiOSDefensiveBase,segment_tag_core_slot_prob_nu_29_06_var_a
70421,2026-04-14 08:10:04,6,6,6,spins,spins,spins,spins,5,true,10,585513019681,98641,5,5,1,10,0,0,0,3,0,7584,20000,42,0,37.9,bonus_as10_gae1_no,107,700000,,,,"{""820004c2"":""1208\/2500@m7""}",67,45,18,15,15,24,7,2,3,107,62,30,24,26,40,9,3,5,6,6,6,true,NORMAL,3,2,1,V2,3,1,5,6,6,6,0,3_5_fbios_PABUnityIAPiOSDefensiveBase,segment_tag_core_slot_prob_nu_29_06_var_a
70422,2026-04-14 08:10:06,3,3,2,attack,attack,goldSack,gold,1,false,100000,585513119681,98640,5,5,1,10,2,0,0,0,0,7584,20000,42,0,37.9,bonus_as10_gae1_no,107,700000,,,,,68,47,18,15,15,24,7,2,3,1,2,0,0,0,0,0,0,0,7,0,0,false,MIN,-3,-3,0,V2,3,1,5,3,3,2,0,3_5_fbios_PABUnityIAPiOSDefensiveBase,segment_tag_core_slot_prob_nu_29_06_var_a
70423,2026-04-14 08:10:06,3,1,6,attack,coin,spins,gold,1,false,25000,585513144681,98639,5,5,1,10,1,0,0,1,0,7584,20000,42,0,37.9,bonus_as10_gae1_no,107,700000,,,,,69,48,18,15,16,24,7,2,3,2,3,0,0,1,0,0,0,0,-1,-1,-1,false,,0,0,0,,-1,-1,-1,-1,-1,-1,0,3_5_fbios_PABUnityIAPiOSDefensiveBase,segment_tag_core_slot_prob_nu_29_06_var_a
70424,2026-04-14 08:10:07,2,2,2,goldSack,goldSack,goldSack,gold,1,true,2000000,585515144681,98638,5,5,1,10,0,0,0,0,0,7584,20000,42,0,37.9,bonus_as10_gae1_no,107,700000,,,,"{""68171e9b"":""3302\/3500@m7""}",70,48,18,15,16,24,7,2,3,3,3,0,0,1,0,0,0,0,3,3,3,false,NORMAL,3,3,0,V2,3,1,5,2,2,2,0,3_5_fbios_PABUnityIAPiOSDefensiveBase,segment_tag_core_slot_prob_nu_29_06_var_a
70425,2026-04-14 08:10:08,1,6,6,coin,spins,spins,gold,1,false,25000,585515169681,98637,5,5,1,10,0,0,0,2,0,7584,20000,42,0,37.9,bonus_as10_gae1_no,107,700000,,,,,71,48,18,15,18,24,7,2,3,4,3,0,0,3,0,0,0,0,6,6,5,false,NORMAL,2,2,0,V2,3,1,5,1,6,6,0,3_5_fbios_PABUnityIAPiOSDefensiveBase,segment_tag_core_slot_prob_nu_29_06_var_a
70426,2026-04-14 08:10:09,3,3,3,attack,attack,attack,attack,2,true,0,585515169681,98636,5,5,1,10,3,0,0,0,0,7584,20000,42,0,37.9,bonus_as10_gae1_no,107,700000,,,,,72,51,18,15,18,24,8,2,3,5,6,0,0,3,0,1,0,0,-1,-1,-1,false,,0,0,0,,-1,-1,-1,-1,-1,-1,0,3_5_fbios_PABUnityIAPiOSDefensiveBase,segment_tag_core_slot_prob_nu_29_06_var_a
70427,2026-04-14 08:10:13,30,2,2,accumulation,goldSack,goldSack,gold,1,false,150000,585541319681,98635,5,5,1,10,0,0,0,0,1,7585,20000,42,1,37.9,bonus_as10_gae1_no,107,700000,,,,"{""820004c2"":""1210\/2500@m7""}",73,51,18,15,18,25,8,2,3,6,6,0,0,3,1,1,0,0,7,7,8,false,MAX,8,8,0,V2,3,1,5,30,2,2,0,3_5_fbios_PABUnityIAPiOSDefensiveBase,segment_tag_core_slot_prob_nu_29_06_var_a
70428,2026-04-14 08:10:16,2,2,2,goldSack,goldSack,goldSack,gold,1,true,2000000,585543319681,98634,5,5,1,10,0,0,0,0,0,7585,20000,42,0,37.9,bonus_as10_gae1_no,107,700000,,,,,74,51,18,15,18,25,8,2,3,7,6,0,0,3,1,1,0,0,3,7,7,false,BIG,4,3,1,V2,3,1,5,2,2,2,0,3_5_fbios_PABUnityIAPiOSDefensiveBase,segment_tag_core_slot_prob_nu_29_06_var_a
70429,2026-04-14 08:10:17,3,3,3,attack,attack,attack,attack,2,true,0,585543319681,98633,5,5,1,10,3,0,0,0,0,7585,20000,42,0,37.9,bonus_as10_gae1_no,107,700000,,,,,75,54,18,15,18,25,9,2,3,8,9,0,0,3,1,2,0,0,0,0,0,false,SMALL,-1,-2,1,V2,3,1,5,3,3,3,0,3_5_fbios_PABUnityIAPiOSDefensiveBase,segment_tag_core_slot_prob_nu_29_06_var_a
70430,2026-04-14 08:10:21,3,1,4,attack,coin,steal,gold,1,false,25000,585569344681,98632,5,5,1,10,1,1,0,0,0,7585,20000,42,0,37.9,bonus_as10_gae1_no,107,700000,,,,,76,55,19,15,18,25,9,2,3,9,10,1,0,3,1,2,0,0,4,5,0,false,NORMAL,0,-1,1,V2,3,1,5,3,1,4,0,3_5_fbios_PABUnityIAPiOSDefensiveBase,segment_tag_core_slot_prob_nu_29_06_var_a
70431,2026-04-14 08:10:22,1,1,1,coin,coin,coin,gold,1,true,250000,585569594681,98631,5,5,1,10,0,0,0,0,0,7585,20000,42,0,37.9,bonus_as10_gae1_no,107,700000,,,,,77,55,19,15,18,25,9,2,3,10,10,1,0,3,1,2,0,0,5,1,5,false,NORMAL,1,0,1,V2,3,1,5,1,1,1,0,3_5_fbios_PABUnityIAPiOSDefensiveBase,segment_tag_core_slot_prob_nu_29_06_var_a
70432,2026-04-14 08:10:23,4,6,2,steal,spins,goldSack,gold,1,false,100000,585569694681,98630,5,5,1,10,0,1,0,1,0,7585,20000,42,0,37.9,bonus_as10_gae1_no,107,700000,,,,,78,55,20,15,19,25,9,2,3,11,10,2,0,4,1,2,0,0,3,6,4,false,NORMAL,3,1,2,V2,3,1,5,4,6,2,0,3_5_fbios_PABUnityIAPiOSDefensiveBase,segment_tag_core_slot_prob_nu_29_06_var_a
70433,2026-04-14 08:10:23,4,4,2,steal,steal,goldSack,gold,1,false,100000,585569794681,98629,5,5,1,10,0,2,0,0,0,7585,20000,42,0,37.9,bonus_as10_gae1_no,107,700000,,,,,79,55,22,15,19,25,9,2,3,12,10,4,0,4,1,2,0,0,-1,-1,-1,false,,0,0,0,,-1,-1,-1,-1,-1,-1,0,3_5_fbios_PABUnityIAPiOSDefensiveBase,segment_tag_core_slot_prob_nu_29_06_var_a
70434,2026-04-14 08:10:24,2,2,2,goldSack,goldSack,goldSack,gold,1,true,2000000,585571794681,98628,5,5,1,10,0,0,0,0,0,7585,20000,42,0,37.9,bonus_as10_gae1_no,107,700000,,,,,80,55,22,15,19,25,9,2,3,13,10,4,0,4,1,2,0,0,3,7,3,false,BIG,7,6,1,V2,3,1,5,2,2,2,0,3_5_fbios_PABUnityIAPiOSDefensiveBase,segment_tag_core_slot_prob_nu_29_06_var_a
70435,2026-04-14 08:10:25,1,1,1,coin,coin,coin,gold,1,true,250000,585572044681,98627,5,5,1,10,0,0,0,0,0,7585,20000,42,0,37.9,bonus_as10_gae1_no,107,700000,,,,,81,55,22,15,19,25,9,2,3,14,10,4,0,4,1,2,0,0,-1,-1,-1,false,,0,0,0,,-1,-1,-1,-1,-1,-1,0,3_5_fbios_PABUnityIAPiOSDefensiveBase,segment_tag_core_slot_prob_nu_29_06_var_a
70436,2026-04-14 08:10:26,2,2,2,goldSack,goldSack,goldSack,gold,1,true,2000000,585574044681,98626,5,5,1,10,0,0,0,0,0,7585,20000,42,0,37.9,bonus_as10_gae1_no,107,700000,,,,"{""68171e9b"":""3303\/3500@m7""}",82,55,22,15,19,25,9,2,3,15,10,4,0,4,1,2,0,0,3,3,3,false,BIG,7,6,1,V2,3,1,5,2,2,2,0,3_5_fbios_PABUnityIAPiOSDefensiveBase,segment_tag_core_slot_prob_nu_29_06_var_a
70437,2026-04-14 08:10:27,30,2,2,accumulation,goldSack,goldSack,gold,1,false,150000,585574194681,98625,5,5,1,10,0,0,0,0,1,7586,20000,42,1,37.9,bonus_as10_gae1_no,107,700000,,,,"{""820004c2"":""1212\/2500@m7""}",83,55,22,15,19,26,9,2,3,16,10,4,0,4,2,2,0,0,3,3,8,false,BIG,6,5,1,V2,3,1,5,30,2,2,0,3_5_fbios_PABUnityIAPiOSDefensiveBase,segment_tag_core_slot_prob_nu_29_06_var_a
70438,2026-04-14 08:10:28,30,2,2,accumulation,goldSack,goldSack,gold,1,false,150000,585574344681,98624,5,5,1,10,0,0,0,0,1,7587,20000,42,1,37.9,bonus_as10_gae1_no,107,700000,,,,"{""c8bff241"":""2606\/3500@m3""}",84,55,22,15,19,27,9,2,3,17,10,4,0,4,3,2,0,0,3,3,8,false,BIG,7,6,1,V2,3,1,5,30,2,2,0,3_5_fbios_PABUnityIAPiOSDefensiveBase,segment_tag_core_slot_prob_nu_29_06_var_a
70439,2026-04-14 08:10:29,30,30,2,accumulation,accumulation,goldSack,gold,1,false,100000,585574444681,98623,5,5,1,10,0,0,0,0,2,7589,20000,42,2,37.9,bonus_as10_gae1_no,107,700000,,,,,85,55,22,15,19,29,9,2,3,18,10,4,0,4,5,2,0,0,3,8,8,false,BIG,5,4,1,V2,3,1,5,30,30,2,0,3_5_fbios_PABUnityIAPiOSDefensiveBase,segment_tag_core_slot_prob_nu_29_06_var_a
70440,2026-04-14 08:10:30,3,1,6,attack,coin,spins,gold,1,false,25000,585574469681,98622,5,5,1,10,1,0,0,1,0,7589,20000,42,0,37.9,bonus_as10_gae1_no,107,700000,,,,,86,56,22,15,20,29,9,2,3,19,11,4,0,5,5,2,0,0,6,5,0,false,SMALL,-2,-3,1,V2,3,1,5,3,1,6,0,3_5_fbios_PABUnityIAPiOSDefensiveBase,segment_tag_core_slot_prob_nu_29_06_var_a
70441,2026-04-14 08:10:31,1,1,4,coin,coin,steal,gold,1,false,50000,585574519681,98621,5,5,1,10,0,1,0,0,0,7589,20000,42,0,37.9,bonus_as10_gae1_no,107,700000,,,,,87,56,23,15,20,29,9,2,3,20,11,5,0,5,5,2,0,0,4,5,5,false,NORMAL,0,-1,1,V2,3,1,5,1,1,4,0,3_5_fbios_PABUnityIAPiOSDefensiveBase,segment_tag_core_slot_prob_nu_29_06_var_a
70442,2026-04-14 08:10:32,1,1,1,coin,coin,coin,gold,1,true,250000,585574769681,98620,5,5,1,10,0,0,0,0,0,7589,20000,42,0,37.9,bonus_as10_gae1_no,107,700000,,,,,88,56,23,15,20,29,9,2,3,21,11,5,0,5,5,2,0,0,5,1,1,false,MIN,-6,-4,-2,V2,3,1,5,1,1,1,0,3_5_fbios_PABUnityIAPiOSDefensiveBase,segment_tag_core_slot_prob_nu_29_06_var_a
70443,2026-04-14 08:10:33,1,1,1,coin,coin,coin,gold,1,true,250000,585575019681,98619,5,5,1,10,0,0,0,0,0,7589,20000,42,0,37.9,bonus_as10_gae1_no,107,700000,,,,"{""68171e9b"":""3304\/3500@m7""}",89,56,23,15,20,29,9,2,3,22,11,5,0,5,5,2,0,0,1,1,5,false,SMALL,-1,1,-2,V2,3,1,5,1,1,1,0,3_5_fbios_PABUnityIAPiOSDefensiveBase,segment_tag_core_slot_prob_nu_29_06_var_a
70444,2026-04-14 08:10:34,30,30,2,accumulation,accumulation,goldSack,gold,1,false,100000,585575119681,98618,5,5,1,10,0,0,0,0,2,7591,20000,42,2,38.0,bonus_as10_gae1_no,107,700000,,,,,90,56,23,15,20,31,9,2,3,23,11,5,0,5,7,2,0,0,3,8,8,false,SMALL,-1,2,-3,V2,3,1,5,30,30,2,0,3_5_fbios_PABUnityIAPiOSDefensiveBase,segment_tag_core_slot_prob_nu_29_06_var_a
70445,2026-04-14 08:10:35,30,2,2,accumulation,goldSack,goldSack,gold,1,false,150000,585575269681,98617,5,5,1,10,0,0,0,0,1,7592,20000,42,1,38.0,bonus_as10_gae1_no,107,700000,,,,,91,56,23,15,20,32,9,2,3,24,11,5,0,5,8,2,0,0,7,3,8,false,BIG,7,8,-1,V2,3,1,5,30,2,2,0,3_5_fbios_PABUnityIAPiOSDefensiveBase,segment_tag_core_slot_prob_nu_29_06_var_a
70446,2026-04-14 08:10:36,4,4,2,steal,steal,goldSack,gold,1,false,100000,585575369681,98616,5,5,1,10,0,2,0,0,0,7592,20000,42,0,38.0,bonus_as10_gae1_no,107,700000,,,,,92,56,25,15,20,32,9,2,3,25,11,7,0,5,8,2,0,0,3,4,4,false,NORMAL,2,2,0,V2,3,1,5,4,4,2,0,3_5_fbios_PABUnityIAPiOSDefensiveBase,segment_tag_core_slot_prob_nu_29_06_var_a
70447,2026-04-14 08:10:37,4,6,2,steal,spins,goldSack,gold,1,false,100000,585575469681,98615,5,5,1,10,0,1,0,1,0,7592,20000,42,0,38.0,bonus_as10_gae1_no,107,700000,,,,,93,56,26,15,21,32,9,2,3,26,11,8,0,6,8,2,0,0,7,6,4,false,BIG,4,2,2,V2,3,1,5,4,6,2,0,3_5_fbios_PABUnityIAPiOSDefensiveBase,segment_tag_core_slot_prob_nu_29_06_var_a
70448,2026-04-14 08:10:37,1,1,4,coin,coin,steal,gold,1,false,50000,585575519681,98614,5,5,1,10,0,1,0,0,0,7592,20000,42,0,38.0,bonus_as10_gae1_no,107,700000,,,,,94,56,27,15,21,32,9,2,3,27,11,9,0,6,8,2,0,0,-1,-1,-1,false,,0,0,0,,-1,-1,-1,-1,-1,-1,0,3_5_fbios_PABUnityIAPiOSDefensiveBase,segment_tag_core_slot_prob_nu_29_06_var_a
70449,2026-04-14 08:10:38,3,1,6,attack,coin,spins,gold,1,false,25000,585575544681,98613,5,5,1,10,1,0,0,1,0,7592,20000,42,0,38.0,bonus_as10_gae1_no,107,700000,,,,,95,57,27,15,22,32,9,2,3,28,12,9,0,7,8,2,0,0,6,5,0,false,NORMAL,1,-2,3,V2,3,1,5,3,1,6,0,3_5_fbios_PABUnityIAPiOSDefensiveBase,segment_tag_core_slot_prob_nu_29_06_var_a
70450,2026-04-14 08:10:39,1,1,1,coin,coin,coin,gold,1,true,250000,585575794681,98612,5,5,1,10,0,0,0,0,0,7592,20000,42,0,38.0,bonus_as10_gae1_no,107,700000,,,,"{""68171e9b"":""3305\/3500@m7""}",96,57,27,15,22,32,9,2,3,29,12,9,0,7,8,2,0,0,5,1,5,false,BIG,4,1,3,V2,3,1,5,1,1,1,0,3_5_fbios_PABUnityIAPiOSDefensiveBase,segment_tag_core_slot_prob_nu_29_06_var_a
70451,2026-04-14 08:10:40,2,2,2,goldSack,goldSack,goldSack,gold,1,true,2000000,585577794681,98611,5,5,1,10,0,0,0,0,0,7592,20000,42,0,38.0,bonus_as10_gae1_no,107,700000,,,,"{""820004c2"":""1214\/2500@m7""}",97,57,27,15,22,32,9,2,3,30,12,9,0,7,8,2,0,0,3,7,7,false,BIG,6,3,3,V2,3,1,5,2,2,2,0,3_5_fbios_PABUnityIAPiOSDefensiveBase,segment_tag_core_slot_prob_nu_29_06_var_a
70452,2026-04-14 08:10:41,3,1,4,attack,coin,steal,gold,1,false,25000,585577819681,98610,5,5,1,10,1,1,0,0,0,7592,20000,42,0,38.0,bonus_as10_gae1_no,107,700000,,,,,98,58,28,15,22,32,9,2,3,31,13,10,0,7,8,2,0,0,4,5,0,false,NORMAL,1,-2,3,V2,3,1,5,3,1,4,0,3_5_fbios_PABUnityIAPiOSDefensiveBase,segment_tag_core_slot_prob_nu_29_06_var_a
70453,2026-04-14 08:10:42,30,2,2,accumulation,goldSack,goldSack,gold,1,false,150000,585577969681,98609,5,5,1,10,0,0,0,0,1,7593,20000,42,1,38.0,bonus_as10_gae1_no,107,700000,,,,,99,58,28,15,22,33,9,2,3,32,13,10,0,7,9,2,0,0,3,7,8,false,MAX,11,6,5,V2,3,1,5,30,2,2,0,3_5_fbios_PABUnityIAPiOSDefensiveBase,segment_tag_core_slot_prob_nu_29_06_var_a
70454,2026-04-14 08:10:43,4,6,2,steal,spins,goldSack,gold,1,false,100000,585578069681,98608,5,5,1,10,0,1,0,1,0,7593,20000,42,0,38.0,bonus_as10_gae1_no,107,700000,,,,"{""820004c2"":""1216\/2500@m7""}",100,58,29,15,23,33,9,2,3,33,13,11,0,8,9,2,0,0,3,6,4,false,BIG,7,2,5,V2,3,1,5,4,6,2,0,3_5_fbios_PABUnityIAPiOSDefensiveBase,segment_tag_core_slot_prob_nu_29_06_var_a
70455,2026-04-14 08:10:44,5,5,5,shield,shield,shield,shield,3,true,1,585578069681,98608,5,5,1,10,0,0,3,0,0,7593,20000,42,0,38.0,bonus_as10_gae1_no,107,700000,,,,"{""68171e9b"":""3306\/3500@m7""}",101,58,29,18,23,33,9,2,4,34,13,11,3,8,9,2,0,1,2,2,2,false,BIG,4,-1,5,V2,3,1,5,5,5,5,0,3_5_fbios_PABUnityIAPiOSDefensiveBase,segment_tag_core_slot_prob_nu_29_06_var_a
70456,2026-04-14 08:10:45,3,1,6,attack,coin,spins,gold,1,false,25000,585578094681,98607,5,5,1,10,1,0,0,1,0,7593,20000,42,0,38.0,bonus_as10_gae1_no,107,700000,,,,,102,59,29,18,24,33,9,2,4,35,14,11,3,9,9,2,0,1,6,1,0,false,BIG,4,-1,5,V2,3,1,5,3,1,6,0,3_5_fbios_PABUnityIAPiOSDefensiveBase,segment_tag_core_slot_prob_nu_29_06_var_a
70457,2026-04-14 08:10:46,3,1,6,attack,coin,spins,gold,1,false,25000,585578119681,98606,5,5,1,10,1,0,0,1,0,7593,20000,42,0,38.0,bonus_as10_gae1_no,107,700000,,,,"{""c8bff241"":""2608\/3500@m3"",""820004c2"":""1218\/2500@m7""}",103,60,29,18,25,33,9,2,4,36,15,11,3,10,9,2,0,1,6,5,0,false,BIG,4,-1,5,V2,3,1,5,3,1,6,0,3_5_fbios_PABUnityIAPiOSDefensiveBase,segment_tag_core_slot_prob_nu_29_06_var_a
70458,2026-04-14 08:10:47,3,1,6,attack,coin,spins,gold,1,false,25000,585578144681,98605,5,5,1,10,1,0,0,1,0,7593,20000,42,0,38.0,bonus_as10_gae1_no,107,700000,,,,,104,61,29,18,26,33,9,2,4,37,16,11,3,11,9,2,0,1,6,5,0,false,NORMAL,2,-1,3,V2,3,1,5,3,1,6,0,3_5_fbios_PABUnityIAPiOSDefensiveBase,segment_tag_core_slot_prob_nu_29_06_var_a
70459,2026-04-14 08:10:48,5,5,5,shield,shield,shield,shield,3,true,1,585578144681,98605,5,5,1,10,0,0,3,0,0,7593,20000,42,0,38.0,bonus_as10_gae1_no,107,700000,,,,,105,61,29,21,26,33,9,2,5,38,16,11,6,11,9,2,0,2,2,2,2,false,NORMAL,2,-1,3,V2,3,1,5,5,5,5,0,3_5_fbios_PABUnityIAPiOSDefensiveBase,segment_tag_core_slot_prob_nu_29_06_var_a
70460,2026-04-14 08:10:49,5,2,2,shield,goldSack,goldSack,gold,1,false,150000,585578294681,98604,5,5,1,10,0,0,1,0,0,7593,20000,42,0,38.0,bonus_as10_gae1_no,107,700000,,,,,106,61,29,22,26,33,9,2,5,39,16,11,7,11,9,2,0,2,7,3,2,false,BIG,6,3,3,V2,3,1,5,5,2,2,0,3_5_fbios_PABUnityIAPiOSDefensiveBase,segment_tag_core_slot_prob_nu_29_06_var_a
70461,2026-04-14 08:10:49,30,2,2,accumulation,goldSack,goldSack,gold,1,false,150000,585578444681,98603,5,5,1,10,0,0,0,0,1,7594,20000,42,1,38.0,bonus_as10_gae1_no,107,700000,,,,,107,61,29,22,26,34,9,2,5,40,16,11,7,11,10,2,0,2,7,7,8,false,MAX,11,8,3,V2,3,1,5,30,2,2,0,3_5_fbios_PABUnityIAPiOSDefensiveBase,segment_tag_core_slot_prob_nu_29_06_var_a
70462,2026-04-14 08:10:50,5,5,5,shield,shield,shield,shield,3,true,1,585578444681,98603,5,5,1,10,0,0,3,0,0,7594,20000,42,0,38.0,bonus_as10_gae1_no,107,700000,,,,,108,61,29,25,26,34,9,2,6,41,16,11,10,11,10,2,0,3,2,2,2,false,NORMAL,1,-1,2,V2,3,1,5,5,5,5,0,3_5_fbios_PABUnityIAPiOSDefensiveBase,segment_tag_core_slot_prob_nu_29_06_var_a
70463,2026-04-14 08:10:51,3,3,2,attack,attack,goldSack,gold,1,false,100000,585578544681,98602,5,5,1,10,2,0,0,0,0,7594,20000,42,0,38.0,bonus_as10_gae1_no,107,700000,,,,"{""820004c2"":""1220\/2500@m7""}",109,63,29,25,26,34,9,2,6,42,18,11,10,11,10,2,0,3,3,0,0,false,NORMAL,1,-1,2,V2,3,1,5,3,3,2,0,3_5_fbios_PABUnityIAPiOSDefensiveBase,segment_tag_core_slot_prob_nu_29_06_var_a
70464,2026-04-14 08:10:52,30,30,2,accumulation,accumulation,goldSack,gold,1,false,100000,585578644681,98601,5,5,1,10,0,0,0,0,2,7596,20000,42,2,38.0,bonus_as10_gae1_no,107,700000,,,,,110,63,29,25,26,36,9,2,6,43,18,11,10,11,12,2,0,3,3,8,8,false,BIG,4,3,1,V2,3,1,5,30,30,2,0,3_5_fbios_PABUnityIAPiOSDefensiveBase,segment_tag_core_slot_prob_nu_29_06_var_a
70465,2026-04-14 08:10:53,1,1,4,coin,coin,steal,gold,1,false,50000,585578694681,98600,5,5,1,10,0,1,0,0,0,7596,20000,42,0,38.0,bonus_as10_gae1_no,107,700000,,,,,111,63,30,25,26,36,9,2,6,44,18,12,10,11,12,2,0,3,4,1,1,false,MIN,-4,-2,-2,V2,3,1,5,1,1,4,0,3_5_fbios_PABUnityIAPiOSDefensiveBase,segment_tag_core_slot_prob_nu_29_06_var_a
70466,2026-04-14 08:10:54,3,3,3,attack,attack,attack,attack,2,true,0,585578694681,98599,5,5,1,10,3,0,0,0,0,7596,20000,42,0,38.0,bonus_as10_gae1_no,107,700000,,,,"{""68171e9b"":""3307\/3500@m7""}",112,66,30,25,26,36,10,2,6,45,21,12,10,11,12,3,0,3,0,0,0,false,MIN,-4,-2,-2,V2,3,1,5,3,3,3,0,3_5_fbios_PABUnityIAPiOSDefensiveBase,segment_tag_core_slot_prob_nu_29_06_var_a
70467,2026-04-14 08:11:43,30,2,2,accumulation,goldSack,goldSack,gold,1,false,150000,585587424681,98598,5,5,1,10,0,0,0,0,1,7597,20000,42,1,38.0,bonus_as10_gae1_no,107,700000,,,,,113,66,30,25,26,37,10,2,6,46,21,12,10,11,13,3,0,3,3,3,8,false,NORMAL,2,4,-2,V2,3,1,5,30,2,2,0,3_5_fbios_PABUnityIAPiOSDefensiveBase,segment_tag_core_slot_prob_nu_29_06_var_a
70468,2026-04-14 08:11:44,4,4,2,steal,steal,goldSack,gold,1,false,100000,585587524681,98597,5,5,1,10,0,2,0,0,0,7597,20000,42,0,38.0,bonus_as10_gae1_no,107,700000,,,,,114,66,32,25,26,37,10,2,6,47,21,14,10,11,13,3,0,3,3,4,4,false,BIG,4,3,1,V2,3,1,5,4,4,2,0,3_5_fbios_PABUnityIAPiOSDefensiveBase,segment_tag_core_slot_prob_nu_29_06_var_a
70469,2026-04-14 08:11:45,3,1,6,attack,coin,spins,gold,1,false,25000,585587549681,98596,5,5,1,10,1,0,0,1,0,7597,20000,42,0,38.0,bonus_as10_gae1_no,107,700000,,,,"{""820004c2"":""1222\/2500@m7""}",115,67,32,25,27,37,10,2,6,48,22,14,10,12,13,3,0,3,-1,-1,-1,false,,0,0,0,,-1,-1,-1,-1,-1,-1,0,3_5_fbios_PABUnityIAPiOSDefensiveBase,segment_tag_core_slot_prob_nu_29_06_var_a
70470,2026-04-14 08:11:46,2,2,2,goldSack,goldSack,goldSack,gold,1,true,2000000,585589549681,98595,5,5,1,10,0,0,0,0,0,7597,20000,42,0,38.0,bonus_as10_gae1_no,107,700000,,,,,116,67,32,25,27,37,10,2,6,49,22,14,10,12,13,3,0,3,3,7,7,false,BIG,5,4,1,V2,3,1,5,2,2,2,0,3_5_fbios_PABUnityIAPiOSDefensiveBase,segment_tag_core_slot_prob_nu_29_06_var_a
70471,2026-04-14 08:11:49,1,6,6,coin,spins,spins,gold,1,false,25000,585589574681,98594,5,5,1,10,0,0,0,2,0,7597,20000,42,0,38.0,bonus_as10_gae1_no,107,700000,,,,,117,67,32,25,29,37,10,2,6,50,22,14,10,14,13,3,0,3,6,6,1,false,MIN,-3,-2,-1,V2,3,1,5,1,6,6,0,3_5_fbios_PABUnityIAPiOSDefensiveBase,segment_tag_core_slot_prob_nu_29_06_var_a
70472,2026-04-14 08:11:50,1,1,4,coin,coin,steal,gold,1,false,50000,585589624681,98593,5,5,1,10,0,1,0,0,0,7597,20000,42,0,38.0,bonus_as10_gae1_no,107,700000,,,,,118,67,33,25,29,37,10,2,6,51,22,15,10,14,13,3,0,3,4,1,5,false,NORMAL,0,1,-1,V2,3,1,5,1,1,4,0,3_5_fbios_PABUnityIAPiOSDefensiveBase,segment_tag_core_slot_prob_nu_29_06_var_a
70473,2026-04-14 08:11:51,3,3,3,attack,attack,attack,attack,2,true,0,585589624681,98592,5,5,1,10,3,0,0,0,0,7597,20000,42,0,38.0,bonus_as10_gae1_no,107,700000,,,,,119,70,33,25,29,37,11,2,6,52,25,15,10,14,13,4,0,3,0,0,0,false,MIN,-3,-2,-1,V2,3,1,5,3,3,3,0,3_5_fbios_PABUnityIAPiOSDefensiveBase,segment_tag_core_slot_prob_nu_29_06_var_a
70474,2026-04-14 08:11:56,30,2,2,accumulation,goldSack,goldSack,gold,1,false,150000,585615774681,98591,5,5,1,10,0,0,0,0,1,7598,20000,42,1,38.0,bonus_as10_gae1_no,107,700000,,,,"{""68171e9b"":""3308\/3500@m7""}",120,70,33,25,29,38,11,2,6,53,25,15,10,14,14,4,0,3,3,7,8,false,BIG,7,6,1,V2,3,1,5,30,2,2,0,3_5_fbios_PABUnityIAPiOSDefensiveBase,segment_tag_core_slot_prob_nu_29_06_var_a
70475,2026-04-14 08:11:57,3,1,6,attack,coin,spins,gold,1,false,25000,585615799681,98590,5,5,1,10,1,0,0,1,0,7598,20000,42,0,38.0,bonus_as10_gae1_no,107,700000,,,,,121,71,33,25,30,38,11,2,6,54,26,15,10,15,14,4,0,3,6,5,0,false,SMALL,-2,-3,1,V2,3,1,5,3,1,6,0,3_5_fbios_PABUnityIAPiOSDefensiveBase,segment_tag_core_slot_prob_nu_29_06_var_a
70476,2026-04-14 08:11:58,1,1,1,coin,coin,coin,gold,1,true,250000,585616049681,98589,5,5,1,10,0,0,0,0,0,7598,20000,42,0,38.0,bonus_as10_gae1_no,107,700000,,,,,122,71,33,25,30,38,11,2,6,55,26,15,10,15,14,4,0,3,1,5,1,false,MIN,-8,-7,-1,V2,3,1,5,1,1,1,0,3_5_fbios_PABUnityIAPiOSDefensiveBase,segment_tag_core_slot_prob_nu_29_06_var_a
70477,2026-04-14 08:11:59,30,2,2,accumulation,goldSack,goldSack,gold,1,false,150000,585616199681,98588,5,5,1,10,0,0,0,0,1,7599,20000,42,1,38.0,bonus_as10_gae1_no,107,700000,,,,,123,71,33,25,30,39,11,2,6,56,26,15,10,15,15,4,0,3,3,3,8,false,NORMAL,3,4,-1,V2,3,1,5,30,2,2,0,3_5_fbios_PABUnityIAPiOSDefensiveBase,segment_tag_core_slot_prob_nu_29_06_var_a
70478,2026-04-14 08:12:01,3,5,2,attack,shield,goldSack,gold,1,false,100000,585616299681,98587,5,5,1,10,1,0,1,0,0,7599,20000,42,0,38.0,bonus_as10_gae1_no,107,700000,,,,,124,72,33,26,30,39,11,2,6,57,27,15,11,15,15,4,0,3,3,2,0,false,NORMAL,0,2,-2,V2,3,1,5,3,5,2,0,3_5_fbios_PABUnityIAPiOSDefensiveBase,segment_tag_core_slot_prob_nu_29_06_var_a
70479,2026-04-14 08:12:02,3,1,6,attack,coin,spins,gold,1,false,25000,585616324681,98586,5,5,1,10,1,0,0,1,0,7599,20000,42,0,38.0,bonus_as10_gae1_no,107,700000,,,,"{""68171e9b"":""3309\/3500@m7""}",125,73,33,26,31,39,11,2,6,58,28,15,11,16,15,4,0,3,6,5,0,false,SMALL,-2,-2,0,V2,3,1,5,3,1,6,0,3_5_fbios_PABUnityIAPiOSDefensiveBase,segment_tag_core_slot_prob_nu_29_06_var_a
70480,2026-04-14 08:12:03,3,3,2,attack,attack,goldSack,gold,1,false,100000,585616424681,98585,5,5,1,10,2,0,0,0,0,7599,20000,42,0,38.0,bonus_as10_gae1_no,107,700000,,,,"{""c8bff241"":""2610\/3500@m3""}",126,75,33,26,31,39,11,2,6,59,30,15,11,16,15,4,0,3,3,0,0,false,NORMAL,2,2,0,V2,3,1,5,3,3,2,0,3_5_fbios_PABUnityIAPiOSDefensiveBase,segment_tag_core_slot_prob_nu_29_06_var_a
70481,2026-04-14 08:12:04,5,5,5,shield,shield,shield,shield,3,true,1,585616424681,98585,5,5,1,10,0,0,3,0,0,7599,20000,42,0,38.0,bonus_as10_gae1_no,107,700000,,,,"{""820004c2"":""1224\/2500@m7""}",127,75,33,29,31,39,11,2,7,60,30,15,14,16,15,4,0,4,2,2,2,false,SMALL,-1,-1,0,V2,3,1,5,5,5,5,0,3_5_fbios_PABUnityIAPiOSDefensiveBase,segment_tag_core_slot_prob_nu_29_06_var_a
70482,2026-04-14 08:12:06,3,1,6,attack,coin,spins,gold,1,false,25000,585616449681,98584,5,5,1,10,1,0,0,1,0,7599,20000,42,0,38.0,bonus_as10_gae1_no,107,700000,,,,,128,76,33,29,32,39,11,2,7,61,31,15,14,17,15,4,0,4,6,5,0,false,MIN,-5,-5,0,V2,3,1,5,3,1,6,0,3_5_fbios_PABUnityIAPiOSDefensiveBase,segment_tag_core_slot_prob_nu_29_06_var_a
70483,2026-04-14 08:12:07,1,5,5,coin,shield,shield,gold,1,false,25000,585616474681,98583,5,5,1,10,0,0,2,0,0,7599,20000,42,0,38.0,bonus_as10_gae1_no,107,700000,,,,,129,76,33,31,32,39,11,2,7,62,31,15,16,17,15,4,0,4,2,2,5,false,SMALL,-1,0,-1,V2,3,1,5,1,5,5,0,3_5_fbios_PABUnityIAPiOSDefensiveBase,segment_tag_core_slot_prob_nu_29_06_var_a
70484,2026-04-14 08:12:08,3,1,4,attack,coin,steal,gold,1,false,25000,585616499681,98582,5,5,1,10,1,1,0,0,0,7599,20000,42,0,38.0,bonus_as10_gae1_no,107,700000,,,,,130,77,34,31,32,39,11,2,7,63,32,16,16,17,15,4,0,4,4,1,0,false,SMALL,-2,-1,-1,V2,3,1,5,3,1,4,0,3_5_fbios_PABUnityIAPiOSDefensiveBase,segment_tag_core_slot_prob_nu_29_06_var_a
70485,2026-04-14 08:12:09,3,1,6,attack,coin,spins,gold,1,false,25000,585616524681,98581,5,5,1,10,1,0,0,1,0,7599,20000,42,0,38.0,bonus_as10_gae1_no,107,700000,,,,,131,78,34,31,33,39,11,2,7,64,33,16,16,18,15,4,0,4,6,1,0,false,NORMAL,0,1,-1,V2,3,1,5,3,1,6,0,3_5_fbios_PABUnityIAPiOSDefensiveBase,segment_tag_core_slot_prob_nu_29_06_var_a
70486,2026-04-14 08:12:13,1,1,1,coin,coin,coin,gold,1,true,100000000,585716524681,98181,5,5,400,10,0,0,0,0,0,7599,20000,42,0,38.0,bonus_as10_gae1_no,107,700000,,,,,132,78,34,31,33,39,11,2,7,65,33,16,16,18,15,4,0,4,5,5,5,false,SMALL,-2,-2,0,V2,3,1,5,1,1,1,0,3_5_fbios_PABUnityIAPiOSDefensiveBase,segment_tag_core_slot_prob_nu_29_06_var_a
70487,2026-04-14 08:12:15,1,1,4,coin,coin,steal,gold,1,false,20000000,585736524681,97781,5,5,400,10,0,1,0,0,0,7599,20000,42,0,38.0,bonus_as10_gae1_no,107,700000,,,,,133,78,35,31,33,39,11,2,7,66,33,17,16,18,15,4,0,4,4,1,1,false,MIN,-4,-2,-2,V2,3,1,5,1,1,4,0,3_5_fbios_PABUnityIAPiOSDefensiveBase,segment_tag_core_slot_prob_nu_29_06_var_a
70488,2026-04-14 08:12:16,1,1,4,coin,coin,steal,gold,1,false,20000000,585756524681,97381,5,5,400,10,0,1,0,0,0,7599,20000,42,0,38.0,bonus_as10_gae1_no,107,700000,,,,,134,78,36,31,33,39,11,2,7,67,33,18,16,18,15,4,0,4,4,5,1,false,MIN,-6,-4,-2,V2,3,1,5,1,1,4,0,3_5_fbios_PABUnityIAPiOSDefensiveBase,segment_tag_core_slot_prob_nu_29_06_var_a
70489,2026-04-14 08:12:17,1,1,4,coin,coin,steal,gold,1,false,20000000,585776524681,96981,5,5,400,10,0,1,0,0,0,7599,20000,42,0,38.0,bonus_as10_gae1_no,107,700000,,,,"{""68171e9b"":""209\/5300@m8""}",135,78,37,31,33,39,11,2,7,68,33,19,16,18,15,4,0,4,4,1,5,false,NORMAL,0,2,-2,V2,3,1,5,1,1,4,0,3_5_fbios_PABUnityIAPiOSDefensiveBase,segment_tag_core_slot_prob_nu_29_06_var_a
70490,2026-04-14 08:12:23,30,2,2,accumulation,goldSack,goldSack,gold,1,false,60000000,585836524681,96581,5,5,400,10,0,0,0,0,1,7999,20000,42,400,40.0,bonus_as10_gae1_no,107,700000,,,,,136,78,37,31,33,40,11,2,7,69,33,19,16,18,16,4,0,4,3,3,8,false,NORMAL,2,4,-2,V2,3,1,5,30,2,2,0,3_5_fbios_PABUnityIAPiOSDefensiveBase,segment_tag_core_slot_prob_nu_29_06_var_a
70491,2026-04-14 08:12:25,30,30,30,accumulation,accumulation,accumulation,gold,10,true,0,585836524681,96181,5,5,400,10,0,0,0,0,3,11999,20000,42,4000,60.0,bonus_as10_gae1_no,107,700000,,,,,137,78,37,31,33,43,11,2,7,70,33,19,16,18,19,4,0,4,8,8,8,true,NORMAL,2,2,0,V2,3,1,5,30,30,30,0,3_5_fbios_PABUnityIAPiOSDefensiveBase,segment_tag_core_slot_prob_nu_29_06_var_a
70492,2026-04-14 08:12:26,4,4,4,steal,steal,steal,steal,4,true,0,585836524681,95781,5,5,400,10,0,3,0,0,0,11999,20000,42,0,60.0,bonus_as10_gae1_no,107,700000,,,,,1,0,3,0,0,0,0,1,0,71,33,22,16,18,19,4,1,4,4,4,4,false,MIN,-4,-5,1,V2,3,1,5,4,4,4,0,3_5_fbios_PABUnityIAPiOSDefensiveBase,segment_tag_core_slot_prob_nu_29_06_var_a
70493,2026-04-14 08:12:35,30,2,2,accumulation,goldSack,goldSack,gold,1,false,150000,652789474681,96080,5,5,1,10,0,0,0,0,1,12000,20000,42,1,60.0,bonus_as10_gae1_no,107,700000,,,,,2,0,3,0,0,1,0,1,0,72,33,22,16,18,20,4,1,4,7,3,8,false,BIG,7,6,1,V2,3,1,5,30,2,2,0,3_5_fbios_PABUnityIAPiOSDefensiveBase,segment_tag_core_slot_prob_nu_29_06_var_a
70494,2026-04-14 08:12:36,1,4,6,coin,steal,spins,gold,1,false,25000,652789499681,96079,5,5,1,10,0,1,0,1,0,12000,20000,42,0,60.0,bonus_as10_gae1_no,107,700000,,,,,3,0,4,0,1,1,0,1,0,73,33,23,16,19,20,4,1,4,6,4,5,false,BIG,7,6,1,V2,3,1,5,1,4,6,0,3_5_fbios_PABUnityIAPiOSDefensiveBase,segment_tag_core_slot_prob_nu_29_06_var_a
70495,2026-04-14 08:12:37,4,6,2,steal,spins,goldSack,gold,1,false,100000,652789599681,96078,5,5,1,10,0,1,0,1,0,12000,20000,42,0,60.0,bonus_as10_gae1_no,107,700000,,,,"{""820004c2"":""1226\/2500@m7""}",4,0,5,0,2,1,0,1,0,74,33,24,16,20,20,4,1,4,3,6,4,false,BIG,5,1,4,V2,3,1,5,4,6,2,0,3_5_fbios_PABUnityIAPiOSDefensiveBase,segment_tag_core_slot_prob_nu_29_06_var_a
70496,2026-04-14 08:12:38,5,5,5,shield,shield,shield,shield,3,true,1,652789599681,96078,5,5,1,10,0,0,3,0,0,12000,20000,42,0,60.0,bonus_as10_gae1_no,107,700000,,,,,5,0,5,3,2,1,0,1,1,75,33,24,19,20,20,4,1,5,2,2,2,false,NORMAL,3,-1,4,V2,3,1,5,5,5,5,0,3_5_fbios_PABUnityIAPiOSDefensiveBase,segment_tag_core_slot_prob_nu_29_06_var_a
70497,2026-04-14 08:12:39,4,6,2,steal,spins,goldSack,gold,1,false,100000,652789699681,96077,5,5,1,10,0,1,0,1,0,12000,20000,42,0,60.0,bonus_as10_gae1_no,107,700000,,,,"{""820004c2"":""1228\/2500@m7""}",6,0,6,3,3,1,0,1,1,76,33,25,19,21,20,4,1,5,7,6,4,false,BIG,4,0,4,V2,3,1,5,4,6,2,0,3_5_fbios_PABUnityIAPiOSDefensiveBase,segment_tag_core_slot_prob_nu_29_06_var_a
70498,2026-04-14 08:12:40,30,2,2,accumulation,goldSack,goldSack,gold,1,false,150000,652789849681,96076,5,5,1,10,0,0,0,0,1,12001,20000,42,1,60.0,bonus_as10_gae1_no,107,700000,,,,,7,0,6,3,3,2,0,1,1,77,33,25,19,21,21,4,1,5,7,3,8,false,MAX,13,8,5,V2,3,1,5,30,2,2,0,3_5_fbios_PABUnityIAPiOSDefensiveBase,segment_tag_core_slot_prob_nu_29_06_var_a
70499,2026-04-14 08:12:41,2,2,2,goldSack,goldSack,goldSack,gold,1,true,2000000,652791849681,96075,5,5,1,10,0,0,0,0,0,12001,20000,42,0,60.0,bonus_as10_gae1_no,107,700000,,,,,8,0,6,3,3,2,0,1,1,78,33,25,19,21,21,4,1,5,7,3,3,false,MAX,12,7,5,V2,3,1,5,2,2,2,0,3_5_fbios_PABUnityIAPiOSDefensiveBase,segment_tag_core_slot_prob_nu_29_06_var_a
70500,2026-04-14 08:12:42,30,2,2,accumulation,goldSack,goldSack,gold,1,false,150000,652791999681,96074,5,5,1,10,0,0,0,0,1,12002,20000,42,1,60.0,bonus_as10_gae1_no,107,700000,,,,"{""c8bff241"":""2612\/3500@m3"",""68171e9b"":""210\/5300@m8""}",9,0,6,3,3,3,0,1,1,79,33,25,19,21,22,4,1,5,-1,-1,-1,false,,0,0,0,,-1,-1,-1,-1,-1,-1,0,3_5_fbios_PABUnityIAPiOSDefensiveBase,segment_tag_core_slot_prob_nu_29_06_var_a
70501,2026-04-14 08:12:43,3,3,3,attack,attack,attack,attack,2,true,0,652791999681,96073,5,5,1,10,3,0,0,0,0,12002,20000,42,0,60.0,bonus_as10_gae1_no,107,700000,,,,,10,3,6,3,3,3,1,1,1,80,36,25,19,21,22,5,1,5,0,0,0,false,NORMAL,3,-2,5,V2,3,1,5,3,3,3,0,3_5_fbios_PABUnityIAPiOSDefensiveBase,segment_tag_core_slot_prob_nu_29_06_var_a
70502,2026-04-14 08:12:47,3,3,3,attack,attack,attack,attack,2,true,0,652800579681,96072,5,5,1,10,3,0,0,0,0,12002,20000,42,0,60.0,bonus_as10_gae1_no,107,700000,,,,,11,6,6,3,3,3,2,1,1,81,39,25,19,21,22,6,1,5,0,0,0,false,BIG,4,0,4,V2,3,1,5,3,3,3,0,3_5_fbios_PABUnityIAPiOSDefensiveBase,segment_tag_core_slot_prob_nu_29_06_var_a
70503,2026-04-14 08:12:51,4,6,2,steal,spins,goldSack,gold,1,false,100000,652826679681,96071,5,5,1,10,0,1,0,1,0,12002,20000,42,0,60.0,bonus_as10_gae1_no,107,700000,,,,"{""820004c2"":""1230\/2500@m7""}",12,6,7,3,4,3,2,1,1,82,39,26,19,22,22,6,1,5,3,6,4,false,BIG,5,1,4,V2,3,1,5,4,6,2,0,3_5_fbios_PABUnityIAPiOSDefensiveBase,segment_tag_core_slot_prob_nu_29_06_var_a
70504,2026-04-14 08:12:52,3,3,3,attack,attack,attack,attack,2,true,0,652826679681,96070,5,5,1,10,3,0,0,0,0,12002,20000,42,0,60.0,bonus_as10_gae1_no,107,700000,,,,"{""68171e9b"":""211\/5300@m8""}",13,9,7,3,4,3,3,1,1,83,42,26,19,22,22,7,1,5,0,0,0,false,NORMAL,2,-2,4,V2,3,1,5,3,3,3,0,3_5_fbios_PABUnityIAPiOSDefensiveBase,segment_tag_core_slot_prob_nu_29_06_var_a
70505,2026-04-14 08:12:57,3,3,3,attack,attack,attack,attack,2,true,0,652852679681,96069,5,5,1,10,3,0,0,0,0,12002,20000,42,0,60.0,bonus_as10_gae1_no,107,700000,,,,,14,12,7,3,4,3,4,1,1,84,45,26,19,22,22,8,1,5,0,0,0,false,BIG,5,1,4,V2,3,1,5,3,3,3,0,3_5_fbios_PABUnityIAPiOSDefensiveBase,segment_tag_core_slot_prob_nu_29_06_var_a
70506,2026-04-14 08:13:02,1,4,4,coin,steal,steal,gold,1,false,25000,652861284681,96068,5,5,1,10,0,2,0,0,0,12002,20000,42,0,60.0,bonus_as10_gae1_no,107,700000,,,,,15,12,9,3,4,3,4,1,1,85,45,28,19,22,22,8,1,5,4,4,1,false,MIN,-3,-4,1,V2,3,1,5,1,4,4,0,3_5_fbios_PABUnityIAPiOSDefensiveBase,segment_tag_core_slot_prob_nu_29_06_var_a
70507,2026-04-14 08:13:02,3,1,1,attack,coin,coin,gold,1,false,50000,652861334681,96067,5,5,1,10,1,0,0,0,0,12002,20000,42,0,60.0,bonus_as10_gae1_no,107,700000,,,,,16,13,9,3,4,3,4,1,1,86,46,28,19,22,22,8,1,5,1,5,0,false,SMALL,-1,-2,1,V2,3,1,5,3,1,1,0,3_5_fbios_PABUnityIAPiOSDefensiveBase,segment_tag_core_slot_prob_nu_29_06_var_a
70508,2026-04-14 08:13:03,4,6,2,steal,spins,goldSack,gold,1,false,100000,652861434681,96066,5,5,1,10,0,1,0,1,0,12002,20000,42,0,60.0,bonus_as10_gae1_no,107,700000,,,,,17,13,10,3,5,3,4,1,1,87,46,29,19,23,22,8,1,5,-1,-1,-1,false,,0,0,0,,-1,-1,-1,-1,-1,-1,0,3_5_fbios_PABUnityIAPiOSDefensiveBase,segment_tag_core_slot_prob_nu_29_06_var_a
70509,2026-04-14 08:13:03,1,4,4,coin,steal,steal,gold,1,false,25000,652861459681,96065,5,5,1,10,0,2,0,0,0,12002,20000,42,0,60.0,bonus_as10_gae1_no,107,700000,,,,,18,13,12,3,5,3,4,1,1,88,46,31,19,23,22,8,1,5,4,4,1,false,MIN,-5,-4,-1,V2,3,1,5,1,4,4,0,3_5_fbios_PABUnityIAPiOSDefensiveBase,segment_tag_core_slot_prob_nu_29_06_var_a
70510,2026-04-14 08:13:04,30,30,1,accumulation,accumulation,coin,gold,1,false,25000,652861484681,96064,5,5,1,10,0,0,0,0,2,12004,20000,42,2,60.0,bonus_as10_gae1_no,107,700000,,,,"{""68171e9b"":""212\/5300@m8""}",19,13,12,3,5,5,4,1,1,89,46,31,19,23,24,8,1,5,1,8,8,false,NORMAL,0,1,-1,V2,3,1,5,30,30,1,0,3_5_fbios_PABUnityIAPiOSDefensiveBase,segment_tag_core_slot_prob_nu_29_06_var_a
70511,2026-04-14 08:13:07,3,1,5,attack,coin,shield,gold,1,false,25000,652861509681,96063,5,5,1,10,1,0,1,0,0,12004,20000,42,0,60.0,bonus_as10_gae1_no,107,700000,,,,,20,14,12,4,5,5,4,1,1,90,47,31,20,23,24,8,1,5,2,5,0,false,MIN,-3,-2,-1,V2,3,1,5,3,1,5,0,3_5_fbios_PABUnityIAPiOSDefensiveBase,segment_tag_core_slot_prob_nu_29_06_var_a
70512,2026-04-14 08:13:08,1,6,6,coin,spins,spins,gold,1,false,25000,652861534681,96062,5,5,1,10,0,0,0,2,0,12004,20000,42,0,60.0,bonus_as10_gae1_no,107,700000,,,,,21,14,12,4,7,5,4,1,1,91,47,31,20,25,24,8,1,5,6,6,1,false,MIN,-5,-4,-1,V2,3,1,5,1,6,6,0,3_5_fbios_PABUnityIAPiOSDefensiveBase,segment_tag_core_slot_prob_nu_29_06_var_a
70513,2026-04-14 08:13:09,3,1,5,attack,coin,shield,gold,1,false,25000,652861559681,96061,5,5,1,10,1,0,1,0,0,12004,20000,42,0,60.0,bonus_as10_gae1_no,107,700000,,,,,22,15,12,5,7,5,4,1,1,92,48,31,21,25,24,8,1,5,2,5,0,false,MIN,-3,-2,-1,V2,3,1,5,3,1,5,0,3_5_fbios_PABUnityIAPiOSDefensiveBase,segment_tag_core_slot_prob_nu_29_06_var_a
70514,2026-04-14 08:13:10,3,1,1,attack,coin,coin,gold,1,false,50000,652861609681,96060,5,5,1,10,1,0,0,0,0,12004,20000,42,0,60.0,bonus_as10_gae1_no,107,700000,,,,,23,16,12,5,7,5,4,1,1,93,49,31,21,25,24,8,1,5,-1,-1,-1,false,,0,0,0,,-1,-1,-1,-1,-1,-1,0,3_5_fbios_PABUnityIAPiOSDefensiveBase,segment_tag_core_slot_prob_nu_29_06_var_a
70515,2026-04-14 08:13:10,4,6,2,steal,spins,goldSack,gold,1,false,100000,652861709681,96059,5,5,1,10,0,1,0,1,0,12004,20000,42,0,60.0,bonus_as10_gae1_no,107,700000,,,,"{""68171e9b"":""213\/5300@m8""}",24,16,13,5,8,5,4,1,1,94,49,32,21,26,24,8,1,5,3,6,4,false,SMALL,-1,0,-1,V2,3,1,5,4,6,2,0,3_5_fbios_PABUnityIAPiOSDefensiveBase,segment_tag_core_slot_prob_nu_29_06_var_a
70516,2026-04-14 08:13:12,30,2,2,accumulation,goldSack,goldSack,gold,1,false,150000,652861859681,96058,5,5,1,10,0,0,0,0,1,12005,20000,42,1,60.0,bonus_as10_gae1_no,107,700000,,,,,25,16,13,5,8,6,4,1,1,95,49,32,21,26,25,8,1,5,3,7,8,false,BIG,7,7,0,V2,3,1,5,30,2,2,0,3_5_fbios_PABUnityIAPiOSDefensiveBase,segment_tag_core_slot_prob_nu_29_06_var_a
70517,2026-04-14 08:13:18,3,3,3,attack,attack,attack,attack,2,true,0,652861859681,95658,5,5,400,10,3,0,0,0,0,12005,20000,42,0,60.0,bonus_as10_gae1_no,107,700000,,,,,26,19,13,5,8,6,5,1,1,96,52,32,21,26,25,9,1,5,0,0,0,false,SMALL,-1,-1,0,V2,3,1,5,3,3,3,0,3_5_fbios_PABUnityIAPiOSDefensiveBase,segment_tag_core_slot_prob_nu_29_06_var_a
70518,2026-04-14 08:13:23,1,1,1,coin,coin,coin,gold,1,true,100000000,656393859681,95258,5,5,400,10,0,0,0,0,0,12005,20000,42,0,60.0,bonus_as10_gae1_no,107,700000,,,,"{""820004c2"":""2030\/2500@m7""}",27,19,13,5,8,6,5,1,1,97,52,32,21,26,25,9,1,5,1,1,1,false,MIN,-6,-4,-2,V2,3,1,5,1,1,1,0,3_5_fbios_PABUnityIAPiOSDefensiveBase,segment_tag_core_slot_prob_nu_29_06_var_a
70519,2026-04-14 08:13:28,4,6,2,steal,spins,goldSack,gold,1,false,5000000,656398859681,95208,5,5,50,10,0,1,0,1,0,12005,20000,42,0,60.0,bonus_as10_gae1_no,107,700000,,,,,28,19,14,5,9,6,5,1,1,98,52,33,21,27,25,9,1,5,3,6,4,false,NORMAL,1,1,0,V2,3,1,5,4,6,2,0,3_5_fbios_PABUnityIAPiOSDefensiveBase,segment_tag_core_slot_prob_nu_29_06_var_a
70520,2026-04-14 08:13:31,3,3,2,attack,attack,goldSack,gold,1,false,5000000,656403859681,95158,5,5,50,10,2,0,0,0,0,12005,20000,42,0,60.0,bonus_as10_gae1_no,107,700000,,,,,29,21,14,5,9,6,5,1,1,99,54,33,21,27,25,9,1,5,3,0,0,false,NORMAL,2,2,0,V2,3,1,5,3,3,2,0,3_5_fbios_PABUnityIAPiOSDefensiveBase,segment_tag_core_slot_prob_nu_29_06_var_a
70521,2026-04-14 08:13:32,1,4,4,coin,steal,steal,gold,1,false,1250000,656405109681,95108,5,5,50,10,0,2,0,0,0,12005,20000,42,0,60.0,bonus_as10_gae1_no,107,700000,,,,,30,21,16,5,9,6,5,1,1,100,54,35,21,27,25,9,1,5,4,4,1,false,MIN,-3,-3,0,V2,3,1,5,1,4,4,0,3_5_fbios_PABUnityIAPiOSDefensiveBase,segment_tag_core_slot_prob_nu_29_06_var_a
70522,2026-04-14 08:13:34,3,1,5,attack,coin,shield,gold,1,false,1250000,656406359681,95058,5,5,50,10,1,0,1,0,0,12005,20000,42,0,60.0,bonus_as10_gae1_no,107,700000,,,,"{""c8bff241"":""2712\/3500@m3""}",31,22,16,6,9,6,5,1,1,101,55,35,22,27,25,9,1,5,2,5,0,false,SMALL,-2,-2,0,V2,3,1,5,3,1,5,0,3_5_fbios_PABUnityIAPiOSDefensiveBase,segment_tag_core_slot_prob_nu_29_06_var_a
70523,2026-04-14 08:13:36,3,1,5,attack,coin,shield,gold,1,false,1250000,656407609681,95008,5,5,50,10,1,0,1,0,0,12005,20000,42,0,60.0,bonus_as10_gae1_no,107,700000,,,,,32,23,16,7,9,6,5,1,1,102,56,35,23,27,25,9,1,5,2,1,0,false,NORMAL,1,1,0,V2,3,1,5,3,1,5,0,3_5_fbios_PABUnityIAPiOSDefensiveBase,segment_tag_core_slot_prob_nu_29_06_var_a
70524,2026-04-14 08:13:37,1,1,1,coin,coin,coin,gold,1,true,12500000,656420109681,94958,5,5,50,10,0,0,0,0,0,12005,20000,42,0,60.0,bonus_as10_gae1_no,107,700000,,,,,33,23,16,7,9,6,5,1,1,103,56,35,23,27,25,9,1,5,1,5,1,false,MIN,-8,-8,0,V2,3,1,5,1,1,1,0,3_5_fbios_PABUnityIAPiOSDefensiveBase,segment_tag_core_slot_prob_nu_29_06_var_a
70525,2026-04-14 08:13:40,5,5,5,shield,shield,shield,shield,3,true,50,656420109681,94958,5,5,50,10,0,0,3,0,0,12005,20000,42,0,60.0,bonus_as10_gae1_no,107,700000,,,,,34,23,16,10,9,6,5,1,2,104,56,35,26,27,25,9,1,6,2,2,2,false,MIN,-3,-1,-2,V2,3,1,5,5,5,5,0,3_5_fbios_PABUnityIAPiOSDefensiveBase,segment_tag_core_slot_prob_nu_29_06_var_a
70526,2026-04-14 08:13:41,6,6,6,spins,spins,spins,spins,5,true,500,656420109681,95408,5,5,50,10,0,0,0,3,0,12005,20000,42,0,60.0,bonus_as10_gae1_no,107,700000,,,,"{""68171e9b"":""263\/5300@m8""}",35,23,16,10,12,6,5,1,2,105,56,35,26,30,25,9,1,6,6,6,6,true,MIN,-4,-2,-2,V2,3,1,5,6,6,6,0,3_5_fbios_PABUnityIAPiOSDefensiveBase,segment_tag_core_slot_prob_nu_29_06_var_a
70527,2026-04-14 08:13:46,3,1,1,attack,coin,coin,gold,1,false,50000,656420159681,95407,5,5,1,10,1,0,0,0,0,12005,20000,42,0,60.0,bonus_as10_gae1_no,107,700000,,,,,36,24,16,10,12,6,5,1,2,1,1,0,0,0,0,0,0,0,1,1,0,false,SMALL,-1,-1,0,V2,3,1,5,3,1,1,0,3_5_fbios_PABUnityIAPiOSDefensiveBase,segment_tag_core_slot_prob_nu_29_06_var_a
70528,2026-04-14 08:13:47,3,3,2,attack,attack,goldSack,gold,1,false,100000,656420259681,95406,5,5,1,10,2,0,0,0,0,12005,20000,42,0,60.0,bonus_as10_gae1_no,107,700000,,,,,37,26,16,10,12,6,5,1,2,2,3,0,0,0,0,0,0,0,-1,-1,-1,false,,0,0,0,,-1,-1,-1,-1,-1,-1,0,3_5_fbios_PABUnityIAPiOSDefensiveBase,segment_tag_core_slot_prob_nu_29_06_var_a
70529,2026-04-14 08:13:48,1,1,1,coin,coin,coin,gold,1,true,250000,656420509681,95405,5,5,1,10,0,0,0,0,0,12005,20000,42,0,60.0,bonus_as10_gae1_no,107,700000,,,,,38,26,16,10,12,6,5,1,2,3,3,0,0,0,0,0,0,0,1,1,1,false,MIN,-5,-3,-2,V2,3,1,5,1,1,1,0,3_5_fbios_PABUnityIAPiOSDefensiveBase,segment_tag_core_slot_prob_nu_29_06_var_a
70530,2026-04-14 08:13:48,3,1,1,attack,coin,coin,gold,1,false,50000,656420559681,95404,5,5,1,10,1,0,0,0,0,12005,20000,42,0,60.0,bonus_as10_gae1_no,107,700000,,,,,39,27,16,10,12,6,5,1,2,4,4,0,0,0,0,0,0,0,1,5,0,false,MIN,-3,-1,-2,V2,3,1,5,3,1,1,0,3_5_fbios_PABUnityIAPiOSDefensiveBase,segment_tag_core_slot_prob_nu_29_06_var_a
70531,2026-04-14 08:13:49,4,6,2,steal,spins,goldSack,gold,1,false,100000,656420659681,95403,5,5,1,10,0,1,0,1,0,12005,20000,42,0,60.0,bonus_as10_gae1_no,107,700000,,,,"{""68171e9b"":""264\/5300@m8""}",40,27,17,10,13,6,5,1,2,5,4,1,0,1,0,0,0,0,3,6,4,false,NORMAL,0,1,-1,V2,3,1,5,4,6,2,0,3_5_fbios_PABUnityIAPiOSDefensiveBase,segment_tag_core_slot_prob_nu_29_06_var_a
70532,2026-04-14 08:13:50,4,6,2,steal,spins,goldSack,gold,1,false,100000,656420759681,95402,5,5,1,10,0,1,0,1,0,12005,20000,42,0,60.0,bonus_as10_gae1_no,107,700000,,,,"{""c8bff241"":""2714\/3500@m3""}",41,27,18,10,14,6,5,1,2,6,4,2,0,2,0,0,0,0,7,6,4,false,BIG,6,2,4,V2,3,1,5,4,6,2,0,3_5_fbios_PABUnityIAPiOSDefensiveBase,segment_tag_core_slot_prob_nu_29_06_var_a
70533,2026-04-14 08:13:51,30,2,2,accumulation,goldSack,goldSack,gold,1,false,150000,656420909681,95401,5,5,1,10,0,0,0,0,1,12006,20000,42,1,60.0,bonus_as10_gae1_no,107,700000,,,,,42,27,18,10,14,7,5,1,2,7,4,2,0,2,1,0,0,0,7,7,8,false,MAX,14,10,4,V2,3,1,5,30,2,2,0,3_5_fbios_PABUnityIAPiOSDefensiveBase,segment_tag_core_slot_prob_nu_29_06_var_a
70534,2026-04-14 08:13:52,30,30,1,accumulation,accumulation,coin,gold,1,false,25000,656420934681,95400,5,5,1,10,0,0,0,0,2,12008,20000,42,2,60.0,bonus_as10_gae1_no,107,700000,,,,,43,27,18,10,14,9,5,1,2,8,4,2,0,2,3,0,0,0,1,8,8,false,MAX,8,4,4,V2,3,1,5,30,30,1,0,3_5_fbios_PABUnityIAPiOSDefensiveBase,segment_tag_core_slot_prob_nu_29_06_var_a
70535,2026-04-14 08:13:53,4,6,2,steal,spins,goldSack,gold,1,false,100000,656421034681,95399,5,5,1,10,0,1,0,1,0,12008,20000,42,0,60.0,bonus_as10_gae1_no,107,700000,,,,,44,27,19,10,15,9,5,1,2,9,4,3,0,3,3,0,0,0,3,6,4,false,BIG,5,1,4,V2,3,1,5,4,6,2,0,3_5_fbios_PABUnityIAPiOSDefensiveBase,segment_tag_core_slot_prob_nu_29_06_var_a
70536,2026-04-14 08:13:54,30,30,1,accumulation,accumulation,coin,gold,1,false,25000,656421059681,95398,5,5,1,10,0,0,0,0,2,12010,20000,42,2,60.1,bonus_as10_gae1_no,107,700000,,,,"{""820004c2"":""2032\/2500@m7""}",45,27,19,10,15,11,5,1,2,10,4,3,0,3,5,0,0,0,1,8,8,false,BIG,5,1,4,V2,3,1,5,30,30,1,0,3_5_fbios_PABUnityIAPiOSDefensiveBase,segment_tag_core_slot_prob_nu_29_06_var_a
70537,2026-04-14 08:13:55,1,5,5,coin,shield,shield,gold,1,false,25000,656421084681,95397,5,5,1,10,0,0,2,0,0,12010,20000,42,0,60.1,bonus_as10_gae1_no,107,700000,,,,,46,27,19,12,15,11,5,1,2,11,4,3,2,3,5,0,0,0,2,2,1,false,NORMAL,0,-2,2,V2,3,1,5,1,5,5,0,3_5_fbios_PABUnityIAPiOSDefensiveBase,segment_tag_core_slot_prob_nu_29_06_var_a
70538,2026-04-14 08:13:56,4,4,4,steal,steal,steal,steal,4,true,0,656421084681,95396,5,5,1,10,0,3,0,0,0,12010,20000,42,0,60.1,bonus_as10_gae1_no,107,700000,,,,,47,27,22,12,15,11,5,2,2,12,4,6,2,3,5,0,1,0,4,4,4,false,MIN,-4,-6,2,V2,3,1,5,4,4,4,0,3_5_fbios_PABUnityIAPiOSDefensiveBase,segment_tag_core_slot_prob_nu_29_06_var_a
70539,2026-04-14 08:14:01,3,3,3,attack,attack,attack,attack,2,true,0,656491886681,95395,5,5,1,10,3,0,0,0,0,12010,20000,42,0,60.1,bonus_as10_gae1_no,107,700000,,,,,48,30,22,12,15,11,6,2,2,13,7,6,2,3,5,1,1,0,0,0,0,false,NORMAL,0,-2,2,V2,3,1,5,3,3,3,0,3_5_fbios_PABUnityIAPiOSDefensiveBase,segment_tag_core_slot_prob_nu_29_06_var_a
70540,2026-04-14 08:14:05,3,1,1,attack,coin,coin,gold,1,false,50000,656517936681,95394,5,5,1,10,1,0,0,0,0,12010,20000,42,0,60.1,bonus_as10_gae1_no,107,700000,,,,,49,31,22,12,15,11,6,2,2,14,8,6,2,3,5,1,1,0,1,5,0,false,BIG,4,0,4,V2,3,1,5,3,1,1,0,3_5_fbios_PABUnityIAPiOSDefensiveBase,segment_tag_core_slot_prob_nu_29_06_var_a
70541,2026-04-14 08:14:09,30,2,2,accumulation,goldSack,goldSack,gold,1,false,150000,656518086681,95393,5,5,1,10,0,0,0,0,1,12011,20000,42,1,60.1,bonus_as10_gae1_no,107,700000,,,,"{""820004c2"":""2034\/2500@m7""}",50,31,22,12,15,12,6,2,2,15,8,6,2,3,6,1,1,0,3,7,8,false,MAX,11,6,5,V2,3,1,5,30,2,2,0,3_5_fbios_PABUnityIAPiOSDefensiveBase,segment_tag_core_slot_prob_nu_29_06_var_a
70542,2026-04-14 08:14:10,1,1,1,coin,coin,coin,gold,1,true,250000,656518336681,95392,5,5,1,10,0,0,0,0,0,12011,20000,42,0,60.1,bonus_as10_gae1_no,107,700000,,,,"{""c8bff241"":""2716\/3500@m3"",""68171e9b"":""265\/5300@m8""}",51,31,22,12,15,12,6,2,2,16,8,6,2,3,6,1,1,0,1,1,1,false,SMALL,-1,-4,3,V2,3,1,5,1,1,1,0,3_5_fbios_PABUnityIAPiOSDefensiveBase,segment_tag_core_slot_prob_nu_29_06_var_a
70543,2026-04-14 08:14:11,30,2,2,accumulation,goldSack,goldSack,gold,1,false,150000,656518486681,95391,5,5,1,10,0,0,0,0,1,12012,20000,42,1,60.1,bonus_as10_gae1_no,107,700000,,,,,52,31,22,12,15,13,6,2,2,17,8,6,2,3,7,1,1,0,3,7,8,false,MAX,9,6,3,V2,3,1,5,30,2,2,0,3_5_fbios_PABUnityIAPiOSDefensiveBase,segment_tag_core_slot_prob_nu_29_06_var_a
70544,2026-04-14 08:14:12,3,1,1,attack,coin,coin,gold,1,false,50000,656518536681,95390,5,5,1,10,1,0,0,0,0,12012,20000,42,0,60.1,bonus_as10_gae1_no,107,700000,,,,,53,32,22,12,15,13,6,2,2,18,9,6,2,3,7,1,1,0,1,1,0,false,NORMAL,2,0,2,V2,3,1,5,3,1,1,0,3_5_fbios_PABUnityIAPiOSDefensiveBase,segment_tag_core_slot_prob_nu_29_06_var_a
70545,2026-04-14 08:14:13,4,6,2,steal,spins,goldSack,gold,1,false,100000,656518636681,95389,5,5,1,10,0,1,0,1,0,12012,20000,42,0,60.1,bonus_as10_gae1_no,107,700000,,,,,54,32,23,12,16,13,6,2,2,19,9,7,2,4,7,1,1,0,7,6,4,false,BIG,4,1,3,V2,3,1,5,4,6,2,0,3_5_fbios_PABUnityIAPiOSDefensiveBase,segment_tag_core_slot_prob_nu_29_06_var_a
70546,2026-04-14 08:14:13,1,6,6,coin,spins,spins,gold,1,false,25000,656518661681,95388,5,5,1,10,0,0,0,2,0,12012,20000,42,0,60.1,bonus_as10_gae1_no,107,700000,,,,"{""68171e9b"":""266\/5300@m8""}",55,32,23,12,18,13,6,2,2,20,9,7,2,6,7,1,1,0,-1,-1,-1,false,,0,0,0,,-1,-1,-1,-1,-1,-1,0,3_5_fbios_PABUnityIAPiOSDefensiveBase,segment_tag_core_slot_prob_nu_29_06_var_a
70547,2026-04-14 08:14:14,2,2,2,goldSack,goldSack,goldSack,gold,1,true,2000000,656520661681,95387,5,5,1,10,0,0,0,0,0,12012,20000,42,0,60.1,bonus_as10_gae1_no,107,700000,,,,,56,32,23,12,18,13,6,2,2,21,9,7,2,6,7,1,1,0,3,3,3,false,BIG,6,3,3,V2,3,1,5,2,2,2,0,3_5_fbios_PABUnityIAPiOSDefensiveBase,segment_tag_core_slot_prob_nu_29_06_var_a
70548,2026-04-14 08:14:15,4,6,2,steal,spins,goldSack,gold,1,false,100000,656520761681,95386,5,5,1,10,0,1,0,1,0,12012,20000,42,0,60.1,bonus_as10_gae1_no,107,700000,,,,,57,32,24,12,19,13,6,2,2,22,9,8,2,7,7,1,1,0,-1,-1,-1,false,,0,0,0,,-1,-1,-1,-1,-1,-1,0,3_5_fbios_PABUnityIAPiOSDefensiveBase,segment_tag_core_slot_prob_nu_29_06_var_a
70549,2026-04-14 08:14:15,30,2,2,accumulation,goldSack,goldSack,gold,1,false,150000,656520911681,95385,5,5,1,10,0,0,0,0,1,12013,20000,42,1,60.1,bonus_as10_gae1_no,107,700000,,,,,58,32,24,12,19,14,6,2,2,23,9,8,2,7,8,1,1,0,7,7,8,false,MAX,12,9,3,V2,3,1,5,30,2,2,0,3_5_fbios_PABUnityIAPiOSDefensiveBase,segment_tag_core_slot_prob_nu_29_06_var_a
70550,2026-04-14 08:14:17,2,2,2,goldSack,goldSack,goldSack,gold,1,true,2000000,656522911681,95384,5,5,1,10,0,0,0,0,0,12013,20000,42,0,60.1,bonus_as10_gae1_no,107,700000,,,,"{""68171e9b"":""267\/5300@m8""}",59,32,24,12,19,14,6,2,2,24,9,8,2,7,8,1,1,0,7,7,3,false,MAX,8,7,1,V2,3,1,5,2,2,2,0,3_5_fbios_PABUnityIAPiOSDefensiveBase,segment_tag_core_slot_prob_nu_29_06_var_a
70551,2026-04-14 08:14:17,2,2,2,goldSack,goldSack,goldSack,gold,1,true,2000000,656524911681,95383,5,5,1,10,0,0,0,0,0,12013,20000,42,0,60.1,bonus_as10_gae1_no,107,700000,,,,,60,32,24,12,19,14,6,2,2,25,9,8,2,7,8,1,1,0,3,3,3,false,BIG,5,4,1,V2,3,1,5,2,2,2,0,3_5_fbios_PABUnityIAPiOSDefensiveBase,segment_tag_core_slot_prob_nu_29_06_var_a
70552,2026-04-14 08:14:18,3,1,5,attack,coin,shield,gold,1,false,25000,656524936681,95382,5,5,1,10,1,0,1,0,0,12013,20000,42,0,60.1,bonus_as10_gae1_no,107,700000,,,,"{""c8bff241"":""2718\/3500@m3"",""820004c2"":""2036\/2500@m7""}",61,33,24,13,19,14,6,2,2,26,10,8,3,7,8,1,1,0,2,1,0,false,NORMAL,0,0,0,V2,3,1,5,3,1,5,0,3_5_fbios_PABUnityIAPiOSDefensiveBase,segment_tag_core_slot_prob_nu_29_06_var_a
70553,2026-04-14 08:14:19,30,2,2,accumulation,goldSack,goldSack,gold,1,false,150000,656525086681,95381,5,5,1,10,0,0,0,0,1,12014,20000,42,1,60.1,bonus_as10_gae1_no,107,700000,,,,,62,33,24,13,19,15,6,2,2,27,10,8,3,7,9,1,1,0,3,7,8,false,BIG,6,5,1,V2,3,1,5,30,2,2,0,3_5_fbios_PABUnityIAPiOSDefensiveBase,segment_tag_core_slot_prob_nu_29_06_var_a
70554,2026-04-14 08:14:20,2,2,2,goldSack,goldSack,goldSack,gold,1,true,2000000,656527086681,95380,5,5,1,10,0,0,0,0,0,12014,20000,42,0,60.1,bonus_as10_gae1_no,107,700000,,,,,63,33,24,13,19,15,6,2,2,28,10,8,3,7,9,1,1,0,3,3,7,false,NORMAL,2,1,1,V2,3,1,5,2,2,2,0,3_5_fbios_PABUnityIAPiOSDefensiveBase,segment_tag_core_slot_prob_nu_29_06_var_a
70555,2026-04-14 08:14:21,1,4,5,coin,steal,shield,gold,1,false,25000,656527111681,95379,5,5,1,10,0,1,1,0,0,12014,20000,42,0,60.1,bonus_as10_gae1_no,107,700000,,,,"{""68171e9b"":""268\/5300@m8""}",64,33,25,14,19,15,6,2,2,29,10,9,4,7,9,1,1,0,2,4,5,false,NORMAL,3,2,1,V2,3,1,5,1,4,5,0,3_5_fbios_PABUnityIAPiOSDefensiveBase,segment_tag_core_slot_prob_nu_29_06_var_a
70556,2026-04-14 08:14:22,3,1,1,attack,coin,coin,gold,1,false,50000,656527161681,95378,5,5,1,10,1,0,0,0,0,12014,20000,42,0,60.1,bonus_as10_gae1_no,107,700000,,,,,65,34,25,14,19,15,6,2,2,30,11,9,4,7,9,1,1,0,1,5,0,false,SMALL,-2,-3,1,V2,3,1,5,3,1,1,0,3_5_fbios_PABUnityIAPiOSDefensiveBase,segment_tag_core_slot_prob_nu_29_06_var_a
70557,2026-04-14 08:14:23,4,6,2,steal,spins,goldSack,gold,1,false,100000,656527261681,95377,5,5,1,10,0,1,0,1,0,12014,20000,42,0,60.1,bonus_as10_gae1_no,107,700000,,,,,66,34,26,14,20,15,6,2,2,31,11,10,4,8,9,1,1,0,7,6,4,false,NORMAL,2,1,1,V2,3,1,5,4,6,2,0,3_5_fbios_PABUnityIAPiOSDefensiveBase,segment_tag_core_slot_prob_nu_29_06_var_a
70558,2026-04-14 08:14:23,1,1,1,coin,coin,coin,gold,1,true,250000,656527511681,95376,5,5,1,10,0,0,0,0,0,12014,20000,42,0,60.1,bonus_as10_gae1_no,107,700000,,,,,67,34,26,14,20,15,6,2,2,32,11,10,4,8,9,1,1,0,-1,-1,-1,false,,0,0,0,,-1,-1,-1,-1,-1,-1,0,3_5_fbios_PABUnityIAPiOSDefensiveBase,segment_tag_core_slot_prob_nu_29_06_var_a
70559,2026-04-14 08:14:24,2,2,2,goldSack,goldSack,goldSack,gold,1,true,2000000,656529511681,95375,5,5,1,10,0,0,0,0,0,12014,20000,42,0,60.1,bonus_as10_gae1_no,107,700000,,,,,68,34,26,14,20,15,6,2,2,33,11,10,4,8,9,1,1,0,3,7,3,false,BIG,6,5,1,V2,3,1,5,2,2,2,0,3_5_fbios_PABUnityIAPiOSDefensiveBase,segment_tag_core_slot_prob_nu_29_06_var_a
70560,2026-04-14 08:14:25,1,6,6,coin,spins,spins,gold,1,false,25000,656529536681,95374,5,5,1,10,0,0,0,2,0,12014,20000,42,0,60.1,bonus_as10_gae1_no,107,700000,,,,,69,34,26,14,22,15,6,2,2,34,11,10,4,10,9,1,1,0,6,6,1,false,MIN,-4,-2,-2,V2,3,1,5,1,6,6,0,3_5_fbios_PABUnityIAPiOSDefensiveBase,segment_tag_core_slot_prob_nu_29_06_var_a
70561,2026-04-14 08:14:26,3,3,2,attack,attack,goldSack,gold,1,false,100000,656529636681,95373,5,5,1,10,2,0,0,0,0,12014,20000,42,0,60.1,bonus_as10_gae1_no,107,700000,,,,,70,36,26,14,22,15,6,2,2,35,13,10,4,10,9,1,1,0,7,0,0,false,MIN,-4,-2,-2,V2,3,1,5,3,3,2,0,3_5_fbios_PABUnityIAPiOSDefensiveBase,segment_tag_core_slot_prob_nu_29_06_var_a
70562,2026-04-14 08:14:27,30,2,2,accumulation,goldSack,goldSack,gold,1,false,150000,656529786681,95372,5,5,1,10,0,0,0,0,1,12015,20000,42,1,60.1,bonus_as10_gae1_no,107,700000,,,,,71,36,26,14,22,16,6,2,2,36,13,10,4,10,10,1,1,0,7,7,8,false,BIG,7,9,-2,V2,3,1,5,30,2,2,0,3_5_fbios_PABUnityIAPiOSDefensiveBase,segment_tag_core_slot_prob_nu_29_06_var_a
70563,2026-04-14 08:14:28,5,5,5,shield,shield,shield,shield,3,true,1,656529786681,95372,5,5,1,10,0,0,3,0,0,12015,20000,42,0,60.1,bonus_as10_gae1_no,107,700000,,,,,72,36,26,17,22,16,6,2,3,37,13,10,7,10,10,1,1,1,2,2,2,false,SMALL,-1,-1,0,V2,3,1,5,5,5,5,0,3_5_fbios_PABUnityIAPiOSDefensiveBase,segment_tag_core_slot_prob_nu_29_06_var_a
70564,2026-04-14 08:14:29,1,1,1,coin,coin,coin,gold,1,true,250000,656530036681,95371,5,5,1,10,0,0,0,0,0,12015,20000,42,0,60.1,bonus_as10_gae1_no,107,700000,,,,"{""820004c2"":""2038\/2500@m7""}",73,36,26,17,22,16,6,2,3,38,13,10,7,10,10,1,1,1,1,1,5,false,NORMAL,0,-1,1,V2,3,1,5,1,1,1,0,3_5_fbios_PABUnityIAPiOSDefensiveBase,segment_tag_core_slot_prob_nu_29_06_var_a
70565,2026-04-14 08:14:30,1,1,1,coin,coin,coin,gold,1,true,250000,656530286681,95370,5,5,1,10,0,0,0,0,0,12015,20000,42,0,60.1,bonus_as10_gae1_no,107,700000,,,,"{""68171e9b"":""269\/5300@m8""}",74,36,26,17,22,16,6,2,3,39,13,10,7,10,10,1,1,1,5,1,1,false,MIN,-5,-4,-1,V2,3,1,5,1,1,1,0,3_5_fbios_PABUnityIAPiOSDefensiveBase,segment_tag_core_slot_prob_nu_29_06_var_a
70566,2026-04-14 08:14:30,5,5,5,shield,shield,shield,shield,3,true,1,656530286681,95370,5,5,1,10,0,0,3,0,0,12015,20000,42,0,60.1,bonus_as10_gae1_no,107,700000,,,,,75,36,26,20,22,16,6,2,4,40,13,10,10,10,10,1,1,2,2,2,2,false,SMALL,-2,-1,-1,V2,3,1,5,5,5,5,0,3_5_fbios_PABUnityIAPiOSDefensiveBase,segment_tag_core_slot_prob_nu_29_06_var_a
70567,2026-04-14 08:14:31,3,3,2,attack,attack,goldSack,gold,1,false,100000,656530386681,95369,5,5,1,10,2,0,0,0,0,12015,20000,42,0,60.1,bonus_as10_gae1_no,107,700000,,,,,76,38,26,20,22,16,6,2,4,41,15,10,10,10,10,1,1,2,3,0,0,false,SMALL,-2,-1,-1,V2,3,1,5,3,3,2,0,3_5_fbios_PABUnityIAPiOSDefensiveBase,segment_tag_core_slot_prob_nu_29_06_var_a
70568,2026-04-14 08:14:32,3,1,1,attack,coin,coin,gold,1,false,50000,656530436681,95368,5,5,1,10,1,0,0,0,0,12015,20000,42,0,60.1,bonus_as10_gae1_no,107,700000,,,,,77,39,26,20,22,16,6,2,4,42,16,10,10,10,10,1,1,2,-1,-1,-1,false,,0,0,0,,-1,-1,-1,-1,-1,-1,0,3_5_fbios_PABUnityIAPiOSDefensiveBase,segment_tag_core_slot_prob_nu_29_06_var_a
70569,2026-04-14 08:14:32,4,6,2,steal,spins,goldSack,gold,1,false,100000,656530536681,95367,5,5,1,10,0,1,0,1,0,12015,20000,42,0,60.1,bonus_as10_gae1_no,107,700000,,,,,78,39,27,20,23,16,6,2,4,43,16,11,10,11,10,1,1,2,3,6,4,false,NORMAL,3,2,1,V2,3,1,5,4,6,2,0,3_5_fbios_PABUnityIAPiOSDefensiveBase,segment_tag_core_slot_prob_nu_29_06_var_a
70570,2026-04-14 08:14:33,1,4,6,coin,steal,spins,gold,1,false,25000,656530561681,95366,5,5,1,10,0,1,0,1,0,12015,20000,42,0,60.1,bonus_as10_gae1_no,107,700000,,,,,79,39,28,20,24,16,6,2,4,44,16,12,10,12,10,1,1,2,6,4,1,false,MIN,-4,-3,-1,V2,3,1,5,1,4,6,0,3_5_fbios_PABUnityIAPiOSDefensiveBase,segment_tag_core_slot_prob_nu_29_06_var_a
70571,2026-04-14 08:14:34,4,6,2,steal,spins,goldSack,gold,1,false,100000,656530661681,95365,5,5,1,10,0,1,0,1,0,12015,20000,42,0,60.1,bonus_as10_gae1_no,107,700000,,,,"{""820004c2"":""2040\/2500@m7""}",80,39,29,20,25,16,6,2,4,45,16,13,10,13,10,1,1,2,3,6,4,false,NORMAL,3,2,1,V2,3,1,5,4,6,2,0,3_5_fbios_PABUnityIAPiOSDefensiveBase,segment_tag_core_slot_prob_nu_29_06_var_a
70572,2026-04-14 08:14:35,30,30,3,accumulation,accumulation,attack,gold,6,false,0,656530661681,95364,5,5,1,10,1,0,0,0,2,12017,20000,42,2,60.1,bonus_as10_gae1_no,107,700000,,,,,81,40,29,20,25,18,6,2,4,46,17,13,10,13,12,1,1,2,0,8,8,false,NORMAL,0,0,0,V2,3,1,5,30,30,3,0,3_5_fbios_PABUnityIAPiOSDefensiveBase,segment_tag_core_slot_prob_nu_29_06_var_a
70573,2026-04-14 08:14:36,30,2,2,accumulation,goldSack,goldSack,gold,1,false,150000,656530811681,95363,5,5,1,10,0,0,0,0,1,12018,20000,42,1,60.1,bonus_as10_gae1_no,107,700000,,,,"{""820004c2"":""2042\/2500@m7"",""68171e9b"":""270\/5300@m8""}",82,40,29,20,25,19,6,2,4,47,17,13,10,13,13,1,1,2,3,7,8,false,MAX,10,8,2,V2,3,1,5,30,2,2,0,3_5_fbios_PABUnityIAPiOSDefensiveBase,segment_tag_core_slot_prob_nu_29_06_var_a
70574,2026-04-14 08:14:37,30,2,2,accumulation,goldSack,goldSack,gold,1,false,150000,656530961681,95362,5,5,1,10,0,0,0,0,1,12019,20000,42,1,60.1,bonus_as10_gae1_no,107,700000,,,,,83,40,29,20,25,20,6,2,4,48,17,13,10,13,14,1,1,2,7,7,8,false,MAX,12,10,2,V2,3,1,5,30,2,2,0,3_5_fbios_PABUnityIAPiOSDefensiveBase,segment_tag_core_slot_prob_nu_29_06_var_a
70575,2026-04-14 08:14:45,30,2,2,accumulation,goldSack,goldSack,gold,1,false,60000000,656590961681,94962,5,5,400,10,0,0,0,0,1,12419,20000,42,400,62.1,bonus_as10_gae1_no,107,700000,,,,"{""c8bff241"":""18\/2700@m4""}",84,40,29,20,25,21,6,2,4,49,17,13,10,13,15,1,1,2,7,7,8,false,MAX,13,11,2,V2,3,1,5,30,2,2,0,3_5_fbios_PABUnityIAPiOSDefensiveBase,segment_tag_core_slot_prob_nu_29_06_var_a
70576,2026-04-14 08:14:48,3,3,2,attack,attack,goldSack,gold,1,false,150000000,656740961681,94462,5,5,1500,10,2,0,0,0,0,12419,20000,42,0,62.1,bonus_as10_gae1_no,107,700000,,,,,85,42,29,20,25,21,6,2,4,50,19,13,10,13,15,1,1,2,3,0,0,false,NORMAL,3,1,2,V2,3,1,5,3,3,2,0,3_5_fbios_PABUnityIAPiOSDefensiveBase,segment_tag_core_slot_prob_nu_29_06_var_a
70577,2026-04-14 08:14:50,30,2,2,accumulation,goldSack,goldSack,gold,1,false,225000000,656965961681,92962,5,5,1500,10,0,0,0,0,1,13919,20000,42,1500,69.6,bonus_as10_gae1_no,107,700000,,,,,86,42,29,20,25,22,6,2,4,51,19,13,10,13,16,1,1,2,7,7,8,false,MAX,11,8,3,V2,3,1,5,30,2,2,0,3_5_fbios_PABUnityIAPiOSDefensiveBase,segment_tag_core_slot_prob_nu_29_06_var_a
70578,2026-04-14 08:14:51,30,30,3,accumulation,accumulation,attack,gold,6,false,0,656965961681,91462,5,5,1500,10,1,0,0,0,2,16919,20000,42,3000,84.6,bonus_as10_gae1_no,107,700000,,,,,87,43,29,20,25,24,6,2,4,52,20,13,10,13,18,1,1,2,0,8,8,false,BIG,6,2,4,V2,3,1,5,30,30,3,0,3_5_fbios_PABUnityIAPiOSDefensiveBase,segment_tag_core_slot_prob_nu_29_06_var_a
70579,2026-04-14 08:14:54,4,4,4,steal,steal,steal,steal,4,true,0,656965961681,89962,5,5,1500,10,0,3,0,0,0,16919,20000,42,0,84.6,bonus_as10_gae1_no,107,700000,,,,,88,43,32,20,25,24,6,3,4,53,20,16,10,13,18,1,2,2,4,4,4,false,NORMAL,0,-5,5,V2,3,1,5,4,4,4,0,3_5_fbios_PABUnityIAPiOSDefensiveBase,segment_tag_core_slot_prob_nu_29_06_var_a
70580,2026-04-14 08:15:04,30,2,2,accumulation,goldSack,goldSack,gold,1,false,7500000,833798461681,90712,5,5,50,10,0,0,0,0,1,16969,20000,42,50,84.8,bonus_as10_gae1_no,107,700000,,,,"{""68171e9b"":""320\/5300@m8""}",89,43,32,20,25,25,6,3,4,54,20,16,10,13,19,1,2,2,7,3,8,false,MAX,13,7,6,V2,3,1,5,30,2,2,0,3_5_fbios_PABUnityIAPiOSDefensiveBase,segment_tag_core_slot_prob_nu_29_06_var_a
70581,2026-04-14 08:15:07,30,30,30,accumulation,accumulation,accumulation,gold,10,true,0,833798461681,89212,5,5,1500,10,0,0,0,0,3,10544,30000,47,0,35.1,bonus_as10_gae1_no,107,700000,,,,,90,43,32,20,25,28,6,3,4,55,20,16,10,13,22,1,2,2,8,8,8,true,BIG,6,3,3,V2,3,1,5,30,30,30,0,3_5_fbios_PABUnityIAPiOSDefensiveBase,segment_tag_core_slot_prob_nu_29_06_var_a
70582,2026-04-14 08:15:15,30,30,1,accumulation,accumulation,coin,gold,1,false,25000,834798486681,133211,5,5,1,10,0,0,0,0,2,10546,30000,47,2,35.2,bonus_as10_gae1_no,107,700000,,,,,1,0,0,0,0,2,0,0,0,56,20,16,10,13,24,1,2,2,1,8,8,false,BIG,5,2,3,V2,3,1,5,30,30,1,0,3_5_fbios_PABUnityIAPiOSDefensiveBase,segment_tag_core_slot_prob_nu_29_06_var_a
70583,2026-04-14 08:15:16,3,1,5,attack,coin,shield,gold,1,false,25000,834798511681,133210,5,5,1,10,1,0,1,0,0,10546,30000,47,0,35.2,bonus_as10_gae1_no,107,700000,,,,,2,1,0,1,0,2,0,0,0,57,21,16,11,13,24,1,2,2,2,1,0,false,NORMAL,2,-1,3,V2,3,1,5,3,1,5,0,3_5_fbios_PABUnityIAPiOSDefensiveBase,segment_tag_core_slot_prob_nu_29_06_var_a
70584,2026-04-14 08:15:16,2,2,2,goldSack,goldSack,goldSack,gold,1,true,2000000,834800511681,133209,5,5,1,10,0,0,0,0,0,10546,30000,47,0,35.2,bonus_as10_gae1_no,107,700000,,,,,3,1,0,1,0,2,0,0,0,58,21,16,11,13,24,1,2,2,3,7,3,false,BIG,7,4,3,V2,3,1,5,2,2,2,0,3_5_fbios_PABUnityIAPiOSDefensiveBase,segment_tag_core_slot_prob_nu_29_06_var_a
70585,2026-04-14 08:15:17,3,3,2,attack,attack,goldSack,gold,1,false,100000,834800611681,133208,5,5,1,10,2,0,0,0,0,10546,30000,47,0,35.2,bonus_as10_gae1_no,107,700000,,,,,4,3,0,1,0,2,0,0,0,59,23,16,11,13,24,1,2,2,-1,-1,-1,false,,0,0,0,,-1,-1,-1,-1,-1,-1,0,3_5_fbios_PABUnityIAPiOSDefensiveBase,segment_tag_core_slot_prob_nu_29_06_var_a
70586,2026-04-14 08:15:18,30,30,1,accumulation,accumulation,coin,gold,1,false,25000,834800636681,133207,5,5,1,10,0,0,0,0,2,10548,30000,47,2,35.2,bonus_as10_gae1_no,107,700000,,,,,5,3,0,1,0,4,0,0,0,60,23,16,11,13,26,1,2,2,5,8,8,false,BIG,4,1,3,V2,3,1,5,30,30,1,0,3_5_fbios_PABUnityIAPiOSDefensiveBase,segment_tag_core_slot_prob_nu_29_06_var_a
70587,2026-04-14 08:15:19,30,2,2,accumulation,goldSack,goldSack,gold,1,false,150000,834800786681,133206,5,5,1,10,0,0,0,0,1,10549,30000,47,1,35.2,bonus_as10_gae1_no,107,700000,,,,"{""820004c2"":""2044\/2500@m7""}",6,3,0,1,0,5,0,0,0,61,23,16,11,13,27,1,2,2,7,7,8,false,MAX,11,9,2,V2,3,1,5,30,2,2,0,3_5_fbios_PABUnityIAPiOSDefensiveBase,segment_tag_core_slot_prob_nu_29_06_var_a
70588,2026-04-14 08:15:20,3,1,1,attack,coin,coin,gold,1,false,50000,834800836681,133205,5,5,1,10,1,0,0,0,0,10549,30000,47,0,35.2,bonus_as10_gae1_no,107,700000,,,,,7,4,0,1,0,5,0,0,0,62,24,16,11,13,27,1,2,2,5,5,0,false,SMALL,-2,-4,2,V2,3,1,5,3,1,1,0,3_5_fbios_PABUnityIAPiOSDefensiveBase,segment_tag_core_slot_prob_nu_29_06_var_a
70589,2026-04-14 08:15:21,3,4,2,attack,steal,goldSack,gold,1,false,100000,834800936681,133204,5,5,1,10,1,1,0,0,0,10549,30000,47,0,35.2,bonus_as10_gae1_no,107,700000,,,,,8,5,1,1,0,5,0,0,0,63,25,17,11,13,27,1,2,2,3,4,0,false,BIG,5,4,1,V2,3,1,5,3,4,2,0,3_5_fbios_PABUnityIAPiOSDefensiveBase,segment_tag_core_slot_prob_nu_29_06_var_a
70590,2026-04-14 08:15:22,5,5,5,shield,shield,shield,shield,3,true,1,834800936681,133204,5,5,1,10,0,0,3,0,0,10549,30000,47,0,35.2,bonus_as10_gae1_no,107,700000,,,,"{""68171e9b"":""321\/5300@m8""}",9,5,1,4,0,5,0,0,1,64,25,17,14,13,27,1,2,3,2,2,2,false,NORMAL,0,-1,1,V2,3,1,5,5,5,5,0,3_5_fbios_PABUnityIAPiOSDefensiveBase,segment_tag_core_slot_prob_nu_29_06_var_a
70591,2026-04-14 08:15:23,30,2,2,accumulation,goldSack,goldSack,gold,1,false,150000,834801086681,133203,5,5,1,10,0,0,0,0,1,10550,30000,47,1,35.2,bonus_as10_gae1_no,107,700000,,,,,10,5,1,4,0,6,0,0,1,65,25,17,14,13,28,1,2,3,7,3,8,false,BIG,6,5,1,V2,3,1,5,30,2,2,0,3_5_fbios_PABUnityIAPiOSDefensiveBase,segment_tag_core_slot_prob_nu_29_06_var_a
70592,2026-04-14 08:15:24,3,1,5,attack,coin,shield,gold,1,false,25000,834801111681,133202,5,5,1,10,1,0,1,0,0,10550,30000,47,0,35.2,bonus_as10_gae1_no,107,700000,,,,,11,6,1,5,0,6,0,0,1,66,26,17,15,13,28,1,2,3,2,5,0,false,SMALL,-1,-2,1,V2,3,1,5,3,1,5,0,3_5_fbios_PABUnityIAPiOSDefensiveBase,segment_tag_core_slot_prob_nu_29_06_var_a
70593,2026-04-14 08:15:25,4,4,4,steal,steal,steal,steal,4,true,0,834801111681,133201,5,5,1,10,0,3,0,0,0,10550,30000,47,0,35.2,bonus_as10_gae1_no,107,700000,,,,,12,6,4,5,0,6,0,1,1,67,26,20,15,13,28,1,3,3,4,4,4,false,MIN,-5,-6,1,V2,3,1,5,4,4,4,0,3_5_fbios_PABUnityIAPiOSDefensiveBase,segment_tag_core_slot_prob_nu_29_06_var_a
70594,2026-04-14 08:15:30,1,1,1,coin,coin,coin,gold,1,true,250000,834959953681,133200,5,5,1,10,0,0,0,0,0,10550,30000,47,0,35.2,bonus_as10_gae1_no,107,700000,,,,"{""820004c2"":""2046\/2500@m7""}",13,6,4,5,0,6,0,1,1,68,26,20,15,13,28,1,3,3,5,1,5,false,NORMAL,1,0,1,V2,3,1,5,1,1,1,0,3_5_fbios_PABUnityIAPiOSDefensiveBase,segment_tag_core_slot_prob_nu_29_06_var_a
70595,2026-04-14 08:15:31,5,5,5,shield,shield,shield,shield,3,true,1,834959953681,133200,5,5,1,10,0,0,3,0,0,10550,30000,47,0,35.2,bonus_as10_gae1_no,107,700000,,,,,14,6,4,8,0,6,0,1,2,69,26,20,18,13,28,1,3,4,2,2,2,false,NORMAL,1,0,1,V2,3,1,5,5,5,5,0,3_5_fbios_PABUnityIAPiOSDefensiveBase,segment_tag_core_slot_prob_nu_29_06_var_a
70596,2026-04-14 08:15:32,3,5,2,attack,shield,goldSack,gold,1,false,100000,834960053681,133199,5,5,1,10,1,0,1,0,0,10550,30000,47,0,35.2,bonus_as10_gae1_no,107,700000,,,,,15,7,4,9,0,6,0,1,2,70,27,20,19,13,28,1,3,4,7,2,0,false,MIN,-3,-4,1,V2,3,1,5,3,5,2,0,3_5_fbios_PABUnityIAPiOSDefensiveBase,segment_tag_core_slot_prob_nu_29_06_var_a
70597,2026-04-14 08:15:33,1,1,1,coin,coin,coin,gold,1,true,250000,834960303681,133198,5,5,1,10,0,0,0,0,0,10550,30000,47,0,35.2,bonus_as10_gae1_no,107,700000,,,,,16,7,4,9,0,6,0,1,2,71,27,20,19,13,28,1,3,4,5,5,5,false,SMALL,-1,-2,1,V2,3,1,5,1,1,1,0,3_5_fbios_PABUnityIAPiOSDefensiveBase,segment_tag_core_slot_prob_nu_29_06_var_a
70598,2026-04-14 08:15:33,5,2,2,shield,goldSack,goldSack,gold,1,false,150000,834960453681,133197,5,5,1,10,0,0,1,0,0,10550,30000,47,0,35.2,bonus_as10_gae1_no,107,700000,,,,,17,7,4,10,0,6,0,1,2,72,27,20,20,13,28,1,3,4,7,3,2,false,BIG,5,4,1,V2,3,1,5,5,2,2,0,3_5_fbios_PABUnityIAPiOSDefensiveBase,segment_tag_core_slot_prob_nu_29_06_var_a
70599,2026-04-14 08:15:34,1,1,4,coin,coin,steal,gold,1,false,50000,834960503681,133196,5,5,1,10,0,1,0,0,0,10550,30000,47,0,35.2,bonus_as10_gae1_no,107,700000,,,,,18,7,5,10,0,6,0,1,2,73,27,21,20,13,28,1,3,4,4,1,5,false,NORMAL,1,0,1,V2,3,1,5,1,1,4,0,3_5_fbios_PABUnityIAPiOSDefensiveBase,segment_tag_core_slot_prob_nu_29_06_var_a
70600,2026-04-14 08:15:35,30,30,2,accumulation,accumulation,goldSack,gold,1,false,100000,834960603681,133195,5,5,1,10,0,0,0,0,2,10552,30000,47,2,35.2,bonus_as10_gae1_no,107,700000,,,,,19,7,5,10,0,8,0,1,2,74,27,21,20,13,30,1,3,4,3,8,8,false,NORMAL,3,2,1,V2,3,1,5,30,30,2,0,3_5_fbios_PABUnityIAPiOSDefensiveBase,segment_tag_core_slot_prob_nu_29_06_var_a
70601,2026-04-14 08:15:36,1,1,1,coin,coin,coin,gold,1,true,250000,834960853681,133194,5,5,1,10,0,0,0,0,0,10552,30000,47,0,35.2,bonus_as10_gae1_no,107,700000,,,,,20,7,5,10,0,8,0,1,2,75,27,21,20,13,30,1,3,4,5,1,5,false,NORMAL,2,1,1,V2,3,1,5,1,1,1,0,3_5_fbios_PABUnityIAPiOSDefensiveBase,segment_tag_core_slot_prob_nu_29_06_var_a
70602,2026-04-14 08:15:36,2,2,2,goldSack,goldSack,goldSack,gold,1,true,2000000,834962853681,133193,5,5,1,10,0,0,0,0,0,10552,30000,47,0,35.2,bonus_as10_gae1_no,107,700000,,,,"{""68171e9b"":""322\/5300@m8""}",21,7,5,10,0,8,0,1,2,76,27,21,20,13,30,1,3,4,7,3,3,false,BIG,6,5,1,V2,3,1,5,2,2,2,0,3_5_fbios_PABUnityIAPiOSDefensiveBase,segment_tag_core_slot_prob_nu_29_06_var_a
70603,2026-04-14 08:15:37,5,5,5,shield,shield,shield,shield,3,true,1,834962853681,133193,5,5,1,10,0,0,3,0,0,10552,30000,47,0,35.2,bonus_as10_gae1_no,107,700000,,,,,22,7,5,13,0,8,0,1,3,77,27,21,23,13,30,1,3,5,2,2,2,false,NORMAL,0,-1,1,V2,3,1,5,5,5,5,0,3_5_fbios_PABUnityIAPiOSDefensiveBase,segment_tag_core_slot_prob_nu_29_06_var_a
70604,2026-04-14 08:15:38,3,1,6,attack,coin,spins,gold,1,false,25000,834962878681,133192,5,5,1,10,1,0,0,1,0,10552,30000,47,0,35.2,bonus_as10_gae1_no,107,700000,,,,"{""c8bff241"":""20\/2700@m4""}",23,8,5,13,1,8,0,1,3,78,28,21,23,14,30,1,3,5,6,1,0,false,SMALL,-1,-2,1,V2,3,1,5,3,1,6,0,3_5_fbios_PABUnityIAPiOSDefensiveBase,segment_tag_core_slot_prob_nu_29_06_var_a
70605,2026-04-14 08:15:39,1,6,6,coin,spins,spins,gold,1,false,25000,834962903681,133191,5,5,1,10,0,0,0,2,0,10552,30000,47,0,35.2,bonus_as10_gae1_no,107,700000,,,,"{""820004c2"":""2048\/2500@m7""}",24,8,5,13,3,8,0,1,3,79,28,21,23,16,30,1,3,5,6,6,1,false,MIN,-4,-2,-2,V2,3,1,5,1,6,6,0,3_5_fbios_PABUnityIAPiOSDefensiveBase,segment_tag_core_slot_prob_nu_29_06_var_a
70606,2026-04-14 08:15:40,2,2,2,goldSack,goldSack,goldSack,gold,1,true,2000000,834964903681,133190,5,5,1,10,0,0,0,0,0,10552,30000,47,0,35.2,bonus_as10_gae1_no,107,700000,,,,,25,8,5,13,3,8,0,1,3,80,28,21,23,16,30,1,3,5,7,3,3,false,NORMAL,3,5,-2,V2,3,1,5,2,2,2,0,3_5_fbios_PABUnityIAPiOSDefensiveBase,segment_tag_core_slot_prob_nu_29_06_var_a
70607,2026-04-14 08:15:40,3,1,6,attack,coin,spins,gold,1,false,25000,834964928681,133189,5,5,1,10,1,0,0,1,0,10552,30000,47,0,35.2,bonus_as10_gae1_no,107,700000,,,,"{""68171e9b"":""323\/5300@m8""}",26,9,5,13,4,8,0,1,3,81,29,21,23,17,30,1,3,5,6,5,0,false,MIN,-5,-3,-2,V2,3,1,5,3,1,6,0,3_5_fbios_PABUnityIAPiOSDefensiveBase,segment_tag_core_slot_prob_nu_29_06_var_a
70608,2026-04-14 08:15:41,1,1,1,coin,coin,coin,gold,1,true,250000,834965178681,133188,5,5,1,10,0,0,0,0,0,10552,30000,47,0,35.2,bonus_as10_gae1_no,107,700000,,,,,27,9,5,13,4,8,0,1,3,82,29,21,23,17,30,1,3,5,5,5,5,false,SMALL,-2,-2,0,V2,3,1,5,1,1,1,0,3_5_fbios_PABUnityIAPiOSDefensiveBase,segment_tag_core_slot_prob_nu_29_06_var_a
70609,2026-04-14 08:15:42,3,4,2,attack,steal,goldSack,gold,1,false,100000,834965278681,133187,5,5,1,10,1,1,0,0,0,10552,30000,47,0,35.2,bonus_as10_gae1_no,107,700000,,,,,28,10,6,13,4,8,0,1,3,83,30,22,23,17,30,1,3,5,7,4,0,false,SMALL,-1,-1,0,V2,3,1,5,3,4,2,0,3_5_fbios_PABUnityIAPiOSDefensiveBase,segment_tag_core_slot_prob_nu_29_06_var_a
70610,2026-04-14 08:15:43,3,3,3,attack,attack,attack,attack,2,true,0,834965278681,133186,5,5,1,10,3,0,0,0,0,10552,30000,47,0,35.2,bonus_as10_gae1_no,107,700000,,,,,29,13,6,13,4,8,1,1,3,84,33,22,23,17,30,2,3,5,0,0,0,false,SMALL,-1,-1,0,V2,3,1,5,3,3,3,0,3_5_fbios_PABUnityIAPiOSDefensiveBase,segment_tag_core_slot_prob_nu_29_06_var_a
70611,2026-04-14 08:15:46,3,3,2,attack,attack,goldSack,gold,1,false,100000,834991378681,133185,5,5,1,10,2,0,0,0,0,10552,30000,47,0,35.2,bonus_as10_gae1_no,107,700000,,,,,30,15,6,13,4,8,1,1,3,85,35,22,23,17,30,2,3,5,3,0,0,false,NORMAL,2,2,0,V2,3,1,5,3,3,2,0,3_5_fbios_PABUnityIAPiOSDefensiveBase,segment_tag_core_slot_prob_nu_29_06_var_a
70612,2026-04-14 08:15:47,2,2,2,goldSack,goldSack,goldSack,gold,1,true,2000000,834993378681,133184,5,5,1,10,0,0,0,0,0,10552,30000,47,0,35.2,bonus_as10_gae1_no,107,700000,,,,,31,15,6,13,4,8,1,1,3,86,35,22,23,17,30,2,3,5,7,3,3,false,BIG,5,5,0,V2,3,1,5,2,2,2,0,3_5_fbios_PABUnityIAPiOSDefensiveBase,segment_tag_core_slot_prob_nu_29_06_var_a
70613,2026-04-14 08:15:48,4,4,4,steal,steal,steal,steal,4,true,0,834993378681,133183,5,5,1,10,0,3,0,0,0,10552,30000,47,0,35.2,bonus_as10_gae1_no,107,700000,,,,"{""820004c2"":""2050\/2500@m7""}",32,15,9,13,4,8,1,2,3,87,35,25,23,17,30,2,4,5,4,4,4,false,MIN,-5,-5,0,V2,3,1,5,4,4,4,0,3_5_fbios_PABUnityIAPiOSDefensiveBase,segment_tag_core_slot_prob_nu_29_06_var_a
70614,2026-04-14 08:15:53,1,4,4,coin,steal,steal,gold,1,false,25000,835228711681,133182,5,5,1,10,0,2,0,0,0,10552,30000,47,0,35.2,bonus_as10_gae1_no,107,700000,,,,,33,15,11,13,4,8,1,2,3,88,35,27,23,17,30,2,4,5,4,4,5,false,NORMAL,1,1,0,V2,3,1,5,1,4,4,0,3_5_fbios_PABUnityIAPiOSDefensiveBase,segment_tag_core_slot_prob_nu_29_06_var_a
70615,2026-04-14 08:15:54,3,3,3,attack,attack,attack,attack,2,true,0,835228711681,133181,5,5,1,10,3,0,0,0,0,10552,30000,47,0,35.2,bonus_as10_gae1_no,107,700000,,,,"{""c8bff241"":""22\/2700@m4"",""68171e9b"":""324\/5300@m8""}",34,18,11,13,4,8,2,2,3,89,38,27,23,17,30,3,4,5,0,0,0,false,NORMAL,0,-1,1,V2,3,1,5,3,3,3,0,3_5_fbios_PABUnityIAPiOSDefensiveBase,segment_tag_core_slot_prob_nu_29_06_var_a
70616,2026-04-14 08:15:58,30,2,2,accumulation,goldSack,goldSack,gold,1,false,150000,835237441681,133180,5,5,1,10,0,0,0,0,1,10553,30000,47,1,35.2,bonus_as10_gae1_no,107,700000,,,,,35,18,11,13,4,9,2,2,3,90,38,27,23,17,31,3,4,5,7,3,8,false,MAX,9,7,2,V2,3,1,5,30,2,2,0,3_5_fbios_PABUnityIAPiOSDefensiveBase,segment_tag_core_slot_prob_nu_29_06_var_a
70617,2026-04-14 08:15:59,30,2,2,accumulation,goldSack,goldSack,gold,1,false,150000,835237591681,133179,5,5,1,10,0,0,0,0,1,10554,30000,47,1,35.2,bonus_as10_gae1_no,107,700000,,,,"{""820004c2"":""2052\/2500@m7""}",36,18,11,13,4,10,2,2,3,91,38,27,23,17,32,3,4,5,3,7,8,false,MAX,9,7,2,V2,3,1,5,30,2,2,0,3_5_fbios_PABUnityIAPiOSDefensiveBase,segment_tag_core_slot_prob_nu_29_06_var_a
70618,2026-04-14 08:16:03,1,1,4,coin,coin,steal,gold,1,false,50000,835237641681,133178,5,5,1,10,0,1,0,0,0,10554,30000,47,0,35.2,bonus_as10_gae1_no,107,700000,,,,,37,18,12,13,4,10,2,2,3,92,38,28,23,17,32,3,4,5,4,5,1,false,MIN,-7,-6,-1,V2,3,1,5,1,1,4,0,3_5_fbios_PABUnityIAPiOSDefensiveBase,segment_tag_core_slot_prob_nu_29_06_var_a
70619,2026-04-14 08:16:04,3,3,3,attack,attack,attack,attack,2,true,0,835237641681,133177,5,5,1,10,3,0,0,0,0,10554,30000,47,0,35.2,bonus_as10_gae1_no,107,700000,,,,,38,21,12,13,4,10,3,2,3,93,41,28,23,17,32,4,4,5,0,0,0,false,MIN,-3,-2,-1,V2,3,1,5,3,3,3,0,3_5_fbios_PABUnityIAPiOSDefensiveBase,segment_tag_core_slot_prob_nu_29_06_var_a
70620,2026-04-14 08:16:08,3,3,3,attack,attack,attack,attack,2,true,0,835246221681,133176,5,5,1,10,3,0,0,0,0,10554,30000,47,0,35.2,bonus_as10_gae1_no,107,700000,,,,"{""820004c2"":""2054\/2500@m7""}",39,24,12,13,4,10,4,2,3,94,44,28,23,17,32,5,4,5,0,0,0,false,SMALL,-1,0,-1,V2,3,1,5,3,3,3,0,3_5_fbios_PABUnityIAPiOSDefensiveBase,segment_tag_core_slot_prob_nu_29_06_var_a
70621,2026-04-14 08:16:11,3,1,6,attack,coin,spins,gold,1,false,25000,835254826681,133175,5,5,1,10,1,0,0,1,0,10554,30000,47,0,35.2,bonus_as10_gae1_no,107,700000,,,,"{""68171e9b"":""325\/5300@m8""}",40,25,12,13,5,10,4,2,3,95,45,28,23,18,32,5,4,5,6,5,0,false,SMALL,-1,-2,1,V2,3,1,5,3,1,6,0,3_5_fbios_PABUnityIAPiOSDefensiveBase,segment_tag_core_slot_prob_nu_29_06_var_a
70622,2026-04-14 08:16:12,4,4,4,steal,steal,steal,steal,4,true,0,835254826681,133174,5,5,1,10,0,3,0,0,0,10554,30000,47,0,35.2,bonus_as10_gae1_no,107,700000,,,,,41,25,15,13,5,10,4,3,3,96,45,31,23,18,32,5,5,5,4,4,4,false,SMALL,-2,-5,3,V2,3,1,5,4,4,4,0,3_5_fbios_PABUnityIAPiOSDefensiveBase,segment_tag_core_slot_prob_nu_29_06_var_a
70623,2026-04-14 08:16:19,3,1,6,attack,coin,spins,gold,1,false,25000,835306433681,133173,5,5,1,10,1,0,0,1,0,10554,30000,47,0,35.2,bonus_as10_gae1_no,107,700000,,,,,42,26,15,13,6,10,4,3,3,97,46,31,23,19,32,5,5,5,6,5,0,false,SMALL,-2,-3,1,V2,3,1,5,3,1,6,0,3_5_fbios_PABUnityIAPiOSDefensiveBase,segment_tag_core_slot_prob_nu_29_06_var_a
70624,2026-04-14 08:16:19,3,3,3,attack,attack,attack,attack,2,true,0,835306433681,133172,5,5,1,10,3,0,0,0,0,10554,30000,47,0,35.2,bonus_as10_gae1_no,107,700000,,,,,43,29,15,13,6,10,5,3,3,98,49,31,23,19,32,6,5,5,-1,-1,-1,false,,0,0,0,,-1,-1,-1,-1,-1,-1,0,3_5_fbios_PABUnityIAPiOSDefensiveBase,segment_tag_core_slot_prob_nu_29_06_var_a
70625,2026-04-14 08:16:23,3,1,6,attack,coin,spins,gold,1,false,25000,835332458681,133171,5,5,1,10,1,0,0,1,0,10554,30000,47,0,35.2,bonus_as10_gae1_no,107,700000,,,,,44,30,15,13,7,10,5,3,3,99,50,31,23,20,32,6,5,5,6,1,0,false,BIG,4,3,1,V2,3,1,5,3,1,6,0,3_5_fbios_PABUnityIAPiOSDefensiveBase,segment_tag_core_slot_prob_nu_29_06_var_a
70626,2026-04-14 08:16:24,30,2,2,accumulation,goldSack,goldSack,gold,1,false,150000,835332608681,133170,5,5,1,10,0,0,0,0,1,10555,30000,47,1,35.2,bonus_as10_gae1_no,107,700000,,,,,45,30,15,13,7,11,5,3,3,100,50,31,23,20,33,6,5,5,7,3,8,false,MAX,8,7,1,V2,3,1,5,30,2,2,0,3_5_fbios_PABUnityIAPiOSDefensiveBase,segment_tag_core_slot_prob_nu_29_06_var_a
70627,2026-04-14 08:16:25,30,30,2,accumulation,accumulation,goldSack,gold,1,false,100000,835332708681,133169,5,5,1,10,0,0,0,0,2,10557,30000,47,2,35.2,bonus_as10_gae1_no,107,700000,,,,"{""c8bff241"":""24\/2700@m4""}",46,30,15,13,7,13,5,3,3,101,50,31,23,20,35,6,5,5,7,8,8,false,BIG,6,5,1,V2,3,1,5,30,30,2,0,3_5_fbios_PABUnityIAPiOSDefensiveBase,segment_tag_core_slot_prob_nu_29_06_var_a
70628,2026-04-14 08:16:32,30,2,2,accumulation,goldSack,goldSack,gold,1,false,60000000,835392708681,132769,5,5,400,10,0,0,0,0,1,10957,30000,47,400,36.5,bonus_as10_gae1_no,107,700000,,,,,47,30,15,13,7,14,5,3,3,102,50,31,23,20,36,6,5,5,7,7,8,false,MAX,11,10,1,V2,3,1,5,30,2,2,0,3_5_fbios_PABUnityIAPiOSDefensiveBase,segment_tag_core_slot_prob_nu_29_06_var_a
70629,2026-04-14 08:16:34,3,4,2,attack,steal,goldSack,gold,1,false,150000000,835542708681,131269,5,5,1500,10,1,1,0,0,0,10957,30000,47,0,36.5,bonus_as10_gae1_no,107,700000,,,,,48,31,16,13,7,14,5,3,3,103,51,32,23,20,36,6,5,5,7,4,0,false,NORMAL,2,0,2,V2,3,1,5,3,4,2,0,3_5_fbios_PABUnityIAPiOSDefensiveBase,segment_tag_core_slot_prob_nu_29_06_var_a
70630,2026-04-14 08:16:40,1,1,4,coin,coin,steal,gold,1,false,2500000,835545208681,131219,5,5,50,10,0,1,0,0,0,10957,30000,47,0,36.5,bonus_as10_gae1_no,107,700000,,,,,49,31,17,13,7,14,5,3,3,104,51,33,23,20,36,6,5,5,4,5,5,false,NORMAL,1,-1,2,V2,3,1,5,1,1,4,0,3_5_fbios_PABUnityIAPiOSDefensiveBase,segment_tag_core_slot_prob_nu_29_06_var_a
70631,2026-04-14 08:16:41,1,1,4,coin,coin,steal,gold,1,false,2500000,835547708681,131169,5,5,50,10,0,1,0,0,0,10957,30000,47,0,36.5,bonus_as10_gae1_no,107,700000,,,,"{""68171e9b"":""375\/5300@m8""}",50,31,18,13,7,14,5,3,3,105,51,34,23,20,36,6,5,5,4,1,5,false,BIG,6,4,2,V2,3,1,5,1,1,4,0,3_5_fbios_PABUnityIAPiOSDefensiveBase,segment_tag_core_slot_prob_nu_29_06_var_a
70632,2026-04-14 08:16:43,3,3,2,attack,attack,goldSack,gold,1,false,5000000,835552708681,131119,5,5,50,10,2,0,0,0,0,10957,30000,47,0,36.5,bonus_as10_gae1_no,107,700000,,,,,51,33,18,13,7,14,5,3,3,106,53,34,23,20,36,6,5,5,3,0,0,false,NORMAL,3,1,2,V2,3,1,5,3,3,2,0,3_5_fbios_PABUnityIAPiOSDefensiveBase,segment_tag_core_slot_prob_nu_29_06_var_a
70633,2026-04-14 08:16:44,2,2,2,goldSack,goldSack,goldSack,gold,1,true,100000000,835652708681,131069,5,5,50,10,0,0,0,0,0,10957,30000,47,0,36.5,bonus_as10_gae1_no,107,700000,,,,,52,33,18,13,7,14,5,3,3,107,53,34,23,20,36,6,5,5,3,7,7,false,BIG,5,4,1,V2,3,1,5,2,2,2,0,3_5_fbios_PABUnityIAPiOSDefensiveBase,segment_tag_core_slot_prob_nu_29_06_var_a
70634,2026-04-14 08:16:45,30,30,2,accumulation,accumulation,goldSack,gold,1,false,5000000,835657708681,131019,5,5,50,10,0,0,0,0,2,11057,30000,47,100,36.9,bonus_as10_gae1_no,107,700000,,,,,53,33,18,13,7,16,5,3,3,108,53,34,23,20,38,6,5,5,3,8,8,false,BIG,5,4,1,V2,3,1,5,30,30,2,0,3_5_fbios_PABUnityIAPiOSDefensiveBase,segment_tag_core_slot_prob_nu_29_06_var_a
70635,2026-04-14 08:16:47,5,5,5,shield,shield,shield,shield,3,true,50,835657708681,131019,5,5,50,10,0,0,3,0,0,11057,30000,47,0,36.9,bonus_as10_gae1_no,107,700000,,,,,54,33,18,16,7,16,5,3,4,109,53,34,26,20,38,6,5,6,2,2,2,false,SMALL,-1,-1,0,V2,3,1,5,5,5,5,0,3_5_fbios_PABUnityIAPiOSDefensiveBase,segment_tag_core_slot_prob_nu_29_06_var_a
70636,2026-04-14 08:16:48,5,5,5,shield,shield,shield,shield,3,true,50,835657708681,131019,5,5,50,10,0,0,3,0,0,11057,30000,47,0,36.9,bonus_as10_gae1_no,107,700000,,,,,55,33,18,19,7,16,5,3,5,110,53,34,29,20,38,6,5,7,2,2,2,false,SMALL,-1,-1,0,V2,3,1,5,5,5,5,0,3_5_fbios_PABUnityIAPiOSDefensiveBase,segment_tag_core_slot_prob_nu_29_06_var_a
70637,2026-04-14 08:16:49,1,1,4,coin,coin,steal,gold,1,false,2500000,835660208681,130969,5,5,50,10,0,1,0,0,0,11057,30000,47,0,36.9,bonus_as10_gae1_no,107,700000,,,,,56,33,19,19,7,16,5,3,5,111,53,35,29,20,38,6,5,7,4,1,1,false,MIN,-7,-4,-3,V2,3,1,5,1,1,4,0,3_5_fbios_PABUnityIAPiOSDefensiveBase,segment_tag_core_slot_prob_nu_29_06_var_a
70638,2026-04-14 08:16:51,30,2,2,accumulation,goldSack,goldSack,gold,1,false,7500000,835667708681,130919,5,5,50,10,0,0,0,0,1,11107,30000,47,50,37.0,bonus_as10_gae1_no,107,700000,,,,"{""68171e9b"":""425\/5300@m8""}",57,33,19,19,7,17,5,3,5,112,53,35,29,20,39,6,5,7,7,7,8,false,BIG,5,8,-3,V2,3,1,5,30,2,2,0,3_5_fbios_PABUnityIAPiOSDefensiveBase,segment_tag_core_slot_prob_nu_29_06_var_a
70639,2026-04-14 08:16:52,1,1,1,coin,coin,coin,gold,1,true,12500000,835680208681,130869,5,5,50,10,0,0,0,0,0,11107,30000,47,0,37.0,bonus_as10_gae1_no,107,700000,,,,"{""820004c2"":""2154\/2500@m7""}",58,33,19,19,7,17,5,3,5,113,53,35,29,20,39,6,5,7,1,5,1,false,MIN,-10,-7,-3,V2,3,1,5,1,1,1,0,3_5_fbios_PABUnityIAPiOSDefensiveBase,segment_tag_core_slot_prob_nu_29_06_var_a
70640,2026-04-14 08:16:54,30,30,2,accumulation,accumulation,goldSack,gold,1,false,5000000,835685208681,130819,5,5,50,10,0,0,0,0,2,11207,30000,47,100,37.4,bonus_as10_gae1_no,107,700000,,,,,59,33,19,19,7,19,5,3,5,114,53,35,29,20,41,6,5,7,3,8,8,false,SMALL,-1,2,-3,V2,3,1,5,30,30,2,0,3_5_fbios_PABUnityIAPiOSDefensiveBase,segment_tag_core_slot_prob_nu_29_06_var_a
70641,2026-04-14 08:16:56,30,2,2,accumulation,goldSack,goldSack,gold,1,false,60000000,835745208681,130419,5,5,400,10,0,0,0,0,1,11607,30000,47,400,38.7,bonus_as10_gae1_no,107,700000,,,,,60,33,19,19,7,20,5,3,5,115,53,35,29,20,42,6,5,7,3,7,8,false,BIG,5,8,-3,V2,3,1,5,30,2,2,0,3_5_fbios_PABUnityIAPiOSDefensiveBase,segment_tag_core_slot_prob_nu_29_06_var_a
70642,2026-04-14 08:16:57,30,2,2,accumulation,goldSack,goldSack,gold,1,false,60000000,835805208681,130019,5,5,400,10,0,0,0,0,1,12007,30000,47,400,40.0,bonus_as10_gae1_no,107,700000,,,,"{""c8bff241"":""824\/2700@m4""}",61,33,19,19,7,21,5,3,5,116,53,35,29,20,43,6,5,7,3,3,8,false,BIG,6,7,-1,V2,3,1,5,30,2,2,0,3_5_fbios_PABUnityIAPiOSDefensiveBase,segment_tag_core_slot_prob_nu_29_06_var_a
70643,2026-04-14 08:16:59,30,30,30,accumulation,accumulation,accumulation,gold,10,true,0,835805208681,129619,5,5,400,10,0,0,0,0,3,16007,30000,47,4000,53.4,bonus_as10_gae1_no,107,700000,,,,,62,33,19,19,7,24,5,3,5,117,53,35,29,20,46,6,5,7,8,8,8,true,NORMAL,1,2,-1,V2,3,1,5,30,30,30,0,3_5_fbios_PABUnityIAPiOSDefensiveBase,segment_tag_core_slot_prob_nu_29_06_var_a
70644,2026-04-14 08:17:03,3,1,5,attack,coin,shield,gold,1,false,25000,835805233681,129618,5,5,1,10,1,0,1,0,0,16007,30000,47,0,53.4,bonus_as10_gae1_no,107,700000,,,,,1,1,0,1,0,0,0,0,0,118,54,35,30,20,46,6,5,7,2,1,0,false,SMALL,-1,0,-1,V2,3,1,5,3,1,5,0,3_5_fbios_PABUnityIAPiOSDefensiveBase,segment_tag_core_slot_prob_nu_29_06_var_a
70645,2026-04-14 08:17:04,2,2,2,goldSack,goldSack,goldSack,gold,1,true,2000000,835807233681,129617,5,5,1,10,0,0,0,0,0,16007,30000,47,0,53.4,bonus_as10_gae1_no,107,700000,,,,,2,1,0,1,0,0,0,0,0,119,54,35,30,20,46,6,5,7,-1,-1,-1,false,,0,0,0,,-1,-1,-1,-1,-1,-1,0,3_5_fbios_PABUnityIAPiOSDefensiveBase,segment_tag_core_slot_prob_nu_29_06_var_a
70646,2026-04-14 08:17:05,1,1,4,coin,coin,steal,gold,1,false,50000,835807283681,129616,5,5,1,10,0,1,0,0,0,16007,30000,47,0,53.4,bonus_as10_gae1_no,107,700000,,,,,3,1,1,1,0,0,0,0,0,120,54,36,30,20,46,6,5,7,4,1,5,false,SMALL,-2,-1,-1,V2,3,1,5,1,1,4,0,3_5_fbios_PABUnityIAPiOSDefensiveBase,segment_tag_core_slot_prob_nu_29_06_var_a
70647,2026-04-14 08:17:05,3,1,6,attack,coin,spins,gold,1,false,25000,835807308681,129615,5,5,1,10,1,0,0,1,0,16007,30000,47,0,53.4,bonus_as10_gae1_no,107,700000,,,,,4,2,1,1,1,0,0,0,0,121,55,36,30,21,46,6,5,7,6,5,0,false,MIN,-4,-3,-1,V2,3,1,5,3,1,6,0,3_5_fbios_PABUnityIAPiOSDefensiveBase,segment_tag_core_slot_prob_nu_29_06_var_a
70648,2026-04-14 08:17:06,1,1,4,coin,coin,steal,gold,1,false,50000,835807358681,129614,5,5,1,10,0,1,0,0,0,16007,30000,47,0,53.4,bonus_as10_gae1_no,107,700000,,,,"{""68171e9b"":""426\/5300@m8""}",5,2,2,1,1,0,0,0,0,122,55,37,30,21,46,6,5,7,-1,-1,-1,false,,0,0,0,,-1,-1,-1,-1,-1,-1,0,3_5_fbios_PABUnityIAPiOSDefensiveBase,segment_tag_core_slot_prob_nu_29_06_var_a
70649,2026-04-14 08:17:07,4,6,2,steal,spins,goldSack,gold,1,false,100000,835807458681,129613,5,5,1,10,0,1,0,1,0,16007,30000,47,0,53.4,bonus_as10_gae1_no,107,700000,,,,,6,2,3,1,2,0,0,0,0,123,55,38,30,22,46,6,5,7,3,6,4,false,NORMAL,1,1,0,V2,3,1,5,4,6,2,0,3_5_fbios_PABUnityIAPiOSDefensiveBase,segment_tag_core_slot_prob_nu_29_06_var_a
70650,2026-04-14 08:17:08,30,2,2,accumulation,goldSack,goldSack,gold,1,false,150000,835807608681,129612,5,5,1,10,0,0,0,0,1,16008,30000,47,1,53.4,bonus_as10_gae1_no,107,700000,,,,,7,2,3,1,2,1,0,0,0,124,55,38,30,22,47,6,5,7,-1,-1,-1,false,,0,0,0,,-1,-1,-1,-1,-1,-1,0,3_5_fbios_PABUnityIAPiOSDefensiveBase,segment_tag_core_slot_prob_nu_29_06_var_a
70651,2026-04-14 08:17:09,2,2,2,goldSack,goldSack,goldSack,gold,1,true,2000000,835809608681,129611,5,5,1,10,0,0,0,0,0,16008,30000,47,0,53.4,bonus_as10_gae1_no,107,700000,,,,"{""820004c2"":""2156\/2500@m7""}",8,2,3,1,2,1,0,0,0,125,55,38,30,22,47,6,5,7,3,3,3,false,BIG,4,4,0,V2,3,1,5,2,2,2,0,3_5_fbios_PABUnityIAPiOSDefensiveBase,segment_tag_core_slot_prob_nu_29_06_var_a
70652,2026-04-14 08:17:10,2,2,2,goldSack,goldSack,goldSack,gold,1,true,2000000,835811608681,129610,5,5,1,10,0,0,0,0,0,16008,30000,47,0,53.4,bonus_as10_gae1_no,107,700000,,,,,9,2,3,1,2,1,0,0,0,126,55,38,30,22,47,6,5,7,3,3,7,false,NORMAL,3,2,1,V2,3,1,5,2,2,2,0,3_5_fbios_PABUnityIAPiOSDefensiveBase,segment_tag_core_slot_prob_nu_29_06_var_a
70653,2026-04-14 08:17:10,3,1,6,attack,coin,spins,gold,1,false,25000,835811633681,129609,5,5,1,10,1,0,0,1,0,16008,30000,47,0,53.4,bonus_as10_gae1_no,107,700000,,,,,10,3,3,1,3,1,0,0,0,127,56,38,30,23,47,6,5,7,6,5,0,false,SMALL,-2,-3,1,V2,3,1,5,3,1,6,0,3_5_fbios_PABUnityIAPiOSDefensiveBase,segment_tag_core_slot_prob_nu_29_06_var_a
70654,2026-04-14 08:17:11,3,3,2,attack,attack,goldSack,gold,1,false,100000,835811733681,129608,5,5,1,10,2,0,0,0,0,16008,30000,47,0,53.4,bonus_as10_gae1_no,107,700000,,,,"{""68171e9b"":""427\/5300@m8""}",11,5,3,1,3,1,0,0,0,128,58,38,30,23,47,6,5,7,-1,-1,-1,false,,0,0,0,,-1,-1,-1,-1,-1,-1,0,3_5_fbios_PABUnityIAPiOSDefensiveBase,segment_tag_core_slot_prob_nu_29_06_var_a
70655,2026-04-14 08:17:12,4,4,4,steal,steal,steal,steal,4,true,0,835811733681,129607,5,5,1,10,0,3,0,0,0,16008,30000,47,0,53.4,bonus_as10_gae1_no,107,700000,,,,,12,5,6,1,3,1,0,1,0,129,58,41,30,23,47,6,6,7,4,4,4,false,SMALL,-2,-5,3,V2,3,1,5,4,4,4,0,3_5_fbios_PABUnityIAPiOSDefensiveBase,segment_tag_core_slot_prob_nu_29_06_var_a
70656,2026-04-14 08:17:18,1,1,4,coin,coin,steal,gold,1,false,50000,835849149681,129606,5,5,1,10,0,1,0,0,0,16008,30000,47,0,53.4,bonus_as10_gae1_no,107,700000,,,,,13,5,7,1,3,1,0,1,0,130,58,42,30,23,47,6,6,7,4,1,5,false,BIG,5,2,3,V2,3,1,5,1,1,4,0,3_5_fbios_PABUnityIAPiOSDefensiveBase,segment_tag_core_slot_prob_nu_29_06_var_a
70657,2026-04-14 08:17:19,30,2,2,accumulation,goldSack,goldSack,gold,1,false,150000,835849299681,129605,5,5,1,10,0,0,0,0,1,16009,30000,47,1,53.4,bonus_as10_gae1_no,107,700000,,,,,14,5,7,1,3,2,0,1,0,131,58,42,30,23,48,6,6,7,7,3,8,false,MAX,11,8,3,V2,3,1,5,30,2,2,0,3_5_fbios_PABUnityIAPiOSDefensiveBase,segment_tag_core_slot_prob_nu_29_06_var_a
70658,2026-04-14 08:17:20,30,2,2,accumulation,goldSack,goldSack,gold,1,false,150000,835849449681,129604,5,5,1,10,0,0,0,0,1,16010,30000,47,1,53.4,bonus_as10_gae1_no,107,700000,,,,,15,5,7,1,3,3,0,1,0,132,58,42,30,23,49,6,6,7,7,3,8,false,MAX,12,9,3,V2,3,1,5,30,2,2,0,3_5_fbios_PABUnityIAPiOSDefensiveBase,segment_tag_core_slot_prob_nu_29_06_var_a
70659,2026-04-14 08:17:22,1,1,1,coin,coin,coin,gold,1,true,250000,835849699681,129603,5,5,1,10,0,0,0,0,0,16010,30000,47,0,53.4,bonus_as10_gae1_no,107,700000,,,,"{""820004c2"":""2158\/2500@m7""}",16,5,7,1,3,3,0,1,0,133,58,42,30,23,49,6,6,7,5,5,5,false,NORMAL,2,-1,3,V2,3,1,5,1,1,1,0,3_5_fbios_PABUnityIAPiOSDefensiveBase,segment_tag_core_slot_prob_nu_29_06_var_a
70660,2026-04-14 08:17:23,6,6,6,spins,spins,spins,spins,5,true,10,835849699681,129612,5,5,1,10,0,0,0,3,0,16010,30000,47,0,53.4,bonus_as10_gae1_no,107,700000,,,,,17,5,7,1,6,3,0,1,0,134,58,42,30,26,49,6,6,7,6,6,6,true,NORMAL,3,0,3,V2,3,1,5,6,6,6,0,3_5_fbios_PABUnityIAPiOSDefensiveBase,segment_tag_core_slot_prob_nu_29_06_var_a
70661,2026-04-14 08:17:24,30,30,2,accumulation,accumulation,goldSack,gold,1,false,100000,835849799681,129611,5,5,1,10,0,0,0,0,2,16012,30000,47,2,53.4,bonus_as10_gae1_no,107,700000,,,,,18,5,7,1,6,5,0,1,0,1,0,0,0,0,2,0,0,0,3,8,8,false,NORMAL,1,1,0,V2,3,1,5,30,30,2,0,3_5_fbios_PABUnityIAPiOSDefensiveBase,segment_tag_core_slot_prob_nu_29_06_var_a
70662,2026-04-14 08:17:25,3,1,6,attack,coin,spins,gold,1,false,25000,835849824681,129610,5,5,1,10,1,0,0,1,0,16012,30000,47,0,53.4,bonus_as10_gae1_no,107,700000,,,,"{""c8bff241"":""826\/2700@m4""}",19,6,7,1,7,5,0,1,0,2,1,0,0,1,2,0,0,0,6,1,0,false,NORMAL,1,0,1,V2,3,1,5,3,1,6,0,3_5_fbios_PABUnityIAPiOSDefensiveBase,segment_tag_core_slot_prob_nu_29_06_var_a
70663,2026-04-14 08:17:26,3,1,6,attack,coin,spins,gold,1,false,25000,835849849681,129609,5,5,1,10,1,0,0,1,0,16012,30000,47,0,53.4,bonus_as10_gae1_no,107,700000,,,,,20,7,7,1,8,5,0,1,0,3,2,0,0,2,2,0,0,0,6,5,0,false,NORMAL,0,-1,1,V2,3,1,5,3,1,6,0,3_5_fbios_PABUnityIAPiOSDefensiveBase,segment_tag_core_slot_prob_nu_29_06_var_a
70664,2026-04-14 08:17:26,1,6,6,coin,spins,spins,gold,1,false,25000,835849874681,129608,5,5,1,10,0,0,0,2,0,16012,30000,47,0,53.4,bonus_as10_gae1_no,107,700000,,,,"{""68171e9b"":""428\/5300@m8""}",21,7,7,1,10,5,0,1,0,4,2,0,0,4,2,0,0,0,6,6,1,false,MIN,-4,-2,-2,V2,3,1,5,1,6,6,0,3_5_fbios_PABUnityIAPiOSDefensiveBase,segment_tag_core_slot_prob_nu_29_06_var_a
70665,2026-04-14 08:17:27,30,2,2,accumulation,goldSack,goldSack,gold,1,false,150000,835850024681,129607,5,5,1,10,0,0,0,0,1,16013,30000,47,1,53.4,bonus_as10_gae1_no,107,700000,,,,,22,7,7,1,10,6,0,1,0,5,2,0,0,4,3,0,0,0,7,3,8,false,BIG,5,7,-2,V2,3,1,5,30,2,2,0,3_5_fbios_PABUnityIAPiOSDefensiveBase,segment_tag_core_slot_prob_nu_29_06_var_a
70666,2026-04-14 08:17:28,30,30,2,accumulation,accumulation,goldSack,gold,1,false,100000,835850124681,129606,5,5,1,10,0,0,0,0,2,16015,30000,47,2,53.4,bonus_as10_gae1_no,107,700000,,,,,23,7,7,1,10,8,0,1,0,6,2,0,0,4,5,0,0,0,3,8,8,false,NORMAL,1,3,-2,V2,3,1,5,30,30,2,0,3_5_fbios_PABUnityIAPiOSDefensiveBase,segment_tag_core_slot_prob_nu_29_06_var_a
70667,2026-04-14 08:17:29,3,1,6,attack,coin,spins,gold,1,false,25000,835850149681,129605,5,5,1,10,1,0,0,1,0,16015,30000,47,0,53.4,bonus_as10_gae1_no,107,700000,,,,,24,8,7,1,11,8,0,1,0,7,3,0,0,5,5,0,0,0,6,1,0,false,NORMAL,0,0,0,V2,3,1,5,3,1,6,0,3_5_fbios_PABUnityIAPiOSDefensiveBase,segment_tag_core_slot_prob_nu_29_06_var_a
70668,2026-04-14 08:17:30,30,2,2,accumulation,goldSack,goldSack,gold,1,false,150000,835850299681,129604,5,5,1,10,0,0,0,0,1,16016,30000,47,1,53.4,bonus_as10_gae1_no,107,700000,,,,"{""820004c2"":""2160\/2500@m7"",""68171e9b"":""429\/5300@m8""}",25,8,7,1,11,9,0,1,0,8,3,0,0,5,6,0,0,0,-1,-1,-1,false,,0,0,0,,-1,-1,-1,-1,-1,-1,0,3_5_fbios_PABUnityIAPiOSDefensiveBase,segment_tag_core_slot_prob_nu_29_06_var_a
70669,2026-04-14 08:17:31,1,6,6,coin,spins,spins,gold,1,false,25000,835850324681,129603,5,5,1,10,0,0,0,2,0,16016,30000,47,0,53.4,bonus_as10_gae1_no,107,700000,,,,,26,8,7,1,13,9,0,1,0,9,3,0,0,7,6,0,0,0,6,6,1,false,MIN,-4,-2,-2,V2,3,1,5,1,6,6,0,3_5_fbios_PABUnityIAPiOSDefensiveBase,segment_tag_core_slot_prob_nu_29_06_var_a
70670,2026-04-14 08:17:32,4,6,2,steal,spins,goldSack,gold,1,false,100000,835850424681,129602,5,5,1,10,0,1,0,1,0,16016,30000,47,0,53.4,bonus_as10_gae1_no,107,700000,,,,,27,8,8,1,14,9,0,1,0,10,3,1,0,8,6,0,0,0,7,6,4,false,SMALL,-1,1,-2,V2,3,1,5,4,6,2,0,3_5_fbios_PABUnityIAPiOSDefensiveBase,segment_tag_core_slot_prob_nu_29_06_var_a
70671,2026-04-14 08:17:32,3,1,5,attack,coin,shield,gold,1,false,25000,835850449681,129601,5,5,1,10,1,0,1,0,0,16016,30000,47,0,53.4,bonus_as10_gae1_no,107,700000,,,,,28,9,8,2,14,9,0,1,0,11,4,1,1,8,6,0,0,0,-1,-1,-1,false,,0,0,0,,-1,-1,-1,-1,-1,-1,0,3_5_fbios_PABUnityIAPiOSDefensiveBase,segment_tag_core_slot_prob_nu_29_06_var_a
70672,2026-04-14 08:17:33,1,4,4,coin,steal,steal,gold,1,false,25000,835850474681,129600,5,5,1,10,0,2,0,0,0,16016,30000,47,0,53.4,bonus_as10_gae1_no,107,700000,,,,"{""c8bff241"":""828\/2700@m4""}",29,9,10,2,14,9,0,1,0,12,4,3,1,8,6,0,0,0,4,4,1,false,MIN,-6,-4,-2,V2,3,1,5,1,4,4,0,3_5_fbios_PABUnityIAPiOSDefensiveBase,segment_tag_core_slot_prob_nu_29_06_var_a
70673,2026-04-14 08:17:34,4,6,2,steal,spins,goldSack,gold,1,false,100000,835850574681,129599,5,5,1,10,0,1,0,1,0,16016,30000,47,0,53.4,bonus_as10_gae1_no,107,700000,,,,,30,9,11,2,15,9,0,1,0,13,4,4,1,9,6,0,0,0,7,6,4,false,NORMAL,2,2,0,V2,3,1,5,4,6,2,0,3_5_fbios_PABUnityIAPiOSDefensiveBase,segment_tag_core_slot_prob_nu_29_06_var_a
70674,2026-04-14 08:17:35,1,1,1,coin,coin,coin,gold,1,true,250000,835850824681,129598,5,5,1,10,0,0,0,0,0,16016,30000,47,0,53.4,bonus_as10_gae1_no,107,700000,,,,,31,9,11,2,15,9,0,1,0,14,4,4,1,9,6,0,0,0,-1,-1,-1,false,,0,0,0,,-1,-1,-1,-1,-1,-1,0,3_5_fbios_PABUnityIAPiOSDefensiveBase,segment_tag_core_slot_prob_nu_29_06_var_a
70675,2026-04-14 08:17:35,30,2,2,accumulation,goldSack,goldSack,gold,1,false,150000,835850974681,129597,5,5,1,10,0,0,0,0,1,16017,30000,47,1,53.4,bonus_as10_gae1_no,107,700000,,,,,32,9,11,2,15,10,0,1,0,15,4,4,1,9,7,0,0,0,7,3,8,false,MAX,8,8,0,V2,3,1,5,30,2,2,0,3_5_fbios_PABUnityIAPiOSDefensiveBase,segment_tag_core_slot_prob_nu_29_06_var_a
70676,2026-04-14 08:17:37,1,1,4,coin,coin,steal,gold,1,false,50000,835851024681,129596,5,5,1,10,0,1,0,0,0,16017,30000,47,0,53.4,bonus_as10_gae1_no,107,700000,,,,,33,9,12,2,15,10,0,1,0,16,4,5,1,9,7,0,0,0,4,1,5,false,BIG,5,3,2,V2,3,1,5,1,1,4,0,3_5_fbios_PABUnityIAPiOSDefensiveBase,segment_tag_core_slot_prob_nu_29_06_var_a
70677,2026-04-14 08:17:37,3,3,2,attack,attack,goldSack,gold,1,false,100000,835851124681,129595,5,5,1,10,2,0,0,0,0,16017,30000,47,0,53.4,bonus_as10_gae1_no,107,700000,,,,,34,11,12,2,15,10,0,1,0,17,6,5,1,9,7,0,0,0,3,0,0,false,NORMAL,3,1,2,V2,3,1,5,3,3,2,0,3_5_fbios_PABUnityIAPiOSDefensiveBase,segment_tag_core_slot_prob_nu_29_06_var_a
70678,2026-04-14 08:17:38,3,4,2,attack,steal,goldSack,gold,1,false,100000,835851224681,129594,5,5,1,10,1,1,0,0,0,16017,30000,47,0,53.4,bonus_as10_gae1_no,107,700000,,,,,35,12,13,2,15,10,0,1,0,18,7,6,1,9,7,0,0,0,-1,-1,-1,false,,0,0,0,,-1,-1,-1,-1,-1,-1,0,3_5_fbios_PABUnityIAPiOSDefensiveBase,segment_tag_core_slot_prob_nu_29_06_var_a
70679,2026-04-14 08:17:38,3,1,6,attack,coin,spins,gold,1,false,25000,835851249681,129593,5,5,1,10,1,0,0,1,0,16017,30000,47,0,53.4,bonus_as10_gae1_no,107,700000,,,,,36,13,13,2,16,10,0,1,0,19,8,6,1,10,7,0,0,0,6,1,0,false,NORMAL,3,1,2,V2,3,1,5,3,1,6,0,3_5_fbios_PABUnityIAPiOSDefensiveBase,segment_tag_core_slot_prob_nu_29_06_var_a
70680,2026-04-14 08:17:39,1,1,4,coin,coin,steal,gold,1,false,50000,835851299681,129592,5,5,1,10,0,1,0,0,0,16017,30000,47,0,53.4,bonus_as10_gae1_no,107,700000,,,,"{""68171e9b"":""430\/5300@m8""}",37,13,14,2,16,10,0,1,0,20,8,7,1,10,7,0,0,0,4,1,5,false,NORMAL,3,1,2,V2,3,1,5,1,1,4,0,3_5_fbios_PABUnityIAPiOSDefensiveBase,segment_tag_core_slot_prob_nu_29_06_var_a
70681,2026-04-14 08:17:40,3,1,5,attack,coin,shield,gold,1,false,25000,835851324681,129591,5,5,1,10,1,0,1,0,0,16017,30000,47,0,53.4,bonus_as10_gae1_no,107,700000,,,,,38,14,14,3,16,10,0,1,0,21,9,7,2,10,7,0,0,0,2,1,0,false,NORMAL,2,0,2,V2,3,1,5,3,1,5,0,3_5_fbios_PABUnityIAPiOSDefensiveBase,segment_tag_core_slot_prob_nu_29_06_var_a
70682,2026-04-14 08:17:41,4,6,2,steal,spins,goldSack,gold,1,false,100000,835851424681,129590,5,5,1,10,0,1,0,1,0,16017,30000,47,0,53.4,bonus_as10_gae1_no,107,700000,,,,,39,14,15,3,17,10,0,1,0,22,9,8,2,11,7,0,0,0,-1,-1,-1,false,,0,0,0,,-1,-1,-1,-1,-1,-1,0,3_5_fbios_PABUnityIAPiOSDefensiveBase,segment_tag_core_slot_prob_nu_29_06_var_a
70683,2026-04-14 08:17:41,3,3,3,attack,attack,attack,attack,2,true,0,835851424681,129589,5,5,1,10,3,0,0,0,0,16017,30000,47,0,53.4,bonus_as10_gae1_no,107,700000,,,,,40,17,15,3,17,10,1,1,0,23,12,8,2,11,7,1,0,0,0,0,0,false,NORMAL,0,-2,2,V2,3,1,5,3,3,3,0,3_5_fbios_PABUnityIAPiOSDefensiveBase,segment_tag_core_slot_prob_nu_29_06_var_a
70684,2026-04-14 08:17:45,30,2,2,accumulation,goldSack,goldSack,gold,1,false,150000,835860154681,129588,5,5,1,10,0,0,0,0,1,16018,30000,47,1,53.4,bonus_as10_gae1_no,107,700000,,,,,41,17,15,3,17,11,1,1,0,24,12,8,2,11,8,1,0,0,3,7,8,false,BIG,7,6,1,V2,3,1,5,30,2,2,0,3_5_fbios_PABUnityIAPiOSDefensiveBase,segment_tag_core_slot_prob_nu_29_06_var_a
70685,2026-04-14 08:17:46,30,2,2,accumulation,goldSack,goldSack,gold,1,false,150000,835860304681,129587,5,5,1,10,0,0,0,0,1,16019,30000,47,1,53.4,bonus_as10_gae1_no,107,700000,,,,,42,17,15,3,17,12,1,1,0,25,12,8,2,11,9,1,0,0,7,3,8,false,MAX,11,9,2,V2,3,1,5,30,2,2,0,3_5_fbios_PABUnityIAPiOSDefensiveBase,segment_tag_core_slot_prob_nu_29_06_var_a
70686,2026-04-14 08:17:47,30,2,2,accumulation,goldSack,goldSack,gold,1,false,150000,835860454681,129586,5,5,1,10,0,0,0,0,1,16020,30000,47,1,53.4,bonus_as10_gae1_no,107,700000,,,,"{""820004c2"":""2162\/2500@m7""}",43,17,15,3,17,13,1,1,0,26,12,8,2,11,10,1,0,0,3,3,8,false,BIG,7,5,2,V2,3,1,5,30,2,2,0,3_5_fbios_PABUnityIAPiOSDefensiveBase,segment_tag_core_slot_prob_nu_29_06_var_a
70687,2026-04-14 08:17:48,3,3,2,attack,attack,goldSack,gold,1,false,100000,835860554681,129585,5,5,1,10,2,0,0,0,0,16020,30000,47,0,53.4,bonus_as10_gae1_no,107,700000,,,,,44,19,15,3,17,13,1,1,0,27,14,8,2,11,10,1,0,0,3,0,0,false,NORMAL,3,2,1,V2,3,1,5,3,3,2,0,3_5_fbios_PABUnityIAPiOSDefensiveBase,segment_tag_core_slot_prob_nu_29_06_var_a
70688,2026-04-14 08:17:49,30,30,2,accumulation,accumulation,goldSack,gold,1,false,100000,835860654681,129584,5,5,1,10,0,0,0,0,2,16022,30000,47,2,53.4,bonus_as10_gae1_no,107,700000,,,,"{""820004c2"":""2164\/2500@m7""}",45,19,15,3,17,15,1,1,0,28,14,8,2,11,12,1,0,0,7,8,8,false,BIG,4,3,1,V2,3,1,5,30,30,2,0,3_5_fbios_PABUnityIAPiOSDefensiveBase,segment_tag_core_slot_prob_nu_29_06_var_a
70689,2026-04-14 08:18:05,3,1,6,attack,coin,spins,gold,1,false,25000,835860704681,129583,5,5,1,10,1,0,0,1,0,16022,30000,47,0,53.4,bonus_as10_gae1_no,107,700000,,,,"{""c8bff241"":""830\/2700@m4""}",46,20,15,3,18,15,1,1,0,29,15,8,2,12,12,1,0,0,6,1,0,false,NORMAL,1,0,1,V2,3,1,5,3,1,6,0,3_5_fbios_PABUnityIAPiOSDefensiveBase,segment_tag_core_slot_prob_nu_29_06_var_a
70690,2026-04-14 08:18:06,3,3,3,attack,attack,attack,attack,2,true,0,835860704681,129582,5,5,1,10,3,0,0,0,0,16022,30000,47,0,53.4,bonus_as10_gae1_no,107,700000,,,,,47,23,15,3,18,15,2,1,0,30,18,8,2,12,12,2,0,0,0,0,0,false,NORMAL,0,-1,1,V2,3,1,5,3,3,3,0,3_5_fbios_PABUnityIAPiOSDefensiveBase,segment_tag_core_slot_prob_nu_29_06_var_a
70691,2026-04-14 08:18:10,5,5,2,shield,shield,goldSack,gold,1,false,100000,835910904681,129581,5,5,1,10,0,0,2,0,0,16022,30000,47,0,53.4,bonus_as10_gae1_no,107,700000,,,,,48,23,15,5,18,15,2,1,0,31,18,8,4,12,12,2,0,0,7,2,2,false,NORMAL,1,0,1,V2,3,1,5,5,5,2,0,3_5_fbios_PABUnityIAPiOSDefensiveBase,segment_tag_core_slot_prob_nu_29_06_var_a
70692,2026-04-14 08:18:10,2,2,2,goldSack,goldSack,goldSack,gold,1,true,2000000,835914904681,129580,5,5,1,10,0,0,0,0,0,16022,30000,47,0,53.4,bonus_as10_gae1_no,107,700000,,,,"{""68171e9b"":""431\/5300@m8""}",49,23,15,5,18,15,2,1,0,32,18,8,4,12,12,2,0,0,3,7,3,false,BIG,5,4,1,V2,3,1,5,2,2,2,0,3_5_fbios_PABUnityIAPiOSDefensiveBase,segment_tag_core_slot_prob_nu_29_06_var_a
70693,2026-04-14 08:18:11,1,4,4,coin,steal,steal,gold,1,false,25000,835914954681,129579,5,5,1,10,0,2,0,0,0,16022,30000,47,0,53.4,bonus_as10_gae1_no,107,700000,,,,,50,23,17,5,18,15,2,1,0,33,18,10,4,12,12,2,0,0,4,4,1,false,MIN,-6,-4,-2,V2,3,1,5,1,4,4,0,3_5_fbios_PABUnityIAPiOSDefensiveBase,segment_tag_core_slot_prob_nu_29_06_var_a
70694,2026-04-14 08:18:12,2,2,2,goldSack,goldSack,goldSack,gold,1,true,2000000,835918954681,129578,5,5,1,10,0,0,0,0,0,16022,30000,47,0,53.4,bonus_as10_gae1_no,107,700000,,,,,51,23,17,5,18,15,2,1,0,34,18,10,4,12,12,2,0,0,-1,-1,-1,false,,0,0,0,,-1,-1,-1,-1,-1,-1,0,3_5_fbios_PABUnityIAPiOSDefensiveBase,segment_tag_core_slot_prob_nu_29_06_var_a
70695,2026-04-14 08:18:13,3,6,2,attack,spins,goldSack,gold,1,false,100000,835919154681,129577,5,5,1,10,1,0,0,1,0,16022,30000,47,0,53.4,bonus_as10_gae1_no,107,700000,,,,,52,24,17,5,19,15,2,1,0,35,19,10,4,13,12,2,0,0,3,6,0,false,NORMAL,0,2,-2,V2,3,1,5,3,6,2,0,3_5_fbios_PABUnityIAPiOSDefensiveBase,segment_tag_core_slot_prob_nu_29_06_var_a
70696,2026-04-14 08:18:13,3,6,2,attack,spins,goldSack,gold,1,false,100000,835919354681,129576,5,5,1,10,1,0,0,1,0,16022,30000,47,0,53.4,bonus_as10_gae1_no,107,700000,,,,,53,25,17,5,20,15,2,1,0,36,20,10,4,14,12,2,0,0,7,6,0,false,MIN,-3,-1,-2,V2,3,1,5,3,6,2,0,3_5_fbios_PABUnityIAPiOSDefensiveBase,segment_tag_core_slot_prob_nu_29_06_var_a
70697,2026-04-14 08:18:14,3,3,3,attack,attack,attack,attack,2,true,0,835919354681,129575,5,5,1,10,3,0,0,0,0,16022,30000,47,0,53.4,bonus_as10_gae1_no,107,700000,,,,,54,28,17,5,20,15,3,1,0,37,23,10,4,14,12,3,0,0,-1,-1,-1,false,,0,0,0,,-1,-1,-1,-1,-1,-1,0,3_5_fbios_PABUnityIAPiOSDefensiveBase,segment_tag_core_slot_prob_nu_29_06_var_a
70698,2026-04-14 08:18:17,6,6,6,spins,spins,spins,spins,5,true,10,835936554681,129584,5,5,1,10,0,0,0,3,0,16022,30000,47,0,53.4,bonus_as10_gae1_no,107,700000,,,,,55,28,17,5,23,15,3,1,0,38,23,10,4,17,12,3,0,0,6,6,6,true,NORMAL,1,0,1,V2,3,1,5,6,6,6,0,3_5_fbios_PABUnityIAPiOSDefensiveBase,segment_tag_core_slot_prob_nu_29_06_var_a
70699,2026-04-14 08:18:18,30,2,2,accumulation,goldSack,goldSack,gold,1,false,150000,835936854681,129583,5,5,1,10,0,0,0,0,1,16023,30000,47,1,53.4,bonus_as10_gae1_no,107,700000,,,,"{""68171e9b"":""432\/5300@m8"",""820004c2"":""2166\/2500@m7""}",56,28,17,5,23,16,3,1,0,1,0,0,0,0,1,0,0,0,7,7,8,false,BIG,7,7,0,V2,3,1,5,30,2,2,0,3_5_fbios_PABUnityIAPiOSDefensiveBase,segment_tag_core_slot_prob_nu_29_06_var_a
70700,2026-04-14 08:18:20,3,6,2,attack,spins,goldSack,gold,1,false,100000,835937054681,129582,5,5,1,10,1,0,0,1,0,16023,30000,47,0,53.4,bonus_as10_gae1_no,107,700000,,,,,57,29,17,5,24,16,3,1,0,2,1,0,0,1,1,0,0,0,7,6,0,false,SMALL,-1,-1,0,V2,3,1,5,3,6,2,0,3_5_fbios_PABUnityIAPiOSDefensiveBase,segment_tag_core_slot_prob_nu_29_06_var_a
70701,2026-04-14 08:18:21,3,6,2,attack,spins,goldSack,gold,1,false,100000,835937254681,129581,5,5,1,10,1,0,0,1,0,16023,30000,47,0,53.4,bonus_as10_gae1_no,107,700000,,,,,58,30,17,5,25,16,3,1,0,3,2,0,0,2,1,0,0,0,3,6,0,false,NORMAL,3,3,0,V2,3,1,5,3,6,2,0,3_5_fbios_PABUnityIAPiOSDefensiveBase,segment_tag_core_slot_prob_nu_29_06_var_a
70702,2026-04-14 08:18:21,3,3,2,attack,attack,goldSack,gold,1,false,100000,835937454681,129580,5,5,1,10,2,0,0,0,0,16023,30000,47,0,53.4,bonus_as10_gae1_no,107,700000,,,,,59,32,17,5,25,16,3,1,0,4,4,0,0,2,1,0,0,0,3,0,0,false,NORMAL,2,3,-1,V2,3,1,5,3,3,2,0,3_5_fbios_PABUnityIAPiOSDefensiveBase,segment_tag_core_slot_prob_nu_29_06_var_a
70703,2026-04-14 08:18:22,3,1,5,attack,coin,shield,gold,1,false,25000,835937504681,129579,5,5,1,10,1,0,1,0,0,16023,30000,47,0,53.4,bonus_as10_gae1_no,107,700000,,,,,60,33,17,6,25,16,3,1,0,5,5,0,1,2,1,0,0,0,2,1,0,false,NORMAL,0,1,-1,V2,3,1,5,3,1,5,0,3_5_fbios_PABUnityIAPiOSDefensiveBase,segment_tag_core_slot_prob_nu_29_06_var_a
70704,2026-04-14 08:18:23,30,30,1,accumulation,accumulation,coin,gold,1,false,25000,835937554681,129578,5,5,1,10,0,0,0,0,2,16025,30000,47,2,53.4,bonus_as10_gae1_no,107,700000,,,,,61,33,17,6,25,18,3,1,0,6,5,0,1,2,3,0,0,0,-1,-1,-1,false,,0,0,0,,-1,-1,-1,-1,-1,-1,0,3_5_fbios_PABUnityIAPiOSDefensiveBase,segment_tag_core_slot_prob_nu_29_06_var_a
70705,2026-04-14 08:18:23,3,3,3,attack,attack,attack,attack,2,true,0,835937554681,129577,5,5,1,10,3,0,0,0,0,16025,30000,47,0,53.4,bonus_as10_gae1_no,107,700000,,,,,62,36,17,6,25,18,4,1,0,7,8,0,1,2,3,1,0,0,0,0,0,false,MIN,-3,-2,-1,V2,3,1,5,3,3,3,0,3_5_fbios_PABUnityIAPiOSDefensiveBase,segment_tag_core_slot_prob_nu_29_06_var_a
70706,2026-04-14 08:18:29,1,1,4,coin,coin,steal,gold,1,false,50000,835987654681,129576,5,5,1,10,0,1,0,0,0,16025,30000,47,0,53.4,bonus_as10_gae1_no,107,700000,,,,"{""68171e9b"":""433\/5300@m8""}",63,36,18,6,25,18,4,1,0,8,8,1,1,2,3,1,0,0,4,1,1,false,MIN,-5,-2,-3,V2,3,1,5,1,1,4,0,3_5_fbios_PABUnityIAPiOSDefensiveBase,segment_tag_core_slot_prob_nu_29_06_var_a
70707,2026-04-14 08:18:29,1,4,4,coin,steal,steal,gold,1,false,25000,835987704681,129575,5,5,1,10,0,2,0,0,0,16025,30000,47,0,53.4,bonus_as10_gae1_no,107,700000,,,,,64,36,20,6,25,18,4,1,0,9,8,3,1,2,3,1,0,0,4,4,1,false,MIN,-5,-2,-3,V2,3,1,5,1,4,4,0,3_5_fbios_PABUnityIAPiOSDefensiveBase,segment_tag_core_slot_prob_nu_29_06_var_a
70708,2026-04-14 08:18:30,1,1,1,coin,coin,coin,gold,1,true,250000,835988204681,129574,5,5,1,10,0,0,0,0,0,16025,30000,47,0,53.4,bonus_as10_gae1_no,107,700000,,,,,65,36,20,6,25,18,4,1,0,10,8,3,1,2,3,1,0,0,5,5,5,false,MIN,-5,-2,-3,V2,3,1,5,1,1,1,0,3_5_fbios_PABUnityIAPiOSDefensiveBase,segment_tag_core_slot_prob_nu_29_06_var_a
70709,2026-04-14 08:18:31,2,2,2,goldSack,goldSack,goldSack,gold,1,true,2000000,835992204681,129573,5,5,1,10,0,0,0,0,0,16025,30000,47,0,53.4,bonus_as10_gae1_no,107,700000,,,,,66,36,20,6,25,18,4,1,0,11,8,3,1,2,3,1,0,0,7,7,3,false,NORMAL,3,6,-3,V2,3,1,5,2,2,2,0,3_5_fbios_PABUnityIAPiOSDefensiveBase,segment_tag_core_slot_prob_nu_29_06_var_a
70710,2026-04-14 08:18:31,1,1,4,coin,coin,steal,gold,1,false,50000,835992304681,129572,5,5,1,10,0,1,0,0,0,16025,30000,47,0,53.4,bonus_as10_gae1_no,107,700000,,,,,67,36,21,6,25,18,4,1,0,12,8,4,1,2,3,1,0,0,4,1,1,false,MIN,-5,-2,-3,V2,3,1,5,1,1,4,0,3_5_fbios_PABUnityIAPiOSDefensiveBase,segment_tag_core_slot_prob_nu_29_06_var_a
70711,2026-04-14 08:18:32,4,6,2,steal,spins,goldSack,gold,1,false,100000,835992504681,129571,5,5,1,10,0,1,0,1,0,16025,30000,47,0,53.4,bonus_as10_gae1_no,107,700000,,,,"{""820004c2"":""2168\/2500@m7"",""68171e9b"":""434\/5300@m8""}",68,36,22,6,26,18,4,1,0,13,8,5,1,3,3,1,0,0,7,6,4,false,SMALL,-2,1,-3,V2,3,1,5,4,6,2,0,3_5_fbios_PABUnityIAPiOSDefensiveBase,segment_tag_core_slot_prob_nu_29_06_var_a
70712,2026-04-14 08:18:33,3,1,5,attack,coin,shield,gold,1,false,25000,835992554681,129570,5,5,1,10,1,0,1,0,0,16025,30000,47,0,53.4,bonus_as10_gae1_no,107,700000,,,,,69,37,22,7,26,18,4,1,0,14,9,5,2,3,3,1,0,0,2,1,0,false,SMALL,-2,0,-2,V2,3,1,5,3,1,5,0,3_5_fbios_PABUnityIAPiOSDefensiveBase,segment_tag_core_slot_prob_nu_29_06_var_a
70713,2026-04-14 08:18:34,1,5,5,coin,shield,shield,gold,1,false,25000,835992604681,129569,5,5,1,10,0,0,2,0,0,16025,30000,47,0,53.4,bonus_as10_gae1_no,107,700000,,,,,70,37,22,9,26,18,4,1,0,15,9,5,4,3,3,1,0,0,2,2,5,false,NORMAL,1,1,0,V2,3,1,5,1,5,5,0,3_5_fbios_PABUnityIAPiOSDefensiveBase,segment_tag_core_slot_prob_nu_29_06_var_a
70714,2026-04-14 08:18:35,30,2,2,accumulation,goldSack,goldSack,gold,1,false,150000,835992904681,129568,5,5,1,10,0,0,0,0,1,16026,30000,47,1,53.4,bonus_as10_gae1_no,107,700000,,,,,71,37,22,9,26,19,4,1,0,16,9,5,4,3,4,1,0,0,-1,-1,-1,false,,0,0,0,,-1,-1,-1,-1,-1,-1,0,3_5_fbios_PABUnityIAPiOSDefensiveBase,segment_tag_core_slot_prob_nu_29_06_var_a
70715,2026-04-14 08:18:35,3,6,2,attack,spins,goldSack,gold,1,false,100000,835993104681,129567,5,5,1,10,1,0,0,1,0,16026,30000,47,0,53.4,bonus_as10_gae1_no,107,700000,,,,,72,38,22,9,27,19,4,1,0,17,10,5,4,4,4,1,0,0,3,6,0,false,NORMAL,1,1,0,V2,3,1,5,3,6,2,0,3_5_fbios_PABUnityIAPiOSDefensiveBase,segment_tag_core_slot_prob_nu_29_06_var_a
70716,2026-04-14 08:18:36,1,1,4,coin,coin,steal,gold,1,false,50000,835993204681,129566,5,5,1,10,0,1,0,0,0,16026,30000,47,0,53.4,bonus_as10_gae1_no,107,700000,,,,,73,38,23,9,27,19,4,1,0,18,10,6,4,4,4,1,0,0,4,5,1,false,MIN,-8,-6,-2,V2,3,1,5,1,1,4,0,3_5_fbios_PABUnityIAPiOSDefensiveBase,segment_tag_core_slot_prob_nu_29_06_var_a
70717,2026-04-14 08:18:37,30,2,2,accumulation,goldSack,goldSack,gold,1,false,150000,835993504681,129565,5,5,1,10,0,0,0,0,1,16027,30000,47,1,53.4,bonus_as10_gae1_no,107,700000,,,,,74,38,23,9,27,20,4,1,0,19,10,6,4,4,5,1,0,0,-1,-1,-1,false,,0,0,0,,-1,-1,-1,-1,-1,-1,0,3_5_fbios_PABUnityIAPiOSDefensiveBase,segment_tag_core_slot_prob_nu_29_06_var_a
70718,2026-04-14 08:18:38,3,3,3,attack,attack,attack,attack,2,true,0,835993504681,129564,5,5,1,10,3,0,0,0,0,16027,30000,47,0,53.4,bonus_as10_gae1_no,107,700000,,,,,75,41,23,9,27,20,5,1,0,20,13,6,4,4,5,2,0,0,0,0,0,false,MIN,-4,-2,-2,V2,3,1,5,3,3,3,0,3_5_fbios_PABUnityIAPiOSDefensiveBase,segment_tag_core_slot_prob_nu_29_06_var_a
70719,2026-04-14 08:18:41,30,2,2,accumulation,goldSack,goldSack,gold,1,false,150000,836011004681,129563,5,5,1,10,0,0,0,0,1,16028,30000,47,1,53.4,bonus_as10_gae1_no,107,700000,,,,,76,41,23,9,27,21,5,1,0,21,13,6,4,4,6,2,0,0,7,3,8,false,BIG,6,7,-1,V2,3,1,5,30,2,2,0,3_5_fbios_PABUnityIAPiOSDefensiveBase,segment_tag_core_slot_prob_nu_29_06_var_a
70720,2026-04-14 08:18:42,30,30,1,accumulation,accumulation,coin,gold,1,false,25000,836011054681,129562,5,5,1,10,0,0,0,0,2,16030,30000,47,2,53.4,bonus_as10_gae1_no,107,700000,,,,,77,41,23,9,27,23,5,1,0,22,13,6,4,4,8,2,0,0,5,8,8,false,NORMAL,2,1,1,V2,3,1,5,30,30,1,0,3_5_fbios_PABUnityIAPiOSDefensiveBase,segment_tag_core_slot_prob_nu_29_06_var_a
70721,2026-04-14 08:18:43,3,3,2,attack,attack,goldSack,gold,1,false,100000,836011254681,129561,5,5,1,10,2,0,0,0,0,16030,30000,47,0,53.4,bonus_as10_gae1_no,107,700000,,,,"{""c8bff241"":""832\/2700@m4"",""68171e9b"":""435\/5300@m8""}",78,43,23,9,27,23,5,1,0,23,15,6,4,4,8,2,0,0,7,0,0,false,SMALL,-1,-2,1,V2,3,1,5,3,3,2,0,3_5_fbios_PABUnityIAPiOSDefensiveBase,segment_tag_core_slot_prob_nu_29_06_var_a
70722,2026-04-14 08:18:44,1,6,6,coin,spins,spins,gold,1,false,25000,836011304681,129560,5,5,1,10,0,0,0,2,0,16030,30000,47,0,53.4,bonus_as10_gae1_no,107,700000,,,,,79,43,23,9,29,23,5,1,0,24,15,6,4,6,8,2,0,0,6,6,1,false,MIN,-4,-3,-1,V2,3,1,5,1,6,6,0,3_5_fbios_PABUnityIAPiOSDefensiveBase,segment_tag_core_slot_prob_nu_29_06_var_a
70723,2026-04-14 08:18:45,3,1,4,attack,coin,steal,gold,1,false,25000,836011354681,129559,5,5,1,10,1,1,0,0,0,16030,30000,47,0,53.4,bonus_as10_gae1_no,107,700000,,,,,80,44,24,9,29,23,5,1,0,25,16,7,4,6,8,2,0,0,-1,-1,-1,false,,0,0,0,,-1,-1,-1,-1,-1,-1,0,3_5_fbios_PABUnityIAPiOSDefensiveBase,segment_tag_core_slot_prob_nu_29_06_var_a
70724,2026-04-14 08:18:46,2,2,2,goldSack,goldSack,goldSack,gold,1,true,2000000,836015354681,129558,5,5,1,10,0,0,0,0,0,16030,30000,47,0,53.4,bonus_as10_gae1_no,107,700000,,,,,81,44,24,9,29,23,5,1,0,26,16,7,4,6,8,2,0,0,3,7,3,false,BIG,4,5,-1,V2,3,1,5,2,2,2,0,3_5_fbios_PABUnityIAPiOSDefensiveBase,segment_tag_core_slot_prob_nu_29_06_var_a
70725,2026-04-14 08:18:46,5,5,5,shield,shield,shield,shield,3,true,1,836015354681,129558,5,5,1,10,0,0,3,0,0,16030,30000,47,0,53.4,bonus_as10_gae1_no,107,700000,,,,,82,44,24,12,29,23,5,1,1,27,16,7,7,6,8,2,0,1,2,2,2,false,SMALL,-2,-1,-1,V2,3,1,5,5,5,5,0,3_5_fbios_PABUnityIAPiOSDefensiveBase,segment_tag_core_slot_prob_nu_29_06_var_a
70726,2026-04-14 08:18:47,2,2,2,goldSack,goldSack,goldSack,gold,1,true,2000000,836019354681,129557,5,5,1,10,0,0,0,0,0,16030,30000,47,0,53.4,bonus_as10_gae1_no,107,700000,,,,"{""68171e9b"":""436\/5300@m8""}",83,44,24,12,29,23,5,1,1,28,16,7,7,6,8,2,0,1,3,3,3,false,NORMAL,2,1,1,V2,3,1,5,2,2,2,0,3_5_fbios_PABUnityIAPiOSDefensiveBase,segment_tag_core_slot_prob_nu_29_06_var_a
70727,2026-04-14 08:18:48,3,6,2,attack,spins,goldSack,gold,1,false,100000,836019554681,129556,5,5,1,10,1,0,0,1,0,16030,30000,47,0,53.4,bonus_as10_gae1_no,107,700000,,,,,84,45,24,12,30,23,5,1,1,29,17,7,7,7,8,2,0,1,3,6,0,false,NORMAL,3,3,0,V2,3,1,5,3,6,2,0,3_5_fbios_PABUnityIAPiOSDefensiveBase,segment_tag_core_slot_prob_nu_29_06_var_a
70728,2026-04-14 08:18:49,4,4,4,steal,steal,steal,steal,4,true,0,836019554681,129555,5,5,1,10,0,3,0,0,0,16030,30000,47,0,53.4,bonus_as10_gae1_no,107,700000,,,,,85,45,27,12,30,23,5,2,1,30,17,10,7,7,8,2,1,1,-1,-1,-1,false,,0,0,0,,-1,-1,-1,-1,-1,-1,0,3_5_fbios_PABUnityIAPiOSDefensiveBase,segment_tag_core_slot_prob_nu_29_06_var_a
70729,2026-04-14 08:18:55,2,2,2,goldSack,goldSack,goldSack,gold,1,true,2000000,836148554681,129554,5,5,1,10,0,0,0,0,0,16030,30000,47,0,53.4,bonus_as10_gae1_no,107,700000,,,,"{""820004c2"":""2170\/2500@m7""}",86,45,27,12,30,23,5,2,1,31,17,10,7,7,8,2,1,1,7,7,3,false,BIG,6,6,0,V2,3,1,5,2,2,2,0,3_5_fbios_PABUnityIAPiOSDefensiveBase,segment_tag_core_slot_prob_nu_29_06_var_a
70730,2026-04-14 08:18:56,30,2,2,accumulation,goldSack,goldSack,gold,1,false,150000,836148854681,129553,5,5,1,10,0,0,0,0,1,16031,30000,47,1,53.4,bonus_as10_gae1_no,107,700000,,,,,87,45,27,12,30,24,5,2,1,32,17,10,7,7,9,2,1,1,3,3,8,false,BIG,4,5,-1,V2,3,1,5,30,2,2,0,3_5_fbios_PABUnityIAPiOSDefensiveBase,segment_tag_core_slot_prob_nu_29_06_var_a
70731,2026-04-14 08:18:57,3,3,3,attack,attack,attack,attack,2,true,0,836148854681,129552,5,5,1,10,3,0,0,0,0,16031,30000,47,0,53.4,bonus_as10_gae1_no,107,700000,,,,"{""c8bff241"":""834\/2700@m4""}",88,48,27,12,30,24,6,2,1,33,20,10,7,7,9,3,1,1,0,0,0,false,MIN,-3,-2,-1,V2,3,1,5,3,3,3,0,3_5_fbios_PABUnityIAPiOSDefensiveBase,segment_tag_core_slot_prob_nu_29_06_var_a
70732,2026-04-14 08:19:01,30,30,1,accumulation,accumulation,coin,gold,1,false,25000,836198904681,129551,5,5,1,10,0,0,0,0,2,16033,30000,47,2,53.4,bonus_as10_gae1_no,107,700000,,,,,89,48,27,12,30,26,6,2,1,34,20,10,7,7,11,3,1,1,1,8,8,false,NORMAL,1,1,0,V2,3,1,5,30,30,1,0,3_5_fbios_PABUnityIAPiOSDefensiveBase,segment_tag_core_slot_prob_nu_29_06_var_a
70733,2026-04-14 08:19:02,1,1,1,coin,coin,coin,gold,1,true,250000,836199404681,129550,5,5,1,10,0,0,0,0,0,16033,30000,47,0,53.4,bonus_as10_gae1_no,107,700000,,,,"{""68171e9b"":""437\/5300@m8""}",90,48,27,12,30,26,6,2,1,35,20,10,7,7,11,3,1,1,1,1,5,false,NORMAL,3,3,0,V2,3,1,5,1,1,1,0,3_5_fbios_PABUnityIAPiOSDefensiveBase,segment_tag_core_slot_prob_nu_29_06_var_a
70734,2026-04-14 08:19:03,30,2,2,accumulation,goldSack,goldSack,gold,1,false,150000,836199704681,129549,5,5,1,10,0,0,0,0,1,16034,30000,47,1,53.4,bonus_as10_gae1_no,107,700000,,,,"{""820004c2"":""2172\/2500@m7""}",91,48,27,12,30,27,6,2,1,36,20,10,7,7,12,3,1,1,7,3,8,false,MAX,8,7,1,V2,3,1,5,30,2,2,0,3_5_fbios_PABUnityIAPiOSDefensiveBase,segment_tag_core_slot_prob_nu_29_06_var_a
70735,2026-04-14 08:19:04,1,1,4,coin,coin,steal,gold,1,false,50000,836199804681,129548,5,5,1,10,0,1,0,0,0,16034,30000,47,0,53.4,bonus_as10_gae1_no,107,700000,,,,,92,48,28,12,30,27,6,2,1,37,20,11,7,7,12,3,1,1,4,5,1,false,MIN,-8,-6,-2,V2,3,1,5,1,1,4,0,3_5_fbios_PABUnityIAPiOSDefensiveBase,segment_tag_core_slot_prob_nu_29_06_var_a
70736,2026-04-14 08:19:04,3,3,2,attack,attack,goldSack,gold,1,false,100000,836200004681,129547,5,5,1,10,2,0,0,0,0,16034,30000,47,0,53.4,bonus_as10_gae1_no,107,700000,,,,,93,50,28,12,30,27,6,2,1,38,22,11,7,7,12,3,1,1,-1,-1,-1,false,,0,0,0,,-1,-1,-1,-1,-1,-1,0,3_5_fbios_PABUnityIAPiOSDefensiveBase,segment_tag_core_slot_prob_nu_29_06_var_a
70737,2026-04-14 08:19:05,2,2,2,goldSack,goldSack,goldSack,gold,1,true,2000000,836204004681,129546,5,5,1,10,0,0,0,0,0,16034,30000,47,0,53.4,bonus_as10_gae1_no,107,700000,,,,"{""68171e9b"":""438\/5300@m8""}",94,50,28,12,30,27,6,2,1,39,22,11,7,7,12,3,1,1,7,3,3,false,NORMAL,3,5,-2,V2,3,1,5,2,2,2,0,3_5_fbios_PABUnityIAPiOSDefensiveBase,segment_tag_core_slot_prob_nu_29_06_var_a
70738,2026-04-14 08:19:06,1,4,4,coin,steal,steal,gold,1,false,25000,836204054681,129545,5,5,1,10,0,2,0,0,0,16034,30000,47,0,53.4,bonus_as10_gae1_no,107,700000,,,,,95,50,30,12,30,27,6,2,1,40,22,13,7,7,12,3,1,1,4,4,5,false,SMALL,-1,0,-1,V2,3,1,5,1,4,4,0,3_5_fbios_PABUnityIAPiOSDefensiveBase,segment_tag_core_slot_prob_nu_29_06_var_a
70739,2026-04-14 08:19:06,3,1,4,attack,coin,steal,gold,1,false,25000,836204104681,129544,5,5,1,10,1,1,0,0,0,16034,30000,47,0,53.4,bonus_as10_gae1_no,107,700000,,,,,96,51,31,12,30,27,6,2,1,41,23,14,7,7,12,3,1,1,4,1,0,false,NORMAL,2,1,1,V2,3,1,5,3,1,4,0,3_5_fbios_PABUnityIAPiOSDefensiveBase,segment_tag_core_slot_prob_nu_29_06_var_a
70740,2026-04-14 08:19:07,3,6,2,attack,spins,goldSack,gold,1,false,100000,836204304681,129543,5,5,1,10,1,0,0,1,0,16034,30000,47,0,53.4,bonus_as10_gae1_no,107,700000,,,,,97,52,31,12,31,27,6,2,1,42,24,14,7,8,12,3,1,1,3,6,0,false,BIG,4,3,1,V2,3,1,5,3,6,2,0,3_5_fbios_PABUnityIAPiOSDefensiveBase,segment_tag_core_slot_prob_nu_29_06_var_a
70741,2026-04-14 08:19:08,30,2,2,accumulation,goldSack,goldSack,gold,1,false,150000,836204604681,129542,5,5,1,10,0,0,0,0,1,16035,30000,47,1,53.4,bonus_as10_gae1_no,107,700000,,,,,98,52,31,12,31,28,6,2,1,43,24,14,7,8,13,3,1,1,3,3,8,false,BIG,5,5,0,V2,3,1,5,30,2,2,0,3_5_fbios_PABUnityIAPiOSDefensiveBase,segment_tag_core_slot_prob_nu_29_06_var_a
70742,2026-04-14 08:19:13,4,6,2,steal,spins,goldSack,gold,1,false,40000000,836284604681,129142,5,5,400,10,0,1,0,1,0,16035,30000,47,0,53.4,bonus_as10_gae1_no,107,700000,,,,,99,52,32,12,32,28,6,2,1,44,24,15,7,9,13,3,1,1,3,6,4,false,BIG,4,2,2,V2,3,1,5,4,6,2,0,3_5_fbios_PABUnityIAPiOSDefensiveBase,segment_tag_core_slot_prob_nu_29_06_var_a
70743,2026-04-14 08:19:14,3,3,2,attack,attack,goldSack,gold,1,false,40000000,836364604681,128742,5,5,400,10,2,0,0,0,0,16035,30000,47,0,53.4,bonus_as10_gae1_no,107,700000,,,,,100,54,32,12,32,28,6,2,1,45,26,15,7,9,13,3,1,1,7,0,0,false,NORMAL,0,-2,2,V2,3,1,5,3,3,2,0,3_5_fbios_PABUnityIAPiOSDefensiveBase,segment_tag_core_slot_prob_nu_29_06_var_a
70744,2026-04-14 08:19:15,1,6,6,coin,spins,spins,gold,1,false,10000000,836384604681,128342,5,5,400,10,0,0,0,2,0,16035,30000,47,0,53.4,bonus_as10_gae1_no,107,700000,,,,,101,54,32,12,34,28,6,2,1,46,26,15,7,11,13,3,1,1,6,6,1,false,SMALL,-2,-2,0,V2,3,1,5,1,6,6,0,3_5_fbios_PABUnityIAPiOSDefensiveBase,segment_tag_core_slot_prob_nu_29_06_var_a
70745,2026-04-14 08:19:16,3,3,3,attack,attack,attack,attack,2,true,0,836384604681,127942,5,5,400,10,3,0,0,0,0,16035,30000,47,0,53.4,bonus_as10_gae1_no,107,700000,,,,"{""68171e9b"":""838\/5300@m8""}",102,57,32,12,34,28,7,2,1,47,29,15,7,11,13,4,1,1,0,0,0,false,SMALL,-2,-2,0,V2,3,1,5,3,3,3,0,3_5_fbios_PABUnityIAPiOSDefensiveBase,segment_tag_core_slot_prob_nu_29_06_var_a
70746,2026-04-14 08:19:21,3,3,3,attack,attack,attack,attack,2,true,0,843134604681,127542,5,5,400,10,3,0,0,0,0,16035,30000,47,0,53.4,bonus_as10_gae1_no,107,700000,,,,"{""820004c2"":""472\/3200@m8""}",103,60,32,12,34,28,8,2,1,48,32,15,7,11,13,5,1,1,0,0,0,false,NORMAL,0,0,0,V2,3,1,5,3,3,3,0,3_5_fbios_PABUnityIAPiOSDefensiveBase,segment_tag_core_slot_prob_nu_29_06_var_a
70747,2026-04-14 08:19:27,1,1,4,coin,coin,steal,gold,1,false,20000000,864174604681,127142,5,5,400,10,0,1,0,0,0,16035,30000,47,0,53.4,bonus_as10_gae1_no,107,700000,,,,,104,60,33,12,34,28,8,2,1,49,32,16,7,11,13,5,1,1,4,1,1,false,SMALL,-2,-2,0,V2,3,1,5,1,1,4,0,3_5_fbios_PABUnityIAPiOSDefensiveBase,segment_tag_core_slot_prob_nu_29_06_var_a
70748,2026-04-14 08:19:28,1,1,4,coin,coin,steal,gold,1,false,20000000,864214604681,126742,5,5,400,10,0,1,0,0,0,16035,30000,47,0,53.4,bonus_as10_gae1_no,107,700000,,,,,105,60,34,12,34,28,8,2,1,50,32,17,7,11,13,5,1,1,4,5,1,false,MIN,-4,-4,0,V2,3,1,5,1,1,4,0,3_5_fbios_PABUnityIAPiOSDefensiveBase,segment_tag_core_slot_prob_nu_29_06_var_a
70749,2026-04-14 08:19:29,4,4,4,steal,steal,steal,steal,4,true,0,864214604681,126342,5,5,400,10,0,3,0,0,0,16035,30000,47,0,53.4,bonus_as10_gae1_no,107,700000,,,,,106,60,37,12,34,28,8,3,1,51,32,20,7,11,13,5,2,1,4,4,4,false,SMALL,-2,-4,2,V2,3,1,5,4,4,4,0,3_5_fbios_PABUnityIAPiOSDefensiveBase,segment_tag_core_slot_prob_nu_29_06_var_a
70750,2026-04-14 08:19:34,30,2,2,accumulation,goldSack,goldSack,gold,1,false,60000000,979339604681,125942,5,5,400,10,0,0,0,0,1,16435,30000,47,400,54.8,bonus_as10_gae1_no,107,700000,,,,,107,60,37,12,34,29,8,3,1,52,32,20,7,11,14,5,2,1,7,7,8,false,MAX,9,8,1,V2,3,1,5,30,2,2,0,3_5_fbios_PABUnityIAPiOSDefensiveBase,segment_tag_core_slot_prob_nu_29_06_var_a
70751,2026-04-14 08:19:37,30,2,2,accumulation,goldSack,goldSack,gold,1,false,60000000,979464604681,125542,5,5,400,10,0,0,0,0,1,16835,30000,47,400,56.1,bonus_as10_gae1_no,107,700000,,,,,108,60,37,12,34,30,8,3,1,53,32,20,7,11,15,5,2,1,7,3,8,false,MAX,14,11,3,V2,3,1,5,30,2,2,0,3_5_fbios_PABUnityIAPiOSDefensiveBase,segment_tag_core_slot_prob_nu_29_06_var_a
70752,2026-04-14 08:19:39,30,2,2,accumulation,goldSack,goldSack,gold,1,false,225000000,979914604681,124042,5,5,1500,10,0,0,0,0,1,18335,30000,47,1500,61.1,bonus_as10_gae1_no,107,700000,,,,"{""c8bff241"":""1134\/18000@m5""}",109,60,37,12,34,31,8,3,1,54,32,20,7,11,16,5,2,1,3,7,8,false,BIG,7,7,0,V2,3,1,5,30,2,2,0,3_5_fbios_PABUnityIAPiOSDefensiveBase,segment_tag_core_slot_prob_nu_29_06_var_a
70753,2026-04-14 08:19:44,1,4,4,coin,steal,steal,gold,1,false,37500000,979989604681,122542,5,5,1500,10,0,2,0,0,0,18335,30000,47,0,61.1,bonus_as10_gae1_no,107,700000,,,,,110,60,39,12,34,31,8,3,1,55,32,22,7,11,16,5,2,1,4,4,1,false,MIN,-6,-4,-2,V2,3,1,5,1,4,4,0,3_5_fbios_PABUnityIAPiOSDefensiveBase,segment_tag_core_slot_prob_nu_29_06_var_a
70754,2026-04-14 08:19:46,30,2,2,accumulation,goldSack,goldSack,gold,1,false,225000000,980439604681,121042,5,5,1500,10,0,0,0,0,1,19835,30000,47,1500,66.1,bonus_as10_gae1_no,107,700000,,,,,111,60,39,12,34,32,8,3,1,56,32,22,7,11,17,5,2,1,3,7,8,false,BIG,4,6,-2,V2,3,1,5,30,2,2,0,3_5_fbios_PABUnityIAPiOSDefensiveBase,segment_tag_core_slot_prob_nu_29_06_var_a
70755,2026-04-14 08:19:47,3,6,2,attack,spins,goldSack,gold,1,false,150000000,980739604681,119542,5,5,1500,10,1,0,0,1,0,19835,30000,47,0,66.1,bonus_as10_gae1_no,107,700000,,,,,112,61,39,12,35,32,8,3,1,57,33,22,7,12,17,5,2,1,3,6,0,false,NORMAL,0,3,-3,V2,3,1,5,3,6,2,0,3_5_fbios_PABUnityIAPiOSDefensiveBase,segment_tag_core_slot_prob_nu_29_06_var_a
70756,2026-04-14 08:19:52,1,1,1,coin,coin,coin,gold,1,true,100000000,980939604681,119142,5,5,400,10,0,0,0,0,0,19835,30000,47,0,66.1,bonus_as10_gae1_no,107,700000,,,,,113,61,39,12,35,32,8,3,1,58,33,22,7,12,17,5,2,1,5,5,5,false,MIN,-3,-2,-1,V2,3,1,5,1,1,1,0,3_5_fbios_PABUnityIAPiOSDefensiveBase,segment_tag_core_slot_prob_nu_29_06_var_a
70757,2026-04-14 08:19:53,3,6,2,attack,spins,goldSack,gold,1,false,40000000,981019604681,118742,5,5,400,10,1,0,0,1,0,19835,30000,47,0,66.1,bonus_as10_gae1_no,107,700000,,,,"{""68171e9b"":""1238\/5300@m8""}",114,62,39,12,36,32,8,3,1,59,34,22,7,13,17,5,2,1,7,6,0,false,MIN,-3,-2,-1,V2,3,1,5,3,6,2,0,3_5_fbios_PABUnityIAPiOSDefensiveBase,segment_tag_core_slot_prob_nu_29_06_var_a
70758,2026-04-14 08:19:54,1,1,4,coin,coin,steal,gold,1,false,20000000,981059604681,118342,5,5,400,10,0,1,0,0,0,19835,30000,47,0,66.1,bonus_as10_gae1_no,107,700000,,,,"{""820004c2"":""1272\/3200@m8""}",115,62,40,12,36,32,8,3,1,60,34,23,7,13,17,5,2,1,4,5,5,false,SMALL,-2,-1,-1,V2,3,1,5,1,1,4,0,3_5_fbios_PABUnityIAPiOSDefensiveBase,segment_tag_core_slot_prob_nu_29_06_var_a
70759,2026-04-14 08:19:56,30,30,1,accumulation,accumulation,coin,gold,1,false,10000000,981079604681,117942,5,5,400,10,0,0,0,0,2,20635,30000,47,800,68.8,bonus_as10_gae1_no,107,700000,,,,,116,62,40,12,36,34,8,3,1,61,34,23,7,13,19,5,2,1,5,8,8,false,SMALL,-1,0,-1,V2,3,1,5,30,30,1,0,3_5_fbios_PABUnityIAPiOSDefensiveBase,segment_tag_core_slot_prob_nu_29_06_var_a
70760,2026-04-14 08:19:58,2,2,2,goldSack,goldSack,goldSack,gold,1,true,800000000,982579604681,117542,5,5,400,10,0,0,0,0,0,20635,30000,47,0,68.8,bonus_as10_gae1_no,107,700000,,,,,117,62,40,12,36,34,8,3,1,62,34,23,7,13,19,5,2,1,3,3,7,false,SMALL,-1,0,-1,V2,3,1,5,2,2,2,0,3_5_fbios_PABUnityIAPiOSDefensiveBase,segment_tag_core_slot_prob_nu_29_06_var_a
70761,2026-04-14 08:19:59,4,6,2,steal,spins,goldSack,gold,1,false,40000000,982659604681,117142,5,5,400,10,0,1,0,1,0,20635,30000,47,0,68.8,bonus_as10_gae1_no,107,700000,,,,,118,62,41,12,37,34,8,3,1,63,34,24,7,14,19,5,2,1,3,6,4,false,NORMAL,2,2,0,V2,3,1,5,4,6,2,0,3_5_fbios_PABUnityIAPiOSDefensiveBase,segment_tag_core_slot_prob_nu_29_06_var_a
70762,2026-04-14 08:20:00,30,2,2,accumulation,goldSack,goldSack,gold,1,false,60000000,982784604681,116742,5,5,400,10,0,0,0,0,1,21035,30000,47,400,70.1,bonus_as10_gae1_no,107,700000,,,,,119,62,41,12,37,35,8,3,1,64,34,24,7,14,20,5,2,1,7,3,8,false,BIG,7,7,0,V2,3,1,5,30,2,2,0,3_5_fbios_PABUnityIAPiOSDefensiveBase,segment_tag_core_slot_prob_nu_29_06_var_a
70763,2026-04-14 08:20:02,3,3,3,attack,attack,attack,attack,2,true,0,982784604681,116342,5,5,400,10,3,0,0,0,0,21035,30000,47,0,70.1,bonus_as10_gae1_no,107,700000,,,,,120,65,41,12,37,35,9,3,1,65,37,24,7,14,20,6,2,1,0,0,0,false,NORMAL,0,-1,1,V2,3,1,5,3,3,3,0,3_5_fbios_PABUnityIAPiOSDefensiveBase,segment_tag_core_slot_prob_nu_29_06_var_a
70764,2026-04-14 08:20:07,3,1,4,attack,coin,steal,gold,1,false,10000000,989554604681,115942,5,5,400,10,1,1,0,0,0,21035,30000,47,0,70.1,bonus_as10_gae1_no,107,700000,,,,,121,66,42,12,37,35,9,3,1,66,38,25,7,14,20,6,2,1,4,1,0,false,NORMAL,2,1,1,V2,3,1,5,3,1,4,0,3_5_fbios_PABUnityIAPiOSDefensiveBase,segment_tag_core_slot_prob_nu_29_06_var_a
70765,2026-04-14 08:20:08,5,5,5,shield,shield,shield,shield,3,true,400,989554604681,115942,5,5,400,10,0,0,3,0,0,21035,30000,47,0,70.1,bonus_as10_gae1_no,107,700000,,,,,122,66,42,15,37,35,9,3,2,67,38,25,10,14,20,6,2,2,2,2,2,false,NORMAL,0,-1,1,V2,3,1,5,5,5,5,0,3_5_fbios_PABUnityIAPiOSDefensiveBase,segment_tag_core_slot_prob_nu_29_06_var_a
70766,2026-04-14 08:20:15,3,3,2,attack,attack,goldSack,gold,1,false,40000000,989634604681,115542,5,5,400,10,2,0,0,0,0,21035,30000,47,0,70.1,bonus_as10_gae1_no,107,700000,,,,,123,68,42,15,37,35,9,3,2,68,40,25,10,14,20,6,2,2,7,0,0,false,MIN,-3,-4,1,V2,3,1,5,3,3,2,0,3_5_fbios_PABUnityIAPiOSDefensiveBase,segment_tag_core_slot_prob_nu_29_06_var_a
70767,2026-04-14 08:20:17,3,6,2,attack,spins,goldSack,gold,1,false,40000000,989714604681,115142,5,5,400,10,1,0,0,1,0,21035,30000,47,0,70.1,bonus_as10_gae1_no,107,700000,,,,"{""68171e9b"":""1638\/5300@m8"",""820004c2"":""2072\/3200@m8""}",124,69,42,15,38,35,9,3,2,69,41,25,10,15,20,6,2,2,7,6,0,false,NORMAL,1,0,1,V2,3,1,5,3,6,2,0,3_5_fbios_PABUnityIAPiOSDefensiveBase,segment_tag_core_slot_prob_nu_29_06_var_a
70768,2026-04-14 08:20:18,30,2,2,accumulation,goldSack,goldSack,gold,1,false,60000000,989839604681,114742,5,5,400,10,0,0,0,0,1,21435,30000,47,400,71.5,bonus_as10_gae1_no,107,700000,,,,,125,69,42,15,38,36,9,3,2,70,41,25,10,15,21,6,2,2,7,7,8,false,MAX,11,9,2,V2,3,1,5,30,2,2,0,3_5_fbios_PABUnityIAPiOSDefensiveBase,segment_tag_core_slot_prob_nu_29_06_var_a
70769,2026-04-14 08:20:20,1,1,4,coin,coin,steal,gold,1,false,20000000,989879604681,114342,5,5,400,10,0,1,0,0,0,21435,30000,47,0,71.5,bonus_as10_gae1_no,107,700000,,,,,126,69,43,15,38,36,9,3,2,71,41,26,10,15,21,6,2,2,4,1,5,false,BIG,4,2,2,V2,3,1,5,1,1,4,0,3_5_fbios_PABUnityIAPiOSDefensiveBase,segment_tag_core_slot_prob_nu_29_06_var_a
70770,2026-04-14 08:20:21,30,2,2,accumulation,goldSack,goldSack,gold,1,false,60000000,990004604681,113942,5,5,400,10,0,0,0,0,1,21835,30000,47,400,72.8,bonus_as10_gae1_no,107,700000,,,,,127,69,43,15,38,37,9,3,2,72,41,26,10,15,22,6,2,2,7,7,8,false,MAX,11,8,3,V2,3,1,5,30,2,2,0,3_5_fbios_PABUnityIAPiOSDefensiveBase,segment_tag_core_slot_prob_nu_29_06_var_a
70771,2026-04-14 08:20:23,30,30,1,accumulation,accumulation,coin,gold,1,false,37500000,990079604681,112442,5,5,1500,10,0,0,0,0,2,24835,30000,47,3000,82.8,bonus_as10_gae1_no,107,700000,,,,"{""c8bff241"":""4134\/18000@m5""}",128,69,43,15,38,39,9,3,2,73,41,26,10,15,24,6,2,2,1,8,8,false,BIG,5,3,2,V2,3,1,5,30,30,1,0,3_5_fbios_PABUnityIAPiOSDefensiveBase,segment_tag_core_slot_prob_nu_29_06_var_a
70772,2026-04-14 08:20:26,30,2,2,accumulation,goldSack,goldSack,gold,1,false,225000000,990529604681,110942,5,5,1500,10,0,0,0,0,1,26335,30000,47,1500,87.8,bonus_as10_gae1_no,107,700000,,,,,129,69,43,15,38,40,9,3,2,74,41,26,10,15,25,6,2,2,3,7,8,false,MAX,9,7,2,V2,3,1,5,30,2,2,0,3_5_fbios_PABUnityIAPiOSDefensiveBase,segment_tag_core_slot_prob_nu_29_06_var_a
70773,2026-04-14 08:20:30,3,1,4,attack,coin,steal,gold,1,false,37500000,990604604681,109442,5,5,1500,10,1,1,0,0,0,26335,30000,47,0,87.8,bonus_as10_gae1_no,107,700000,,,,,130,70,44,15,38,40,9,3,2,75,42,27,10,15,25,6,2,2,4,5,0,false,NORMAL,0,-2,2,V2,3,1,5,3,1,4,0,3_5_fbios_PABUnityIAPiOSDefensiveBase,segment_tag_core_slot_prob_nu_29_06_var_a
70774,2026-04-14 08:20:32,5,2,2,shield,goldSack,goldSack,gold,1,false,225000000,991054604681,107942,5,5,1500,10,0,0,1,0,0,26335,30000,47,0,87.8,bonus_as10_gae1_no,107,700000,,,,"{""68171e9b"":""3138\/5300@m8""}",131,70,44,16,38,40,9,3,2,76,42,27,11,15,25,6,2,2,3,7,2,false,BIG,6,4,2,V2,3,1,5,5,2,2,0,3_5_fbios_PABUnityIAPiOSDefensiveBase,segment_tag_core_slot_prob_nu_29_06_var_a
70775,2026-04-14 08:20:35,1,1,1,coin,coin,coin,gold,1,true,375000000,991804604681,106442,5,5,1500,10,0,0,0,0,0,26335,30000,47,0,87.8,bonus_as10_gae1_no,107,700000,,,,,132,70,44,16,38,40,9,3,2,77,42,27,11,15,25,6,2,2,1,1,1,false,MIN,-6,-5,-1,V2,3,1,5,1,1,1,0,3_5_fbios_PABUnityIAPiOSDefensiveBase,segment_tag_core_slot_prob_nu_29_06_var_a
70776,2026-04-14 08:20:37,1,1,1,coin,coin,coin,gold,1,true,375000000,992554604681,104942,5,5,1500,10,0,0,0,0,0,26335,30000,47,0,87.8,bonus_as10_gae1_no,107,700000,,,,,133,70,44,16,38,40,9,3,2,78,42,27,11,15,25,6,2,2,5,5,1,false,MIN,-9,-8,-1,V2,3,1,5,1,1,1,0,3_5_fbios_PABUnityIAPiOSDefensiveBase,segment_tag_core_slot_prob_nu_29_06_var_a
70777,2026-04-14 08:20:40,1,4,4,coin,steal,steal,gold,1,false,37500000,992629604681,103442,5,5,1500,10,0,2,0,0,0,26335,30000,47,0,87.8,bonus_as10_gae1_no,107,700000,,,,"{""820004c2"":""1872\/4000@m9""}",134,70,46,16,38,40,9,3,2,79,42,29,11,15,25,6,2,2,4,4,5,false,SMALL,-2,0,-2,V2,3,1,5,1,4,4,0,3_5_fbios_PABUnityIAPiOSDefensiveBase,segment_tag_core_slot_prob_nu_29_06_var_a
70778,2026-04-14 08:20:46,30,30,1,accumulation,accumulation,coin,gold,1,false,10000000,992649604681,103042,5,5,400,10,0,0,0,0,2,27135,30000,47,800,90.5,bonus_as10_gae1_no,107,700000,,,,,135,70,46,16,38,42,9,3,2,80,42,29,11,15,27,6,2,2,5,8,8,false,SMALL,-2,0,-2,V2,3,1,5,30,30,1,0,3_5_fbios_PABUnityIAPiOSDefensiveBase,segment_tag_core_slot_prob_nu_29_06_var_a
70779,2026-04-14 08:20:48,3,3,2,attack,attack,goldSack,gold,1,false,40000000,992729604681,102642,5,5,400,10,2,0,0,0,0,27135,30000,47,0,90.5,bonus_as10_gae1_no,107,700000,,,,,136,72,46,16,38,42,9,3,2,81,44,29,11,15,27,6,2,2,7,0,0,false,SMALL,-2,-2,0,V2,3,1,5,3,3,2,0,3_5_fbios_PABUnityIAPiOSDefensiveBase,segment_tag_core_slot_prob_nu_29_06_var_a
70780,2026-04-14 08:20:49,1,6,6,coin,spins,spins,gold,1,false,10000000,992749604681,102242,5,5,400,10,0,0,0,2,0,27135,30000,47,0,90.5,bonus_as10_gae1_no,107,700000,,,,,137,72,46,16,40,42,9,3,2,82,44,29,11,17,27,6,2,2,6,6,5,false,NORMAL,2,2,0,V2,3,1,5,1,6,6,0,3_5_fbios_PABUnityIAPiOSDefensiveBase,segment_tag_core_slot_prob_nu_29_06_var_a
70781,2026-04-14 08:20:50,5,5,5,shield,shield,shield,shield,3,true,400,992749604681,102242,5,5,400,10,0,0,3,0,0,27135,30000,47,0,90.5,bonus_as10_gae1_no,107,700000,,,,,138,72,46,19,40,42,9,3,3,83,44,29,14,17,27,6,2,3,2,2,2,false,SMALL,-1,-1,0,V2,3,1,5,5,5,5,0,3_5_fbios_PABUnityIAPiOSDefensiveBase,segment_tag_core_slot_prob_nu_29_06_var_a
70782,2026-04-14 08:20:55,1,1,1,coin,coin,coin,gold,1,true,100000000,992949604681,101842,5,5,400,10,0,0,0,0,0,27135,30000,47,0,90.5,bonus_as10_gae1_no,107,700000,,,,"{""68171e9b"":""3538\/5300@m8""}",139,72,46,19,40,42,9,3,3,84,44,29,14,17,27,6,2,3,1,5,1,false,MIN,-11,-9,-2,V2,3,1,5,1,1,1,0,3_5_fbios_PABUnityIAPiOSDefensiveBase,segment_tag_core_slot_prob_nu_29_06_var_a
70783,2026-04-14 08:20:57,5,5,5,shield,shield,shield,shield,3,true,400,992949604681,101842,5,5,400,10,0,0,3,0,0,27135,30000,47,0,90.5,bonus_as10_gae1_no,107,700000,,,,,140,72,46,22,40,42,9,3,4,85,44,29,17,17,27,6,2,4,2,2,2,false,MIN,-3,-1,-2,V2,3,1,5,5,5,5,0,3_5_fbios_PABUnityIAPiOSDefensiveBase,segment_tag_core_slot_prob_nu_29_06_var_a
70784,2026-04-14 08:20:58,3,1,4,attack,coin,steal,gold,1,false,10000000,992969604681,101442,5,5,400,10,1,1,0,0,0,27135,30000,47,0,90.5,bonus_as10_gae1_no,107,700000,,,,,141,73,47,22,40,42,9,3,4,86,45,30,17,17,27,6,2,4,4,1,0,false,MIN,-4,-2,-2,V2,3,1,5,3,1,4,0,3_5_fbios_PABUnityIAPiOSDefensiveBase,segment_tag_core_slot_prob_nu_29_06_var_a
70785,2026-04-14 08:20:59,3,6,2,attack,spins,goldSack,gold,1,false,40000000,993049604681,101042,5,5,400,10,1,0,0,1,0,27135,30000,47,0,90.5,bonus_as10_gae1_no,107,700000,,,,,142,74,47,22,41,42,9,3,4,87,46,30,17,18,27,6,2,4,3,6,0,false,NORMAL,3,3,0,V2,3,1,5,3,6,2,0,3_5_fbios_PABUnityIAPiOSDefensiveBase,segment_tag_core_slot_prob_nu_29_06_var_a
70786,2026-04-14 08:21:01,4,4,4,steal,steal,steal,steal,4,true,0,993049604681,100642,5,5,400,10,0,3,0,0,0,27135,30000,47,0,90.5,bonus_as10_gae1_no,107,700000,,,,,143,74,50,22,41,42,9,4,4,88,46,33,17,18,27,6,3,4,4,4,4,false,MIN,-5,-5,0,V2,3,1,5,4,4,4,0,3_5_fbios_PABUnityIAPiOSDefensiveBase,segment_tag_core_slot_prob_nu_29_06_var_a
70787,2026-04-14 08:21:06,30,2,2,accumulation,goldSack,goldSack,gold,1,false,60000000,1023174604681,100242,5,5,400,10,0,0,0,0,1,27535,30000,47,400,91.8,bonus_as10_gae1_no,107,700000,,,,"{""68171e9b"":""3938\/5300@m8""}",144,74,50,22,41,43,9,4,4,89,46,33,17,18,28,6,3,4,7,7,8,false,MAX,8,8,0,V2,3,1,5,30,2,2,0,3_5_fbios_PABUnityIAPiOSDefensiveBase,segment_tag_core_slot_prob_nu_29_06_var_a
70788,2026-04-14 08:21:08,1,1,4,coin,coin,steal,gold,1,false,20000000,1023214604681,99842,5,5,400,10,0,1,0,0,0,27535,30000,47,0,91.8,bonus_as10_gae1_no,107,700000,,,,,145,74,51,22,41,43,9,4,4,90,46,34,17,18,28,6,3,4,4,1,5,false,NORMAL,3,3,0,V2,3,1,5,1,1,4,0,3_5_fbios_PABUnityIAPiOSDefensiveBase,segment_tag_core_slot_prob_nu_29_06_var_a
70789,2026-04-14 08:21:09,30,30,30,accumulation,accumulation,accumulation,gold,10,true,0,1023214604681,99442,5,5,400,10,0,0,0,0,3,285,500,50,0,57.0,,107,700000,,,,"{""820004c2"":""2672\/4000@m9""}",146,74,51,22,41,46,9,4,4,91,46,34,17,18,31,6,3,4,8,8,8,true,NORMAL,1,1,0,V2,3,1,5,30,30,30,0,3_5_fbios_PABUnityIAPiOSDefensiveBase,segment_tag_core_slot_prob_nu_29_06_var_a
70790,2026-04-14 08:21:23,3,6,2,attack,spins,goldSack,gold,1,false,100000,1026264804681,165816,5,5,1,10,1,0,0,1,0,285,500,50,0,57.0,,107,700000,,,,,1,1,0,0,1,0,0,0,0,92,47,34,17,19,31,6,3,4,3,6,0,false,NORMAL,2,2,0,V2,3,1,5,3,6,2,0,3_5_fbios_PABUnityIAPiOSDefensiveBase,segment_tag_core_slot_prob_nu_29_06_var_a
70791,2026-04-14 08:21:23,1,1,6,coin,coin,spins,gold,1,false,50000,1026264904681,165815,5,5,1,10,0,0,0,1,0,285,500,50,0,57.0,,107,700000,,,,,2,1,0,0,2,0,0,0,0,93,47,34,17,20,31,6,3,4,6,1,5,false,NORMAL,1,1,0,V2,3,1,5,1,1,6,0,3_5_fbios_PABUnityIAPiOSDefensiveBase,segment_tag_core_slot_prob_nu_29_06_var_a
70792,2026-04-14 08:21:24,1,1,1,coin,coin,coin,gold,1,true,250000,1026265404681,165814,5,5,1,10,0,0,0,0,0,285,500,50,0,57.0,,107,700000,,,,,3,1,0,0,2,0,0,0,0,94,47,34,17,20,31,6,3,4,-1,-1,-1,false,,0,0,0,,-1,-1,-1,-1,-1,-1,0,3_5_fbios_PABUnityIAPiOSDefensiveBase,segment_tag_core_slot_prob_nu_29_06_var_a
70793,2026-04-14 08:21:24,30,30,1,accumulation,accumulation,coin,gold,1,false,25000,1026265454681,165813,5,5,1,10,0,0,0,0,2,287,500,50,2,57.4,,107,700000,,,,,4,1,0,0,2,2,0,0,0,95,47,34,17,20,33,6,3,4,1,8,8,false,NORMAL,2,1,1,V2,3,1,5,30,30,1,0,3_5_fbios_PABUnityIAPiOSDefensiveBase,segment_tag_core_slot_prob_nu_29_06_var_a
70794,2026-04-14 08:21:25,30,2,2,accumulation,goldSack,goldSack,gold,1,false,150000,1026265754681,165812,5,5,1,10,0,0,0,0,1,288,500,50,1,57.6,,107,700000,,,,,5,1,0,0,2,3,0,0,0,96,47,34,17,20,34,6,3,4,7,7,8,false,MAX,10,9,1,V2,3,1,5,30,2,2,0,3_5_fbios_PABUnityIAPiOSDefensiveBase,segment_tag_core_slot_prob_nu_29_06_var_a
70795,2026-04-14 08:21:27,3,3,3,attack,attack,attack,attack,2,true,0,1026265754681,165811,5,5,1,10,3,0,0,0,0,288,500,50,0,57.6,,107,700000,,,,,6,4,0,0,2,3,1,0,0,97,50,34,17,20,34,7,3,4,0,0,0,false,SMALL,-1,-2,1,V2,3,1,5,3,3,3,0,3_5_fbios_PABUnityIAPiOSDefensiveBase,segment_tag_core_slot_prob_nu_29_06_var_a
70796,2026-04-14 08:21:31,5,5,5,shield,shield,shield,shield,3,true,1,1026315754681,165811,5,5,1,10,0,0,3,0,0,288,500,50,0,57.6,,107,700000,,,,,7,4,0,3,2,3,1,0,1,98,50,34,20,20,34,7,3,5,2,2,2,false,NORMAL,0,-1,1,V2,3,1,5,5,5,5,0,3_5_fbios_PABUnityIAPiOSDefensiveBase,segment_tag_core_slot_prob_nu_29_06_var_a
70797,2026-04-14 08:21:31,2,2,2,goldSack,goldSack,goldSack,gold,1,true,2000000,1026319754681,165810,5,5,1,10,0,0,0,0,0,288,500,50,0,57.6,,107,700000,,,,,8,4,0,3,2,3,1,0,1,99,50,34,20,20,34,7,3,5,7,7,7,false,NORMAL,2,1,1,V2,3,1,5,2,2,2,0,3_5_fbios_PABUnityIAPiOSDefensiveBase,segment_tag_core_slot_prob_nu_29_06_var_a
70798,2026-04-14 08:21:32,3,3,2,attack,attack,goldSack,gold,1,false,100000,1026319954681,165809,5,5,1,10,2,0,0,0,0,288,500,50,0,57.6,,107,700000,,,,,9,6,0,3,2,3,1,0,1,100,52,34,20,20,34,7,3,5,7,0,0,false,NORMAL,0,-1,1,V2,3,1,5,3,3,2,0,3_5_fbios_PABUnityIAPiOSDefensiveBase,segment_tag_core_slot_prob_nu_29_06_var_a
70799,2026-04-14 08:21:33,3,3,3,attack,attack,attack,attack,2,true,0,1026319954681,165808,5,5,1,10,3,0,0,0,0,288,500,50,0,57.6,,107,700000,,,,"{""68171e9b"":""3939\/5300@m8""}",10,9,0,3,2,3,2,0,1,101,55,34,20,20,34,8,3,5,0,0,0,false,NORMAL,0,-1,1,V2,3,1,5,3,3,3,0,3_5_fbios_PABUnityIAPiOSDefensiveBase,segment_tag_core_slot_prob_nu_29_06_var_a
70800,2026-04-14 08:21:37,30,2,2,accumulation,goldSack,goldSack,gold,1,false,150000,1026337454681,165807,5,5,1,10,0,0,0,0,1,289,500,50,1,57.8,,107,700000,,,,,11,9,0,3,2,4,2,0,1,102,55,34,20,20,35,8,3,5,7,3,8,false,MAX,9,7,2,V2,3,1,5,30,2,2,0,3_5_fbios_PABUnityIAPiOSDefensiveBase,segment_tag_core_slot_prob_nu_29_06_var_a
70801,2026-04-14 08:21:38,5,5,5,shield,shield,shield,shield,3,true,1,1026337454681,165807,5,5,1,10,0,0,3,0,0,289,500,50,0,57.8,,107,700000,,,,,12,9,0,6,2,4,2,0,2,103,55,34,23,20,35,8,3,6,2,2,2,false,NORMAL,1,-1,2,V2,3,1,5,5,5,5,0,3_5_fbios_PABUnityIAPiOSDefensiveBase,segment_tag_core_slot_prob_nu_29_06_var_a
70802,2026-04-14 08:21:39,1,6,6,coin,spins,spins,gold,1,false,25000,1026337504681,165806,5,5,1,10,0,0,0,2,0,289,500,50,0,57.8,,107,700000,,,,,13,9,0,6,4,4,2,0,2,104,55,34,23,22,35,8,3,6,6,6,1,false,MIN,-6,-5,-1,V2,3,1,5,1,6,6,0,3_5_fbios_PABUnityIAPiOSDefensiveBase,segment_tag_core_slot_prob_nu_29_06_var_a
70803,2026-04-14 08:21:39,1,1,1,coin,coin,coin,gold,1,true,250000,1026338004681,165805,5,5,1,10,0,0,0,0,0,289,500,50,0,57.8,,107,700000,,,,,14,9,0,6,4,4,2,0,2,105,55,34,23,22,35,8,3,6,5,5,1,false,MIN,-9,-8,-1,V2,3,1,5,1,1,1,0,3_5_fbios_PABUnityIAPiOSDefensiveBase,segment_tag_core_slot_prob_nu_29_06_var_a
70804,2026-04-14 08:21:40,3,3,3,attack,attack,attack,attack,2,true,0,1026338004681,165804,5,5,1,10,3,0,0,0,0,289,500,50,0,57.8,,107,700000,,,,,15,12,0,6,4,4,3,0,2,106,58,34,23,22,35,9,3,6,-1,-1,-1,false,,0,0,0,,-1,-1,-1,-1,-1,-1,0,3_5_fbios_PABUnityIAPiOSDefensiveBase,segment_tag_core_slot_prob_nu_29_06_var_a
70805,2026-04-14 08:21:44,1,1,1,coin,coin,coin,gold,1,true,250000,1026355704681,165803,5,5,1,10,0,0,0,0,0,289,500,50,0,57.8,,107,700000,,,,"{""c8bff241"":""4136\/18000@m5""}",16,12,0,6,4,4,3,0,2,107,58,34,23,22,35,9,3,6,1,5,1,false,MIN,-7,-6,-1,V2,3,1,5,1,1,1,0,3_5_fbios_PABUnityIAPiOSDefensiveBase,segment_tag_core_slot_prob_nu_29_06_var_a
70806,2026-04-14 08:21:44,1,4,4,coin,steal,steal,gold,1,false,25000,1026355754681,165802,5,5,1,10,0,2,0,0,0,289,500,50,0,57.8,,107,700000,,,,,17,12,2,6,4,4,3,0,2,108,58,36,23,22,35,9,3,6,4,4,1,false,MIN,-4,-3,-1,V2,3,1,5,1,4,4,0,3_5_fbios_PABUnityIAPiOSDefensiveBase,segment_tag_core_slot_prob_nu_29_06_var_a
70807,2026-04-14 08:21:45,3,3,2,attack,attack,goldSack,gold,1,false,100000,1026355954681,165801,5,5,1,10,2,0,0,0,0,289,500,50,0,57.8,,107,700000,,,,,18,14,2,6,4,4,3,0,2,109,60,36,23,22,35,9,3,6,3,0,0,false,NORMAL,0,1,-1,V2,3,1,5,3,3,2,0,3_5_fbios_PABUnityIAPiOSDefensiveBase,segment_tag_core_slot_prob_nu_29_06_var_a
70808,2026-04-14 08:21:46,1,4,4,coin,steal,steal,gold,1,false,25000,1026356004681,165800,5,5,1,10,0,2,0,0,0,289,500,50,0,57.8,,107,700000,,,,"{""820004c2"":""2674\/4000@m9""}",19,14,4,6,4,4,3,0,2,110,60,38,23,22,35,9,3,6,4,4,1,false,MIN,-5,-4,-1,V2,3,1,5,1,4,4,0,3_5_fbios_PABUnityIAPiOSDefensiveBase,segment_tag_core_slot_prob_nu_29_06_var_a
70809,2026-04-14 08:21:47,3,4,2,attack,steal,goldSack,gold,1,false,100000,1026356204681,165799,5,5,1,10,1,1,0,0,0,289,500,50,0,57.8,,107,700000,,,,,20,15,5,6,4,4,3,0,2,111,61,39,23,22,35,9,3,6,3,4,0,false,NORMAL,2,3,-1,V2,3,1,5,3,4,2,0,3_5_fbios_PABUnityIAPiOSDefensiveBase,segment_tag_core_slot_prob_nu_29_06_var_a
70810,2026-04-14 08:21:47,30,30,1,accumulation,accumulation,coin,gold,1,false,25000,1026356254681,165798,5,5,1,10,0,0,0,0,2,291,500,50,2,58.2,,107,700000,,,,"{""68171e9b"":""3940\/5300@m8""}",21,15,5,6,4,6,3,0,2,112,61,39,23,22,37,9,3,6,1,8,8,false,NORMAL,0,1,-1,V2,3,1,5,30,30,1,0,3_5_fbios_PABUnityIAPiOSDefensiveBase,segment_tag_core_slot_prob_nu_29_06_var_a
70811,2026-04-14 08:21:49,3,4,2,attack,steal,goldSack,gold,1,false,100000,1026356454681,165797,5,5,1,10,1,1,0,0,0,291,500,50,0,58.2,,107,700000,,,,,22,16,6,6,4,6,3,0,2,113,62,40,23,22,37,9,3,6,3,4,0,false,BIG,4,3,1,V2,3,1,5,3,4,2,0,3_5_fbios_PABUnityIAPiOSDefensiveBase,segment_tag_core_slot_prob_nu_29_06_var_a
70812,2026-04-14 08:21:51,30,30,30,accumulation,accumulation,accumulation,gold,10,true,0,1026356454681,165796,5,5,1,10,0,0,0,0,3,301,500,50,10,60.2,,107,700000,,,,"{""820004c2"":""2676\/4000@m9""}",23,16,6,6,4,9,3,0,2,114,62,40,23,22,40,9,3,6,8,8,8,true,NORMAL,2,1,1,V2,3,1,5,30,30,30,0,3_5_fbios_PABUnityIAPiOSDefensiveBase,segment_tag_core_slot_prob_nu_29_06_var_a
70813,2026-04-14 08:21:54,2,2,2,goldSack,goldSack,goldSack,gold,1,true,2000000,1026360454681,165795,5,5,1,10,0,0,0,0,0,301,500,50,0,60.2,,107,700000,,,,,1,0,0,0,0,0,0,0,0,115,62,40,23,22,40,9,3,6,7,3,3,false,BIG,6,5,1,V2,3,1,5,2,2,2,0,3_5_fbios_PABUnityIAPiOSDefensiveBase,segment_tag_core_slot_prob_nu_29_06_var_a
70814,2026-04-14 08:21:54,1,1,1,coin,coin,coin,gold,1,true,250000,1026360954681,165794,5,5,1,10,0,0,0,0,0,301,500,50,0,60.2,,107,700000,,,,,2,0,0,0,0,0,0,0,0,116,62,40,23,22,40,9,3,6,1,1,5,false,NORMAL,1,0,1,V2,3,1,5,1,1,1,0,3_5_fbios_PABUnityIAPiOSDefensiveBase,segment_tag_core_slot_prob_nu_29_06_var_a
70815,2026-04-14 08:21:55,3,6,2,attack,spins,goldSack,gold,1,false,100000,1026361154681,165793,5,5,1,10,1,0,0,1,0,301,500,50,0,60.2,,107,700000,,,,,3,1,0,0,1,0,0,0,0,117,63,40,23,23,40,9,3,6,7,6,0,false,SMALL,-1,-2,1,V2,3,1,5,3,6,2,0,3_5_fbios_PABUnityIAPiOSDefensiveBase,segment_tag_core_slot_prob_nu_29_06_var_a
70816,2026-04-14 08:21:57,30,30,1,accumulation,accumulation,coin,gold,1,false,25000,1026361204681,165792,5,5,1,10,0,0,0,0,2,303,500,50,2,60.6,,107,700000,,,,"{""68171e9b"":""3941\/5300@m8""}",4,1,0,0,1,2,0,0,0,118,63,40,23,23,42,9,3,6,5,8,8,false,NORMAL,1,0,1,V2,3,1,5,30,30,1,0,3_5_fbios_PABUnityIAPiOSDefensiveBase,segment_tag_core_slot_prob_nu_29_06_var_a
70817,2026-04-14 08:21:58,3,4,2,attack,steal,goldSack,gold,1,false,100000,1026361404681,165791,5,5,1,10,1,1,0,0,0,303,500,50,0,60.6,,107,700000,,,,,5,2,1,0,1,2,0,0,0,119,64,41,23,23,42,9,3,6,3,4,0,false,BIG,4,3,1,V2,3,1,5,3,4,2,0,3_5_fbios_PABUnityIAPiOSDefensiveBase,segment_tag_core_slot_prob_nu_29_06_var_a
70818,2026-04-14 08:21:59,30,2,2,accumulation,goldSack,goldSack,gold,1,false,150000,1026361704681,165790,5,5,1,10,0,0,0,0,1,304,500,50,1,60.8,,107,700000,,,,,6,2,1,0,1,3,0,0,0,120,64,41,23,23,43,9,3,6,3,3,8,false,BIG,6,5,1,V2,3,1,5,30,2,2,0,3_5_fbios_PABUnityIAPiOSDefensiveBase,segment_tag_core_slot_prob_nu_29_06_var_a
70819,2026-04-14 08:22:00,3,4,2,attack,steal,goldSack,gold,1,false,100000,1026361904681,165789,5,5,1,10,1,1,0,0,0,304,500,50,0,60.8,,107,700000,,,,,7,3,2,0,1,3,0,0,0,121,65,42,23,23,43,9,3,6,3,4,0,false,BIG,5,4,1,V2,3,1,5,3,4,2,0,3_5_fbios_PABUnityIAPiOSDefensiveBase,segment_tag_core_slot_prob_nu_29_06_var_a
70820,2026-04-14 08:22:00,30,2,2,accumulation,goldSack,goldSack,gold,1,false,150000,1026362204681,165788,5,5,1,10,0,0,0,0,1,305,500,50,1,61.0,,107,700000,,,,,8,3,2,0,1,4,0,0,0,122,65,42,23,23,44,9,3,6,-1,-1,-1,false,,0,0,0,,-1,-1,-1,-1,-1,-1,0,3_5_fbios_PABUnityIAPiOSDefensiveBase,segment_tag_core_slot_prob_nu_29_06_var_a
70821,2026-04-14 08:22:01,5,2,2,shield,goldSack,goldSack,gold,1,false,150000,1026362504681,165787,5,5,1,10,0,0,1,0,0,305,500,50,0,61.0,,107,700000,,,,,9,3,2,1,1,4,0,0,0,123,65,42,24,23,44,9,3,6,7,3,2,false,BIG,5,4,1,V2,3,1,5,5,2,2,0,3_5_fbios_PABUnityIAPiOSDefensiveBase,segment_tag_core_slot_prob_nu_29_06_var_a
70822,2026-04-14 08:22:02,1,4,6,coin,steal,spins,gold,1,false,25000,1026362554681,165786,5,5,1,10,0,1,0,1,0,305,500,50,0,61.0,,107,700000,,,,,10,3,3,1,2,4,0,0,0,124,65,43,24,24,44,9,3,6,6,4,5,false,BIG,4,3,1,V2,3,1,5,1,4,6,0,3_5_fbios_PABUnityIAPiOSDefensiveBase,segment_tag_core_slot_prob_nu_29_06_var_a
70823,2026-04-14 08:22:03,30,2,2,accumulation,goldSack,goldSack,gold,1,false,150000,1026362854681,165785,5,5,1,10,0,0,0,0,1,306,500,50,1,61.2,,107,700000,,,,"{""820004c2"":""2678\/4000@m9"",""68171e9b"":""3942\/5300@m8""}",11,3,3,1,2,5,0,0,0,125,65,43,24,24,45,9,3,6,3,3,8,false,BIG,5,4,1,V2,3,1,5,30,2,2,0,3_5_fbios_PABUnityIAPiOSDefensiveBase,segment_tag_core_slot_prob_nu_29_06_var_a
70824,2026-04-14 08:22:04,1,1,1,coin,coin,coin,gold,1,true,250000,1026363354681,165784,5,5,1,10,0,0,0,0,0,306,500,50,0,61.2,,107,700000,,,,,12,3,3,1,2,5,0,0,0,126,65,43,24,24,45,9,3,6,1,5,5,false,NORMAL,1,0,1,V2,3,1,5,1,1,1,0,3_5_fbios_PABUnityIAPiOSDefensiveBase,segment_tag_core_slot_prob_nu_29_06_var_a
70825,2026-04-14 08:22:05,1,1,1,coin,coin,coin,gold,1,true,250000,1026363854681,165783,5,5,1,10,0,0,0,0,0,306,500,50,0,61.2,,107,700000,,,,,13,3,3,1,2,5,0,0,0,127,65,43,24,24,45,9,3,6,5,1,1,false,MIN,-6,-4,-2,V2,3,1,5,1,1,1,0,3_5_fbios_PABUnityIAPiOSDefensiveBase,segment_tag_core_slot_prob_nu_29_06_var_a
70826,2026-04-14 08:22:06,30,2,2,accumulation,goldSack,goldSack,gold,1,false,150000,1026364154681,165782,5,5,1,10,0,0,0,0,1,307,500,50,1,61.4,,107,700000,,,,,14,3,3,1,2,6,0,0,0,128,65,43,24,24,46,9,3,6,7,7,8,false,BIG,6,8,-2,V2,3,1,5,30,2,2,0,3_5_fbios_PABUnityIAPiOSDefensiveBase,segment_tag_core_slot_prob_nu_29_06_var_a
70827,2026-04-14 08:22:07,30,2,2,accumulation,goldSack,goldSack,gold,1,false,150000,1026364454681,165781,5,5,1,10,0,0,0,0,1,308,500,50,1,61.6,,107,700000,,,,,15,3,3,1,2,7,0,0,0,129,65,43,24,24,47,9,3,6,3,7,8,false,BIG,6,8,-2,V2,3,1,5,30,2,2,0,3_5_fbios_PABUnityIAPiOSDefensiveBase,segment_tag_core_slot_prob_nu_29_06_var_a
70828,2026-04-14 08:22:08,3,4,2,attack,steal,goldSack,gold,1,false,100000,1026364654681,165780,5,5,1,10,1,1,0,0,0,308,500,50,0,61.6,,107,700000,,,,"{""68171e9b"":""3943\/5300@m8""}",16,4,4,1,2,7,0,0,0,130,66,44,24,24,47,9,3,6,7,4,0,false,SMALL,-2,-1,-1,V2,3,1,5,3,4,2,0,3_5_fbios_PABUnityIAPiOSDefensiveBase,segment_tag_core_slot_prob_nu_29_06_var_a
70829,2026-04-14 08:22:09,3,3,2,attack,attack,goldSack,gold,1,false,100000,1026364854681,165779,5,5,1,10,2,0,0,0,0,308,500,50,0,61.6,,107,700000,,,,"{""820004c2"":""2680\/4000@m9""}",17,6,4,1,2,7,0,0,0,131,68,44,24,24,47,9,3,6,7,0,0,false,NORMAL,0,0,0,V2,3,1,5,3,3,2,0,3_5_fbios_PABUnityIAPiOSDefensiveBase,segment_tag_core_slot_prob_nu_29_06_var_a
70830,2026-04-14 08:22:10,3,4,2,attack,steal,goldSack,gold,1,false,100000,1026365054681,165778,5,5,1,10,1,1,0,0,0,308,500,50,0,61.6,,107,700000,,,,,18,7,5,1,2,7,0,0,0,132,69,45,24,24,47,9,3,6,7,4,0,false,NORMAL,1,1,0,V2,3,1,5,3,4,2,0,3_5_fbios_PABUnityIAPiOSDefensiveBase,segment_tag_core_slot_prob_nu_29_06_var_a
70831,2026-04-14 08:22:10,1,1,6,coin,coin,spins,gold,1,false,50000,1026365154681,165777,5,5,1,10,0,0,0,1,0,308,500,50,0,61.6,,107,700000,,,,,19,7,5,1,3,7,0,0,0,133,69,45,24,25,47,9,3,6,6,1,5,false,NORMAL,2,2,0,V2,3,1,5,1,1,6,0,3_5_fbios_PABUnityIAPiOSDefensiveBase,segment_tag_core_slot_prob_nu_29_06_var_a
70832,2026-04-14 08:22:11,3,4,2,attack,steal,goldSack,gold,1,false,100000,1026365354681,165776,5,5,1,10,1,1,0,0,0,308,500,50,0,61.6,,107,700000,,,,,20,8,6,1,3,7,0,0,0,134,70,46,24,25,47,9,3,6,7,4,0,false,SMALL,-1,-1,0,V2,3,1,5,3,4,2,0,3_5_fbios_PABUnityIAPiOSDefensiveBase,segment_tag_core_slot_prob_nu_29_06_var_a
70833,2026-04-14 08:22:11,4,4,4,steal,steal,steal,steal,4,true,0,1026365354681,165775,5,5,1,10,0,3,0,0,0,308,500,50,0,61.6,,107,700000,,,,,21,8,9,1,3,7,0,1,0,135,70,49,24,25,47,9,4,6,4,4,4,false,MIN,-5,-5,0,V2,3,1,5,4,4,4,0,3_5_fbios_PABUnityIAPiOSDefensiveBase,segment_tag_core_slot_prob_nu_29_06_var_a
70834,2026-04-14 08:22:17,30,2,2,accumulation,goldSack,goldSack,gold,1,false,150000,1026465654681,165774,5,5,1,10,0,0,0,0,1,309,500,50,1,61.8,,107,700000,,,,"{""c8bff241"":""4138\/18000@m5""}",22,8,9,1,3,8,0,1,0,136,70,49,24,25,48,9,4,6,3,7,8,false,BIG,6,6,0,V2,3,1,5,30,2,2,0,3_5_fbios_PABUnityIAPiOSDefensiveBase,segment_tag_core_slot_prob_nu_29_06_var_a
70835,2026-04-14 08:22:18,1,1,6,coin,coin,spins,gold,1,false,50000,1026465754681,165773,5,5,1,10,0,0,0,1,0,309,500,50,0,61.8,,107,700000,,,,,23,8,9,1,4,8,0,1,0,137,70,49,24,26,48,9,4,6,6,1,5,false,BIG,5,4,1,V2,3,1,5,1,1,6,0,3_5_fbios_PABUnityIAPiOSDefensiveBase,segment_tag_core_slot_prob_nu_29_06_var_a
70836,2026-04-14 08:22:19,3,1,1,attack,coin,coin,gold,1,false,50000,1026465854681,165772,5,5,1,10,1,0,0,0,0,309,500,50,0,61.8,,107,700000,,,,"{""68171e9b"":""3944\/5300@m8"",""820004c2"":""2682\/4000@m9""}",24,9,9,1,4,8,0,1,0,138,71,49,24,26,48,9,4,6,1,5,0,false,SMALL,-1,-2,1,V2,3,1,5,3,1,1,0,3_5_fbios_PABUnityIAPiOSDefensiveBase,segment_tag_core_slot_prob_nu_29_06_var_a
70837,2026-04-14 08:22:20,4,4,4,steal,steal,steal,steal,4,true,0,1026465854681,165771,5,5,1,10,0,3,0,0,0,309,500,50,0,61.8,,107,700000,,,,,25,9,12,1,4,8,0,2,0,139,71,52,24,26,48,9,5,6,4,4,4,false,SMALL,-2,-5,3,V2,3,1,5,4,4,4,0,3_5_fbios_PABUnityIAPiOSDefensiveBase,segment_tag_core_slot_prob_nu_29_06_var_a
70838,2026-04-14 08:22:25,1,6,6,coin,spins,spins,gold,1,false,25000,1026890904681,165770,5,5,1,10,0,0,0,2,0,309,500,50,0,61.8,,107,700000,,,,,26,9,12,1,6,8,0,2,0,140,71,52,24,28,48,9,5,6,6,6,1,false,MIN,-3,-3,0,V2,3,1,5,1,6,6,0,3_5_fbios_PABUnityIAPiOSDefensiveBase,segment_tag_core_slot_prob_nu_29_06_var_a
70839,2026-04-14 08:22:25,2,2,2,goldSack,goldSack,goldSack,gold,1,true,2000000,1026894904681,165769,5,5,1,10,0,0,0,0,0,309,500,50,0,61.8,,107,700000,,,,,27,9,12,1,6,8,0,2,0,141,71,52,24,28,48,9,5,6,7,7,3,false,BIG,7,7,0,V2,3,1,5,2,2,2,0,3_5_fbios_PABUnityIAPiOSDefensiveBase,segment_tag_core_slot_prob_nu_29_06_var_a
70840,2026-04-14 08:22:26,3,3,3,attack,attack,attack,attack,2,true,0,1026894904681,165768,5,5,1,10,3,0,0,0,0,309,500,50,0,61.8,,107,700000,,,,,28,12,12,1,6,8,1,2,0,142,74,52,24,28,48,10,5,6,-1,-1,-1,false,,0,0,0,,-1,-1,-1,-1,-1,-1,0,3_5_fbios_PABUnityIAPiOSDefensiveBase,segment_tag_core_slot_prob_nu_29_06_var_a
70841,2026-04-14 08:22:29,3,3,3,attack,attack,attack,attack,2,true,0,1026944904681,165767,5,5,1,10,3,0,0,0,0,309,500,50,0,61.8,,107,700000,,,,,29,15,12,1,6,8,2,2,0,143,77,52,24,28,48,11,5,6,0,0,0,false,SMALL,-2,-2,0,V2,3,1,5,3,3,3,0,3_5_fbios_PABUnityIAPiOSDefensiveBase,segment_tag_core_slot_prob_nu_29_06_var_a
70842,2026-04-14 08:22:34,4,4,4,steal,steal,steal,steal,4,true,0,1026962104681,165766,5,5,1,10,0,3,0,0,0,309,500,50,0,61.8,,107,700000,,,,,30,15,15,1,6,8,2,3,0,144,77,55,24,28,48,11,6,6,4,4,4,false,MIN,-3,-5,2,V2,3,1,5,4,4,4,0,3_5_fbios_PABUnityIAPiOSDefensiveBase,segment_tag_core_slot_prob_nu_29_06_var_a
70843,2026-04-14 08:22:39,1,5,5,coin,shield,shield,gold,1,false,25000,1027137154681,165765,5,5,1,10,0,0,2,0,0,309,500,50,0,61.8,,107,700000,,,,,31,15,15,3,6,8,2,3,0,145,77,55,26,28,48,11,6,6,2,2,5,false,NORMAL,2,0,2,V2,3,1,5,1,5,5,0,3_5_fbios_PABUnityIAPiOSDefensiveBase,segment_tag_core_slot_prob_nu_29_06_var_a
70844,2026-04-14 08:22:39,30,2,2,accumulation,goldSack,goldSack,gold,1,false,150000,1027137454681,165764,5,5,1,10,0,0,0,0,1,310,500,50,1,62.0,,107,700000,,,,"{""820004c2"":""2684\/4000@m9""}",32,15,15,3,6,9,2,3,0,146,77,55,26,28,49,11,6,6,-1,-1,-1,false,,0,0,0,,-1,-1,-1,-1,-1,-1,0,3_5_fbios_PABUnityIAPiOSDefensiveBase,segment_tag_core_slot_prob_nu_29_06_var_a
70845,2026-04-14 08:22:41,1,1,1,coin,coin,coin,gold,1,true,250000,1027137954681,165763,5,5,1,10,0,0,0,0,0,310,500,50,0,62.0,,107,700000,,,,"{""c8bff241"":""4140\/18000@m5"",""68171e9b"":""3945\/5300@m8""}",33,15,15,3,6,9,2,3,0,147,77,55,26,28,49,11,6,6,1,1,5,false,BIG,5,3,2,V2,3,1,5,1,1,1,0,3_5_fbios_PABUnityIAPiOSDefensiveBase,segment_tag_core_slot_prob_nu_29_06_var_a
70846,2026-04-14 08:22:42,3,4,2,attack,steal,goldSack,gold,1,false,100000,1027138154681,165762,5,5,1,10,1,1,0,0,0,310,500,50,0,62.0,,107,700000,,,,,34,16,16,3,6,9,2,3,0,148,78,56,26,28,49,11,6,6,3,4,0,false,BIG,5,3,2,V2,3,1,5,3,4,2,0,3_5_fbios_PABUnityIAPiOSDefensiveBase,segment_tag_core_slot_prob_nu_29_06_var_a
70847,2026-04-14 08:22:43,3,4,2,attack,steal,goldSack,gold,1,false,100000,1027138354681,165761,5,5,1,10,1,1,0,0,0,310,500,50,0,62.0,,107,700000,,,,,35,17,17,3,6,9,2,3,0,149,79,57,26,28,49,11,6,6,7,4,0,false,NORMAL,2,0,2,V2,3,1,5,3,4,2,0,3_5_fbios_PABUnityIAPiOSDefensiveBase,segment_tag_core_slot_prob_nu_29_06_var_a
70848,2026-04-14 08:22:45,1,4,6,coin,steal,spins,gold,1,false,25000,1027138404681,165760,5,5,1,10,0,1,0,1,0,310,500,50,0,62.0,,107,700000,,,,,36,17,18,3,7,9,2,3,0,150,79,58,26,29,49,11,6,6,6,4,5,false,BIG,6,4,2,V2,3,1,5,1,4,6,0,3_5_fbios_PABUnityIAPiOSDefensiveBase,segment_tag_core_slot_prob_nu_29_06_var_a
70849,2026-04-14 08:22:50,3,4,2,attack,steal,goldSack,gold,1,false,40000000,1027218404681,165360,5,5,400,10,1,1,0,0,0,310,500,50,0,62.0,,107,700000,,,,,37,18,19,3,7,9,2,3,0,151,80,59,26,29,49,11,6,6,7,4,0,false,SMALL,-1,-1,0,V2,3,1,5,3,4,2,0,3_5_fbios_PABUnityIAPiOSDefensiveBase,segment_tag_core_slot_prob_nu_29_06_var_a
70850,2026-04-14 08:22:51,3,6,2,attack,spins,goldSack,gold,1,false,40000000,1027298404681,164960,5,5,400,10,1,0,0,1,0,310,500,50,0,62.0,,107,700000,,,,,38,19,19,3,8,9,2,3,0,152,81,59,26,30,49,11,6,6,3,6,0,false,BIG,4,3,1,V2,3,1,5,3,6,2,0,3_5_fbios_PABUnityIAPiOSDefensiveBase,segment_tag_core_slot_prob_nu_29_06_var_a
70851,2026-04-14 08:22:52,3,4,2,attack,steal,goldSack,gold,1,false,40000000,1027378404681,164560,5,5,400,10,1,1,0,0,0,310,500,50,0,62.0,,107,700000,,,,,39,20,20,3,8,9,2,3,0,153,82,60,26,30,49,11,6,6,3,4,0,false,BIG,5,5,0,V2,3,1,5,3,4,2,0,3_5_fbios_PABUnityIAPiOSDefensiveBase,segment_tag_core_slot_prob_nu_29_06_var_a
70852,2026-04-14 08:22:53,1,1,6,coin,coin,spins,gold,1,false,20000000,1027418404681,164160,5,5,400,10,0,0,0,1,0,310,500,50,0,62.0,,107,700000,,,,,40,20,20,3,9,9,2,3,0,154,82,60,26,31,49,11,6,6,6,5,5,false,SMALL,-1,-1,0,V2,3,1,5,1,1,6,0,3_5_fbios_PABUnityIAPiOSDefensiveBase,segment_tag_core_slot_prob_nu_29_06_var_a
70853,2026-04-14 08:22:54,1,1,6,coin,coin,spins,gold,1,false,20000000,1027458404681,163760,5,5,400,10,0,0,0,1,0,310,500,50,0,62.0,,107,700000,,,,,41,20,20,3,10,9,2,3,0,155,82,60,26,32,49,11,6,6,6,1,1,false,MIN,-4,-1,-3,V2,3,1,5,1,1,6,0,3_5_fbios_PABUnityIAPiOSDefensiveBase,segment_tag_core_slot_prob_nu_29_06_var_a
70854,2026-04-14 08:22:56,2,2,2,goldSack,goldSack,goldSack,gold,1,true,800000000,1028958404681,163360,5,5,400,10,0,0,0,0,0,310,500,50,0,62.0,,107,700000,,,,"{""68171e9b"":""4345\/5300@m8""}",42,20,20,3,10,9,2,3,0,156,82,60,26,32,49,11,6,6,7,3,3,false,NORMAL,2,5,-3,V2,3,1,5,2,2,2,0,3_5_fbios_PABUnityIAPiOSDefensiveBase,segment_tag_core_slot_prob_nu_29_06_var_a
70855,2026-04-14 08:22:57,1,4,4,coin,steal,steal,gold,1,false,10000000,1028978404681,162960,5,5,400,10,0,2,0,0,0,310,500,50,0,62.0,,107,700000,,,,,43,20,22,3,10,9,2,3,0,157,82,62,26,32,49,11,6,6,4,4,1,false,MIN,-7,-4,-3,V2,3,1,5,1,4,4,0,3_5_fbios_PABUnityIAPiOSDefensiveBase,segment_tag_core_slot_prob_nu_29_06_var_a
70856,2026-04-14 08:22:58,5,5,5,shield,shield,shield,shield,3,true,400,1028978404681,162960,5,5,400,10,0,0,3,0,0,310,500,50,0,62.0,,107,700000,,,,,44,20,22,6,10,9,2,3,1,158,82,62,29,32,49,11,6,7,2,2,2,false,MIN,-4,-1,-3,V2,3,1,5,5,5,5,0,3_5_fbios_PABUnityIAPiOSDefensiveBase,segment_tag_core_slot_prob_nu_29_06_var_a
70857,2026-04-14 08:23:00,30,2,2,accumulation,goldSack,goldSack,gold,1,false,60000000,1029103404681,162560,5,5,400,10,0,0,0,0,1,210,300,51,0,70.0,,107,700000,,,,,45,20,22,6,10,10,2,3,1,159,82,62,29,32,50,11,6,7,3,7,8,false,NORMAL,1,4,-3,V2,3,1,5,30,2,2,0,3_5_fbios_PABUnityIAPiOSDefensiveBase,segment_tag_core_slot_prob_nu_29_06_var_a
70858,2026-04-14 08:23:03,3,4,2,attack,steal,goldSack,gold,1,false,40000000,1029143404681,162160,5,5,400,10,1,1,0,0,0,210,300,51,0,70.0,,107,700000,,,,,46,21,23,6,10,10,2,3,1,160,83,63,29,32,50,11,6,7,7,4,0,false,SMALL,-2,-1,-1,V2,3,1,5,3,4,2,0,3_5_fbios_PABUnityIAPiOSDefensiveBase,segment_tag_core_slot_prob_nu_29_06_var_a
70859,2026-04-14 08:23:05,30,2,2,accumulation,goldSack,goldSack,gold,1,false,60000000,1029203404681,161760,5,5,400,10,0,0,0,0,1,310,45000,52,0,0.7,bonus_as10_gae1_no,107,700000,,,,"{""68171e9b"":""4745\/5300@m8""}",47,21,23,6,10,11,2,3,1,161,83,63,29,32,51,11,6,7,7,3,8,false,MAX,8,8,0,V2,3,1,5,30,2,2,0,3_5_fbios_PABUnityIAPiOSDefensiveBase,segment_tag_core_slot_prob_nu_29_06_var_a
70860,2026-04-14 08:23:09,1,1,6,coin,coin,spins,gold,1,false,20000000,1029223404681,161360,5,5,400,10,0,0,0,1,0,310,45000,52,0,0.7,bonus_as10_gae1_no,107,700000,,,,,48,21,23,6,11,11,2,3,1,162,83,63,29,33,51,11,6,7,6,1,1,false,MIN,-3,-2,-1,V2,3,1,5,1,1,6,0,3_5_fbios_PABUnityIAPiOSDefensiveBase,segment_tag_core_slot_prob_nu_29_06_var_a
70861,2026-04-14 08:23:10,1,1,6,coin,coin,spins,gold,1,false,20000000,1029243404681,160960,5,5,400,10,0,0,0,1,0,310,45000,52,0,0.7,bonus_as10_gae1_no,107,700000,,,,,49,21,23,6,12,11,2,3,1,163,83,63,29,34,51,11,6,7,6,1,1,false,SMALL,-1,0,-1,V2,3,1,5,1,1,6,0,3_5_fbios_PABUnityIAPiOSDefensiveBase,segment_tag_core_slot_prob_nu_29_06_var_a
70862,2026-04-14 08:23:11,30,30,1,accumulation,accumulation,coin,gold,1,false,10000000,1029253404681,160560,5,5,400,10,0,0,0,0,2,1110,45000,52,800,2.5,bonus_as10_gae1_no,107,700000,,,,,50,21,23,6,12,13,2,3,1,164,83,63,29,34,53,11,6,7,1,8,8,false,NORMAL,0,1,-1,V2,3,1,5,30,30,1,0,3_5_fbios_PABUnityIAPiOSDefensiveBase,segment_tag_core_slot_prob_nu_29_06_var_a
70863,2026-04-14 08:23:14,30,30,1,accumulation,accumulation,coin,gold,1,false,10000000,1029263404681,160160,5,5,400,10,0,0,0,0,2,1910,45000,52,800,4.2,bonus_as10_gae1_no,107,700000,,,,"{""820004c2"":""3484\/4000@m9""}",51,21,23,6,12,15,2,3,1,165,83,63,29,34,55,11,6,7,5,8,8,false,NORMAL,0,1,-1,V2,3,1,5,30,30,1,0,3_5_fbios_PABUnityIAPiOSDefensiveBase,segment_tag_core_slot_prob_nu_29_06_var_a
70864,2026-04-14 08:23:16,1,4,4,coin,steal,steal,gold,1,false,10000000,1029273404681,159760,5,5,400,10,0,2,0,0,0,1910,45000,52,0,4.2,bonus_as10_gae1_no,107,700000,,,,,52,21,25,6,12,15,2,3,1,166,83,65,29,34,55,11,6,7,4,4,1,false,MIN,-5,-4,-1,V2,3,1,5,1,4,4,0,3_5_fbios_PABUnityIAPiOSDefensiveBase,segment_tag_core_slot_prob_nu_29_06_var_a
70865,2026-04-14 08:23:18,5,5,5,shield,shield,shield,shield,3,true,400,1029273404681,159760,5,5,400,10,0,0,3,0,0,1910,45000,52,0,4.2,bonus_as10_gae1_no,107,700000,,,,,53,21,25,9,12,15,2,3,2,167,83,65,32,34,55,11,6,8,2,2,2,false,SMALL,-2,-1,-1,V2,3,1,5,5,5,5,0,3_5_fbios_PABUnityIAPiOSDefensiveBase,segment_tag_core_slot_prob_nu_29_06_var_a
70866,2026-04-14 08:23:20,1,4,6,coin,steal,spins,gold,1,false,10000000,1029283404681,159360,5,5,400,10,0,1,0,1,0,1910,45000,52,0,4.2,bonus_as10_gae1_no,107,700000,,,,,54,21,26,9,13,15,2,3,2,168,83,66,32,35,55,11,6,8,6,4,5,false,NORMAL,1,2,-1,V2,3,1,5,1,4,6,0,3_5_fbios_PABUnityIAPiOSDefensiveBase,segment_tag_core_slot_prob_nu_29_06_var_a
70867,2026-04-14 08:23:22,3,1,1,attack,coin,coin,gold,1,false,20000000,1029303404681,158960,5,5,400,10,1,0,0,0,0,1910,45000,52,0,4.2,bonus_as10_gae1_no,107,700000,,,,,55,22,26,9,13,15,2,3,2,169,84,66,32,35,55,11,6,8,5,5,0,false,MIN,-3,-4,1,V2,3,1,5,3,1,1,0,3_5_fbios_PABUnityIAPiOSDefensiveBase,segment_tag_core_slot_prob_nu_29_06_var_a
70868,2026-04-15 03:09:16,30,30,1,accumulation,accumulation,coin,gold,1,false,25000,1043688771657,162675,5,5,1,10,0,0,0,0,2,1912,45000,52,2,4.2,bonus_as10_gae1_no,107,700000,,,,,56,22,26,9,13,17,2,3,2,170,84,66,32,35,57,11,6,8,5,8,8,false,NORMAL,0,0,0,V2,3,1,5,30,30,1,0,3_5_fbios_PABUnityIAPiOSDefensiveBase,segment_tag_core_slot_prob_nu_29_06_var_a
70869,2026-04-15 03:09:52,1,1,4,coin,coin,steal,gold,1,false,20000000,1043708771657,162275,5,5,400,10,0,1,0,0,0,1912,45000,52,0,4.2,bonus_as10_gae1_no,107,700000,,,,,57,22,27,9,13,17,2,3,2,171,84,67,32,35,57,11,6,8,4,5,1,false,MIN,-6,-6,0,V2,3,1,5,1,1,4,0,3_5_fbios_PABUnityIAPiOSDefensiveBase,segment_tag_core_slot_prob_nu_29_06_var_a
70870,2026-04-15 03:09:53,30,2,2,accumulation,goldSack,goldSack,gold,1,false,60000000,1043768771657,161875,5,5,400,10,0,0,0,0,1,2312,45000,52,400,5.1,bonus_as10_gae1_no,107,700000,,,,,58,22,27,9,13,18,2,3,2,172,84,67,32,35,58,11,6,8,7,7,8,false,BIG,6,8,-2,V2,3,1,5,30,2,2,0,3_5_fbios_PABUnityIAPiOSDefensiveBase,segment_tag_core_slot_prob_nu_29_06_var_a
70871,2026-04-15 03:09:55,30,2,2,accumulation,goldSack,goldSack,gold,1,false,60000000,1043828771657,161475,5,5,400,10,0,0,0,0,1,2712,45000,52,400,6.0,bonus_as10_gae1_no,107,700000,,,,"{""68171e9b"":""5145\/5300@m8""}",59,22,27,9,13,19,2,3,2,173,84,67,32,35,59,11,6,8,7,7,8,false,MAX,9,11,-2,V2,3,1,5,30,2,2,0,3_5_fbios_PABUnityIAPiOSDefensiveBase,segment_tag_core_slot_prob_nu_29_06_var_a
70872,2026-04-15 03:09:57,30,2,2,accumulation,goldSack,goldSack,gold,1,false,225000000,1044053771657,159975,5,5,1500,10,0,0,0,0,1,4212,45000,52,1500,9.4,bonus_as10_gae1_no,107,700000,,,,,60,22,27,9,13,20,2,3,2,174,84,67,32,35,60,11,6,8,3,3,8,false,BIG,6,6,0,V2,3,1,5,30,2,2,0,3_5_fbios_PABUnityIAPiOSDefensiveBase,segment_tag_core_slot_prob_nu_29_06_var_a
70873,2026-04-15 03:09:59,3,6,2,attack,spins,goldSack,gold,1,false,150000000,1044203771657,158475,5,5,1500,10,1,0,0,1,0,4212,45000,52,0,9.4,bonus_as10_gae1_no,107,700000,,,,,61,23,27,9,14,20,2,3,2,175,85,67,32,36,60,11,6,8,7,6,0,false,SMALL,-2,-2,0,V2,3,1,5,3,6,2,0,3_5_fbios_PABUnityIAPiOSDefensiveBase,segment_tag_core_slot_prob_nu_29_06_var_a
70874,2026-04-15 03:10:00,30,2,2,accumulation,goldSack,goldSack,gold,1,false,225000000,1044428771657,156975,5,5,1500,10,0,0,0,0,1,5712,45000,52,1500,12.7,bonus_as10_gae1_no,107,700000,,,,"{""820004c2"":""2484\/5000@m10""}",62,23,27,9,14,21,2,3,2,176,85,67,32,36,61,11,6,8,7,3,8,false,MAX,9,8,1,V2,3,1,5,30,2,2,0,3_5_fbios_PABUnityIAPiOSDefensiveBase,segment_tag_core_slot_prob_nu_29_06_var_a
70875,2026-04-15 03:10:05,3,3,2,attack,attack,goldSack,gold,1,false,150000000,1044578771657,155475,5,5,1500,10,2,0,0,0,0,5712,45000,52,0,12.7,bonus_as10_gae1_no,107,700000,,,,,63,25,27,9,14,21,2,3,2,177,87,67,32,36,61,11,6,8,7,0,0,false,NORMAL,0,-1,1,V2,3,1,5,3,3,2,0,3_5_fbios_PABUnityIAPiOSDefensiveBase,segment_tag_core_slot_prob_nu_29_06_var_a
70876,2026-04-15 03:10:07,1,1,1,coin,coin,coin,gold,1,true,375000000,1044953771657,153975,5,5,1500,10,0,0,0,0,0,5712,45000,52,0,12.7,bonus_as10_gae1_no,107,700000,,,,,64,25,27,9,14,21,2,3,2,178,87,67,32,36,61,11,6,8,1,1,1,false,MIN,-5,-4,-1,V2,3,1,5,1,1,1,0,3_5_fbios_PABUnityIAPiOSDefensiveBase,segment_tag_core_slot_prob_nu_29_06_var_a
70877,2026-04-15 03:10:08,30,2,2,accumulation,goldSack,goldSack,gold,1,false,225000000,1045178771657,152475,5,5,1500,10,0,0,0,0,1,7212,45000,52,1500,16.0,bonus_as10_gae1_no,107,700000,,,,,65,25,27,9,14,22,2,3,2,179,87,67,32,36,62,11,6,8,7,3,8,false,BIG,6,7,-1,V2,3,1,5,30,2,2,0,3_5_fbios_PABUnityIAPiOSDefensiveBase,segment_tag_core_slot_prob_nu_29_06_var_a
70878,2026-04-15 03:10:09,30,30,2,accumulation,accumulation,goldSack,gold,1,false,150000000,1045328771657,150975,5,5,1500,10,0,0,0,0,2,10212,45000,52,3000,22.7,bonus_as10_gae1_no,107,700000,,,,,66,25,27,9,14,24,2,3,2,180,87,67,32,36,64,11,6,8,3,8,8,false,NORMAL,2,3,-1,V2,3,1,5,30,30,2,0,3_5_fbios_PABUnityIAPiOSDefensiveBase,segment_tag_core_slot_prob_nu_29_06_var_a
70879,2026-04-15 03:10:12,2,2,2,goldSack,goldSack,goldSack,gold,1,true,3000000000,1048328771657,149475,5,5,1500,10,0,0,0,0,0,10212,45000,52,0,22.7,bonus_as10_gae1_no,107,700000,,,,"{""820004c2"":""484\/6500@m11""}",67,25,27,9,14,24,2,3,2,181,87,67,32,36,64,11,6,8,3,3,7,false,NORMAL,1,1,0,V2,3,1,5,2,2,2,0,3_5_fbios_PABUnityIAPiOSDefensiveBase,segment_tag_core_slot_prob_nu_29_06_var_a
70880,2026-04-15 03:10:16,5,2,2,shield,goldSack,goldSack,gold,1,false,225000000,1048553771657,147975,5,5,1500,10,0,0,1,0,0,10212,45000,52,0,22.7,bonus_as10_gae1_no,107,700000,,,,,68,25,27,10,14,24,2,3,2,182,87,67,33,36,64,11,6,8,3,7,2,false,BIG,5,5,0,V2,3,1,5,5,2,2,0,3_5_fbios_PABUnityIAPiOSDefensiveBase,segment_tag_core_slot_prob_nu_29_06_var_a
70881,2026-04-15 03:10:17,3,3,2,attack,attack,goldSack,gold,1,false,150000000,1048703771657,146475,5,5,1500,10,2,0,0,0,0,10212,45000,52,0,22.7,bonus_as10_gae1_no,107,700000,,,,,69,27,27,10,14,24,2,3,2,183,89,67,33,36,64,11,6,8,7,0,0,false,MIN,-3,-3,0,V2,3,1,5,3,3,2,0,3_5_fbios_PABUnityIAPiOSDefensiveBase,segment_tag_core_slot_prob_nu_29_06_var_a
70882,2026-04-15 03:10:18,1,4,6,coin,steal,spins,gold,1,false,37500000,1048741271657,144975,5,5,1500,10,0,1,0,1,0,10212,45000,52,0,22.7,bonus_as10_gae1_no,107,700000,,,,,70,27,28,10,15,24,2,3,2,184,89,68,33,37,64,11,6,8,6,4,5,false,BIG,4,4,0,V2,3,1,5,1,4,6,0,3_5_fbios_PABUnityIAPiOSDefensiveBase,segment_tag_core_slot_prob_nu_29_06_var_a
70883,2026-04-15 03:10:19,1,4,6,coin,steal,spins,gold,1,false,37500000,1048778771657,143475,5,5,1500,10,0,1,0,1,0,10212,45000,52,0,22.7,bonus_as10_gae1_no,107,700000,,,,"{""68171e9b"":""1345\/5300@m9""}",71,27,29,10,16,24,2,3,2,185,89,69,33,38,64,11,6,8,6,4,5,false,BIG,6,7,-1,V2,3,1,5,1,4,6,0,3_5_fbios_PABUnityIAPiOSDefensiveBase,segment_tag_core_slot_prob_nu_29_06_var_a
70884,2026-04-15 03:10:23,1,1,1,coin,coin,coin,gold,1,true,375000000,1049153771657,141975,5,5,1500,10,0,0,0,0,0,10212,45000,52,0,22.7,bonus_as10_gae1_no,107,700000,,,,,72,27,29,10,16,24,2,3,2,186,89,69,33,38,64,11,6,8,5,5,1,false,MIN,-12,-9,-3,V2,3,1,5,1,1,1,0,3_5_fbios_PABUnityIAPiOSDefensiveBase,segment_tag_core_slot_prob_nu_29_06_var_a
70885,2026-04-15 03:10:24,2,2,2,goldSack,goldSack,goldSack,gold,1,true,3000000000,1052153771657,140475,5,5,1500,10,0,0,0,0,0,10212,45000,52,0,22.7,bonus_as10_gae1_no,107,700000,,,,,73,27,29,10,16,24,2,3,2,187,89,69,33,38,64,11,6,8,7,7,7,false,NORMAL,0,3,-3,V2,3,1,5,2,2,2,0,3_5_fbios_PABUnityIAPiOSDefensiveBase,segment_tag_core_slot_prob_nu_29_06_var_a
70886,2026-04-15 03:10:25,3,3,2,attack,attack,goldSack,gold,1,false,150000000,1052303771657,138975,5,5,1500,10,2,0,0,0,0,10212,45000,52,0,22.7,bonus_as10_gae1_no,107,700000,,,,,74,29,29,10,16,24,2,3,2,188,91,69,33,38,64,11,6,8,7,0,0,false,MIN,-4,-1,-3,V2,3,1,5,3,3,2,0,3_5_fbios_PABUnityIAPiOSDefensiveBase,segment_tag_core_slot_prob_nu_29_06_var_a
70887,2026-04-15 03:10:26,6,6,2,spins,spins,goldSack,gold,1,false,150000000,1052453771657,137475,5,5,1500,10,0,0,0,2,0,10212,45000,52,0,22.7,bonus_as10_gae1_no,107,700000,,,,,75,29,29,10,18,24,2,3,2,189,91,69,33,40,64,11,6,8,3,6,6,false,NORMAL,1,2,-1,V2,3,1,5,6,6,2,0,3_5_fbios_PABUnityIAPiOSDefensiveBase,segment_tag_core_slot_prob_nu_29_06_var_a
70888,2026-04-15 03:10:28,3,3,2,attack,attack,goldSack,gold,1,false,150000000,1052603771657,135975,5,5,1500,10,2,0,0,0,0,10212,45000,52,0,22.7,bonus_as10_gae1_no,107,700000,,,,"{""820004c2"":""3484\/6500@m11""}",76,31,29,10,18,24,2,3,2,190,93,69,33,40,64,11,6,8,3,0,0,false,NORMAL,0,1,-1,V2,3,1,5,3,3,2,0,3_5_fbios_PABUnityIAPiOSDefensiveBase,segment_tag_core_slot_prob_nu_29_06_var_a
70889,2026-04-15 03:10:29,30,2,2,accumulation,goldSack,goldSack,gold,1,false,225000000,1052828771657,134475,5,5,1500,10,0,0,0,0,1,11712,45000,52,1500,26.0,bonus_as10_gae1_no,107,700000,,,,,77,31,29,10,18,25,2,3,2,191,93,69,33,40,65,11,6,8,3,3,8,false,BIG,5,5,0,V2,3,1,5,30,2,2,0,3_5_fbios_PABUnityIAPiOSDefensiveBase,segment_tag_core_slot_prob_nu_29_06_var_a
70890,2026-04-15 03:10:31,1,4,6,coin,steal,spins,gold,1,false,37500000,1052866271657,132975,5,5,1500,10,0,1,0,1,0,11712,45000,52,0,26.0,bonus_as10_gae1_no,107,700000,,,,,78,31,30,10,19,25,2,3,2,192,93,70,33,41,65,11,6,8,6,4,1,false,MIN,-5,-3,-2,V2,3,1,5,1,4,6,0,3_5_fbios_PABUnityIAPiOSDefensiveBase,segment_tag_core_slot_prob_nu_29_06_var_a
70891,2026-04-15 03:10:33,30,2,2,accumulation,goldSack,goldSack,gold,1,false,225000000,1053091271657,131475,5,5,1500,10,0,0,0,0,1,13212,45000,52,1500,29.4,bonus_as10_gae1_no,107,700000,,,,,79,31,30,10,19,26,2,3,2,193,93,70,33,41,66,11,6,8,3,7,8,false,BIG,4,6,-2,V2,3,1,5,30,2,2,0,3_5_fbios_PABUnityIAPiOSDefensiveBase,segment_tag_core_slot_prob_nu_29_06_var_a
70892,2026-04-15 03:10:35,4,4,4,steal,steal,steal,steal,4,true,0,1053091271657,129975,5,5,1500,10,0,3,0,0,0,13212,45000,52,0,29.4,bonus_as10_gae1_no,107,700000,,,,"{""68171e9b"":""2845\/5300@m9""}",80,31,33,10,19,26,2,4,2,194,93,73,33,41,66,11,7,8,4,4,4,false,MIN,-6,-5,-1,V2,3,1,5,4,4,4,0,3_5_fbios_PABUnityIAPiOSDefensiveBase,segment_tag_core_slot_prob_nu_29_06_var_a
70893,2026-04-15 03:10:47,30,2,2,accumulation,goldSack,goldSack,gold,1,false,225000000,1303204271657,129675,5,5,1500,10,0,0,0,0,1,14712,45000,52,1500,32.7,bonus_as10_gae1_no,107,700000,,,,,81,31,33,10,19,27,2,4,2,195,93,73,33,41,67,11,7,8,3,7,8,false,BIG,7,6,1,V2,3,1,5,30,2,2,0,3_5_fbios_PABUnityIAPiOSDefensiveBase,segment_tag_core_slot_prob_nu_29_06_var_a
70894,2026-04-15 03:10:48,6,6,2,spins,spins,goldSack,gold,1,false,150000000,1303354271657,128175,5,5,1500,10,0,0,0,2,0,14712,45000,52,0,32.7,bonus_as10_gae1_no,107,700000,,,,,82,31,33,10,21,27,2,4,2,196,93,73,33,43,67,11,7,8,3,6,6,false,BIG,5,4,1,V2,3,1,5,6,6,2,0,3_5_fbios_PABUnityIAPiOSDefensiveBase,segment_tag_core_slot_prob_nu_29_06_var_a
70895,2026-04-15 03:10:50,3,1,1,attack,coin,coin,gold,1,false,75000000,1303429271657,126675,5,5,1500,10,1,0,0,0,0,14712,45000,52,0,32.7,bonus_as10_gae1_no,107,700000,,,,,83,32,33,10,21,27,2,4,2,197,94,73,33,43,67,11,7,8,1,5,0,false,SMALL,-2,-3,1,V2,3,1,5,3,1,1,0,3_5_fbios_PABUnityIAPiOSDefensiveBase,segment_tag_core_slot_prob_nu_29_06_var_a
70896,2026-04-15 03:10:51,30,2,2,accumulation,goldSack,goldSack,gold,1,false,225000000,1303654271657,125175,5,5,1500,10,0,0,0,0,1,16212,45000,52,1500,36.0,bonus_as10_gae1_no,107,700000,,,,,84,32,33,10,21,28,2,4,2,198,94,73,33,43,68,11,7,8,7,7,8,false,MAX,9,8,1,V2,3,1,5,30,2,2,0,3_5_fbios_PABUnityIAPiOSDefensiveBase,segment_tag_core_slot_prob_nu_29_06_var_a
70897,2026-04-15 03:10:53,3,3,3,attack,attack,attack,attack,2,true,0,1303654271657,123675,5,5,1500,10,3,0,0,0,0,16212,45000,52,0,36.0,bonus_as10_gae1_no,107,700000,,,,"{""68171e9b"":""4345\/5300@m9""}",85,35,33,10,21,28,3,4,2,199,97,73,33,43,68,12,7,8,0,0,0,false,SMALL,-1,-2,1,V2,3,1,5,3,3,3,0,3_5_fbios_PABUnityIAPiOSDefensiveBase,segment_tag_core_slot_prob_nu_29_06_var_a
70898,2026-04-15 03:12:35,1,4,6,coin,steal,spins,gold,1,false,25000,1355599296657,123934,5,5,1,10,0,1,0,1,0,16212,45000,52,0,36.0,bonus_as10_gae1_no,107,700000,,,,,86,35,34,10,22,28,3,4,2,200,97,74,33,44,68,12,7,8,6,4,1,false,MIN,-4,-3,-1,V2,3,1,5,1,4,6,0,3_5_fbios_PABUnityIAPiOSDefensiveBase,segment_tag_core_slot_prob_nu_29_06_var_a
70899,2026-04-15 03:12:36,3,3,3,attack,attack,attack,attack,2,true,0,1355599296657,123933,5,5,1,10,3,0,0,0,0,16212,45000,52,0,36.0,bonus_as10_gae1_no,107,700000,,,,,87,38,34,10,22,28,4,4,2,201,100,74,33,44,68,13,7,8,0,0,0,false,MIN,-3,-2,-1,V2,3,1,5,3,3,3,0,3_5_fbios_PABUnityIAPiOSDefensiveBase,segment_tag_core_slot_prob_nu_29_06_var_a
70900,2026-04-15 03:12:44,1,1,1,coin,coin,coin,gold,1,true,250000,1355616706657,123932,5,5,1,10,0,0,0,0,0,16212,45000,52,0,36.0,bonus_as10_gae1_no,107,700000,,,,,88,38,34,10,22,28,4,4,2,202,100,74,33,44,68,13,7,8,5,1,5,false,SMALL,-1,0,-1,V2,3,1,5,1,1,1,0,3_5_fbios_PABUnityIAPiOSDefensiveBase,segment_tag_core_slot_prob_nu_29_06_var_a
70901,2026-04-15 03:12:45,1,1,1,coin,coin,coin,gold,1,true,250000,1355616956657,123931,5,5,1,10,0,0,0,0,0,16212,45000,52,0,36.0,bonus_as10_gae1_no,107,700000,,,,,89,38,34,10,22,28,4,4,2,203,100,74,33,44,68,13,7,8,5,1,1,false,MIN,-5,-3,-2,V2,3,1,5,1,1,1,0,3_5_fbios_PABUnityIAPiOSDefensiveBase,segment_tag_core_slot_prob_nu_29_06_var_a
70902,2026-04-15 03:12:46,1,4,4,coin,steal,steal,gold,1,false,25000,1355616981657,123930,5,5,1,10,0,2,0,0,0,16212,45000,52,0,36.0,bonus_as10_gae1_no,107,700000,,,,,90,38,36,10,22,28,4,4,2,204,100,76,33,44,68,13,7,8,4,4,5,false,SMALL,-2,0,-2,V2,3,1,5,1,4,4,0,3_5_fbios_PABUnityIAPiOSDefensiveBase,segment_tag_core_slot_prob_nu_29_06_var_a
70903,2026-04-15 03:12:48,3,1,1,attack,coin,coin,gold,1,false,50000,1355617031657,123929,5,5,1,10,1,0,0,0,0,16212,45000,52,0,36.0,bonus_as10_gae1_no,107,700000,,,,"{""820004c2"":""3486\/6500@m11""}",91,39,36,10,22,28,4,4,2,205,101,76,33,44,68,13,7,8,1,5,0,false,MIN,-3,-2,-1,V2,3,1,5,3,1,1,0,3_5_fbios_PABUnityIAPiOSDefensiveBase,segment_tag_core_slot_prob_nu_29_06_var_a
70904,2026-04-15 03:12:49,30,30,2,accumulation,accumulation,goldSack,gold,1,false,100000,1355617131657,123928,5,5,1,10,0,0,0,0,2,16214,45000,52,2,36.0,bonus_as10_gae1_no,107,700000,,,,"{""68171e9b"":""4346\/5300@m9""}",92,39,36,10,22,30,4,4,2,206,101,76,33,44,70,13,7,8,7,8,8,false,BIG,4,3,1,V2,3,1,5,30,30,2,0,3_5_fbios_PABUnityIAPiOSDefensiveBase,segment_tag_core_slot_prob_nu_29_06_var_a
70905,2026-04-15 03:12:52,30,2,2,accumulation,goldSack,goldSack,gold,1,false,150000,1355617281657,123927,5,5,1,10,0,0,0,0,1,16215,45000,52,1,36.0,bonus_as10_gae1_no,107,700000,,,,,93,39,36,10,22,31,4,4,2,207,101,76,33,44,71,13,7,8,3,7,8,false,MAX,8,7,1,V2,3,1,5,30,2,2,0,3_5_fbios_PABUnityIAPiOSDefensiveBase,segment_tag_core_slot_prob_nu_29_06_var_a
70906,2026-04-15 03:12:56,30,2,2,accumulation,goldSack,goldSack,gold,1,false,60000000,1355677281657,123527,5,5,400,10,0,0,0,0,1,16615,45000,52,400,36.9,bonus_as10_gae1_no,107,700000,,,,,94,39,36,10,22,32,4,4,2,208,101,76,33,44,72,13,7,8,3,7,8,false,MAX,9,9,0,V2,3,1,5,30,2,2,0,3_5_fbios_PABUnityIAPiOSDefensiveBase,segment_tag_core_slot_prob_nu_29_06_var_a
70907,2026-04-15 03:12:58,30,2,2,accumulation,goldSack,goldSack,gold,1,false,225000000,1355902281657,122027,5,5,1500,10,0,0,0,0,1,18115,45000,52,1500,40.3,bonus_as10_gae1_no,107,700000,,,,,95,39,36,10,22,33,4,4,2,209,101,76,33,44,73,13,7,8,3,3,8,false,BIG,7,7,0,V2,3,1,5,30,2,2,0,3_5_fbios_PABUnityIAPiOSDefensiveBase,segment_tag_core_slot_prob_nu_29_06_var_a
70908,2026-04-15 03:13:00,3,1,5,attack,coin,shield,gold,1,false,37500000,1355939781657,120527,5,5,1500,10,1,0,1,0,0,18115,45000,52,0,40.3,bonus_as10_gae1_no,107,700000,,,,,96,40,36,11,22,33,4,4,2,210,102,76,34,44,73,13,7,8,2,1,0,false,NORMAL,0,0,0,V2,3,1,5,3,1,5,0,3_5_fbios_PABUnityIAPiOSDefensiveBase,segment_tag_core_slot_prob_nu_29_06_var_a
70909,2026-04-15 03:13:01,30,30,1,accumulation,accumulation,coin,gold,1,false,37500000,1355977281657,119027,5,5,1500,10,0,0,0,0,2,21115,45000,52,3000,46.9,bonus_as10_gae1_no,107,700000,,,,"{""68171e9b"":""546\/5500@m10""}",97,40,36,11,22,35,4,4,2,211,102,76,34,44,75,13,7,8,5,8,8,false,SMALL,-1,-1,0,V2,3,1,5,30,30,1,0,3_5_fbios_PABUnityIAPiOSDefensiveBase,segment_tag_core_slot_prob_nu_29_06_var_a
70910,2026-04-15 03:13:05,30,2,2,accumulation,goldSack,goldSack,gold,1,false,225000000,1356202281657,117527,5,5,1500,10,0,0,0,0,1,22615,45000,52,1500,50.3,bonus_as10_gae1_no,107,700000,,,,,98,40,36,11,22,36,4,4,2,212,102,76,34,44,76,13,7,8,3,3,8,false,BIG,5,5,0,V2,3,1,5,30,2,2,0,3_5_fbios_PABUnityIAPiOSDefensiveBase,segment_tag_core_slot_prob_nu_29_06_var_a
70911,2026-04-15 03:13:06,4,6,2,steal,spins,goldSack,gold,1,false,150000000,1356352281657,116027,5,5,1500,10,0,1,0,1,0,22615,45000,52,0,50.3,bonus_as10_gae1_no,107,700000,,,,,99,40,37,11,23,36,4,4,2,213,102,77,34,45,76,13,7,8,3,6,4,false,BIG,5,2,3,V2,3,1,5,4,6,2,0,3_5_fbios_PABUnityIAPiOSDefensiveBase,segment_tag_core_slot_prob_nu_29_06_var_a
70912,2026-04-15 03:13:08,30,30,1,accumulation,accumulation,coin,gold,1,false,37500000,1356389781657,114527,5,5,1500,10,0,0,0,0,2,25615,45000,52,3000,56.9,bonus_as10_gae1_no,107,700000,,,,,100,40,37,11,23,38,4,4,2,214,102,77,34,45,78,13,7,8,5,8,8,false,NORMAL,3,0,3,V2,3,1,5,30,30,1,0,3_5_fbios_PABUnityIAPiOSDefensiveBase,segment_tag_core_slot_prob_nu_29_06_var_a
70913,2026-04-15 03:13:10,3,3,3,attack,attack,attack,attack,2,true,0,1356389781657,113027,5,5,1500,10,3,0,0,0,0,25615,45000,52,0,56.9,bonus_as10_gae1_no,107,700000,,,,,101,43,37,11,23,38,5,4,2,215,105,77,34,45,78,14,7,8,0,0,0,false,NORMAL,2,-1,3,V2,3,1,5,3,3,3,0,3_5_fbios_PABUnityIAPiOSDefensiveBase,segment_tag_core_slot_prob_nu_29_06_var_a
70914,2026-04-15 03:13:18,30,2,2,accumulation,goldSack,goldSack,gold,1,false,300000,1369260081657,113025,5,5,2,10,0,0,0,0,1,25617,45000,52,2,56.9,bonus_as10_gae1_no,107,700000,,,,,102,43,37,11,23,39,5,4,2,216,105,77,34,45,79,14,7,8,3,7,8,false,MAX,9,6,3,V2,3,1,5,30,2,2,0,3_5_fbios_PABUnityIAPiOSDefensiveBase,segment_tag_core_slot_prob_nu_29_06_var_a
70915,2026-04-15 03:13:19,1,4,6,coin,steal,spins,gold,1,false,50000,1369260131657,113023,5,5,2,10,0,1,0,1,0,25617,45000,52,0,56.9,bonus_as10_gae1_no,107,700000,,,,,103,43,38,11,24,39,5,4,2,217,105,78,34,46,79,14,7,8,6,4,5,false,MAX,8,5,3,V2,3,1,5,1,4,6,0,3_5_fbios_PABUnityIAPiOSDefensiveBase,segment_tag_core_slot_prob_nu_29_06_var_a
70916,2026-04-15 03:13:22,1,1,4,coin,coin,steal,gold,1,false,20000000,1369280131657,112623,5,5,400,10,0,1,0,0,0,25617,45000,52,0,56.9,bonus_as10_gae1_no,107,700000,,,,,104,43,39,11,24,39,5,4,2,218,105,79,34,46,79,14,7,8,4,1,5,false,BIG,6,3,3,V2,3,1,5,1,1,4,0,3_5_fbios_PABUnityIAPiOSDefensiveBase,segment_tag_core_slot_prob_nu_29_06_var_a
70917,2026-04-15 03:13:24,3,1,6,attack,coin,spins,gold,1,false,10000000,1369290131657,112223,5,5,400,10,1,0,0,1,0,25617,45000,52,0,56.9,bonus_as10_gae1_no,107,700000,,,,,105,44,39,11,25,39,5,4,2,219,106,79,34,47,79,14,7,8,6,1,0,false,NORMAL,3,0,3,V2,3,1,5,3,1,6,0,3_5_fbios_PABUnityIAPiOSDefensiveBase,segment_tag_core_slot_prob_nu_29_06_var_a
70918,2026-04-15 03:13:26,30,2,2,accumulation,goldSack,goldSack,gold,1,false,60000000,1369350131657,111823,5,5,400,10,0,0,0,0,1,26017,45000,52,400,57.8,bonus_as10_gae1_no,107,700000,,,,"{""68171e9b"":""946\/5500@m10""}",106,44,39,11,25,40,5,4,2,220,106,79,34,47,80,14,7,8,3,3,8,false,BIG,7,4,3,V2,3,1,5,30,2,2,0,3_5_fbios_PABUnityIAPiOSDefensiveBase,segment_tag_core_slot_prob_nu_29_06_var_a
70919,2026-04-15 03:13:30,1,1,1,coin,coin,coin,gold,1,true,375000000,1369725131657,110323,5,5,1500,10,0,0,0,0,0,26017,45000,52,0,57.8,bonus_as10_gae1_no,107,700000,,,,"{""820004c2"":""6486\/6500@m11""}",107,44,39,11,25,40,5,4,2,221,106,79,34,47,80,14,7,8,1,1,1,false,MIN,-4,-4,0,V2,3,1,5,1,1,1,0,3_5_fbios_PABUnityIAPiOSDefensiveBase,segment_tag_core_slot_prob_nu_29_06_var_a
70920,2026-04-15 03:13:33,6,6,6,spins,spins,spins,spins,5,true,15000,1369725131657,123823,5,5,1500,10,0,0,0,3,0,26017,45000,52,0,57.8,bonus_as10_gae1_no,107,700000,,,,,108,44,39,11,28,40,5,4,2,222,106,79,34,50,80,14,7,8,6,6,6,true,NORMAL,0,0,0,V2,3,1,5,6,6,6,0,3_5_fbios_PABUnityIAPiOSDefensiveBase,segment_tag_core_slot_prob_nu_29_06_var_a
70921,2026-04-15 03:13:41,3,3,3,attack,attack,attack,attack,2,true,0,1369725131657,123822,5,5,1,10,3,0,0,0,0,26017,45000,52,0,57.8,bonus_as10_gae1_no,107,700000,,,,,109,47,39,11,28,40,6,4,2,1,3,0,0,0,0,1,0,0,0,0,0,false,MIN,-4,-3,-1,V2,3,1,5,3,3,3,0,3_5_fbios_PABUnityIAPiOSDefensiveBase,segment_tag_core_slot_prob_nu_29_06_var_a
70922,2026-04-15 03:13:46,3,1,4,attack,coin,steal,gold,1,false,25000,1369733736657,123821,5,5,1,10,1,1,0,0,0,26017,45000,52,0,57.8,bonus_as10_gae1_no,107,700000,,,,"{""820004c2"":""6488\/6500@m11""}",110,48,40,11,28,40,6,4,2,2,4,1,0,0,0,1,0,0,4,1,0,false,NORMAL,2,1,1,V2,3,1,5,3,1,4,0,3_5_fbios_PABUnityIAPiOSDefensiveBase,segment_tag_core_slot_prob_nu_29_06_var_a
70923,2026-04-15 03:13:47,30,2,2,accumulation,goldSack,goldSack,gold,1,false,150000,1369733886657,123820,5,5,1,10,0,0,0,0,1,26018,45000,52,1,57.8,bonus_as10_gae1_no,107,700000,,,,,111,48,40,11,28,41,6,4,2,3,4,1,0,0,1,1,0,0,7,7,8,false,MAX,9,8,1,V2,3,1,5,30,2,2,0,3_5_fbios_PABUnityIAPiOSDefensiveBase,segment_tag_core_slot_prob_nu_29_06_var_a
70924,2026-04-15 03:13:49,1,1,4,coin,coin,steal,gold,1,false,50000,1369733936657,123819,5,5,1,10,0,1,0,0,0,26018,45000,52,0,57.8,bonus_as10_gae1_no,107,700000,,,,,112,48,41,11,28,41,6,4,2,4,4,2,0,0,1,1,0,0,4,5,1,false,MIN,-7,-6,-1,V2,3,1,5,1,1,4,0,3_5_fbios_PABUnityIAPiOSDefensiveBase,segment_tag_core_slot_prob_nu_29_06_var_a
70925,2026-04-15 03:13:50,3,1,5,attack,coin,shield,gold,1,false,25000,1369733961657,123818,5,5,1,10,1,0,1,0,0,26018,45000,52,0,57.8,bonus_as10_gae1_no,107,700000,,,,,113,49,41,12,28,41,6,4,2,5,5,2,1,0,1,1,0,0,2,1,0,false,SMALL,-1,0,-1,V2,3,1,5,3,1,5,0,3_5_fbios_PABUnityIAPiOSDefensiveBase,segment_tag_core_slot_prob_nu_29_06_var_a
70926,2026-04-15 03:13:51,1,4,6,coin,steal,spins,gold,1,false,25000,1369733986657,123817,5,5,1,10,0,1,0,1,0,26018,45000,52,0,57.8,bonus_as10_gae1_no,107,700000,,,,,114,49,42,12,29,41,6,4,2,6,5,3,1,1,1,1,0,0,6,4,1,false,MIN,-5,-4,-1,V2,3,1,5,1,4,6,0,3_5_fbios_PABUnityIAPiOSDefensiveBase,segment_tag_core_slot_prob_nu_29_06_var_a
70927,2026-04-15 03:13:53,1,1,4,coin,coin,steal,gold,1,false,50000,1369734036657,123816,5,5,1,10,0,1,0,0,0,26018,45000,52,0,57.8,bonus_as10_gae1_no,107,700000,,,,,115,49,43,12,29,41,6,4,2,7,5,4,1,1,1,1,0,0,4,1,5,false,NORMAL,0,1,-1,V2,3,1,5,1,1,4,0,3_5_fbios_PABUnityIAPiOSDefensiveBase,segment_tag_core_slot_prob_nu_29_06_var_a
70928,2026-04-15 03:13:54,30,30,1,accumulation,accumulation,coin,gold,1,false,25000,1369734061657,123815,5,5,1,10,0,0,0,0,2,26020,45000,52,2,57.8,bonus_as10_gae1_no,107,700000,,,,"{""68171e9b"":""947\/5500@m10""}",116,49,43,12,29,43,6,4,2,8,5,4,1,1,3,1,0,0,1,8,8,false,NORMAL,0,1,-1,V2,3,1,5,30,30,1,0,3_5_fbios_PABUnityIAPiOSDefensiveBase,segment_tag_core_slot_prob_nu_29_06_var_a
70929,2026-04-15 03:13:55,2,2,2,goldSack,goldSack,goldSack,gold,1,true,2000000,1369736061657,123814,5,5,1,10,0,0,0,0,0,26020,45000,52,0,57.8,bonus_as10_gae1_no,107,700000,,,,,117,49,43,12,29,43,6,4,2,9,5,4,1,1,3,1,0,0,7,3,3,false,BIG,6,5,1,V2,3,1,5,2,2,2,0,3_5_fbios_PABUnityIAPiOSDefensiveBase,segment_tag_core_slot_prob_nu_29_06_var_a
70930,2026-04-15 03:13:57,3,1,4,attack,coin,steal,gold,1,false,25000,1369736086657,123813,5,5,1,10,1,1,0,0,0,26020,45000,52,0,57.8,bonus_as10_gae1_no,107,700000,,,,,118,50,44,12,29,43,6,4,2,10,6,5,1,1,3,1,0,0,4,1,0,false,NORMAL,1,0,1,V2,3,1,5,3,1,4,0,3_5_fbios_PABUnityIAPiOSDefensiveBase,segment_tag_core_slot_prob_nu_29_06_var_a
70931,2026-04-15 03:13:58,1,1,4,coin,coin,steal,gold,1,false,50000,1369736136657,123812,5,5,1,10,0,1,0,0,0,26020,45000,52,0,57.8,bonus_as10_gae1_no,107,700000,,,,,119,50,45,12,29,43,6,4,2,11,6,6,1,1,3,1,0,0,4,5,1,false,MIN,-6,-5,-1,V2,3,1,5,1,1,4,0,3_5_fbios_PABUnityIAPiOSDefensiveBase,segment_tag_core_slot_prob_nu_29_06_var_a
70932,2026-04-15 03:13:59,1,1,1,coin,coin,coin,gold,1,true,250000,1369736386657,123811,5,5,1,10,0,0,0,0,0,26020,45000,52,0,57.8,bonus_as10_gae1_no,107,700000,,,,"{""820004c2"":""6490\/6500@m11""}",120,50,45,12,29,43,6,4,2,12,6,6,1,1,3,1,0,0,5,1,1,false,MIN,-5,-3,-2,V2,3,1,5,1,1,1,0,3_5_fbios_PABUnityIAPiOSDefensiveBase,segment_tag_core_slot_prob_nu_29_06_var_a
70933,2026-04-15 03:14:00,1,1,1,coin,coin,coin,gold,1,true,250000,1369736636657,123810,5,5,1,10,0,0,0,0,0,26020,45000,52,0,57.8,bonus_as10_gae1_no,107,700000,,,,,121,50,45,12,29,43,6,4,2,13,6,6,1,1,3,1,0,0,5,1,1,false,MIN,-4,-2,-2,V2,3,1,5,1,1,1,0,3_5_fbios_PABUnityIAPiOSDefensiveBase,segment_tag_core_slot_prob_nu_29_06_var_a
70934,2026-04-15 03:14:02,30,2,2,accumulation,goldSack,goldSack,gold,1,false,150000,1369736786657,123809,5,5,1,10,0,0,0,0,1,26021,45000,52,1,57.8,bonus_as10_gae1_no,107,700000,,,,"{""68171e9b"":""948\/5500@m10""}",122,50,45,12,29,44,6,4,2,14,6,6,1,1,4,1,0,0,7,3,8,false,BIG,5,7,-2,V2,3,1,5,30,2,2,0,3_5_fbios_PABUnityIAPiOSDefensiveBase,segment_tag_core_slot_prob_nu_29_06_var_a
70935,2026-04-15 03:14:07,3,6,2,attack,spins,goldSack,gold,1,false,40000000,1369776786657,123409,5,5,400,10,1,0,0,1,0,26021,45000,52,0,57.8,bonus_as10_gae1_no,107,700000,,,,,123,51,45,12,30,44,6,4,2,15,7,6,1,2,4,1,0,0,3,6,0,false,NORMAL,0,2,-2,V2,3,1,5,3,6,2,0,3_5_fbios_PABUnityIAPiOSDefensiveBase,segment_tag_core_slot_prob_nu_29_06_var_a
70936,2026-04-15 03:14:08,30,30,1,accumulation,accumulation,coin,gold,1,false,10000000,1369786786657,123009,5,5,400,10,0,0,0,0,2,26821,45000,52,800,59.6,bonus_as10_gae1_no,107,700000,,,,,124,51,45,12,30,46,6,4,2,16,7,6,1,2,6,1,0,0,5,8,8,false,NORMAL,1,0,1,V2,3,1,5,30,30,1,0,3_5_fbios_PABUnityIAPiOSDefensiveBase,segment_tag_core_slot_prob_nu_29_06_var_a
70937,2026-04-15 03:14:09,1,1,4,coin,coin,steal,gold,1,false,20000000,1369806786657,122609,5,5,400,10,0,1,0,0,0,26821,45000,52,0,59.6,bonus_as10_gae1_no,107,700000,,,,,125,51,46,12,30,46,6,4,2,17,7,7,1,2,6,1,0,0,4,5,1,false,MIN,-7,-6,-1,V2,3,1,5,1,1,4,0,3_5_fbios_PABUnityIAPiOSDefensiveBase,segment_tag_core_slot_prob_nu_29_06_var_a
70938,2026-04-15 03:14:10,2,2,2,goldSack,goldSack,goldSack,gold,1,true,800000000,1370606786657,122209,5,5,400,10,0,0,0,0,0,26821,45000,52,0,59.6,bonus_as10_gae1_no,107,700000,,,,"{""68171e9b"":""1348\/5500@m10""}",126,51,46,12,30,46,6,4,2,18,7,7,1,2,6,1,0,0,7,7,3,false,BIG,5,6,-1,V2,3,1,5,2,2,2,0,3_5_fbios_PABUnityIAPiOSDefensiveBase,segment_tag_core_slot_prob_nu_29_06_var_a
70939,2026-04-15 03:14:11,4,6,2,steal,spins,goldSack,gold,1,false,40000000,1370646786657,121809,5,5,400,10,0,1,0,1,0,26821,45000,52,0,59.6,bonus_as10_gae1_no,107,700000,,,,,127,51,47,12,31,46,6,4,2,19,7,8,1,3,6,1,0,0,7,6,4,false,NORMAL,1,2,-1,V2,3,1,5,4,6,2,0,3_5_fbios_PABUnityIAPiOSDefensiveBase,segment_tag_core_slot_prob_nu_29_06_var_a
70940,2026-04-15 03:14:13,30,2,2,accumulation,goldSack,goldSack,gold,1,false,60000000,1370706786657,121409,5,5,400,10,0,0,0,0,1,27221,45000,52,400,60.5,bonus_as10_gae1_no,107,700000,,,,,128,51,47,12,31,47,6,4,2,20,7,8,1,3,7,1,0,0,7,7,8,false,MAX,10,9,1,V2,3,1,5,30,2,2,0,3_5_fbios_PABUnityIAPiOSDefensiveBase,segment_tag_core_slot_prob_nu_29_06_var_a
70941,2026-04-15 03:14:16,3,3,1,attack,attack,coin,gold,1,false,10000000,1370716786657,121009,5,5,400,10,2,0,0,0,0,27221,45000,52,0,60.5,bonus_as10_gae1_no,107,700000,,,,"{""820004c2"":""790\/8000@m12""}",129,53,47,12,31,47,6,4,2,21,9,8,1,3,7,1,0,0,5,0,0,false,NORMAL,0,-1,1,V2,3,1,5,3,3,1,0,3_5_fbios_PABUnityIAPiOSDefensiveBase,segment_tag_core_slot_prob_nu_29_06_var_a
70942,2026-04-15 03:14:21,3,6,2,attack,spins,goldSack,gold,1,false,40000000,1370756786657,120609,5,5,400,10,1,0,0,1,0,27221,45000,52,0,60.5,bonus_as10_gae1_no,107,700000,,,,,130,54,47,12,32,47,6,4,2,22,10,8,1,4,7,1,0,0,7,6,0,false,NORMAL,0,-1,1,V2,3,1,5,3,6,2,0,3_5_fbios_PABUnityIAPiOSDefensiveBase,segment_tag_core_slot_prob_nu_29_06_var_a
70943,2026-04-15 03:14:23,3,5,2,attack,shield,goldSack,gold,1,false,40000000,1370796786657,120209,5,5,400,10,1,0,1,0,0,27221,45000,52,0,60.5,bonus_as10_gae1_no,107,700000,,,,,131,55,47,13,32,47,6,4,2,23,11,8,2,4,7,1,0,0,3,2,0,false,NORMAL,3,2,1,V2,3,1,5,3,5,2,0,3_5_fbios_PABUnityIAPiOSDefensiveBase,segment_tag_core_slot_prob_nu_29_06_var_a
70944,2026-04-15 03:14:24,3,6,2,attack,spins,goldSack,gold,1,false,40000000,1370836786657,119809,5,5,400,10,1,0,0,1,0,27221,45000,52,0,60.5,bonus_as10_gae1_no,107,700000,,,,,132,56,47,13,33,47,6,4,2,24,12,8,2,5,7,1,0,0,3,6,0,false,BIG,4,4,0,V2,3,1,5,3,6,2,0,3_5_fbios_PABUnityIAPiOSDefensiveBase,segment_tag_core_slot_prob_nu_29_06_var_a
70945,2026-04-15 03:14:25,5,5,5,shield,shield,shield,shield,3,true,400,1370836786657,119809,5,5,400,10,0,0,3,0,0,27221,45000,52,0,60.5,bonus_as10_gae1_no,107,700000,,,,"{""820004c2"":""1590\/8000@m12"",""68171e9b"":""1748\/5500@m10""}",133,56,47,16,33,47,6,4,3,25,12,8,5,5,7,1,0,1,2,2,2,false,SMALL,-2,-1,-1,V2,3,1,5,5,5,5,0,3_5_fbios_PABUnityIAPiOSDefensiveBase,segment_tag_core_slot_prob_nu_29_06_var_a
70946,2026-04-15 03:14:28,3,6,2,attack,spins,goldSack,gold,1,false,40000000,1370876786657,119409,5,5,400,10,1,0,0,1,0,27221,45000,52,0,60.5,bonus_as10_gae1_no,107,700000,,,,,134,57,47,16,34,47,6,4,3,26,13,8,5,6,7,1,0,1,3,6,0,false,SMALL,-1,0,-1,V2,3,1,5,3,6,2,0,3_5_fbios_PABUnityIAPiOSDefensiveBase,segment_tag_core_slot_prob_nu_29_06_var_a
70947,2026-04-15 03:14:29,30,2,2,accumulation,goldSack,goldSack,gold,1,false,60000000,1370936786657,119009,5,5,400,10,0,0,0,0,1,27621,45000,52,400,61.4,bonus_as10_gae1_no,107,700000,,,,,135,57,47,16,34,48,6,4,3,27,13,8,5,6,8,1,0,1,3,3,8,false,BIG,6,5,1,V2,3,1,5,30,2,2,0,3_5_fbios_PABUnityIAPiOSDefensiveBase,segment_tag_core_slot_prob_nu_29_06_var_a
70948,2026-04-15 03:14:30,1,4,4,coin,steal,steal,gold,1,false,10000000,1370946786657,118609,5,5,400,10,0,2,0,0,0,27621,45000,52,0,61.4,bonus_as10_gae1_no,107,700000,,,,,136,57,49,16,34,48,6,4,3,28,13,10,5,6,8,1,0,1,4,4,5,false,NORMAL,2,1,1,V2,3,1,5,1,4,4,0,3_5_fbios_PABUnityIAPiOSDefensiveBase,segment_tag_core_slot_prob_nu_29_06_var_a
70949,2026-04-15 03:14:31,3,5,2,attack,shield,goldSack,gold,1,false,40000000,1370986786657,118209,5,5,400,10,1,0,1,0,0,27621,45000,52,0,61.4,bonus_as10_gae1_no,107,700000,,,,,137,58,49,17,34,48,6,4,3,29,14,10,6,6,8,1,0,1,3,2,0,false,NORMAL,2,1,1,V2,3,1,5,3,5,2,0,3_5_fbios_PABUnityIAPiOSDefensiveBase,segment_tag_core_slot_prob_nu_29_06_var_a
70950,2026-04-15 03:14:33,4,4,4,steal,steal,steal,steal,4,true,0,1370986786657,117809,5,5,400,10,0,3,0,0,0,27621,45000,52,0,61.4,bonus_as10_gae1_no,107,700000,,,,,138,58,52,17,34,48,6,5,3,30,14,13,6,6,8,1,1,1,4,4,4,false,MIN,-4,-5,1,V2,3,1,5,4,4,4,0,3_5_fbios_PABUnityIAPiOSDefensiveBase,segment_tag_core_slot_prob_nu_29_06_var_a
70951,2026-04-15 03:14:39,3,6,2,attack,spins,goldSack,gold,1,false,40000000,1402401186657,117409,5,5,400,10,1,0,0,1,0,27621,45000,52,0,61.4,bonus_as10_gae1_no,107,700000,,,,,139,59,52,17,35,48,6,5,3,31,15,13,6,7,8,1,1,1,3,6,0,false,NORMAL,3,2,1,V2,3,1,5,3,6,2,0,3_5_fbios_PABUnityIAPiOSDefensiveBase,segment_tag_core_slot_prob_nu_29_06_var_a
70952,2026-04-15 03:14:40,3,3,1,attack,attack,coin,gold,1,false,10000000,1402411186657,117009,5,5,400,10,2,0,0,0,0,27621,45000,52,0,61.4,bonus_as10_gae1_no,107,700000,,,,,140,61,52,17,35,48,6,5,3,32,17,13,6,7,8,1,1,1,5,0,0,false,NORMAL,1,0,1,V2,3,1,5,3,3,1,0,3_5_fbios_PABUnityIAPiOSDefensiveBase,segment_tag_core_slot_prob_nu_29_06_var_a
70953,2026-04-15 03:14:41,3,6,2,attack,spins,goldSack,gold,1,false,40000000,1402451186657,116609,5,5,400,10,1,0,0,1,0,27621,45000,52,0,61.4,bonus_as10_gae1_no,107,700000,,,,,141,62,52,17,36,48,6,5,3,33,18,13,6,8,8,1,1,1,3,6,0,false,BIG,4,3,1,V2,3,1,5,3,6,2,0,3_5_fbios_PABUnityIAPiOSDefensiveBase,segment_tag_core_slot_prob_nu_29_06_var_a
70954,2026-04-15 03:14:42,30,2,2,accumulation,goldSack,goldSack,gold,1,false,60000000,1402511186657,116209,5,5,400,10,0,0,0,0,1,28021,45000,52,400,62.3,bonus_as10_gae1_no,107,700000,,,,,142,62,52,17,36,49,6,5,3,34,18,13,6,8,9,1,1,1,3,7,8,false,MAX,8,7,1,V2,3,1,5,30,2,2,0,3_5_fbios_PABUnityIAPiOSDefensiveBase,segment_tag_core_slot_prob_nu_29_06_var_a
70955,2026-04-15 03:14:45,3,5,2,attack,shield,goldSack,gold,1,false,40000000,1402551186657,115809,5,5,400,10,1,0,1,0,0,28021,45000,52,0,62.3,bonus_as10_gae1_no,107,700000,,,,,143,63,52,18,36,49,6,5,3,35,19,13,7,8,9,1,1,1,3,2,0,false,NORMAL,3,2,1,V2,3,1,5,3,5,2,0,3_5_fbios_PABUnityIAPiOSDefensiveBase,segment_tag_core_slot_prob_nu_29_06_var_a
70956,2026-04-15 03:14:47,4,6,2,steal,spins,goldSack,gold,1,false,40000000,1402591186657,115409,5,5,400,10,0,1,0,1,0,28021,45000,52,0,62.3,bonus_as10_gae1_no,107,700000,,,,"{""68171e9b"":""2148\/5500@m10""}",144,63,53,18,37,49,6,5,3,36,19,14,7,9,9,1,1,1,3,6,4,false,BIG,6,2,4,V2,3,1,5,4,6,2,0,3_5_fbios_PABUnityIAPiOSDefensiveBase,segment_tag_core_slot_prob_nu_29_06_var_a
70957,2026-04-15 03:14:50,3,3,2,attack,attack,goldSack,gold,1,false,150000000,1402741186657,113909,5,5,1500,10,2,0,0,0,0,28021,45000,52,0,62.3,bonus_as10_gae1_no,107,700000,,,,,145,65,53,18,37,49,6,5,3,37,21,14,7,9,9,1,1,1,7,0,0,false,NORMAL,2,-2,4,V2,3,1,5,3,3,2,0,3_5_fbios_PABUnityIAPiOSDefensiveBase,segment_tag_core_slot_prob_nu_29_06_var_a
70958,2026-04-15 03:14:52,30,2,2,accumulation,goldSack,goldSack,gold,1,false,225000000,1402966186657,112409,5,5,1500,10,0,0,0,0,1,29521,45000,52,1500,65.6,bonus_as10_gae1_no,107,700000,,,,,146,65,53,18,37,50,6,5,3,38,21,14,7,9,10,1,1,1,7,7,8,false,MAX,14,10,4,V2,3,1,5,30,2,2,0,3_5_fbios_PABUnityIAPiOSDefensiveBase,segment_tag_core_slot_prob_nu_29_06_var_a
70959,2026-04-15 03:14:56,1,1,1,coin,coin,coin,gold,1,true,375000000,1403341186657,110909,5,5,1500,10,0,0,0,0,0,29521,45000,52,0,65.6,bonus_as10_gae1_no,107,700000,,,,,147,65,53,18,37,50,6,5,3,39,21,14,7,9,10,1,1,1,5,1,5,false,BIG,5,1,4,V2,3,1,5,1,1,1,0,3_5_fbios_PABUnityIAPiOSDefensiveBase,segment_tag_core_slot_prob_nu_29_06_var_a
70960,2026-04-15 03:14:58,30,2,2,accumulation,goldSack,goldSack,gold,1,false,225000000,1403566186657,109409,5,5,1500,10,0,0,0,0,1,31021,45000,52,1500,68.9,bonus_as10_gae1_no,107,700000,,,,,148,65,53,18,37,51,6,5,3,40,21,14,7,9,11,1,1,1,7,3,8,false,MAX,9,7,2,V2,3,1,5,30,2,2,0,3_5_fbios_PABUnityIAPiOSDefensiveBase,segment_tag_core_slot_prob_nu_29_06_var_a
70961,2026-04-15 03:15:00,4,4,4,steal,steal,steal,steal,4,true,0,1403566186657,107909,5,5,1500,10,0,3,0,0,0,31021,45000,52,0,68.9,bonus_as10_gae1_no,107,700000,,,,,149,65,56,18,37,51,6,6,3,41,21,17,7,9,11,1,2,1,4,4,4,false,NORMAL,0,-5,5,V2,3,1,5,4,4,4,0,3_5_fbios_PABUnityIAPiOSDefensiveBase,segment_tag_core_slot_prob_nu_29_06_var_a
70962,2026-04-15 03:15:09,1,1,1,coin,coin,coin,gold,1,true,100000000,1635785186657,107509,5,5,400,10,0,0,0,0,0,31021,45000,52,0,68.9,bonus_as10_gae1_no,107,700000,,,,,150,65,56,18,37,51,6,6,3,42,21,17,7,9,11,1,2,1,1,5,5,false,BIG,4,-1,5,V2,3,1,5,1,1,1,0,3_5_fbios_PABUnityIAPiOSDefensiveBase,segment_tag_core_slot_prob_nu_29_06_var_a
70963,2026-04-15 03:15:10,30,2,2,accumulation,goldSack,goldSack,gold,1,false,60000000,1635845186657,107109,5,5,400,10,0,0,0,0,1,31421,45000,52,400,69.8,bonus_as10_gae1_no,107,700000,,,,,151,65,56,18,37,52,6,6,3,43,21,17,7,9,12,1,2,1,7,7,8,false,MAX,14,9,5,V2,3,1,5,30,2,2,0,3_5_fbios_PABUnityIAPiOSDefensiveBase,segment_tag_core_slot_prob_nu_29_06_var_a
70964,2026-04-15 03:15:13,2,2,2,goldSack,goldSack,goldSack,gold,1,true,800000000,1636645186657,106709,5,5,400,10,0,0,0,0,0,31421,45000,52,0,69.8,bonus_as10_gae1_no,107,700000,,,,"{""820004c2"":""2390\/8000@m12""}",152,65,56,18,37,52,6,6,3,44,21,17,7,9,12,1,2,1,7,7,7,false,MAX,9,4,5,V2,3,1,5,2,2,2,0,3_5_fbios_PABUnityIAPiOSDefensiveBase,segment_tag_core_slot_prob_nu_29_06_var_a
70965,2026-04-15 03:15:15,3,6,2,attack,spins,goldSack,gold,1,false,150000000,1636795186657,105209,5,5,1500,10,1,0,0,1,0,31421,45000,52,0,69.8,bonus_as10_gae1_no,107,700000,,,,,153,66,56,18,38,52,6,6,3,45,22,17,7,10,12,1,2,1,3,6,0,false,MAX,8,2,6,V2,3,1,5,3,6,2,0,3_5_fbios_PABUnityIAPiOSDefensiveBase,segment_tag_core_slot_prob_nu_29_06_var_a
70966,2026-04-15 03:15:16,1,1,1,coin,coin,coin,gold,1,true,375000000,1637170186657,103709,5,5,1500,10,0,0,0,0,0,31421,45000,52,0,69.8,bonus_as10_gae1_no,107,700000,,,,,154,66,56,18,38,52,6,6,3,46,22,17,7,10,12,1,2,1,1,1,5,false,BIG,4,1,3,V2,3,1,5,1,1,1,0,3_5_fbios_PABUnityIAPiOSDefensiveBase,segment_tag_core_slot_prob_nu_29_06_var_a
70967,2026-04-15 03:15:17,3,1,4,attack,coin,steal,gold,1,false,37500000,1637207686657,102209,5,5,1500,10,1,1,0,0,0,31421,45000,52,0,69.8,bonus_as10_gae1_no,107,700000,,,,,155,67,57,18,38,52,6,6,3,47,23,18,7,10,12,1,2,1,4,5,0,false,NORMAL,0,-2,2,V2,3,1,5,3,1,4,0,3_5_fbios_PABUnityIAPiOSDefensiveBase,segment_tag_core_slot_prob_nu_29_06_var_a
70968,2026-04-15 03:15:19,2,2,2,goldSack,goldSack,goldSack,gold,1,true,3000000000,1640207686657,100709,5,5,1500,10,0,0,0,0,0,31421,45000,52,0,69.8,bonus_as10_gae1_no,107,700000,,,,"{""68171e9b"":""3648\/5500@m10""}",156,67,57,18,38,52,6,6,3,48,23,18,7,10,12,1,2,1,7,3,3,false,BIG,7,5,2,V2,3,1,5,2,2,2,0,3_5_fbios_PABUnityIAPiOSDefensiveBase,segment_tag_core_slot_prob_nu_29_06_var_a
70969,2026-04-15 03:15:20,30,2,2,accumulation,goldSack,goldSack,gold,1,false,225000000,1640432686657,99209,5,5,1500,10,0,0,0,0,1,32921,45000,52,1500,73.2,bonus_as10_gae1_no,107,700000,,,,,157,67,57,18,38,53,6,6,3,49,23,18,7,10,13,1,2,1,3,3,8,false,BIG,6,4,2,V2,3,1,5,30,2,2,0,3_5_fbios_PABUnityIAPiOSDefensiveBase,segment_tag_core_slot_prob_nu_29_06_var_a
70970,2026-04-15 03:15:23,30,2,2,accumulation,goldSack,goldSack,gold,1,false,225000000,1640657686657,97709,5,5,1500,10,0,0,0,0,1,34421,45000,52,1500,76.5,bonus_as10_gae1_no,107,700000,,,,,158,67,57,18,38,54,6,6,3,50,23,18,7,10,14,1,2,1,7,7,8,false,MAX,10,9,1,V2,3,1,5,30,2,2,0,3_5_fbios_PABUnityIAPiOSDefensiveBase,segment_tag_core_slot_prob_nu_29_06_var_a
70971,2026-04-15 03:15:26,5,5,5,shield,shield,shield,shield,3,true,1500,1640657686657,97709,5,5,1500,10,0,0,3,0,0,34421,45000,52,0,76.5,bonus_as10_gae1_no,107,700000,,,,,159,67,57,21,38,54,6,6,4,51,23,18,10,10,14,1,2,2,2,2,2,false,NORMAL,0,-1,1,V2,3,1,5,5,5,5,0,3_5_fbios_PABUnityIAPiOSDefensiveBase,segment_tag_core_slot_prob_nu_29_06_var_a
70972,2026-04-15 03:15:30,30,2,2,accumulation,goldSack,goldSack,gold,1,false,60000000,1640717686657,97309,5,5,400,10,0,0,0,0,1,34821,45000,52,400,77.4,bonus_as10_gae1_no,107,700000,,,,,160,67,57,21,38,55,6,6,4,52,23,18,10,10,15,1,2,2,7,3,8,false,BIG,6,5,1,V2,3,1,5,30,2,2,0,3_5_fbios_PABUnityIAPiOSDefensiveBase,segment_tag_core_slot_prob_nu_29_06_var_a
70973,2026-04-15 03:15:31,3,6,2,attack,spins,goldSack,gold,1,false,40000000,1640757686657,96909,5,5,400,10,1,0,0,1,0,34821,45000,52,0,77.4,bonus_as10_gae1_no,107,700000,,,,"{""68171e9b"":""4048\/5500@m10""}",161,68,57,21,39,55,6,6,4,53,24,18,10,11,15,1,2,2,7,6,0,false,NORMAL,0,-1,1,V2,3,1,5,3,6,2,0,3_5_fbios_PABUnityIAPiOSDefensiveBase,segment_tag_core_slot_prob_nu_29_06_var_a
70974,2026-04-15 03:15:33,30,30,1,accumulation,accumulation,coin,gold,1,false,10000000,1640767686657,96509,5,5,400,10,0,0,0,0,2,35621,45000,52,800,79.2,bonus_as10_gae1_no,107,700000,,,,"{""820004c2"":""3190\/8000@m12""}",162,68,57,21,39,57,6,6,4,54,24,18,10,11,17,1,2,2,5,8,8,false,NORMAL,2,0,2,V2,3,1,5,30,30,1,0,3_5_fbios_PABUnityIAPiOSDefensiveBase,segment_tag_core_slot_prob_nu_29_06_var_a
70975,2026-04-15 03:15:35,4,4,4,steal,steal,steal,steal,4,true,0,1640767686657,96109,5,5,400,10,0,3,0,0,0,35621,45000,52,0,79.2,bonus_as10_gae1_no,107,700000,,,,,163,68,60,21,39,57,6,7,4,55,24,21,10,11,17,1,3,2,4,4,4,false,SMALL,-2,-5,3,V2,3,1,5,4,4,4,0,3_5_fbios_PABUnityIAPiOSDefensiveBase,segment_tag_core_slot_prob_nu_29_06_var_a
70976,2026-04-15 03:15:42,1,1,1,coin,coin,coin,gold,1,true,100000000,1685706886657,95709,5,5,400,10,0,0,0,0,0,35621,45000,52,0,79.2,bonus_as10_gae1_no,107,700000,,,,,164,68,60,21,39,57,6,7,4,56,24,21,10,11,17,1,3,2,1,1,5,false,BIG,4,1,3,V2,3,1,5,1,1,1,0,3_5_fbios_PABUnityIAPiOSDefensiveBase,segment_tag_core_slot_prob_nu_29_06_var_a
70977,2026-04-15 03:15:43,1,6,6,coin,spins,spins,gold,1,false,10000000,1685716886657,95309,5,5,400,10,0,0,0,2,0,35621,45000,52,0,79.2,bonus_as10_gae1_no,107,700000,,,,,165,68,60,21,41,57,6,7,4,57,24,21,10,13,17,1,3,2,6,6,1,false,SMALL,-2,-2,0,V2,3,1,5,1,6,6,0,3_5_fbios_PABUnityIAPiOSDefensiveBase,segment_tag_core_slot_prob_nu_29_06_var_a
70978,2026-04-15 03:15:44,3,1,4,attack,coin,steal,gold,1,false,10000000,1685726886657,94909,5,5,400,10,1,1,0,0,0,35621,45000,52,0,79.2,bonus_as10_gae1_no,107,700000,,,,,166,69,61,21,41,57,6,7,4,58,25,22,10,13,17,1,3,2,4,1,0,false,NORMAL,0,0,0,V2,3,1,5,3,1,4,0,3_5_fbios_PABUnityIAPiOSDefensiveBase,segment_tag_core_slot_prob_nu_29_06_var_a
70979,2026-04-15 03:15:45,1,4,4,coin,steal,steal,gold,1,false,10000000,1685736886657,94509,5,5,400,10,0,2,0,0,0,35621,45000,52,0,79.2,bonus_as10_gae1_no,107,700000,,,,,167,69,63,21,41,57,6,7,4,59,25,24,10,13,17,1,3,2,4,4,1,false,MIN,-3,-3,0,V2,3,1,5,1,4,4,0,3_5_fbios_PABUnityIAPiOSDefensiveBase,segment_tag_core_slot_prob_nu_29_06_var_a
70980,2026-04-15 03:15:47,2,2,2,goldSack,goldSack,goldSack,gold,1,true,800000000,1686536886657,94109,5,5,400,10,0,0,0,0,0,35621,45000,52,0,79.2,bonus_as10_gae1_no,107,700000,,,,,168,69,63,21,41,57,6,7,4,60,25,24,10,13,17,1,3,2,3,3,3,false,NORMAL,3,3,0,V2,3,1,5,2,2,2,0,3_5_fbios_PABUnityIAPiOSDefensiveBase,segment_tag_core_slot_prob_nu_29_06_var_a
70981,2026-04-15 03:15:48,5,5,5,shield,shield,shield,shield,3,true,400,1686536886657,94109,5,5,400,10,0,0,3,0,0,35621,45000,52,0,79.2,bonus_as10_gae1_no,107,700000,,,,"{""68171e9b"":""4448\/5500@m10""}",169,69,63,24,41,57,6,7,5,61,25,24,13,13,17,1,3,3,2,2,2,false,SMALL,-1,-1,0,V2,3,1,5,5,5,5,0,3_5_fbios_PABUnityIAPiOSDefensiveBase,segment_tag_core_slot_prob_nu_29_06_var_a
70982,2026-04-15 03:15:50,1,1,4,coin,coin,steal,gold,1,false,20000000,1686556886657,93709,5,5,400,10,0,1,0,0,0,35621,45000,52,0,79.2,bonus_as10_gae1_no,107,700000,,,,,170,69,64,24,41,57,6,7,5,62,25,25,13,13,17,1,3,3,4,5,1,false,MIN,-8,-8,0,V2,3,1,5,1,1,4,0,3_5_fbios_PABUnityIAPiOSDefensiveBase,segment_tag_core_slot_prob_nu_29_06_var_a
70983,2026-04-15 03:15:51,2,2,2,goldSack,goldSack,goldSack,gold,1,true,800000000,1687356886657,93309,5,5,400,10,0,0,0,0,0,35621,45000,52,0,79.2,bonus_as10_gae1_no,107,700000,,,,"{""820004c2"":""3990\/8000@m12""}",171,69,64,24,41,57,6,7,5,63,25,25,13,13,17,1,3,3,3,3,3,false,NORMAL,2,3,-1,V2,3,1,5,2,2,2,0,3_5_fbios_PABUnityIAPiOSDefensiveBase,segment_tag_core_slot_prob_nu_29_06_var_a
70984,2026-04-15 03:15:52,1,1,4,coin,coin,steal,gold,1,false,20000000,1687376886657,92909,5,5,400,10,0,1,0,0,0,35621,45000,52,0,79.2,bonus_as10_gae1_no,107,700000,,,,,172,69,65,24,41,57,6,7,5,64,25,26,13,13,17,1,3,3,4,1,5,false,SMALL,-1,1,-2,V2,3,1,5,1,1,4,0,3_5_fbios_PABUnityIAPiOSDefensiveBase,segment_tag_core_slot_prob_nu_29_06_var_a
70985,2026-04-15 03:15:54,1,1,1,coin,coin,coin,gold,1,true,100000000,1687476886657,92509,5,5,400,10,0,0,0,0,0,35621,45000,52,0,79.2,bonus_as10_gae1_no,107,700000,,,,,173,69,65,24,41,57,6,7,5,65,25,26,13,13,17,1,3,3,1,5,5,false,NORMAL,1,1,0,V2,3,1,5,1,1,1,0,3_5_fbios_PABUnityIAPiOSDefensiveBase,segment_tag_core_slot_prob_nu_29_06_var_a
70986,2026-04-15 03:15:55,3,6,2,attack,spins,goldSack,gold,1,false,40000000,1687516886657,92109,5,5,400,10,1,0,0,1,0,35621,45000,52,0,79.2,bonus_as10_gae1_no,107,700000,,,,,174,70,65,24,42,57,6,7,5,66,26,26,13,14,17,1,3,3,3,6,0,false,NORMAL,2,2,0,V2,3,1,5,3,6,2,0,3_5_fbios_PABUnityIAPiOSDefensiveBase,segment_tag_core_slot_prob_nu_29_06_var_a
70987,2026-04-15 03:15:57,1,1,1,coin,coin,coin,gold,1,true,100000000,1687616886657,91709,5,5,400,10,0,0,0,0,0,35621,45000,52,0,79.2,bonus_as10_gae1_no,107,700000,,,,"{""68171e9b"":""4848\/5500@m10""}",175,70,65,24,42,57,6,7,5,67,26,26,13,14,17,1,3,3,1,5,1,false,MIN,-9,-7,-2,V2,3,1,5,1,1,1,0,3_5_fbios_PABUnityIAPiOSDefensiveBase,segment_tag_core_slot_prob_nu_29_06_var_a
70988,2026-04-15 03:15:58,1,1,6,coin,coin,spins,gold,1,false,20000000,1687636886657,91309,5,5,400,10,0,0,0,1,0,35621,45000,52,0,79.2,bonus_as10_gae1_no,107,700000,,,,,176,70,65,24,43,57,6,7,5,68,26,26,13,15,17,1,3,3,6,1,5,false,NORMAL,0,2,-2,V2,3,1,5,1,1,6,0,3_5_fbios_PABUnityIAPiOSDefensiveBase,segment_tag_core_slot_prob_nu_29_06_var_a
70989,2026-04-15 03:16:00,1,6,6,coin,spins,spins,gold,1,false,37500000,1687674386657,89809,5,5,1500,10,0,0,0,2,0,35621,45000,52,0,79.2,bonus_as10_gae1_no,107,700000,,,,"{""820004c2"":""6990\/8000@m12""}",177,70,65,24,45,57,6,7,5,69,26,26,13,17,17,1,3,3,6,6,5,false,NORMAL,3,5,-2,V2,3,1,5,1,6,6,0,3_5_fbios_PABUnityIAPiOSDefensiveBase,segment_tag_core_slot_prob_nu_29_06_var_a
70990,2026-04-15 03:16:01,1,4,6,coin,steal,spins,gold,1,false,37500000,1687711886657,88309,5,5,1500,10,0,1,0,1,0,35621,45000,52,0,79.2,bonus_as10_gae1_no,107,700000,,,,,178,70,66,24,46,57,6,7,5,70,26,27,13,18,17,1,3,3,6,4,5,false,BIG,7,7,0,V2,3,1,5,1,4,6,0,3_5_fbios_PABUnityIAPiOSDefensiveBase,segment_tag_core_slot_prob_nu_29_06_var_a
70991,2026-04-15 03:16:02,5,5,5,shield,shield,shield,shield,3,true,1500,1687711886657,88309,5,5,1500,10,0,0,3,0,0,35621,45000,52,0,79.2,bonus_as10_gae1_no,107,700000,,,,,179,70,66,27,46,57,6,7,6,71,26,27,16,18,17,1,3,4,2,2,2,false,SMALL,-1,-1,0,V2,3,1,5,5,5,5,0,3_5_fbios_PABUnityIAPiOSDefensiveBase,segment_tag_core_slot_prob_nu_29_06_var_a
70992,2026-04-15 03:16:06,3,1,1,attack,coin,coin,gold,1,false,20000000,1687731886657,87909,5,5,400,10,1,0,0,0,0,35621,45000,52,0,79.2,bonus_as10_gae1_no,107,700000,,,,,180,71,66,27,46,57,6,7,6,72,27,27,16,18,17,1,3,4,5,1,0,false,MIN,-3,-3,0,V2,3,1,5,3,1,1,0,3_5_fbios_PABUnityIAPiOSDefensiveBase,segment_tag_core_slot_prob_nu_29_06_var_a
70993,2026-04-15 03:16:08,30,30,2,accumulation,accumulation,goldSack,gold,1,false,40000000,1687771886657,87509,5,5,400,10,0,0,0,0,2,36421,45000,52,800,80.9,bonus_as10_gae1_no,107,700000,,,,"{""68171e9b"":""5248\/5500@m10""}",181,71,66,27,46,59,6,7,6,73,27,27,16,18,19,1,3,4,3,8,8,false,NORMAL,3,2,1,V2,3,1,5,30,30,2,0,3_5_fbios_PABUnityIAPiOSDefensiveBase,segment_tag_core_slot_prob_nu_29_06_var_a
70994,2026-04-15 03:16:10,3,4,2,attack,steal,goldSack,gold,1,false,40000000,1687811886657,87109,5,5,400,10,1,1,0,0,0,36421,45000,52,0,80.9,bonus_as10_gae1_no,107,700000,,,,,182,72,67,27,46,59,6,7,6,74,28,28,16,18,19,1,3,4,3,4,0,false,BIG,4,4,0,V2,3,1,5,3,4,2,0,3_5_fbios_PABUnityIAPiOSDefensiveBase,segment_tag_core_slot_prob_nu_29_06_var_a
70995,2026-04-15 03:16:16,30,30,30,accumulation,accumulation,accumulation,gold,10,true,0,1687811886657,86709,5,5,400,10,0,0,0,0,3,40421,45000,52,4000,89.8,bonus_as10_gae1_no,107,700000,,,,,183,72,67,27,46,62,6,7,6,75,28,28,16,18,22,1,3,4,8,8,8,true,NORMAL,1,1,0,V2,3,1,5,30,30,30,0,3_5_fbios_PABUnityIAPiOSDefensiveBase,segment_tag_core_slot_prob_nu_29_06_var_a
70996,2026-04-15 03:16:28,1,4,6,coin,steal,spins,gold,1,false,25000,1687811911657,86708,5,5,1,10,0,1,0,1,0,40421,45000,52,0,89.8,bonus_as10_gae1_no,107,700000,,,,,1,0,1,0,1,0,0,0,0,76,28,29,16,19,22,1,3,4,6,4,5,false,BIG,5,5,0,V2,3,1,5,1,4,6,0,3_5_fbios_PABUnityIAPiOSDefensiveBase,segment_tag_core_slot_prob_nu_29_06_var_a
70997,2026-04-15 03:16:28,1,4,4,coin,steal,steal,gold,1,false,25000,1687811936657,86707,5,5,1,10,0,2,0,0,0,40421,45000,52,0,89.8,bonus_as10_gae1_no,107,700000,,,,,2,0,3,0,1,0,0,0,0,77,28,31,16,19,22,1,3,4,4,4,1,false,MIN,-7,-5,-2,V2,3,1,5,1,4,4,0,3_5_fbios_PABUnityIAPiOSDefensiveBase,segment_tag_core_slot_prob_nu_29_06_var_a
70998,2026-04-15 03:16:29,2,2,2,goldSack,goldSack,goldSack,gold,1,true,2000000,1687813936657,86706,5,5,1,10,0,0,0,0,0,40421,45000,52,0,89.8,bonus_as10_gae1_no,107,700000,,,,"{""68171e9b"":""5249\/5500@m10""}",3,0,3,0,1,0,0,0,0,78,28,31,16,19,22,1,3,4,3,3,7,false,SMALL,-2,0,-2,V2,3,1,5,2,2,2,0,3_5_fbios_PABUnityIAPiOSDefensiveBase,segment_tag_core_slot_prob_nu_29_06_var_a
70999,2026-04-15 03:16:30,30,2,2,accumulation,goldSack,goldSack,gold,1,false,150000,1687814086657,86705,5,5,1,10,0,0,0,0,1,40422,45000,52,1,89.8,bonus_as10_gae1_no,107,700000,,,,,4,0,3,0,1,1,0,0,0,79,28,31,16,19,23,1,3,4,3,7,8,false,BIG,5,7,-2,V2,3,1,5,30,2,2,0,3_5_fbios_PABUnityIAPiOSDefensiveBase,segment_tag_core_slot_prob_nu_29_06_var_a
71000,2026-04-15 03:16:32,2,2,2,goldSack,goldSack,goldSack,gold,1,true,2000000,1687816086657,86704,5,5,1,10,0,0,0,0,0,40422,45000,52,0,89.8,bonus_as10_gae1_no,107,700000,,,,,5,0,3,0,1,1,0,0,0,80,28,31,16,19,23,1,3,4,7,3,7,false,NORMAL,1,1,0,V2,3,1,5,2,2,2,0,3_5_fbios_PABUnityIAPiOSDefensiveBase,segment_tag_core_slot_prob_nu_29_06_var_a
71001,2026-04-15 03:16:32,30,2,2,accumulation,goldSack,goldSack,gold,1,false,150000,1687816236657,86703,5,5,1,10,0,0,0,0,1,40423,45000,52,1,89.8,bonus_as10_gae1_no,107,700000,,,,,6,0,3,0,1,2,0,0,0,81,28,31,16,19,24,1,3,4,7,7,8,false,MAX,9,9,0,V2,3,1,5,30,2,2,0,3_5_fbios_PABUnityIAPiOSDefensiveBase,segment_tag_core_slot_prob_nu_29_06_var_a
71002,2026-04-15 03:16:34,1,1,1,coin,coin,coin,gold,1,true,250000,1687816486657,86702,5,5,1,10,0,0,0,0,0,40423,45000,52,0,89.8,bonus_as10_gae1_no,107,700000,,,,,7,0,3,0,1,2,0,0,0,82,28,31,16,19,24,1,3,4,5,5,1,false,MIN,-11,-9,-2,V2,3,1,5,1,1,1,0,3_5_fbios_PABUnityIAPiOSDefensiveBase,segment_tag_core_slot_prob_nu_29_06_var_a
71003,2026-04-15 03:16:35,3,3,3,attack,attack,attack,attack,2,true,0,1687816486657,86701,5,5,1,10,3,0,0,0,0,40423,45000,52,0,89.8,bonus_as10_gae1_no,107,700000,,,,,8,3,3,0,1,2,1,0,0,83,31,31,16,19,24,2,3,4,-1,-1,-1,false,,0,0,0,,-1,-1,-1,-1,-1,-1,0,3_5_fbios_PABUnityIAPiOSDefensiveBase,segment_tag_core_slot_prob_nu_29_06_var_a
71004,2026-04-15 03:16:39,1,1,1,coin,coin,coin,gold,1,true,250000,1687825316657,86700,5,5,1,10,0,0,0,0,0,40423,45000,52,0,89.8,bonus_as10_gae1_no,107,700000,,,,"{""68171e9b"":""5250\/5500@m10""}",9,3,3,0,1,2,1,0,0,84,31,31,16,19,24,2,3,4,1,1,1,false,MIN,-5,-3,-2,V2,3,1,5,1,1,1,0,3_5_fbios_PABUnityIAPiOSDefensiveBase,segment_tag_core_slot_prob_nu_29_06_var_a
71005,2026-04-15 03:16:40,3,3,2,attack,attack,goldSack,gold,1,false,100000,1687825416657,86699,5,5,1,10,2,0,0,0,0,40423,45000,52,0,89.8,bonus_as10_gae1_no,107,700000,,,,,10,5,3,0,1,2,1,0,0,85,33,31,16,19,24,2,3,4,7,0,0,false,MIN,-5,-2,-3,V2,3,1,5,3,3,2,0,3_5_fbios_PABUnityIAPiOSDefensiveBase,segment_tag_core_slot_prob_nu_29_06_var_a
71006,2026-04-15 03:16:41,5,5,5,shield,shield,shield,shield,3,true,1,1687825416657,86699,5,5,1,10,0,0,3,0,0,40423,45000,52,0,89.8,bonus_as10_gae1_no,107,700000,,,,"{""820004c2"":""6992\/8000@m12""}",11,5,3,3,1,2,1,0,1,86,33,31,19,19,24,2,3,5,2,2,2,false,MIN,-4,-1,-3,V2,3,1,5,5,5,5,0,3_5_fbios_PABUnityIAPiOSDefensiveBase,segment_tag_core_slot_prob_nu_29_06_var_a
71007,2026-04-15 03:16:43,1,4,6,coin,steal,spins,gold,1,false,25000,1687825441657,86698,5,5,1,10,0,1,0,1,0,40423,45000,52,0,89.8,bonus_as10_gae1_no,107,700000,,,,,12,5,4,3,2,2,1,0,1,87,33,32,19,20,24,2,3,5,6,4,1,false,MIN,-8,-5,-3,V2,3,1,5,1,4,6,0,3_5_fbios_PABUnityIAPiOSDefensiveBase,segment_tag_core_slot_prob_nu_29_06_var_a
71008,2026-04-15 03:16:44,30,2,2,accumulation,goldSack,goldSack,gold,1,false,150000,1687825591657,86697,5,5,1,10,0,0,0,0,1,40424,45000,52,1,89.8,bonus_as10_gae1_no,107,700000,,,,"{""68171e9b"":""5251\/5500@m10""}",13,5,4,3,2,3,1,0,1,88,33,32,19,20,25,2,3,5,-1,-1,-1,false,,0,0,0,,-1,-1,-1,-1,-1,-1,0,3_5_fbios_PABUnityIAPiOSDefensiveBase,segment_tag_core_slot_prob_nu_29_06_var_a
71009,2026-04-15 03:16:45,30,2,2,accumulation,goldSack,goldSack,gold,1,false,150000,1687825741657,86696,5,5,1,10,0,0,0,0,1,40425,45000,52,1,89.8,bonus_as10_gae1_no,107,700000,,,,,14,5,4,3,2,4,1,0,1,89,33,32,19,20,26,2,3,5,3,7,8,false,NORMAL,3,6,-3,V2,3,1,5,30,2,2,0,3_5_fbios_PABUnityIAPiOSDefensiveBase,segment_tag_core_slot_prob_nu_29_06_var_a
71010,2026-04-15 03:16:47,3,1,1,attack,coin,coin,gold,1,false,50000,1687825791657,86695,5,5,1,10,1,0,0,0,0,40425,45000,52,0,89.8,bonus_as10_gae1_no,107,700000,,,,,15,6,4,3,2,4,1,0,1,90,34,32,19,20,26,2,3,5,5,1,0,false,MIN,-3,-1,-2,V2,3,1,5,3,1,1,0,3_5_fbios_PABUnityIAPiOSDefensiveBase,segment_tag_core_slot_prob_nu_29_06_var_a
71011,2026-04-15 03:16:47,3,1,1,attack,coin,coin,gold,1,false,50000,1687825841657,86694,5,5,1,10,1,0,0,0,0,40425,45000,52,0,89.8,bonus_as10_gae1_no,107,700000,,,,,16,7,4,3,2,4,1,0,1,91,35,32,19,20,26,2,3,5,1,5,0,false,SMALL,-1,-1,0,V2,3,1,5,3,1,1,0,3_5_fbios_PABUnityIAPiOSDefensiveBase,segment_tag_core_slot_prob_nu_29_06_var_a
71012,2026-04-15 03:16:49,2,2,2,goldSack,goldSack,goldSack,gold,1,true,2000000,1687827841657,86693,5,5,1,10,0,0,0,0,0,40425,45000,52,0,89.8,bonus_as10_gae1_no,107,700000,,,,,17,7,4,3,2,4,1,0,1,92,35,32,19,20,26,2,3,5,3,3,3,false,NORMAL,3,3,0,V2,3,1,5,2,2,2,0,3_5_fbios_PABUnityIAPiOSDefensiveBase,segment_tag_core_slot_prob_nu_29_06_var_a
71013,2026-04-15 03:16:50,3,4,2,attack,steal,goldSack,gold,1,false,100000,1687827941657,86692,5,5,1,10,1,1,0,0,0,40425,45000,52,0,89.8,bonus_as10_gae1_no,107,700000,,,,"{""820004c2"":""6994\/8000@m12""}",18,8,5,3,2,4,1,0,1,93,36,33,19,20,26,2,3,5,3,4,0,false,NORMAL,3,4,-1,V2,3,1,5,3,4,2,0,3_5_fbios_PABUnityIAPiOSDefensiveBase,segment_tag_core_slot_prob_nu_29_06_var_a
71014,2026-04-15 03:16:51,30,2,2,accumulation,goldSack,goldSack,gold,1,false,150000,1687828091657,86691,5,5,1,10,0,0,0,0,1,40426,45000,52,1,89.8,bonus_as10_gae1_no,107,700000,,,,,19,8,5,3,2,5,1,0,1,94,36,33,19,20,27,2,3,5,7,3,8,false,BIG,7,7,0,V2,3,1,5,30,2,2,0,3_5_fbios_PABUnityIAPiOSDefensiveBase,segment_tag_core_slot_prob_nu_29_06_var_a
71015,2026-04-15 03:16:52,1,4,4,coin,steal,steal,gold,1,false,25000,1687828116657,86690,5,5,1,10,0,2,0,0,0,40426,45000,52,0,89.8,bonus_as10_gae1_no,107,700000,,,,,20,8,7,3,2,5,1,0,1,95,36,35,19,20,27,2,3,5,4,4,1,false,MIN,-6,-4,-2,V2,3,1,5,1,4,4,0,3_5_fbios_PABUnityIAPiOSDefensiveBase,segment_tag_core_slot_prob_nu_29_06_var_a
71016,2026-04-15 03:16:53,3,1,1,attack,coin,coin,gold,1,false,50000,1687828166657,86689,5,5,1,10,1,0,0,0,0,40426,45000,52,0,89.8,bonus_as10_gae1_no,107,700000,,,,,21,9,7,3,2,5,1,0,1,96,37,35,19,20,27,2,3,5,5,1,0,false,MIN,-3,-1,-2,V2,3,1,5,3,1,1,0,3_5_fbios_PABUnityIAPiOSDefensiveBase,segment_tag_core_slot_prob_nu_29_06_var_a
71017,2026-04-15 03:16:54,30,2,2,accumulation,goldSack,goldSack,gold,1,false,150000,1687828316657,86688,5,5,1,10,0,0,0,0,1,40427,45000,52,1,89.8,bonus_as10_gae1_no,107,700000,,,,,22,9,7,3,2,6,1,0,1,97,37,35,19,20,28,2,3,5,7,7,8,false,BIG,6,8,-2,V2,3,1,5,30,2,2,0,3_5_fbios_PABUnityIAPiOSDefensiveBase,segment_tag_core_slot_prob_nu_29_06_var_a
71018,2026-04-15 03:16:56,1,4,6,coin,steal,spins,gold,1,false,25000,1687828341657,86687,5,5,1,10,0,1,0,1,0,40427,45000,52,0,89.8,bonus_as10_gae1_no,107,700000,,,,,23,9,8,3,3,6,1,0,1,98,37,36,19,21,28,2,3,5,6,4,5,false,BIG,5,5,0,V2,3,1,5,1,4,6,0,3_5_fbios_PABUnityIAPiOSDefensiveBase,segment_tag_core_slot_prob_nu_29_06_var_a
71019,2026-04-15 03:16:57,3,1,1,attack,coin,coin,gold,1,false,50000,1687828391657,86686,5,5,1,10,1,0,0,0,0,40427,45000,52,0,89.8,bonus_as10_gae1_no,107,700000,,,,,24,10,8,3,3,6,1,0,1,99,38,36,19,21,28,2,3,5,5,1,0,false,SMALL,-1,-1,0,V2,3,1,5,3,1,1,0,3_5_fbios_PABUnityIAPiOSDefensiveBase,segment_tag_core_slot_prob_nu_29_06_var_a
71020,2026-04-15 03:16:58,30,2,2,accumulation,goldSack,goldSack,gold,1,false,150000,1687828541657,86685,5,5,1,10,0,0,0,0,1,40428,45000,52,1,89.8,bonus_as10_gae1_no,107,700000,,,,"{""68171e9b"":""5252\/5500@m10""}",25,10,8,3,3,7,1,0,1,100,38,36,19,21,29,2,3,5,3,3,8,false,BIG,4,4,0,V2,3,1,5,30,2,2,0,3_5_fbios_PABUnityIAPiOSDefensiveBase,segment_tag_core_slot_prob_nu_29_06_var_a
71021,2026-04-15 03:17:00,1,1,1,coin,coin,coin,gold,1,true,250000,1687828791657,86684,5,5,1,10,0,0,0,0,0,40428,45000,52,0,89.8,bonus_as10_gae1_no,107,700000,,,,,26,10,8,3,3,7,1,0,1,101,38,36,19,21,29,2,3,5,1,1,5,false,NORMAL,2,2,0,V2,3,1,5,1,1,1,0,3_5_fbios_PABUnityIAPiOSDefensiveBase,segment_tag_core_slot_prob_nu_29_06_var_a
71022,2026-04-15 03:17:01,3,3,2,attack,attack,goldSack,gold,1,false,100000,1687828891657,86683,5,5,1,10,2,0,0,0,0,40428,45000,52,0,89.8,bonus_as10_gae1_no,107,700000,,,,,27,12,8,3,3,7,1,0,1,102,40,36,19,21,29,2,3,5,3,0,0,false,NORMAL,2,1,1,V2,3,1,5,3,3,2,0,3_5_fbios_PABUnityIAPiOSDefensiveBase,segment_tag_core_slot_prob_nu_29_06_var_a
71023,2026-04-15 03:17:02,30,2,2,accumulation,goldSack,goldSack,gold,1,false,150000,1687829041657,86682,5,5,1,10,0,0,0,0,1,40429,45000,52,1,89.8,bonus_as10_gae1_no,107,700000,,,,"{""820004c2"":""6996\/8000@m12""}",28,12,8,3,3,8,1,0,1,103,40,36,19,21,30,2,3,5,3,3,8,false,BIG,5,5,0,V2,3,1,5,30,2,2,0,3_5_fbios_PABUnityIAPiOSDefensiveBase,segment_tag_core_slot_prob_nu_29_06_var_a
71024,2026-04-15 03:17:05,3,6,2,attack,spins,goldSack,gold,1,false,100000,1687829141657,86681,5,5,1,10,1,0,0,1,0,40429,45000,52,0,89.8,bonus_as10_gae1_no,107,700000,,,,,29,13,8,3,4,8,1,0,1,104,41,36,19,22,30,2,3,5,7,6,0,false,SMALL,-2,-2,0,V2,3,1,5,3,6,2,0,3_5_fbios_PABUnityIAPiOSDefensiveBase,segment_tag_core_slot_prob_nu_29_06_var_a
71025,2026-04-15 03:17:06,3,1,1,attack,coin,coin,gold,1,false,50000,1687829191657,86680,5,5,1,10,1,0,0,0,0,40429,45000,52,0,89.8,bonus_as10_gae1_no,107,700000,,,,,30,14,8,3,4,8,1,0,1,105,42,36,19,22,30,2,3,5,1,1,0,false,NORMAL,2,1,1,V2,3,1,5,3,1,1,0,3_5_fbios_PABUnityIAPiOSDefensiveBase,segment_tag_core_slot_prob_nu_29_06_var_a
71026,2026-04-15 03:17:07,3,3,2,attack,attack,goldSack,gold,1,false,100000,1687829291657,86679,5,5,1,10,2,0,0,0,0,40429,45000,52,0,89.8,bonus_as10_gae1_no,107,700000,,,,,31,16,8,3,4,8,1,0,1,106,44,36,19,22,30,2,3,5,7,0,0,false,NORMAL,0,-1,1,V2,3,1,5,3,3,2,0,3_5_fbios_PABUnityIAPiOSDefensiveBase,segment_tag_core_slot_prob_nu_29_06_var_a
71027,2026-04-15 03:17:11,5,5,5,shield,shield,shield,shield,3,true,1,1687829291657,86679,5,5,1,10,0,0,3,0,0,40429,45000,52,0,89.8,bonus_as10_gae1_no,107,700000,,,,,32,16,8,6,4,8,1,0,2,107,44,36,22,22,30,2,3,6,2,2,2,false,NORMAL,0,-1,1,V2,3,1,5,5,5,5,0,3_5_fbios_PABUnityIAPiOSDefensiveBase,segment_tag_core_slot_prob_nu_29_06_var_a
71028,2026-04-15 03:17:14,1,4,6,coin,steal,spins,gold,1,false,25000,1687829316657,86678,5,5,1,10,0,1,0,1,0,40429,45000,52,0,89.8,bonus_as10_gae1_no,107,700000,,,,,33,16,9,6,5,8,1,0,2,108,44,37,22,23,30,2,3,6,6,4,5,false,NORMAL,3,2,1,V2,3,1,5,1,4,6,0,3_5_fbios_PABUnityIAPiOSDefensiveBase,segment_tag_core_slot_prob_nu_29_06_var_a
71029,2026-04-15 03:17:15,1,5,5,coin,shield,shield,gold,1,false,25000,1687829341657,86677,5,5,1,10,0,0,2,0,0,40429,45000,52,0,89.8,bonus_as10_gae1_no,107,700000,,,,,34,16,9,8,5,8,1,0,2,109,44,37,24,23,30,2,3,6,2,2,5,false,NORMAL,3,2,1,V2,3,1,5,1,5,5,0,3_5_fbios_PABUnityIAPiOSDefensiveBase,segment_tag_core_slot_prob_nu_29_06_var_a
71030,2026-04-15 03:17:17,1,4,6,coin,steal,spins,gold,1,false,25000,1687829366657,86676,5,5,1,10,0,1,0,1,0,40429,45000,52,0,89.8,bonus_as10_gae1_no,107,700000,,,,,35,16,10,8,6,8,1,0,2,110,44,38,24,24,30,2,3,6,6,4,1,false,MIN,-6,-4,-2,V2,3,1,5,1,4,6,0,3_5_fbios_PABUnityIAPiOSDefensiveBase,segment_tag_core_slot_prob_nu_29_06_var_a
71031,2026-04-15 03:17:18,30,2,2,accumulation,goldSack,goldSack,gold,1,false,150000,1687829516657,86675,5,5,1,10,0,0,0,0,1,40430,45000,52,1,89.8,bonus_as10_gae1_no,107,700000,,,,"{""68171e9b"":""5253\/5500@m10""}",36,16,10,8,6,9,1,0,2,111,44,38,24,24,31,2,3,6,7,7,8,false,BIG,6,8,-2,V2,3,1,5,30,2,2,0,3_5_fbios_PABUnityIAPiOSDefensiveBase,segment_tag_core_slot_prob_nu_29_06_var_a
71032,2026-04-15 03:17:20,3,3,3,attack,attack,attack,attack,2,true,0,1687829516657,86674,5,5,1,10,3,0,0,0,0,40430,45000,52,0,89.8,bonus_as10_gae1_no,107,700000,,,,,37,19,10,8,6,9,2,0,2,112,47,38,24,24,31,3,3,6,0,0,0,false,MIN,-4,-2,-2,V2,3,1,5,3,3,3,0,3_5_fbios_PABUnityIAPiOSDefensiveBase,segment_tag_core_slot_prob_nu_29_06_var_a
71033,2026-04-15 03:17:25,3,1,1,attack,coin,coin,gold,1,false,50000,1687855566657,86673,5,5,1,10,1,0,0,0,0,40430,45000,52,0,89.8,bonus_as10_gae1_no,107,700000,,,,,38,20,10,8,6,9,2,0,2,113,48,38,24,24,31,3,3,6,5,5,0,false,MIN,-3,-3,0,V2,3,1,5,3,1,1,0,3_5_fbios_PABUnityIAPiOSDefensiveBase,segment_tag_core_slot_prob_nu_29_06_var_a
71034,2026-04-15 03:17:26,1,4,6,coin,steal,spins,gold,1,false,25000,1687855591657,86672,5,5,1,10,0,1,0,1,0,40430,45000,52,0,89.8,bonus_as10_gae1_no,107,700000,,,,,39,20,11,8,7,9,2,0,2,114,48,39,24,25,31,3,3,6,6,4,5,false,BIG,4,4,0,V2,3,1,5,1,4,6,0,3_5_fbios_PABUnityIAPiOSDefensiveBase,segment_tag_core_slot_prob_nu_29_06_var_a
71035,2026-04-15 03:17:28,3,4,2,attack,steal,goldSack,gold,1,false,100000,1687855691657,86671,5,5,1,10,1,1,0,0,0,40430,45000,52,0,89.8,bonus_as10_gae1_no,107,700000,,,,,40,21,12,8,7,9,2,0,2,115,49,40,24,25,31,3,3,6,3,4,0,false,NORMAL,3,3,0,V2,3,1,5,3,4,2,0,3_5_fbios_PABUnityIAPiOSDefensiveBase,segment_tag_core_slot_prob_nu_29_06_var_a
71036,2026-04-15 03:17:31,3,3,3,attack,attack,attack,attack,2,true,0,1687855691657,86670,5,5,1,10,3,0,0,0,0,40430,45000,52,0,89.8,bonus_as10_gae1_no,107,700000,,,,"{""820004c2"":""6998\/8000@m12""}",41,24,12,8,7,9,3,0,2,116,52,40,24,25,31,4,3,6,0,0,0,false,SMALL,-1,-1,0,V2,3,1,5,3,3,3,0,3_5_fbios_PABUnityIAPiOSDefensiveBase,segment_tag_core_slot_prob_nu_29_06_var_a
71037,2026-04-15 03:17:37,30,2,2,accumulation,goldSack,goldSack,gold,1,false,150000,1687864421657,86669,5,5,1,10,0,0,0,0,1,40431,45000,52,1,89.8,bonus_as10_gae1_no,107,700000,,,,"{""68171e9b"":""5254\/5500@m10""}",42,24,12,8,7,10,3,0,2,117,52,40,24,25,32,4,3,6,3,3,8,false,BIG,5,4,1,V2,3,1,5,30,2,2,0,3_5_fbios_PABUnityIAPiOSDefensiveBase,segment_tag_core_slot_prob_nu_29_06_var_a
71038,2026-04-15 03:17:39,3,1,1,attack,coin,coin,gold,1,false,50000,1687864471657,86668,5,5,1,10,1,0,0,0,0,40431,45000,52,0,89.8,bonus_as10_gae1_no,107,700000,,,,"{""820004c2"":""7000\/8000@m12""}",43,25,12,8,7,10,3,0,2,118,53,40,24,25,32,4,3,6,5,5,0,false,MIN,-3,-4,1,V2,3,1,5,3,1,1,0,3_5_fbios_PABUnityIAPiOSDefensiveBase,segment_tag_core_slot_prob_nu_29_06_var_a
71039,2026-04-15 03:17:40,1,4,4,coin,steal,steal,gold,1,false,25000,1687864496657,86667,5,5,1,10,0,2,0,0,0,40431,45000,52,0,89.8,bonus_as10_gae1_no,107,700000,,,,,44,25,14,8,7,10,3,0,2,119,53,42,24,25,32,4,3,6,4,4,5,false,NORMAL,1,0,1,V2,3,1,5,1,4,4,0,3_5_fbios_PABUnityIAPiOSDefensiveBase,segment_tag_core_slot_prob_nu_29_06_var_a
71040,2026-04-15 03:17:41,1,6,6,coin,spins,spins,gold,1,false,25000,1687864521657,86666,5,5,1,10,0,0,0,2,0,40431,45000,52,0,89.8,bonus_as10_gae1_no,107,700000,,,,,45,25,14,8,9,10,3,0,2,120,53,42,24,27,32,4,3,6,6,6,1,false,MIN,-4,-3,-1,V2,3,1,5,1,6,6,0,3_5_fbios_PABUnityIAPiOSDefensiveBase,segment_tag_core_slot_prob_nu_29_06_var_a
71041,2026-04-15 03:17:42,30,2,2,accumulation,goldSack,goldSack,gold,1,false,150000,1687864671657,86665,5,5,1,10,0,0,0,0,1,40432,45000,52,1,89.8,bonus_as10_gae1_no,107,700000,,,,,46,25,14,8,9,11,3,0,2,121,53,42,24,27,33,4,3,6,7,3,8,false,BIG,6,7,-1,V2,3,1,5,30,2,2,0,3_5_fbios_PABUnityIAPiOSDefensiveBase,segment_tag_core_slot_prob_nu_29_06_var_a
71042,2026-04-15 03:17:44,4,4,4,steal,steal,steal,steal,4,true,0,1687864671657,86664,5,5,1,10,0,3,0,0,0,40432,45000,52,0,89.8,bonus_as10_gae1_no,107,700000,,,,,47,25,17,8,9,11,3,1,2,122,53,45,24,27,33,4,4,6,4,4,4,false,MIN,-5,-5,0,V2,3,1,5,4,4,4,0,3_5_fbios_PABUnityIAPiOSDefensiveBase,segment_tag_core_slot_prob_nu_29_06_var_a
71043,2026-04-15 03:17:50,1,4,6,coin,steal,spins,gold,1,false,25000,1688040772657,86663,5,5,1,10,0,1,0,1,0,40432,45000,52,0,89.8,bonus_as10_gae1_no,107,700000,,,,,48,25,18,8,10,11,3,1,2,123,53,46,24,28,33,4,4,6,6,4,1,false,MIN,-3,-3,0,V2,3,1,5,1,4,6,0,3_5_fbios_PABUnityIAPiOSDefensiveBase,segment_tag_core_slot_prob_nu_29_06_var_a
71044,2026-04-15 03:17:51,1,4,4,coin,steal,steal,gold,1,false,25000,1688040797657,86662,5,5,1,10,0,2,0,0,0,40432,45000,52,0,89.8,bonus_as10_gae1_no,107,700000,,,,,49,25,20,8,10,11,3,1,2,124,53,48,24,28,33,4,4,6,4,4,1,false,SMALL,-2,-2,0,V2,3,1,5,1,4,4,0,3_5_fbios_PABUnityIAPiOSDefensiveBase,segment_tag_core_slot_prob_nu_29_06_var_a
71045,2026-04-15 03:17:52,30,2,2,accumulation,goldSack,goldSack,gold,1,false,150000,1688040947657,86661,5,5,1,10,0,0,0,0,1,40433,45000,52,1,89.9,bonus_as10_gae1_no,107,700000,,,,,50,25,20,8,10,12,3,1,2,125,53,48,24,28,34,4,4,6,7,7,8,false,MAX,8,8,0,V2,3,1,5,30,2,2,0,3_5_fbios_PABUnityIAPiOSDefensiveBase,segment_tag_core_slot_prob_nu_29_06_var_a
71046,2026-04-15 03:17:55,3,6,2,attack,spins,goldSack,gold,1,false,100000,1688041047657,86660,5,5,1,10,1,0,0,1,0,40433,45000,52,0,89.9,bonus_as10_gae1_no,107,700000,,,,"{""68171e9b"":""5255\/5500@m10""}",51,26,20,8,11,12,3,1,2,126,54,48,24,29,34,4,4,6,3,6,0,false,NORMAL,1,2,-1,V2,3,1,5,3,6,2,0,3_5_fbios_PABUnityIAPiOSDefensiveBase,segment_tag_core_slot_prob_nu_29_06_var_a
71047,2026-04-15 03:18:00,30,30,2,accumulation,accumulation,goldSack,gold,1,false,100000,1688041147657,86659,5,5,1,10,0,0,0,0,2,40435,45000,52,2,89.9,bonus_as10_gae1_no,107,700000,,,,,52,26,20,8,11,14,3,1,2,127,54,48,24,29,36,4,4,6,3,8,8,false,BIG,4,3,1,V2,3,1,5,30,30,2,0,3_5_fbios_PABUnityIAPiOSDefensiveBase,segment_tag_core_slot_prob_nu_29_06_var_a
71048,2026-04-15 03:18:02,4,4,4,steal,steal,steal,steal,4,true,0,1688041147657,86658,5,5,1,10,0,3,0,0,0,40435,45000,52,0,89.9,bonus_as10_gae1_no,107,700000,,,,,53,26,23,8,11,14,3,2,2,128,54,51,24,29,36,4,5,6,4,4,4,false,SMALL,-2,-5,3,V2,3,1,5,4,4,4,0,3_5_fbios_PABUnityIAPiOSDefensiveBase,segment_tag_core_slot_prob_nu_29_06_var_a
71049,2026-04-15 03:18:09,3,3,3,attack,attack,attack,attack,2,true,0,1688158732657,86657,5,5,1,10,3,0,0,0,0,40435,45000,52,0,89.9,bonus_as10_gae1_no,107,700000,,,,,54,29,23,8,11,14,4,2,2,129,57,51,24,29,36,5,5,6,0,0,0,false,NORMAL,1,-2,3,V2,3,1,5,3,3,3,0,3_5_fbios_PABUnityIAPiOSDefensiveBase,segment_tag_core_slot_prob_nu_29_06_var_a
71050,2026-04-15 03:18:14,3,3,3,attack,attack,attack,attack,2,true,0,1688167312657,86656,5,5,1,10,3,0,0,0,0,40435,45000,52,0,89.9,bonus_as10_gae1_no,107,700000,,,,,55,32,23,8,11,14,5,2,2,130,60,51,24,29,36,6,5,6,0,0,0,false,BIG,4,1,3,V2,3,1,5,3,3,3,0,3_5_fbios_PABUnityIAPiOSDefensiveBase,segment_tag_core_slot_prob_nu_29_06_var_a
71051,2026-04-15 03:18:19,6,6,6,spins,spins,spins,spins,5,true,10,1688175892657,86665,5,5,1,10,0,0,0,3,0,40435,45000,52,0,89.9,bonus_as10_gae1_no,107,700000,,,,"{""68171e9b"":""5256\/5500@m10""}",56,32,23,8,14,14,5,2,2,131,60,51,24,32,36,6,5,6,6,6,6,true,NORMAL,3,0,3,V2,3,1,5,6,6,6,0,3_5_fbios_PABUnityIAPiOSDefensiveBase,segment_tag_core_slot_prob_nu_29_06_var_a
71052,2026-04-15 03:18:21,3,3,2,attack,attack,goldSack,gold,1,false,100000,1688175992657,86664,5,5,1,10,2,0,0,0,0,40435,45000,52,0,89.9,bonus_as10_gae1_no,107,700000,,,,,57,34,23,8,14,14,5,2,2,1,2,0,0,0,0,0,0,0,3,0,0,false,NORMAL,1,0,1,V2,3,1,5,3,3,2,0,3_5_fbios_PABUnityIAPiOSDefensiveBase,segment_tag_core_slot_prob_nu_29_06_var_a
71053,2026-04-15 03:18:22,1,4,6,coin,steal,spins,gold,1,false,25000,1688176017657,86663,5,5,1,10,0,1,0,1,0,40435,45000,52,0,89.9,bonus_as10_gae1_no,107,700000,,,,"{""820004c2"":""7002\/8000@m12""}",58,34,24,8,15,14,5,2,2,2,2,1,0,1,0,0,0,0,6,4,1,false,MIN,-4,-3,-1,V2,3,1,5,1,4,6,0,3_5_fbios_PABUnityIAPiOSDefensiveBase,segment_tag_core_slot_prob_nu_29_06_var_a
71054,2026-04-15 03:18:23,1,4,6,coin,steal,spins,gold,1,false,25000,1688176042657,86662,5,5,1,10,0,1,0,1,0,40435,45000,52,0,89.9,bonus_as10_gae1_no,107,700000,,,,,59,34,25,8,16,14,5,2,2,3,2,2,0,2,0,0,0,0,6,4,5,false,BIG,4,5,-1,V2,3,1,5,1,4,6,0,3_5_fbios_PABUnityIAPiOSDefensiveBase,segment_tag_core_slot_prob_nu_29_06_var_a
71055,2026-04-15 03:18:24,30,30,2,accumulation,accumulation,goldSack,gold,1,false,100000,1688176142657,86661,5,5,1,10,0,0,0,0,2,40437,45000,52,2,89.9,bonus_as10_gae1_no,107,700000,,,,,60,34,25,8,16,16,5,2,2,4,2,2,0,2,2,0,0,0,-1,-1,-1,false,,0,0,0,,-1,-1,-1,-1,-1,-1,0,3_5_fbios_PABUnityIAPiOSDefensiveBase,segment_tag_core_slot_prob_nu_29_06_var_a
71056,2026-04-15 03:18:25,1,4,6,coin,steal,spins,gold,1,false,25000,1688176167657,86660,5,5,1,10,0,1,0,1,0,40437,45000,52,0,89.9,bonus_as10_gae1_no,107,700000,,,,,61,34,26,8,17,16,5,2,2,5,2,3,0,3,2,0,0,0,6,4,5,false,BIG,6,7,-1,V2,3,1,5,1,4,6,0,3_5_fbios_PABUnityIAPiOSDefensiveBase,segment_tag_core_slot_prob_nu_29_06_var_a
71057,2026-04-15 03:18:26,30,2,2,accumulation,goldSack,goldSack,gold,1,false,150000,1688176317657,86659,5,5,1,10,0,0,0,0,1,40438,45000,52,1,89.9,bonus_as10_gae1_no,107,700000,,,,,62,34,26,8,17,17,5,2,2,6,2,3,0,3,3,0,0,0,7,3,8,false,MAX,8,7,1,V2,3,1,5,30,2,2,0,3_5_fbios_PABUnityIAPiOSDefensiveBase,segment_tag_core_slot_prob_nu_29_06_var_a
71058,2026-04-15 03:18:27,30,30,2,accumulation,accumulation,goldSack,gold,1,false,100000,1688176417657,86658,5,5,1,10,0,0,0,0,2,40440,45000,52,2,89.9,bonus_as10_gae1_no,107,700000,,,,,63,34,26,8,17,19,5,2,2,7,2,3,0,3,5,0,0,0,3,8,8,false,NORMAL,3,3,0,V2,3,1,5,30,30,2,0,3_5_fbios_PABUnityIAPiOSDefensiveBase,segment_tag_core_slot_prob_nu_29_06_var_a
71059,2026-04-15 03:18:28,1,4,6,coin,steal,spins,gold,1,false,25000,1688176442657,86657,5,5,1,10,0,1,0,1,0,40440,45000,52,0,89.9,bonus_as10_gae1_no,107,700000,,,,,64,34,27,8,18,19,5,2,2,8,2,4,0,4,5,0,0,0,6,4,1,false,MIN,-5,-3,-2,V2,3,1,5,1,4,6,0,3_5_fbios_PABUnityIAPiOSDefensiveBase,segment_tag_core_slot_prob_nu_29_06_var_a
71060,2026-04-15 03:18:29,30,2,2,accumulation,goldSack,goldSack,gold,1,false,150000,1688176592657,86656,5,5,1,10,0,0,0,0,1,40441,45000,52,1,89.9,bonus_as10_gae1_no,107,700000,,,,,65,34,27,8,18,20,5,2,2,9,2,4,0,4,6,0,0,0,3,3,8,false,NORMAL,2,4,-2,V2,3,1,5,30,2,2,0,3_5_fbios_PABUnityIAPiOSDefensiveBase,segment_tag_core_slot_prob_nu_29_06_var_a
71061,2026-04-15 03:18:30,5,5,5,shield,shield,shield,shield,3,true,1,1688176592657,86656,5,5,1,10,0,0,3,0,0,40441,45000,52,0,89.9,bonus_as10_gae1_no,107,700000,,,,,66,34,27,11,18,20,5,2,3,10,2,4,3,4,6,0,0,1,2,2,2,false,MIN,-3,-1,-2,V2,3,1,5,5,5,5,0,3_5_fbios_PABUnityIAPiOSDefensiveBase,segment_tag_core_slot_prob_nu_29_06_var_a
71062,2026-04-15 03:18:32,2,2,2,goldSack,goldSack,goldSack,gold,1,true,2000000,1688178592657,86655,5,5,1,10,0,0,0,0,0,40441,45000,52,0,89.9,bonus_as10_gae1_no,107,700000,,,,"{""68171e9b"":""5257\/5500@m10""}",67,34,27,11,18,20,5,2,3,11,2,4,3,4,6,0,0,1,7,7,3,false,BIG,4,4,0,V2,3,1,5,2,2,2,0,3_5_fbios_PABUnityIAPiOSDefensiveBase,segment_tag_core_slot_prob_nu_29_06_var_a
71063,2026-04-15 03:18:33,3,4,2,attack,steal,goldSack,gold,1,false,100000,1688178692657,86654,5,5,1,10,1,1,0,0,0,40441,45000,52,0,89.9,bonus_as10_gae1_no,107,700000,,,,,68,35,28,11,18,20,5,2,3,12,3,5,3,4,6,0,0,1,3,4,0,false,NORMAL,3,3,0,V2,3,1,5,3,4,2,0,3_5_fbios_PABUnityIAPiOSDefensiveBase,segment_tag_core_slot_prob_nu_29_06_var_a
71064,2026-04-15 03:18:33,1,1,1,coin,coin,coin,gold,1,true,250000,1688178942657,86653,5,5,1,10,0,0,0,0,0,40441,45000,52,0,89.9,bonus_as10_gae1_no,107,700000,,,,,69,35,28,11,18,20,5,2,3,13,3,5,3,4,6,0,0,1,1,1,5,false,NORMAL,1,1,0,V2,3,1,5,1,1,1,0,3_5_fbios_PABUnityIAPiOSDefensiveBase,segment_tag_core_slot_prob_nu_29_06_var_a
71065,2026-04-15 03:18:34,30,30,2,accumulation,accumulation,goldSack,gold,1,false,100000,1688179042657,86652,5,5,1,10,0,0,0,0,2,40443,45000,52,2,89.9,bonus_as10_gae1_no,107,700000,,,,,70,35,28,11,18,22,5,2,3,14,3,5,3,4,8,0,0,1,-1,-1,-1,false,,0,0,0,,-1,-1,-1,-1,-1,-1,0,3_5_fbios_PABUnityIAPiOSDefensiveBase,segment_tag_core_slot_prob_nu_29_06_var_a
71066,2026-04-15 03:18:35,3,1,1,attack,coin,coin,gold,1,false,50000,1688179092657,86651,5,5,1,10,1,0,0,0,0,40443,45000,52,0,89.9,bonus_as10_gae1_no,107,700000,,,,,71,36,28,11,18,22,5,2,3,15,4,5,3,4,8,0,0,1,1,1,0,false,NORMAL,1,1,0,V2,3,1,5,3,1,1,0,3_5_fbios_PABUnityIAPiOSDefensiveBase,segment_tag_core_slot_prob_nu_29_06_var_a
71067,2026-04-15 03:18:36,3,6,2,attack,spins,goldSack,gold,1,false,100000,1688179192657,86650,5,5,1,10,1,0,0,1,0,40443,45000,52,0,89.9,bonus_as10_gae1_no,107,700000,,,,,72,37,28,11,19,22,5,2,3,16,5,5,3,5,8,0,0,1,7,6,0,false,SMALL,-1,-1,0,V2,3,1,5,3,6,2,0,3_5_fbios_PABUnityIAPiOSDefensiveBase,segment_tag_core_slot_prob_nu_29_06_var_a
71068,2026-04-15 03:18:37,3,3,3,attack,attack,attack,attack,2,true,0,1688179192657,86649,5,5,1,10,3,0,0,0,0,40443,45000,52,0,89.9,bonus_as10_gae1_no,107,700000,,,,"{""820004c2"":""7004\/8000@m12""}",73,40,28,11,19,22,6,2,3,17,8,5,3,5,8,1,0,1,0,0,0,false,SMALL,-1,-1,0,V2,3,1,5,3,3,3,0,3_5_fbios_PABUnityIAPiOSDefensiveBase,segment_tag_core_slot_prob_nu_29_06_var_a
71069,2026-04-15 03:18:41,3,1,1,attack,coin,coin,gold,1,false,50000,1688187822657,86648,5,5,1,10,1,0,0,0,0,40443,45000,52,0,89.9,bonus_as10_gae1_no,107,700000,,,,,74,41,28,11,19,22,6,2,3,18,9,5,3,5,8,1,0,1,1,5,0,false,SMALL,-1,-1,0,V2,3,1,5,3,1,1,0,3_5_fbios_PABUnityIAPiOSDefensiveBase,segment_tag_core_slot_prob_nu_29_06_var_a
71070,2026-04-15 03:18:42,4,4,4,steal,steal,steal,steal,4,true,0,1688187822657,86647,5,5,1,10,0,3,0,0,0,40443,45000,52,0,89.9,bonus_as10_gae1_no,107,700000,,,,,75,41,31,11,19,22,6,3,3,19,9,8,3,5,8,1,1,1,4,4,4,false,MIN,-4,-5,1,V2,3,1,5,4,4,4,0,3_5_fbios_PABUnityIAPiOSDefensiveBase,segment_tag_core_slot_prob_nu_29_06_var_a
71071,2026-04-15 03:18:48,5,5,5,shield,shield,shield,shield,3,true,1,1688299572657,86647,5,5,1,10,0,0,3,0,0,40443,45000,52,0,89.9,bonus_as10_gae1_no,107,700000,,,,,76,41,31,14,19,22,6,3,4,20,9,8,6,5,8,1,1,2,2,2,2,false,NORMAL,0,-1,1,V2,3,1,5,5,5,5,0,3_5_fbios_PABUnityIAPiOSDefensiveBase,segment_tag_core_slot_prob_nu_29_06_var_a
71072,2026-04-15 03:18:49,5,2,2,shield,goldSack,goldSack,gold,1,false,150000,1688299722657,86646,5,5,1,10,0,0,1,0,0,40443,45000,52,0,89.9,bonus_as10_gae1_no,107,700000,,,,,77,41,31,15,19,22,6,3,4,21,9,8,7,5,8,1,1,2,7,3,2,false,BIG,5,4,1,V2,3,1,5,5,2,2,0,3_5_fbios_PABUnityIAPiOSDefensiveBase,segment_tag_core_slot_prob_nu_29_06_var_a
71073,2026-04-15 03:18:50,1,4,6,coin,steal,spins,gold,1,false,25000,1688299747657,86645,5,5,1,10,0,1,0,1,0,40443,45000,52,0,89.9,bonus_as10_gae1_no,107,700000,,,,,78,41,32,15,20,22,6,3,4,22,9,9,7,6,8,1,1,2,6,4,1,false,MIN,-6,-4,-2,V2,3,1,5,1,4,6,0,3_5_fbios_PABUnityIAPiOSDefensiveBase,segment_tag_core_slot_prob_nu_29_06_var_a
71074,2026-04-15 03:18:51,2,2,2,goldSack,goldSack,goldSack,gold,1,true,2000000,1688301747657,86644,5,5,1,10,0,0,0,0,0,40443,45000,52,0,89.9,bonus_as10_gae1_no,107,700000,,,,"{""68171e9b"":""5258\/5500@m10""}",79,41,32,15,20,22,6,3,4,23,9,9,7,6,8,1,1,2,3,7,3,false,NORMAL,3,5,-2,V2,3,1,5,2,2,2,0,3_5_fbios_PABUnityIAPiOSDefensiveBase,segment_tag_core_slot_prob_nu_29_06_var_a
71075,2026-04-15 03:18:52,3,4,2,attack,steal,goldSack,gold,1,false,100000,1688301847657,86643,5,5,1,10,1,1,0,0,0,40443,45000,52,0,89.9,bonus_as10_gae1_no,107,700000,,,,,80,42,33,15,20,22,6,3,4,24,10,10,7,6,8,1,1,2,3,4,0,false,NORMAL,1,4,-3,V2,3,1,5,3,4,2,0,3_5_fbios_PABUnityIAPiOSDefensiveBase,segment_tag_core_slot_prob_nu_29_06_var_a
71076,2026-04-15 03:18:53,1,1,1,coin,coin,coin,gold,1,true,250000,1688302097657,86642,5,5,1,10,0,0,0,0,0,40443,45000,52,0,89.9,bonus_as10_gae1_no,107,700000,,,,,81,42,33,15,20,22,6,3,4,25,10,10,7,6,8,1,1,2,5,1,5,false,SMALL,-1,0,-1,V2,3,1,5,1,1,1,0,3_5_fbios_PABUnityIAPiOSDefensiveBase,segment_tag_core_slot_prob_nu_29_06_var_a
71077,2026-04-15 03:18:53,6,6,2,spins,spins,goldSack,gold,1,false,100000,1688302197657,86641,5,5,1,10,0,0,0,2,0,40443,45000,52,0,89.9,bonus_as10_gae1_no,107,700000,,,,,82,42,33,15,22,22,6,3,4,26,10,10,7,8,8,1,1,2,-1,-1,-1,false,,0,0,0,,-1,-1,-1,-1,-1,-1,0,3_5_fbios_PABUnityIAPiOSDefensiveBase,segment_tag_core_slot_prob_nu_29_06_var_a
71078,2026-04-15 03:18:54,2,2,2,goldSack,goldSack,goldSack,gold,1,true,2000000,1688304197657,86640,5,5,1,10,0,0,0,0,0,40443,45000,52,0,89.9,bonus_as10_gae1_no,107,700000,,,,,83,42,33,15,22,22,6,3,4,27,10,10,7,8,8,1,1,2,3,7,3,false,BIG,4,5,-1,V2,3,1,5,2,2,2,0,3_5_fbios_PABUnityIAPiOSDefensiveBase,segment_tag_core_slot_prob_nu_29_06_var_a
71079,2026-04-15 03:18:55,30,30,2,accumulation,accumulation,goldSack,gold,1,false,100000,1688304297657,86639,5,5,1,10,0,0,0,0,2,40445,45000,52,2,89.9,bonus_as10_gae1_no,107,700000,,,,"{""820004c2"":""7006\/8000@m12"",""68171e9b"":""5259\/5500@m10""}",84,42,33,15,22,24,6,3,4,28,10,10,7,8,10,1,1,2,7,8,8,false,NORMAL,3,4,-1,V2,3,1,5,30,30,2,0,3_5_fbios_PABUnityIAPiOSDefensiveBase,segment_tag_core_slot_prob_nu_29_06_var_a
71080,2026-04-15 03:18:57,30,2,2,accumulation,goldSack,goldSack,gold,1,false,150000,1688304447657,86638,5,5,1,10,0,0,0,0,1,40446,45000,52,1,89.9,bonus_as10_gae1_no,107,700000,,,,,85,42,33,15,22,25,6,3,4,29,10,10,7,8,11,1,1,2,7,3,8,false,MAX,8,9,-1,V2,3,1,5,30,2,2,0,3_5_fbios_PABUnityIAPiOSDefensiveBase,segment_tag_core_slot_prob_nu_29_06_var_a
71081,2026-04-15 03:18:58,1,4,6,coin,steal,spins,gold,1,false,25000,1688304472657,86637,5,5,1,10,0,1,0,1,0,40446,45000,52,0,89.9,bonus_as10_gae1_no,107,700000,,,,"{""820004c2"":""7008\/8000@m12""}",86,42,34,15,23,25,6,3,4,30,10,11,7,9,11,1,1,2,6,4,5,false,BIG,4,5,-1,V2,3,1,5,1,4,6,0,3_5_fbios_PABUnityIAPiOSDefensiveBase,segment_tag_core_slot_prob_nu_29_06_var_a
71082,2026-04-15 03:18:59,30,2,2,accumulation,goldSack,goldSack,gold,1,false,150000,1688304622657,86636,5,5,1,10,0,0,0,0,1,40447,45000,52,1,89.9,bonus_as10_gae1_no,107,700000,,,,,87,42,34,15,23,26,6,3,4,31,10,11,7,9,12,1,1,2,7,3,8,false,BIG,6,7,-1,V2,3,1,5,30,2,2,0,3_5_fbios_PABUnityIAPiOSDefensiveBase,segment_tag_core_slot_prob_nu_29_06_var_a
71083,2026-04-15 03:19:01,3,3,3,attack,attack,attack,attack,2,true,0,1688304622657,86635,5,5,1,10,3,0,0,0,0,40447,45000,52,0,89.9,bonus_as10_gae1_no,107,700000,,,,"{""820004c2"":""7010\/8000@m12""}",88,45,34,15,23,26,7,3,4,32,13,11,7,9,12,2,1,2,0,0,0,false,MIN,-3,-2,-1,V2,3,1,5,3,3,3,0,3_5_fbios_PABUnityIAPiOSDefensiveBase,segment_tag_core_slot_prob_nu_29_06_var_a
71084,2026-04-15 03:19:07,1,6,6,coin,spins,spins,gold,1,false,25000,1688330647657,86634,5,5,1,10,0,0,0,2,0,40447,45000,52,0,89.9,bonus_as10_gae1_no,107,700000,,,,"{""68171e9b"":""5260\/5500@m10""}",89,45,34,15,25,26,7,3,4,33,13,11,7,11,12,2,1,2,6,6,5,false,NORMAL,2,2,0,V2,3,1,5,1,6,6,0,3_5_fbios_PABUnityIAPiOSDefensiveBase,segment_tag_core_slot_prob_nu_29_06_var_a
71085,2026-04-15 03:19:08,2,2,2,goldSack,goldSack,goldSack,gold,1,true,2000000,1688332647657,86633,5,5,1,10,0,0,0,0,0,40447,45000,52,0,89.9,bonus_as10_gae1_no,107,700000,,,,,90,45,34,15,25,26,7,3,4,34,13,11,7,11,12,2,1,2,7,3,3,false,BIG,6,5,1,V2,3,1,5,2,2,2,0,3_5_fbios_PABUnityIAPiOSDefensiveBase,segment_tag_core_slot_prob_nu_29_06_var_a
71086,2026-04-15 03:19:09,3,3,2,attack,attack,goldSack,gold,1,false,100000,1688332747657,86632,5,5,1,10,2,0,0,0,0,40447,45000,52,0,89.9,bonus_as10_gae1_no,107,700000,,,,,91,47,34,15,25,26,7,3,4,35,15,11,7,11,12,2,1,2,3,0,0,false,NORMAL,2,1,1,V2,3,1,5,3,3,2,0,3_5_fbios_PABUnityIAPiOSDefensiveBase,segment_tag_core_slot_prob_nu_29_06_var_a
71087,2026-04-15 03:19:12,3,4,2,attack,steal,goldSack,gold,1,false,40000000,1688372747657,86232,5,5,400,10,1,1,0,0,0,40447,45000,52,0,89.9,bonus_as10_gae1_no,107,700000,,,,,92,48,35,15,25,26,7,3,4,36,16,12,7,11,12,2,1,2,7,4,0,false,NORMAL,1,0,1,V2,3,1,5,3,4,2,0,3_5_fbios_PABUnityIAPiOSDefensiveBase,segment_tag_core_slot_prob_nu_29_06_var_a
71088,2026-04-15 03:19:13,2,2,2,goldSack,goldSack,goldSack,gold,1,true,800000000,1689172747657,85832,5,5,400,10,0,0,0,0,0,40447,45000,52,0,89.9,bonus_as10_gae1_no,107,700000,,,,,93,48,35,15,25,26,7,3,4,37,16,12,7,11,12,2,1,2,7,3,7,false,NORMAL,3,2,1,V2,3,1,5,2,2,2,0,3_5_fbios_PABUnityIAPiOSDefensiveBase,segment_tag_core_slot_prob_nu_29_06_var_a
71089,2026-04-15 03:19:14,5,2,2,shield,goldSack,goldSack,gold,1,false,60000000,1689232747657,85432,5,5,400,10,0,0,1,0,0,40447,45000,52,0,89.9,bonus_as10_gae1_no,107,700000,,,,,94,48,35,16,25,26,7,3,4,38,16,12,8,11,12,2,1,2,3,7,2,false,BIG,5,4,1,V2,3,1,5,5,2,2,0,3_5_fbios_PABUnityIAPiOSDefensiveBase,segment_tag_core_slot_prob_nu_29_06_var_a
71090,2026-04-15 03:19:15,3,3,3,attack,attack,attack,attack,2,true,0,1689232747657,85032,5,5,400,10,3,0,0,0,0,40447,45000,52,0,89.9,bonus_as10_gae1_no,107,700000,,,,,95,51,35,16,25,26,8,3,4,39,19,12,8,11,12,3,1,2,0,0,0,false,SMALL,-2,-3,1,V2,3,1,5,3,3,3,0,3_5_fbios_PABUnityIAPiOSDefensiveBase,segment_tag_core_slot_prob_nu_29_06_var_a
71091,2026-04-15 03:19:21,3,5,2,attack,shield,goldSack,gold,1,false,100000,1692664847657,85031,5,5,1,10,1,0,1,0,0,40447,45000,52,0,89.9,bonus_as10_gae1_no,107,700000,,,,,96,52,35,17,25,26,8,3,4,40,20,12,9,11,12,3,1,2,3,2,0,false,NORMAL,3,2,1,V2,3,1,5,3,5,2,0,3_5_fbios_PABUnityIAPiOSDefensiveBase,segment_tag_core_slot_prob_nu_29_06_var_a
71092,2026-04-15 03:19:22,3,3,2,attack,attack,goldSack,gold,1,false,100000,1692664947657,85030,5,5,1,10,2,0,0,0,0,40447,45000,52,0,89.9,bonus_as10_gae1_no,107,700000,,,,"{""820004c2"":""7012\/8000@m12""}",97,54,35,17,25,26,8,3,4,41,22,12,9,11,12,3,1,2,7,0,0,false,NORMAL,0,-1,1,V2,3,1,5,3,3,2,0,3_5_fbios_PABUnityIAPiOSDefensiveBase,segment_tag_core_slot_prob_nu_29_06_var_a
71093,2026-04-15 03:19:24,3,3,3,attack,attack,attack,attack,2,true,0,1692664947657,85029,5,5,1,10,3,0,0,0,0,40447,45000,52,0,89.9,bonus_as10_gae1_no,107,700000,,,,,98,57,35,17,25,26,9,3,4,42,25,12,9,11,12,4,1,2,0,0,0,false,NORMAL,0,-1,1,V2,3,1,5,3,3,3,0,3_5_fbios_PABUnityIAPiOSDefensiveBase,segment_tag_core_slot_prob_nu_29_06_var_a
71094,2026-04-15 03:19:28,1,4,4,coin,steal,steal,gold,1,false,25000,1692673552657,85028,5,5,1,10,0,2,0,0,0,40447,45000,52,0,89.9,bonus_as10_gae1_no,107,700000,,,,"{""820004c2"":""7014\/8000@m12""}",99,57,37,17,25,26,9,3,4,43,25,14,9,11,12,4,1,2,4,4,5,false,NORMAL,1,0,1,V2,3,1,5,1,4,4,0,3_5_fbios_PABUnityIAPiOSDefensiveBase,segment_tag_core_slot_prob_nu_29_06_var_a
71095,2026-04-15 03:19:29,30,30,3,accumulation,accumulation,attack,gold,6,false,0,1692673552657,85027,5,5,1,10,1,0,0,0,2,40449,45000,52,2,89.9,bonus_as10_gae1_no,107,700000,,,,"{""68171e9b"":""5261\/5500@m10""}",100,58,37,17,25,28,9,3,4,44,26,14,9,11,14,4,1,2,0,8,8,false,NORMAL,1,0,1,V2,3,1,5,30,30,3,0,3_5_fbios_PABUnityIAPiOSDefensiveBase,segment_tag_core_slot_prob_nu_29_06_var_a
71096,2026-04-15 03:19:31,2,2,2,goldSack,goldSack,goldSack,gold,1,true,2000000,1692675552657,85026,5,5,1,10,0,0,0,0,0,40449,45000,52,0,89.9,bonus_as10_gae1_no,107,700000,,,,,101,58,37,17,25,28,9,3,4,45,26,14,9,11,14,4,1,2,7,3,3,false,BIG,6,5,1,V2,3,1,5,2,2,2,0,3_5_fbios_PABUnityIAPiOSDefensiveBase,segment_tag_core_slot_prob_nu_29_06_var_a
71097,2026-04-15 03:19:35,1,1,4,coin,coin,steal,gold,1,false,20000000,1692695552657,84626,5,5,400,10,0,1,0,0,0,40449,45000,52,0,89.9,bonus_as10_gae1_no,107,700000,,,,,102,58,38,17,25,28,9,3,4,46,26,15,9,11,14,4,1,2,4,1,5,false,NORMAL,2,1,1,V2,3,1,5,1,1,4,0,3_5_fbios_PABUnityIAPiOSDefensiveBase,segment_tag_core_slot_prob_nu_29_06_var_a
71098,2026-04-15 03:19:36,2,2,2,goldSack,goldSack,goldSack,gold,1,true,800000000,1693495552657,84226,5,5,400,10,0,0,0,0,0,40449,45000,52,0,89.9,bonus_as10_gae1_no,107,700000,,,,,103,58,38,17,25,28,9,3,4,47,26,15,9,11,14,4,1,2,7,3,3,false,BIG,6,5,1,V2,3,1,5,2,2,2,0,3_5_fbios_PABUnityIAPiOSDefensiveBase,segment_tag_core_slot_prob_nu_29_06_var_a
71099,2026-04-15 03:19:37,2,2,2,goldSack,goldSack,goldSack,gold,1,true,800000000,1694295552657,83826,5,5,400,10,0,0,0,0,0,40449,45000,52,0,89.9,bonus_as10_gae1_no,107,700000,,,,,104,58,38,17,25,28,9,3,4,48,26,15,9,11,14,4,1,2,7,3,3,false,MAX,8,7,1,V2,3,1,5,2,2,2,0,3_5_fbios_PABUnityIAPiOSDefensiveBase,segment_tag_core_slot_prob_nu_29_06_var_a
71100,2026-04-15 03:19:39,30,2,2,accumulation,goldSack,goldSack,gold,1,false,225000000,1694520552657,82326,5,5,1500,10,0,0,0,0,1,41949,45000,52,1500,93.2,bonus_as10_gae1_no,107,700000,,,,,105,58,38,17,25,29,9,3,4,49,26,15,9,11,15,4,1,2,7,3,8,false,MAX,9,8,1,V2,3,1,5,30,2,2,0,3_5_fbios_PABUnityIAPiOSDefensiveBase,segment_tag_core_slot_prob_nu_29_06_var_a
71101,2026-04-15 03:19:41,1,5,5,coin,shield,shield,gold,1,false,37500000,1694558052657,80826,5,5,1500,10,0,0,2,0,0,41949,45000,52,0,93.2,bonus_as10_gae1_no,107,700000,,,,,106,58,38,19,25,29,9,3,4,50,26,15,11,11,15,4,1,2,2,2,1,false,MIN,-5,-3,-2,V2,3,1,5,1,5,5,0,3_5_fbios_PABUnityIAPiOSDefensiveBase,segment_tag_core_slot_prob_nu_29_06_var_a
71102,2026-04-15 03:19:42,30,2,2,accumulation,goldSack,goldSack,gold,1,false,225000000,1694783052657,79326,5,5,1500,10,0,0,0,0,1,43449,45000,52,1500,96.6,bonus_as10_gae1_no,107,700000,,,,,107,58,38,19,25,30,9,3,4,51,26,15,11,11,16,4,1,2,3,3,8,false,NORMAL,1,3,-2,V2,3,1,5,30,2,2,0,3_5_fbios_PABUnityIAPiOSDefensiveBase,segment_tag_core_slot_prob_nu_29_06_var_a
71103,2026-04-15 03:19:44,3,3,3,attack,attack,attack,attack,2,true,0,1694783052657,77826,5,5,1500,10,3,0,0,0,0,43449,45000,52,0,96.6,bonus_as10_gae1_no,107,700000,,,,,108,61,38,19,25,30,10,3,4,52,29,15,11,11,16,5,1,2,0,0,0,false,MIN,-4,-2,-2,V2,3,1,5,3,3,3,0,3_5_fbios_PABUnityIAPiOSDefensiveBase,segment_tag_core_slot_prob_nu_29_06_var_a
71104,2026-04-15 03:19:50,3,4,2,attack,steal,goldSack,gold,1,false,100000,1707653152657,77825,5,5,1,10,1,1,0,0,0,43449,45000,52,0,96.6,bonus_as10_gae1_no,107,700000,,,,,109,62,39,19,25,30,10,3,4,53,30,16,11,11,16,5,1,2,7,4,0,false,NORMAL,0,0,0,V2,3,1,5,3,4,2,0,3_5_fbios_PABUnityIAPiOSDefensiveBase,segment_tag_core_slot_prob_nu_29_06_var_a
71105,2026-04-15 03:19:51,3,4,2,attack,steal,goldSack,gold,1,false,100000,1707653252657,77824,5,5,1,10,1,1,0,0,0,43449,45000,52,0,96.6,bonus_as10_gae1_no,107,700000,,,,"{""68171e9b"":""5262\/5500@m10""}",110,63,40,19,25,30,10,3,4,54,31,17,11,11,16,5,1,2,3,4,0,false,BIG,4,4,0,V2,3,1,5,3,4,2,0,3_5_fbios_PABUnityIAPiOSDefensiveBase,segment_tag_core_slot_prob_nu_29_06_var_a
71106,2026-04-15 03:19:52,2,2,2,goldSack,goldSack,goldSack,gold,1,true,2000000,1707655252657,77823,5,5,1,10,0,0,0,0,0,43449,45000,52,0,96.6,bonus_as10_gae1_no,107,700000,,,,,111,63,40,19,25,30,10,3,4,55,31,17,11,11,16,5,1,2,3,3,3,false,NORMAL,3,4,-1,V2,3,1,5,2,2,2,0,3_5_fbios_PABUnityIAPiOSDefensiveBase,segment_tag_core_slot_prob_nu_29_06_var_a
71107,2026-04-15 03:19:55,4,4,4,steal,steal,steal,steal,4,true,0,1707655252657,77423,5,5,400,10,0,3,0,0,0,43449,45000,52,0,96.6,bonus_as10_gae1_no,107,700000,,,,,112,63,43,19,25,30,10,4,4,56,31,20,11,11,16,5,2,2,4,4,4,false,MIN,-6,-5,-1,V2,3,1,5,4,4,4,0,3_5_fbios_PABUnityIAPiOSDefensiveBase,segment_tag_core_slot_prob_nu_29_06_var_a
71108,2026-04-15 03:20:04,3,6,2,attack,spins,goldSack,gold,1,false,100000,1774608152657,77422,5,5,1,10,1,0,0,1,0,43449,45000,52,0,96.6,bonus_as10_gae1_no,107,700000,,,,,113,64,43,19,26,30,10,4,4,57,32,20,11,12,16,5,2,2,3,6,0,false,NORMAL,1,2,-1,V2,3,1,5,3,6,2,0,3_5_fbios_PABUnityIAPiOSDefensiveBase,segment_tag_core_slot_prob_nu_29_06_var_a
71109,2026-04-15 03:20:05,1,6,6,coin,spins,spins,gold,1,false,25000,1774608177657,77421,5,5,1,10,0,0,0,2,0,43449,45000,52,0,96.6,bonus_as10_gae1_no,107,700000,,,,"{""68171e9b"":""5263\/5500@m10""}",114,64,43,19,28,30,10,4,4,58,32,20,11,14,16,5,2,2,6,6,5,false,NORMAL,2,3,-1,V2,3,1,5,1,6,6,0,3_5_fbios_PABUnityIAPiOSDefensiveBase,segment_tag_core_slot_prob_nu_29_06_var_a
71110,2026-04-15 03:20:06,3,3,3,attack,attack,attack,attack,2,true,0,1774608177657,77420,5,5,1,10,3,0,0,0,0,43449,45000,52,0,96.6,bonus_as10_gae1_no,107,700000,,,,,115,67,43,19,28,30,11,4,4,59,35,20,11,14,16,6,2,2,0,0,0,false,MIN,-3,-2,-1,V2,3,1,5,3,3,3,0,3_5_fbios_PABUnityIAPiOSDefensiveBase,segment_tag_core_slot_prob_nu_29_06_var_a
71111,2026-04-15 03:20:10,1,1,1,coin,coin,coin,gold,1,true,250000,1774617007657,77419,5,5,1,10,0,0,0,0,0,43449,45000,52,0,96.6,bonus_as10_gae1_no,107,700000,,,,"{""820004c2"":""7016\/8000@m12""}",116,67,43,19,28,30,11,4,4,60,35,20,11,14,16,6,2,2,5,1,1,false,MIN,-7,-4,-3,V2,3,1,5,1,1,1,0,3_5_fbios_PABUnityIAPiOSDefensiveBase,segment_tag_core_slot_prob_nu_29_06_var_a
71112,2026-04-15 03:20:12,3,5,2,attack,shield,goldSack,gold,1,false,100000,1774617107657,77418,5,5,1,10,1,0,1,0,0,43449,45000,52,0,96.6,bonus_as10_gae1_no,107,700000,,,,,117,68,43,20,28,30,11,4,4,61,36,20,12,14,16,6,2,2,7,2,0,false,MIN,-5,-2,-3,V2,3,1,5,3,5,2,0,3_5_fbios_PABUnityIAPiOSDefensiveBase,segment_tag_core_slot_prob_nu_29_06_var_a
71113,2026-04-15 03:20:13,3,6,2,attack,spins,goldSack,gold,1,false,100000,1774617207657,77417,5,5,1,10,1,0,0,1,0,43449,45000,52,0,96.6,bonus_as10_gae1_no,107,700000,,,,,118,69,43,20,29,30,11,4,4,62,37,20,12,15,16,6,2,2,3,6,0,false,NORMAL,0,3,-3,V2,3,1,5,3,6,2,0,3_5_fbios_PABUnityIAPiOSDefensiveBase,segment_tag_core_slot_prob_nu_29_06_var_a
71114,2026-04-15 03:20:16,1,4,6,coin,steal,spins,gold,1,false,10000000,1774627207657,77017,5,5,400,10,0,1,0,1,0,43449,45000,52,0,96.6,bonus_as10_gae1_no,107,700000,,,,,119,69,44,20,30,30,11,4,4,63,37,21,12,16,16,6,2,2,6,4,1,false,MIN,-6,-3,-3,V2,3,1,5,1,4,6,0,3_5_fbios_PABUnityIAPiOSDefensiveBase,segment_tag_core_slot_prob_nu_29_06_var_a
71115,2026-04-15 03:20:17,3,3,2,attack,attack,goldSack,gold,1,false,40000000,1774667207657,76617,5,5,400,10,2,0,0,0,0,43449,45000,52,0,96.6,bonus_as10_gae1_no,107,700000,,,,,120,71,44,20,30,30,11,4,4,64,39,21,12,16,16,6,2,2,3,0,0,false,SMALL,-1,1,-2,V2,3,1,5,3,3,2,0,3_5_fbios_PABUnityIAPiOSDefensiveBase,segment_tag_core_slot_prob_nu_29_06_var_a
71116,2026-04-15 03:20:19,1,1,1,coin,coin,coin,gold,1,true,100000000,1774767207657,76217,5,5,400,10,0,0,0,0,0,43449,45000,52,0,96.6,bonus_as10_gae1_no,107,700000,,,,,121,71,44,20,30,30,11,4,4,65,39,21,12,16,16,6,2,2,1,5,5,false,MIN,-3,-1,-2,V2,3,1,5,1,1,1,0,3_5_fbios_PABUnityIAPiOSDefensiveBase,segment_tag_core_slot_prob_nu_29_06_var_a
71117,2026-04-15 03:20:20,30,30,2,accumulation,accumulation,goldSack,gold,1,false,40000000,1774807207657,75817,5,5,400,10,0,0,0,0,2,44249,45000,52,800,98.3,bonus_as10_gae1_no,107,700000,,,,,122,71,44,20,30,32,11,4,4,66,39,21,12,16,18,6,2,2,3,8,8,false,NORMAL,2,2,0,V2,3,1,5,30,30,2,0,3_5_fbios_PABUnityIAPiOSDefensiveBase,segment_tag_core_slot_prob_nu_29_06_var_a
71118,2026-04-15 03:20:23,3,4,2,attack,steal,goldSack,gold,1,false,150000000,1774957207657,74317,5,5,1500,10,1,1,0,0,0,44249,45000,52,0,98.3,bonus_as10_gae1_no,107,700000,,,,"{""68171e9b"":""1263\/5500@m11""}",123,72,45,20,30,32,11,4,4,67,40,22,12,16,18,6,2,2,3,4,0,false,NORMAL,3,4,-1,V2,3,1,5,3,4,2,0,3_5_fbios_PABUnityIAPiOSDefensiveBase,segment_tag_core_slot_prob_nu_29_06_var_a
71119,2026-04-15 03:20:26,1,1,6,coin,coin,spins,gold,1,false,75000000,1775032207657,72817,5,5,1500,10,0,0,0,1,0,44249,45000,52,0,98.3,bonus_as10_gae1_no,107,700000,,,,,124,72,45,20,31,32,11,4,4,68,40,22,12,17,18,6,2,2,6,5,5,false,SMALL,-2,-1,-1,V2,3,1,5,1,1,6,0,3_5_fbios_PABUnityIAPiOSDefensiveBase,segment_tag_core_slot_prob_nu_29_06_var_a
71120,2026-04-15 03:20:27,30,2,2,accumulation,goldSack,goldSack,gold,1,false,225000000,1775257207657,71317,5,5,1500,10,0,0,0,0,1,149,1000,54,0,14.9,bonus_as10_gae1_no,107,700000,,,,,125,72,45,20,31,33,11,4,4,69,40,22,12,17,19,6,2,2,7,3,8,false,BIG,6,7,-1,V2,3,1,5,30,2,2,0,3_5_fbios_PABUnityIAPiOSDefensiveBase,segment_tag_core_slot_prob_nu_29_06_var_a
71121,2026-04-15 03:20:32,2,2,2,goldSack,goldSack,goldSack,gold,1,true,3000000000,1778257207657,163317,5,5,1500,10,0,0,0,0,0,149,1000,54,0,14.9,bonus_as10_gae1_no,107,700000,,,,,126,72,45,20,31,33,11,4,4,70,40,22,12,17,19,6,2,2,3,7,3,false,BIG,4,5,-1,V2,3,1,5,2,2,2,0,3_5_fbios_PABUnityIAPiOSDefensiveBase,segment_tag_core_slot_prob_nu_29_06_var_a
71122,2026-04-15 03:20:33,1,1,6,coin,coin,spins,gold,1,false,75000000,1778332207657,161817,5,5,1500,10,0,0,0,1,0,149,1000,54,0,14.9,bonus_as10_gae1_no,107,700000,,,,,127,72,45,20,32,33,11,4,4,71,40,22,12,18,19,6,2,2,6,1,5,false,NORMAL,1,2,-1,V2,3,1,5,1,1,6,0,3_5_fbios_PABUnityIAPiOSDefensiveBase,segment_tag_core_slot_prob_nu_29_06_var_a
71123,2026-04-15 03:20:34,30,2,2,accumulation,goldSack,goldSack,gold,1,false,225000000,1778557207657,160317,5,5,1500,10,0,0,0,0,1,249,1700,56,0,14.6,,107,700000,,,,,128,72,45,20,32,34,11,4,4,72,40,22,12,18,20,6,2,2,3,7,8,false,BIG,5,6,-1,V2,3,1,5,30,2,2,0,3_5_fbios_PABUnityIAPiOSDefensiveBase,segment_tag_core_slot_prob_nu_29_06_var_a
71124,2026-04-15 03:20:39,3,3,3,attack,attack,attack,attack,2,true,0,1781107207657,159817,5,5,1500,10,3,0,0,0,0,249,1700,56,0,14.6,,107,700000,,,,,129,75,45,20,32,34,12,4,4,73,43,22,12,18,20,7,2,2,0,0,0,false,SMALL,-2,-2,0,V2,3,1,5,3,3,3,0,3_5_fbios_PABUnityIAPiOSDefensiveBase,segment_tag_core_slot_prob_nu_29_06_var_a
71125,2026-04-15 03:20:46,30,30,1,accumulation,accumulation,coin,gold,1,false,25000,1793977232657,159816,5,5,1,10,0,0,0,0,2,251,1700,56,2,14.8,,107,700000,,,,,130,75,45,20,32,36,12,4,4,74,43,22,12,18,22,7,2,2,5,8,8,false,NORMAL,1,0,1,V2,3,1,5,30,30,1,0,3_5_fbios_PABUnityIAPiOSDefensiveBase,segment_tag_core_slot_prob_nu_29_06_var_a
71126,2026-04-15 03:20:48,1,1,6,coin,coin,spins,gold,1,false,50000,1793977282657,159815,5,5,1,10,0,0,0,1,0,251,1700,56,0,14.8,,107,700000,,,,,131,75,45,20,33,36,12,4,4,75,43,22,12,19,22,7,2,2,6,5,1,false,MIN,-9,-7,-2,V2,3,1,5,1,1,6,0,3_5_fbios_PABUnityIAPiOSDefensiveBase,segment_tag_core_slot_prob_nu_29_06_var_a
71127,2026-04-15 03:20:49,1,4,6,coin,steal,spins,gold,1,false,25000,1793977307657,159814,5,5,1,10,0,1,0,1,0,251,1700,56,0,14.8,,107,700000,,,,,132,75,46,20,34,36,12,4,4,76,43,23,12,20,22,7,2,2,6,4,1,false,SMALL,-2,-1,-1,V2,3,1,5,1,4,6,0,3_5_fbios_PABUnityIAPiOSDefensiveBase,segment_tag_core_slot_prob_nu_29_06_var_a
71128,2026-04-15 03:20:52,30,2,2,accumulation,goldSack,goldSack,gold,1,false,60000000,1794037307657,159414,5,5,400,10,0,0,0,0,1,651,1700,56,400,38.3,,107,700000,,,,"{""820004c2"":""7816\/8000@m12"",""68171e9b"":""1663\/5500@m11""}",133,75,46,20,34,37,12,4,4,77,43,23,12,20,23,7,2,2,7,3,8,false,BIG,6,7,-1,V2,3,1,5,30,2,2,0,3_5_fbios_PABUnityIAPiOSDefensiveBase,segment_tag_core_slot_prob_nu_29_06_var_a
71129,2026-04-15 03:20:55,5,5,5,shield,shield,shield,shield,3,true,400,1794037307657,159414,5,5,400,10,0,0,3,0,0,651,1700,56,0,38.3,,107,700000,,,,,134,75,46,23,34,37,12,4,5,78,43,23,15,20,23,7,2,3,2,2,2,false,SMALL,-2,-1,-1,V2,3,1,5,5,5,5,0,3_5_fbios_PABUnityIAPiOSDefensiveBase,segment_tag_core_slot_prob_nu_29_06_var_a
71130,2026-04-15 03:20:56,4,4,4,steal,steal,steal,steal,4,true,0,1794037307657,159014,5,5,400,10,0,3,0,0,0,651,1700,56,0,38.3,,107,700000,,,,,135,75,49,23,34,37,12,5,5,79,43,26,15,20,23,7,3,3,4,4,4,false,MIN,-6,-7,1,V2,3,1,5,4,4,4,0,3_5_fbios_PABUnityIAPiOSDefensiveBase,segment_tag_core_slot_prob_nu_29_06_var_a
71131,2026-04-15 03:21:04,1,1,6,coin,coin,spins,gold,1,false,50000,1878999757657,159013,5,5,1,10,0,0,0,1,0,651,1700,56,0,38.3,,107,700000,,,,,136,75,49,23,35,37,12,5,5,80,43,26,15,21,23,7,3,3,6,1,1,false,MIN,-3,-2,-1,V2,3,1,5,1,1,6,0,3_5_fbios_PABUnityIAPiOSDefensiveBase,segment_tag_core_slot_prob_nu_29_06_var_a
71132,2026-04-15 03:21:05,1,1,1,coin,coin,coin,gold,1,true,250000,1879000007657,159012,5,5,1,10,0,0,0,0,0,651,1700,56,0,38.3,,107,700000,,,,,137,75,49,23,35,37,12,5,5,81,43,26,15,21,23,7,3,3,1,5,5,false,SMALL,-1,0,-1,V2,3,1,5,1,1,1,0,3_5_fbios_PABUnityIAPiOSDefensiveBase,segment_tag_core_slot_prob_nu_29_06_var_a
71133,2026-04-15 03:21:06,1,6,6,coin,spins,spins,gold,1,false,25000,1879000032657,159011,5,5,1,10,0,0,0,2,0,651,1700,56,0,38.3,,107,700000,,,,,138,75,49,23,37,37,12,5,5,82,43,26,15,23,23,7,3,3,6,6,5,false,NORMAL,3,4,-1,V2,3,1,5,1,6,6,0,3_5_fbios_PABUnityIAPiOSDefensiveBase,segment_tag_core_slot_prob_nu_29_06_var_a
71134,2026-04-15 03:21:09,30,2,2,accumulation,goldSack,goldSack,gold,1,false,60000000,1879060032657,158611,5,5,400,10,0,0,0,0,1,1051,1700,56,400,61.8,,107,700000,,,,,139,75,49,23,37,38,12,5,5,83,43,26,15,23,24,7,3,3,7,3,8,false,BIG,7,7,0,V2,3,1,5,30,2,2,0,3_5_fbios_PABUnityIAPiOSDefensiveBase,segment_tag_core_slot_prob_nu_29_06_var_a
71135,2026-04-15 03:21:10,30,2,2,accumulation,goldSack,goldSack,gold,1,false,60000000,1879120032657,158211,5,5,400,10,0,0,0,0,1,1451,1700,56,400,85.4,,107,700000,,,,"{""68171e9b"":""2063\/5500@m11""}",140,75,49,23,37,39,12,5,5,84,43,26,15,23,25,7,3,3,3,3,8,false,BIG,5,5,0,V2,3,1,5,30,2,2,0,3_5_fbios_PABUnityIAPiOSDefensiveBase,segment_tag_core_slot_prob_nu_29_06_var_a
71136,2026-04-15 03:21:13,30,2,2,accumulation,goldSack,goldSack,gold,1,false,60000000,1879180032657,157811,5,5,400,10,0,0,0,0,1,151,70000,57,0,0.2,bonus_as10_gae1_no,107,700000,,,,,141,75,49,23,37,40,12,5,5,85,43,26,15,23,26,7,3,3,3,7,8,false,BIG,7,8,-1,V2,3,1,5,30,2,2,0,3_5_fbios_PABUnityIAPiOSDefensiveBase,segment_tag_core_slot_prob_nu_29_06_var_a
71137,2026-04-15 03:21:17,30,30,2,accumulation,accumulation,goldSack,gold,1,false,150000000,1879330032657,158761,5,5,1500,10,0,0,0,0,2,3151,70000,57,3000,4.5,bonus_as10_gae1_no,107,700000,,,,,142,75,49,23,37,42,12,5,5,86,43,26,15,23,28,7,3,3,3,8,8,false,BIG,4,5,-1,V2,3,1,5,30,30,2,0,3_5_fbios_PABUnityIAPiOSDefensiveBase,segment_tag_core_slot_prob_nu_29_06_var_a
71138,2026-04-15 03:21:21,1,4,6,coin,steal,spins,gold,1,false,37500000,1879367532657,157261,5,5,1500,10,0,1,0,1,0,3151,70000,57,0,4.5,bonus_as10_gae1_no,107,700000,,,,,143,75,50,23,38,42,12,5,5,87,43,27,15,24,28,7,3,3,6,4,5,false,BIG,4,5,-1,V2,3,1,5,1,4,6,0,3_5_fbios_PABUnityIAPiOSDefensiveBase,segment_tag_core_slot_prob_nu_29_06_var_a
71139,2026-04-15 03:21:22,1,4,6,coin,steal,spins,gold,1,false,37500000,1879405032657,155761,5,5,1500,10,0,1,0,1,0,3151,70000,57,0,4.5,bonus_as10_gae1_no,107,700000,,,,"{""820004c2"":""2816\/10000@m13""}",144,75,51,23,39,42,12,5,5,88,43,28,15,25,28,7,3,3,6,4,5,false,BIG,6,7,-1,V2,3,1,5,1,4,6,0,3_5_fbios_PABUnityIAPiOSDefensiveBase,segment_tag_core_slot_prob_nu_29_06_var_a
71140,2026-04-15 03:21:27,3,4,2,attack,steal,goldSack,gold,1,false,150000000,1879555032657,154261,5,5,1500,10,1,1,0,0,0,3151,70000,57,0,4.5,bonus_as10_gae1_no,107,700000,,,,,145,76,52,23,39,42,12,5,5,89,44,29,15,25,28,7,3,3,7,4,0,false,SMALL,-2,-1,-1,V2,3,1,5,3,4,2,0,3_5_fbios_PABUnityIAPiOSDefensiveBase,segment_tag_core_slot_prob_nu_29_06_var_a
71141,2026-04-15 03:21:29,1,1,1,coin,coin,coin,gold,1,true,375000000,1879930032657,152761,5,5,1500,10,0,0,0,0,0,3151,70000,57,0,4.5,bonus_as10_gae1_no,107,700000,,,,,146,76,52,23,39,42,12,5,5,90,44,29,15,25,28,7,3,3,1,5,1,false,MIN,-10,-7,-3,V2,3,1,5,1,1,1,0,3_5_fbios_PABUnityIAPiOSDefensiveBase,segment_tag_core_slot_prob_nu_29_06_var_a
71142,2026-04-15 03:21:31,30,30,2,accumulation,accumulation,goldSack,gold,1,false,150000000,1880080032657,151261,5,5,1500,10,0,0,0,0,2,6151,70000,57,3000,8.8,bonus_as10_gae1_no,107,700000,,,,,147,76,52,23,39,44,12,5,5,91,44,29,15,25,30,7,3,3,3,8,8,false,SMALL,-1,2,-3,V2,3,1,5,30,30,2,0,3_5_fbios_PABUnityIAPiOSDefensiveBase,segment_tag_core_slot_prob_nu_29_06_var_a
71143,2026-04-15 03:21:33,5,5,5,shield,shield,shield,shield,3,true,1500,1880080032657,151261,5,5,1500,10,0,0,3,0,0,6151,70000,57,0,8.8,bonus_as10_gae1_no,107,700000,,,,,148,76,52,26,39,44,12,5,6,92,44,29,18,25,30,7,3,4,2,2,2,false,MIN,-4,-1,-3,V2,3,1,5,5,5,5,0,3_5_fbios_PABUnityIAPiOSDefensiveBase,segment_tag_core_slot_prob_nu_29_06_var_a
71144,2026-04-15 03:24:03,30,2,2,accumulation,goldSack,goldSack,gold,1,false,150000,1880080182657,151260,5,5,1,10,0,0,0,0,1,6152,70000,57,1,8.8,bonus_as10_gae1_no,107,700000,,,,,149,76,52,26,39,45,12,5,6,93,44,29,18,25,31,7,3,4,3,7,8,false,NORMAL,3,4,-1,V2,3,1,5,30,2,2,0,3_5_fbios_PABUnityIAPiOSDefensiveBase,segment_tag_core_slot_prob_nu_29_06_var_a
71145,2026-04-15 03:24:05,3,1,1,attack,coin,coin,gold,1,false,50000,1880080232657,151259,5,5,1,10,1,0,0,0,0,6152,70000,57,0,8.8,bonus_as10_gae1_no,107,700000,,,,,150,77,52,26,39,45,12,5,6,94,45,29,18,25,31,7,3,4,5,5,0,false,MIN,-5,-4,-1,V2,3,1,5,3,1,1,0,3_5_fbios_PABUnityIAPiOSDefensiveBase,segment_tag_core_slot_prob_nu_29_06_var_a
71146,2026-04-15 03:24:06,1,4,6,coin,steal,spins,gold,1,false,25000,1880080257657,151258,5,5,1,10,0,1,0,1,0,6152,70000,57,0,8.8,bonus_as10_gae1_no,107,700000,,,,"{""68171e9b"":""2064\/5500@m11""}",151,77,53,26,40,45,12,5,6,95,45,30,18,26,31,7,3,4,6,4,5,false,BIG,4,4,0,V2,3,1,5,1,4,6,0,3_5_fbios_PABUnityIAPiOSDefensiveBase,segment_tag_core_slot_prob_nu_29_06_var_a
71147,2026-04-15 03:24:11,3,4,2,attack,steal,goldSack,gold,1,false,40000000,1880120257657,150858,5,5,400,10,1,1,0,0,0,6152,70000,57,0,8.8,bonus_as10_gae1_no,107,700000,,,,,152,78,54,26,40,45,12,5,6,96,46,31,18,26,31,7,3,4,7,4,0,false,SMALL,-1,-1,0,V2,3,1,5,3,4,2,0,3_5_fbios_PABUnityIAPiOSDefensiveBase,segment_tag_core_slot_prob_nu_29_06_var_a
71148,2026-04-15 03:24:13,1,1,1,coin,coin,coin,gold,1,true,100000000,1880220257657,150458,5,5,400,10,0,0,0,0,0,6152,70000,57,0,8.8,bonus_as10_gae1_no,107,700000,,,,,153,78,54,26,40,45,12,5,6,97,46,31,18,26,31,7,3,4,1,1,5,false,NORMAL,1,1,0,V2,3,1,5,1,1,1,0,3_5_fbios_PABUnityIAPiOSDefensiveBase,segment_tag_core_slot_prob_nu_29_06_var_a
71149,2026-04-15 03:24:14,3,3,2,attack,attack,goldSack,gold,1,false,40000000,1880260257657,150058,5,5,400,10,2,0,0,0,0,6152,70000,57,0,8.8,bonus_as10_gae1_no,107,700000,,,,"{""820004c2"":""3616\/10000@m13""}",154,80,54,26,40,45,12,5,6,98,48,31,18,26,31,7,3,4,3,0,0,false,NORMAL,1,1,0,V2,3,1,5,3,3,2,0,3_5_fbios_PABUnityIAPiOSDefensiveBase,segment_tag_core_slot_prob_nu_29_06_var_a
71150,2026-04-15 03:24:15,3,3,3,attack,attack,attack,attack,2,true,0,1880260257657,149658,5,5,400,10,3,0,0,0,0,6152,70000,57,0,8.8,bonus_as10_gae1_no,107,700000,,,,,155,83,54,26,40,45,13,5,6,99,51,31,18,26,31,8,3,4,0,0,0,false,SMALL,-1,-1,0,V2,3,1,5,3,3,3,0,3_5_fbios_PABUnityIAPiOSDefensiveBase,segment_tag_core_slot_prob_nu_29_06_var_a
71151,2026-04-15 03:24:21,1,6,6,coin,spins,spins,gold,1,false,25000,1883692282657,149657,5,5,1,10,0,0,0,2,0,6152,70000,57,0,8.8,bonus_as10_gae1_no,107,700000,,,,,156,83,54,26,42,45,13,5,6,100,51,31,18,28,31,8,3,4,6,6,1,false,MIN,-5,-3,-2,V2,3,1,5,1,6,6,0,3_5_fbios_PABUnityIAPiOSDefensiveBase,segment_tag_core_slot_prob_nu_29_06_var_a
71152,2026-04-15 03:24:22,3,4,2,attack,steal,goldSack,gold,1,false,100000,1883692382657,149656,5,5,1,10,1,1,0,0,0,6152,70000,57,0,8.8,bonus_as10_gae1_no,107,700000,,,,,157,84,55,26,42,45,13,5,6,101,52,32,18,28,31,8,3,4,7,4,0,false,MIN,-3,-1,-2,V2,3,1,5,3,4,2,0,3_5_fbios_PABUnityIAPiOSDefensiveBase,segment_tag_core_slot_prob_nu_29_06_var_a
71153,2026-04-15 03:24:23,30,2,2,accumulation,goldSack,goldSack,gold,1,false,150000,1883692532657,149655,5,5,1,10,0,0,0,0,1,6153,70000,57,1,8.8,bonus_as10_gae1_no,107,700000,,,,,158,84,55,26,42,46,13,5,6,102,52,32,18,28,32,8,3,4,3,7,8,false,BIG,5,6,-1,V2,3,1,5,30,2,2,0,3_5_fbios_PABUnityIAPiOSDefensiveBase,segment_tag_core_slot_prob_nu_29_06_var_a
71154,2026-04-15 03:24:26,30,30,30,accumulation,accumulation,accumulation,gold,10,true,0,1883692532657,149255,5,5,400,10,0,0,0,0,3,10153,70000,57,4000,14.5,bonus_as10_gae1_no,107,700000,,,,,159,84,55,26,42,49,13,5,6,103,52,32,18,28,35,8,3,4,8,8,8,true,BIG,4,3,1,V2,3,1,5,30,30,30,0,3_5_fbios_PABUnityIAPiOSDefensiveBase,segment_tag_core_slot_prob_nu_29_06_var_a
71155,2026-04-15 05:02:20,3,3,3,attack,attack,attack,attack,2,true,0,1883359489457,149254,5,5,1,10,3,0,0,0,0,10153,70000,57,0,14.5,bonus_bs15_gae1_no,107,700000,,,,,1,3,0,0,0,0,1,0,0,104,55,32,18,28,35,9,3,4,0,0,0,false,SMALL,-2,-2,0,V2,3,1,5,3,3,3,0,3_5_fbios_PABUnityIAPiOSDefensiveBase,segment_tag_core_slot_prob_nu_29_06_var_a
71156,2026-04-15 05:07:59,30,30,1,accumulation,accumulation,coin,gold,1,false,25000,1883443094457,155103,5,5,1,10,0,0,0,0,2,10155,70000,57,2,14.5,bonus_bs15_gae1_no,107,700000,,,,,2,3,0,0,0,2,1,0,0,105,55,32,18,28,37,9,3,4,1,8,8,false,NORMAL,1,1,0,V2,3,1,5,30,30,1,0,3_5_fbios_PABUnityIAPiOSDefensiveBase,segment_tag_core_slot_prob_nu_29_06_var_a
71157,2026-04-15 05:08:02,2,2,2,goldSack,goldSack,goldSack,gold,1,true,2000000,1883445094457,155102,5,5,1,10,0,0,0,0,0,10155,70000,57,0,14.5,bonus_bs15_gae1_no,107,700000,,,,,3,3,0,0,0,2,1,0,0,106,55,32,18,28,37,9,3,4,7,3,7,false,NORMAL,1,1,0,V2,3,1,5,2,2,2,0,3_5_fbios_PABUnityIAPiOSDefensiveBase,segment_tag_core_slot_prob_nu_29_06_var_a
71158,2026-04-15 05:08:04,2,2,2,goldSack,goldSack,goldSack,gold,1,true,2000000,1883447094457,155101,5,5,1,10,0,0,0,0,0,10155,70000,57,0,14.5,bonus_bs15_gae1_no,107,700000,,,,"{""68171e9b"":""2065\/5500@m11""}",4,3,0,0,0,2,1,0,0,107,55,32,18,28,37,9,3,4,7,7,3,false,MAX,8,7,1,V2,3,1,5,2,2,2,0,3_5_fbios_PABUnityIAPiOSDefensiveBase,segment_tag_core_slot_prob_nu_29_06_var_a
71159,2026-04-15 05:08:07,3,3,3,attack,attack,attack,attack,2,true,0,1883447094457,155100,5,5,1,10,3,0,0,0,0,10155,70000,57,0,14.5,bonus_bs15_gae1_no,107,700000,,,,,5,6,0,0,0,2,2,0,0,108,58,32,18,28,37,10,3,4,0,0,0,false,SMALL,-1,-2,1,V2,3,1,5,3,3,3,0,3_5_fbios_PABUnityIAPiOSDefensiveBase,segment_tag_core_slot_prob_nu_29_06_var_a
71160,2026-04-15 05:08:17,3,3,3,attack,attack,attack,attack,2,true,0,1883455674457,155099,5,5,1,10,3,0,0,0,0,10155,70000,57,0,14.5,bonus_bs15_gae1_no,107,700000,,,,,6,9,0,0,0,2,3,0,0,109,61,32,18,28,37,11,3,4,0,0,0,false,NORMAL,1,0,1,V2,3,1,5,3,3,3,0,3_5_fbios_PABUnityIAPiOSDefensiveBase,segment_tag_core_slot_prob_nu_29_06_var_a
71161,2026-04-15 05:08:26,5,5,5,shield,shield,shield,shield,3,true,1,1883481674457,155099,5,5,1,10,0,0,3,0,0,10155,70000,57,0,14.5,bonus_bs15_gae1_no,107,700000,,,,,7,9,0,3,0,2,3,0,1,110,61,32,21,28,37,11,3,5,2,2,2,false,NORMAL,0,-1,1,V2,3,1,5,5,5,5,0,3_5_fbios_PABUnityIAPiOSDefensiveBase,segment_tag_core_slot_prob_nu_29_06_var_a
71162,2026-04-15 05:08:30,30,30,1,accumulation,accumulation,coin,gold,1,false,25000,1883481699457,155098,5,5,1,10,0,0,0,0,2,10157,70000,57,2,14.5,bonus_bs15_gae1_no,107,700000,,,,,8,9,0,3,0,4,3,0,1,111,61,32,21,28,39,11,3,5,1,8,8,false,NORMAL,0,-1,1,V2,3,1,5,30,30,1,0,3_5_fbios_PABUnityIAPiOSDefensiveBase,segment_tag_core_slot_prob_nu_29_06_var_a
71163,2026-04-15 05:08:32,3,4,2,attack,steal,goldSack,gold,1,false,100000,1883481799457,155097,5,5,1,10,1,1,0,0,0,10157,70000,57,0,14.5,bonus_bs15_gae1_no,107,700000,,,,"{""68171e9b"":""2066\/5500@m11""}",9,10,1,3,0,4,3,0,1,112,62,33,21,28,39,11,3,5,7,4,0,false,NORMAL,0,-1,1,V2,3,1,5,3,4,2,0,3_5_fbios_PABUnityIAPiOSDefensiveBase,segment_tag_core_slot_prob_nu_29_06_var_a
71164,2026-04-15 05:08:34,3,4,2,attack,steal,goldSack,gold,1,false,100000,1883481899457,155096,5,5,1,10,1,1,0,0,0,10157,70000,57,0,14.5,bonus_bs15_gae1_no,107,700000,,,,,10,11,2,3,0,4,3,0,1,113,63,34,21,28,39,11,3,5,7,4,0,false,NORMAL,2,1,1,V2,3,1,5,3,4,2,0,3_5_fbios_PABUnityIAPiOSDefensiveBase,segment_tag_core_slot_prob_nu_29_06_var_a
71165,2026-04-15 05:08:35,30,2,2,accumulation,goldSack,goldSack,gold,1,false,150000,1883482049457,155095,5,5,1,10,0,0,0,0,1,10158,70000,57,1,14.5,bonus_bs15_gae1_no,107,700000,,,,,11,11,2,3,0,5,3,0,1,114,63,34,21,28,40,11,3,5,3,7,8,false,MAX,8,6,2,V2,3,1,5,30,2,2,0,3_5_fbios_PABUnityIAPiOSDefensiveBase,segment_tag_core_slot_prob_nu_29_06_var_a
71166,2026-04-15 05:08:38,3,3,1,attack,attack,coin,gold,1,false,25000,1883482074457,155094,5,5,1,10,2,0,0,0,0,10158,70000,57,0,14.5,bonus_bs15_gae1_no,107,700000,,,,,12,13,2,3,0,5,3,0,1,115,65,34,21,28,40,11,3,5,1,0,0,false,NORMAL,1,-1,2,V2,3,1,5,3,3,1,0,3_5_fbios_PABUnityIAPiOSDefensiveBase,segment_tag_core_slot_prob_nu_29_06_var_a
71167,2026-04-15 05:08:39,1,6,6,coin,spins,spins,gold,1,false,25000,1883482099457,155093,5,5,1,10,0,0,0,2,0,10158,70000,57,0,14.5,bonus_bs15_gae1_no,107,700000,,,,,13,13,2,3,2,5,3,0,1,116,65,34,21,30,40,11,3,5,6,6,1,false,MIN,-4,-3,-1,V2,3,1,5,1,6,6,0,3_5_fbios_PABUnityIAPiOSDefensiveBase,segment_tag_core_slot_prob_nu_29_06_var_a
71168,2026-04-15 05:08:40,30,2,2,accumulation,goldSack,goldSack,gold,1,false,150000,1883482249457,155092,5,5,1,10,0,0,0,0,1,10159,70000,57,1,14.5,bonus_bs15_gae1_no,107,700000,,,,"{""820004c2"":""3618\/10000@m13""}",14,13,2,3,2,6,3,0,1,117,65,34,21,30,41,11,3,5,3,3,8,false,NORMAL,3,4,-1,V2,3,1,5,30,2,2,0,3_5_fbios_PABUnityIAPiOSDefensiveBase,segment_tag_core_slot_prob_nu_29_06_var_a
71169,2026-04-15 05:08:43,1,1,6,coin,coin,spins,gold,1,false,50000,1883482299457,155091,5,5,1,10,0,0,0,1,0,10159,70000,57,0,14.5,bonus_bs15_gae1_no,107,700000,,,,,15,13,2,3,3,6,3,0,1,118,65,34,21,31,41,11,3,5,6,1,5,false,NORMAL,2,3,-1,V2,3,1,5,1,1,6,0,3_5_fbios_PABUnityIAPiOSDefensiveBase,segment_tag_core_slot_prob_nu_29_06_var_a
71170,2026-04-15 05:08:44,3,4,2,attack,steal,goldSack,gold,1,false,100000,1883482399457,155090,5,5,1,10,1,1,0,0,0,10159,70000,57,0,14.5,bonus_bs15_gae1_no,107,700000,,,,,16,14,3,3,3,6,3,0,1,119,66,35,21,31,41,11,3,5,7,4,0,false,NORMAL,0,-1,1,V2,3,1,5,3,4,2,0,3_5_fbios_PABUnityIAPiOSDefensiveBase,segment_tag_core_slot_prob_nu_29_06_var_a
71171,2026-04-15 05:08:45,6,6,6,spins,spins,spins,spins,5,true,10,1883482399457,155099,5,5,1,10,0,0,0,3,0,10159,70000,57,0,14.5,bonus_bs15_gae1_no,107,700000,,,,,17,14,3,3,6,6,3,0,1,120,66,35,21,34,41,11,3,5,6,6,6,true,NORMAL,1,0,1,V2,3,1,5,6,6,6,0,3_5_fbios_PABUnityIAPiOSDefensiveBase,segment_tag_core_slot_prob_nu_29_06_var_a
71172,2026-04-15 05:08:48,1,1,1,coin,coin,coin,gold,1,true,250000,1883482649457,155098,5,5,1,10,0,0,0,0,0,10159,70000,57,0,14.5,bonus_bs15_gae1_no,107,700000,,,,,18,14,3,3,6,6,3,0,1,1,0,0,0,0,0,0,0,0,5,1,5,false,NORMAL,0,-1,1,V2,3,1,5,1,1,1,0,3_5_fbios_PABUnityIAPiOSDefensiveBase,segment_tag_core_slot_prob_nu_29_06_var_a
71173,2026-04-15 05:08:50,3,4,2,attack,steal,goldSack,gold,1,false,100000,1883482749457,155097,5,5,1,10,1,1,0,0,0,10159,70000,57,0,14.5,bonus_bs15_gae1_no,107,700000,,,,"{""68171e9b"":""2067\/5500@m11""}",19,15,4,3,6,6,3,0,1,2,1,1,0,0,0,0,0,0,3,4,0,false,BIG,4,3,1,V2,3,1,5,3,4,2,0,3_5_fbios_PABUnityIAPiOSDefensiveBase,segment_tag_core_slot_prob_nu_29_06_var_a
71174,2026-04-15 05:19:10,1,4,6,coin,steal,spins,gold,1,false,25000,1883482774457,155096,5,5,1,10,0,1,0,1,0,10159,70000,57,0,14.5,bonus_bs15_gae1_no,107,700000,,,,,20,15,5,3,7,6,3,0,1,3,1,2,0,1,0,0,0,0,6,4,1,false,MIN,-3,-3,0,V2,3,1,5,1,4,6,0,3_5_fbios_PABUnityIAPiOSDefensiveBase,segment_tag_core_slot_prob_nu_29_06_var_a
71175,2026-04-15 05:19:12,5,5,5,shield,shield,shield,shield,3,true,1,1883482774457,155096,5,5,1,10,0,0,3,0,0,10159,70000,57,0,14.5,bonus_bs15_gae1_no,107,700000,,,,,21,15,5,6,7,6,3,0,2,4,1,2,3,1,0,0,0,1,2,2,2,false,SMALL,-1,-1,0,V2,3,1,5,5,5,5,0,3_5_fbios_PABUnityIAPiOSDefensiveBase,segment_tag_core_slot_prob_nu_29_06_var_a
71176,2026-04-15 05:19:15,30,30,1,accumulation,accumulation,coin,gold,1,false,25000,1883482799457,155095,5,5,1,10,0,0,0,0,2,10161,70000,57,2,14.5,bonus_bs15_gae1_no,107,700000,,,,,22,15,5,6,7,8,3,0,2,5,1,2,3,1,2,0,0,1,1,8,8,false,MIN,-3,-1,-2,V2,3,1,5,30,30,1,0,3_5_fbios_PABUnityIAPiOSDefensiveBase,segment_tag_core_slot_prob_nu_29_06_var_a
71177,2026-04-15 05:19:18,3,3,3,attack,attack,attack,attack,2,true,0,1883482799457,155094,5,5,1,10,3,0,0,0,0,10161,70000,57,0,14.5,bonus_bs15_gae1_no,107,700000,,,,,23,18,5,6,7,8,4,0,2,6,4,2,3,1,2,1,0,1,0,0,0,false,SMALL,-2,-2,0,V2,3,1,5,3,3,3,0,3_5_fbios_PABUnityIAPiOSDefensiveBase,segment_tag_core_slot_prob_nu_29_06_var_a
71178,2026-04-15 05:19:28,3,4,2,attack,steal,goldSack,gold,1,false,100000,1883491479457,155093,5,5,1,10,1,1,0,0,0,10161,70000,57,0,14.5,bonus_bs15_gae1_no,107,700000,,,,"{""68171e9b"":""2068\/5500@m11""}",24,19,6,6,7,8,4,0,2,7,5,3,3,1,2,1,0,1,3,4,0,false,BIG,4,4,0,V2,3,1,5,3,4,2,0,3_5_fbios_PABUnityIAPiOSDefensiveBase,segment_tag_core_slot_prob_nu_29_06_var_a
71179,2026-04-15 05:19:30,3,4,2,attack,steal,goldSack,gold,1,false,100000,1883491579457,155092,5,5,1,10,1,1,0,0,0,10161,70000,57,0,14.5,bonus_bs15_gae1_no,107,700000,,,,,25,20,7,6,7,8,4,0,2,8,6,4,3,1,2,1,0,1,3,4,0,false,BIG,4,5,-1,V2,3,1,5,3,4,2,0,3_5_fbios_PABUnityIAPiOSDefensiveBase,segment_tag_core_slot_prob_nu_29_06_var_a
71180,2026-04-15 05:19:33,2,2,2,goldSack,goldSack,goldSack,gold,1,true,2000000,1883493579457,155091,5,5,1,10,0,0,0,0,0,10161,70000,57,0,14.5,bonus_bs15_gae1_no,107,700000,,,,,26,20,7,6,7,8,4,0,2,9,6,4,3,1,2,1,0,1,7,3,3,false,BIG,4,5,-1,V2,3,1,5,2,2,2,0,3_5_fbios_PABUnityIAPiOSDefensiveBase,segment_tag_core_slot_prob_nu_29_06_var_a
71181,2026-04-15 05:19:34,1,6,6,coin,spins,spins,gold,1,false,25000,1883493604457,155090,5,5,1,10,0,0,0,2,0,10161,70000,57,0,14.5,bonus_bs15_gae1_no,107,700000,,,,,27,20,7,6,9,8,4,0,2,10,6,4,3,3,2,1,0,1,6,6,1,false,MIN,-6,-3,-3,V2,3,1,5,1,6,6,0,3_5_fbios_PABUnityIAPiOSDefensiveBase,segment_tag_core_slot_prob_nu_29_06_var_a
71182,2026-04-15 05:19:36,1,4,5,coin,steal,shield,gold,1,false,25000,1883493629457,155089,5,5,1,10,0,1,1,0,0,10161,70000,57,0,14.5,bonus_bs15_gae1_no,107,700000,,,,,28,20,8,7,9,8,4,0,2,11,6,5,4,3,2,1,0,1,2,4,1,false,MIN,-4,-1,-3,V2,3,1,5,1,4,5,0,3_5_fbios_PABUnityIAPiOSDefensiveBase,segment_tag_core_slot_prob_nu_29_06_var_a
71183,2026-04-15 05:19:38,30,2,2,accumulation,goldSack,goldSack,gold,1,false,150000,1883493779457,155088,5,5,1,10,0,0,0,0,1,10162,70000,57,1,14.5,bonus_bs15_gae1_no,107,700000,,,,,29,20,8,7,9,9,4,0,2,12,6,5,4,3,3,1,0,1,7,3,8,false,NORMAL,3,6,-3,V2,3,1,5,30,2,2,0,3_5_fbios_PABUnityIAPiOSDefensiveBase,segment_tag_core_slot_prob_nu_29_06_var_a
71184,2026-04-15 05:19:41,30,2,2,accumulation,goldSack,goldSack,gold,1,false,150000,1883493929457,155087,5,5,1,10,0,0,0,0,1,10163,70000,57,1,14.5,bonus_bs15_gae1_no,107,700000,,,,,30,20,8,7,9,10,4,0,2,13,6,5,4,3,4,1,0,1,3,3,8,false,NORMAL,2,5,-3,V2,3,1,5,30,2,2,0,3_5_fbios_PABUnityIAPiOSDefensiveBase,segment_tag_core_slot_prob_nu_29_06_var_a
71185,2026-04-15 05:19:43,3,3,3,attack,attack,attack,attack,2,true,0,1883493929457,155086,5,5,1,10,3,0,0,0,0,10163,70000,57,0,14.5,bonus_bs15_gae1_no,107,700000,,,,,31,23,8,7,9,10,5,0,2,14,9,5,4,3,4,2,0,1,0,0,0,false,MIN,-3,-2,-1,V2,3,1,5,3,3,3,0,3_5_fbios_PABUnityIAPiOSDefensiveBase,segment_tag_core_slot_prob_nu_29_06_var_a
71186,2026-04-15 05:19:54,1,1,6,coin,coin,spins,gold,1,false,50000,1883519979457,155085,5,5,1,10,0,0,0,1,0,10163,70000,57,0,14.5,bonus_bs15_gae1_no,107,700000,,,,"{""68171e9b"":""2069\/5500@m11""}",32,23,8,7,10,10,5,0,2,15,9,5,4,4,4,2,0,1,6,5,1,false,MIN,-10,-7,-3,V2,3,1,5,1,1,6,0,3_5_fbios_PABUnityIAPiOSDefensiveBase,segment_tag_core_slot_prob_nu_29_06_var_a
71187,2026-04-15 05:19:56,1,1,1,coin,coin,coin,gold,1,true,250000,1883520229457,155084,5,5,1,10,0,0,0,0,0,10163,70000,57,0,14.5,bonus_bs15_gae1_no,107,700000,,,,"{""820004c2"":""3620\/10000@m13""}",33,23,8,7,10,10,5,0,2,16,9,5,4,4,4,2,0,1,5,5,1,false,MIN,-11,-8,-3,V2,3,1,5,1,1,1,0,3_5_fbios_PABUnityIAPiOSDefensiveBase,segment_tag_core_slot_prob_nu_29_06_var_a
71188,2026-04-15 05:19:58,3,4,2,attack,steal,goldSack,gold,1,false,100000,1883520329457,155083,5,5,1,10,1,1,0,0,0,10163,70000,57,0,14.5,bonus_bs15_gae1_no,107,700000,,,,,34,24,9,7,10,10,5,0,2,17,10,6,4,4,4,2,0,1,3,4,0,false,NORMAL,1,3,-2,V2,3,1,5,3,4,2,0,3_5_fbios_PABUnityIAPiOSDefensiveBase,segment_tag_core_slot_prob_nu_29_06_var_a
71189,2026-04-15 05:19:59,3,3,1,attack,attack,coin,gold,1,false,25000,1883520354457,155082,5,5,1,10,2,0,0,0,0,10163,70000,57,0,14.5,bonus_bs15_gae1_no,107,700000,,,,,35,26,9,7,10,10,5,0,2,18,12,6,4,4,4,2,0,1,5,0,0,false,MIN,-3,-1,-2,V2,3,1,5,3,3,1,0,3_5_fbios_PABUnityIAPiOSDefensiveBase,segment_tag_core_slot_prob_nu_29_06_var_a
71190,2026-04-15 05:20:00,1,1,1,coin,coin,coin,gold,1,true,250000,1883520604457,155081,5,5,1,10,0,0,0,0,0,10163,70000,57,0,14.5,bonus_bs15_gae1_no,107,700000,,,,,36,26,9,7,10,10,5,0,2,19,12,6,4,4,4,2,0,1,1,5,5,false,SMALL,-1,-1,0,V2,3,1,5,1,1,1,0,3_5_fbios_PABUnityIAPiOSDefensiveBase,segment_tag_core_slot_prob_nu_29_06_var_a
71191,2026-04-15 05:20:01,3,3,2,attack,attack,goldSack,gold,1,false,100000,1883520704457,155080,5,5,1,10,2,0,0,0,0,10163,70000,57,0,14.5,bonus_bs15_gae1_no,107,700000,,,,,37,28,9,7,10,10,5,0,2,20,14,6,4,4,4,2,0,1,3,0,0,false,NORMAL,1,1,0,V2,3,1,5,3,3,2,0,3_5_fbios_PABUnityIAPiOSDefensiveBase,segment_tag_core_slot_prob_nu_29_06_var_a
71192,2026-04-15 05:20:03,3,6,2,attack,spins,goldSack,gold,1,false,100000,1883520804457,155079,5,5,1,10,1,0,0,1,0,10163,70000,57,0,14.5,bonus_bs15_gae1_no,107,700000,,,,,38,29,9,7,11,10,5,0,2,21,15,6,4,5,4,2,0,1,3,6,0,false,NORMAL,3,4,-1,V2,3,1,5,3,6,2,0,3_5_fbios_PABUnityIAPiOSDefensiveBase,segment_tag_core_slot_prob_nu_29_06_var_a
71193,2026-04-15 05:20:04,1,1,1,coin,coin,coin,gold,1,true,250000,1883521054457,155078,5,5,1,10,0,0,0,0,0,10163,70000,57,0,14.5,bonus_bs15_gae1_no,107,700000,,,,,39,29,9,7,11,10,5,0,2,22,15,6,4,5,4,2,0,1,1,1,1,false,MIN,-7,-4,-3,V2,3,1,5,1,1,1,0,3_5_fbios_PABUnityIAPiOSDefensiveBase,segment_tag_core_slot_prob_nu_29_06_var_a
71194,2026-04-15 05:20:06,1,4,5,coin,steal,shield,gold,1,false,25000,1883521079457,155077,5,5,1,10,0,1,1,0,0,10163,70000,57,0,14.5,bonus_bs15_gae1_no,107,700000,,,,,40,29,10,8,11,10,5,0,2,23,15,7,5,5,4,2,0,1,2,4,5,false,SMALL,-1,2,-3,V2,3,1,5,1,4,5,0,3_5_fbios_PABUnityIAPiOSDefensiveBase,segment_tag_core_slot_prob_nu_29_06_var_a
71195,2026-04-15 05:20:07,4,4,4,steal,steal,steal,steal,4,true,0,1883521079457,155076,5,5,1,10,0,3,0,0,0,10163,70000,57,0,14.5,bonus_bs15_gae1_no,107,700000,,,,"{""68171e9b"":""2070\/5500@m11""}",41,29,13,8,11,10,5,1,2,24,15,10,5,5,4,2,1,1,4,4,4,false,MIN,-9,-6,-3,V2,3,1,5,4,4,4,0,3_5_fbios_PABUnityIAPiOSDefensiveBase,segment_tag_core_slot_prob_nu_29_06_var_a
