seq,timestamp,session_date,gap_idx,spin_in_gap,prev_gap_length,prev_real_triple,bet_level,bet_mult,sa_spins,sa_acc,sa_spn,acc_rate,spn_rate,slope_8,slope_10,r01_combo,r02_ideal_ra,r03_ra_t130,r04_flat_150_32,r05_sml_l120_g32,r06_sml_l120_g30,r07_sml_s100_l120_m180,r08_sml_s100_l120_m110,r09_sml_s100_l130_m130,r10_sml_s50_l130_m150,r11_sml_s50_l130_s80,r12_shield_110,r13_shield_120,r14_shield_130,r15_shield_140,r16_flat_150_37,rules_count,rules_bitmask,phase,cooldown_remaining,consec_bets,gap_bets_so_far,is_triple,triple_type,target_caught,gae_segment,gae_grand_prize,gae_last_mission,accum_mission,accum_current,accum_total,accum_pct,accum_delta
64050,2026-04-08 15:50:14,2026-04-08,0,4,-1,steal,9,1,43,16,2,0.3721,0.0465,0.3721,0.3721,0,0,0,0,0,0,0,0,0,0,0,0,0,0,0,0,0,0x0000,SOON,0,0,0,0,,0,,700000,107,37,1144,10000,11.44,0
64051,2026-04-08 15:50:15,2026-04-08,0,5,-1,steal,9,1,44,16,3,0.3636,0.0682,0.3636,0.3636,0,0,0,0,0,0,0,0,0,0,0,0,0,0,0,0,0,0x0000,SOON,0,0,0,0,,0,,700000,107,37,1144,10000,11.44,0
64052,2026-04-08 15:50:16,2026-04-08,0,6,-1,steal,9,1,45,16,3,0.3556,0.0667,0.3556,0.3556,0,0,0,0,0,0,0,0,0,0,0,0,0,0,0,0,0,0x0000,SOON,0,0,0,0,,0,,700000,107,37,1144,10000,11.44,0
64053,2026-04-08 15:50:16,2026-04-08,0,7,-1,attack,9,1,46,16,3,0.3478,0.0652,0.3478,0.3478,0,0,0,0,0,0,0,0,0,0,0,0,0,0,0,0,0,0x0000,SOON,0,0,0,1,attack,0,,700000,107,37,1144,10000,11.44,0
64054,2026-04-08 15:50:44,2026-04-08,0,8,-1,attack,9,1,47,16,3,0.3404,0.0638,0.3404,0.3404,0,0,0,0,0,0,0,0,0,0,0,0,0,0,0,0,0,0x0000,SOON,0,0,0,1,,0,,700000,107,37,1144,10000,11.44,0
64055,2026-04-08 15:50:45,2026-04-08,0,9,-1,attack,9,1,48,18,3,0.3750,0.0625,-0.0250,0.3750,0,0,0,0,0,0,0,0,0,0,0,0,0,0,0,0,0,0x0000,SOON,0,0,0,0,,0,,700000,107,37,1146,10000,11.46,0
64056,2026-04-08 15:50:46,2026-04-08,0,10,-1,attack,9,1,49,18,3,0.3673,0.0612,-0.0229,0.3673,0,0,0,0,0,0,0,0,0,0,0,0,0,0,0,0,0,0x0000,SOON,0,0,0,1,,0,,700000,107,37,1146,10000,11.46,0
64057,2026-04-08 15:50:46,2026-04-08,0,11,-1,attack,9,1,50,18,4,0.3600,0.0800,-0.0210,-0.0400,0,0,0,0,0,0,0,0,0,0,0,0,0,0,0,0,0,0x0000,SOON,0,0,0,0,,0,,700000,107,37,1146,10000,11.46,0
64058,2026-04-08 15:50:48,2026-04-08,0,12,-1,attack,9,1,51,18,4,0.3529,0.0784,-0.0192,-0.0373,0,0,0,0,0,0,0,0,0,0,0,0,0,0,0,0,0,0x0000,SOON,0,0,0,0,,0,,700000,107,37,1146,10000,11.46,0
64059,2026-04-08 15:50:49,2026-04-08,0,13,-1,attack,9,1,52,18,4,0.3462,0.0769,-0.0175,-0.0348,0,0,0,0,0,0,0,0,0,0,0,0,0,0,0,0,0,0x0000,SOON,0,0,0,0,,0,,700000,107,37,1146,10000,11.46,0
64060,2026-04-08 15:50:49,2026-04-08,0,14,-1,attack,9,1,53,18,5,0.3396,0.0943,-0.0159,-0.0325,0,0,0,0,0,0,0,0,0,0,0,0,0,0,0,0,0,0x0000,SOON,0,0,0,0,,0,,700000,107,37,1146,10000,11.46,0
64061,2026-04-08 15:50:50,2026-04-08,0,15,-1,attack,9,1,54,18,5,0.3333,0.0926,-0.0145,-0.0303,0,0,0,0,0,0,0,0,0,0,0,0,0,0,0,0,0,0x0000,SOON,0,0,0,0,,0,,700000,107,37,1146,10000,11.46,0
64062,2026-04-08 15:50:51,2026-04-08,0,16,-1,steal,9,1,55,18,5,0.3273,0.0909,-0.0132,-0.0283,0,0,0,0,0,0,0,0,0,0,0,0,0,0,0,0,0,0x0000,SOON,0,0,0,1,steal,0,,700000,107,37,1146,10000,11.46,0
64063,2026-04-08 15:51:44,2026-04-08,0,17,-1,steal,9,1,56,19,5,0.3393,0.0893,-0.0357,-0.0085,0,0,0,0,0,0,0,0,0,0,0,0,0,0,0,0,0,0x0000,SOON,0,0,0,0,,0,,700000,107,37,1147,10000,11.47,0
64064,2026-04-08 15:51:45,2026-04-08,0,18,-1,steal,9,1,57,19,5,0.3333,0.0877,-0.0340,-0.0071,0,0,0,0,0,0,0,0,0,0,0,0,0,0,0,0,0,0x0000,SOON,0,0,0,1,,0,,700000,107,37,1147,10000,11.47,0
64065,2026-04-08 15:51:47,2026-04-08,0,19,-1,steal,9,1,58,19,7,0.3276,0.1207,-0.0324,-0.0474,0,0,0,0,0,0,0,0,0,0,0,0,0,0,0,0,0,0x0000,SOON,0,0,0,0,,0,,700000,107,37,1147,10000,11.47,0
64066,2026-04-08 15:51:48,2026-04-08,0,20,-1,steal,9,1,59,21,7,0.3559,0.1186,0.0030,-0.0114,0,0,0,0,0,0,0,0,0,0,0,0,0,0,0,0,0,0x0000,SOON,0,0,0,0,,0,,700000,107,37,1149,10000,11.49,0
64067,2026-04-08 15:51:49,2026-04-08,0,21,60,accumulation,9,1,0,0,0,0.0000,0.0000,0.0000,0.0000,0,0,0,0,0,0,0,0,0,0,0,0,0,0,0,0,0,0x0000,WAIT,0,0,0,1,accumulation,0,,700000,107,37,1159,10000,11.59,0
64068,2026-04-08 15:51:51,2026-04-08,1,1,60,accumulation,9,1,1,0,1,0.0000,1.0000,0.0000,0.0000,0,0,0,0,0,0,0,0,0,0,0,0,0,0,0,0,0,0x0000,WAIT,0,0,0,0,,0,,700000,107,37,1159,10000,11.59,0
64069,2026-04-08 15:51:52,2026-04-08,1,2,60,accumulation,9,1,2,0,2,0.0000,1.0000,0.0000,0.0000,0,0,0,0,0,0,0,0,0,0,0,0,0,0,0,0,0,0x0000,WAIT,0,0,0,0,,0,,700000,107,37,1159,10000,11.59,0
64070,2026-04-08 15:51:53,2026-04-08,1,3,60,accumulation,9,1,3,2,2,0.6667,0.6667,0.0000,0.0000,0,0,0,0,0,0,0,0,0,0,0,0,0,0,0,0,0,0x0000,WAIT,0,0,0,0,,0,,700000,107,37,1161,10000,11.61,0
64071,2026-04-08 15:51:55,2026-04-08,1,4,60,spins,9,1,4,2,5,0.5000,1.2500,0.0000,0.0000,0,0,0,0,0,0,0,0,0,0,0,0,0,0,0,0,0,0x0000,WAIT,0,0,0,1,spins,0,,700000,107,37,1161,10000,11.61,0
64072,2026-04-08 15:51:56,2026-04-08,1,5,60,shield,9,1,5,2,5,0.4000,1.0000,0.0000,0.0000,0,0,0,0,0,0,0,0,0,0,0,0,0,0,0,0,0,0x0000,WAIT,0,0,0,1,shield,0,,700000,107,37,1161,10000,11.61,0
64073,2026-04-08 15:51:57,2026-04-08,1,6,60,shield,9,1,6,2,6,0.3333,1.0000,0.0000,0.0000,0,0,0,0,0,0,0,0,0,0,0,0,0,0,0,0,0,0x0000,WAIT,0,0,0,0,,0,,700000,107,37,1161,10000,11.61,0
64074,2026-04-08 15:51:58,2026-04-08,1,7,60,shield,9,1,7,2,6,0.2857,0.8571,0.0000,0.0000,0,0,0,0,0,0,0,0,0,0,0,0,0,0,0,0,0,0x0000,WAIT,0,0,0,0,,0,,700000,107,37,1161,10000,11.61,0
64075,2026-04-08 15:51:59,2026-04-08,1,8,60,shield,9,1,8,2,7,0.2500,0.8750,0.0000,0.0000,0,0,0,0,0,0,0,0,0,0,0,0,0,0,0,0,0,0x0000,WAIT,0,0,0,0,,0,,700000,107,37,1161,10000,11.61,0
64076,2026-04-08 15:52:00,2026-04-08,1,9,60,shield,9,1,9,2,7,0.2222,0.7778,0.2222,0.0000,0,0,0,0,0,0,0,0,0,0,0,0,0,0,0,0,0,0x0000,WAIT,0,0,0,1,,0,,700000,107,37,1161,10000,11.61,0
64077,2026-04-08 15:52:01,2026-04-08,1,10,60,attack,9,1,10,2,7,0.2000,0.7000,0.2000,0.0000,0,0,0,0,0,0,0,0,0,0,0,0,0,0,0,0,0,0x0000,WAIT,0,0,0,1,attack,0,,700000,107,37,1161,10000,11.61,0
64078,2026-04-08 15:52:14,2026-04-08,1,11,60,attack,9,1,11,2,7,0.1818,0.6364,-0.4848,0.1818,0,0,0,0,0,0,0,0,0,0,0,0,0,0,0,0,0,0x0000,WAIT,0,0,0,0,,0,,700000,107,37,1161,10000,11.61,0
64079,2026-04-08 15:52:14,2026-04-08,1,12,60,attack,9,1,12,2,7,0.1667,0.5833,-0.3333,0.1667,0,0,0,0,0,0,0,0,0,0,0,0,0,0,0,0,0,0x0000,WAIT,0,0,0,0,,0,,700000,107,37,1161,10000,11.61,0
64080,2026-04-08 15:52:15,2026-04-08,1,13,60,attack,9,1,13,2,7,0.1538,0.5385,-0.2462,-0.5128,0,0,0,0,0,0,0,0,0,0,0,0,0,0,0,0,0,0x0000,WAIT,0,0,0,1,,0,,700000,107,37,1161,10000,11.61,0
64081,2026-04-08 15:52:16,2026-04-08,1,14,60,attack,9,1,14,2,7,0.1429,0.5000,-0.1905,-0.3571,0,0,0,0,0,0,0,0,0,0,0,0,0,0,0,0,0,0x0000,WAIT,0,0,0,0,,0,,700000,107,37,1161,10000,11.61,0
64082,2026-04-08 15:52:17,2026-04-08,1,15,60,attack,9,1,15,3,7,0.2000,0.4667,-0.0857,-0.2000,0,0,0,0,0,0,0,0,0,0,0,0,0,0,0,0,0,0x0000,WAIT,0,0,0,0,,0,,700000,107,37,1162,10000,11.62,0
64083,2026-04-08 15:52:20,2026-04-08,1,16,60,attack,9,1,16,3,7,0.1875,0.4375,-0.0625,-0.1458,0,0,0,0,0,0,0,0,0,0,0,0,0,0,0,0,0,0x0000,WAIT,0,0,0,1,attack,0,,700000,107,37,1162,10000,11.62,0
64084,2026-04-08 15:52:57,2026-04-08,1,17,60,shield,9,1,17,3,7,0.1765,0.4118,-0.0458,-0.1092,0,0,0,0,0,0,0,0,0,0,0,0,0,0,0,0,0,0x0000,WAIT,0,0,0,1,shield,0,,700000,107,37,1162,10000,11.62,0
64085,2026-04-08 15:52:58,2026-04-08,1,18,60,shield,9,1,18,3,7,0.1667,0.3889,-0.0333,-0.0833,0,0,0,0,0,0,0,0,0,0,0,0,0,0,0,0,0,0x0000,WAIT,0,0,0,1,,0,,700000,107,37,1162,10000,11.62,0
64086,2026-04-08 15:52:59,2026-04-08,1,19,60,shield,9,1,19,5,7,0.2632,0.3684,0.0813,0.0409,0,0,0,0,0,0,0,0,0,0,0,0,0,0,0,0,0,0x0000,WAIT,0,0,0,0,,0,,700000,107,37,1164,10000,11.64,0
64087,2026-04-08 15:52:59,2026-04-08,1,20,60,attack,9,1,20,5,7,0.2500,0.3500,0.0833,0.0500,0,0,0,0,0,0,0,0,0,0,0,0,0,0,0,0,0,0x0000,WAIT,0,0,0,1,attack,0,,700000,107,37,1164,10000,11.64,0
64088,2026-04-08 15:53:07,2026-04-08,1,21,60,steal,9,1,21,5,7,0.2381,0.3333,0.0842,0.0563,0,0,0,0,0,0,0,0,0,0,0,0,0,0,0,0,0,0x0000,WAIT,0,0,0,1,steal,0,,700000,107,37,1164,10000,11.64,0
64089,2026-04-08 15:53:44,2026-04-08,1,22,60,steal,9,1,22,5,7,0.2273,0.3182,0.0844,0.0606,0,0,0,0,0,0,0,0,0,0,0,0,0,0,0,0,0,0x0000,WAIT,0,0,0,1,,0,,700000,107,37,1164,10000,11.64,0
64090,2026-04-08 15:53:45,2026-04-08,1,23,60,steal,9,1,23,5,7,0.2174,0.3043,0.0174,0.0635,0,0,0,0,0,0,0,0,0,0,0,0,0,0,0,0,0,0x0000,WAIT,0,0,0,1,,0,,700000,107,37,1164,10000,11.64,0
64091,2026-04-08 15:53:46,2026-04-08,1,24,60,steal,9,1,24,5,7,0.2083,0.2917,0.0208,0.0655,0,0,0,0,0,0,0,0,0,0,0,0,0,0,0,0,0,0x0000,WAIT,0,0,0,1,,0,,700000,107,37,1164,10000,11.64,0
64092,2026-04-08 15:53:47,2026-04-08,1,25,60,steal,9,1,25,5,8,0.2000,0.3200,0.0235,0.0000,0,0,0,0,0,0,0,0,0,0,0,0,0,0,0,0,0,0x0000,WAIT,0,0,0,0,,0,,700000,107,37,1164,10000,11.64,0
64093,2026-04-08 15:53:48,2026-04-08,1,26,60,steal,9,1,26,5,8,0.1923,0.3077,0.0256,0.0048,0,0,0,0,0,0,0,0,0,0,0,0,0,0,0,0,0,0x0000,WAIT,0,0,0,1,,0,,700000,107,37,1164,10000,11.64,0
64094,2026-04-08 15:53:49,2026-04-08,1,27,60,steal,9,1,27,6,8,0.2222,0.2963,-0.0409,0.0458,0,0,0,0,0,0,0,0,0,0,0,0,0,0,0,0,0,0x0000,WAIT,0,0,0,0,,0,,700000,107,37,1165,10000,11.65,0
64095,2026-04-08 15:53:52,2026-04-08,1,28,60,steal,9,1,28,6,8,0.2143,0.2857,-0.0357,0.0476,0,0,0,0,0,0,0,0,0,0,0,0,0,0,0,0,0,0x0000,WAIT,0,0,0,0,,0,,700000,107,37,1165,10000,11.65,0
64096,2026-04-08 15:53:53,2026-04-08,1,29,60,steal,9,1,29,6,8,0.2069,0.2759,-0.0312,-0.0563,0,0,0,0,0,0,0,0,0,0,0,0,0,0,0,0,0,0x0000,WAIT,0,0,0,1,,0,,700000,107,37,1165,10000,11.65,0
64097,2026-04-08 15:53:54,2026-04-08,1,30,60,steal,9,1,30,6,9,0.2000,0.3000,-0.0273,-0.0500,0,0,0,0,0,0,0,0,0,0,0,0,0,0,0,0,0,0x0000,WAIT,0,0,0,0,,0,,700000,107,37,1165,10000,11.65,0
64098,2026-04-08 15:53:55,2026-04-08,1,31,60,steal,9,1,31,8,9,0.2581,0.2903,0.0407,0.0200,0,0,0,0,0,0,0,0,0,0,0,0,0,0,0,0,0,0x0000,WAIT,0,0,0,0,,0,,700000,107,37,1167,10000,11.67,0
64099,2026-04-08 15:53:56,2026-04-08,1,32,60,steal,9,1,32,9,9,0.2812,0.2812,0.0729,0.0540,0,0,0,0,0,0,0,0,0,0,0,0,0,0,0,0,0,0x0000,WAIT,0,0,0,0,,0,,700000,107,37,1168,10000,11.68,0
64100,2026-04-08 15:53:58,2026-04-08,1,33,60,steal,9,1,33,9,11,0.2727,0.3333,0.0727,0.0553,0,0,0,0,0,0,0,0,0,0,0,0,0,0,0,0,0,0x0000,WAIT,0,0,0,0,,0,,700000,107,37,1168,10000,11.68,0
64101,2026-04-08 15:54:00,2026-04-08,1,34,60,steal,9,1,34,10,11,0.2941,0.3235,0.1018,0.0858,0,0,0,0,0,0,0,0,0,0,0,0,0,0,0,0,0,0x0000,WAIT,0,0,0,0,,0,,700000,107,37,1169,10000,11.69,0
64102,2026-04-08 15:54:01,2026-04-08,1,35,60,steal,9,1,35,11,11,0.3143,0.3143,0.0921,0.1143,0,0,0,0,0,0,0,0,0,0,0,0,0,0,0,0,0,0x0000,SOON,0,0,0,0,,0,,700000,107,37,1170,10000,11.70,0
64103,2026-04-08 15:54:03,2026-04-08,1,36,60,steal,9,1,36,11,12,0.3056,0.3333,0.0913,0.1132,0,0,0,0,0,0,0,0,0,0,0,0,0,0,0,0,0,0x0000,SOON,0,0,0,0,,0,,700000,107,37,1170,10000,11.70,0
64104,2026-04-08 15:54:04,2026-04-08,1,37,60,steal,9,1,37,11,12,0.2973,0.3243,0.0904,0.0751,0,0,0,0,0,0,0,0,0,0,0,0,0,0,0,0,0,0x0000,SOON,0,0,0,0,,0,,700000,107,37,1170,10000,11.70,0
64105,2026-04-08 15:54:04,2026-04-08,1,38,60,steal,9,1,38,11,12,0.2895,0.3158,0.0895,0.0752,0,0,0,0,0,0,0,0,0,0,0,0,0,0,0,0,0,0x0000,SOON,0,0,0,1,,0,,700000,107,37,1170,10000,11.70,0
64106,2026-04-08 15:54:05,2026-04-08,1,39,60,steal,9,1,39,12,12,0.3077,0.3077,0.0496,0.1008,0,0,0,0,0,0,0,0,0,0,0,0,0,0,0,0,0,0x0000,SOON,0,0,0,0,,0,,700000,107,37,1171,10000,11.71,0
64107,2026-04-08 15:54:07,2026-04-08,1,40,60,steal,9,1,40,12,13,0.3000,0.3250,0.0187,0.1000,0,0,0,0,0,0,0,0,0,0,0,0,0,0,0,0,0,0x0000,SOON,0,0,0,0,,0,,700000,107,37,1171,10000,11.71,0
64108,2026-04-08 15:54:08,2026-04-08,1,41,60,steal,9,1,41,12,14,0.2927,0.3415,0.0200,0.0346,0,0,0,0,0,0,0,0,0,0,0,0,0,0,0,0,0,0x0000,SOON,0,0,0,0,,0,,700000,107,37,1171,10000,11.71,0
64109,2026-04-08 15:54:09,2026-04-08,1,42,60,steal,9,1,42,13,14,0.3095,0.3333,0.0154,0.0283,0,0,0,0,0,0,0,0,0,0,0,0,0,0,0,0,0,0x0000,SOON,0,0,0,0,,0,,700000,107,37,1172,10000,11.72,0
64110,2026-04-08 15:54:11,2026-04-08,1,43,60,steal,9,1,43,13,14,0.3023,0.3256,-0.0120,0.0296,0,0,0,0,0,0,0,0,0,0,0,0,0,0,0,0,0,0x0000,SOON,0,0,0,1,,0,,700000,107,37,1172,10000,11.72,0
64111,2026-04-08 15:54:12,2026-04-08,1,44,60,steal,9,1,44,13,14,0.2955,0.3182,-0.0101,0.0013,0,0,0,0,0,0,0,0,0,0,0,0,0,0,0,0,0,0x0000,SOON,0,0,0,0,,0,,700000,107,37,1172,10000,11.72,0
64112,2026-04-08 15:54:13,2026-04-08,1,45,60,steal,9,1,45,13,14,0.2889,0.3111,-0.0084,-0.0254,0,0,0,0,0,0,0,0,0,0,0,0,0,0,0,0,0,0x0000,SOON,0,0,0,0,,0,,700000,107,37,1172,10000,11.72,0
64113,2026-04-08 15:54:14,2026-04-08,1,46,60,steal,9,1,46,13,14,0.2826,0.3043,-0.0069,-0.0229,0,0,0,0,0,0,0,0,0,0,0,0,0,0,0,0,0,0x0000,SOON,0,0,0,0,,0,,700000,107,37,1172,10000,11.72,0
64114,2026-04-08 15:54:14,2026-04-08,1,47,60,steal,9,1,47,14,14,0.2979,0.2979,-0.0098,0.0006,0,0,0,0,0,0,0,0,0,0,0,0,0,0,0,0,0,0x0000,SOON,0,0,0,0,,0,,700000,107,37,1173,10000,11.73,0
64115,2026-04-08 15:54:16,2026-04-08,1,48,60,shield,9,1,48,14,14,0.2917,0.2917,-0.0083,0.0022,0,0,0,0,0,0,0,0,0,0,0,0,0,0,0,0,0,0x0000,SOON,0,0,0,1,shield,0,,700000,107,37,1173,10000,11.73,0
64116,2026-04-08 15:54:18,2026-04-08,1,49,60,shield,9,1,49,14,14,0.2857,0.2857,-0.0070,-0.0220,0,0,0,0,0,0,0,0,0,0,0,0,0,0,0,0,0,0x0000,SOON,0,0,0,1,,0,,700000,107,37,1173,10000,11.73,0
64117,2026-04-08 15:54:19,2026-04-08,1,50,60,shield,9,1,50,14,14,0.2800,0.2800,-0.0295,-0.0200,0,0,0,0,0,0,0,0,0,0,0,0,0,0,0,0,0,0x0000,SOON,0,0,0,1,,0,,700000,107,37,1173,10000,11.73,0
64118,2026-04-08 15:54:20,2026-04-08,1,51,60,shield,9,1,51,14,14,0.2745,0.2745,-0.0278,-0.0182,0,0,0,0,0,0,0,0,0,0,0,0,0,0,0,0,0,0x0000,SOON,0,0,0,0,,0,,700000,107,37,1173,10000,11.73,0
64119,2026-04-08 15:54:20,2026-04-08,1,52,60,shield,9,1,52,14,16,0.2692,0.3077,-0.0262,-0.0403,0,0,0,0,0,0,0,0,0,0,0,0,0,0,0,0,0,0x0000,SOON,0,0,0,0,,0,,700000,107,37,1173,10000,11.73,0
64120,2026-04-08 15:54:21,2026-04-08,1,53,60,shield,9,1,53,15,16,0.2830,0.3019,-0.0059,-0.0193,0,0,0,0,0,0,0,0,0,0,0,0,0,0,0,0,0,0x0000,SOON,0,0,0,0,,0,,700000,107,37,1174,10000,11.74,0
64121,2026-04-08 15:54:22,2026-04-08,1,54,60,shield,9,1,54,15,16,0.2778,0.2963,-0.0048,-0.0177,0,0,0,0,0,0,0,0,0,0,0,0,0,0,0,0,0,0x0000,SOON,0,0,0,0,,0,,700000,107,37,1174,10000,11.74,0
64122,2026-04-08 15:54:24,2026-04-08,1,55,60,shield,9,1,55,15,17,0.2727,0.3091,-0.0251,-0.0162,0,0,0,0,0,0,0,0,0,0,0,0,0,0,0,0,0,0x0000,SOON,0,0,0,0,,0,,700000,107,37,1174,10000,11.74,0
64123,2026-04-08 15:54:25,2026-04-08,1,56,60,shield,9,1,56,15,17,0.2679,0.3036,-0.0238,-0.0148,0,0,0,0,0,0,0,0,0,0,0,0,0,0,0,0,0,0x0000,SOON,0,0,0,0,,0,,700000,107,37,1174,10000,11.74,0
64124,2026-04-08 15:54:26,2026-04-08,1,57,60,attack,9,1,57,15,17,0.2632,0.2982,-0.0226,-0.0347,0,0,0,0,0,0,0,0,0,0,0,0,0,0,0,0,0,0x0000,SOON,0,0,0,1,attack,0,,700000,107,37,1174,10000,11.74,0
64125,2026-04-08 15:54:39,2026-04-08,1,58,60,attack,9,1,58,15,18,0.2586,0.3103,-0.0214,-0.0330,0,0,0,0,0,0,0,0,0,0,0,0,0,0,0,0,0,0x0000,SOON,0,0,0,0,,0,,700000,107,37,1174,10000,11.74,0
64126,2026-04-08 15:54:41,2026-04-08,1,59,60,attack,9,1,59,15,18,0.2542,0.3051,-0.0203,-0.0315,0,0,0,0,0,0,0,0,0,0,0,0,0,0,0,0,0,0x0000,SOON,0,0,0,1,attack,0,,700000,107,37,1174,10000,11.74,0
64127,2026-04-08 15:55:49,2026-04-08,1,60,60,attack,9,1,60,17,18,0.2833,0.3000,0.0141,0.0033,0,0,0,0,0,0,0,0,0,0,0,0,0,0,0,0,0,0x0000,ALERT,0,0,0,0,,0,,700000,107,37,1176,10000,11.76,0
64128,2026-04-08 15:55:52,2026-04-08,1,61,60,attack,9,1,61,17,18,0.2787,0.2951,-0.0043,0.0042,0,0,0,0,0,0,0,0,0,0,0,0,0,0,0,0,0,0x0000,ALERT,0,0,0,0,,0,,700000,107,37,1176,10000,11.76,0
64129,2026-04-08 15:55:53,2026-04-08,1,62,60,attack,9,1,62,18,18,0.2903,0.2903,0.0125,0.0211,0,0,0,0,0,0,0,0,0,0,0,0,0,0,0,0,0,0x0000,ALERT,0,0,0,0,,0,,700000,107,37,1177,10000,11.77,0
64130,2026-04-08 15:55:54,2026-04-08,1,63,60,attack,9,1,63,18,19,0.2857,0.3016,0.0130,0.0027,0,0,0,0,0,0,0,0,0,0,0,0,0,0,0,0,0,0x0000,ALERT,0,0,0,0,,0,,700000,107,37,1177,10000,11.77,0
64131,2026-04-08 15:55:57,2026-04-08,1,64,60,attack,9,1,64,20,19,0.3125,0.2969,0.0446,0.0347,0,0,0,0,0,0,0,0,0,0,0,0,0,0,0,0,0,0x0000,ALERT,0,0,0,0,,0,,700000,107,37,1179,10000,11.79,0
64132,2026-04-08 15:55:59,2026-04-08,1,65,60,attack,9,1,65,20,19,0.3077,0.2923,0.0445,0.0350,0,0,0,0,0,0,0,0,0,0,0,0,0,0,0,0,0,0x0000,ALERT,0,0,0,1,attack,0,,700000,107,37,1179,10000,11.79,0
64133,2026-04-08 15:56:21,2026-04-08,1,66,60,attack,9,1,66,20,19,0.3030,0.2879,0.0444,0.0352,0,0,0,0,0,0,0,0,0,0,0,0,0,0,0,0,0,0x0000,ALERT,0,0,0,0,,0,,700000,107,37,1179,10000,11.79,0
64134,2026-04-08 15:56:22,2026-04-08,1,67,60,attack,9,1,67,20,19,0.2985,0.2836,0.0443,0.0353,0,0,0,0,0,0,0,0,0,0,0,0,0,0,0,0,0,0x0000,ALERT,0,0,0,0,,0,,700000,107,37,1179,10000,11.79,0
64135,2026-04-08 15:56:23,2026-04-08,1,68,60,attack,9,1,68,20,19,0.2941,0.2794,0.0108,0.0355,0,0,0,0,0,0,0,0,0,0,0,0,0,0,0,0,0,0x0000,ALERT,0,0,0,0,,0,,700000,107,37,1179,10000,11.79,0
64136,2026-04-08 15:56:25,2026-04-08,1,69,60,attack,9,1,69,20,20,0.2899,0.2899,0.0112,0.0356,0,0,0,0,0,0,0,0,0,0,0,0,0,0,0,0,0,0x0000,ALERT,0,0,0,0,,0,,700000,107,37,1179,10000,11.79,0
64137,2026-04-08 15:56:26,2026-04-08,1,70,60,attack,9,1,70,20,20,0.2857,0.2857,-0.0046,0.0024,0,0,0,0,0,0,0,0,0,0,0,0,0,0,0,0,0,0x0000,ALERT,0,0,0,0,,0,,700000,107,37,1179,10000,11.79,0
64138,2026-04-08 15:56:27,2026-04-08,1,71,60,attack,9,1,71,20,20,0.2817,0.2817,-0.0040,0.0030,0,0,0,0,0,0,0,0,0,0,0,0,0,0,0,0,0,0x0000,ALERT,0,0,0,0,,0,,700000,107,37,1179,10000,11.79,0
64139,2026-04-08 15:56:28,2026-04-08,1,72,60,attack,9,1,72,20,20,0.2778,0.2778,-0.0347,-0.0125,0,0,0,0,0,0,0,0,0,0,0,0,0,0,0,0,0,0x0000,ALERT,0,0,0,1,attack,0,,700000,107,37,1179,10000,11.79,0
64140,2026-04-08 15:56:37,2026-04-08,1,73,60,attack,9,1,73,21,20,0.2877,0.2740,-0.0200,0.0020,0,0,0,0,0,0,0,0,0,0,0,0,0,0,0,0,0,0x0000,ALERT,0,0,0,0,,0,,700000,107,37,1180,10000,11.80,0
64141,2026-04-08 15:56:38,2026-04-08,1,74,60,attack,9,1,74,21,20,0.2838,0.2703,-0.0192,-0.0287,0,0,0,0,0,0,0,0,0,0,0,0,0,0,0,0,0,0x0000,ALERT,0,0,0,0,,0,,700000,107,37,1180,10000,11.80,0
64142,2026-04-08 15:56:39,2026-04-08,1,75,60,attack,9,1,75,22,20,0.2933,0.2667,-0.0052,-0.0144,0,0,0,0,0,0,0,0,0,0,0,0,0,0,0,0,0,0x0000,ALERT,0,0,0,0,,0,,700000,107,37,1181,10000,11.81,0
64143,2026-04-08 15:56:40,2026-04-08,1,76,60,attack,9,1,76,23,20,0.3026,0.2632,0.0085,-0.0004,0,0,0,0,0,0,0,0,0,0,0,0,0,0,0,0,0,0x0000,ALERT,0,0,0,0,,0,,700000,107,37,1182,10000,11.82,0
64144,2026-04-08 15:56:41,2026-04-08,1,77,60,attack,9,1,77,23,20,0.2987,0.2597,0.0088,0.0002,0,0,0,0,0,0,0,0,0,0,0,0,0,0,0,0,0,0x0000,ALERT,0,0,0,0,,0,,700000,107,37,1182,10000,11.82,0
64145,2026-04-08 15:56:42,2026-04-08,1,78,60,attack,9,1,78,25,20,0.3205,0.2564,0.0348,0.0264,0,0,0,0,0,0,0,0,0,0,0,0,0,0,0,0,0,0x0000,ALERT,0,0,0,0,,0,,700000,107,37,1184,10000,11.84,0
64146,2026-04-08 15:56:43,2026-04-08,1,79,60,attack,9,1,79,25,20,0.3165,0.2532,0.0348,0.0266,0,0,0,0,0,0,0,0,0,0,0,0,0,0,0,0,0,0x0000,ALERT,0,0,0,0,,0,,700000,107,37,1184,10000,11.84,0
64147,2026-04-08 15:56:44,2026-04-08,1,80,60,attack,9,1,80,25,20,0.3125,0.2500,0.0347,0.0268,0,0,0,0,0,0,0,0,0,0,0,0,0,0,0,0,0,0x0000,ALERT,0,0,0,0,,0,,700000,107,37,1184,10000,11.84,0
64148,2026-04-08 15:56:45,2026-04-08,1,81,60,attack,9,1,81,25,20,0.3086,0.2469,0.0210,0.0270,0,0,0,0,0,0,0,0,0,0,0,0,0,0,0,0,0,0x0000,ALERT,0,0,0,0,,0,,700000,107,37,1184,10000,11.84,0
64149,2026-04-08 15:56:46,2026-04-08,1,82,60,steal,9,1,82,25,20,0.3049,0.2439,0.0211,0.0271,0,0,0,0,0,0,0,0,0,0,0,0,0,0,0,0,0,0x0000,ALERT,0,0,0,1,steal,0,,700000,107,37,1184,10000,11.84,0
64150,2026-04-08 15:57:37,2026-04-08,1,83,60,steal,9,1,83,25,21,0.3012,0.2530,0.0079,0.0135,0,0,0,0,0,0,0,0,0,0,0,0,0,0,0,0,0,0x0000,ALERT,0,0,0,0,,0,,700000,107,37,1184,10000,11.84,0
64151,2026-04-08 15:57:38,2026-04-08,1,84,60,steal,9,1,84,26,21,0.3095,0.2500,0.0069,0.0257,0,0,0,0,0,0,0,0,0,0,0,0,0,0,0,0,0,0x0000,ALERT,0,0,0,0,,0,,700000,107,37,1185,10000,11.85,0
64152,2026-04-08 15:57:39,2026-04-08,1,85,60,steal,9,1,85,26,21,0.3059,0.2471,0.0072,0.0125,0,0,0,0,0,0,0,0,0,0,0,0,0,0,0,0,0,0x0000,ALERT,0,0,0,1,,0,,700000,107,37,1185,10000,11.85,0
64153,2026-04-08 15:57:40,2026-04-08,1,86,60,steal,9,1,86,27,21,0.3140,0.2442,-0.0066,0.0113,0,0,0,0,0,0,0,0,0,0,0,0,0,0,0,0,0,0x0000,ALERT,0,0,0,0,,0,,700000,107,37,1186,10000,11.86,0
64154,2026-04-08 15:57:41,2026-04-08,1,87,60,shield,9,1,87,27,21,0.3103,0.2414,-0.0061,0.0116,0,0,0,0,0,0,0,0,0,0,0,0,0,0,0,0,0,0x0000,ALERT,0,0,0,1,shield,0,,700000,107,37,1186,10000,11.86,0
64155,2026-04-08 15:57:42,2026-04-08,1,88,60,shield,9,1,88,27,22,0.3068,0.2500,-0.0057,-0.0137,0,0,0,0,0,0,0,0,0,0,0,0,0,0,0,0,0,0x0000,ALERT,0,0,0,0,,0,,700000,107,37,1186,10000,11.86,0
64156,2026-04-08 15:57:43,2026-04-08,1,89,60,shield,9,1,89,27,22,0.3034,0.2472,-0.0053,-0.0131,0,0,0,0,0,0,0,0,0,0,0,0,0,0,0,0,0,0x0000,ALERT,0,0,0,0,,0,,700000,107,37,1186,10000,11.86,0
64157,2026-04-08 15:57:45,2026-04-08,1,90,60,shield,9,1,90,27,22,0.3000,0.2444,-0.0049,-0.0125,0,0,0,0,0,0,0,0,0,0,0,0,0,0,0,0,0,0x0000,ALERT,0,0,0,0,,0,,700000,107,37,1186,10000,11.86,0
64158,2026-04-08 15:57:47,2026-04-08,1,91,60,shield,9,1,91,27,22,0.2967,0.2418,-0.0045,-0.0119,0,0,0,0,0,0,0,0,0,0,0,0,0,0,0,0,0,0x0000,ALERT,0,0,0,0,,0,,700000,107,37,1186,10000,11.86,0
64159,2026-04-08 15:57:48,2026-04-08,1,92,60,shield,9,1,92,27,22,0.2935,0.2391,-0.0160,-0.0114,0,0,0,0,0,0,0,0,0,0,0,0,0,0,0,0,0,0x0000,ALERT,0,0,0,1,,0,,700000,107,37,1186,10000,11.86,0
64160,2026-04-08 15:57:49,2026-04-08,1,93,60,shield,9,1,93,28,22,0.3011,0.2366,-0.0048,-0.0001,0,0,0,0,0,0,0,0,0,0,0,0,0,0,0,0,0,0x0000,ALERT,0,0,0,0,,0,,700000,107,37,1187,10000,11.87,0
64161,2026-04-08 15:57:50,2026-04-08,1,94,60,attack,9,1,94,28,22,0.2979,0.2340,-0.0161,-0.0117,0,0,0,0,0,0,0,0,0,0,0,0,0,0,0,0,0,0x0000,ALERT,0,0,0,1,attack,0,,700000,107,37,1187,10000,11.87,0
64162,2026-04-08 15:58:46,2026-04-08,1,95,60,attack,9,1,95,28,22,0.2947,0.2316,-0.0156,-0.0111,0,0,0,0,0,0,0,0,0,0,0,0,0,0,0,0,0,0x0000,ALERT,0,0,0,0,,0,,700000,107,37,1187,10000,11.87,0
64163,2026-04-08 15:58:48,2026-04-08,1,96,60,attack,9,1,96,28,22,0.2917,0.2292,-0.0152,-0.0223,0,0,0,0,0,0,0,0,0,0,0,0,0,0,0,0,0,0x0000,ALERT,0,0,0,0,,0,,700000,107,37,1187,10000,11.87,0
64164,2026-04-08 15:58:48,2026-04-08,1,97,60,attack,9,1,97,28,22,0.2887,0.2268,-0.0147,-0.0217,0,0,0,0,0,0,0,0,0,0,0,0,0,0,0,0,0,0x0000,ALERT,0,0,0,0,,0,,700000,107,37,1187,10000,11.87,0
64165,2026-04-08 15:58:49,2026-04-08,1,98,60,attack,9,1,98,28,23,0.2857,0.2347,-0.0143,-0.0211,0,0,0,0,0,0,0,0,0,0,0,0,0,0,0,0,0,0x0000,ALERT,0,0,0,0,,0,,700000,107,37,1187,10000,11.87,0
64166,2026-04-08 15:58:50,2026-04-08,1,99,60,attack,9,1,99,28,23,0.2828,0.2323,-0.0139,-0.0205,0,0,0,0,0,0,0,0,0,0,0,0,0,0,0,0,0,0x0000,ALERT,0,0,0,0,,0,,700000,107,37,1187,10000,11.87,0
64167,2026-04-08 15:58:50,2026-04-08,1,100,60,attack,9,1,100,28,23,0.2800,0.2300,-0.0135,-0.0200,0,0,0,0,0,0,0,0,0,0,0,0,0,0,0,0,0,0x0000,ALERT,0,0,0,1,,0,,700000,107,37,1187,10000,11.87,0
64168,2026-04-08 15:58:52,2026-04-08,1,101,60,attack,9,1,101,30,23,0.2970,0.2277,-0.0040,0.0003,0,0,0,0,0,0,0,0,0,0,0,0,0,0,0,0,0,0x0000,ALERT,0,0,0,0,,0,,700000,107,37,1189,10000,11.89,0
64169,2026-04-08 15:58:53,2026-04-08,1,102,60,attack,9,1,102,30,23,0.2941,0.2255,-0.0038,0.0006,0,0,0,0,0,0,0,0,0,0,0,0,0,0,0,0,0,0x0000,ALERT,0,0,0,1,,0,,700000,107,37,1189,10000,11.89,0
64170,2026-04-08 15:58:54,2026-04-08,1,103,60,attack,9,1,103,30,23,0.2913,0.2233,-0.0035,-0.0098,0,0,0,0,0,0,0,0,0,0,0,0,0,0,0,0,0,0x0000,ALERT,0,0,0,0,,0,,700000,107,37,1189,10000,11.89,0
64171,2026-04-08 15:58:54,2026-04-08,1,104,60,attack,9,1,104,30,24,0.2885,0.2308,-0.0032,-0.0094,0,0,0,0,0,0,0,0,0,0,0,0,0,0,0,0,0,0x0000,ALERT,0,0,0,0,,0,,700000,107,37,1189,10000,11.89,0
64172,2026-04-08 15:58:55,2026-04-08,1,105,60,attack,9,1,105,31,24,0.2952,0.2286,0.0066,0.0005,0,0,0,0,0,0,0,0,0,0,0,0,0,0,0,0,0,0x0000,ALERT,0,0,0,0,,0,,700000,107,37,1190,10000,11.90,0
64173,2026-04-08 15:58:56,2026-04-08,1,106,60,attack,9,1,106,31,24,0.2925,0.2264,0.0067,0.0008,0,0,0,0,0,0,0,0,0,0,0,0,0,0,0,0,0,0x0000,ALERT,0,0,0,1,attack,0,,700000,107,37,1190,10000,11.90,0
64174,2026-04-08 16:00:51,2026-04-08,1,107,60,attack,9,1,107,31,24,0.2897,0.2243,0.0069,0.0011,0,0,0,0,0,0,0,0,0,0,0,0,0,0,0,0,0,0x0000,ALERT,0,0,0,0,,0,,700000,107,37,1190,10000,11.90,0
64175,2026-04-08 16:00:52,2026-04-08,1,108,60,attack,9,1,108,32,24,0.2963,0.2222,0.0163,0.0106,0,0,0,0,0,0,0,0,0,0,0,0,0,0,0,0,0,0x0000,ALERT,0,0,0,0,,0,,700000,107,37,1191,10000,11.91,0
64176,2026-04-08 16:00:53,2026-04-08,1,109,60,attack,9,1,109,33,24,0.3028,0.2202,0.0057,0.0199,0,0,0,0,0,0,0,0,0,0,0,0,0,0,0,0,0,0x0000,ALERT,0,0,0,0,,0,,700000,107,37,1192,10000,11.92,0
64177,2026-04-08 16:00:55,2026-04-08,1,110,60,attack,9,1,110,35,24,0.3182,0.2182,0.0241,0.0382,0,0,0,0,0,0,0,0,0,0,0,0,0,0,0,0,0,0x0000,ALERT,0,0,0,0,,0,,700000,107,37,1194,10000,11.94,0
64178,2026-04-08 16:00:56,2026-04-08,1,111,60,attack,9,1,111,35,24,0.3153,0.2162,0.0241,0.0183,0,0,0,0,0,0,0,0,0,0,0,0,0,0,0,0,0,0x0000,ALERT,0,0,0,0,,0,,700000,107,37,1194,10000,11.94,0
64179,2026-04-08 16:00:57,2026-04-08,1,112,60,steal,9,1,112,35,24,0.3125,0.2143,0.0240,0.0184,0,0,0,0,0,0,0,0,0,0,0,0,0,0,0,0,0,0x0000,ALERT,0,0,0,1,steal,0,,700000,107,37,1194,10000,11.94,0
64180,2026-04-08 16:01:02,2026-04-08,1,113,60,attack,9,1,113,35,24,0.3097,0.2124,0.0145,0.0185,0,0,0,0,0,0,0,0,0,0,0,0,0,0,0,0,0,0x0000,ALERT,0,0,0,1,attack,0,,700000,107,37,1194,10000,11.94,0
64181,2026-04-09 03:52:26,2026-04-08,0,1,60,attack,9,1,114,35,25,0.3070,0.2193,0.3070,0.3070,0,0,0,0,0,0,0,0,0,0,0,0,0,0,0,0,0,0x0000,ALERT,0,0,0,0,,0,bonus_bs15_gae1_no,700000,107,37,1194,10000,11.94,0
64182,2026-04-09 03:52:27,2026-04-08,0,2,60,attack,9,1,115,35,25,0.3043,0.2174,0.3043,0.3043,0,0,0,0,0,0,0,0,0,0,0,0,0,0,0,0,0,0x0000,ALERT,0,0,0,0,,0,bonus_bs15_gae1_no,700000,107,37,1194,10000,11.94,0
64183,2026-04-09 03:52:28,2026-04-08,0,3,60,attack,9,1,116,35,26,0.3017,0.2241,0.3017,0.3017,0,0,0,0,0,0,0,0,0,0,0,0,0,0,0,0,0,0x0000,ALERT,0,0,0,0,,0,bonus_bs15_gae1_no,700000,107,37,1194,10000,11.94,0
64184,2026-04-09 03:53:46,2026-04-08,0,4,60,shield,9,1,117,35,26,0.2991,0.2222,0.2991,0.2991,0,0,0,0,0,0,0,0,0,0,0,0,0,0,0,0,0,0x0000,ALERT,0,0,0,1,shield,0,bonus_bs15_gae1_no,700000,107,37,1194,10000,11.94,0
64185,2026-04-09 03:53:47,2026-04-08,0,5,60,shield,9,1,118,37,26,0.3136,0.2203,0.3136,0.3136,0,0,0,0,0,0,0,0,0,0,0,0,0,0,0,0,0,0x0000,ALERT,0,0,0,0,,0,bonus_bs15_gae1_no,700000,107,37,1196,10000,11.96,0
64186,2026-04-09 03:53:49,2026-04-08,0,6,60,shield,9,1,119,37,26,0.3109,0.2185,0.3109,0.3109,0,0,0,0,0,0,0,0,0,0,0,0,0,0,0,0,0,0x0000,ALERT,0,0,0,1,,0,bonus_bs15_gae1_no,700000,107,37,1196,10000,11.96,0
64187,2026-04-09 03:53:51,2026-04-08,0,7,60,shield,9,1,120,37,26,0.3083,0.2167,0.3083,0.3083,0,0,0,0,0,0,0,0,0,0,0,0,0,0,0,0,0,0x0000,ALERT,0,0,0,0,,0,bonus_bs15_gae1_no,700000,107,37,1196,10000,11.96,0
64188,2026-04-09 03:53:52,2026-04-08,0,8,60,shield,9,1,121,37,27,0.3058,0.2231,0.3058,0.3058,0,0,0,0,0,0,0,0,0,0,0,0,0,0,0,0,0,0x0000,ALERT,0,0,0,0,,0,bonus_bs15_gae1_no,700000,107,37,1196,10000,11.96,0
64189,2026-04-09 03:53:57,2026-04-08,0,9,60,shield,9,1,122,37,28,0.3033,0.2295,-0.0037,0.3033,0,0,0,0,0,0,0,0,0,0,0,0,0,0,0,0,0,0x0000,ALERT,0,0,0,0,,0,bonus_bs15_gae1_no,700000,107,37,1196,10000,11.96,0
64190,2026-04-09 03:54:00,2026-04-08,0,10,60,shield,9,1,123,37,29,0.3008,0.2358,-0.0035,0.3008,0,0,0,0,0,0,0,0,0,0,0,0,0,0,0,0,0,0x0000,ALERT,0,0,0,0,,0,bonus_bs15_gae1_no,700000,107,37,1196,10000,11.96,0
64191,2026-04-09 03:54:01,2026-04-08,0,11,60,attack,9,1,124,37,29,0.2984,0.2339,-0.0033,-0.0086,0,0,0,0,0,0,0,0,0,0,0,0,0,0,0,0,0,0x0000,ALERT,0,0,0,1,attack,0,bonus_bs15_gae1_no,700000,107,37,1196,10000,11.96,0
64192,2026-04-09 03:57:25,2026-04-08,0,12,60,attack,9,1,125,37,30,0.2960,0.2400,-0.0031,-0.0083,0,0,0,0,0,0,0,0,0,0,0,0,0,0,0,0,0,0x0000,ALERT,0,0,0,0,,0,bonus_bs15_gae1_no,700000,107,37,1196,10000,11.96,0
64193,2026-04-09 03:57:26,2026-04-08,0,13,60,attack,9,1,126,37,31,0.2937,0.2460,-0.0199,-0.0081,0,0,0,0,0,0,0,0,0,0,0,0,0,0,0,0,0,0x0000,ALERT,0,0,0,0,,0,bonus_bs15_gae1_no,700000,107,37,1196,10000,11.96,0
64194,2026-04-09 03:57:29,2026-04-08,0,14,60,attack,9,1,127,37,31,0.2913,0.2441,-0.0196,-0.0078,0,0,0,0,0,0,0,0,0,0,0,0,0,0,0,0,0,0x0000,ALERT,0,0,0,0,,0,bonus_bs15_gae1_no,700000,107,37,1196,10000,11.96,0
64195,2026-04-09 03:57:31,2026-04-08,0,15,60,attack,9,1,128,39,31,0.3047,0.2422,-0.0036,-0.0089,0,0,0,0,0,0,0,0,0,0,0,0,0,0,0,0,0,0x0000,ALERT,0,0,0,0,,0,bonus_bs15_gae1_no,700000,107,37,1198,10000,11.98,0
64196,2026-04-09 03:57:36,2026-04-08,0,16,60,attack,9,50,129,39,31,0.3023,0.2403,-0.0035,-0.0086,0,0,0,0,0,0,0,0,0,0,0,0,0,0,0,0,0,0x0000,ALERT,0,0,0,1,,0,bonus_bs15_gae1_no,700000,107,37,1198,10000,11.98,0
64197,2026-04-09 03:57:37,2026-04-08,0,17,60,attack,9,50,130,39,31,0.3000,0.2385,-0.0033,-0.0083,0,0,0,0,0,0,0,0,0,0,0,0,0,0,0,0,0,0x0000,ALERT,0,0,0,0,,0,bonus_bs15_gae1_no,700000,107,37,1198,10000,11.98,0
64198,2026-04-09 03:57:38,2026-04-08,0,18,60,attack,9,50,131,39,31,0.2977,0.2366,-0.0031,-0.0081,0,0,0,0,0,0,0,0,0,0,0,0,0,0,0,0,0,0x0000,ALERT,0,0,0,0,,0,bonus_bs15_gae1_no,700000,107,37,1198,10000,11.98,0
64199,2026-04-09 03:57:41,2026-04-08,0,19,60,attack,9,50,132,39,32,0.2955,0.2424,-0.0029,-0.0078,0,0,0,0,0,0,0,0,0,0,0,0,0,0,0,0,0,0x0000,BET,0,1,1,0,,0,bonus_bs15_gae1_no,700000,107,37,1198,10000,11.98,0
64200,2026-04-09 03:57:43,2026-04-08,0,20,60,attack,9,50,133,39,32,0.2932,0.2406,-0.0028,-0.0076,0,0,0,0,0,1,0,0,0,0,0,0,0,0,0,0,1,0x0020,BET,0,2,2,1,,0,bonus_bs15_gae1_no,700000,107,37,1198,10000,11.98,0
64201,2026-04-09 03:57:44,2026-04-08,0,21,60,attack,9,50,134,39,32,0.2910,0.2388,-0.0026,-0.0073,0,0,0,0,0,1,0,0,0,0,0,0,0,0,0,0,1,0x0020,ALERT,0,0,2,1,attack,0,bonus_bs15_gae1_no,700000,107,37,1198,10000,11.98,0
64202,2026-04-09 03:57:50,2026-04-08,0,22,60,attack,9,50,135,39,32,0.2889,0.2370,-0.0024,-0.0071,0,0,0,0,0,0,0,0,0,0,0,0,0,0,0,0,0,0x0000,ALERT,0,0,2,1,attack,0,bonus_bs15_gae1_no,700000,107,37,1198,10000,11.98,0
64203,2026-04-09 03:57:55,2026-04-08,0,23,60,attack,9,50,136,39,33,0.2868,0.2426,-0.0179,-0.0069,0,0,0,0,0,0,0,0,0,0,0,0,0,0,0,0,0,0x0000,BET,0,1,3,0,,0,bonus_bs15_gae1_no,700000,107,37,1198,10000,11.98,0
64204,2026-04-09 03:57:58,2026-04-08,0,24,60,attack,9,50,137,40,33,0.2920,0.2409,-0.0104,0.0006,0,0,0,0,0,1,0,0,0,0,0,0,0,0,0,0,1,0x0020,BET,0,2,4,0,,0,bonus_bs15_gae1_no,700000,107,37,1248,10000,12.48,0
64205,2026-04-09 03:58:00,2026-04-08,0,25,60,attack,9,400,138,42,33,0.3043,0.2391,0.0043,-0.0003,0,0,0,0,0,1,0,0,0,0,0,0,0,0,0,0,1,0x0020,ALERT,0,0,4,0,,0,bonus_bs15_gae1_no,700000,107,37,2048,10000,20.48,0
64206,2026-04-09 03:58:03,2026-04-08,0,26,60,attack,9,400,139,42,33,0.3022,0.2374,0.0044,-0.0002,0,0,0,0,0,0,0,0,0,0,0,0,0,0,0,0,0,0x0000,ALERT,0,0,4,1,attack,0,bonus_bs15_gae1_no,700000,107,37,2048,10000,20.48,0
64207,2026-04-09 03:58:11,2026-04-08,0,27,60,attack,9,50,140,42,33,0.3000,0.2357,0.0045,0.0000,0,0,0,0,0,0,0,0,0,0,0,0,0,0,0,0,0,0x0000,ALERT,0,0,4,0,,0,bonus_bs15_gae1_no,700000,107,37,2048,10000,20.48,0
64208,2026-04-09 03:58:12,2026-04-08,0,28,60,attack,9,50,141,44,33,0.3121,0.2340,0.0188,0.0143,0,0,0,0,0,0,0,0,0,0,0,0,0,0,0,0,0,0x0000,ALERT,0,0,4,0,,0,bonus_bs15_gae1_no,700000,107,37,2148,10000,21.48,0
64209,2026-04-09 03:58:14,2026-04-08,0,29,60,attack,9,50,142,44,35,0.3099,0.2465,0.0188,0.0144,0,0,0,0,0,0,0,0,0,0,0,0,0,0,0,0,0,0x0000,BET,0,1,5,0,,0,bonus_bs15_gae1_no,700000,107,37,2148,10000,21.48,0
64210,2026-04-09 03:58:16,2026-04-08,0,30,60,attack,9,50,143,44,36,0.3077,0.2517,0.0188,0.0145,0,0,0,0,0,1,0,0,0,0,0,0,0,0,0,0,1,0x0020,BET,0,2,6,0,,0,bonus_bs15_gae1_no,700000,107,37,2148,10000,21.48,0
64211,2026-04-09 03:58:18,2026-04-08,0,31,60,attack,9,400,144,45,36,0.3125,0.2500,0.0257,0.0215,0,0,0,0,0,1,0,0,0,0,0,0,0,0,0,0,1,0x0020,BET,0,3,7,0,,0,bonus_bs15_gae1_no,700000,107,37,2548,10000,25.48,0
64212,2026-04-09 03:58:20,2026-04-08,0,32,60,attack,9,400,145,45,36,0.3103,0.2483,0.0184,0.0215,0,0,0,0,0,1,0,0,0,0,0,0,0,0,0,0,1,0x0020,BET,0,4,8,1,,0,bonus_bs15_gae1_no,700000,107,37,2548,10000,25.48,0
64213,2026-04-09 03:58:21,2026-04-08,0,33,60,attack,9,400,146,45,38,0.3082,0.2603,0.0039,0.0215,0,0,0,0,0,1,0,0,0,0,0,0,0,0,0,0,1,0x0020,BET,0,5,9,0,,0,bonus_bs15_gae1_no,700000,107,37,2548,10000,25.48,0
64214,2026-04-09 03:58:22,2026-04-08,0,34,60,attack,9,400,147,45,39,0.3061,0.2653,0.0040,0.0142,0,0,0,0,0,1,0,0,0,0,0,0,0,0,0,0,1,0x0020,BET,0,6,10,0,,0,bonus_bs15_gae1_no,700000,107,37,2548,10000,25.48,0
64215,2026-04-09 03:58:23,2026-04-08,0,35,60,attack,9,400,148,46,39,0.3108,0.2635,0.0108,0.0065,0,0,0,0,0,1,0,0,0,0,0,0,0,0,0,0,1,0x0020,BET,0,7,11,0,,0,bonus_bs15_gae1_no,700000,107,37,2948,10000,29.48,0
64216,2026-04-09 03:58:25,2026-04-08,0,36,60,attack,9,400,149,46,39,0.3087,0.2617,-0.0033,0.0066,0,0,0,0,0,1,0,0,0,0,0,0,0,0,0,0,1,0x0020,BET,0,8,12,0,,0,bonus_bs15_gae1_no,700000,107,37,2948,10000,29.48,0
64217,2026-04-09 03:58:26,2026-04-08,0,37,60,attack,9,400,150,46,39,0.3067,0.2600,-0.0032,0.0067,0,0,0,0,0,1,0,0,0,0,0,0,0,0,0,0,1,0x0020,BET,0,9,13,0,,0,bonus_bs15_gae1_no,700000,107,37,2948,10000,29.48,0
64218,2026-04-09 03:58:27,2026-04-08,0,38,60,attack,9,400,151,46,39,0.3046,0.2583,-0.0031,-0.0074,0,0,0,0,0,1,0,0,0,0,0,0,0,0,0,0,1,0x0020,BET,0,10,14,0,,0,bonus_bs15_gae1_no,700000,107,37,2948,10000,29.48,0
64219,2026-04-09 03:58:28,2026-04-08,0,39,60,attack,9,400,152,46,39,0.3026,0.2566,-0.0099,-0.0072,0,0,0,0,0,1,0,0,0,0,0,0,0,0,0,0,1,0x0020,BET,0,11,15,0,,0,bonus_bs15_gae1_no,700000,107,37,2948,10000,29.48,0
64220,2026-04-09 03:58:30,2026-04-08,0,40,60,attack,9,400,153,46,39,0.3007,0.2549,-0.0097,-0.0070,0,0,0,0,0,1,0,0,0,0,0,0,0,0,0,0,1,0x0020,BET,0,12,16,0,,0,bonus_bs15_gae1_no,700000,107,37,2948,10000,29.48,0
64221,2026-04-09 03:58:31,2026-04-08,0,41,60,attack,9,400,154,46,40,0.2987,0.2597,-0.0095,-0.0138,0,0,0,0,0,1,0,0,0,0,0,0,0,0,0,0,1,0x0020,BET,0,13,17,0,,0,bonus_bs15_gae1_no,700000,107,37,2948,10000,29.48,0
64222,2026-04-09 03:58:32,2026-04-08,0,42,60,attack,9,400,155,46,40,0.2968,0.2581,-0.0093,-0.0136,0,0,0,0,0,1,0,0,0,0,0,0,0,0,0,0,1,0x0020,BET,0,14,18,0,,0,bonus_bs15_gae1_no,700000,107,37,2948,10000,29.48,0
64223,2026-04-09 03:58:34,2026-04-08,0,43,60,attack,9,400,156,46,40,0.2949,0.2564,-0.0159,-0.0133,0,0,0,0,0,1,0,0,0,0,0,0,0,0,0,0,1,0x0020,ALERT,0,0,18,1,attack,0,bonus_bs15_gae1_no,700000,107,37,2948,10000,29.48,0
64224,2026-04-09 03:58:39,2026-04-08,0,44,60,attack,9,400,157,46,40,0.2930,0.2548,-0.0157,-0.0131,0,0,0,0,0,0,0,0,0,0,0,0,0,0,0,0,0,0x0000,ALERT,0,0,18,0,,0,bonus_bs15_gae1_no,700000,107,37,2948,10000,29.48,0
64225,2026-04-09 03:58:40,2026-04-08,0,45,60,attack,9,400,158,48,40,0.3038,0.2532,-0.0029,-0.0070,0,0,0,0,0,0,0,0,0,0,0,0,0,0,0,0,0,0x0000,ALERT,0,0,18,0,,0,bonus_bs15_gae1_no,700000,107,37,3748,10000,37.48,0
64226,2026-04-09 03:58:42,2026-04-08,0,46,60,attack,9,400,159,49,40,0.3082,0.2516,0.0035,-0.0005,0,0,0,0,0,0,0,0,0,0,0,0,0,0,0,0,0,0x0000,ALERT,0,0,18,0,,0,bonus_bs15_gae1_no,700000,107,37,4148,10000,41.48,0
64227,2026-04-09 03:58:44,2026-04-08,0,47,60,attack,9,400,160,49,40,0.3063,0.2500,0.0036,-0.0004,0,0,0,0,0,0,0,0,0,0,0,0,0,0,0,0,0,0x0000,ALERT,0,0,18,0,,0,bonus_bs15_gae1_no,700000,107,37,4148,10000,41.48,0
64228,2026-04-09 03:58:45,2026-04-08,0,48,60,attack,9,400,161,49,40,0.3043,0.2484,0.0037,-0.0003,0,0,0,0,0,0,0,0,0,0,0,0,0,0,0,0,0,0x0000,ALERT,0,0,18,1,,0,bonus_bs15_gae1_no,700000,107,37,4148,10000,41.48,0
64229,2026-04-09 03:58:46,2026-04-08,0,49,60,attack,9,400,162,50,40,0.3086,0.2469,0.0099,0.0060,0,0,0,0,0,0,0,0,0,0,0,0,0,0,0,0,0,0x0000,ALERT,0,0,18,0,,0,bonus_bs15_gae1_no,700000,107,37,4548,10000,45.48,0
64230,2026-04-09 03:58:47,2026-04-08,0,50,60,attack,9,400,163,50,41,0.3067,0.2515,0.0100,0.0061,0,0,0,0,0,0,0,0,0,0,0,0,0,0,0,0,0,0x0000,ALERT,0,0,18,0,,0,bonus_bs15_gae1_no,700000,107,37,4548,10000,45.48,0
64231,2026-04-09 03:58:49,2026-04-08,0,51,60,attack,9,400,164,50,41,0.3049,0.2500,0.0100,0.0062,0,0,0,0,0,0,0,0,0,0,0,0,0,0,0,0,0,0x0000,ALERT,0,0,18,1,attack,0,bonus_bs15_gae1_no,700000,107,37,4548,10000,45.48,0
64232,2026-04-09 03:58:55,2026-04-08,0,52,60,attack,9,400,165,50,43,0.3030,0.2606,0.0100,0.0063,0,0,0,0,0,0,0,0,0,0,0,0,0,0,0,0,0,0x0000,ALERT,0,0,18,0,,0,bonus_bs15_gae1_no,700000,107,37,4548,10000,45.48,0
64233,2026-04-09 03:58:56,2026-04-08,0,53,60,attack,9,400,166,50,43,0.3012,0.2590,-0.0026,0.0063,0,0,0,0,0,0,0,0,0,0,0,0,0,0,0,0,0,0x0000,ALERT,0,0,18,1,,0,bonus_bs15_gae1_no,700000,107,37,4548,10000,45.48,0
64234,2026-04-09 03:59:00,2026-04-08,0,54,60,attack,9,400,167,50,43,0.2994,0.2575,-0.0088,0.0064,0,0,0,0,0,0,0,0,0,0,0,0,0,0,0,0,0,0x0000,ALERT,0,0,18,0,,0,,700000,107,37,4548,10000,45.48,0
64235,2026-04-09 03:59:01,2026-04-08,0,55,60,attack,9,400,168,52,43,0.3095,0.2560,0.0033,0.0057,0,0,0,0,0,0,0,0,0,0,0,0,0,0,0,0,0,0x0000,ALERT,0,0,18,0,,0,,700000,107,37,5348,10000,53.48,0
64236,2026-04-09 03:59:03,2026-04-08,0,56,60,attack,9,400,169,52,44,0.3077,0.2604,0.0033,-0.0005,0,0,0,0,0,0,0,0,0,0,0,0,0,0,0,0,0,0x0000,ALERT,0,0,18,0,,0,,700000,107,37,5348,10000,53.48,0
64237,2026-04-09 03:59:04,2026-04-08,0,57,60,attack,9,400,170,52,44,0.3059,0.2588,-0.0028,-0.0004,0,0,0,0,0,0,0,0,0,0,0,0,0,0,0,0,0,0x0000,ALERT,0,0,18,0,,0,,700000,107,37,5348,10000,53.48,0
64238,2026-04-09 03:59:07,2026-04-08,0,58,60,attack,9,400,171,52,44,0.3041,0.2573,-0.0027,-0.0003,0,0,0,0,0,0,0,0,0,0,0,0,0,0,0,0,0,0x0000,ALERT,0,0,18,1,attack,0,,700000,107,37,5348,10000,53.48,0
64239,2026-04-09 03:59:14,2026-04-08,0,59,60,attack,9,1500,172,53,44,0.3081,0.2558,0.0033,-0.0005,0,0,0,0,0,0,0,0,0,0,0,0,0,0,0,0,0,0x0000,ALERT,0,0,18,0,,0,,700000,107,37,6848,10000,68.48,0
64240,2026-04-09 04:01:52,2026-04-08,0,60,60,attack,9,1,173,53,44,0.3064,0.2543,0.0033,-0.0004,0,0,0,0,0,0,0,0,0,0,0,0,0,0,0,0,0,0x0000,ALERT,0,0,18,1,,0,,700000,107,37,6848,10000,68.48,0
64241,2026-04-09 04:01:58,2026-04-08,0,61,60,attack,9,1,174,54,44,0.3103,0.2529,0.0091,0.0055,0,0,0,0,0,0,0,0,0,0,0,0,0,0,0,0,0,0x0000,ALERT,0,0,18,0,,0,,700000,107,37,6849,10000,68.49,0
64242,2026-04-09 04:01:59,2026-04-08,0,62,60,attack,9,1,175,55,44,0.3143,0.2514,0.0149,0.0113,0,0,0,0,0,0,0,0,0,0,0,0,0,0,0,0,0,0x0000,ALERT,0,0,18,0,,0,,700000,107,37,6850,10000,68.50,0
64243,2026-04-09 04:02:02,2026-04-08,0,63,60,attack,9,400,176,55,44,0.3125,0.2500,0.0030,0.0113,0,0,0,0,0,0,0,0,0,0,0,0,0,0,0,0,0,0x0000,ALERT,0,0,18,0,,0,,700000,107,37,6850,10000,68.50,0
64244,2026-04-09 04:02:06,2026-04-08,0,64,60,attack,9,400,177,56,44,0.3164,0.2486,0.0087,0.0170,0,0,0,0,0,0,0,0,0,0,0,0,0,0,0,0,0,0x0000,ALERT,0,0,18,0,,0,,700000,107,37,7250,10000,72.50,0
64245,2026-04-09 04:02:08,2026-04-08,0,65,60,attack,9,400,178,58,44,0.3258,0.2472,0.0200,0.0163,0,0,0,0,0,0,0,0,0,0,0,0,0,0,0,0,0,0x0000,ALERT,0,0,18,0,,0,,700000,107,37,8050,10000,80.50,0
64246,2026-04-09 04:02:11,2026-04-08,0,66,60,attack,9,400,179,59,44,0.3296,0.2458,0.0255,0.0219,0,0,0,0,0,0,0,0,0,0,0,0,0,0,0,0,0,0x0000,ALERT,0,0,18,0,,0,,700000,107,37,8450,10000,84.50,0
64247,2026-04-09 04:02:14,2026-04-08,0,67,60,attack,9,400,180,59,44,0.3278,0.2444,0.0196,0.0219,0,0,0,0,0,0,0,0,0,0,0,0,0,0,0,0,0,0x0000,ALERT,0,0,18,0,,0,,700000,107,37,8450,10000,84.50,0
64248,2026-04-09 04:02:16,2026-04-08,0,68,181,accumulation,9,400,0,0,0,0.0000,0.0000,0.0000,0.0000,0,0,0,0,0,0,0,0,0,0,0,0,0,0,0,0,0,0x0000,WAIT,0,0,0,1,accumulation,0,,700000,107,42,1500,20000,7.50,0
64249,2026-04-09 04:15:37,2026-04-08,1,1,181,accumulation,9,1,1,1,0,1.0000,0.0000,0.0000,0.0000,0,0,0,0,0,0,0,0,0,0,0,0,0,0,0,0,0,0x0000,WAIT,0,0,0,0,,0,,700000,107,42,1501,20000,7.51,0
64250,2026-04-09 04:15:39,2026-04-08,1,2,181,accumulation,9,1,2,2,0,1.0000,0.0000,0.0000,0.0000,0,0,0,0,0,0,0,0,0,0,0,0,0,0,0,0,0,0x0000,WAIT,0,0,0,0,,0,,700000,107,42,1502,20000,7.51,0
64251,2026-04-09 04:15:41,2026-04-08,1,3,181,accumulation,9,1,3,2,0,0.6667,0.0000,0.0000,0.0000,0,0,0,0,0,0,0,0,0,0,0,0,0,0,0,0,0,0x0000,WAIT,0,0,0,0,,0,,700000,107,42,1502,20000,7.51,0
64252,2026-04-09 04:15:42,2026-04-08,1,4,181,accumulation,9,1,4,2,0,0.5000,0.0000,0.0000,0.0000,0,0,0,0,0,0,0,0,0,0,0,0,0,0,0,0,0,0x0000,WAIT,0,0,0,0,,0,,700000,107,42,1502,20000,7.51,0
64253,2026-04-09 04:15:43,2026-04-08,1,5,181,accumulation,9,1,5,3,0,0.6000,0.0000,0.0000,0.0000,0,0,0,0,0,0,0,0,0,0,0,0,0,0,0,0,0,0x0000,WAIT,0,0,0,0,,0,,700000,107,42,1503,20000,7.51,0
64254,2026-04-09 04:15:45,2026-04-08,1,6,181,accumulation,9,1,6,4,0,0.6667,0.0000,0.0000,0.0000,0,0,0,0,0,0,0,0,0,0,0,0,0,0,0,0,0,0x0000,WAIT,0,0,0,0,,0,,700000,107,42,1504,20000,7.52,0
64255,2026-04-09 04:15:46,2026-04-08,1,7,181,attack,9,1,7,4,0,0.5714,0.0000,0.0000,0.0000,0,0,0,0,0,0,0,0,0,0,0,0,0,0,0,0,0,0x0000,WAIT,0,0,0,1,attack,0,,700000,107,42,1504,20000,7.52,0
64256,2026-04-09 04:15:51,2026-04-08,1,8,181,attack,9,1,8,4,0,0.5000,0.0000,0.0000,0.0000,0,0,0,0,0,0,0,0,0,0,0,0,0,0,0,0,0,0x0000,WAIT,0,0,0,1,,0,,700000,107,42,1504,20000,7.52,0
64257,2026-04-09 04:15:52,2026-04-08,1,9,181,spins,9,1,9,4,3,0.4444,0.3333,-0.5556,0.0000,0,0,0,0,0,0,0,0,0,0,0,0,0,0,0,0,0,0x0000,WAIT,0,0,0,1,spins,0,,700000,107,42,1504,20000,7.52,0
64258,2026-04-09 04:16:04,2026-04-08,1,10,181,spins,9,1,10,4,3,0.4000,0.3000,-0.6000,0.0000,0,0,0,0,0,0,0,0,0,0,0,0,0,0,0,0,0,0x0000,WAIT,0,0,0,1,,0,,700000,107,42,1504,20000,7.52,0
64259,2026-04-09 04:16:04,2026-04-08,1,11,181,spins,9,1,11,4,4,0.3636,0.3636,-0.3030,-0.6364,0,0,0,0,0,0,0,0,0,0,0,0,0,0,0,0,0,0x0000,WAIT,0,0,0,0,,0,,700000,107,42,1504,20000,7.52,0
64260,2026-04-09 04:16:05,2026-04-08,1,12,181,spins,9,1,12,4,5,0.3333,0.4167,-0.1667,-0.6667,0,0,0,0,0,0,0,0,0,0,0,0,0,0,0,0,0,0x0000,WAIT,0,0,0,0,,0,,700000,107,42,1504,20000,7.52,0
64261,2026-04-09 04:16:06,2026-04-08,1,13,181,spins,9,1,13,4,5,0.3077,0.3846,-0.2923,-0.3590,0,0,0,0,0,0,0,0,0,0,0,0,0,0,0,0,0,0x0000,WAIT,0,0,0,1,,0,,700000,107,42,1504,20000,7.52,0
64262,2026-04-09 04:16:07,2026-04-08,1,14,181,spins,9,1,14,4,5,0.2857,0.3571,-0.3810,-0.2143,0,0,0,0,0,0,0,0,0,0,0,0,0,0,0,0,0,0x0000,WAIT,0,0,0,0,,0,,700000,107,42,1504,20000,7.52,0
64263,2026-04-09 04:16:07,2026-04-08,1,15,181,spins,9,1,15,4,5,0.2667,0.3333,-0.3048,-0.3333,0,0,0,0,0,0,0,0,0,0,0,0,0,0,0,0,0,0x0000,WAIT,0,0,0,1,,0,,700000,107,42,1504,20000,7.52,0
64264,2026-04-09 04:16:08,2026-04-08,1,16,181,shield,9,1,16,4,5,0.2500,0.3125,-0.2500,-0.4167,0,0,0,0,0,0,0,0,0,0,0,0,0,0,0,0,0,0x0000,WAIT,0,0,0,1,shield,0,,700000,107,42,1504,20000,7.52,0
64265,2026-04-09 04:16:09,2026-04-08,1,17,181,steal,9,1,17,4,5,0.2353,0.2941,-0.2092,-0.3361,0,0,0,0,0,0,0,0,0,0,0,0,0,0,0,0,0,0x0000,WAIT,0,0,0,1,steal,0,,700000,107,42,1504,20000,7.52,0
64266,2026-04-09 04:16:15,2026-04-08,1,18,181,steal,9,1,18,4,5,0.2222,0.2778,-0.1778,-0.2778,0,0,0,0,0,0,0,0,0,0,0,0,0,0,0,0,0,0x0000,WAIT,0,0,0,1,,0,,700000,107,42,1504,20000,7.52,0
64267,2026-04-09 04:16:16,2026-04-08,1,19,181,steal,9,1,19,4,5,0.2105,0.2632,-0.1531,-0.2339,0,0,0,0,0,0,0,0,0,0,0,0,0,0,0,0,0,0x0000,WAIT,0,0,0,1,,0,,700000,107,42,1504,20000,7.52,0
64268,2026-04-09 04:16:17,2026-04-08,1,20,181,steal,9,1,20,4,6,0.2000,0.3000,-0.1333,-0.2000,0,0,0,0,0,0,0,0,0,0,0,0,0,0,0,0,0,0x0000,WAIT,0,0,0,0,,0,,700000,107,42,1504,20000,7.52,0
64269,2026-04-09 04:16:17,2026-04-08,1,21,181,steal,9,1,21,4,6,0.1905,0.2857,-0.1172,-0.1732,0,0,0,0,0,0,0,0,0,0,0,0,0,0,0,0,0,0x0000,WAIT,0,0,0,1,,0,,700000,107,42,1504,20000,7.52,0
64270,2026-04-09 04:16:18,2026-04-08,1,22,181,steal,9,1,22,4,6,0.1818,0.2727,-0.1039,-0.1515,0,0,0,0,0,0,0,0,0,0,0,0,0,0,0,0,0,0x0000,WAIT,0,0,0,0,,0,,700000,107,42,1504,20000,7.52,0
64271,2026-04-09 04:16:19,2026-04-08,1,23,181,steal,9,1,23,6,6,0.2609,0.2609,-0.0058,-0.0468,0,0,0,0,0,0,0,0,0,0,0,0,0,0,0,0,0,0x0000,WAIT,0,0,0,0,,0,,700000,107,42,1506,20000,7.53,0
64272,2026-04-09 04:16:20,2026-04-08,1,24,181,steal,9,1,24,6,7,0.2500,0.2917,0.0000,-0.0357,0,0,0,0,0,0,0,0,0,0,0,0,0,0,0,0,0,0x0000,WAIT,0,0,0,0,,0,,700000,107,42,1506,20000,7.53,0
64273,2026-04-09 04:16:21,2026-04-08,1,25,181,attack,9,1,25,6,7,0.2400,0.2800,0.0047,-0.0267,0,0,0,0,0,0,0,0,0,0,0,0,0,0,0,0,0,0x0000,WAIT,0,0,0,1,attack,0,,700000,107,42,1506,20000,7.53,0
64274,2026-04-09 04:20:36,2026-04-08,1,26,181,attack,9,1,26,6,7,0.2308,0.2692,0.0085,-0.0192,0,0,0,0,0,0,0,0,0,0,0,0,0,0,0,0,0,0x0000,WAIT,0,0,0,0,,0,,700000,107,42,1506,20000,7.53,0
64275,2026-04-09 04:20:36,2026-04-08,1,27,181,attack,9,1,27,6,7,0.2222,0.2593,0.0117,-0.0131,0,0,0,0,0,0,0,0,0,0,0,0,0,0,0,0,0,0x0000,WAIT,0,0,0,1,attack,0,,700000,107,42,1506,20000,7.53,0
64276,2026-04-09 04:20:40,2026-04-08,1,28,181,attack,9,1,28,7,7,0.2500,0.2500,0.0500,0.0278,0,0,0,0,0,0,0,0,0,0,0,0,0,0,0,0,0,0x0000,WAIT,0,0,0,0,,0,,700000,107,42,1507,20000,7.54,0
64277,2026-04-09 04:20:41,2026-04-08,1,29,181,attack,9,1,29,7,7,0.2414,0.2414,0.0509,0.0309,0,0,0,0,0,0,0,0,0,0,0,0,0,0,0,0,0,0x0000,WAIT,0,0,0,1,,0,,700000,107,42,1507,20000,7.54,0
64278,2026-04-09 04:20:42,2026-04-08,1,30,181,attack,9,1,30,7,7,0.2333,0.2333,0.0515,0.0333,0,0,0,0,0,0,0,0,0,0,0,0,0,0,0,0,0,0x0000,WAIT,0,0,0,0,,0,,700000,107,42,1507,20000,7.54,0
64279,2026-04-09 04:20:43,2026-04-08,1,31,181,attack,9,1,31,9,7,0.2903,0.2258,0.0295,0.0998,0,0,0,0,0,0,0,0,0,0,0,0,0,0,0,0,0,0x0000,WAIT,0,0,0,0,,0,,700000,107,42,1509,20000,7.54,0
64280,2026-04-09 04:20:44,2026-04-08,1,32,181,attack,9,1,32,9,8,0.2812,0.2500,0.0312,0.0994,0,0,0,0,0,0,0,0,0,0,0,0,0,0,0,0,0,0x0000,WAIT,0,0,0,0,,0,,700000,107,42,1509,20000,7.54,0
64281,2026-04-09 04:20:45,2026-04-08,1,33,181,attack,9,1,33,9,8,0.2727,0.2424,0.0327,0.0119,0,0,0,0,0,0,0,0,0,0,0,0,0,0,0,0,0,0x0000,WAIT,0,0,0,1,,0,,700000,107,42,1509,20000,7.54,0
64282,2026-04-09 04:20:46,2026-04-08,1,34,181,steal,9,1,34,9,8,0.2647,0.2353,0.0339,0.0147,0,0,0,0,0,0,0,0,0,0,0,0,0,0,0,0,0,0x0000,WAIT,0,0,0,1,steal,0,,700000,107,42,1509,20000,7.54,0
64283,2026-04-09 04:20:54,2026-04-08,1,35,181,steal,9,1,35,9,9,0.2571,0.2571,0.0349,0.0171,0,0,0,0,0,0,0,0,0,0,0,0,0,0,0,0,0,0x0000,SOON,0,0,0,0,,0,,700000,107,42,1509,20000,7.54,0
64284,2026-04-09 04:20:55,2026-04-08,1,36,181,steal,9,1,36,11,9,0.3056,0.2500,0.0556,0.0748,0,0,0,0,0,0,0,0,0,0,0,0,0,0,0,0,0,0x0000,SOON,0,0,0,0,,0,,700000,107,42,1511,20000,7.56,0
64285,2026-04-09 04:20:57,2026-04-08,1,37,181,steal,9,1,37,12,9,0.3243,0.2432,0.0829,0.1021,0,0,0,0,0,0,0,0,0,0,0,0,0,0,0,0,0,0x0000,SOON,0,0,0,0,,0,,700000,107,42,1512,20000,7.56,0
64286,2026-04-09 04:20:58,2026-04-08,1,38,181,steal,9,1,38,12,11,0.3158,0.2895,0.0825,0.0658,0,0,0,0,0,0,0,0,0,0,0,0,0,0,0,0,0,0x0000,SOON,0,0,0,0,,0,,700000,107,42,1512,20000,7.56,0
64287,2026-04-09 04:20:58,2026-04-08,1,39,181,steal,9,1,39,12,11,0.3077,0.2821,0.0174,0.0663,0,0,0,0,0,0,0,0,0,0,0,0,0,0,0,0,0,0x0000,SOON,0,0,0,0,,0,,700000,107,42,1512,20000,7.56,0
64288,2026-04-09 04:20:59,2026-04-08,1,40,181,shield,9,1,40,12,11,0.3000,0.2750,0.0187,0.0667,0,0,0,0,0,0,0,0,0,0,0,0,0,0,0,0,0,0x0000,SOON,0,0,0,1,shield,0,,700000,107,42,1512,20000,7.56,0
64289,2026-04-09 04:21:00,2026-04-08,1,41,181,shield,9,1,41,12,11,0.2927,0.2683,0.0200,0.0024,0,0,0,0,0,0,0,0,0,0,0,0,0,0,0,0,0,0x0000,SOON,0,0,0,1,,0,,700000,107,42,1512,20000,7.56,0
64290,2026-04-09 04:21:00,2026-04-08,1,42,181,shield,9,1,42,12,11,0.2857,0.2619,0.0210,0.0045,0,0,0,0,0,0,0,0,0,0,0,0,0,0,0,0,0,0x0000,SOON,0,0,0,0,,0,,700000,107,42,1512,20000,7.56,0
64291,2026-04-09 04:21:01,2026-04-08,1,43,181,shield,9,1,43,12,12,0.2791,0.2791,0.0219,0.0063,0,0,0,0,0,0,0,0,0,0,0,0,0,0,0,0,0,0x0000,SOON,0,0,0,0,,0,,700000,107,42,1512,20000,7.56,0
64292,2026-04-09 04:21:02,2026-04-08,1,44,181,shield,9,1,44,14,12,0.3182,0.2727,0.0126,0.0535,0,0,0,0,0,0,0,0,0,0,0,0,0,0,0,0,0,0x0000,SOON,0,0,0,0,,0,,700000,107,42,1514,20000,7.57,0
64293,2026-04-09 04:21:03,2026-04-08,1,45,181,shield,9,1,45,14,12,0.3111,0.2667,-0.0132,0.0540,0,0,0,0,0,0,0,0,0,0,0,0,0,0,0,0,0,0x0000,SOON,0,0,0,0,,0,,700000,107,42,1514,20000,7.57,0
64294,2026-04-09 04:21:04,2026-04-08,1,46,181,shield,9,1,46,15,12,0.3261,0.2609,0.0103,0.0205,0,0,0,0,0,0,0,0,0,0,0,0,0,0,0,0,0,0x0000,SOON,0,0,0,0,,0,,700000,107,42,1515,20000,7.58,0
64295,2026-04-09 04:21:05,2026-04-08,1,47,181,shield,9,1,47,15,12,0.3191,0.2553,0.0115,-0.0052,0,0,0,0,0,0,0,0,0,0,0,0,0,0,0,0,0,0x0000,SOON,0,0,0,0,,0,,700000,107,42,1515,20000,7.58,0
64296,2026-04-09 04:21:05,2026-04-08,1,48,181,attack,9,1,48,15,12,0.3125,0.2500,0.0125,-0.0033,0,0,0,0,0,0,0,0,0,0,0,0,0,0,0,0,0,0x0000,SOON,0,0,0,1,attack,0,,700000,107,42,1515,20000,7.58,0
64297,2026-04-09 04:21:10,2026-04-08,1,49,181,attack,9,1,49,15,12,0.3061,0.2449,0.0134,-0.0016,0,0,0,0,0,0,0,0,0,0,0,0,0,0,0,0,0,0x0000,SOON,0,0,0,1,,0,,700000,107,42,1515,20000,7.58,0
64298,2026-04-09 04:21:10,2026-04-08,1,50,181,attack,9,1,50,15,12,0.3000,0.2400,0.0143,0.0000,0,0,0,0,0,0,0,0,0,0,0,0,0,0,0,0,0,0x0000,SOON,0,0,0,0,,0,,700000,107,42,1515,20000,7.58,0
64299,2026-04-09 04:21:11,2026-04-08,1,51,181,attack,9,1,51,16,12,0.3137,0.2353,0.0347,0.0210,0,0,0,0,0,0,0,0,0,0,0,0,0,0,0,0,0,0x0000,SOON,0,0,0,0,,0,,700000,107,42,1516,20000,7.58,0
64300,2026-04-09 04:21:12,2026-04-08,1,52,181,shield,9,1,52,16,12,0.3077,0.2308,-0.0105,0.0220,0,0,0,0,0,0,0,0,0,0,0,0,0,0,0,0,0,0x0000,SOON,0,0,0,1,shield,0,,700000,107,42,1516,20000,7.58,0
64301,2026-04-09 04:21:13,2026-04-08,1,53,181,shield,9,1,53,16,13,0.3019,0.2453,-0.0092,0.0228,0,0,0,0,0,0,0,0,0,0,0,0,0,0,0,0,0,0x0000,SOON,0,0,0,0,,0,,700000,107,42,1516,20000,7.58,0
64302,2026-04-09 04:21:13,2026-04-08,1,54,181,shield,9,1,54,16,13,0.2963,0.2407,-0.0298,-0.0219,0,0,0,0,0,0,0,0,0,0,0,0,0,0,0,0,0,0x0000,SOON,0,0,0,0,,0,,700000,107,42,1516,20000,7.58,0
64303,2026-04-09 04:21:14,2026-04-08,1,55,181,shield,9,1,55,16,15,0.2909,0.2727,-0.0282,-0.0202,0,0,0,0,0,0,0,0,0,0,0,0,0,0,0,0,0,0x0000,SOON,0,0,0,0,,0,,700000,107,42,1516,20000,7.58,0
64304,2026-04-09 04:21:15,2026-04-08,1,56,181,shield,9,1,56,17,15,0.3036,0.2679,-0.0089,-0.0225,0,0,0,0,0,0,0,0,0,0,0,0,0,0,0,0,0,0x0000,SOON,0,0,0,0,,0,,700000,107,42,1517,20000,7.58,0
64305,2026-04-09 04:21:16,2026-04-08,1,57,181,shield,9,1,57,18,15,0.3158,0.2632,0.0097,-0.0034,0,0,0,0,0,0,0,0,0,0,0,0,0,0,0,0,0,0x0000,SOON,0,0,0,0,,0,,700000,107,42,1518,20000,7.59,0
64306,2026-04-09 04:21:17,2026-04-08,1,58,181,shield,9,1,58,18,15,0.3103,0.2586,0.0103,-0.0022,0,0,0,0,0,0,0,0,0,0,0,0,0,0,0,0,0,0x0000,SOON,0,0,0,1,,0,,700000,107,42,1518,20000,7.59,0
64307,2026-04-09 04:21:18,2026-04-08,1,59,181,steal,9,1,59,18,15,0.3051,0.2542,-0.0086,-0.0010,0,0,0,0,0,0,0,0,0,0,0,0,0,0,0,0,0,0x0000,SOON,0,0,0,1,steal,0,,700000,107,42,1518,20000,7.59,0
64308,2026-04-09 04:21:23,2026-04-08,1,60,181,steal,9,1,60,18,16,0.3000,0.2667,-0.0077,0.0000,0,0,0,0,0,0,0,0,0,0,0,0,0,0,0,0,0,0x0000,ALERT,0,0,0,0,,0,,700000,107,42,1518,20000,7.59,0
64309,2026-04-09 04:21:24,2026-04-08,1,61,181,steal,9,1,61,18,17,0.2951,0.2787,-0.0068,-0.0186,0,0,0,0,0,0,0,0,0,0,0,0,0,0,0,0,0,0x0000,ALERT,0,0,0,0,,0,,700000,107,42,1518,20000,7.59,0
64310,2026-04-09 04:21:25,2026-04-08,1,62,181,steal,9,1,62,18,18,0.2903,0.2903,-0.0060,-0.0174,0,0,0,0,0,0,0,0,0,0,0,0,0,0,0,0,0,0x0000,ALERT,0,0,0,0,,0,,700000,107,42,1518,20000,7.59,0
64311,2026-04-09 04:21:26,2026-04-08,1,63,181,steal,9,1,63,18,18,0.2857,0.2857,-0.0052,-0.0162,0,0,0,0,0,0,0,0,0,0,0,0,0,0,0,0,0,0x0000,ALERT,0,0,0,0,,0,,700000,107,42,1518,20000,7.59,0
64312,2026-04-09 04:21:26,2026-04-08,1,64,181,attack,9,1,64,18,18,0.2812,0.2812,-0.0223,-0.0150,0,0,0,0,0,0,0,0,0,0,0,0,0,0,0,0,0,0x0000,ALERT,0,0,0,1,attack,0,,700000,107,42,1518,20000,7.59,0
64313,2026-04-09 04:21:30,2026-04-08,1,65,181,attack,9,1,65,18,18,0.2769,0.2769,-0.0389,-0.0140,0,0,0,0,0,0,0,0,0,0,0,0,0,0,0,0,0,0x0000,ALERT,0,0,0,1,attack,0,,700000,107,42,1518,20000,7.59,0
64314,2026-04-09 04:21:34,2026-04-08,1,66,181,attack,9,1,66,18,18,0.2727,0.2727,-0.0376,-0.0308,0,0,0,0,0,0,0,0,0,0,0,0,0,0,0,0,0,0x0000,ALERT,0,0,0,1,,0,,700000,107,42,1518,20000,7.59,0
64315,2026-04-09 04:21:35,2026-04-08,1,67,181,attack,9,1,67,19,18,0.2836,0.2687,-0.0215,-0.0322,0,0,0,0,0,0,0,0,0,0,0,0,0,0,0,0,0,0x0000,ALERT,0,0,0,0,,0,,700000,107,42,1519,20000,7.60,0
64316,2026-04-09 04:21:35,2026-04-08,1,68,181,attack,9,1,68,19,18,0.2794,0.2647,-0.0206,-0.0309,0,0,0,0,0,0,0,0,0,0,0,0,0,0,0,0,0,0x0000,ALERT,0,0,0,0,,0,,700000,107,42,1519,20000,7.60,0
64317,2026-04-09 04:21:36,2026-04-08,1,69,181,attack,9,1,69,19,18,0.2754,0.2609,-0.0197,-0.0297,0,0,0,0,0,0,0,0,0,0,0,0,0,0,0,0,0,0x0000,ALERT,0,0,0,0,,0,,700000,107,42,1519,20000,7.60,0
64318,2026-04-09 04:21:37,2026-04-08,1,70,181,attack,9,1,70,20,18,0.2857,0.2571,-0.0046,-0.0143,0,0,0,0,0,0,0,0,0,0,0,0,0,0,0,0,0,0x0000,ALERT,0,0,0,0,,0,,700000,107,42,1520,20000,7.60,0
64319,2026-04-09 04:21:38,2026-04-08,1,71,181,attack,9,1,71,20,19,0.2817,0.2676,-0.0040,-0.0134,0,0,0,0,0,0,0,0,0,0,0,0,0,0,0,0,0,0x0000,ALERT,0,0,0,0,,0,,700000,107,42,1520,20000,7.60,0
64320,2026-04-09 04:21:39,2026-04-08,1,72,181,attack,9,1,72,20,19,0.2778,0.2639,-0.0035,-0.0125,0,0,0,0,0,0,0,0,0,0,0,0,0,0,0,0,0,0x0000,ALERT,0,0,0,0,,0,,700000,107,42,1520,20000,7.60,0
64321,2026-04-09 04:21:40,2026-04-08,1,73,181,attack,9,1,73,20,20,0.2740,0.2740,-0.0030,-0.0117,0,0,0,0,0,0,0,0,0,0,0,0,0,0,0,0,0,0x0000,ALERT,0,0,0,0,,0,,700000,107,42,1520,20000,7.60,0
64322,2026-04-09 04:21:41,2026-04-08,1,74,181,attack,9,1,74,22,20,0.2973,0.2703,0.0246,0.0160,0,0,0,0,0,0,0,0,0,0,0,0,0,0,0,0,0,0x0000,ALERT,0,0,0,0,,0,,700000,107,42,1522,20000,7.61,0
64323,2026-04-09 04:21:42,2026-04-08,1,75,181,shield,9,1,75,22,20,0.2933,0.2667,0.0098,0.0164,0,0,0,0,0,0,0,0,0,0,0,0,0,0,0,0,0,0x0000,ALERT,0,0,0,1,shield,0,,700000,107,42,1522,20000,7.61,0
64324,2026-04-09 04:21:43,2026-04-08,1,76,181,shield,9,1,76,22,20,0.2895,0.2632,0.0101,0.0167,0,0,0,0,0,0,0,0,0,0,0,0,0,0,0,0,0,0x0000,ALERT,0,0,0,0,,0,,700000,107,42,1522,20000,7.61,0
64325,2026-04-09 04:21:43,2026-04-08,1,77,181,shield,9,1,77,22,21,0.2857,0.2727,0.0104,0.0021,0,0,0,0,0,0,0,0,0,0,0,0,0,0,0,0,0,0x0000,ALERT,0,0,0,0,,0,,700000,107,42,1522,20000,7.61,0
64326,2026-04-09 04:21:44,2026-04-08,1,78,181,shield,9,1,78,22,22,0.2821,0.2821,-0.0037,0.0026,0,0,0,0,0,0,0,0,0,0,0,0,0,0,0,0,0,0x0000,ALERT,0,0,0,0,,0,,700000,107,42,1522,20000,7.61,0
64327,2026-04-09 04:21:45,2026-04-08,1,79,181,shield,9,1,79,23,22,0.2911,0.2785,0.0094,0.0158,0,0,0,0,0,0,0,0,0,0,0,0,0,0,0,0,0,0x0000,ALERT,0,0,0,0,,0,,700000,107,42,1523,20000,7.61,0
64328,2026-04-09 04:21:45,2026-04-08,1,80,181,shield,9,1,80,23,22,0.2875,0.2750,0.0097,0.0018,0,0,0,0,0,0,0,0,0,0,0,0,0,0,0,0,0,0x0000,ALERT,0,0,0,0,,0,,700000,107,42,1523,20000,7.61,0
64329,2026-04-09 04:21:46,2026-04-08,1,81,181,shield,9,1,81,23,24,0.2840,0.2963,0.0100,0.0023,0,0,0,0,0,0,0,0,0,0,0,0,0,0,0,0,0,0x0000,ALERT,0,0,0,0,,0,,700000,107,42,1523,20000,7.61,0
64330,2026-04-09 04:21:47,2026-04-08,1,82,181,shield,9,1,82,23,24,0.2805,0.2927,-0.0168,0.0027,0,0,0,0,0,0,0,0,0,0,0,0,0,0,0,0,0,0x0000,ALERT,0,0,0,0,,0,,700000,107,42,1523,20000,7.61,0
64331,2026-04-09 04:21:48,2026-04-08,1,83,181,shield,9,1,83,23,24,0.2771,0.2892,-0.0162,0.0031,0,0,0,0,0,0,0,0,0,0,0,0,0,0,0,0,0,0x0000,ALERT,0,0,0,0,,0,,700000,107,42,1523,20000,7.61,0
64332,2026-04-09 04:21:48,2026-04-08,1,84,181,shield,9,1,84,23,24,0.2738,0.2857,-0.0157,-0.0235,0,0,0,0,0,0,0,0,0,0,0,0,0,0,0,0,0,0x0000,ALERT,0,0,0,0,,0,,700000,107,42,1523,20000,7.61,0
64333,2026-04-09 04:21:49,2026-04-08,1,85,181,shield,9,1,85,23,24,0.2706,0.2824,-0.0151,-0.0227,0,0,0,0,0,0,0,0,0,0,0,0,0,0,0,0,0,0x0000,ALERT,0,0,0,0,,0,,700000,107,42,1523,20000,7.61,0
64334,2026-04-09 04:21:49,2026-04-08,1,86,181,shield,9,1,86,24,24,0.2791,0.2791,-0.0030,-0.0104,0,0,0,0,0,0,0,0,0,0,0,0,0,0,0,0,0,0x0000,ALERT,0,0,0,0,,0,,700000,107,42,1524,20000,7.62,0
64335,2026-04-09 04:21:51,2026-04-08,1,87,181,shield,9,1,87,24,25,0.2759,0.2874,-0.0153,-0.0099,0,0,0,0,0,0,0,0,0,0,0,0,0,0,0,0,0,0x0000,ALERT,0,0,0,0,,0,,700000,107,42,1524,20000,7.62,0
64336,2026-04-09 04:21:51,2026-04-08,1,88,181,shield,9,1,88,24,25,0.2727,0.2841,-0.0148,-0.0093,0,0,0,0,0,0,0,0,0,0,0,0,0,0,0,0,0,0x0000,ALERT,0,0,0,1,,0,,700000,107,42,1524,20000,7.62,0
64337,2026-04-09 04:21:52,2026-04-08,1,89,181,shield,9,1,89,24,25,0.2697,0.2809,-0.0143,-0.0215,0,0,0,0,0,0,0,0,0,0,0,0,0,0,0,0,0,0x0000,ALERT,0,0,0,0,,0,,700000,107,42,1524,20000,7.62,0
64338,2026-04-09 04:21:53,2026-04-08,1,90,181,shield,9,1,90,24,25,0.2667,0.2778,-0.0138,-0.0208,0,0,0,0,0,0,0,0,0,0,0,0,0,0,0,0,0,0x0000,ALERT,0,0,0,0,,0,,700000,107,42,1524,20000,7.62,0
64339,2026-04-09 04:21:53,2026-04-08,1,91,181,attack,9,1,91,24,25,0.2637,0.2747,-0.0134,-0.0202,0,0,0,0,0,0,0,0,0,0,0,0,0,0,0,0,0,0x0000,ALERT,0,0,0,1,attack,0,,700000,107,42,1524,20000,7.62,0
64340,2026-04-09 04:21:57,2026-04-08,1,92,181,attack,9,1,92,24,25,0.2609,0.2717,-0.0129,-0.0196,0,0,0,0,0,0,0,0,0,0,0,0,0,0,0,0,0,0x0000,ALERT,0,0,0,0,,0,,700000,107,42,1524,20000,7.62,0
64341,2026-04-09 04:21:58,2026-04-08,1,93,181,attack,9,1,93,26,25,0.2796,0.2688,0.0090,0.0025,0,0,0,0,0,0,0,0,0,0,0,0,0,0,0,0,0,0x0000,ALERT,0,0,0,0,,0,,700000,107,42,1526,20000,7.63,0
64342,2026-04-09 04:21:59,2026-04-08,1,94,181,attack,9,1,94,26,25,0.2766,0.2660,-0.0025,0.0028,0,0,0,0,0,0,0,0,0,0,0,0,0,0,0,0,0,0x0000,ALERT,0,0,0,0,,0,,700000,107,42,1526,20000,7.63,0
64343,2026-04-09 04:21:59,2026-04-08,1,95,181,attack,9,1,95,26,26,0.2737,0.2737,-0.0022,0.0031,0,0,0,0,0,0,0,0,0,0,0,0,0,0,0,0,0,0x0000,ALERT,0,0,0,0,,0,,700000,107,42,1526,20000,7.63,0
64344,2026-04-09 04:22:05,2026-04-08,1,96,181,attack,9,1,96,26,26,0.2708,0.2708,-0.0019,-0.0082,0,0,0,0,0,0,0,0,0,0,0,0,0,0,0,0,0,0x0000,ALERT,0,0,0,1,,0,,700000,107,42,1526,20000,7.63,0
64345,2026-04-09 04:22:06,2026-04-08,1,97,181,attack,9,1,97,26,26,0.2680,0.2680,-0.0016,-0.0078,0,0,0,0,0,0,0,0,0,0,0,0,0,0,0,0,0,0x0000,ALERT,0,0,0,1,,0,,700000,107,42,1526,20000,7.63,0
64346,2026-04-09 04:22:06,2026-04-08,1,98,181,attack,9,1,98,26,26,0.2653,0.2653,-0.0014,-0.0074,0,0,0,0,0,0,0,0,0,0,0,0,0,0,0,0,0,0x0000,ALERT,0,0,0,0,,0,,700000,107,42,1526,20000,7.63,0
64347,2026-04-09 04:22:07,2026-04-08,1,99,181,shield,9,1,99,26,26,0.2626,0.2626,-0.0011,-0.0070,0,0,0,0,0,0,0,0,0,0,0,0,0,0,0,0,0,0x0000,ALERT,0,0,0,1,shield,0,,700000,107,42,1526,20000,7.63,0
64348,2026-04-09 04:22:08,2026-04-08,1,100,181,shield,9,1,100,26,28,0.2600,0.2800,-0.0009,-0.0067,0,0,0,0,0,0,0,0,0,0,0,0,0,0,0,0,0,0x0000,ALERT,0,0,0,0,,0,,700000,107,42,1526,20000,7.63,0
64349,2026-04-09 04:22:08,2026-04-08,1,101,181,attack,9,1,101,26,28,0.2574,0.2772,-0.0221,-0.0063,0,0,0,0,0,0,0,0,0,0,0,0,0,0,0,0,0,0x0000,ALERT,0,0,0,1,attack,0,,700000,107,42,1526,20000,7.63,0
64350,2026-04-09 04:22:13,2026-04-08,1,102,181,steal,9,1,102,26,28,0.2549,0.2745,-0.0217,-0.0060,0,0,0,0,0,0,0,0,0,0,0,0,0,0,0,0,0,0x0000,ALERT,0,0,0,1,steal,0,,700000,107,42,1526,20000,7.63,0
64351,2026-04-09 04:22:19,2026-04-08,1,103,181,steal,9,1,103,26,28,0.2524,0.2718,-0.0213,-0.0271,0,0,0,0,0,0,0,0,0,0,0,0,0,0,0,0,0,0x0000,ALERT,0,0,0,0,,0,,700000,107,42,1526,20000,7.63,0
64352,2026-04-09 04:22:20,2026-04-08,1,104,181,steal,9,1,104,26,28,0.2500,0.2692,-0.0208,-0.0266,0,0,0,0,0,0,0,0,0,0,0,0,0,0,0,0,0,0x0000,ALERT,0,0,0,1,,0,,700000,107,42,1526,20000,7.63,0
64353,2026-04-09 04:22:21,2026-04-08,1,105,181,steal,9,1,105,26,28,0.2476,0.2667,-0.0204,-0.0261,0,0,0,0,0,0,0,0,0,0,0,0,0,0,0,0,0,0x0000,ALERT,0,0,0,1,,0,,700000,107,42,1526,20000,7.63,0
64354,2026-04-09 04:22:21,2026-04-08,1,106,181,steal,9,1,106,26,29,0.2453,0.2736,-0.0200,-0.0256,0,0,0,0,0,0,0,0,0,0,0,0,0,0,0,0,0,0x0000,ALERT,0,0,0,0,,0,,700000,107,42,1526,20000,7.63,0
64355,2026-04-09 04:22:22,2026-04-08,1,107,181,steal,9,1,107,26,29,0.2430,0.2710,-0.0196,-0.0251,0,0,0,0,0,0,0,0,0,0,0,0,0,0,0,0,0,0x0000,ALERT,0,0,0,0,,0,,700000,107,42,1526,20000,7.63,0
64356,2026-04-09 04:22:23,2026-04-08,1,108,181,steal,9,1,108,26,29,0.2407,0.2685,-0.0193,-0.0246,0,0,0,0,0,0,0,0,0,0,0,0,0,0,0,0,0,0x0000,ALERT,0,0,0,0,,0,,700000,107,42,1526,20000,7.63,0
64357,2026-04-09 04:22:25,2026-04-08,1,109,181,steal,9,1,109,26,29,0.2385,0.2661,-0.0189,-0.0241,0,0,0,0,0,0,0,0,0,0,0,0,0,0,0,0,0,0x0000,ALERT,0,0,0,0,,0,,700000,107,42,1526,20000,7.63,0
64358,2026-04-09 04:22:26,2026-04-08,1,110,181,shield,9,1,110,26,29,0.2364,0.2636,-0.0185,-0.0236,0,0,0,0,0,0,0,0,0,0,0,0,0,0,0,0,0,0x0000,ALERT,0,0,0,1,shield,0,,700000,107,42,1526,20000,7.63,0
64359,2026-04-09 04:22:27,2026-04-08,1,111,181,shield,9,1,111,26,29,0.2342,0.2613,-0.0182,-0.0232,0,0,0,0,0,0,0,0,0,0,0,0,0,0,0,0,0,0x0000,ALERT,0,0,0,0,,0,,700000,107,42,1526,20000,7.63,0
64360,2026-04-09 04:22:29,2026-04-08,1,112,181,shield,9,1,112,26,29,0.2321,0.2589,-0.0179,-0.0228,0,0,0,0,0,0,0,0,0,0,0,0,0,0,0,0,0,0x0000,ALERT,0,0,0,1,shield,0,,700000,107,42,1526,20000,7.63,0
64361,2026-04-09 04:22:30,2026-04-08,1,113,181,shield,9,1,113,26,29,0.2301,0.2566,-0.0175,-0.0223,0,0,0,0,0,0,0,0,0,0,0,0,0,0,0,0,0,0x0000,ALERT,0,0,0,0,,0,,700000,107,42,1526,20000,7.63,0
64362,2026-04-09 04:22:31,2026-04-08,1,114,181,shield,9,1,114,26,30,0.2281,0.2632,-0.0172,-0.0219,0,0,0,0,0,0,0,0,0,0,0,0,0,0,0,0,0,0x0000,ALERT,0,0,0,0,,0,,700000,107,42,1526,20000,7.63,0
64363,2026-04-09 04:22:32,2026-04-08,1,115,181,shield,9,1,115,26,30,0.2261,0.2609,-0.0169,-0.0215,0,0,0,0,0,0,0,0,0,0,0,0,0,0,0,0,0,0x0000,ALERT,0,0,0,1,,0,,700000,107,42,1526,20000,7.63,0
64364,2026-04-09 04:22:33,2026-04-08,1,116,181,shield,9,1,116,27,30,0.2328,0.2586,-0.0080,-0.0125,0,0,0,0,0,0,0,0,0,0,0,0,0,0,0,0,0,0x0000,ALERT,0,0,0,0,,0,,700000,107,42,1527,20000,7.63,0
64365,2026-04-09 04:22:34,2026-04-08,1,117,181,attack,9,1,117,27,30,0.2308,0.2564,-0.0078,-0.0122,0,0,0,0,0,0,0,0,0,0,0,0,0,0,0,0,0,0x0000,ALERT,0,0,0,1,attack,0,,700000,107,42,1527,20000,7.63,0
64366,2026-04-09 04:22:38,2026-04-08,1,118,181,attack,9,1,118,28,30,0.2373,0.2542,0.0009,-0.0035,0,0,0,0,0,0,0,0,0,0,0,0,0,0,0,0,0,0x0000,ALERT,0,0,0,0,,0,,700000,107,42,1528,20000,7.64,0
64367,2026-04-09 04:22:39,2026-04-08,1,119,181,attack,9,1,119,28,30,0.2353,0.2521,0.0011,-0.0032,0,0,0,0,0,0,0,0,0,0,0,0,0,0,0,0,0,0x0000,ALERT,0,0,0,1,attack,0,,700000,107,42,1528,20000,7.64,0
64368,2026-04-09 04:22:44,2026-04-08,1,120,181,attack,9,1,120,29,30,0.2417,0.2500,0.0095,0.0053,0,0,0,0,0,0,0,0,0,0,0,0,0,0,0,0,0,0x0000,ALERT,0,0,0,0,,0,,700000,107,42,1529,20000,7.65,0
64369,2026-04-09 04:22:46,2026-04-08,1,121,181,shield,9,1,121,29,30,0.2397,0.2479,0.0096,0.0054,0,0,0,0,0,0,0,0,0,0,0,0,0,0,0,0,0,0x0000,ALERT,0,0,0,1,shield,0,,700000,107,42,1529,20000,7.65,0
64370,2026-04-09 04:22:47,2026-04-08,1,122,181,shield,9,1,122,29,30,0.2377,0.2459,0.0096,0.0056,0,0,0,0,0,0,0,0,0,0,0,0,0,0,0,0,0,0x0000,ALERT,0,0,0,0,,0,,700000,107,42,1529,20000,7.65,0
64371,2026-04-09 04:22:48,2026-04-08,1,123,181,attack,9,1,123,29,30,0.2358,0.2439,0.0097,0.0057,0,0,0,0,0,0,0,0,0,0,0,0,0,0,0,0,0,0x0000,ALERT,0,0,0,1,attack,0,,700000,107,42,1529,20000,7.65,0
64372,2026-04-09 04:22:52,2026-04-08,1,124,181,attack,9,1,124,30,30,0.2419,0.2419,0.0092,0.0139,0,0,0,0,0,0,0,0,0,0,0,0,0,0,0,0,0,0x0000,ALERT,0,0,0,0,,0,,700000,107,42,1530,20000,7.65,0
64373,2026-04-09 04:22:54,2026-04-08,1,125,181,attack,9,1,125,30,30,0.2400,0.2400,0.0092,0.0139,0,0,0,0,0,0,0,0,0,0,0,0,0,0,0,0,0,0x0000,ALERT,0,0,0,0,,0,,700000,107,42,1530,20000,7.65,0
64374,2026-04-09 04:22:55,2026-04-08,1,126,181,spins,9,1,126,30,33,0.2381,0.2619,0.0008,0.0053,0,0,0,0,0,0,0,0,0,0,0,0,0,0,0,0,0,0x0000,ALERT,0,0,0,1,spins,0,,700000,107,42,1530,20000,7.65,0
64375,2026-04-09 04:22:57,2026-04-08,1,127,181,spins,9,1,127,30,35,0.2362,0.2756,0.0009,0.0055,0,0,0,0,0,0,0,0,0,0,0,0,0,0,0,0,0,0x0000,ALERT,0,0,0,0,,0,,700000,107,42,1530,20000,7.65,0
64376,2026-04-09 04:22:59,2026-04-08,1,128,181,spins,9,1,128,30,36,0.2344,0.2812,-0.0073,-0.0029,0,0,0,0,0,0,0,0,0,0,0,0,0,0,0,0,0,0x0000,ALERT,0,0,0,0,,0,,700000,107,42,1530,20000,7.65,0
64377,2026-04-09 04:23:04,2026-04-08,1,129,181,spins,9,1,129,31,36,0.2403,0.2791,0.0006,0.0050,0,0,0,0,0,0,0,0,0,0,0,0,0,0,0,0,0,0x0000,ALERT,0,0,0,0,,0,,700000,107,42,1531,20000,7.66,0
64378,2026-04-09 04:23:05,2026-04-08,1,130,181,shield,9,1,130,31,36,0.2385,0.2769,0.0008,-0.0032,0,0,0,0,0,0,0,0,0,0,0,0,0,0,0,0,0,0x0000,ALERT,0,0,0,1,shield,0,,700000,107,42,1531,20000,7.66,0
64379,2026-04-09 04:23:07,2026-04-08,1,131,181,shield,9,1,131,31,36,0.2366,0.2748,0.0009,-0.0030,0,0,0,0,0,0,0,0,0,0,0,0,0,0,0,0,0,0x0000,ALERT,0,0,0,1,,0,,700000,107,42,1531,20000,7.66,0
64380,2026-04-09 04:23:08,2026-04-08,1,132,181,shield,9,1,132,31,36,0.2348,0.2727,-0.0071,-0.0029,0,0,0,0,0,0,0,0,0,0,0,0,0,0,0,0,0,0x0000,ALERT,0,0,0,0,,0,,700000,107,42,1531,20000,7.66,0
64381,2026-04-09 04:23:09,2026-04-08,1,133,181,shield,9,1,133,31,36,0.2331,0.2707,-0.0069,-0.0027,0,0,0,0,0,0,0,0,0,0,0,0,0,0,0,0,0,0x0000,ALERT,0,0,0,0,,0,,700000,107,42,1531,20000,7.66,0
64382,2026-04-09 04:23:10,2026-04-08,1,134,181,shield,9,1,134,33,36,0.2463,0.2687,0.0082,0.0043,0,0,0,0,0,0,0,0,0,0,0,0,0,0,0,0,0,0x0000,ALERT,0,0,0,0,,0,,700000,107,42,1533,20000,7.66,0
64383,2026-04-09 04:23:11,2026-04-08,1,135,181,shield,9,1,135,33,37,0.2444,0.2741,0.0082,0.0044,0,0,0,0,0,0,0,0,0,0,0,0,0,0,0,0,0,0x0000,ALERT,0,0,0,0,,0,,700000,107,42,1533,20000,7.66,0
64384,2026-04-09 04:23:14,2026-04-08,1,136,181,shield,9,1,136,33,38,0.2426,0.2794,0.0083,0.0046,0,0,0,0,0,0,0,0,0,0,0,0,0,0,0,0,0,0x0000,ALERT,0,0,0,0,,0,,700000,107,42,1533,20000,7.66,0
64385,2026-04-09 04:23:17,2026-04-08,1,137,181,shield,9,1,137,33,38,0.2409,0.2774,0.0006,0.0047,0,0,0,0,0,0,0,0,0,0,0,0,0,0,0,0,0,0x0000,ALERT,0,0,0,1,,0,,700000,107,42,1533,20000,7.66,0
64386,2026-04-09 04:23:19,2026-04-08,1,138,181,shield,9,1,138,33,38,0.2391,0.2754,0.0007,0.0048,0,0,0,0,0,0,0,0,0,0,0,0,0,0,0,0,0,0x0000,ALERT,0,0,0,0,,0,,700000,107,42,1533,20000,7.66,0
64387,2026-04-09 04:23:20,2026-04-08,1,139,181,shield,9,1,139,33,38,0.2374,0.2734,0.0008,-0.0029,0,0,0,0,0,0,0,0,0,0,0,0,0,0,0,0,0,0x0000,ALERT,0,0,0,1,,0,,700000,107,42,1533,20000,7.66,0
64388,2026-04-09 04:23:21,2026-04-08,1,140,181,shield,9,1,140,33,38,0.2357,0.2714,0.0009,-0.0027,0,0,0,0,0,0,0,0,0,0,0,0,0,0,0,0,0,0x0000,ALERT,0,0,0,0,,0,,700000,107,42,1533,20000,7.66,0
64389,2026-04-09 04:23:22,2026-04-08,1,141,181,shield,9,1,141,33,39,0.2340,0.2766,0.0010,-0.0026,0,0,0,0,0,0,0,0,0,0,0,0,0,0,0,0,0,0x0000,ALERT,0,0,0,0,,0,,700000,107,42,1533,20000,7.66,0
64390,2026-04-09 04:23:23,2026-04-08,1,142,181,shield,9,1,142,33,39,0.2324,0.2746,-0.0139,-0.0025,0,0,0,0,0,0,0,0,0,0,0,0,0,0,0,0,0,0x0000,ALERT,0,0,0,1,,0,,700000,107,42,1533,20000,7.66,0
64391,2026-04-09 04:23:27,2026-04-08,1,143,181,shield,9,400,143,33,39,0.2308,0.2727,-0.0137,-0.0023,0,0,0,0,0,0,0,0,0,0,0,0,0,0,0,0,0,0x0000,ALERT,0,0,0,0,,0,,700000,107,42,1533,20000,7.66,0
64392,2026-04-09 04:23:28,2026-04-08,1,144,181,shield,9,400,144,34,39,0.2361,0.2708,-0.0065,-0.0102,0,0,0,0,0,0,0,0,0,0,0,0,0,0,0,0,0,0x0000,ALERT,0,0,0,0,,0,,700000,107,42,1933,20000,9.66,0
64393,2026-04-09 04:23:29,2026-04-08,1,145,181,shield,9,400,145,34,39,0.2345,0.2690,-0.0064,-0.0100,0,0,0,0,0,0,0,0,0,0,0,0,0,0,0,0,0,0x0000,ALERT,0,0,0,0,,0,,700000,107,42,1933,20000,9.66,0
64394,2026-04-09 04:23:30,2026-04-08,1,146,181,shield,9,400,146,35,39,0.2397,0.2671,0.0006,-0.0029,0,0,0,0,0,0,0,0,0,0,0,0,0,0,0,0,0,0x0000,ALERT,0,0,0,0,,0,,700000,107,42,2333,20000,11.67,0
64395,2026-04-09 04:51:07,2026-04-08,1,147,181,shield,9,1,147,35,40,0.2381,0.2721,0.0007,-0.0028,0,0,0,0,0,0,0,0,0,0,0,0,0,0,0,0,0,0x0000,ALERT,0,0,0,0,,0,,700000,107,42,2333,20000,11.67,0
64396,2026-04-09 04:51:08,2026-04-08,1,148,181,attack,9,1,148,35,40,0.2365,0.2703,0.0008,-0.0026,0,0,0,0,0,0,0,0,0,0,0,0,0,0,0,0,0,0x0000,ALERT,0,0,0,1,attack,0,,700000,107,42,2333,20000,11.67,0
64397,2026-04-09 04:51:43,2026-04-08,1,149,181,attack,9,1,149,35,42,0.2349,0.2819,0.0009,-0.0025,0,0,0,0,0,0,0,0,0,0,0,0,0,0,0,0,0,0x0000,ALERT,0,0,0,0,,0,,700000,107,42,2333,20000,11.67,0
64398,2026-04-09 04:51:44,2026-04-08,1,150,181,attack,9,1,150,35,42,0.2333,0.2800,0.0009,-0.0024,0,0,0,0,0,0,0,0,0,0,0,0,0,0,0,0,0,0x0000,ALERT,0,0,0,1,,0,,700000,107,42,2333,20000,11.67,0
64399,2026-04-09 04:51:45,2026-04-08,1,151,181,attack,9,1,151,35,42,0.2318,0.2781,0.0010,-0.0023,0,0,0,0,0,0,0,0,0,0,0,0,0,0,0,0,0,0x0000,ALERT,0,0,0,1,,0,,700000,107,42,2333,20000,11.67,0
64400,2026-04-09 04:51:46,2026-04-08,1,152,181,attack,9,1,152,35,43,0.2303,0.2829,-0.0058,-0.0021,0,0,0,0,0,0,0,0,0,0,0,0,0,0,0,0,0,0x0000,ALERT,0,0,0,0,,0,,700000,107,42,2333,20000,11.67,0
64401,2026-04-09 04:51:47,2026-04-08,1,153,181,attack,9,1,153,35,43,0.2288,0.2810,-0.0057,-0.0020,0,0,0,0,0,0,0,0,0,0,0,0,0,0,0,0,0,0x0000,ALERT,0,0,0,1,attack,0,,700000,107,42,2333,20000,11.67,0
64402,2026-04-09 04:51:51,2026-04-08,1,154,181,attack,9,1,154,35,43,0.2273,0.2792,-0.0125,-0.0088,0,0,0,0,0,0,0,0,0,0,0,0,0,0,0,0,0,0x0000,ALERT,0,0,0,0,,0,,700000,107,42,2333,20000,11.67,0
64403,2026-04-09 04:51:52,2026-04-08,1,155,181,attack,9,1,155,35,44,0.2258,0.2839,-0.0123,-0.0087,0,0,0,0,0,0,0,0,0,0,0,0,0,0,0,0,0,0x0000,ALERT,0,0,0,0,,0,,700000,107,42,2333,20000,11.67,0
64404,2026-04-09 04:51:57,2026-04-08,1,156,181,attack,9,1,156,36,44,0.2308,0.2821,-0.0057,-0.0090,0,0,0,0,0,0,0,0,0,0,0,0,0,0,0,0,0,0x0000,ALERT,0,0,0,0,,0,,700000,107,42,2334,20000,11.67,0
64405,2026-04-09 04:51:59,2026-04-08,1,157,181,attack,9,1,157,36,44,0.2293,0.2803,-0.0056,-0.0088,0,0,0,0,0,0,0,0,0,0,0,0,0,0,0,0,0,0x0000,ALERT,0,0,0,0,,0,,700000,107,42,2334,20000,11.67,0
64406,2026-04-09 04:52:00,2026-04-08,1,158,181,attack,9,1,158,36,45,0.2278,0.2848,-0.0055,-0.0086,0,0,0,0,0,0,0,0,0,0,0,0,0,0,0,0,0,0x0000,ALERT,0,0,0,0,,0,,700000,107,42,2334,20000,11.67,0
64407,2026-04-09 04:52:01,2026-04-08,1,159,181,attack,9,1,159,36,46,0.2264,0.2893,-0.0054,-0.0085,0,0,0,0,0,0,0,0,0,0,0,0,0,0,0,0,0,0x0000,ALERT,0,0,0,0,,0,,700000,107,42,2334,20000,11.67,0
64408,2026-04-09 04:52:04,2026-04-08,1,160,181,attack,9,1,160,36,46,0.2250,0.2875,-0.0053,-0.0083,0,0,0,0,0,0,0,0,0,0,0,0,0,0,0,0,0,0x0000,ALERT,0,0,0,0,,0,,700000,107,42,2334,20000,11.67,0
64409,2026-04-09 04:52:05,2026-04-08,1,161,181,attack,9,1,161,36,47,0.2236,0.2919,-0.0052,-0.0082,0,0,0,0,0,0,0,0,0,0,0,0,0,0,0,0,0,0x0000,ALERT,0,0,0,0,,0,,700000,107,42,2334,20000,11.67,0
64410,2026-04-09 04:52:06,2026-04-08,1,162,162,accumulation,9,1,0,0,0,0.0000,0.0000,0.0000,0.0000,0,0,0,0,0,0,0,0,0,0,0,0,0,0,0,0,0,0x0000,WAIT,0,0,0,1,accumulation,0,,700000,107,42,2344,20000,11.72,0
64411,2026-04-09 04:52:07,2026-04-08,2,1,162,accumulation,9,1,1,0,1,0.0000,1.0000,0.0000,0.0000,0,0,0,0,0,0,0,0,0,0,0,0,0,0,0,0,0,0x0000,WAIT,0,0,0,0,,0,,700000,107,42,2344,20000,11.72,0
64412,2026-04-09 04:52:08,2026-04-08,2,2,162,accumulation,9,1,2,1,1,0.5000,0.5000,0.0000,0.0000,0,0,0,0,0,0,0,0,0,0,0,0,0,0,0,0,0,0x0000,WAIT,0,0,0,0,,0,,700000,107,42,2345,20000,11.72,0
64413,2026-04-09 04:52:09,2026-04-08,2,3,162,accumulation,9,1,3,1,1,0.3333,0.3333,0.0000,0.0000,0,0,0,0,0,0,0,0,0,0,0,0,0,0,0,0,0,0x0000,WAIT,0,0,0,1,,0,,700000,107,42,2345,20000,11.72,0
64414,2026-04-09 04:52:10,2026-04-08,2,4,162,accumulation,9,1,4,2,1,0.5000,0.2500,0.0000,0.0000,0,0,0,0,0,0,0,0,0,0,0,0,0,0,0,0,0,0x0000,WAIT,0,0,0,0,,0,,700000,107,42,2346,20000,11.73,0
64415,2026-04-09 04:52:11,2026-04-08,2,5,162,accumulation,9,1,5,4,1,0.8000,0.2000,0.0000,0.0000,0,0,0,0,0,0,0,0,0,0,0,0,0,0,0,0,0,0x0000,WAIT,0,0,0,0,,0,,700000,107,42,2348,20000,11.74,0
64416,2026-04-09 04:52:13,2026-04-08,2,6,162,accumulation,9,1,6,6,1,1.0000,0.1667,0.0000,0.0000,0,0,0,0,0,0,0,0,0,0,0,0,0,0,0,0,0,0x0000,WAIT,0,0,0,0,,0,,700000,107,42,2350,20000,11.75,0
64417,2026-04-09 04:52:14,2026-04-08,2,7,162,accumulation,9,1,7,6,3,0.8571,0.4286,0.0000,0.0000,0,0,0,0,0,0,0,0,0,0,0,0,0,0,0,0,0,0x0000,WAIT,0,0,0,0,,0,,700000,107,42,2350,20000,11.75,0
64418,2026-04-09 04:52:14,2026-04-08,2,8,162,accumulation,9,1,8,6,3,0.7500,0.3750,0.0000,0.0000,0,0,0,0,0,0,0,0,0,0,0,0,0,0,0,0,0,0x0000,WAIT,0,0,0,0,,0,,700000,107,42,2350,20000,11.75,0
64419,2026-04-09 04:52:15,2026-04-08,2,9,162,accumulation,9,1,9,6,3,0.6667,0.3333,0.6667,0.0000,0,0,0,0,0,0,0,0,0,0,0,0,0,0,0,0,0,0x0000,WAIT,0,0,0,1,,0,,700000,107,42,2350,20000,11.75,0
64420,2026-04-09 04:52:16,2026-04-08,2,10,162,accumulation,9,1,10,8,3,0.8000,0.3000,0.3000,0.0000,0,0,0,0,0,0,0,0,0,0,0,0,0,0,0,0,0,0x0000,WAIT,0,0,0,0,,0,,700000,107,42,2352,20000,11.76,0
64421,2026-04-09 04:52:17,2026-04-08,2,11,162,accumulation,9,1,11,8,3,0.7273,0.2727,0.3939,0.7273,0,0,0,0,0,0,0,0,0,0,0,0,0,0,0,0,0,0x0000,WAIT,0,0,0,0,,0,,700000,107,42,2352,20000,11.76,0
64422,2026-04-09 04:52:18,2026-04-08,2,12,162,shield,9,1,12,8,3,0.6667,0.2500,0.1667,0.1667,0,0,0,0,0,0,0,0,0,0,0,0,0,0,0,0,0,0x0000,WAIT,0,0,0,1,shield,0,,700000,107,42,2352,20000,11.76,0
64423,2026-04-09 04:52:20,2026-04-08,2,13,162,shield,9,1,13,8,4,0.6154,0.3077,-0.1846,0.2821,0,0,0,0,0,0,0,0,0,0,0,0,0,0,0,0,0,0x0000,WAIT,0,0,0,0,,0,,700000,107,42,2352,20000,11.76,0
64424,2026-04-09 04:52:20,2026-04-08,2,14,162,shield,9,1,14,10,4,0.7143,0.2857,-0.2857,0.2143,0,0,0,0,0,0,0,0,0,0,0,0,0,0,0,0,0,0x0000,WAIT,0,0,0,0,,0,,700000,107,42,2354,20000,11.77,0
64425,2026-04-09 04:52:22,2026-04-08,2,15,162,shield,9,1,15,11,4,0.7333,0.2667,-0.1238,-0.0667,0,0,0,0,0,0,0,0,0,0,0,0,0,0,0,0,0,0x0000,WAIT,0,0,0,0,,0,,700000,107,42,2355,20000,11.77,0
64426,2026-04-09 04:52:23,2026-04-08,2,16,162,attack,9,1,16,11,4,0.6875,0.2500,-0.0625,-0.3125,0,0,0,0,0,0,0,0,0,0,0,0,0,0,0,0,0,0x0000,WAIT,0,0,0,1,attack,0,,700000,107,42,2355,20000,11.77,0
64427,2026-04-09 04:52:27,2026-04-08,2,17,162,attack,9,1,17,13,4,0.7647,0.2353,0.0980,-0.0924,0,0,0,0,0,0,0,0,0,0,0,0,0,0,0,0,0,0x0000,WAIT,0,0,0,0,,0,,700000,107,42,2357,20000,11.79,0
64428,2026-04-09 04:52:29,2026-04-08,2,18,162,attack,9,1,18,13,4,0.7222,0.2222,-0.0778,-0.0278,0,0,0,0,0,0,0,0,0,0,0,0,0,0,0,0,0,0x0000,WAIT,0,0,0,0,,0,,700000,107,42,2357,20000,11.79,0
64429,2026-04-09 04:52:29,2026-04-08,2,19,162,attack,9,1,19,13,4,0.6842,0.2105,-0.0431,0.0175,0,0,0,0,0,0,0,0,0,0,0,0,0,0,0,0,0,0x0000,WAIT,0,0,0,1,attack,0,,700000,107,42,2357,20000,11.79,0
64430,2026-04-09 04:52:33,2026-04-08,2,20,162,attack,9,1,20,13,4,0.6500,0.2000,-0.0167,-0.1500,0,0,0,0,0,0,0,0,0,0,0,0,0,0,0,0,0,0x0000,WAIT,0,0,0,0,,0,,700000,107,42,2357,20000,11.79,0
64431,2026-04-09 04:52:34,2026-04-08,2,21,162,attack,9,1,21,14,4,0.6667,0.1905,0.0513,-0.0606,0,0,0,0,0,0,0,0,0,0,0,0,0,0,0,0,0,0x0000,WAIT,0,0,0,0,,0,,700000,107,42,2358,20000,11.79,0
64432,2026-04-09 04:52:35,2026-04-08,2,22,162,attack,9,1,22,15,4,0.6818,0.1818,-0.0325,0.0152,0,0,0,0,0,0,0,0,0,0,0,0,0,0,0,0,0,0x0000,WAIT,0,0,0,0,,0,,700000,107,42,2359,20000,11.79,0
64433,2026-04-09 04:52:36,2026-04-08,2,23,162,attack,9,1,23,15,4,0.6522,0.1739,-0.0812,0.0368,0,0,0,0,0,0,0,0,0,0,0,0,0,0,0,0,0,0x0000,WAIT,0,0,0,0,,0,,700000,107,42,2359,20000,11.79,0
64434,2026-04-09 04:52:37,2026-04-08,2,24,162,attack,9,1,24,15,5,0.6250,0.2083,-0.0625,-0.0893,0,0,0,0,0,0,0,0,0,0,0,0,0,0,0,0,0,0x0000,WAIT,0,0,0,0,,0,,700000,107,42,2359,20000,11.79,0
64435,2026-04-09 04:52:37,2026-04-08,2,25,162,attack,9,1,25,15,5,0.6000,0.2000,-0.1647,-0.1333,0,0,0,0,0,0,0,0,0,0,0,0,0,0,0,0,0,0x0000,WAIT,0,0,0,1,,0,,700000,107,42,2359,20000,11.79,0
64436,2026-04-09 04:52:38,2026-04-08,2,26,162,attack,9,1,26,15,5,0.5769,0.1923,-0.1453,-0.1106,0,0,0,0,0,0,0,0,0,0,0,0,0,0,0,0,0,0x0000,WAIT,0,0,0,0,,0,,700000,107,42,2359,20000,11.79,0
64437,2026-04-09 04:52:39,2026-04-08,2,27,162,shield,9,1,27,15,5,0.5556,0.1852,-0.1287,-0.2092,0,0,0,0,0,0,0,0,0,0,0,0,0,0,0,0,0,0x0000,WAIT,0,0,0,1,shield,0,,700000,107,42,2359,20000,11.79,0
64438,2026-04-09 04:52:40,2026-04-08,2,28,162,shield,9,1,28,15,6,0.5357,0.2143,-0.1143,-0.1865,0,0,0,0,0,0,0,0,0,0,0,0,0,0,0,0,0,0x0000,WAIT,0,0,0,0,,0,,700000,107,42,2359,20000,11.79,0
64439,2026-04-09 04:52:40,2026-04-08,2,29,162,shield,9,1,29,15,6,0.5172,0.2069,-0.1494,-0.1670,0,0,0,0,0,0,0,0,0,0,0,0,0,0,0,0,0,0x0000,WAIT,0,0,0,1,,0,,700000,107,42,2359,20000,11.79,0
64440,2026-04-09 04:52:41,2026-04-08,2,30,162,shield,9,1,30,15,6,0.5000,0.2000,-0.1818,-0.1500,0,0,0,0,0,0,0,0,0,0,0,0,0,0,0,0,0,0x0000,WAIT,0,0,0,1,shield,0,,700000,107,42,2359,20000,11.79,0
64441,2026-04-09 04:52:42,2026-04-08,2,31,162,shield,9,1,31,16,6,0.5161,0.1935,-0.1360,-0.1505,0,0,0,0,0,0,0,0,0,0,0,0,0,0,0,0,0,0x0000,WAIT,0,0,0,0,,0,,700000,107,42,2360,20000,11.80,0
64442,2026-04-09 04:52:43,2026-04-08,2,32,162,shield,9,1,32,16,6,0.5000,0.1875,-0.1250,-0.1818,0,0,0,0,0,0,0,0,0,0,0,0,0,0,0,0,0,0x0000,WAIT,0,0,0,0,,0,,700000,107,42,2360,20000,11.80,0
64443,2026-04-09 04:52:44,2026-04-08,2,33,162,shield,9,1,33,16,6,0.4848,0.1818,-0.1152,-0.1673,0,0,0,0,0,0,0,0,0,0,0,0,0,0,0,0,0,0x0000,WAIT,0,0,0,0,,0,,700000,107,42,2360,20000,11.80,0
64444,2026-04-09 04:52:44,2026-04-08,2,34,162,shield,9,1,34,16,6,0.4706,0.1765,-0.1063,-0.1544,0,0,0,0,0,0,0,0,0,0,0,0,0,0,0,0,0,0x0000,WAIT,0,0,0,0,,0,,700000,107,42,2360,20000,11.80,0
64445,2026-04-09 04:52:45,2026-04-08,2,35,162,shield,9,1,35,17,6,0.4857,0.1714,-0.0698,-0.1143,0,0,0,0,0,0,0,0,0,0,0,0,0,0,0,0,0,0x0000,SOON,0,0,0,0,,0,,700000,107,42,2361,20000,11.80,0
64446,2026-04-09 04:52:46,2026-04-08,2,36,162,shield,9,1,36,17,6,0.4722,0.1667,-0.0635,-0.1047,0,0,0,0,0,0,0,0,0,0,0,0,0,0,0,0,0,0x0000,SOON,0,0,0,0,,0,,700000,107,42,2361,20000,11.80,0
64447,2026-04-09 04:52:47,2026-04-08,2,37,162,shield,9,1,37,17,6,0.4595,0.1622,-0.0578,-0.0961,0,0,0,0,0,0,0,0,0,0,0,0,0,0,0,0,0,0x0000,SOON,0,0,0,1,,0,,700000,107,42,2361,20000,11.80,0
64448,2026-04-09 04:52:47,2026-04-08,2,38,162,shield,9,1,38,17,8,0.4474,0.2105,-0.0526,-0.0883,0,0,0,0,0,0,0,0,0,0,0,0,0,0,0,0,0,0x0000,SOON,0,0,0,0,,0,,700000,107,42,2361,20000,11.80,0
64449,2026-04-09 04:52:48,2026-04-08,2,39,162,shield,9,1,39,17,8,0.4359,0.2051,-0.0802,-0.0813,0,0,0,0,0,0,0,0,0,0,0,0,0,0,0,0,0,0x0000,SOON,0,0,0,0,,0,,700000,107,42,2361,20000,11.80,0
64450,2026-04-09 04:52:49,2026-04-08,2,40,162,shield,9,1,40,17,9,0.4250,0.2250,-0.0750,-0.0750,0,0,0,0,0,0,0,0,0,0,0,0,0,0,0,0,0,0x0000,SOON,0,0,0,0,,0,,700000,107,42,2361,20000,11.80,0
64451,2026-04-09 04:52:49,2026-04-08,2,41,162,shield,9,1,41,17,10,0.4146,0.2439,-0.0702,-0.1015,0,0,0,0,0,0,0,0,0,0,0,0,0,0,0,0,0,0x0000,SOON,0,0,0,0,,0,,700000,107,42,2361,20000,11.80,0
64452,2026-04-09 04:52:50,2026-04-08,2,42,162,spins,9,1,42,17,13,0.4048,0.3095,-0.0658,-0.0952,0,0,0,0,0,0,0,0,0,0,0,0,0,0,0,0,0,0x0000,SOON,0,0,0,1,spins,0,,700000,107,42,2361,20000,11.80,0
64453,2026-04-09 04:52:51,2026-04-08,2,43,162,steal,9,1,43,17,13,0.3953,0.3023,-0.0904,-0.0895,0,0,0,0,0,0,0,0,0,0,0,0,0,0,0,0,0,0x0000,SOON,0,0,0,1,steal,0,,700000,107,42,2361,20000,11.80,0
64454,2026-04-09 04:53:13,2026-04-08,2,44,162,steal,9,1,44,17,13,0.3864,0.2955,-0.0859,-0.0842,0,0,0,0,0,0,0,0,0,0,0,0,0,0,0,0,0,0x0000,SOON,0,0,0,1,,0,,700000,107,42,2361,20000,11.80,0
64455,2026-04-09 04:53:14,2026-04-08,2,45,162,attack,9,1,45,17,13,0.3778,0.2889,-0.0817,-0.1079,0,0,0,0,0,0,0,0,0,0,0,0,0,0,0,0,0,0x0000,SOON,0,0,0,1,attack,0,,700000,107,42,2361,20000,11.80,0
64456,2026-04-09 04:55:49,2026-04-08,2,46,162,attack,9,1,46,18,13,0.3913,0.2826,-0.0561,-0.0809,0,0,0,0,0,0,0,0,0,0,0,0,0,0,0,0,0,0x0000,SOON,0,0,0,0,,0,,700000,107,42,2362,20000,11.81,0
64457,2026-04-09 04:55:50,2026-04-08,2,47,162,attack,9,1,47,18,13,0.3830,0.2766,-0.0529,-0.0765,0,0,0,0,0,0,0,0,0,0,0,0,0,0,0,0,0,0x0000,SOON,0,0,0,1,,0,,700000,107,42,2362,20000,11.81,0
64458,2026-04-09 04:55:51,2026-04-08,2,48,162,attack,9,1,48,18,13,0.3750,0.2708,-0.0500,-0.0724,0,0,0,0,0,0,0,0,0,0,0,0,0,0,0,0,0,0x0000,SOON,0,0,0,0,,0,,700000,107,42,2362,20000,11.81,0
64459,2026-04-09 04:55:52,2026-04-08,2,49,162,attack,9,1,49,18,13,0.3673,0.2653,-0.0473,-0.0686,0,0,0,0,0,0,0,0,0,0,0,0,0,0,0,0,0,0x0000,SOON,0,0,0,0,,0,,700000,107,42,2362,20000,11.81,0
64460,2026-04-09 04:55:52,2026-04-08,2,50,162,attack,9,1,50,18,13,0.3600,0.2600,-0.0448,-0.0650,0,0,0,0,0,0,0,0,0,0,0,0,0,0,0,0,0,0x0000,SOON,0,0,0,0,,0,,700000,107,42,2362,20000,11.81,0
64461,2026-04-09 04:55:53,2026-04-08,2,51,162,attack,9,1,51,20,13,0.3922,0.2549,-0.0032,-0.0225,0,0,0,0,0,0,0,0,0,0,0,0,0,0,0,0,0,0x0000,SOON,0,0,0,0,,0,,700000,107,42,2364,20000,11.82,0
64462,2026-04-09 04:55:54,2026-04-08,2,52,162,attack,9,1,52,20,13,0.3846,0.2500,-0.0017,-0.0201,0,0,0,0,0,0,0,0,0,0,0,0,0,0,0,0,0,0x0000,SOON,0,0,0,0,,0,,700000,107,42,2364,20000,11.82,0
64463,2026-04-09 04:55:55,2026-04-08,2,53,162,attack,9,1,53,22,13,0.4151,0.2453,0.0373,0.0197,0,0,0,0,0,0,0,0,0,0,0,0,0,0,0,0,0,0x0000,SOON,0,0,0,0,,0,,700000,107,42,2366,20000,11.83,0
64464,2026-04-09 04:55:58,2026-04-08,2,54,162,attack,9,1,54,23,13,0.4259,0.2407,0.0346,0.0396,0,0,0,0,0,0,0,0,0,0,0,0,0,0,0,0,0,0x0000,SOON,0,0,0,0,,0,,700000,107,42,2367,20000,11.83,0
64465,2026-04-09 04:56:01,2026-04-08,2,55,162,steal,9,1,55,23,13,0.4182,0.2364,0.0352,0.0404,0,0,0,0,0,0,0,0,0,0,0,0,0,0,0,0,0,0x0000,SOON,0,0,0,1,steal,0,,700000,107,42,2367,20000,11.83,0
64466,2026-04-09 04:56:07,2026-04-08,2,56,162,steal,9,1,56,23,13,0.4107,0.2321,0.0357,0.0194,0,0,0,0,0,0,0,0,0,0,0,0,0,0,0,0,0,0x0000,SOON,0,0,0,1,steal,0,,700000,107,42,2367,20000,11.83,0
64467,2026-04-09 04:56:14,2026-04-08,2,57,162,steal,9,1,57,23,14,0.4035,0.2456,0.0362,0.0205,0,0,0,0,0,0,0,0,0,0,0,0,0,0,0,0,0,0x0000,SOON,0,0,0,0,,0,,700000,107,42,2367,20000,11.83,0
64468,2026-04-09 04:56:15,2026-04-08,2,58,162,steal,9,1,58,23,14,0.3966,0.2414,0.0366,0.0216,0,0,0,0,0,0,0,0,0,0,0,0,0,0,0,0,0,0x0000,SOON,0,0,0,1,,0,,700000,107,42,2367,20000,11.83,0
64469,2026-04-09 04:56:15,2026-04-08,2,59,162,steal,9,1,59,23,14,0.3898,0.2373,-0.0023,0.0225,0,0,0,0,0,0,0,0,0,0,0,0,0,0,0,0,0,0x0000,SOON,0,0,0,0,,0,,700000,107,42,2367,20000,11.83,0
64470,2026-04-09 04:56:16,2026-04-08,2,60,162,steal,9,1,60,23,14,0.3833,0.2333,-0.0013,0.0233,0,0,0,0,0,0,0,0,0,0,0,0,0,0,0,0,0,0x0000,ALERT,0,0,0,0,,0,,700000,107,42,2367,20000,11.83,0
64471,2026-04-09 04:56:17,2026-04-08,2,61,162,steal,9,1,61,24,14,0.3934,0.2295,-0.0217,0.0013,0,0,0,0,0,0,0,0,0,0,0,0,0,0,0,0,0,0x0000,ALERT,0,0,0,0,,0,,700000,107,42,2368,20000,11.84,0
64472,2026-04-09 04:56:18,2026-04-08,2,62,162,steal,9,1,62,24,15,0.3871,0.2419,-0.0388,0.0025,0,0,0,0,0,0,0,0,0,0,0,0,0,0,0,0,0,0x0000,ALERT,0,0,0,0,,0,,700000,107,42,2368,20000,11.84,0
64473,2026-04-09 04:56:18,2026-04-08,2,63,162,steal,9,1,63,24,15,0.3810,0.2381,-0.0372,-0.0341,0,0,0,0,0,0,0,0,0,0,0,0,0,0,0,0,0,0x0000,ALERT,0,0,0,0,,0,,700000,107,42,2368,20000,11.84,0
64474,2026-04-09 04:56:19,2026-04-08,2,64,162,steal,9,1,64,24,15,0.3750,0.2344,-0.0357,-0.0509,0,0,0,0,0,0,0,0,0,0,0,0,0,0,0,0,0,0x0000,ALERT,0,0,0,0,,0,,700000,107,42,2368,20000,11.84,0
64475,2026-04-09 04:56:20,2026-04-08,2,65,162,attack,9,1,65,24,15,0.3692,0.2308,-0.0343,-0.0490,0,0,0,0,0,0,0,0,0,0,0,0,0,0,0,0,0,0x0000,ALERT,0,0,0,1,attack,0,,700000,107,42,2368,20000,11.84,0
64476,2026-04-09 04:56:27,2026-04-08,2,66,162,shield,9,1,66,24,15,0.3636,0.2273,-0.0329,-0.0471,0,0,0,0,0,0,0,0,0,0,0,0,0,0,0,0,0,0x0000,ALERT,0,0,0,1,shield,0,,700000,107,42,2368,20000,11.84,0
64477,2026-04-09 04:56:28,2026-04-08,2,67,162,shield,9,1,67,24,16,0.3582,0.2388,-0.0316,-0.0453,0,0,0,0,0,0,0,0,0,0,0,0,0,0,0,0,0,0x0000,ALERT,0,0,0,0,,0,,700000,107,42,2368,20000,11.84,0
64478,2026-04-09 04:56:28,2026-04-08,2,68,162,shield,9,1,68,24,16,0.3529,0.2353,-0.0304,-0.0436,0,0,0,0,0,0,0,0,0,0,0,0,0,0,0,0,0,0x0000,ALERT,0,0,0,1,,0,,700000,107,42,2368,20000,11.84,0
64479,2026-04-09 04:56:29,2026-04-08,2,69,162,attack,9,1,69,24,16,0.3478,0.2319,-0.0456,-0.0420,0,0,0,0,0,0,0,0,0,0,0,0,0,0,0,0,0,0x0000,ALERT,0,0,0,1,attack,0,,700000,107,42,2368,20000,11.84,0
64480,2026-04-09 04:56:33,2026-04-08,2,70,162,attack,9,1,70,24,16,0.3429,0.2286,-0.0442,-0.0405,0,0,0,0,0,0,0,0,0,0,0,0,0,0,0,0,0,0x0000,ALERT,0,0,0,1,,0,,700000,107,42,2368,20000,11.84,0
64481,2026-04-09 04:56:34,2026-04-08,2,71,162,attack,9,1,71,24,17,0.3380,0.2394,-0.0429,-0.0554,0,0,0,0,0,0,0,0,0,0,0,0,0,0,0,0,0,0x0000,ALERT,0,0,0,0,,0,,700000,107,42,2368,20000,11.84,0
64482,2026-04-09 04:56:35,2026-04-08,2,72,162,attack,9,1,72,24,17,0.3333,0.2361,-0.0417,-0.0538,0,0,0,0,0,0,0,0,0,0,0,0,0,0,0,0,0,0x0000,ALERT,0,0,0,0,,0,,700000,107,42,2368,20000,11.84,0
64483,2026-04-09 04:56:35,2026-04-08,2,73,162,attack,9,1,73,25,17,0.3425,0.2329,-0.0268,-0.0385,0,0,0,0,0,0,0,0,0,0,0,0,0,0,0,0,0,0x0000,ALERT,0,0,0,0,,0,,700000,107,42,2369,20000,11.85,0
64484,2026-04-09 04:56:36,2026-04-08,2,74,162,attack,9,1,74,26,17,0.3514,0.2297,-0.0123,-0.0236,0,0,0,0,0,0,0,0,0,0,0,0,0,0,0,0,0,0x0000,ALERT,0,0,0,0,,0,,700000,107,42,2370,20000,11.85,0
64485,2026-04-09 04:56:38,2026-04-08,2,75,162,attack,9,1,75,26,17,0.3467,0.2267,-0.0115,-0.0226,0,0,0,0,0,0,0,0,0,0,0,0,0,0,0,0,0,0x0000,ALERT,0,0,0,0,,0,,700000,107,42,2370,20000,11.85,0
64486,2026-04-09 04:56:38,2026-04-08,2,76,162,attack,9,1,76,26,17,0.3421,0.2237,-0.0108,-0.0215,0,0,0,0,0,0,0,0,0,0,0,0,0,0,0,0,0,0x0000,ALERT,0,0,0,1,,0,,700000,107,42,2370,20000,11.85,0
64487,2026-04-09 04:56:39,2026-04-08,2,77,162,attack,9,1,77,26,17,0.3377,0.2208,-0.0102,-0.0205,0,0,0,0,0,0,0,0,0,0,0,0,0,0,0,0,0,0x0000,ALERT,0,0,0,1,,0,,700000,107,42,2370,20000,11.85,0
64488,2026-04-09 04:56:40,2026-04-08,2,78,162,attack,9,1,78,26,17,0.3333,0.2179,-0.0095,-0.0196,0,0,0,0,0,0,0,0,0,0,0,0,0,0,0,0,0,0x0000,ALERT,0,0,0,0,,0,,700000,107,42,2370,20000,11.85,0
64489,2026-04-09 04:56:41,2026-04-08,2,79,162,attack,9,1,79,27,17,0.3418,0.2152,0.0037,-0.0061,0,0,0,0,0,0,0,0,0,0,0,0,0,0,0,0,0,0x0000,ALERT,0,0,0,0,,0,,700000,107,42,2371,20000,11.86,0
64490,2026-04-09 04:56:42,2026-04-08,2,80,162,attack,9,1,80,27,17,0.3375,0.2125,0.0042,-0.0054,0,0,0,0,0,0,0,0,0,0,0,0,0,0,0,0,0,0x0000,ALERT,0,0,0,0,,0,,700000,107,42,2371,20000,11.86,0
64491,2026-04-09 04:56:42,2026-04-08,2,81,162,attack,9,1,81,28,17,0.3457,0.2099,0.0032,0.0077,0,0,0,0,0,0,0,0,0,0,0,0,0,0,0,0,0,0x0000,ALERT,0,0,0,0,,0,,700000,107,42,2372,20000,11.86,0
64492,2026-04-09 04:56:44,2026-04-08,2,82,162,attack,9,1,82,28,19,0.3415,0.2317,-0.0099,0.0081,0,0,0,0,0,0,0,0,0,0,0,0,0,0,0,0,0,0x0000,ALERT,0,0,0,0,,0,,700000,107,42,2372,20000,11.86,0
64493,2026-04-09 04:56:45,2026-04-08,2,83,162,attack,9,1,83,28,20,0.3373,0.2410,-0.0093,-0.0051,0,0,0,0,0,0,0,0,0,0,0,0,0,0,0,0,0,0x0000,ALERT,0,0,0,0,,0,,700000,107,42,2372,20000,11.86,0
64494,2026-04-09 04:56:46,2026-04-08,2,84,162,attack,9,1,84,28,20,0.3333,0.2381,-0.0088,-0.0180,0,0,0,0,0,0,0,0,0,0,0,0,0,0,0,0,0,0x0000,ALERT,0,0,0,1,,0,,700000,107,42,2372,20000,11.86,0
64495,2026-04-09 04:56:46,2026-04-08,2,85,162,attack,9,1,85,28,21,0.3294,0.2471,-0.0083,-0.0173,0,0,0,0,0,0,0,0,0,0,0,0,0,0,0,0,0,0x0000,ALERT,0,0,0,0,,0,,700000,107,42,2372,20000,11.86,0
64496,2026-04-09 04:56:47,2026-04-08,2,86,162,attack,9,1,86,29,21,0.3372,0.2442,0.0039,-0.0049,0,0,0,0,0,0,0,0,0,0,0,0,0,0,0,0,0,0x0000,ALERT,0,0,0,0,,0,,700000,107,42,2373,20000,11.87,0
64497,2026-04-09 04:56:48,2026-04-08,2,87,162,attack,9,1,87,30,21,0.3448,0.2414,0.0031,0.0072,0,0,0,0,0,0,0,0,0,0,0,0,0,0,0,0,0,0x0000,ALERT,0,0,0,0,,0,,700000,107,42,2374,20000,11.87,0
64498,2026-04-09 04:56:49,2026-04-08,2,88,162,attack,9,1,88,30,21,0.3409,0.2386,0.0034,0.0076,0,0,0,0,0,0,0,0,0,0,0,0,0,0,0,0,0,0x0000,ALERT,0,0,0,0,,0,,700000,107,42,2374,20000,11.87,0
64499,2026-04-09 04:56:50,2026-04-08,2,89,162,attack,9,1,89,31,21,0.3483,0.2360,0.0026,0.0065,0,0,0,0,0,0,0,0,0,0,0,0,0,0,0,0,0,0x0000,ALERT,0,0,0,0,,0,,700000,107,42,2375,20000,11.88,0
64500,2026-04-09 04:56:51,2026-04-08,2,90,162,attack,9,1,90,31,21,0.3444,0.2333,0.0030,0.0069,0,0,0,0,0,0,0,0,0,0,0,0,0,0,0,0,0,0x0000,ALERT,0,0,0,1,,0,,700000,107,42,2375,20000,11.88,0
64501,2026-04-09 04:56:51,2026-04-08,2,91,162,attack,9,1,91,33,21,0.3626,0.2308,0.0253,0.0170,0,0,0,0,0,0,0,0,0,0,0,0,0,0,0,0,0,0x0000,ALERT,0,0,0,0,,0,,700000,107,42,2377,20000,11.88,0
64502,2026-04-09 04:56:53,2026-04-08,2,92,162,attack,9,1,92,33,21,0.3587,0.2283,0.0254,0.0172,0,0,0,0,0,0,0,0,0,0,0,0,0,0,0,0,0,0x0000,ALERT,0,0,0,0,,0,,700000,107,42,2377,20000,11.88,0
64503,2026-04-09 04:56:54,2026-04-08,2,93,162,attack,9,1,93,33,22,0.3548,0.2366,0.0254,0.0175,0,0,0,0,0,0,0,0,0,0,0,0,0,0,0,0,0,0x0000,ALERT,0,0,0,0,,0,,700000,107,42,2377,20000,11.88,0
64504,2026-04-09 04:56:54,2026-04-08,2,94,162,attack,9,1,94,33,22,0.3511,0.2340,0.0139,0.0177,0,0,0,0,0,0,0,0,0,0,0,0,0,0,0,0,0,0x0000,ALERT,0,0,0,0,,0,,700000,107,42,2377,20000,11.88,0
64505,2026-04-09 04:56:55,2026-04-08,2,95,162,attack,9,1,95,33,22,0.3474,0.2316,0.0025,0.0180,0,0,0,0,0,0,0,0,0,0,0,0,0,0,0,0,0,0x0000,ALERT,0,0,0,0,,0,,700000,107,42,2377,20000,11.88,0
64506,2026-04-09 04:56:55,2026-04-08,2,96,162,attack,9,1,96,33,23,0.3438,0.2396,0.0028,0.0065,0,0,0,0,0,0,0,0,0,0,0,0,0,0,0,0,0,0x0000,ALERT,0,0,0,0,,0,,700000,107,42,2377,20000,11.88,0
64507,2026-04-09 04:56:56,2026-04-08,2,97,162,attack,9,1,97,35,23,0.3608,0.2371,0.0125,0.0160,0,0,0,0,0,0,0,0,0,0,0,0,0,0,0,0,0,0x0000,ALERT,0,0,0,0,,0,,700000,107,42,2379,20000,11.89,0
64508,2026-04-09 04:56:57,2026-04-08,2,98,162,attack,9,1,98,35,24,0.3571,0.2449,0.0127,0.0162,0,0,0,0,0,0,0,0,0,0,0,0,0,0,0,0,0,0x0000,ALERT,0,0,0,0,,0,,700000,107,42,2379,20000,11.89,0
64509,2026-04-09 04:56:58,2026-04-08,2,99,162,attack,9,1,99,35,24,0.3535,0.2424,-0.0091,0.0052,0,0,0,0,0,0,0,0,0,0,0,0,0,0,0,0,0,0x0000,ALERT,0,0,0,0,,0,,700000,107,42,2379,20000,11.89,0
64510,2026-04-09 04:56:58,2026-04-08,2,100,162,shield,9,1,100,35,24,0.3500,0.2400,-0.0087,0.0056,0,0,0,0,0,0,0,0,0,0,0,0,0,0,0,0,0,0x0000,ALERT,0,0,0,1,shield,0,,700000,107,42,2379,20000,11.89,0
64511,2026-04-09 04:56:59,2026-04-08,2,101,162,shield,9,1,101,35,24,0.3465,0.2376,-0.0083,-0.0161,0,0,0,0,0,0,0,0,0,0,0,0,0,0,0,0,0,0x0000,ALERT,0,0,0,0,,0,,700000,107,42,2379,20000,11.89,0
64512,2026-04-09 04:57:00,2026-04-08,2,102,162,shield,9,1,102,36,24,0.3529,0.2353,0.0019,-0.0058,0,0,0,0,0,0,0,0,0,0,0,0,0,0,0,0,0,0x0000,ALERT,0,0,0,0,,0,,700000,107,42,2380,20000,11.90,0
64513,2026-04-09 04:57:01,2026-04-08,2,103,162,attack,9,1,103,36,24,0.3495,0.2330,0.0021,-0.0053,0,0,0,0,0,0,0,0,0,0,0,0,0,0,0,0,0,0x0000,ALERT,0,0,0,1,attack,0,,700000,107,42,2380,20000,11.90,0
64514,2026-04-09 04:57:05,2026-04-08,2,104,162,shield,9,1,104,36,24,0.3462,0.2308,0.0024,-0.0049,0,0,0,0,0,0,0,0,0,0,0,0,0,0,0,0,0,0x0000,ALERT,0,0,0,1,shield,0,,700000,107,42,2380,20000,11.90,0
64515,2026-04-09 04:57:06,2026-04-08,2,105,162,shield,9,1,105,36,24,0.3429,0.2286,-0.0180,-0.0045,0,0,0,0,0,0,0,0,0,0,0,0,0,0,0,0,0,0x0000,ALERT,0,0,0,0,,0,,700000,107,42,2380,20000,11.90,0
64516,2026-04-09 04:57:07,2026-04-08,2,106,162,shield,9,1,106,36,24,0.3396,0.2264,-0.0175,-0.0041,0,0,0,0,0,0,0,0,0,0,0,0,0,0,0,0,0,0x0000,ALERT,0,0,0,1,shield,0,,700000,107,42,2380,20000,11.90,0
64517,2026-04-09 04:57:08,2026-04-08,2,107,162,shield,9,1,107,36,24,0.3364,0.2243,-0.0171,-0.0244,0,0,0,0,0,0,0,0,0,0,0,0,0,0,0,0,0,0x0000,ALERT,0,0,0,0,,0,,700000,107,42,2380,20000,11.90,0
64518,2026-04-09 04:57:08,2026-04-08,2,108,162,shield,9,1,108,36,24,0.3333,0.2222,-0.0167,-0.0238,0,0,0,0,0,0,0,0,0,0,0,0,0,0,0,0,0,0x0000,ALERT,0,0,0,0,,0,,700000,107,42,2380,20000,11.90,0
64519,2026-04-09 04:57:09,2026-04-08,2,109,162,steal,9,1,109,36,24,0.3303,0.2202,-0.0163,-0.0233,0,0,0,0,0,0,0,0,0,0,0,0,0,0,0,0,0,0x0000,ALERT,0,0,0,1,steal,0,,700000,107,42,2380,20000,11.90,0
64520,2026-04-09 04:57:14,2026-04-08,2,110,162,steal,9,1,110,37,24,0.3364,0.2182,-0.0166,-0.0136,0,0,0,0,0,0,0,0,0,0,0,0,0,0,0,0,0,0x0000,ALERT,0,0,0,0,,0,,700000,107,42,2381,20000,11.91,0
64521,2026-04-09 04:57:15,2026-04-08,2,111,162,steal,9,1,111,37,24,0.3333,0.2162,-0.0162,-0.0132,0,0,0,0,0,0,0,0,0,0,0,0,0,0,0,0,0,0x0000,ALERT,0,0,0,0,,0,,700000,107,42,2381,20000,11.91,0
64522,2026-04-09 04:57:16,2026-04-08,2,112,162,steal,9,1,112,37,24,0.3304,0.2143,-0.0158,-0.0226,0,0,0,0,0,0,0,0,0,0,0,0,0,0,0,0,0,0x0000,ALERT,0,0,0,0,,0,,700000,107,42,2381,20000,11.91,0
64523,2026-04-09 04:57:17,2026-04-08,2,113,162,steal,9,1,113,37,25,0.3274,0.2212,-0.0154,-0.0221,0,0,0,0,0,0,0,0,0,0,0,0,0,0,0,0,0,0x0000,ALERT,0,0,0,0,,0,,700000,107,42,2381,20000,11.91,0
64524,2026-04-09 04:57:18,2026-04-08,2,114,162,steal,9,1,114,39,25,0.3421,0.2193,0.0025,-0.0040,0,0,0,0,0,0,0,0,0,0,0,0,0,0,0,0,0,0x0000,ALERT,0,0,0,0,,0,,700000,107,42,2383,20000,11.92,0
64525,2026-04-09 04:57:20,2026-04-08,2,115,162,steal,9,1,115,40,25,0.3478,0.2174,0.0114,0.0050,0,0,0,0,0,0,0,0,0,0,0,0,0,0,0,0,0,0x0000,ALERT,0,0,0,0,,0,,700000,107,42,2384,20000,11.92,0
64526,2026-04-09 04:57:23,2026-04-08,2,116,162,steal,9,50,116,40,25,0.3448,0.2155,0.0115,0.0052,0,0,0,0,0,0,0,0,0,0,0,0,0,0,0,0,0,0x0000,ALERT,0,0,0,0,,0,,700000,107,42,2384,20000,11.92,0
64527,2026-04-09 04:57:25,2026-04-08,2,117,162,steal,9,50,117,40,26,0.3419,0.2222,0.0116,0.0054,0,0,0,0,0,0,0,0,0,0,0,0,0,0,0,0,0,0x0000,ALERT,0,0,0,0,,0,,700000,107,42,2384,20000,11.92,0
64528,2026-04-09 04:57:26,2026-04-08,2,118,162,steal,9,50,118,40,26,0.3390,0.2203,0.0026,0.0056,0,0,0,0,0,0,0,0,0,0,0,0,0,0,0,0,0,0x0000,ALERT,0,0,0,1,,0,,700000,107,42,2384,20000,11.92,0
64529,2026-04-09 04:57:27,2026-04-08,2,119,162,steal,9,50,119,41,26,0.3445,0.2185,0.0112,0.0143,0,0,0,0,0,0,0,0,0,0,0,0,0,0,0,0,0,0x0000,ALERT,0,0,0,0,,0,,700000,107,42,2434,20000,12.17,0
64530,2026-04-09 04:57:29,2026-04-08,2,120,162,steal,9,50,120,43,26,0.3583,0.2167,0.0280,0.0220,0,0,0,0,0,0,0,0,0,0,0,0,0,0,0,0,0,0x0000,ALERT,0,0,0,0,,0,,700000,107,42,2534,20000,12.67,0
64531,2026-04-09 04:57:30,2026-04-08,2,121,162,steal,9,50,121,44,26,0.3636,0.2149,0.0362,0.0303,0,0,0,0,0,0,0,0,0,0,0,0,0,0,0,0,0,0x0000,ALERT,0,0,0,0,,0,,700000,107,42,2584,20000,12.92,0
64532,2026-04-09 04:57:31,2026-04-08,2,122,162,steal,9,50,122,44,26,0.3607,0.2131,0.0186,0.0303,0,0,0,0,0,0,0,0,0,0,0,0,0,0,0,0,0,0x0000,ALERT,0,0,0,0,,0,,700000,107,42,2584,20000,12.92,0
64533,2026-04-09 04:57:32,2026-04-08,2,123,162,steal,9,50,123,44,26,0.3577,0.2114,0.0099,0.0303,0,0,0,0,0,0,0,0,0,0,0,0,0,0,0,0,0,0x0000,ALERT,0,0,0,0,,0,,700000,107,42,2584,20000,12.92,0
64534,2026-04-09 04:57:34,2026-04-08,2,124,162,steal,9,50,124,45,26,0.3629,0.2097,0.0181,0.0208,0,0,0,0,0,0,0,0,0,0,0,0,0,0,0,0,0,0x0000,ALERT,0,0,0,0,,0,,700000,107,42,2634,20000,13.17,0
64535,2026-04-09 04:57:35,2026-04-08,2,125,162,steal,9,50,125,45,26,0.3600,0.2080,0.0181,0.0122,0,0,0,0,0,0,0,0,0,0,0,0,0,0,0,0,0,0x0000,ALERT,0,0,0,0,,0,,700000,107,42,2634,20000,13.17,0
64536,2026-04-09 04:57:36,2026-04-08,2,126,162,steal,9,50,126,45,28,0.3571,0.2222,0.0182,0.0123,0,0,0,0,0,0,0,0,0,0,0,0,0,0,0,0,0,0x0000,ALERT,0,0,0,0,,0,,700000,107,42,2634,20000,13.17,0
64537,2026-04-09 04:57:38,2026-04-08,2,127,127,accumulation,9,50,0,0,0,0.0000,0.0000,0.0000,0.0000,0,0,0,0,0,0,0,0,0,0,0,0,0,0,0,0,0,0x0000,WAIT,0,0,0,1,accumulation,0,,700000,107,42,3134,20000,15.67,0
64538,2026-04-09 04:58:31,2026-04-08,3,1,127,accumulation,9,1,1,2,0,2.0000,0.0000,0.0000,0.0000,0,0,0,0,0,0,0,0,0,0,0,0,0,0,0,0,0,0x0000,WAIT,0,0,0,0,,0,,700000,107,42,3136,20000,15.68,0
64539,2026-04-09 04:58:32,2026-04-08,3,2,127,attack,9,1,2,2,0,1.0000,0.0000,0.0000,0.0000,0,0,0,0,0,0,0,0,0,0,0,0,0,0,0,0,0,0x0000,WAIT,0,0,0,1,attack,0,,700000,107,42,3136,20000,15.68,0
64540,2026-04-09 04:58:36,2026-04-08,3,3,127,attack,9,1,3,2,0,0.6667,0.0000,0.0000,0.0000,0,0,0,0,0,0,0,0,0,0,0,0,0,0,0,0,0,0x0000,WAIT,0,0,0,0,,0,,700000,107,42,3136,20000,15.68,0
64541,2026-04-09 04:58:36,2026-04-08,3,4,127,attack,9,1,4,2,0,0.5000,0.0000,0.0000,0.0000,0,0,0,0,0,0,0,0,0,0,0,0,0,0,0,0,0,0x0000,WAIT,0,0,0,1,,0,,700000,107,42,3136,20000,15.68,0
64542,2026-04-09 04:58:37,2026-04-08,3,5,127,attack,9,1,5,3,0,0.6000,0.0000,0.0000,0.0000,0,0,0,0,0,0,0,0,0,0,0,0,0,0,0,0,0,0x0000,WAIT,0,0,0,0,,0,,700000,107,42,3137,20000,15.68,0
64543,2026-04-09 04:58:38,2026-04-08,3,6,127,attack,9,1,6,4,0,0.6667,0.0000,0.0000,0.0000,0,0,0,0,0,0,0,0,0,0,0,0,0,0,0,0,0,0x0000,WAIT,0,0,0,0,,0,,700000,107,42,3138,20000,15.69,0
64544,2026-04-09 04:58:39,2026-04-08,3,7,127,attack,9,1,7,4,0,0.5714,0.0000,0.0000,0.0000,0,0,0,0,0,0,0,0,0,0,0,0,0,0,0,0,0,0x0000,WAIT,0,0,0,1,attack,0,,700000,107,42,3138,20000,15.69,0
64545,2026-04-09 04:58:44,2026-04-08,3,8,127,attack,9,1,8,4,0,0.5000,0.0000,0.0000,0.0000,0,0,0,0,0,0,0,0,0,0,0,0,0,0,0,0,0,0x0000,WAIT,0,0,0,0,,0,,700000,107,42,3138,20000,15.69,0
64546,2026-04-09 04:58:45,2026-04-08,3,9,127,attack,9,1,9,4,0,0.4444,0.0000,-1.5556,0.0000,0,0,0,0,0,0,0,0,0,0,0,0,0,0,0,0,0,0x0000,WAIT,0,0,0,0,,0,,700000,107,42,3138,20000,15.69,0
64547,2026-04-09 04:58:45,2026-04-08,3,10,127,attack,9,1,10,4,1,0.4000,0.1000,-0.6000,0.0000,0,0,0,0,0,0,0,0,0,0,0,0,0,0,0,0,0,0x0000,WAIT,0,0,0,0,,0,,700000,107,42,3138,20000,15.69,0
64548,2026-04-09 04:58:46,2026-04-08,3,11,127,attack,9,1,11,4,2,0.3636,0.1818,-0.3030,-1.6364,0,0,0,0,0,0,0,0,0,0,0,0,0,0,0,0,0,0x0000,WAIT,0,0,0,0,,0,,700000,107,42,3138,20000,15.69,0
64549,2026-04-09 04:58:47,2026-04-08,3,12,127,attack,9,1,12,4,2,0.3333,0.1667,-0.1667,-0.6667,0,0,0,0,0,0,0,0,0,0,0,0,0,0,0,0,0,0x0000,WAIT,0,0,0,1,,0,,700000,107,42,3138,20000,15.69,0
64550,2026-04-09 04:58:48,2026-04-08,3,13,127,attack,9,1,13,4,3,0.3077,0.2308,-0.2923,-0.3590,0,0,0,0,0,0,0,0,0,0,0,0,0,0,0,0,0,0x0000,WAIT,0,0,0,0,,0,,700000,107,42,3138,20000,15.69,0
64551,2026-04-09 04:58:48,2026-04-08,3,14,127,attack,9,1,14,5,3,0.3571,0.2143,-0.3095,-0.1429,0,0,0,0,0,0,0,0,0,0,0,0,0,0,0,0,0,0x0000,WAIT,0,0,0,0,,0,,700000,107,42,3139,20000,15.70,0
64552,2026-04-09 04:58:49,2026-04-08,3,15,127,attack,9,1,15,5,3,0.3333,0.2000,-0.2381,-0.2667,0,0,0,0,0,0,0,0,0,0,0,0,0,0,0,0,0,0x0000,WAIT,0,0,0,0,,0,,700000,107,42,3139,20000,15.70,0
64553,2026-04-09 04:58:50,2026-04-08,3,16,127,attack,9,1,16,5,4,0.3125,0.2500,-0.1875,-0.3542,0,0,0,0,0,0,0,0,0,0,0,0,0,0,0,0,0,0x0000,WAIT,0,0,0,0,,0,,700000,107,42,3139,20000,15.70,0
64554,2026-04-09 04:58:50,2026-04-08,3,17,127,attack,9,1,17,5,4,0.2941,0.2353,-0.1503,-0.2773,0,0,0,0,0,0,0,0,0,0,0,0,0,0,0,0,0,0x0000,WAIT,0,0,0,0,,0,,700000,107,42,3139,20000,15.70,0
64555,2026-04-09 04:58:51,2026-04-08,3,18,127,attack,9,1,18,5,5,0.2778,0.2778,-0.1222,-0.2222,0,0,0,0,0,0,0,0,0,0,0,0,0,0,0,0,0,0x0000,WAIT,0,0,0,0,,0,,700000,107,42,3139,20000,15.70,0
64556,2026-04-09 04:58:52,2026-04-08,3,19,127,attack,9,1,19,5,5,0.2632,0.2632,-0.1005,-0.1813,0,0,0,0,0,0,0,0,0,0,0,0,0,0,0,0,0,0x0000,WAIT,0,0,0,0,,0,,700000,107,42,3139,20000,15.70,0
64557,2026-04-09 04:58:53,2026-04-08,3,20,127,attack,9,1,20,6,5,0.3000,0.2500,-0.0333,-0.1000,0,0,0,0,0,0,0,0,0,0,0,0,0,0,0,0,0,0x0000,WAIT,0,0,0,0,,0,,700000,107,42,3140,20000,15.70,0
64558,2026-04-09 04:58:54,2026-04-08,3,21,127,attack,9,1,21,6,5,0.2857,0.2381,-0.0220,-0.0779,0,0,0,0,0,0,0,0,0,0,0,0,0,0,0,0,0,0x0000,WAIT,0,0,0,1,,0,,700000,107,42,3140,20000,15.70,0
64559,2026-04-09 04:58:54,2026-04-08,3,22,127,shield,9,1,22,6,5,0.2727,0.2273,-0.0844,-0.0606,0,0,0,0,0,0,0,0,0,0,0,0,0,0,0,0,0,0x0000,WAIT,0,0,0,1,shield,0,,700000,107,42,3140,20000,15.70,0
64560,2026-04-09 04:58:55,2026-04-08,3,23,127,shield,9,1,23,6,5,0.2609,0.2174,-0.0725,-0.0468,0,0,0,0,0,0,0,0,0,0,0,0,0,0,0,0,0,0x0000,WAIT,0,0,0,0,,0,,700000,107,42,3140,20000,15.70,0
64561,2026-04-09 04:58:56,2026-04-08,3,24,127,shield,9,1,24,7,5,0.2917,0.2083,-0.0208,-0.0655,0,0,0,0,0,0,0,0,0,0,0,0,0,0,0,0,0,0x0000,WAIT,0,0,0,0,,0,,700000,107,42,3141,20000,15.71,0
64562,2026-04-09 04:58:57,2026-04-08,3,25,127,shield,9,1,25,7,5,0.2800,0.2000,-0.0141,-0.0533,0,0,0,0,0,0,0,0,0,0,0,0,0,0,0,0,0,0x0000,WAIT,0,0,0,1,,0,,700000,107,42,3141,20000,15.71,0
64563,2026-04-09 04:58:58,2026-04-08,3,26,127,shield,9,1,26,7,6,0.2692,0.2308,-0.0085,-0.0433,0,0,0,0,0,0,0,0,0,0,0,0,0,0,0,0,0,0x0000,WAIT,0,0,0,0,,0,,700000,107,42,3141,20000,15.71,0
64564,2026-04-09 04:58:59,2026-04-08,3,27,127,shield,9,1,27,7,7,0.2593,0.2593,-0.0039,-0.0349,0,0,0,0,0,0,0,0,0,0,0,0,0,0,0,0,0,0x0000,WAIT,0,0,0,0,,0,,700000,107,42,3141,20000,15.71,0
64565,2026-04-09 04:59:00,2026-04-08,3,28,127,shield,9,1,28,7,7,0.2500,0.2500,-0.0500,-0.0278,0,0,0,0,0,0,0,0,0,0,0,0,0,0,0,0,0,0x0000,WAIT,0,0,0,1,,0,,700000,107,42,3141,20000,15.71,0
64566,2026-04-09 04:59:00,2026-04-08,3,29,127,shield,9,1,29,7,7,0.2414,0.2414,-0.0443,-0.0218,0,0,0,0,0,0,0,0,0,0,0,0,0,0,0,0,0,0x0000,WAIT,0,0,0,0,,0,,700000,107,42,3141,20000,15.71,0
64567,2026-04-09 04:59:01,2026-04-08,3,30,127,shield,9,1,30,7,7,0.2333,0.2333,-0.0394,-0.0667,0,0,0,0,0,0,0,0,0,0,0,0,0,0,0,0,0,0x0000,WAIT,0,0,0,1,,0,,700000,107,42,3141,20000,15.71,0
64568,2026-04-09 04:59:02,2026-04-08,3,31,127,shield,9,1,31,7,7,0.2258,0.2258,-0.0351,-0.0599,0,0,0,0,0,0,0,0,0,0,0,0,0,0,0,0,0,0x0000,WAIT,0,0,0,1,,0,,700000,107,42,3141,20000,15.71,0
64569,2026-04-09 04:59:02,2026-04-08,3,32,127,shield,9,1,32,7,7,0.2188,0.2188,-0.0729,-0.0540,0,0,0,0,0,0,0,0,0,0,0,0,0,0,0,0,0,0x0000,WAIT,0,0,0,1,,0,,700000,107,42,3141,20000,15.71,0
64570,2026-04-09 04:59:03,2026-04-08,3,33,127,shield,9,1,33,7,7,0.2121,0.2121,-0.0679,-0.0487,0,0,0,0,0,0,0,0,0,0,0,0,0,0,0,0,0,0x0000,WAIT,0,0,0,0,,0,,700000,107,42,3141,20000,15.71,0
64571,2026-04-09 04:59:03,2026-04-08,3,34,127,shield,9,1,34,9,7,0.2647,0.2059,-0.0045,-0.0270,0,0,0,0,0,0,0,0,0,0,0,0,0,0,0,0,0,0x0000,WAIT,0,0,0,0,,0,,700000,107,42,3143,20000,15.72,0
64572,2026-04-09 04:59:05,2026-04-08,3,35,127,shield,9,1,35,9,7,0.2571,0.2000,-0.0021,-0.0229,0,0,0,0,0,0,0,0,0,0,0,0,0,0,0,0,0,0x0000,SOON,0,0,0,0,,0,,700000,107,42,3143,20000,15.72,0
64573,2026-04-09 04:59:05,2026-04-08,3,36,127,shield,9,1,36,9,7,0.2500,0.1944,0.0000,-0.0192,0,0,0,0,0,0,0,0,0,0,0,0,0,0,0,0,0,0x0000,SOON,0,0,0,0,,0,,700000,107,42,3143,20000,15.72,0
64574,2026-04-09 04:59:06,2026-04-08,3,37,127,shield,9,1,37,9,8,0.2432,0.2162,0.0019,-0.0160,0,0,0,0,0,0,0,0,0,0,0,0,0,0,0,0,0,0x0000,SOON,0,0,0,0,,0,,700000,107,42,3143,20000,15.72,0
64575,2026-04-09 04:59:06,2026-04-08,3,38,127,shield,9,1,38,9,9,0.2368,0.2368,0.0035,-0.0132,0,0,0,0,0,0,0,0,0,0,0,0,0,0,0,0,0,0x0000,SOON,0,0,0,0,,0,,700000,107,42,3143,20000,15.72,0
64576,2026-04-09 04:59:07,2026-04-08,3,39,127,shield,9,1,39,9,9,0.2308,0.2308,0.0050,-0.0106,0,0,0,0,0,0,0,0,0,0,0,0,0,0,0,0,0,0x0000,SOON,0,0,0,1,shield,0,,700000,107,42,3143,20000,15.72,0
64577,2026-04-09 04:59:08,2026-04-08,3,40,127,attack,9,1,40,9,9,0.2250,0.2250,0.0063,-0.0083,0,0,0,0,0,0,0,0,0,0,0,0,0,0,0,0,0,0x0000,SOON,0,0,0,1,attack,0,,700000,107,42,3143,20000,15.72,0
64578,2026-04-09 04:59:12,2026-04-08,3,41,127,attack,9,1,41,9,9,0.2195,0.2195,0.0074,-0.0063,0,0,0,0,0,0,0,0,0,0,0,0,0,0,0,0,0,0x0000,SOON,0,0,0,1,attack,0,,700000,107,42,3143,20000,15.72,0
64579,2026-04-09 04:59:16,2026-04-08,3,42,127,shield,9,1,42,9,9,0.2143,0.2143,-0.0504,-0.0045,0,0,0,0,0,0,0,0,0,0,0,0,0,0,0,0,0,0x0000,SOON,0,0,0,1,shield,0,,700000,107,42,3143,20000,15.72,0
64580,2026-04-09 04:59:17,2026-04-08,3,43,127,steal,9,1,43,9,9,0.2093,0.2093,-0.0478,-0.0028,0,0,0,0,0,0,0,0,0,0,0,0,0,0,0,0,0,0x0000,SOON,0,0,0,1,steal,0,,700000,107,42,3143,20000,15.72,0
64581,2026-04-09 04:59:22,2026-04-08,3,44,127,steal,9,1,44,9,10,0.2045,0.2273,-0.0455,-0.0602,0,0,0,0,0,0,0,0,0,0,0,0,0,0,0,0,0,0x0000,SOON,0,0,0,0,,0,,700000,107,42,3143,20000,15.72,0
64582,2026-04-09 04:59:27,2026-04-08,3,45,127,steal,9,1,45,11,10,0.2444,0.2222,0.0012,-0.0127,0,0,0,0,0,0,0,0,0,0,0,0,0,0,0,0,0,0x0000,SOON,0,0,0,0,,0,,700000,107,42,3145,20000,15.72,0
64583,2026-04-09 04:59:28,2026-04-08,3,46,127,steal,9,1,46,13,10,0.2826,0.2174,0.0458,0.0326,0,0,0,0,0,0,0,0,0,0,0,0,0,0,0,0,0,0x0000,SOON,0,0,0,0,,0,,700000,107,42,3147,20000,15.73,0
64584,2026-04-09 04:59:30,2026-04-08,3,47,127,steal,9,1,47,14,10,0.2979,0.2128,0.0671,0.0546,0,0,0,0,0,0,0,0,0,0,0,0,0,0,0,0,0,0x0000,SOON,0,0,0,0,,0,,700000,107,42,3148,20000,15.74,0
64585,2026-04-09 04:59:31,2026-04-08,3,48,127,steal,9,1,48,15,10,0.3125,0.2083,0.0875,0.0757,0,0,0,0,0,0,0,0,0,0,0,0,0,0,0,0,0,0x0000,SOON,0,0,0,0,,0,,700000,107,42,3149,20000,15.75,0
64586,2026-04-09 04:59:32,2026-04-08,3,49,127,steal,9,1,49,15,10,0.3061,0.2041,0.0866,0.0754,0,0,0,0,0,0,0,0,0,0,0,0,0,0,0,0,0,0x0000,SOON,0,0,0,1,,0,,700000,107,42,3149,20000,15.75,0
64587,2026-04-09 04:59:33,2026-04-08,3,50,127,steal,9,1,50,15,11,0.3000,0.2200,0.0857,0.0750,0,0,0,0,0,0,0,0,0,0,0,0,0,0,0,0,0,0x0000,SOON,0,0,0,0,,0,,700000,107,42,3149,20000,15.75,0
64588,2026-04-09 04:59:33,2026-04-08,3,51,127,steal,9,1,51,17,11,0.3333,0.2157,0.1240,0.1138,0,0,0,0,0,0,0,0,0,0,0,0,0,0,0,0,0,0x0000,SOON,0,0,0,0,,0,,700000,107,42,3151,20000,15.75,0
64589,2026-04-09 04:59:35,2026-04-08,3,52,127,steal,9,1,52,17,11,0.3269,0.2115,0.1224,0.1126,0,0,0,0,0,0,0,0,0,0,0,0,0,0,0,0,0,0x0000,SOON,0,0,0,0,,0,,700000,107,42,3151,20000,15.75,0
64590,2026-04-09 04:59:35,2026-04-08,3,53,127,steal,9,1,53,17,11,0.3208,0.2075,0.0763,0.1115,0,0,0,0,0,0,0,0,0,0,0,0,0,0,0,0,0,0x0000,SOON,0,0,0,1,steal,0,,700000,107,42,3151,20000,15.75,0
64591,2026-04-09 04:59:41,2026-04-08,3,54,127,steal,9,1,54,17,11,0.3148,0.2037,0.0322,0.1103,0,0,0,0,0,0,0,0,0,0,0,0,0,0,0,0,0,0x0000,SOON,0,0,0,0,,0,,700000,107,42,3151,20000,15.75,0
64592,2026-04-09 04:59:42,2026-04-08,3,55,127,steal,9,1,55,17,12,0.3091,0.2182,0.0112,0.0646,0,0,0,0,0,0,0,0,0,0,0,0,0,0,0,0,0,0x0000,SOON,0,0,0,0,,0,,700000,107,42,3151,20000,15.75,0
64593,2026-04-09 04:59:43,2026-04-08,3,56,127,steal,9,1,56,18,12,0.3214,0.2143,0.0089,0.0388,0,0,0,0,0,0,0,0,0,0,0,0,0,0,0,0,0,0x0000,SOON,0,0,0,0,,0,,700000,107,42,3152,20000,15.76,0
64594,2026-04-09 04:59:44,2026-04-08,3,57,127,steal,9,1,57,18,12,0.3158,0.2105,0.0097,0.0179,0,0,0,0,0,0,0,0,0,0,0,0,0,0,0,0,0,0x0000,SOON,0,0,0,0,,0,,700000,107,42,3152,20000,15.76,0
64595,2026-04-09 04:59:44,2026-04-08,3,58,127,steal,9,1,58,18,12,0.3103,0.2069,0.0103,-0.0022,0,0,0,0,0,0,0,0,0,0,0,0,0,0,0,0,0,0x0000,SOON,0,0,0,0,,0,,700000,107,42,3152,20000,15.76,0
64596,2026-04-09 04:59:45,2026-04-08,3,59,127,steal,9,1,59,18,13,0.3051,0.2203,-0.0282,-0.0010,0,0,0,0,0,0,0,0,0,0,0,0,0,0,0,0,0,0x0000,SOON,0,0,0,0,,0,,700000,107,42,3152,20000,15.76,0
64597,2026-04-09 04:59:46,2026-04-08,3,60,127,attack,9,1,60,18,13,0.3000,0.2167,-0.0269,0.0000,0,0,0,0,0,0,0,0,0,0,0,0,0,0,0,0,0,0x0000,ALERT,0,0,0,1,attack,0,,700000,107,42,3152,20000,15.76,0
64598,2026-04-09 04:59:49,2026-04-08,3,61,127,attack,9,1,61,18,13,0.2951,0.2131,-0.0257,-0.0383,0,0,0,0,0,0,0,0,0,0,0,0,0,0,0,0,0,0x0000,ALERT,0,0,0,0,,0,,700000,107,42,3152,20000,15.76,0
64599,2026-04-09 04:59:50,2026-04-08,3,62,127,attack,9,1,62,19,13,0.3065,0.2097,-0.0084,-0.0205,0,0,0,0,0,0,0,0,0,0,0,0,0,0,0,0,0,0x0000,ALERT,0,0,0,0,,0,,700000,107,42,3153,20000,15.77,0
64600,2026-04-09 04:59:51,2026-04-08,3,63,127,attack,9,1,63,19,13,0.3016,0.2063,-0.0075,-0.0192,0,0,0,0,0,0,0,0,0,0,0,0,0,0,0,0,0,0x0000,ALERT,0,0,0,0,,0,,700000,107,42,3153,20000,15.77,0
64601,2026-04-09 04:59:52,2026-04-08,3,64,127,attack,9,1,64,19,15,0.2969,0.2344,-0.0246,-0.0179,0,0,0,0,0,0,0,0,0,0,0,0,0,0,0,0,0,0x0000,ALERT,0,0,0,0,,0,,700000,107,42,3153,20000,15.77,0
64602,2026-04-09 04:59:52,2026-04-08,3,65,127,attack,9,1,65,19,15,0.2923,0.2308,-0.0235,-0.0168,0,0,0,0,0,0,0,0,0,0,0,0,0,0,0,0,0,0x0000,ALERT,0,0,0,0,,0,,700000,107,42,3153,20000,15.77,0
64603,2026-04-09 04:59:53,2026-04-08,3,66,127,attack,9,1,66,19,15,0.2879,0.2273,-0.0225,-0.0335,0,0,0,0,0,0,0,0,0,0,0,0,0,0,0,0,0,0x0000,ALERT,0,0,0,1,,0,,700000,107,42,3153,20000,15.77,0
64604,2026-04-09 04:59:53,2026-04-08,3,67,127,shield,9,1,67,19,15,0.2836,0.2239,-0.0215,-0.0322,0,0,0,0,0,0,0,0,0,0,0,0,0,0,0,0,0,0x0000,ALERT,0,0,0,1,shield,0,,700000,107,42,3153,20000,15.77,0
64605,2026-04-09 04:59:54,2026-04-08,3,68,127,shield,9,1,68,19,15,0.2794,0.2206,-0.0206,-0.0309,0,0,0,0,0,0,0,0,0,0,0,0,0,0,0,0,0,0x0000,ALERT,0,0,0,1,,0,,700000,107,42,3153,20000,15.77,0
64606,2026-04-09 04:59:55,2026-04-08,3,69,127,shield,9,1,69,19,15,0.2754,0.2174,-0.0197,-0.0297,0,0,0,0,0,0,0,0,0,0,0,0,0,0,0,0,0,0x0000,ALERT,0,0,0,1,,0,,700000,107,42,3153,20000,15.77,0
64607,2026-04-09 04:59:56,2026-04-08,3,70,127,shield,9,1,70,19,15,0.2714,0.2143,-0.0350,-0.0286,0,0,0,0,0,0,0,0,0,0,0,0,0,0,0,0,0,0x0000,ALERT,0,0,0,0,,0,,700000,107,42,3153,20000,15.77,0
64608,2026-04-09 04:59:56,2026-04-08,3,71,127,shield,9,1,71,19,15,0.2676,0.2113,-0.0340,-0.0275,0,0,0,0,0,0,0,0,0,0,0,0,0,0,0,0,0,0x0000,ALERT,0,0,0,1,,0,,700000,107,42,3153,20000,15.77,0
64609,2026-04-09 04:59:57,2026-04-08,3,72,127,shield,9,1,72,19,17,0.2639,0.2361,-0.0330,-0.0426,0,0,0,0,0,0,0,0,0,0,0,0,0,0,0,0,0,0x0000,ALERT,0,0,0,0,,0,,700000,107,42,3153,20000,15.77,0
64610,2026-04-09 04:59:58,2026-04-08,3,73,127,shield,9,1,73,20,17,0.2740,0.2329,-0.0183,-0.0276,0,0,0,0,0,0,0,0,0,0,0,0,0,0,0,0,0,0x0000,ALERT,0,0,0,0,,0,,700000,107,42,3154,20000,15.77,0
64611,2026-04-09 04:59:59,2026-04-08,3,74,127,attack,9,1,74,20,17,0.2703,0.2297,-0.0176,-0.0266,0,0,0,0,0,0,0,0,0,0,0,0,0,0,0,0,0,0x0000,ALERT,0,0,0,1,attack,0,,700000,107,42,3154,20000,15.77,0
64612,2026-04-09 05:00:02,2026-04-08,3,75,127,shield,9,1,75,20,17,0.2667,0.2267,-0.0169,-0.0256,0,0,0,0,0,0,0,0,0,0,0,0,0,0,0,0,0,0x0000,ALERT,0,0,0,1,shield,0,,700000,107,42,3154,20000,15.77,0
64613,2026-04-09 05:00:03,2026-04-08,3,76,127,shield,9,1,76,20,17,0.2632,0.2237,-0.0163,-0.0247,0,0,0,0,0,0,0,0,0,0,0,0,0,0,0,0,0,0x0000,ALERT,0,0,0,0,,0,,700000,107,42,3154,20000,15.77,0
64614,2026-04-09 05:00:04,2026-04-08,3,77,127,shield,9,1,77,20,17,0.2597,0.2208,-0.0156,-0.0238,0,0,0,0,0,0,0,0,0,0,0,0,0,0,0,0,0,0x0000,ALERT,0,0,0,0,,0,,700000,107,42,3154,20000,15.77,0
64615,2026-04-09 05:00:05,2026-04-08,3,78,127,shield,9,1,78,21,17,0.2692,0.2179,-0.0022,-0.0102,0,0,0,0,0,0,0,0,0,0,0,0,0,0,0,0,0,0x0000,ALERT,0,0,0,0,,0,,700000,107,42,3155,20000,15.78,0
64616,2026-04-09 05:00:06,2026-04-08,3,79,127,shield,9,1,79,23,17,0.2911,0.2152,0.0235,0.0158,0,0,0,0,0,0,0,0,0,0,0,0,0,0,0,0,0,0x0000,ALERT,0,0,0,0,,0,,700000,107,42,3157,20000,15.78,0
64617,2026-04-09 05:00:07,2026-04-08,3,80,127,shield,9,1,80,24,17,0.3000,0.2125,0.0361,0.0286,0,0,0,0,0,0,0,0,0,0,0,0,0,0,0,0,0,0x0000,ALERT,0,0,0,0,,0,,700000,107,42,3158,20000,15.79,0
64618,2026-04-09 05:00:08,2026-04-08,3,81,127,shield,9,1,81,24,18,0.2963,0.2222,0.0223,0.0287,0,0,0,0,0,0,0,0,0,0,0,0,0,0,0,0,0,0x0000,ALERT,0,0,0,0,,0,,700000,107,42,3158,20000,15.79,0
64619,2026-04-09 05:00:09,2026-04-08,3,82,127,spins,9,1,82,24,21,0.2927,0.2561,0.0224,0.0288,0,0,0,0,0,0,0,0,0,0,0,0,0,0,0,0,0,0x0000,ALERT,0,0,0,1,spins,0,,700000,107,42,3158,20000,15.79,0
64620,2026-04-09 05:00:10,2026-04-08,3,83,127,spins,9,1,83,25,21,0.3012,0.2530,0.0345,0.0272,0,0,0,0,0,0,0,0,0,0,0,0,0,0,0,0,0,0x0000,ALERT,0,0,0,0,,0,,700000,107,42,3159,20000,15.79,0
64621,2026-04-09 05:00:40,2026-04-08,3,84,127,spins,9,1,84,25,21,0.2976,0.2500,0.0345,0.0273,0,0,0,0,0,0,0,0,0,0,0,0,0,0,0,0,0,0x0000,ALERT,0,0,0,0,,0,,700000,107,42,3159,20000,15.79,0
64622,2026-04-09 05:00:41,2026-04-08,3,85,127,steal,9,1,85,25,21,0.2941,0.2471,0.0344,0.0275,0,0,0,0,0,0,0,0,0,0,0,0,0,0,0,0,0,0x0000,ALERT,0,0,0,1,steal,0,,700000,107,42,3159,20000,15.79,0
