seq,timestamp,r1,r2,r3,reel_1,reel_2,reel_3,spin_result,reward_code,is_triple,coins_won,coins,spins_remaining,shields,max_shields,bet_multiplier,bet_level,atk_count,stl_count,shd_count,spn_count,acc_count,accum_current,accum_total,accum_mission,accum_delta,accum_pct,gae_segment,gae_last_mission,gae_grand_prize,slot2_r1,slot2_r2,slot2_r3,event_bars,sa_spins,sa_atk,sa_stl,sa_shd,sa_spn,sa_acc,sa_3x_atk,sa_3x_stl,sa_3x_shd,ss_spins,ss_atk,ss_stl,ss_shd,ss_spn,ss_acc,ss_3x_atk,ss_3x_stl,ss_3x_shd
64050,2026-04-08 15:50:14,1,4,6,coin,steal,spins,gold,1,false,25000,49368633053351,58150,4,5,1,9,0,1,0,1,0,1144,10000,37,0,11.4,,107,700000,,,,"{""6cad4489"":""24\/1800@m6""}",1,0,1,0,1,0,0,0,0,1,0,1,0,1,0,0,0,0
64051,2026-04-08 15:50:15,1,4,6,coin,steal,spins,gold,1,false,25000,49368633078351,58149,4,5,1,9,0,1,0,1,0,1144,10000,37,0,11.4,,107,700000,,,,,2,0,2,0,2,0,0,0,0,2,0,2,0,2,0,0,0,0
64052,2026-04-08 15:50:16,3,1,1,attack,coin,coin,gold,1,false,50000,49368633128351,58148,4,5,1,9,1,0,0,0,0,1144,10000,37,0,11.4,,107,700000,,,,,3,1,2,0,2,0,0,0,0,3,1,2,0,2,0,0,0,0
64053,2026-04-08 15:50:16,3,3,3,attack,attack,attack,attack,2,true,0,49368633128351,58147,4,5,1,9,3,0,0,0,0,1144,10000,37,0,11.4,,107,700000,,,,,4,4,2,0,2,0,1,0,0,4,4,2,0,2,0,1,0,0
64054,2026-04-08 15:50:44,1,1,1,coin,coin,coin,gold,1,true,250000,49368641958351,58146,4,5,1,9,0,0,0,0,0,1144,10000,37,0,11.4,,107,700000,,,,,5,4,2,0,2,0,1,0,0,5,4,2,0,2,0,1,0,0
64055,2026-04-08 15:50:45,30,30,2,accumulation,accumulation,goldSack,gold,1,false,100000,49368642058351,58145,4,5,1,9,0,0,0,0,2,1146,10000,37,2,11.5,,107,700000,,,,,6,4,2,0,2,2,1,0,0,6,4,2,0,2,2,1,0,0
64056,2026-04-08 15:50:46,1,1,1,coin,coin,coin,gold,1,true,250000,49368642308351,58144,4,5,1,9,0,0,0,0,0,1146,10000,37,0,11.5,,107,700000,,,,,7,4,2,0,2,2,1,0,0,7,4,2,0,2,2,1,0,0
64057,2026-04-08 15:50:46,1,4,6,coin,steal,spins,gold,1,false,25000,49368642333351,58143,4,5,1,9,0,1,0,1,0,1146,10000,37,0,11.5,,107,700000,,,,,8,4,3,0,3,2,1,0,0,8,4,3,0,3,2,1,0,0
64058,2026-04-08 15:50:48,3,4,2,attack,steal,goldSack,gold,1,false,100000,49368642433351,58142,4,5,1,9,1,1,0,0,0,1146,10000,37,0,11.5,,107,700000,,,,"{""4fdd0917"":""205\/500@m15""}",9,5,4,0,3,2,1,0,0,9,5,4,0,3,2,1,0,0
64059,2026-04-08 15:50:49,1,4,4,coin,steal,steal,gold,1,false,25000,49368642458351,58141,4,5,1,9,0,2,0,0,0,1146,10000,37,0,11.5,,107,700000,,,,,10,5,6,0,3,2,1,0,0,10,5,6,0,3,2,1,0,0
64060,2026-04-08 15:50:49,1,1,6,coin,coin,spins,gold,1,false,50000,49368642508351,58140,4,5,1,9,0,0,0,1,0,1146,10000,37,0,11.5,,107,700000,,,,"{""6cad4489"":""26\/1800@m6""}",11,5,6,0,4,2,1,0,0,11,5,6,0,4,2,1,0,0
64061,2026-04-08 15:50:50,3,4,2,attack,steal,goldSack,gold,1,false,100000,49368642608351,58139,4,5,1,9,1,1,0,0,0,1146,10000,37,0,11.5,,107,700000,,,,,12,6,7,0,4,2,1,0,0,12,6,7,0,4,2,1,0,0
64062,2026-04-08 15:50:51,4,4,4,steal,steal,steal,steal,4,true,0,49368642608351,58138,4,5,1,9,0,3,0,0,0,1146,10000,37,0,11.5,,107,700000,,,,,13,6,10,0,4,2,1,1,0,13,6,10,0,4,2,1,1,0
64063,2026-04-08 15:51:44,30,2,2,accumulation,goldSack,goldSack,gold,1,false,150000,49368874346351,58137,4,5,1,9,0,0,0,0,1,1147,10000,37,1,11.5,,107,700000,,,,,14,6,10,0,4,3,1,1,0,14,6,10,0,4,3,1,1,0
64064,2026-04-08 15:51:45,2,2,2,goldSack,goldSack,goldSack,gold,1,true,2000000,49368876346351,58136,4,5,1,9,0,0,0,0,0,1147,10000,37,0,11.5,,107,700000,,,,,15,6,10,0,4,3,1,1,0,15,6,10,0,4,3,1,1,0
64065,2026-04-08 15:51:47,1,6,6,coin,spins,spins,gold,1,false,25000,49368876371351,58135,4,5,1,9,0,0,0,2,0,1147,10000,37,0,11.5,,107,700000,,,,,16,6,10,0,6,3,1,1,0,16,6,10,0,6,3,1,1,0
64066,2026-04-08 15:51:48,30,30,1,accumulation,accumulation,coin,gold,1,false,25000,49368876396351,58134,4,5,1,9,0,0,0,0,2,1149,10000,37,2,11.5,,107,700000,,,,,17,6,10,0,6,5,1,1,0,17,6,10,0,6,5,1,1,0
64067,2026-04-08 15:51:49,30,30,30,accumulation,accumulation,accumulation,gold,10,true,0,49368876396351,58133,4,5,1,9,0,0,0,0,3,1159,10000,37,10,11.6,,107,700000,,,,,18,6,10,0,6,8,1,1,0,18,6,10,0,6,8,1,1,0
64068,2026-04-08 15:51:51,1,1,6,coin,coin,spins,gold,1,false,50000,49368876446351,58132,4,5,1,9,0,0,0,1,0,1159,10000,37,0,11.6,,107,700000,,,,,1,0,0,0,1,0,0,0,0,19,6,10,0,7,8,1,1,0
64069,2026-04-08 15:51:52,3,6,2,attack,spins,goldSack,gold,1,false,100000,49368876546351,58131,4,5,1,9,1,0,0,1,0,1159,10000,37,0,11.6,,107,700000,,,,"{""4fdd0917"":""207\/500@m15""}",2,1,0,0,2,0,0,0,0,20,7,10,0,8,8,1,1,0
64070,2026-04-08 15:51:53,30,30,3,accumulation,accumulation,attack,gold,6,false,0,49368876546351,58130,4,5,1,9,1,0,0,0,2,1161,10000,37,2,11.6,,107,700000,,,,,3,2,0,0,2,2,0,0,0,21,8,10,0,8,10,1,1,0
64071,2026-04-08 15:51:55,6,6,6,spins,spins,spins,spins,5,true,10,49368876546351,58139,4,5,1,9,0,0,0,3,0,1161,10000,37,0,11.6,,107,700000,,,,,4,2,0,0,5,2,0,0,0,22,8,10,0,11,10,1,1,0
64072,2026-04-08 15:51:56,5,5,5,shield,shield,shield,shield,3,true,1,49368876546351,58138,5,5,1,9,0,0,3,0,0,1161,10000,37,0,11.6,,107,700000,,,,,5,2,0,3,5,2,0,0,1,1,0,0,3,0,0,0,0,1
64073,2026-04-08 15:51:57,1,1,6,coin,coin,spins,gold,1,false,50000,49368876596351,58137,5,5,1,9,0,0,0,1,0,1161,10000,37,0,11.6,,107,700000,,,,,6,2,0,3,6,2,0,0,1,2,0,0,3,1,0,0,0,1
64074,2026-04-08 15:51:58,3,4,2,attack,steal,goldSack,gold,1,false,100000,49368876696351,58136,5,5,1,9,1,1,0,0,0,1161,10000,37,0,11.6,,107,700000,,,,,7,3,1,3,6,2,0,0,1,3,1,1,3,1,0,0,0,1
64075,2026-04-08 15:51:59,1,1,6,coin,coin,spins,gold,1,false,50000,49368876746351,58135,5,5,1,9,0,0,0,1,0,1161,10000,37,0,11.6,,107,700000,,,,,8,3,1,3,7,2,0,0,1,4,1,1,3,2,0,0,0,1
64076,2026-04-08 15:52:00,1,1,1,coin,coin,coin,gold,1,true,250000,49368876996351,58134,5,5,1,9,0,0,0,0,0,1161,10000,37,0,11.6,,107,700000,,,,,9,3,1,3,7,2,0,0,1,5,1,1,3,2,0,0,0,1
64077,2026-04-08 15:52:01,3,3,3,attack,attack,attack,attack,2,true,0,49368876996351,58133,5,5,1,9,3,0,0,0,0,1161,10000,37,0,11.6,,107,700000,,,,,10,6,1,3,7,2,1,0,1,6,4,1,3,2,0,1,0,1
64078,2026-04-08 15:52:14,3,3,2,attack,attack,goldSack,gold,1,false,100000,49368903096351,58132,5,5,1,9,2,0,0,0,0,1161,10000,37,0,11.6,,107,700000,,,,,11,8,1,3,7,2,1,0,1,7,6,1,3,2,0,1,0,1
64079,2026-04-08 15:52:14,3,4,2,attack,steal,goldSack,gold,1,false,100000,49368903196351,58131,5,5,1,9,1,1,0,0,0,1161,10000,37,0,11.6,,107,700000,,,,"{""6cad4489"":""28\/1800@m6""}",12,9,2,3,7,2,1,0,1,8,7,2,3,2,0,1,0,1
64080,2026-04-08 15:52:15,2,2,2,goldSack,goldSack,goldSack,gold,1,true,2000000,49368905196351,58130,5,5,1,9,0,0,0,0,0,1161,10000,37,0,11.6,,107,700000,,,,,13,9,2,3,7,2,1,0,1,9,7,2,3,2,0,1,0,1
64081,2026-04-08 15:52:16,3,4,2,attack,steal,goldSack,gold,1,false,100000,49368905296351,58129,5,5,1,9,1,1,0,0,0,1161,10000,37,0,11.6,,107,700000,,,,"{""4fdd0917"":""209\/500@m15""}",14,10,3,3,7,2,1,0,1,10,8,3,3,2,0,1,0,1
64082,2026-04-08 15:52:17,30,2,2,accumulation,goldSack,goldSack,gold,1,false,150000,49368905446351,58128,5,5,1,9,0,0,0,0,1,1162,10000,37,1,11.6,,107,700000,,,,"{""6cad4489"":""30\/1800@m6""}",15,10,3,3,7,3,1,0,1,11,8,3,3,2,1,1,0,1
64083,2026-04-08 15:52:20,3,3,3,attack,attack,attack,attack,2,true,0,49368905446351,58127,5,5,1,9,3,0,0,0,0,1162,10000,37,0,11.6,,107,700000,,,,,16,13,3,3,7,3,2,0,1,12,11,3,3,2,1,2,0,1
64084,2026-04-08 15:52:57,5,5,5,shield,shield,shield,shield,3,true,1,49368914026351,58127,5,5,1,9,0,0,3,0,0,1162,10000,37,0,11.6,,107,700000,,,,,17,13,3,6,7,3,2,0,2,13,11,3,6,2,1,2,0,2
64085,2026-04-08 15:52:58,1,1,1,coin,coin,coin,gold,1,true,250000,49368914276351,58126,5,5,1,9,0,0,0,0,0,1162,10000,37,0,11.6,,107,700000,,,,,18,13,3,6,7,3,2,0,2,14,11,3,6,2,1,2,0,2
64086,2026-04-08 15:52:59,30,30,1,accumulation,accumulation,coin,gold,1,false,25000,49368914301351,58125,5,5,1,9,0,0,0,0,2,1164,10000,37,2,11.6,,107,700000,,,,,19,13,3,6,7,5,2,0,2,15,11,3,6,2,3,2,0,2
64087,2026-04-08 15:52:59,3,3,3,attack,attack,attack,attack,2,true,0,49368914301351,58124,5,5,1,9,3,0,0,0,0,1164,10000,37,0,11.6,,107,700000,,,,,20,16,3,6,7,5,3,0,2,16,14,3,6,2,3,3,0,2
64088,2026-04-08 15:53:07,4,4,4,steal,steal,steal,steal,4,true,0,49368922881351,58123,5,5,1,9,0,3,0,0,0,1164,10000,37,0,11.6,,107,700000,,,,,21,16,6,6,7,5,3,1,2,17,14,6,6,2,3,3,1,2
64089,2026-04-08 15:53:44,2,2,2,goldSack,goldSack,goldSack,gold,1,true,2000000,49369075901351,58122,5,5,1,9,0,0,0,0,0,1164,10000,37,0,11.6,,107,700000,,,,,22,16,6,6,7,5,3,1,2,18,14,6,6,2,3,3,1,2
64090,2026-04-08 15:53:45,1,1,1,coin,coin,coin,gold,1,true,250000,49369076151351,58121,5,5,1,9,0,0,0,0,0,1164,10000,37,0,11.6,,107,700000,,,,,23,16,6,6,7,5,3,1,2,19,14,6,6,2,3,3,1,2
64091,2026-04-08 15:53:46,1,1,1,coin,coin,coin,gold,1,true,250000,49369076401351,58120,5,5,1,9,0,0,0,0,0,1164,10000,37,0,11.6,,107,700000,,,,,24,16,6,6,7,5,3,1,2,20,14,6,6,2,3,3,1,2
64092,2026-04-08 15:53:47,1,1,6,coin,coin,spins,gold,1,false,50000,49369076451351,58119,5,5,1,9,0,0,0,1,0,1164,10000,37,0,11.6,,107,700000,,,,,25,16,6,6,8,5,3,1,2,21,14,6,6,3,3,3,1,2
64093,2026-04-08 15:53:48,2,2,2,goldSack,goldSack,goldSack,gold,1,true,2000000,49369078451351,58118,5,5,1,9,0,0,0,0,0,1164,10000,37,0,11.6,,107,700000,,,,,26,16,6,6,8,5,3,1,2,22,14,6,6,3,3,3,1,2
64094,2026-04-08 15:53:49,30,2,2,accumulation,goldSack,goldSack,gold,1,false,150000,49369078601351,58117,5,5,1,9,0,0,0,0,1,1165,10000,37,1,11.7,,107,700000,,,,,27,16,6,6,8,6,3,1,2,23,14,6,6,3,4,3,1,2
64095,2026-04-08 15:53:52,3,3,2,attack,attack,goldSack,gold,1,false,100000,49369078701351,58116,5,5,1,9,2,0,0,0,0,1165,10000,37,0,11.7,,107,700000,,,,,28,18,6,6,8,6,3,1,2,24,16,6,6,3,4,3,1,2
64096,2026-04-08 15:53:53,1,1,1,coin,coin,coin,gold,1,true,250000,49369078951351,58115,5,5,1,9,0,0,0,0,0,1165,10000,37,0,11.7,,107,700000,,,,,29,18,6,6,8,6,3,1,2,25,16,6,6,3,4,3,1,2
64097,2026-04-08 15:53:54,1,4,6,coin,steal,spins,gold,1,false,25000,49369078976351,58114,5,5,1,9,0,1,0,1,0,1165,10000,37,0,11.7,,107,700000,,,,"{""6cad4489"":""32\/1800@m6""}",30,18,7,6,9,6,3,1,2,26,16,7,6,4,4,3,1,2
64098,2026-04-08 15:53:55,30,30,1,accumulation,accumulation,coin,gold,1,false,25000,49369079001351,58113,5,5,1,9,0,0,0,0,2,1167,10000,37,2,11.7,,107,700000,,,,,31,18,7,6,9,8,3,1,2,27,16,7,6,4,6,3,1,2
64099,2026-04-08 15:53:56,30,2,2,accumulation,goldSack,goldSack,gold,1,false,150000,49369079151351,58112,5,5,1,9,0,0,0,0,1,1168,10000,37,1,11.7,,107,700000,,,,,32,18,7,6,9,9,3,1,2,28,16,7,6,4,7,3,1,2
64100,2026-04-08 15:53:58,1,6,6,coin,spins,spins,gold,1,false,25000,49369079176351,58111,5,5,1,9,0,0,0,2,0,1168,10000,37,0,11.7,,107,700000,,,,"{""6cad4489"":""34\/1800@m6""}",33,18,7,6,11,9,3,1,2,29,16,7,6,6,7,3,1,2
64101,2026-04-08 15:54:00,30,2,2,accumulation,goldSack,goldSack,gold,1,false,150000,49369079326351,58110,5,5,1,9,0,0,0,0,1,1169,10000,37,1,11.7,,107,700000,,,,,34,18,7,6,11,10,3,1,2,30,16,7,6,6,8,3,1,2
64102,2026-04-08 15:54:01,30,2,2,accumulation,goldSack,goldSack,gold,1,false,150000,49369079476351,58109,5,5,1,9,0,0,0,0,1,1170,10000,37,1,11.7,,107,700000,,,,"{""6cad4489"":""36\/1800@m6""}",35,18,7,6,11,11,3,1,2,31,16,7,6,6,9,3,1,2
64103,2026-04-08 15:54:03,1,4,6,coin,steal,spins,gold,1,false,25000,49369079501351,58108,5,5,1,9,0,1,0,1,0,1170,10000,37,0,11.7,,107,700000,,,,,36,18,8,6,12,11,3,1,2,32,16,8,6,7,9,3,1,2
64104,2026-04-08 15:54:04,3,4,2,attack,steal,goldSack,gold,1,false,100000,49369079601351,58107,5,5,1,9,1,1,0,0,0,1170,10000,37,0,11.7,,107,700000,,,,,37,19,9,6,12,11,3,1,2,33,17,9,6,7,9,3,1,2
64105,2026-04-08 15:54:04,2,2,2,goldSack,goldSack,goldSack,gold,1,true,2000000,49369081601351,58106,5,5,1,9,0,0,0,0,0,1170,10000,37,0,11.7,,107,700000,,,,,38,19,9,6,12,11,3,1,2,34,17,9,6,7,9,3,1,2
64106,2026-04-08 15:54:05,30,2,2,accumulation,goldSack,goldSack,gold,1,false,150000,49369081751351,58105,5,5,1,9,0,0,0,0,1,1171,10000,37,1,11.7,,107,700000,,,,"{""4fdd0917"":""211\/500@m15""}",39,19,9,6,12,12,3,1,2,35,17,9,6,7,10,3,1,2
64107,2026-04-08 15:54:07,1,4,6,coin,steal,spins,gold,1,false,25000,49369081776351,58104,5,5,1,9,0,1,0,1,0,1171,10000,37,0,11.7,,107,700000,,,,,40,19,10,6,13,12,3,1,2,36,17,10,6,8,10,3,1,2
64108,2026-04-08 15:54:08,1,1,6,coin,coin,spins,gold,1,false,50000,49369081826351,58103,5,5,1,9,0,0,0,1,0,1171,10000,37,0,11.7,,107,700000,,,,,41,19,10,6,14,12,3,1,2,37,17,10,6,9,10,3,1,2
64109,2026-04-08 15:54:09,30,2,2,accumulation,goldSack,goldSack,gold,1,false,150000,49369081976351,58102,5,5,1,9,0,0,0,0,1,1172,10000,37,1,11.7,,107,700000,,,,,42,19,10,6,14,13,3,1,2,38,17,10,6,9,11,3,1,2
64110,2026-04-08 15:54:11,1,1,1,coin,coin,coin,gold,1,true,250000,49369082226351,58101,5,5,1,9,0,0,0,0,0,1172,10000,37,0,11.7,,107,700000,,,,,43,19,10,6,14,13,3,1,2,39,17,10,6,9,11,3,1,2
64111,2026-04-08 15:54:12,1,4,4,coin,steal,steal,gold,1,false,25000,49369082251351,58100,5,5,1,9,0,2,0,0,0,1172,10000,37,0,11.7,,107,700000,,,,,44,19,12,6,14,13,3,1,2,40,17,12,6,9,11,3,1,2
64112,2026-04-08 15:54:13,3,4,2,attack,steal,goldSack,gold,1,false,100000,49369082351351,58099,5,5,1,9,1,1,0,0,0,1172,10000,37,0,11.7,,107,700000,,,,,45,20,13,6,14,13,3,1,2,41,18,13,6,9,11,3,1,2
64113,2026-04-08 15:54:14,3,1,1,attack,coin,coin,gold,1,false,50000,49369082401351,58098,5,5,1,9,1,0,0,0,0,1172,10000,37,0,11.7,,107,700000,,,,,46,21,13,6,14,13,3,1,2,42,19,13,6,9,11,3,1,2
64114,2026-04-08 15:54:14,30,2,2,accumulation,goldSack,goldSack,gold,1,false,150000,49369082551351,58097,5,5,1,9,0,0,0,0,1,1173,10000,37,1,11.7,,107,700000,,,,,47,21,13,6,14,14,3,1,2,43,19,13,6,9,12,3,1,2
64115,2026-04-08 15:54:16,5,5,5,shield,shield,shield,shield,3,true,1,49369082551351,58097,5,5,1,9,0,0,3,0,0,1173,10000,37,0,11.7,,107,700000,,,,,48,21,13,9,14,14,3,1,3,44,19,13,9,9,12,3,1,3
64116,2026-04-08 15:54:18,1,1,1,coin,coin,coin,gold,1,true,250000,49369082801351,58096,5,5,1,9,0,0,0,0,0,1173,10000,37,0,11.7,,107,700000,,,,,49,21,13,9,14,14,3,1,3,45,19,13,9,9,12,3,1,3
64117,2026-04-08 15:54:19,2,2,2,goldSack,goldSack,goldSack,gold,1,true,2000000,49369084801351,58095,5,5,1,9,0,0,0,0,0,1173,10000,37,0,11.7,,107,700000,,,,,50,21,13,9,14,14,3,1,3,46,19,13,9,9,12,3,1,3
64118,2026-04-08 15:54:20,3,3,2,attack,attack,goldSack,gold,1,false,100000,49369084901351,58094,5,5,1,9,2,0,0,0,0,1173,10000,37,0,11.7,,107,700000,,,,,51,23,13,9,14,14,3,1,3,47,21,13,9,9,12,3,1,3
64119,2026-04-08 15:54:20,1,6,6,coin,spins,spins,gold,1,false,25000,49369084926351,58093,5,5,1,9,0,0,0,2,0,1173,10000,37,0,11.7,,107,700000,,,,,52,23,13,9,16,14,3,1,3,48,21,13,9,11,12,3,1,3
64120,2026-04-08 15:54:21,30,2,2,accumulation,goldSack,goldSack,gold,1,false,150000,49369085076351,58092,5,5,1,9,0,0,0,0,1,1174,10000,37,1,11.7,,107,700000,,,,"{""6cad4489"":""38\/1800@m6""}",53,23,13,9,16,15,3,1,3,49,21,13,9,11,13,3,1,3
64121,2026-04-08 15:54:22,1,5,5,coin,shield,shield,gold,1,false,25000,49369085101351,58091,5,5,1,9,0,0,2,0,0,1174,10000,37,0,11.7,,107,700000,,,,,54,23,13,11,16,15,3,1,3,50,21,13,11,11,13,3,1,3
64122,2026-04-08 15:54:24,1,4,6,coin,steal,spins,gold,1,false,25000,49369085126351,58090,5,5,1,9,0,1,0,1,0,1174,10000,37,0,11.7,,107,700000,,,,,55,23,14,11,17,15,3,1,3,51,21,14,11,12,13,3,1,3
64123,2026-04-08 15:54:25,3,3,2,attack,attack,goldSack,gold,1,false,100000,49369085226351,58089,5,5,1,9,2,0,0,0,0,1174,10000,37,0,11.7,,107,700000,,,,,56,25,14,11,17,15,3,1,3,52,23,14,11,12,13,3,1,3
64124,2026-04-08 15:54:26,3,3,3,attack,attack,attack,attack,2,true,0,49369085226351,58088,5,5,1,9,3,0,0,0,0,1174,10000,37,0,11.7,,107,700000,,,,,57,28,14,11,17,15,4,1,3,53,26,14,11,12,13,4,1,3
64125,2026-04-08 15:54:39,1,4,6,coin,steal,spins,gold,1,false,25000,49369093831351,58087,5,5,1,9,0,1,0,1,0,1174,10000,37,0,11.7,,107,700000,,,,,58,28,15,11,18,15,4,1,3,54,26,15,11,13,13,4,1,3
64126,2026-04-08 15:54:41,3,3,3,attack,attack,attack,attack,2,true,0,49369093831351,58086,5,5,1,9,3,0,0,0,0,1174,10000,37,0,11.7,,107,700000,,,,,59,31,15,11,18,15,5,1,3,55,29,15,11,13,13,5,1,3
64127,2026-04-08 15:55:49,30,30,1,accumulation,accumulation,coin,gold,1,false,25000,49369102436351,58085,5,5,1,9,0,0,0,0,2,1176,10000,37,2,11.8,,107,700000,,,,,60,31,15,11,18,17,5,1,3,56,29,15,11,13,15,5,1,3
64128,2026-04-08 15:55:52,3,4,2,attack,steal,goldSack,gold,1,false,100000,49369102536351,58084,5,5,1,9,1,1,0,0,0,1176,10000,37,0,11.8,,107,700000,,,,"{""4fdd0917"":""213\/500@m15""}",61,32,16,11,18,17,5,1,3,57,30,16,11,13,15,5,1,3
64129,2026-04-08 15:55:53,30,2,2,accumulation,goldSack,goldSack,gold,1,false,150000,49369102686351,58083,5,5,1,9,0,0,0,0,1,1177,10000,37,1,11.8,,107,700000,,,,,62,32,16,11,18,18,5,1,3,58,30,16,11,13,16,5,1,3
64130,2026-04-08 15:55:54,1,1,6,coin,coin,spins,gold,1,false,50000,49369102736351,58082,5,5,1,9,0,0,0,1,0,1177,10000,37,0,11.8,,107,700000,,,,,63,32,16,11,19,18,5,1,3,59,30,16,11,14,16,5,1,3
64131,2026-04-08 15:55:57,30,30,1,accumulation,accumulation,coin,gold,1,false,25000,49369102761351,58081,5,5,1,9,0,0,0,0,2,1179,10000,37,2,11.8,,107,700000,,,,,64,32,16,11,19,20,5,1,3,60,30,16,11,14,18,5,1,3
64132,2026-04-08 15:55:59,3,3,3,attack,attack,attack,attack,2,true,0,49369102761351,58080,5,5,1,9,3,0,0,0,0,1179,10000,37,0,11.8,,107,700000,,,,,65,35,16,11,19,20,6,1,3,61,33,16,11,14,18,6,1,3
64133,2026-04-08 15:56:21,1,4,4,coin,steal,steal,gold,1,false,25000,49369128786351,58079,5,5,1,9,0,2,0,0,0,1179,10000,37,0,11.8,,107,700000,,,,,66,35,18,11,19,20,6,1,3,62,33,18,11,14,18,6,1,3
64134,2026-04-08 15:56:22,5,2,2,shield,goldSack,goldSack,gold,1,false,150000,49369128936351,58078,5,5,1,9,0,0,1,0,0,1179,10000,37,0,11.8,,107,700000,,,,"{""6cad4489"":""40\/1800@m6""}",67,35,18,12,19,20,6,1,3,63,33,18,12,14,18,6,1,3
64135,2026-04-08 15:56:23,1,4,4,coin,steal,steal,gold,1,false,25000,49369128961351,58077,5,5,1,9,0,2,0,0,0,1179,10000,37,0,11.8,,107,700000,,,,,68,35,20,12,19,20,6,1,3,64,33,20,12,14,18,6,1,3
64136,2026-04-08 15:56:25,1,1,6,coin,coin,spins,gold,1,false,50000,49369129011351,58076,5,5,1,9,0,0,0,1,0,1179,10000,37,0,11.8,,107,700000,,,,,69,35,20,12,20,20,6,1,3,65,33,20,12,15,18,6,1,3
64137,2026-04-08 15:56:26,3,1,5,attack,coin,shield,gold,1,false,25000,49369129036351,58075,5,5,1,9,1,0,1,0,0,1179,10000,37,0,11.8,,107,700000,,,,,70,36,20,13,20,20,6,1,3,66,34,20,13,15,18,6,1,3
64138,2026-04-08 15:56:27,3,4,2,attack,steal,goldSack,gold,1,false,100000,49369129136351,58074,5,5,1,9,1,1,0,0,0,1179,10000,37,0,11.8,,107,700000,,,,,71,37,21,13,20,20,6,1,3,67,35,21,13,15,18,6,1,3
64139,2026-04-08 15:56:28,3,3,3,attack,attack,attack,attack,2,true,0,49369129136351,58073,5,5,1,9,3,0,0,0,0,1179,10000,37,0,11.8,,107,700000,,,,,72,40,21,13,20,20,7,1,3,68,38,21,13,15,18,7,1,3
64140,2026-04-08 15:56:37,30,2,2,accumulation,goldSack,goldSack,gold,1,false,150000,49369137866351,58072,5,5,1,9,0,0,0,0,1,1180,10000,37,1,11.8,,107,700000,,,,,73,40,21,13,20,21,7,1,3,69,38,21,13,15,19,7,1,3
64141,2026-04-08 15:56:38,3,1,5,attack,coin,shield,gold,1,false,25000,49369137891351,58071,5,5,1,9,1,0,1,0,0,1180,10000,37,0,11.8,,107,700000,,,,,74,41,21,14,20,21,7,1,3,70,39,21,14,15,19,7,1,3
64142,2026-04-08 15:56:39,30,2,2,accumulation,goldSack,goldSack,gold,1,false,150000,49369138041351,58070,5,5,1,9,0,0,0,0,1,1181,10000,37,1,11.8,,107,700000,,,,,75,41,21,14,20,22,7,1,3,71,39,21,14,15,20,7,1,3
64143,2026-04-08 15:56:40,30,2,2,accumulation,goldSack,goldSack,gold,1,false,150000,49369138191351,58069,5,5,1,9,0,0,0,0,1,1182,10000,37,1,11.8,,107,700000,,,,,76,41,21,14,20,23,7,1,3,72,39,21,14,15,21,7,1,3
64144,2026-04-08 15:56:41,3,4,2,attack,steal,goldSack,gold,1,false,100000,49369138291351,58068,5,5,1,9,1,1,0,0,0,1182,10000,37,0,11.8,,107,700000,,,,,77,42,22,14,20,23,7,1,3,73,40,22,14,15,21,7,1,3
64145,2026-04-08 15:56:42,30,30,1,accumulation,accumulation,coin,gold,1,false,25000,49369138316351,58067,5,5,1,9,0,0,0,0,2,1184,10000,37,2,11.8,,107,700000,,,,"{""4fdd0917"":""215\/500@m15""}",78,42,22,14,20,25,7,1,3,74,40,22,14,15,23,7,1,3
64146,2026-04-08 15:56:43,3,3,2,attack,attack,goldSack,gold,1,false,100000,49369138416351,58066,5,5,1,9,2,0,0,0,0,1184,10000,37,0,11.8,,107,700000,,,,,79,44,22,14,20,25,7,1,3,75,42,22,14,15,23,7,1,3
64147,2026-04-08 15:56:44,3,4,2,attack,steal,goldSack,gold,1,false,100000,49369138516351,58065,5,5,1,9,1,1,0,0,0,1184,10000,37,0,11.8,,107,700000,,,,,80,45,23,14,20,25,7,1,3,76,43,23,14,15,23,7,1,3
64148,2026-04-08 15:56:45,3,1,1,attack,coin,coin,gold,1,false,50000,49369138566351,58064,5,5,1,9,1,0,0,0,0,1184,10000,37,0,11.8,,107,700000,,,,,81,46,23,14,20,25,7,1,3,77,44,23,14,15,23,7,1,3
64149,2026-04-08 15:56:46,4,4,4,steal,steal,steal,steal,4,true,0,49369138566351,58063,5,5,1,9,0,3,0,0,0,1184,10000,37,0,11.8,,107,700000,,,,,82,46,26,14,20,25,7,2,3,78,44,26,14,15,23,7,2,3
64150,2026-04-08 15:57:37,1,4,6,coin,steal,spins,gold,1,false,25000,49369180441351,58062,5,5,1,9,0,1,0,1,0,1184,10000,37,0,11.8,,107,700000,,,,,83,46,27,14,21,25,7,2,3,79,44,27,14,16,23,7,2,3
64151,2026-04-08 15:57:38,30,2,2,accumulation,goldSack,goldSack,gold,1,false,150000,49369180591351,58061,5,5,1,9,0,0,0,0,1,1185,10000,37,1,11.8,,107,700000,,,,"{""6cad4489"":""42\/1800@m6""}",84,46,27,14,21,26,7,2,3,80,44,27,14,16,24,7,2,3
64152,2026-04-08 15:57:39,2,2,2,goldSack,goldSack,goldSack,gold,1,true,2000000,49369182591351,58060,5,5,1,9,0,0,0,0,0,1185,10000,37,0,11.8,,107,700000,,,,,85,46,27,14,21,26,7,2,3,81,44,27,14,16,24,7,2,3
64153,2026-04-08 15:57:40,30,2,2,accumulation,goldSack,goldSack,gold,1,false,150000,49369182741351,58059,5,5,1,9,0,0,0,0,1,1186,10000,37,1,11.9,,107,700000,,,,,86,46,27,14,21,27,7,2,3,82,44,27,14,16,25,7,2,3
64154,2026-04-08 15:57:41,5,5,5,shield,shield,shield,shield,3,true,1,49369182741351,58059,5,5,1,9,0,0,3,0,0,1186,10000,37,0,11.9,,107,700000,,,,,87,46,27,17,21,27,7,2,4,83,44,27,17,16,25,7,2,4
64155,2026-04-08 15:57:42,3,6,2,attack,spins,goldSack,gold,1,false,100000,49369182841351,58058,5,5,1,9,1,0,0,1,0,1186,10000,37,0,11.9,,107,700000,,,,,88,47,27,17,22,27,7,2,4,84,45,27,17,17,25,7,2,4
64156,2026-04-08 15:57:43,3,4,2,attack,steal,goldSack,gold,1,false,100000,49369182941351,58057,5,5,1,9,1,1,0,0,0,1186,10000,37,0,11.9,,107,700000,,,,,89,48,28,17,22,27,7,2,4,85,46,28,17,17,25,7,2,4
64157,2026-04-08 15:57:45,3,3,2,attack,attack,goldSack,gold,1,false,100000,49369183041351,58056,5,5,1,9,2,0,0,0,0,1186,10000,37,0,11.9,,107,700000,,,,,90,50,28,17,22,27,7,2,4,86,48,28,17,17,25,7,2,4
64158,2026-04-08 15:57:47,3,5,2,attack,shield,goldSack,gold,1,false,100000,49369183141351,58055,5,5,1,9,1,0,1,0,0,1186,10000,37,0,11.9,,107,700000,,,,,91,51,28,18,22,27,7,2,4,87,49,28,18,17,25,7,2,4
64159,2026-04-08 15:57:48,2,2,2,goldSack,goldSack,goldSack,gold,1,true,2000000,49369185141351,58054,5,5,1,9,0,0,0,0,0,1186,10000,37,0,11.9,,107,700000,,,,,92,51,28,18,22,27,7,2,4,88,49,28,18,17,25,7,2,4
64160,2026-04-08 15:57:49,30,2,2,accumulation,goldSack,goldSack,gold,1,false,150000,49369185291351,58053,5,5,1,9,0,0,0,0,1,1187,10000,37,1,11.9,,107,700000,,,,,93,51,28,18,22,28,7,2,4,89,49,28,18,17,26,7,2,4
64161,2026-04-08 15:57:50,3,3,3,attack,attack,attack,attack,2,true,0,49369185291351,58052,5,5,1,9,3,0,0,0,0,1187,10000,37,0,11.9,,107,700000,,,,,94,54,28,18,22,28,8,2,4,90,52,28,18,17,26,8,2,4
64162,2026-04-08 15:58:46,1,1,4,coin,coin,steal,gold,1,false,50000,49369211341351,58051,5,5,1,9,0,1,0,0,0,1187,10000,37,0,11.9,,107,700000,,,,"{""4fdd0917"":""217\/500@m15""}",95,54,29,18,22,28,8,2,4,91,52,29,18,17,26,8,2,4
64163,2026-04-08 15:58:48,3,3,1,attack,attack,coin,gold,1,false,25000,49369211366351,58050,5,5,1,9,2,0,0,0,0,1187,10000,37,0,11.9,,107,700000,,,,,96,56,29,18,22,28,8,2,4,92,54,29,18,17,26,8,2,4
64164,2026-04-08 15:58:48,5,2,2,shield,goldSack,goldSack,gold,1,false,150000,49369211516351,58049,5,5,1,9,0,0,1,0,0,1187,10000,37,0,11.9,,107,700000,,,,,97,56,29,19,22,28,8,2,4,93,54,29,19,17,26,8,2,4
64165,2026-04-08 15:58:49,3,6,2,attack,spins,goldSack,gold,1,false,100000,49369211616351,58048,5,5,1,9,1,0,0,1,0,1187,10000,37,0,11.9,,107,700000,,,,,98,57,29,19,23,28,8,2,4,94,55,29,19,18,26,8,2,4
64166,2026-04-08 15:58:50,4,4,2,steal,steal,goldSack,gold,1,false,100000,49369211716351,58047,5,5,1,9,0,2,0,0,0,1187,10000,37,0,11.9,,107,700000,,,,,99,57,31,19,23,28,8,2,4,95,55,31,19,18,26,8,2,4
64167,2026-04-08 15:58:50,1,1,1,coin,coin,coin,gold,1,true,250000,49369211966351,58046,5,5,1,9,0,0,0,0,0,1187,10000,37,0,11.9,,107,700000,,,,"{""6cad4489"":""44\/1800@m6""}",100,57,31,19,23,28,8,2,4,96,55,31,19,18,26,8,2,4
64168,2026-04-08 15:58:52,30,30,1,accumulation,accumulation,coin,gold,1,false,25000,49369211991351,58045,5,5,1,9,0,0,0,0,2,1189,10000,37,2,11.9,,107,700000,,,,,101,57,31,19,23,30,8,2,4,97,55,31,19,18,28,8,2,4
64169,2026-04-08 15:58:53,1,1,1,coin,coin,coin,gold,1,true,250000,49369212241351,58044,5,5,1,9,0,0,0,0,0,1189,10000,37,0,11.9,,107,700000,,,,,102,57,31,19,23,30,8,2,4,98,55,31,19,18,28,8,2,4
64170,2026-04-08 15:58:54,3,1,4,attack,coin,steal,gold,1,false,25000,49369212266351,58043,5,5,1,9,1,1,0,0,0,1189,10000,37,0,11.9,,107,700000,,,,,103,58,32,19,23,30,8,2,4,99,56,32,19,18,28,8,2,4
64171,2026-04-08 15:58:54,4,6,2,steal,spins,goldSack,gold,1,false,100000,49369212366351,58042,5,5,1,9,0,1,0,1,0,1189,10000,37,0,11.9,,107,700000,,,,,104,58,33,19,24,30,8,2,4,100,56,33,19,19,28,8,2,4
64172,2026-04-08 15:58:55,30,2,2,accumulation,goldSack,goldSack,gold,1,false,150000,49369212516351,58041,5,5,1,9,0,0,0,0,1,1190,10000,37,1,11.9,,107,700000,,,,"{""4fdd0917"":""219\/500@m15""}",105,58,33,19,24,31,8,2,4,101,56,33,19,19,29,8,2,4
64173,2026-04-08 15:58:56,3,3,3,attack,attack,attack,attack,2,true,0,49369212516351,58040,5,5,1,9,3,0,0,0,0,1190,10000,37,0,11.9,,107,700000,,,,,106,61,33,19,24,31,9,2,4,102,59,33,19,19,29,9,2,4
64174,2026-04-08 16:00:51,1,4,4,coin,steal,steal,gold,1,false,25000,49369238541351,58041,5,5,1,9,0,2,0,0,0,1190,10000,37,0,11.9,,107,700000,,,,,107,61,35,19,24,31,9,2,4,103,59,35,19,19,29,9,2,4
64175,2026-04-08 16:00:52,30,2,2,accumulation,goldSack,goldSack,gold,1,false,150000,49369238691351,58040,5,5,1,9,0,0,0,0,1,1191,10000,37,1,11.9,,107,700000,,,,,108,61,35,19,24,32,9,2,4,104,59,35,19,19,30,9,2,4
64176,2026-04-08 16:00:53,30,2,2,accumulation,goldSack,goldSack,gold,1,false,150000,49369238841351,58039,5,5,1,9,0,0,0,0,1,1192,10000,37,1,11.9,,107,700000,,,,"{""6cad4489"":""46\/1800@m6""}",109,61,35,19,24,33,9,2,4,105,59,35,19,19,31,9,2,4
64177,2026-04-08 16:00:55,30,30,1,accumulation,accumulation,coin,gold,1,false,25000,49369238866351,58038,5,5,1,9,0,0,0,0,2,1194,10000,37,2,11.9,,107,700000,,,,,110,61,35,19,24,35,9,2,4,106,59,35,19,19,33,9,2,4
64178,2026-04-08 16:00:56,1,1,4,coin,coin,steal,gold,1,false,50000,49369238916351,58037,5,5,1,9,0,1,0,0,0,1194,10000,37,0,11.9,,107,700000,,,,,111,61,36,19,24,35,9,2,4,107,59,36,19,19,33,9,2,4
64179,2026-04-08 16:00:57,4,4,4,steal,steal,steal,steal,4,true,0,49369238916351,58036,5,5,1,9,0,3,0,0,0,1194,10000,37,0,11.9,,107,700000,,,,,112,61,39,19,24,35,9,3,4,108,59,39,19,19,33,9,3,4
64180,2026-04-08 16:01:02,3,3,3,attack,attack,attack,attack,2,true,0,49369411266351,58035,5,5,1,9,3,0,0,0,0,1194,10000,37,0,11.9,,107,700000,,,,,113,64,39,19,24,35,10,3,4,109,62,39,19,19,33,10,3,4
64181,2026-04-09 03:52:26,3,6,2,attack,spins,goldSack,gold,1,false,100000,49408787022629,58265,5,5,1,9,1,0,0,1,0,1194,10000,37,0,11.9,bonus_bs15_gae1_no,107,700000,,,,,114,65,39,19,25,35,10,3,4,110,63,39,19,20,33,10,3,4
64182,2026-04-09 03:52:27,1,1,4,coin,coin,steal,gold,1,false,50000,49408787072629,58264,5,5,1,9,0,1,0,0,0,1194,10000,37,0,11.9,bonus_bs15_gae1_no,107,700000,,,,,115,65,40,19,25,35,10,3,4,111,63,40,19,20,33,10,3,4
64183,2026-04-09 03:52:28,3,6,2,attack,spins,goldSack,gold,1,false,100000,49408787172629,58263,5,5,1,9,1,0,0,1,0,1194,10000,37,0,11.9,bonus_bs15_gae1_no,107,700000,,,,,116,66,40,19,26,35,10,3,4,112,64,40,19,21,33,10,3,4
64184,2026-04-09 03:53:46,5,5,5,shield,shield,shield,shield,3,true,1,49408787172629,58263,5,5,1,9,0,0,3,0,0,1194,10000,37,0,11.9,bonus_bs15_gae1_no,107,700000,,,,,117,66,40,22,26,35,10,3,5,113,64,40,22,21,33,10,3,5
64185,2026-04-09 03:53:47,30,30,1,accumulation,accumulation,coin,gold,1,false,25000,49408787197629,58262,5,5,1,9,0,0,0,0,2,1196,10000,37,2,12.0,bonus_bs15_gae1_no,107,700000,,,,,118,66,40,22,26,37,10,3,5,114,64,40,22,21,35,10,3,5
64186,2026-04-09 03:53:49,2,2,2,goldSack,goldSack,goldSack,gold,1,true,2000000,49408789197629,58261,5,5,1,9,0,0,0,0,0,1196,10000,37,0,12.0,bonus_bs15_gae1_no,107,700000,,,,,119,66,40,22,26,37,10,3,5,115,64,40,22,21,35,10,3,5
64187,2026-04-09 03:53:51,3,3,1,attack,attack,coin,gold,1,false,25000,49408789222629,58260,5,5,1,9,2,0,0,0,0,1196,10000,37,0,12.0,bonus_bs15_gae1_no,107,700000,,,,,120,68,40,22,26,37,10,3,5,116,66,40,22,21,35,10,3,5
64188,2026-04-09 03:53:52,3,6,2,attack,spins,goldSack,gold,1,false,100000,49408789322629,58259,5,5,1,9,1,0,0,1,0,1196,10000,37,0,12.0,bonus_bs15_gae1_no,107,700000,,,,,121,69,40,22,27,37,10,3,5,117,67,40,22,22,35,10,3,5
64189,2026-04-09 03:53:57,4,6,2,steal,spins,goldSack,gold,1,false,100000,49408789422629,58258,5,5,1,9,0,1,0,1,0,1196,10000,37,0,12.0,bonus_bs15_gae1_no,107,700000,,,,"{""6cad4489"":""48\/1800@m6""}",122,69,41,22,28,37,10,3,5,118,67,41,22,23,35,10,3,5
64190,2026-04-09 03:54:00,3,6,2,attack,spins,goldSack,gold,1,false,100000,49408789522629,58257,5,5,1,9,1,0,0,1,0,1196,10000,37,0,12.0,bonus_bs15_gae1_no,107,700000,,,,,123,70,41,22,29,37,10,3,5,119,68,41,22,24,35,10,3,5
64191,2026-04-09 03:54:01,3,3,3,attack,attack,attack,attack,2,true,0,49408789522629,58256,5,5,1,9,3,0,0,0,0,1196,10000,37,0,12.0,bonus_bs15_gae1_no,107,700000,,,,,124,73,41,22,29,37,11,3,5,120,71,41,22,24,35,11,3,5
64192,2026-04-09 03:57:25,3,6,2,attack,spins,goldSack,gold,1,false,100000,49408815622629,58255,5,5,1,9,1,0,0,1,0,1196,10000,37,0,12.0,bonus_bs15_gae1_no,107,700000,,,,,125,74,41,22,30,37,11,3,5,121,72,41,22,25,35,11,3,5
64193,2026-04-09 03:57:26,4,6,2,steal,spins,goldSack,gold,1,false,100000,49408815722629,58254,5,5,1,9,0,1,0,1,0,1196,10000,37,0,12.0,bonus_bs15_gae1_no,107,700000,,,,,126,74,42,22,31,37,11,3,5,122,72,42,22,26,35,11,3,5
64194,2026-04-09 03:57:29,3,5,2,attack,shield,goldSack,gold,1,false,100000,49408815822629,58253,5,5,1,9,1,0,1,0,0,1196,10000,37,0,12.0,bonus_bs15_gae1_no,107,700000,,,,,127,75,42,23,31,37,11,3,5,123,73,42,23,26,35,11,3,5
64195,2026-04-09 03:57:31,30,30,1,accumulation,accumulation,coin,gold,1,false,25000,49408815847629,58252,5,5,1,9,0,0,0,0,2,1198,10000,37,2,12.0,bonus_bs15_gae1_no,107,700000,,,,,128,75,42,23,31,39,11,3,5,124,73,42,23,26,37,11,3,5
64196,2026-04-09 03:57:36,2,2,2,goldSack,goldSack,goldSack,gold,1,true,100000000,49408915847629,58202,5,5,50,9,0,0,0,0,0,1198,10000,37,0,12.0,bonus_bs15_gae1_no,107,700000,,,,,129,75,42,23,31,39,11,3,5,125,73,42,23,26,37,11,3,5
64197,2026-04-09 03:57:37,3,1,5,attack,coin,shield,gold,1,false,1250000,49408917097629,58152,5,5,50,9,1,0,1,0,0,1198,10000,37,0,12.0,bonus_bs15_gae1_no,107,700000,,,,"{""4fdd0917"":""319\/500@m15""}",130,76,42,24,31,39,11,3,5,126,74,42,24,26,37,11,3,5
64198,2026-04-09 03:57:38,1,1,4,coin,coin,steal,gold,1,false,2500000,49408919597629,58102,5,5,50,9,0,1,0,0,0,1198,10000,37,0,12.0,bonus_bs15_gae1_no,107,700000,,,,,131,76,43,24,31,39,11,3,5,127,74,43,24,26,37,11,3,5
64199,2026-04-09 03:57:41,3,6,2,attack,spins,goldSack,gold,1,false,5000000,49408924597629,58052,5,5,50,9,1,0,0,1,0,1198,10000,37,0,12.0,bonus_bs15_gae1_no,107,700000,,,,,132,77,43,24,32,39,11,3,5,128,75,43,24,27,37,11,3,5
64200,2026-04-09 03:57:43,1,1,1,coin,coin,coin,gold,1,true,12500000,49408937097629,58002,5,5,50,9,0,0,0,0,0,1198,10000,37,0,12.0,bonus_bs15_gae1_no,107,700000,,,,,133,77,43,24,32,39,11,3,5,129,75,43,24,27,37,11,3,5
64201,2026-04-09 03:57:44,3,3,3,attack,attack,attack,attack,2,true,0,49408937097629,57952,5,5,50,9,3,0,0,0,0,1198,10000,37,0,12.0,bonus_bs15_gae1_no,107,700000,,,,,134,80,43,24,32,39,12,3,5,130,78,43,24,27,37,12,3,5
64202,2026-04-09 03:57:50,3,3,3,attack,attack,attack,attack,2,true,0,49409366097629,57902,5,5,50,9,3,0,0,0,0,1198,10000,37,0,12.0,bonus_bs15_gae1_no,107,700000,,,,,135,83,43,24,32,39,13,3,5,131,81,43,24,27,37,13,3,5
64203,2026-04-09 03:57:55,3,6,2,attack,spins,goldSack,gold,1,false,5000000,49410671097629,57852,5,5,50,9,1,0,0,1,0,1198,10000,37,0,12.0,bonus_bs15_gae1_no,107,700000,,,,,136,84,43,24,33,39,13,3,5,132,82,43,24,28,37,13,3,5
64204,2026-04-09 03:57:58,30,2,2,accumulation,goldSack,goldSack,gold,1,false,7500000,49410678597629,57802,5,5,50,9,0,0,0,0,1,1248,10000,37,50,12.5,bonus_bs15_gae1_no,107,700000,,,,,137,84,43,24,33,40,13,3,5,133,82,43,24,28,38,13,3,5
64205,2026-04-09 03:58:00,30,30,1,accumulation,accumulation,coin,gold,1,false,10000000,49410688597629,57402,5,5,400,9,0,0,0,0,2,2048,10000,37,800,20.5,bonus_bs15_gae1_no,107,700000,,,,,138,84,43,24,33,42,13,3,5,134,82,43,24,28,40,13,3,5
64206,2026-04-09 03:58:03,3,3,3,attack,attack,attack,attack,2,true,0,49410688597629,57002,5,5,400,9,3,0,0,0,0,2048,10000,37,0,20.5,bonus_bs15_gae1_no,107,700000,,,,,139,87,43,24,33,42,14,3,5,135,85,43,24,28,40,14,3,5
64207,2026-04-09 03:58:11,3,3,2,attack,attack,goldSack,gold,1,false,5000000,49414125597629,56952,5,5,50,9,2,0,0,0,0,2048,10000,37,0,20.5,bonus_bs15_gae1_no,107,700000,,,,,140,89,43,24,33,42,14,3,5,136,87,43,24,28,40,14,3,5
64208,2026-04-09 03:58:12,30,30,1,accumulation,accumulation,coin,gold,1,false,1250000,49414126847629,56902,5,5,50,9,0,0,0,0,2,2148,10000,37,100,21.5,bonus_bs15_gae1_no,107,700000,,,,"{""6cad4489"":""148\/1800@m6""}",141,89,43,24,33,44,14,3,5,137,87,43,24,28,42,14,3,5
64209,2026-04-09 03:58:14,1,6,6,coin,spins,spins,gold,1,false,1250000,49414128097629,56852,5,5,50,9,0,0,0,2,0,2148,10000,37,0,21.5,bonus_bs15_gae1_no,107,700000,,,,,142,89,43,24,35,44,14,3,5,138,87,43,24,30,42,14,3,5
64210,2026-04-09 03:58:16,3,6,2,attack,spins,goldSack,gold,1,false,5000000,49414133097629,56802,5,5,50,9,1,0,0,1,0,2148,10000,37,0,21.5,bonus_bs15_gae1_no,107,700000,,,,"{""4fdd0917"":""419\/500@m15""}",143,90,43,24,36,44,14,3,5,139,88,43,24,31,42,14,3,5
64211,2026-04-09 03:58:18,30,2,2,accumulation,goldSack,goldSack,gold,1,false,60000000,49414193097629,56402,5,5,400,9,0,0,0,0,1,2548,10000,37,400,25.5,bonus_bs15_gae1_no,107,700000,,,,,144,90,43,24,36,45,14,3,5,140,88,43,24,31,43,14,3,5
64212,2026-04-09 03:58:20,1,1,1,coin,coin,coin,gold,1,true,100000000,49414293097629,56002,5,5,400,9,0,0,0,0,0,2548,10000,37,0,25.5,bonus_bs15_gae1_no,107,700000,,,,,145,90,43,24,36,45,14,3,5,141,88,43,24,31,43,14,3,5
64213,2026-04-09 03:58:21,1,6,6,coin,spins,spins,gold,1,false,10000000,49414303097629,55602,5,5,400,9,0,0,0,2,0,2548,10000,37,0,25.5,bonus_bs15_gae1_no,107,700000,,,,,146,90,43,24,38,45,14,3,5,142,88,43,24,33,43,14,3,5
64214,2026-04-09 03:58:22,3,6,2,attack,spins,goldSack,gold,1,false,40000000,49414343097629,55202,5,5,400,9,1,0,0,1,0,2548,10000,37,0,25.5,bonus_bs15_gae1_no,107,700000,,,,,147,91,43,24,39,45,14,3,5,143,89,43,24,34,43,14,3,5
64215,2026-04-09 03:58:23,30,2,2,accumulation,goldSack,goldSack,gold,1,false,60000000,49414403097629,54802,5,5,400,9,0,0,0,0,1,2948,10000,37,400,29.5,bonus_bs15_gae1_no,107,700000,,,,,148,91,43,24,39,46,14,3,5,144,89,43,24,34,44,14,3,5
64216,2026-04-09 03:58:25,3,3,2,attack,attack,goldSack,gold,1,false,40000000,49414443097629,54402,5,5,400,9,2,0,0,0,0,2948,10000,37,0,29.5,bonus_bs15_gae1_no,107,700000,,,,,149,93,43,24,39,46,14,3,5,145,91,43,24,34,44,14,3,5
64217,2026-04-09 03:58:26,3,1,4,attack,coin,steal,gold,1,false,10000000,49414453097629,54002,5,5,400,9,1,1,0,0,0,2948,10000,37,0,29.5,bonus_bs15_gae1_no,107,700000,,,,,150,94,44,24,39,46,14,3,5,146,92,44,24,34,44,14,3,5
64218,2026-04-09 03:58:27,1,4,4,coin,steal,steal,gold,1,false,10000000,49414463097629,53602,5,5,400,9,0,2,0,0,0,2948,10000,37,0,29.5,bonus_bs15_gae1_no,107,700000,,,,,151,94,46,24,39,46,14,3,5,147,92,46,24,34,44,14,3,5
64219,2026-04-09 03:58:28,1,1,4,coin,coin,steal,gold,1,false,20000000,49414483097629,53202,5,5,400,9,0,1,0,0,0,2948,10000,37,0,29.5,bonus_bs15_gae1_no,107,700000,,,,,152,94,47,24,39,46,14,3,5,148,92,47,24,34,44,14,3,5
64220,2026-04-09 03:58:30,1,1,4,coin,coin,steal,gold,1,false,20000000,49414503097629,52802,5,5,400,9,0,1,0,0,0,2948,10000,37,0,29.5,bonus_bs15_gae1_no,107,700000,,,,,153,94,48,24,39,46,14,3,5,149,92,48,24,34,44,14,3,5
64221,2026-04-09 03:58:31,3,6,2,attack,spins,goldSack,gold,1,false,40000000,49414543097629,52402,5,5,400,9,1,0,0,1,0,2948,10000,37,0,29.5,bonus_bs15_gae1_no,107,700000,,,,,154,95,48,24,40,46,14,3,5,150,93,48,24,35,44,14,3,5
64222,2026-04-09 03:58:32,3,3,2,attack,attack,goldSack,gold,1,false,40000000,49414583097629,52002,5,5,400,9,2,0,0,0,0,2948,10000,37,0,29.5,bonus_bs15_gae1_no,107,700000,,,,,155,97,48,24,40,46,14,3,5,151,95,48,24,35,44,14,3,5
64223,2026-04-09 03:58:34,3,3,3,attack,attack,attack,attack,2,true,0,49414583097629,51602,5,5,400,9,3,0,0,0,0,2948,10000,37,0,29.5,bonus_bs15_gae1_no,107,700000,,,,,156,100,48,24,40,46,15,3,5,152,98,48,24,35,44,15,3,5
64224,2026-04-09 03:58:39,1,4,4,coin,steal,steal,gold,1,false,10000000,49424993097629,51502,5,5,400,9,0,2,0,0,0,2948,10000,37,0,29.5,bonus_bs15_gae1_no,107,700000,,,,"{""6cad4489"":""948\/1800@m6""}",157,100,50,24,40,46,15,3,5,153,98,50,24,35,44,15,3,5
64225,2026-04-09 03:58:40,30,30,1,accumulation,accumulation,coin,gold,1,false,10000000,49425003097629,51102,5,5,400,9,0,0,0,0,2,3748,10000,37,800,37.5,bonus_bs15_gae1_no,107,700000,,,,,158,100,50,24,40,48,15,3,5,154,98,50,24,35,46,15,3,5
64226,2026-04-09 03:58:42,30,2,2,accumulation,goldSack,goldSack,gold,1,false,60000000,49425063097629,50702,5,5,400,9,0,0,0,0,1,4148,10000,37,400,41.5,bonus_bs15_gae1_no,107,700000,,,,,159,100,50,24,40,49,15,3,5,155,98,50,24,35,47,15,3,5
64227,2026-04-09 03:58:44,1,1,4,coin,coin,steal,gold,1,false,20000000,49425083097629,50302,5,5,400,9,0,1,0,0,0,4148,10000,37,0,41.5,bonus_bs15_gae1_no,107,700000,,,,,160,100,51,24,40,49,15,3,5,156,98,51,24,35,47,15,3,5
64228,2026-04-09 03:58:45,1,1,1,coin,coin,coin,gold,1,true,100000000,49425183097629,49902,5,5,400,9,0,0,0,0,0,4148,10000,37,0,41.5,bonus_bs15_gae1_no,107,700000,,,,,161,100,51,24,40,49,15,3,5,157,98,51,24,35,47,15,3,5
64229,2026-04-09 03:58:46,30,2,2,accumulation,goldSack,goldSack,gold,1,false,60000000,49425243097629,49502,5,5,400,9,0,0,0,0,1,4548,10000,37,400,45.5,bonus_bs15_gae1_no,107,700000,,,,,162,100,51,24,40,50,15,3,5,158,98,51,24,35,48,15,3,5
64230,2026-04-09 03:58:47,3,6,2,attack,spins,goldSack,gold,1,false,40000000,49425283097629,49102,5,5,400,9,1,0,0,1,0,4548,10000,37,0,45.5,bonus_bs15_gae1_no,107,700000,,,,,163,101,51,24,41,50,15,3,5,159,99,51,24,36,48,15,3,5
64231,2026-04-09 03:58:49,3,3,3,attack,attack,attack,attack,2,true,0,49425283097629,48702,5,5,400,9,3,0,0,0,0,4548,10000,37,0,45.5,bonus_bs15_gae1_no,107,700000,,,,"{""4fdd0917"":""219\/500@m17""}",164,104,51,24,41,50,16,3,5,160,102,51,24,36,48,16,3,5
64232,2026-04-09 03:58:55,1,6,6,coin,spins,spins,gold,1,false,10000000,49446725097629,48302,5,5,400,9,0,0,0,2,0,4548,10000,37,0,45.5,bonus_bs15_gae1_no,107,700000,,,,,165,104,51,24,43,50,16,3,5,161,102,51,24,38,48,16,3,5
64233,2026-04-09 03:58:56,2,2,2,goldSack,goldSack,goldSack,gold,1,true,800000000,49447525097629,47902,5,5,400,9,0,0,0,0,0,4548,10000,37,0,45.5,bonus_bs15_gae1_no,107,700000,,,,,166,104,51,24,43,50,16,3,5,162,102,51,24,38,48,16,3,5
64234,2026-04-09 03:59:00,1,1,4,coin,coin,steal,gold,1,false,20000000,49447545097629,47502,5,5,400,9,0,1,0,0,0,4548,10000,37,0,45.5,,107,700000,,,,,167,104,52,24,43,50,16,3,5,163,102,52,24,38,48,16,3,5
64235,2026-04-09 03:59:01,30,30,1,accumulation,accumulation,coin,gold,1,false,10000000,49447555097629,47102,5,5,400,9,0,0,0,0,2,5348,10000,37,800,53.5,,107,700000,,,,"{""6cad4489"":""1748\/1800@m6""}",168,104,52,24,43,52,16,3,5,164,102,52,24,38,50,16,3,5
64236,2026-04-09 03:59:03,3,6,2,attack,spins,goldSack,gold,1,false,40000000,49447595097629,46702,5,5,400,9,1,0,0,1,0,5348,10000,37,0,53.5,,107,700000,,,,,169,105,52,24,44,52,16,3,5,165,103,52,24,39,50,16,3,5
64237,2026-04-09 03:59:04,3,3,2,attack,attack,goldSack,gold,1,false,40000000,49447635097629,46302,5,5,400,9,2,0,0,0,0,5348,10000,37,0,53.5,,107,700000,,,,,170,107,52,24,44,52,16,3,5,166,105,52,24,39,50,16,3,5
64238,2026-04-09 03:59:07,3,3,3,attack,attack,attack,attack,2,true,0,49447635097629,45902,5,5,400,9,3,0,0,0,0,5348,10000,37,0,53.5,,107,700000,,,,,171,110,52,24,44,52,17,3,5,167,108,52,24,39,50,17,3,5
64239,2026-04-09 03:59:14,30,2,2,accumulation,goldSack,goldSack,gold,1,false,225000000,49451292097629,44402,5,5,1500,9,0,0,0,0,1,6848,10000,37,1500,68.5,,107,700000,,,,,172,110,52,24,44,53,17,3,5,168,108,52,24,39,51,17,3,5
64240,2026-04-09 04:01:52,2,2,2,goldSack,goldSack,goldSack,gold,1,true,2000000,49451294097629,44401,5,5,1,9,0,0,0,0,0,6848,10000,37,0,68.5,,107,700000,,,,,173,110,52,24,44,53,17,3,5,169,108,52,24,39,51,17,3,5
64241,2026-04-09 04:01:58,30,2,2,accumulation,goldSack,goldSack,gold,1,false,150000,49451294247629,44400,5,5,1,9,0,0,0,0,1,6849,10000,37,1,68.5,,107,700000,,,,"{""4fdd0917"":""221\/500@m17""}",174,110,52,24,44,54,17,3,5,170,108,52,24,39,52,17,3,5
64242,2026-04-09 04:01:59,30,2,2,accumulation,goldSack,goldSack,gold,1,false,150000,49451294397629,44399,5,5,1,9,0,0,0,0,1,6850,10000,37,1,68.5,,107,700000,,,,,175,110,52,24,44,55,17,3,5,171,108,52,24,39,53,17,3,5
64243,2026-04-09 04:02:02,3,3,2,attack,attack,goldSack,gold,1,false,40000000,49451334397629,43999,5,5,400,9,2,0,0,0,0,6850,10000,37,0,68.5,,107,700000,,,,,176,112,52,24,44,55,17,3,5,172,110,52,24,39,53,17,3,5
64244,2026-04-09 04:02:06,30,2,2,accumulation,goldSack,goldSack,gold,1,false,60000000,49451394397629,43599,5,5,400,9,0,0,0,0,1,7250,10000,37,400,72.5,,107,700000,,,,,177,112,52,24,44,56,17,3,5,173,110,52,24,39,54,17,3,5
64245,2026-04-09 04:02:08,30,30,1,accumulation,accumulation,coin,gold,1,false,10000000,49451404397629,43199,5,5,400,9,0,0,0,0,2,8050,10000,37,800,80.5,,107,700000,,,,,178,112,52,24,44,58,17,3,5,174,110,52,24,39,56,17,3,5
64246,2026-04-09 04:02:11,30,2,2,accumulation,goldSack,goldSack,gold,1,false,60000000,49451464397629,42799,5,5,400,9,0,0,0,0,1,8450,10000,37,400,84.5,,107,700000,,,,,179,112,52,24,44,59,17,3,5,175,110,52,24,39,57,17,3,5
64247,2026-04-09 04:02:14,3,4,2,attack,steal,goldSack,gold,1,false,40000000,49451504397629,42399,5,5,400,9,1,1,0,0,0,8450,10000,37,0,84.5,,107,700000,,,,"{""6cad4489"":""748\/2500@m7""}",180,113,53,24,44,59,17,3,5,176,111,53,24,39,57,17,3,5
64248,2026-04-09 04:02:16,30,30,30,accumulation,accumulation,accumulation,gold,10,true,0,49451504397629,41999,5,5,400,9,0,0,0,0,3,1500,20000,42,0,7.5,,107,700000,,,,,181,113,53,24,44,62,17,3,5,177,111,53,24,39,60,17,3,5
64249,2026-04-09 04:15:37,30,2,2,accumulation,goldSack,goldSack,gold,1,false,150000,49451295861629,61998,5,5,1,9,0,0,0,0,1,1501,20000,42,1,7.5,,107,700000,,,,,1,0,0,0,0,1,0,0,0,178,111,53,24,39,61,17,3,5
64250,2026-04-09 04:15:39,30,2,2,accumulation,goldSack,goldSack,gold,1,false,150000,49451296011629,61997,5,5,1,9,0,0,0,0,1,1502,20000,42,1,7.5,,107,700000,,,,,2,0,0,0,0,2,0,0,0,179,111,53,24,39,62,17,3,5
64251,2026-04-09 04:15:41,3,3,2,attack,attack,goldSack,gold,1,false,100000,49451296111629,61996,5,5,1,9,2,0,0,0,0,1502,20000,42,0,7.5,,107,700000,,,,,3,2,0,0,0,2,0,0,0,180,113,53,24,39,62,17,3,5
64252,2026-04-09 04:15:42,3,3,2,attack,attack,goldSack,gold,1,false,100000,49451296211629,61995,5,5,1,9,2,0,0,0,0,1502,20000,42,0,7.5,,107,700000,,,,"{""6cad4489"":""750\/2500@m7""}",4,4,0,0,0,2,0,0,0,181,115,53,24,39,62,17,3,5
64253,2026-04-09 04:15:43,30,2,2,accumulation,goldSack,goldSack,gold,1,false,150000,49451296361629,61994,5,5,1,9,0,0,0,0,1,1503,20000,42,1,7.5,,107,700000,,,,,5,4,0,0,0,3,0,0,0,182,115,53,24,39,63,17,3,5
64254,2026-04-09 04:15:45,30,2,2,accumulation,goldSack,goldSack,gold,1,false,150000,49451296511629,61993,5,5,1,9,0,0,0,0,1,1504,20000,42,1,7.5,,107,700000,,,,,6,4,0,0,0,4,0,0,0,183,115,53,24,39,64,17,3,5
64255,2026-04-09 04:15:46,3,3,3,attack,attack,attack,attack,2,true,0,49451296511629,61992,5,5,1,9,3,0,0,0,0,1504,20000,42,0,7.5,,107,700000,,,,,7,7,0,0,0,4,1,0,0,184,118,53,24,39,64,18,3,5
64256,2026-04-09 04:15:51,1,1,1,coin,coin,coin,gold,1,true,250000,49451322761629,61991,5,5,1,9,0,0,0,0,0,1504,20000,42,0,7.5,,107,700000,,,,,8,7,0,0,0,4,1,0,0,185,118,53,24,39,64,18,3,5
64257,2026-04-09 04:15:52,6,6,6,spins,spins,spins,spins,5,true,10,49451322761629,62000,5,5,1,9,0,0,0,3,0,1504,20000,42,0,7.5,,107,700000,,,,"{""4fdd0917"":""223\/500@m17""}",9,7,0,0,3,4,1,0,0,186,118,53,24,42,64,18,3,5
64258,2026-04-09 04:16:04,2,2,2,goldSack,goldSack,goldSack,gold,1,true,2000000,49451324761629,61999,5,5,1,9,0,0,0,0,0,1504,20000,42,0,7.5,,107,700000,,,,,10,7,0,0,3,4,1,0,0,1,0,0,0,0,0,0,0,0
64259,2026-04-09 04:16:04,1,1,6,coin,coin,spins,gold,1,false,50000,49451324811629,61998,5,5,1,9,0,0,0,1,0,1504,20000,42,0,7.5,,107,700000,,,,,11,7,0,0,4,4,1,0,0,2,0,0,0,1,0,0,0,0
64260,2026-04-09 04:16:05,1,4,6,coin,steal,spins,gold,1,false,25000,49451324836629,61997,5,5,1,9,0,1,0,1,0,1504,20000,42,0,7.5,,107,700000,,,,,12,7,1,0,5,4,1,0,0,3,0,1,0,2,0,0,0,0
64261,2026-04-09 04:16:06,1,1,1,coin,coin,coin,gold,1,true,250000,49451325086629,61996,5,5,1,9,0,0,0,0,0,1504,20000,42,0,7.5,,107,700000,,,,,13,7,1,0,5,4,1,0,0,4,0,1,0,2,0,0,0,0
64262,2026-04-09 04:16:07,3,4,2,attack,steal,goldSack,gold,1,false,100000,49451325186629,61995,5,5,1,9,1,1,0,0,0,1504,20000,42,0,7.5,,107,700000,,,,,14,8,2,0,5,4,1,0,0,5,1,2,0,2,0,0,0,0
64263,2026-04-09 04:16:07,2,2,2,goldSack,goldSack,goldSack,gold,1,true,2000000,49451327186629,61994,5,5,1,9,0,0,0,0,0,1504,20000,42,0,7.5,,107,700000,,,,,15,8,2,0,5,4,1,0,0,6,1,2,0,2,0,0,0,0
64264,2026-04-09 04:16:08,5,5,5,shield,shield,shield,shield,3,true,1,49451327186629,61994,5,5,1,9,0,0,3,0,0,1504,20000,42,0,7.5,,107,700000,,,,,16,8,2,3,5,4,1,0,1,7,1,2,3,2,0,0,0,1
64265,2026-04-09 04:16:09,4,4,4,steal,steal,steal,steal,4,true,0,49451327186629,61993,5,5,1,9,0,3,0,0,0,1504,20000,42,0,7.5,,107,700000,,,,,17,8,5,3,5,4,1,1,1,8,1,5,3,2,0,0,1,1
64266,2026-04-09 04:16:15,2,2,2,goldSack,goldSack,goldSack,gold,1,true,2000000,49451466568629,61992,5,5,1,9,0,0,0,0,0,1504,20000,42,0,7.5,,107,700000,,,,,18,8,5,3,5,4,1,1,1,9,1,5,3,2,0,0,1,1
64267,2026-04-09 04:16:16,2,2,2,goldSack,goldSack,goldSack,gold,1,true,2000000,49451468568629,61991,5,5,1,9,0,0,0,0,0,1504,20000,42,0,7.5,,107,700000,,,,,19,8,5,3,5,4,1,1,1,10,1,5,3,2,0,0,1,1
64268,2026-04-09 04:16:17,3,6,2,attack,spins,goldSack,gold,1,false,100000,49451468668629,61990,5,5,1,9,1,0,0,1,0,1504,20000,42,0,7.5,,107,700000,,,,,20,9,5,3,6,4,1,1,1,11,2,5,3,3,0,0,1,1
64269,2026-04-09 04:16:17,2,2,2,goldSack,goldSack,goldSack,gold,1,true,2000000,49451470668629,61989,5,5,1,9,0,0,0,0,0,1504,20000,42,0,7.5,,107,700000,,,,"{""6cad4489"":""752\/2500@m7""}",21,9,5,3,6,4,1,1,1,12,2,5,3,3,0,0,1,1
64270,2026-04-09 04:16:18,5,2,2,shield,goldSack,goldSack,gold,1,false,150000,49451470818629,61988,5,5,1,9,0,0,1,0,0,1504,20000,42,0,7.5,,107,700000,,,,,22,9,5,4,6,4,1,1,1,13,2,5,4,3,0,0,1,1
64271,2026-04-09 04:16:19,30,30,1,accumulation,accumulation,coin,gold,1,false,25000,49451470843629,61987,5,5,1,9,0,0,0,0,2,1506,20000,42,2,7.5,,107,700000,,,,,23,9,5,4,6,6,1,1,1,14,2,5,4,3,2,0,1,1
64272,2026-04-09 04:16:20,1,1,6,coin,coin,spins,gold,1,false,50000,49451470893629,61986,5,5,1,9,0,0,0,1,0,1506,20000,42,0,7.5,,107,700000,,,,"{""6cad4489"":""754\/2500@m7"",""4fdd0917"":""225\/500@m17""}",24,9,5,4,7,6,1,1,1,15,2,5,4,4,2,0,1,1
64273,2026-04-09 04:16:21,3,3,3,attack,attack,attack,attack,2,true,0,49451470893629,61985,5,5,1,9,3,0,0,0,0,1506,20000,42,0,7.5,,107,700000,,,,,25,12,5,4,7,6,2,1,1,16,5,5,4,4,2,1,1,1
64274,2026-04-09 04:20:36,3,4,2,attack,steal,goldSack,gold,1,false,100000,49451479573629,61984,5,5,1,9,1,1,0,0,0,1506,20000,42,0,7.5,,107,700000,,,,,26,13,6,4,7,6,2,1,1,17,6,6,4,4,2,1,1,1
64275,2026-04-09 04:20:36,3,3,3,attack,attack,attack,attack,2,true,0,49451479573629,61983,5,5,1,9,3,0,0,0,0,1506,20000,42,0,7.5,,107,700000,,,,,27,16,6,4,7,6,3,1,1,18,9,6,4,4,2,2,1,1
64276,2026-04-09 04:20:40,30,2,2,accumulation,goldSack,goldSack,gold,1,false,150000,49451488303629,61982,5,5,1,9,0,0,0,0,1,1507,20000,42,1,7.5,,107,700000,,,,,28,16,6,4,7,7,3,1,1,19,9,6,4,4,3,2,1,1
64277,2026-04-09 04:20:41,2,2,2,goldSack,goldSack,goldSack,gold,1,true,2000000,49451490303629,61981,5,5,1,9,0,0,0,0,0,1507,20000,42,0,7.5,,107,700000,,,,,29,16,6,4,7,7,3,1,1,20,9,6,4,4,3,2,1,1
64278,2026-04-09 04:20:42,3,1,5,attack,coin,shield,gold,1,false,25000,49451490328629,61980,5,5,1,9,1,0,1,0,0,1507,20000,42,0,7.5,,107,700000,,,,,30,17,6,5,7,7,3,1,1,21,10,6,5,4,3,2,1,1
64279,2026-04-09 04:20:43,30,30,1,accumulation,accumulation,coin,gold,1,false,25000,49451490353629,61979,5,5,1,9,0,0,0,0,2,1509,20000,42,2,7.5,,107,700000,,,,,31,17,6,5,7,9,3,1,1,22,10,6,5,4,5,2,1,1
64280,2026-04-09 04:20:44,1,4,6,coin,steal,spins,gold,1,false,25000,49451490378629,61978,5,5,1,9,0,1,0,1,0,1509,20000,42,0,7.5,,107,700000,,,,,32,17,7,5,8,9,3,1,1,23,10,7,5,5,5,2,1,1
64281,2026-04-09 04:20:45,1,1,1,coin,coin,coin,gold,1,true,250000,49451490628629,61977,5,5,1,9,0,0,0,0,0,1509,20000,42,0,7.5,,107,700000,,,,,33,17,7,5,8,9,3,1,1,24,10,7,5,5,5,2,1,1
64282,2026-04-09 04:20:46,4,4,4,steal,steal,steal,steal,4,true,0,49451490628629,61976,5,5,1,9,0,3,0,0,0,1509,20000,42,0,7.5,,107,700000,,,,,34,17,10,5,8,9,3,2,1,25,10,10,5,5,5,2,2,1
64283,2026-04-09 04:20:54,1,1,6,coin,coin,spins,gold,1,false,50000,49451608728629,61975,5,5,1,9,0,0,0,1,0,1509,20000,42,0,7.5,,107,700000,,,,,35,17,10,5,9,9,3,2,1,26,10,10,5,6,5,2,2,1
64284,2026-04-09 04:20:55,30,30,1,accumulation,accumulation,coin,gold,1,false,25000,49451608753629,61974,5,5,1,9,0,0,0,0,2,1511,20000,42,2,7.6,,107,700000,,,,,36,17,10,5,9,11,3,2,1,27,10,10,5,6,7,2,2,1
64285,2026-04-09 04:20:57,30,2,2,accumulation,goldSack,goldSack,gold,1,false,150000,49451608903629,61973,5,5,1,9,0,0,0,0,1,1512,20000,42,1,7.6,,107,700000,,,,,37,17,10,5,9,12,3,2,1,28,10,10,5,6,8,2,2,1
64286,2026-04-09 04:20:58,1,6,6,coin,spins,spins,gold,1,false,25000,49451608928629,61972,5,5,1,9,0,0,0,2,0,1512,20000,42,0,7.6,,107,700000,,,,,38,17,10,5,11,12,3,2,1,29,10,10,5,8,8,2,2,1
64287,2026-04-09 04:20:58,3,4,2,attack,steal,goldSack,gold,1,false,100000,49451609028629,61971,5,5,1,9,1,1,0,0,0,1512,20000,42,0,7.6,,107,700000,,,,,39,18,11,5,11,12,3,2,1,30,11,11,5,8,8,2,2,1
64288,2026-04-09 04:20:59,5,5,5,shield,shield,shield,shield,3,true,1,49451609028629,61971,5,5,1,9,0,0,3,0,0,1512,20000,42,0,7.6,,107,700000,,,,,40,18,11,8,11,12,3,2,2,31,11,11,8,8,8,2,2,2
64289,2026-04-09 04:21:00,1,1,1,coin,coin,coin,gold,1,true,250000,49451609278629,61970,5,5,1,9,0,0,0,0,0,1512,20000,42,0,7.6,,107,700000,,,,,41,18,11,8,11,12,3,2,2,32,11,11,8,8,8,2,2,2
64290,2026-04-09 04:21:00,1,4,4,coin,steal,steal,gold,1,false,25000,49451609303629,61969,5,5,1,9,0,2,0,0,0,1512,20000,42,0,7.6,,107,700000,,,,,42,18,13,8,11,12,3,2,2,33,11,13,8,8,8,2,2,2
64291,2026-04-09 04:21:01,1,1,6,coin,coin,spins,gold,1,false,50000,49451609353629,61968,5,5,1,9,0,0,0,1,0,1512,20000,42,0,7.6,,107,700000,,,,"{""6cad4489"":""756\/2500@m7""}",43,18,13,8,12,12,3,2,2,34,11,13,8,9,8,2,2,2
64292,2026-04-09 04:21:02,30,30,1,accumulation,accumulation,coin,gold,1,false,25000,49451609378629,61967,5,5,1,9,0,0,0,0,2,1514,20000,42,2,7.6,,107,700000,,,,,44,18,13,8,12,14,3,2,2,35,11,13,8,9,10,2,2,2
64293,2026-04-09 04:21:03,1,4,4,coin,steal,steal,gold,1,false,25000,49451609403629,61966,5,5,1,9,0,2,0,0,0,1514,20000,42,0,7.6,,107,700000,,,,,45,18,15,8,12,14,3,2,2,36,11,15,8,9,10,2,2,2
64294,2026-04-09 04:21:04,30,2,2,accumulation,goldSack,goldSack,gold,1,false,150000,49451609553629,61965,5,5,1,9,0,0,0,0,1,1515,20000,42,1,7.6,,107,700000,,,,,46,18,15,8,12,15,3,2,2,37,11,15,8,9,11,2,2,2
64295,2026-04-09 04:21:05,3,3,2,attack,attack,goldSack,gold,1,false,100000,49451609653629,61964,5,5,1,9,2,0,0,0,0,1515,20000,42,0,7.6,,107,700000,,,,,47,20,15,8,12,15,3,2,2,38,13,15,8,9,11,2,2,2
64296,2026-04-09 04:21:05,3,3,3,attack,attack,attack,attack,2,true,0,49451609653629,61963,5,5,1,9,3,0,0,0,0,1515,20000,42,0,7.6,,107,700000,,,,"{""4fdd0917"":""227\/500@m17""}",48,23,15,8,12,15,4,2,2,39,16,15,8,9,11,3,2,2
64297,2026-04-09 04:21:10,1,1,1,coin,coin,coin,gold,1,true,250000,49451635903629,61962,5,5,1,9,0,0,0,0,0,1515,20000,42,0,7.6,,107,700000,,,,,49,23,15,8,12,15,4,2,2,40,16,15,8,9,11,3,2,2
64298,2026-04-09 04:21:10,1,4,4,coin,steal,steal,gold,1,false,25000,49451635928629,61961,5,5,1,9,0,2,0,0,0,1515,20000,42,0,7.6,,107,700000,,,,,50,23,17,8,12,15,4,2,2,41,16,17,8,9,11,3,2,2
64299,2026-04-09 04:21:11,30,2,2,accumulation,goldSack,goldSack,gold,1,false,150000,49451636078629,61960,5,5,1,9,0,0,0,0,1,1516,20000,42,1,7.6,,107,700000,,,,,51,23,17,8,12,16,4,2,2,42,16,17,8,9,12,3,2,2
64300,2026-04-09 04:21:12,5,5,5,shield,shield,shield,shield,3,true,1,49451636078629,61960,5,5,1,9,0,0,3,0,0,1516,20000,42,0,7.6,,107,700000,,,,,52,23,17,11,12,16,4,2,3,43,16,17,11,9,12,3,2,3
64301,2026-04-09 04:21:13,1,1,6,coin,coin,spins,gold,1,false,50000,49451636128629,61959,5,5,1,9,0,0,0,1,0,1516,20000,42,0,7.6,,107,700000,,,,,53,23,17,11,13,16,4,2,3,44,16,17,11,10,12,3,2,3
64302,2026-04-09 04:21:13,3,4,2,attack,steal,goldSack,gold,1,false,100000,49451636228629,61958,5,5,1,9,1,1,0,0,0,1516,20000,42,0,7.6,,107,700000,,,,,54,24,18,11,13,16,4,2,3,45,17,18,11,10,12,3,2,3
64303,2026-04-09 04:21:14,1,6,6,coin,spins,spins,gold,1,false,25000,49451636253629,61957,5,5,1,9,0,0,0,2,0,1516,20000,42,0,7.6,,107,700000,,,,,55,24,18,11,15,16,4,2,3,46,17,18,11,12,12,3,2,3
64304,2026-04-09 04:21:15,30,2,2,accumulation,goldSack,goldSack,gold,1,false,150000,49451636403629,61956,5,5,1,9,0,0,0,0,1,1517,20000,42,1,7.6,,107,700000,,,,,56,24,18,11,15,17,4,2,3,47,17,18,11,12,13,3,2,3
64305,2026-04-09 04:21:16,30,2,2,accumulation,goldSack,goldSack,gold,1,false,150000,49451636553629,61955,5,5,1,9,0,0,0,0,1,1518,20000,42,1,7.6,,107,700000,,,,,57,24,18,11,15,18,4,2,3,48,17,18,11,12,14,3,2,3
64306,2026-04-09 04:21:17,1,1,1,coin,coin,coin,gold,1,true,250000,49451636803629,61954,5,5,1,9,0,0,0,0,0,1518,20000,42,0,7.6,,107,700000,,,,,58,24,18,11,15,18,4,2,3,49,17,18,11,12,14,3,2,3
64307,2026-04-09 04:21:18,4,4,4,steal,steal,steal,steal,4,true,0,49451636803629,61953,5,5,1,9,0,3,0,0,0,1518,20000,42,0,7.6,,107,700000,,,,,59,24,21,11,15,18,4,3,3,50,17,21,11,12,14,3,3,3
64308,2026-04-09 04:21:23,1,1,6,coin,coin,spins,gold,1,false,50000,49451800515629,61952,5,5,1,9,0,0,0,1,0,1518,20000,42,0,7.6,,107,700000,,,,,60,24,21,11,16,18,4,3,3,51,17,21,11,13,14,3,3,3
64309,2026-04-09 04:21:24,1,4,6,coin,steal,spins,gold,1,false,25000,49451800540629,61951,5,5,1,9,0,1,0,1,0,1518,20000,42,0,7.6,,107,700000,,,,,61,24,22,11,17,18,4,3,3,52,17,22,11,14,14,3,3,3
64310,2026-04-09 04:21:25,1,1,6,coin,coin,spins,gold,1,false,50000,49451800590629,61950,5,5,1,9,0,0,0,1,0,1518,20000,42,0,7.6,,107,700000,,,,"{""6cad4489"":""758\/2500@m7""}",62,24,22,11,18,18,4,3,3,53,17,22,11,15,14,3,3,3
64311,2026-04-09 04:21:26,3,4,2,attack,steal,goldSack,gold,1,false,100000,49451800690629,61949,5,5,1,9,1,1,0,0,0,1518,20000,42,0,7.6,,107,700000,,,,,63,25,23,11,18,18,4,3,3,54,18,23,11,15,14,3,3,3
64312,2026-04-09 04:21:26,3,3,3,attack,attack,attack,attack,2,true,0,49451800690629,61948,5,5,1,9,3,0,0,0,0,1518,20000,42,0,7.6,,107,700000,,,,,64,28,23,11,18,18,5,3,3,55,21,23,11,15,14,4,3,3
64313,2026-04-09 04:21:30,3,3,3,attack,attack,attack,attack,2,true,0,49451809270629,61947,5,5,1,9,3,0,0,0,0,1518,20000,42,0,7.6,,107,700000,,,,,65,31,23,11,18,18,6,3,3,56,24,23,11,15,14,5,3,3
64314,2026-04-09 04:21:34,1,1,1,coin,coin,coin,gold,1,true,250000,49451818100629,61946,5,5,1,9,0,0,0,0,0,1518,20000,42,0,7.6,,107,700000,,,,,66,31,23,11,18,18,6,3,3,57,24,23,11,15,14,5,3,3
64315,2026-04-09 04:21:35,30,2,2,accumulation,goldSack,goldSack,gold,1,false,150000,49451818250629,61945,5,5,1,9,0,0,0,0,1,1519,20000,42,1,7.6,,107,700000,,,,,67,31,23,11,18,19,6,3,3,58,24,23,11,15,15,5,3,3
64316,2026-04-09 04:21:35,3,4,2,attack,steal,goldSack,gold,1,false,100000,49451818350629,61944,5,5,1,9,1,1,0,0,0,1519,20000,42,0,7.6,,107,700000,,,,,68,32,24,11,18,19,6,3,3,59,25,24,11,15,15,5,3,3
64317,2026-04-09 04:21:36,3,1,5,attack,coin,shield,gold,1,false,25000,49451818375629,61943,5,5,1,9,1,0,1,0,0,1519,20000,42,0,7.6,,107,700000,,,,"{""6cad4489"":""760\/2500@m7""}",69,33,24,12,18,19,6,3,3,60,26,24,12,15,15,5,3,3
64318,2026-04-09 04:21:37,30,2,2,accumulation,goldSack,goldSack,gold,1,false,150000,49451818525629,61942,5,5,1,9,0,0,0,0,1,1520,20000,42,1,7.6,,107,700000,,,,,70,33,24,12,18,20,6,3,3,61,26,24,12,15,16,5,3,3
64319,2026-04-09 04:21:38,1,1,6,coin,coin,spins,gold,1,false,50000,49451818575629,61941,5,5,1,9,0,0,0,1,0,1520,20000,42,0,7.6,,107,700000,,,,"{""4fdd0917"":""229\/500@m17""}",71,33,24,12,19,20,6,3,3,62,26,24,12,16,16,5,3,3
64320,2026-04-09 04:21:39,3,1,5,attack,coin,shield,gold,1,false,25000,49451818600629,61940,5,5,1,9,1,0,1,0,0,1520,20000,42,0,7.6,,107,700000,,,,,72,34,24,13,19,20,6,3,3,63,27,24,13,16,16,5,3,3
64321,2026-04-09 04:21:40,1,1,6,coin,coin,spins,gold,1,false,50000,49451818650629,61939,5,5,1,9,0,0,0,1,0,1520,20000,42,0,7.6,,107,700000,,,,,73,34,24,13,20,20,6,3,3,64,27,24,13,17,16,5,3,3
64322,2026-04-09 04:21:41,30,30,3,accumulation,accumulation,attack,gold,6,false,0,49451818650629,61938,5,5,1,9,1,0,0,0,2,1522,20000,42,2,7.6,,107,700000,,,,,74,35,24,13,20,22,6,3,3,65,28,24,13,17,18,5,3,3
64323,2026-04-09 04:21:42,5,5,5,shield,shield,shield,shield,3,true,1,49451818650629,61938,5,5,1,9,0,0,3,0,0,1522,20000,42,0,7.6,,107,700000,,,,"{""6cad4489"":""762\/2500@m7""}",75,35,24,16,20,22,6,3,4,66,28,24,16,17,18,5,3,4
64324,2026-04-09 04:21:43,3,1,5,attack,coin,shield,gold,1,false,25000,49451818675629,61937,5,5,1,9,1,0,1,0,0,1522,20000,42,0,7.6,,107,700000,,,,,76,36,24,17,20,22,6,3,4,67,29,24,17,17,18,5,3,4
64325,2026-04-09 04:21:43,1,1,6,coin,coin,spins,gold,1,false,50000,49451818725629,61936,5,5,1,9,0,0,0,1,0,1522,20000,42,0,7.6,,107,700000,,,,,77,36,24,17,21,22,6,3,4,68,29,24,17,18,18,5,3,4
64326,2026-04-09 04:21:44,1,4,6,coin,steal,spins,gold,1,false,25000,49451818750629,61935,5,5,1,9,0,1,0,1,0,1522,20000,42,0,7.6,,107,700000,,,,,78,36,25,17,22,22,6,3,4,69,29,25,17,19,18,5,3,4
64327,2026-04-09 04:21:45,30,2,2,accumulation,goldSack,goldSack,gold,1,false,150000,49451818900629,61934,5,5,1,9,0,0,0,0,1,1523,20000,42,1,7.6,,107,700000,,,,,79,36,25,17,22,23,6,3,4,70,29,25,17,19,19,5,3,4
64328,2026-04-09 04:21:45,3,4,2,attack,steal,goldSack,gold,1,false,100000,49451819000629,61933,5,5,1,9,1,1,0,0,0,1523,20000,42,0,7.6,,107,700000,,,,"{""4fdd0917"":""231\/500@m17""}",80,37,26,17,22,23,6,3,4,71,30,26,17,19,19,5,3,4
64329,2026-04-09 04:21:46,1,6,6,coin,spins,spins,gold,1,false,25000,49451819025629,61932,5,5,1,9,0,0,0,2,0,1523,20000,42,0,7.6,,107,700000,,,,,81,37,26,17,24,23,6,3,4,72,30,26,17,21,19,5,3,4
64330,2026-04-09 04:21:47,3,4,2,attack,steal,goldSack,gold,1,false,100000,49451819125629,61931,5,5,1,9,1,1,0,0,0,1523,20000,42,0,7.6,,107,700000,,,,,82,38,27,17,24,23,6,3,4,73,31,27,17,21,19,5,3,4
64331,2026-04-09 04:21:48,3,3,2,attack,attack,goldSack,gold,1,false,100000,49451819225629,61930,5,5,1,9,2,0,0,0,0,1523,20000,42,0,7.6,,107,700000,,,,,83,40,27,17,24,23,6,3,4,74,33,27,17,21,19,5,3,4
64332,2026-04-09 04:21:48,3,4,2,attack,steal,goldSack,gold,1,false,100000,49451819325629,61929,5,5,1,9,1,1,0,0,0,1523,20000,42,0,7.6,,107,700000,,,,,84,41,28,17,24,23,6,3,4,75,34,28,17,21,19,5,3,4
64333,2026-04-09 04:21:49,3,4,2,attack,steal,goldSack,gold,1,false,100000,49451819425629,61928,5,5,1,9,1,1,0,0,0,1523,20000,42,0,7.6,,107,700000,,,,,85,42,29,17,24,23,6,3,4,76,35,29,17,21,19,5,3,4
64334,2026-04-09 04:21:49,30,2,2,accumulation,goldSack,goldSack,gold,1,false,150000,49451819575629,61927,5,5,1,9,0,0,0,0,1,1524,20000,42,1,7.6,,107,700000,,,,,86,42,29,17,24,24,6,3,4,77,35,29,17,21,20,5,3,4
64335,2026-04-09 04:21:51,1,4,6,coin,steal,spins,gold,1,false,25000,49451819600629,61926,5,5,1,9,0,1,0,1,0,1524,20000,42,0,7.6,,107,700000,,,,,87,42,30,17,25,24,6,3,4,78,35,30,17,22,20,5,3,4
64336,2026-04-09 04:21:51,2,2,2,goldSack,goldSack,goldSack,gold,1,true,2000000,49451821600629,61925,5,5,1,9,0,0,0,0,0,1524,20000,42,0,7.6,,107,700000,,,,,88,42,30,17,25,24,6,3,4,79,35,30,17,22,20,5,3,4
64337,2026-04-09 04:21:52,3,3,2,attack,attack,goldSack,gold,1,false,100000,49451821700629,61924,5,5,1,9,2,0,0,0,0,1524,20000,42,0,7.6,,107,700000,,,,,89,44,30,17,25,24,6,3,4,80,37,30,17,22,20,5,3,4
64338,2026-04-09 04:21:53,3,4,2,attack,steal,goldSack,gold,1,false,100000,49451821800629,61923,5,5,1,9,1,1,0,0,0,1524,20000,42,0,7.6,,107,700000,,,,,90,45,31,17,25,24,6,3,4,81,38,31,17,22,20,5,3,4
64339,2026-04-09 04:21:53,3,3,3,attack,attack,attack,attack,2,true,0,49451821800629,61922,5,5,1,9,3,0,0,0,0,1524,20000,42,0,7.6,,107,700000,,,,,91,48,31,17,25,24,7,3,4,82,41,31,17,22,20,6,3,4
64340,2026-04-09 04:21:57,1,5,5,coin,shield,shield,gold,1,false,25000,49451830405629,61921,5,5,1,9,0,0,2,0,0,1524,20000,42,0,7.6,,107,700000,,,,"{""6cad4489"":""764\/2500@m7""}",92,48,31,19,25,24,7,3,4,83,41,31,19,22,20,6,3,4
64341,2026-04-09 04:21:58,30,30,1,accumulation,accumulation,coin,gold,1,false,25000,49451830430629,61920,5,5,1,9,0,0,0,0,2,1526,20000,42,2,7.6,,107,700000,,,,,93,48,31,19,25,26,7,3,4,84,41,31,19,22,22,6,3,4
64342,2026-04-09 04:21:59,3,4,2,attack,steal,goldSack,gold,1,false,100000,49451830530629,61919,5,5,1,9,1,1,0,0,0,1526,20000,42,0,7.6,,107,700000,,,,,94,49,32,19,25,26,7,3,4,85,42,32,19,22,22,6,3,4
64343,2026-04-09 04:21:59,4,6,2,steal,spins,goldSack,gold,1,false,100000,49451830630629,61918,5,5,1,9,0,1,0,1,0,1526,20000,42,0,7.6,,107,700000,,,,,95,49,33,19,26,26,7,3,4,86,42,33,19,23,22,6,3,4
64344,2026-04-09 04:22:05,2,2,2,goldSack,goldSack,goldSack,gold,1,true,2000000,49451832630629,61917,5,5,1,9,0,0,0,0,0,1526,20000,42,0,7.6,,107,700000,,,,"{""4fdd0917"":""233\/500@m17""}",96,49,33,19,26,26,7,3,4,87,42,33,19,23,22,6,3,4
64345,2026-04-09 04:22:06,1,1,1,coin,coin,coin,gold,1,true,250000,49451832880629,61916,5,5,1,9,0,0,0,0,0,1526,20000,42,0,7.6,,107,700000,,,,,97,49,33,19,26,26,7,3,4,88,42,33,19,23,22,6,3,4
64346,2026-04-09 04:22:06,3,4,2,attack,steal,goldSack,gold,1,false,100000,49451832980629,61915,5,5,1,9,1,1,0,0,0,1526,20000,42,0,7.6,,107,700000,,,,,98,50,34,19,26,26,7,3,4,89,43,34,19,23,22,6,3,4
64347,2026-04-09 04:22:07,5,5,5,shield,shield,shield,shield,3,true,1,49451832980629,61915,5,5,1,9,0,0,3,0,0,1526,20000,42,0,7.6,,107,700000,,,,"{""6cad4489"":""766\/2500@m7""}",99,50,34,22,26,26,7,3,5,90,43,34,22,23,22,6,3,5
64348,2026-04-09 04:22:08,1,6,6,coin,spins,spins,gold,1,false,25000,49451833005629,61914,5,5,1,9,0,0,0,2,0,1526,20000,42,0,7.6,,107,700000,,,,,100,50,34,22,28,26,7,3,5,91,43,34,22,25,22,6,3,5
64349,2026-04-09 04:22:08,3,3,3,attack,attack,attack,attack,2,true,0,49451833005629,61913,5,5,1,9,3,0,0,0,0,1526,20000,42,0,7.6,,107,700000,,,,,101,53,34,22,28,26,8,3,5,92,46,34,22,25,22,7,3,5
64350,2026-04-09 04:22:13,4,4,4,steal,steal,steal,steal,4,true,0,49451841585629,61912,5,5,1,9,0,3,0,0,0,1526,20000,42,0,7.6,,107,700000,,,,,102,53,37,22,28,26,8,4,5,93,46,37,22,25,22,7,4,5
64351,2026-04-09 04:22:19,3,1,5,attack,coin,shield,gold,1,false,25000,49452015515629,61911,5,5,1,9,1,0,1,0,0,1526,20000,42,0,7.6,,107,700000,,,,,103,54,37,23,28,26,8,4,5,94,47,37,23,25,22,7,4,5
64352,2026-04-09 04:22:20,1,1,1,coin,coin,coin,gold,1,true,250000,49452015765629,61910,5,5,1,9,0,0,0,0,0,1526,20000,42,0,7.6,,107,700000,,,,,104,54,37,23,28,26,8,4,5,95,47,37,23,25,22,7,4,5
64353,2026-04-09 04:22:21,1,1,1,coin,coin,coin,gold,1,true,250000,49452016015629,61909,5,5,1,9,0,0,0,0,0,1526,20000,42,0,7.6,,107,700000,,,,,105,54,37,23,28,26,8,4,5,96,47,37,23,25,22,7,4,5
64354,2026-04-09 04:22:21,4,6,2,steal,spins,goldSack,gold,1,false,100000,49452016115629,61908,5,5,1,9,0,1,0,1,0,1526,20000,42,0,7.6,,107,700000,,,,,106,54,38,23,29,26,8,4,5,97,47,38,23,26,22,7,4,5
64355,2026-04-09 04:22:22,3,1,1,attack,coin,coin,gold,1,false,50000,49452016165629,61907,5,5,1,9,1,0,0,0,0,1526,20000,42,0,7.6,,107,700000,,,,,107,55,38,23,29,26,8,4,5,98,48,38,23,26,22,7,4,5
64356,2026-04-09 04:22:23,3,1,1,attack,coin,coin,gold,1,false,50000,49452016215629,61906,5,5,1,9,1,0,0,0,0,1526,20000,42,0,7.6,,107,700000,,,,"{""4fdd0917"":""235\/500@m17""}",108,56,38,23,29,26,8,4,5,99,49,38,23,26,22,7,4,5
64357,2026-04-09 04:22:25,1,4,4,coin,steal,steal,gold,1,false,25000,49452016240629,61905,5,5,1,9,0,2,0,0,0,1526,20000,42,0,7.6,,107,700000,,,,"{""6cad4489"":""768\/2500@m7""}",109,56,40,23,29,26,8,4,5,100,49,40,23,26,22,7,4,5
64358,2026-04-09 04:22:26,5,5,5,shield,shield,shield,shield,3,true,1,49452016240629,61905,5,5,1,9,0,0,3,0,0,1526,20000,42,0,7.6,,107,700000,,,,,110,56,40,26,29,26,8,4,6,101,49,40,26,26,22,7,4,6
64359,2026-04-09 04:22:27,3,3,1,attack,attack,coin,gold,1,false,25000,49452016265629,61904,5,5,1,9,2,0,0,0,0,1526,20000,42,0,7.6,,107,700000,,,,"{""6cad4489"":""770\/2500@m7""}",111,58,40,26,29,26,8,4,6,102,51,40,26,26,22,7,4,6
64360,2026-04-09 04:22:29,5,5,5,shield,shield,shield,shield,3,true,1,49452016265629,61904,5,5,1,9,0,0,3,0,0,1526,20000,42,0,7.6,,107,700000,,,,,112,58,40,29,29,26,8,4,7,103,51,40,29,26,22,7,4,7
64361,2026-04-09 04:22:30,1,5,5,coin,shield,shield,gold,1,false,25000,49452016290629,61903,5,5,1,9,0,0,2,0,0,1526,20000,42,0,7.6,,107,700000,,,,,113,58,40,31,29,26,8,4,7,104,51,40,31,26,22,7,4,7
64362,2026-04-09 04:22:31,4,6,2,steal,spins,goldSack,gold,1,false,100000,49452016390629,61902,5,5,1,9,0,1,0,1,0,1526,20000,42,0,7.6,,107,700000,,,,,114,58,41,31,30,26,8,4,7,105,51,41,31,27,22,7,4,7
64363,2026-04-09 04:22:32,2,2,2,goldSack,goldSack,goldSack,gold,1,true,2000000,49452018390629,61901,5,5,1,9,0,0,0,0,0,1526,20000,42,0,7.6,,107,700000,,,,,115,58,41,31,30,26,8,4,7,106,51,41,31,27,22,7,4,7
64364,2026-04-09 04:22:33,30,2,2,accumulation,goldSack,goldSack,gold,1,false,150000,49452018540629,61900,5,5,1,9,0,0,0,0,1,1527,20000,42,1,7.6,,107,700000,,,,,116,58,41,31,30,27,8,4,7,107,51,41,31,27,23,7,4,7
64365,2026-04-09 04:22:34,3,3,3,attack,attack,attack,attack,2,true,0,49452018540629,61899,5,5,1,9,3,0,0,0,0,1527,20000,42,0,7.6,,107,700000,,,,"{""4fdd0917"":""237\/500@m17""}",117,61,41,31,30,27,9,4,7,108,54,41,31,27,23,8,4,7
64366,2026-04-09 04:22:38,30,2,2,accumulation,goldSack,goldSack,gold,1,false,150000,49452044690629,61898,5,5,1,9,0,0,0,0,1,1528,20000,42,1,7.6,,107,700000,,,,,118,61,41,31,30,28,9,4,7,109,54,41,31,27,24,8,4,7
64367,2026-04-09 04:22:39,3,3,3,attack,attack,attack,attack,2,true,0,49452044690629,61897,5,5,1,9,3,0,0,0,0,1528,20000,42,0,7.6,,107,700000,,,,,119,64,41,31,30,28,10,4,7,110,57,41,31,27,24,9,4,7
64368,2026-04-09 04:22:44,30,2,2,accumulation,goldSack,goldSack,gold,1,false,150000,49452070840629,61896,5,5,1,9,0,0,0,0,1,1529,20000,42,1,7.6,,107,700000,,,,,120,64,41,31,30,29,10,4,7,111,57,41,31,27,25,9,4,7
64369,2026-04-09 04:22:46,5,5,5,shield,shield,shield,shield,3,true,1,49452070840629,61896,5,5,1,9,0,0,3,0,0,1529,20000,42,0,7.6,,107,700000,,,,,121,64,41,34,30,29,10,4,8,112,57,41,34,27,25,9,4,8
64370,2026-04-09 04:22:47,3,3,1,attack,attack,coin,gold,1,false,25000,49452070865629,61895,5,5,1,9,2,0,0,0,0,1529,20000,42,0,7.6,,107,700000,,,,,122,66,41,34,30,29,10,4,8,113,59,41,34,27,25,9,4,8
64371,2026-04-09 04:22:48,3,3,3,attack,attack,attack,attack,2,true,0,49452070865629,61894,5,5,1,9,3,0,0,0,0,1529,20000,42,0,7.6,,107,700000,,,,,123,69,41,34,30,29,11,4,8,114,62,41,34,27,25,10,4,8
64372,2026-04-09 04:22:52,30,2,2,accumulation,goldSack,goldSack,gold,1,false,150000,49452079595629,61893,5,5,1,9,0,0,0,0,1,1530,20000,42,1,7.6,,107,700000,,,,,124,69,41,34,30,30,11,4,8,115,62,41,34,27,26,10,4,8
64373,2026-04-09 04:22:54,3,1,1,attack,coin,coin,gold,1,false,50000,49452079645629,61892,5,5,1,9,1,0,0,0,0,1530,20000,42,0,7.6,,107,700000,,,,,125,70,41,34,30,30,11,4,8,116,63,41,34,27,26,10,4,8
64374,2026-04-09 04:22:55,6,6,6,spins,spins,spins,spins,5,true,10,49452079645629,61901,5,5,1,9,0,0,0,3,0,1530,20000,42,0,7.6,,107,700000,,,,,126,70,41,34,33,30,11,4,8,117,63,41,34,30,26,10,4,8
64375,2026-04-09 04:22:57,1,6,6,coin,spins,spins,gold,1,false,25000,49452079670629,61900,5,5,1,9,0,0,0,2,0,1530,20000,42,0,7.6,,107,700000,,,,,127,70,41,34,35,30,11,4,8,1,0,0,0,2,0,0,0,0
64376,2026-04-09 04:22:59,4,6,2,steal,spins,goldSack,gold,1,false,100000,49452079770629,61899,5,5,1,9,0,1,0,1,0,1530,20000,42,0,7.6,,107,700000,,,,,128,70,42,34,36,30,11,4,8,2,0,1,0,3,0,0,0,0
64377,2026-04-09 04:23:04,30,2,2,accumulation,goldSack,goldSack,gold,1,false,150000,49452079920629,61898,5,5,1,9,0,0,0,0,1,1531,20000,42,1,7.7,,107,700000,,,,"{""6cad4489"":""772\/2500@m7""}",129,70,42,34,36,31,11,4,8,3,0,1,0,3,1,0,0,0
64378,2026-04-09 04:23:05,5,5,5,shield,shield,shield,shield,3,true,1,49452079920629,61898,5,5,1,9,0,0,3,0,0,1531,20000,42,0,7.7,,107,700000,,,,,130,70,42,37,36,31,11,4,9,4,0,1,3,3,1,0,0,1
64379,2026-04-09 04:23:07,2,2,2,goldSack,goldSack,goldSack,gold,1,true,2000000,49452081920629,61897,5,5,1,9,0,0,0,0,0,1531,20000,42,0,7.7,,107,700000,,,,,131,70,42,37,36,31,11,4,9,5,0,1,3,3,1,0,0,1
64380,2026-04-09 04:23:08,3,3,1,attack,attack,coin,gold,1,false,25000,49452081945629,61896,5,5,1,9,2,0,0,0,0,1531,20000,42,0,7.7,,107,700000,,,,,132,72,42,37,36,31,11,4,9,6,2,1,3,3,1,0,0,1
64381,2026-04-09 04:23:09,3,1,5,attack,coin,shield,gold,1,false,25000,49452081970629,61895,5,5,1,9,1,0,1,0,0,1531,20000,42,0,7.7,,107,700000,,,,,133,73,42,38,36,31,11,4,9,7,3,1,4,3,1,0,0,1
64382,2026-04-09 04:23:10,30,30,1,accumulation,accumulation,coin,gold,1,false,25000,49452081995629,61894,5,5,1,9,0,0,0,0,2,1533,20000,42,2,7.7,,107,700000,,,,,134,73,42,38,36,33,11,4,9,8,3,1,4,3,3,0,0,1
64383,2026-04-09 04:23:11,4,6,2,steal,spins,goldSack,gold,1,false,100000,49452082095629,61893,5,5,1,9,0,1,0,1,0,1533,20000,42,0,7.7,,107,700000,,,,,135,73,43,38,37,33,11,4,9,9,3,2,4,4,3,0,0,1
64384,2026-04-09 04:23:14,4,6,2,steal,spins,goldSack,gold,1,false,100000,49452082195629,61892,5,5,1,9,0,1,0,1,0,1533,20000,42,0,7.7,,107,700000,,,,,136,73,44,38,38,33,11,4,9,10,3,3,4,5,3,0,0,1
64385,2026-04-09 04:23:17,2,2,2,goldSack,goldSack,goldSack,gold,1,true,2000000,49452084195629,61891,5,5,1,9,0,0,0,0,0,1533,20000,42,0,7.7,,107,700000,,,,,137,73,44,38,38,33,11,4,9,11,3,3,4,5,3,0,0,1
64386,2026-04-09 04:23:19,3,3,1,attack,attack,coin,gold,1,false,25000,49452084220629,61890,5,5,1,9,2,0,0,0,0,1533,20000,42,0,7.7,,107,700000,,,,"{""6cad4489"":""774\/2500@m7""}",138,75,44,38,38,33,11,4,9,12,5,3,4,5,3,0,0,1
64387,2026-04-09 04:23:20,1,1,1,coin,coin,coin,gold,1,true,250000,49452084470629,61889,5,5,1,9,0,0,0,0,0,1533,20000,42,0,7.7,,107,700000,,,,,139,75,44,38,38,33,11,4,9,13,5,3,4,5,3,0,0,1
64388,2026-04-09 04:23:21,3,3,1,attack,attack,coin,gold,1,false,25000,49452084495629,61888,5,5,1,9,2,0,0,0,0,1533,20000,42,0,7.7,,107,700000,,,,"{""4fdd0917"":""239\/500@m17""}",140,77,44,38,38,33,11,4,9,14,7,3,4,5,3,0,0,1
64389,2026-04-09 04:23:22,4,6,2,steal,spins,goldSack,gold,1,false,100000,49452084595629,61887,5,5,1,9,0,1,0,1,0,1533,20000,42,0,7.7,,107,700000,,,,,141,77,45,38,39,33,11,4,9,15,7,4,4,6,3,0,0,1
64390,2026-04-09 04:23:23,1,1,1,coin,coin,coin,gold,1,true,250000,49452084845629,61886,5,5,1,9,0,0,0,0,0,1533,20000,42,0,7.7,,107,700000,,,,,142,77,45,38,39,33,11,4,9,16,7,4,4,6,3,0,0,1
64391,2026-04-09 04:23:27,3,4,2,attack,steal,goldSack,gold,1,false,40000000,49452124845629,61486,5,5,400,9,1,1,0,0,0,1533,20000,42,0,7.7,,107,700000,,,,,143,78,46,38,39,33,11,4,9,17,8,5,4,6,3,0,0,1
64392,2026-04-09 04:23:28,30,2,2,accumulation,goldSack,goldSack,gold,1,false,60000000,49452184845629,61086,5,5,400,9,0,0,0,0,1,1933,20000,42,400,9.7,,107,700000,,,,,144,78,46,38,39,34,11,4,9,18,8,5,4,6,4,0,0,1
64393,2026-04-09 04:23:29,3,4,2,attack,steal,goldSack,gold,1,false,40000000,49452224845629,60686,5,5,400,9,1,1,0,0,0,1933,20000,42,0,9.7,,107,700000,,,,,145,79,47,38,39,34,11,4,9,19,9,6,4,6,4,0,0,1
64394,2026-04-09 04:23:30,30,2,2,accumulation,goldSack,goldSack,gold,1,false,60000000,49452284845629,60286,5,5,400,9,0,0,0,0,1,2333,20000,42,400,11.7,,107,700000,,,,,146,79,47,38,39,35,11,4,9,20,9,6,4,6,5,0,0,1
64395,2026-04-09 04:51:07,1,1,6,coin,coin,spins,gold,1,false,50000,49452284895629,60285,5,5,1,9,0,0,0,1,0,2333,20000,42,0,11.7,,107,700000,,,,,147,79,47,38,40,35,11,4,9,21,9,6,4,7,5,0,0,1
64396,2026-04-09 04:51:08,3,3,3,attack,attack,attack,attack,2,true,0,49452284895629,60284,5,5,1,9,3,0,0,0,0,2333,20000,42,0,11.7,,107,700000,,,,,148,82,47,38,40,35,12,4,9,22,12,6,4,7,5,1,0,1
64397,2026-04-09 04:51:43,1,6,6,coin,spins,spins,gold,1,false,25000,49452293500629,60283,5,5,1,9,0,0,0,2,0,2333,20000,42,0,11.7,,107,700000,,,,"{""4fdd0917"":""241\/500@m17""}",149,82,47,38,42,35,12,4,9,23,12,6,4,9,5,1,0,1
64398,2026-04-09 04:51:44,1,1,1,coin,coin,coin,gold,1,true,250000,49452293750629,60282,5,5,1,9,0,0,0,0,0,2333,20000,42,0,11.7,,107,700000,,,,,150,82,47,38,42,35,12,4,9,24,12,6,4,9,5,1,0,1
64399,2026-04-09 04:51:45,2,2,2,goldSack,goldSack,goldSack,gold,1,true,2000000,49452295750629,60281,5,5,1,9,0,0,0,0,0,2333,20000,42,0,11.7,,107,700000,,,,,151,82,47,38,42,35,12,4,9,25,12,6,4,9,5,1,0,1
64400,2026-04-09 04:51:46,1,1,6,coin,coin,spins,gold,1,false,50000,49452295800629,60280,5,5,1,9,0,0,0,1,0,2333,20000,42,0,11.7,,107,700000,,,,"{""6cad4489"":""776\/2500@m7""}",152,82,47,38,43,35,12,4,9,26,12,6,4,10,5,1,0,1
64401,2026-04-09 04:51:47,3,3,3,attack,attack,attack,attack,2,true,0,49452295800629,60279,5,5,1,9,3,0,0,0,0,2333,20000,42,0,11.7,,107,700000,,,,,153,85,47,38,43,35,13,4,9,27,15,6,4,10,5,2,0,1
64402,2026-04-09 04:51:51,3,3,2,attack,attack,goldSack,gold,1,false,100000,49452304480629,60278,5,5,1,9,2,0,0,0,0,2333,20000,42,0,11.7,,107,700000,,,,,154,87,47,38,43,35,13,4,9,28,17,6,4,10,5,2,0,1
64403,2026-04-09 04:51:52,1,1,6,coin,coin,spins,gold,1,false,50000,49452304530629,60277,5,5,1,9,0,0,0,1,0,2333,20000,42,0,11.7,,107,700000,,,,,155,87,47,38,44,35,13,4,9,29,17,6,4,11,5,2,0,1
64404,2026-04-09 04:51:57,30,2,2,accumulation,goldSack,goldSack,gold,1,false,150000,49452304680629,60276,5,5,1,9,0,0,0,0,1,2334,20000,42,1,11.7,,107,700000,,,,,156,87,47,38,44,36,13,4,9,30,17,6,4,11,6,2,0,1
64405,2026-04-09 04:51:59,3,4,2,attack,steal,goldSack,gold,1,false,100000,49452304780629,60275,5,5,1,9,1,1,0,0,0,2334,20000,42,0,11.7,,107,700000,,,,,157,88,48,38,44,36,13,4,9,31,18,7,4,11,6,2,0,1
64406,2026-04-09 04:52:00,1,4,6,coin,steal,spins,gold,1,false,25000,49452304805629,60274,5,5,1,9,0,1,0,1,0,2334,20000,42,0,11.7,,107,700000,,,,,158,88,49,38,45,36,13,4,9,32,18,8,4,12,6,2,0,1
64407,2026-04-09 04:52:01,1,4,6,coin,steal,spins,gold,1,false,25000,49452304830629,60273,5,5,1,9,0,1,0,1,0,2334,20000,42,0,11.7,,107,700000,,,,,159,88,50,38,46,36,13,4,9,33,18,9,4,13,6,2,0,1
64408,2026-04-09 04:52:04,1,5,5,coin,shield,shield,gold,1,false,25000,49452304855629,60272,5,5,1,9,0,0,2,0,0,2334,20000,42,0,11.7,,107,700000,,,,,160,88,50,40,46,36,13,4,9,34,18,9,6,13,6,2,0,1
64409,2026-04-09 04:52:05,1,1,6,coin,coin,spins,gold,1,false,50000,49452304905629,60271,5,5,1,9,0,0,0,1,0,2334,20000,42,0,11.7,,107,700000,,,,,161,88,50,40,47,36,13,4,9,35,18,9,6,14,6,2,0,1
64410,2026-04-09 04:52:06,30,30,30,accumulation,accumulation,accumulation,gold,10,true,0,49452304905629,60270,5,5,1,9,0,0,0,0,3,2344,20000,42,10,11.7,,107,700000,,,,,162,88,50,40,47,39,13,4,9,36,18,9,6,14,9,2,0,1
64411,2026-04-09 04:52:07,3,6,2,attack,spins,goldSack,gold,1,false,100000,49452305005629,60269,5,5,1,9,1,0,0,1,0,2344,20000,42,0,11.7,,107,700000,,,,,1,1,0,0,1,0,0,0,0,37,19,9,6,15,9,2,0,1
64412,2026-04-09 04:52:08,30,2,2,accumulation,goldSack,goldSack,gold,1,false,150000,49452305155629,60268,5,5,1,9,0,0,0,0,1,2345,20000,42,1,11.7,,107,700000,,,,,2,1,0,0,1,1,0,0,0,38,19,9,6,15,10,2,0,1
64413,2026-04-09 04:52:09,2,2,2,goldSack,goldSack,goldSack,gold,1,true,2000000,49452307155629,60267,5,5,1,9,0,0,0,0,0,2345,20000,42,0,11.7,,107,700000,,,,,3,1,0,0,1,1,0,0,0,39,19,9,6,15,10,2,0,1
64414,2026-04-09 04:52:10,30,2,2,accumulation,goldSack,goldSack,gold,1,false,150000,49452307305629,60266,5,5,1,9,0,0,0,0,1,2346,20000,42,1,11.7,,107,700000,,,,,4,1,0,0,1,2,0,0,0,40,19,9,6,15,11,2,0,1
64415,2026-04-09 04:52:11,30,30,3,accumulation,accumulation,attack,gold,6,false,0,49452307305629,60265,5,5,1,9,1,0,0,0,2,2348,20000,42,2,11.7,,107,700000,,,,,5,2,0,0,1,4,0,0,0,41,20,9,6,15,13,2,0,1
64416,2026-04-09 04:52:13,30,30,1,accumulation,accumulation,coin,gold,1,false,25000,49452307330629,60264,5,5,1,9,0,0,0,0,2,2350,20000,42,2,11.8,,107,700000,,,,,6,2,0,0,1,6,0,0,0,42,20,9,6,15,15,2,0,1
64417,2026-04-09 04:52:14,1,6,6,coin,spins,spins,gold,1,false,25000,49452307355629,60263,5,5,1,9,0,0,0,2,0,2350,20000,42,0,11.8,,107,700000,,,,,7,2,0,0,3,6,0,0,0,43,20,9,6,17,15,2,0,1
64418,2026-04-09 04:52:14,3,4,2,attack,steal,goldSack,gold,1,false,100000,49452307455629,60262,5,5,1,9,1,1,0,0,0,2350,20000,42,0,11.8,,107,700000,,,,"{""6cad4489"":""778\/2500@m7""}",8,3,1,0,3,6,0,0,0,44,21,10,6,17,15,2,0,1
64419,2026-04-09 04:52:15,1,1,1,coin,coin,coin,gold,1,true,250000,49452307705629,60261,5,5,1,9,0,0,0,0,0,2350,20000,42,0,11.8,,107,700000,,,,,9,3,1,0,3,6,0,0,0,45,21,10,6,17,15,2,0,1
64420,2026-04-09 04:52:16,30,30,1,accumulation,accumulation,coin,gold,1,false,25000,49452307730629,60260,5,5,1,9,0,0,0,0,2,2352,20000,42,2,11.8,,107,700000,,,,,10,3,1,0,3,8,0,0,0,46,21,10,6,17,17,2,0,1
64421,2026-04-09 04:52:17,3,3,2,attack,attack,goldSack,gold,1,false,100000,49452307830629,60259,5,5,1,9,2,0,0,0,0,2352,20000,42,0,11.8,,107,700000,,,,"{""4fdd0917"":""243\/500@m17""}",11,5,1,0,3,8,0,0,0,47,23,10,6,17,17,2,0,1
64422,2026-04-09 04:52:18,5,5,5,shield,shield,shield,shield,3,true,1,49452307830629,60259,5,5,1,9,0,0,3,0,0,2352,20000,42,0,11.8,,107,700000,,,,,12,5,1,3,3,8,0,0,1,48,23,10,9,17,17,2,0,2
64423,2026-04-09 04:52:20,1,4,6,coin,steal,spins,gold,1,false,25000,49452307855629,60258,5,5,1,9,0,1,0,1,0,2352,20000,42,0,11.8,,107,700000,,,,,13,5,2,3,4,8,0,0,1,49,23,11,9,18,17,2,0,2
64424,2026-04-09 04:52:20,30,30,1,accumulation,accumulation,coin,gold,1,false,25000,49452307880629,60257,5,5,1,9,0,0,0,0,2,2354,20000,42,2,11.8,,107,700000,,,,,14,5,2,3,4,10,0,0,1,50,23,11,9,18,19,2,0,2
64425,2026-04-09 04:52:22,30,2,2,accumulation,goldSack,goldSack,gold,1,false,150000,49452308030629,60256,5,5,1,9,0,0,0,0,1,2355,20000,42,1,11.8,,107,700000,,,,,15,5,2,3,4,11,0,0,1,51,23,11,9,18,20,2,0,2
64426,2026-04-09 04:52:23,3,3,3,attack,attack,attack,attack,2,true,0,49452308030629,60255,5,5,1,9,3,0,0,0,0,2355,20000,42,0,11.8,,107,700000,,,,,16,8,2,3,4,11,1,0,1,52,26,11,9,18,20,3,0,2
64427,2026-04-09 04:52:27,30,30,1,accumulation,accumulation,coin,gold,1,false,25000,49452316635629,60254,5,5,1,9,0,0,0,0,2,2357,20000,42,2,11.8,,107,700000,,,,,17,8,2,3,4,13,1,0,1,53,26,11,9,18,22,3,0,2
64428,2026-04-09 04:52:29,3,4,2,attack,steal,goldSack,gold,1,false,100000,49452316735629,60253,5,5,1,9,1,1,0,0,0,2357,20000,42,0,11.8,,107,700000,,,,,18,9,3,3,4,13,1,0,1,54,27,12,9,18,22,3,0,2
64429,2026-04-09 04:52:29,3,3,3,attack,attack,attack,attack,2,true,0,49452316735629,60252,5,5,1,9,3,0,0,0,0,2357,20000,42,0,11.8,,107,700000,,,,,19,12,3,3,4,13,2,0,1,55,30,12,9,18,22,4,0,2
64430,2026-04-09 04:52:33,3,3,2,attack,attack,goldSack,gold,1,false,100000,49452342835629,60251,5,5,1,9,2,0,0,0,0,2357,20000,42,0,11.8,,107,700000,,,,,20,14,3,3,4,13,2,0,1,56,32,12,9,18,22,4,0,2
64431,2026-04-09 04:52:34,30,2,2,accumulation,goldSack,goldSack,gold,1,false,150000,49452342985629,60250,5,5,1,9,0,0,0,0,1,2358,20000,42,1,11.8,,107,700000,,,,,21,14,3,3,4,14,2,0,1,57,32,12,9,18,23,4,0,2
64432,2026-04-09 04:52:35,30,2,2,accumulation,goldSack,goldSack,gold,1,false,150000,49452343135629,60249,5,5,1,9,0,0,0,0,1,2359,20000,42,1,11.8,,107,700000,,,,,22,14,3,3,4,15,2,0,1,58,32,12,9,18,24,4,0,2
64433,2026-04-09 04:52:36,3,4,2,attack,steal,goldSack,gold,1,false,100000,49452343235629,60248,5,5,1,9,1,1,0,0,0,2359,20000,42,0,11.8,,107,700000,,,,"{""4fdd0917"":""245\/500@m17""}",23,15,4,3,4,15,2,0,1,59,33,13,9,18,24,4,0,2
64434,2026-04-09 04:52:37,1,1,6,coin,coin,spins,gold,1,false,50000,49452343285629,60247,5,5,1,9,0,0,0,1,0,2359,20000,42,0,11.8,,107,700000,,,,,24,15,4,3,5,15,2,0,1,60,33,13,9,19,24,4,0,2
64435,2026-04-09 04:52:37,1,1,1,coin,coin,coin,gold,1,true,250000,49452343535629,60246,5,5,1,9,0,0,0,0,0,2359,20000,42,0,11.8,,107,700000,,,,,25,15,4,3,5,15,2,0,1,61,33,13,9,19,24,4,0,2
64436,2026-04-09 04:52:38,3,4,2,attack,steal,goldSack,gold,1,false,100000,49452343635629,60245,5,5,1,9,1,1,0,0,0,2359,20000,42,0,11.8,,107,700000,,,,"{""6cad4489"":""780\/2500@m7""}",26,16,5,3,5,15,2,0,1,62,34,14,9,19,24,4,0,2
64437,2026-04-09 04:52:39,5,5,5,shield,shield,shield,shield,3,true,1,49452343635629,60245,5,5,1,9,0,0,3,0,0,2359,20000,42,0,11.8,,107,700000,,,,,27,16,5,6,5,15,2,0,2,63,34,14,12,19,24,4,0,3
64438,2026-04-09 04:52:40,3,6,2,attack,spins,goldSack,gold,1,false,100000,49452343735629,60244,5,5,1,9,1,0,0,1,0,2359,20000,42,0,11.8,,107,700000,,,,,28,17,5,6,6,15,2,0,2,64,35,14,12,20,24,4,0,3
64439,2026-04-09 04:52:40,1,1,1,coin,coin,coin,gold,1,true,250000,49452343985629,60243,5,5,1,9,0,0,0,0,0,2359,20000,42,0,11.8,,107,700000,,,,,29,17,5,6,6,15,2,0,2,65,35,14,12,20,24,4,0,3
64440,2026-04-09 04:52:41,5,5,5,shield,shield,shield,shield,3,true,1,49452343985629,60243,5,5,1,9,0,0,3,0,0,2359,20000,42,0,11.8,,107,700000,,,,"{""6cad4489"":""782\/2500@m7""}",30,17,5,9,6,15,2,0,3,66,35,14,15,20,24,4,0,4
64441,2026-04-09 04:52:42,30,2,2,accumulation,goldSack,goldSack,gold,1,false,150000,49452344135629,60242,5,5,1,9,0,0,0,0,1,2360,20000,42,1,11.8,,107,700000,,,,,31,17,5,9,6,16,2,0,3,67,35,14,15,20,25,4,0,4
64442,2026-04-09 04:52:43,3,4,2,attack,steal,goldSack,gold,1,false,100000,49452344235629,60241,5,5,1,9,1,1,0,0,0,2360,20000,42,0,11.8,,107,700000,,,,"{""4fdd0917"":""247\/500@m17""}",32,18,6,9,6,16,2,0,3,68,36,15,15,20,25,4,0,4
64443,2026-04-09 04:52:44,3,4,2,attack,steal,goldSack,gold,1,false,100000,49452344335629,60240,5,5,1,9,1,1,0,0,0,2360,20000,42,0,11.8,,107,700000,,,,,33,19,7,9,6,16,2,0,3,69,37,16,15,20,25,4,0,4
64444,2026-04-09 04:52:44,3,1,5,attack,coin,shield,gold,1,false,25000,49452344360629,60239,5,5,1,9,1,0,1,0,0,2360,20000,42,0,11.8,,107,700000,,,,,34,20,7,10,6,16,2,0,3,70,38,16,16,20,25,4,0,4
64445,2026-04-09 04:52:45,30,2,2,accumulation,goldSack,goldSack,gold,1,false,150000,49452344510629,60238,5,5,1,9,0,0,0,0,1,2361,20000,42,1,11.8,,107,700000,,,,,35,20,7,10,6,17,2,0,3,71,38,16,16,20,26,4,0,4
64446,2026-04-09 04:52:46,3,3,2,attack,attack,goldSack,gold,1,false,100000,49452344610629,60237,5,5,1,9,2,0,0,0,0,2361,20000,42,0,11.8,,107,700000,,,,,36,22,7,10,6,17,2,0,3,72,40,16,16,20,26,4,0,4
64447,2026-04-09 04:52:47,1,1,1,coin,coin,coin,gold,1,true,250000,49452344860629,60236,5,5,1,9,0,0,0,0,0,2361,20000,42,0,11.8,,107,700000,,,,,37,22,7,10,6,17,2,0,3,73,40,16,16,20,26,4,0,4
64448,2026-04-09 04:52:47,1,6,6,coin,spins,spins,gold,1,false,25000,49452344885629,60235,5,5,1,9,0,0,0,2,0,2361,20000,42,0,11.8,,107,700000,,,,,38,22,7,10,8,17,2,0,3,74,40,16,16,22,26,4,0,4
64449,2026-04-09 04:52:48,3,4,2,attack,steal,goldSack,gold,1,false,100000,49452344985629,60234,5,5,1,9,1,1,0,0,0,2361,20000,42,0,11.8,,107,700000,,,,,39,23,8,10,8,17,2,0,3,75,41,17,16,22,26,4,0,4
64450,2026-04-09 04:52:49,1,1,6,coin,coin,spins,gold,1,false,50000,49452345035629,60233,5,5,1,9,0,0,0,1,0,2361,20000,42,0,11.8,,107,700000,,,,,40,23,8,10,9,17,2,0,3,76,41,17,16,23,26,4,0,4
64451,2026-04-09 04:52:49,1,4,6,coin,steal,spins,gold,1,false,25000,49452345060629,60232,5,5,1,9,0,1,0,1,0,2361,20000,42,0,11.8,,107,700000,,,,,41,23,9,10,10,17,2,0,3,77,41,18,16,24,26,4,0,4
64452,2026-04-09 04:52:50,6,6,6,spins,spins,spins,spins,5,true,10,49452345060629,60241,5,5,1,9,0,0,0,3,0,2361,20000,42,0,11.8,,107,700000,,,,,42,23,9,10,13,17,2,0,3,78,41,18,16,27,26,4,0,4
64453,2026-04-09 04:52:51,4,4,4,steal,steal,steal,steal,4,true,0,49452345060629,60240,5,5,1,9,0,3,0,0,0,2361,20000,42,0,11.8,,107,700000,,,,,43,23,12,10,13,17,2,1,3,1,0,3,0,0,0,0,1,0
64454,2026-04-09 04:53:13,2,2,2,goldSack,goldSack,goldSack,gold,1,true,2000000,49452465410629,60239,5,5,1,9,0,0,0,0,0,2361,20000,42,0,11.8,,107,700000,,,,,44,23,12,10,13,17,2,1,3,2,0,3,0,0,0,0,1,0
64455,2026-04-09 04:53:14,3,3,3,attack,attack,attack,attack,2,true,0,49452465410629,60238,5,5,1,9,3,0,0,0,0,2361,20000,42,0,11.8,,107,700000,,,,"{""4fdd0917"":""249\/500@m17""}",45,26,12,10,13,17,3,1,3,3,3,3,0,0,0,1,1,0
64456,2026-04-09 04:55:49,30,2,2,accumulation,goldSack,goldSack,gold,1,false,150000,49452491560629,60237,5,5,1,9,0,0,0,0,1,2362,20000,42,1,11.8,,107,700000,,,,,46,26,12,10,13,18,3,1,3,4,3,3,0,0,1,1,1,0
64457,2026-04-09 04:55:50,2,2,2,goldSack,goldSack,goldSack,gold,1,true,2000000,49452493560629,60236,5,5,1,9,0,0,0,0,0,2362,20000,42,0,11.8,,107,700000,,,,,47,26,12,10,13,18,3,1,3,5,3,3,0,0,1,1,1,0
64458,2026-04-09 04:55:51,3,3,2,attack,attack,goldSack,gold,1,false,100000,49452493660629,60235,5,5,1,9,2,0,0,0,0,2362,20000,42,0,11.8,,107,700000,,,,,48,28,12,10,13,18,3,1,3,6,5,3,0,0,1,1,1,0
64459,2026-04-09 04:55:52,1,4,4,coin,steal,steal,gold,1,false,25000,49452493685629,60234,5,5,1,9,0,2,0,0,0,2362,20000,42,0,11.8,,107,700000,,,,"{""6cad4489"":""784\/2500@m7""}",49,28,14,10,13,18,3,1,3,7,5,5,0,0,1,1,1,0
64460,2026-04-09 04:55:52,1,4,4,coin,steal,steal,gold,1,false,25000,49452493710629,60233,5,5,1,9,0,2,0,0,0,2362,20000,42,0,11.8,,107,700000,,,,,50,28,16,10,13,18,3,1,3,8,5,7,0,0,1,1,1,0
64461,2026-04-09 04:55:53,30,30,1,accumulation,accumulation,coin,gold,1,false,25000,49452493735629,60232,5,5,1,9,0,0,0,0,2,2364,20000,42,2,11.8,,107,700000,,,,,51,28,16,10,13,20,3,1,3,9,5,7,0,0,3,1,1,0
64462,2026-04-09 04:55:54,5,2,2,shield,goldSack,goldSack,gold,1,false,150000,49452493885629,60231,5,5,1,9,0,0,1,0,0,2364,20000,42,0,11.8,,107,700000,,,,,52,28,16,11,13,20,3,1,3,10,5,7,1,0,3,1,1,0
64463,2026-04-09 04:55:55,30,30,1,accumulation,accumulation,coin,gold,1,false,25000,49452493910629,60230,5,5,1,9,0,0,0,0,2,2366,20000,42,2,11.8,,107,700000,,,,,53,28,16,11,13,22,3,1,3,11,5,7,1,0,5,1,1,0
64464,2026-04-09 04:55:58,30,2,2,accumulation,goldSack,goldSack,gold,1,false,150000,49452494060629,60229,5,5,1,9,0,0,0,0,1,2367,20000,42,1,11.8,,107,700000,,,,"{""6cad4489"":""786\/2500@m7""}",54,28,16,11,13,23,3,1,3,12,5,7,1,0,6,1,1,0
64465,2026-04-09 04:56:01,4,4,4,steal,steal,steal,steal,4,true,0,49452494060629,60228,5,5,1,9,0,3,0,0,0,2367,20000,42,0,11.8,,107,700000,,,,,55,28,19,11,13,23,3,2,3,13,5,10,1,0,6,1,2,0
64466,2026-04-09 04:56:07,4,4,4,steal,steal,steal,steal,4,true,0,49452648926629,60227,5,5,1,9,0,3,0,0,0,2367,20000,42,0,11.8,,107,700000,,,,"{""4fdd0917"":""251\/500@m17""}",56,28,22,11,13,23,3,3,3,14,5,13,1,0,6,1,3,0
64467,2026-04-09 04:56:14,1,4,6,coin,steal,spins,gold,1,false,25000,49452880539629,60726,5,5,1,9,0,1,0,1,0,2367,20000,42,0,11.8,,107,700000,,,,,57,28,23,11,14,23,3,3,3,15,5,14,1,1,6,1,3,0
64468,2026-04-09 04:56:15,2,2,2,goldSack,goldSack,goldSack,gold,1,true,2000000,49452882539629,60725,5,5,1,9,0,0,0,0,0,2367,20000,42,0,11.8,,107,700000,,,,,58,28,23,11,14,23,3,3,3,16,5,14,1,1,6,1,3,0
64469,2026-04-09 04:56:15,3,1,1,attack,coin,coin,gold,1,false,50000,49452882589629,60724,5,5,1,9,1,0,0,0,0,2367,20000,42,0,11.8,,107,700000,,,,,59,29,23,11,14,23,3,3,3,17,6,14,1,1,6,1,3,0
64470,2026-04-09 04:56:16,3,4,2,attack,steal,goldSack,gold,1,false,100000,49452882689629,60723,5,5,1,9,1,1,0,0,0,2367,20000,42,0,11.8,,107,700000,,,,,60,30,24,11,14,23,3,3,3,18,7,15,1,1,6,1,3,0
64471,2026-04-09 04:56:17,30,2,2,accumulation,goldSack,goldSack,gold,1,false,150000,49452882839629,60722,5,5,1,9,0,0,0,0,1,2368,20000,42,1,11.8,,107,700000,,,,,61,30,24,11,14,24,3,3,3,19,7,15,1,1,7,1,3,0
64472,2026-04-09 04:56:18,1,1,6,coin,coin,spins,gold,1,false,50000,49452882889629,60721,5,5,1,9,0,0,0,1,0,2368,20000,42,0,11.8,,107,700000,,,,,62,30,24,11,15,24,3,3,3,20,7,15,1,2,7,1,3,0
64473,2026-04-09 04:56:18,3,1,1,attack,coin,coin,gold,1,false,50000,49452882939629,60720,5,5,1,9,1,0,0,0,0,2368,20000,42,0,11.8,,107,700000,,,,,63,31,24,11,15,24,3,3,3,21,8,15,1,2,7,1,3,0
64474,2026-04-09 04:56:19,1,4,4,coin,steal,steal,gold,1,false,25000,49452882964629,60719,5,5,1,9,0,2,0,0,0,2368,20000,42,0,11.8,,107,700000,,,,,64,31,26,11,15,24,3,3,3,22,8,17,1,2,7,1,3,0
64475,2026-04-09 04:56:20,3,3,3,attack,attack,attack,attack,2,true,0,49452882964629,60718,5,5,1,9,3,0,0,0,0,2368,20000,42,0,11.8,,107,700000,,,,,65,34,26,11,15,24,4,3,3,23,11,17,1,2,7,2,3,0
64476,2026-04-09 04:56:27,5,5,5,shield,shield,shield,shield,3,true,1,49452908964629,60718,5,5,1,9,0,0,3,0,0,2368,20000,42,0,11.8,,107,700000,,,,,66,34,26,14,15,24,4,3,4,24,11,17,4,2,7,2,3,1
64477,2026-04-09 04:56:28,1,1,6,coin,coin,spins,gold,1,false,50000,49452909014629,60717,5,5,1,9,0,0,0,1,0,2368,20000,42,0,11.8,,107,700000,,,,,67,34,26,14,16,24,4,3,4,25,11,17,4,3,7,2,3,1
64478,2026-04-09 04:56:28,1,1,1,coin,coin,coin,gold,1,true,250000,49452909264629,60716,5,5,1,9,0,0,0,0,0,2368,20000,42,0,11.8,,107,700000,,,,,68,34,26,14,16,24,4,3,4,26,11,17,4,3,7,2,3,1
64479,2026-04-09 04:56:29,3,3,3,attack,attack,attack,attack,2,true,0,49452909264629,60715,5,5,1,9,3,0,0,0,0,2368,20000,42,0,11.8,,107,700000,,,,,69,37,26,14,16,24,5,3,4,27,14,17,4,3,7,3,3,1
64480,2026-04-09 04:56:33,1,1,1,coin,coin,coin,gold,1,true,250000,49452918094629,60714,5,5,1,9,0,0,0,0,0,2368,20000,42,0,11.8,,107,700000,,,,,70,37,26,14,16,24,5,3,4,28,14,17,4,3,7,3,3,1
64481,2026-04-09 04:56:34,1,4,6,coin,steal,spins,gold,1,false,25000,49452918119629,60713,5,5,1,9,0,1,0,1,0,2368,20000,42,0,11.8,,107,700000,,,,"{""6cad4489"":""788\/2500@m7""}",71,37,27,14,17,24,5,3,4,29,14,18,4,4,7,3,3,1
64482,2026-04-09 04:56:35,3,4,2,attack,steal,goldSack,gold,1,false,100000,49452918219629,60712,5,5,1,9,1,1,0,0,0,2368,20000,42,0,11.8,,107,700000,,,,,72,38,28,14,17,24,5,3,4,30,15,19,4,4,7,3,3,1
64483,2026-04-09 04:56:35,30,2,2,accumulation,goldSack,goldSack,gold,1,false,150000,49452918369629,60711,5,5,1,9,0,0,0,0,1,2369,20000,42,1,11.8,,107,700000,,,,,73,38,28,14,17,25,5,3,4,31,15,19,4,4,8,3,3,1
64484,2026-04-09 04:56:36,30,2,2,accumulation,goldSack,goldSack,gold,1,false,150000,49452918519629,60710,5,5,1,9,0,0,0,0,1,2370,20000,42,1,11.8,,107,700000,,,,,74,38,28,14,17,26,5,3,4,32,15,19,4,4,9,3,3,1
64485,2026-04-09 04:56:38,1,4,4,coin,steal,steal,gold,1,false,25000,49452918544629,60709,5,5,1,9,0,2,0,0,0,2370,20000,42,0,11.8,,107,700000,,,,,75,38,30,14,17,26,5,3,4,33,15,21,4,4,9,3,3,1
64486,2026-04-09 04:56:38,2,2,2,goldSack,goldSack,goldSack,gold,1,true,2000000,49452920544629,60708,5,5,1,9,0,0,0,0,0,2370,20000,42,0,11.8,,107,700000,,,,"{""4fdd0917"":""253\/500@m17""}",76,38,30,14,17,26,5,3,4,34,15,21,4,4,9,3,3,1
64487,2026-04-09 04:56:39,2,2,2,goldSack,goldSack,goldSack,gold,1,true,2000000,49452922544629,60707,5,5,1,9,0,0,0,0,0,2370,20000,42,0,11.8,,107,700000,,,,,77,38,30,14,17,26,5,3,4,35,15,21,4,4,9,3,3,1
64488,2026-04-09 04:56:40,3,3,2,attack,attack,goldSack,gold,1,false,100000,49452922644629,60706,5,5,1,9,2,0,0,0,0,2370,20000,42,0,11.8,,107,700000,,,,,78,40,30,14,17,26,5,3,4,36,17,21,4,4,9,3,3,1
64489,2026-04-09 04:56:41,30,2,2,accumulation,goldSack,goldSack,gold,1,false,150000,49452922794629,60705,5,5,1,9,0,0,0,0,1,2371,20000,42,1,11.9,,107,700000,,,,"{""6cad4489"":""790\/2500@m7""}",79,40,30,14,17,27,5,3,4,37,17,21,4,4,10,3,3,1
64490,2026-04-09 04:56:42,3,1,5,attack,coin,shield,gold,1,false,25000,49452922819629,60704,5,5,1,9,1,0,1,0,0,2371,20000,42,0,11.9,,107,700000,,,,,80,41,30,15,17,27,5,3,4,38,18,21,5,4,10,3,3,1
64491,2026-04-09 04:56:42,30,2,2,accumulation,goldSack,goldSack,gold,1,false,150000,49452922969629,60703,5,5,1,9,0,0,0,0,1,2372,20000,42,1,11.9,,107,700000,,,,,81,41,30,15,17,28,5,3,4,39,18,21,5,4,11,3,3,1
64492,2026-04-09 04:56:44,1,6,6,coin,spins,spins,gold,1,false,25000,49452922994629,60702,5,5,1,9,0,0,0,2,0,2372,20000,42,0,11.9,,107,700000,,,,"{""6cad4489"":""792\/2500@m7""}",82,41,30,15,19,28,5,3,4,40,18,21,5,6,11,3,3,1
64493,2026-04-09 04:56:45,4,6,2,steal,spins,goldSack,gold,1,false,100000,49452923094629,60701,5,5,1,9,0,1,0,1,0,2372,20000,42,0,11.9,,107,700000,,,,,83,41,31,15,20,28,5,3,4,41,18,22,5,7,11,3,3,1
64494,2026-04-09 04:56:46,2,2,2,goldSack,goldSack,goldSack,gold,1,true,2000000,49452925094629,60700,5,5,1,9,0,0,0,0,0,2372,20000,42,0,11.9,,107,700000,,,,,84,41,31,15,20,28,5,3,4,42,18,22,5,7,11,3,3,1
64495,2026-04-09 04:56:46,1,4,6,coin,steal,spins,gold,1,false,25000,49452925119629,60699,5,5,1,9,0,1,0,1,0,2372,20000,42,0,11.9,,107,700000,,,,,85,41,32,15,21,28,5,3,4,43,18,23,5,8,11,3,3,1
64496,2026-04-09 04:56:47,30,2,2,accumulation,goldSack,goldSack,gold,1,false,150000,49452925269629,60698,5,5,1,9,0,0,0,0,1,2373,20000,42,1,11.9,,107,700000,,,,,86,41,32,15,21,29,5,3,4,44,18,23,5,8,12,3,3,1
64497,2026-04-09 04:56:48,30,2,2,accumulation,goldSack,goldSack,gold,1,false,150000,49452925419629,60697,5,5,1,9,0,0,0,0,1,2374,20000,42,1,11.9,,107,700000,,,,,87,41,32,15,21,30,5,3,4,45,18,23,5,8,13,3,3,1
64498,2026-04-09 04:56:49,3,1,1,attack,coin,coin,gold,1,false,50000,49452925469629,60696,5,5,1,9,1,0,0,0,0,2374,20000,42,0,11.9,,107,700000,,,,,88,42,32,15,21,30,5,3,4,46,19,23,5,8,13,3,3,1
64499,2026-04-09 04:56:50,30,2,2,accumulation,goldSack,goldSack,gold,1,false,150000,49452925619629,60695,5,5,1,9,0,0,0,0,1,2375,20000,42,1,11.9,,107,700000,,,,,89,42,32,15,21,31,5,3,4,47,19,23,5,8,14,3,3,1
64500,2026-04-09 04:56:51,2,2,2,goldSack,goldSack,goldSack,gold,1,true,2000000,49452927619629,60694,5,5,1,9,0,0,0,0,0,2375,20000,42,0,11.9,,107,700000,,,,,90,42,32,15,21,31,5,3,4,48,19,23,5,8,14,3,3,1
64501,2026-04-09 04:56:51,30,30,1,accumulation,accumulation,coin,gold,1,false,25000,49452927644629,60693,5,5,1,9,0,0,0,0,2,2377,20000,42,2,11.9,,107,700000,,,,,91,42,32,15,21,33,5,3,4,49,19,23,5,8,16,3,3,1
64502,2026-04-09 04:56:53,1,4,4,coin,steal,steal,gold,1,false,25000,49452927669629,60692,5,5,1,9,0,2,0,0,0,2377,20000,42,0,11.9,,107,700000,,,,"{""4fdd0917"":""255\/500@m17""}",92,42,34,15,21,33,5,3,4,50,19,25,5,8,16,3,3,1
64503,2026-04-09 04:56:54,4,6,2,steal,spins,goldSack,gold,1,false,100000,49452927769629,60691,5,5,1,9,0,1,0,1,0,2377,20000,42,0,11.9,,107,700000,,,,,93,42,35,15,22,33,5,3,4,51,19,26,5,9,16,3,3,1
64504,2026-04-09 04:56:54,3,3,2,attack,attack,goldSack,gold,1,false,100000,49452927869629,60690,5,5,1,9,2,0,0,0,0,2377,20000,42,0,11.9,,107,700000,,,,,94,44,35,15,22,33,5,3,4,52,21,26,5,9,16,3,3,1
64505,2026-04-09 04:56:55,1,5,5,coin,shield,shield,gold,1,false,25000,49452927894629,60689,5,5,1,9,0,0,2,0,0,2377,20000,42,0,11.9,,107,700000,,,,,95,44,35,17,22,33,5,3,4,53,21,26,7,9,16,3,3,1
64506,2026-04-09 04:56:55,4,6,2,steal,spins,goldSack,gold,1,false,100000,49452927994629,60688,5,5,1,9,0,1,0,1,0,2377,20000,42,0,11.9,,107,700000,,,,,96,44,36,17,23,33,5,3,4,54,21,27,7,10,16,3,3,1
64507,2026-04-09 04:56:56,30,30,3,accumulation,accumulation,attack,gold,6,false,0,49452927994629,60687,5,5,1,9,1,0,0,0,2,2379,20000,42,2,11.9,,107,700000,,,,,97,45,36,17,23,35,5,3,4,55,22,27,7,10,18,3,3,1
64508,2026-04-09 04:56:57,4,6,2,steal,spins,goldSack,gold,1,false,100000,49452928094629,60686,5,5,1,9,0,1,0,1,0,2379,20000,42,0,11.9,,107,700000,,,,,98,45,37,17,24,35,5,3,4,56,22,28,7,11,18,3,3,1
64509,2026-04-09 04:56:58,1,4,4,coin,steal,steal,gold,1,false,25000,49452928119629,60685,5,5,1,9,0,2,0,0,0,2379,20000,42,0,11.9,,107,700000,,,,,99,45,39,17,24,35,5,3,4,57,22,30,7,11,18,3,3,1
64510,2026-04-09 04:56:58,5,5,5,shield,shield,shield,shield,3,true,1,49452928119629,60685,5,5,1,9,0,0,3,0,0,2379,20000,42,0,11.9,,107,700000,,,,,100,45,39,20,24,35,5,3,5,58,22,30,10,11,18,3,3,2
64511,2026-04-09 04:56:59,3,1,1,attack,coin,coin,gold,1,false,50000,49452928169629,60684,5,5,1,9,1,0,0,0,0,2379,20000,42,0,11.9,,107,700000,,,,"{""6cad4489"":""794\/2500@m7""}",101,46,39,20,24,35,5,3,5,59,23,30,10,11,18,3,3,2
64512,2026-04-09 04:57:00,30,2,2,accumulation,goldSack,goldSack,gold,1,false,150000,49452928319629,60683,5,5,1,9,0,0,0,0,1,2380,20000,42,1,11.9,,107,700000,,,,,102,46,39,20,24,36,5,3,5,60,23,30,10,11,19,3,3,2
64513,2026-04-09 04:57:01,3,3,3,attack,attack,attack,attack,2,true,0,49452928319629,60682,5,5,1,9,3,0,0,0,0,2380,20000,42,0,11.9,,107,700000,,,,,103,49,39,20,24,36,6,3,5,61,26,30,10,11,19,4,3,2
64514,2026-04-09 04:57:05,5,5,5,shield,shield,shield,shield,3,true,1,49452936899629,60682,5,5,1,9,0,0,3,0,0,2380,20000,42,0,11.9,,107,700000,,,,,104,49,39,23,24,36,6,3,6,62,26,30,13,11,19,4,3,3
64515,2026-04-09 04:57:06,3,3,2,attack,attack,goldSack,gold,1,false,100000,49452936999629,60681,5,5,1,9,2,0,0,0,0,2380,20000,42,0,11.9,,107,700000,,,,,105,51,39,23,24,36,6,3,6,63,28,30,13,11,19,4,3,3
64516,2026-04-09 04:57:07,5,5,5,shield,shield,shield,shield,3,true,1,49452936999629,60681,5,5,1,9,0,0,3,0,0,2380,20000,42,0,11.9,,107,700000,,,,,106,51,39,26,24,36,6,3,7,64,28,30,16,11,19,4,3,4
64517,2026-04-09 04:57:08,3,1,5,attack,coin,shield,gold,1,false,25000,49452937024629,60680,5,5,1,9,1,0,1,0,0,2380,20000,42,0,11.9,,107,700000,,,,,107,52,39,27,24,36,6,3,7,65,29,30,17,11,19,4,3,4
64518,2026-04-09 04:57:08,3,1,5,attack,coin,shield,gold,1,false,25000,49452937049629,60679,5,5,1,9,1,0,1,0,0,2380,20000,42,0,11.9,,107,700000,,,,,108,53,39,28,24,36,6,3,7,66,30,30,18,11,19,4,3,4
64519,2026-04-09 04:57:09,4,4,4,steal,steal,steal,steal,4,true,0,49452937049629,60678,5,5,1,9,0,3,0,0,0,2380,20000,42,0,11.9,,107,700000,,,,,109,53,42,28,24,36,6,4,7,67,30,33,18,11,19,4,4,4
64520,2026-04-09 04:57:14,30,2,2,accumulation,goldSack,goldSack,gold,1,false,150000,49453088219629,60677,5,5,1,9,0,0,0,0,1,2381,20000,42,1,11.9,,107,700000,,,,,110,53,42,28,24,37,6,4,7,68,30,33,18,11,20,4,4,4
64521,2026-04-09 04:57:15,3,4,2,attack,steal,goldSack,gold,1,false,100000,49453088319629,60676,5,5,1,9,1,1,0,0,0,2381,20000,42,0,11.9,,107,700000,,,,,111,54,43,28,24,37,6,4,7,69,31,34,18,11,20,4,4,4
64522,2026-04-09 04:57:16,3,1,5,attack,coin,shield,gold,1,false,25000,49453088344629,60675,5,5,1,9,1,0,1,0,0,2381,20000,42,0,11.9,,107,700000,,,,"{""6cad4489"":""796\/2500@m7""}",112,55,43,29,24,37,6,4,7,70,32,34,19,11,20,4,4,4
64523,2026-04-09 04:57:17,4,6,2,steal,spins,goldSack,gold,1,false,100000,49453088444629,60674,5,5,1,9,0,1,0,1,0,2381,20000,42,0,11.9,,107,700000,,,,,113,55,44,29,25,37,6,4,7,71,32,35,19,12,20,4,4,4
64524,2026-04-09 04:57:18,30,30,1,accumulation,accumulation,coin,gold,1,false,25000,49453088469629,60673,5,5,1,9,0,0,0,0,2,2383,20000,42,2,11.9,,107,700000,,,,"{""4fdd0917"":""257\/500@m17""}",114,55,44,29,25,39,6,4,7,72,32,35,19,12,22,4,4,4
64525,2026-04-09 04:57:20,30,2,2,accumulation,goldSack,goldSack,gold,1,false,150000,49453088619629,60672,5,5,1,9,0,0,0,0,1,2384,20000,42,1,11.9,,107,700000,,,,,115,55,44,29,25,40,6,4,7,73,32,35,19,12,23,4,4,4
64526,2026-04-09 04:57:23,3,4,2,attack,steal,goldSack,gold,1,false,5000000,49453093619629,60622,5,5,50,9,1,1,0,0,0,2384,20000,42,0,11.9,,107,700000,,,,,116,56,45,29,25,40,6,4,7,74,33,36,19,12,23,4,4,4
64527,2026-04-09 04:57:25,3,6,2,attack,spins,goldSack,gold,1,false,5000000,49453098619629,60572,5,5,50,9,1,0,0,1,0,2384,20000,42,0,11.9,,107,700000,,,,,117,57,45,29,26,40,6,4,7,75,34,36,19,13,23,4,4,4
64528,2026-04-09 04:57:26,2,2,2,goldSack,goldSack,goldSack,gold,1,true,100000000,49453198619629,60522,5,5,50,9,0,0,0,0,0,2384,20000,42,0,11.9,,107,700000,,,,,118,57,45,29,26,40,6,4,7,76,34,36,19,13,23,4,4,4
64529,2026-04-09 04:57:27,30,2,2,accumulation,goldSack,goldSack,gold,1,false,7500000,49453206119629,60472,5,5,50,9,0,0,0,0,1,2434,20000,42,50,12.2,,107,700000,,,,,119,57,45,29,26,41,6,4,7,77,34,36,19,13,24,4,4,4
64530,2026-04-09 04:57:29,30,30,1,accumulation,accumulation,coin,gold,1,false,1250000,49453207369629,60422,5,5,50,9,0,0,0,0,2,2534,20000,42,100,12.7,,107,700000,,,,,120,57,45,29,26,43,6,4,7,78,34,36,19,13,26,4,4,4
64531,2026-04-09 04:57:30,30,2,2,accumulation,goldSack,goldSack,gold,1,false,7500000,49453214869629,60372,5,5,50,9,0,0,0,0,1,2584,20000,42,50,12.9,,107,700000,,,,"{""6cad4489"":""896\/2500@m7""}",121,57,45,29,26,44,6,4,7,79,34,36,19,13,27,4,4,4
64532,2026-04-09 04:57:31,1,4,5,coin,steal,shield,gold,1,false,1250000,49453216119629,60322,5,5,50,9,0,1,1,0,0,2584,20000,42,0,12.9,,107,700000,,,,,122,57,46,30,26,44,6,4,7,80,34,37,20,13,27,4,4,4
64533,2026-04-09 04:57:32,3,4,2,attack,steal,goldSack,gold,1,false,5000000,49453221119629,60272,5,5,50,9,1,1,0,0,0,2584,20000,42,0,12.9,,107,700000,,,,,123,58,47,30,26,44,6,4,7,81,35,38,20,13,27,4,4,4
64534,2026-04-09 04:57:34,30,2,2,accumulation,goldSack,goldSack,gold,1,false,7500000,49453228619629,60222,5,5,50,9,0,0,0,0,1,2634,20000,42,50,13.2,,107,700000,,,,,124,58,47,30,26,45,6,4,7,82,35,38,20,13,28,4,4,4
64535,2026-04-09 04:57:35,3,3,1,attack,attack,coin,gold,1,false,1250000,49453229869629,60172,5,5,50,9,2,0,0,0,0,2634,20000,42,0,13.2,,107,700000,,,,,125,60,47,30,26,45,6,4,7,83,37,38,20,13,28,4,4,4
64536,2026-04-09 04:57:36,1,6,6,coin,spins,spins,gold,1,false,1250000,49453231119629,60122,5,5,50,9,0,0,0,2,0,2634,20000,42,0,13.2,,107,700000,,,,,126,60,47,30,28,45,6,4,7,84,37,38,20,15,28,4,4,4
64537,2026-04-09 04:57:38,30,30,30,accumulation,accumulation,accumulation,gold,10,true,0,49453231119629,60072,5,5,50,9,0,0,0,0,3,3134,20000,42,500,15.7,,107,700000,,,,,127,60,47,30,28,48,6,4,7,85,37,38,20,15,31,4,4,4
64538,2026-04-09 04:58:31,30,30,1,accumulation,accumulation,coin,gold,1,false,25000,49453231144629,60071,5,5,1,9,0,0,0,0,2,3136,20000,42,2,15.7,,107,700000,,,,,1,0,0,0,0,2,0,0,0,86,37,38,20,15,33,4,4,4
64539,2026-04-09 04:58:32,3,3,3,attack,attack,attack,attack,2,true,0,49453231144629,60070,5,5,1,9,3,0,0,0,0,3136,20000,42,0,15.7,,107,700000,,,,,2,3,0,0,0,2,1,0,0,87,40,38,20,15,33,5,4,4
64540,2026-04-09 04:58:36,3,4,2,attack,steal,goldSack,gold,1,false,100000,49453239824629,60069,5,5,1,9,1,1,0,0,0,3136,20000,42,0,15.7,,107,700000,,,,,3,4,1,0,0,2,1,0,0,88,41,39,20,15,33,5,4,4
64541,2026-04-09 04:58:36,1,1,1,coin,coin,coin,gold,1,true,250000,49453240074629,60068,5,5,1,9,0,0,0,0,0,3136,20000,42,0,15.7,,107,700000,,,,,4,4,1,0,0,2,1,0,0,89,41,39,20,15,33,5,4,4
64542,2026-04-09 04:58:37,30,2,2,accumulation,goldSack,goldSack,gold,1,false,150000,49453240224629,60067,5,5,1,9,0,0,0,0,1,3137,20000,42,1,15.7,,107,700000,,,,,5,4,1,0,0,3,1,0,0,90,41,39,20,15,34,5,4,4
64543,2026-04-09 04:58:38,30,2,2,accumulation,goldSack,goldSack,gold,1,false,150000,49453240374629,60066,5,5,1,9,0,0,0,0,1,3138,20000,42,1,15.7,,107,700000,,,,"{""4fdd0917"":""259\/500@m17""}",6,4,1,0,0,4,1,0,0,91,41,39,20,15,35,5,4,4
64544,2026-04-09 04:58:39,3,3,3,attack,attack,attack,attack,2,true,0,49453240374629,60065,5,5,1,9,3,0,0,0,0,3138,20000,42,0,15.7,,107,700000,,,,"{""6cad4489"":""898\/2500@m7""}",7,7,1,0,0,4,2,0,0,92,44,39,20,15,35,6,4,4
64545,2026-04-09 04:58:44,3,4,2,attack,steal,goldSack,gold,1,false,100000,49453266474629,60064,5,5,1,9,1,1,0,0,0,3138,20000,42,0,15.7,,107,700000,,,,,8,8,2,0,0,4,2,0,0,93,45,40,20,15,35,6,4,4
64546,2026-04-09 04:58:45,3,4,2,attack,steal,goldSack,gold,1,false,100000,49453266574629,60063,5,5,1,9,1,1,0,0,0,3138,20000,42,0,15.7,,107,700000,,,,,9,9,3,0,0,4,2,0,0,94,46,41,20,15,35,6,4,4
64547,2026-04-09 04:58:45,1,1,6,coin,coin,spins,gold,1,false,50000,49453266624629,60062,5,5,1,9,0,0,0,1,0,3138,20000,42,0,15.7,,107,700000,,,,"{""6cad4489"":""900\/2500@m7""}",10,9,3,0,1,4,2,0,0,95,46,41,20,16,35,6,4,4
64548,2026-04-09 04:58:46,1,1,6,coin,coin,spins,gold,1,false,50000,49453266674629,60061,5,5,1,9,0,0,0,1,0,3138,20000,42,0,15.7,,107,700000,,,,,11,9,3,0,2,4,2,0,0,96,46,41,20,17,35,6,4,4
64549,2026-04-09 04:58:47,2,2,2,goldSack,goldSack,goldSack,gold,1,true,2000000,49453268674629,60060,5,5,1,9,0,0,0,0,0,3138,20000,42,0,15.7,,107,700000,,,,,12,9,3,0,2,4,2,0,0,97,46,41,20,17,35,6,4,4
64550,2026-04-09 04:58:48,1,1,6,coin,coin,spins,gold,1,false,50000,49453268724629,60059,5,5,1,9,0,0,0,1,0,3138,20000,42,0,15.7,,107,700000,,,,"{""6cad4489"":""902\/2500@m7""}",13,9,3,0,3,4,2,0,0,98,46,41,20,18,35,6,4,4
64551,2026-04-09 04:58:48,30,2,2,accumulation,goldSack,goldSack,gold,1,false,150000,49453268874629,60058,5,5,1,9,0,0,0,0,1,3139,20000,42,1,15.7,,107,700000,,,,,14,9,3,0,3,5,2,0,0,99,46,41,20,18,36,6,4,4
64552,2026-04-09 04:58:49,3,4,2,attack,steal,goldSack,gold,1,false,100000,49453268974629,60057,5,5,1,9,1,1,0,0,0,3139,20000,42,0,15.7,,107,700000,,,,,15,10,4,0,3,5,2,0,0,100,47,42,20,18,36,6,4,4
64553,2026-04-09 04:58:50,3,6,2,attack,spins,goldSack,gold,1,false,100000,49453269074629,60056,5,5,1,9,1,0,0,1,0,3139,20000,42,0,15.7,,107,700000,,,,,16,11,4,0,4,5,2,0,0,101,48,42,20,19,36,6,4,4
64554,2026-04-09 04:58:50,1,5,5,coin,shield,shield,gold,1,false,25000,49453269099629,60055,5,5,1,9,0,0,2,0,0,3139,20000,42,0,15.7,,107,700000,,,,,17,11,4,2,4,5,2,0,0,102,48,42,22,19,36,6,4,4
64555,2026-04-09 04:58:51,1,1,6,coin,coin,spins,gold,1,false,50000,49453269149629,60054,5,5,1,9,0,0,0,1,0,3139,20000,42,0,15.7,,107,700000,,,,"{""6cad4489"":""904\/2500@m7""}",18,11,4,2,5,5,2,0,0,103,48,42,22,20,36,6,4,4
64556,2026-04-09 04:58:52,3,4,2,attack,steal,goldSack,gold,1,false,100000,49453269249629,60053,5,5,1,9,1,1,0,0,0,3139,20000,42,0,15.7,,107,700000,,,,,19,12,5,2,5,5,2,0,0,104,49,43,22,20,36,6,4,4
64557,2026-04-09 04:58:53,30,2,2,accumulation,goldSack,goldSack,gold,1,false,150000,49453269399629,60052,5,5,1,9,0,0,0,0,1,3140,20000,42,1,15.7,,107,700000,,,,,20,12,5,2,5,6,2,0,0,105,49,43,22,20,37,6,4,4
64558,2026-04-09 04:58:54,1,1,1,coin,coin,coin,gold,1,true,250000,49453269649629,60051,5,5,1,9,0,0,0,0,0,3140,20000,42,0,15.7,,107,700000,,,,,21,12,5,2,5,6,2,0,0,106,49,43,22,20,37,6,4,4
64559,2026-04-09 04:58:54,5,5,5,shield,shield,shield,shield,3,true,1,49453269649629,60051,5,5,1,9,0,0,3,0,0,3140,20000,42,0,15.7,,107,700000,,,,,22,12,5,5,5,6,2,0,1,107,49,43,25,20,37,6,4,5
64560,2026-04-09 04:58:55,1,4,4,coin,steal,steal,gold,1,false,25000,49453269674629,60050,5,5,1,9,0,2,0,0,0,3140,20000,42,0,15.7,,107,700000,,,,,23,12,7,5,5,6,2,0,1,108,49,45,25,20,37,6,4,5
64561,2026-04-09 04:58:56,30,2,2,accumulation,goldSack,goldSack,gold,1,false,150000,49453269824629,60049,5,5,1,9,0,0,0,0,1,3141,20000,42,1,15.7,,107,700000,,,,,24,12,7,5,5,7,2,0,1,109,49,45,25,20,38,6,4,5
64562,2026-04-09 04:58:57,2,2,2,goldSack,goldSack,goldSack,gold,1,true,2000000,49453271824629,60048,5,5,1,9,0,0,0,0,0,3141,20000,42,0,15.7,,107,700000,,,,"{""6cad4489"":""906\/2500@m7"",""4fdd0917"":""261\/500@m17""}",25,12,7,5,5,7,2,0,1,110,49,45,25,20,38,6,4,5
64563,2026-04-09 04:58:58,3,6,2,attack,spins,goldSack,gold,1,false,100000,49453271924629,60047,5,5,1,9,1,0,0,1,0,3141,20000,42,0,15.7,,107,700000,,,,,26,13,7,5,6,7,2,0,1,111,50,45,25,21,38,6,4,5
64564,2026-04-09 04:58:59,1,1,6,coin,coin,spins,gold,1,false,50000,49453271974629,60046,5,5,1,9,0,0,0,1,0,3141,20000,42,0,15.7,,107,700000,,,,,27,13,7,5,7,7,2,0,1,112,50,45,25,22,38,6,4,5
64565,2026-04-09 04:59:00,1,1,1,coin,coin,coin,gold,1,true,250000,49453272224629,60045,5,5,1,9,0,0,0,0,0,3141,20000,42,0,15.7,,107,700000,,,,,28,13,7,5,7,7,2,0,1,113,50,45,25,22,38,6,4,5
64566,2026-04-09 04:59:00,3,4,2,attack,steal,goldSack,gold,1,false,100000,49453272324629,60044,5,5,1,9,1,1,0,0,0,3141,20000,42,0,15.7,,107,700000,,,,,29,14,8,5,7,7,2,0,1,114,51,46,25,22,38,6,4,5
64567,2026-04-09 04:59:01,1,1,1,coin,coin,coin,gold,1,true,250000,49453272574629,60043,5,5,1,9,0,0,0,0,0,3141,20000,42,0,15.7,,107,700000,,,,,30,14,8,5,7,7,2,0,1,115,51,46,25,22,38,6,4,5
64568,2026-04-09 04:59:02,2,2,2,goldSack,goldSack,goldSack,gold,1,true,2000000,49453274574629,60042,5,5,1,9,0,0,0,0,0,3141,20000,42,0,15.7,,107,700000,,,,,31,14,8,5,7,7,2,0,1,116,51,46,25,22,38,6,4,5
64569,2026-04-09 04:59:02,1,1,1,coin,coin,coin,gold,1,true,250000,49453274824629,60041,5,5,1,9,0,0,0,0,0,3141,20000,42,0,15.7,,107,700000,,,,,32,14,8,5,7,7,2,0,1,117,51,46,25,22,38,6,4,5
64570,2026-04-09 04:59:03,3,4,2,attack,steal,goldSack,gold,1,false,100000,49453274924629,60040,5,5,1,9,1,1,0,0,0,3141,20000,42,0,15.7,,107,700000,,,,,33,15,9,5,7,7,2,0,1,118,52,47,25,22,38,6,4,5
64571,2026-04-09 04:59:03,30,30,1,accumulation,accumulation,coin,gold,1,false,25000,49453274949629,60039,5,5,1,9,0,0,0,0,2,3143,20000,42,2,15.7,,107,700000,,,,,34,15,9,5,7,9,2,0,1,119,52,47,25,22,40,6,4,5
64572,2026-04-09 04:59:05,3,4,2,attack,steal,goldSack,gold,1,false,100000,49453275049629,60038,5,5,1,9,1,1,0,0,0,3143,20000,42,0,15.7,,107,700000,,,,,35,16,10,5,7,9,2,0,1,120,53,48,25,22,40,6,4,5
64573,2026-04-09 04:59:05,3,3,1,attack,attack,coin,gold,1,false,25000,49453275074629,60037,5,5,1,9,2,0,0,0,0,3143,20000,42,0,15.7,,107,700000,,,,,36,18,10,5,7,9,2,0,1,121,55,48,25,22,40,6,4,5
64574,2026-04-09 04:59:06,1,1,6,coin,coin,spins,gold,1,false,50000,49453275124629,60036,5,5,1,9,0,0,0,1,0,3143,20000,42,0,15.7,,107,700000,,,,,37,18,10,5,8,9,2,0,1,122,55,48,25,23,40,6,4,5
64575,2026-04-09 04:59:06,3,6,2,attack,spins,goldSack,gold,1,false,100000,49453275224629,60035,5,5,1,9,1,0,0,1,0,3143,20000,42,0,15.7,,107,700000,,,,,38,19,10,5,9,9,2,0,1,123,56,48,25,24,40,6,4,5
64576,2026-04-09 04:59:07,5,5,5,shield,shield,shield,shield,3,true,1,49453275224629,60035,5,5,1,9,0,0,3,0,0,3143,20000,42,0,15.7,,107,700000,,,,"{""6cad4489"":""908\/2500@m7""}",39,19,10,8,9,9,2,0,2,124,56,48,28,24,40,6,4,6
64577,2026-04-09 04:59:08,3,3,3,attack,attack,attack,attack,2,true,0,49453275224629,60034,5,5,1,9,3,0,0,0,0,3143,20000,42,0,15.7,,107,700000,,,,,40,22,10,8,9,9,3,0,2,125,59,48,28,24,40,7,4,6
64578,2026-04-09 04:59:12,3,3,3,attack,attack,attack,attack,2,true,0,49453301224629,60033,5,5,1,9,3,0,0,0,0,3143,20000,42,0,15.7,,107,700000,,,,,41,25,10,8,9,9,4,0,2,126,62,48,28,24,40,8,4,6
64579,2026-04-09 04:59:16,5,5,5,shield,shield,shield,shield,3,true,1,49453309804629,60033,5,5,1,9,0,0,3,0,0,3143,20000,42,0,15.7,,107,700000,,,,,42,25,10,11,9,9,4,0,3,127,62,48,31,24,40,8,4,7
64580,2026-04-09 04:59:17,4,4,4,steal,steal,steal,steal,4,true,0,49453309804629,60032,5,5,1,9,0,3,0,0,0,3143,20000,42,0,15.7,,107,700000,,,,"{""4fdd0917"":""263\/500@m17""}",43,25,13,11,9,9,4,1,3,128,62,51,31,24,40,8,5,7
64581,2026-04-09 04:59:22,1,1,6,coin,coin,spins,gold,1,false,50000,49453435404629,60031,5,5,1,9,0,0,0,1,0,3143,20000,42,0,15.7,,107,700000,,,,,44,25,13,11,10,9,4,1,3,129,62,51,31,25,40,8,5,7
64582,2026-04-09 04:59:27,30,30,1,accumulation,accumulation,coin,gold,1,false,25000,49453435429629,60030,5,5,1,9,0,0,0,0,2,3145,20000,42,2,15.7,,107,700000,,,,,45,25,13,11,10,11,4,1,3,130,62,51,31,25,42,8,5,7
64583,2026-04-09 04:59:28,30,30,1,accumulation,accumulation,coin,gold,1,false,25000,49453435454629,60029,5,5,1,9,0,0,0,0,2,3147,20000,42,2,15.7,,107,700000,,,,,46,25,13,11,10,13,4,1,3,131,62,51,31,25,44,8,5,7
64584,2026-04-09 04:59:30,30,2,2,accumulation,goldSack,goldSack,gold,1,false,150000,49453435604629,60028,5,5,1,9,0,0,0,0,1,3148,20000,42,1,15.7,,107,700000,,,,,47,25,13,11,10,14,4,1,3,132,62,51,31,25,45,8,5,7
64585,2026-04-09 04:59:31,30,2,2,accumulation,goldSack,goldSack,gold,1,false,150000,49453435754629,60027,5,5,1,9,0,0,0,0,1,3149,20000,42,1,15.7,,107,700000,,,,"{""6cad4489"":""910\/2500@m7""}",48,25,13,11,10,15,4,1,3,133,62,51,31,25,46,8,5,7
64586,2026-04-09 04:59:32,2,2,2,goldSack,goldSack,goldSack,gold,1,true,2000000,49453437754629,60026,5,5,1,9,0,0,0,0,0,3149,20000,42,0,15.7,,107,700000,,,,,49,25,13,11,10,15,4,1,3,134,62,51,31,25,46,8,5,7
64587,2026-04-09 04:59:33,1,1,6,coin,coin,spins,gold,1,false,50000,49453437804629,60025,5,5,1,9,0,0,0,1,0,3149,20000,42,0,15.7,,107,700000,,,,,50,25,13,11,11,15,4,1,3,135,62,51,31,26,46,8,5,7
64588,2026-04-09 04:59:33,30,30,1,accumulation,accumulation,coin,gold,1,false,25000,49453437829629,60024,5,5,1,9,0,0,0,0,2,3151,20000,42,2,15.8,,107,700000,,,,"{""6cad4489"":""912\/2500@m7""}",51,25,13,11,11,17,4,1,3,136,62,51,31,26,48,8,5,7
64589,2026-04-09 04:59:35,3,4,2,attack,steal,goldSack,gold,1,false,100000,49453437929629,60023,5,5,1,9,1,1,0,0,0,3151,20000,42,0,15.8,,107,700000,,,,"{""4fdd0917"":""265\/500@m17""}",52,26,14,11,11,17,4,1,3,137,63,52,31,26,48,8,5,7
64590,2026-04-09 04:59:35,4,4,4,steal,steal,steal,steal,4,true,0,49453437929629,60022,5,5,1,9,0,3,0,0,0,3151,20000,42,0,15.8,,107,700000,,,,,53,26,17,11,11,17,4,2,3,138,63,55,31,26,48,8,6,7
64591,2026-04-09 04:59:41,3,3,1,attack,attack,coin,gold,1,false,25000,49453581579629,60021,5,5,1,9,2,0,0,0,0,3151,20000,42,0,15.8,,107,700000,,,,,54,28,17,11,11,17,4,2,3,139,65,55,31,26,48,8,6,7
64592,2026-04-09 04:59:42,1,4,6,coin,steal,spins,gold,1,false,25000,49453581604629,60020,5,5,1,9,0,1,0,1,0,3151,20000,42,0,15.8,,107,700000,,,,,55,28,18,11,12,17,4,2,3,140,65,56,31,27,48,8,6,7
64593,2026-04-09 04:59:43,30,2,2,accumulation,goldSack,goldSack,gold,1,false,150000,49453581754629,60019,5,5,1,9,0,0,0,0,1,3152,20000,42,1,15.8,,107,700000,,,,,56,28,18,11,12,18,4,2,3,141,65,56,31,27,49,8,6,7
64594,2026-04-09 04:59:44,3,4,2,attack,steal,goldSack,gold,1,false,100000,49453581854629,60018,5,5,1,9,1,1,0,0,0,3152,20000,42,0,15.8,,107,700000,,,,,57,29,19,11,12,18,4,2,3,142,66,57,31,27,49,8,6,7
64595,2026-04-09 04:59:44,3,3,2,attack,attack,goldSack,gold,1,false,100000,49453581954629,60017,5,5,1,9,2,0,0,0,0,3152,20000,42,0,15.8,,107,700000,,,,,58,31,19,11,12,18,4,2,3,143,68,57,31,27,49,8,6,7
64596,2026-04-09 04:59:45,1,1,6,coin,coin,spins,gold,1,false,50000,49453582004629,60016,5,5,1,9,0,0,0,1,0,3152,20000,42,0,15.8,,107,700000,,,,,59,31,19,11,13,18,4,2,3,144,68,57,31,28,49,8,6,7
64597,2026-04-09 04:59:46,3,3,3,attack,attack,attack,attack,2,true,0,49453582004629,60015,5,5,1,9,3,0,0,0,0,3152,20000,42,0,15.8,,107,700000,,,,,60,34,19,11,13,18,5,2,3,145,71,57,31,28,49,9,6,7
64598,2026-04-09 04:59:49,3,4,2,attack,steal,goldSack,gold,1,false,100000,49453608104629,60014,5,5,1,9,1,1,0,0,0,3152,20000,42,0,15.8,,107,700000,,,,,61,35,20,11,13,18,5,2,3,146,72,58,31,28,49,9,6,7
64599,2026-04-09 04:59:50,30,2,2,accumulation,goldSack,goldSack,gold,1,false,150000,49453608254629,60013,5,5,1,9,0,0,0,0,1,3153,20000,42,1,15.8,,107,700000,,,,,62,35,20,11,13,19,5,2,3,147,72,58,31,28,50,9,6,7
64600,2026-04-09 04:59:51,3,4,2,attack,steal,goldSack,gold,1,false,100000,49453608354629,60012,5,5,1,9,1,1,0,0,0,3153,20000,42,0,15.8,,107,700000,,,,,63,36,21,11,13,19,5,2,3,148,73,59,31,28,50,9,6,7
64601,2026-04-09 04:59:52,1,6,6,coin,spins,spins,gold,1,false,25000,49453608379629,60011,5,5,1,9,0,0,0,2,0,3153,20000,42,0,15.8,,107,700000,,,,,64,36,21,11,15,19,5,2,3,149,73,59,31,30,50,9,6,7
64602,2026-04-09 04:59:52,3,4,2,attack,steal,goldSack,gold,1,false,100000,49453608479629,60010,5,5,1,9,1,1,0,0,0,3153,20000,42,0,15.8,,107,700000,,,,,65,37,22,11,15,19,5,2,3,150,74,60,31,30,50,9,6,7
64603,2026-04-09 04:59:53,1,1,1,coin,coin,coin,gold,1,true,250000,49453608729629,60009,5,5,1,9,0,0,0,0,0,3153,20000,42,0,15.8,,107,700000,,,,,66,37,22,11,15,19,5,2,3,151,74,60,31,30,50,9,6,7
64604,2026-04-09 04:59:53,5,5,5,shield,shield,shield,shield,3,true,1,49453608729629,60009,5,5,1,9,0,0,3,0,0,3153,20000,42,0,15.8,,107,700000,,,,,67,37,22,14,15,19,5,2,4,152,74,60,34,30,50,9,6,8
64605,2026-04-09 04:59:54,2,2,2,goldSack,goldSack,goldSack,gold,1,true,2000000,49453610729629,60008,5,5,1,9,0,0,0,0,0,3153,20000,42,0,15.8,,107,700000,,,,"{""6cad4489"":""914\/2500@m7""}",68,37,22,14,15,19,5,2,4,153,74,60,34,30,50,9,6,8
64606,2026-04-09 04:59:55,1,1,1,coin,coin,coin,gold,1,true,250000,49453610979629,60007,5,5,1,9,0,0,0,0,0,3153,20000,42,0,15.8,,107,700000,,,,,69,37,22,14,15,19,5,2,4,154,74,60,34,30,50,9,6,8
64607,2026-04-09 04:59:56,3,3,1,attack,attack,coin,gold,1,false,25000,49453611004629,60006,5,5,1,9,2,0,0,0,0,3153,20000,42,0,15.8,,107,700000,,,,"{""6cad4489"":""916\/2500@m7""}",70,39,22,14,15,19,5,2,4,155,76,60,34,30,50,9,6,8
64608,2026-04-09 04:59:56,2,2,2,goldSack,goldSack,goldSack,gold,1,true,2000000,49453613004629,60005,5,5,1,9,0,0,0,0,0,3153,20000,42,0,15.8,,107,700000,,,,,71,39,22,14,15,19,5,2,4,156,76,60,34,30,50,9,6,8
64609,2026-04-09 04:59:57,1,6,6,coin,spins,spins,gold,1,false,25000,49453613029629,60004,5,5,1,9,0,0,0,2,0,3153,20000,42,0,15.8,,107,700000,,,,,72,39,22,14,17,19,5,2,4,157,76,60,34,32,50,9,6,8
64610,2026-04-09 04:59:58,30,2,2,accumulation,goldSack,goldSack,gold,1,false,150000,49453613179629,60003,5,5,1,9,0,0,0,0,1,3154,20000,42,1,15.8,,107,700000,,,,,73,39,22,14,17,20,5,2,4,158,76,60,34,32,51,9,6,8
64611,2026-04-09 04:59:59,3,3,3,attack,attack,attack,attack,2,true,0,49453613179629,60002,5,5,1,9,3,0,0,0,0,3154,20000,42,0,15.8,,107,700000,,,,,74,42,22,14,17,20,6,2,4,159,79,60,34,32,51,10,6,8
64612,2026-04-09 05:00:02,5,5,5,shield,shield,shield,shield,3,true,1,49453639179629,60002,5,5,1,9,0,0,3,0,0,3154,20000,42,0,15.8,,107,700000,,,,,75,42,22,17,17,20,6,2,5,160,79,60,37,32,51,10,6,9
64613,2026-04-09 05:00:03,1,4,4,coin,steal,steal,gold,1,false,25000,49453639204629,60001,5,5,1,9,0,2,0,0,0,3154,20000,42,0,15.8,,107,700000,,,,,76,42,24,17,17,20,6,2,5,161,79,62,37,32,51,10,6,9
64614,2026-04-09 05:00:04,1,4,4,coin,steal,steal,gold,1,false,25000,49453639229629,60000,5,5,1,9,0,2,0,0,0,3154,20000,42,0,15.8,,107,700000,,,,"{""4fdd0917"":""267\/500@m17""}",77,42,26,17,17,20,6,2,5,162,79,64,37,32,51,10,6,9
64615,2026-04-09 05:00:05,30,2,2,accumulation,goldSack,goldSack,gold,1,false,150000,49453639379629,59999,5,5,1,9,0,0,0,0,1,3155,20000,42,1,15.8,,107,700000,,,,,78,42,26,17,17,21,6,2,5,163,79,64,37,32,52,10,6,9
64616,2026-04-09 05:00:06,30,30,1,accumulation,accumulation,coin,gold,1,false,25000,49453639404629,59998,5,5,1,9,0,0,0,0,2,3157,20000,42,2,15.8,,107,700000,,,,,79,42,26,17,17,23,6,2,5,164,79,64,37,32,54,10,6,9
64617,2026-04-09 05:00:07,30,2,2,accumulation,goldSack,goldSack,gold,1,false,150000,49453639554629,59997,5,5,1,9,0,0,0,0,1,3158,20000,42,1,15.8,,107,700000,,,,,80,42,26,17,17,24,6,2,5,165,79,64,37,32,55,10,6,9
64618,2026-04-09 05:00:08,1,1,6,coin,coin,spins,gold,1,false,50000,49453639604629,59996,5,5,1,9,0,0,0,1,0,3158,20000,42,0,15.8,,107,700000,,,,,81,42,26,17,18,24,6,2,5,166,79,64,37,33,55,10,6,9
64619,2026-04-09 05:00:09,6,6,6,spins,spins,spins,spins,5,true,10,49453639604629,60005,5,5,1,9,0,0,0,3,0,3158,20000,42,0,15.8,,107,700000,,,,,82,42,26,17,21,24,6,2,5,167,79,64,37,36,55,10,6,9
64620,2026-04-09 05:00:10,30,2,2,accumulation,goldSack,goldSack,gold,1,false,150000,49453639754629,60004,5,5,1,9,0,0,0,0,1,3159,20000,42,1,15.8,,107,700000,,,,,83,42,26,17,21,25,6,2,5,1,0,0,0,0,1,0,0,0
64621,2026-04-09 05:00:40,5,2,2,shield,goldSack,goldSack,gold,1,false,150000,49453639904629,60003,5,5,1,9,0,0,1,0,0,3159,20000,42,0,15.8,,107,700000,,,,,84,42,26,18,21,25,6,2,5,2,0,0,1,0,1,0,0,0
64622,2026-04-09 05:00:41,4,4,4,steal,steal,steal,steal,4,true,0,49453639904629,60002,5,5,1,9,0,3,0,0,0,3159,20000,42,0,15.8,,107,700000,,,,,85,42,29,18,21,25,6,3,5,3,0,3,1,0,1,0,1,0
64623,2026-04-09 05:01:54,1,4,4,coin,steal,steal,gold,1,false,25000,49453777311629,60001,5,5,1,9,0,2,0,0,0,3159,20000,42,0,15.8,bonus_as10_gae1_no,107,700000,,,,,86,42,31,18,21,25,6,3,5,4,0,5,1,0,1,0,1,0
64624,2026-04-09 05:01:55,1,4,6,coin,steal,spins,gold,1,false,25000,49453777336629,60000,5,5,1,9,0,1,0,1,0,3159,20000,42,0,15.8,bonus_as10_gae1_no,107,700000,,,,,87,42,32,18,22,25,6,3,5,5,0,6,1,1,1,0,1,0
64625,2026-04-09 05:23:16,3,3,3,attack,attack,attack,attack,2,true,0,49453777336629,59999,5,5,1,9,3,0,0,0,0,3159,20000,42,0,15.8,bonus_as10_gae1_no,107,700000,,,,,88,45,32,18,22,25,7,3,5,6,3,6,1,1,1,1,1,0
64626,2026-04-09 05:23:21,3,6,2,attack,spins,goldSack,gold,1,false,100000,49453786016629,59998,5,5,1,9,1,0,0,1,0,3159,20000,42,0,15.8,bonus_as10_gae1_no,107,700000,,,,"{""6cad4489"":""918\/2500@m7""}",89,46,32,18,23,25,7,3,5,7,4,6,1,2,1,1,1,0
64627,2026-04-09 05:23:22,1,6,6,coin,spins,spins,gold,1,false,25000,49453786041629,59997,5,5,1,9,0,0,0,2,0,3159,20000,42,0,15.8,bonus_as10_gae1_no,107,700000,,,,,90,46,32,18,25,25,7,3,5,8,4,6,1,4,1,1,1,0
64628,2026-04-09 05:23:23,1,1,1,coin,coin,coin,gold,1,true,250000,49453786291629,59996,5,5,1,9,0,0,0,0,0,3159,20000,42,0,15.8,bonus_as10_gae1_no,107,700000,,,,"{""4fdd0917"":""269\/500@m17""}",91,46,32,18,25,25,7,3,5,9,4,6,1,4,1,1,1,0
64629,2026-04-09 05:23:24,2,2,2,goldSack,goldSack,goldSack,gold,1,true,2000000,49453788291629,59995,5,5,1,9,0,0,0,0,0,3159,20000,42,0,15.8,bonus_as10_gae1_no,107,700000,,,,,92,46,32,18,25,25,7,3,5,10,4,6,1,4,1,1,1,0
64630,2026-04-09 05:23:25,3,6,2,attack,spins,goldSack,gold,1,false,100000,49453788391629,59994,5,5,1,9,1,0,0,1,0,3159,20000,42,0,15.8,bonus_as10_gae1_no,107,700000,,,,,93,47,32,18,26,25,7,3,5,11,5,6,1,5,1,1,1,0
64631,2026-04-09 05:23:26,30,2,2,accumulation,goldSack,goldSack,gold,1,false,150000,49453788541629,59993,5,5,1,9,0,0,0,0,1,3160,20000,42,1,15.8,bonus_as10_gae1_no,107,700000,,,,"{""6cad4489"":""920\/2500@m7""}",94,47,32,18,26,26,7,3,5,12,5,6,1,5,2,1,1,0
64632,2026-04-09 05:23:27,1,1,1,coin,coin,coin,gold,1,true,250000,49453788791629,59992,5,5,1,9,0,0,0,0,0,3160,20000,42,0,15.8,bonus_as10_gae1_no,107,700000,,,,,95,47,32,18,26,26,7,3,5,13,5,6,1,5,2,1,1,0
64633,2026-04-09 05:23:28,3,3,1,attack,attack,coin,gold,1,false,25000,49453788816629,59991,5,5,1,9,2,0,0,0,0,3160,20000,42,0,15.8,bonus_as10_gae1_no,107,700000,,,,"{""6cad4489"":""922\/2500@m7""}",96,49,32,18,26,26,7,3,5,14,7,6,1,5,2,1,1,0
64634,2026-04-09 05:23:29,30,30,1,accumulation,accumulation,coin,gold,1,false,25000,49453788841629,59990,5,5,1,9,0,0,0,0,2,3162,20000,42,2,15.8,bonus_as10_gae1_no,107,700000,,,,,97,49,32,18,26,28,7,3,5,15,7,6,1,5,4,1,1,0
64635,2026-04-09 05:23:30,30,30,1,accumulation,accumulation,coin,gold,1,false,25000,49453788866629,59989,5,5,1,9,0,0,0,0,2,3164,20000,42,2,15.8,bonus_as10_gae1_no,107,700000,,,,,98,49,32,18,26,30,7,3,5,16,7,6,1,5,6,1,1,0
64636,2026-04-09 05:23:31,30,2,2,accumulation,goldSack,goldSack,gold,1,false,150000,49453789016629,59988,5,5,1,9,0,0,0,0,1,3165,20000,42,1,15.8,bonus_as10_gae1_no,107,700000,,,,,99,49,32,18,26,31,7,3,5,17,7,6,1,5,7,1,1,0
64637,2026-04-09 05:23:32,3,1,4,attack,coin,steal,gold,1,false,25000,49453789041629,59987,5,5,1,9,1,1,0,0,0,3165,20000,42,0,15.8,bonus_as10_gae1_no,107,700000,,,,,100,50,33,18,26,31,7,3,5,18,8,7,1,5,7,1,1,0
64638,2026-04-09 05:23:33,6,6,6,spins,spins,spins,spins,5,true,10,49453789041629,59996,5,5,1,9,0,0,0,3,0,3165,20000,42,0,15.8,bonus_as10_gae1_no,107,700000,,,,,101,50,33,18,29,31,7,3,5,19,8,7,1,8,7,1,1,0
64639,2026-04-09 05:23:34,1,1,1,coin,coin,coin,gold,1,true,250000,49453789291629,59995,5,5,1,9,0,0,0,0,0,3165,20000,42,0,15.8,bonus_as10_gae1_no,107,700000,,,,,102,50,33,18,29,31,7,3,5,1,0,0,0,0,0,0,0,0
64640,2026-04-09 05:23:44,3,3,3,attack,attack,attack,attack,2,true,0,49453789291629,59994,5,5,1,9,3,0,0,0,0,3165,20000,42,0,15.8,bonus_as10_gae1_no,107,700000,,,,,103,53,33,18,29,31,8,3,5,2,3,0,0,0,0,1,0,0
64641,2026-04-09 05:23:49,1,1,4,coin,coin,steal,gold,1,false,50000,49453815341629,59993,5,5,1,9,0,1,0,0,0,3165,20000,42,0,15.8,bonus_as10_gae1_no,107,700000,,,,,104,53,34,18,29,31,8,3,5,3,3,1,0,0,0,1,0,0
64642,2026-04-09 05:23:50,5,5,5,shield,shield,shield,shield,3,true,1,49453815341629,59993,5,5,1,9,0,0,3,0,0,3165,20000,42,0,15.8,bonus_as10_gae1_no,107,700000,,,,,105,53,34,21,29,31,8,3,6,4,3,1,3,0,0,1,0,1
64643,2026-04-09 05:23:51,3,6,2,attack,spins,goldSack,gold,1,false,100000,49453815441629,59992,5,5,1,9,1,0,0,1,0,3165,20000,42,0,15.8,bonus_as10_gae1_no,107,700000,,,,,106,54,34,21,30,31,8,3,6,5,4,1,3,1,0,1,0,1
64644,2026-04-09 05:23:51,3,3,1,attack,attack,coin,gold,1,false,25000,49453815466629,59991,5,5,1,9,2,0,0,0,0,3165,20000,42,0,15.8,bonus_as10_gae1_no,107,700000,,,,,107,56,34,21,30,31,8,3,6,6,6,1,3,1,0,1,0,1
64645,2026-04-09 05:23:53,4,6,2,steal,spins,goldSack,gold,1,false,100000,49453815566629,59990,5,5,1,9,0,1,0,1,0,3165,20000,42,0,15.8,bonus_as10_gae1_no,107,700000,,,,,108,56,35,21,31,31,8,3,6,7,6,2,3,2,0,1,0,1
64646,2026-04-09 05:23:54,1,1,4,coin,coin,steal,gold,1,false,50000,49453815616629,59989,5,5,1,9,0,1,0,0,0,3165,20000,42,0,15.8,bonus_as10_gae1_no,107,700000,,,,"{""6cad4489"":""924\/2500@m7"",""4fdd0917"":""271\/500@m17""}",109,56,36,21,31,31,8,3,6,8,6,3,3,2,0,1,0,1
64647,2026-04-09 05:24:00,3,6,2,attack,spins,goldSack,gold,1,false,100000,49453815716629,59988,5,5,1,9,1,0,0,1,0,3165,20000,42,0,15.8,bonus_as10_gae1_no,107,700000,,,,,110,57,36,21,32,31,8,3,6,9,7,3,3,3,0,1,0,1
64648,2026-04-09 05:24:04,3,3,1,attack,attack,coin,gold,1,false,25000,49453815741629,59987,5,5,1,9,2,0,0,0,0,3165,20000,42,0,15.8,bonus_as10_gae1_no,107,700000,,,,,111,59,36,21,32,31,8,3,6,10,9,3,3,3,0,1,0,1
64649,2026-04-09 05:24:08,2,2,2,goldSack,goldSack,goldSack,gold,1,true,2000000,49453817741629,59986,5,5,1,9,0,0,0,0,0,3165,20000,42,0,15.8,bonus_as10_gae1_no,107,700000,,,,,112,59,36,21,32,31,8,3,6,11,9,3,3,3,0,1,0,1
64650,2026-04-09 05:24:13,30,2,2,accumulation,goldSack,goldSack,gold,1,false,150000,49453817891629,59985,5,5,1,9,0,0,0,0,1,3166,20000,42,1,15.8,bonus_as10_gae1_no,107,700000,,,,,113,59,36,21,32,32,8,3,6,12,9,3,3,3,1,1,0,1
64651,2026-04-09 05:24:16,30,2,2,accumulation,goldSack,goldSack,gold,1,false,150000,49453818041629,59984,5,5,1,9,0,0,0,0,1,3167,20000,42,1,15.8,bonus_as10_gae1_no,107,700000,,,,,114,59,36,21,32,33,8,3,6,13,9,3,3,3,2,1,0,1
64652,2026-04-09 05:24:19,30,2,2,accumulation,goldSack,goldSack,gold,1,false,150000,49453818191629,59983,5,5,1,9,0,0,0,0,1,3168,20000,42,1,15.8,bonus_as10_gae1_no,107,700000,,,,,115,59,36,21,32,34,8,3,6,14,9,3,3,3,3,1,0,1
64653,2026-04-09 05:24:24,30,30,30,accumulation,accumulation,accumulation,gold,10,true,0,49453818191629,59583,5,5,400,9,0,0,0,0,3,7168,20000,42,4000,35.8,bonus_as10_gae1_no,107,700000,,,,,116,59,36,21,32,37,8,3,6,15,9,3,3,3,6,1,0,1
64654,2026-04-09 05:24:32,1,1,1,coin,coin,coin,gold,1,true,250000,49453818441629,59582,5,5,1,9,0,0,0,0,0,7168,20000,42,0,35.8,bonus_as10_gae1_no,107,700000,,,,,1,0,0,0,0,0,0,0,0,16,9,3,3,3,6,1,0,1
64655,2026-04-09 05:24:34,30,2,2,accumulation,goldSack,goldSack,gold,1,false,150000,49453818591629,59581,5,5,1,9,0,0,0,0,1,7169,20000,42,1,35.8,bonus_as10_gae1_no,107,700000,,,,,2,0,0,0,0,1,0,0,0,17,9,3,3,3,7,1,0,1
64656,2026-04-09 05:24:37,2,2,2,goldSack,goldSack,goldSack,gold,1,true,2000000,49453820591629,59580,5,5,1,9,0,0,0,0,0,7169,20000,42,0,35.8,bonus_as10_gae1_no,107,700000,,,,,3,0,0,0,0,1,0,0,0,18,9,3,3,3,7,1,0,1
64657,2026-04-09 05:24:38,1,4,6,coin,steal,spins,gold,1,false,25000,49453820616629,59579,5,5,1,9,0,1,0,1,0,7169,20000,42,0,35.8,bonus_as10_gae1_no,107,700000,,,,,4,0,1,0,1,1,0,0,0,19,9,4,3,4,7,1,0,1
64658,2026-04-09 05:24:39,30,2,2,accumulation,goldSack,goldSack,gold,1,false,150000,49453820766629,59578,5,5,1,9,0,0,0,0,1,7170,20000,42,1,35.9,bonus_as10_gae1_no,107,700000,,,,,5,0,1,0,1,2,0,0,0,20,9,4,3,4,8,1,0,1
64659,2026-04-09 05:24:42,2,2,2,goldSack,goldSack,goldSack,gold,1,true,2000000,49453822766629,59577,5,5,1,9,0,0,0,0,0,7170,20000,42,0,35.9,bonus_as10_gae1_no,107,700000,,,,,6,0,1,0,1,2,0,0,0,21,9,4,3,4,8,1,0,1
64660,2026-04-09 05:24:43,3,4,2,attack,steal,goldSack,gold,1,false,100000,49453822866629,59576,5,5,1,9,1,1,0,0,0,7170,20000,42,0,35.9,bonus_as10_gae1_no,107,700000,,,,,7,1,2,0,1,2,0,0,0,22,10,5,3,4,8,1,0,1
64661,2026-04-09 05:24:44,3,3,3,attack,attack,attack,attack,2,true,0,49453822866629,59575,5,5,1,9,3,0,0,0,0,7170,20000,42,0,35.9,bonus_as10_gae1_no,107,700000,,,,,8,4,2,0,1,2,1,0,0,23,13,5,3,4,8,2,0,1
64662,2026-04-09 05:25:14,1,1,6,coin,coin,spins,gold,1,false,50000,49453848916629,59574,5,5,1,9,0,0,0,1,0,7170,20000,42,0,35.9,bonus_as10_gae1_no,107,700000,,,,,9,4,2,0,2,2,1,0,0,24,13,5,3,5,8,2,0,1
64663,2026-04-09 05:25:15,3,4,2,attack,steal,goldSack,gold,1,false,100000,49453849016629,59573,5,5,1,9,1,1,0,0,0,7170,20000,42,0,35.9,bonus_as10_gae1_no,107,700000,,,,,10,5,3,0,2,2,1,0,0,25,14,6,3,5,8,2,0,1
64664,2026-04-09 05:25:15,1,1,1,coin,coin,coin,gold,1,true,250000,49453849266629,59572,5,5,1,9,0,0,0,0,0,7170,20000,42,0,35.9,bonus_as10_gae1_no,107,700000,,,,"{""6cad4489"":""926\/2500@m7""}",11,5,3,0,2,2,1,0,0,26,14,6,3,5,8,2,0,1
64665,2026-04-09 05:25:16,1,4,6,coin,steal,spins,gold,1,false,25000,49453849291629,59571,5,5,1,9,0,1,0,1,0,7170,20000,42,0,35.9,bonus_as10_gae1_no,107,700000,,,,,12,5,4,0,3,2,1,0,0,27,14,7,3,6,8,2,0,1
64666,2026-04-09 05:25:17,30,30,1,accumulation,accumulation,coin,gold,1,false,25000,49453849316629,59570,5,5,1,9,0,0,0,0,2,7172,20000,42,2,35.9,bonus_as10_gae1_no,107,700000,,,,,13,5,4,0,3,4,1,0,0,28,14,7,3,6,10,2,0,1
64667,2026-04-09 05:25:19,3,4,2,attack,steal,goldSack,gold,1,false,100000,49453849416629,59569,5,5,1,9,1,1,0,0,0,7172,20000,42,0,35.9,bonus_as10_gae1_no,107,700000,,,,,14,6,5,0,3,4,1,0,0,29,15,8,3,6,10,2,0,1
64668,2026-04-09 05:25:20,30,2,2,accumulation,goldSack,goldSack,gold,1,false,150000,49453849566629,59568,5,5,1,9,0,0,0,0,1,7173,20000,42,1,35.9,bonus_as10_gae1_no,107,700000,,,,,15,6,5,0,3,5,1,0,0,30,15,8,3,6,11,2,0,1
64669,2026-04-09 05:25:27,1,4,6,coin,steal,spins,gold,1,false,25000,49453849591629,59567,5,5,1,9,0,1,0,1,0,7173,20000,42,0,35.9,bonus_as10_gae1_no,107,700000,,,,,16,6,6,0,4,5,1,0,0,31,15,9,3,7,11,2,0,1
64670,2026-04-09 05:25:28,1,4,6,coin,steal,spins,gold,1,false,25000,49453849616629,59566,5,5,1,9,0,1,0,1,0,7173,20000,42,0,35.9,bonus_as10_gae1_no,107,700000,,,,"{""4fdd0917"":""273\/500@m17""}",17,6,7,0,5,5,1,0,0,32,15,10,3,8,11,2,0,1
64671,2026-04-09 05:25:29,2,2,2,goldSack,goldSack,goldSack,gold,1,true,2000000,49453851616629,59565,5,5,1,9,0,0,0,0,0,7173,20000,42,0,35.9,bonus_as10_gae1_no,107,700000,,,,,18,6,7,0,5,5,1,0,0,33,15,10,3,8,11,2,0,1
64672,2026-04-09 05:25:30,3,4,2,attack,steal,goldSack,gold,1,false,100000,49453851716629,59564,5,5,1,9,1,1,0,0,0,7173,20000,42,0,35.9,bonus_as10_gae1_no,107,700000,,,,,19,7,8,0,5,5,1,0,0,34,16,11,3,8,11,2,0,1
64673,2026-04-09 05:25:30,30,2,2,accumulation,goldSack,goldSack,gold,1,false,150000,49453851866629,59563,5,5,1,9,0,0,0,0,1,7174,20000,42,1,35.9,bonus_as10_gae1_no,107,700000,,,,,20,7,8,0,5,6,1,0,0,35,16,11,3,8,12,2,0,1
64674,2026-04-09 05:25:35,3,4,2,attack,steal,goldSack,gold,1,false,100000,49453851966629,59562,5,5,1,9,1,1,0,0,0,7174,20000,42,0,35.9,bonus_as10_gae1_no,107,700000,,,,,21,8,9,0,5,6,1,0,0,36,17,12,3,8,12,2,0,1
64675,2026-04-09 05:25:36,1,1,1,coin,coin,coin,gold,1,true,250000,49453852216629,59561,5,5,1,9,0,0,0,0,0,7174,20000,42,0,35.9,bonus_as10_gae1_no,107,700000,,,,,22,8,9,0,5,6,1,0,0,37,17,12,3,8,12,2,0,1
64676,2026-04-09 05:25:37,3,3,2,attack,attack,goldSack,gold,1,false,100000,49453852316629,59560,5,5,1,9,2,0,0,0,0,7174,20000,42,0,35.9,bonus_as10_gae1_no,107,700000,,,,,23,10,9,0,5,6,1,0,0,38,19,12,3,8,12,2,0,1
64677,2026-04-09 05:25:37,5,2,2,shield,goldSack,goldSack,gold,1,false,150000,49453852466629,59559,5,5,1,9,0,0,1,0,0,7174,20000,42,0,35.9,bonus_as10_gae1_no,107,700000,,,,,24,10,9,1,5,6,1,0,0,39,19,12,4,8,12,2,0,1
64678,2026-04-09 05:25:39,30,30,1,accumulation,accumulation,coin,gold,1,false,25000,49453852491629,59558,5,5,1,9,0,0,0,0,2,7176,20000,42,2,35.9,bonus_as10_gae1_no,107,700000,,,,"{""6cad4489"":""928\/2500@m7""}",25,10,9,1,5,8,1,0,0,40,19,12,4,8,14,2,0,1
64679,2026-04-09 05:25:43,3,3,3,attack,attack,attack,attack,2,true,0,49453852491629,59557,5,5,1,9,3,0,0,0,0,7176,20000,42,0,35.9,bonus_as10_gae1_no,107,700000,,,,,26,13,9,1,5,8,2,0,0,41,22,12,4,8,14,3,0,1
64680,2026-04-09 05:25:47,1,1,6,coin,coin,spins,gold,1,false,50000,49453861121629,59556,5,5,1,9,0,0,0,1,0,7176,20000,42,0,35.9,bonus_as10_gae1_no,107,700000,,,,,27,13,9,1,6,8,2,0,0,42,22,12,4,9,14,3,0,1
64681,2026-04-09 05:25:48,3,3,2,attack,attack,goldSack,gold,1,false,100000,49453861221629,59555,5,5,1,9,2,0,0,0,0,7176,20000,42,0,35.9,bonus_as10_gae1_no,107,700000,,,,,28,15,9,1,6,8,2,0,0,43,24,12,4,9,14,3,0,1
64682,2026-04-09 05:25:49,1,4,4,coin,steal,steal,gold,1,false,25000,49453861246629,59554,5,5,1,9,0,2,0,0,0,7176,20000,42,0,35.9,bonus_as10_gae1_no,107,700000,,,,,29,15,11,1,6,8,2,0,0,44,24,14,4,9,14,3,0,1
64683,2026-04-09 05:25:49,5,5,5,shield,shield,shield,shield,3,true,1,49453861246629,59554,5,5,1,9,0,0,3,0,0,7176,20000,42,0,35.9,bonus_as10_gae1_no,107,700000,,,,,30,15,11,4,6,8,2,0,1,45,24,14,7,9,14,3,0,2
64684,2026-04-09 05:25:50,3,4,2,attack,steal,goldSack,gold,1,false,100000,49453861346629,59553,5,5,1,9,1,1,0,0,0,7176,20000,42,0,35.9,bonus_as10_gae1_no,107,700000,,,,,31,16,12,4,6,8,2,0,1,46,25,15,7,9,14,3,0,2
64685,2026-04-09 05:25:51,1,4,4,coin,steal,steal,gold,1,false,25000,49453861371629,59552,5,5,1,9,0,2,0,0,0,7176,20000,42,0,35.9,bonus_as10_gae1_no,107,700000,,,,,32,16,14,4,6,8,2,0,1,47,25,17,7,9,14,3,0,2
64686,2026-04-09 05:25:52,30,2,2,accumulation,goldSack,goldSack,gold,1,false,150000,49453861521629,59551,5,5,1,9,0,0,0,0,1,7177,20000,42,1,35.9,bonus_as10_gae1_no,107,700000,,,,,33,16,14,4,6,9,2,0,1,48,25,17,7,9,15,3,0,2
64687,2026-04-09 05:25:53,3,4,2,attack,steal,goldSack,gold,1,false,100000,49453861621629,59550,5,5,1,9,1,1,0,0,0,7177,20000,42,0,35.9,bonus_as10_gae1_no,107,700000,,,,,34,17,15,4,6,9,2,0,1,49,26,18,7,9,15,3,0,2
64688,2026-04-09 05:25:54,5,5,5,shield,shield,shield,shield,3,true,1,49453861621629,59550,5,5,1,9,0,0,3,0,0,7177,20000,42,0,35.9,bonus_as10_gae1_no,107,700000,,,,,35,17,15,7,6,9,2,0,2,50,26,18,10,9,15,3,0,3
64689,2026-04-09 05:25:55,3,1,1,attack,coin,coin,gold,1,false,50000,49453861671629,59549,5,5,1,9,1,0,0,0,0,7177,20000,42,0,35.9,bonus_as10_gae1_no,107,700000,,,,,36,18,15,7,6,9,2,0,2,51,27,18,10,9,15,3,0,3
64690,2026-04-09 05:25:55,6,6,6,spins,spins,spins,spins,5,true,10,49453861671629,59558,5,5,1,9,0,0,0,3,0,7177,20000,42,0,35.9,bonus_as10_gae1_no,107,700000,,,,,37,18,15,7,9,9,2,0,2,52,27,18,10,12,15,3,0,3
64691,2026-04-09 05:25:56,3,3,3,attack,attack,attack,attack,2,true,0,49453861671629,59557,5,5,1,9,3,0,0,0,0,7177,20000,42,0,35.9,bonus_as10_gae1_no,107,700000,,,,,38,21,15,7,9,9,3,0,2,1,3,0,0,0,0,1,0,0
64692,2026-04-09 05:26:11,3,3,2,attack,attack,goldSack,gold,1,false,100000,49453870351629,59556,5,5,1,9,2,0,0,0,0,7177,20000,42,0,35.9,bonus_as10_gae1_no,107,700000,,,,"{""4fdd0917"":""275\/500@m17""}",39,23,15,7,9,9,3,0,2,2,5,0,0,0,0,1,0,0
64693,2026-04-09 05:26:12,30,30,1,accumulation,accumulation,coin,gold,1,false,25000,49453870376629,59555,5,5,1,9,0,0,0,0,2,7179,20000,42,2,35.9,bonus_as10_gae1_no,107,700000,,,,,40,23,15,7,9,11,3,0,2,3,5,0,0,0,2,1,0,0
64694,2026-04-09 05:26:13,3,4,2,attack,steal,goldSack,gold,1,false,100000,49453870476629,59554,5,5,1,9,1,1,0,0,0,7179,20000,42,0,35.9,bonus_as10_gae1_no,107,700000,,,,,41,24,16,7,9,11,3,0,2,4,6,1,0,0,2,1,0,0
64695,2026-04-09 05:26:13,2,2,2,goldSack,goldSack,goldSack,gold,1,true,2000000,49453872476629,59553,5,5,1,9,0,0,0,0,0,7179,20000,42,0,35.9,bonus_as10_gae1_no,107,700000,,,,"{""6cad4489"":""930\/2500@m7""}",42,24,16,7,9,11,3,0,2,5,6,1,0,0,2,1,0,0
64696,2026-04-09 05:26:25,1,1,1,coin,coin,coin,gold,1,true,250000,49453872726629,59552,5,5,1,9,0,0,0,0,0,7179,20000,42,0,35.9,bonus_as10_gae1_no,107,700000,,,,,43,24,16,7,9,11,3,0,2,6,6,1,0,0,2,1,0,0
64697,2026-04-09 05:26:26,1,1,6,coin,coin,spins,gold,1,false,50000,49453872776629,59551,5,5,1,9,0,0,0,1,0,7179,20000,42,0,35.9,bonus_as10_gae1_no,107,700000,,,,,44,24,16,7,10,11,3,0,2,7,6,1,0,1,2,1,0,0
64698,2026-04-09 05:26:27,5,5,5,shield,shield,shield,shield,3,true,1,49453872776629,59551,5,5,1,9,0,0,3,0,0,7179,20000,42,0,35.9,bonus_as10_gae1_no,107,700000,,,,,45,24,16,10,10,11,3,0,3,8,6,1,3,1,2,1,0,1
64699,2026-04-09 05:26:28,30,2,2,accumulation,goldSack,goldSack,gold,1,false,150000,49453872926629,59550,5,5,1,9,0,0,0,0,1,7180,20000,42,1,35.9,bonus_as10_gae1_no,107,700000,,,,,46,24,16,10,10,12,3,0,3,9,6,1,3,1,3,1,0,1
64700,2026-04-09 05:26:43,1,4,4,coin,steal,steal,gold,1,false,25000,49453872951629,59549,5,5,1,9,0,2,0,0,0,7180,20000,42,0,35.9,bonus_as10_gae1_no,107,700000,,,,"{""6cad4489"":""932\/2500@m7""}",47,24,18,10,10,12,3,0,3,10,6,3,3,1,3,1,0,1
64701,2026-04-09 05:26:44,3,3,3,attack,attack,attack,attack,2,true,0,49453872951629,59548,5,5,1,9,3,0,0,0,0,7180,20000,42,0,35.9,bonus_as10_gae1_no,107,700000,,,,,48,27,18,10,10,12,4,0,3,11,9,3,3,1,3,2,0,1
64702,2026-04-09 05:26:47,1,6,6,coin,spins,spins,gold,1,false,25000,49453898976629,59547,5,5,1,9,0,0,0,2,0,7180,20000,42,0,35.9,bonus_as10_gae1_no,107,700000,,,,,49,27,18,10,12,12,4,0,3,12,9,3,3,3,3,2,0,1
64703,2026-04-09 05:26:48,30,2,2,accumulation,goldSack,goldSack,gold,1,false,150000,49453899126629,59546,5,5,1,9,0,0,0,0,1,7181,20000,42,1,35.9,bonus_as10_gae1_no,107,700000,,,,,50,27,18,10,12,13,4,0,3,13,9,3,3,3,4,2,0,1
64704,2026-04-09 05:26:49,1,6,6,coin,spins,spins,gold,1,false,25000,49453899151629,59545,5,5,1,9,0,0,0,2,0,7181,20000,42,0,35.9,bonus_as10_gae1_no,107,700000,,,,,51,27,18,10,14,13,4,0,3,14,9,3,3,5,4,2,0,1
64705,2026-04-09 05:26:57,30,2,2,accumulation,goldSack,goldSack,gold,1,false,150000,49453899301629,59544,5,5,1,9,0,0,0,0,1,7182,20000,42,1,35.9,bonus_as10_gae1_no,107,700000,,,,,52,27,18,10,14,14,4,0,3,15,9,3,3,5,5,2,0,1
64706,2026-04-09 05:26:58,3,3,3,attack,attack,attack,attack,2,true,0,49453899301629,59543,5,5,1,9,3,0,0,0,0,7182,20000,42,0,35.9,bonus_as10_gae1_no,107,700000,,,,,53,30,18,10,14,14,5,0,3,16,12,3,3,5,5,3,0,1
64707,2026-04-09 05:27:02,1,4,4,coin,steal,steal,gold,1,false,25000,49453907906629,59542,5,5,1,9,0,2,0,0,0,7182,20000,42,0,35.9,bonus_as10_gae1_no,107,700000,,,,"{""4fdd0917"":""277\/500@m17""}",54,30,20,10,14,14,5,0,3,17,12,5,3,5,5,3,0,1
64708,2026-04-09 05:27:03,30,2,2,accumulation,goldSack,goldSack,gold,1,false,150000,49453908056629,59541,5,5,1,9,0,0,0,0,1,7183,20000,42,1,35.9,bonus_as10_gae1_no,107,700000,,,,,55,30,20,10,14,15,5,0,3,18,12,5,3,5,6,3,0,1
64709,2026-04-09 05:27:04,30,2,2,accumulation,goldSack,goldSack,gold,1,false,150000,49453908206629,59540,5,5,1,9,0,0,0,0,1,7184,20000,42,1,35.9,bonus_as10_gae1_no,107,700000,,,,,56,30,20,10,14,16,5,0,3,19,12,5,3,5,7,3,0,1
64710,2026-04-09 05:27:05,4,4,4,steal,steal,steal,steal,4,true,0,49453908206629,59539,5,5,1,9,0,3,0,0,0,7184,20000,42,0,35.9,bonus_as10_gae1_no,107,700000,,,,,57,30,23,10,14,16,5,1,3,20,12,8,3,5,7,3,1,1
64711,2026-04-09 05:27:11,1,5,5,coin,shield,shield,gold,1,false,25000,49454026281629,59538,5,5,1,9,0,0,2,0,0,7184,20000,42,0,35.9,bonus_as10_gae1_no,107,700000,,,,,58,30,23,12,14,16,5,1,3,21,12,8,5,5,7,3,1,1
64712,2026-04-09 05:27:12,30,30,1,accumulation,accumulation,coin,gold,1,false,25000,49454026306629,59537,5,5,1,9,0,0,0,0,2,7186,20000,42,2,35.9,bonus_as10_gae1_no,107,700000,,,,,59,30,23,12,14,18,5,1,3,22,12,8,5,5,9,3,1,1
64713,2026-04-09 05:27:13,3,6,2,attack,spins,goldSack,gold,1,false,100000,49454026406629,59536,5,5,1,9,1,0,0,1,0,7186,20000,42,0,35.9,bonus_as10_gae1_no,107,700000,,,,,60,31,23,12,15,18,5,1,3,23,13,8,5,6,9,3,1,1
64714,2026-04-09 05:27:14,1,1,6,coin,coin,spins,gold,1,false,50000,49454026456629,59535,5,5,1,9,0,0,0,1,0,7186,20000,42,0,35.9,bonus_as10_gae1_no,107,700000,,,,,61,31,23,12,16,18,5,1,3,24,13,8,5,7,9,3,1,1
64715,2026-04-09 05:27:15,1,1,6,coin,coin,spins,gold,1,false,50000,49454026506629,59534,5,5,1,9,0,0,0,1,0,7186,20000,42,0,35.9,bonus_as10_gae1_no,107,700000,,,,,62,31,23,12,17,18,5,1,3,25,13,8,5,8,9,3,1,1
64716,2026-04-09 05:27:15,3,4,2,attack,steal,goldSack,gold,1,false,100000,49454026606629,59533,5,5,1,9,1,1,0,0,0,7186,20000,42,0,35.9,bonus_as10_gae1_no,107,700000,,,,,63,32,24,12,17,18,5,1,3,26,14,9,5,8,9,3,1,1
64717,2026-04-09 05:27:16,30,2,2,accumulation,goldSack,goldSack,gold,1,false,150000,49454026756629,59532,5,5,1,9,0,0,0,0,1,7187,20000,42,1,35.9,bonus_as10_gae1_no,107,700000,,,,,64,32,24,12,17,19,5,1,3,27,14,9,5,8,10,3,1,1
64718,2026-04-09 05:27:17,1,1,1,coin,coin,coin,gold,1,true,250000,49454027006629,59531,5,5,1,9,0,0,0,0,0,7187,20000,42,0,35.9,bonus_as10_gae1_no,107,700000,,,,"{""6cad4489"":""934\/2500@m7""}",65,32,24,12,17,19,5,1,3,28,14,9,5,8,10,3,1,1
64719,2026-04-09 05:27:18,30,2,2,accumulation,goldSack,goldSack,gold,1,false,150000,49454027156629,59530,5,5,1,9,0,0,0,0,1,7188,20000,42,1,35.9,bonus_as10_gae1_no,107,700000,,,,,66,32,24,12,17,20,5,1,3,29,14,9,5,8,11,3,1,1
64720,2026-04-09 05:27:19,3,3,3,attack,attack,attack,attack,2,true,0,49454027156629,59529,5,5,1,9,3,0,0,0,0,7188,20000,42,0,35.9,bonus_as10_gae1_no,107,700000,,,,,67,35,24,12,17,20,6,1,3,30,17,9,5,8,11,4,1,1
64721,2026-04-09 05:27:23,1,1,6,coin,coin,spins,gold,1,false,50000,49454035786629,59528,5,5,1,9,0,0,0,1,0,7188,20000,42,0,35.9,bonus_as10_gae1_no,107,700000,,,,"{""4fdd0917"":""279\/500@m17""}",68,35,24,12,18,20,6,1,3,31,17,9,5,9,11,4,1,1
64722,2026-04-09 05:27:24,3,1,1,attack,coin,coin,gold,1,false,50000,49454035836629,59527,5,5,1,9,1,0,0,0,0,7188,20000,42,0,35.9,bonus_as10_gae1_no,107,700000,,,,"{""6cad4489"":""936\/2500@m7""}",69,36,24,12,18,20,6,1,3,32,18,9,5,9,11,4,1,1
64723,2026-04-09 05:27:25,1,6,6,coin,spins,spins,gold,1,false,25000,49454035861629,59526,5,5,1,9,0,0,0,2,0,7188,20000,42,0,35.9,bonus_as10_gae1_no,107,700000,,,,,70,36,24,12,20,20,6,1,3,33,18,9,5,11,11,4,1,1
64724,2026-04-09 05:27:25,5,5,5,shield,shield,shield,shield,3,true,1,49454035861629,59526,5,5,1,9,0,0,3,0,0,7188,20000,42,0,35.9,bonus_as10_gae1_no,107,700000,,,,,71,36,24,15,20,20,6,1,4,34,18,9,8,11,11,4,1,2
64725,2026-04-09 05:27:26,1,4,6,coin,steal,spins,gold,1,false,25000,49454035886629,59525,5,5,1,9,0,1,0,1,0,7188,20000,42,0,35.9,bonus_as10_gae1_no,107,700000,,,,,72,36,25,15,21,20,6,1,4,35,18,10,8,12,11,4,1,2
64726,2026-04-09 05:27:27,4,4,4,steal,steal,steal,steal,4,true,0,49454035886629,59524,5,5,1,9,0,3,0,0,0,7188,20000,42,0,35.9,bonus_as10_gae1_no,107,700000,,,,,73,36,28,15,21,20,6,2,4,36,18,13,8,12,11,4,2,2
64727,2026-04-09 05:27:33,2,2,2,goldSack,goldSack,goldSack,gold,1,true,2000000,49454092440629,59523,5,5,1,9,0,0,0,0,0,7188,20000,42,0,35.9,bonus_as10_gae1_no,107,700000,,,,,74,36,28,15,21,20,6,2,4,37,18,13,8,12,11,4,2,2
64728,2026-04-09 05:27:33,3,3,3,attack,attack,attack,attack,2,true,0,49454092440629,59522,5,5,1,9,3,0,0,0,0,7188,20000,42,0,35.9,bonus_as10_gae1_no,107,700000,,,,,75,39,28,15,21,20,7,2,4,38,21,13,8,12,11,5,2,2
64729,2026-04-09 05:27:37,2,2,2,goldSack,goldSack,goldSack,gold,1,true,2000000,49454103020629,59521,5,5,1,9,0,0,0,0,0,7188,20000,42,0,35.9,bonus_as10_gae1_no,107,700000,,,,,76,39,28,15,21,20,7,2,4,39,21,13,8,12,11,5,2,2
64730,2026-04-09 05:27:38,3,4,2,attack,steal,goldSack,gold,1,false,100000,49454103120629,59520,5,5,1,9,1,1,0,0,0,7188,20000,42,0,35.9,bonus_as10_gae1_no,107,700000,,,,,77,40,29,15,21,20,7,2,4,40,22,14,8,12,11,5,2,2
64731,2026-04-09 05:27:39,1,1,1,coin,coin,coin,gold,1,true,250000,49454103370629,59519,5,5,1,9,0,0,0,0,0,7188,20000,42,0,35.9,bonus_as10_gae1_no,107,700000,,,,,78,40,29,15,21,20,7,2,4,41,22,14,8,12,11,5,2,2
64732,2026-04-09 05:27:40,30,2,2,accumulation,goldSack,goldSack,gold,1,false,150000,49454103520629,59518,5,5,1,9,0,0,0,0,1,7189,20000,42,1,35.9,bonus_as10_gae1_no,107,700000,,,,,79,40,29,15,21,21,7,2,4,42,22,14,8,12,12,5,2,2
64733,2026-04-09 05:27:41,3,4,2,attack,steal,goldSack,gold,1,false,100000,49454103620629,59517,5,5,1,9,1,1,0,0,0,7189,20000,42,0,35.9,bonus_as10_gae1_no,107,700000,,,,,80,41,30,15,21,21,7,2,4,43,23,15,8,12,12,5,2,2
64734,2026-04-09 05:27:41,3,4,2,attack,steal,goldSack,gold,1,false,100000,49454103720629,59516,5,5,1,9,1,1,0,0,0,7189,20000,42,0,35.9,bonus_as10_gae1_no,107,700000,,,,,81,42,31,15,21,21,7,2,4,44,24,16,8,12,12,5,2,2
64735,2026-04-09 05:27:42,30,30,1,accumulation,accumulation,coin,gold,1,false,25000,49454103745629,59515,5,5,1,9,0,0,0,0,2,7191,20000,42,2,36.0,bonus_as10_gae1_no,107,700000,,,,"{""6cad4489"":""938\/2500@m7""}",82,42,31,15,21,23,7,2,4,45,24,16,8,12,14,5,2,2
64736,2026-04-09 05:27:44,30,30,1,accumulation,accumulation,coin,gold,1,false,25000,49454103770629,59514,5,5,1,9,0,0,0,0,2,7193,20000,42,2,36.0,bonus_as10_gae1_no,107,700000,,,,,83,42,31,15,21,25,7,2,4,46,24,16,8,12,16,5,2,2
64737,2026-04-09 05:27:45,1,1,6,coin,coin,spins,gold,1,false,50000,49454103820629,59513,5,5,1,9,0,0,0,1,0,7193,20000,42,0,36.0,bonus_as10_gae1_no,107,700000,,,,,84,42,31,15,22,25,7,2,4,47,24,16,8,13,16,5,2,2
64738,2026-04-09 05:27:46,1,1,1,coin,coin,coin,gold,1,true,250000,49454104070629,59512,5,5,1,9,0,0,0,0,0,7193,20000,42,0,36.0,bonus_as10_gae1_no,107,700000,,,,,85,42,31,15,22,25,7,2,4,48,24,16,8,13,16,5,2,2
64739,2026-04-09 05:27:47,3,6,2,attack,spins,goldSack,gold,1,false,100000,49454104170629,59511,5,5,1,9,1,0,0,1,0,7193,20000,42,0,36.0,bonus_as10_gae1_no,107,700000,,,,,86,43,31,15,23,25,7,2,4,49,25,16,8,14,16,5,2,2
64740,2026-04-09 05:27:48,3,3,2,attack,attack,goldSack,gold,1,false,100000,49454104270629,59510,5,5,1,9,2,0,0,0,0,7193,20000,42,0,36.0,bonus_as10_gae1_no,107,700000,,,,"{""4fdd0917"":""281\/500@m17""}",87,45,31,15,23,25,7,2,4,50,27,16,8,14,16,5,2,2
64741,2026-04-09 05:27:49,4,4,4,steal,steal,steal,steal,4,true,0,49454104270629,59509,5,5,1,9,0,3,0,0,0,7193,20000,42,0,36.0,bonus_as10_gae1_no,107,700000,,,,,88,45,34,15,23,25,7,3,4,51,27,19,8,14,16,5,3,2
64742,2026-04-09 05:27:55,30,2,2,accumulation,goldSack,goldSack,gold,1,false,150000,49454313106629,59508,5,5,1,9,0,0,0,0,1,7194,20000,42,1,36.0,bonus_as10_gae1_no,107,700000,,,,,89,45,34,15,23,26,7,3,4,52,27,19,8,14,17,5,3,2
64743,2026-04-09 05:27:56,2,2,2,goldSack,goldSack,goldSack,gold,1,true,2000000,49454315106629,59507,5,5,1,9,0,0,0,0,0,7194,20000,42,0,36.0,bonus_as10_gae1_no,107,700000,,,,,90,45,34,15,23,26,7,3,4,53,27,19,8,14,17,5,3,2
64744,2026-04-09 05:27:56,30,2,2,accumulation,goldSack,goldSack,gold,1,false,150000,49454315256629,59506,5,5,1,9,0,0,0,0,1,7195,20000,42,1,36.0,bonus_as10_gae1_no,107,700000,,,,,91,45,34,15,23,27,7,3,4,54,27,19,8,14,18,5,3,2
64745,2026-04-09 05:27:57,5,5,5,shield,shield,shield,shield,3,true,1,49454315256629,59506,5,5,1,9,0,0,3,0,0,7195,20000,42,0,36.0,bonus_as10_gae1_no,107,700000,,,,,92,45,34,18,23,27,7,3,5,55,27,19,11,14,18,5,3,3
64746,2026-04-09 05:27:59,30,2,2,accumulation,goldSack,goldSack,gold,1,false,150000,49454315406629,59505,5,5,1,9,0,0,0,0,1,7196,20000,42,1,36.0,bonus_as10_gae1_no,107,700000,,,,"{""6cad4489"":""940\/2500@m7""}",93,45,34,18,23,28,7,3,5,56,27,19,11,14,19,5,3,3
64747,2026-04-09 05:28:00,1,1,1,coin,coin,coin,gold,1,true,250000,49454315656629,59504,5,5,1,9,0,0,0,0,0,7196,20000,42,0,36.0,bonus_as10_gae1_no,107,700000,,,,,94,45,34,18,23,28,7,3,5,57,27,19,11,14,19,5,3,3
64748,2026-04-09 05:28:00,3,3,2,attack,attack,goldSack,gold,1,false,100000,49454315756629,59503,5,5,1,9,2,0,0,0,0,7196,20000,42,0,36.0,bonus_as10_gae1_no,107,700000,,,,,95,47,34,18,23,28,7,3,5,58,29,19,11,14,19,5,3,3
64749,2026-04-09 05:28:01,1,1,6,coin,coin,spins,gold,1,false,50000,49454315806629,59502,5,5,1,9,0,0,0,1,0,7196,20000,42,0,36.0,bonus_as10_gae1_no,107,700000,,,,,96,47,34,18,24,28,7,3,5,59,29,19,11,15,19,5,3,3
64750,2026-04-09 05:28:01,1,4,6,coin,steal,spins,gold,1,false,25000,49454315831629,59501,5,5,1,9,0,1,0,1,0,7196,20000,42,0,36.0,bonus_as10_gae1_no,107,700000,,,,,97,47,35,18,25,28,7,3,5,60,29,20,11,16,19,5,3,3
64751,2026-04-09 05:28:02,30,30,1,accumulation,accumulation,coin,gold,1,false,25000,49454315856629,59500,5,5,1,9,0,0,0,0,2,7198,20000,42,2,36.0,bonus_as10_gae1_no,107,700000,,,,,98,47,35,18,25,30,7,3,5,61,29,20,11,16,21,5,3,3
64752,2026-04-09 05:28:04,3,3,2,attack,attack,goldSack,gold,1,false,100000,49454315956629,59499,5,5,1,9,2,0,0,0,0,7198,20000,42,0,36.0,bonus_as10_gae1_no,107,700000,,,,,99,49,35,18,25,30,7,3,5,62,31,20,11,16,21,5,3,3
64753,2026-04-09 05:28:04,30,2,2,accumulation,goldSack,goldSack,gold,1,false,150000,49454316106629,59498,5,5,1,9,0,0,0,0,1,7199,20000,42,1,36.0,bonus_as10_gae1_no,107,700000,,,,"{""4fdd0917"":""283\/500@m17""}",100,49,35,18,25,31,7,3,5,63,31,20,11,16,22,5,3,3
64754,2026-04-09 05:28:07,3,4,2,attack,steal,goldSack,gold,1,false,100000,49454316206629,59497,5,5,1,9,1,1,0,0,0,7199,20000,42,0,36.0,bonus_as10_gae1_no,107,700000,,,,,101,50,36,18,25,31,7,3,5,64,32,21,11,16,22,5,3,3
64755,2026-04-09 05:28:08,1,1,1,coin,coin,coin,gold,1,true,250000,49454316456629,59496,5,5,1,9,0,0,0,0,0,7199,20000,42,0,36.0,bonus_as10_gae1_no,107,700000,,,,,102,50,36,18,25,31,7,3,5,65,32,21,11,16,22,5,3,3
64756,2026-04-09 05:28:09,1,6,6,coin,spins,spins,gold,1,false,25000,49454316481629,59495,5,5,1,9,0,0,0,2,0,7199,20000,42,0,36.0,bonus_as10_gae1_no,107,700000,,,,,103,50,36,18,27,31,7,3,5,66,32,21,11,18,22,5,3,3
64757,2026-04-09 05:28:10,3,3,3,attack,attack,attack,attack,2,true,0,49454316481629,59494,5,5,1,9,3,0,0,0,0,7199,20000,42,0,36.0,bonus_as10_gae1_no,107,700000,,,,,104,53,36,18,27,31,8,3,5,67,35,21,11,18,22,6,3,3
64758,2026-04-09 05:28:17,1,1,6,coin,coin,spins,gold,1,false,50000,49454325111629,59493,5,5,1,9,0,0,0,1,0,7199,20000,42,0,36.0,bonus_as10_gae1_no,107,700000,,,,,105,53,36,18,28,31,8,3,5,68,35,21,11,19,22,6,3,3
64759,2026-04-09 05:28:19,3,6,2,attack,spins,goldSack,gold,1,false,100000,49454325211629,59492,5,5,1,9,1,0,0,1,0,7199,20000,42,0,36.0,bonus_as10_gae1_no,107,700000,,,,,106,54,36,18,29,31,8,3,5,69,36,21,11,20,22,6,3,3
64760,2026-04-09 05:28:21,4,4,4,steal,steal,steal,steal,4,true,0,49454325211629,59491,5,5,1,9,0,3,0,0,0,7199,20000,42,0,36.0,bonus_as10_gae1_no,107,700000,,,,,107,54,39,18,29,31,8,4,5,70,36,24,11,20,22,6,4,3
64761,2026-04-09 05:28:26,30,2,2,accumulation,goldSack,goldSack,gold,1,false,150000,49454423986629,59490,5,5,1,9,0,0,0,0,1,7200,20000,42,1,36.0,bonus_as10_gae1_no,107,700000,,,,,108,54,39,18,29,32,8,4,5,71,36,24,11,20,23,6,4,3
64762,2026-04-09 05:28:33,3,3,3,attack,attack,attack,attack,2,true,0,49454423986629,59489,5,5,1,9,3,0,0,0,0,7200,20000,42,0,36.0,bonus_as10_gae1_no,107,700000,,,,,109,57,39,18,29,32,9,4,5,72,39,24,11,20,23,7,4,3
64763,2026-04-09 05:28:37,5,5,5,shield,shield,shield,shield,3,true,1,49454432566629,59489,5,5,1,9,0,0,3,0,0,7200,20000,42,0,36.0,bonus_as10_gae1_no,107,700000,,,,"{""6cad4489"":""942\/2500@m7""}",110,57,39,21,29,32,9,4,6,73,39,24,14,20,23,7,4,4
64764,2026-04-09 05:28:38,5,5,5,shield,shield,shield,shield,3,true,1,49454432566629,59489,5,5,1,9,0,0,3,0,0,7200,20000,42,0,36.0,bonus_as10_gae1_no,107,700000,,,,,111,57,39,24,29,32,9,4,7,74,39,24,17,20,23,7,4,5
64765,2026-04-09 05:28:39,5,5,5,shield,shield,shield,shield,3,true,1,49454432566629,59489,5,5,1,9,0,0,3,0,0,7200,20000,42,0,36.0,bonus_as10_gae1_no,107,700000,,,,,112,57,39,27,29,32,9,4,8,75,39,24,20,20,23,7,4,6
64766,2026-04-09 05:28:40,3,4,2,attack,steal,goldSack,gold,1,false,100000,49454432666629,59488,5,5,1,9,1,1,0,0,0,7200,20000,42,0,36.0,bonus_as10_gae1_no,107,700000,,,,,113,58,40,27,29,32,9,4,8,76,40,25,20,20,23,7,4,6
64767,2026-04-09 05:28:45,3,3,3,attack,attack,attack,attack,2,true,0,49454432666629,59487,5,5,1,9,3,0,0,0,0,7200,20000,42,0,36.0,bonus_as10_gae1_no,107,700000,,,,,114,61,40,27,29,32,10,4,8,77,43,25,20,20,23,8,4,6
64768,2026-04-09 05:28:49,30,2,2,accumulation,goldSack,goldSack,gold,1,false,150000,49454441396629,59486,5,5,1,9,0,0,0,0,1,7201,20000,42,1,36.0,bonus_as10_gae1_no,107,700000,,,,"{""4fdd0917"":""285\/500@m17""}",115,61,40,27,29,33,10,4,8,78,43,25,20,20,24,8,4,6
64769,2026-04-09 05:28:53,4,4,4,steal,steal,steal,steal,4,true,0,49454441396629,59485,5,5,1,9,0,3,0,0,0,7201,20000,42,0,36.0,bonus_as10_gae1_no,107,700000,,,,,116,61,43,27,29,33,10,5,8,79,43,28,20,20,24,8,5,6
64770,2026-04-09 05:28:59,3,3,3,attack,attack,attack,attack,2,true,0,49454570451629,59484,5,5,1,9,3,0,0,0,0,7201,20000,42,0,36.0,bonus_as10_gae1_no,107,700000,,,,,117,64,43,27,29,33,11,5,8,80,46,28,20,20,24,9,5,6
64771,2026-04-09 05:29:02,3,1,5,attack,coin,shield,gold,1,false,25000,49454596476629,59483,5,5,1,9,1,0,1,0,0,7201,20000,42,0,36.0,bonus_as10_gae1_no,107,700000,,,,,118,65,43,28,29,33,11,5,8,81,47,28,21,20,24,9,5,6
64772,2026-04-09 05:29:07,3,3,2,attack,attack,goldSack,gold,1,false,100000,49454596576629,59482,5,5,1,9,2,0,0,0,0,7201,20000,42,0,36.0,bonus_as10_gae1_no,107,700000,,,,,119,67,43,28,29,33,11,5,8,82,49,28,21,20,24,9,5,6
64773,2026-04-09 05:29:10,30,2,2,accumulation,goldSack,goldSack,gold,1,false,150000,49454596726629,59481,5,5,1,9,0,0,0,0,1,7202,20000,42,1,36.0,bonus_as10_gae1_no,107,700000,,,,,120,67,43,28,29,34,11,5,8,83,49,28,21,20,25,9,5,6
64774,2026-04-09 05:29:11,3,4,2,attack,steal,goldSack,gold,1,false,100000,49454596826629,59480,5,5,1,9,1,1,0,0,0,7202,20000,42,0,36.0,bonus_as10_gae1_no,107,700000,,,,,121,68,44,28,29,34,11,5,8,84,50,29,21,20,25,9,5,6
64775,2026-04-09 05:29:12,1,1,6,coin,coin,spins,gold,1,false,50000,49454596876629,59479,5,5,1,9,0,0,0,1,0,7202,20000,42,0,36.0,bonus_as10_gae1_no,107,700000,,,,,122,68,44,28,30,34,11,5,8,85,50,29,21,21,25,9,5,6
64776,2026-04-09 05:29:14,3,4,2,attack,steal,goldSack,gold,1,false,100000,49454596976629,59478,5,5,1,9,1,1,0,0,0,7202,20000,42,0,36.0,bonus_as10_gae1_no,107,700000,,,,,123,69,45,28,30,34,11,5,8,86,51,30,21,21,25,9,5,6
64777,2026-04-09 05:29:16,3,4,2,attack,steal,goldSack,gold,1,false,100000,49454597076629,59477,5,5,1,9,1,1,0,0,0,7202,20000,42,0,36.0,bonus_as10_gae1_no,107,700000,,,,,124,70,46,28,30,34,11,5,8,87,52,31,21,21,25,9,5,6
64778,2026-04-09 05:29:16,1,6,6,coin,spins,spins,gold,1,false,25000,49454597101629,59476,5,5,1,9,0,0,0,2,0,7202,20000,42,0,36.0,bonus_as10_gae1_no,107,700000,,,,,125,70,46,28,32,34,11,5,8,88,52,31,21,23,25,9,5,6
64779,2026-04-09 05:29:18,30,2,2,accumulation,goldSack,goldSack,gold,1,false,150000,49454597251629,59475,5,5,1,9,0,0,0,0,1,7203,20000,42,1,36.0,bonus_as10_gae1_no,107,700000,,,,,126,70,46,28,32,35,11,5,8,89,52,31,21,23,26,9,5,6
64780,2026-04-09 05:29:19,1,1,1,coin,coin,coin,gold,1,true,250000,49454597501629,59474,5,5,1,9,0,0,0,0,0,7203,20000,42,0,36.0,bonus_as10_gae1_no,107,700000,,,,"{""6cad4489"":""944\/2500@m7""}",127,70,46,28,32,35,11,5,8,90,52,31,21,23,26,9,5,6
64781,2026-04-09 05:29:21,1,1,6,coin,coin,spins,gold,1,false,50000,49454597551629,59473,5,5,1,9,0,0,0,1,0,7203,20000,42,0,36.0,bonus_as10_gae1_no,107,700000,,,,,128,70,46,28,33,35,11,5,8,91,52,31,21,24,26,9,5,6
64782,2026-04-09 05:29:22,1,1,6,coin,coin,spins,gold,1,false,50000,49454597601629,59472,5,5,1,9,0,0,0,1,0,7203,20000,42,0,36.0,bonus_as10_gae1_no,107,700000,,,,,129,70,46,28,34,35,11,5,8,92,52,31,21,25,26,9,5,6
64783,2026-04-09 05:29:28,3,3,2,attack,attack,goldSack,gold,1,false,100000,49454597701629,59471,5,5,1,9,2,0,0,0,0,7203,20000,42,0,36.0,bonus_as10_gae1_no,107,700000,,,,,130,72,46,28,34,35,11,5,8,93,54,31,21,25,26,9,5,6
64784,2026-04-09 05:29:29,30,2,2,accumulation,goldSack,goldSack,gold,1,false,150000,49454597851629,59470,5,5,1,9,0,0,0,0,1,7204,20000,42,1,36.0,bonus_as10_gae1_no,107,700000,,,,,131,72,46,28,34,36,11,5,8,94,54,31,21,25,27,9,5,6
64785,2026-04-09 05:29:32,30,2,2,accumulation,goldSack,goldSack,gold,1,false,150000,49454598001629,59469,5,5,1,9,0,0,0,0,1,7205,20000,42,1,36.0,bonus_as10_gae1_no,107,700000,,,,"{""4fdd0917"":""287\/500@m17""}",132,72,46,28,34,37,11,5,8,95,54,31,21,25,28,9,5,6
64786,2026-04-09 05:29:37,3,4,2,attack,steal,goldSack,gold,1,false,40000000,49454638001629,59069,5,5,400,9,1,1,0,0,0,7205,20000,42,0,36.0,bonus_as10_gae1_no,107,700000,,,,,133,73,47,28,34,37,11,5,8,96,55,32,21,25,28,9,5,6
64787,2026-04-09 05:29:40,3,3,3,attack,attack,attack,attack,2,true,0,49454638001629,58669,5,5,400,9,3,0,0,0,0,7205,20000,42,0,36.0,bonus_as10_gae1_no,107,700000,,,,"{""6cad4489"":""1744\/2500@m7""}",134,76,47,28,34,37,12,5,8,97,58,32,21,25,28,10,5,6
64788,2026-04-09 05:29:46,3,4,2,attack,steal,goldSack,gold,1,false,100000,49465038101629,58668,5,5,1,9,1,1,0,0,0,7205,20000,42,0,36.0,bonus_as10_gae1_no,107,700000,,,,,135,77,48,28,34,37,12,5,8,98,59,33,21,25,28,10,5,6
64789,2026-04-09 05:29:47,3,4,2,attack,steal,goldSack,gold,1,false,100000,49465038201629,58667,5,5,1,9,1,1,0,0,0,7205,20000,42,0,36.0,bonus_as10_gae1_no,107,700000,,,,,136,78,49,28,34,37,12,5,8,99,60,34,21,25,28,10,5,6
64790,2026-04-09 05:29:50,1,1,6,coin,coin,spins,gold,1,false,50000,49465038251629,58666,5,5,1,9,0,0,0,1,0,7205,20000,42,0,36.0,bonus_as10_gae1_no,107,700000,,,,,137,78,49,28,35,37,12,5,8,100,60,34,21,26,28,10,5,6
64791,2026-04-09 05:29:51,30,2,2,accumulation,goldSack,goldSack,gold,1,false,150000,49465038401629,58665,5,5,1,9,0,0,0,0,1,7206,20000,42,1,36.0,bonus_as10_gae1_no,107,700000,,,,,138,78,49,28,35,38,12,5,8,101,60,34,21,26,29,10,5,6
64792,2026-04-09 05:29:54,1,1,6,coin,coin,spins,gold,1,false,50000,49465038451629,58664,5,5,1,9,0,0,0,1,0,7206,20000,42,0,36.0,bonus_as10_gae1_no,107,700000,,,,,139,78,49,28,36,38,12,5,8,102,60,34,21,27,29,10,5,6
64793,2026-04-09 05:30:00,2,2,2,goldSack,goldSack,goldSack,gold,1,true,2000000,49465040451629,58663,5,5,1,9,0,0,0,0,0,7206,20000,42,0,36.0,bonus_as10_gae1_no,107,700000,,,,,140,78,49,28,36,38,12,5,8,103,60,34,21,27,29,10,5,6
64794,2026-04-09 05:30:01,1,6,6,coin,spins,spins,gold,1,false,25000,49465040476629,58662,5,5,1,9,0,0,0,2,0,7206,20000,42,0,36.0,bonus_as10_gae1_no,107,700000,,,,,141,78,49,28,38,38,12,5,8,104,60,34,21,29,29,10,5,6
64795,2026-04-09 05:30:03,1,4,6,coin,steal,spins,gold,1,false,25000,49465040501629,58661,5,5,1,9,0,1,0,1,0,7206,20000,42,0,36.0,bonus_as10_gae1_no,107,700000,,,,,142,78,50,28,39,38,12,5,8,105,60,35,21,30,29,10,5,6
64796,2026-04-09 05:30:05,3,3,3,attack,attack,attack,attack,2,true,0,49465040501629,58660,5,5,1,9,3,0,0,0,0,7206,20000,42,0,36.0,bonus_as10_gae1_no,107,700000,,,,,143,81,50,28,39,38,13,5,8,106,63,35,21,30,29,11,5,6
64797,2026-04-09 05:30:09,1,1,6,coin,coin,spins,gold,1,false,50000,49465049131629,58659,5,5,1,9,0,0,0,1,0,7206,20000,42,0,36.0,bonus_as10_gae1_no,107,700000,,,,,144,81,50,28,40,38,13,5,8,107,63,35,21,31,29,11,5,6
64798,2026-04-09 05:30:12,30,2,2,accumulation,goldSack,goldSack,gold,1,false,150000,49465049281629,58658,5,5,1,9,0,0,0,0,1,7207,20000,42,1,36.0,bonus_as10_gae1_no,107,700000,,,,"{""4fdd0917"":""289\/500@m17""}",145,81,50,28,40,39,13,5,8,108,63,35,21,31,30,11,5,6
64799,2026-04-09 05:30:15,30,30,1,accumulation,accumulation,coin,gold,1,false,25000,49465049306629,58657,5,5,1,9,0,0,0,0,2,7209,20000,42,2,36.0,bonus_as10_gae1_no,107,700000,,,,,146,81,50,28,40,41,13,5,8,109,63,35,21,31,32,11,5,6
64800,2026-04-09 05:30:17,30,2,2,accumulation,goldSack,goldSack,gold,1,false,150000,49465049456629,58656,5,5,1,9,0,0,0,0,1,7210,20000,42,1,36.0,bonus_as10_gae1_no,107,700000,,,,,147,81,50,28,40,42,13,5,8,110,63,35,21,31,33,11,5,6
64801,2026-04-09 05:30:20,1,4,4,coin,steal,steal,gold,1,false,25000,49465049481629,58655,5,5,1,9,0,2,0,0,0,7210,20000,42,0,36.0,bonus_as10_gae1_no,107,700000,,,,,148,81,52,28,40,42,13,5,8,111,63,37,21,31,33,11,5,6
64802,2026-04-09 05:30:23,3,4,2,attack,steal,goldSack,gold,1,false,100000,49465049581629,58654,5,5,1,9,1,1,0,0,0,7210,20000,42,0,36.0,bonus_as10_gae1_no,107,700000,,,,,149,82,53,28,40,42,13,5,8,112,64,38,21,31,33,11,5,6
64803,2026-04-09 05:30:24,3,4,2,attack,steal,goldSack,gold,1,false,100000,49465049681629,58653,5,5,1,9,1,1,0,0,0,7210,20000,42,0,36.0,bonus_as10_gae1_no,107,700000,,,,,150,83,54,28,40,42,13,5,8,113,65,39,21,31,33,11,5,6
64804,2026-04-09 05:30:29,4,4,4,steal,steal,steal,steal,4,true,0,49465049681629,58253,5,5,400,9,0,3,0,0,0,7210,20000,42,0,36.0,bonus_as10_gae1_no,107,700000,,,,,151,83,57,28,40,42,13,6,8,114,65,42,21,31,33,11,6,6
64805,2026-04-09 05:30:38,3,6,2,attack,spins,goldSack,gold,1,false,100000,49557684981629,58252,5,5,1,9,1,0,0,1,0,7210,20000,42,0,36.0,bonus_as10_gae1_no,107,700000,,,,"{""6cad4489"":""1746\/2500@m7""}",152,84,57,28,41,42,13,6,8,115,66,42,21,32,33,11,6,6
64806,2026-04-09 05:30:39,30,2,2,accumulation,goldSack,goldSack,gold,1,false,150000,49557685131629,58251,5,5,1,9,0,0,0,0,1,7211,20000,42,1,36.1,bonus_as10_gae1_no,107,700000,,,,,153,84,57,28,41,43,13,6,8,116,66,42,21,32,34,11,6,6
64807,2026-04-09 05:30:42,3,4,2,attack,steal,goldSack,gold,1,false,100000,49557685231629,58250,5,5,1,9,1,1,0,0,0,7211,20000,42,0,36.1,bonus_as10_gae1_no,107,700000,,,,,154,85,58,28,41,43,13,6,8,117,67,43,21,32,34,11,6,6
64808,2026-04-09 05:30:44,3,4,2,attack,steal,goldSack,gold,1,false,100000,49557685331629,58249,5,5,1,9,1,1,0,0,0,7211,20000,42,0,36.1,bonus_as10_gae1_no,107,700000,,,,,155,86,59,28,41,43,13,6,8,118,68,44,21,32,34,11,6,6
64809,2026-04-09 05:30:45,3,3,1,attack,attack,coin,gold,1,false,25000,49557685356629,58248,5,5,1,9,2,0,0,0,0,7211,20000,42,0,36.1,bonus_as10_gae1_no,107,700000,,,,"{""4fdd0917"":""291\/500@m17""}",156,88,59,28,41,43,13,6,8,119,70,44,21,32,34,11,6,6
64810,2026-04-09 05:30:47,4,4,4,steal,steal,steal,steal,4,true,0,49557685356629,58247,5,5,1,9,0,3,0,0,0,7211,20000,42,0,36.1,bonus_as10_gae1_no,107,700000,,,,,157,88,62,28,41,43,13,7,8,120,70,47,21,32,34,11,7,6
64811,2026-04-09 05:30:53,1,1,1,coin,coin,coin,gold,1,true,250000,49557836626629,58246,5,5,1,9,0,0,0,0,0,7211,20000,42,0,36.1,bonus_as10_gae1_no,107,700000,,,,,158,88,62,28,41,43,13,7,8,121,70,47,21,32,34,11,7,6
64812,2026-04-09 05:30:57,3,3,3,attack,attack,attack,attack,2,true,0,49557836626629,58245,5,5,1,9,3,0,0,0,0,7211,20000,42,0,36.1,bonus_as10_gae1_no,107,700000,,,,,159,91,62,28,41,43,14,7,8,122,73,47,21,32,34,12,7,6
64813,2026-04-09 05:31:01,2,2,2,goldSack,goldSack,goldSack,gold,1,true,2000000,49557847206629,58244,5,5,1,9,0,0,0,0,0,7211,20000,42,0,36.1,bonus_as10_gae1_no,107,700000,,,,,160,91,62,28,41,43,14,7,8,123,73,47,21,32,34,12,7,6
64814,2026-04-09 05:31:02,30,2,2,accumulation,goldSack,goldSack,gold,1,false,150000,49557847356629,58243,5,5,1,9,0,0,0,0,1,7212,20000,42,1,36.1,bonus_as10_gae1_no,107,700000,,,,,161,91,62,28,41,44,14,7,8,124,73,47,21,32,35,12,7,6
64815,2026-04-09 05:31:04,5,5,5,shield,shield,shield,shield,3,true,1,49557847356629,58243,5,5,1,9,0,0,3,0,0,7212,20000,42,0,36.1,bonus_as10_gae1_no,107,700000,,,,,162,91,62,31,41,44,14,7,9,125,73,47,24,32,35,12,7,7
64816,2026-04-09 05:31:05,1,1,4,coin,coin,steal,gold,1,false,50000,49557847406629,58242,5,5,1,9,0,1,0,0,0,7212,20000,42,0,36.1,bonus_as10_gae1_no,107,700000,,,,,163,91,63,31,41,44,14,7,9,126,73,48,24,32,35,12,7,7
64817,2026-04-09 05:31:06,30,30,1,accumulation,accumulation,coin,gold,1,false,25000,49557847431629,58241,5,5,1,9,0,0,0,0,2,7214,20000,42,2,36.1,bonus_as10_gae1_no,107,700000,,,,,164,91,63,31,41,46,14,7,9,127,73,48,24,32,37,12,7,7
64818,2026-04-09 05:31:08,30,2,2,accumulation,goldSack,goldSack,gold,1,false,150000,49557847581629,58240,5,5,1,9,0,0,0,0,1,7215,20000,42,1,36.1,bonus_as10_gae1_no,107,700000,,,,,165,91,63,31,41,47,14,7,9,128,73,48,24,32,38,12,7,7
64819,2026-04-09 05:31:13,30,30,30,accumulation,accumulation,accumulation,gold,10,true,0,49557847581629,58239,5,5,1,9,0,0,0,0,3,7225,20000,42,10,36.1,bonus_as10_gae1_no,107,700000,,,,"{""6cad4489"":""1748\/2500@m7""}",166,91,63,31,41,50,14,7,9,129,73,48,24,32,41,12,7,7
64820,2026-04-09 05:31:16,3,4,2,attack,steal,goldSack,gold,1,false,100000,49557847681629,58238,5,5,1,9,1,1,0,0,0,7225,20000,42,0,36.1,bonus_as10_gae1_no,107,700000,,,,,1,1,1,0,0,0,0,0,0,130,74,49,24,32,41,12,7,7
64821,2026-04-09 05:31:17,2,2,2,goldSack,goldSack,goldSack,gold,1,true,2000000,49557849681629,58237,5,5,1,9,0,0,0,0,0,7225,20000,42,0,36.1,bonus_as10_gae1_no,107,700000,,,,,2,1,1,0,0,0,0,0,0,131,74,49,24,32,41,12,7,7
64822,2026-04-09 05:31:18,5,2,2,shield,goldSack,goldSack,gold,1,false,150000,49557849831629,58236,5,5,1,9,0,0,1,0,0,7225,20000,42,0,36.1,bonus_as10_gae1_no,107,700000,,,,,3,1,1,1,0,0,0,0,0,132,74,49,25,32,41,12,7,7
64823,2026-04-09 05:31:18,3,4,2,attack,steal,goldSack,gold,1,false,100000,49557849931629,58235,5,5,1,9,1,1,0,0,0,7225,20000,42,0,36.1,bonus_as10_gae1_no,107,700000,,,,,4,2,2,1,0,0,0,0,0,133,75,50,25,32,41,12,7,7
64824,2026-04-09 05:31:19,4,6,2,steal,spins,goldSack,gold,1,false,100000,49557850031629,58234,5,5,1,9,0,1,0,1,0,7225,20000,42,0,36.1,bonus_as10_gae1_no,107,700000,,,,"{""4fdd0917"":""293\/500@m17""}",5,2,3,1,1,0,0,0,0,134,75,51,25,33,41,12,7,7
64825,2026-04-09 05:31:24,3,3,1,attack,attack,coin,gold,1,false,25000,49557850056629,58233,5,5,1,9,2,0,0,0,0,7225,20000,42,0,36.1,bonus_as10_gae1_no,107,700000,,,,,6,4,3,1,1,0,0,0,0,135,77,51,25,33,41,12,7,7
64826,2026-04-09 05:31:24,1,1,1,coin,coin,coin,gold,1,true,250000,49557850306629,58232,5,5,1,9,0,0,0,0,0,7225,20000,42,0,36.1,bonus_as10_gae1_no,107,700000,,,,,7,4,3,1,1,0,0,0,0,136,77,51,25,33,41,12,7,7
64827,2026-04-09 05:31:25,3,3,3,attack,attack,attack,attack,2,true,0,49557850306629,58231,5,5,1,9,3,0,0,0,0,7225,20000,42,0,36.1,bonus_as10_gae1_no,107,700000,,,,,8,7,3,1,1,0,1,0,0,137,80,51,25,33,41,13,7,7
64828,2026-04-09 05:31:29,1,6,6,coin,spins,spins,gold,1,false,25000,49557876331629,58230,5,5,1,9,0,0,0,2,0,7225,20000,42,0,36.1,bonus_as10_gae1_no,107,700000,,,,,9,7,3,1,3,0,1,0,0,138,80,51,25,35,41,13,7,7
64829,2026-04-09 05:31:32,30,2,2,accumulation,goldSack,goldSack,gold,1,false,150000,49557876481629,58229,5,5,1,9,0,0,0,0,1,7226,20000,42,1,36.1,bonus_as10_gae1_no,107,700000,,,,"{""6cad4489"":""1750\/2500@m7""}",10,7,3,1,3,1,1,0,0,139,80,51,25,35,42,13,7,7
64830,2026-04-09 05:31:34,3,6,2,attack,spins,goldSack,gold,1,false,100000,49557876581629,58228,5,5,1,9,1,0,0,1,0,7226,20000,42,0,36.1,bonus_as10_gae1_no,107,700000,,,,,11,8,3,1,4,1,1,0,0,140,81,51,25,36,42,13,7,7
64831,2026-04-09 05:31:39,3,3,3,attack,attack,attack,attack,2,true,0,49557876581629,58227,5,5,1,9,3,0,0,0,0,7226,20000,42,0,36.1,bonus_as10_gae1_no,107,700000,,,,,12,11,3,1,4,1,2,0,0,141,84,51,25,36,42,14,7,7
64832,2026-04-09 05:31:43,3,3,3,attack,attack,attack,attack,2,true,0,49557902581629,58226,5,5,1,9,3,0,0,0,0,7226,20000,42,0,36.1,bonus_as10_gae1_no,107,700000,,,,,13,14,3,1,4,1,3,0,0,142,87,51,25,36,42,15,7,7
64833,2026-04-09 05:31:47,3,6,2,attack,spins,goldSack,gold,1,false,100000,49557928681629,58225,5,5,1,9,1,0,0,1,0,7226,20000,42,0,36.1,bonus_as10_gae1_no,107,700000,,,,,14,15,3,1,5,1,3,0,0,143,88,51,25,37,42,15,7,7
64834,2026-04-09 05:31:51,3,3,3,attack,attack,attack,attack,2,true,0,49557928681629,58224,5,5,1,9,3,0,0,0,0,7226,20000,42,0,36.1,bonus_as10_gae1_no,107,700000,,,,,15,18,3,1,5,1,4,0,0,144,91,51,25,37,42,16,7,7
64835,2026-04-09 05:31:55,1,1,1,coin,coin,coin,gold,1,true,250000,49557937511629,58223,5,5,1,9,0,0,0,0,0,7226,20000,42,0,36.1,bonus_as10_gae1_no,107,700000,,,,,16,18,3,1,5,1,4,0,0,145,91,51,25,37,42,16,7,7
64836,2026-04-09 05:31:57,3,3,1,attack,attack,coin,gold,1,false,25000,49557937536629,58222,5,5,1,9,2,0,0,0,0,7226,20000,42,0,36.1,bonus_as10_gae1_no,107,700000,,,,"{""6cad4489"":""1752\/2500@m7""}",17,20,3,1,5,1,4,0,0,146,93,51,25,37,42,16,7,7
64837,2026-04-09 05:32:01,3,6,2,attack,spins,goldSack,gold,1,false,100000,49557937636629,58221,5,5,1,9,1,0,0,1,0,7226,20000,42,0,36.1,bonus_as10_gae1_no,107,700000,,,,,18,21,3,1,6,1,4,0,0,147,94,51,25,38,42,16,7,7
64838,2026-04-09 05:32:02,1,4,6,coin,steal,spins,gold,1,false,25000,49557937661629,58220,5,5,1,9,0,1,0,1,0,7226,20000,42,0,36.1,bonus_as10_gae1_no,107,700000,,,,,19,21,4,1,7,1,4,0,0,148,94,52,25,39,42,16,7,7
64839,2026-04-09 05:32:04,2,2,2,goldSack,goldSack,goldSack,gold,1,true,2000000,49557939661629,58219,5,5,1,9,0,0,0,0,0,7226,20000,42,0,36.1,bonus_as10_gae1_no,107,700000,,,,,20,21,4,1,7,1,4,0,0,149,94,52,25,39,42,16,7,7
64840,2026-04-09 05:32:05,30,30,1,accumulation,accumulation,coin,gold,1,false,25000,49557939686629,58218,5,5,1,9,0,0,0,0,2,7228,20000,42,2,36.1,bonus_as10_gae1_no,107,700000,,,,"{""6cad4489"":""1754\/2500@m7""}",21,21,4,1,7,3,4,0,0,150,94,52,25,39,44,16,7,7
64841,2026-04-09 05:32:07,1,4,4,coin,steal,steal,gold,1,false,25000,49557939711629,58217,5,5,1,9,0,2,0,0,0,7228,20000,42,0,36.1,bonus_as10_gae1_no,107,700000,,,,,22,21,6,1,7,3,4,0,0,151,94,54,25,39,44,16,7,7
64842,2026-04-09 05:32:08,30,2,2,accumulation,goldSack,goldSack,gold,1,false,150000,49557939861629,58216,5,5,1,9,0,0,0,0,1,7229,20000,42,1,36.1,bonus_as10_gae1_no,107,700000,,,,,23,21,6,1,7,4,4,0,0,152,94,54,25,39,45,16,7,7
64843,2026-04-09 05:32:10,30,2,2,accumulation,goldSack,goldSack,gold,1,false,150000,49557940011629,58215,5,5,1,9,0,0,0,0,1,7230,20000,42,1,36.1,bonus_as10_gae1_no,107,700000,,,,"{""6cad4489"":""1756\/2500@m7""}",24,21,6,1,7,5,4,0,0,153,94,54,25,39,46,16,7,7
64844,2026-04-09 05:32:14,30,2,2,accumulation,goldSack,goldSack,gold,1,false,60000000,49558000011629,57815,5,5,400,9,0,0,0,0,1,7630,20000,42,400,38.1,bonus_as10_gae1_no,107,700000,,,,,25,21,6,1,7,6,4,0,0,154,94,54,25,39,47,16,7,7
64845,2026-04-09 05:32:19,3,3,2,attack,attack,goldSack,gold,1,false,40000000,49558040011629,57415,5,5,400,9,2,0,0,0,0,7630,20000,42,0,38.1,bonus_as10_gae1_no,107,700000,,,,,26,23,6,1,7,6,4,0,0,155,96,54,25,39,47,16,7,7
64846,2026-04-09 05:32:20,2,2,2,goldSack,goldSack,goldSack,gold,1,true,800000000,49558840011629,57015,5,5,400,9,0,0,0,0,0,7630,20000,42,0,38.1,bonus_as10_gae1_no,107,700000,,,,"{""4fdd0917"":""93\/500@m19""}",27,23,6,1,7,6,4,0,0,156,96,54,25,39,47,16,7,7
64847,2026-04-09 05:32:23,4,6,2,steal,spins,goldSack,gold,1,false,40000000,49558880011629,56615,5,5,400,9,0,1,0,1,0,7630,20000,42,0,38.1,bonus_as10_gae1_no,107,700000,,,,,28,23,7,1,8,6,4,0,0,157,96,55,25,40,47,16,7,7
64848,2026-04-09 05:32:27,30,30,30,accumulation,accumulation,accumulation,gold,10,true,0,49558880011629,56215,5,5,400,9,0,0,0,0,3,11630,20000,42,4000,58.1,bonus_as10_gae1_no,107,700000,,,,,29,23,7,1,8,9,4,0,0,158,96,55,25,40,50,16,7,7
64849,2026-04-09 05:32:33,1,4,6,coin,steal,spins,gold,1,false,25000,49558880036629,56214,5,5,1,9,0,1,0,1,0,11630,20000,42,0,58.1,bonus_as10_gae1_no,107,700000,,,,,1,0,1,0,1,0,0,0,0,159,96,56,25,41,50,16,7,7
64850,2026-04-09 05:32:34,3,3,3,attack,attack,attack,attack,2,true,0,49558880036629,56213,5,5,1,9,3,0,0,0,0,11630,20000,42,0,58.1,bonus_as10_gae1_no,107,700000,,,,,2,3,1,0,1,0,1,0,0,160,99,56,25,41,50,17,7,7
64851,2026-04-09 05:32:37,2,2,2,goldSack,goldSack,goldSack,gold,1,true,2000000,49558908036629,56212,5,5,1,9,0,0,0,0,0,11630,20000,42,0,58.1,bonus_as10_gae1_no,107,700000,,,,,3,3,1,0,1,0,1,0,0,161,99,56,25,41,50,17,7,7
64852,2026-04-09 05:32:38,1,1,1,coin,coin,coin,gold,1,true,250000,49558908286629,56211,5,5,1,9,0,0,0,0,0,11630,20000,42,0,58.1,bonus_as10_gae1_no,107,700000,,,,,4,3,1,0,1,0,1,0,0,162,99,56,25,41,50,17,7,7
64853,2026-04-09 05:32:39,30,30,1,accumulation,accumulation,coin,gold,1,false,25000,49558908311629,56210,5,5,1,9,0,0,0,0,2,11632,20000,42,2,58.2,bonus_as10_gae1_no,107,700000,,,,,5,3,1,0,1,2,1,0,0,163,99,56,25,41,52,17,7,7
64854,2026-04-09 05:32:40,3,3,3,attack,attack,attack,attack,2,true,0,49558908311629,56209,5,5,1,9,3,0,0,0,0,11632,20000,42,0,58.2,bonus_as10_gae1_no,107,700000,,,,,6,6,1,0,1,2,2,0,0,164,102,56,25,41,52,18,7,7
64855,2026-04-09 05:32:44,3,1,1,attack,coin,coin,gold,1,false,50000,49558916941629,56208,5,5,1,9,1,0,0,0,0,11632,20000,42,0,58.2,bonus_as10_gae1_no,107,700000,,,,"{""4fdd0917"":""95\/500@m19""}",7,7,1,0,1,2,2,0,0,165,103,56,25,41,52,18,7,7
64856,2026-04-09 05:32:45,30,2,2,accumulation,goldSack,goldSack,gold,1,false,150000,49558917091629,56207,5,5,1,9,0,0,0,0,1,11633,20000,42,1,58.2,bonus_as10_gae1_no,107,700000,,,,,8,7,1,0,1,3,2,0,0,166,103,56,25,41,53,18,7,7
64857,2026-04-09 05:32:46,3,1,6,attack,coin,spins,gold,1,false,25000,49558917116629,56206,5,5,1,9,1,0,0,1,0,11633,20000,42,0,58.2,bonus_as10_gae1_no,107,700000,,,,"{""6cad4489"":""1758\/2500@m7""}",9,8,1,0,2,3,2,0,0,167,104,56,25,42,53,18,7,7
64858,2026-04-09 05:32:46,30,30,1,accumulation,accumulation,coin,gold,1,false,25000,49558917141629,56205,5,5,1,9,0,0,0,0,2,11635,20000,42,2,58.2,bonus_as10_gae1_no,107,700000,,,,,10,8,1,0,2,5,2,0,0,168,104,56,25,42,55,18,7,7
64859,2026-04-09 05:32:49,2,2,2,goldSack,goldSack,goldSack,gold,1,true,2000000,49558919141629,56204,5,5,1,9,0,0,0,0,0,11635,20000,42,0,58.2,bonus_as10_gae1_no,107,700000,,,,,11,8,1,0,2,5,2,0,0,169,104,56,25,42,55,18,7,7
64860,2026-04-09 05:32:50,3,1,4,attack,coin,steal,gold,1,false,25000,49558919166629,56203,5,5,1,9,1,1,0,0,0,11635,20000,42,0,58.2,bonus_as10_gae1_no,107,700000,,,,,12,9,2,0,2,5,2,0,0,170,105,57,25,42,55,18,7,7
64861,2026-04-09 05:32:57,30,2,2,accumulation,goldSack,goldSack,gold,1,false,150000,49558919316629,56202,5,5,1,9,0,0,0,0,1,11636,20000,42,1,58.2,bonus_as10_gae1_no,107,700000,,,,,13,9,2,0,2,6,2,0,0,171,105,57,25,42,56,18,7,7
64862,2026-04-09 05:32:58,1,1,1,coin,coin,coin,gold,1,true,250000,49558919566629,56201,5,5,1,9,0,0,0,0,0,11636,20000,42,0,58.2,bonus_as10_gae1_no,107,700000,,,,,14,9,2,0,2,6,2,0,0,172,105,57,25,42,56,18,7,7
64863,2026-04-09 05:33:00,3,3,3,attack,attack,attack,attack,2,true,0,49558919566629,56200,5,5,1,9,3,0,0,0,0,11636,20000,42,0,58.2,bonus_as10_gae1_no,107,700000,,,,,15,12,2,0,2,6,3,0,0,173,108,57,25,42,56,19,7,7
64864,2026-04-09 05:33:04,3,1,4,attack,coin,steal,gold,1,false,25000,49558928171629,56199,5,5,1,9,1,1,0,0,0,11636,20000,42,0,58.2,bonus_as10_gae1_no,107,700000,,,,,16,13,3,0,2,6,3,0,0,174,109,58,25,42,56,19,7,7
64865,2026-04-09 05:33:07,30,2,2,accumulation,goldSack,goldSack,gold,1,false,150000,49558928321629,56198,5,5,1,9,0,0,0,0,1,11637,20000,42,1,58.2,bonus_as10_gae1_no,107,700000,,,,,17,13,3,0,2,7,3,0,0,175,109,58,25,42,57,19,7,7
64866,2026-04-09 05:33:09,1,1,1,coin,coin,coin,gold,1,true,250000,49558928571629,56197,5,5,1,9,0,0,0,0,0,11637,20000,42,0,58.2,bonus_as10_gae1_no,107,700000,,,,,18,13,3,0,2,7,3,0,0,176,109,58,25,42,57,19,7,7
64867,2026-04-09 05:33:10,2,2,2,goldSack,goldSack,goldSack,gold,1,true,2000000,49558930571629,56196,5,5,1,9,0,0,0,0,0,11637,20000,42,0,58.2,bonus_as10_gae1_no,107,700000,,,,,19,13,3,0,2,7,3,0,0,177,109,58,25,42,57,19,7,7
64868,2026-04-09 05:33:14,30,2,2,accumulation,goldSack,goldSack,gold,1,false,150000,49558930721629,56195,5,5,1,9,0,0,0,0,1,11638,20000,42,1,58.2,bonus_as10_gae1_no,107,700000,,,,"{""6cad4489"":""1760\/2500@m7""}",20,13,3,0,2,8,3,0,0,178,109,58,25,42,58,19,7,7
64869,2026-04-09 05:33:16,4,6,2,steal,spins,goldSack,gold,1,false,100000,49558930821629,56194,5,5,1,9,0,1,0,1,0,11638,20000,42,0,58.2,bonus_as10_gae1_no,107,700000,,,,,21,13,4,0,3,8,3,0,0,179,109,59,25,43,58,19,7,7
64870,2026-04-09 05:33:18,30,2,2,accumulation,goldSack,goldSack,gold,1,false,150000,49558930971629,56193,5,5,1,9,0,0,0,0,1,11639,20000,42,1,58.2,bonus_as10_gae1_no,107,700000,,,,,22,13,4,0,3,9,3,0,0,180,109,59,25,43,59,19,7,7
64871,2026-04-09 05:33:20,4,6,2,steal,spins,goldSack,gold,1,false,100000,49558931071629,56192,5,5,1,9,0,1,0,1,0,11639,20000,42,0,58.2,bonus_as10_gae1_no,107,700000,,,,,23,13,5,0,4,9,3,0,0,181,109,60,25,44,59,19,7,7
64872,2026-04-09 05:33:21,30,2,2,accumulation,goldSack,goldSack,gold,1,false,150000,49558931221629,56191,5,5,1,9,0,0,0,0,1,11640,20000,42,1,58.2,bonus_as10_gae1_no,107,700000,,,,,24,13,5,0,4,10,3,0,0,182,109,60,25,44,60,19,7,7
64873,2026-04-09 05:33:23,5,5,5,shield,shield,shield,shield,3,true,1,49558931221629,56191,5,5,1,9,0,0,3,0,0,11640,20000,42,0,58.2,bonus_as10_gae1_no,107,700000,,,,,25,13,5,3,4,10,3,0,1,183,109,60,28,44,60,19,7,8
64874,2026-04-09 05:33:25,4,4,4,steal,steal,steal,steal,4,true,0,49558931221629,56190,5,5,1,9,0,3,0,0,0,11640,20000,42,0,58.2,bonus_as10_gae1_no,107,700000,,,,,26,13,8,3,4,10,3,1,1,184,109,63,28,44,60,19,8,8
64875,2026-04-09 05:33:31,1,1,1,coin,coin,coin,gold,1,true,250000,49559057021629,56189,5,5,1,9,0,0,0,0,0,11640,20000,42,0,58.2,bonus_as10_gae1_no,107,700000,,,,,27,13,8,3,4,10,3,1,1,185,109,63,28,44,60,19,8,8
64876,2026-04-09 05:33:32,1,4,6,coin,steal,spins,gold,1,false,25000,49559057046629,56188,5,5,1,9,0,1,0,1,0,11640,20000,42,0,58.2,bonus_as10_gae1_no,107,700000,,,,"{""4fdd0917"":""97\/500@m19""}",28,13,9,3,5,10,3,1,1,186,109,64,28,45,60,19,8,8
64877,2026-04-09 05:33:34,30,2,2,accumulation,goldSack,goldSack,gold,1,false,150000,49559057196629,56187,5,5,1,9,0,0,0,0,1,11641,20000,42,1,58.2,bonus_as10_gae1_no,107,700000,,,,,29,13,9,3,5,11,3,1,1,187,109,64,28,45,61,19,8,8
64878,2026-04-09 05:33:36,3,3,2,attack,attack,goldSack,gold,1,false,100000,49559057296629,56186,5,5,1,9,2,0,0,0,0,11641,20000,42,0,58.2,bonus_as10_gae1_no,107,700000,,,,,30,15,9,3,5,11,3,1,1,188,111,64,28,45,61,19,8,8
64879,2026-04-09 05:33:38,3,1,1,attack,coin,coin,gold,1,false,50000,49559057346629,56185,5,5,1,9,1,0,0,0,0,11641,20000,42,0,58.2,bonus_as10_gae1_no,107,700000,,,,"{""6cad4489"":""1762\/2500@m7""}",31,16,9,3,5,11,3,1,1,189,112,64,28,45,61,19,8,8
64880,2026-04-09 05:33:40,2,2,2,goldSack,goldSack,goldSack,gold,1,true,2000000,49559059346629,56184,5,5,1,9,0,0,0,0,0,11641,20000,42,0,58.2,bonus_as10_gae1_no,107,700000,,,,,32,16,9,3,5,11,3,1,1,190,112,64,28,45,61,19,8,8
64881,2026-04-09 05:33:43,30,30,1,accumulation,accumulation,coin,gold,1,false,25000,49559059371629,56183,5,5,1,9,0,0,0,0,2,11643,20000,42,2,58.2,bonus_as10_gae1_no,107,700000,,,,,33,16,9,3,5,13,3,1,1,191,112,64,28,45,63,19,8,8
64882,2026-04-09 05:33:48,30,2,2,accumulation,goldSack,goldSack,gold,1,false,150000,49559059521629,56182,5,5,1,9,0,0,0,0,1,11644,20000,42,1,58.2,bonus_as10_gae1_no,107,700000,,,,,34,16,9,3,5,14,3,1,1,192,112,64,28,45,64,19,8,8
64883,2026-04-09 05:34:00,4,6,2,steal,spins,goldSack,gold,1,false,100000,49559059621629,56181,5,5,1,9,0,1,0,1,0,11644,20000,42,0,58.2,bonus_as10_gae1_no,107,700000,,,,,35,16,10,3,6,14,3,1,1,193,112,65,28,46,64,19,8,8
64884,2026-04-09 05:34:01,4,4,2,steal,steal,goldSack,gold,1,false,100000,49559059721629,56180,5,5,1,9,0,2,0,0,0,11644,20000,42,0,58.2,bonus_as10_gae1_no,107,700000,,,,,36,16,12,3,6,14,3,1,1,194,112,67,28,46,64,19,8,8
64885,2026-04-09 05:34:01,5,5,5,shield,shield,shield,shield,3,true,1,49559059721629,56180,5,5,1,9,0,0,3,0,0,11644,20000,42,0,58.2,bonus_as10_gae1_no,107,700000,,,,,37,16,12,6,6,14,3,1,2,195,112,67,31,46,64,19,8,9
64886,2026-04-09 05:34:02,30,2,2,accumulation,goldSack,goldSack,gold,1,false,150000,49559059871629,56179,5,5,1,9,0,0,0,0,1,11645,20000,42,1,58.2,bonus_as10_gae1_no,107,700000,,,,,38,16,12,6,6,15,3,1,2,196,112,67,31,46,65,19,8,9
64887,2026-04-09 05:34:03,6,6,6,spins,spins,spins,spins,5,true,10,49559059871629,56188,5,5,1,9,0,0,0,3,0,11645,20000,42,0,58.2,bonus_as10_gae1_no,107,700000,,,,"{""4fdd0917"":""99\/500@m19""}",39,16,12,6,9,15,3,1,2,197,112,67,31,49,65,19,8,9
64888,2026-04-09 05:34:04,3,1,4,attack,coin,steal,gold,1,false,25000,49559059896629,56187,5,5,1,9,1,1,0,0,0,11645,20000,42,0,58.2,bonus_as10_gae1_no,107,700000,,,,,40,17,13,6,9,15,3,1,2,1,1,1,0,0,0,0,0,0
64889,2026-04-09 05:34:05,3,1,6,attack,coin,spins,gold,1,false,25000,49559059921629,56186,5,5,1,9,1,0,0,1,0,11645,20000,42,0,58.2,bonus_as10_gae1_no,107,700000,,,,,41,18,13,6,10,15,3,1,2,2,2,1,0,1,0,0,0,0
64890,2026-04-09 05:34:06,1,1,1,coin,coin,coin,gold,1,true,250000,49559060171629,56185,5,5,1,9,0,0,0,0,0,11645,20000,42,0,58.2,bonus_as10_gae1_no,107,700000,,,,,42,18,13,6,10,15,3,1,2,3,2,1,0,1,0,0,0,0
64891,2026-04-09 05:34:06,2,2,2,goldSack,goldSack,goldSack,gold,1,true,2000000,49559062171629,56184,5,5,1,9,0,0,0,0,0,11645,20000,42,0,58.2,bonus_as10_gae1_no,107,700000,,,,,43,18,13,6,10,15,3,1,2,4,2,1,0,1,0,0,0,0
64892,2026-04-09 05:34:07,4,4,2,steal,steal,goldSack,gold,1,false,100000,49559062271629,56183,5,5,1,9,0,2,0,0,0,11645,20000,42,0,58.2,bonus_as10_gae1_no,107,700000,,,,,44,18,15,6,10,15,3,1,2,5,2,3,0,1,0,0,0,0
64893,2026-04-09 05:34:08,1,4,6,coin,steal,spins,gold,1,false,25000,49559062296629,56182,5,5,1,9,0,1,0,1,0,11645,20000,42,0,58.2,bonus_as10_gae1_no,107,700000,,,,,45,18,16,6,11,15,3,1,2,6,2,4,0,2,0,0,0,0
64894,2026-04-09 05:34:09,3,1,1,attack,coin,coin,gold,1,false,50000,49559062346629,56181,5,5,1,9,1,0,0,0,0,11645,20000,42,0,58.2,bonus_as10_gae1_no,107,700000,,,,,46,19,16,6,11,15,3,1,2,7,3,4,0,2,0,0,0,0
64895,2026-04-09 05:34:10,4,4,2,steal,steal,goldSack,gold,1,false,100000,49559062446629,56180,5,5,1,9,0,2,0,0,0,11645,20000,42,0,58.2,bonus_as10_gae1_no,107,700000,,,,,47,19,18,6,11,15,3,1,2,8,3,6,0,2,0,0,0,0
64896,2026-04-09 05:34:11,4,4,4,steal,steal,steal,steal,4,true,0,49559062446629,56179,5,5,1,9,0,3,0,0,0,11645,20000,42,0,58.2,bonus_as10_gae1_no,107,700000,,,,,48,19,21,6,11,15,3,2,2,9,3,9,0,2,0,0,1,0
64897,2026-04-09 05:34:17,3,3,2,attack,attack,goldSack,gold,1,false,100000,49559234896629,56178,5,5,1,9,2,0,0,0,0,11645,20000,42,0,58.2,bonus_as10_gae1_no,107,700000,,,,"{""4fdd0917"":""101\/500@m19""}",49,21,21,6,11,15,3,2,2,10,5,9,0,2,0,0,1,0
64898,2026-04-09 05:35:29,3,1,1,attack,coin,coin,gold,1,false,50000,49559234946629,56177,5,5,1,9,1,0,0,0,0,11645,20000,42,0,58.2,bonus_as10_gae1_no,107,700000,,,,"{""6cad4489"":""1764\/2500@m7""}",50,22,21,6,11,15,3,2,2,11,6,9,0,2,0,0,1,0
64899,2026-04-09 05:35:30,4,6,2,steal,spins,goldSack,gold,1,false,100000,49559235046629,56176,5,5,1,9,0,1,0,1,0,11645,20000,42,0,58.2,bonus_as10_gae1_no,107,700000,,,,,51,22,22,6,12,15,3,2,2,12,6,10,0,3,0,0,1,0
64900,2026-04-09 05:35:31,3,5,2,attack,shield,goldSack,gold,1,false,100000,49559235146629,56175,5,5,1,9,1,0,1,0,0,11645,20000,42,0,58.2,bonus_as10_gae1_no,107,700000,,,,,52,23,22,7,12,15,3,2,2,13,7,10,1,3,0,0,1,0
64901,2026-04-09 05:35:32,30,2,2,accumulation,goldSack,goldSack,gold,1,false,150000,49559235296629,56174,5,5,1,9,0,0,0,0,1,11646,20000,42,1,58.2,bonus_as10_gae1_no,107,700000,,,,,53,23,22,7,12,16,3,2,2,14,7,10,1,3,1,0,1,0
64902,2026-04-09 05:35:33,3,1,6,attack,coin,spins,gold,1,false,25000,49559235321629,56173,5,5,1,9,1,0,0,1,0,11646,20000,42,0,58.2,bonus_as10_gae1_no,107,700000,,,,,54,24,22,7,13,16,3,2,2,15,8,10,1,4,1,0,1,0
64903,2026-04-09 05:35:34,3,1,1,attack,coin,coin,gold,1,false,50000,49559235371629,56172,5,5,1,9,1,0,0,0,0,11646,20000,42,0,58.2,bonus_as10_gae1_no,107,700000,,,,,55,25,22,7,13,16,3,2,2,16,9,10,1,4,1,0,1,0
64904,2026-04-09 05:35:34,1,1,1,coin,coin,coin,gold,1,true,250000,49559235621629,56171,5,5,1,9,0,0,0,0,0,11646,20000,42,0,58.2,bonus_as10_gae1_no,107,700000,,,,,56,25,22,7,13,16,3,2,2,17,9,10,1,4,1,0,1,0
64905,2026-04-09 05:35:35,4,4,4,steal,steal,steal,steal,4,true,0,49559235621629,56170,5,5,1,9,0,3,0,0,0,11646,20000,42,0,58.2,bonus_as10_gae1_no,107,700000,,,,,57,25,25,7,13,16,3,3,2,18,9,13,1,4,1,0,2,0
64906,2026-04-09 05:35:41,5,5,2,shield,shield,goldSack,gold,1,false,100000,49559373103629,56169,5,5,1,9,0,0,2,0,0,11646,20000,42,0,58.2,bonus_as10_gae1_no,107,700000,,,,,58,25,25,9,13,16,3,3,2,19,9,13,3,4,1,0,2,0
64907,2026-04-09 05:35:41,3,3,3,attack,attack,attack,attack,2,true,0,49559373103629,56168,5,5,1,9,3,0,0,0,0,11646,20000,42,0,58.2,bonus_as10_gae1_no,107,700000,,,,,59,28,25,9,13,16,4,3,2,20,12,13,3,4,1,1,2,0
64908,2026-04-09 05:35:45,6,6,2,spins,spins,goldSack,gold,1,false,100000,49559399203629,56167,5,5,1,9,0,0,0,2,0,11646,20000,42,0,58.2,bonus_as10_gae1_no,107,700000,,,,,60,28,25,9,15,16,4,3,2,21,12,13,3,6,1,1,2,0
64909,2026-04-09 05:35:46,4,4,2,steal,steal,goldSack,gold,1,false,100000,49559399303629,56166,5,5,1,9,0,2,0,0,0,11646,20000,42,0,58.2,bonus_as10_gae1_no,107,700000,,,,,61,28,27,9,15,16,4,3,2,22,12,15,3,6,1,1,2,0
64910,2026-04-09 05:35:46,30,2,2,accumulation,goldSack,goldSack,gold,1,false,150000,49559399453629,56165,5,5,1,9,0,0,0,0,1,11647,20000,42,1,58.2,bonus_as10_gae1_no,107,700000,,,,,62,28,27,9,15,17,4,3,2,23,12,15,3,6,2,1,2,0
64911,2026-04-09 05:35:47,3,3,3,attack,attack,attack,attack,2,true,0,49559399453629,56164,5,5,1,9,3,0,0,0,0,11647,20000,42,0,58.2,bonus_as10_gae1_no,107,700000,,,,"{""4fdd0917"":""103\/500@m19""}",63,31,27,9,15,17,5,3,2,24,15,15,3,6,2,2,2,0
64912,2026-04-09 05:35:51,30,30,1,accumulation,accumulation,coin,gold,1,false,25000,49559408058629,56163,5,5,1,9,0,0,0,0,2,11649,20000,42,2,58.2,bonus_as10_gae1_no,107,700000,,,,,64,31,27,9,15,19,5,3,2,25,15,15,3,6,4,2,2,0
64913,2026-04-09 05:35:52,6,6,2,spins,spins,goldSack,gold,1,false,100000,49559408158629,56162,5,5,1,9,0,0,0,2,0,11649,20000,42,0,58.2,bonus_as10_gae1_no,107,700000,,,,,65,31,27,9,17,19,5,3,2,26,15,15,3,8,4,2,2,0
64914,2026-04-09 05:35:53,6,6,2,spins,spins,goldSack,gold,1,false,100000,49559408258629,56161,5,5,1,9,0,0,0,2,0,11649,20000,42,0,58.2,bonus_as10_gae1_no,107,700000,,,,,66,31,27,9,19,19,5,3,2,27,15,15,3,10,4,2,2,0
64915,2026-04-09 05:35:54,3,1,1,attack,coin,coin,gold,1,false,50000,49559408308629,56160,5,5,1,9,1,0,0,0,0,11649,20000,42,0,58.2,bonus_as10_gae1_no,107,700000,,,,,67,32,27,9,19,19,5,3,2,28,16,15,3,10,4,2,2,0
64916,2026-04-09 05:35:55,30,30,3,accumulation,accumulation,attack,gold,6,false,0,49559408308629,56159,5,5,1,9,1,0,0,0,2,11651,20000,42,2,58.3,bonus_as10_gae1_no,107,700000,,,,"{""6cad4489"":""1766\/2500@m7""}",68,33,27,9,19,21,5,3,2,29,17,15,3,10,6,2,2,0
64917,2026-04-09 05:35:56,30,30,1,accumulation,accumulation,coin,gold,1,false,25000,49559408333629,56158,5,5,1,9,0,0,0,0,2,11653,20000,42,2,58.3,bonus_as10_gae1_no,107,700000,,,,,69,33,27,9,19,23,5,3,2,30,17,15,3,10,8,2,2,0
64918,2026-04-09 05:35:58,1,4,6,coin,steal,spins,gold,1,false,25000,49559408358629,56157,5,5,1,9,0,1,0,1,0,11653,20000,42,0,58.3,bonus_as10_gae1_no,107,700000,,,,,70,33,28,9,20,23,5,3,2,31,17,16,3,11,8,2,2,0
64919,2026-04-09 05:35:59,3,3,3,attack,attack,attack,attack,2,true,0,49559408358629,56156,5,5,1,9,3,0,0,0,0,11653,20000,42,0,58.3,bonus_as10_gae1_no,107,700000,,,,,71,36,28,9,20,23,6,3,2,32,20,16,3,11,8,3,2,0
64920,2026-04-09 05:36:02,30,2,2,accumulation,goldSack,goldSack,gold,1,false,150000,49559434508629,56155,5,5,1,9,0,0,0,0,1,11654,20000,42,1,58.3,bonus_as10_gae1_no,107,700000,,,,,72,36,28,9,20,24,6,3,2,33,20,16,3,11,9,3,2,0
64921,2026-04-09 05:36:03,3,3,2,attack,attack,goldSack,gold,1,false,100000,49559434608629,56154,5,5,1,9,2,0,0,0,0,11654,20000,42,0,58.3,bonus_as10_gae1_no,107,700000,,,,,73,38,28,9,20,24,6,3,2,34,22,16,3,11,9,3,2,0
64922,2026-04-09 05:36:04,2,2,2,goldSack,goldSack,goldSack,gold,1,true,2000000,49559436608629,56153,5,5,1,9,0,0,0,0,0,11654,20000,42,0,58.3,bonus_as10_gae1_no,107,700000,,,,,74,38,28,9,20,24,6,3,2,35,22,16,3,11,9,3,2,0
64923,2026-04-09 05:36:05,5,5,5,shield,shield,shield,shield,3,true,1,49559436608629,56153,5,5,1,9,0,0,3,0,0,11654,20000,42,0,58.3,bonus_as10_gae1_no,107,700000,,,,,75,38,28,12,20,24,6,3,3,36,22,16,6,11,9,3,2,1
64924,2026-04-09 05:36:06,4,6,2,steal,spins,goldSack,gold,1,false,100000,49559436708629,56152,5,5,1,9,0,1,0,1,0,11654,20000,42,0,58.3,bonus_as10_gae1_no,107,700000,,,,,76,38,29,12,21,24,6,3,3,37,22,17,6,12,9,3,2,1
64925,2026-04-09 05:36:07,30,2,2,accumulation,goldSack,goldSack,gold,1,false,150000,49559436858629,56151,5,5,1,9,0,0,0,0,1,11655,20000,42,1,58.3,bonus_as10_gae1_no,107,700000,,,,,77,38,29,12,21,25,6,3,3,38,22,17,6,12,10,3,2,1
64926,2026-04-09 05:36:08,5,5,5,shield,shield,shield,shield,3,true,1,49559436858629,56151,5,5,1,9,0,0,3,0,0,11655,20000,42,0,58.3,bonus_as10_gae1_no,107,700000,,,,,78,38,29,15,21,25,6,3,4,39,22,17,9,12,10,3,2,2
64927,2026-04-09 05:36:08,3,3,2,attack,attack,goldSack,gold,1,false,100000,49559436958629,56150,5,5,1,9,2,0,0,0,0,11655,20000,42,0,58.3,bonus_as10_gae1_no,107,700000,,,,,79,40,29,15,21,25,6,3,4,40,24,17,9,12,10,3,2,2
64928,2026-04-09 05:36:09,3,1,4,attack,coin,steal,gold,1,false,25000,49559436983629,56149,5,5,1,9,1,1,0,0,0,11655,20000,42,0,58.3,bonus_as10_gae1_no,107,700000,,,,,80,41,30,15,21,25,6,3,4,41,25,18,9,12,10,3,2,2
64929,2026-04-09 05:36:10,3,3,3,attack,attack,attack,attack,2,true,0,49559436983629,56148,5,5,1,9,3,0,0,0,0,11655,20000,42,0,58.3,bonus_as10_gae1_no,107,700000,,,,,81,44,30,15,21,25,7,3,4,42,28,18,9,12,10,4,2,2
64930,2026-04-09 05:36:13,3,1,1,attack,coin,coin,gold,1,false,50000,49559445613629,56147,5,5,1,9,1,0,0,0,0,11655,20000,42,0,58.3,bonus_as10_gae1_no,107,700000,,,,,82,45,30,15,21,25,7,3,4,43,29,18,9,12,10,4,2,2
64931,2026-04-09 05:36:14,1,4,6,coin,steal,spins,gold,1,false,25000,49559445638629,56146,5,5,1,9,0,1,0,1,0,11655,20000,42,0,58.3,bonus_as10_gae1_no,107,700000,,,,"{""6cad4489"":""1768\/2500@m7""}",83,45,31,15,22,25,7,3,4,44,29,19,9,13,10,4,2,2
64932,2026-04-09 05:36:15,1,4,6,coin,steal,spins,gold,1,false,25000,49559445663629,56145,5,5,1,9,0,1,0,1,0,11655,20000,42,0,58.3,bonus_as10_gae1_no,107,700000,,,,"{""4fdd0917"":""105\/500@m19""}",84,45,32,15,23,25,7,3,4,45,29,20,9,14,10,4,2,2
64933,2026-04-09 05:36:16,3,3,2,attack,attack,goldSack,gold,1,false,100000,49559445763629,56144,5,5,1,9,2,0,0,0,0,11655,20000,42,0,58.3,bonus_as10_gae1_no,107,700000,,,,,85,47,32,15,23,25,7,3,4,46,31,20,9,14,10,4,2,2
64934,2026-04-09 05:36:17,1,1,1,coin,coin,coin,gold,1,true,250000,49559446013629,56143,5,5,1,9,0,0,0,0,0,11655,20000,42,0,58.3,bonus_as10_gae1_no,107,700000,,,,,86,47,32,15,23,25,7,3,4,47,31,20,9,14,10,4,2,2
64935,2026-04-09 05:36:17,3,1,4,attack,coin,steal,gold,1,false,25000,49559446038629,56142,5,5,1,9,1,1,0,0,0,11655,20000,42,0,58.3,bonus_as10_gae1_no,107,700000,,,,,87,48,33,15,23,25,7,3,4,48,32,21,9,14,10,4,2,2
64936,2026-04-09 05:36:18,30,2,2,accumulation,goldSack,goldSack,gold,1,false,150000,49559446188629,56141,5,5,1,9,0,0,0,0,1,11656,20000,42,1,58.3,bonus_as10_gae1_no,107,700000,,,,,88,48,33,15,23,26,7,3,4,49,32,21,9,14,11,4,2,2
64937,2026-04-09 05:36:20,30,2,2,accumulation,goldSack,goldSack,gold,1,false,150000,49559446338629,56140,5,5,1,9,0,0,0,0,1,11657,20000,42,1,58.3,bonus_as10_gae1_no,107,700000,,,,,89,48,33,15,23,27,7,3,4,50,32,21,9,14,12,4,2,2
64938,2026-04-09 05:36:21,3,1,1,attack,coin,coin,gold,1,false,50000,49559446388629,56139,5,5,1,9,1,0,0,0,0,11657,20000,42,0,58.3,bonus_as10_gae1_no,107,700000,,,,,90,49,33,15,23,27,7,3,4,51,33,21,9,14,12,4,2,2
64939,2026-04-09 05:36:53,5,2,2,shield,goldSack,goldSack,gold,1,false,150000,49559446538629,56138,5,5,1,9,0,0,1,0,0,11657,20000,42,0,58.3,bonus_as10_gae1_no,107,700000,,,,,91,49,33,16,23,27,7,3,4,52,33,21,10,14,12,4,2,2
64940,2026-04-09 05:36:54,30,30,1,accumulation,accumulation,coin,gold,1,false,25000,49559446563629,56137,5,5,1,9,0,0,0,0,2,11659,20000,42,2,58.3,bonus_as10_gae1_no,107,700000,,,,,92,49,33,16,23,29,7,3,4,53,33,21,10,14,14,4,2,2
64941,2026-04-09 05:36:55,3,1,1,attack,coin,coin,gold,1,false,50000,49559446613629,56136,5,5,1,9,1,0,0,0,0,11659,20000,42,0,58.3,bonus_as10_gae1_no,107,700000,,,,"{""6cad4489"":""1770\/2500@m7""}",93,50,33,16,23,29,7,3,4,54,34,21,10,14,14,4,2,2
64942,2026-04-09 05:36:56,1,4,6,coin,steal,spins,gold,1,false,25000,49559446638629,56135,5,5,1,9,0,1,0,1,0,11659,20000,42,0,58.3,bonus_as10_gae1_no,107,700000,,,,,94,50,34,16,24,29,7,3,4,55,34,22,10,15,14,4,2,2
64943,2026-04-09 05:36:57,1,1,1,coin,coin,coin,gold,1,true,250000,49559446888629,56134,5,5,1,9,0,0,0,0,0,11659,20000,42,0,58.3,bonus_as10_gae1_no,107,700000,,,,,95,50,34,16,24,29,7,3,4,56,34,22,10,15,14,4,2,2
64944,2026-04-09 05:36:58,1,4,6,coin,steal,spins,gold,1,false,25000,49559446913629,56133,5,5,1,9,0,1,0,1,0,11659,20000,42,0,58.3,bonus_as10_gae1_no,107,700000,,,,"{""6cad4489"":""1772\/2500@m7""}",96,50,35,16,25,29,7,3,4,57,34,23,10,16,14,4,2,2
64945,2026-04-09 05:36:59,2,2,2,goldSack,goldSack,goldSack,gold,1,true,2000000,49559448913629,56132,5,5,1,9,0,0,0,0,0,11659,20000,42,0,58.3,bonus_as10_gae1_no,107,700000,,,,,97,50,35,16,25,29,7,3,4,58,34,23,10,16,14,4,2,2
64946,2026-04-09 05:37:00,3,3,3,attack,attack,attack,attack,2,true,0,49559448913629,56131,5,5,1,9,3,0,0,0,0,11659,20000,42,0,58.3,bonus_as10_gae1_no,107,700000,,,,,98,53,35,16,25,29,8,3,4,59,37,23,10,16,14,5,2,2
64947,2026-04-09 05:37:04,30,2,2,accumulation,goldSack,goldSack,gold,1,false,150000,49559457643629,56130,5,5,1,9,0,0,0,0,1,11660,20000,42,1,58.3,bonus_as10_gae1_no,107,700000,,,,,99,53,35,16,25,30,8,3,4,60,37,23,10,16,15,5,2,2
64948,2026-04-09 05:37:06,30,2,2,accumulation,goldSack,goldSack,gold,1,false,150000,49559457793629,56129,5,5,1,9,0,0,0,0,1,11661,20000,42,1,58.3,bonus_as10_gae1_no,107,700000,,,,,100,53,35,16,25,31,8,3,4,61,37,23,10,16,16,5,2,2
64949,2026-04-09 05:37:07,1,1,1,coin,coin,coin,gold,1,true,250000,49559458043629,56128,5,5,1,9,0,0,0,0,0,11661,20000,42,0,58.3,bonus_as10_gae1_no,107,700000,,,,"{""4fdd0917"":""107\/500@m19""}",101,53,35,16,25,31,8,3,4,62,37,23,10,16,16,5,2,2
64950,2026-04-09 05:37:08,30,2,2,accumulation,goldSack,goldSack,gold,1,false,150000,49559458193629,56127,5,5,1,9,0,0,0,0,1,11662,20000,42,1,58.3,bonus_as10_gae1_no,107,700000,,,,,102,53,35,16,25,32,8,3,4,63,37,23,10,16,17,5,2,2
64951,2026-04-09 05:37:09,1,4,6,coin,steal,spins,gold,1,false,25000,49559458218629,56126,5,5,1,9,0,1,0,1,0,11662,20000,42,0,58.3,bonus_as10_gae1_no,107,700000,,,,,103,53,36,16,26,32,8,3,4,64,37,24,10,17,17,5,2,2
64952,2026-04-09 05:37:09,3,1,1,attack,coin,coin,gold,1,false,50000,49559458268629,56125,5,5,1,9,1,0,0,0,0,11662,20000,42,0,58.3,bonus_as10_gae1_no,107,700000,,,,,104,54,36,16,26,32,8,3,4,65,38,24,10,17,17,5,2,2
64953,2026-04-09 05:37:10,30,30,2,accumulation,accumulation,goldSack,gold,1,false,100000,49559458368629,56124,5,5,1,9,0,0,0,0,2,11664,20000,42,2,58.3,bonus_as10_gae1_no,107,700000,,,,,105,54,36,16,26,34,8,3,4,66,38,24,10,17,19,5,2,2
64954,2026-04-09 05:37:11,3,6,2,attack,spins,goldSack,gold,1,false,100000,49559458468629,56123,5,5,1,9,1,0,0,1,0,11664,20000,42,0,58.3,bonus_as10_gae1_no,107,700000,,,,,106,55,36,16,27,34,8,3,4,67,39,24,10,18,19,5,2,2
64955,2026-04-09 05:37:12,3,6,2,attack,spins,goldSack,gold,1,false,100000,49559458568629,56122,5,5,1,9,1,0,0,1,0,11664,20000,42,0,58.3,bonus_as10_gae1_no,107,700000,,,,,107,56,36,16,28,34,8,3,4,68,40,24,10,19,19,5,2,2
64956,2026-04-09 05:37:15,1,4,6,coin,steal,spins,gold,1,false,25000,49559458593629,56121,5,5,1,9,0,1,0,1,0,11664,20000,42,0,58.3,bonus_as10_gae1_no,107,700000,,,,,108,56,37,16,29,34,8,3,4,69,40,25,10,20,19,5,2,2
64957,2026-04-09 05:37:16,1,1,1,coin,coin,coin,gold,1,true,250000,49559458843629,56120,5,5,1,9,0,0,0,0,0,11664,20000,42,0,58.3,bonus_as10_gae1_no,107,700000,,,,,109,56,37,16,29,34,8,3,4,70,40,25,10,20,19,5,2,2
64958,2026-04-09 05:37:17,3,3,3,attack,attack,attack,attack,2,true,0,49559458843629,56119,5,5,1,9,3,0,0,0,0,11664,20000,42,0,58.3,bonus_as10_gae1_no,107,700000,,,,,110,59,37,16,29,34,9,3,4,71,43,25,10,20,19,6,2,2
64959,2026-04-09 05:37:20,5,5,5,shield,shield,shield,shield,3,true,1,49559484843629,56119,5,5,1,9,0,0,3,0,0,11664,20000,42,0,58.3,bonus_as10_gae1_no,107,700000,,,,,111,59,37,19,29,34,9,3,5,72,43,25,13,20,19,6,2,3
64960,2026-04-09 05:37:21,3,4,2,attack,steal,goldSack,gold,1,false,100000,49559484943629,56118,5,5,1,9,1,1,0,0,0,11664,20000,42,0,58.3,bonus_as10_gae1_no,107,700000,,,,"{""6cad4489"":""1774\/2500@m7""}",112,60,38,19,29,34,9,3,5,73,44,26,13,20,19,6,2,3
64961,2026-04-09 05:37:23,1,4,6,coin,steal,spins,gold,1,false,25000,49559484968629,56117,5,5,1,9,0,1,0,1,0,11664,20000,42,0,58.3,bonus_as10_gae1_no,107,700000,,,,,113,60,39,19,30,34,9,3,5,74,44,27,13,21,19,6,2,3
64962,2026-04-09 05:37:25,3,1,1,attack,coin,coin,gold,1,false,50000,49559485018629,56116,5,5,1,9,1,0,0,0,0,11664,20000,42,0,58.3,bonus_as10_gae1_no,107,700000,,,,,114,61,39,19,30,34,9,3,5,75,45,27,13,21,19,6,2,3
64963,2026-04-09 05:37:27,1,4,4,coin,steal,steal,gold,1,false,25000,49559485043629,56115,5,5,1,9,0,2,0,0,0,11664,20000,42,0,58.3,bonus_as10_gae1_no,107,700000,,,,,115,61,41,19,30,34,9,3,5,76,45,29,13,21,19,6,2,3
64964,2026-04-09 05:37:28,4,6,2,steal,spins,goldSack,gold,1,false,100000,49559485143629,56114,5,5,1,9,0,1,0,1,0,11664,20000,42,0,58.3,bonus_as10_gae1_no,107,700000,,,,,116,61,42,19,31,34,9,3,5,77,45,30,13,22,19,6,2,3
64965,2026-04-09 05:37:30,30,2,2,accumulation,goldSack,goldSack,gold,1,false,150000,49559485293629,56113,5,5,1,9,0,0,0,0,1,11665,20000,42,1,58.3,bonus_as10_gae1_no,107,700000,,,,,117,61,42,19,31,35,9,3,5,78,45,30,13,22,20,6,2,3
64966,2026-04-09 05:37:31,1,5,5,coin,shield,shield,gold,1,false,25000,49559485318629,56112,5,5,1,9,0,0,2,0,0,11665,20000,42,0,58.3,bonus_as10_gae1_no,107,700000,,,,,118,61,42,21,31,35,9,3,5,79,45,30,15,22,20,6,2,3
64967,2026-04-09 05:37:34,3,6,2,attack,spins,goldSack,gold,1,false,100000,49559485418629,56111,5,5,1,9,1,0,0,1,0,11665,20000,42,0,58.3,bonus_as10_gae1_no,107,700000,,,,,119,62,42,21,32,35,9,3,5,80,46,30,15,23,20,6,2,3
64968,2026-04-09 05:37:36,3,4,2,attack,steal,goldSack,gold,1,false,100000,49559485518629,56110,5,5,1,9,1,1,0,0,0,11665,20000,42,0,58.3,bonus_as10_gae1_no,107,700000,,,,,120,63,43,21,32,35,9,3,5,81,47,31,15,23,20,6,2,3
64969,2026-04-09 05:37:38,1,1,1,coin,coin,coin,gold,1,true,250000,49559485768629,56109,5,5,1,9,0,0,0,0,0,11665,20000,42,0,58.3,bonus_as10_gae1_no,107,700000,,,,,121,63,43,21,32,35,9,3,5,82,47,31,15,23,20,6,2,3
64970,2026-04-09 05:37:39,30,30,2,accumulation,accumulation,goldSack,gold,1,false,100000,49559485868629,56108,5,5,1,9,0,0,0,0,2,11667,20000,42,2,58.3,bonus_as10_gae1_no,107,700000,,,,,122,63,43,21,32,37,9,3,5,83,47,31,15,23,22,6,2,3
64971,2026-04-09 05:37:40,4,4,4,steal,steal,steal,steal,4,true,0,49559485868629,56107,5,5,1,9,0,3,0,0,0,11667,20000,42,0,58.3,bonus_as10_gae1_no,107,700000,,,,,123,63,46,21,32,37,9,4,5,84,47,34,15,23,22,6,3,3
64972,2026-04-09 05:37:46,30,30,2,accumulation,accumulation,goldSack,gold,1,false,100000,49559604018629,56106,5,5,1,9,0,0,0,0,2,11669,20000,42,2,58.3,bonus_as10_gae1_no,107,700000,,,,"{""4fdd0917"":""109\/500@m19""}",124,63,46,21,32,39,9,4,5,85,47,34,15,23,24,6,3,3
64973,2026-04-09 05:37:49,30,2,2,accumulation,goldSack,goldSack,gold,1,false,150000,49559604168629,56105,5,5,1,9,0,0,0,0,1,11670,20000,42,1,58.4,bonus_as10_gae1_no,107,700000,,,,,125,63,46,21,32,40,9,4,5,86,47,34,15,23,25,6,3,3
64974,2026-04-09 05:37:50,3,1,1,attack,coin,coin,gold,1,false,50000,49559604218629,56104,5,5,1,9,1,0,0,0,0,11670,20000,42,0,58.4,bonus_as10_gae1_no,107,700000,,,,,126,64,46,21,32,40,9,4,5,87,48,34,15,23,25,6,3,3
64975,2026-04-09 05:37:52,3,1,1,attack,coin,coin,gold,1,false,50000,49559604268629,56103,5,5,1,9,1,0,0,0,0,11670,20000,42,0,58.4,bonus_as10_gae1_no,107,700000,,,,,127,65,46,21,32,40,9,4,5,88,49,34,15,23,25,6,3,3
64976,2026-04-09 05:37:54,1,1,1,coin,coin,coin,gold,1,true,250000,49559604518629,56102,5,5,1,9,0,0,0,0,0,11670,20000,42,0,58.4,bonus_as10_gae1_no,107,700000,,,,,128,65,46,21,32,40,9,4,5,89,49,34,15,23,25,6,3,3
64977,2026-04-09 05:37:56,1,4,6,coin,steal,spins,gold,1,false,25000,49559604543629,56101,5,5,1,9,0,1,0,1,0,11670,20000,42,0,58.4,bonus_as10_gae1_no,107,700000,,,,"{""6cad4489"":""1776\/2500@m7""}",129,65,47,21,33,40,9,4,5,90,49,35,15,24,25,6,3,3
64978,2026-04-09 05:38:03,3,3,1,attack,attack,coin,gold,1,false,25000,49559604568629,56100,5,5,1,9,2,0,0,0,0,11670,20000,42,0,58.4,bonus_as10_gae1_no,107,700000,,,,,130,67,47,21,33,40,9,4,5,91,51,35,15,24,25,6,3,3
64979,2026-04-09 05:38:07,1,4,6,coin,steal,spins,gold,1,false,25000,49559604593629,56099,5,5,1,9,0,1,0,1,0,11670,20000,42,0,58.4,bonus_as10_gae1_no,107,700000,,,,,131,67,48,21,34,40,9,4,5,92,51,36,15,25,25,6,3,3
64980,2026-04-09 05:38:09,1,1,1,coin,coin,coin,gold,1,true,250000,49559604843629,56098,5,5,1,9,0,0,0,0,0,11670,20000,42,0,58.4,bonus_as10_gae1_no,107,700000,,,,,132,67,48,21,34,40,9,4,5,93,51,36,15,25,25,6,3,3
64981,2026-04-09 05:38:10,3,5,2,attack,shield,goldSack,gold,1,false,100000,49559604943629,56097,5,5,1,9,1,0,1,0,0,11670,20000,42,0,58.4,bonus_as10_gae1_no,107,700000,,,,,133,68,48,22,34,40,9,4,5,94,52,36,16,25,25,6,3,3
64982,2026-04-09 05:38:22,3,1,1,attack,coin,coin,gold,1,false,20000000,49559624943629,55697,5,5,400,9,1,0,0,0,0,11670,20000,42,0,58.4,bonus_as10_gae1_no,107,700000,,,,,134,69,48,22,34,40,9,4,5,95,53,36,16,25,25,6,3,3
64983,2026-04-09 05:38:26,30,2,2,accumulation,goldSack,goldSack,gold,1,false,60000000,49559684943629,55297,5,5,400,9,0,0,0,0,1,12070,20000,42,400,60.4,bonus_as10_gae1_no,107,700000,,,,,135,69,48,22,34,41,9,4,5,96,53,36,16,25,26,6,3,3
64984,2026-04-09 05:38:29,30,2,2,accumulation,goldSack,goldSack,gold,1,false,60000000,49559744943629,54897,5,5,400,9,0,0,0,0,1,12470,20000,42,400,62.4,bonus_as10_gae1_no,107,700000,,,,,136,69,48,22,34,42,9,4,5,97,53,36,16,25,27,6,3,3
64985,2026-04-09 05:38:32,1,6,6,coin,spins,spins,gold,1,false,10000000,49559754943629,54497,5,5,400,9,0,0,0,2,0,12470,20000,42,0,62.4,bonus_as10_gae1_no,107,700000,,,,,137,69,48,22,36,42,9,4,5,98,53,36,16,27,27,6,3,3
64986,2026-04-09 05:38:34,1,4,4,coin,steal,steal,gold,1,false,10000000,49559764943629,54097,5,5,400,9,0,2,0,0,0,12470,20000,42,0,62.4,bonus_as10_gae1_no,107,700000,,,,"{""4fdd0917"":""409\/500@m20""}",138,69,50,22,36,42,9,4,5,99,53,38,16,27,27,6,3,3
64987,2026-04-09 05:38:36,5,5,5,shield,shield,shield,shield,3,true,400,49559764943629,54097,5,5,400,9,0,0,3,0,0,12470,20000,42,0,62.4,bonus_as10_gae1_no,107,700000,,,,,139,69,50,25,36,42,9,4,6,100,53,38,19,27,27,6,3,4
64988,2026-04-09 05:38:43,1,1,1,coin,coin,coin,gold,1,true,12500000,49559777443629,54047,5,5,50,9,0,0,0,0,0,12470,20000,42,0,62.4,bonus_as10_gae1_no,107,700000,,,,,140,69,50,25,36,42,9,4,6,101,53,38,19,27,27,6,3,4
64989,2026-04-09 05:38:44,1,1,4,coin,coin,steal,gold,1,false,2500000,49559779943629,53997,5,5,50,9,0,1,0,0,0,12470,20000,42,0,62.4,bonus_as10_gae1_no,107,700000,,,,,141,69,51,25,36,42,9,4,6,102,53,39,19,27,27,6,3,4
64990,2026-04-09 05:38:46,3,6,2,attack,spins,goldSack,gold,1,false,5000000,49559784943629,53947,5,5,50,9,1,0,0,1,0,12470,20000,42,0,62.4,bonus_as10_gae1_no,107,700000,,,,,142,70,51,25,37,42,9,4,6,103,54,39,19,28,27,6,3,4
64991,2026-04-09 05:38:48,3,3,2,attack,attack,goldSack,gold,1,false,5000000,49559789943629,53897,5,5,50,9,2,0,0,0,0,12470,20000,42,0,62.4,bonus_as10_gae1_no,107,700000,,,,,143,72,51,25,37,42,9,4,6,104,56,39,19,28,27,6,3,4
64992,2026-04-09 05:38:53,5,5,5,shield,shield,shield,shield,3,true,50,49559789943629,53897,5,5,50,9,0,0,3,0,0,12470,20000,42,0,62.4,bonus_as10_gae1_no,107,700000,,,,,144,72,51,28,37,42,9,4,7,105,56,39,22,28,27,6,3,5
64993,2026-04-09 05:38:55,30,30,30,accumulation,accumulation,accumulation,gold,10,true,0,49559789943629,53847,5,5,50,9,0,0,0,0,3,12970,20000,42,500,64.8,bonus_as10_gae1_no,107,700000,,,,,145,72,51,28,37,45,9,4,7,106,56,39,22,28,30,6,3,5
64994,2026-04-09 05:39:02,30,2,2,accumulation,goldSack,goldSack,gold,1,false,150000,49559790093629,53846,5,5,1,9,0,0,0,0,1,12971,20000,42,1,64.9,bonus_as10_gae1_no,107,700000,,,,,1,0,0,0,0,1,0,0,0,107,56,39,22,28,31,6,3,5
64995,2026-04-09 05:39:02,30,2,2,accumulation,goldSack,goldSack,gold,1,false,150000,49559790243629,53845,5,5,1,9,0,0,0,0,1,12972,20000,42,1,64.9,bonus_as10_gae1_no,107,700000,,,,"{""6cad4489"":""1778\/2500@m7""}",2,0,0,0,0,2,0,0,0,108,56,39,22,28,32,6,3,5
64996,2026-04-09 05:39:04,30,2,2,accumulation,goldSack,goldSack,gold,1,false,150000,49559790393629,53844,5,5,1,9,0,0,0,0,1,12973,20000,42,1,64.9,bonus_as10_gae1_no,107,700000,,,,,3,0,0,0,0,3,0,0,0,109,56,39,22,28,33,6,3,5
64997,2026-04-09 05:39:05,2,2,2,goldSack,goldSack,goldSack,gold,1,true,2000000,49559792393629,53843,5,5,1,9,0,0,0,0,0,12973,20000,42,0,64.9,bonus_as10_gae1_no,107,700000,,,,,4,0,0,0,0,3,0,0,0,110,56,39,22,28,33,6,3,5
64998,2026-04-09 05:39:06,1,1,4,coin,coin,steal,gold,1,false,50000,49559792443629,53842,5,5,1,9,0,1,0,0,0,12973,20000,42,0,64.9,bonus_as10_gae1_no,107,700000,,,,,5,0,1,0,0,3,0,0,0,111,56,40,22,28,33,6,3,5
64999,2026-04-09 05:39:06,3,1,5,attack,coin,shield,gold,1,false,25000,49559792468629,53841,5,5,1,9,1,0,1,0,0,12973,20000,42,0,64.9,bonus_as10_gae1_no,107,700000,,,,,6,1,1,1,0,3,0,0,0,112,57,40,23,28,33,6,3,5
65000,2026-04-09 05:39:07,3,6,2,attack,spins,goldSack,gold,1,false,100000,49559792568629,53840,5,5,1,9,1,0,0,1,0,12973,20000,42,0,64.9,bonus_as10_gae1_no,107,700000,,,,,7,2,1,1,1,3,0,0,0,113,58,40,23,29,33,6,3,5
65001,2026-04-09 05:39:09,3,6,2,attack,spins,goldSack,gold,1,false,100000,49559792668629,53839,5,5,1,9,1,0,0,1,0,12973,20000,42,0,64.9,bonus_as10_gae1_no,107,700000,,,,,8,3,1,1,2,3,0,0,0,114,59,40,23,30,33,6,3,5
65002,2026-04-09 05:39:14,4,4,4,steal,steal,steal,steal,4,true,0,49559792668629,53838,5,5,1,9,0,3,0,0,0,12973,20000,42,0,64.9,bonus_as10_gae1_no,107,700000,,,,"{""4fdd0917"":""411\/500@m20""}",9,3,4,1,2,3,0,1,0,115,59,43,23,30,33,6,4,5
65003,2026-04-09 05:39:20,1,6,6,coin,spins,spins,gold,1,false,25000,49559956355629,53837,5,5,1,9,0,0,0,2,0,12973,20000,42,0,64.9,bonus_as10_gae1_no,107,700000,,,,"{""6cad4489"":""1780\/2500@m7""}",10,3,4,1,4,3,0,1,0,116,59,43,23,32,33,6,4,5
65004,2026-04-09 05:39:31,3,6,2,attack,spins,goldSack,gold,1,false,100000,49559956455629,53836,5,5,1,9,1,0,0,1,0,12973,20000,42,0,64.9,bonus_as10_gae1_no,107,700000,,,,,11,4,4,1,5,3,0,1,0,117,60,43,23,33,33,6,4,5
65005,2026-04-09 05:39:32,3,1,4,attack,coin,steal,gold,1,false,25000,49559956480629,53835,5,5,1,9,1,1,0,0,0,12973,20000,42,0,64.9,bonus_as10_gae1_no,107,700000,,,,,12,5,5,1,5,3,0,1,0,118,61,44,23,33,33,6,4,5
65006,2026-04-09 05:39:34,1,5,5,coin,shield,shield,gold,1,false,25000,49559956505629,53834,5,5,1,9,0,0,2,0,0,12973,20000,42,0,64.9,bonus_as10_gae1_no,107,700000,,,,,13,5,5,3,5,3,0,1,0,119,61,44,25,33,33,6,4,5
65007,2026-04-09 05:39:35,30,2,2,accumulation,goldSack,goldSack,gold,1,false,150000,49559956655629,53833,5,5,1,9,0,0,0,0,1,12974,20000,42,1,64.9,bonus_as10_gae1_no,107,700000,,,,"{""6cad4489"":""1782\/2500@m7""}",14,5,5,3,5,4,0,1,0,120,61,44,25,33,34,6,4,5
65008,2026-04-09 05:39:41,3,1,4,attack,coin,steal,gold,1,false,25000,49559956680629,53832,5,5,1,9,1,1,0,0,0,12974,20000,42,0,64.9,bonus_as10_gae1_no,107,700000,,,,,15,6,6,3,5,4,0,1,0,121,62,45,25,33,34,6,4,5
65009,2026-04-09 05:39:44,3,3,3,attack,attack,attack,attack,2,true,0,49559956680629,53831,5,5,1,9,3,0,0,0,0,12974,20000,42,0,64.9,bonus_as10_gae1_no,107,700000,,,,,16,9,6,3,5,4,1,1,0,122,65,45,25,33,34,7,4,5
65010,2026-04-09 05:39:48,3,3,2,attack,attack,goldSack,gold,1,false,100000,49559965360629,53830,5,5,1,9,2,0,0,0,0,12974,20000,42,0,64.9,bonus_as10_gae1_no,107,700000,,,,,17,11,6,3,5,4,1,1,0,123,67,45,25,33,34,7,4,5
65011,2026-04-09 05:39:50,1,1,4,coin,coin,steal,gold,1,false,50000,49559965410629,53829,5,5,1,9,0,1,0,0,0,12974,20000,42,0,64.9,bonus_as10_gae1_no,107,700000,,,,,18,11,7,3,5,4,1,1,0,124,67,46,25,33,34,7,4,5
65012,2026-04-09 05:39:54,3,3,3,attack,attack,attack,attack,2,true,0,49559965410629,53828,5,5,1,9,3,0,0,0,0,12974,20000,42,0,64.9,bonus_as10_gae1_no,107,700000,,,,,19,14,7,3,5,4,2,1,0,125,70,46,25,33,34,8,4,5
65013,2026-04-09 05:39:58,1,4,6,coin,steal,spins,gold,1,false,25000,49559974015629,53827,5,5,1,9,0,1,0,1,0,12974,20000,42,0,64.9,bonus_as10_gae1_no,107,700000,,,,,20,14,8,3,6,4,2,1,0,126,70,47,25,34,34,8,4,5
65014,2026-04-09 05:40:02,3,3,2,attack,attack,goldSack,gold,1,false,100000,49559974115629,53826,5,5,1,9,2,0,0,0,0,12974,20000,42,0,64.9,bonus_as10_gae1_no,107,700000,,,,,21,16,8,3,6,4,2,1,0,127,72,47,25,34,34,8,4,5
65015,2026-04-09 05:40:03,1,1,1,coin,coin,coin,gold,1,true,250000,49559974365629,53825,5,5,1,9,0,0,0,0,0,12974,20000,42,0,64.9,bonus_as10_gae1_no,107,700000,,,,,22,16,8,3,6,4,2,1,0,128,72,47,25,34,34,8,4,5
65016,2026-04-09 05:40:06,1,1,4,coin,coin,steal,gold,1,false,50000,49559974415629,53824,5,5,1,9,0,1,0,0,0,12974,20000,42,0,64.9,bonus_as10_gae1_no,107,700000,,,,,23,16,9,3,6,4,2,1,0,129,72,48,25,34,34,8,4,5
65017,2026-04-09 05:40:15,1,4,4,coin,steal,steal,gold,1,false,37500000,49560011915629,52324,5,5,1500,9,0,2,0,0,0,12974,20000,42,0,64.9,bonus_as10_gae1_no,107,700000,,,,,24,16,11,3,6,4,2,1,0,130,72,50,25,34,34,8,4,5
65018,2026-04-09 05:40:16,3,3,1,attack,attack,coin,gold,1,false,37500000,49560049415629,50824,5,5,1500,9,2,0,0,0,0,12974,20000,42,0,64.9,bonus_as10_gae1_no,107,700000,,,,"{""6cad4489"":""2282\/3200@m8"",""4fdd0917"":""711\/1100@m23""}",25,18,11,3,6,4,2,1,0,131,74,50,25,34,34,8,4,5
65019,2026-04-09 05:40:21,3,6,2,attack,spins,goldSack,gold,1,false,150000000,49560199415629,49324,5,5,1500,9,1,0,0,1,0,12974,20000,42,0,64.9,bonus_as10_gae1_no,107,700000,,,,,26,19,11,3,7,4,2,1,0,132,75,50,25,35,34,8,4,5
65020,2026-04-09 05:40:23,2,2,2,goldSack,goldSack,goldSack,gold,1,true,3000000000,49563199415629,47824,5,5,1500,9,0,0,0,0,0,12974,20000,42,0,64.9,bonus_as10_gae1_no,107,700000,,,,,27,19,11,3,7,4,2,1,0,133,75,50,25,35,34,8,4,5
65021,2026-04-09 05:40:27,30,30,1,accumulation,accumulation,coin,gold,1,false,37500000,49563236915629,46324,5,5,1500,9,0,0,0,0,2,15974,20000,42,3000,79.9,bonus_as10_gae1_no,107,700000,,,,,28,19,11,3,7,6,2,1,0,134,75,50,25,35,36,8,4,5
65022,2026-04-09 05:40:29,3,1,4,attack,coin,steal,gold,1,false,37500000,49563274415629,44824,5,5,1500,9,1,1,0,0,0,15974,20000,42,0,79.9,bonus_as10_gae1_no,107,700000,,,,,29,20,12,3,7,6,2,1,0,135,76,51,25,35,36,8,4,5
65023,2026-04-09 05:40:31,1,1,4,coin,coin,steal,gold,1,false,75000000,49563349415629,43324,5,5,1500,9,0,1,0,0,0,15974,20000,42,0,79.9,bonus_as10_gae1_no,107,700000,,,,,30,20,13,3,7,6,2,1,0,136,76,52,25,35,36,8,4,5
65024,2026-04-09 05:40:33,1,1,4,coin,coin,steal,gold,1,false,75000000,49563424415629,41824,5,5,1500,9,0,1,0,0,0,15974,20000,42,0,79.9,bonus_as10_gae1_no,107,700000,,,,,31,20,14,3,7,6,2,1,0,137,76,53,25,35,36,8,4,5
65025,2026-04-09 05:40:38,4,4,4,steal,steal,steal,steal,4,true,0,49563424415629,41821,5,5,3,9,0,3,0,0,0,15974,20000,42,0,79.9,bonus_as10_gae1_no,107,700000,,,,,32,20,17,3,7,6,2,2,0,138,76,56,25,35,36,8,5,5
65026,2026-04-09 05:40:43,3,1,4,attack,coin,steal,gold,1,false,75000,49564050548629,41818,5,5,3,9,1,1,0,0,0,15974,20000,42,0,79.9,bonus_as10_gae1_no,107,700000,,,,,33,21,18,3,7,6,2,2,0,139,77,57,25,35,36,8,5,5
65027,2026-04-09 05:40:47,1,1,4,coin,coin,steal,gold,1,false,150000,49564050698629,41815,5,5,3,9,0,1,0,0,0,15974,20000,42,0,79.9,bonus_as10_gae1_no,107,700000,,,,,34,21,19,3,7,6,2,2,0,140,77,58,25,35,36,8,5,5
65028,2026-04-09 05:40:51,5,5,5,shield,shield,shield,shield,3,true,3,49564050698629,41815,5,5,3,9,0,0,3,0,0,15974,20000,42,0,79.9,bonus_as10_gae1_no,107,700000,,,,,35,21,19,6,7,6,2,2,1,141,77,58,28,35,36,8,5,6
65029,2026-04-09 05:40:52,30,30,1,accumulation,accumulation,coin,gold,1,false,75000,49564050773629,41812,5,5,3,9,0,0,0,0,2,15980,20000,42,6,79.9,bonus_as10_gae1_no,107,700000,,,,,36,21,19,6,7,8,2,2,1,142,77,58,28,35,38,8,5,6
65030,2026-04-09 05:40:55,3,1,4,attack,coin,steal,gold,1,false,75000,49564050848629,41809,5,5,3,9,1,1,0,0,0,15980,20000,42,0,79.9,bonus_as10_gae1_no,107,700000,,,,,37,22,20,6,7,8,2,2,1,143,78,59,28,35,38,8,5,6
65031,2026-04-09 05:40:57,1,1,4,coin,coin,steal,gold,1,false,150000,49564050998629,41806,5,5,3,9,0,1,0,0,0,15980,20000,42,0,79.9,bonus_as10_gae1_no,107,700000,,,,,38,22,21,6,7,8,2,2,1,144,78,60,28,35,38,8,5,6
65032,2026-04-09 05:40:59,3,6,2,attack,spins,goldSack,gold,1,false,300000,49564051298629,41803,5,5,3,9,1,0,0,1,0,15980,20000,42,0,79.9,bonus_as10_gae1_no,107,700000,,,,,39,23,21,6,8,8,2,2,1,145,79,60,28,36,38,8,5,6
65033,2026-04-09 05:41:01,3,6,2,attack,spins,goldSack,gold,1,false,300000,49564051598629,41800,5,5,3,9,1,0,0,1,0,15980,20000,42,0,79.9,bonus_as10_gae1_no,107,700000,,,,"{""6cad4489"":""2288\/3200@m8""}",40,24,21,6,9,8,2,2,1,146,80,60,28,37,38,8,5,6
65034,2026-04-09 05:41:05,1,1,4,coin,coin,steal,gold,1,false,75000000,49564126598629,40300,5,5,1500,9,0,1,0,0,0,15980,20000,42,0,79.9,bonus_as10_gae1_no,107,700000,,,,"{""4fdd0917"":""411\/1100@m26""}",41,24,22,6,9,8,2,2,1,147,80,61,28,37,38,8,5,6
65035,2026-04-09 05:41:09,30,2,2,accumulation,goldSack,goldSack,gold,1,false,225000000,49564351598629,38800,5,5,1500,9,0,0,0,0,1,17480,20000,42,1500,87.4,bonus_as10_gae1_no,107,700000,,,,"{""6cad4489"":""2088\/4000@m9""}",42,24,22,6,9,9,2,2,1,148,80,61,28,37,39,8,5,6
65036,2026-04-09 05:41:15,3,1,4,attack,coin,steal,gold,1,false,37500000,49564389098629,37300,5,5,1500,9,1,1,0,0,0,17480,20000,42,0,87.4,bonus_as10_gae1_no,107,700000,,,,,43,25,23,6,9,9,2,2,1,149,81,62,28,37,39,8,5,6
65037,2026-04-09 05:41:16,3,3,2,attack,attack,goldSack,gold,1,false,150000000,49564539098629,35800,5,5,1500,9,2,0,0,0,0,17480,20000,42,0,87.4,bonus_as10_gae1_no,107,700000,,,,,44,27,23,6,9,9,2,2,1,150,83,62,28,37,39,8,5,6
65038,2026-04-09 05:41:18,30,2,2,accumulation,goldSack,goldSack,gold,1,false,225000000,49564764098629,34300,5,5,1500,9,0,0,0,0,1,18980,20000,42,1500,94.9,bonus_as10_gae1_no,107,700000,,,,,45,27,23,6,9,10,2,2,1,151,83,62,28,37,40,8,5,6
65039,2026-04-09 05:41:21,3,1,5,attack,coin,shield,gold,1,false,37500000,49564801598629,32800,5,5,1500,9,1,0,1,0,0,18980,20000,42,0,94.9,bonus_as10_gae1_no,107,700000,,,,,46,28,23,7,9,10,2,2,1,152,84,62,29,37,40,8,5,6
65040,2026-04-09 05:41:23,5,5,5,shield,shield,shield,shield,3,true,1,49564801598629,32800,5,5,1,9,0,0,3,0,0,18980,20000,42,0,94.9,bonus_as10_gae1_no,107,700000,,,,,47,28,23,10,9,10,2,2,2,153,84,62,32,37,40,8,5,7
65041,2026-04-09 05:41:25,1,4,4,coin,steal,steal,gold,1,false,25000,49564801623629,32799,5,5,1,9,0,2,0,0,0,18980,20000,42,0,94.9,bonus_as10_gae1_no,107,700000,,,,,48,28,25,10,9,10,2,2,2,154,84,64,32,37,40,8,5,7
65042,2026-04-09 05:41:26,5,5,5,shield,shield,shield,shield,3,true,1,49564801623629,32799,5,5,1,9,0,0,3,0,0,18980,20000,42,0,94.9,bonus_as10_gae1_no,107,700000,,,,,49,28,25,13,9,10,2,2,3,155,84,64,35,37,40,8,5,8
65043,2026-04-09 05:41:28,3,1,5,attack,coin,shield,gold,1,false,25000,49564801648629,32798,5,5,1,9,1,0,1,0,0,18980,20000,42,0,94.9,bonus_as10_gae1_no,107,700000,,,,,50,29,25,14,9,10,2,2,3,156,85,64,36,37,40,8,5,8
65044,2026-04-09 05:41:32,30,2,2,accumulation,goldSack,goldSack,gold,1,false,150000,49564801798629,32797,5,5,1,9,0,0,0,0,1,18981,20000,42,1,94.9,bonus_as10_gae1_no,107,700000,,,,,51,29,25,14,9,11,2,2,3,157,85,64,36,37,41,8,5,8
65045,2026-04-09 05:41:33,2,2,2,goldSack,goldSack,goldSack,gold,1,true,2000000,49564803798629,32796,5,5,1,9,0,0,0,0,0,18981,20000,42,0,94.9,bonus_as10_gae1_no,107,700000,,,,"{""6cad4489"":""2090\/4000@m9""}",52,29,25,14,9,11,2,2,3,158,85,64,36,37,41,8,5,8
65046,2026-04-09 05:41:35,3,1,4,attack,coin,steal,gold,1,false,25000,49564803823629,32795,5,5,1,9,1,1,0,0,0,18981,20000,42,0,94.9,bonus_as10_gae1_no,107,700000,,,,,53,30,26,14,9,11,2,2,3,159,86,65,36,37,41,8,5,8
65047,2026-04-09 05:41:38,1,6,6,coin,spins,spins,gold,1,false,25000,49564803848629,32794,5,5,1,9,0,0,0,2,0,18981,20000,42,0,94.9,bonus_as10_gae1_no,107,700000,,,,,54,30,26,14,11,11,2,2,3,160,86,65,36,39,41,8,5,8
65048,2026-04-09 05:41:41,2,2,2,goldSack,goldSack,goldSack,gold,1,true,2000000,49564805848629,32793,5,5,1,9,0,0,0,0,0,18981,20000,42,0,94.9,bonus_as10_gae1_no,107,700000,,,,"{""6cad4489"":""2092\/4000@m9""}",55,30,26,14,11,11,2,2,3,161,86,65,36,39,41,8,5,8
65049,2026-04-09 05:41:45,30,2,2,accumulation,goldSack,goldSack,gold,1,false,150000,49564805998629,32792,5,5,1,9,0,0,0,0,1,18982,20000,42,1,94.9,bonus_as10_gae1_no,107,700000,,,,,56,30,26,14,11,12,2,2,3,162,86,65,36,39,42,8,5,8
65050,2026-04-09 05:41:47,3,3,3,attack,attack,attack,attack,2,true,0,49564805998629,32791,5,5,1,9,3,0,0,0,0,18982,20000,42,0,94.9,bonus_as10_gae1_no,107,700000,,,,,57,33,26,14,11,12,3,2,3,163,89,65,36,39,42,9,5,8
65051,2026-04-09 05:41:52,3,3,2,attack,attack,goldSack,gold,1,false,100000,49564832098629,32790,5,5,1,9,2,0,0,0,0,18982,20000,42,0,94.9,bonus_as10_gae1_no,107,700000,,,,"{""4fdd0917"":""413\/1100@m26""}",58,35,26,14,11,12,3,2,3,164,91,65,36,39,42,9,5,8
65052,2026-04-09 05:41:53,3,3,3,attack,attack,attack,attack,2,true,0,49564832098629,32789,5,5,1,9,3,0,0,0,0,18982,20000,42,0,94.9,bonus_as10_gae1_no,107,700000,,,,,59,38,26,14,11,12,4,2,3,165,94,65,36,39,42,10,5,8
65053,2026-04-09 05:41:59,1,1,1,coin,coin,coin,gold,1,true,250000,49564858348629,32788,5,5,1,9,0,0,0,0,0,18982,20000,42,0,94.9,bonus_as10_gae1_no,107,700000,,,,,60,38,26,14,11,12,4,2,3,166,94,65,36,39,42,10,5,8
65054,2026-04-09 05:42:00,1,5,5,coin,shield,shield,gold,1,false,25000,49564858373629,32787,5,5,1,9,0,0,2,0,0,18982,20000,42,0,94.9,bonus_as10_gae1_no,107,700000,,,,,61,38,26,16,11,12,4,2,3,167,94,65,38,39,42,10,5,8
65055,2026-04-09 05:42:01,30,2,2,accumulation,goldSack,goldSack,gold,1,false,150000,49564858523629,32786,5,5,1,9,0,0,0,0,1,18983,20000,42,1,94.9,bonus_as10_gae1_no,107,700000,,,,,62,38,26,16,11,13,4,2,3,168,94,65,38,39,43,10,5,8
65056,2026-04-09 05:42:08,3,6,2,attack,spins,goldSack,gold,1,false,100000,49564858623629,32785,5,5,1,9,1,0,0,1,0,18983,20000,42,0,94.9,bonus_as10_gae1_no,107,700000,,,,,63,39,26,16,12,13,4,2,3,169,95,65,38,40,43,10,5,8
65057,2026-04-09 05:42:11,4,6,2,steal,spins,goldSack,gold,1,false,100000,49564858723629,32784,5,5,1,9,0,1,0,1,0,18983,20000,42,0,94.9,bonus_as10_gae1_no,107,700000,,,,"{""6cad4489"":""2094\/4000@m9""}",64,39,27,16,13,13,4,2,3,170,95,66,38,41,43,10,5,8
65058,2026-04-09 05:42:12,30,30,1,accumulation,accumulation,coin,gold,1,false,25000,49564858748629,32783,5,5,1,9,0,0,0,0,2,18985,20000,42,2,94.9,bonus_as10_gae1_no,107,700000,,,,,65,39,27,16,13,15,4,2,3,171,95,66,38,41,45,10,5,8
65059,2026-04-09 05:42:14,3,6,2,attack,spins,goldSack,gold,1,false,100000,49564858848629,32782,5,5,1,9,1,0,0,1,0,18985,20000,42,0,94.9,bonus_as10_gae1_no,107,700000,,,,,66,40,27,16,14,15,4,2,3,172,96,66,38,42,45,10,5,8
65060,2026-04-09 05:42:16,3,3,3,attack,attack,attack,attack,2,true,0,49564858848629,32781,5,5,1,9,3,0,0,0,0,18985,20000,42,0,94.9,bonus_as10_gae1_no,107,700000,,,,,67,43,27,16,14,15,5,2,3,173,99,66,38,42,45,11,5,8
65061,2026-04-09 05:42:20,2,2,2,goldSack,goldSack,goldSack,gold,1,true,2000000,49564869428629,32780,5,5,1,9,0,0,0,0,0,18985,20000,42,0,94.9,bonus_as10_gae1_no,107,700000,,,,,68,43,27,16,14,15,5,2,3,174,99,66,38,42,45,11,5,8
65062,2026-04-09 05:42:25,3,6,2,attack,spins,goldSack,gold,1,false,100000,49564869528629,32779,5,5,1,9,1,0,0,1,0,18985,20000,42,0,94.9,bonus_as10_gae1_no,107,700000,,,,,69,44,27,16,15,15,5,2,3,175,100,66,38,43,45,11,5,8
65063,2026-04-09 05:42:27,3,3,2,attack,attack,goldSack,gold,1,false,100000,49564869628629,32778,5,5,1,9,2,0,0,0,0,18985,20000,42,0,94.9,bonus_as10_gae1_no,107,700000,,,,,70,46,27,16,15,15,5,2,3,176,102,66,38,43,45,11,5,8
65064,2026-04-09 05:42:28,3,6,2,attack,spins,goldSack,gold,1,false,100000,49564869728629,32777,5,5,1,9,1,0,0,1,0,18985,20000,42,0,94.9,bonus_as10_gae1_no,107,700000,,,,,71,47,27,16,16,15,5,2,3,177,103,66,38,44,45,11,5,8
65065,2026-04-09 05:42:30,1,1,4,coin,coin,steal,gold,1,false,50000,49564869778629,32776,5,5,1,9,0,1,0,0,0,18985,20000,42,0,94.9,bonus_as10_gae1_no,107,700000,,,,,72,47,28,16,16,15,5,2,3,178,103,67,38,44,45,11,5,8
65066,2026-04-09 05:42:31,1,1,1,coin,coin,coin,gold,1,true,250000,49564870028629,32775,5,5,1,9,0,0,0,0,0,18985,20000,42,0,94.9,bonus_as10_gae1_no,107,700000,,,,,73,47,28,16,16,15,5,2,3,179,103,67,38,44,45,11,5,8
65067,2026-04-09 05:42:34,30,2,2,accumulation,goldSack,goldSack,gold,1,false,150000,49564870178629,32774,5,5,1,9,0,0,0,0,1,18986,20000,42,1,94.9,bonus_as10_gae1_no,107,700000,,,,,74,47,28,16,16,16,5,2,3,180,103,67,38,44,46,11,5,8
65068,2026-04-09 05:42:36,3,1,4,attack,coin,steal,gold,1,false,25000,49564870203629,32773,5,5,1,9,1,1,0,0,0,18986,20000,42,0,94.9,bonus_as10_gae1_no,107,700000,,,,"{""6cad4489"":""2096\/4000@m9""}",75,48,29,16,16,16,5,2,3,181,104,68,38,44,46,11,5,8
65069,2026-04-09 05:42:37,30,30,1,accumulation,accumulation,coin,gold,1,false,25000,49564870228629,32772,5,5,1,9,0,0,0,0,2,18988,20000,42,2,94.9,bonus_as10_gae1_no,107,700000,,,,,76,48,29,16,16,18,5,2,3,182,104,68,38,44,48,11,5,8
65070,2026-04-09 05:42:39,30,2,2,accumulation,goldSack,goldSack,gold,1,false,150000,49564870378629,32771,5,5,1,9,0,0,0,0,1,18989,20000,42,1,94.9,bonus_as10_gae1_no,107,700000,,,,"{""4fdd0917"":""415\/1100@m26""}",77,48,29,16,16,19,5,2,3,183,104,68,38,44,49,11,5,8
65071,2026-04-09 05:42:48,5,5,5,shield,shield,shield,shield,3,true,50,49564870378629,32771,5,5,50,9,0,0,3,0,0,18989,20000,42,0,94.9,bonus_as10_gae1_no,107,700000,,,,,78,48,29,19,16,19,5,2,4,184,104,68,41,44,49,11,5,9
65072,2026-04-09 05:42:49,1,1,4,coin,coin,steal,gold,1,false,2500000,49564872878629,32721,5,5,50,9,0,1,0,0,0,18989,20000,42,0,94.9,bonus_as10_gae1_no,107,700000,,,,,79,48,30,19,16,19,5,2,4,185,104,69,41,44,49,11,5,9
65073,2026-04-09 05:42:51,2,2,2,goldSack,goldSack,goldSack,gold,1,true,100000000,49564972878629,32671,5,5,50,9,0,0,0,0,0,18989,20000,42,0,94.9,bonus_as10_gae1_no,107,700000,,,,,80,48,30,19,16,19,5,2,4,186,104,69,41,44,49,11,5,9
65074,2026-04-09 05:42:53,1,4,4,coin,steal,steal,gold,1,false,1250000,49564974128629,32621,5,5,50,9,0,2,0,0,0,18989,20000,42,0,94.9,bonus_as10_gae1_no,107,700000,,,,,81,48,32,19,16,19,5,2,4,187,104,71,41,44,49,11,5,9
65075,2026-04-09 05:42:56,30,2,2,accumulation,goldSack,goldSack,gold,1,false,7500000,49564981628629,32571,5,5,50,9,0,0,0,0,1,19039,20000,42,50,95.2,bonus_as10_gae1_no,107,700000,,,,,82,48,32,19,16,20,5,2,4,188,104,71,41,44,50,11,5,9
65076,2026-04-09 05:43:01,4,4,4,steal,steal,steal,steal,4,true,0,49564981628629,32521,5,5,50,9,0,3,0,0,0,19039,20000,42,0,95.2,bonus_as10_gae1_no,107,700000,,,,,83,48,35,19,16,20,5,3,4,189,104,74,41,44,50,11,6,9
65077,2026-04-09 05:43:06,3,3,2,attack,attack,goldSack,gold,1,false,5000000,49570904128629,32471,5,5,50,9,2,0,0,0,0,19039,20000,42,0,95.2,bonus_as10_gae1_no,107,700000,,,,,84,50,35,19,16,20,5,3,4,190,106,74,41,44,50,11,6,9
65078,2026-04-09 05:43:17,30,2,2,accumulation,goldSack,goldSack,gold,1,false,7500000,49570911628629,32421,5,5,50,9,0,0,0,0,1,19089,20000,42,50,95.4,bonus_as10_gae1_no,107,700000,,,,,85,50,35,19,16,21,5,3,4,191,106,74,41,44,51,11,6,9
65079,2026-04-09 05:43:23,3,6,2,attack,spins,goldSack,gold,1,false,5000000,49570916628629,32371,5,5,50,9,1,0,0,1,0,19089,20000,42,0,95.4,bonus_as10_gae1_no,107,700000,,,,,86,51,35,19,17,21,5,3,4,192,107,74,41,45,51,11,6,9
65080,2026-04-09 05:43:24,5,5,5,shield,shield,shield,shield,3,true,50,49570916628629,32371,5,5,50,9,0,0,3,0,0,19089,20000,42,0,95.4,bonus_as10_gae1_no,107,700000,,,,,87,51,35,22,17,21,5,3,5,193,107,74,44,45,51,11,6,10
65081,2026-04-09 05:43:26,3,1,5,attack,coin,shield,gold,1,false,1250000,49570917878629,32321,5,5,50,9,1,0,1,0,0,19089,20000,42,0,95.4,bonus_as10_gae1_no,107,700000,,,,"{""6cad4489"":""2196\/4000@m9"",""4fdd0917"":""515\/1100@m26""}",88,52,35,23,17,21,5,3,5,194,108,74,45,45,51,11,6,10
65082,2026-04-09 05:43:27,3,3,3,attack,attack,attack,attack,2,true,0,49570917878629,32271,5,5,50,9,3,0,0,0,0,19089,20000,42,0,95.4,bonus_as10_gae1_no,107,700000,,,,,89,55,35,23,17,21,6,3,5,195,111,74,45,45,51,12,6,10
65083,2026-04-09 05:43:31,30,2,2,accumulation,goldSack,goldSack,gold,1,false,7500000,49571354378629,32221,5,5,50,9,0,0,0,0,1,19139,20000,42,50,95.7,bonus_as10_gae1_no,107,700000,,,,,90,55,35,23,17,22,6,3,5,196,111,74,45,45,52,12,6,10
65084,2026-04-09 05:43:33,3,3,3,attack,attack,attack,attack,2,true,0,49571354378629,32171,5,5,50,9,3,0,0,0,0,19139,20000,42,0,95.7,bonus_as10_gae1_no,107,700000,,,,,91,58,35,23,17,22,7,3,5,197,114,74,45,45,52,13,6,10
65085,2026-04-09 05:43:37,2,2,2,goldSack,goldSack,goldSack,gold,1,true,100000000,49572754378629,32121,5,5,50,9,0,0,0,0,0,19139,20000,42,0,95.7,bonus_as10_gae1_no,107,700000,,,,,92,58,35,23,17,22,7,3,5,198,114,74,45,45,52,13,6,10
65086,2026-04-09 05:43:40,3,3,2,attack,attack,goldSack,gold,1,false,5000000,49572759378629,32071,5,5,50,9,2,0,0,0,0,19139,20000,42,0,95.7,bonus_as10_gae1_no,107,700000,,,,,93,60,35,23,17,22,7,3,5,199,116,74,45,45,52,13,6,10
65087,2026-04-09 05:43:43,30,30,1,accumulation,accumulation,coin,gold,1,false,1250000,49572760628629,32021,5,5,50,9,0,0,0,0,2,19239,20000,42,100,96.2,bonus_as10_gae1_no,107,700000,,,,"{""6cad4489"":""2296\/4000@m9""}",94,60,35,23,17,24,7,3,5,200,116,74,45,45,54,13,6,10
65088,2026-04-09 05:43:47,1,4,6,coin,steal,spins,gold,1,false,1250000,49572761878629,31971,5,5,50,9,0,1,0,1,0,19239,20000,42,0,96.2,bonus_as10_gae1_no,107,700000,,,,,95,60,36,23,18,24,7,3,5,201,116,75,45,46,54,13,6,10
65089,2026-04-09 05:43:49,3,6,2,attack,spins,goldSack,gold,1,false,5000000,49572766878629,31921,5,5,50,9,1,0,0,1,0,19239,20000,42,0,96.2,bonus_as10_gae1_no,107,700000,,,,,96,61,36,23,19,24,7,3,5,202,117,75,45,47,54,13,6,10
65090,2026-04-09 05:43:50,1,1,4,coin,coin,steal,gold,1,false,2500000,49572769378629,31871,5,5,50,9,0,1,0,0,0,19239,20000,42,0,96.2,bonus_as10_gae1_no,107,700000,,,,,97,61,37,23,19,24,7,3,5,203,117,76,45,47,54,13,6,10
65091,2026-04-09 05:43:51,2,2,2,goldSack,goldSack,goldSack,gold,1,true,100000000,49572869378629,31821,5,5,50,9,0,0,0,0,0,19239,20000,42,0,96.2,bonus_as10_gae1_no,107,700000,,,,,98,61,37,23,19,24,7,3,5,204,117,76,45,47,54,13,6,10
65092,2026-04-09 05:43:53,1,6,6,coin,spins,spins,gold,1,false,1250000,49572870628629,31771,5,5,50,9,0,0,0,2,0,19239,20000,42,0,96.2,bonus_as10_gae1_no,107,700000,,,,,99,61,37,23,21,24,7,3,5,205,117,76,45,49,54,13,6,10
65093,2026-04-09 05:43:54,3,6,2,attack,spins,goldSack,gold,1,false,5000000,49572875628629,31721,5,5,50,9,1,0,0,1,0,19239,20000,42,0,96.2,bonus_as10_gae1_no,107,700000,,,,,100,62,37,23,22,24,7,3,5,206,118,76,45,50,54,13,6,10
65094,2026-04-09 05:43:55,30,30,1,accumulation,accumulation,coin,gold,1,false,1250000,49572876878629,31671,5,5,50,9,0,0,0,0,2,19339,20000,42,100,96.7,bonus_as10_gae1_no,107,700000,,,,,101,62,37,23,22,26,7,3,5,207,118,76,45,50,56,13,6,10
65095,2026-04-09 05:43:57,3,3,2,attack,attack,goldSack,gold,1,false,5000000,49572881878629,31621,5,5,50,9,2,0,0,0,0,19339,20000,42,0,96.7,bonus_as10_gae1_no,107,700000,,,,,102,64,37,23,22,26,7,3,5,208,120,76,45,50,56,13,6,10
65096,2026-04-09 05:43:58,1,1,4,coin,coin,steal,gold,1,false,2500000,49572884378629,31571,5,5,50,9,0,1,0,0,0,19339,20000,42,0,96.7,bonus_as10_gae1_no,107,700000,,,,,103,64,38,23,22,26,7,3,5,209,120,77,45,50,56,13,6,10
65097,2026-04-09 05:44:00,30,2,2,accumulation,goldSack,goldSack,gold,1,false,7500000,49572891878629,31521,5,5,50,9,0,0,0,0,1,19389,20000,42,50,96.9,bonus_as10_gae1_no,107,700000,,,,,104,64,38,23,22,27,7,3,5,210,120,77,45,50,57,13,6,10
65098,2026-04-09 05:44:01,30,2,2,accumulation,goldSack,goldSack,gold,1,false,7500000,49572899378629,31471,5,5,50,9,0,0,0,0,1,19439,20000,42,50,97.2,bonus_as10_gae1_no,107,700000,,,,,105,64,38,23,22,28,7,3,5,211,120,77,45,50,58,13,6,10
65099,2026-04-09 05:44:03,3,6,2,attack,spins,goldSack,gold,1,false,5000000,49572904378629,31421,5,5,50,9,1,0,0,1,0,19439,20000,42,0,97.2,bonus_as10_gae1_no,107,700000,,,,,106,65,38,23,23,28,7,3,5,212,121,77,45,51,58,13,6,10
65100,2026-04-09 05:44:05,1,1,4,coin,coin,steal,gold,1,false,2500000,49572906878629,31371,5,5,50,9,0,1,0,0,0,19439,20000,42,0,97.2,bonus_as10_gae1_no,107,700000,,,,"{""6cad4489"":""2396\/4000@m9""}",107,65,39,23,23,28,7,3,5,213,121,78,45,51,58,13,6,10
65101,2026-04-09 05:44:07,1,1,1,coin,coin,coin,gold,1,true,12500000,49572919378629,31321,5,5,50,9,0,0,0,0,0,19439,20000,42,0,97.2,bonus_as10_gae1_no,107,700000,,,,,108,65,39,23,23,28,7,3,5,214,121,78,45,51,58,13,6,10
65102,2026-04-09 05:44:10,30,30,1,accumulation,accumulation,coin,gold,1,false,1250000,49572920628629,31271,5,5,50,9,0,0,0,0,2,19539,20000,42,100,97.7,bonus_as10_gae1_no,107,700000,,,,"{""4fdd0917"":""615\/1100@m26""}",109,65,39,23,23,30,7,3,5,215,121,78,45,51,60,13,6,10
65103,2026-04-09 05:44:11,4,4,4,steal,steal,steal,steal,4,true,0,49572920628629,31221,5,5,50,9,0,3,0,0,0,19539,20000,42,0,97.7,bonus_as10_gae1_no,107,700000,,,,,110,65,42,23,23,30,7,4,5,216,121,81,45,51,60,13,7,10
65104,2026-04-09 05:44:19,3,4,2,attack,steal,goldSack,gold,1,false,5000000,49580668928629,31171,5,5,50,9,1,1,0,0,0,19539,20000,42,0,97.7,bonus_as10_gae1_no,107,700000,,,,,111,66,43,23,23,30,7,4,5,217,122,82,45,51,60,13,7,10
65105,2026-04-09 05:44:20,1,1,1,coin,coin,coin,gold,1,true,12500000,49580681428629,31121,5,5,50,9,0,0,0,0,0,19539,20000,42,0,97.7,bonus_as10_gae1_no,107,700000,,,,"{""6cad4489"":""2496\/4000@m9""}",112,66,43,23,23,30,7,4,5,218,122,82,45,51,60,13,7,10
65106,2026-04-09 05:44:23,1,1,4,coin,coin,steal,gold,1,false,2500000,49580683928629,31071,5,5,50,9,0,1,0,0,0,19539,20000,42,0,97.7,bonus_as10_gae1_no,107,700000,,,,,113,66,44,23,23,30,7,4,5,219,122,83,45,51,60,13,7,10
65107,2026-04-09 05:44:26,1,1,4,coin,coin,steal,gold,1,false,2500000,49580686428629,31021,5,5,50,9,0,1,0,0,0,19539,20000,42,0,97.7,bonus_as10_gae1_no,107,700000,,,,,114,66,45,23,23,30,7,4,5,220,122,84,45,51,60,13,7,10
65108,2026-04-09 05:44:28,3,3,3,attack,attack,attack,attack,2,true,0,49580686428629,30971,5,5,50,9,3,0,0,0,0,19539,20000,42,0,97.7,bonus_as10_gae1_no,107,700000,,,,"{""6cad4489"":""2596\/4000@m9""}",115,69,45,23,23,30,8,4,5,221,125,84,45,51,60,14,7,10
65109,2026-04-09 05:44:32,3,3,2,attack,attack,goldSack,gold,1,false,5000000,49581991428629,30921,5,5,50,9,2,0,0,0,0,19539,20000,42,0,97.7,bonus_as10_gae1_no,107,700000,,,,,116,71,45,23,23,30,8,4,5,222,127,84,45,51,60,14,7,10
65110,2026-04-09 05:44:34,1,6,6,coin,spins,spins,gold,1,false,1250000,49581992678629,30871,5,5,50,9,0,0,0,2,0,19539,20000,42,0,97.7,bonus_as10_gae1_no,107,700000,,,,,117,71,45,23,25,30,8,4,5,223,127,84,45,53,60,14,7,10
65111,2026-04-09 05:44:39,2,2,2,goldSack,goldSack,goldSack,gold,1,true,100000000,49582092678629,30821,5,5,50,9,0,0,0,0,0,19539,20000,42,0,97.7,bonus_as10_gae1_no,107,700000,,,,,118,71,45,23,25,30,8,4,5,224,127,84,45,53,60,14,7,10
65112,2026-04-09 05:45:00,1,1,4,coin,coin,steal,gold,1,false,2500000,49582095178629,30771,5,5,50,9,0,1,0,0,0,19539,20000,42,0,97.7,bonus_as10_gae1_no,107,700000,,,,,119,71,46,23,25,30,8,4,5,225,127,85,45,53,60,14,7,10
65113,2026-04-09 05:45:01,1,1,4,coin,coin,steal,gold,1,false,2500000,49582097678629,30721,5,5,50,9,0,1,0,0,0,19539,20000,42,0,97.7,bonus_as10_gae1_no,107,700000,,,,,120,71,47,23,25,30,8,4,5,226,127,86,45,53,60,14,7,10
65114,2026-04-09 05:45:02,30,30,30,accumulation,accumulation,accumulation,gold,10,true,0,49582097678629,30671,5,5,50,9,0,0,0,0,3,39,550,43,0,7.1,bonus_as10_gae1_no,107,700000,,,,,121,71,47,23,25,33,8,4,5,227,127,86,45,53,63,14,7,10
65115,2026-04-09 05:45:09,3,3,2,attack,attack,goldSack,gold,1,false,5000000,49582102678629,74621,5,5,50,9,2,0,0,0,0,39,550,43,0,7.1,bonus_as10_gae1_no,107,700000,,,,,1,2,0,0,0,0,0,0,0,228,129,86,45,53,63,14,7,10
65116,2026-04-09 05:45:12,3,3,3,attack,attack,attack,attack,2,true,0,49582102678629,74571,5,5,50,9,3,0,0,0,0,39,550,43,0,7.1,bonus_as10_gae1_no,107,700000,,,,,2,5,0,0,0,0,1,0,0,229,132,86,45,53,63,15,7,10
65117,2026-04-09 05:45:15,30,2,2,accumulation,goldSack,goldSack,gold,1,false,7500000,49583410178629,74521,5,5,50,9,0,0,0,0,1,89,550,43,50,16.2,bonus_as10_gae1_no,107,700000,,,,"{""4fdd0917"":""715\/1100@m26""}",3,5,0,0,0,1,1,0,0,230,132,86,45,53,64,15,7,10
65118,2026-04-09 05:45:20,1,4,4,coin,steal,steal,gold,1,false,25000,49583410203629,74520,5,5,1,9,0,2,0,0,0,89,550,43,0,16.2,bonus_as10_gae1_no,107,700000,,,,,4,5,2,0,0,1,1,0,0,231,132,88,45,53,64,15,7,10
65119,2026-04-09 05:45:21,1,5,5,coin,shield,shield,gold,1,false,25000,49583410228629,74519,5,5,1,9,0,0,2,0,0,89,550,43,0,16.2,bonus_as10_gae1_no,107,700000,,,,,5,5,2,2,0,1,1,0,0,232,132,88,47,53,64,15,7,10
65120,2026-04-09 05:45:23,2,2,2,goldSack,goldSack,goldSack,gold,1,true,2000000,49583412228629,74518,5,5,1,9,0,0,0,0,0,89,550,43,0,16.2,bonus_as10_gae1_no,107,700000,,,,"{""6cad4489"":""2598\/4000@m9""}",6,5,2,2,0,1,1,0,0,233,132,88,47,53,64,15,7,10
65121,2026-04-09 05:45:24,1,4,6,coin,steal,spins,gold,1,false,25000,49583412253629,74517,5,5,1,9,0,1,0,1,0,89,550,43,0,16.2,bonus_as10_gae1_no,107,700000,,,,,7,5,3,2,1,1,1,0,0,234,132,89,47,54,64,15,7,10
65122,2026-04-09 05:45:25,1,4,4,coin,steal,steal,gold,1,false,25000,49583412278629,74516,5,5,1,9,0,2,0,0,0,89,550,43,0,16.2,bonus_as10_gae1_no,107,700000,,,,,8,5,5,2,1,1,1,0,0,235,132,91,47,54,64,15,7,10
65123,2026-04-09 05:45:25,4,4,4,steal,steal,steal,steal,4,true,0,49583412278629,74515,5,5,1,9,0,3,0,0,0,89,550,43,0,16.2,bonus_as10_gae1_no,107,700000,,,,,9,5,8,2,1,1,1,1,0,236,132,94,47,54,64,15,8,10
65124,2026-04-09 05:45:30,6,6,6,spins,spins,spins,spins,5,true,10,49583643866629,74524,5,5,1,9,0,0,0,3,0,89,550,43,0,16.2,bonus_as10_gae1_no,107,700000,,,,,10,5,8,2,4,1,1,1,0,237,132,94,47,57,64,15,8,10
65125,2026-04-09 05:45:32,3,3,3,attack,attack,attack,attack,2,true,0,49583643866629,74523,5,5,1,9,3,0,0,0,0,89,550,43,0,16.2,bonus_as10_gae1_no,107,700000,,,,,11,8,8,2,4,1,2,1,0,1,3,0,0,0,0,1,0,0
65126,2026-04-09 05:45:53,30,2,2,accumulation,goldSack,goldSack,gold,1,false,150000,49583670016629,74522,5,5,1,9,0,0,0,0,1,90,550,43,1,16.4,bonus_as10_gae1_no,107,700000,,,,,12,8,8,2,4,2,2,1,0,2,3,0,0,0,1,1,0,0
65127,2026-04-09 05:45:54,30,30,1,accumulation,accumulation,coin,gold,1,false,25000,49583670041629,74521,5,5,1,9,0,0,0,0,2,92,550,43,2,16.7,bonus_as10_gae1_no,107,700000,,,,,13,8,8,2,4,4,2,1,0,3,3,0,0,0,3,1,0,0
65128,2026-04-09 05:45:55,3,6,2,attack,spins,goldSack,gold,1,false,100000,49583670141629,74520,5,5,1,9,1,0,0,1,0,92,550,43,0,16.7,bonus_as10_gae1_no,107,700000,,,,"{""6cad4489"":""2600\/4000@m9""}",14,9,8,2,5,4,2,1,0,4,4,0,0,1,3,1,0,0
65129,2026-04-09 05:45:56,30,2,2,accumulation,goldSack,goldSack,gold,1,false,150000,49583670291629,74519,5,5,1,9,0,0,0,0,1,93,550,43,1,16.9,bonus_as10_gae1_no,107,700000,,,,,15,9,8,2,5,5,2,1,0,5,4,0,0,1,4,1,0,0
65130,2026-04-09 05:45:57,1,1,1,coin,coin,coin,gold,1,true,250000,49583670541629,74518,5,5,1,9,0,0,0,0,0,93,550,43,0,16.9,bonus_as10_gae1_no,107,700000,,,,,16,9,8,2,5,5,2,1,0,6,4,0,0,1,4,1,0,0
65131,2026-04-09 05:45:58,30,2,2,accumulation,goldSack,goldSack,gold,1,false,150000,49583670691629,74517,5,5,1,9,0,0,0,0,1,94,550,43,1,17.1,bonus_as10_gae1_no,107,700000,,,,,17,9,8,2,5,6,2,1,0,7,4,0,0,1,5,1,0,0
65132,2026-04-09 05:45:59,1,4,6,coin,steal,spins,gold,1,false,25000,49583670716629,74516,5,5,1,9,0,1,0,1,0,94,550,43,0,17.1,bonus_as10_gae1_no,107,700000,,,,,18,9,9,2,6,6,2,1,0,8,4,1,0,2,5,1,0,0
65133,2026-04-09 05:45:59,30,30,1,accumulation,accumulation,coin,gold,1,false,25000,49583670741629,74515,5,5,1,9,0,0,0,0,2,96,550,43,2,17.5,bonus_as10_gae1_no,107,700000,,,,,19,9,9,2,6,8,2,1,0,9,4,1,0,2,7,1,0,0
65134,2026-04-09 05:46:01,30,2,2,accumulation,goldSack,goldSack,gold,1,false,150000,49583670891629,74514,5,5,1,9,0,0,0,0,1,97,550,43,1,17.6,bonus_as10_gae1_no,107,700000,,,,,20,9,9,2,6,9,2,1,0,10,4,1,0,2,8,1,0,0
65135,2026-04-09 05:46:02,1,1,1,coin,coin,coin,gold,1,true,250000,49583671141629,74513,5,5,1,9,0,0,0,0,0,97,550,43,0,17.6,bonus_as10_gae1_no,107,700000,,,,,21,9,9,2,6,9,2,1,0,11,4,1,0,2,8,1,0,0
65136,2026-04-09 05:46:02,3,4,2,attack,steal,goldSack,gold,1,false,100000,49583671241629,74512,5,5,1,9,1,1,0,0,0,97,550,43,0,17.6,bonus_as10_gae1_no,107,700000,,,,,22,10,10,2,6,9,2,1,0,12,5,2,0,2,8,1,0,0
65137,2026-04-09 05:46:03,1,4,6,coin,steal,spins,gold,1,false,25000,49583671266629,74511,5,5,1,9,0,1,0,1,0,97,550,43,0,17.6,bonus_as10_gae1_no,107,700000,,,,,23,10,11,2,7,9,2,1,0,13,5,3,0,3,8,1,0,0
65138,2026-04-09 05:46:05,1,1,1,coin,coin,coin,gold,1,true,250000,49583671516629,74510,5,5,1,9,0,0,0,0,0,97,550,43,0,17.6,bonus_as10_gae1_no,107,700000,,,,,24,10,11,2,7,9,2,1,0,14,5,3,0,3,8,1,0,0
65139,2026-04-09 05:46:05,1,4,4,coin,steal,steal,gold,1,false,25000,49583671541629,74509,5,5,1,9,0,2,0,0,0,97,550,43,0,17.6,bonus_as10_gae1_no,107,700000,,,,"{""4fdd0917"":""717\/1100@m26""}",25,10,13,2,7,9,2,1,0,15,5,5,0,3,8,1,0,0
65140,2026-04-09 05:46:06,3,1,6,attack,coin,spins,gold,1,false,25000,49583671566629,74508,5,5,1,9,1,0,0,1,0,97,550,43,0,17.6,bonus_as10_gae1_no,107,700000,,,,,26,11,13,2,8,9,2,1,0,16,6,5,0,4,8,1,0,0
65141,2026-04-09 05:46:07,30,2,2,accumulation,goldSack,goldSack,gold,1,false,150000,49583671716629,74507,5,5,1,9,0,0,0,0,1,98,550,43,1,17.8,bonus_as10_gae1_no,107,700000,,,,"{""6cad4489"":""2602\/4000@m9""}",27,11,13,2,8,10,2,1,0,17,6,5,0,4,9,1,0,0
65142,2026-04-09 05:46:08,30,2,2,accumulation,goldSack,goldSack,gold,1,false,150000,49583671866629,74506,5,5,1,9,0,0,0,0,1,99,550,43,1,18.0,bonus_as10_gae1_no,107,700000,,,,,28,11,13,2,8,11,2,1,0,18,6,5,0,4,10,1,0,0
65143,2026-04-09 05:46:09,30,30,1,accumulation,accumulation,coin,gold,1,false,25000,49583671891629,74505,5,5,1,9,0,0,0,0,2,101,550,43,2,18.4,bonus_as10_gae1_no,107,700000,,,,,29,11,13,2,8,13,2,1,0,19,6,5,0,4,12,1,0,0
65144,2026-04-09 05:46:10,3,6,2,attack,spins,goldSack,gold,1,false,100000,49583671991629,74504,5,5,1,9,1,0,0,1,0,101,550,43,0,18.4,bonus_as10_gae1_no,107,700000,,,,,30,12,13,2,9,13,2,1,0,20,7,5,0,5,12,1,0,0
65145,2026-04-09 05:46:11,30,30,1,accumulation,accumulation,coin,gold,1,false,25000,49583672016629,74503,5,5,1,9,0,0,0,0,2,103,550,43,2,18.7,bonus_as10_gae1_no,107,700000,,,,,31,12,13,2,9,15,2,1,0,21,7,5,0,5,14,1,0,0
65146,2026-04-09 05:46:12,3,6,2,attack,spins,goldSack,gold,1,false,100000,49583672116629,74502,5,5,1,9,1,0,0,1,0,103,550,43,0,18.7,bonus_as10_gae1_no,107,700000,,,,,32,13,13,2,10,15,2,1,0,22,8,5,0,6,14,1,0,0
65147,2026-04-09 05:46:12,1,1,1,coin,coin,coin,gold,1,true,250000,49583672366629,74501,5,5,1,9,0,0,0,0,0,103,550,43,0,18.7,bonus_as10_gae1_no,107,700000,,,,,33,13,13,2,10,15,2,1,0,23,8,5,0,6,14,1,0,0
65148,2026-04-09 05:46:13,3,6,2,attack,spins,goldSack,gold,1,false,100000,49583672466629,74500,5,5,1,9,1,0,0,1,0,103,550,43,0,18.7,bonus_as10_gae1_no,107,700000,,,,"{""6cad4489"":""2604\/4000@m9""}",34,14,13,2,11,15,2,1,0,24,9,5,0,7,14,1,0,0
65149,2026-04-09 05:46:14,3,6,2,attack,spins,goldSack,gold,1,false,100000,49583672566629,74499,5,5,1,9,1,0,0,1,0,103,550,43,0,18.7,bonus_as10_gae1_no,107,700000,,,,,35,15,13,2,12,15,2,1,0,25,10,5,0,8,14,1,0,0
65150,2026-04-09 05:46:15,3,3,3,attack,attack,attack,attack,2,true,0,49583672566629,74498,5,5,1,9,3,0,0,0,0,103,550,43,0,18.7,bonus_as10_gae1_no,107,700000,,,,,36,18,13,2,12,15,3,1,0,26,13,5,0,8,14,2,0,0
65151,2026-04-09 06:03:02,2,2,2,goldSack,goldSack,goldSack,gold,1,true,2000000,49583659766429,74497,5,5,1,9,0,0,0,0,0,103,550,43,0,18.7,,107,700000,,,,,37,18,13,2,12,15,3,1,0,27,13,5,0,8,14,2,0,0
65152,2026-04-09 06:03:05,3,6,2,attack,spins,goldSack,gold,1,false,100000,49583660866429,74496,5,5,1,9,1,0,0,1,0,103,550,43,0,18.7,,107,700000,,,,,38,19,13,2,13,15,3,1,0,28,14,5,0,9,14,2,0,0
65153,2026-04-09 06:03:08,1,6,6,coin,spins,spins,gold,1,false,25000,49583660891429,74495,5,5,1,9,0,0,0,2,0,103,550,43,0,18.7,,107,700000,,,,,39,19,13,2,15,15,3,1,0,29,14,5,0,11,14,2,0,0
65154,2026-04-09 06:03:09,1,1,1,coin,coin,coin,gold,1,true,250000,49583661141429,74494,5,5,1,9,0,0,0,0,0,103,550,43,0,18.7,,107,700000,,,,,40,19,13,2,15,15,3,1,0,30,14,5,0,11,14,2,0,0
65155,2026-04-09 06:03:09,5,5,5,shield,shield,shield,shield,3,true,1,49583661141429,74494,5,5,1,9,0,0,3,0,0,103,550,43,0,18.7,,107,700000,,,,,41,19,13,5,15,15,3,1,1,31,14,5,3,11,14,2,0,1
65156,2026-04-09 06:03:11,3,3,3,attack,attack,attack,attack,2,true,0,49583661141429,74493,5,5,1,9,3,0,0,0,0,103,550,43,0,18.7,,107,700000,,,,"{""6cad4489"":""2606\/4000@m9""}",42,22,13,5,15,15,4,1,1,32,17,5,3,11,14,3,0,1
65157,2026-04-09 06:03:14,3,3,2,attack,attack,goldSack,gold,1,false,100000,49583687241429,74492,5,5,1,9,2,0,0,0,0,103,550,43,0,18.7,,107,700000,,,,"{""4fdd0917"":""719\/1100@m26""}",43,24,13,5,15,15,4,1,1,33,19,5,3,11,14,3,0,1
65158,2026-04-09 06:03:15,3,6,2,attack,spins,goldSack,gold,1,false,100000,49583687341429,74491,5,5,1,9,1,0,0,1,0,103,550,43,0,18.7,,107,700000,,,,,44,25,13,5,16,15,4,1,1,34,20,5,3,12,14,3,0,1
65159,2026-04-09 06:03:16,5,5,5,shield,shield,shield,shield,3,true,1,49583687341429,74491,5,5,1,9,0,0,3,0,0,103,550,43,0,18.7,,107,700000,,,,,45,25,13,8,16,15,4,1,2,35,20,5,6,12,14,3,0,2
65160,2026-04-09 06:03:17,3,4,2,attack,steal,goldSack,gold,1,false,100000,49583687441429,74490,5,5,1,9,1,1,0,0,0,103,550,43,0,18.7,,107,700000,,,,,46,26,14,8,16,15,4,1,2,36,21,6,6,12,14,3,0,2
65161,2026-04-09 06:03:17,2,2,2,goldSack,goldSack,goldSack,gold,1,true,2000000,49583689441429,74489,5,5,1,9,0,0,0,0,0,103,550,43,0,18.7,,107,700000,,,,,47,26,14,8,16,15,4,1,2,37,21,6,6,12,14,3,0,2
65162,2026-04-09 06:03:18,1,1,4,coin,coin,steal,gold,1,false,50000,49583689491429,74488,5,5,1,9,0,1,0,0,0,103,550,43,0,18.7,,107,700000,,,,,48,26,15,8,16,15,4,1,2,38,21,7,6,12,14,3,0,2
65163,2026-04-09 06:03:19,1,1,1,coin,coin,coin,gold,1,true,250000,49583689741429,74487,5,5,1,9,0,0,0,0,0,103,550,43,0,18.7,,107,700000,,,,,49,26,15,8,16,15,4,1,2,39,21,7,6,12,14,3,0,2
65164,2026-04-09 06:03:19,1,1,4,coin,coin,steal,gold,1,false,50000,49583689791429,74486,5,5,1,9,0,1,0,0,0,103,550,43,0,18.7,,107,700000,,,,,50,26,16,8,16,15,4,1,2,40,21,8,6,12,14,3,0,2
65165,2026-04-09 06:03:20,5,5,5,shield,shield,shield,shield,3,true,1,49583689791429,74486,5,5,1,9,0,0,3,0,0,103,550,43,0,18.7,,107,700000,,,,,51,26,16,11,16,15,4,1,3,41,21,8,9,12,14,3,0,3
65166,2026-04-09 06:03:21,30,2,2,accumulation,goldSack,goldSack,gold,1,false,150000,49583689941429,74485,5,5,1,9,0,0,0,0,1,104,550,43,1,18.9,,107,700000,,,,,52,26,16,11,16,16,4,1,3,42,21,8,9,12,15,3,0,3
65167,2026-04-09 06:03:22,30,2,2,accumulation,goldSack,goldSack,gold,1,false,150000,49583690091429,74484,5,5,1,9,0,0,0,0,1,105,550,43,1,19.1,,107,700000,,,,,53,26,16,11,16,17,4,1,3,43,21,8,9,12,16,3,0,3
65168,2026-04-09 06:03:23,2,2,2,goldSack,goldSack,goldSack,gold,1,true,2000000,49583692091429,74483,5,5,1,9,0,0,0,0,0,105,550,43,0,19.1,,107,700000,,,,,54,26,16,11,16,17,4,1,3,44,21,8,9,12,16,3,0,3
65169,2026-04-09 06:03:24,30,2,2,accumulation,goldSack,goldSack,gold,1,false,150000,49583692241429,74482,5,5,1,9,0,0,0,0,1,106,550,43,1,19.3,,107,700000,,,,,55,26,16,11,16,18,4,1,3,45,21,8,9,12,17,3,0,3
65170,2026-04-09 06:03:27,30,2,2,accumulation,goldSack,goldSack,gold,1,false,150000,49583692391429,74481,5,5,1,9,0,0,0,0,1,107,550,43,1,19.5,,107,700000,,,,"{""6cad4489"":""2608\/4000@m9""}",56,26,16,11,16,19,4,1,3,46,21,8,9,12,18,3,0,3
65171,2026-04-09 06:03:33,3,3,2,attack,attack,goldSack,gold,1,false,100000,49583692491429,74480,5,5,1,9,2,0,0,0,0,107,550,43,0,19.5,,107,700000,,,,,57,28,16,11,16,19,4,1,3,47,23,8,9,12,18,3,0,3
65172,2026-04-09 06:03:34,30,2,2,accumulation,goldSack,goldSack,gold,1,false,150000,49583692641429,74479,5,5,1,9,0,0,0,0,1,108,550,43,1,19.6,,107,700000,,,,"{""4fdd0917"":""721\/1100@m26""}",58,28,16,11,16,20,4,1,3,48,23,8,9,12,19,3,0,3
65173,2026-04-09 06:03:37,1,1,1,coin,coin,coin,gold,1,true,250000,49583692891429,74478,5,5,1,9,0,0,0,0,0,108,550,43,0,19.6,,107,700000,,,,,59,28,16,11,16,20,4,1,3,49,23,8,9,12,19,3,0,3
65174,2026-04-09 06:03:38,30,2,2,accumulation,goldSack,goldSack,gold,1,false,150000,49583693041429,74477,5,5,1,9,0,0,0,0,1,109,550,43,1,19.8,,107,700000,,,,,60,28,16,11,16,21,4,1,3,50,23,8,9,12,20,3,0,3
65175,2026-04-09 06:03:40,1,1,1,coin,coin,coin,gold,1,true,250000,49583693291429,74476,5,5,1,9,0,0,0,0,0,109,550,43,0,19.8,,107,700000,,,,,61,28,16,11,16,21,4,1,3,51,23,8,9,12,20,3,0,3
65176,2026-04-09 06:03:42,1,1,6,coin,coin,spins,gold,1,false,50000,49583693341429,74475,5,5,1,9,0,0,0,1,0,109,550,43,0,19.8,,107,700000,,,,,62,28,16,11,17,21,4,1,3,52,23,8,9,13,20,3,0,3
65177,2026-04-09 06:03:44,3,6,2,attack,spins,goldSack,gold,1,false,100000,49583693441429,74474,5,5,1,9,1,0,0,1,0,109,550,43,0,19.8,,107,700000,,,,,63,29,16,11,18,21,4,1,3,53,24,8,9,14,20,3,0,3
65178,2026-04-09 06:03:45,4,4,4,steal,steal,steal,steal,4,true,0,49583693441429,74473,5,5,1,9,0,3,0,0,0,109,550,43,0,19.8,,107,700000,,,,,64,29,19,11,18,21,4,2,3,54,24,11,9,14,20,3,1,3
65179,2026-04-09 06:03:56,30,2,2,accumulation,goldSack,goldSack,gold,1,false,150000,49583844611429,74472,5,5,1,9,0,0,0,0,1,110,550,43,1,20.0,,107,700000,,,,"{""6cad4489"":""2610\/4000@m9""}",65,29,19,11,18,22,4,2,3,55,24,11,9,14,21,3,1,3
65180,2026-04-09 06:04:00,4,6,2,steal,spins,goldSack,gold,1,false,100000,49583844711429,74471,5,5,1,9,0,1,0,1,0,110,550,43,0,20.0,,107,700000,,,,,66,29,20,11,19,22,4,2,3,56,24,12,9,15,21,3,1,3
65181,2026-04-09 06:04:06,5,5,5,shield,shield,shield,shield,3,true,1,49583844711429,74471,5,5,1,9,0,0,3,0,0,110,550,43,0,20.0,,107,700000,,,,,67,29,20,14,19,22,4,2,4,57,24,12,12,15,21,3,1,4
65182,2026-04-09 06:04:08,5,2,2,shield,goldSack,goldSack,gold,1,false,150000,49583844861429,74470,5,5,1,9,0,0,1,0,0,110,550,43,0,20.0,,107,700000,,,,,68,29,20,15,19,22,4,2,4,58,24,12,13,15,21,3,1,4
65183,2026-04-09 06:04:13,1,1,4,coin,coin,steal,gold,1,false,50000,49583844911429,74469,5,5,1,9,0,1,0,0,0,110,550,43,0,20.0,,107,700000,,,,,69,29,21,15,19,22,4,2,4,59,24,13,13,15,21,3,1,4
65184,2026-04-09 06:04:19,4,6,2,steal,spins,goldSack,gold,1,false,100000,49583845011429,74468,5,5,1,9,0,1,0,1,0,110,550,43,0,20.0,,107,700000,,,,,70,29,22,15,20,22,4,2,4,60,24,14,13,16,21,3,1,4
65185,2026-04-09 06:04:23,2,2,2,goldSack,goldSack,goldSack,gold,1,true,2000000,49583847011429,74467,5,5,1,9,0,0,0,0,0,110,550,43,0,20.0,,107,700000,,,,,71,29,22,15,20,22,4,2,4,61,24,14,13,16,21,3,1,4
65186,2026-04-09 06:04:28,3,1,4,attack,coin,steal,gold,1,false,25000,49583847036429,74466,5,5,1,9,1,1,0,0,0,110,550,43,0,20.0,,107,700000,,,,,72,30,23,15,20,22,4,2,4,62,25,15,13,16,21,3,1,4
65187,2026-04-09 06:04:33,3,1,5,attack,coin,shield,gold,1,false,25000,49583847061429,74465,5,5,1,9,1,0,1,0,0,110,550,43,0,20.0,,107,700000,,,,,73,31,23,16,20,22,4,2,4,63,26,15,14,16,21,3,1,4
65188,2026-04-09 06:04:36,4,4,4,steal,steal,steal,steal,4,true,0,49583847061429,74464,5,5,1,9,0,3,0,0,0,110,550,43,0,20.0,,107,700000,,,,,74,31,26,16,20,22,4,3,4,64,26,18,14,16,21,3,2,4
65189,2026-04-09 06:04:49,1,1,4,coin,coin,steal,gold,1,false,50000,49583972661429,74463,5,5,1,9,0,1,0,0,0,110,550,43,0,20.0,,107,700000,,,,,75,31,27,16,20,22,4,3,4,65,26,19,14,16,21,3,2,4
65190,2026-04-09 06:04:51,3,3,3,attack,attack,attack,attack,2,true,0,49583972661429,74462,5,5,1,9,3,0,0,0,0,110,550,43,0,20.0,,107,700000,,,,,76,34,27,16,20,22,5,3,4,66,29,19,14,16,21,4,2,4
65191,2026-04-09 06:04:57,2,2,2,goldSack,goldSack,goldSack,gold,1,true,2000000,49583983241429,74461,5,5,1,9,0,0,0,0,0,110,550,43,0,20.0,,107,700000,,,,"{""4fdd0917"":""723\/1100@m26""}",77,34,27,16,20,22,5,3,4,67,29,19,14,16,21,4,2,4
65192,2026-04-09 06:05:01,30,30,1,accumulation,accumulation,coin,gold,1,false,25000,49583983266429,74460,5,5,1,9,0,0,0,0,2,112,550,43,2,20.4,,107,700000,,,,,78,34,27,16,20,24,5,3,4,68,29,19,14,16,23,4,2,4
65193,2026-04-09 06:05:04,3,1,4,attack,coin,steal,gold,1,false,25000,49583983291429,74459,5,5,1,9,1,1,0,0,0,112,550,43,0,20.4,,107,700000,,,,,79,35,28,16,20,24,5,3,4,69,30,20,14,16,23,4,2,4
65194,2026-04-09 06:05:06,3,6,2,attack,spins,goldSack,gold,1,false,100000,49583983391429,74458,5,5,1,9,1,0,0,1,0,112,550,43,0,20.4,,107,700000,,,,"{""6cad4489"":""2612\/4000@m9""}",80,36,28,16,21,24,5,3,4,70,31,20,14,17,23,4,2,4
65195,2026-04-09 06:05:09,3,3,3,attack,attack,attack,attack,2,true,0,49583983391429,74457,5,5,1,9,3,0,0,0,0,112,550,43,0,20.4,,107,700000,,,,,81,39,28,16,21,24,6,3,4,71,34,20,14,17,23,5,2,4
65196,2026-04-09 06:05:15,30,2,2,accumulation,goldSack,goldSack,gold,1,false,150000,49583992121429,74456,5,5,1,9,0,0,0,0,1,113,550,43,1,20.5,,107,700000,,,,,82,39,28,16,21,25,6,3,4,72,34,20,14,17,24,5,2,4
65197,2026-04-09 06:05:18,1,4,4,coin,steal,steal,gold,1,false,25000,49583992146429,74455,5,5,1,9,0,2,0,0,0,113,550,43,0,20.5,,107,700000,,,,,83,39,30,16,21,25,6,3,4,73,34,22,14,17,24,5,2,4
65198,2026-04-09 06:05:20,30,2,2,accumulation,goldSack,goldSack,gold,1,false,150000,49583992296429,74454,5,5,1,9,0,0,0,0,1,114,550,43,1,20.7,,107,700000,,,,,84,39,30,16,21,26,6,3,4,74,34,22,14,17,25,5,2,4
65199,2026-04-09 06:05:23,3,1,4,attack,coin,steal,gold,1,false,25000,49583992321429,74453,5,5,1,9,1,1,0,0,0,114,550,43,0,20.7,,107,700000,,,,,85,40,31,16,21,26,6,3,4,75,35,23,14,17,25,5,2,4
65200,2026-04-09 06:05:24,3,3,3,attack,attack,attack,attack,2,true,0,49583992321429,74452,5,5,1,9,3,0,0,0,0,114,550,43,0,20.7,,107,700000,,,,,86,43,31,16,21,26,7,3,4,76,38,23,14,17,25,6,2,4
65201,2026-04-09 06:05:34,2,2,2,goldSack,goldSack,goldSack,gold,1,true,2000000,49584020321429,74451,5,5,1,9,0,0,0,0,0,114,550,43,0,20.7,,107,700000,,,,,87,43,31,16,21,26,7,3,4,77,38,23,14,17,25,6,2,4
65202,2026-04-09 06:05:35,3,6,2,attack,spins,goldSack,gold,1,false,100000,49584020421429,74450,5,5,1,9,1,0,0,1,0,114,550,43,0,20.7,,107,700000,,,,"{""4fdd0917"":""725\/1100@m26""}",88,44,31,16,22,26,7,3,4,78,39,23,14,18,25,6,2,4
65203,2026-04-09 06:05:41,1,1,4,coin,coin,steal,gold,1,false,50000,49584020471429,74449,5,5,1,9,0,1,0,0,0,114,550,43,0,20.7,,107,700000,,,,,89,44,32,16,22,26,7,3,4,79,39,24,14,18,25,6,2,4
65204,2026-04-09 06:05:42,1,4,4,coin,steal,steal,gold,1,false,25000,49584020496429,74448,5,5,1,9,0,2,0,0,0,114,550,43,0,20.7,,107,700000,,,,,90,44,34,16,22,26,7,3,4,80,39,26,14,18,25,6,2,4
65205,2026-04-09 06:05:46,3,3,2,attack,attack,goldSack,gold,1,false,100000,49584020596429,74447,5,5,1,9,2,0,0,0,0,114,550,43,0,20.7,,107,700000,,,,,91,46,34,16,22,26,7,3,4,81,41,26,14,18,25,6,2,4
65206,2026-04-09 06:05:48,30,2,2,accumulation,goldSack,goldSack,gold,1,false,150000,49584020746429,74446,5,5,1,9,0,0,0,0,1,115,550,43,1,20.9,,107,700000,,,,,92,46,34,16,22,27,7,3,4,82,41,26,14,18,26,6,2,4
65207,2026-04-09 06:05:51,6,6,6,spins,spins,spins,spins,5,true,10,49584020746429,74455,5,5,1,9,0,0,0,3,0,115,550,43,0,20.9,,107,700000,,,,,93,46,34,16,25,27,7,3,4,83,41,26,14,21,26,6,2,4
65208,2026-04-09 06:06:39,3,3,3,attack,attack,attack,attack,2,true,0,49584020746429,74454,5,5,1,9,3,0,0,0,0,115,550,43,0,20.9,,107,700000,,,,,94,49,34,16,25,27,8,3,4,1,3,0,0,0,0,1,0,0
65209,2026-04-09 06:06:51,3,3,3,attack,attack,attack,attack,2,true,0,49584046746429,74453,5,5,1,9,3,0,0,0,0,115,550,43,0,20.9,,107,700000,,,,"{""6cad4489"":""2614\/4000@m9""}",95,52,34,16,25,27,9,3,4,2,6,0,0,0,0,2,0,0
65210,2026-04-09 06:07:01,1,4,4,coin,steal,steal,gold,1,false,25000,49584072771429,74452,5,5,1,9,0,2,0,0,0,115,550,43,0,20.9,,107,700000,,,,,96,52,36,16,25,27,9,3,4,3,6,2,0,0,0,2,0,0
65211,2026-04-09 06:07:02,3,6,2,attack,spins,goldSack,gold,1,false,100000,49584072871429,74451,5,5,1,9,1,0,0,1,0,115,550,43,0,20.9,,107,700000,,,,,97,53,36,16,26,27,9,3,4,4,7,2,0,1,0,2,0,0
65212,2026-04-09 06:07:04,2,2,2,goldSack,goldSack,goldSack,gold,1,true,2000000,49584074871429,74450,5,5,1,9,0,0,0,0,0,115,550,43,0,20.9,,107,700000,,,,,98,53,36,16,26,27,9,3,4,5,7,2,0,1,0,2,0,0
65213,2026-04-09 06:07:06,30,2,2,accumulation,goldSack,goldSack,gold,1,false,150000,49584075021429,74449,5,5,1,9,0,0,0,0,1,116,550,43,1,21.1,,107,700000,,,,,99,53,36,16,26,28,9,3,4,6,7,2,0,1,1,2,0,0
65214,2026-04-09 06:07:08,3,6,2,attack,spins,goldSack,gold,1,false,100000,49584075121429,74448,5,5,1,9,1,0,0,1,0,116,550,43,0,21.1,,107,700000,,,,,100,54,36,16,27,28,9,3,4,7,8,2,0,2,1,2,0,0
65215,2026-04-09 06:07:10,30,2,2,accumulation,goldSack,goldSack,gold,1,false,150000,49584075271429,74447,5,5,1,9,0,0,0,0,1,117,550,43,1,21.3,,107,700000,,,,,101,54,36,16,27,29,9,3,4,8,8,2,0,2,2,2,0,0
65216,2026-04-09 06:07:13,30,2,2,accumulation,goldSack,goldSack,gold,1,false,150000,49584075421429,74446,5,5,1,9,0,0,0,0,1,118,550,43,1,21.5,,107,700000,,,,,102,54,36,16,27,30,9,3,4,9,8,2,0,2,3,2,0,0
65217,2026-04-09 06:07:18,2,2,2,goldSack,goldSack,goldSack,gold,1,true,800000000,49584875421429,74046,5,5,400,9,0,0,0,0,0,118,550,43,0,21.5,,107,700000,,,,,103,54,36,16,27,30,9,3,4,10,8,2,0,2,3,2,0,0
65218,2026-04-09 06:07:22,1,5,5,coin,shield,shield,gold,1,false,25000,49584875446429,74045,5,5,1,9,0,0,2,0,0,118,550,43,0,21.5,,107,700000,,,,,104,54,36,18,27,30,9,3,4,11,8,2,2,2,3,2,0,0
65219,2026-04-09 06:07:28,1,1,1,coin,coin,coin,gold,1,true,250000,49584875696429,74044,5,5,1,9,0,0,0,0,0,118,550,43,0,21.5,,107,700000,,,,,105,54,36,18,27,30,9,3,4,12,8,2,2,2,3,2,0,0
65220,2026-04-09 06:07:31,1,4,6,coin,steal,spins,gold,1,false,25000,49584875721429,74043,5,5,1,9,0,1,0,1,0,118,550,43,0,21.5,,107,700000,,,,,106,54,37,18,28,30,9,3,4,13,8,3,2,3,3,2,0,0
65221,2026-04-09 06:07:33,4,6,2,steal,spins,goldSack,gold,1,false,100000,49584875821429,74042,5,5,1,9,0,1,0,1,0,118,550,43,0,21.5,,107,700000,,,,,107,54,38,18,29,30,9,3,4,14,8,4,2,4,3,2,0,0
65222,2026-04-09 06:07:39,3,3,3,attack,attack,attack,attack,2,true,0,49584875821429,73642,5,5,400,9,3,0,0,0,0,118,550,43,0,21.5,,107,700000,,,,,108,57,38,18,29,30,10,3,4,15,11,4,2,4,3,3,0,0
65223,2026-04-09 06:07:53,30,30,1,accumulation,accumulation,coin,gold,1,false,25000,49588307846429,73641,5,5,1,9,0,0,0,0,2,120,550,43,2,21.8,,107,700000,,,,"{""4fdd0917"":""727\/1100@m26""}",109,57,38,18,29,32,10,3,4,16,11,4,2,4,5,3,0,0
65224,2026-04-09 06:07:56,2,2,2,goldSack,goldSack,goldSack,gold,1,true,2000000,49588309846429,73640,5,5,1,9,0,0,0,0,0,120,550,43,0,21.8,,107,700000,,,,,110,57,38,18,29,32,10,3,4,17,11,4,2,4,5,3,0,0
65225,2026-04-09 06:07:58,3,1,4,attack,coin,steal,gold,1,false,25000,49588309871429,73639,5,5,1,9,1,1,0,0,0,120,550,43,0,21.8,,107,700000,,,,,111,58,39,18,29,32,10,3,4,18,12,5,2,4,5,3,0,0
65226,2026-04-09 06:07:59,1,1,1,coin,coin,coin,gold,1,true,250000,49588310121429,73638,5,5,1,9,0,0,0,0,0,120,550,43,0,21.8,,107,700000,,,,,112,58,39,18,29,32,10,3,4,19,12,5,2,4,5,3,0,0
65227,2026-04-09 06:08:01,3,6,2,attack,spins,goldSack,gold,1,false,100000,49588310221429,73637,5,5,1,9,1,0,0,1,0,120,550,43,0,21.8,,107,700000,,,,,113,59,39,18,30,32,10,3,4,20,13,5,2,5,5,3,0,0
65228,2026-04-09 06:08:03,3,6,2,attack,spins,goldSack,gold,1,false,100000,49588310321429,73636,5,5,1,9,1,0,0,1,0,120,550,43,0,21.8,,107,700000,,,,"{""6cad4489"":""2616\/4000@m9""}",114,60,39,18,31,32,10,3,4,21,14,5,2,6,5,3,0,0
65229,2026-04-09 06:08:08,30,2,2,accumulation,goldSack,goldSack,gold,1,false,60000000,49588370321429,73236,5,5,400,9,0,0,0,0,1,520,550,43,400,94.5,,107,700000,,,,,115,60,39,18,31,33,10,3,4,22,14,5,2,6,6,3,0,0
65230,2026-04-09 06:08:14,3,3,3,attack,attack,attack,attack,2,true,0,49588370321429,72836,5,5,400,9,3,0,0,0,0,520,550,43,0,94.5,,107,700000,,,,,116,63,39,18,31,33,11,3,4,23,17,5,2,6,6,4,0,0
65231,2026-04-09 06:08:29,30,2,2,accumulation,goldSack,goldSack,gold,1,false,450000,49591802771429,73133,5,5,3,9,0,0,0,0,1,523,550,43,3,95.1,,107,700000,,,,,117,63,39,18,31,34,11,3,4,24,17,5,2,6,7,4,0,0
65232,2026-04-09 06:08:35,30,2,2,accumulation,goldSack,goldSack,gold,1,false,450000,49591803221429,73130,5,5,3,9,0,0,0,0,1,526,550,43,3,95.6,,107,700000,,,,,118,63,39,18,31,35,11,3,4,25,17,5,2,6,8,4,0,0
65233,2026-04-09 06:08:40,30,30,1,accumulation,accumulation,coin,gold,1,false,75000,49591803296429,73127,5,5,3,9,0,0,0,0,2,532,550,43,6,96.7,,107,700000,,,,,119,63,39,18,31,37,11,3,4,26,17,5,2,6,10,4,0,0
65234,2026-04-09 06:08:48,3,6,2,attack,spins,goldSack,gold,1,false,40000000,49591843296429,72727,5,5,400,9,1,0,0,1,0,532,550,43,0,96.7,,107,700000,,,,,120,64,39,18,32,37,11,3,4,27,18,5,2,7,10,4,0,0
65235,2026-04-09 06:08:50,4,6,2,steal,spins,goldSack,gold,1,false,40000000,49591883296429,72327,5,5,400,9,0,1,0,1,0,532,550,43,0,96.7,,107,700000,,,,,121,64,40,18,33,37,11,3,4,28,18,6,2,8,10,4,0,0
65236,2026-04-09 06:08:52,3,3,3,attack,attack,attack,attack,2,true,0,49591883296429,71927,5,5,400,9,3,0,0,0,0,532,550,43,0,96.7,,107,700000,,,,"{""6cad4489"":""3416\/4000@m9""}",122,67,40,18,33,37,12,3,4,29,21,6,2,8,10,5,0,0
65237,2026-04-09 06:09:07,3,3,3,attack,attack,attack,attack,2,true,0,49595315296429,71926,5,5,1,9,3,0,0,0,0,532,550,43,0,96.7,,107,700000,,,,,123,70,40,18,33,37,13,3,4,30,24,6,2,8,10,6,0,0
65238,2026-04-09 06:09:17,1,1,1,coin,coin,coin,gold,1,true,250000,49595341546429,71925,5,5,1,9,0,0,0,0,0,532,550,43,0,96.7,,107,700000,,,,,124,70,40,18,33,37,13,3,4,31,24,6,2,8,10,6,0,0
65239,2026-04-09 06:09:19,30,2,2,accumulation,goldSack,goldSack,gold,1,false,150000,49595341696429,71924,5,5,1,9,0,0,0,0,1,533,550,43,1,96.9,,107,700000,,,,,125,70,40,18,33,38,13,3,4,32,24,6,2,8,11,6,0,0
65240,2026-04-09 06:09:21,4,6,2,steal,spins,goldSack,gold,1,false,100000,49595341796429,71923,5,5,1,9,0,1,0,1,0,533,550,43,0,96.9,,107,700000,,,,,126,70,41,18,34,38,13,3,4,33,24,7,2,9,11,6,0,0
65241,2026-04-09 06:09:25,1,1,1,coin,coin,coin,gold,1,true,250000,49595342046429,71922,5,5,1,9,0,0,0,0,0,533,550,43,0,96.9,,107,700000,,,,,127,70,41,18,34,38,13,3,4,34,24,7,2,9,11,6,0,0
65242,2026-04-09 06:09:28,3,4,2,attack,steal,goldSack,gold,1,false,100000,49595342146429,71921,5,5,1,9,1,1,0,0,0,533,550,43,0,96.9,,107,700000,,,,,128,71,42,18,34,38,13,3,4,35,25,8,2,9,11,6,0,0
65243,2026-04-09 06:09:30,1,4,4,coin,steal,steal,gold,1,false,25000,49595342171429,71920,5,5,1,9,0,2,0,0,0,533,550,43,0,96.9,,107,700000,,,,,129,71,44,18,34,38,13,3,4,36,25,10,2,9,11,6,0,0
65244,2026-04-09 06:09:33,3,1,1,attack,coin,coin,gold,1,false,50000,49595342221429,71919,5,5,1,9,1,0,0,0,0,533,550,43,0,96.9,,107,700000,,,,,130,72,44,18,34,38,13,3,4,37,26,10,2,9,11,6,0,0
65245,2026-04-09 06:09:36,3,4,2,attack,steal,goldSack,gold,1,false,100000,49595342321429,71918,5,5,1,9,1,1,0,0,0,533,550,43,0,96.9,,107,700000,,,,,131,73,45,18,34,38,13,3,4,38,27,11,2,9,11,6,0,0
65246,2026-04-09 06:09:40,3,6,2,attack,spins,goldSack,gold,1,false,40000000,49595382321429,71518,5,5,400,9,1,0,0,1,0,533,550,43,0,96.9,,107,700000,,,,"{""6cad4489"":""216\/5000@m10""}",132,74,45,18,35,38,13,3,4,39,28,11,2,10,11,6,0,0
65247,2026-04-09 06:09:55,3,6,2,attack,spins,goldSack,gold,1,false,40000000,49595422321429,71118,5,5,400,9,1,0,0,1,0,533,550,43,0,96.9,,107,700000,,,,,133,75,45,18,36,38,13,3,4,40,29,11,2,11,11,6,0,0
65248,2026-04-09 06:09:58,3,6,2,attack,spins,goldSack,gold,1,false,150000000,49595572321429,69618,5,5,1500,9,1,0,0,1,0,533,550,43,0,96.9,,107,700000,,,,"{""4fdd0917"":""427\/1600@m29""}",134,76,45,18,37,38,13,3,4,41,30,11,2,12,11,6,0,0
65249,2026-04-09 06:10:06,2,2,2,goldSack,goldSack,goldSack,gold,1,true,3000000000,49598572321429,68118,5,5,1500,9,0,0,0,0,0,533,550,43,0,96.9,,107,700000,,,,,135,76,45,18,37,38,13,3,4,42,30,11,2,12,11,6,0,0
65250,2026-04-09 06:10:16,30,30,1,accumulation,accumulation,coin,gold,1,false,37500000,49598609821429,66618,5,5,1500,9,0,0,0,0,2,2108,30000,47,0,7.0,,107,700000,,,,,136,76,45,18,37,40,13,3,4,43,30,11,2,12,13,6,0,0
65251,2026-04-09 06:10:27,30,2,2,accumulation,goldSack,goldSack,gold,1,false,225000000,49598834821429,65118,5,5,1500,9,0,0,0,0,1,3608,30000,47,1500,12.0,,107,700000,,,,,137,76,45,18,37,41,13,3,4,44,30,11,2,12,14,6,0,0
65252,2026-04-09 06:10:30,30,30,1,accumulation,accumulation,coin,gold,1,false,37500000,49598872321429,63618,5,5,1500,9,0,0,0,0,2,6608,30000,47,3000,22.0,,107,700000,,,,,138,76,45,18,37,43,13,3,4,45,30,11,2,12,16,6,0,0
65253,2026-04-09 06:10:43,30,2,2,accumulation,goldSack,goldSack,gold,1,false,225000000,49599097321429,62118,5,5,1500,9,0,0,0,0,1,8108,30000,47,1500,27.0,,107,700000,,,,,139,76,45,18,37,44,13,3,4,46,30,11,2,12,17,6,0,0
65254,2026-04-09 06:10:47,3,6,2,attack,spins,goldSack,gold,1,false,150000000,49599247321429,60618,5,5,1500,9,1,0,0,1,0,8108,30000,47,0,27.0,,107,700000,,,,,140,77,45,18,38,44,13,3,4,47,31,11,2,13,17,6,0,0
65255,2026-04-09 06:10:50,2,2,2,goldSack,goldSack,goldSack,gold,1,true,3000000000,49602247321429,59118,5,5,1500,9,0,0,0,0,0,8108,30000,47,0,27.0,,107,700000,,,,,141,77,45,18,38,44,13,3,4,48,31,11,2,13,17,6,0,0
65256,2026-04-09 06:10:54,3,6,2,attack,spins,goldSack,gold,1,false,100000,49602247421429,59117,5,5,1,9,1,0,0,1,0,8108,30000,47,0,27.0,,107,700000,,,,,142,78,45,18,39,44,13,3,4,49,32,11,2,14,17,6,0,0
65257,2026-04-09 06:10:55,3,5,2,attack,shield,goldSack,gold,1,false,100000,49602247521429,59116,5,5,1,9,1,0,1,0,0,8108,30000,47,0,27.0,,107,700000,,,,,143,79,45,19,39,44,13,3,4,50,33,11,3,14,17,6,0,0
65258,2026-04-09 06:10:57,4,6,2,steal,spins,goldSack,gold,1,false,100000,49602247621429,59115,5,5,1,9,0,1,0,1,0,8108,30000,47,0,27.0,,107,700000,,,,,144,79,46,19,40,44,13,3,4,51,33,12,3,15,17,6,0,0
65259,2026-04-09 06:10:59,2,2,2,goldSack,goldSack,goldSack,gold,1,true,2000000,49602249621429,59114,5,5,1,9,0,0,0,0,0,8108,30000,47,0,27.0,,107,700000,,,,,145,79,46,19,40,44,13,3,4,52,33,12,3,15,17,6,0,0
65260,2026-04-09 06:11:01,5,5,5,shield,shield,shield,shield,3,true,1,49602249621429,59114,5,5,1,9,0,0,3,0,0,8108,30000,47,0,27.0,,107,700000,,,,,146,79,46,22,40,44,13,3,5,53,33,12,6,15,17,6,0,1
65261,2026-04-09 06:11:03,3,6,2,attack,spins,goldSack,gold,1,false,100000,49602249721429,59113,5,5,1,9,1,0,0,1,0,8108,30000,47,0,27.0,,107,700000,,,,,147,80,46,22,41,44,13,3,5,54,34,12,6,16,17,6,0,1
65262,2026-04-09 06:11:05,30,2,2,accumulation,goldSack,goldSack,gold,1,false,150000,49602249871429,59112,5,5,1,9,0,0,0,0,1,8109,30000,47,1,27.0,,107,700000,,,,,148,80,46,22,41,45,13,3,5,55,34,12,6,16,18,6,0,1
65263,2026-04-09 06:11:08,3,3,3,attack,attack,attack,attack,2,true,0,49602249871429,59111,5,5,1,9,3,0,0,0,0,8109,30000,47,0,27.0,,107,700000,,,,"{""6cad4489"":""218\/5000@m10""}",149,83,46,22,41,45,14,3,5,56,37,12,6,16,18,7,0,1
65264,2026-04-09 06:11:20,30,2,2,accumulation,goldSack,goldSack,gold,1,false,150000,49602276021429,59110,5,5,1,9,0,0,0,0,1,8110,30000,47,1,27.0,,107,700000,,,,,150,83,46,22,41,46,14,3,5,57,37,12,6,16,19,7,0,1
65265,2026-04-09 06:11:25,1,6,6,coin,spins,spins,gold,1,false,25000,49602276046429,59109,5,5,1,9,0,0,0,2,0,8110,30000,47,0,27.0,,107,700000,,,,"{""6cad4489"":""220\/5000@m10""}",151,83,46,22,43,46,14,3,5,58,37,12,6,18,19,7,0,1
65266,2026-04-09 06:11:28,3,3,3,attack,attack,attack,attack,2,true,0,49602276046429,59108,5,5,1,9,3,0,0,0,0,8110,30000,47,0,27.0,,107,700000,,,,,152,86,46,22,43,46,15,3,5,59,40,12,6,18,19,8,0,1
65267,2026-04-09 06:11:37,4,4,4,steal,steal,steal,steal,4,true,0,49602284626429,59107,5,5,1,9,0,3,0,0,0,8110,30000,47,0,27.0,,107,700000,,,,,153,86,49,22,43,46,15,4,5,60,40,15,6,18,19,8,1,1
65268,2026-04-09 06:11:51,2,2,2,goldSack,goldSack,goldSack,gold,1,true,2000000,49602344076429,59106,5,5,1,9,0,0,0,0,0,8110,30000,47,0,27.0,,107,700000,,,,,154,86,49,22,43,46,15,4,5,61,40,15,6,18,19,8,1,1
65269,2026-04-09 06:11:55,1,6,6,coin,spins,spins,gold,1,false,25000,49602344101429,59105,5,5,1,9,0,0,0,2,0,8110,30000,47,0,27.0,,107,700000,,,,,155,86,49,22,45,46,15,4,5,62,40,15,6,20,19,8,1,1
65270,2026-04-09 06:11:57,5,5,5,shield,shield,shield,shield,3,true,1,49602344101429,59105,5,5,1,9,0,0,3,0,0,8110,30000,47,0,27.0,,107,700000,,,,,156,86,49,25,45,46,15,4,6,63,40,15,9,20,19,8,1,2
65271,2026-04-09 06:12:00,3,1,5,attack,coin,shield,gold,1,false,25000,49602344126429,59104,5,5,1,9,1,0,1,0,0,8110,30000,47,0,27.0,,107,700000,,,,"{""4fdd0917"":""429\/1600@m29""}",157,87,49,26,45,46,15,4,6,64,41,15,10,20,19,8,1,2
65272,2026-04-09 06:12:02,4,4,4,steal,steal,steal,steal,4,true,0,49602344126429,59103,5,5,1,9,0,3,0,0,0,8110,30000,47,0,27.0,,107,700000,,,,,158,87,52,26,45,46,15,5,6,65,41,18,10,20,19,8,2,2
65273,2026-04-09 06:12:21,3,3,1,attack,attack,coin,gold,1,false,37500000,49602496111429,57603,5,5,1500,9,2,0,0,0,0,8110,30000,47,0,27.0,,107,700000,,,,,159,89,52,26,45,46,15,5,6,66,43,18,10,20,19,8,2,2
65274,2026-04-09 06:12:30,30,30,1,accumulation,accumulation,coin,gold,1,false,37500000,49602533611429,56103,5,5,1500,9,0,0,0,0,2,11110,30000,47,3000,37.0,,107,700000,,,,,160,89,52,26,45,48,15,5,6,67,43,18,10,20,21,8,2,2
65275,2026-04-09 06:12:34,1,6,6,coin,spins,spins,gold,1,false,37500000,49602571111429,54603,5,5,1500,9,0,0,0,2,0,11110,30000,47,0,37.0,,107,700000,,,,,161,89,52,26,47,48,15,5,6,68,43,18,10,22,21,8,2,2
65276,2026-04-09 06:12:36,2,2,2,goldSack,goldSack,goldSack,gold,1,true,3000000000,49605571111429,53103,5,5,1500,9,0,0,0,0,0,11110,30000,47,0,37.0,,107,700000,,,,,162,89,52,26,47,48,15,5,6,69,43,18,10,22,21,8,2,2
65277,2026-04-09 06:12:40,1,1,6,coin,coin,spins,gold,1,false,50000,49605571161429,53102,5,5,1,9,0,0,0,1,0,11110,30000,47,0,37.0,,107,700000,,,,,163,89,52,26,48,48,15,5,6,70,43,18,10,23,21,8,2,2
65278,2026-04-09 06:12:42,1,1,1,coin,coin,coin,gold,1,true,250000,49605571411429,53101,5,5,1,9,0,0,0,0,0,11110,30000,47,0,37.0,,107,700000,,,,,164,89,52,26,48,48,15,5,6,71,43,18,10,23,21,8,2,2
65279,2026-04-09 06:12:44,30,2,2,accumulation,goldSack,goldSack,gold,1,false,150000,49605571561429,53100,5,5,1,9,0,0,0,0,1,11111,30000,47,1,37.0,,107,700000,,,,"{""6cad4489"":""222\/5000@m10""}",165,89,52,26,48,49,15,5,6,72,43,18,10,23,22,8,2,2
65280,2026-04-09 06:12:47,1,5,5,coin,shield,shield,gold,1,false,25000,49605571586429,53099,5,5,1,9,0,0,2,0,0,11111,30000,47,0,37.0,,107,700000,,,,,166,89,52,28,48,49,15,5,6,73,43,18,12,23,22,8,2,2
65281,2026-04-09 06:12:49,1,1,6,coin,coin,spins,gold,1,false,50000,49605571636429,53098,5,5,1,9,0,0,0,1,0,11111,30000,47,0,37.0,,107,700000,,,,,167,89,52,28,49,49,15,5,6,74,43,18,12,24,22,8,2,2
65282,2026-04-09 06:12:52,1,1,1,coin,coin,coin,gold,1,true,250000,49605571886429,53097,5,5,1,9,0,0,0,0,0,11111,30000,47,0,37.0,,107,700000,,,,,168,89,52,28,49,49,15,5,6,75,43,18,12,24,22,8,2,2
65283,2026-04-09 06:12:54,3,3,1,attack,attack,coin,gold,1,false,25000,49605571911429,53096,5,5,1,9,2,0,0,0,0,11111,30000,47,0,37.0,,107,700000,,,,,169,91,52,28,49,49,15,5,6,76,45,18,12,24,22,8,2,2
65284,2026-04-09 06:12:57,3,4,2,attack,steal,goldSack,gold,1,false,100000,49605572011429,53095,5,5,1,9,1,1,0,0,0,11111,30000,47,0,37.0,,107,700000,,,,,170,92,53,28,49,49,15,5,6,77,46,19,12,24,22,8,2,2
65285,2026-04-09 06:13:00,1,4,6,coin,steal,spins,gold,1,false,25000,49605572036429,53094,5,5,1,9,0,1,0,1,0,11111,30000,47,0,37.0,,107,700000,,,,,171,92,54,28,50,49,15,5,6,78,46,20,12,25,22,8,2,2
65286,2026-04-09 06:13:03,3,4,2,attack,steal,goldSack,gold,1,false,100000,49605572136429,53093,5,5,1,9,1,1,0,0,0,11111,30000,47,0,37.0,,107,700000,,,,"{""4fdd0917"":""431\/1600@m29""}",172,93,55,28,50,49,15,5,6,79,47,21,12,25,22,8,2,2
65287,2026-04-09 06:13:05,5,5,5,shield,shield,shield,shield,3,true,1,49605572136429,53093,5,5,1,9,0,0,3,0,0,11111,30000,47,0,37.0,,107,700000,,,,,173,93,55,31,50,49,15,5,7,80,47,21,15,25,22,8,2,3
65288,2026-04-09 06:13:08,1,1,6,coin,coin,spins,gold,1,false,50000,49605572186429,53092,5,5,1,9,0,0,0,1,0,11111,30000,47,0,37.0,,107,700000,,,,,174,93,55,31,51,49,15,5,7,81,47,21,15,26,22,8,2,3
65289,2026-04-09 06:13:12,1,1,1,coin,coin,coin,gold,1,true,12500000,49605584686429,53042,5,5,50,9,0,0,0,0,0,11111,30000,47,0,37.0,,107,700000,,,,,175,93,55,31,51,49,15,5,7,82,47,21,15,26,22,8,2,3
65290,2026-04-09 06:13:14,30,2,2,accumulation,goldSack,goldSack,gold,1,false,7500000,49605592186429,52992,5,5,50,9,0,0,0,0,1,11161,30000,47,50,37.2,,107,700000,,,,,176,93,55,31,51,50,15,5,7,83,47,21,15,26,23,8,2,3
65291,2026-04-09 06:13:17,3,1,1,attack,coin,coin,gold,1,false,20000000,49605612186429,52592,5,5,400,9,1,0,0,0,0,11161,30000,47,0,37.2,,107,700000,,,,,177,94,55,31,51,50,15,5,7,84,48,21,15,26,23,8,2,3
65292,2026-04-09 06:13:19,1,1,1,coin,coin,coin,gold,1,true,100000000,49605712186429,52192,5,5,400,9,0,0,0,0,0,11161,30000,47,0,37.2,,107,700000,,,,,178,94,55,31,51,50,15,5,7,85,48,21,15,26,23,8,2,3
65293,2026-04-09 06:13:21,30,30,1,accumulation,accumulation,coin,gold,1,false,10000000,49605722186429,51792,5,5,400,9,0,0,0,0,2,11961,30000,47,800,39.9,,107,700000,,,,,179,94,55,31,51,52,15,5,7,86,48,21,15,26,25,8,2,3
65294,2026-04-09 06:13:23,2,2,2,goldSack,goldSack,goldSack,gold,1,true,800000000,49606522186429,51392,5,5,400,9,0,0,0,0,0,11961,30000,47,0,39.9,,107,700000,,,,,180,94,55,31,51,52,15,5,7,87,48,21,15,26,25,8,2,3
65295,2026-04-09 06:13:25,30,2,2,accumulation,goldSack,goldSack,gold,1,false,60000000,49606582186429,50992,5,5,400,9,0,0,0,0,1,12361,30000,47,400,41.2,,107,700000,,,,,181,94,55,31,51,53,15,5,7,88,48,21,15,26,26,8,2,3
65296,2026-04-09 06:13:28,30,2,2,accumulation,goldSack,goldSack,gold,1,false,60000000,49606642186429,50592,5,5,400,9,0,0,0,0,1,12761,30000,47,400,42.5,,107,700000,,,,,182,94,55,31,51,54,15,5,7,89,48,21,15,26,27,8,2,3
65297,2026-04-09 06:13:32,3,3,3,attack,attack,attack,attack,2,true,0,49606642186429,50192,5,5,400,9,3,0,0,0,0,12761,30000,47,0,42.5,,107,700000,,,,"{""6cad4489"":""1022\/5000@m10""}",183,97,55,31,51,54,16,5,7,90,51,21,15,26,27,9,2,3
65298,2026-04-09 06:13:45,3,4,2,attack,steal,goldSack,gold,1,false,100000,49610074286429,50191,5,5,1,9,1,1,0,0,0,12761,30000,47,0,42.5,,107,700000,,,,,184,98,56,31,51,54,16,5,7,91,52,22,15,26,27,9,2,3
65299,2026-04-09 06:13:48,3,4,2,attack,steal,goldSack,gold,1,false,100000,49610074386429,50190,5,5,1,9,1,1,0,0,0,12761,30000,47,0,42.5,,107,700000,,,,,185,99,57,31,51,54,16,5,7,92,53,23,15,26,27,9,2,3
65300,2026-04-09 06:13:52,30,30,1,accumulation,accumulation,coin,gold,1,false,10000000,49610084386429,49790,5,5,400,9,0,0,0,0,2,13561,30000,47,800,45.2,,107,700000,,,,,186,99,57,31,51,56,16,5,7,93,53,23,15,26,29,9,2,3
65301,2026-04-09 06:13:55,5,5,5,shield,shield,shield,shield,3,true,400,49610084386429,49790,5,5,400,9,0,0,3,0,0,13561,30000,47,0,45.2,,107,700000,,,,,187,99,57,34,51,56,16,5,8,94,53,23,18,26,29,9,2,4
65302,2026-04-09 06:14:06,30,30,1,accumulation,accumulation,coin,gold,1,false,25000,49610084411429,49789,5,5,1,9,0,0,0,0,2,13563,30000,47,2,45.2,,107,700000,,,,,188,99,57,34,51,58,16,5,8,95,53,23,18,26,31,9,2,4
65303,2026-04-09 06:14:09,1,1,1,coin,coin,coin,gold,1,true,250000,49610084661429,49788,5,5,1,9,0,0,0,0,0,13563,30000,47,0,45.2,,107,700000,,,,,189,99,57,34,51,58,16,5,8,96,53,23,18,26,31,9,2,4
65304,2026-04-09 06:14:11,30,2,2,accumulation,goldSack,goldSack,gold,1,false,150000,49610084811429,49787,5,5,1,9,0,0,0,0,1,13564,30000,47,1,45.2,,107,700000,,,,,190,99,57,34,51,59,16,5,8,97,53,23,18,26,32,9,2,4
65305,2026-04-09 06:14:14,30,30,1,accumulation,accumulation,coin,gold,1,false,25000,49610084836429,49786,5,5,1,9,0,0,0,0,2,13566,30000,47,2,45.2,,107,700000,,,,,191,99,57,34,51,61,16,5,8,98,53,23,18,26,34,9,2,4
65306,2026-04-09 06:14:17,30,2,2,accumulation,goldSack,goldSack,gold,1,false,150000,49610084986429,49785,5,5,1,9,0,0,0,0,1,13567,30000,47,1,45.2,,107,700000,,,,,192,99,57,34,51,62,16,5,8,99,53,23,18,26,35,9,2,4
65307,2026-04-09 06:14:20,30,2,2,accumulation,goldSack,goldSack,gold,1,false,150000,49610085136429,49784,5,5,1,9,0,0,0,0,1,13568,30000,47,1,45.2,,107,700000,,,,,193,99,57,34,51,63,16,5,8,100,53,23,18,26,36,9,2,4
65308,2026-04-09 06:14:23,3,4,2,attack,steal,goldSack,gold,1,false,100000,49610085236429,49783,5,5,1,9,1,1,0,0,0,13568,30000,47,0,45.2,,107,700000,,,,,194,100,58,34,51,63,16,5,8,101,54,24,18,26,36,9,2,4
65309,2026-04-09 06:14:43,1,1,1,coin,coin,coin,gold,1,true,250000,49610085486429,49782,5,5,1,9,0,0,0,0,0,13568,30000,47,0,45.2,,107,700000,,,,"{""4fdd0917"":""433\/1600@m29""}",195,100,58,34,51,63,16,5,8,102,54,24,18,26,36,9,2,4
65310,2026-04-09 06:14:44,30,30,1,accumulation,accumulation,coin,gold,1,false,25000,49610085511429,49781,5,5,1,9,0,0,0,0,2,13570,30000,47,2,45.2,,107,700000,,,,,196,100,58,34,51,65,16,5,8,103,54,24,18,26,38,9,2,4
65311,2026-04-09 06:14:48,1,1,1,coin,coin,coin,gold,1,true,250000,49610085761429,49780,5,5,1,9,0,0,0,0,0,13570,30000,47,0,45.2,,107,700000,,,,,197,100,58,34,51,65,16,5,8,104,54,24,18,26,38,9,2,4
65312,2026-04-09 06:14:50,3,3,2,attack,attack,goldSack,gold,1,false,100000,49610085861429,49779,5,5,1,9,2,0,0,0,0,13570,30000,47,0,45.2,,107,700000,,,,,198,102,58,34,51,65,16,5,8,105,56,24,18,26,38,9,2,4
65313,2026-04-09 06:14:53,1,6,6,coin,spins,spins,gold,1,false,25000,49610085886429,49778,5,5,1,9,0,0,0,2,0,13570,30000,47,0,45.2,,107,700000,,,,,199,102,58,34,53,65,16,5,8,106,56,24,18,28,38,9,2,4
65314,2026-04-09 06:14:55,3,3,3,attack,attack,attack,attack,2,true,0,49610085886429,49777,5,5,1,9,3,0,0,0,0,13570,30000,47,0,45.2,,107,700000,,,,,200,105,58,34,53,65,17,5,8,107,59,24,18,28,38,10,2,4
65315,2026-04-09 06:15:04,3,3,1,attack,attack,coin,gold,1,false,25000,49610094491429,49776,5,5,1,9,2,0,0,0,0,13570,30000,47,0,45.2,,107,700000,,,,"{""6cad4489"":""1024\/5000@m10""}",201,107,58,34,53,65,17,5,8,108,61,24,18,28,38,10,2,4
65316,2026-04-09 06:15:07,1,1,6,coin,coin,spins,gold,1,false,50000,49610094541429,49775,5,5,1,9,0,0,0,1,0,13570,30000,47,0,45.2,,107,700000,,,,,202,107,58,34,54,65,17,5,8,109,61,24,18,29,38,10,2,4
65317,2026-04-09 06:15:10,2,2,2,goldSack,goldSack,goldSack,gold,1,true,2000000,49610096541429,49774,5,5,1,9,0,0,0,0,0,13570,30000,47,0,45.2,,107,700000,,,,,203,107,58,34,54,65,17,5,8,110,61,24,18,29,38,10,2,4
65318,2026-04-09 06:15:11,1,4,5,coin,steal,shield,gold,1,false,25000,49610096566429,49773,5,5,1,9,0,1,1,0,0,13570,30000,47,0,45.2,,107,700000,,,,,204,107,59,35,54,65,17,5,8,111,61,25,19,29,38,10,2,4
65319,2026-04-09 06:15:14,1,1,6,coin,coin,spins,gold,1,false,50000,49610096616429,49772,5,5,1,9,0,0,0,1,0,13570,30000,47,0,45.2,,107,700000,,,,"{""4fdd0917"":""435\/1600@m29""}",205,107,59,35,55,65,17,5,8,112,61,25,19,30,38,10,2,4
65320,2026-04-09 06:15:15,3,4,2,attack,steal,goldSack,gold,1,false,100000,49610096716429,49771,5,5,1,9,1,1,0,0,0,13570,30000,47,0,45.2,,107,700000,,,,,206,108,60,35,55,65,17,5,8,113,62,26,19,30,38,10,2,4
65321,2026-04-09 06:15:17,1,1,1,coin,coin,coin,gold,1,true,250000,49610096966429,49770,5,5,1,9,0,0,0,0,0,13570,30000,47,0,45.2,,107,700000,,,,,207,108,60,35,55,65,17,5,8,114,62,26,19,30,38,10,2,4
65322,2026-04-09 06:15:19,30,2,2,accumulation,goldSack,goldSack,gold,1,false,150000,49610097116429,49769,5,5,1,9,0,0,0,0,1,13571,30000,47,1,45.2,,107,700000,,,,,208,108,60,35,55,66,17,5,8,115,62,26,19,30,39,10,2,4
65323,2026-04-09 06:15:21,5,5,5,shield,shield,shield,shield,3,true,1,49610097116429,49769,5,5,1,9,0,0,3,0,0,13571,30000,47,0,45.2,,107,700000,,,,,209,108,60,38,55,66,17,5,9,116,62,26,22,30,39,10,2,5
65324,2026-04-09 06:15:26,3,3,3,attack,attack,attack,attack,2,true,0,49610097116429,49768,5,5,1,9,3,0,0,0,0,13571,30000,47,0,45.2,,107,700000,,,,"{""6cad4489"":""1026\/5000@m10""}",210,111,60,38,55,66,18,5,9,117,65,26,22,30,39,11,2,5
65325,2026-04-09 06:15:36,3,6,2,attack,spins,goldSack,gold,1,false,100000,49610123216429,49767,5,5,1,9,1,0,0,1,0,13571,30000,47,0,45.2,,107,700000,,,,,211,112,60,38,56,66,18,5,9,118,66,26,22,31,39,11,2,5
65326,2026-04-09 06:15:39,1,4,4,coin,steal,steal,gold,1,false,25000,49610123241429,49766,5,5,1,9,0,2,0,0,0,13571,30000,47,0,45.2,,107,700000,,,,,212,112,62,38,56,66,18,5,9,119,66,28,22,31,39,11,2,5
65327,2026-04-09 06:15:40,3,6,2,attack,spins,goldSack,gold,1,false,100000,49610123341429,49765,5,5,1,9,1,0,0,1,0,13571,30000,47,0,45.2,,107,700000,,,,,213,113,62,38,57,66,18,5,9,120,67,28,22,32,39,11,2,5
65328,2026-04-09 06:15:42,5,2,2,shield,goldSack,goldSack,gold,1,false,150000,49610123491429,49764,5,5,1,9,0,0,1,0,0,13571,30000,47,0,45.2,,107,700000,,,,"{""6cad4489"":""1028\/5000@m10""}",214,113,62,39,57,66,18,5,9,121,67,28,23,32,39,11,2,5
65329,2026-04-09 06:15:47,1,1,1,coin,coin,coin,gold,1,true,250000,49610123741429,49763,5,5,1,9,0,0,0,0,0,13571,30000,47,0,45.2,,107,700000,,,,"{""4fdd0917"":""437\/1600@m29""}",215,113,62,39,57,66,18,5,9,122,67,28,23,32,39,11,2,5
65330,2026-04-09 06:15:48,6,6,6,spins,spins,spins,spins,5,true,10,49610123741429,49772,5,5,1,9,0,0,0,3,0,13571,30000,47,0,45.2,,107,700000,,,,,216,113,62,39,60,66,18,5,9,123,67,28,23,35,39,11,2,5
65331,2026-04-09 06:15:52,2,2,2,goldSack,goldSack,goldSack,gold,1,true,2000000,49610125741429,49771,5,5,1,9,0,0,0,0,0,13571,30000,47,0,45.2,,107,700000,,,,,217,113,62,39,60,66,18,5,9,1,0,0,0,0,0,0,0,0
65332,2026-04-09 06:15:55,30,30,1,accumulation,accumulation,coin,gold,1,false,25000,49610125766429,49770,5,5,1,9,0,0,0,0,2,13573,30000,47,2,45.2,,107,700000,,,,,218,113,62,39,60,68,18,5,9,2,0,0,0,0,2,0,0,0
65333,2026-04-09 06:16:03,30,2,2,accumulation,goldSack,goldSack,gold,1,false,150000,49610125916429,49769,5,5,1,9,0,0,0,0,1,13574,30000,47,1,45.2,,107,700000,,,,,219,113,62,39,60,69,18,5,9,3,0,0,0,0,3,0,0,0
65334,2026-04-09 06:16:08,3,3,1,attack,attack,coin,gold,1,false,25000,49610125941429,49768,5,5,1,9,2,0,0,0,0,13574,30000,47,0,45.2,,107,700000,,,,,220,115,62,39,60,69,18,5,9,4,2,0,0,0,3,0,0,0
65335,2026-04-09 06:16:11,30,30,30,accumulation,accumulation,accumulation,gold,10,true,0,49610125941429,49767,5,5,1,9,0,0,0,0,3,13584,30000,47,10,45.3,,107,700000,,,,,221,115,62,39,60,72,18,5,9,5,2,0,0,0,6,0,0,0
65336,2026-04-09 16:03:13,3,3,3,attack,attack,attack,attack,2,true,0,49609858219429,49766,5,5,1,9,3,0,0,0,0,13584,30000,47,0,45.3,,107,700000,,,,,1,3,0,0,0,0,1,0,0,6,5,0,0,0,6,1,0,0
65337,2026-04-09 16:29:19,1,4,6,coin,steal,spins,gold,1,false,25000,49609833502429,49765,5,5,1,9,0,1,0,1,0,13584,30000,47,0,45.3,bonus_bs15_gae1_no,107,700000,,,LongExtraDayReduced,"{""slot_on_"":""1\/40@m0""}",2,3,1,0,1,0,1,0,0,7,5,1,0,1,6,1,0,0
65338,2026-04-09 16:29:20,3,4,2,attack,steal,goldSack,gold,1,false,100000,49609833602429,49764,5,5,1,9,1,1,0,0,0,13584,30000,47,0,45.3,bonus_bs15_gae1_no,107,700000,,,,,3,4,2,0,1,0,1,0,0,8,6,2,0,1,6,1,0,0
65339,2026-04-09 16:29:20,3,6,2,attack,spins,goldSack,gold,1,false,100000,49609833702429,49763,5,5,1,9,1,0,0,1,0,13584,30000,47,0,45.3,bonus_bs15_gae1_no,107,700000,,,,,4,5,2,0,2,0,1,0,0,9,7,2,0,2,6,1,0,0
65340,2026-04-09 16:29:21,30,2,2,accumulation,goldSack,goldSack,gold,1,false,150000,49609833852429,49762,5,5,1,9,0,0,0,0,1,13585,30000,47,1,45.3,bonus_bs15_gae1_no,107,700000,LongExtraDayReduced,,LongExtraDayReduced,"{""slot_on_"":""3\/40@m0""}",5,5,2,0,2,1,1,0,0,10,7,2,0,2,7,1,0,0
65341,2026-04-09 16:29:23,3,4,2,attack,steal,goldSack,gold,1,false,100000,49609833952429,49761,5,5,1,9,1,1,0,0,0,13585,30000,47,0,45.3,bonus_bs15_gae1_no,107,700000,,,,,6,6,3,0,2,1,1,0,0,11,8,3,0,2,7,1,0,0
65342,2026-04-09 16:29:23,1,1,6,coin,coin,spins,gold,1,false,50000,49609834002429,49760,5,5,1,9,0,0,0,1,0,13585,30000,47,0,45.3,bonus_bs15_gae1_no,107,700000,,,LongExtraDayReduced,"{""slot_on_"":""4\/40@m0""}",7,6,3,0,3,1,1,0,0,12,8,3,0,3,7,1,0,0
65343,2026-04-09 16:29:24,3,4,2,attack,steal,goldSack,gold,1,false,100000,49609834102429,49759,5,5,1,9,1,1,0,0,0,13585,30000,47,0,45.3,bonus_bs15_gae1_no,107,700000,,,,"{""ea77ce1b"":""1\/100@m0""}",8,7,4,0,3,1,1,0,0,13,9,4,0,3,7,1,0,0
65344,2026-04-09 16:29:25,3,3,3,attack,attack,attack,attack,2,true,0,49609834102429,49758,5,5,1,9,3,0,0,0,0,13585,30000,47,0,45.3,bonus_bs15_gae1_no,107,700000,,,,,9,10,4,0,3,1,2,0,0,14,12,4,0,3,7,2,0,0
65345,2026-04-09 16:29:29,3,4,2,attack,steal,goldSack,gold,1,false,100000,49609842782429,49757,5,5,1,9,1,1,0,0,0,13585,30000,47,0,45.3,bonus_bs15_gae1_no,107,700000,,,,,10,11,5,0,3,1,2,0,0,15,13,5,0,3,7,2,0,0
65346,2026-04-09 16:29:30,30,2,2,accumulation,goldSack,goldSack,gold,1,false,150000,49609842932429,49756,5,5,1,9,0,0,0,0,1,13586,30000,47,1,45.3,bonus_bs15_gae1_no,107,700000,,,,,11,11,5,0,3,2,2,0,0,16,13,5,0,3,8,2,0,0
65347,2026-04-09 16:29:31,1,4,4,coin,steal,steal,gold,1,false,25000,49609842957429,49755,5,5,1,9,0,2,0,0,0,13586,30000,47,0,45.3,bonus_bs15_gae1_no,107,700000,,,LongExtraDayReduced,"{""slot_on_"":""5\/40@m0""}",12,11,7,0,3,2,2,0,0,17,13,7,0,3,8,2,0,0
65348,2026-04-09 16:29:32,3,4,2,attack,steal,goldSack,gold,1,false,100000,49609843057429,49754,5,5,1,9,1,1,0,0,0,13586,30000,47,0,45.3,bonus_bs15_gae1_no,107,700000,,,,,13,12,8,0,3,2,2,0,0,18,14,8,0,3,8,2,0,0
65349,2026-04-09 16:29:32,1,1,6,coin,coin,spins,gold,1,false,50000,49609843107429,49753,5,5,1,9,0,0,0,1,0,13586,30000,47,0,45.3,bonus_bs15_gae1_no,107,700000,,,,,14,12,8,0,4,2,2,0,0,19,14,8,0,4,8,2,0,0
65350,2026-04-09 16:29:33,5,5,5,shield,shield,shield,shield,3,true,1,49609843107429,49753,5,5,1,9,0,0,3,0,0,13586,30000,47,0,45.3,bonus_bs15_gae1_no,107,700000,,,,"{""3d7e46c4"":""2\/500@m0"",""4fdd0917"":""439\/1600@m29""}",15,12,8,3,4,2,2,0,1,20,14,8,3,4,8,2,0,1
65351,2026-04-09 16:29:34,3,6,2,attack,spins,goldSack,gold,1,false,100000,49609843207429,49752,5,5,1,9,1,0,0,1,0,13586,30000,47,0,45.3,bonus_bs15_gae1_no,107,700000,,,,,16,13,8,3,5,2,2,0,1,21,15,8,3,5,8,2,0,1
65352,2026-04-09 16:29:35,30,2,2,accumulation,goldSack,goldSack,gold,1,false,150000,49609843357429,49751,5,5,1,9,0,0,0,0,1,13587,30000,47,1,45.3,bonus_bs15_gae1_no,107,700000,,,,"{""ea77ce1b"":""2\/100@m0""}",17,13,8,3,5,3,2,0,1,22,15,8,3,5,9,2,0,1
65353,2026-04-09 16:29:36,30,2,2,accumulation,goldSack,goldSack,gold,1,false,150000,49609843507429,49750,5,5,1,9,0,0,0,0,1,13588,30000,47,1,45.3,bonus_bs15_gae1_no,107,700000,,,,,18,13,8,3,5,4,2,0,1,23,15,8,3,5,10,2,0,1
65354,2026-04-09 16:29:37,1,1,6,coin,coin,spins,gold,1,false,50000,49609843557429,49749,5,5,1,9,0,0,0,1,0,13588,30000,47,0,45.3,bonus_bs15_gae1_no,107,700000,,,,,19,13,8,3,6,4,2,0,1,24,15,8,3,6,10,2,0,1
65355,2026-04-09 16:29:38,3,4,2,attack,steal,goldSack,gold,1,false,100000,49609843657429,49748,5,5,1,9,1,1,0,0,0,13588,30000,47,0,45.3,bonus_bs15_gae1_no,107,700000,,,,,20,14,9,3,6,4,2,0,1,25,16,9,3,6,10,2,0,1
65356,2026-04-09 16:29:39,4,4,4,steal,steal,steal,steal,4,true,0,49609843657429,49747,5,5,1,9,0,3,0,0,0,13588,30000,47,0,45.3,bonus_bs15_gae1_no,107,700000,LongExtraDayReduced,,,"{""slot_on_"":""6\/40@m0"",""3d7e46c4"":""4\/500@m0""}",21,14,12,3,6,4,2,1,1,26,16,12,3,6,10,2,1,1
65357,2026-04-09 16:29:49,30,30,1,accumulation,accumulation,coin,gold,1,false,25000,49609961732429,49746,5,5,1,9,0,0,0,0,2,13590,30000,47,2,45.3,bonus_bs15_gae1_no,107,700000,,,,,22,14,12,3,6,6,2,1,1,27,16,12,3,6,12,2,1,1
65358,2026-04-09 16:29:50,30,2,2,accumulation,goldSack,goldSack,gold,1,false,150000,49609961882429,49745,5,5,1,9,0,0,0,0,1,13591,30000,47,1,45.3,bonus_bs15_gae1_no,107,700000,LongExtraDayReduced,LongExtraDayReduced,,"{""slot_on_"":""8\/40@m0""}",23,14,12,3,6,7,2,1,1,28,16,12,3,6,13,2,1,1
65359,2026-04-09 16:29:51,3,4,2,attack,steal,goldSack,gold,1,false,100000,49609961982429,49744,5,5,1,9,1,1,0,0,0,13591,30000,47,0,45.3,bonus_bs15_gae1_no,107,700000,,,,,24,15,13,3,6,7,2,1,1,29,17,13,3,6,13,2,1,1
65360,2026-04-09 16:29:52,30,2,2,accumulation,goldSack,goldSack,gold,1,false,150000,49609962132429,49743,5,5,1,9,0,0,0,0,1,13592,30000,47,1,45.3,bonus_bs15_gae1_no,107,700000,,,,"{""3d7e46c4"":""6\/500@m0""}",25,15,13,3,6,8,2,1,1,30,17,13,3,6,14,2,1,1
65361,2026-04-09 16:29:53,2,2,2,goldSack,goldSack,goldSack,gold,1,true,2000000,49609964132429,49742,5,5,1,9,0,0,0,0,0,13592,30000,47,0,45.3,bonus_bs15_gae1_no,107,700000,,,LongExtraDayReduced,"{""slot_on_"":""9\/40@m0""}",26,15,13,3,6,8,2,1,1,31,17,13,3,6,14,2,1,1
65362,2026-04-09 16:29:54,30,2,2,accumulation,goldSack,goldSack,gold,1,false,150000,49609964282429,49741,5,5,1,9,0,0,0,0,1,13593,30000,47,1,45.3,bonus_bs15_gae1_no,107,700000,,,LongExtraDayReduced,"{""slot_on_"":""10\/40@m0""}",27,15,13,3,6,9,2,1,1,32,17,13,3,6,15,2,1,1
65363,2026-04-09 16:29:55,3,4,2,attack,steal,goldSack,gold,1,false,100000,49609964382429,49740,5,5,1,9,1,1,0,0,0,13593,30000,47,0,45.3,bonus_bs15_gae1_no,107,700000,,,,,28,16,14,3,6,9,2,1,1,33,18,14,3,6,15,2,1,1
65364,2026-04-09 16:29:56,2,2,2,goldSack,goldSack,goldSack,gold,1,true,2000000,49609966382429,49739,5,5,1,9,0,0,0,0,0,13593,30000,47,0,45.3,bonus_bs15_gae1_no,107,700000,,,,"{""4fdd0917"":""441\/1600@m29""}",29,16,14,3,6,9,2,1,1,34,18,14,3,6,15,2,1,1
65365,2026-04-09 16:29:57,1,4,4,coin,steal,steal,gold,1,false,25000,49609966407429,49738,5,5,1,9,0,2,0,0,0,13593,30000,47,0,45.3,bonus_bs15_gae1_no,107,700000,,LongExtraDayReduced,,"{""slot_on_"":""11\/40@m0""}",30,16,16,3,6,9,2,1,1,35,18,16,3,6,15,2,1,1
65366,2026-04-09 16:29:57,3,4,2,attack,steal,goldSack,gold,1,false,100000,49609966507429,49737,5,5,1,9,1,1,0,0,0,13593,30000,47,0,45.3,bonus_bs15_gae1_no,107,700000,,,,"{""3d7e46c4"":""8\/500@m0""}",31,17,17,3,6,9,2,1,1,36,19,17,3,6,15,2,1,1
65367,2026-04-09 16:29:59,3,3,3,attack,attack,attack,attack,2,true,0,49609966507429,49736,5,5,1,9,3,0,0,0,0,13593,30000,47,0,45.3,bonus_bs15_gae1_no,107,700000,,,,,32,20,17,3,6,9,3,1,1,37,22,17,3,6,15,3,1,1
65368,2026-04-09 16:30:03,30,2,2,accumulation,goldSack,goldSack,gold,1,false,150000,49609975237429,49735,5,5,1,9,0,0,0,0,1,13594,30000,47,1,45.3,bonus_bs15_gae1_no,107,700000,,,,,33,20,17,3,6,10,3,1,1,38,22,17,3,6,16,3,1,1
65369,2026-04-09 16:30:04,3,4,2,attack,steal,goldSack,gold,1,false,100000,49609975337429,49734,5,5,1,9,1,1,0,0,0,13594,30000,47,0,45.3,bonus_bs15_gae1_no,107,700000,,,,,34,21,18,3,6,10,3,1,1,39,23,18,3,6,16,3,1,1
65370,2026-04-09 16:30:04,1,6,6,coin,spins,spins,gold,1,false,25000,49609975362429,49733,5,5,1,9,0,0,0,2,0,13594,30000,47,0,45.3,bonus_bs15_gae1_no,107,700000,,,,"{""ea77ce1b"":""3\/100@m0""}",35,21,18,3,8,10,3,1,1,40,23,18,3,8,16,3,1,1
65371,2026-04-09 16:30:05,1,1,6,coin,coin,spins,gold,1,false,50000,49609975412429,49732,5,5,1,9,0,0,0,1,0,13594,30000,47,0,45.3,bonus_bs15_gae1_no,107,700000,,,,,36,21,18,3,9,10,3,1,1,41,23,18,3,9,16,3,1,1
65372,2026-04-09 16:30:06,2,2,2,goldSack,goldSack,goldSack,gold,1,true,2000000,49609977412429,49731,5,5,1,9,0,0,0,0,0,13594,30000,47,0,45.3,bonus_bs15_gae1_no,107,700000,,,,,37,21,18,3,9,10,3,1,1,42,23,18,3,9,16,3,1,1
65373,2026-04-09 16:30:07,30,2,2,accumulation,goldSack,goldSack,gold,1,false,150000,49609977562429,49730,5,5,1,9,0,0,0,0,1,13595,30000,47,1,45.3,bonus_bs15_gae1_no,107,700000,,,,"{""3d7e46c4"":""10\/500@m0""}",38,21,18,3,9,11,3,1,1,43,23,18,3,9,17,3,1,1
65374,2026-04-09 16:30:08,1,1,6,coin,coin,spins,gold,1,false,50000,49609977612429,49729,5,5,1,9,0,0,0,1,0,13595,30000,47,0,45.3,bonus_bs15_gae1_no,107,700000,,LongExtraDayReduced,,"{""slot_on_"":""12\/40@m0""}",39,21,18,3,10,11,3,1,1,44,23,18,3,10,17,3,1,1
65375,2026-04-09 16:30:09,4,4,4,steal,steal,steal,steal,4,true,0,49609977612429,49728,5,5,1,9,0,3,0,0,0,13595,30000,47,0,45.3,bonus_bs15_gae1_no,107,700000,,,LongExtraDayReduced,"{""slot_on_"":""13\/40@m0""}",40,21,21,3,10,11,3,2,1,45,23,21,3,10,17,3,2,1
65376,2026-04-09 16:30:14,1,6,6,coin,spins,spins,gold,1,false,25000,49610141299429,49727,5,5,1,9,0,0,0,2,0,13595,30000,47,0,45.3,bonus_bs15_gae1_no,107,700000,,,,,41,21,21,3,12,11,3,2,1,46,23,21,3,12,17,3,2,1
65377,2026-04-09 16:30:15,3,4,2,attack,steal,goldSack,gold,1,false,100000,49610141399429,49726,5,5,1,9,1,1,0,0,0,13595,30000,47,0,45.3,bonus_bs15_gae1_no,107,700000,,,,"{""4fdd0917"":""443\/1600@m29""}",42,22,22,3,12,11,3,2,1,47,24,22,3,12,17,3,2,1
65378,2026-04-09 16:30:16,3,3,1,attack,attack,coin,gold,1,false,25000,49610141424429,49725,5,5,1,9,2,0,0,0,0,13595,30000,47,0,45.3,bonus_bs15_gae1_no,107,700000,,,,,43,24,22,3,12,11,3,2,1,48,26,22,3,12,17,3,2,1
65379,2026-04-09 16:30:16,30,30,1,accumulation,accumulation,coin,gold,1,false,25000,49610141449429,49724,5,5,1,9,0,0,0,0,2,13597,30000,47,2,45.3,bonus_bs15_gae1_no,107,700000,,,,,44,24,22,3,12,13,3,2,1,49,26,22,3,12,19,3,2,1
65380,2026-04-09 16:30:17,1,1,1,coin,coin,coin,gold,1,true,250000,49610141699429,49723,5,5,1,9,0,0,0,0,0,13597,30000,47,0,45.3,bonus_bs15_gae1_no,107,700000,,LongExtraDayReduced,,"{""slot_on_"":""14\/40@m0"",""ea77ce1b"":""4\/100@m0""}",45,24,22,3,12,13,3,2,1,50,26,22,3,12,19,3,2,1
65381,2026-04-09 16:30:19,1,4,4,coin,steal,steal,gold,1,false,25000,49610141724429,49722,5,5,1,9,0,2,0,0,0,13597,30000,47,0,45.3,bonus_bs15_gae1_no,107,700000,LongExtraDayReduced,LongExtraDayReduced,,"{""slot_on_"":""16\/40@m0""}",46,24,24,3,12,13,3,2,1,51,26,24,3,12,19,3,2,1
65382,2026-04-09 16:30:19,2,2,2,goldSack,goldSack,goldSack,gold,1,true,2000000,49610143724429,49721,5,5,1,9,0,0,0,0,0,13597,30000,47,0,45.3,bonus_bs15_gae1_no,107,700000,,,,,47,24,24,3,12,13,3,2,1,52,26,24,3,12,19,3,2,1
65383,2026-04-09 16:30:20,1,5,5,coin,shield,shield,gold,1,false,25000,49610143749429,49720,5,5,1,9,0,0,2,0,0,13597,30000,47,0,45.3,bonus_bs15_gae1_no,107,700000,,,,"{""3d7e46c4"":""12\/500@m0""}",48,24,24,5,12,13,3,2,1,53,26,24,5,12,19,3,2,1
65384,2026-04-09 16:30:21,30,2,2,accumulation,goldSack,goldSack,gold,1,false,150000,49610143899429,49719,5,5,1,9,0,0,0,0,1,13598,30000,47,1,45.3,bonus_bs15_gae1_no,107,700000,,,,,49,24,24,5,12,14,3,2,1,54,26,24,5,12,20,3,2,1
65385,2026-04-09 16:30:22,4,4,4,steal,steal,steal,steal,4,true,0,49610143899429,49718,5,5,1,9,0,3,0,0,0,13598,30000,47,0,45.3,bonus_bs15_gae1_no,107,700000,,,,,50,24,27,5,12,14,3,3,1,55,26,27,5,12,20,3,3,1
65386,2026-04-09 16:30:31,3,3,3,attack,attack,attack,attack,2,true,0,49610352585429,49717,5,5,1,9,3,0,0,0,0,13598,30000,47,0,45.3,bonus_bs15_gae1_no,107,700000,LongExtraDayReduced,,LongExtraDayReduced,"{""slot_on_"":""18\/40@m0""}",51,27,27,5,12,14,4,3,1,56,29,27,5,12,20,4,3,1
65387,2026-04-09 16:30:35,1,1,1,coin,coin,coin,gold,1,true,250000,49610361415429,49716,5,5,1,9,0,0,0,0,0,13598,30000,47,0,45.3,bonus_bs15_gae1_no,107,700000,,,LongExtraDayReduced,"{""slot_on_"":""19\/40@m0""}",52,27,27,5,12,14,4,3,1,57,29,27,5,12,20,4,3,1
65388,2026-04-09 16:30:36,1,1,6,coin,coin,spins,gold,1,false,50000,49610361465429,49715,5,5,1,9,0,0,0,1,0,13598,30000,47,0,45.3,bonus_bs15_gae1_no,107,700000,,,,,53,27,27,5,13,14,4,3,1,58,29,27,5,13,20,4,3,1
65389,2026-04-09 16:30:37,30,2,2,accumulation,goldSack,goldSack,gold,1,false,150000,49610361615429,49714,5,5,1,9,0,0,0,0,1,13599,30000,47,1,45.3,bonus_bs15_gae1_no,107,700000,LongExtraDayReduced,,,"{""slot_on_"":""20\/40@m0""}",54,27,27,5,13,15,4,3,1,59,29,27,5,13,21,4,3,1
65390,2026-04-09 16:30:38,2,2,2,goldSack,goldSack,goldSack,gold,1,true,2000000,49610363615429,49713,5,5,1,9,0,0,0,0,0,13599,30000,47,0,45.3,bonus_bs15_gae1_no,107,700000,,,,,55,27,27,5,13,15,4,3,1,60,29,27,5,13,21,4,3,1
65391,2026-04-09 16:30:39,5,5,5,shield,shield,shield,shield,3,true,1,49610363615429,49713,5,5,1,9,0,0,3,0,0,13599,30000,47,0,45.3,bonus_bs15_gae1_no,107,700000,,,,,56,27,27,8,13,15,4,3,2,61,29,27,8,13,21,4,3,2
65392,2026-04-09 16:30:40,3,3,1,attack,attack,coin,gold,1,false,25000,49610363640429,49712,5,5,1,9,2,0,0,0,0,13599,30000,47,0,45.3,bonus_bs15_gae1_no,107,700000,,,LongExtraDayReduced,"{""slot_on_"":""21\/40@m0"",""3d7e46c4"":""14\/500@m0""}",57,29,27,8,13,15,4,3,2,62,31,27,8,13,21,4,3,2
65393,2026-04-09 16:30:41,1,4,6,coin,steal,spins,gold,1,false,25000,49610363665429,49711,5,5,1,9,0,1,0,1,0,13599,30000,47,0,45.3,bonus_bs15_gae1_no,107,700000,,,,"{""4fdd0917"":""445\/1600@m29""}",58,29,28,8,14,15,4,3,2,63,31,28,8,14,21,4,3,2
65394,2026-04-09 16:30:42,3,4,2,attack,steal,goldSack,gold,1,false,100000,49610363765429,49710,5,5,1,9,1,1,0,0,0,13599,30000,47,0,45.3,bonus_bs15_gae1_no,107,700000,,,,"{""ea77ce1b"":""5\/100@m0""}",59,30,29,8,14,15,4,3,2,64,32,29,8,14,21,4,3,2
65395,2026-04-09 16:30:43,1,1,6,coin,coin,spins,gold,1,false,50000,49610363815429,49709,5,5,1,9,0,0,0,1,0,13599,30000,47,0,45.3,bonus_bs15_gae1_no,107,700000,,,,,60,30,29,8,15,15,4,3,2,65,32,29,8,15,21,4,3,2
65396,2026-04-09 16:30:43,3,3,3,attack,attack,attack,attack,2,true,0,49610363815429,49708,5,5,1,9,3,0,0,0,0,13599,30000,47,0,45.3,bonus_bs15_gae1_no,107,700000,,,,,61,33,29,8,15,15,5,3,2,66,35,29,8,15,21,5,3,2
65397,2026-04-09 16:30:47,3,4,2,attack,steal,goldSack,gold,1,false,100000,49610372495429,49707,5,5,1,9,1,1,0,0,0,13599,30000,47,0,45.3,bonus_bs15_gae1_no,107,700000,,,,,62,34,30,8,15,15,5,3,2,67,36,30,8,15,21,5,3,2
65398,2026-04-09 16:30:48,1,1,1,coin,coin,coin,gold,1,true,250000,49610372745429,49706,5,5,1,9,0,0,0,0,0,13599,30000,47,0,45.3,bonus_bs15_gae1_no,107,700000,,,,,63,34,30,8,15,15,5,3,2,68,36,30,8,15,21,5,3,2
65399,2026-04-09 16:30:48,1,1,6,coin,coin,spins,gold,1,false,50000,49610372795429,49705,5,5,1,9,0,0,0,1,0,13599,30000,47,0,45.3,bonus_bs15_gae1_no,107,700000,,,,,64,34,30,8,16,15,5,3,2,69,36,30,8,16,21,5,3,2
65400,2026-04-09 16:30:49,2,2,2,goldSack,goldSack,goldSack,gold,1,true,2000000,49610374795429,49704,5,5,1,9,0,0,0,0,0,13599,30000,47,0,45.3,bonus_bs15_gae1_no,107,700000,,LongExtraDayReduced,,"{""slot_on_"":""22\/40@m0""}",65,34,30,8,16,15,5,3,2,70,36,30,8,16,21,5,3,2
65401,2026-04-09 16:30:50,30,30,1,accumulation,accumulation,coin,gold,1,false,25000,49610374820429,49703,5,5,1,9,0,0,0,0,2,13601,30000,47,2,45.3,bonus_bs15_gae1_no,107,700000,,,,,66,34,30,8,16,17,5,3,2,71,36,30,8,16,23,5,3,2
65402,2026-04-09 16:30:51,1,6,6,coin,spins,spins,gold,1,false,25000,49610374845429,49702,5,5,1,9,0,0,0,2,0,13601,30000,47,0,45.3,bonus_bs15_gae1_no,107,700000,,,,,67,34,30,8,18,17,5,3,2,72,36,30,8,18,23,5,3,2
65403,2026-04-09 16:30:52,3,1,1,attack,coin,coin,gold,1,false,50000,49610374895429,49701,5,5,1,9,1,0,0,0,0,13601,30000,47,0,45.3,bonus_bs15_gae1_no,107,700000,,,,,68,35,30,8,18,17,5,3,2,73,37,30,8,18,23,5,3,2
65404,2026-04-09 16:30:52,30,2,2,accumulation,goldSack,goldSack,gold,1,false,150000,49610375045429,49700,5,5,1,9,0,0,0,0,1,13602,30000,47,1,45.3,bonus_bs15_gae1_no,107,700000,,,,"{""3d7e46c4"":""16\/500@m0""}",69,35,30,8,18,18,5,3,2,74,37,30,8,18,24,5,3,2
65405,2026-04-09 16:30:54,1,4,6,coin,steal,spins,gold,1,false,25000,49610375070429,49699,5,5,1,9,0,1,0,1,0,13602,30000,47,0,45.3,bonus_bs15_gae1_no,107,700000,,,,,70,35,31,8,19,18,5,3,2,75,37,31,8,19,24,5,3,2
65406,2026-04-09 16:30:54,2,2,2,goldSack,goldSack,goldSack,gold,1,true,2000000,49610377070429,49698,5,5,1,9,0,0,0,0,0,13602,30000,47,0,45.3,bonus_bs15_gae1_no,107,700000,,,,,71,35,31,8,19,18,5,3,2,76,37,31,8,19,24,5,3,2
65407,2026-04-09 16:30:55,1,1,4,coin,coin,steal,gold,1,false,50000,49610377120429,49697,5,5,1,9,0,1,0,0,0,13602,30000,47,0,45.3,bonus_bs15_gae1_no,107,700000,,,,,72,35,32,8,19,18,5,3,2,77,37,32,8,19,24,5,3,2
65408,2026-04-09 16:30:56,2,2,2,goldSack,goldSack,goldSack,gold,1,true,2000000,49610379120429,49696,5,5,1,9,0,0,0,0,0,13602,30000,47,0,45.3,bonus_bs15_gae1_no,107,700000,,,,,73,35,32,8,19,18,5,3,2,78,37,32,8,19,24,5,3,2
65409,2026-04-09 16:30:56,1,1,1,coin,coin,coin,gold,1,true,250000,49610379370429,49695,5,5,1,9,0,0,0,0,0,13602,30000,47,0,45.3,bonus_bs15_gae1_no,107,700000,LongExtraDayReduced,LongExtraDayReduced,,"{""slot_on_"":""24\/40@m0""}",74,35,32,8,19,18,5,3,2,79,37,32,8,19,24,5,3,2
65410,2026-04-09 16:30:57,3,6,2,attack,spins,goldSack,gold,1,false,100000,49610379470429,49694,5,5,1,9,1,0,0,1,0,13602,30000,47,0,45.3,bonus_bs15_gae1_no,107,700000,,,,,75,36,32,8,20,18,5,3,2,80,38,32,8,20,24,5,3,2
65411,2026-04-09 16:30:58,30,30,1,accumulation,accumulation,coin,gold,1,false,25000,49610379495429,49693,5,5,1,9,0,0,0,0,2,13604,30000,47,2,45.3,bonus_bs15_gae1_no,107,700000,,,,,76,36,32,8,20,20,5,3,2,81,38,32,8,20,26,5,3,2
65412,2026-04-09 16:30:59,30,2,2,accumulation,goldSack,goldSack,gold,1,false,150000,49610379645429,49692,5,5,1,9,0,0,0,0,1,13605,30000,47,1,45.4,bonus_bs15_gae1_no,107,700000,,,,,77,36,32,8,20,21,5,3,2,82,38,32,8,20,27,5,3,2
65413,2026-04-09 16:31:00,5,5,5,shield,shield,shield,shield,3,true,1,49610379645429,49692,5,5,1,9,0,0,3,0,0,13605,30000,47,0,45.4,bonus_bs15_gae1_no,107,700000,,,,"{""4fdd0917"":""447\/1600@m29""}",78,36,32,11,20,21,5,3,3,83,38,32,11,20,27,5,3,3
65414,2026-04-09 16:31:01,30,30,1,accumulation,accumulation,coin,gold,1,false,25000,49610379670429,49691,5,5,1,9,0,0,0,0,2,13607,30000,47,2,45.4,bonus_bs15_gae1_no,107,700000,,,,,79,36,32,11,20,23,5,3,3,84,38,32,11,20,29,5,3,3
65415,2026-04-09 16:31:02,1,1,1,coin,coin,coin,gold,1,true,250000,49610379920429,49690,5,5,1,9,0,0,0,0,0,13607,30000,47,0,45.4,bonus_bs15_gae1_no,107,700000,LongExtraDayReduced,,,"{""slot_on_"":""25\/40@m0"",""ea77ce1b"":""6\/100@m0""}",80,36,32,11,20,23,5,3,3,85,38,32,11,20,29,5,3,3
65416,2026-04-09 16:31:03,30,30,1,accumulation,accumulation,coin,gold,1,false,25000,49610379945429,49689,5,5,1,9,0,0,0,0,2,13609,30000,47,2,45.4,bonus_bs15_gae1_no,107,700000,LongExtraDayReduced,LongExtraDayReduced,LongExtraDayReduced,"{""slot_on_"":""30\/40@m0"",""3d7e46c4"":""18\/500@m0""}",81,36,32,11,20,25,5,3,3,86,38,32,11,20,31,5,3,3
65417,2026-04-09 16:31:05,3,3,3,attack,attack,attack,attack,2,true,0,49610379945429,49688,5,5,1,9,3,0,0,0,0,13609,30000,47,0,45.4,bonus_bs15_gae1_no,107,700000,LongExtraDayReduced,,,"{""slot_on_"":""31\/40@m0""}",82,39,32,11,20,25,6,3,3,87,41,32,11,20,31,6,3,3
65418,2026-04-09 16:31:09,3,3,3,attack,attack,attack,attack,2,true,0,49610405945429,49687,5,5,1,9,3,0,0,0,0,13609,30000,47,0,45.4,bonus_bs15_gae1_no,107,700000,,,,,83,42,32,11,20,25,7,3,3,88,44,32,11,20,31,7,3,3
65419,2026-04-09 16:31:12,30,2,2,accumulation,goldSack,goldSack,gold,1,false,150000,49610414675429,49686,5,5,1,9,0,0,0,0,1,13610,30000,47,1,45.4,bonus_bs15_gae1_no,107,700000,,,,,84,42,32,11,20,26,7,3,3,89,44,32,11,20,32,7,3,3
65420,2026-04-09 16:31:13,30,2,2,accumulation,goldSack,goldSack,gold,1,false,150000,49610414825429,49685,5,5,1,9,0,0,0,0,1,13611,30000,47,1,45.4,bonus_bs15_gae1_no,107,700000,LongExtraDayReduced,,,"{""slot_on_"":""32\/40@m0""}",85,42,32,11,20,27,7,3,3,90,44,32,11,20,33,7,3,3
65421,2026-04-09 16:31:15,6,6,6,spins,spins,spins,spins,5,true,10,49610414825429,49694,5,5,1,9,0,0,0,3,0,13611,30000,47,0,45.4,bonus_bs15_gae1_no,107,700000,,,,,86,42,32,11,23,27,7,3,3,91,44,32,11,23,33,7,3,3
65422,2026-04-09 16:31:17,5,5,5,shield,shield,shield,shield,3,true,1,49610414825429,49694,5,5,1,9,0,0,3,0,0,13611,30000,47,0,45.4,bonus_bs15_gae1_no,107,700000,,,LongExtraDayReduced,"{""slot_on_"":""33\/40@m0""}",87,42,32,14,23,27,7,3,4,1,0,0,3,0,0,0,0,1
65423,2026-04-09 16:31:18,3,3,2,attack,attack,goldSack,gold,1,false,100000,49610414925429,49693,5,5,1,9,2,0,0,0,0,13611,30000,47,0,45.4,bonus_bs15_gae1_no,107,700000,,,,,88,44,32,14,23,27,7,3,4,2,2,0,3,0,0,0,0,1
65424,2026-04-09 16:31:19,1,4,6,coin,steal,spins,gold,1,false,25000,49610414950429,49692,5,5,1,9,0,1,0,1,0,13611,30000,47,0,45.4,bonus_bs15_gae1_no,107,700000,,,,"{""ea77ce1b"":""7\/100@m0""}",89,44,33,14,24,27,7,3,4,3,2,1,3,1,0,0,0,1
65425,2026-04-09 16:31:20,3,6,2,attack,spins,goldSack,gold,1,false,100000,49610415050429,49691,5,5,1,9,1,0,0,1,0,13611,30000,47,0,45.4,bonus_bs15_gae1_no,107,700000,,,,,90,45,33,14,25,27,7,3,4,4,3,1,3,2,0,0,0,1
65426,2026-04-09 16:31:20,3,3,3,attack,attack,attack,attack,2,true,0,49610415050429,49690,5,5,1,9,3,0,0,0,0,13611,30000,47,0,45.4,bonus_bs15_gae1_no,107,700000,,,,,91,48,33,14,25,27,8,3,4,5,6,1,3,2,0,1,0,1
65427,2026-04-09 16:31:24,3,6,2,attack,spins,goldSack,gold,1,false,100000,49610423730429,49689,5,5,1,9,1,0,0,1,0,13611,30000,47,0,45.4,bonus_bs15_gae1_no,107,700000,,,LongExtraDayReduced,"{""slot_on_"":""34\/40@m0""}",92,49,33,14,26,27,8,3,4,6,7,1,3,3,0,1,0,1
65428,2026-04-09 16:31:25,1,4,6,coin,steal,spins,gold,1,false,25000,49610423755429,49688,5,5,1,9,0,1,0,1,0,13611,30000,47,0,45.4,bonus_bs15_gae1_no,107,700000,,,,,93,49,34,14,27,27,8,3,4,7,7,2,3,4,0,1,0,1
65429,2026-04-09 16:31:25,3,1,1,attack,coin,coin,gold,1,false,50000,49610423805429,49687,5,5,1,9,1,0,0,0,0,13611,30000,47,0,45.4,bonus_bs15_gae1_no,107,700000,LongExtraDayReduced,,,"{""slot_on_"":""35\/40@m0""}",94,50,34,14,27,27,8,3,4,8,8,2,3,4,0,1,0,1
65430,2026-04-09 16:31:26,5,5,5,shield,shield,shield,shield,3,true,1,49610423805429,49687,5,5,1,9,0,0,3,0,0,13611,30000,47,0,45.4,bonus_bs15_gae1_no,107,700000,,,,"{""3d7e46c4"":""20\/500@m0""}",95,50,34,17,27,27,8,3,5,9,8,2,6,4,0,1,0,2
65431,2026-04-09 16:31:27,3,3,3,attack,attack,attack,attack,2,true,0,49610423805429,49686,5,5,1,9,3,0,0,0,0,13611,30000,47,0,45.4,bonus_bs15_gae1_no,107,700000,,,,,96,53,34,17,27,27,9,3,5,10,11,2,6,4,0,2,0,2
65432,2026-04-09 16:31:36,3,1,1,attack,coin,coin,gold,1,false,50000,49610432435429,49685,5,5,1,9,1,0,0,0,0,13611,30000,47,0,45.4,bonus_bs15_gae1_no,107,700000,,,,,97,54,34,17,27,27,9,3,5,11,12,2,6,4,0,2,0,2
65433,2026-04-09 16:31:36,1,1,1,coin,coin,coin,gold,1,true,250000,49610432685429,49684,5,5,1,9,0,0,0,0,0,13611,30000,47,0,45.4,bonus_bs15_gae1_no,107,700000,,,,,98,54,34,17,27,27,9,3,5,12,12,2,6,4,0,2,0,2
65434,2026-04-09 16:31:37,3,1,1,attack,coin,coin,gold,1,false,50000,49610432735429,49683,5,5,1,9,1,0,0,0,0,13611,30000,47,0,45.4,bonus_bs15_gae1_no,107,700000,,,,,99,55,34,17,27,27,9,3,5,13,13,2,6,4,0,2,0,2
65435,2026-04-09 16:31:37,30,2,2,accumulation,goldSack,goldSack,gold,1,false,150000,49610432885429,49682,5,5,1,9,0,0,0,0,1,13612,30000,47,1,45.4,bonus_bs15_gae1_no,107,700000,,,,"{""3d7e46c4"":""22\/500@m0""}",100,55,34,17,27,28,9,3,5,14,13,2,6,4,1,2,0,2
65436,2026-04-09 16:31:39,30,2,2,accumulation,goldSack,goldSack,gold,1,false,150000,49610433035429,49681,5,5,1,9,0,0,0,0,1,13613,30000,47,1,45.4,bonus_bs15_gae1_no,107,700000,LongExtraDayReduced,,,"{""slot_on_"":""36\/40@m0"",""4fdd0917"":""449\/1600@m29""}",101,55,34,17,27,29,9,3,5,15,13,2,6,4,2,2,0,2
65437,2026-04-09 16:31:40,1,4,6,coin,steal,spins,gold,1,false,25000,49610433060429,49680,5,5,1,9,0,1,0,1,0,13613,30000,47,0,45.4,bonus_bs15_gae1_no,107,700000,,,,,102,55,35,17,28,29,9,3,5,16,13,3,6,5,2,2,0,2
65438,2026-04-09 16:31:41,1,1,1,coin,coin,coin,gold,1,true,250000,49610433310429,49679,5,5,1,9,0,0,0,0,0,13613,30000,47,0,45.4,bonus_bs15_gae1_no,107,700000,,,,,103,55,35,17,28,29,9,3,5,17,13,3,6,5,2,2,0,2
65439,2026-04-09 16:31:41,30,2,2,accumulation,goldSack,goldSack,gold,1,false,150000,49610433460429,49678,5,5,1,9,0,0,0,0,1,13614,30000,47,1,45.4,bonus_bs15_gae1_no,107,700000,,,,"{""ea77ce1b"":""8\/100@m0""}",104,55,35,17,28,30,9,3,5,18,13,3,6,5,3,2,0,2
65440,2026-04-09 16:31:43,1,1,1,coin,coin,coin,gold,1,true,250000,49610433710429,49677,5,5,1,9,0,0,0,0,0,13614,30000,47,0,45.4,bonus_bs15_gae1_no,107,700000,,,,,105,55,35,17,28,30,9,3,5,19,13,3,6,5,3,2,0,2
65441,2026-04-09 16:31:43,3,3,2,attack,attack,goldSack,gold,1,false,100000,49610433810429,49676,5,5,1,9,2,0,0,0,0,13614,30000,47,0,45.4,bonus_bs15_gae1_no,107,700000,LongExtraDayReduced,,,"{""slot_on_"":""37\/40@m0""}",106,57,35,17,28,30,9,3,5,20,15,3,6,5,3,2,0,2
65442,2026-04-09 16:31:44,30,2,2,accumulation,goldSack,goldSack,gold,1,false,150000,49610433960429,49675,5,5,1,9,0,0,0,0,1,13615,30000,47,1,45.4,bonus_bs15_gae1_no,107,700000,,,,,107,57,35,17,28,31,9,3,5,21,15,3,6,5,4,2,0,2
65443,2026-04-09 16:31:45,3,4,2,attack,steal,goldSack,gold,1,false,100000,49610434060429,49674,5,5,1,9,1,1,0,0,0,13615,30000,47,0,45.4,bonus_bs15_gae1_no,107,700000,,,,,108,58,36,17,28,31,9,3,5,22,16,4,6,5,4,2,0,2
65444,2026-04-09 16:31:46,1,1,1,coin,coin,coin,gold,1,true,250000,49610434310429,49673,5,5,1,9,0,0,0,0,0,13615,30000,47,0,45.4,bonus_bs15_gae1_no,107,700000,,,,"{""3d7e46c4"":""24\/500@m0""}",109,58,36,17,28,31,9,3,5,23,16,4,6,5,4,2,0,2
65445,2026-04-09 16:31:47,30,2,2,accumulation,goldSack,goldSack,gold,1,false,150000,49610434460429,49672,5,5,1,9,0,0,0,0,1,13616,30000,47,1,45.4,bonus_bs15_gae1_no,107,700000,,,,,110,58,36,17,28,32,9,3,5,24,16,4,6,5,5,2,0,2
65446,2026-04-09 16:31:48,3,4,2,attack,steal,goldSack,gold,1,false,100000,49610434560429,49671,5,5,1,9,1,1,0,0,0,13616,30000,47,0,45.4,bonus_bs15_gae1_no,107,700000,,,,,111,59,37,17,28,32,9,3,5,25,17,5,6,5,5,2,0,2
65447,2026-04-09 16:31:48,3,1,1,attack,coin,coin,gold,1,false,50000,49610434610429,49670,5,5,1,9,1,0,0,0,0,13616,30000,47,0,45.4,bonus_bs15_gae1_no,107,700000,,,,,112,60,37,17,28,32,9,3,5,26,18,5,6,5,5,2,0,2
65448,2026-04-09 16:31:49,3,6,2,attack,spins,goldSack,gold,1,false,100000,49610434710429,49669,5,5,1,9,1,0,0,1,0,13616,30000,47,0,45.4,bonus_bs15_gae1_no,107,700000,,,,,113,61,37,17,29,32,9,3,5,27,19,5,6,6,5,2,0,2
65449,2026-04-09 16:31:50,30,30,1,accumulation,accumulation,coin,gold,1,false,25000,49610434735429,49668,5,5,1,9,0,0,0,0,2,13618,30000,47,2,45.4,bonus_bs15_gae1_no,107,700000,,,,,114,61,37,17,29,34,9,3,5,28,19,5,6,6,7,2,0,2
65450,2026-04-09 16:31:51,1,4,6,coin,steal,spins,gold,1,false,25000,49610434760429,49667,5,5,1,9,0,1,0,1,0,13618,30000,47,0,45.4,bonus_bs15_gae1_no,107,700000,LongExtraDayReduced,,,"{""slot_on_"":""38\/40@m0""}",115,61,38,17,30,34,9,3,5,29,19,6,6,7,7,2,0,2
65451,2026-04-09 16:31:52,3,6,2,attack,spins,goldSack,gold,1,false,100000,49610434860429,49666,5,5,1,9,1,0,0,1,0,13618,30000,47,0,45.4,bonus_bs15_gae1_no,107,700000,,,,,116,62,38,17,31,34,9,3,5,30,20,6,6,8,7,2,0,2
65452,2026-04-09 16:31:52,1,1,4,coin,coin,steal,gold,1,false,50000,49610434910429,49665,5,5,1,9,0,1,0,0,0,13618,30000,47,0,45.4,bonus_bs15_gae1_no,107,700000,,,,"{""3d7e46c4"":""26\/500@m0""}",117,62,39,17,31,34,9,3,5,31,20,7,6,8,7,2,0,2
65453,2026-04-09 16:31:53,1,1,1,coin,coin,coin,gold,1,true,250000,49610435160429,49664,5,5,1,9,0,0,0,0,0,13618,30000,47,0,45.4,bonus_bs15_gae1_no,107,700000,,LongExtraDayReduced,,"{""slot_on_"":""39\/40@m0""}",118,62,39,17,31,34,9,3,5,32,20,7,6,8,7,2,0,2
65454,2026-04-09 16:31:54,2,2,2,goldSack,goldSack,goldSack,gold,1,true,2000000,49610437160429,49663,5,5,1,9,0,0,0,0,0,13618,30000,47,0,45.4,bonus_bs15_gae1_no,107,700000,,,,,119,62,39,17,31,34,9,3,5,33,20,7,6,8,7,2,0,2
65455,2026-04-09 16:31:55,30,30,1,accumulation,accumulation,coin,gold,1,false,25000,49610437185429,49662,5,5,1,9,0,0,0,0,2,13620,30000,47,2,45.4,bonus_bs15_gae1_no,107,700000,,,,"{""ea77ce1b"":""9\/100@m0""}",120,62,39,17,31,36,9,3,5,34,20,7,6,8,9,2,0,2
65456,2026-04-09 16:31:56,3,3,2,attack,attack,goldSack,gold,1,false,100000,49610437285429,49661,5,5,1,9,2,0,0,0,0,13620,30000,47,0,45.4,bonus_bs15_gae1_no,107,700000,,,,"{""3d7e46c4"":""28\/500@m0""}",121,64,39,17,31,36,9,3,5,35,22,7,6,8,9,2,0,2
65457,2026-04-09 16:31:57,3,4,2,attack,steal,goldSack,gold,1,false,100000,49610437385429,49660,5,5,1,9,1,1,0,0,0,13620,30000,47,0,45.4,bonus_bs15_gae1_no,107,700000,,,,,122,65,40,17,31,36,9,3,5,36,23,8,6,8,9,2,0,2
65458,2026-04-09 16:31:59,30,2,2,accumulation,goldSack,goldSack,gold,1,false,150000,49610437535429,49659,5,5,1,9,0,0,0,0,1,13621,30000,47,1,45.4,bonus_bs15_gae1_no,107,700000,,,,,123,65,40,17,31,37,9,3,5,37,23,8,6,8,10,2,0,2
65459,2026-04-09 16:32:00,3,4,2,attack,steal,goldSack,gold,1,false,100000,49610437635429,49658,5,5,1,9,1,1,0,0,0,13621,30000,47,0,45.4,bonus_bs15_gae1_no,107,700000,,,,,124,66,41,17,31,37,9,3,5,38,24,9,6,8,10,2,0,2
65460,2026-04-09 16:32:01,1,6,6,coin,spins,spins,gold,1,false,25000,49610437660429,49657,5,5,1,9,0,0,0,2,0,13621,30000,47,0,45.4,bonus_bs15_gae1_no,107,700000,,,,"{""4fdd0917"":""451\/1600@m29""}",125,66,41,17,33,37,9,3,5,39,24,9,6,10,10,2,0,2
65461,2026-04-09 16:32:02,4,4,4,steal,steal,steal,steal,4,true,0,49610437660429,49656,5,5,1,9,0,3,0,0,0,13621,30000,47,0,45.4,bonus_bs15_gae1_no,107,700000,,,,,126,66,44,17,33,37,9,4,5,40,24,12,6,10,10,2,1,2
65462,2026-04-09 16:32:08,30,2,2,accumulation,goldSack,goldSack,gold,1,false,150000,49610556160429,49655,5,5,1,9,0,0,0,0,1,13622,30000,47,1,45.4,bonus_bs15_gae1_no,107,700000,,,,,127,66,44,17,33,38,9,4,5,41,24,12,6,10,11,2,1,2
65463,2026-04-09 16:32:09,1,4,4,coin,steal,steal,gold,1,false,25000,49610556185429,49654,5,5,1,9,0,2,0,0,0,13622,30000,47,0,45.4,bonus_bs15_gae1_no,107,700000,,LongExtraDayReduced,LongExtraDayReduced,"{""slot_on_"":""1\/100@m1""}",128,66,46,17,33,38,9,4,5,42,24,14,6,10,11,2,1,2
65464,2026-04-09 16:32:11,1,4,6,coin,steal,spins,gold,1,false,25000,49610556210429,49653,5,5,1,9,0,1,0,1,0,13622,30000,47,0,45.4,bonus_bs15_gae1_no,107,700000,,,LongExtraDayReduced,"{""slot_on_"":""2\/100@m1""}",129,66,47,17,34,38,9,4,5,43,24,15,6,11,11,2,1,2
65465,2026-04-09 16:32:13,1,4,6,coin,steal,spins,gold,1,false,25000,49610556235429,49652,5,5,1,9,0,1,0,1,0,13622,30000,47,0,45.4,bonus_bs15_gae1_no,107,700000,,,,,130,66,48,17,35,38,9,4,5,44,24,16,6,12,11,2,1,2
65466,2026-04-09 16:32:13,30,2,2,accumulation,goldSack,goldSack,gold,1,false,150000,49610556385429,49651,5,5,1,9,0,0,0,0,1,13623,30000,47,1,45.4,bonus_bs15_gae1_no,107,700000,,,,,131,66,48,17,35,39,9,4,5,45,24,16,6,12,12,2,1,2
65467,2026-04-09 16:32:19,30,2,2,accumulation,goldSack,goldSack,gold,1,false,60000000,49610616385429,49251,5,5,400,9,0,0,0,0,1,14023,30000,47,400,46.7,bonus_bs15_gae1_no,107,700000,,,,,132,66,48,17,35,40,9,4,5,46,24,16,6,12,13,2,1,2
65468,2026-04-09 16:32:21,1,5,5,coin,shield,shield,gold,1,false,10000000,49610626385429,48851,5,5,400,9,0,0,2,0,0,14023,30000,47,0,46.7,bonus_bs15_gae1_no,107,700000,,,,,133,66,48,19,35,40,9,4,5,47,24,16,8,12,13,2,1,2
65469,2026-04-09 16:32:22,3,1,5,attack,coin,shield,gold,1,false,10000000,49610636385429,48451,5,5,400,9,1,0,1,0,0,14023,30000,47,0,46.7,bonus_bs15_gae1_no,107,700000,,,,,134,67,48,20,35,40,9,4,5,48,25,16,9,12,13,2,1,2
65470,2026-04-09 16:32:23,3,5,2,attack,shield,goldSack,gold,1,false,40000000,49610676385429,48051,5,5,400,9,1,0,1,0,0,14023,30000,47,0,46.7,bonus_bs15_gae1_no,107,700000,LongExtraDayReduced,,,"{""slot_on_"":""102\/300@m3""}",135,68,48,21,35,40,9,4,5,49,26,16,10,12,13,2,1,2
65471,2026-04-09 16:32:26,2,2,2,goldSack,goldSack,goldSack,gold,1,true,800000000,49611476385429,47721,5,5,400,9,0,0,0,0,0,14023,30000,47,0,46.7,bonus_bs15_gae1_no,107,700000,LongExtraDayReduced,,LongExtraDayReduced,"{""3d7e46c4"":""328\/750@m1"",""slot_on_"":""202\/600@m5"",""4fdd0917"":""1251\/1600@m29""}",136,68,48,21,35,40,9,4,5,50,26,16,10,12,13,2,1,2
65472,2026-04-09 16:32:33,1,1,1,coin,coin,coin,gold,1,true,100000000,49611606385429,48196,5,5,400,9,0,0,0,0,0,14023,30000,47,0,46.7,bonus_bs15_gae1_no,107,700000,,,,,137,68,48,21,35,40,9,4,5,51,26,16,10,12,13,2,1,2
65473,2026-04-09 16:32:35,3,6,2,attack,spins,goldSack,gold,1,false,40000000,49611646385429,47796,5,5,400,9,1,0,0,1,0,14023,30000,47,0,46.7,bonus_bs15_gae1_no,107,700000,,,,,138,69,48,21,36,40,9,4,5,52,27,16,10,13,13,2,1,2
65474,2026-04-09 16:32:36,1,1,1,coin,coin,coin,gold,1,true,100000000,49611746385429,47396,5,5,400,9,0,0,0,0,0,14023,30000,47,0,46.7,bonus_bs15_gae1_no,107,700000,,LongExtraDayReduced,,"{""slot_on_"":""2\/800@m6""}",139,69,48,21,36,40,9,4,5,53,27,16,10,13,13,2,1,2
65475,2026-04-09 16:32:39,3,6,2,attack,spins,goldSack,gold,1,false,40000000,49611786385429,46996,5,5,400,9,1,0,0,1,0,14023,30000,47,0,46.7,bonus_bs15_gae1_no,107,700000,,,,,140,70,48,21,37,40,9,4,5,54,28,16,10,14,13,2,1,2
65476,2026-04-09 16:32:40,3,3,3,attack,attack,attack,attack,2,true,0,49611622723429,46596,5,5,400,9,3,0,0,0,0,14023,30000,47,0,46.7,bonus_bs15_gae1_no,107,700000,,,,"{""ea77ce1b"":""9\/950@m2""}",141,73,48,21,37,40,10,4,5,55,31,16,10,14,13,3,1,2
65477,2026-04-09 16:32:49,30,30,1,accumulation,accumulation,coin,gold,1,false,25000,49615054748429,46595,5,5,1,9,0,0,0,0,2,14025,30000,47,2,46.8,bonus_bs15_gae1_no,107,700000,,,,,142,73,48,21,37,42,10,4,5,56,31,16,10,14,15,3,1,2
65478,2026-04-09 16:32:50,6,6,6,spins,spins,spins,spins,5,true,10,49615054748429,46604,5,5,1,9,0,0,0,3,0,14025,30000,47,0,46.8,bonus_bs15_gae1_no,107,700000,,,,,143,73,48,21,40,42,10,4,5,57,31,16,10,17,15,3,1,2
65479,2026-04-09 16:32:53,3,3,3,attack,attack,attack,attack,2,true,0,49615054748429,46603,5,5,1,9,3,0,0,0,0,14025,30000,47,0,46.8,bonus_bs15_gae1_no,107,700000,,,,,144,76,48,21,40,42,11,4,5,1,3,0,0,0,0,1,0,0
65480,2026-04-09 16:32:57,1,1,4,coin,coin,steal,gold,1,false,50000,49615063378429,46602,5,5,1,9,0,1,0,0,0,14025,30000,47,0,46.8,bonus_bs15_gae1_no,107,700000,,,,,145,76,49,21,40,42,11,4,5,2,3,1,0,0,0,1,0,0
65481,2026-04-09 16:32:57,30,2,2,accumulation,goldSack,goldSack,gold,1,false,150000,49615063528429,46601,5,5,1,9,0,0,0,0,1,14026,30000,47,1,46.8,bonus_bs15_gae1_no,107,700000,,,,,146,76,49,21,40,43,11,4,5,3,3,1,0,0,1,1,0,0
65482,2026-04-09 16:32:59,3,1,5,attack,coin,shield,gold,1,false,25000,49615063553429,46600,5,5,1,9,1,0,1,0,0,14026,30000,47,0,46.8,bonus_bs15_gae1_no,107,700000,,,,,147,77,49,22,40,43,11,4,5,4,4,1,1,0,1,1,0,0
65483,2026-04-09 16:33:02,1,1,1,coin,coin,coin,gold,1,true,250000,49615063803429,46599,5,5,1,9,0,0,0,0,0,14026,30000,47,0,46.8,bonus_bs15_gae1_no,107,700000,,,,,148,77,49,22,40,43,11,4,5,5,4,1,1,0,1,1,0,0
65484,2026-04-09 16:33:03,30,2,2,accumulation,goldSack,goldSack,gold,1,false,150000,49615063953429,46598,5,5,1,9,0,0,0,0,1,14027,30000,47,1,46.8,bonus_bs15_gae1_no,107,700000,,,,,149,77,49,22,40,44,11,4,5,6,4,1,1,0,2,1,0,0
65485,2026-04-09 16:33:04,1,1,1,coin,coin,coin,gold,1,true,250000,49615064203429,46597,5,5,1,9,0,0,0,0,0,14027,30000,47,0,46.8,bonus_bs15_gae1_no,107,700000,,,,"{""3d7e46c4"":""330\/750@m1""}",150,77,49,22,40,44,11,4,5,7,4,1,1,0,2,1,0,0
65486,2026-04-09 16:33:05,30,2,2,accumulation,goldSack,goldSack,gold,1,false,150000,49615064353429,46596,5,5,1,9,0,0,0,0,1,14028,30000,47,1,46.8,bonus_bs15_gae1_no,107,700000,,,,,151,77,49,22,40,45,11,4,5,8,4,1,1,0,3,1,0,0
65487,2026-04-09 16:33:06,3,3,1,attack,attack,coin,gold,1,false,25000,49615064378429,46595,5,5,1,9,2,0,0,0,0,14028,30000,47,0,46.8,bonus_bs15_gae1_no,107,700000,,,LongExtraDayReduced,"{""slot_on_"":""3\/800@m6""}",152,79,49,22,40,45,11,4,5,9,6,1,1,0,3,1,0,0
65488,2026-04-09 16:33:07,1,1,4,coin,coin,steal,gold,1,false,50000,49615064428429,46594,5,5,1,9,0,1,0,0,0,14028,30000,47,0,46.8,bonus_bs15_gae1_no,107,700000,LongExtraDayReduced,,,"{""slot_on_"":""4\/800@m6""}",153,79,50,22,40,45,11,4,5,10,6,2,1,0,3,1,0,0
65489,2026-04-09 16:33:08,3,6,2,attack,spins,goldSack,gold,1,false,100000,49615064528429,46593,5,5,1,9,1,0,0,1,0,14028,30000,47,0,46.8,bonus_bs15_gae1_no,107,700000,,,,,154,80,50,22,41,45,11,4,5,11,7,2,1,1,3,1,0,0
65490,2026-04-09 16:33:10,1,4,4,coin,steal,steal,gold,1,false,25000,49615064553429,46592,5,5,1,9,0,2,0,0,0,14028,30000,47,0,46.8,bonus_bs15_gae1_no,107,700000,,,,"{""ea77ce1b"":""10\/950@m2""}",155,80,52,22,41,45,11,4,5,12,7,4,1,1,3,1,0,0
65491,2026-04-09 16:33:11,30,30,1,accumulation,accumulation,coin,gold,1,false,25000,49615064578429,46591,5,5,1,9,0,0,0,0,2,14030,30000,47,2,46.8,bonus_bs15_gae1_no,107,700000,,,,,156,80,52,22,41,47,11,4,5,13,7,4,1,1,5,1,0,0
65492,2026-04-09 16:33:13,1,1,1,coin,coin,coin,gold,1,true,250000,49615064828429,46590,5,5,1,9,0,0,0,0,0,14030,30000,47,0,46.8,bonus_bs15_gae1_no,107,700000,,,,"{""4fdd0917"":""1253\/1600@m29""}",157,80,52,22,41,47,11,4,5,14,7,4,1,1,5,1,0,0
65493,2026-04-09 16:33:14,30,2,2,accumulation,goldSack,goldSack,gold,1,false,150000,49615064978429,46589,5,5,1,9,0,0,0,0,1,14031,30000,47,1,46.8,bonus_bs15_gae1_no,107,700000,,,,,158,80,52,22,41,48,11,4,5,15,7,4,1,1,6,1,0,0
65494,2026-04-09 16:33:16,4,6,2,steal,spins,goldSack,gold,1,false,100000,49615065078429,46588,5,5,1,9,0,1,0,1,0,14031,30000,47,0,46.8,bonus_bs15_gae1_no,107,700000,LongExtraDayReduced,LongExtraDayReduced,LongExtraDayReduced,"{""slot_on_"":""9\/800@m6""}",159,80,53,22,42,48,11,4,5,16,7,5,1,2,6,1,0,0
65495,2026-04-09 16:33:17,4,6,2,steal,spins,goldSack,gold,1,false,100000,49615065178429,46587,5,5,1,9,0,1,0,1,0,14031,30000,47,0,46.8,bonus_bs15_gae1_no,107,700000,,LongExtraDayReduced,,"{""slot_on_"":""10\/800@m6""}",160,80,54,22,43,48,11,4,5,17,7,6,1,3,6,1,0,0
65496,2026-04-09 16:33:18,1,1,4,coin,coin,steal,gold,1,false,50000,49615065228429,46586,5,5,1,9,0,1,0,0,0,14031,30000,47,0,46.8,bonus_bs15_gae1_no,107,700000,,,,,161,80,55,22,43,48,11,4,5,18,7,7,1,3,6,1,0,0
65497,2026-04-09 16:33:19,3,6,2,attack,spins,goldSack,gold,1,false,100000,49615065328429,46585,5,5,1,9,1,0,0,1,0,14031,30000,47,0,46.8,bonus_bs15_gae1_no,107,700000,,,,,162,81,55,22,44,48,11,4,5,19,8,7,1,4,6,1,0,0
65498,2026-04-09 16:33:20,3,3,3,attack,attack,attack,attack,2,true,0,49615065328429,46584,5,5,1,9,3,0,0,0,0,14031,30000,47,0,46.8,bonus_bs15_gae1_no,107,700000,,,,,163,84,55,22,44,48,12,4,5,20,11,7,1,4,6,2,0,0
65499,2026-04-09 16:33:24,1,1,4,coin,coin,steal,gold,1,false,50000,49615073958429,46583,5,5,1,9,0,1,0,0,0,14031,30000,47,0,46.8,bonus_bs15_gae1_no,107,700000,,,,,164,84,56,22,44,48,12,4,5,21,11,8,1,4,6,2,0,0
65500,2026-04-09 16:33:25,4,6,2,steal,spins,goldSack,gold,1,false,100000,49615074058429,46582,5,5,1,9,0,1,0,1,0,14031,30000,47,0,46.8,bonus_bs15_gae1_no,107,700000,,,,,165,84,57,22,45,48,12,4,5,22,11,9,1,5,6,2,0,0
65501,2026-04-09 16:33:26,1,1,4,coin,coin,steal,gold,1,false,50000,49615074108429,46581,5,5,1,9,0,1,0,0,0,14031,30000,47,0,46.8,bonus_bs15_gae1_no,107,700000,,,,,166,84,58,22,45,48,12,4,5,23,11,10,1,5,6,2,0,0
65502,2026-04-09 16:33:27,4,6,2,steal,spins,goldSack,gold,1,false,100000,49615074208429,46580,5,5,1,9,0,1,0,1,0,14031,30000,47,0,46.8,bonus_bs15_gae1_no,107,700000,,,,,167,84,59,22,46,48,12,4,5,24,11,11,1,6,6,2,0,0
65503,2026-04-09 16:33:29,2,2,2,goldSack,goldSack,goldSack,gold,1,true,2000000,49615076208429,46579,5,5,1,9,0,0,0,0,0,14031,30000,47,0,46.8,bonus_bs15_gae1_no,107,700000,,LongExtraDayReduced,,"{""slot_on_"":""11\/800@m6"",""3d7e46c4"":""332\/750@m1""}",168,84,59,22,46,48,12,4,5,25,11,11,1,6,6,2,0,0
65504,2026-04-09 16:33:30,1,1,1,coin,coin,coin,gold,1,true,250000,49615076458429,46578,5,5,1,9,0,0,0,0,0,14031,30000,47,0,46.8,bonus_bs15_gae1_no,107,700000,,,,,169,84,59,22,46,48,12,4,5,26,11,11,1,6,6,2,0,0
65505,2026-04-09 16:33:32,30,2,2,accumulation,goldSack,goldSack,gold,1,false,150000,49615076608429,46577,5,5,1,9,0,0,0,0,1,14032,30000,47,1,46.8,bonus_bs15_gae1_no,107,700000,,,,,170,84,59,22,46,49,12,4,5,27,11,11,1,6,7,2,0,0
65506,2026-04-09 16:33:33,3,3,3,attack,attack,attack,attack,2,true,0,49615076608429,46576,5,5,1,9,3,0,0,0,0,14032,30000,47,0,46.8,bonus_bs15_gae1_no,107,700000,,,,,171,87,59,22,46,49,13,4,5,28,14,11,1,6,7,3,0,0
65507,2026-04-09 16:33:37,1,1,4,coin,coin,steal,gold,1,false,50000,49615102658429,46575,5,5,1,9,0,1,0,0,0,14032,30000,47,0,46.8,bonus_bs15_gae1_no,107,700000,,,LongExtraDayReduced,"{""slot_on_"":""12\/800@m6""}",172,87,60,22,46,49,13,4,5,29,14,12,1,6,7,3,0,0
65508,2026-04-09 16:33:38,5,5,5,shield,shield,shield,shield,3,true,1,49615102658429,46575,5,5,1,9,0,0,3,0,0,14032,30000,47,0,46.8,bonus_bs15_gae1_no,107,700000,,LongExtraDayReduced,,"{""slot_on_"":""13\/800@m6""}",173,87,60,25,46,49,13,4,6,30,14,12,4,6,7,3,0,1
65509,2026-04-09 16:33:39,30,30,1,accumulation,accumulation,coin,gold,1,false,25000,49615102683429,46574,5,5,1,9,0,0,0,0,2,14034,30000,47,2,46.8,bonus_bs15_gae1_no,107,700000,LongExtraDayReduced,,,"{""slot_on_"":""14\/800@m6""}",174,87,60,25,46,51,13,4,6,31,14,12,4,6,9,3,0,1
65510,2026-04-09 16:33:41,30,2,2,accumulation,goldSack,goldSack,gold,1,false,150000,49615102833429,46573,5,5,1,9,0,0,0,0,1,14035,30000,47,1,46.8,bonus_bs15_gae1_no,107,700000,LongExtraDayReduced,,,"{""slot_on_"":""15\/800@m6""}",175,87,60,25,46,52,13,4,6,32,14,12,4,6,10,3,0,1
65511,2026-04-09 16:33:43,30,30,3,accumulation,accumulation,attack,gold,6,false,0,49615102833429,46572,5,5,1,9,1,0,0,0,2,14037,30000,47,2,46.8,bonus_bs15_gae1_no,107,700000,,,,"{""ea77ce1b"":""11\/950@m2""}",176,88,60,25,46,54,13,4,6,33,15,12,4,6,12,3,0,1
65512,2026-04-09 16:33:45,30,2,2,accumulation,goldSack,goldSack,gold,1,false,150000,49615102983429,46571,5,5,1,9,0,0,0,0,1,14038,30000,47,1,46.8,bonus_bs15_gae1_no,107,700000,,,,,177,88,60,25,46,55,13,4,6,34,15,12,4,6,13,3,0,1
65513,2026-04-09 16:33:48,5,5,5,shield,shield,shield,shield,3,true,1,49615102983429,46571,5,5,1,9,0,0,3,0,0,14038,30000,47,0,46.8,bonus_bs15_gae1_no,107,700000,LongExtraDayReduced,,LongExtraDayReduced,"{""slot_on_"":""17\/800@m6""}",178,88,60,28,46,55,13,4,7,35,15,12,7,6,13,3,0,2
65514,2026-04-09 16:33:50,3,5,2,attack,shield,goldSack,gold,1,false,100000,49615103083429,46570,5,5,1,9,1,0,1,0,0,14038,30000,47,0,46.8,bonus_bs15_gae1_no,107,700000,,,,"{""4fdd0917"":""1255\/1600@m29""}",179,89,60,29,46,55,13,4,7,36,16,12,8,6,13,3,0,2
65515,2026-04-09 16:33:51,3,3,3,attack,attack,attack,attack,2,true,0,49615103083429,46569,5,5,1,9,3,0,0,0,0,14038,30000,47,0,46.8,bonus_bs15_gae1_no,107,700000,,,,"{""3d7e46c4"":""334\/750@m1""}",180,92,60,29,46,55,14,4,7,37,19,12,8,6,13,4,0,2
65516,2026-04-09 16:33:55,30,2,2,accumulation,goldSack,goldSack,gold,1,false,150000,49615129233429,46568,5,5,1,9,0,0,0,0,1,14039,30000,47,1,46.8,bonus_bs15_gae1_no,107,700000,,,,,181,92,60,29,46,56,14,4,7,38,19,12,8,6,14,4,0,2
65517,2026-04-09 16:33:57,30,30,30,accumulation,accumulation,accumulation,gold,10,true,0,49615129233429,46567,5,5,1,9,0,0,0,0,3,14049,30000,47,10,46.8,bonus_bs15_gae1_no,107,700000,,,LongExtraDayReduced,"{""slot_on_"":""18\/800@m6""}",182,92,60,29,46,59,14,4,7,39,19,12,8,6,17,4,0,2
65518,2026-04-09 16:33:59,5,2,2,shield,goldSack,goldSack,gold,1,false,150000,49615129383429,46566,5,5,1,9,0,0,1,0,0,14049,30000,47,0,46.8,bonus_bs15_gae1_no,107,700000,,LongExtraDayReduced,,"{""slot_on_"":""19\/800@m6""}",1,0,0,1,0,0,0,0,0,40,19,12,9,6,17,4,0,2
65519,2026-04-09 16:34:00,30,30,1,accumulation,accumulation,coin,gold,1,false,25000,49615129408429,46565,5,5,1,9,0,0,0,0,2,14051,30000,47,2,46.8,bonus_bs15_gae1_no,107,700000,,LongExtraDayReduced,LongExtraDayReduced,"{""slot_on_"":""21\/800@m6""}",2,0,0,1,0,2,0,0,0,41,19,12,9,6,19,4,0,2
65520,2026-04-09 16:34:01,3,6,2,attack,spins,goldSack,gold,1,false,100000,49615129508429,46564,5,5,1,9,1,0,0,1,0,14051,30000,47,0,46.8,bonus_bs15_gae1_no,107,700000,LongExtraDayReduced,,LongExtraDayReduced,"{""slot_on_"":""23\/800@m6"",""3d7e46c4"":""336\/750@m1""}",3,1,0,1,1,2,0,0,0,42,20,12,9,7,19,4,0,2
65521,2026-04-09 16:34:02,4,4,4,steal,steal,steal,steal,4,true,0,49615129508429,46563,5,5,1,9,0,3,0,0,0,14051,30000,47,0,46.8,bonus_bs15_gae1_no,107,700000,,,,,4,1,3,1,1,2,0,1,0,43,20,15,9,7,19,4,1,2
65522,2026-04-09 16:34:08,1,1,4,coin,coin,steal,gold,1,false,50000,49615284424429,46562,5,5,1,9,0,1,0,0,0,14051,30000,47,0,46.8,bonus_bs15_gae1_no,107,700000,,,,,5,1,4,1,1,2,0,1,0,44,20,16,9,7,19,4,1,2
65523,2026-04-09 16:34:09,3,1,5,attack,coin,shield,gold,1,false,25000,49615284449429,46561,5,5,1,9,1,0,1,0,0,14051,30000,47,0,46.8,bonus_bs15_gae1_no,107,700000,,,,,6,2,4,2,1,2,0,1,0,45,21,16,10,7,19,4,1,2
65524,2026-04-09 16:34:10,1,1,4,coin,coin,steal,gold,1,false,50000,49615284499429,46560,5,5,1,9,0,1,0,0,0,14051,30000,47,0,46.8,bonus_bs15_gae1_no,107,700000,,,,,7,2,5,2,1,2,0,1,0,46,21,17,10,7,19,4,1,2
65525,2026-04-09 16:34:10,4,6,2,steal,spins,goldSack,gold,1,false,100000,49615284599429,46559,5,5,1,9,0,1,0,1,0,14051,30000,47,0,46.8,bonus_bs15_gae1_no,107,700000,,,LongExtraDayReduced,"{""slot_on_"":""24\/800@m6"",""3d7e46c4"":""338\/750@m1""}",8,2,6,2,2,2,0,1,0,47,21,18,10,8,19,4,1,2
65526,2026-04-09 16:34:11,30,2,2,accumulation,goldSack,goldSack,gold,1,false,150000,49615284749429,46558,5,5,1,9,0,0,0,0,1,14052,30000,47,1,46.8,bonus_bs15_gae1_no,107,700000,,,,,9,2,6,2,2,3,0,1,0,48,21,18,10,8,20,4,1,2
65527,2026-04-09 16:34:12,30,30,1,accumulation,accumulation,coin,gold,1,false,25000,49615284774429,46557,5,5,1,9,0,0,0,0,2,14054,30000,47,2,46.8,bonus_bs15_gae1_no,107,700000,LongExtraDayReduced,,,"{""slot_on_"":""25\/800@m6""}",10,2,6,2,2,5,0,1,0,49,21,18,10,8,22,4,1,2
65528,2026-04-09 16:34:14,1,4,4,coin,steal,steal,gold,1,false,25000,49615284799429,46556,5,5,1,9,0,2,0,0,0,14054,30000,47,0,46.8,bonus_bs15_gae1_no,107,700000,,,,,11,2,8,2,2,5,0,1,0,50,21,20,10,8,22,4,1,2
65529,2026-04-09 16:34:14,4,6,2,steal,spins,goldSack,gold,1,false,100000,49615284899429,46555,5,5,1,9,0,1,0,1,0,14054,30000,47,0,46.8,bonus_bs15_gae1_no,107,700000,,,,"{""ea77ce1b"":""12\/950@m2""}",12,2,9,2,3,5,0,1,0,51,21,21,10,9,22,4,1,2
65530,2026-04-09 16:34:15,3,6,2,attack,spins,goldSack,gold,1,false,100000,49615284999429,46554,5,5,1,9,1,0,0,1,0,14054,30000,47,0,46.8,bonus_bs15_gae1_no,107,700000,,,,,13,3,9,2,4,5,0,1,0,52,22,21,10,10,22,4,1,2
65531,2026-04-09 16:34:16,3,6,2,attack,spins,goldSack,gold,1,false,100000,49615285099429,46553,5,5,1,9,1,0,0,1,0,14054,30000,47,0,46.8,bonus_bs15_gae1_no,107,700000,,,,,14,4,9,2,5,5,0,1,0,53,23,21,10,11,22,4,1,2
65532,2026-04-09 16:34:17,30,2,2,accumulation,goldSack,goldSack,gold,1,false,150000,49615285249429,46552,5,5,1,9,0,0,0,0,1,14055,30000,47,1,46.9,bonus_bs15_gae1_no,107,700000,,,,,15,4,9,2,5,6,0,1,0,54,23,21,10,11,23,4,1,2
65533,2026-04-09 16:34:18,3,3,3,attack,attack,attack,attack,2,true,0,49615285249429,46551,5,5,1,9,3,0,0,0,0,14055,30000,47,0,46.9,bonus_bs15_gae1_no,107,700000,,,,"{""4fdd0917"":""1257\/1600@m29""}",16,7,9,2,5,6,1,1,0,55,26,21,10,11,23,5,1,2
65534,2026-04-09 16:34:22,1,6,6,coin,spins,spins,gold,1,false,25000,49615293854429,46550,5,5,1,9,0,0,0,2,0,14055,30000,47,0,46.9,bonus_bs15_gae1_no,107,700000,,,,,17,7,9,2,7,6,1,1,0,56,26,21,10,13,23,5,1,2
65535,2026-04-09 16:34:22,30,2,2,accumulation,goldSack,goldSack,gold,1,false,150000,49615294004429,46549,5,5,1,9,0,0,0,0,1,14056,30000,47,1,46.9,bonus_bs15_gae1_no,107,700000,,,LongExtraDayReduced,"{""slot_on_"":""26\/800@m6""}",18,7,9,2,7,7,1,1,0,57,26,21,10,13,24,5,1,2
65536,2026-04-09 16:34:23,1,6,6,coin,spins,spins,gold,1,false,25000,49615294029429,46548,5,5,1,9,0,0,0,2,0,14056,30000,47,0,46.9,bonus_bs15_gae1_no,107,700000,,,LongExtraDayReduced,"{""slot_on_"":""27\/800@m6""}",19,7,9,2,9,7,1,1,0,58,26,21,10,15,24,5,1,2
65537,2026-04-09 16:34:24,5,5,5,shield,shield,shield,shield,3,true,1,49615294029429,46548,5,5,1,9,0,0,3,0,0,14056,30000,47,0,46.9,bonus_bs15_gae1_no,107,700000,,,,,20,7,9,5,9,7,1,1,1,59,26,21,13,15,24,5,1,3
65538,2026-04-09 16:34:25,3,6,2,attack,spins,goldSack,gold,1,false,100000,49615294129429,46547,5,5,1,9,1,0,0,1,0,14056,30000,47,0,46.9,bonus_bs15_gae1_no,107,700000,,,LongExtraDayReduced,"{""slot_on_"":""28\/800@m6""}",21,8,9,5,10,7,1,1,1,60,27,21,13,16,24,5,1,3
65539,2026-04-09 16:34:26,1,1,1,coin,coin,coin,gold,1,true,250000,49615294379429,46546,5,5,1,9,0,0,0,0,0,14056,30000,47,0,46.9,bonus_bs15_gae1_no,107,700000,,,LongExtraDayReduced,"{""slot_on_"":""29\/800@m6""}",22,8,9,5,10,7,1,1,1,61,27,21,13,16,24,5,1,3
65540,2026-04-09 16:34:27,3,3,1,attack,attack,coin,gold,1,false,25000,49615294404429,46545,5,5,1,9,2,0,0,0,0,14056,30000,47,0,46.9,bonus_bs15_gae1_no,107,700000,,,,,23,10,9,5,10,7,1,1,1,62,29,21,13,16,24,5,1,3
65541,2026-04-09 16:34:28,3,3,1,attack,attack,coin,gold,1,false,25000,49615294429429,46544,5,5,1,9,2,0,0,0,0,14056,30000,47,0,46.9,bonus_bs15_gae1_no,107,700000,,,,,24,12,9,5,10,7,1,1,1,63,31,21,13,16,24,5,1,3
65542,2026-04-09 16:34:28,2,2,2,goldSack,goldSack,goldSack,gold,1,true,2000000,49615296429429,46543,5,5,1,9,0,0,0,0,0,14056,30000,47,0,46.9,bonus_bs15_gae1_no,107,700000,,,,"{""ea77ce1b"":""13\/950@m2"",""3d7e46c4"":""340\/750@m1""}",25,12,9,5,10,7,1,1,1,64,31,21,13,16,24,5,1,3
65543,2026-04-09 16:34:30,3,3,3,attack,attack,attack,attack,2,true,0,49615296429429,46542,5,5,1,9,3,0,0,0,0,14056,30000,47,0,46.9,bonus_bs15_gae1_no,107,700000,,,,,26,15,9,5,10,7,2,1,1,65,34,21,13,16,24,6,1,3
65544,2026-04-09 16:34:34,4,6,2,steal,spins,goldSack,gold,1,false,100000,49615305109429,46541,5,5,1,9,0,1,0,1,0,14056,30000,47,0,46.9,bonus_bs15_gae1_no,107,700000,,,LongExtraDayReduced,"{""slot_on_"":""30\/800@m6""}",27,15,10,5,11,7,2,1,1,66,34,22,13,17,24,6,1,3
65545,2026-04-09 16:34:34,3,5,2,attack,shield,goldSack,gold,1,false,100000,49615305209429,46540,5,5,1,9,1,0,1,0,0,14056,30000,47,0,46.9,bonus_bs15_gae1_no,107,700000,,,,,28,16,10,6,11,7,2,1,1,67,35,22,14,17,24,6,1,3
65546,2026-04-09 16:34:35,1,1,1,coin,coin,coin,gold,1,true,250000,49615305459429,46539,5,5,1,9,0,0,0,0,0,14056,30000,47,0,46.9,bonus_bs15_gae1_no,107,700000,,,LongExtraDayReduced,"{""slot_on_"":""31\/800@m6""}",29,16,10,6,11,7,2,1,1,68,35,22,14,17,24,6,1,3
65547,2026-04-09 16:34:36,30,2,2,accumulation,goldSack,goldSack,gold,1,false,150000,49615305609429,46538,5,5,1,9,0,0,0,0,1,14057,30000,47,1,46.9,bonus_bs15_gae1_no,107,700000,,,,,30,16,10,6,11,8,2,1,1,69,35,22,14,17,25,6,1,3
65548,2026-04-09 16:34:38,3,1,5,attack,coin,shield,gold,1,false,25000,49615305634429,46537,5,5,1,9,1,0,1,0,0,14057,30000,47,0,46.9,bonus_bs15_gae1_no,107,700000,,,,,31,17,10,7,11,8,2,1,1,70,36,22,15,17,25,6,1,3
65549,2026-04-09 16:34:39,30,2,2,accumulation,goldSack,goldSack,gold,1,false,150000,49615305784429,46536,5,5,1,9,0,0,0,0,1,14058,30000,47,1,46.9,bonus_bs15_gae1_no,107,700000,,,,,32,17,10,7,11,9,2,1,1,71,36,22,15,17,26,6,1,3
65550,2026-04-09 16:34:40,30,2,2,accumulation,goldSack,goldSack,gold,1,false,150000,49615305934429,46535,5,5,1,9,0,0,0,0,1,14059,30000,47,1,46.9,bonus_bs15_gae1_no,107,700000,,,LongExtraDayReduced,"{""slot_on_"":""32\/800@m6""}",33,17,10,7,11,10,2,1,1,72,36,22,15,17,27,6,1,3
65551,2026-04-09 16:34:41,2,2,2,goldSack,goldSack,goldSack,gold,1,true,2000000,49615307934429,46534,5,5,1,9,0,0,0,0,0,14059,30000,47,0,46.9,bonus_bs15_gae1_no,107,700000,,LongExtraDayReduced,,"{""slot_on_"":""33\/800@m6"",""3d7e46c4"":""342\/750@m1""}",34,17,10,7,11,10,2,1,1,73,36,22,15,17,27,6,1,3
65552,2026-04-09 16:34:42,4,6,2,steal,spins,goldSack,gold,1,false,100000,49615308034429,46533,5,5,1,9,0,1,0,1,0,14059,30000,47,0,46.9,bonus_bs15_gae1_no,107,700000,,,,,35,17,11,7,12,10,2,1,1,74,36,23,15,18,27,6,1,3
65553,2026-04-09 16:34:43,3,3,1,attack,attack,coin,gold,1,false,25000,49615308059429,46532,5,5,1,9,2,0,0,0,0,14059,30000,47,0,46.9,bonus_bs15_gae1_no,107,700000,,,,,36,19,11,7,12,10,2,1,1,75,38,23,15,18,27,6,1,3
65554,2026-04-09 16:34:43,3,1,5,attack,coin,shield,gold,1,false,25000,49615308084429,46531,5,5,1,9,1,0,1,0,0,14059,30000,47,0,46.9,bonus_bs15_gae1_no,107,700000,,,,,37,20,11,8,12,10,2,1,1,76,39,23,16,18,27,6,1,3
65555,2026-04-09 16:34:44,2,2,2,goldSack,goldSack,goldSack,gold,1,true,2000000,49615310084429,46530,5,5,1,9,0,0,0,0,0,14059,30000,47,0,46.9,bonus_bs15_gae1_no,107,700000,,,,,38,20,11,8,12,10,2,1,1,77,39,23,16,18,27,6,1,3
65556,2026-04-09 16:34:45,2,2,2,goldSack,goldSack,goldSack,gold,1,true,2000000,49615312084429,46529,5,5,1,9,0,0,0,0,0,14059,30000,47,0,46.9,bonus_bs15_gae1_no,107,700000,,,,,39,20,11,8,12,10,2,1,1,78,39,23,16,18,27,6,1,3
65557,2026-04-09 16:34:45,3,3,1,attack,attack,coin,gold,1,false,25000,49615312109429,46528,5,5,1,9,2,0,0,0,0,14059,30000,47,0,46.9,bonus_bs15_gae1_no,107,700000,,,,"{""ea77ce1b"":""14\/950@m2"",""4fdd0917"":""1259\/1600@m29""}",40,22,11,8,12,10,2,1,1,79,41,23,16,18,27,6,1,3
65558,2026-04-09 16:34:46,1,6,6,coin,spins,spins,gold,1,false,25000,49615312134429,46527,5,5,1,9,0,0,0,2,0,14059,30000,47,0,46.9,bonus_bs15_gae1_no,107,700000,LongExtraDayReduced,,,"{""slot_on_"":""34\/800@m6""}",41,22,11,8,14,10,2,1,1,80,41,23,16,20,27,6,1,3
65559,2026-04-09 16:34:47,4,4,4,steal,steal,steal,steal,4,true,0,49615312134429,46526,5,5,1,9,0,3,0,0,0,14059,30000,47,0,46.9,bonus_bs15_gae1_no,107,700000,,,,,42,22,14,8,14,10,2,2,1,81,41,26,16,20,27,6,2,3
65560,2026-04-09 16:34:52,2,2,2,goldSack,goldSack,goldSack,gold,1,true,2000000,49615507124429,46525,5,5,1,9,0,0,0,0,0,14059,30000,47,0,46.9,bonus_bs15_gae1_no,107,700000,,,,,43,22,14,8,14,10,2,2,1,82,41,26,16,20,27,6,2,3
65561,2026-04-09 16:34:53,3,5,2,attack,shield,goldSack,gold,1,false,100000,49615507224429,46524,5,5,1,9,1,0,1,0,0,14059,30000,47,0,46.9,bonus_bs15_gae1_no,107,700000,,,LongExtraDayReduced,"{""slot_on_"":""35\/800@m6""}",44,23,14,9,14,10,2,2,1,83,42,26,17,20,27,6,2,3
65562,2026-04-09 16:34:54,1,4,4,coin,steal,steal,gold,1,false,25000,49615507249429,46523,5,5,1,9,0,2,0,0,0,14059,30000,47,0,46.9,bonus_bs15_gae1_no,107,700000,,,,,45,23,16,9,14,10,2,2,1,84,42,28,17,20,27,6,2,3
65563,2026-04-09 16:34:55,5,5,5,shield,shield,shield,shield,3,true,1,49615507249429,46523,5,5,1,9,0,0,3,0,0,14059,30000,47,0,46.9,bonus_bs15_gae1_no,107,700000,,,,,46,23,16,12,14,10,2,2,2,85,42,28,20,20,27,6,2,4
65564,2026-04-09 16:34:56,1,1,4,coin,coin,steal,gold,1,false,50000,49615507299429,46522,5,5,1,9,0,1,0,0,0,14059,30000,47,0,46.9,bonus_bs15_gae1_no,107,700000,,,LongExtraDayReduced,"{""slot_on_"":""36\/800@m6"",""3d7e46c4"":""344\/750@m1""}",47,23,17,12,14,10,2,2,2,86,42,29,20,20,27,6,2,4
65565,2026-04-09 16:34:57,30,30,3,accumulation,accumulation,attack,gold,6,false,0,49615507299429,46521,5,5,1,9,1,0,0,0,2,14061,30000,47,2,46.9,bonus_bs15_gae1_no,107,700000,,,,,48,24,17,12,14,12,2,2,2,87,43,29,20,20,29,6,2,4
65566,2026-04-09 16:34:58,30,2,2,accumulation,goldSack,goldSack,gold,1,false,150000,49615507449429,46520,5,5,1,9,0,0,0,0,1,14062,30000,47,1,46.9,bonus_bs15_gae1_no,107,700000,LongExtraDayReduced,,LongExtraDayReduced,"{""slot_on_"":""38\/800@m6""}",49,24,17,12,14,13,2,2,2,88,43,29,20,20,30,6,2,4
65567,2026-04-09 16:34:59,1,1,1,coin,coin,coin,gold,1,true,250000,49615507699429,46519,5,5,1,9,0,0,0,0,0,14062,30000,47,0,46.9,bonus_bs15_gae1_no,107,700000,,,,"{""3d7e46c4"":""346\/750@m1""}",50,24,17,12,14,13,2,2,2,89,43,29,20,20,30,6,2,4
65568,2026-04-09 16:35:01,3,4,2,attack,steal,goldSack,gold,1,false,100000,49615507799429,46518,5,5,1,9,1,1,0,0,0,14062,30000,47,0,46.9,bonus_bs15_gae1_no,107,700000,,,,,51,25,18,12,14,13,2,2,2,90,44,30,20,20,30,6,2,4
65569,2026-04-09 16:35:01,1,6,6,coin,spins,spins,gold,1,false,25000,49615507824429,46517,5,5,1,9,0,0,0,2,0,14062,30000,47,0,46.9,bonus_bs15_gae1_no,107,700000,,,LongExtraDayReduced,"{""slot_on_"":""39\/800@m6""}",52,25,18,12,16,13,2,2,2,91,44,30,20,22,30,6,2,4
65570,2026-04-09 16:35:02,5,5,5,shield,shield,shield,shield,3,true,1,49615507824429,46517,5,5,1,9,0,0,3,0,0,14062,30000,47,0,46.9,bonus_bs15_gae1_no,107,700000,,,,,53,25,18,15,16,13,2,2,3,92,44,30,23,22,30,6,2,5
65571,2026-04-09 16:35:03,30,30,1,accumulation,accumulation,coin,gold,1,false,25000,49615507849429,46516,5,5,1,9,0,0,0,0,2,14064,30000,47,2,46.9,bonus_bs15_gae1_no,107,700000,LongExtraDayReduced,,,"{""slot_on_"":""40\/800@m6""}",54,25,18,15,16,15,2,2,3,93,44,30,23,22,32,6,2,5
65572,2026-04-09 16:35:05,30,2,2,accumulation,goldSack,goldSack,gold,1,false,150000,49615507999429,46515,5,5,1,9,0,0,0,0,1,14065,30000,47,1,46.9,bonus_bs15_gae1_no,107,700000,,,,,55,25,18,15,16,16,2,2,3,94,44,30,23,22,33,6,2,5
65573,2026-04-09 16:35:06,2,2,2,goldSack,goldSack,goldSack,gold,1,true,2000000,49615509999429,46514,5,5,1,9,0,0,0,0,0,14065,30000,47,0,46.9,bonus_bs15_gae1_no,107,700000,,,,,56,25,18,15,16,16,2,2,3,95,44,30,23,22,33,6,2,5
65574,2026-04-09 16:35:07,30,2,2,accumulation,goldSack,goldSack,gold,1,false,150000,49615510149429,46513,5,5,1,9,0,0,0,0,1,14066,30000,47,1,46.9,bonus_bs15_gae1_no,107,700000,,,LongExtraDayReduced,"{""slot_on_"":""41\/800@m6""}",57,25,18,15,16,17,2,2,3,96,44,30,23,22,34,6,2,5
65575,2026-04-09 16:35:08,30,30,1,accumulation,accumulation,coin,gold,1,false,25000,49615510174429,46512,5,5,1,9,0,0,0,0,2,14068,30000,47,2,46.9,bonus_bs15_gae1_no,107,700000,,,,,58,25,18,15,16,19,2,2,3,97,44,30,23,22,36,6,2,5
65576,2026-04-09 16:35:09,5,5,5,shield,shield,shield,shield,3,true,1,49615510174429,46512,5,5,1,9,0,0,3,0,0,14068,30000,47,0,46.9,bonus_bs15_gae1_no,107,700000,,,LongExtraDayReduced,"{""slot_on_"":""42\/800@m6"",""ea77ce1b"":""15\/950@m2""}",59,25,18,18,16,19,2,2,4,98,44,30,26,22,36,6,2,6
65577,2026-04-09 16:35:11,30,2,2,accumulation,goldSack,goldSack,gold,1,false,150000,49615510324429,46511,5,5,1,9,0,0,0,0,1,14069,30000,47,1,46.9,bonus_bs15_gae1_no,107,700000,,,,"{""3d7e46c4"":""348\/750@m1""}",60,25,18,18,16,20,2,2,4,99,44,30,26,22,37,6,2,6
65578,2026-04-09 16:35:12,3,4,2,attack,steal,goldSack,gold,1,false,100000,49615510424429,46510,5,5,1,9,1,1,0,0,0,14069,30000,47,0,46.9,bonus_bs15_gae1_no,107,700000,,,,"{""4fdd0917"":""1261\/1600@m29""}",61,26,19,18,16,20,2,2,4,100,45,31,26,22,37,6,2,6
65579,2026-04-09 16:35:13,4,4,4,steal,steal,steal,steal,4,true,0,49615510424429,46509,5,5,1,9,0,3,0,0,0,14069,30000,47,0,46.9,bonus_bs15_gae1_no,107,700000,,,,,62,26,22,18,16,20,2,3,4,101,45,34,26,22,37,6,3,6
65580,2026-04-09 16:35:18,1,1,1,coin,coin,coin,gold,1,true,250000,49615661694429,46508,5,5,1,9,0,0,0,0,0,14069,30000,47,0,46.9,bonus_bs15_gae1_no,107,700000,,,,,63,26,22,18,16,20,2,3,4,102,45,34,26,22,37,6,3,6
65581,2026-04-09 16:35:19,2,2,2,goldSack,goldSack,goldSack,gold,1,true,2000000,49615663694429,46507,5,5,1,9,0,0,0,0,0,14069,30000,47,0,46.9,bonus_bs15_gae1_no,107,700000,,,,,64,26,22,18,16,20,2,3,4,103,45,34,26,22,37,6,3,6
65582,2026-04-09 16:35:19,3,1,1,attack,coin,coin,gold,1,false,50000,49615663744429,46506,5,5,1,9,1,0,0,0,0,14069,30000,47,0,46.9,bonus_bs15_gae1_no,107,700000,,,,,65,27,22,18,16,20,2,3,4,104,46,34,26,22,37,6,3,6
65583,2026-04-09 16:35:20,30,2,2,accumulation,goldSack,goldSack,gold,1,false,150000,49615663894429,46505,5,5,1,9,0,0,0,0,1,14070,30000,47,1,46.9,bonus_bs15_gae1_no,107,700000,,,,,66,27,22,18,16,21,2,3,4,105,46,34,26,22,38,6,3,6
65584,2026-04-09 16:35:21,30,2,2,accumulation,goldSack,goldSack,gold,1,false,150000,49615664044429,46504,5,5,1,9,0,0,0,0,1,14071,30000,47,1,46.9,bonus_bs15_gae1_no,107,700000,,LongExtraDayReduced,,"{""slot_on_"":""43\/800@m6""}",67,27,22,18,16,22,2,3,4,106,46,34,26,22,39,6,3,6
65585,2026-04-09 16:35:23,3,3,3,attack,attack,attack,attack,2,true,0,49615664044429,46503,5,5,1,9,3,0,0,0,0,14071,30000,47,0,46.9,bonus_bs15_gae1_no,107,700000,,,,,68,30,22,18,16,22,3,3,4,107,49,34,26,22,39,7,3,6
65586,2026-04-09 16:35:28,1,4,4,coin,steal,steal,gold,1,false,25000,49615672649429,46502,5,5,1,9,0,2,0,0,0,14071,30000,47,0,46.9,bonus_bs15_gae1_no,107,700000,,,,"{""ea77ce1b"":""16\/950@m2""}",69,30,24,18,16,22,3,3,4,108,49,36,26,22,39,7,3,6
65587,2026-04-09 16:35:28,30,2,2,accumulation,goldSack,goldSack,gold,1,false,150000,49615672799429,46501,5,5,1,9,0,0,0,0,1,14072,30000,47,1,46.9,bonus_bs15_gae1_no,107,700000,,,,"{""3d7e46c4"":""350\/750@m1""}",70,30,24,18,16,23,3,3,4,109,49,36,26,22,40,7,3,6
65588,2026-04-09 16:35:29,30,2,2,accumulation,goldSack,goldSack,gold,1,false,150000,49615672949429,46500,5,5,1,9,0,0,0,0,1,14073,30000,47,1,46.9,bonus_bs15_gae1_no,107,700000,,,,,71,30,24,18,16,24,3,3,4,110,49,36,26,22,41,7,3,6
65589,2026-04-09 16:35:31,1,1,1,coin,coin,coin,gold,1,true,250000,49615673199429,46499,5,5,1,9,0,0,0,0,0,14073,30000,47,0,46.9,bonus_bs15_gae1_no,107,700000,,,,,72,30,24,18,16,24,3,3,4,111,49,36,26,22,41,7,3,6
65590,2026-04-09 16:35:35,2,2,2,goldSack,goldSack,goldSack,gold,1,true,800000000,49616473199429,46099,5,5,400,9,0,0,0,0,0,14073,30000,47,0,46.9,bonus_bs15_gae1_no,107,700000,,,,,73,30,24,18,16,24,3,3,4,112,49,36,26,22,41,7,3,6
65591,2026-04-09 16:35:36,3,3,1,attack,attack,coin,gold,1,false,10000000,49616483199429,45699,5,5,400,9,2,0,0,0,0,14073,30000,47,0,46.9,bonus_bs15_gae1_no,107,700000,,,,"{""4fdd0917"":""461\/1600@m30""}",74,32,24,18,16,24,3,3,4,113,51,36,26,22,41,7,3,6
65592,2026-04-09 16:35:39,3,3,1,attack,attack,coin,gold,1,false,10000000,49616493199429,45299,5,5,400,9,2,0,0,0,0,14073,30000,47,0,46.9,bonus_bs15_gae1_no,107,700000,,,,,75,34,24,18,16,24,3,3,4,114,53,36,26,22,41,7,3,6
65593,2026-04-09 16:35:40,5,5,5,shield,shield,shield,shield,3,true,400,49616493199429,45299,5,5,400,9,0,0,3,0,0,14073,30000,47,0,46.9,bonus_bs15_gae1_no,107,700000,LongExtraDayReduced,,,"{""slot_on_"":""443\/800@m6""}",76,34,24,21,16,24,3,3,5,115,53,36,29,22,41,7,3,7
65594,2026-04-09 16:35:41,6,6,2,spins,spins,goldSack,gold,1,false,40000000,49616533199429,44899,5,5,400,9,0,0,0,2,0,14073,30000,47,0,46.9,bonus_bs15_gae1_no,107,700000,LongExtraDayReduced,LongExtraDayReduced,LongExtraDayReduced,"{""slot_on_"":""643\/1400@m8""}",77,34,24,21,18,24,3,3,5,116,53,36,29,24,41,7,3,7
65595,2026-04-09 16:35:46,1,1,1,coin,coin,coin,gold,1,true,100000000,49616908199429,45699,5,5,400,9,0,0,0,0,0,14073,30000,47,0,46.9,bonus_bs15_gae1_no,107,700000,,,,,78,34,24,21,18,24,3,3,5,117,53,36,29,24,41,7,3,7
65596,2026-04-09 16:35:48,30,30,30,accumulation,accumulation,accumulation,gold,10,true,0,49616908199429,45299,5,5,400,9,0,0,0,0,3,18073,30000,47,4000,60.2,bonus_bs15_gae1_no,107,700000,LongExtraDayReduced,LongExtraDayReduced,,"{""slot_on_"":""43\/1900@m9""}",79,34,24,21,18,27,3,3,5,118,53,36,29,24,44,7,3,7
65597,2026-04-09 16:35:52,4,4,4,steal,steal,steal,steal,4,true,0,49616908199429,45298,5,5,1,9,0,3,0,0,0,18073,30000,47,0,60.2,bonus_bs15_gae1_no,107,700000,,,,,1,0,3,0,0,0,0,1,0,119,53,39,29,24,44,7,4,7
65598,2026-04-09 16:36:00,3,4,2,attack,steal,goldSack,gold,1,false,100000,49616950149429,45297,5,5,1,9,1,1,0,0,0,18073,30000,47,0,60.2,bonus_bs15_gae1_no,107,700000,,,,,2,1,4,0,0,0,0,1,0,120,54,40,29,24,44,7,4,7
65599,2026-04-09 16:36:01,3,1,1,attack,coin,coin,gold,1,false,50000,49616950199429,45296,5,5,1,9,1,0,0,0,0,18073,30000,47,0,60.2,bonus_bs15_gae1_no,107,700000,,,,,3,2,4,0,0,0,0,1,0,121,55,40,29,24,44,7,4,7
65600,2026-04-09 16:36:01,2,2,2,goldSack,goldSack,goldSack,gold,1,true,2000000,49616952199429,45295,5,5,1,9,0,0,0,0,0,18073,30000,47,0,60.2,bonus_bs15_gae1_no,107,700000,,,,,4,2,4,0,0,0,0,1,0,122,55,40,29,24,44,7,4,7
65601,2026-04-09 16:36:02,1,4,6,coin,steal,spins,gold,1,false,25000,49616952224429,45294,5,5,1,9,0,1,0,1,0,18073,30000,47,0,60.2,bonus_bs15_gae1_no,107,700000,,,LongExtraDayReduced,"{""slot_on_"":""44\/1900@m9""}",5,2,5,0,1,0,0,1,0,123,55,41,29,25,44,7,4,7
65602,2026-04-09 16:36:03,1,4,6,coin,steal,spins,gold,1,false,25000,49616952249429,45293,5,5,1,9,0,1,0,1,0,18073,30000,47,0,60.2,bonus_bs15_gae1_no,107,700000,,,,,6,2,6,0,2,0,0,1,0,124,55,42,29,26,44,7,4,7
65603,2026-04-09 16:36:04,30,2,2,accumulation,goldSack,goldSack,gold,1,false,150000,49616952399429,45292,5,5,1,9,0,0,0,0,1,18074,30000,47,1,60.2,bonus_bs15_gae1_no,107,700000,,,,,7,2,6,0,2,1,0,1,0,125,55,42,29,26,45,7,4,7
65604,2026-04-09 16:36:05,3,1,1,attack,coin,coin,gold,1,false,50000,49616952449429,45291,5,5,1,9,1,0,0,0,0,18074,30000,47,0,60.2,bonus_bs15_gae1_no,107,700000,,,,"{""3d7e46c4"":""352\/750@m1""}",8,3,6,0,2,1,0,1,0,126,56,42,29,26,45,7,4,7
65605,2026-04-09 16:36:06,1,4,6,coin,steal,spins,gold,1,false,25000,49616952474429,45290,5,5,1,9,0,1,0,1,0,18074,30000,47,0,60.2,bonus_bs15_gae1_no,107,700000,,,,,9,3,7,0,3,1,0,1,0,127,56,43,29,27,45,7,4,7
65606,2026-04-09 16:36:08,4,4,4,steal,steal,steal,steal,4,true,0,49616952474429,45289,5,5,1,9,0,3,0,0,0,18074,30000,47,0,60.2,bonus_bs15_gae1_no,107,700000,,,,"{""ea77ce1b"":""17\/950@m2""}",10,3,10,0,3,1,0,2,0,128,56,46,29,27,45,7,5,7
65607,2026-04-09 16:36:14,2,2,2,goldSack,goldSack,goldSack,gold,1,true,2000000,49617126824429,45288,5,5,1,9,0,0,0,0,0,18074,30000,47,0,60.2,bonus_bs15_gae1_no,107,700000,,,,"{""4fdd0917"":""463\/1600@m30""}",11,3,10,0,3,1,0,2,0,129,56,46,29,27,45,7,5,7
65608,2026-04-09 16:36:15,1,4,6,coin,steal,spins,gold,1,false,25000,49617126849429,45287,5,5,1,9,0,1,0,1,0,18074,30000,47,0,60.2,bonus_bs15_gae1_no,107,700000,LongExtraDayReduced,LongExtraDayReduced,,"{""slot_on_"":""46\/1900@m9""}",12,3,11,0,4,1,0,2,0,130,56,47,29,28,45,7,5,7
65609,2026-04-09 16:36:16,30,2,2,accumulation,goldSack,goldSack,gold,1,false,150000,49617126999429,45286,5,5,1,9,0,0,0,0,1,18075,30000,47,1,60.2,bonus_bs15_gae1_no,107,700000,,,,,13,3,11,0,4,2,0,2,0,131,56,47,29,28,46,7,5,7
65610,2026-04-09 16:36:17,30,2,2,accumulation,goldSack,goldSack,gold,1,false,150000,49617127149429,45285,5,5,1,9,0,0,0,0,1,18076,30000,47,1,60.3,bonus_bs15_gae1_no,107,700000,LongExtraDayReduced,,,"{""slot_on_"":""47\/1900@m9""}",14,3,11,0,4,3,0,2,0,132,56,47,29,28,47,7,5,7
65611,2026-04-09 16:36:19,3,3,3,attack,attack,attack,attack,2,true,0,49617127149429,45284,5,5,1,9,3,0,0,0,0,18076,30000,47,0,60.3,bonus_bs15_gae1_no,107,700000,,,,,15,6,11,0,4,3,1,2,0,133,59,47,29,28,47,8,5,7
65612,2026-04-09 16:36:22,1,1,1,coin,coin,coin,gold,1,true,250000,49617135979429,45283,5,5,1,9,0,0,0,0,0,18076,30000,47,0,60.3,bonus_bs15_gae1_no,107,700000,,,,,16,6,11,0,4,3,1,2,0,134,59,47,29,28,47,8,5,7
65613,2026-04-09 16:36:23,1,4,6,coin,steal,spins,gold,1,false,25000,49617136004429,45282,5,5,1,9,0,1,0,1,0,18076,30000,47,0,60.3,bonus_bs15_gae1_no,107,700000,,,,,17,6,12,0,5,3,1,2,0,135,59,48,29,29,47,8,5,7
65614,2026-04-09 16:36:24,3,1,1,attack,coin,coin,gold,1,false,50000,49617136054429,45281,5,5,1,9,1,0,0,0,0,18076,30000,47,0,60.3,bonus_bs15_gae1_no,107,700000,,,,,18,7,12,0,5,3,1,2,0,136,60,48,29,29,47,8,5,7
65615,2026-04-09 16:36:26,3,3,1,attack,attack,coin,gold,1,false,25000,49617136079429,45280,5,5,1,9,2,0,0,0,0,18076,30000,47,0,60.3,bonus_bs15_gae1_no,107,700000,,LongExtraDayReduced,LongExtraDayReduced,"{""slot_on_"":""49\/1900@m9""}",19,9,12,0,5,3,1,2,0,137,62,48,29,29,47,8,5,7
65616,2026-04-09 16:36:27,30,30,2,accumulation,accumulation,goldSack,gold,1,false,100000,49617136179429,45279,5,5,1,9,0,0,0,0,2,18078,30000,47,2,60.3,bonus_bs15_gae1_no,107,700000,,,,"{""4fdd0917"":""465\/1600@m30""}",20,9,12,0,5,5,1,2,0,138,62,48,29,29,49,8,5,7
65617,2026-04-09 16:36:29,30,2,2,accumulation,goldSack,goldSack,gold,1,false,150000,49617136329429,45278,5,5,1,9,0,0,0,0,1,18079,30000,47,1,60.3,bonus_bs15_gae1_no,107,700000,,,,,21,9,12,0,5,6,1,2,0,139,62,48,29,29,50,8,5,7
65618,2026-04-09 16:36:30,1,1,1,coin,coin,coin,gold,1,true,250000,49617136579429,45277,5,5,1,9,0,0,0,0,0,18079,30000,47,0,60.3,bonus_bs15_gae1_no,107,700000,,,,"{""3d7e46c4"":""354\/750@m1""}",22,9,12,0,5,6,1,2,0,140,62,48,29,29,50,8,5,7
65619,2026-04-09 16:36:31,30,2,2,accumulation,goldSack,goldSack,gold,1,false,150000,49617136729429,45276,5,5,1,9,0,0,0,0,1,18080,30000,47,1,60.3,bonus_bs15_gae1_no,107,700000,,,LongExtraDayReduced,"{""slot_on_"":""50\/1900@m9""}",23,9,12,0,5,7,1,2,0,141,62,48,29,29,51,8,5,7
65620,2026-04-09 16:36:32,2,2,2,goldSack,goldSack,goldSack,gold,1,true,2000000,49617138729429,45275,5,5,1,9,0,0,0,0,0,18080,30000,47,0,60.3,bonus_bs15_gae1_no,107,700000,,,,,24,9,12,0,5,7,1,2,0,142,62,48,29,29,51,8,5,7
65621,2026-04-09 16:36:33,3,1,5,attack,coin,shield,gold,1,false,25000,49617138754429,45274,5,5,1,9,1,0,1,0,0,18080,30000,47,0,60.3,bonus_bs15_gae1_no,107,700000,,,,,25,10,12,1,5,7,1,2,0,143,63,48,30,29,51,8,5,7
65622,2026-04-09 16:36:33,30,2,2,accumulation,goldSack,goldSack,gold,1,false,150000,49617138904429,45273,5,5,1,9,0,0,0,0,1,18081,30000,47,1,60.3,bonus_bs15_gae1_no,107,700000,,,,"{""ea77ce1b"":""18\/950@m2""}",26,10,12,1,5,8,1,2,0,144,63,48,30,29,52,8,5,7
65623,2026-04-09 16:36:34,2,2,2,goldSack,goldSack,goldSack,gold,1,true,2000000,49617140904429,45272,5,5,1,9,0,0,0,0,0,18081,30000,47,0,60.3,bonus_bs15_gae1_no,107,700000,,,,,27,10,12,1,5,8,1,2,0,145,63,48,30,29,52,8,5,7
65624,2026-04-09 16:36:35,30,30,2,accumulation,accumulation,goldSack,gold,1,false,100000,49617141004429,45271,5,5,1,9,0,0,0,0,2,18083,30000,47,2,60.3,bonus_bs15_gae1_no,107,700000,,LongExtraDayReduced,LongExtraDayReduced,"{""slot_on_"":""52\/1900@m9""}",28,10,12,1,5,10,1,2,0,146,63,48,30,29,54,8,5,7
65625,2026-04-09 16:36:37,1,4,6,coin,steal,spins,gold,1,false,25000,49617141029429,45270,5,5,1,9,0,1,0,1,0,18083,30000,47,0,60.3,bonus_bs15_gae1_no,107,700000,,,,,29,10,13,1,6,10,1,2,0,147,63,49,30,30,54,8,5,7
65626,2026-04-09 16:36:37,1,1,1,coin,coin,coin,gold,1,true,250000,49617141279429,45269,5,5,1,9,0,0,0,0,0,18083,30000,47,0,60.3,bonus_bs15_gae1_no,107,700000,LongExtraDayReduced,,,"{""slot_on_"":""53\/1900@m9""}",30,10,13,1,6,10,1,2,0,148,63,49,30,30,54,8,5,7
65627,2026-04-09 16:36:38,1,1,1,coin,coin,coin,gold,1,true,250000,49617141529429,45268,5,5,1,9,0,0,0,0,0,18083,30000,47,0,60.3,bonus_bs15_gae1_no,107,700000,,,,,31,10,13,1,6,10,1,2,0,149,63,49,30,30,54,8,5,7
65628,2026-04-09 16:36:39,3,4,2,attack,steal,goldSack,gold,1,false,100000,49617141629429,45267,5,5,1,9,1,1,0,0,0,18083,30000,47,0,60.3,bonus_bs15_gae1_no,107,700000,,,,,32,11,14,1,6,10,1,2,0,150,64,50,30,30,54,8,5,7
65629,2026-04-09 16:36:39,1,4,6,coin,steal,spins,gold,1,false,25000,49617141654429,45266,5,5,1,9,0,1,0,1,0,18083,30000,47,0,60.3,bonus_bs15_gae1_no,107,700000,,,,"{""3d7e46c4"":""356\/750@m1""}",33,11,15,1,7,10,1,2,0,151,64,51,30,31,54,8,5,7
65630,2026-04-09 16:36:40,3,4,2,attack,steal,goldSack,gold,1,false,100000,49617141754429,45265,5,5,1,9,1,1,0,0,0,18083,30000,47,0,60.3,bonus_bs15_gae1_no,107,700000,,,,"{""ea77ce1b"":""19\/950@m2""}",34,12,16,1,7,10,1,2,0,152,65,52,30,31,54,8,5,7
65631,2026-04-09 16:36:41,3,1,1,attack,coin,coin,gold,1,false,50000,49617141804429,45264,5,5,1,9,1,0,0,0,0,18083,30000,47,0,60.3,bonus_bs15_gae1_no,107,700000,,,,,35,13,16,1,7,10,1,2,0,153,66,52,30,31,54,8,5,7
65632,2026-04-09 16:36:42,3,1,1,attack,coin,coin,gold,1,false,50000,49617141854429,45263,5,5,1,9,1,0,0,0,0,18083,30000,47,0,60.3,bonus_bs15_gae1_no,107,700000,,,,,36,14,16,1,7,10,1,2,0,154,67,52,30,31,54,8,5,7
65633,2026-04-09 16:36:42,30,2,2,accumulation,goldSack,goldSack,gold,1,false,150000,49617142004429,45262,5,5,1,9,0,0,0,0,1,18084,30000,47,1,60.3,bonus_bs15_gae1_no,107,700000,,,,,37,14,16,1,7,11,1,2,0,155,67,52,30,31,55,8,5,7
65634,2026-04-09 16:36:43,1,5,5,coin,shield,shield,gold,1,false,25000,49617142029429,45261,5,5,1,9,0,0,2,0,0,18084,30000,47,0,60.3,bonus_bs15_gae1_no,107,700000,,,,,38,14,16,3,7,11,1,2,0,156,67,52,32,31,55,8,5,7
65635,2026-04-09 16:36:44,3,3,1,attack,attack,coin,gold,1,false,25000,49617142054429,45260,5,5,1,9,2,0,0,0,0,18084,30000,47,0,60.3,bonus_bs15_gae1_no,107,700000,,,,,39,16,16,3,7,11,1,2,0,157,69,52,32,31,55,8,5,7
65636,2026-04-09 16:36:45,3,6,2,attack,spins,goldSack,gold,1,false,100000,49617142154429,45259,5,5,1,9,1,0,0,1,0,18084,30000,47,0,60.3,bonus_bs15_gae1_no,107,700000,,LongExtraDayReduced,,"{""slot_on_"":""54\/1900@m9""}",40,17,16,3,8,11,1,2,0,158,70,52,32,32,55,8,5,7
65637,2026-04-09 16:36:46,30,30,2,accumulation,accumulation,goldSack,gold,1,false,100000,49617142254429,45258,5,5,1,9,0,0,0,0,2,18086,30000,47,2,60.3,bonus_bs15_gae1_no,107,700000,,,,"{""ea77ce1b"":""20\/950@m2"",""4fdd0917"":""467\/1600@m30""}",41,17,16,3,8,13,1,2,0,159,70,52,32,32,57,8,5,7
65638,2026-04-09 16:36:47,3,3,3,attack,attack,attack,attack,2,true,0,49617142254429,45257,5,5,1,9,3,0,0,0,0,18086,30000,47,0,60.3,bonus_bs15_gae1_no,107,700000,,LongExtraDayReduced,,"{""slot_on_"":""55\/1900@m9""}",42,20,16,3,8,13,2,2,0,160,73,52,32,32,57,9,5,7
65639,2026-04-09 16:36:51,5,5,5,shield,shield,shield,shield,3,true,1,49617168254429,45257,5,5,1,9,0,0,3,0,0,18086,30000,47,0,60.3,bonus_bs15_gae1_no,107,700000,,,,,43,20,16,6,8,13,2,2,1,161,73,52,35,32,57,9,5,8
65640,2026-04-09 16:36:52,30,2,2,accumulation,goldSack,goldSack,gold,1,false,150000,49617168404429,45256,5,5,1,9,0,0,0,0,1,18087,30000,47,1,60.3,bonus_bs15_gae1_no,107,700000,,,,,44,20,16,6,8,14,2,2,1,162,73,52,35,32,58,9,5,8
65641,2026-04-09 16:36:53,3,3,3,attack,attack,attack,attack,2,true,0,49617168404429,45255,5,5,1,9,3,0,0,0,0,18087,30000,47,0,60.3,bonus_bs15_gae1_no,107,700000,,,,"{""3d7e46c4"":""358\/750@m1""}",45,23,16,6,8,14,3,2,1,163,76,52,35,32,58,10,5,8
65642,2026-04-09 16:36:56,5,5,5,shield,shield,shield,shield,3,true,1,49617194404429,45255,5,5,1,9,0,0,3,0,0,18087,30000,47,0,60.3,bonus_bs15_gae1_no,107,700000,,,LongExtraDayReduced,"{""slot_on_"":""56\/1900@m9""}",46,23,16,9,8,14,3,2,2,164,76,52,38,32,58,10,5,9
65643,2026-04-09 16:36:58,4,4,2,steal,steal,goldSack,gold,1,false,100000,49617194504429,45254,5,5,1,9,0,2,0,0,0,18087,30000,47,0,60.3,bonus_bs15_gae1_no,107,700000,,,,,47,23,18,9,8,14,3,2,2,165,76,54,38,32,58,10,5,9
65644,2026-04-09 16:36:58,6,6,6,spins,spins,spins,spins,5,true,10,49617194504429,45263,5,5,1,9,0,0,0,3,0,18087,30000,47,0,60.3,bonus_bs15_gae1_no,107,700000,,,,,48,23,18,9,11,14,3,2,2,166,76,54,38,35,58,10,5,9
65645,2026-04-09 16:37:00,30,2,2,accumulation,goldSack,goldSack,gold,1,false,150000,49617194654429,45262,5,5,1,9,0,0,0,0,1,18088,30000,47,1,60.3,bonus_bs15_gae1_no,107,700000,LongExtraDayReduced,,,"{""slot_on_"":""57\/1900@m9"",""3d7e46c4"":""360\/750@m1""}",49,23,18,9,11,15,3,2,2,1,0,0,0,0,1,0,0,0
65646,2026-04-09 16:37:01,5,5,5,shield,shield,shield,shield,3,true,1,49617194654429,45262,5,5,1,9,0,0,3,0,0,18088,30000,47,0,60.3,bonus_bs15_gae1_no,107,700000,,,,"{""ea77ce1b"":""21\/950@m2""}",50,23,18,12,11,15,3,2,3,2,0,0,3,0,1,0,0,1
65647,2026-04-09 16:37:02,2,2,2,goldSack,goldSack,goldSack,gold,1,true,2000000,49617196654429,45261,5,5,1,9,0,0,0,0,0,18088,30000,47,0,60.3,bonus_bs15_gae1_no,107,700000,,,,,51,23,18,12,11,15,3,2,3,3,0,0,3,0,1,0,0,1
65648,2026-04-09 16:37:03,5,2,2,shield,goldSack,goldSack,gold,1,false,150000,49617196804429,45260,5,5,1,9,0,0,1,0,0,18088,30000,47,0,60.3,bonus_bs15_gae1_no,107,700000,,LongExtraDayReduced,LongExtraDayReduced,"{""slot_on_"":""59\/1900@m9""}",52,23,18,13,11,15,3,2,3,4,0,0,4,0,1,0,0,1
65649,2026-04-09 16:37:04,4,4,2,steal,steal,goldSack,gold,1,false,100000,49617196904429,45259,5,5,1,9,0,2,0,0,0,18088,30000,47,0,60.3,bonus_bs15_gae1_no,107,700000,,,,,53,23,20,13,11,15,3,2,3,5,0,2,4,0,1,0,0,1
65650,2026-04-09 16:37:05,6,6,2,spins,spins,goldSack,gold,1,false,100000,49617197004429,45258,5,5,1,9,0,0,0,2,0,18088,30000,47,0,60.3,bonus_bs15_gae1_no,107,700000,,,,,54,23,20,13,13,15,3,2,3,6,0,2,4,2,1,0,0,1
65651,2026-04-09 16:37:05,3,1,1,attack,coin,coin,gold,1,false,50000,49617197054429,45257,5,5,1,9,1,0,0,0,0,18088,30000,47,0,60.3,bonus_bs15_gae1_no,107,700000,,,,,55,24,20,13,13,15,3,2,3,7,1,2,4,2,1,0,0,1
65652,2026-04-09 16:37:06,30,2,2,accumulation,goldSack,goldSack,gold,1,false,150000,49617197204429,45256,5,5,1,9,0,0,0,0,1,18089,30000,47,1,60.3,bonus_bs15_gae1_no,107,700000,,,,,56,24,20,13,13,16,3,2,3,8,1,2,4,2,2,0,0,1
65653,2026-04-09 16:37:07,3,1,1,attack,coin,coin,gold,1,false,50000,49617197254429,45255,5,5,1,9,1,0,0,0,0,18089,30000,47,0,60.3,bonus_bs15_gae1_no,107,700000,,,,,57,25,20,13,13,16,3,2,3,9,2,2,4,2,2,0,0,1
65654,2026-04-09 16:37:08,30,30,2,accumulation,accumulation,goldSack,gold,1,false,100000,49617197354429,45254,5,5,1,9,0,0,0,0,2,18091,30000,47,2,60.3,bonus_bs15_gae1_no,107,700000,,,,,58,25,20,13,13,18,3,2,3,10,2,2,4,2,4,0,0,1
65655,2026-04-09 16:37:09,1,4,6,coin,steal,spins,gold,1,false,25000,49617197379429,45253,5,5,1,9,0,1,0,1,0,18091,30000,47,0,60.3,bonus_bs15_gae1_no,107,700000,,,,,59,25,21,13,14,18,3,2,3,11,2,3,4,3,4,0,0,1
65656,2026-04-09 16:37:09,3,1,1,attack,coin,coin,gold,1,false,50000,49617197429429,45252,5,5,1,9,1,0,0,0,0,18091,30000,47,0,60.3,bonus_bs15_gae1_no,107,700000,LongExtraDayReduced,,,"{""slot_on_"":""60\/1900@m9""}",60,26,21,13,14,18,3,2,3,12,3,3,4,3,4,0,0,1
65657,2026-04-09 16:37:10,1,4,6,coin,steal,spins,gold,1,false,25000,49617197454429,45251,5,5,1,9,0,1,0,1,0,18091,30000,47,0,60.3,bonus_bs15_gae1_no,107,700000,,,,,61,26,22,13,15,18,3,2,3,13,3,4,4,4,4,0,0,1
65658,2026-04-09 16:37:11,2,2,2,goldSack,goldSack,goldSack,gold,1,true,2000000,49617199454429,45250,5,5,1,9,0,0,0,0,0,18091,30000,47,0,60.3,bonus_bs15_gae1_no,107,700000,,,,,62,26,22,13,15,18,3,2,3,14,3,4,4,4,4,0,0,1
65659,2026-04-09 16:37:11,30,2,2,accumulation,goldSack,goldSack,gold,1,false,150000,49617199604429,45249,5,5,1,9,0,0,0,0,1,18092,30000,47,1,60.3,bonus_bs15_gae1_no,107,700000,,LongExtraDayReduced,,"{""slot_on_"":""61\/1900@m9""}",63,26,22,13,15,19,3,2,3,15,3,4,4,4,5,0,0,1
65660,2026-04-09 16:37:13,30,30,2,accumulation,accumulation,goldSack,gold,1,false,100000,49617199704429,45248,5,5,1,9,0,0,0,0,2,18094,30000,47,2,60.3,bonus_bs15_gae1_no,107,700000,,,,,64,26,22,13,15,21,3,2,3,16,3,4,4,4,7,0,0,1
65661,2026-04-09 16:37:14,3,6,2,attack,spins,goldSack,gold,1,false,100000,49617199804429,45247,5,5,1,9,1,0,0,1,0,18094,30000,47,0,60.3,bonus_bs15_gae1_no,107,700000,,,,"{""4fdd0917"":""469\/1600@m30""}",65,27,22,13,16,21,3,2,3,17,4,4,4,5,7,0,0,1
65662,2026-04-09 16:37:15,30,30,2,accumulation,accumulation,goldSack,gold,1,false,100000,49617199904429,45246,5,5,1,9,0,0,0,0,2,18096,30000,47,2,60.3,bonus_bs15_gae1_no,107,700000,,,,,66,27,22,13,16,23,3,2,3,18,4,4,4,5,9,0,0,1
65663,2026-04-09 16:37:16,3,4,2,attack,steal,goldSack,gold,1,false,100000,49617200004429,45245,5,5,1,9,1,1,0,0,0,18096,30000,47,0,60.3,bonus_bs15_gae1_no,107,700000,,,,"{""ea77ce1b"":""22\/950@m2"",""3d7e46c4"":""362\/750@m1""}",67,28,23,13,16,23,3,2,3,19,5,5,4,5,9,0,0,1
65664,2026-04-09 16:37:17,1,4,6,coin,steal,spins,gold,1,false,25000,49617200029429,45244,5,5,1,9,0,1,0,1,0,18096,30000,47,0,60.3,bonus_bs15_gae1_no,107,700000,LongExtraDayReduced,,LongExtraDayReduced,"{""slot_on_"":""63\/1900@m9""}",68,28,24,13,17,23,3,2,3,20,5,6,4,6,9,0,0,1
65665,2026-04-09 16:37:18,1,1,1,coin,coin,coin,gold,1,true,250000,49617200279429,45243,5,5,1,9,0,0,0,0,0,18096,30000,47,0,60.3,bonus_bs15_gae1_no,107,700000,,,,,69,28,24,13,17,23,3,2,3,21,5,6,4,6,9,0,0,1
65666,2026-04-09 16:37:18,1,4,6,coin,steal,spins,gold,1,false,25000,49617200304429,45242,5,5,1,9,0,1,0,1,0,18096,30000,47,0,60.3,bonus_bs15_gae1_no,107,700000,,LongExtraDayReduced,,"{""slot_on_"":""64\/1900@m9""}",70,28,25,13,18,23,3,2,3,22,5,7,4,7,9,0,0,1
65667,2026-04-09 16:37:19,2,2,2,goldSack,goldSack,goldSack,gold,1,true,2000000,49617202304429,45241,5,5,1,9,0,0,0,0,0,18096,30000,47,0,60.3,bonus_bs15_gae1_no,107,700000,,,,,71,28,25,13,18,23,3,2,3,23,5,7,4,7,9,0,0,1
65668,2026-04-09 16:37:20,3,3,3,attack,attack,attack,attack,2,true,0,49617202304429,45240,5,5,1,9,3,0,0,0,0,18096,30000,47,0,60.3,bonus_bs15_gae1_no,107,700000,,,,,72,31,25,13,18,23,4,2,3,24,8,7,4,7,9,1,0,1
65669,2026-04-09 16:37:24,1,1,1,coin,coin,coin,gold,1,true,250000,49617228554429,45239,5,5,1,9,0,0,0,0,0,18096,30000,47,0,60.3,bonus_bs15_gae1_no,107,700000,,,,,73,31,25,13,18,23,4,2,3,25,8,7,4,7,9,1,0,1
65670,2026-04-09 16:37:25,30,2,2,accumulation,goldSack,goldSack,gold,1,false,150000,49617228704429,45238,5,5,1,9,0,0,0,0,1,18097,30000,47,1,60.3,bonus_bs15_gae1_no,107,700000,,,,,74,31,25,13,18,24,4,2,3,26,8,7,4,7,10,1,0,1
65671,2026-04-09 16:37:26,3,1,1,attack,coin,coin,gold,1,false,50000,49617228754429,45237,5,5,1,9,1,0,0,0,0,18097,30000,47,0,60.3,bonus_bs15_gae1_no,107,700000,,,,,75,32,25,13,18,24,4,2,3,27,9,7,4,7,10,1,0,1
65672,2026-04-09 16:37:26,1,4,6,coin,steal,spins,gold,1,false,25000,49617228779429,45236,5,5,1,9,0,1,0,1,0,18097,30000,47,0,60.3,bonus_bs15_gae1_no,107,700000,,,,,76,32,26,13,19,24,4,2,3,28,9,8,4,8,10,1,0,1
65673,2026-04-09 16:37:27,30,30,2,accumulation,accumulation,goldSack,gold,1,false,100000,49617228879429,45235,5,5,1,9,0,0,0,0,2,18099,30000,47,2,60.3,bonus_bs15_gae1_no,107,700000,LongExtraDayReduced,LongExtraDayReduced,,"{""slot_on_"":""66\/1900@m9"",""ea77ce1b"":""23\/950@m2""}",77,32,26,13,19,26,4,2,3,29,9,8,4,8,12,1,0,1
65674,2026-04-09 16:37:28,30,2,2,accumulation,goldSack,goldSack,gold,1,false,150000,49617229029429,45234,5,5,1,9,0,0,0,0,1,18100,30000,47,1,60.3,bonus_bs15_gae1_no,107,700000,,,,,78,32,26,13,19,27,4,2,3,30,9,8,4,8,13,1,0,1
65675,2026-04-09 16:37:29,3,6,2,attack,spins,goldSack,gold,1,false,100000,49617229129429,45233,5,5,1,9,1,0,0,1,0,18100,30000,47,0,60.3,bonus_bs15_gae1_no,107,700000,,,,,79,33,26,13,20,27,4,2,3,31,10,8,4,9,13,1,0,1
65676,2026-04-09 16:37:30,3,4,2,attack,steal,goldSack,gold,1,false,100000,49617229229429,45232,5,5,1,9,1,1,0,0,0,18100,30000,47,0,60.3,bonus_bs15_gae1_no,107,700000,,,,,80,34,27,13,20,27,4,2,3,32,11,9,4,9,13,1,0,1
65677,2026-04-09 16:37:31,6,6,2,spins,spins,goldSack,gold,1,false,100000,49617229329429,45231,5,5,1,9,0,0,0,2,0,18100,30000,47,0,60.3,bonus_bs15_gae1_no,107,700000,,,,"{""4fdd0917"":""471\/1600@m30""}",81,34,27,13,22,27,4,2,3,33,11,9,4,11,13,1,0,1
65678,2026-04-09 16:37:31,3,3,1,attack,attack,coin,gold,1,false,25000,49617229354429,45230,5,5,1,9,2,0,0,0,0,18100,30000,47,0,60.3,bonus_bs15_gae1_no,107,700000,,,,,82,36,27,13,22,27,4,2,3,34,13,9,4,11,13,1,0,1
65679,2026-04-09 16:37:33,3,3,3,attack,attack,attack,attack,2,true,0,49617229354429,45229,5,5,1,9,3,0,0,0,0,18100,30000,47,0,60.3,bonus_bs15_gae1_no,107,700000,,,LongExtraDayReduced,"{""slot_on_"":""67\/1900@m9""}",83,39,27,13,22,27,5,2,3,35,16,9,4,11,13,2,0,1
65680,2026-04-09 16:37:36,3,3,3,attack,attack,attack,attack,2,true,0,49617255354429,45228,5,5,1,9,3,0,0,0,0,18100,30000,47,0,60.3,bonus_bs15_gae1_no,107,700000,,,,"{""3d7e46c4"":""364\/750@m1""}",84,42,27,13,22,27,6,2,3,36,19,9,4,11,13,3,0,1
65681,2026-04-09 16:37:40,4,4,2,steal,steal,goldSack,gold,1,false,100000,49617264034429,45227,5,5,1,9,0,2,0,0,0,18100,30000,47,0,60.3,bonus_bs15_gae1_no,107,700000,,,,,85,42,29,13,22,27,6,2,3,37,19,11,4,11,13,3,0,1
65682,2026-04-09 16:37:41,1,4,6,coin,steal,spins,gold,1,false,25000,49617264059429,45226,5,5,1,9,0,1,0,1,0,18100,30000,47,0,60.3,bonus_bs15_gae1_no,107,700000,,,LongExtraDayReduced,"{""slot_on_"":""68\/1900@m9""}",86,42,30,13,23,27,6,2,3,38,19,12,4,12,13,3,0,1
65683,2026-04-09 16:37:42,3,1,1,attack,coin,coin,gold,1,false,50000,49617264109429,45225,5,5,1,9,1,0,0,0,0,18100,30000,47,0,60.3,bonus_bs15_gae1_no,107,700000,,,,,87,43,30,13,23,27,6,2,3,39,20,12,4,12,13,3,0,1
65684,2026-04-09 16:37:42,30,2,2,accumulation,goldSack,goldSack,gold,1,false,150000,49617264259429,45224,5,5,1,9,0,0,0,0,1,18101,30000,47,1,60.3,bonus_bs15_gae1_no,107,700000,,,,,88,43,30,13,23,28,6,2,3,40,20,12,4,12,14,3,0,1
65685,2026-04-09 16:37:43,3,3,1,attack,attack,coin,gold,1,false,25000,49617264284429,45223,5,5,1,9,2,0,0,0,0,18101,30000,47,0,60.3,bonus_bs15_gae1_no,107,700000,LongExtraDayReduced,,,"{""slot_on_"":""69\/1900@m9""}",89,45,30,13,23,28,6,2,3,41,22,12,4,12,14,3,0,1
65686,2026-04-09 16:37:44,30,2,2,accumulation,goldSack,goldSack,gold,1,false,150000,49617264434429,45222,5,5,1,9,0,0,0,0,1,18102,30000,47,1,60.3,bonus_bs15_gae1_no,107,700000,,,,,90,45,30,13,23,29,6,2,3,42,22,12,4,12,15,3,0,1
65687,2026-04-09 16:37:45,3,3,3,attack,attack,attack,attack,2,true,0,49617264434429,45221,5,5,1,9,3,0,0,0,0,18102,30000,47,0,60.3,bonus_bs15_gae1_no,107,700000,,,,,91,48,30,13,23,29,7,2,3,43,25,12,4,12,15,4,0,1
65688,2026-04-09 16:37:49,4,4,4,steal,steal,steal,steal,4,true,0,49617273014429,45220,5,5,1,9,0,3,0,0,0,18102,30000,47,0,60.3,bonus_bs15_gae1_no,107,700000,LongExtraDayReduced,,,"{""slot_on_"":""70\/1900@m9""}",92,48,33,13,23,29,7,3,3,44,25,15,4,12,15,4,1,1
65689,2026-04-09 16:37:54,30,2,2,accumulation,goldSack,goldSack,gold,1,false,150000,49617410546429,45219,5,5,1,9,0,0,0,0,1,18103,30000,47,1,60.3,bonus_bs15_gae1_no,107,700000,,,,"{""4fdd0917"":""473\/1600@m30""}",93,48,33,13,23,30,7,3,3,45,25,15,4,12,16,4,1,1
65690,2026-04-09 16:37:55,1,1,4,coin,coin,steal,gold,1,false,50000,49617410596429,45218,5,5,1,9,0,1,0,0,0,18103,30000,47,0,60.3,bonus_bs15_gae1_no,107,700000,,,,"{""ea77ce1b"":""24\/950@m2""}",94,48,34,13,23,30,7,3,3,46,25,16,4,12,16,4,1,1
65691,2026-04-09 16:37:56,3,6,2,attack,spins,goldSack,gold,1,false,100000,49617410696429,45217,5,5,1,9,1,0,0,1,0,18103,30000,47,0,60.3,bonus_bs15_gae1_no,107,700000,,,,,95,49,34,13,24,30,7,3,3,47,26,16,4,13,16,4,1,1
65692,2026-04-09 16:37:57,5,5,5,shield,shield,shield,shield,3,true,1,49617410696429,45217,5,5,1,9,0,0,3,0,0,18103,30000,47,0,60.3,bonus_bs15_gae1_no,107,700000,LongExtraDayReduced,,,"{""slot_on_"":""71\/1900@m9""}",96,49,34,16,24,30,7,3,4,48,26,16,7,13,16,4,1,2
65693,2026-04-09 16:37:58,3,3,1,attack,attack,coin,gold,1,false,25000,49617410721429,45216,5,5,1,9,2,0,0,0,0,18103,30000,47,0,60.3,bonus_bs15_gae1_no,107,700000,,,,,97,51,34,16,24,30,7,3,4,49,28,16,7,13,16,4,1,2
65694,2026-04-09 16:37:59,3,6,2,attack,spins,goldSack,gold,1,false,100000,49617410821429,45215,5,5,1,9,1,0,0,1,0,18103,30000,47,0,60.3,bonus_bs15_gae1_no,107,700000,,,,,98,52,34,16,25,30,7,3,4,50,29,16,7,14,16,4,1,2
65695,2026-04-09 16:38:00,30,2,2,accumulation,goldSack,goldSack,gold,1,false,150000,49617410971429,45214,5,5,1,9,0,0,0,0,1,18104,30000,47,1,60.3,bonus_bs15_gae1_no,107,700000,,,,,99,52,34,16,25,31,7,3,4,51,29,16,7,14,17,4,1,2
65696,2026-04-09 16:38:01,5,5,5,shield,shield,shield,shield,3,true,1,49617410971429,45214,5,5,1,9,0,0,3,0,0,18104,30000,47,0,60.3,bonus_bs15_gae1_no,107,700000,,,,,100,52,34,19,25,31,7,3,5,52,29,16,10,14,17,4,1,3
65697,2026-04-09 16:38:01,1,1,4,coin,coin,steal,gold,1,false,50000,49617411021429,45213,5,5,1,9,0,1,0,0,0,18104,30000,47,0,60.3,bonus_bs15_gae1_no,107,700000,,LongExtraDayReduced,LongExtraDayReduced,"{""slot_on_"":""73\/1900@m9""}",101,52,35,19,25,31,7,3,5,53,29,17,10,14,17,4,1,3
65698,2026-04-09 16:38:03,30,2,2,accumulation,goldSack,goldSack,gold,1,false,150000,49617411171429,45212,5,5,1,9,0,0,0,0,1,18105,30000,47,1,60.4,bonus_bs15_gae1_no,107,700000,,LongExtraDayReduced,,"{""slot_on_"":""74\/1900@m9""}",102,52,35,19,25,32,7,3,5,54,29,17,10,14,18,4,1,3
65699,2026-04-09 16:38:04,2,2,2,goldSack,goldSack,goldSack,gold,1,true,2000000,49617413171429,45211,5,5,1,9,0,0,0,0,0,18105,30000,47,0,60.4,bonus_bs15_gae1_no,107,700000,,,,,103,52,35,19,25,32,7,3,5,55,29,17,10,14,18,4,1,3
65700,2026-04-09 16:38:05,3,6,2,attack,spins,goldSack,gold,1,false,100000,49617413271429,45210,5,5,1,9,1,0,0,1,0,18105,30000,47,0,60.4,bonus_bs15_gae1_no,107,700000,,,,,104,53,35,19,26,32,7,3,5,56,30,17,10,15,18,4,1,3
65701,2026-04-09 16:38:07,3,6,2,attack,spins,goldSack,gold,1,false,100000,49617413371429,45209,5,5,1,9,1,0,0,1,0,18105,30000,47,0,60.4,bonus_bs15_gae1_no,107,700000,,,,"{""3d7e46c4"":""366\/750@m1""}",105,54,35,19,27,32,7,3,5,57,31,17,10,16,18,4,1,3
65702,2026-04-09 16:38:10,30,2,2,accumulation,goldSack,goldSack,gold,1,false,60000000,49617473371429,44809,5,5,400,9,0,0,0,0,1,18505,30000,47,400,61.7,bonus_bs15_gae1_no,107,700000,,,,,106,54,35,19,27,33,7,3,5,58,31,17,10,16,19,4,1,3
65703,2026-04-09 16:38:11,3,6,2,attack,spins,goldSack,gold,1,false,40000000,49617513371429,44409,5,5,400,9,1,0,0,1,0,18505,30000,47,0,61.7,bonus_bs15_gae1_no,107,700000,,,,,107,55,35,19,28,33,7,3,5,59,32,17,10,17,19,4,1,3
65704,2026-04-09 16:38:13,30,30,30,accumulation,accumulation,accumulation,gold,10,true,0,49617513371429,44009,5,5,400,9,0,0,0,0,3,22505,30000,47,4000,75.0,bonus_bs15_gae1_no,107,700000,LongExtraDayReduced,,LongExtraDayReduced,"{""slot_on_"":""874\/1900@m9""}",108,55,35,19,28,36,7,3,5,60,32,17,10,17,22,4,1,3
65705,2026-04-09 16:38:16,5,5,5,shield,shield,shield,shield,3,true,1,49617513371429,44009,5,5,1,9,0,0,3,0,0,22505,30000,47,0,75.0,bonus_bs15_gae1_no,107,700000,LongExtraDayReduced,,,"{""slot_on_"":""875\/1900@m9""}",1,0,0,3,0,0,0,0,1,61,32,17,13,17,22,4,1,4
65706,2026-04-09 16:38:17,3,6,2,attack,spins,goldSack,gold,1,false,100000,49617513471429,44008,5,5,1,9,1,0,0,1,0,22505,30000,47,0,75.0,bonus_bs15_gae1_no,107,700000,,,,"{""ea77ce1b"":""25\/950@m2""}",2,1,0,3,1,0,0,0,1,62,33,17,13,18,22,4,1,4
65707,2026-04-09 16:38:18,3,4,2,attack,steal,goldSack,gold,1,false,100000,49617513571429,44007,5,5,1,9,1,1,0,0,0,22505,30000,47,0,75.0,bonus_bs15_gae1_no,107,700000,,,,,3,2,1,3,1,0,0,0,1,63,34,18,13,18,22,4,1,4
65708,2026-04-09 16:38:19,1,1,1,coin,coin,coin,gold,1,true,250000,49617513821429,44006,5,5,1,9,0,0,0,0,0,22505,30000,47,0,75.0,bonus_bs15_gae1_no,107,700000,,,LongExtraDayReduced,"{""slot_on_"":""876\/1900@m9""}",4,2,1,3,1,0,0,0,1,64,34,18,13,18,22,4,1,4
65709,2026-04-09 16:38:20,4,4,4,steal,steal,steal,steal,4,true,0,49617513821429,44005,5,5,1,9,0,3,0,0,0,22505,30000,47,0,75.0,bonus_bs15_gae1_no,107,700000,LongExtraDayReduced,LongExtraDayReduced,LongExtraDayReduced,"{""slot_on_"":""881\/1900@m9""}",5,2,4,3,1,0,0,1,1,65,34,21,13,18,22,4,2,4
65710,2026-04-09 16:38:25,30,2,2,accumulation,goldSack,goldSack,gold,1,false,150000,49617632021429,44004,5,5,1,9,0,0,0,0,1,22506,30000,47,1,75.0,bonus_bs15_gae1_no,107,700000,,,,,6,2,4,3,1,1,0,1,1,66,34,21,13,18,23,4,2,4
65711,2026-04-09 16:38:26,1,6,6,coin,spins,spins,gold,1,false,25000,49617632046429,44003,5,5,1,9,0,0,0,2,0,22506,30000,47,0,75.0,bonus_bs15_gae1_no,107,700000,,,,,7,2,4,3,3,1,0,1,1,67,34,21,13,20,23,4,2,4
65712,2026-04-09 16:38:27,3,3,1,attack,attack,coin,gold,1,false,25000,49617632071429,44002,5,5,1,9,2,0,0,0,0,22506,30000,47,0,75.0,bonus_bs15_gae1_no,107,700000,,,,"{""4fdd0917"":""475\/1600@m30""}",8,4,4,3,3,1,0,1,1,68,36,21,13,20,23,4,2,4
65713,2026-04-09 16:38:28,3,3,3,attack,attack,attack,attack,2,true,0,49617632071429,44001,5,5,1,9,3,0,0,0,0,22506,30000,47,0,75.0,bonus_bs15_gae1_no,107,700000,,,,"{""3d7e46c4"":""368\/750@m1""}",9,7,4,3,3,1,1,1,1,69,39,21,13,20,23,5,2,4
65714,2026-04-09 16:38:32,3,4,2,attack,steal,goldSack,gold,1,false,100000,49617640751429,44000,5,5,1,9,1,1,0,0,0,22506,30000,47,0,75.0,bonus_bs15_gae1_no,107,700000,,,,,10,8,5,3,3,1,1,1,1,70,40,22,13,20,23,5,2,4
65715,2026-04-09 16:38:33,30,2,2,accumulation,goldSack,goldSack,gold,1,false,150000,49617640901429,43999,5,5,1,9,0,0,0,0,1,22507,30000,47,1,75.0,bonus_bs15_gae1_no,107,700000,,LongExtraDayReduced,,"{""slot_on_"":""882\/1900@m9""}",11,8,5,3,3,2,1,1,1,71,40,22,13,20,24,5,2,4
65716,2026-04-09 16:38:34,3,6,2,attack,spins,goldSack,gold,1,false,100000,49617641001429,43998,5,5,1,9,1,0,0,1,0,22507,30000,47,0,75.0,bonus_bs15_gae1_no,107,700000,,,,,12,9,5,3,4,2,1,1,1,72,41,22,13,21,24,5,2,4
65717,2026-04-09 16:38:35,1,1,1,coin,coin,coin,gold,1,true,250000,49617641251429,43997,5,5,1,9,0,0,0,0,0,22507,30000,47,0,75.0,bonus_bs15_gae1_no,107,700000,,LongExtraDayReduced,,"{""slot_on_"":""883\/1900@m9""}",13,9,5,3,4,2,1,1,1,73,41,22,13,21,24,5,2,4
65718,2026-04-09 16:38:36,1,4,4,coin,steal,steal,gold,1,false,25000,49617641276429,43996,5,5,1,9,0,2,0,0,0,22507,30000,47,0,75.0,bonus_bs15_gae1_no,107,700000,,,,"{""ea77ce1b"":""26\/950@m2""}",14,9,7,3,4,2,1,1,1,74,41,24,13,21,24,5,2,4
65719,2026-04-09 16:38:37,3,6,2,attack,spins,goldSack,gold,1,false,100000,49617641376429,43995,5,5,1,9,1,0,0,1,0,22507,30000,47,0,75.0,bonus_bs15_gae1_no,107,700000,,,LongExtraDayReduced,"{""slot_on_"":""884\/1900@m9""}",15,10,7,3,5,2,1,1,1,75,42,24,13,22,24,5,2,4
65720,2026-04-09 16:38:37,30,2,2,accumulation,goldSack,goldSack,gold,1,false,150000,49617641526429,43994,5,5,1,9,0,0,0,0,1,22508,30000,47,1,75.0,bonus_bs15_gae1_no,107,700000,,,,,16,10,7,3,5,3,1,1,1,76,42,24,13,22,25,5,2,4
65721,2026-04-09 16:38:38,5,5,5,shield,shield,shield,shield,3,true,1,49617641526429,43994,5,5,1,9,0,0,3,0,0,22508,30000,47,0,75.0,bonus_bs15_gae1_no,107,700000,,,,,17,10,7,6,5,3,1,1,2,77,42,24,16,22,25,5,2,5
65722,2026-04-09 16:38:39,1,4,4,coin,steal,steal,gold,1,false,25000,49617641551429,43993,5,5,1,9,0,2,0,0,0,22508,30000,47,0,75.0,bonus_bs15_gae1_no,107,700000,,,,,18,10,9,6,5,3,1,1,2,78,42,26,16,22,25,5,2,5
65723,2026-04-09 16:38:40,4,4,4,steal,steal,steal,steal,4,true,0,49617641551429,43992,5,5,1,9,0,3,0,0,0,22508,30000,47,0,75.0,bonus_bs15_gae1_no,107,700000,,,,,19,10,12,6,5,3,1,2,2,79,42,29,16,22,25,5,3,5
65724,2026-04-09 16:38:45,3,3,1,attack,attack,coin,gold,1,false,25000,49617805238429,43991,5,5,1,9,2,0,0,0,0,22508,30000,47,0,75.0,bonus_bs15_gae1_no,107,700000,,,,,20,12,12,6,5,3,1,2,2,80,44,29,16,22,25,5,3,5
65725,2026-04-09 16:38:46,30,2,2,accumulation,goldSack,goldSack,gold,1,false,150000,49617805388429,43990,5,5,1,9,0,0,0,0,1,22509,30000,47,1,75.0,bonus_bs15_gae1_no,107,700000,,,,"{""3d7e46c4"":""370\/750@m1""}",21,12,12,6,5,4,1,2,2,81,44,29,16,22,26,5,3,5
65726,2026-04-09 16:38:47,30,2,2,accumulation,goldSack,goldSack,gold,1,false,150000,49617805538429,43989,5,5,1,9,0,0,0,0,1,22510,30000,47,1,75.0,bonus_bs15_gae1_no,107,700000,,,,"{""4fdd0917"":""477\/1600@m30""}",22,12,12,6,5,5,1,2,2,82,44,29,16,22,27,5,3,5
65727,2026-04-09 16:38:48,1,4,6,coin,steal,spins,gold,1,false,25000,49617805563429,43988,5,5,1,9,0,1,0,1,0,22510,30000,47,0,75.0,bonus_bs15_gae1_no,107,700000,,,,"{""ea77ce1b"":""27\/950@m2""}",23,12,13,6,6,5,1,2,2,83,44,30,16,23,27,5,3,5
65728,2026-04-09 16:38:49,3,6,2,attack,spins,goldSack,gold,1,false,100000,49617805663429,43987,5,5,1,9,1,0,0,1,0,22510,30000,47,0,75.0,bonus_bs15_gae1_no,107,700000,,,,,24,13,13,6,7,5,1,2,2,84,45,30,16,24,27,5,3,5
65729,2026-04-09 16:38:50,4,6,2,steal,spins,goldSack,gold,1,false,100000,49617805763429,43986,5,5,1,9,0,1,0,1,0,22510,30000,47,0,75.0,bonus_bs15_gae1_no,107,700000,,,,,25,13,14,6,8,5,1,2,2,85,45,31,16,25,27,5,3,5
65730,2026-04-09 16:38:51,30,2,2,accumulation,goldSack,goldSack,gold,1,false,150000,49617805913429,43985,5,5,1,9,0,0,0,0,1,22511,30000,47,1,75.0,bonus_bs15_gae1_no,107,700000,,,,,26,13,14,6,8,6,1,2,2,86,45,31,16,25,28,5,3,5
65731,2026-04-09 16:38:52,3,4,2,attack,steal,goldSack,gold,1,false,100000,49617806013429,43984,5,5,1,9,1,1,0,0,0,22511,30000,47,0,75.0,bonus_bs15_gae1_no,107,700000,,,,,27,14,15,6,8,6,1,2,2,87,46,32,16,25,28,5,3,5
65732,2026-04-09 16:38:52,30,2,2,accumulation,goldSack,goldSack,gold,1,false,150000,49617806163429,43983,5,5,1,9,0,0,0,0,1,22512,30000,47,1,75.0,bonus_bs15_gae1_no,107,700000,,,,,28,14,15,6,8,7,1,2,2,88,46,32,16,25,29,5,3,5
65733,2026-04-09 16:38:53,1,6,6,coin,spins,spins,gold,1,false,25000,49617806188429,43982,5,5,1,9,0,0,0,2,0,22512,30000,47,0,75.0,bonus_bs15_gae1_no,107,700000,LongExtraDayReduced,,,"{""slot_on_"":""885\/1900@m9""}",29,14,15,6,10,7,1,2,2,89,46,32,16,27,29,5,3,5
65734,2026-04-09 16:38:54,6,6,6,spins,spins,spins,spins,5,true,10,49617806188429,43991,5,5,1,9,0,0,0,3,0,22512,30000,47,0,75.0,bonus_bs15_gae1_no,107,700000,LongExtraDayReduced,,,"{""slot_on_"":""886\/1900@m9""}",30,14,15,6,13,7,1,2,2,90,46,32,16,30,29,5,3,5
65735,2026-04-09 16:38:56,3,6,2,attack,spins,goldSack,gold,1,false,100000,49617806288429,43990,5,5,1,9,1,0,0,1,0,22512,30000,47,0,75.0,bonus_bs15_gae1_no,107,700000,,,,,31,15,15,6,14,7,1,2,2,1,1,0,0,1,0,0,0,0
65736,2026-04-09 16:38:57,1,1,1,coin,coin,coin,gold,1,true,250000,49617806538429,43989,5,5,1,9,0,0,0,0,0,22512,30000,47,0,75.0,bonus_bs15_gae1_no,107,700000,,,,"{""4fdd0917"":""479\/1600@m30""}",32,15,15,6,14,7,1,2,2,2,1,0,0,1,0,0,0,0
65737,2026-04-09 16:38:58,3,4,2,attack,steal,goldSack,gold,1,false,100000,49617806638429,43988,5,5,1,9,1,1,0,0,0,22512,30000,47,0,75.0,bonus_bs15_gae1_no,107,700000,,,,"{""3d7e46c4"":""372\/750@m1""}",33,16,16,6,14,7,1,2,2,3,2,1,0,1,0,0,0,0
65738,2026-04-09 16:38:58,2,2,2,goldSack,goldSack,goldSack,gold,1,true,2000000,49617808638429,43987,5,5,1,9,0,0,0,0,0,22512,30000,47,0,75.0,bonus_bs15_gae1_no,107,700000,,,,,34,16,16,6,14,7,1,2,2,4,2,1,0,1,0,0,0,0
65739,2026-04-09 16:38:59,30,30,1,accumulation,accumulation,coin,gold,1,false,25000,49617808663429,43986,5,5,1,9,0,0,0,0,2,22514,30000,47,2,75.0,bonus_bs15_gae1_no,107,700000,,,,,35,16,16,6,14,9,1,2,2,5,2,1,0,1,2,0,0,0
65740,2026-04-09 16:39:01,1,1,1,coin,coin,coin,gold,1,true,250000,49617808913429,43985,5,5,1,9,0,0,0,0,0,22514,30000,47,0,75.0,bonus_bs15_gae1_no,107,700000,,,,,36,16,16,6,14,9,1,2,2,6,2,1,0,1,2,0,0,0
65741,2026-04-09 16:39:01,3,3,3,attack,attack,attack,attack,2,true,0,49617808913429,43984,5,5,1,9,3,0,0,0,0,22514,30000,47,0,75.0,bonus_bs15_gae1_no,107,700000,,,,,37,19,16,6,14,9,2,2,2,7,5,1,0,1,2,1,0,0
65742,2026-04-09 16:39:05,1,1,1,coin,coin,coin,gold,1,true,250000,49617817743429,43983,5,5,1,9,0,0,0,0,0,22514,30000,47,0,75.0,bonus_bs15_gae1_no,107,700000,,,LongExtraDayReduced,"{""slot_on_"":""887\/1900@m9"",""ea77ce1b"":""28\/950@m2""}",38,19,16,6,14,9,2,2,2,8,5,1,0,1,2,1,0,0
65743,2026-04-09 16:39:07,3,6,2,attack,spins,goldSack,gold,1,false,100000,49617817843429,43982,5,5,1,9,1,0,0,1,0,22514,30000,47,0,75.0,bonus_bs15_gae1_no,107,700000,,,,,39,20,16,6,15,9,2,2,2,9,6,1,0,2,2,1,0,0
65744,2026-04-09 16:39:07,30,2,2,accumulation,goldSack,goldSack,gold,1,false,150000,49617817993429,43981,5,5,1,9,0,0,0,0,1,22515,30000,47,1,75.0,bonus_bs15_gae1_no,107,700000,,,,,40,20,16,6,15,10,2,2,2,10,6,1,0,2,3,1,0,0
65745,2026-04-09 16:39:08,3,3,3,attack,attack,attack,attack,2,true,0,49617817993429,43980,5,5,1,9,3,0,0,0,0,22515,30000,47,0,75.0,bonus_bs15_gae1_no,107,700000,,,,,41,23,16,6,15,10,3,2,2,11,9,1,0,2,3,2,0,0
65746,2026-04-09 16:39:12,30,30,1,accumulation,accumulation,coin,gold,1,false,25000,49617826598429,43979,5,5,1,9,0,0,0,0,2,22517,30000,47,2,75.1,bonus_bs15_gae1_no,107,700000,,,,,42,23,16,6,15,12,3,2,2,12,9,1,0,2,5,2,0,0
65747,2026-04-09 16:39:13,3,6,2,attack,spins,goldSack,gold,1,false,100000,49617826698429,43978,5,5,1,9,1,0,0,1,0,22517,30000,47,0,75.1,bonus_bs15_gae1_no,107,700000,,,,,43,24,16,6,16,12,3,2,2,13,10,1,0,3,5,2,0,0
65748,2026-04-09 16:39:14,1,1,4,coin,coin,steal,gold,1,false,50000,49617826748429,43977,5,5,1,9,0,1,0,0,0,22517,30000,47,0,75.1,bonus_bs15_gae1_no,107,700000,,LongExtraDayReduced,LongExtraDayReduced,"{""slot_on_"":""889\/1900@m9""}",44,24,17,6,16,12,3,2,2,14,10,2,0,3,5,2,0,0
65749,2026-04-09 16:39:15,30,2,2,accumulation,goldSack,goldSack,gold,1,false,150000,49617826898429,43976,5,5,1,9,0,0,0,0,1,22518,30000,47,1,75.1,bonus_bs15_gae1_no,107,700000,,,,,45,24,17,6,16,13,3,2,2,15,10,2,0,3,6,2,0,0
65750,2026-04-09 16:39:16,5,5,5,shield,shield,shield,shield,3,true,1,49617826898429,43976,5,5,1,9,0,0,3,0,0,22518,30000,47,0,75.1,bonus_bs15_gae1_no,107,700000,,,,"{""3d7e46c4"":""374\/750@m1""}",46,24,17,9,16,13,3,2,3,16,10,2,3,3,6,2,0,1
65751,2026-04-09 16:39:17,1,1,1,coin,coin,coin,gold,1,true,250000,49617827148429,43975,5,5,1,9,0,0,0,0,0,22518,30000,47,0,75.1,bonus_bs15_gae1_no,107,700000,,,,"{""ea77ce1b"":""29\/950@m2""}",47,24,17,9,16,13,3,2,3,17,10,2,3,3,6,2,0,1
65752,2026-04-09 16:39:18,3,6,2,attack,spins,goldSack,gold,1,false,100000,49617827248429,43974,5,5,1,9,1,0,0,1,0,22518,30000,47,0,75.1,bonus_bs15_gae1_no,107,700000,,LongExtraDayReduced,LongExtraDayReduced,"{""slot_on_"":""891\/1900@m9""}",48,25,17,9,17,13,3,2,3,18,11,2,3,4,6,2,0,1
65753,2026-04-09 16:39:18,30,30,1,accumulation,accumulation,coin,gold,1,false,25000,49617827273429,43973,5,5,1,9,0,0,0,0,2,22520,30000,47,2,75.1,bonus_bs15_gae1_no,107,700000,,,,"{""4fdd0917"":""481\/1600@m30""}",49,25,17,9,17,15,3,2,3,19,11,2,3,4,8,2,0,1
65754,2026-04-09 16:39:20,2,2,2,goldSack,goldSack,goldSack,gold,1,true,2000000,49617829273429,43972,5,5,1,9,0,0,0,0,0,22520,30000,47,0,75.1,bonus_bs15_gae1_no,107,700000,,,,,50,25,17,9,17,15,3,2,3,20,11,2,3,4,8,2,0,1
65755,2026-04-09 16:39:21,5,5,5,shield,shield,shield,shield,3,true,1,49617829273429,43972,5,5,1,9,0,0,3,0,0,22520,30000,47,0,75.1,bonus_bs15_gae1_no,107,700000,LongExtraDayReduced,LongExtraDayReduced,,"{""slot_on_"":""893\/1900@m9""}",51,25,17,12,17,15,3,2,4,21,11,2,6,4,8,2,0,2
65756,2026-04-09 16:39:22,3,6,2,attack,spins,goldSack,gold,1,false,100000,49617829373429,43971,5,5,1,9,1,0,0,1,0,22520,30000,47,0,75.1,bonus_bs15_gae1_no,107,700000,,,,,52,26,17,12,18,15,3,2,4,22,12,2,6,5,8,2,0,2
65757,2026-04-09 16:39:23,3,6,2,attack,spins,goldSack,gold,1,false,100000,49617829473429,43970,5,5,1,9,1,0,0,1,0,22520,30000,47,0,75.1,bonus_bs15_gae1_no,107,700000,,,,,53,27,17,12,19,15,3,2,4,23,13,2,6,6,8,2,0,2
65758,2026-04-09 16:39:23,2,2,2,goldSack,goldSack,goldSack,gold,1,true,2000000,49617831473429,43969,5,5,1,9,0,0,0,0,0,22520,30000,47,0,75.1,bonus_bs15_gae1_no,107,700000,LongExtraDayReduced,,,"{""slot_on_"":""894\/1900@m9""}",54,27,17,12,19,15,3,2,4,24,13,2,6,6,8,2,0,2
65759,2026-04-09 16:39:24,30,2,2,accumulation,goldSack,goldSack,gold,1,false,150000,49617831623429,43968,5,5,1,9,0,0,0,0,1,22521,30000,47,1,75.1,bonus_bs15_gae1_no,107,700000,,,,,55,27,17,12,19,16,3,2,4,25,13,2,6,6,9,2,0,2
65760,2026-04-09 16:39:26,1,1,1,coin,coin,coin,gold,1,true,250000,49617831873429,43967,5,5,1,9,0,0,0,0,0,22521,30000,47,0,75.1,bonus_bs15_gae1_no,107,700000,,,,,56,27,17,12,19,16,3,2,4,26,13,2,6,6,9,2,0,2
65761,2026-04-09 16:39:27,30,30,1,accumulation,accumulation,coin,gold,1,false,25000,49617831898429,43966,5,5,1,9,0,0,0,0,2,22523,30000,47,2,75.1,bonus_bs15_gae1_no,107,700000,,,,,57,27,17,12,19,18,3,2,4,27,13,2,6,6,11,2,0,2
65762,2026-04-09 16:39:28,1,1,1,coin,coin,coin,gold,1,true,250000,49617832148429,43965,5,5,1,9,0,0,0,0,0,22523,30000,47,0,75.1,bonus_bs15_gae1_no,107,700000,,,LongExtraDayReduced,"{""slot_on_"":""895\/1900@m9""}",58,27,17,12,19,18,3,2,4,28,13,2,6,6,11,2,0,2
65763,2026-04-09 16:39:29,5,2,2,shield,goldSack,goldSack,gold,1,false,150000,49617832298429,43964,5,5,1,9,0,0,1,0,0,22523,30000,47,0,75.1,bonus_bs15_gae1_no,107,700000,,LongExtraDayReduced,,"{""slot_on_"":""896\/1900@m9""}",59,27,17,13,19,18,3,2,4,29,13,2,7,6,11,2,0,2
65764,2026-04-09 16:39:30,30,30,1,accumulation,accumulation,coin,gold,1,false,25000,49617832323429,43963,5,5,1,9,0,0,0,0,2,22525,30000,47,2,75.1,bonus_bs15_gae1_no,107,700000,,,,,60,27,17,13,19,20,3,2,4,30,13,2,7,6,13,2,0,2
65765,2026-04-09 16:39:32,30,2,2,accumulation,goldSack,goldSack,gold,1,false,150000,49617832473429,43962,5,5,1,9,0,0,0,0,1,22526,30000,47,1,75.1,bonus_bs15_gae1_no,107,700000,,,,"{""3d7e46c4"":""376\/750@m1""}",61,27,17,13,19,21,3,2,4,31,13,2,7,6,14,2,0,2
65766,2026-04-09 16:39:33,30,2,2,accumulation,goldSack,goldSack,gold,1,false,150000,49617832623429,43961,5,5,1,9,0,0,0,0,1,22527,30000,47,1,75.1,bonus_bs15_gae1_no,107,700000,,,,"{""4fdd0917"":""483\/1600@m30""}",62,27,17,13,19,22,3,2,4,32,13,2,7,6,15,2,0,2
65767,2026-04-09 16:39:36,3,6,2,attack,spins,goldSack,gold,1,false,40000000,49617872623429,43561,5,5,400,9,1,0,0,1,0,22527,30000,47,0,75.1,bonus_bs15_gae1_no,107,700000,,,LongExtraDayReduced,"{""slot_on_"":""1296\/1900@m9""}",63,28,17,13,20,22,3,2,4,33,14,2,7,7,15,2,0,2
65768,2026-04-09 16:39:37,30,2,2,accumulation,goldSack,goldSack,gold,1,false,60000000,49617932623429,43161,5,5,400,9,0,0,0,0,1,22927,30000,47,400,76.4,bonus_bs15_gae1_no,107,700000,,,,,64,28,17,13,20,23,3,2,4,34,14,2,7,7,16,2,0,2
65769,2026-04-09 16:39:39,1,1,4,coin,coin,steal,gold,1,false,20000000,49617952623429,42761,5,5,400,9,0,1,0,0,0,22927,30000,47,0,76.4,bonus_bs15_gae1_no,107,700000,,LongExtraDayReduced,,"{""slot_on_"":""1696\/1900@m9""}",65,28,18,13,20,23,3,2,4,35,14,3,7,7,16,2,0,2
65770,2026-04-09 16:39:41,1,4,6,coin,steal,spins,gold,1,false,10000000,49617962623429,42361,5,5,400,9,0,1,0,1,0,22927,30000,47,0,76.4,bonus_bs15_gae1_no,107,700000,,,,"{""3d7e46c4"":""426\/1500@m2""}",66,28,19,13,21,23,3,2,4,36,14,4,7,8,16,2,0,2
65771,2026-04-09 16:39:44,30,2,2,accumulation,goldSack,goldSack,gold,1,false,60000000,49618022623429,41961,5,5,400,9,0,0,0,0,1,23327,30000,47,400,77.8,bonus_bs15_gae1_no,107,700000,LongExtraDayReduced,LongExtraDayReduced,LongExtraDayReduced,"{""slot_on_"":""1796\/2400@m10""}",67,28,19,13,21,24,3,2,4,37,14,4,7,8,17,2,0,2
65772,2026-04-09 16:39:47,5,5,5,shield,shield,shield,shield,3,true,400,49618022623429,42861,5,5,400,9,0,0,3,0,0,23327,30000,47,0,77.8,bonus_bs15_gae1_no,107,700000,,,,"{""ea77ce1b"":""429\/950@m2""}",68,28,19,16,21,24,3,2,5,38,14,4,10,8,17,2,0,3
65773,2026-04-09 16:39:50,4,4,2,steal,steal,goldSack,gold,1,false,100000,49618022723429,42860,5,5,1,9,0,2,0,0,0,23327,30000,47,0,77.8,bonus_bs15_gae1_no,107,700000,LongExtraDayReduced,,,"{""slot_on_"":""1797\/2400@m10""}",69,28,21,16,21,24,3,2,5,39,14,6,10,8,17,2,0,3
65774,2026-04-09 16:39:51,30,30,1,accumulation,accumulation,coin,gold,1,false,25000,49618022748429,42859,5,5,1,9,0,0,0,0,2,23329,30000,47,2,77.8,bonus_bs15_gae1_no,107,700000,,,,,70,28,21,16,21,26,3,2,5,40,14,6,10,8,19,2,0,3
65775,2026-04-09 16:39:55,3,6,2,attack,spins,goldSack,gold,1,false,100000,49618022848429,42858,5,5,1,9,1,0,0,1,0,23329,30000,47,0,77.8,bonus_bs15_gae1_no,107,700000,LongExtraDayReduced,,,"{""slot_on_"":""1798\/2400@m10""}",71,29,21,16,22,26,3,2,5,41,15,6,10,9,19,2,0,3
65776,2026-04-09 16:39:57,2,2,2,goldSack,goldSack,goldSack,gold,1,true,2000000,49618024848429,42857,5,5,1,9,0,0,0,0,0,23329,30000,47,0,77.8,bonus_bs15_gae1_no,107,700000,,,,,72,29,21,16,22,26,3,2,5,42,15,6,10,9,19,2,0,3
65777,2026-04-09 16:39:58,3,5,2,attack,shield,goldSack,gold,1,false,100000,49618024948429,42856,5,5,1,9,1,0,1,0,0,23329,30000,47,0,77.8,bonus_bs15_gae1_no,107,700000,,,,,73,30,21,17,22,26,3,2,5,43,16,6,11,9,19,2,0,3
65778,2026-04-09 16:39:59,30,2,2,accumulation,goldSack,goldSack,gold,1,false,150000,49618025098429,42855,5,5,1,9,0,0,0,0,1,23330,30000,47,1,77.8,bonus_bs15_gae1_no,107,700000,,,,,74,30,21,17,22,27,3,2,5,44,16,6,11,9,20,2,0,3
65779,2026-04-09 16:40:03,1,1,1,coin,coin,coin,gold,1,true,250000,49618025348429,42854,5,5,1,9,0,0,0,0,0,23330,30000,47,0,77.8,bonus_bs15_gae1_no,107,700000,,,,,75,30,21,17,22,27,3,2,5,45,16,6,11,9,20,2,0,3
65780,2026-04-09 16:40:04,30,30,1,accumulation,accumulation,coin,gold,1,false,25000,49618025373429,42853,5,5,1,9,0,0,0,0,2,23332,30000,47,2,77.8,bonus_bs15_gae1_no,107,700000,LongExtraDayReduced,,,"{""slot_on_"":""1799\/2400@m10"",""4fdd0917"":""485\/1600@m30""}",76,30,21,17,22,29,3,2,5,46,16,6,11,9,22,2,0,3
65781,2026-04-09 16:40:07,1,1,1,coin,coin,coin,gold,1,true,250000,49618025623429,42852,5,5,1,9,0,0,0,0,0,23332,30000,47,0,77.8,bonus_bs15_gae1_no,107,700000,LongExtraDayReduced,,,"{""slot_on_"":""1800\/2400@m10""}",77,30,21,17,22,29,3,2,5,47,16,6,11,9,22,2,0,3
65782,2026-04-09 16:40:08,5,5,5,shield,shield,shield,shield,3,true,1,49618025623429,42852,5,5,1,9,0,0,3,0,0,23332,30000,47,0,77.8,bonus_bs15_gae1_no,107,700000,,,,,78,30,21,20,22,29,3,2,6,48,16,6,14,9,22,2,0,4
65783,2026-04-09 16:40:09,4,4,4,steal,steal,steal,steal,4,true,0,49618025623429,42851,5,5,1,9,0,3,0,0,0,23332,30000,47,0,77.8,bonus_bs15_gae1_no,107,700000,,,,,79,30,24,20,22,29,3,3,6,49,16,9,14,9,22,2,1,4
65784,2026-04-09 16:40:15,3,3,1,attack,attack,coin,gold,1,false,25000,49618199553429,42850,5,5,1,9,2,0,0,0,0,23332,30000,47,0,77.8,bonus_bs15_gae1_no,107,700000,,,,"{""ea77ce1b"":""430\/950@m2""}",80,32,24,20,22,29,3,3,6,50,18,9,14,9,22,2,1,4
65785,2026-04-09 16:40:16,4,4,2,steal,steal,goldSack,gold,1,false,100000,49618199653429,42849,5,5,1,9,0,2,0,0,0,23332,30000,47,0,77.8,bonus_bs15_gae1_no,107,700000,,,,"{""3d7e46c4"":""428\/1500@m2""}",81,32,26,20,22,29,3,3,6,51,18,11,14,9,22,2,1,4
65786,2026-04-09 16:40:18,3,3,3,attack,attack,attack,attack,2,true,0,49618199653429,42848,5,5,1,9,3,0,0,0,0,23332,30000,47,0,77.8,bonus_bs15_gae1_no,107,700000,,,,,82,35,26,20,22,29,4,3,6,52,21,11,14,9,22,3,1,4
65787,2026-04-09 16:40:21,1,1,4,coin,coin,steal,gold,1,false,50000,49618225703429,42847,5,5,1,9,0,1,0,0,0,23332,30000,47,0,77.8,bonus_bs15_gae1_no,107,700000,,,,,83,35,27,20,22,29,4,3,6,53,21,12,14,9,22,3,1,4
65788,2026-04-09 16:40:22,3,3,1,attack,attack,coin,gold,1,false,25000,49618225728429,42846,5,5,1,9,2,0,0,0,0,23332,30000,47,0,77.8,bonus_bs15_gae1_no,107,700000,,,,,84,37,27,20,22,29,4,3,6,54,23,12,14,9,22,3,1,4
65789,2026-04-09 16:40:23,3,6,2,attack,spins,goldSack,gold,1,false,100000,49618225828429,42845,5,5,1,9,1,0,0,1,0,23332,30000,47,0,77.8,bonus_bs15_gae1_no,107,700000,,,LongExtraDayReduced,"{""slot_on_"":""1801\/2400@m10""}",85,38,27,20,23,29,4,3,6,55,24,12,14,10,22,3,1,4
65790,2026-04-09 16:40:24,5,2,2,shield,goldSack,goldSack,gold,1,false,150000,49618225978429,42844,5,5,1,9,0,0,1,0,0,23332,30000,47,0,77.8,bonus_bs15_gae1_no,107,700000,,,LongExtraDayReduced,"{""slot_on_"":""1802\/2400@m10""}",86,38,27,21,23,29,4,3,6,56,24,12,15,10,22,3,1,4
65791,2026-04-09 16:40:26,30,2,2,accumulation,goldSack,goldSack,gold,1,false,150000,49618226128429,42843,5,5,1,9,0,0,0,0,1,23333,30000,47,1,77.8,bonus_bs15_gae1_no,107,700000,LongExtraDayReduced,,,"{""slot_on_"":""1803\/2400@m10""}",87,38,27,21,23,30,4,3,6,57,24,12,15,10,23,3,1,4
65792,2026-04-09 16:40:27,30,2,2,accumulation,goldSack,goldSack,gold,1,false,150000,49618226278429,42842,5,5,1,9,0,0,0,0,1,23334,30000,47,1,77.8,bonus_bs15_gae1_no,107,700000,,,,,88,38,27,21,23,31,4,3,6,58,24,12,15,10,24,3,1,4
65793,2026-04-09 16:40:30,1,6,6,coin,spins,spins,gold,1,false,10000000,49618236278429,42442,5,5,400,9,0,0,0,2,0,23334,30000,47,0,77.8,bonus_bs15_gae1_no,107,700000,,,,,89,38,27,21,25,31,4,3,6,59,24,12,15,12,24,3,1,4
65794,2026-04-09 16:40:32,3,3,2,attack,attack,goldSack,gold,1,false,40000000,49618276278429,42042,5,5,400,9,2,0,0,0,0,23334,30000,47,0,77.8,bonus_bs15_gae1_no,107,700000,LongExtraDayReduced,,LongExtraDayReduced,"{""slot_on_"":""203\/3000@m11""}",90,40,27,21,25,31,4,3,6,60,26,12,15,12,24,3,1,4
65795,2026-04-09 16:40:36,2,2,2,goldSack,goldSack,goldSack,gold,1,true,800000000,49619121278429,43342,5,5,400,9,0,0,0,0,0,23334,30000,47,0,77.8,bonus_bs15_gae1_no,107,700000,,,,,91,40,27,21,25,31,4,3,6,61,26,12,15,12,24,3,1,4
65796,2026-04-09 16:40:37,3,3,2,attack,attack,goldSack,gold,1,false,40000000,49619161278429,42942,5,5,400,9,2,0,0,0,0,23334,30000,47,0,77.8,bonus_bs15_gae1_no,107,700000,,,,,92,42,27,21,25,31,4,3,6,62,28,12,15,12,24,3,1,4
65797,2026-04-09 16:40:39,3,1,4,attack,coin,steal,gold,1,false,10000000,49619171278429,42542,5,5,400,9,1,1,0,0,0,23334,30000,47,0,77.8,bonus_bs15_gae1_no,107,700000,,,,,93,43,28,21,25,31,4,3,6,63,29,13,15,12,24,3,1,4
65798,2026-04-09 16:40:40,1,1,4,coin,coin,steal,gold,1,false,20000000,49619191278429,42142,5,5,400,9,0,1,0,0,0,23334,30000,47,0,77.8,bonus_bs15_gae1_no,107,700000,,,,"{""4fdd0917"":""1285\/1600@m30""}",94,43,29,21,25,31,4,3,6,64,29,14,15,12,24,3,1,4
65799,2026-04-09 16:40:41,1,1,4,coin,coin,steal,gold,1,false,20000000,49619211278429,41742,5,5,400,9,0,1,0,0,0,23334,30000,47,0,77.8,bonus_bs15_gae1_no,107,700000,,,,,95,43,30,21,25,31,4,3,6,65,29,15,15,12,24,3,1,4
65800,2026-04-09 16:40:43,30,30,1,accumulation,accumulation,coin,gold,1,false,10000000,49619221278429,41342,5,5,400,9,0,0,0,0,2,24134,30000,47,800,80.4,bonus_bs15_gae1_no,107,700000,,,,,96,43,30,21,25,33,4,3,6,66,29,15,15,12,26,3,1,4
65801,2026-04-09 16:40:45,3,1,1,attack,coin,coin,gold,1,false,75000000,49619296278429,39842,5,5,1500,9,1,0,0,0,0,24134,30000,47,0,80.4,bonus_bs15_gae1_no,107,700000,,,,,97,44,30,21,25,33,4,3,6,67,30,15,15,12,26,3,1,4
65802,2026-04-09 16:40:46,5,5,5,shield,shield,shield,shield,3,true,1500,49619296278429,39842,5,5,1500,9,0,0,3,0,0,24134,30000,47,0,80.4,bonus_bs15_gae1_no,107,700000,,,,"{""ea77ce1b"":""980\/1200@m3""}",98,44,30,24,25,33,4,3,7,68,30,15,18,12,26,3,1,5
65803,2026-04-09 16:40:50,4,4,4,steal,steal,steal,steal,4,true,0,49619296278429,39841,5,5,1,9,0,3,0,0,0,24134,30000,47,0,80.4,bonus_bs15_gae1_no,107,700000,,,,,99,44,33,24,25,33,4,4,7,69,30,18,18,12,26,3,2,5
65804,2026-04-09 16:40:56,1,1,1,coin,coin,coin,gold,1,true,250000,49619414878429,39840,5,5,1,9,0,0,0,0,0,24134,30000,47,0,80.4,bonus_bs15_gae1_no,107,700000,,,,"{""3d7e46c4"":""430\/1500@m2""}",100,44,33,24,25,33,4,4,7,70,30,18,18,12,26,3,2,5
65805,2026-04-09 16:40:57,1,6,6,coin,spins,spins,gold,1,false,25000,49619414903429,39839,5,5,1,9,0,0,0,2,0,24134,30000,47,0,80.4,bonus_bs15_gae1_no,107,700000,,,,,101,44,33,24,27,33,4,4,7,71,30,18,18,14,26,3,2,5
65806,2026-04-09 16:40:58,3,1,5,attack,coin,shield,gold,1,false,25000,49619414928429,39838,5,5,1,9,1,0,1,0,0,24134,30000,47,0,80.4,bonus_bs15_gae1_no,107,700000,,,,,102,45,33,25,27,33,4,4,7,72,31,18,19,14,26,3,2,5
65807,2026-04-09 16:41:00,3,4,2,attack,steal,goldSack,gold,1,false,100000,49619415028429,39837,5,5,1,9,1,1,0,0,0,24134,30000,47,0,80.4,bonus_bs15_gae1_no,107,700000,,,,,103,46,34,25,27,33,4,4,7,73,32,19,19,14,26,3,2,5
65808,2026-04-09 16:41:01,2,2,2,goldSack,goldSack,goldSack,gold,1,true,2000000,49619417028429,39836,5,5,1,9,0,0,0,0,0,24134,30000,47,0,80.4,bonus_bs15_gae1_no,107,700000,,LongExtraDayReduced,,"{""slot_on_"":""204\/3000@m11""}",104,46,34,25,27,33,4,4,7,74,32,19,19,14,26,3,2,5
65809,2026-04-09 16:41:03,3,1,5,attack,coin,shield,gold,1,false,25000,49619417053429,39835,5,5,1,9,1,0,1,0,0,24134,30000,47,0,80.4,bonus_bs15_gae1_no,107,700000,,,,,105,47,34,26,27,33,4,4,7,75,33,19,20,14,26,3,2,5
65810,2026-04-09 16:41:04,4,4,4,steal,steal,steal,steal,4,true,0,49619417053429,39834,5,5,1,9,0,3,0,0,0,24134,30000,47,0,80.4,bonus_bs15_gae1_no,107,700000,,,LongExtraDayReduced,"{""slot_on_"":""205\/3000@m11"",""3d7e46c4"":""432\/1500@m2""}",106,47,37,26,27,33,4,5,7,76,33,22,20,14,26,3,3,5
65811,2026-04-09 16:41:10,30,30,1,accumulation,accumulation,coin,gold,1,false,25000,49619468700429,39833,5,5,1,9,0,0,0,0,2,24136,30000,47,2,80.5,bonus_bs15_gae1_no,107,700000,,,,,107,47,37,26,27,35,4,5,7,77,33,22,20,14,28,3,3,5
65812,2026-04-09 16:41:12,30,2,2,accumulation,goldSack,goldSack,gold,1,false,150000,49619468850429,39832,5,5,1,9,0,0,0,0,1,24137,30000,47,1,80.5,bonus_bs15_gae1_no,107,700000,,,,,108,47,37,26,27,36,4,5,7,78,33,22,20,14,29,3,3,5
65813,2026-04-09 16:41:13,4,6,2,steal,spins,goldSack,gold,1,false,100000,49619468950429,39831,5,5,1,9,0,1,0,1,0,24137,30000,47,0,80.5,bonus_bs15_gae1_no,107,700000,,LongExtraDayReduced,,"{""slot_on_"":""206\/3000@m11""}",109,47,38,26,28,36,4,5,7,79,33,23,20,15,29,3,3,5
65814,2026-04-09 16:41:14,1,4,4,coin,steal,steal,gold,1,false,25000,49619468975429,39830,5,5,1,9,0,2,0,0,0,24137,30000,47,0,80.5,bonus_bs15_gae1_no,107,700000,,,,,110,47,40,26,28,36,4,5,7,80,33,25,20,15,29,3,3,5
65815,2026-04-09 16:41:16,3,3,2,attack,attack,goldSack,gold,1,false,100000,49619469075429,39829,5,5,1,9,2,0,0,0,0,24137,30000,47,0,80.5,bonus_bs15_gae1_no,107,700000,,,,,111,49,40,26,28,36,4,5,7,81,35,25,20,15,29,3,3,5
65816,2026-04-09 16:41:17,3,3,2,attack,attack,goldSack,gold,1,false,100000,49619469175429,39828,5,5,1,9,2,0,0,0,0,24137,30000,47,0,80.5,bonus_bs15_gae1_no,107,700000,LongExtraDayReduced,,LongExtraDayReduced,"{""slot_on_"":""208\/3000@m11""}",112,51,40,26,28,36,4,5,7,82,37,25,20,15,29,3,3,5
65817,2026-04-09 16:41:20,30,30,30,accumulation,accumulation,accumulation,gold,10,true,0,49619469175429,39428,5,5,400,9,0,0,0,0,3,28137,30000,47,4000,93.8,bonus_bs15_gae1_no,107,700000,,,,,113,51,40,26,28,39,4,5,7,83,37,25,20,15,32,3,3,5
65818,2026-04-09 16:41:24,1,1,1,coin,coin,coin,gold,1,true,250000,49619469425429,39427,5,5,1,9,0,0,0,0,0,28137,30000,47,0,93.8,bonus_bs15_gae1_no,107,700000,,,,,1,0,0,0,0,0,0,0,0,84,37,25,20,15,32,3,3,5
65819,2026-04-09 16:41:25,30,2,2,accumulation,goldSack,goldSack,gold,1,false,150000,49619469575429,39426,5,5,1,9,0,0,0,0,1,28138,30000,47,1,93.8,bonus_bs15_gae1_no,107,700000,LongExtraDayReduced,,,"{""slot_on_"":""209\/3000@m11"",""4fdd0917"":""1287\/1600@m30""}",2,0,0,0,0,1,0,0,0,85,37,25,20,15,33,3,3,5
65820,2026-04-09 16:41:28,1,1,4,coin,coin,steal,gold,1,false,50000,49619469625429,39425,5,5,1,9,0,1,0,0,0,28138,30000,47,0,93.8,bonus_bs15_gae1_no,107,700000,,,,"{""ea77ce1b"":""981\/1200@m3""}",3,0,1,0,0,1,0,0,0,86,37,26,20,15,33,3,3,5
65821,2026-04-09 16:41:29,3,1,6,attack,coin,spins,gold,1,false,25000,49619469650429,39424,5,5,1,9,1,0,0,1,0,28138,30000,47,0,93.8,bonus_bs15_gae1_no,107,700000,,LongExtraDayReduced,,"{""slot_on_"":""210\/3000@m11""}",4,1,1,0,1,1,0,0,0,87,38,26,20,16,33,3,3,5
65822,2026-04-09 16:41:29,30,2,2,accumulation,goldSack,goldSack,gold,1,false,150000,49619469800429,39423,5,5,1,9,0,0,0,0,1,28139,30000,47,1,93.8,bonus_bs15_gae1_no,107,700000,,,,,5,1,1,0,1,2,0,0,0,88,38,26,20,16,34,3,3,5
65823,2026-04-09 16:41:31,1,1,1,coin,coin,coin,gold,1,true,250000,49619470050429,39422,5,5,1,9,0,0,0,0,0,28139,30000,47,0,93.8,bonus_bs15_gae1_no,107,700000,,,,,6,1,1,0,1,2,0,0,0,89,38,26,20,16,34,3,3,5
65824,2026-04-09 16:41:31,1,1,4,coin,coin,steal,gold,1,false,50000,49619470100429,39421,5,5,1,9,0,1,0,0,0,28139,30000,47,0,93.8,bonus_bs15_gae1_no,107,700000,,,,"{""3d7e46c4"":""434\/1500@m2""}",7,1,2,0,1,2,0,0,0,90,38,27,20,16,34,3,3,5
65825,2026-04-09 16:41:32,2,2,2,goldSack,goldSack,goldSack,gold,1,true,2000000,49619472100429,39420,5,5,1,9,0,0,0,0,0,28139,30000,47,0,93.8,bonus_bs15_gae1_no,107,700000,,,,,8,1,2,0,1,2,0,0,0,91,38,27,20,16,34,3,3,5
65826,2026-04-09 16:41:33,30,2,2,accumulation,goldSack,goldSack,gold,1,false,150000,49619472250429,39419,5,5,1,9,0,0,0,0,1,28140,30000,47,1,93.8,bonus_bs15_gae1_no,107,700000,LongExtraDayReduced,,,"{""slot_on_"":""211\/3000@m11""}",9,1,2,0,1,3,0,0,0,92,38,27,20,16,35,3,3,5
65827,2026-04-09 16:41:34,3,6,2,attack,spins,goldSack,gold,1,false,100000,49619472350429,39418,5,5,1,9,1,0,0,1,0,28140,30000,47,0,93.8,bonus_bs15_gae1_no,107,700000,,,,,10,2,2,0,2,3,0,0,0,93,39,27,20,17,35,3,3,5
65828,2026-04-09 16:41:35,1,1,4,coin,coin,steal,gold,1,false,50000,49619472400429,39417,5,5,1,9,0,1,0,0,0,28140,30000,47,0,93.8,bonus_bs15_gae1_no,107,700000,,,,,11,2,3,0,2,3,0,0,0,94,39,28,20,17,35,3,3,5
65829,2026-04-09 16:41:35,1,1,4,coin,coin,steal,gold,1,false,50000,49619472450429,39416,5,5,1,9,0,1,0,0,0,28140,30000,47,0,93.8,bonus_bs15_gae1_no,107,700000,,,LongExtraDayReduced,"{""slot_on_"":""212\/3000@m11""}",12,2,4,0,2,3,0,0,0,95,39,29,20,17,35,3,3,5
65830,2026-04-09 16:41:36,1,6,6,coin,spins,spins,gold,1,false,25000,49619472475429,39415,5,5,1,9,0,0,0,2,0,28140,30000,47,0,93.8,bonus_bs15_gae1_no,107,700000,,,,,13,2,4,0,4,3,0,0,0,96,39,29,20,19,35,3,3,5
65831,2026-04-09 16:41:37,1,1,4,coin,coin,steal,gold,1,false,50000,49619472525429,39414,5,5,1,9,0,1,0,0,0,28140,30000,47,0,93.8,bonus_bs15_gae1_no,107,700000,,,,,14,2,5,0,4,3,0,0,0,97,39,30,20,19,35,3,3,5
65832,2026-04-09 16:41:38,2,2,2,goldSack,goldSack,goldSack,gold,1,true,2000000,49619474525429,39413,5,5,1,9,0,0,0,0,0,28140,30000,47,0,93.8,bonus_bs15_gae1_no,107,700000,,,,"{""4fdd0917"":""1289\/1600@m30""}",15,2,5,0,4,3,0,0,0,98,39,30,20,19,35,3,3,5
65833,2026-04-09 16:41:39,5,5,5,shield,shield,shield,shield,3,true,1,49619474525429,39413,5,5,1,9,0,0,3,0,0,28140,30000,47,0,93.8,bonus_bs15_gae1_no,107,700000,,,,,16,2,5,3,4,3,0,0,1,99,39,30,23,19,35,3,3,6
65834,2026-04-09 16:41:40,3,3,2,attack,attack,goldSack,gold,1,false,100000,49619474625429,39412,5,5,1,9,2,0,0,0,0,28140,30000,47,0,93.8,bonus_bs15_gae1_no,107,700000,,,,,17,4,5,3,4,3,0,0,1,100,41,30,23,19,35,3,3,6
65835,2026-04-09 16:41:41,30,2,2,accumulation,goldSack,goldSack,gold,1,false,150000,49619474775429,39411,5,5,1,9,0,0,0,0,1,28141,30000,47,1,93.8,bonus_bs15_gae1_no,107,700000,,,,,18,4,5,3,4,4,0,0,1,101,41,30,23,19,36,3,3,6
65836,2026-04-09 16:41:42,3,4,2,attack,steal,goldSack,gold,1,false,100000,49619474875429,39410,5,5,1,9,1,1,0,0,0,28141,30000,47,0,93.8,bonus_bs15_gae1_no,107,700000,,,,,19,5,6,3,4,4,0,0,1,102,42,31,23,19,36,3,3,6
65837,2026-04-09 16:41:42,2,2,2,goldSack,goldSack,goldSack,gold,1,true,2000000,49619476875429,39409,5,5,1,9,0,0,0,0,0,28141,30000,47,0,93.8,bonus_bs15_gae1_no,107,700000,,,,,20,5,6,3,4,4,0,0,1,103,42,31,23,19,36,3,3,6
65838,2026-04-09 16:41:43,30,2,2,accumulation,goldSack,goldSack,gold,1,false,150000,49619477025429,39408,5,5,1,9,0,0,0,0,1,28142,30000,47,1,93.8,bonus_bs15_gae1_no,107,700000,,LongExtraDayReduced,,"{""slot_on_"":""213\/3000@m11""}",21,5,6,3,4,5,0,0,1,104,42,31,23,19,37,3,3,6
65839,2026-04-09 16:41:44,3,6,2,attack,spins,goldSack,gold,1,false,100000,49619477125429,39407,5,5,1,9,1,0,0,1,0,28142,30000,47,0,93.8,bonus_bs15_gae1_no,107,700000,,,,"{""ea77ce1b"":""982\/1200@m3""}",22,6,6,3,5,5,0,0,1,105,43,31,23,20,37,3,3,6
65840,2026-04-09 16:41:45,1,6,6,coin,spins,spins,gold,1,false,25000,49619477150429,39406,5,5,1,9,0,0,0,2,0,28142,30000,47,0,93.8,bonus_bs15_gae1_no,107,700000,,,,,23,6,6,3,7,5,0,0,1,106,43,31,23,22,37,3,3,6
65841,2026-04-09 16:41:46,30,2,2,accumulation,goldSack,goldSack,gold,1,false,150000,49619477300429,39405,5,5,1,9,0,0,0,0,1,28143,30000,47,1,93.8,bonus_bs15_gae1_no,107,700000,,,,"{""4fdd0917"":""1291\/1600@m30""}",24,6,6,3,7,6,0,0,1,107,43,31,23,22,38,3,3,6
65842,2026-04-09 16:41:47,3,3,2,attack,attack,goldSack,gold,1,false,100000,49619477400429,39404,5,5,1,9,2,0,0,0,0,28143,30000,47,0,93.8,bonus_bs15_gae1_no,107,700000,,,,,25,8,6,3,7,6,0,0,1,108,45,31,23,22,38,3,3,6
65843,2026-04-09 16:41:48,30,2,2,accumulation,goldSack,goldSack,gold,1,false,150000,49619477550429,39403,5,5,1,9,0,0,0,0,1,28144,30000,47,1,93.8,bonus_bs15_gae1_no,107,700000,,LongExtraDayReduced,LongExtraDayReduced,"{""slot_on_"":""215\/3000@m11"",""3d7e46c4"":""436\/1500@m2""}",26,8,6,3,7,7,0,0,1,109,45,31,23,22,39,3,3,6
65844,2026-04-09 16:41:49,3,3,2,attack,attack,goldSack,gold,1,false,100000,49619477650429,39402,5,5,1,9,2,0,0,0,0,28144,30000,47,0,93.8,bonus_bs15_gae1_no,107,700000,,,,,27,10,6,3,7,7,0,0,1,110,47,31,23,22,39,3,3,6
65845,2026-04-09 16:41:50,3,6,2,attack,spins,goldSack,gold,1,false,100000,49619477750429,39401,5,5,1,9,1,0,0,1,0,28144,30000,47,0,93.8,bonus_bs15_gae1_no,107,700000,,,,,28,11,6,3,8,7,0,0,1,111,48,31,23,23,39,3,3,6
65846,2026-04-09 16:41:51,5,5,5,shield,shield,shield,shield,3,true,1,49619477750429,39401,5,5,1,9,0,0,3,0,0,28144,30000,47,0,93.8,bonus_bs15_gae1_no,107,700000,,LongExtraDayReduced,,"{""slot_on_"":""216\/3000@m11""}",29,11,6,6,8,7,0,0,2,112,48,31,26,23,39,3,3,7
65847,2026-04-09 16:41:52,5,5,5,shield,shield,shield,shield,3,true,1,49619477750429,39401,5,5,1,9,0,0,3,0,0,28144,30000,47,0,93.8,bonus_bs15_gae1_no,107,700000,,,,,30,11,6,9,8,7,0,0,3,113,48,31,29,23,39,3,3,8
65848,2026-04-09 16:41:53,30,2,2,accumulation,goldSack,goldSack,gold,1,false,150000,49619477900429,39400,5,5,1,9,0,0,0,0,1,28145,30000,47,1,93.8,bonus_bs15_gae1_no,107,700000,,,,,31,11,6,9,8,8,0,0,3,114,48,31,29,23,40,3,3,8
65849,2026-04-09 16:41:54,1,4,4,coin,steal,steal,gold,1,false,25000,49619477925429,39399,5,5,1,9,0,2,0,0,0,28145,30000,47,0,93.8,bonus_bs15_gae1_no,107,700000,LongExtraDayReduced,,,"{""slot_on_"":""217\/3000@m11""}",32,11,8,9,8,8,0,0,3,115,48,33,29,23,40,3,3,8
65850,2026-04-09 16:41:55,1,1,1,coin,coin,coin,gold,1,true,250000,49619478175429,39398,5,5,1,9,0,0,0,0,0,28145,30000,47,0,93.8,bonus_bs15_gae1_no,107,700000,,,,"{""3d7e46c4"":""438\/1500@m2""}",33,11,8,9,8,8,0,0,3,116,48,33,29,23,40,3,3,8
65851,2026-04-09 16:41:56,2,2,2,goldSack,goldSack,goldSack,gold,1,true,2000000,49619480175429,39397,5,5,1,9,0,0,0,0,0,28145,30000,47,0,93.8,bonus_bs15_gae1_no,107,700000,,LongExtraDayReduced,LongExtraDayReduced,"{""slot_on_"":""219\/3000@m11""}",34,11,8,9,8,8,0,0,3,117,48,33,29,23,40,3,3,8
65852,2026-04-09 16:41:57,1,1,1,coin,coin,coin,gold,1,true,250000,49619480425429,39396,5,5,1,9,0,0,0,0,0,28145,30000,47,0,93.8,bonus_bs15_gae1_no,107,700000,,LongExtraDayReduced,,"{""slot_on_"":""220\/3000@m11""}",35,11,8,9,8,8,0,0,3,118,48,33,29,23,40,3,3,8
65853,2026-04-09 16:41:58,1,1,1,coin,coin,coin,gold,1,true,250000,49619480675429,39395,5,5,1,9,0,0,0,0,0,28145,30000,47,0,93.8,bonus_bs15_gae1_no,107,700000,,,,,36,11,8,9,8,8,0,0,3,119,48,33,29,23,40,3,3,8
65854,2026-04-09 16:41:59,3,6,2,attack,spins,goldSack,gold,1,false,100000,49619480775429,39394,5,5,1,9,1,0,0,1,0,28145,30000,47,0,93.8,bonus_bs15_gae1_no,107,700000,,,,"{""ea77ce1b"":""983\/1200@m3""}",37,12,8,9,9,8,0,0,3,120,49,33,29,24,40,3,3,8
65855,2026-04-09 16:42:00,1,1,4,coin,coin,steal,gold,1,false,50000,49619480825429,39393,5,5,1,9,0,1,0,0,0,28145,30000,47,0,93.8,bonus_bs15_gae1_no,107,700000,,,,,38,12,9,9,9,8,0,0,3,121,49,34,29,24,40,3,3,8
65856,2026-04-09 16:42:01,2,2,2,goldSack,goldSack,goldSack,gold,1,true,2000000,49619482825429,39392,5,5,1,9,0,0,0,0,0,28145,30000,47,0,93.8,bonus_bs15_gae1_no,107,700000,,,,,39,12,9,9,9,8,0,0,3,122,49,34,29,24,40,3,3,8
65857,2026-04-09 16:42:01,3,6,2,attack,spins,goldSack,gold,1,false,100000,49619482925429,39391,5,5,1,9,1,0,0,1,0,28145,30000,47,0,93.8,bonus_bs15_gae1_no,107,700000,,LongExtraDayReduced,,"{""slot_on_"":""221\/3000@m11""}",40,13,9,9,10,8,0,0,3,123,50,34,29,25,40,3,3,8
65858,2026-04-09 16:42:03,30,30,1,accumulation,accumulation,coin,gold,1,false,25000,49619482950429,39390,5,5,1,9,0,0,0,0,2,28147,30000,47,2,93.8,bonus_bs15_gae1_no,107,700000,,,,,41,13,9,9,10,10,0,0,3,124,50,34,29,25,42,3,3,8
65859,2026-04-09 16:42:04,5,5,5,shield,shield,shield,shield,3,true,1,49619482950429,39390,5,5,1,9,0,0,3,0,0,28147,30000,47,0,93.8,bonus_bs15_gae1_no,107,700000,,,,,42,13,9,12,10,10,0,0,4,125,50,34,32,25,42,3,3,9
65860,2026-04-09 16:42:05,3,6,2,attack,spins,goldSack,gold,1,false,100000,49619483050429,39389,5,5,1,9,1,0,0,1,0,28147,30000,47,0,93.8,bonus_bs15_gae1_no,107,700000,,,,,43,14,9,12,11,10,0,0,4,126,51,34,32,26,42,3,3,9
65861,2026-04-09 16:42:08,1,4,4,coin,steal,steal,gold,1,false,25000,49619483075429,39388,5,5,1,9,0,2,0,0,0,28147,30000,47,0,93.8,bonus_bs15_gae1_no,107,700000,LongExtraDayReduced,,,"{""slot_on_"":""222\/3000@m11""}",44,14,11,12,11,10,0,0,4,127,51,36,32,26,42,3,3,9
65862,2026-04-09 16:42:09,4,4,4,steal,steal,steal,steal,4,true,0,49619483075429,39387,5,5,1,9,0,3,0,0,0,28147,30000,47,0,93.8,bonus_bs15_gae1_no,107,700000,,,,,45,14,14,12,11,10,0,1,4,128,51,39,32,26,42,3,4,9
65863,2026-04-09 16:42:15,1,4,4,coin,steal,steal,gold,1,false,25000,49619560296429,39386,5,5,1,9,0,2,0,0,0,28147,30000,47,0,93.8,bonus_bs15_gae1_no,107,700000,,,,"{""4fdd0917"":""1293\/1600@m30""}",46,14,16,12,11,10,0,1,4,129,51,41,32,26,42,3,4,9
65864,2026-04-09 16:42:16,1,4,6,coin,steal,spins,gold,1,false,25000,49619560321429,39385,5,5,1,9,0,1,0,1,0,28147,30000,47,0,93.8,bonus_bs15_gae1_no,107,700000,,,,,47,14,17,12,12,10,0,1,4,130,51,42,32,27,42,3,4,9
65865,2026-04-09 16:42:18,30,30,1,accumulation,accumulation,coin,gold,1,false,25000,49619560346429,39384,5,5,1,9,0,0,0,0,2,28149,30000,47,2,93.8,bonus_bs15_gae1_no,107,700000,,,,,48,14,17,12,12,12,0,1,4,131,51,42,32,27,44,3,4,9
65866,2026-04-09 16:42:19,1,1,4,coin,coin,steal,gold,1,false,50000,49619560396429,39383,5,5,1,9,0,1,0,0,0,28149,30000,47,0,93.8,bonus_bs15_gae1_no,107,700000,,,,,49,14,18,12,12,12,0,1,4,132,51,43,32,27,44,3,4,9
65867,2026-04-09 16:42:20,1,1,4,coin,coin,steal,gold,1,false,50000,49619560446429,39382,5,5,1,9,0,1,0,0,0,28149,30000,47,0,93.8,bonus_bs15_gae1_no,107,700000,,,,,50,14,19,12,12,12,0,1,4,133,51,44,32,27,44,3,4,9
65868,2026-04-09 16:42:23,2,2,2,goldSack,goldSack,goldSack,gold,1,true,800000000,49620360446429,38982,5,5,400,9,0,0,0,0,0,28149,30000,47,0,93.8,bonus_bs15_gae1_no,107,700000,,,,,51,14,19,12,12,12,0,1,4,134,51,44,32,27,44,3,4,9
65869,2026-04-09 16:42:24,1,1,1,coin,coin,coin,gold,1,true,100000000,49620460446429,38582,5,5,400,9,0,0,0,0,0,28149,30000,47,0,93.8,bonus_bs15_gae1_no,107,700000,,,,,52,14,19,12,12,12,0,1,4,135,51,44,32,27,44,3,4,9
65870,2026-04-09 16:42:26,1,1,4,coin,coin,steal,gold,1,false,20000000,49620480446429,38182,5,5,400,9,0,1,0,0,0,28149,30000,47,0,93.8,bonus_bs15_gae1_no,107,700000,,,,,53,14,20,12,12,12,0,1,4,136,51,45,32,27,44,3,4,9
65871,2026-04-09 16:42:27,4,6,2,steal,spins,goldSack,gold,1,false,40000000,49620520446429,37782,5,5,400,9,0,1,0,1,0,28149,30000,47,0,93.8,bonus_bs15_gae1_no,107,700000,,,,"{""ea77ce1b"":""183\/2200@m4"",""3d7e46c4"":""1238\/1500@m2""}",54,14,21,12,13,12,0,1,4,137,51,46,32,28,44,3,4,9
65872,2026-04-09 16:42:30,3,3,2,attack,attack,goldSack,gold,1,false,40000000,49620560446429,37382,5,5,400,9,2,0,0,0,0,28149,30000,47,0,93.8,bonus_bs15_gae1_no,107,700000,,,,,55,16,21,12,13,12,0,1,4,138,53,46,32,28,44,3,4,9
65873,2026-04-09 16:42:33,30,2,2,accumulation,goldSack,goldSack,gold,1,false,150000,49620560596429,37381,5,5,1,9,0,0,0,0,1,28150,30000,47,1,93.8,bonus_bs15_gae1_no,107,700000,,,,"{""4fdd0917"":""1295\/1600@m30""}",56,16,21,12,13,13,0,1,4,139,53,46,32,28,45,3,4,9
65874,2026-04-09 16:42:35,4,6,2,steal,spins,goldSack,gold,1,false,100000,49620560696429,37380,5,5,1,9,0,1,0,1,0,28150,30000,47,0,93.8,bonus_bs15_gae1_no,107,700000,,,,,57,16,22,12,14,13,0,1,4,140,53,47,32,29,45,3,4,9
65875,2026-04-09 16:42:36,1,5,5,coin,shield,shield,gold,1,false,25000,49620560721429,37379,5,5,1,9,0,0,2,0,0,28150,30000,47,0,93.8,bonus_bs15_gae1_no,107,700000,LongExtraDayReduced,,,"{""slot_on_"":""223\/3000@m11"",""3d7e46c4"":""1240\/1500@m2""}",58,16,22,14,14,13,0,1,4,141,53,47,34,29,45,3,4,9
65876,2026-04-09 16:42:37,3,3,3,attack,attack,attack,attack,2,true,0,49620560721429,37378,5,5,1,9,3,0,0,0,0,28150,30000,47,0,93.8,bonus_bs15_gae1_no,107,700000,,,,,59,19,22,14,14,13,1,1,4,142,56,47,34,29,45,4,4,9
65877,2026-04-09 16:42:41,1,1,4,coin,coin,steal,gold,1,false,50000,49620569351429,37377,5,5,1,9,0,1,0,0,0,28150,30000,47,0,93.8,bonus_bs15_gae1_no,107,700000,,,,,60,19,23,14,14,13,1,1,4,143,56,48,34,29,45,4,4,9
65878,2026-04-09 16:42:42,30,30,1,accumulation,accumulation,coin,gold,1,false,25000,49620569376429,37376,5,5,1,9,0,0,0,0,2,28152,30000,47,2,93.8,bonus_bs15_gae1_no,107,700000,,,,,61,19,23,14,14,15,1,1,4,144,56,48,34,29,47,4,4,9
65879,2026-04-09 16:42:43,2,2,2,goldSack,goldSack,goldSack,gold,1,true,2000000,49620571376429,37375,5,5,1,9,0,0,0,0,0,28152,30000,47,0,93.8,bonus_bs15_gae1_no,107,700000,,,,,62,19,23,14,14,15,1,1,4,145,56,48,34,29,47,4,4,9
65880,2026-04-09 16:42:45,3,1,5,attack,coin,shield,gold,1,false,25000,49620571401429,37374,5,5,1,9,1,0,1,0,0,28152,30000,47,0,93.8,bonus_bs15_gae1_no,107,700000,,,,,63,20,23,15,14,15,1,1,4,146,57,48,35,29,47,4,4,9
65881,2026-04-09 16:42:46,30,2,2,accumulation,goldSack,goldSack,gold,1,false,150000,49620571551429,37373,5,5,1,9,0,0,0,0,1,28153,30000,47,1,93.8,bonus_bs15_gae1_no,107,700000,,,,,64,20,23,15,14,16,1,1,4,147,57,48,35,29,48,4,4,9
65882,2026-04-09 16:42:47,1,1,4,coin,coin,steal,gold,1,false,50000,49620571601429,37372,5,5,1,9,0,1,0,0,0,28153,30000,47,0,93.8,bonus_bs15_gae1_no,107,700000,,,,,65,20,24,15,14,16,1,1,4,148,57,49,35,29,48,4,4,9
65883,2026-04-09 16:42:50,1,1,4,coin,coin,steal,gold,1,false,50000,49620571651429,37371,5,5,1,9,0,1,0,0,0,28153,30000,47,0,93.8,bonus_bs15_gae1_no,107,700000,,,,,66,20,25,15,14,16,1,1,4,149,57,50,35,29,48,4,4,9
65884,2026-04-09 16:42:53,1,6,6,coin,spins,spins,gold,1,false,10000000,49620581651429,36971,5,5,400,9,0,0,0,2,0,28153,30000,47,0,93.8,bonus_bs15_gae1_no,107,700000,,,LongExtraDayReduced,"{""slot_on_"":""623\/3000@m11""}",67,20,25,15,16,16,1,1,4,150,57,50,35,31,48,4,4,9
65885,2026-04-09 16:42:54,30,30,1,accumulation,accumulation,coin,gold,1,false,10000000,49620591651429,36571,5,5,400,9,0,0,0,0,2,28953,30000,47,800,96.5,bonus_bs15_gae1_no,107,700000,,,,,68,20,25,15,16,18,1,1,4,151,57,50,35,31,50,4,4,9
65886,2026-04-09 16:42:56,2,2,2,goldSack,goldSack,goldSack,gold,1,true,800000000,49621391651429,36171,5,5,400,9,0,0,0,0,0,28953,30000,47,0,96.5,bonus_bs15_gae1_no,107,700000,,,LongExtraDayReduced,"{""slot_on_"":""1023\/3000@m11""}",69,20,25,15,16,18,1,1,4,152,57,50,35,31,50,4,4,9
65887,2026-04-09 16:42:57,30,30,1,accumulation,accumulation,coin,gold,1,false,10000000,49621401651429,35771,5,5,400,9,0,0,0,0,2,29753,30000,47,800,99.2,bonus_bs15_gae1_no,107,700000,,,,"{""ea77ce1b"":""583\/2200@m4""}",70,20,25,15,16,20,1,1,4,153,57,50,35,31,52,4,4,9
65888,2026-04-09 16:42:59,3,3,2,attack,attack,goldSack,gold,1,false,40000000,49621441651429,35371,5,5,400,9,2,0,0,0,0,29753,30000,47,0,99.2,bonus_bs15_gae1_no,107,700000,,,LongExtraDayReduced,"{""slot_on_"":""1423\/3000@m11""}",71,22,25,15,16,20,1,1,4,154,59,50,35,31,52,4,4,9
65889,2026-04-09 16:43:01,30,2,2,accumulation,goldSack,goldSack,gold,1,false,60000000,49621501651429,34971,5,5,400,9,0,0,0,0,1,153,350,48,0,43.7,bonus_bs15_gae1_no,107,700000,,,,,72,22,25,15,16,21,1,1,4,155,59,50,35,31,53,4,4,9
65890,2026-04-09 16:43:03,6,6,6,spins,spins,spins,spins,5,true,4000,49621501651429,107571,5,5,400,10,0,0,0,3,0,153,350,48,0,43.7,bonus_bs15_gae1_no,107,700000,,,,,73,22,25,15,19,21,1,1,4,156,59,50,35,34,53,4,4,9
65891,2026-04-09 16:43:07,1,1,1,coin,coin,coin,gold,1,true,250000,49621501901429,107570,5,5,1,10,0,0,0,0,0,153,350,48,0,43.7,bonus_bs15_gae1_no,107,700000,,,,,74,22,25,15,19,21,1,1,4,1,0,0,0,0,0,0,0,0
65892,2026-04-09 16:43:08,30,2,2,accumulation,goldSack,goldSack,gold,1,false,150000,49621502051429,107569,5,5,1,10,0,0,0,0,1,154,350,48,1,44.0,bonus_bs15_gae1_no,107,700000,,,,"{""3d7e46c4"":""1242\/1500@m2""}",75,22,25,15,19,22,1,1,4,2,0,0,0,0,1,0,0,0
65893,2026-04-09 16:43:09,3,1,4,attack,coin,steal,gold,1,false,25000,49621502076429,107568,5,5,1,10,1,1,0,0,0,154,350,48,0,44.0,bonus_bs15_gae1_no,107,700000,,,LongExtraDayReduced,"{""slot_on_"":""1424\/3000@m11""}",76,23,26,15,19,22,1,1,4,3,1,1,0,0,1,0,0,0
65894,2026-04-09 16:43:10,30,2,2,accumulation,goldSack,goldSack,gold,1,false,150000,49621502226429,107567,5,5,1,10,0,0,0,0,1,155,350,48,1,44.3,bonus_bs15_gae1_no,107,700000,,,,"{""ea77ce1b"":""584\/2200@m4"",""4fdd0917"":""1297\/1600@m30""}",77,23,26,15,19,23,1,1,4,4,1,1,0,0,2,0,0,0
65895,2026-04-09 16:43:12,3,3,2,attack,attack,goldSack,gold,1,false,100000,49621502326429,107566,5,5,1,10,2,0,0,0,0,155,350,48,0,44.3,bonus_bs15_gae1_no,107,700000,,,,,78,25,26,15,19,23,1,1,4,5,3,1,0,0,2,0,0,0
65896,2026-04-09 16:43:12,1,1,4,coin,coin,steal,gold,1,false,50000,49621502376429,107565,5,5,1,10,0,1,0,0,0,155,350,48,0,44.3,bonus_bs15_gae1_no,107,700000,,,,,79,25,27,15,19,23,1,1,4,6,3,2,0,0,2,0,0,0
65897,2026-04-09 16:43:13,3,6,2,attack,spins,goldSack,gold,1,false,100000,49621502476429,107564,5,5,1,10,1,0,0,1,0,155,350,48,0,44.3,bonus_bs15_gae1_no,107,700000,,,,,80,26,27,15,20,23,1,1,4,7,4,2,0,1,2,0,0,0
65898,2026-04-09 16:43:14,2,2,2,goldSack,goldSack,goldSack,gold,1,true,2000000,49621504476429,107563,5,5,1,10,0,0,0,0,0,155,350,48,0,44.3,bonus_bs15_gae1_no,107,700000,LongExtraDayReduced,,,"{""slot_on_"":""1425\/3000@m11""}",81,26,27,15,20,23,1,1,4,8,4,2,0,1,2,0,0,0
65899,2026-04-09 16:43:15,30,2,2,accumulation,goldSack,goldSack,gold,1,false,150000,49621504626429,107562,5,5,1,10,0,0,0,0,1,156,350,48,1,44.6,bonus_bs15_gae1_no,107,700000,,,,,82,26,27,15,20,24,1,1,4,9,4,2,0,1,3,0,0,0
65900,2026-04-09 16:43:18,30,2,2,accumulation,goldSack,goldSack,gold,1,false,150000,49621504776429,107561,5,5,1,10,0,0,0,0,1,157,350,48,1,44.9,bonus_bs15_gae1_no,107,700000,,,,,83,26,27,15,20,25,1,1,4,10,4,2,0,1,4,0,0,0
65901,2026-04-09 16:43:21,4,4,2,steal,steal,goldSack,gold,1,false,40000000,49621544776429,107161,5,5,400,10,0,2,0,0,0,157,350,48,0,44.9,bonus_bs15_gae1_no,107,700000,LongExtraDayReduced,,,"{""slot_on_"":""1825\/3000@m11"",""3d7e46c4"":""542\/2000@m3""}",84,26,29,15,20,25,1,1,4,11,4,4,0,1,4,0,0,0
65902,2026-04-09 16:43:24,1,4,6,coin,steal,spins,gold,1,false,10000000,49621554776429,106761,5,5,400,10,0,1,0,1,0,157,350,48,0,44.9,bonus_bs15_gae1_no,107,700000,,,,,85,26,30,15,21,25,1,1,4,12,4,5,0,2,4,0,0,0
65903,2026-04-09 16:43:25,1,6,6,coin,spins,spins,gold,1,false,10000000,49621564776429,106361,5,5,400,10,0,0,0,2,0,157,350,48,0,44.9,bonus_bs15_gae1_no,107,700000,,,,,86,26,30,15,23,25,1,1,4,13,4,5,0,4,4,0,0,0
65904,2026-04-09 16:43:27,3,1,1,attack,coin,coin,gold,1,false,20000000,49621430246429,105961,5,5,400,10,1,0,0,0,0,157,350,48,0,44.9,bonus_bs15_gae1_no,107,700000,,,,,87,27,30,15,23,25,1,1,4,14,5,5,0,4,4,0,0,0
65905,2026-04-09 16:43:29,30,2,2,accumulation,goldSack,goldSack,gold,1,false,60000000,49621490246429,105561,5,5,400,10,0,0,0,0,1,207,900,49,0,23.0,bonus_bs15_gae1_no,107,700000,LongExtraDayReduced,LongExtraDayReduced,LongExtraDayReduced,"{""slot_on_"":""825\/3500@m12"",""ea77ce1b"":""984\/2200@m4""}",88,27,30,15,23,26,1,1,4,15,5,5,0,4,5,0,0,0
65906,2026-04-09 16:43:33,6,6,6,spins,spins,spins,spins,5,true,4000,49622090246429,109161,5,5,400,10,0,0,0,3,0,207,900,49,0,23.0,bonus_bs15_gae1_no,107,700000,,,,,89,27,30,15,26,26,1,1,4,16,5,5,0,7,5,0,0,0
65907,2026-04-09 16:43:36,30,2,2,accumulation,goldSack,goldSack,gold,1,false,150000,49622090396429,109160,5,5,1,10,0,0,0,0,1,208,900,49,1,23.1,bonus_bs15_gae1_no,107,700000,,,,,90,27,30,15,26,27,1,1,4,1,0,0,0,0,1,0,0,0
65908,2026-04-09 16:43:37,2,2,2,goldSack,goldSack,goldSack,gold,1,true,2000000,49622092396429,109159,5,5,1,10,0,0,0,0,0,208,900,49,0,23.1,bonus_bs15_gae1_no,107,700000,,,,,91,27,30,15,26,27,1,1,4,2,0,0,0,0,1,0,0,0
65909,2026-04-09 16:43:38,30,2,2,accumulation,goldSack,goldSack,gold,1,false,150000,49622092546429,109158,5,5,1,10,0,0,0,0,1,209,900,49,1,23.2,bonus_bs15_gae1_no,107,700000,,,,,92,27,30,15,26,28,1,1,4,3,0,0,0,0,2,0,0,0
65910,2026-04-09 16:43:39,1,4,6,coin,steal,spins,gold,1,false,25000,49622092571429,109157,5,5,1,10,0,1,0,1,0,209,900,49,0,23.2,bonus_bs15_gae1_no,107,700000,,,,,93,27,31,15,27,28,1,1,4,4,0,1,0,1,2,0,0,0
65911,2026-04-09 16:43:40,3,5,2,attack,shield,goldSack,gold,1,false,100000,49622092671429,109156,5,5,1,10,1,0,1,0,0,209,900,49,0,23.2,bonus_bs15_gae1_no,107,700000,,,LongExtraDayReduced,"{""slot_on_"":""826\/3500@m12"",""3d7e46c4"":""544\/2000@m3""}",94,28,31,16,27,28,1,1,4,5,1,1,1,1,2,0,0,0
65912,2026-04-09 16:43:41,1,4,6,coin,steal,spins,gold,1,false,25000,49622092696429,109155,5,5,1,10,0,1,0,1,0,209,900,49,0,23.2,bonus_bs15_gae1_no,107,700000,,,,"{""ea77ce1b"":""985\/2200@m4""}",95,28,32,16,28,28,1,1,4,6,1,2,1,2,2,0,0,0
65913,2026-04-09 16:43:41,1,1,1,coin,coin,coin,gold,1,true,250000,49622092946429,109154,5,5,1,10,0,0,0,0,0,209,900,49,0,23.2,bonus_bs15_gae1_no,107,700000,LongExtraDayReduced,,LongExtraDayReduced,"{""slot_on_"":""828\/3500@m12""}",96,28,32,16,28,28,1,1,4,7,1,2,1,2,2,0,0,0
65914,2026-04-09 16:43:42,1,1,1,coin,coin,coin,gold,1,true,250000,49622093196429,109153,5,5,1,10,0,0,0,0,0,209,900,49,0,23.2,bonus_bs15_gae1_no,107,700000,LongExtraDayReduced,,,"{""slot_on_"":""829\/3500@m12""}",97,28,32,16,28,28,1,1,4,8,1,2,1,2,2,0,0,0
65915,2026-04-09 16:43:43,3,1,1,attack,coin,coin,gold,1,false,50000,49622093246429,109152,5,5,1,10,1,0,0,0,0,209,900,49,0,23.2,bonus_bs15_gae1_no,107,700000,,,LongExtraDayReduced,"{""slot_on_"":""830\/3500@m12""}",98,29,32,16,28,28,1,1,4,9,2,2,1,2,2,0,0,0
65916,2026-04-09 16:43:45,30,2,2,accumulation,goldSack,goldSack,gold,1,false,150000,49622093396429,109151,5,5,1,10,0,0,0,0,1,210,900,49,1,23.3,bonus_bs15_gae1_no,107,700000,,,,,99,29,32,16,28,29,1,1,4,10,2,2,1,2,3,0,0,0
65917,2026-04-09 16:43:47,2,2,2,goldSack,goldSack,goldSack,gold,1,true,2000000,49622095396429,109150,5,5,1,10,0,0,0,0,0,210,900,49,0,23.3,bonus_bs15_gae1_no,107,700000,,LongExtraDayReduced,LongExtraDayReduced,"{""slot_on_"":""832\/3500@m12""}",100,29,32,16,28,29,1,1,4,11,2,2,1,2,3,0,0,0
65918,2026-04-09 16:43:48,3,3,2,attack,attack,goldSack,gold,1,false,100000,49622095496429,109149,5,5,1,10,2,0,0,0,0,210,900,49,0,23.3,bonus_bs15_gae1_no,107,700000,LongExtraDayReduced,,,"{""slot_on_"":""833\/3500@m12"",""4fdd0917"":""1299\/1600@m30""}",101,31,32,16,28,29,1,1,4,12,4,2,1,2,3,0,0,0
65919,2026-04-09 16:43:50,30,2,2,accumulation,goldSack,goldSack,gold,1,false,150000,49622095646429,109148,5,5,1,10,0,0,0,0,1,211,900,49,1,23.4,bonus_bs15_gae1_no,107,700000,,,,,102,31,32,16,28,30,1,1,4,13,4,2,1,2,4,0,0,0
65920,2026-04-09 16:43:51,4,4,2,steal,steal,goldSack,gold,1,false,100000,49622095746429,109147,5,5,1,10,0,2,0,0,0,211,900,49,0,23.4,bonus_bs15_gae1_no,107,700000,,LongExtraDayReduced,LongExtraDayReduced,"{""slot_on_"":""835\/3500@m12""}",103,31,34,16,28,30,1,1,4,14,4,4,1,2,4,0,0,0
65921,2026-04-09 16:43:52,1,1,1,coin,coin,coin,gold,1,true,250000,49622095996429,109146,5,5,1,10,0,0,0,0,0,211,900,49,0,23.4,bonus_bs15_gae1_no,107,700000,,,,,104,31,34,16,28,30,1,1,4,15,4,4,1,2,4,0,0,0
65922,2026-04-09 16:43:53,5,2,2,shield,goldSack,goldSack,gold,1,false,150000,49622096146429,109145,5,5,1,10,0,0,1,0,0,211,900,49,0,23.4,bonus_bs15_gae1_no,107,700000,,,,"{""3d7e46c4"":""546\/2000@m3""}",105,31,34,17,28,30,1,1,4,16,4,4,2,2,4,0,0,0
65923,2026-04-09 16:43:55,2,2,2,goldSack,goldSack,goldSack,gold,1,true,2000000,49622098146429,109144,5,5,1,10,0,0,0,0,0,211,900,49,0,23.4,bonus_bs15_gae1_no,107,700000,,,,,106,31,34,17,28,30,1,1,4,17,4,4,2,2,4,0,0,0
65924,2026-04-09 16:43:56,3,3,2,attack,attack,goldSack,gold,1,false,100000,49622098246429,109143,5,5,1,10,2,0,0,0,0,211,900,49,0,23.4,bonus_bs15_gae1_no,107,700000,LongExtraDayReduced,,,"{""slot_on_"":""836\/3500@m12""}",107,33,34,17,28,30,1,1,4,18,6,4,2,2,4,0,0,0
65925,2026-04-09 16:43:57,3,1,4,attack,coin,steal,gold,1,false,25000,49622098271429,109142,5,5,1,10,1,1,0,0,0,211,900,49,0,23.4,bonus_bs15_gae1_no,107,700000,,,,,108,34,35,17,28,30,1,1,4,19,7,5,2,2,4,0,0,0
65926,2026-04-09 16:43:58,5,5,5,shield,shield,shield,shield,3,true,1,49622098271429,109142,5,5,1,10,0,0,3,0,0,211,900,49,0,23.4,bonus_bs15_gae1_no,107,700000,,,,,109,34,35,20,28,30,1,1,5,20,7,5,5,2,4,0,0,1
65927,2026-04-09 16:43:59,1,4,6,coin,steal,spins,gold,1,false,25000,49622098296429,109141,5,5,1,10,0,1,0,1,0,211,900,49,0,23.4,bonus_bs15_gae1_no,107,700000,,,,"{""3d7e46c4"":""548\/2000@m3""}",110,34,36,20,29,30,1,1,5,21,7,6,5,3,4,0,0,1
65928,2026-04-09 16:44:01,3,3,3,attack,attack,attack,attack,2,true,0,49622098296429,109140,5,5,1,10,3,0,0,0,0,211,900,49,0,23.4,bonus_bs15_gae1_no,107,700000,,,,,111,37,36,20,29,30,2,1,5,22,10,6,5,3,4,1,0,1
65929,2026-04-09 16:44:05,5,5,5,shield,shield,shield,shield,3,true,1,49622106876429,109140,5,5,1,10,0,0,3,0,0,211,900,49,0,23.4,bonus_bs15_gae1_no,107,700000,,,,,112,37,36,23,29,30,2,1,6,23,10,6,8,3,4,1,0,2
65930,2026-04-09 16:44:06,30,30,2,accumulation,accumulation,goldSack,gold,1,false,100000,49622106976429,109139,5,5,1,10,0,0,0,0,2,213,900,49,2,23.7,bonus_bs15_gae1_no,107,700000,,,,"{""ea77ce1b"":""986\/2200@m4""}",113,37,36,23,29,32,2,1,6,24,10,6,8,3,6,1,0,2
65931,2026-04-09 16:44:07,4,4,2,steal,steal,goldSack,gold,1,false,100000,49622107076429,109138,5,5,1,10,0,2,0,0,0,213,900,49,0,23.7,bonus_bs15_gae1_no,107,700000,,LongExtraDayReduced,,"{""slot_on_"":""837\/3500@m12""}",114,37,38,23,29,32,2,1,6,25,10,8,8,3,6,1,0,2
65932,2026-04-09 16:44:08,30,30,3,accumulation,accumulation,attack,gold,6,false,0,49622107076429,109137,5,5,1,10,1,0,0,0,2,215,900,49,2,23.9,bonus_bs15_gae1_no,107,700000,,,,"{""3d7e46c4"":""550\/2000@m3""}",115,38,38,23,29,34,2,1,6,26,11,8,8,3,8,1,0,2
65933,2026-04-09 16:44:10,3,5,2,attack,shield,goldSack,gold,1,false,100000,49622107176429,109136,5,5,1,10,1,0,1,0,0,215,900,49,0,23.9,bonus_bs15_gae1_no,107,700000,,,,,116,39,38,24,29,34,2,1,6,27,12,8,9,3,8,1,0,2
65934,2026-04-09 16:44:12,30,2,2,accumulation,goldSack,goldSack,gold,1,false,150000,49622107326429,109135,5,5,1,10,0,0,0,0,1,216,900,49,1,24.0,bonus_bs15_gae1_no,107,700000,,LongExtraDayReduced,,"{""slot_on_"":""838\/3500@m12"",""4fdd0917"":""1301\/1600@m30""}",117,39,38,24,29,35,2,1,6,28,12,8,9,3,9,1,0,2
65935,2026-04-09 16:44:13,1,4,6,coin,steal,spins,gold,1,false,25000,49622107351429,109134,5,5,1,10,0,1,0,1,0,216,900,49,0,24.0,bonus_bs15_gae1_no,107,700000,,,,,118,39,39,24,30,35,2,1,6,29,12,9,9,4,9,1,0,2
65936,2026-04-09 16:44:15,1,4,6,coin,steal,spins,gold,1,false,25000,49622107376429,109133,5,5,1,10,0,1,0,1,0,216,900,49,0,24.0,bonus_bs15_gae1_no,107,700000,,,,,119,39,40,24,31,35,2,1,6,30,12,10,9,5,9,1,0,2
65937,2026-04-09 16:44:18,30,2,2,accumulation,goldSack,goldSack,gold,1,false,60000000,49622167376429,108733,5,5,400,10,0,0,0,0,1,616,900,49,400,68.4,bonus_bs15_gae1_no,107,700000,,,,,120,39,40,24,31,36,2,1,6,31,12,10,9,5,10,1,0,2
65938,2026-04-09 16:44:19,2,2,2,goldSack,goldSack,goldSack,gold,1,true,800000000,49622967376429,108333,5,5,400,10,0,0,0,0,0,616,900,49,0,68.4,bonus_bs15_gae1_no,107,700000,,,,"{""3d7e46c4"":""1350\/2000@m3""}",121,39,40,24,31,36,2,1,6,32,12,10,9,5,10,1,0,2
65939,2026-04-09 16:44:21,1,6,6,coin,spins,spins,gold,1,false,10000000,49622977376429,107933,5,5,400,10,0,0,0,2,0,616,900,49,0,68.4,bonus_bs15_gae1_no,107,700000,,LongExtraDayReduced,,"{""slot_on_"":""1238\/3500@m12""}",122,39,40,24,33,36,2,1,6,33,12,10,9,7,10,1,0,2
65940,2026-04-09 16:44:23,2,2,2,goldSack,goldSack,goldSack,gold,1,true,800000000,49623777376429,107533,5,5,400,10,0,0,0,0,0,616,900,49,0,68.4,bonus_bs15_gae1_no,107,700000,,,,,123,39,40,24,33,36,2,1,6,34,12,10,9,7,10,1,0,2
65941,2026-04-09 16:44:24,30,30,1,accumulation,accumulation,coin,gold,1,false,10000000,49623787376429,107133,5,5,400,10,0,0,0,0,2,16,300,51,0,5.3,,107,700000,LongExtraDayReduced,,,"{""slot_on_"":""1638\/3500@m12"",""ea77ce1b"":""1386\/2200@m4""}",124,39,40,24,33,38,2,1,6,35,12,10,9,7,12,1,0,2
65942,2026-04-09 16:44:30,2,2,2,goldSack,goldSack,goldSack,gold,1,true,800000000,49627287376429,107008,5,5,400,10,0,0,0,0,0,16,300,51,0,5.3,,107,700000,,,,,125,39,40,24,33,38,2,1,6,36,12,10,9,7,12,1,0,2
65943,2026-04-09 16:44:31,30,30,1,accumulation,accumulation,coin,gold,1,false,10000000,49627297376429,106608,5,5,400,10,0,0,0,0,2,516,45000,52,0,1.1,,107,700000,,,,,126,39,40,24,33,40,2,1,6,37,12,10,9,7,14,1,0,2
65944,2026-04-09 16:44:34,30,2,2,accumulation,goldSack,goldSack,gold,1,false,60000000,49627357376429,106208,5,5,400,10,0,0,0,0,1,916,45000,52,400,2.0,,107,700000,,,,,127,39,40,24,33,41,2,1,6,38,12,10,9,7,15,1,0,2
65945,2026-04-09 16:44:35,3,3,2,attack,attack,goldSack,gold,1,false,40000000,49627397376429,105808,5,5,400,10,2,0,0,0,0,916,45000,52,0,2.0,,107,700000,,LongExtraDayReduced,,"{""slot_on_"":""2038\/3500@m12"",""4fdd0917"":""501\/1600@m31""}",128,41,40,24,33,41,2,1,6,39,14,10,9,7,15,1,0,2
65946,2026-04-09 16:44:39,1,1,1,coin,coin,coin,gold,1,true,100000000,49627497376429,105408,5,5,400,10,0,0,0,0,0,916,45000,52,0,2.0,,107,700000,,,,,129,41,40,24,33,41,2,1,6,40,14,10,9,7,15,1,0,2
65947,2026-04-09 16:44:40,3,4,2,attack,steal,goldSack,gold,1,false,40000000,49627537376429,105008,5,5,400,10,1,1,0,0,0,916,45000,52,0,2.0,,107,700000,LongExtraDayReduced,LongExtraDayReduced,,"{""slot_on_"":""2838\/3500@m12""}",130,42,41,24,33,41,2,1,6,41,15,11,9,7,15,1,0,2
65948,2026-04-09 16:44:42,3,3,3,attack,attack,attack,attack,2,true,0,49627537376429,104608,5,5,400,10,3,0,0,0,0,916,45000,52,0,2.0,,107,700000,LongExtraDayReduced,,,"{""slot_on_"":""3238\/3500@m12""}",131,45,41,24,33,41,3,1,6,42,18,11,9,7,15,2,0,2
65949,2026-04-09 16:44:49,3,3,2,attack,attack,goldSack,gold,1,false,100000,49630969476429,104907,5,5,1,10,2,0,0,0,0,916,45000,52,0,2.0,,107,700000,,LongExtraDayReduced,,"{""slot_on_"":""3239\/3500@m12""}",132,47,41,24,33,41,3,1,6,43,20,11,9,7,15,2,0,2
65950,2026-04-09 16:44:50,2,2,2,goldSack,goldSack,goldSack,gold,1,true,2000000,49630971476429,104906,5,5,1,10,0,0,0,0,0,916,45000,52,0,2.0,,107,700000,,LongExtraDayReduced,,"{""slot_on_"":""3240\/3500@m12""}",133,47,41,24,33,41,3,1,6,44,20,11,9,7,15,2,0,2
65951,2026-04-09 16:44:52,1,4,6,coin,steal,spins,gold,1,false,25000,49630971501429,104905,5,5,1,10,0,1,0,1,0,916,45000,52,0,2.0,,107,700000,,LongExtraDayReduced,LongExtraDayReduced,"{""slot_on_"":""3242\/3500@m12""}",134,47,42,24,34,41,3,1,6,45,20,12,9,8,15,2,0,2
65952,2026-04-09 16:44:54,5,5,5,shield,shield,shield,shield,3,true,1,49630971501429,104905,5,5,1,10,0,0,3,0,0,916,45000,52,0,2.0,,107,700000,,,LongExtraDayReduced,"{""slot_on_"":""3243\/3500@m12"",""ea77ce1b"":""1387\/2200@m4""}",135,47,42,27,34,41,3,1,7,46,20,12,12,8,15,2,0,3
65953,2026-04-09 16:44:55,30,30,1,accumulation,accumulation,coin,gold,1,false,25000,49630971526429,104904,5,5,1,10,0,0,0,0,2,918,45000,52,2,2.0,,107,700000,,,,,136,47,42,27,34,43,3,1,7,47,20,12,12,8,17,2,0,3
65954,2026-04-09 16:44:57,3,1,1,attack,coin,coin,gold,1,false,50000,49630971576429,104903,5,5,1,10,1,0,0,0,0,918,45000,52,0,2.0,,107,700000,,,,"{""3d7e46c4"":""1352\/2000@m3"",""4fdd0917"":""503\/1600@m31""}",137,48,42,27,34,43,3,1,7,48,21,12,12,8,17,2,0,3
65955,2026-04-09 16:44:58,3,4,2,attack,steal,goldSack,gold,1,false,100000,49630971676429,104902,5,5,1,10,1,1,0,0,0,918,45000,52,0,2.0,,107,700000,LongExtraDayReduced,,,"{""slot_on_"":""3244\/3500@m12""}",138,49,43,27,34,43,3,1,7,49,22,13,12,8,17,2,0,3
65956,2026-04-09 16:45:01,1,1,1,coin,coin,coin,gold,1,true,250000,49630971926429,104901,5,5,1,10,0,0,0,0,0,918,45000,52,0,2.0,,107,700000,,,,,139,49,43,27,34,43,3,1,7,50,22,13,12,8,17,2,0,3
65957,2026-04-09 16:45:02,6,6,6,spins,spins,spins,spins,5,true,10,49630971926429,104910,5,5,1,10,0,0,0,3,0,918,45000,52,0,2.0,,107,700000,LongExtraDayReduced,,LongExtraDayReduced,"{""slot_on_"":""3246\/3500@m12""}",140,49,43,27,37,43,3,1,7,51,22,13,12,11,17,2,0,3
65958,2026-04-09 16:45:04,3,4,2,attack,steal,goldSack,gold,1,false,100000,49630972026429,104909,5,5,1,10,1,1,0,0,0,918,45000,52,0,2.0,,107,700000,,,,,141,50,44,27,37,43,3,1,7,1,1,1,0,0,0,0,0,0
65959,2026-04-09 16:45:05,3,1,1,attack,coin,coin,gold,1,false,50000,49630972076429,104908,5,5,1,10,1,0,0,0,0,918,45000,52,0,2.0,,107,700000,,,LongExtraDayReduced,"{""slot_on_"":""3247\/3500@m12""}",142,51,44,27,37,43,3,1,7,2,2,1,0,0,0,0,0,0
65960,2026-04-09 16:45:06,3,3,2,attack,attack,goldSack,gold,1,false,100000,49630972176429,104907,5,5,1,10,2,0,0,0,0,918,45000,52,0,2.0,,107,700000,,,LongExtraDayReduced,"{""slot_on_"":""3248\/3500@m12""}",143,53,44,27,37,43,3,1,7,3,4,1,0,0,0,0,0,0
65961,2026-04-09 16:45:07,30,2,2,accumulation,goldSack,goldSack,gold,1,false,150000,49630972326429,104906,5,5,1,10,0,0,0,0,1,919,45000,52,1,2.0,,107,700000,,,,"{""3d7e46c4"":""1354\/2000@m3""}",144,53,44,27,37,44,3,1,7,4,4,1,0,0,1,0,0,0
65962,2026-04-09 16:45:09,3,3,3,attack,attack,attack,attack,2,true,0,49630972326429,104905,5,5,1,10,3,0,0,0,0,919,45000,52,0,2.0,,107,700000,,,,,145,56,44,27,37,44,4,1,7,5,7,1,0,0,1,1,0,0
65963,2026-04-09 16:45:13,30,2,2,accumulation,goldSack,goldSack,gold,1,false,150000,49630998476429,104904,5,5,1,10,0,0,0,0,1,920,45000,52,1,2.0,,107,700000,,,,,146,56,44,27,37,45,4,1,7,6,7,1,0,0,2,1,0,0
65964,2026-04-09 16:45:15,3,6,2,attack,spins,goldSack,gold,1,false,100000,49630998576429,104903,5,5,1,10,1,0,0,1,0,920,45000,52,0,2.0,,107,700000,,,,,147,57,44,27,38,45,4,1,7,7,8,1,0,1,2,1,0,0
65965,2026-04-09 16:45:17,1,4,6,coin,steal,spins,gold,1,false,25000,49630998601429,104902,5,5,1,10,0,1,0,1,0,920,45000,52,0,2.0,,107,700000,,LongExtraDayReduced,,"{""slot_on_"":""3249\/3500@m12""}",148,57,45,27,39,45,4,1,7,8,8,2,0,2,2,1,0,0
65966,2026-04-09 16:45:18,30,2,2,accumulation,goldSack,goldSack,gold,1,false,150000,49630998751429,104901,5,5,1,10,0,0,0,0,1,921,45000,52,1,2.0,,107,700000,,LongExtraDayReduced,LongExtraDayReduced,"{""slot_on_"":""3251\/3500@m12""}",149,57,45,27,39,46,4,1,7,9,8,2,0,2,3,1,0,0
65967,2026-04-09 16:45:20,1,4,6,coin,steal,spins,gold,1,false,25000,49630998776429,104900,5,5,1,10,0,1,0,1,0,921,45000,52,0,2.0,,107,700000,,,,"{""ea77ce1b"":""1388\/2200@m4""}",150,57,46,27,40,46,4,1,7,10,8,3,0,3,3,1,0,0
65968,2026-04-09 16:45:22,4,4,4,steal,steal,steal,steal,4,true,0,49630998776429,104899,5,5,1,10,0,3,0,0,0,921,45000,52,0,2.0,,107,700000,,,,"{""4fdd0917"":""505\/1600@m31""}",151,57,49,27,40,46,4,2,7,11,8,6,0,3,3,1,1,0
65969,2026-04-09 16:45:27,2,2,2,goldSack,goldSack,goldSack,gold,1,true,2000000,49631126626429,104898,5,5,1,10,0,0,0,0,0,921,45000,52,0,2.0,,107,700000,,,,,152,57,49,27,40,46,4,2,7,12,8,6,0,3,3,1,1,0
65970,2026-04-09 16:45:28,1,4,6,coin,steal,spins,gold,1,false,25000,49631126651429,104897,5,5,1,10,0,1,0,1,0,921,45000,52,0,2.0,,107,700000,,,,,153,57,50,27,41,46,4,2,7,13,8,7,0,4,3,1,1,0
65971,2026-04-09 16:45:29,1,4,4,coin,steal,steal,gold,1,false,25000,49631126676429,104896,5,5,1,10,0,2,0,0,0,921,45000,52,0,2.0,,107,700000,LongExtraDayReduced,,,"{""slot_on_"":""3252\/3500@m12""}",154,57,52,27,41,46,4,2,7,14,8,9,0,4,3,1,1,0
65972,2026-04-09 16:45:32,3,3,3,attack,attack,attack,attack,2,true,0,49631126676429,104895,5,5,1,10,3,0,0,0,0,921,45000,52,0,2.0,,107,700000,,,,,155,60,52,27,41,46,5,2,7,15,11,9,0,4,3,2,1,0
65973,2026-04-09 16:45:36,30,2,2,accumulation,goldSack,goldSack,gold,1,false,150000,49631152826429,104894,5,5,1,10,0,0,0,0,1,922,45000,52,1,2.0,,107,700000,,,,,156,60,52,27,41,47,5,2,7,16,11,9,0,4,4,2,1,0
65974,2026-04-09 16:45:37,4,6,2,steal,spins,goldSack,gold,1,false,100000,49631152926429,104893,5,5,1,10,0,1,0,1,0,922,45000,52,0,2.0,,107,700000,,,,,157,60,53,27,42,47,5,2,7,17,11,10,0,5,4,2,1,0
65975,2026-04-09 16:45:38,30,30,30,accumulation,accumulation,accumulation,gold,10,true,0,49631152926429,104892,5,5,1,10,0,0,0,0,3,932,45000,52,10,2.1,,107,700000,,,,,158,60,53,27,42,50,5,2,7,18,11,10,0,5,7,2,1,0
65976,2026-04-09 16:45:40,30,2,2,accumulation,goldSack,goldSack,gold,1,false,150000,49631153076429,104891,5,5,1,10,0,0,0,0,1,933,45000,52,1,2.1,,107,700000,,,,"{""3d7e46c4"":""1356\/2000@m3""}",1,0,0,0,0,1,0,0,0,19,11,10,0,5,8,2,1,0
65977,2026-04-09 16:45:42,3,1,1,attack,coin,coin,gold,1,false,50000,49631153126429,104890,5,5,1,10,1,0,0,0,0,933,45000,52,0,2.1,,107,700000,,,,"{""4fdd0917"":""507\/1600@m31""}",2,1,0,0,0,1,0,0,0,20,12,10,0,5,8,2,1,0
65978,2026-04-09 17:18:32,3,3,2,attack,attack,goldSack,gold,1,false,100000,49626921529613,104889,5,5,1,10,2,0,0,0,0,933,45000,52,0,2.1,bonus_as10_gae1_no,107,700000,,,,,3,3,0,0,0,1,0,0,0,21,14,10,0,5,8,2,1,0
65979,2026-04-09 17:18:33,3,1,1,attack,coin,coin,gold,1,false,50000,49626921579613,104888,5,5,1,10,1,0,0,0,0,933,45000,52,0,2.1,bonus_as10_gae1_no,107,700000,,,,,4,4,0,0,0,1,0,0,0,22,15,10,0,5,8,2,1,0
65980,2026-04-09 17:18:33,3,3,2,attack,attack,goldSack,gold,1,false,100000,49626921679613,104887,5,5,1,10,2,0,0,0,0,933,45000,52,0,2.1,bonus_as10_gae1_no,107,700000,,,,,5,6,0,0,0,1,0,0,0,23,17,10,0,5,8,2,1,0
65981,2026-04-09 17:18:34,3,3,3,attack,attack,attack,attack,2,true,0,49626921679613,104886,5,5,1,10,3,0,0,0,0,933,45000,52,0,2.1,bonus_as10_gae1_no,107,700000,,,,,6,9,0,0,0,1,1,0,0,24,20,10,0,5,8,3,1,0
65982,2026-04-09 17:18:38,3,6,2,attack,spins,goldSack,gold,1,false,100000,49626930359613,104885,5,5,1,10,1,0,0,1,0,933,45000,52,0,2.1,bonus_as10_gae1_no,107,700000,,LongExtraDayReduced,,"{""slot_on_"":""3253\/3500@m12"",""ea77ce1b"":""1389\/2200@m4""}",7,10,0,0,1,1,1,0,0,25,21,10,0,6,8,3,1,0
65983,2026-04-09 17:18:39,30,30,1,accumulation,accumulation,coin,gold,1,false,25000,49626930384613,104884,5,5,1,10,0,0,0,0,2,935,45000,52,2,2.1,bonus_as10_gae1_no,107,700000,,,,,8,10,0,0,1,3,1,0,0,26,21,10,0,6,10,3,1,0
65984,2026-04-09 17:18:40,4,6,2,steal,spins,goldSack,gold,1,false,100000,49626930484613,104883,5,5,1,10,0,1,0,1,0,935,45000,52,0,2.1,bonus_as10_gae1_no,107,700000,,,,"{""3d7e46c4"":""1358\/2000@m3""}",9,10,1,0,2,3,1,0,0,27,21,11,0,7,10,3,1,0
65985,2026-04-09 17:18:41,3,1,1,attack,coin,coin,gold,1,false,50000,49626930534613,104882,5,5,1,10,1,0,0,0,0,935,45000,52,0,2.1,bonus_as10_gae1_no,107,700000,LongExtraDayReduced,LongExtraDayReduced,LongExtraDayReduced,"{""slot_on_"":""3258\/3500@m12""}",10,11,1,0,2,3,1,0,0,28,22,11,0,7,10,3,1,0
65986,2026-04-09 17:18:42,30,30,1,accumulation,accumulation,coin,gold,1,false,25000,49626930559613,104881,5,5,1,10,0,0,0,0,2,937,45000,52,2,2.1,bonus_as10_gae1_no,107,700000,,,,,11,11,1,0,2,5,1,0,0,29,22,11,0,7,12,3,1,0
65987,2026-04-09 17:18:44,3,3,3,attack,attack,attack,attack,2,true,0,49626930559613,104880,5,5,1,10,3,0,0,0,0,937,45000,52,0,2.1,bonus_as10_gae1_no,107,700000,,,,,12,14,1,0,2,5,2,0,0,30,25,11,0,7,12,4,1,0
65988,2026-04-09 17:18:47,4,6,2,steal,spins,goldSack,gold,1,false,100000,49626939239613,104879,5,5,1,10,0,1,0,1,0,937,45000,52,0,2.1,bonus_as10_gae1_no,107,700000,,,,,13,14,2,0,3,5,2,0,0,31,25,12,0,8,12,4,1,0
65989,2026-04-09 17:18:48,4,4,4,steal,steal,steal,steal,4,true,0,49626939239613,104878,5,5,1,10,0,3,0,0,0,937,45000,52,0,2.1,bonus_as10_gae1_no,107,700000,,,,,14,14,5,0,3,5,2,1,0,32,25,15,0,8,12,4,2,0
65990,2026-04-09 17:18:54,3,1,5,attack,coin,shield,gold,1,false,25000,49627064814613,104877,5,5,1,10,1,0,1,0,0,937,45000,52,0,2.1,bonus_as10_gae1_no,107,700000,,,,,15,15,5,1,3,5,2,1,0,33,26,15,1,8,12,4,2,0
65991,2026-04-09 17:18:54,1,6,6,coin,spins,spins,gold,1,false,25000,49627064839613,104876,5,5,1,10,0,0,0,2,0,937,45000,52,0,2.1,bonus_as10_gae1_no,107,700000,LongExtraDayReduced,,,"{""slot_on_"":""3259\/3500@m12""}",16,15,5,1,5,5,2,1,0,34,26,15,1,10,12,4,2,0
65992,2026-04-09 17:18:55,1,1,1,coin,coin,coin,gold,1,true,250000,49627065089613,104875,5,5,1,10,0,0,0,0,0,937,45000,52,0,2.1,bonus_as10_gae1_no,107,700000,,LongExtraDayReduced,LongExtraDayReduced,"{""slot_on_"":""3261\/3500@m12"",""4fdd0917"":""509\/1600@m31""}",17,15,5,1,5,5,2,1,0,35,26,15,1,10,12,4,2,0
65993,2026-04-09 17:18:56,1,4,6,coin,steal,spins,gold,1,false,25000,49627065114613,104874,5,5,1,10,0,1,0,1,0,937,45000,52,0,2.1,bonus_as10_gae1_no,107,700000,,,,,18,15,6,1,6,5,2,1,0,36,26,16,1,11,12,4,2,0
65994,2026-04-09 17:18:57,1,4,4,coin,steal,steal,gold,1,false,25000,49627065139613,104873,5,5,1,10,0,2,0,0,0,937,45000,52,0,2.1,bonus_as10_gae1_no,107,700000,,,,,19,15,8,1,6,5,2,1,0,37,26,18,1,11,12,4,2,0
65995,2026-04-09 17:18:58,4,4,4,steal,steal,steal,steal,4,true,0,49627065139613,104872,5,5,1,10,0,3,0,0,0,937,45000,52,0,2.1,bonus_as10_gae1_no,107,700000,,LongExtraDayReduced,,"{""slot_on_"":""3262\/3500@m12"",""3d7e46c4"":""1360\/2000@m3""}",20,15,11,1,6,5,2,2,0,38,26,21,1,11,12,4,3,0
65996,2026-04-09 17:19:03,30,2,2,accumulation,goldSack,goldSack,gold,1,false,150000,49627122739613,104871,5,5,1,10,0,0,0,0,1,938,45000,52,1,2.1,bonus_as10_gae1_no,107,700000,,,,"{""ea77ce1b"":""1390\/2200@m4""}",21,15,11,1,6,6,2,2,0,39,26,21,1,11,13,4,3,0
65997,2026-04-09 17:19:05,1,1,1,coin,coin,coin,gold,1,true,250000,49627122989613,104870,5,5,1,10,0,0,0,0,0,938,45000,52,0,2.1,bonus_as10_gae1_no,107,700000,,,,,22,15,11,1,6,6,2,2,0,40,26,21,1,11,13,4,3,0
65998,2026-04-09 17:19:05,30,2,2,accumulation,goldSack,goldSack,gold,1,false,150000,49627123139613,104869,5,5,1,10,0,0,0,0,1,939,45000,52,1,2.1,bonus_as10_gae1_no,107,700000,,,,,23,15,11,1,6,7,2,2,0,41,26,21,1,11,14,4,3,0
65999,2026-04-09 17:19:06,1,4,6,coin,steal,spins,gold,1,false,25000,49627123164613,104868,5,5,1,10,0,1,0,1,0,939,45000,52,0,2.1,bonus_as10_gae1_no,107,700000,,,,,24,15,12,1,7,7,2,2,0,42,26,22,1,12,14,4,3,0
66000,2026-04-09 17:19:07,5,5,5,shield,shield,shield,shield,3,true,1,49627123164613,104868,5,5,1,10,0,0,3,0,0,939,45000,52,0,2.1,bonus_as10_gae1_no,107,700000,,,,,25,15,12,4,7,7,2,2,1,43,26,22,4,12,14,4,3,1
66001,2026-04-09 17:19:08,30,2,2,accumulation,goldSack,goldSack,gold,1,false,150000,49627123314613,104867,5,5,1,10,0,0,0,0,1,940,45000,52,1,2.1,bonus_as10_gae1_no,107,700000,,,,,26,15,12,4,7,8,2,2,1,44,26,22,4,12,15,4,3,1
66002,2026-04-09 17:19:09,2,2,2,goldSack,goldSack,goldSack,gold,1,true,2000000,49627125314613,104866,5,5,1,10,0,0,0,0,0,940,45000,52,0,2.1,bonus_as10_gae1_no,107,700000,LongExtraDayReduced,,,"{""slot_on_"":""3263\/3500@m12""}",27,15,12,4,7,8,2,2,1,45,26,22,4,12,15,4,3,1
66003,2026-04-09 17:19:10,30,30,1,accumulation,accumulation,coin,gold,1,false,25000,49627125339613,104865,5,5,1,10,0,0,0,0,2,942,45000,52,2,2.1,bonus_as10_gae1_no,107,700000,,,,,28,15,12,4,7,10,2,2,1,46,26,22,4,12,17,4,3,1
66004,2026-04-09 17:19:11,3,1,1,attack,coin,coin,gold,1,false,50000,49627125389613,104864,5,5,1,10,1,0,0,0,0,942,45000,52,0,2.1,bonus_as10_gae1_no,107,700000,,,,,29,16,12,4,7,10,2,2,1,47,27,22,4,12,17,4,3,1
66005,2026-04-09 17:19:11,3,1,1,attack,coin,coin,gold,1,false,50000,49627125439613,104863,5,5,1,10,1,0,0,0,0,942,45000,52,0,2.1,bonus_as10_gae1_no,107,700000,,,,,30,17,12,4,7,10,2,2,1,48,28,22,4,12,17,4,3,1
66006,2026-04-09 17:19:12,3,6,2,attack,spins,goldSack,gold,1,false,100000,49627125539613,104862,5,5,1,10,1,0,0,1,0,942,45000,52,0,2.1,bonus_as10_gae1_no,107,700000,,,,,31,18,12,4,8,10,2,2,1,49,29,22,4,13,17,4,3,1
66007,2026-04-09 17:19:13,3,1,1,attack,coin,coin,gold,1,false,50000,49627125589613,104861,5,5,1,10,1,0,0,0,0,942,45000,52,0,2.1,bonus_as10_gae1_no,107,700000,,,,,32,19,12,4,8,10,2,2,1,50,30,22,4,13,17,4,3,1
66008,2026-04-09 17:19:14,5,5,5,shield,shield,shield,shield,3,true,1,49627125589613,104861,5,5,1,10,0,0,3,0,0,942,45000,52,0,2.1,bonus_as10_gae1_no,107,700000,,,,"{""4fdd0917"":""511\/1600@m31""}",33,19,12,7,8,10,2,2,2,51,30,22,7,13,17,4,3,2
66009,2026-04-09 17:19:15,30,2,2,accumulation,goldSack,goldSack,gold,1,false,150000,49627125739613,104860,5,5,1,10,0,0,0,0,1,943,45000,52,1,2.1,bonus_as10_gae1_no,107,700000,,,,,34,19,12,7,8,11,2,2,2,52,30,22,7,13,18,4,3,2
66010,2026-04-09 17:19:16,3,1,1,attack,coin,coin,gold,1,false,50000,49627125789613,104859,5,5,1,10,1,0,0,0,0,943,45000,52,0,2.1,bonus_as10_gae1_no,107,700000,,,LongExtraDayReduced,"{""slot_on_"":""3264\/3500@m12""}",35,20,12,7,8,11,2,2,2,53,31,22,7,13,18,4,3,2
66011,2026-04-09 17:19:17,1,4,4,coin,steal,steal,gold,1,false,25000,49627125814613,104858,5,5,1,10,0,2,0,0,0,943,45000,52,0,2.1,bonus_as10_gae1_no,107,700000,,,,,36,20,14,7,8,11,2,2,2,54,31,24,7,13,18,4,3,2
66012,2026-04-09 17:19:18,30,30,1,accumulation,accumulation,coin,gold,1,false,25000,49627125839613,104857,5,5,1,10,0,0,0,0,2,945,45000,52,2,2.1,bonus_as10_gae1_no,107,700000,,,,,37,20,14,7,8,13,2,2,2,55,31,24,7,13,20,4,3,2
66013,2026-04-09 17:19:19,2,2,2,goldSack,goldSack,goldSack,gold,1,true,2000000,49627127839613,104856,5,5,1,10,0,0,0,0,0,945,45000,52,0,2.1,bonus_as10_gae1_no,107,700000,LongExtraDayReduced,,,"{""slot_on_"":""3265\/3500@m12""}",38,20,14,7,8,13,2,2,2,56,31,24,7,13,20,4,3,2
66014,2026-04-09 17:19:20,3,3,2,attack,attack,goldSack,gold,1,false,100000,49627127939613,104855,5,5,1,10,2,0,0,0,0,945,45000,52,0,2.1,bonus_as10_gae1_no,107,700000,LongExtraDayReduced,,,"{""slot_on_"":""3266\/3500@m12""}",39,22,14,7,8,13,2,2,2,57,33,24,7,13,20,4,3,2
66015,2026-04-09 17:19:20,3,1,1,attack,coin,coin,gold,1,false,50000,49627127989613,104854,5,5,1,10,1,0,0,0,0,945,45000,52,0,2.1,bonus_as10_gae1_no,107,700000,,,,"{""ea77ce1b"":""1391\/2200@m4"",""3d7e46c4"":""1362\/2000@m3""}",40,23,14,7,8,13,2,2,2,58,34,24,7,13,20,4,3,2
66016,2026-04-09 17:19:22,1,6,6,coin,spins,spins,gold,1,false,25000,49627128014613,104853,5,5,1,10,0,0,0,2,0,945,45000,52,0,2.1,bonus_as10_gae1_no,107,700000,,,,,41,23,14,7,10,13,2,2,2,59,34,24,7,15,20,4,3,2
66017,2026-04-09 17:19:22,30,2,2,accumulation,goldSack,goldSack,gold,1,false,150000,49627128164613,104852,5,5,1,10,0,0,0,0,1,946,45000,52,1,2.1,bonus_as10_gae1_no,107,700000,,,,,42,23,14,7,10,14,2,2,2,60,34,24,7,15,21,4,3,2
66018,2026-04-09 17:19:23,2,2,2,goldSack,goldSack,goldSack,gold,1,true,2000000,49627130164613,104851,5,5,1,10,0,0,0,0,0,946,45000,52,0,2.1,bonus_as10_gae1_no,107,700000,LongExtraDayReduced,,,"{""slot_on_"":""3267\/3500@m12""}",43,23,14,7,10,14,2,2,2,61,34,24,7,15,21,4,3,2
66019,2026-04-09 17:19:24,4,6,2,steal,spins,goldSack,gold,1,false,100000,49627130264613,104850,5,5,1,10,0,1,0,1,0,946,45000,52,0,2.1,bonus_as10_gae1_no,107,700000,,,,,44,23,15,7,11,14,2,2,2,62,34,25,7,16,21,4,3,2
66020,2026-04-09 17:19:25,1,4,4,coin,steal,steal,gold,1,false,25000,49627130289613,104849,5,5,1,10,0,2,0,0,0,946,45000,52,0,2.1,bonus_as10_gae1_no,107,700000,,,,"{""4fdd0917"":""513\/1600@m31""}",45,23,17,7,11,14,2,2,2,63,34,27,7,16,21,4,3,2
66021,2026-04-09 17:19:26,1,1,1,coin,coin,coin,gold,1,true,250000,49627130539613,104848,5,5,1,10,0,0,0,0,0,946,45000,52,0,2.1,bonus_as10_gae1_no,107,700000,,,,,46,23,17,7,11,14,2,2,2,64,34,27,7,16,21,4,3,2
66022,2026-04-09 17:19:27,3,3,3,attack,attack,attack,attack,2,true,0,49627130539613,104847,5,5,1,10,3,0,0,0,0,946,45000,52,0,2.1,bonus_as10_gae1_no,107,700000,,,,,47,26,17,7,11,14,3,2,2,65,37,27,7,16,21,5,3,2
66023,2026-04-09 17:19:31,4,6,2,steal,spins,goldSack,gold,1,false,100000,49627156639613,104846,5,5,1,10,0,1,0,1,0,946,45000,52,0,2.1,bonus_as10_gae1_no,107,700000,,,,,48,26,18,7,12,14,3,2,2,66,37,28,7,17,21,5,3,2
66024,2026-04-09 17:19:31,3,4,2,attack,steal,goldSack,gold,1,false,100000,49627156739613,104845,5,5,1,10,1,1,0,0,0,946,45000,52,0,2.1,bonus_as10_gae1_no,107,700000,,,,,49,27,19,7,12,14,3,2,2,67,38,29,7,17,21,5,3,2
66025,2026-04-09 17:19:32,5,2,2,shield,goldSack,goldSack,gold,1,false,150000,49627156889613,104844,5,5,1,10,0,0,1,0,0,946,45000,52,0,2.1,bonus_as10_gae1_no,107,700000,,,,,50,27,19,8,12,14,3,2,2,68,38,29,8,17,21,5,3,2
66026,2026-04-09 17:19:33,4,6,2,steal,spins,goldSack,gold,1,false,100000,49627156989613,104843,5,5,1,10,0,1,0,1,0,946,45000,52,0,2.1,bonus_as10_gae1_no,107,700000,,,,,51,27,20,8,13,14,3,2,2,69,38,30,8,18,21,5,3,2
66027,2026-04-09 17:19:34,30,2,2,accumulation,goldSack,goldSack,gold,1,false,150000,49627157139613,104842,5,5,1,10,0,0,0,0,1,947,45000,52,1,2.1,bonus_as10_gae1_no,107,700000,,,,"{""ea77ce1b"":""1392\/2200@m4""}",52,27,20,8,13,15,3,2,2,70,38,30,8,18,22,5,3,2
66028,2026-04-09 17:19:35,30,2,2,accumulation,goldSack,goldSack,gold,1,false,150000,49627157289613,104841,5,5,1,10,0,0,0,0,1,948,45000,52,1,2.1,bonus_as10_gae1_no,107,700000,,,,,53,27,20,8,13,16,3,2,2,71,38,30,8,18,23,5,3,2
66029,2026-04-09 17:19:36,30,2,2,accumulation,goldSack,goldSack,gold,1,false,150000,49627157439613,104840,5,5,1,10,0,0,0,0,1,949,45000,52,1,2.1,bonus_as10_gae1_no,107,700000,,,,,54,27,20,8,13,17,3,2,2,72,38,30,8,18,24,5,3,2
66030,2026-04-09 17:19:42,1,1,1,coin,coin,coin,gold,1,true,12500000,49627169939613,104790,5,5,50,10,0,0,0,0,0,949,45000,52,0,2.1,bonus_as10_gae1_no,107,700000,,,,,55,27,20,8,13,17,3,2,2,73,38,30,8,18,24,5,3,2
66031,2026-04-09 17:19:43,1,1,1,coin,coin,coin,gold,1,true,12500000,49627182439613,104740,5,5,50,10,0,0,0,0,0,949,45000,52,0,2.1,bonus_as10_gae1_no,107,700000,,,,,56,27,20,8,13,17,3,2,2,74,38,30,8,18,24,5,3,2
66032,2026-04-09 17:19:46,30,2,2,accumulation,goldSack,goldSack,gold,1,false,7500000,49627189939613,104690,5,5,50,10,0,0,0,0,1,999,45000,52,50,2.2,bonus_as10_gae1_no,107,700000,,,,"{""4fdd0917"":""613\/1600@m31""}",57,27,20,8,13,18,3,2,2,75,38,30,8,18,25,5,3,2
66033,2026-04-09 17:19:49,1,1,6,coin,coin,spins,gold,1,false,20000000,49627209939613,104290,5,5,400,10,0,0,0,1,0,999,45000,52,0,2.2,bonus_as10_gae1_no,107,700000,,,,,58,27,20,8,14,18,3,2,2,76,38,30,8,19,25,5,3,2
66034,2026-04-09 17:19:50,3,6,2,attack,spins,goldSack,gold,1,false,40000000,49627249939613,103890,5,5,400,10,1,0,0,1,0,999,45000,52,0,2.2,bonus_as10_gae1_no,107,700000,,,,"{""3d7e46c4"":""162\/3000@m4""}",59,28,20,8,15,18,3,2,2,77,39,30,8,20,25,5,3,2
66035,2026-04-09 17:19:53,1,4,5,coin,steal,shield,gold,1,false,10000000,49627259939613,103490,5,5,400,10,0,1,1,0,0,999,45000,52,0,2.2,bonus_as10_gae1_no,107,700000,,,,,60,28,21,9,15,18,3,2,2,78,39,31,9,20,25,5,3,2
66036,2026-04-09 17:19:54,3,4,2,attack,steal,goldSack,gold,1,false,40000000,49627299939613,103090,5,5,400,10,1,1,0,0,0,999,45000,52,0,2.2,bonus_as10_gae1_no,107,700000,,LongExtraDayReduced,LongExtraDayReduced,"{""slot_on_"":""567\/4500@m13""}",61,29,22,9,15,18,3,2,2,79,40,32,9,20,25,5,3,2
66037,2026-04-09 17:19:57,30,2,2,accumulation,goldSack,goldSack,gold,1,false,60000000,49627359939613,103690,5,5,400,10,0,0,0,0,1,1399,45000,52,400,3.1,bonus_as10_gae1_no,107,700000,,,,,62,29,22,9,15,19,3,2,2,80,40,32,9,20,26,5,3,2
66038,2026-04-09 17:19:58,3,6,2,attack,spins,goldSack,gold,1,false,40000000,49627399939613,103290,5,5,400,10,1,0,0,1,0,1399,45000,52,0,3.1,bonus_as10_gae1_no,107,700000,,,,,63,30,22,9,16,19,3,2,2,81,41,32,9,21,26,5,3,2
66039,2026-04-09 17:19:59,30,30,1,accumulation,accumulation,coin,gold,1,false,10000000,49627409939613,102890,5,5,400,10,0,0,0,0,2,2199,45000,52,800,4.9,bonus_as10_gae1_no,107,700000,,LongExtraDayReduced,,"{""slot_on_"":""967\/4500@m13""}",64,30,22,9,16,21,3,2,2,82,41,32,9,21,28,5,3,2
66040,2026-04-09 17:20:01,1,1,6,coin,coin,spins,gold,1,false,20000000,49627429939613,102490,5,5,400,10,0,0,0,1,0,2199,45000,52,0,4.9,bonus_as10_gae1_no,107,700000,,,,,65,30,22,9,17,21,3,2,2,83,41,32,9,22,28,5,3,2
66041,2026-04-09 17:20:02,2,2,2,goldSack,goldSack,goldSack,gold,1,true,800000000,49628229939613,102090,5,5,400,10,0,0,0,0,0,2199,45000,52,0,4.9,bonus_as10_gae1_no,107,700000,,,,,66,30,22,9,17,21,3,2,2,84,41,32,9,22,28,5,3,2
66042,2026-04-09 17:20:05,2,2,2,goldSack,goldSack,goldSack,gold,1,true,4000000,49628233939613,102088,5,5,2,10,0,0,0,0,0,2199,45000,52,0,4.9,bonus_as10_gae1_no,107,700000,,,LongExtraDayReduced,"{""slot_on_"":""969\/4500@m13""}",67,30,22,9,17,21,3,2,2,85,41,32,9,22,28,5,3,2
66043,2026-04-09 17:20:06,3,4,2,attack,steal,goldSack,gold,1,false,200000,49628234139613,102086,5,5,2,10,1,1,0,0,0,2199,45000,52,0,4.9,bonus_as10_gae1_no,107,700000,,,,"{""4fdd0917"":""617\/1600@m31""}",68,31,23,9,17,21,3,2,2,86,42,33,9,22,28,5,3,2
66044,2026-04-09 17:20:07,1,1,6,coin,coin,spins,gold,1,false,100000,49628234239613,102084,5,5,2,10,0,0,0,1,0,2199,45000,52,0,4.9,bonus_as10_gae1_no,107,700000,LongExtraDayReduced,,LongExtraDayReduced,"{""slot_on_"":""973\/4500@m13""}",69,31,23,9,18,21,3,2,2,87,42,33,9,23,28,5,3,2
66045,2026-04-09 17:20:08,1,1,1,coin,coin,coin,gold,1,true,500000,49628234739613,102082,5,5,2,10,0,0,0,0,0,2199,45000,52,0,4.9,bonus_as10_gae1_no,107,700000,,,,,70,31,23,9,18,21,3,2,2,88,42,33,9,23,28,5,3,2
66046,2026-04-09 17:20:09,30,2,2,accumulation,goldSack,goldSack,gold,1,false,300000,49628235039613,102080,5,5,2,10,0,0,0,0,1,2201,45000,52,2,4.9,bonus_as10_gae1_no,107,700000,,,,,71,31,23,9,18,22,3,2,2,89,42,33,9,23,29,5,3,2
66047,2026-04-09 17:20:10,1,5,5,coin,shield,shield,gold,1,false,50000,49628235089613,102078,5,5,2,10,0,0,2,0,0,2201,45000,52,0,4.9,bonus_as10_gae1_no,107,700000,LongExtraDayReduced,,,"{""slot_on_"":""975\/4500@m13"",""ea77ce1b"":""1394\/2200@m4""}",72,31,23,11,18,22,3,2,2,90,42,33,11,23,29,5,3,2
66048,2026-04-09 17:20:11,1,1,6,coin,coin,spins,gold,1,false,100000,49628235189613,102076,5,5,2,10,0,0,0,1,0,2201,45000,52,0,4.9,bonus_as10_gae1_no,107,700000,,,,,73,31,23,11,19,22,3,2,2,91,42,33,11,24,29,5,3,2
66049,2026-04-09 17:20:12,3,4,2,attack,steal,goldSack,gold,1,false,200000,49628235389613,102074,5,5,2,10,1,1,0,0,0,2201,45000,52,0,4.9,bonus_as10_gae1_no,107,700000,,,,,74,32,24,11,19,22,3,2,2,92,43,34,11,24,29,5,3,2
66050,2026-04-09 17:20:12,1,1,6,coin,coin,spins,gold,1,false,100000,49628235489613,102072,5,5,2,10,0,0,0,1,0,2201,45000,52,0,4.9,bonus_as10_gae1_no,107,700000,,LongExtraDayReduced,,"{""slot_on_"":""977\/4500@m13""}",75,32,24,11,20,22,3,2,2,93,43,34,11,25,29,5,3,2
66051,2026-04-09 17:20:13,1,1,6,coin,coin,spins,gold,1,false,100000,49628235589613,102070,5,5,2,10,0,0,0,1,0,2201,45000,52,0,4.9,bonus_as10_gae1_no,107,700000,,,,,76,32,24,11,21,22,3,2,2,94,43,34,11,26,29,5,3,2
66052,2026-04-09 17:20:14,2,2,2,goldSack,goldSack,goldSack,gold,1,true,4000000,49628239589613,102068,5,5,2,10,0,0,0,0,0,2201,45000,52,0,4.9,bonus_as10_gae1_no,107,700000,,,,,77,32,24,11,21,22,3,2,2,95,43,34,11,26,29,5,3,2
66053,2026-04-09 17:20:17,1,1,1,coin,coin,coin,gold,1,true,12500000,49628252089613,102018,5,5,50,10,0,0,0,0,0,2201,45000,52,0,4.9,bonus_as10_gae1_no,107,700000,,,LongExtraDayReduced,"{""slot_on_"":""1027\/4500@m13""}",78,32,24,11,21,22,3,2,2,96,43,34,11,26,29,5,3,2
66054,2026-04-09 17:20:18,3,1,1,attack,coin,coin,gold,1,false,2500000,49628254589613,101968,5,5,50,10,1,0,0,0,0,2201,45000,52,0,4.9,bonus_as10_gae1_no,107,700000,,,,,79,33,24,11,21,22,3,2,2,97,44,34,11,26,29,5,3,2
66055,2026-04-09 17:20:19,3,3,3,attack,attack,attack,attack,2,true,0,49628254589613,101918,5,5,50,10,3,0,0,0,0,2201,45000,52,0,4.9,bonus_as10_gae1_no,107,700000,,,,"{""3d7e46c4"":""262\/3000@m4""}",80,36,24,11,21,22,4,2,2,98,47,34,11,26,29,6,3,2
66056,2026-04-09 17:20:25,4,6,2,steal,spins,goldSack,gold,1,false,100000,49628683689613,101917,5,5,1,10,0,1,0,1,0,2201,45000,52,0,4.9,bonus_as10_gae1_no,107,700000,,,,,81,36,25,11,22,22,4,2,2,99,47,35,11,27,29,6,3,2
66057,2026-04-09 17:20:26,2,2,2,goldSack,goldSack,goldSack,gold,1,true,2000000,49628685689613,101916,5,5,1,10,0,0,0,0,0,2201,45000,52,0,4.9,bonus_as10_gae1_no,107,700000,,,,,82,36,25,11,22,22,4,2,2,100,47,35,11,27,29,6,3,2
66058,2026-04-09 17:20:27,3,4,2,attack,steal,goldSack,gold,1,false,100000,49628685789613,101915,5,5,1,10,1,1,0,0,0,2201,45000,52,0,4.9,bonus_as10_gae1_no,107,700000,,,LongExtraDayReduced,"{""slot_on_"":""1028\/4500@m13""}",83,37,26,11,22,22,4,2,2,101,48,36,11,27,29,6,3,2
66059,2026-04-09 17:20:29,3,3,2,attack,attack,goldSack,gold,1,false,100000,49628685889613,101914,5,5,1,10,2,0,0,0,0,2201,45000,52,0,4.9,bonus_as10_gae1_no,107,700000,,,,,84,39,26,11,22,22,4,2,2,102,50,36,11,27,29,6,3,2
66060,2026-04-09 17:20:30,30,30,1,accumulation,accumulation,coin,gold,1,false,25000,49628685914613,101913,5,5,1,10,0,0,0,0,2,2203,45000,52,2,4.9,bonus_as10_gae1_no,107,700000,,,,"{""ea77ce1b"":""1395\/2200@m4""}",85,39,26,11,22,24,4,2,2,103,50,36,11,27,31,6,3,2
66061,2026-04-09 17:20:34,1,1,1,coin,coin,coin,gold,1,true,250000,49628686164613,101912,5,5,1,10,0,0,0,0,0,2203,45000,52,0,4.9,bonus_as10_gae1_no,107,700000,,,,,86,39,26,11,22,24,4,2,2,104,50,36,11,27,31,6,3,2
66062,2026-04-09 17:20:34,30,2,2,accumulation,goldSack,goldSack,gold,1,false,150000,49628686314613,101911,5,5,1,10,0,0,0,0,1,2204,45000,52,1,4.9,bonus_as10_gae1_no,107,700000,,,,,87,39,26,11,22,25,4,2,2,105,50,36,11,27,32,6,3,2
66063,2026-04-09 17:20:36,3,3,3,attack,attack,attack,attack,2,true,0,49628686314613,101910,5,5,1,10,3,0,0,0,0,2204,45000,52,0,4.9,bonus_as10_gae1_no,107,700000,,LongExtraDayReduced,,"{""slot_on_"":""1029\/4500@m13""}",88,42,26,11,22,25,5,2,2,106,53,36,11,27,32,7,3,2
66064,2026-04-09 17:20:41,4,6,2,steal,spins,goldSack,gold,1,false,100000,49628694994613,101909,5,5,1,10,0,1,0,1,0,2204,45000,52,0,4.9,bonus_as10_gae1_no,107,700000,,,,,89,42,27,11,23,25,5,2,2,107,53,37,11,28,32,7,3,2
66065,2026-04-09 17:20:43,30,30,1,accumulation,accumulation,coin,gold,1,false,25000,49628695019613,101908,5,5,1,10,0,0,0,0,2,2206,45000,52,2,4.9,bonus_as10_gae1_no,107,700000,,,,,90,42,27,11,23,27,5,2,2,108,53,37,11,28,34,7,3,2
66066,2026-04-09 17:20:44,1,6,6,coin,spins,spins,gold,1,false,25000,49628695044613,101907,5,5,1,10,0,0,0,2,0,2206,45000,52,0,4.9,bonus_as10_gae1_no,107,700000,,,LongExtraDayReduced,"{""slot_on_"":""1030\/4500@m13"",""3d7e46c4"":""264\/3000@m4""}",91,42,27,11,25,27,5,2,2,109,53,37,11,30,34,7,3,2
66067,2026-04-09 17:20:45,1,1,1,coin,coin,coin,gold,1,true,250000,49628695294613,101906,5,5,1,10,0,0,0,0,0,2206,45000,52,0,4.9,bonus_as10_gae1_no,107,700000,,,,,92,42,27,11,25,27,5,2,2,110,53,37,11,30,34,7,3,2
66068,2026-04-09 17:20:46,30,30,3,accumulation,accumulation,attack,gold,6,false,0,49628695294613,101905,5,5,1,10,1,0,0,0,2,2208,45000,52,2,4.9,bonus_as10_gae1_no,107,700000,,,LongExtraDayReduced,"{""slot_on_"":""1031\/4500@m13"",""4fdd0917"":""619\/1600@m31""}",93,43,27,11,25,29,5,2,2,111,54,37,11,30,36,7,3,2
66069,2026-04-09 17:20:49,1,4,6,coin,steal,spins,gold,1,false,25000,49628695319613,101904,5,5,1,10,0,1,0,1,0,2208,45000,52,0,4.9,bonus_as10_gae1_no,107,700000,,,,,94,43,28,11,26,29,5,2,2,112,54,38,11,31,36,7,3,2
66070,2026-04-09 17:20:50,4,6,2,steal,spins,goldSack,gold,1,false,100000,49628695419613,101903,5,5,1,10,0,1,0,1,0,2208,45000,52,0,4.9,bonus_as10_gae1_no,107,700000,,,,,95,43,29,11,27,29,5,2,2,113,54,39,11,32,36,7,3,2
66071,2026-04-09 17:20:51,1,4,4,coin,steal,steal,gold,1,false,25000,49628695444613,101902,5,5,1,10,0,2,0,0,0,2208,45000,52,0,4.9,bonus_as10_gae1_no,107,700000,,,,,96,43,31,11,27,29,5,2,2,114,54,41,11,32,36,7,3,2
66072,2026-04-09 17:20:52,3,3,2,attack,attack,goldSack,gold,1,false,100000,49628695544613,101901,5,5,1,10,2,0,0,0,0,2208,45000,52,0,4.9,bonus_as10_gae1_no,107,700000,,,,,97,45,31,11,27,29,5,2,2,115,56,41,11,32,36,7,3,2
66073,2026-04-09 17:20:54,5,2,2,shield,goldSack,goldSack,gold,1,false,150000,49628695694613,101900,5,5,1,10,0,0,1,0,0,2208,45000,52,0,4.9,bonus_as10_gae1_no,107,700000,,,,,98,45,31,12,27,29,5,2,2,116,56,41,12,32,36,7,3,2
66074,2026-04-09 17:20:55,3,1,5,attack,coin,shield,gold,1,false,25000,49628695719613,101899,5,5,1,10,1,0,1,0,0,2208,45000,52,0,4.9,bonus_as10_gae1_no,107,700000,LongExtraDayReduced,,,"{""slot_on_"":""1032\/4500@m13""}",99,46,31,13,27,29,5,2,2,117,57,41,13,32,36,7,3,2
66075,2026-04-09 17:20:57,3,3,3,attack,attack,attack,attack,2,true,0,49628695719613,101898,5,5,1,10,3,0,0,0,0,2208,45000,52,0,4.9,bonus_as10_gae1_no,107,700000,LongExtraDayReduced,,,"{""slot_on_"":""1033\/4500@m13""}",100,49,31,13,27,29,6,2,2,118,60,41,13,32,36,8,3,2
66076,2026-04-09 17:21:02,4,6,2,steal,spins,goldSack,gold,1,false,100000,49628704399613,101897,5,5,1,10,0,1,0,1,0,2208,45000,52,0,4.9,bonus_as10_gae1_no,107,700000,,,,"{""3d7e46c4"":""266\/3000@m4""}",101,49,32,13,28,29,6,2,2,119,60,42,13,33,36,8,3,2
66077,2026-04-09 17:21:03,3,1,1,attack,coin,coin,gold,1,false,50000,49628704449613,101896,5,5,1,10,1,0,0,0,0,2208,45000,52,0,4.9,bonus_as10_gae1_no,107,700000,,,LongExtraDayReduced,"{""slot_on_"":""1034\/4500@m13""}",102,50,32,13,28,29,6,2,2,120,61,42,13,33,36,8,3,2
66078,2026-04-09 17:21:04,30,2,2,accumulation,goldSack,goldSack,gold,1,false,150000,49628704599613,101895,5,5,1,10,0,0,0,0,1,2209,45000,52,1,4.9,bonus_as10_gae1_no,107,700000,,LongExtraDayReduced,,"{""slot_on_"":""1035\/4500@m13""}",103,50,32,13,28,30,6,2,2,121,61,42,13,33,37,8,3,2
66079,2026-04-09 17:21:06,30,2,2,accumulation,goldSack,goldSack,gold,1,false,150000,49628704749613,101894,5,5,1,10,0,0,0,0,1,2210,45000,52,1,4.9,bonus_as10_gae1_no,107,700000,LongExtraDayReduced,LongExtraDayReduced,,"{""slot_on_"":""1037\/4500@m13""}",104,50,32,13,28,31,6,2,2,122,61,42,13,33,38,8,3,2
66080,2026-04-09 17:21:09,5,5,5,shield,shield,shield,shield,3,true,400,49628704749613,101894,5,5,400,10,0,0,3,0,0,2210,45000,52,0,4.9,bonus_as10_gae1_no,107,700000,,,LongExtraDayReduced,"{""slot_on_"":""1437\/4500@m13""}",105,50,32,16,28,31,6,2,3,123,61,42,16,33,38,8,3,3
66081,2026-04-09 17:21:12,30,30,1,accumulation,accumulation,coin,gold,1,false,25000,49628704774613,101893,5,5,1,10,0,0,0,0,2,2212,45000,52,2,4.9,bonus_as10_gae1_no,107,700000,,,LongExtraDayReduced,"{""slot_on_"":""1438\/4500@m13"",""ea77ce1b"":""1396\/2200@m4""}",106,50,32,16,28,33,6,2,3,124,61,42,16,33,40,8,3,3
66082,2026-04-09 17:21:14,3,6,2,attack,spins,goldSack,gold,1,false,100000,49628704874613,101892,5,5,1,10,1,0,0,1,0,2212,45000,52,0,4.9,bonus_as10_gae1_no,107,700000,,,,,107,51,32,16,29,33,6,2,3,125,62,42,16,34,40,8,3,3
66083,2026-04-09 17:21:16,2,2,2,goldSack,goldSack,goldSack,gold,1,true,2000000,49628706874613,101891,5,5,1,10,0,0,0,0,0,2212,45000,52,0,4.9,bonus_as10_gae1_no,107,700000,,,,,108,51,32,16,29,33,6,2,3,126,62,42,16,34,40,8,3,3
66084,2026-04-09 17:21:17,3,6,2,attack,spins,goldSack,gold,1,false,100000,49628706974613,101890,5,5,1,10,1,0,0,1,0,2212,45000,52,0,4.9,bonus_as10_gae1_no,107,700000,,,,,109,52,32,16,30,33,6,2,3,127,63,42,16,35,40,8,3,3
66085,2026-04-09 17:21:19,30,2,2,accumulation,goldSack,goldSack,gold,1,false,150000,49628707124613,101889,5,5,1,10,0,0,0,0,1,2213,45000,52,1,4.9,bonus_as10_gae1_no,107,700000,,,,,110,52,32,16,30,34,6,2,3,128,63,42,16,35,41,8,3,3
66086,2026-04-09 17:21:28,3,6,2,attack,spins,goldSack,gold,1,false,40000000,49628747124613,101489,5,5,400,10,1,0,0,1,0,2213,45000,52,0,4.9,bonus_as10_gae1_no,107,700000,,,,,111,53,32,16,31,34,6,2,3,129,64,42,16,36,41,8,3,3
66087,2026-04-09 17:21:29,3,3,1,attack,attack,coin,gold,1,false,10000000,49628757124613,101089,5,5,400,10,2,0,0,0,0,2213,45000,52,0,4.9,bonus_as10_gae1_no,107,700000,,,,,112,55,32,16,31,34,6,2,3,130,66,42,16,36,41,8,3,3
66088,2026-04-09 17:21:30,1,1,4,coin,coin,steal,gold,1,false,20000000,49628777124613,100689,5,5,400,10,0,1,0,0,0,2213,45000,52,0,4.9,bonus_as10_gae1_no,107,700000,,,,,113,55,33,16,31,34,6,2,3,131,66,43,16,36,41,8,3,3
66089,2026-04-09 17:21:31,30,2,2,accumulation,goldSack,goldSack,gold,1,false,60000000,49628837124613,100289,5,5,400,10,0,0,0,0,1,2613,45000,52,400,5.8,bonus_as10_gae1_no,107,700000,,,,,114,55,33,16,31,35,6,2,3,132,66,43,16,36,42,8,3,3
66090,2026-04-09 17:21:33,3,6,2,attack,spins,goldSack,gold,1,false,40000000,49628877124613,99889,5,5,400,10,1,0,0,1,0,2613,45000,52,0,5.8,bonus_as10_gae1_no,107,700000,,,,"{""3d7e46c4"":""1066\/3000@m4"",""4fdd0917"":""1419\/1600@m31""}",115,56,33,16,32,35,6,2,3,133,67,43,16,37,42,8,3,3
66091,2026-04-09 17:21:36,3,5,2,attack,shield,goldSack,gold,1,false,40000000,49628917124613,99489,5,5,400,10,1,0,1,0,0,2613,45000,52,0,5.8,bonus_as10_gae1_no,107,700000,,,,,116,57,33,17,32,35,6,2,3,134,68,43,17,37,42,8,3,3
66092,2026-04-09 17:21:38,2,2,2,goldSack,goldSack,goldSack,gold,1,true,2000000,49628919124613,99488,5,5,1,10,0,0,0,0,0,2613,45000,52,0,5.8,bonus_as10_gae1_no,107,700000,LongExtraDayReduced,,,"{""slot_on_"":""1439\/4500@m13""}",117,57,33,17,32,35,6,2,3,135,68,43,17,37,42,8,3,3
66093,2026-04-09 17:21:39,3,5,2,attack,shield,goldSack,gold,1,false,100000,49628919224613,99487,5,5,1,10,1,0,1,0,0,2613,45000,52,0,5.8,bonus_as10_gae1_no,107,700000,,,,,118,58,33,18,32,35,6,2,3,136,69,43,18,37,42,8,3,3
66094,2026-04-09 17:21:40,30,30,30,accumulation,accumulation,accumulation,gold,10,true,0,49628919224613,99486,5,5,1,10,0,0,0,0,3,2623,45000,52,10,5.8,bonus_as10_gae1_no,107,700000,,,,,119,58,33,18,32,38,6,2,3,137,69,43,18,37,45,8,3,3
66095,2026-04-09 17:21:41,30,2,2,accumulation,goldSack,goldSack,gold,1,false,150000,49628919374613,99485,5,5,1,10,0,0,0,0,1,2624,45000,52,1,5.8,bonus_as10_gae1_no,107,700000,,,,,1,0,0,0,0,1,0,0,0,138,69,43,18,37,46,8,3,3
66096,2026-04-09 17:21:43,5,5,5,shield,shield,shield,shield,3,true,1,49628919374613,99485,5,5,1,10,0,0,3,0,0,2624,45000,52,0,5.8,bonus_as10_gae1_no,107,700000,LongExtraDayReduced,,LongExtraDayReduced,"{""slot_on_"":""1441\/4500@m13""}",2,0,0,3,0,1,0,0,1,139,69,43,21,37,46,8,3,4
66097,2026-04-09 17:21:44,3,3,1,attack,attack,coin,gold,1,false,25000,49628919399613,99484,5,5,1,10,2,0,0,0,0,2624,45000,52,0,5.8,bonus_as10_gae1_no,107,700000,,,,"{""ea77ce1b"":""1397\/2200@m4"",""3d7e46c4"":""1068\/3000@m4""}",3,2,0,3,0,1,0,0,1,140,71,43,21,37,46,8,3,4
66098,2026-04-09 17:21:45,3,6,2,attack,spins,goldSack,gold,1,false,100000,49628919499613,99483,5,5,1,10,1,0,0,1,0,2624,45000,52,0,5.8,bonus_as10_gae1_no,107,700000,LongExtraDayReduced,,,"{""slot_on_"":""1442\/4500@m13""}",4,3,0,3,1,1,0,0,1,141,72,43,21,38,46,8,3,4
66099,2026-04-09 17:21:46,2,2,2,goldSack,goldSack,goldSack,gold,1,true,2000000,49628921499613,99482,5,5,1,10,0,0,0,0,0,2624,45000,52,0,5.8,bonus_as10_gae1_no,107,700000,,,LongExtraDayReduced,"{""slot_on_"":""1443\/4500@m13""}",5,3,0,3,1,1,0,0,1,142,72,43,21,38,46,8,3,4
66100,2026-04-09 17:21:47,30,2,2,accumulation,goldSack,goldSack,gold,1,false,150000,49628921649613,99481,5,5,1,10,0,0,0,0,1,2625,45000,52,1,5.8,bonus_as10_gae1_no,107,700000,,,,,6,3,0,3,1,2,0,0,1,143,72,43,21,38,47,8,3,4
66101,2026-04-09 17:21:48,3,6,2,attack,spins,goldSack,gold,1,false,100000,49628921749613,99480,5,5,1,10,1,0,0,1,0,2625,45000,52,0,5.8,bonus_as10_gae1_no,107,700000,,,,,7,4,0,3,2,2,0,0,1,144,73,43,21,39,47,8,3,4
66102,2026-04-09 17:21:49,1,1,4,coin,coin,steal,gold,1,false,50000,49628921799613,99479,5,5,1,10,0,1,0,0,0,2625,45000,52,0,5.8,bonus_as10_gae1_no,107,700000,,,,,8,4,1,3,2,2,0,0,1,145,73,44,21,39,47,8,3,4
66103,2026-04-09 17:21:50,3,6,2,attack,spins,goldSack,gold,1,false,100000,49628921899613,99478,5,5,1,10,1,0,0,1,0,2625,45000,52,0,5.8,bonus_as10_gae1_no,107,700000,,LongExtraDayReduced,,"{""slot_on_"":""1444\/4500@m13""}",9,5,1,3,3,2,0,0,1,146,74,44,21,40,47,8,3,4
66104,2026-04-09 17:21:51,3,1,4,attack,coin,steal,gold,1,false,25000,49628921924613,99477,5,5,1,10,1,1,0,0,0,2625,45000,52,0,5.8,bonus_as10_gae1_no,107,700000,,,,"{""ea77ce1b"":""1398\/2200@m4""}",10,6,2,3,3,2,0,0,1,147,75,45,21,40,47,8,3,4
66105,2026-04-09 17:21:52,3,6,2,attack,spins,goldSack,gold,1,false,100000,49628922024613,99476,5,5,1,10,1,0,0,1,0,2625,45000,52,0,5.8,bonus_as10_gae1_no,107,700000,,,,"{""4fdd0917"":""1421\/1600@m31""}",11,7,2,3,4,2,0,0,1,148,76,45,21,41,47,8,3,4
66106,2026-04-09 17:21:52,3,1,4,attack,coin,steal,gold,1,false,25000,49628922049613,99475,5,5,1,10,1,1,0,0,0,2625,45000,52,0,5.8,bonus_as10_gae1_no,107,700000,,,,,12,8,3,3,4,2,0,0,1,149,77,46,21,41,47,8,3,4
66107,2026-04-09 17:21:54,3,3,3,attack,attack,attack,attack,2,true,0,49628922049613,99474,5,5,1,10,3,0,0,0,0,2625,45000,52,0,5.8,bonus_as10_gae1_no,107,700000,,,,,13,11,3,3,4,2,1,0,1,150,80,46,21,41,47,9,3,4
66108,2026-04-09 17:21:58,1,1,4,coin,coin,steal,gold,1,false,50000,49628948099613,99473,5,5,1,10,0,1,0,0,0,2625,45000,52,0,5.8,bonus_as10_gae1_no,107,700000,,,,,14,11,4,3,4,2,1,0,1,151,80,47,21,41,47,9,3,4
66109,2026-04-09 17:21:59,3,6,2,attack,spins,goldSack,gold,1,false,100000,49628948199613,99472,5,5,1,10,1,0,0,1,0,2625,45000,52,0,5.8,bonus_as10_gae1_no,107,700000,,,,,15,12,4,3,5,2,1,0,1,152,81,47,21,42,47,9,3,4
66110,2026-04-09 17:22:00,30,2,2,accumulation,goldSack,goldSack,gold,1,false,150000,49628948349613,99471,5,5,1,10,0,0,0,0,1,2626,45000,52,1,5.8,bonus_as10_gae1_no,107,700000,,,,,16,12,4,3,5,3,1,0,1,153,81,47,21,42,48,9,3,4
66111,2026-04-09 17:22:02,6,6,6,spins,spins,spins,spins,5,true,10,49628948349613,99480,5,5,1,10,0,0,0,3,0,2626,45000,52,0,5.8,bonus_as10_gae1_no,107,700000,,,,,17,12,4,3,8,3,1,0,1,154,81,47,21,45,48,9,3,4
66112,2026-04-09 17:22:04,5,5,5,shield,shield,shield,shield,3,true,1,49628948349613,99480,5,5,1,10,0,0,3,0,0,2626,45000,52,0,5.8,bonus_as10_gae1_no,107,700000,,,,,18,12,4,6,8,3,1,0,2,1,0,0,3,0,0,0,0,1
66113,2026-04-09 17:22:05,1,4,4,coin,steal,steal,gold,1,false,25000,49628948374613,99479,5,5,1,10,0,2,0,0,0,2626,45000,52,0,5.8,bonus_as10_gae1_no,107,700000,,,,"{""ea77ce1b"":""1399\/2200@m4""}",19,12,6,6,8,3,1,0,2,2,0,2,3,0,0,0,0,1
66114,2026-04-09 17:22:06,30,2,2,accumulation,goldSack,goldSack,gold,1,false,150000,49628948524613,99478,5,5,1,10,0,0,0,0,1,2627,45000,52,1,5.8,bonus_as10_gae1_no,107,700000,,,,,20,12,6,6,8,4,1,0,2,3,0,2,3,0,1,0,0,1
66115,2026-04-09 17:22:07,30,30,1,accumulation,accumulation,coin,gold,1,false,25000,49628948549613,99477,5,5,1,10,0,0,0,0,2,2629,45000,52,2,5.8,bonus_as10_gae1_no,107,700000,,,,,21,12,6,6,8,6,1,0,2,4,0,2,3,0,3,0,0,1
66116,2026-04-09 17:22:08,1,4,4,coin,steal,steal,gold,1,false,25000,49628948574613,99476,5,5,1,10,0,2,0,0,0,2629,45000,52,0,5.8,bonus_as10_gae1_no,107,700000,,,,,22,12,8,6,8,6,1,0,2,5,0,4,3,0,3,0,0,1
66117,2026-04-09 17:22:09,1,6,6,coin,spins,spins,gold,1,false,25000,49628948599613,99475,5,5,1,10,0,0,0,2,0,2629,45000,52,0,5.8,bonus_as10_gae1_no,107,700000,,,,"{""3d7e46c4"":""1070\/3000@m4""}",23,12,8,6,10,6,1,0,2,6,0,4,3,2,3,0,0,1
66118,2026-04-09 17:22:10,3,3,3,attack,attack,attack,attack,2,true,0,49628948599613,99474,5,5,1,10,3,0,0,0,0,2629,45000,52,0,5.8,bonus_as10_gae1_no,107,700000,LongExtraDayReduced,LongExtraDayReduced,,"{""slot_on_"":""1446\/4500@m13""}",24,15,8,6,10,6,2,0,2,7,3,4,3,2,3,1,0,1
66119,2026-04-09 17:22:13,30,2,2,accumulation,goldSack,goldSack,gold,1,false,150000,49628974749613,99473,5,5,1,10,0,0,0,0,1,2630,45000,52,1,5.8,bonus_as10_gae1_no,107,700000,,,,,25,15,8,6,10,7,2,0,2,8,3,4,3,2,4,1,0,1
66120,2026-04-09 17:22:14,3,3,1,attack,attack,coin,gold,1,false,25000,49628974774613,99472,5,5,1,10,2,0,0,0,0,2630,45000,52,0,5.8,bonus_as10_gae1_no,107,700000,,,,,26,17,8,6,10,7,2,0,2,9,5,4,3,2,4,1,0,1
66121,2026-04-09 17:22:15,4,6,2,steal,spins,goldSack,gold,1,false,100000,49628974874613,99471,5,5,1,10,0,1,0,1,0,2630,45000,52,0,5.8,bonus_as10_gae1_no,107,700000,,LongExtraDayReduced,,"{""slot_on_"":""1447\/4500@m13""}",27,17,9,6,11,7,2,0,2,10,5,5,3,3,4,1,0,1
66122,2026-04-09 17:22:16,1,1,1,coin,coin,coin,gold,1,true,250000,49628975124613,99470,5,5,1,10,0,0,0,0,0,2630,45000,52,0,5.8,bonus_as10_gae1_no,107,700000,,,,"{""3d7e46c4"":""1072\/3000@m4""}",28,17,9,6,11,7,2,0,2,11,5,5,3,3,4,1,0,1
66123,2026-04-09 17:22:17,5,5,5,shield,shield,shield,shield,3,true,1,49628975124613,99470,5,5,1,10,0,0,3,0,0,2630,45000,52,0,5.8,bonus_as10_gae1_no,107,700000,,,,,29,17,9,9,11,7,2,0,3,12,5,5,6,3,4,1,0,2
66124,2026-04-09 17:22:18,3,3,3,attack,attack,attack,attack,2,true,0,49628975124613,99469,5,5,1,10,3,0,0,0,0,2630,45000,52,0,5.8,bonus_as10_gae1_no,107,700000,,,,,30,20,9,9,11,7,3,0,3,13,8,5,6,3,4,2,0,2
66125,2026-04-09 17:22:21,3,3,1,attack,attack,coin,gold,1,false,25000,49628983729613,99468,5,5,1,10,2,0,0,0,0,2630,45000,52,0,5.8,bonus_as10_gae1_no,107,700000,,,,"{""4fdd0917"":""1423\/1600@m31""}",31,22,9,9,11,7,3,0,3,14,10,5,6,3,4,2,0,2
66126,2026-04-09 17:22:22,30,30,1,accumulation,accumulation,coin,gold,1,false,25000,49628983754613,99467,5,5,1,10,0,0,0,0,2,2632,45000,52,2,5.8,bonus_as10_gae1_no,107,700000,,,,"{""3d7e46c4"":""1074\/3000@m4""}",32,22,9,9,11,9,3,0,3,15,10,5,6,3,6,2,0,2
66127,2026-04-09 17:22:24,5,2,2,shield,goldSack,goldSack,gold,1,false,150000,49628983904613,99466,5,5,1,10,0,0,1,0,0,2632,45000,52,0,5.8,bonus_as10_gae1_no,107,700000,,,,,33,22,9,10,11,9,3,0,3,16,10,5,7,3,6,2,0,2
66128,2026-04-09 17:22:24,1,4,4,coin,steal,steal,gold,1,false,25000,49628983929613,99465,5,5,1,10,0,2,0,0,0,2632,45000,52,0,5.8,bonus_as10_gae1_no,107,700000,,,,,34,22,11,10,11,9,3,0,3,17,10,7,7,3,6,2,0,2
66129,2026-04-09 17:22:25,30,2,2,accumulation,goldSack,goldSack,gold,1,false,150000,49628984079613,99464,5,5,1,10,0,0,0,0,1,2633,45000,52,1,5.9,bonus_as10_gae1_no,107,700000,,,,,35,22,11,10,11,10,3,0,3,18,10,7,7,3,7,2,0,2
66130,2026-04-09 17:22:26,30,2,2,accumulation,goldSack,goldSack,gold,1,false,150000,49628984229613,99463,5,5,1,10,0,0,0,0,1,2634,45000,52,1,5.9,bonus_as10_gae1_no,107,700000,,,,,36,22,11,10,11,11,3,0,3,19,10,7,7,3,8,2,0,2
66131,2026-04-09 17:22:27,2,2,2,goldSack,goldSack,goldSack,gold,1,true,2000000,49628986229613,99462,5,5,1,10,0,0,0,0,0,2634,45000,52,0,5.9,bonus_as10_gae1_no,107,700000,,,,"{""ea77ce1b"":""1400\/2200@m4""}",37,22,11,10,11,11,3,0,3,20,10,7,7,3,8,2,0,2
66132,2026-04-09 17:22:28,2,2,2,goldSack,goldSack,goldSack,gold,1,true,2000000,49628988229613,99461,5,5,1,10,0,0,0,0,0,2634,45000,52,0,5.9,bonus_as10_gae1_no,107,700000,,,,,38,22,11,10,11,11,3,0,3,21,10,7,7,3,8,2,0,2
66133,2026-04-09 17:22:29,1,1,4,coin,coin,steal,gold,1,false,50000,49628988279613,99460,5,5,1,10,0,1,0,0,0,2634,45000,52,0,5.9,bonus_as10_gae1_no,107,700000,,,,,39,22,12,10,11,11,3,0,3,22,10,8,7,3,8,2,0,2
66134,2026-04-09 17:22:30,3,5,2,attack,shield,goldSack,gold,1,false,100000,49628988379613,99459,5,5,1,10,1,0,1,0,0,2634,45000,52,0,5.9,bonus_as10_gae1_no,107,700000,,,,,40,23,12,11,11,11,3,0,3,23,11,8,8,3,8,2,0,2
66135,2026-04-09 17:22:31,1,1,1,coin,coin,coin,gold,1,true,250000,49628988629613,99458,5,5,1,10,0,0,0,0,0,2634,45000,52,0,5.9,bonus_as10_gae1_no,107,700000,LongExtraDayReduced,LongExtraDayReduced,LongExtraDayReduced,"{""slot_on_"":""1452\/4500@m13""}",41,23,12,11,11,11,3,0,3,24,11,8,8,3,8,2,0,2
66136,2026-04-09 17:22:32,3,1,4,attack,coin,steal,gold,1,false,25000,49628988654613,99457,5,5,1,10,1,1,0,0,0,2634,45000,52,0,5.9,bonus_as10_gae1_no,107,700000,,LongExtraDayReduced,LongExtraDayReduced,"{""slot_on_"":""1454\/4500@m13""}",42,24,13,11,11,11,3,0,3,25,12,9,8,3,8,2,0,2
66137,2026-04-09 17:22:32,1,1,1,coin,coin,coin,gold,1,true,250000,49628988904613,99456,5,5,1,10,0,0,0,0,0,2634,45000,52,0,5.9,bonus_as10_gae1_no,107,700000,,,,,43,24,13,11,11,11,3,0,3,26,12,9,8,3,8,2,0,2
66138,2026-04-09 17:22:33,3,6,2,attack,spins,goldSack,gold,1,false,100000,49628989004613,99455,5,5,1,10,1,0,0,1,0,2634,45000,52,0,5.9,bonus_as10_gae1_no,107,700000,,,,,44,25,13,11,12,11,3,0,3,27,13,9,8,4,8,2,0,2
66139,2026-04-09 17:22:34,4,6,2,steal,spins,goldSack,gold,1,false,100000,49628989104613,99454,5,5,1,10,0,1,0,1,0,2634,45000,52,0,5.9,bonus_as10_gae1_no,107,700000,,,,,45,25,14,11,13,11,3,0,3,28,13,10,8,5,8,2,0,2
66140,2026-04-09 17:22:35,4,6,2,steal,spins,goldSack,gold,1,false,100000,49628989204613,99453,5,5,1,10,0,1,0,1,0,2634,45000,52,0,5.9,bonus_as10_gae1_no,107,700000,LongExtraDayReduced,,LongExtraDayReduced,"{""slot_on_"":""1456\/4500@m13""}",46,25,15,11,14,11,3,0,3,29,13,11,8,6,8,2,0,2
66141,2026-04-09 17:22:36,3,6,2,attack,spins,goldSack,gold,1,false,100000,49628989304613,99452,5,5,1,10,1,0,0,1,0,2634,45000,52,0,5.9,bonus_as10_gae1_no,107,700000,,,,,47,26,15,11,15,11,3,0,3,30,14,11,8,7,8,2,0,2
66142,2026-04-09 17:22:36,30,30,1,accumulation,accumulation,coin,gold,1,false,25000,49628989329613,99451,5,5,1,10,0,0,0,0,2,2636,45000,52,2,5.9,bonus_as10_gae1_no,107,700000,,,,,48,26,15,11,15,13,3,0,3,31,14,11,8,7,10,2,0,2
66143,2026-04-09 17:22:38,2,2,2,goldSack,goldSack,goldSack,gold,1,true,2000000,49628991329613,99450,5,5,1,10,0,0,0,0,0,2636,45000,52,0,5.9,bonus_as10_gae1_no,107,700000,,,,,49,26,15,11,15,13,3,0,3,32,14,11,8,7,10,2,0,2
66144,2026-04-09 17:22:39,30,30,1,accumulation,accumulation,coin,gold,1,false,25000,49628991354613,99449,5,5,1,10,0,0,0,0,2,2638,45000,52,2,5.9,bonus_as10_gae1_no,107,700000,LongExtraDayReduced,,,"{""slot_on_"":""1457\/4500@m13""}",50,26,15,11,15,15,3,0,3,33,14,11,8,7,12,2,0,2
66145,2026-04-09 17:22:40,1,1,1,coin,coin,coin,gold,1,true,250000,49628991604613,99448,5,5,1,10,0,0,0,0,0,2638,45000,52,0,5.9,bonus_as10_gae1_no,107,700000,,,,"{""3d7e46c4"":""1076\/3000@m4""}",51,26,15,11,15,15,3,0,3,34,14,11,8,7,12,2,0,2
66146,2026-04-09 17:22:41,1,1,4,coin,coin,steal,gold,1,false,50000,49628991654613,99447,5,5,1,10,0,1,0,0,0,2638,45000,52,0,5.9,bonus_as10_gae1_no,107,700000,,,,,52,26,16,11,15,15,3,0,3,35,14,12,8,7,12,2,0,2
66147,2026-04-09 17:22:42,3,6,2,attack,spins,goldSack,gold,1,false,100000,49628991754613,99446,5,5,1,10,1,0,0,1,0,2638,45000,52,0,5.9,bonus_as10_gae1_no,107,700000,,,,,53,27,16,11,16,15,3,0,3,36,15,12,8,8,12,2,0,2
66148,2026-04-09 17:22:42,30,30,1,accumulation,accumulation,coin,gold,1,false,25000,49628991779613,99445,5,5,1,10,0,0,0,0,2,2640,45000,52,2,5.9,bonus_as10_gae1_no,107,700000,,,,"{""4fdd0917"":""1425\/1600@m31""}",54,27,16,11,16,17,3,0,3,37,15,12,8,8,14,2,0,2
66149,2026-04-09 17:22:44,1,6,6,coin,spins,spins,gold,1,false,25000,49628991804613,99444,5,5,1,10,0,0,0,2,0,2640,45000,52,0,5.9,bonus_as10_gae1_no,107,700000,LongExtraDayReduced,,,"{""slot_on_"":""1458\/4500@m13""}",55,27,16,11,18,17,3,0,3,38,15,12,8,10,14,2,0,2
66150,2026-04-09 17:22:45,4,6,2,steal,spins,goldSack,gold,1,false,100000,49628991904613,99443,5,5,1,10,0,1,0,1,0,2640,45000,52,0,5.9,bonus_as10_gae1_no,107,700000,,LongExtraDayReduced,LongExtraDayReduced,"{""slot_on_"":""1460\/4500@m13"",""ea77ce1b"":""1401\/2200@m4""}",56,27,17,11,19,17,3,0,3,39,15,13,8,11,14,2,0,2
66151,2026-04-09 17:22:46,4,6,2,steal,spins,goldSack,gold,1,false,100000,49628992004613,99442,5,5,1,10,0,1,0,1,0,2640,45000,52,0,5.9,bonus_as10_gae1_no,107,700000,,,,,57,27,18,11,20,17,3,0,3,40,15,14,8,12,14,2,0,2
66152,2026-04-09 17:22:46,4,4,4,steal,steal,steal,steal,4,true,0,49628992004613,99441,5,5,1,10,0,3,0,0,0,2640,45000,52,0,5.9,bonus_as10_gae1_no,107,700000,,LongExtraDayReduced,,"{""slot_on_"":""1461\/4500@m13""}",58,27,21,11,20,17,3,1,3,41,15,17,8,12,14,2,1,2
66153,2026-04-09 17:22:52,1,1,1,coin,coin,coin,gold,1,true,250000,49629129636613,99440,5,5,1,10,0,0,0,0,0,2640,45000,52,0,5.9,bonus_as10_gae1_no,107,700000,,,,,59,27,21,11,20,17,3,1,3,42,15,17,8,12,14,2,1,2
66154,2026-04-09 17:22:53,1,1,4,coin,coin,steal,gold,1,false,50000,49629129686613,99439,5,5,1,10,0,1,0,0,0,2640,45000,52,0,5.9,bonus_as10_gae1_no,107,700000,,,,,60,27,22,11,20,17,3,1,3,43,15,18,8,12,14,2,1,2
66155,2026-04-09 17:22:54,1,1,1,coin,coin,coin,gold,1,true,250000,49629129936613,99438,5,5,1,10,0,0,0,0,0,2640,45000,52,0,5.9,bonus_as10_gae1_no,107,700000,LongExtraDayReduced,,,"{""slot_on_"":""1462\/4500@m13""}",61,27,22,11,20,17,3,1,3,44,15,18,8,12,14,2,1,2
66156,2026-04-09 17:22:55,2,2,2,goldSack,goldSack,goldSack,gold,1,true,2000000,49629131936613,99437,5,5,1,10,0,0,0,0,0,2640,45000,52,0,5.9,bonus_as10_gae1_no,107,700000,,,,,62,27,22,11,20,17,3,1,3,45,15,18,8,12,14,2,1,2
66157,2026-04-09 17:22:55,3,3,1,attack,attack,coin,gold,1,false,25000,49629131961613,99436,5,5,1,10,2,0,0,0,0,2640,45000,52,0,5.9,bonus_as10_gae1_no,107,700000,,,,"{""ea77ce1b"":""1402\/2200@m4""}",63,29,22,11,20,17,3,1,3,46,17,18,8,12,14,2,1,2
66158,2026-04-09 17:22:56,3,3,3,attack,attack,attack,attack,2,true,0,49629131961613,99435,5,5,1,10,3,0,0,0,0,2640,45000,52,0,5.9,bonus_as10_gae1_no,107,700000,,,,"{""3d7e46c4"":""1078\/3000@m4""}",64,32,22,11,20,17,4,1,3,47,20,18,8,12,14,3,1,2
66159,2026-04-09 17:23:01,5,5,5,shield,shield,shield,shield,3,true,1,49629157961613,99435,5,5,1,10,0,0,3,0,0,2640,45000,52,0,5.9,bonus_as10_gae1_no,107,700000,,,,,65,32,22,14,20,17,4,1,4,48,20,18,11,12,14,3,1,3
66160,2026-04-09 17:23:02,3,3,3,attack,attack,attack,attack,2,true,0,49629157961613,99434,5,5,1,10,3,0,0,0,0,2640,45000,52,0,5.9,bonus_as10_gae1_no,107,700000,,,,,66,35,22,14,20,17,5,1,4,49,23,18,11,12,14,4,1,3
66161,2026-04-09 17:23:06,1,5,5,coin,shield,shield,gold,1,false,25000,49629166566613,99433,5,5,1,10,0,0,2,0,0,2640,45000,52,0,5.9,bonus_as10_gae1_no,107,700000,,,,,67,35,22,16,20,17,5,1,4,50,23,18,13,12,14,4,1,3
66162,2026-04-09 17:23:06,3,5,2,attack,shield,goldSack,gold,1,false,100000,49629166666613,99432,5,5,1,10,1,0,1,0,0,2640,45000,52,0,5.9,bonus_as10_gae1_no,107,700000,LongExtraDayReduced,LongExtraDayReduced,,"{""slot_on_"":""1464\/4500@m13""}",68,36,22,17,20,17,5,1,4,51,24,18,14,12,14,4,1,3
66163,2026-04-09 17:23:08,30,2,2,accumulation,goldSack,goldSack,gold,1,false,150000,49629166816613,99431,5,5,1,10,0,0,0,0,1,2641,45000,52,1,5.9,bonus_as10_gae1_no,107,700000,,,LongExtraDayReduced,"{""slot_on_"":""1465\/4500@m13""}",69,36,22,17,20,18,5,1,4,52,24,18,14,12,15,4,1,3
66164,2026-04-09 17:23:09,2,2,2,goldSack,goldSack,goldSack,gold,1,true,2000000,49629168816613,99430,5,5,1,10,0,0,0,0,0,2641,45000,52,0,5.9,bonus_as10_gae1_no,107,700000,,,,,70,36,22,17,20,18,5,1,4,53,24,18,14,12,15,4,1,3
66165,2026-04-09 17:23:10,2,2,2,goldSack,goldSack,goldSack,gold,1,true,2000000,49629170816613,99429,5,5,1,10,0,0,0,0,0,2641,45000,52,0,5.9,bonus_as10_gae1_no,107,700000,,,,,71,36,22,17,20,18,5,1,4,54,24,18,14,12,15,4,1,3
66166,2026-04-09 17:23:11,30,30,1,accumulation,accumulation,coin,gold,1,false,25000,49629170841613,99428,5,5,1,10,0,0,0,0,2,2643,45000,52,2,5.9,bonus_as10_gae1_no,107,700000,,,,,72,36,22,17,20,20,5,1,4,55,24,18,14,12,17,4,1,3
66167,2026-04-09 17:23:12,3,6,2,attack,spins,goldSack,gold,1,false,100000,49629170941613,99427,5,5,1,10,1,0,0,1,0,2643,45000,52,0,5.9,bonus_as10_gae1_no,107,700000,,,,,73,37,22,17,21,20,5,1,4,56,25,18,14,13,17,4,1,3
66168,2026-04-09 17:23:13,1,1,4,coin,coin,steal,gold,1,false,50000,49629170991613,99426,5,5,1,10,0,1,0,0,0,2643,45000,52,0,5.9,bonus_as10_gae1_no,107,700000,,,,,74,37,23,17,21,20,5,1,4,57,25,19,14,13,17,4,1,3
66169,2026-04-09 17:23:13,1,1,4,coin,coin,steal,gold,1,false,50000,49629171041613,99425,5,5,1,10,0,1,0,0,0,2643,45000,52,0,5.9,bonus_as10_gae1_no,107,700000,,,,,75,37,24,17,21,20,5,1,4,58,25,20,14,13,17,4,1,3
66170,2026-04-09 17:23:14,1,1,1,coin,coin,coin,gold,1,true,250000,49629171291613,99424,5,5,1,10,0,0,0,0,0,2643,45000,52,0,5.9,bonus_as10_gae1_no,107,700000,LongExtraDayReduced,,,"{""slot_on_"":""1466\/4500@m13"",""3d7e46c4"":""1080\/3000@m4""}",76,37,24,17,21,20,5,1,4,59,25,20,14,13,17,4,1,3
66171,2026-04-09 17:23:15,4,4,4,steal,steal,steal,steal,4,true,0,49629171291613,99423,5,5,1,10,0,3,0,0,0,2643,45000,52,0,5.9,bonus_as10_gae1_no,107,700000,,,,,77,37,27,17,21,20,5,2,4,60,25,23,14,13,17,4,2,3
66172,2026-04-09 17:23:21,30,2,2,accumulation,goldSack,goldSack,gold,1,false,150000,49629210791613,99422,5,5,1,10,0,0,0,0,1,2644,45000,52,1,5.9,bonus_as10_gae1_no,107,700000,,,,,78,37,27,17,21,21,5,2,4,61,25,23,14,13,18,4,2,3
66173,2026-04-09 17:23:22,30,2,2,accumulation,goldSack,goldSack,gold,1,false,150000,49629210941613,99421,5,5,1,10,0,0,0,0,1,2645,45000,52,1,5.9,bonus_as10_gae1_no,107,700000,,,,"{""4fdd0917"":""1427\/1600@m31""}",79,37,27,17,21,22,5,2,4,62,25,23,14,13,19,4,2,3
66174,2026-04-09 17:23:27,30,2,2,accumulation,goldSack,goldSack,gold,1,false,150000,49629211091613,99420,5,5,1,10,0,0,0,0,1,2646,45000,52,1,5.9,bonus_as10_gae1_no,107,700000,,,,,80,37,27,17,21,23,5,2,4,63,25,23,14,13,20,4,2,3
66175,2026-04-09 17:23:30,30,30,1,accumulation,accumulation,coin,gold,1,false,10000000,49629221091613,99020,5,5,400,10,0,0,0,0,2,3446,45000,52,800,7.7,bonus_as10_gae1_no,107,700000,,,,,81,37,27,17,21,25,5,2,4,64,25,23,14,13,22,4,2,3
66176,2026-04-09 17:23:32,3,6,2,attack,spins,goldSack,gold,1,false,40000000,49629261091613,98620,5,5,400,10,1,0,0,1,0,3446,45000,52,0,7.7,bonus_as10_gae1_no,107,700000,,,,,82,38,27,17,22,25,5,2,4,65,26,23,14,14,22,4,2,3
66177,2026-04-09 17:23:33,3,6,2,attack,spins,goldSack,gold,1,false,40000000,49629301091613,98220,5,5,400,10,1,0,0,1,0,3446,45000,52,0,7.7,bonus_as10_gae1_no,107,700000,,,,"{""ea77ce1b"":""1802\/2200@m4""}",83,39,27,17,23,25,5,2,4,66,27,23,14,15,22,4,2,3
66178,2026-04-09 17:23:36,30,2,2,accumulation,goldSack,goldSack,gold,1,false,60000000,49629361091613,97820,5,5,400,10,0,0,0,0,1,3846,45000,52,400,8.5,bonus_as10_gae1_no,107,700000,LongExtraDayReduced,,,"{""slot_on_"":""1866\/4500@m13""}",84,39,27,17,23,26,5,2,4,67,27,23,14,15,23,4,2,3
66179,2026-04-09 17:23:39,30,2,2,accumulation,goldSack,goldSack,gold,1,false,225000000,49629586091613,96320,5,5,1500,10,0,0,0,0,1,5346,45000,52,1500,11.9,bonus_as10_gae1_no,107,700000,,,,"{""3d7e46c4"":""1080\/3500@m5""}",85,39,27,17,23,27,5,2,4,68,27,23,14,15,24,4,2,3
66180,2026-04-09 17:23:43,1,1,4,coin,coin,steal,gold,1,false,75000000,49629661091613,94820,5,5,1500,10,0,1,0,0,0,5346,45000,52,0,11.9,bonus_as10_gae1_no,107,700000,,,,,86,39,28,17,23,27,5,2,4,69,27,24,14,15,24,4,2,3
66181,2026-04-09 17:23:44,1,5,5,coin,shield,shield,gold,1,false,37500000,49629698591613,93320,5,5,1500,10,0,0,2,0,0,5346,45000,52,0,11.9,bonus_as10_gae1_no,107,700000,,,,,87,39,28,19,23,27,5,2,4,70,27,24,16,15,24,4,2,3
66182,2026-04-09 17:23:46,4,6,2,steal,spins,goldSack,gold,1,false,150000000,49629848591613,91820,5,5,1500,10,0,1,0,1,0,5346,45000,52,0,11.9,bonus_as10_gae1_no,107,700000,,,,"{""4fdd0917"":""1227\/1600@m33""}",88,39,29,19,24,27,5,2,4,71,27,25,16,16,24,4,2,3
66183,2026-04-09 17:23:49,1,1,1,coin,coin,coin,gold,1,true,375000000,49630223591613,90320,5,5,1500,10,0,0,0,0,0,5346,45000,52,0,11.9,bonus_as10_gae1_no,107,700000,,,,,89,39,29,19,24,27,5,2,4,72,27,25,16,16,24,4,2,3
66184,2026-04-09 17:23:50,30,2,2,accumulation,goldSack,goldSack,gold,1,false,225000000,49630448591613,88820,5,5,1500,10,0,0,0,0,1,6846,45000,52,1500,15.2,bonus_as10_gae1_no,107,700000,,,,,90,39,29,19,24,28,5,2,4,73,27,25,16,16,25,4,2,3
66185,2026-04-09 17:23:51,30,30,3,accumulation,accumulation,attack,gold,6,false,0,49630448591613,87320,5,5,1500,10,1,0,0,0,2,9846,45000,52,3000,21.9,bonus_as10_gae1_no,107,700000,,,,,91,40,29,19,24,30,5,2,4,74,28,25,16,16,27,4,2,3
66186,2026-04-09 17:23:53,3,3,1,attack,attack,coin,gold,1,false,37500000,49630486091613,85820,5,5,1500,10,2,0,0,0,0,9846,45000,52,0,21.9,bonus_as10_gae1_no,107,700000,,,,,92,42,29,19,24,30,5,2,4,75,30,25,16,16,27,4,2,3
66187,2026-04-09 17:23:54,4,6,2,steal,spins,goldSack,gold,1,false,150000000,49630636091613,84320,5,5,1500,10,0,1,0,1,0,9846,45000,52,0,21.9,bonus_as10_gae1_no,107,700000,,,,,93,42,30,19,25,30,5,2,4,76,30,26,16,17,27,4,2,3
66188,2026-04-09 17:23:55,3,5,2,attack,shield,goldSack,gold,1,false,150000000,49630786091613,82820,5,5,1500,10,1,0,1,0,0,9846,45000,52,0,21.9,bonus_as10_gae1_no,107,700000,,,,,94,43,30,20,25,30,5,2,4,77,31,26,17,17,27,4,2,3
66189,2026-04-09 17:23:56,6,6,6,spins,spins,spins,spins,5,true,15000,49630786091613,96320,5,5,1500,10,0,0,0,3,0,9846,45000,52,0,21.9,bonus_as10_gae1_no,107,700000,,,,"{""3d7e46c4"":""580\/2000@m6""}",95,43,30,20,28,30,5,2,4,78,31,26,17,20,27,4,2,3
66190,2026-04-09 17:24:08,3,3,1,attack,attack,coin,gold,1,false,50000,49630786141613,96318,5,5,2,10,2,0,0,0,0,9846,45000,52,0,21.9,bonus_as10_gae1_no,107,700000,,,,,96,45,30,20,28,30,5,2,4,1,2,0,0,0,0,0,0,0
66191,2026-04-09 17:24:10,1,1,1,coin,coin,coin,gold,1,true,500000,49630786641613,96316,5,5,2,10,0,0,0,0,0,9846,45000,52,0,21.9,bonus_as10_gae1_no,107,700000,,LongExtraDayReduced,,"{""slot_on_"":""1868\/4500@m13""}",97,45,30,20,28,30,5,2,4,2,2,0,0,0,0,0,0,0
66192,2026-04-09 17:24:11,4,6,2,steal,spins,goldSack,gold,1,false,200000,49630786841613,96314,5,5,2,10,0,1,0,1,0,9846,45000,52,0,21.9,bonus_as10_gae1_no,107,700000,,,,,98,45,31,20,29,30,5,2,4,3,2,1,0,1,0,0,0,0
66193,2026-04-09 17:24:12,1,4,4,coin,steal,steal,gold,1,false,50000,49630786891613,96312,5,5,2,10,0,2,0,0,0,9846,45000,52,0,21.9,bonus_as10_gae1_no,107,700000,,,,,99,45,33,20,29,30,5,2,4,4,2,3,0,1,0,0,0,0
66194,2026-04-09 17:24:13,3,1,4,attack,coin,steal,gold,1,false,50000,49630786941613,96310,5,5,2,10,1,1,0,0,0,9846,45000,52,0,21.9,bonus_as10_gae1_no,107,700000,,,,,100,46,34,20,29,30,5,2,4,5,3,4,0,1,0,0,0,0
66195,2026-04-09 17:24:14,1,1,4,coin,coin,steal,gold,1,false,100000,49630787041613,96308,5,5,2,10,0,1,0,0,0,9846,45000,52,0,21.9,bonus_as10_gae1_no,107,700000,,,,"{""ea77ce1b"":""1804\/2200@m4""}",101,46,35,20,29,30,5,2,4,6,3,5,0,1,0,0,0,0
66196,2026-04-09 17:24:15,2,2,2,goldSack,goldSack,goldSack,gold,1,true,4000000,49630791041613,96306,5,5,2,10,0,0,0,0,0,9846,45000,52,0,21.9,bonus_as10_gae1_no,107,700000,,LongExtraDayReduced,,"{""slot_on_"":""1870\/4500@m13""}",102,46,35,20,29,30,5,2,4,7,3,5,0,1,0,0,0,0
66197,2026-04-09 17:24:16,2,2,2,goldSack,goldSack,goldSack,gold,1,true,4000000,49630795041613,96304,5,5,2,10,0,0,0,0,0,9846,45000,52,0,21.9,bonus_as10_gae1_no,107,700000,,,,,103,46,35,20,29,30,5,2,4,8,3,5,0,1,0,0,0,0
66198,2026-04-09 17:24:18,30,2,2,accumulation,goldSack,goldSack,gold,1,false,300000,49630795341613,96302,5,5,2,10,0,0,0,0,1,9848,45000,52,2,21.9,bonus_as10_gae1_no,107,700000,LongExtraDayReduced,,,"{""slot_on_"":""1872\/4500@m13"",""4fdd0917"":""1231\/1600@m33""}",104,46,35,20,29,31,5,2,4,9,3,5,0,1,1,0,0,0
66199,2026-04-09 17:24:21,3,3,1,attack,attack,coin,gold,1,false,50000,49630795391613,96300,5,5,2,10,2,0,0,0,0,9848,45000,52,0,21.9,bonus_as10_gae1_no,107,700000,,,,,105,48,35,20,29,31,5,2,4,10,5,5,0,1,1,0,0,0
66200,2026-04-09 17:24:22,1,1,4,coin,coin,steal,gold,1,false,100000,49630795491613,96298,5,5,2,10,0,1,0,0,0,9848,45000,52,0,21.9,bonus_as10_gae1_no,107,700000,,,,,106,48,36,20,29,31,5,2,4,11,5,6,0,1,1,0,0,0
66201,2026-04-09 17:24:23,3,3,3,attack,attack,attack,attack,2,true,0,49630795491613,96296,5,5,2,10,3,0,0,0,0,9848,45000,52,0,21.9,bonus_as10_gae1_no,107,700000,,,,,107,51,36,20,29,31,6,2,4,12,8,6,0,1,1,1,0,0
66202,2026-04-09 17:24:27,3,6,2,attack,spins,goldSack,gold,1,false,200000,49630812851613,96294,5,5,2,10,1,0,0,1,0,9848,45000,52,0,21.9,bonus_as10_gae1_no,107,700000,,,,,108,52,36,20,30,31,6,2,4,13,9,6,0,2,1,1,0,0
66203,2026-04-09 17:24:29,5,5,5,shield,shield,shield,shield,3,true,2,49630812851613,96294,5,5,2,10,0,0,3,0,0,9848,45000,52,0,21.9,bonus_as10_gae1_no,107,700000,,,,,109,52,36,23,30,31,6,2,5,14,9,6,3,2,1,1,0,1
66204,2026-04-09 17:24:30,4,6,2,steal,spins,goldSack,gold,1,false,200000,49630813051613,96292,5,5,2,10,0,1,0,1,0,9848,45000,52,0,21.9,bonus_as10_gae1_no,107,700000,,,,,110,52,37,23,31,31,6,2,5,15,9,7,3,3,1,1,0,1
66205,2026-04-09 17:24:31,1,1,1,coin,coin,coin,gold,1,true,500000,49630813551613,96290,5,5,2,10,0,0,0,0,0,9848,45000,52,0,21.9,bonus_as10_gae1_no,107,700000,,,,"{""ea77ce1b"":""1806\/2200@m4"",""3d7e46c4"":""584\/2000@m6""}",111,52,37,23,31,31,6,2,5,16,9,7,3,3,1,1,0,1
66206,2026-04-09 17:24:34,2,2,2,goldSack,goldSack,goldSack,gold,1,true,4000000,49630817551613,96288,5,5,2,10,0,0,0,0,0,9848,45000,52,0,21.9,bonus_as10_gae1_no,107,700000,,LongExtraDayReduced,LongExtraDayReduced,"{""slot_on_"":""1876\/4500@m13""}",112,52,37,23,31,31,6,2,5,17,9,7,3,3,1,1,0,1
66207,2026-04-09 17:24:35,4,6,2,steal,spins,goldSack,gold,1,false,200000,49630817751613,96286,5,5,2,10,0,1,0,1,0,9848,45000,52,0,21.9,bonus_as10_gae1_no,107,700000,,LongExtraDayReduced,,"{""slot_on_"":""1878\/4500@m13""}",113,52,38,23,32,31,6,2,5,18,9,8,3,4,1,1,0,1
66208,2026-04-09 17:24:37,3,3,3,attack,attack,attack,attack,2,true,0,49630817751613,96284,5,5,2,10,3,0,0,0,0,9848,45000,52,0,21.9,bonus_as10_gae1_no,107,700000,,,,,114,55,38,23,32,31,7,2,5,19,12,8,3,4,1,2,0,1
66209,2026-04-09 17:24:40,3,6,2,attack,spins,goldSack,gold,1,false,200000,49630835111613,96282,5,5,2,10,1,0,0,1,0,9848,45000,52,0,21.9,bonus_as10_gae1_no,107,700000,,,,,115,56,38,23,33,31,7,2,5,20,13,8,3,5,1,2,0,1
66210,2026-04-09 17:24:41,30,2,2,accumulation,goldSack,goldSack,gold,1,false,300000,49630835411613,96280,5,5,2,10,0,0,0,0,1,9850,45000,52,2,21.9,bonus_as10_gae1_no,107,700000,,LongExtraDayReduced,,"{""slot_on_"":""1880\/4500@m13""}",116,56,38,23,33,32,7,2,5,21,13,8,3,5,2,2,0,1
66211,2026-04-09 17:24:43,3,6,2,attack,spins,goldSack,gold,1,false,200000,49630835611613,96278,5,5,2,10,1,0,0,1,0,9850,45000,52,0,21.9,bonus_as10_gae1_no,107,700000,,LongExtraDayReduced,,"{""slot_on_"":""1882\/4500@m13""}",117,57,38,23,34,32,7,2,5,22,14,8,3,6,2,2,0,1
66212,2026-04-09 17:24:44,3,3,3,attack,attack,attack,attack,2,true,0,49630835611613,96276,5,5,2,10,3,0,0,0,0,9850,45000,52,0,21.9,bonus_as10_gae1_no,107,700000,,,LongExtraDayReduced,"{""slot_on_"":""1884\/4500@m13"",""3d7e46c4"":""588\/2000@m6""}",118,60,38,23,34,32,8,2,5,23,17,8,3,6,2,3,0,1
66213,2026-04-09 17:24:49,30,2,2,accumulation,goldSack,goldSack,gold,1,false,300000,49630853071613,96274,5,5,2,10,0,0,0,0,1,9852,45000,52,2,21.9,bonus_as10_gae1_no,107,700000,,LongExtraDayReduced,,"{""slot_on_"":""1886\/4500@m13"",""ea77ce1b"":""1808\/2200@m4""}",119,60,38,23,34,33,8,2,5,24,17,8,3,6,3,3,0,1
66214,2026-04-09 17:24:51,1,1,4,coin,coin,steal,gold,1,false,100000,49630853171613,96272,5,5,2,10,0,1,0,0,0,9852,45000,52,0,21.9,bonus_as10_gae1_no,107,700000,,,,,120,60,39,23,34,33,8,2,5,25,17,9,3,6,3,3,0,1
66215,2026-04-09 17:24:52,3,6,2,attack,spins,goldSack,gold,1,false,200000,49630853371613,96270,5,5,2,10,1,0,0,1,0,9852,45000,52,0,21.9,bonus_as10_gae1_no,107,700000,LongExtraDayReduced,,,"{""slot_on_"":""1888\/4500@m13""}",121,61,39,23,35,33,8,2,5,26,18,9,3,7,3,3,0,1
66216,2026-04-09 17:24:54,4,4,4,steal,steal,steal,steal,4,true,0,49630853371613,96268,5,5,2,10,0,3,0,0,0,9852,45000,52,0,21.9,bonus_as10_gae1_no,107,700000,,,,"{""4fdd0917"":""1235\/1600@m33""}",122,61,42,23,35,33,8,3,5,27,18,12,3,7,3,3,1,1
66217,2026-04-09 17:24:59,1,1,4,coin,coin,steal,gold,1,false,100000,49631180795613,96266,5,5,2,10,0,1,0,0,0,9852,45000,52,0,21.9,bonus_as10_gae1_no,107,700000,LongExtraDayReduced,,,"{""slot_on_"":""1890\/4500@m13""}",123,61,43,23,35,33,8,3,5,28,18,13,3,7,3,3,1,1
66218,2026-04-09 17:25:01,3,3,3,attack,attack,attack,attack,2,true,0,49631180795613,96264,5,5,2,10,3,0,0,0,0,9852,45000,52,0,21.9,bonus_as10_gae1_no,107,700000,,,,,124,64,43,23,35,33,9,3,5,29,21,13,3,7,3,4,1,1
66219,2026-04-09 17:25:05,2,2,2,goldSack,goldSack,goldSack,gold,1,true,4000000,49631201955613,96262,5,5,2,10,0,0,0,0,0,9852,45000,52,0,21.9,bonus_as10_gae1_no,107,700000,,,,"{""3d7e46c4"":""592\/2000@m6""}",125,64,43,23,35,33,9,3,5,30,21,13,3,7,3,4,1,1
66220,2026-04-09 17:25:06,30,2,2,accumulation,goldSack,goldSack,gold,1,false,300000,49631202255613,96260,5,5,2,10,0,0,0,0,1,9854,45000,52,2,21.9,bonus_as10_gae1_no,107,700000,,,,,126,64,43,23,35,34,9,3,5,31,21,13,3,7,4,4,1,1
66221,2026-04-09 17:25:07,30,2,2,accumulation,goldSack,goldSack,gold,1,false,300000,49631202555613,96258,5,5,2,10,0,0,0,0,1,9856,45000,52,2,21.9,bonus_as10_gae1_no,107,700000,,,,,127,64,43,23,35,35,9,3,5,32,21,13,3,7,5,4,1,1
66222,2026-04-09 17:25:10,3,6,2,attack,spins,goldSack,gold,1,false,40000000,49631242555613,95858,5,5,400,10,1,0,0,1,0,9856,45000,52,0,21.9,bonus_as10_gae1_no,107,700000,,,LongExtraDayReduced,"{""slot_on_"":""2290\/4500@m13""}",128,65,43,23,36,35,9,3,5,33,22,13,3,8,5,4,1,1
66223,2026-04-09 17:25:11,1,1,4,coin,coin,steal,gold,1,false,20000000,49631262555613,95458,5,5,400,10,0,1,0,0,0,9856,45000,52,0,21.9,bonus_as10_gae1_no,107,700000,,,,,129,65,44,23,36,35,9,3,5,34,22,14,3,8,5,4,1,1
66224,2026-04-09 17:25:13,30,2,2,accumulation,goldSack,goldSack,gold,1,false,60000000,49631322555613,95058,5,5,400,10,0,0,0,0,1,10256,45000,52,400,22.8,bonus_as10_gae1_no,107,700000,,LongExtraDayReduced,,"{""slot_on_"":""2690\/4500@m13""}",130,65,44,23,36,36,9,3,5,35,22,14,3,8,6,4,1,1
66225,2026-04-09 17:25:14,1,1,1,coin,coin,coin,gold,1,true,100000000,49631422555613,94658,5,5,400,10,0,0,0,0,0,10256,45000,52,0,22.8,bonus_as10_gae1_no,107,700000,,,,,131,65,44,23,36,36,9,3,5,36,22,14,3,8,6,4,1,1
66226,2026-04-09 17:25:16,3,6,2,attack,spins,goldSack,gold,1,false,40000000,49631462555613,94258,5,5,400,10,1,0,0,1,0,10256,45000,52,0,22.8,bonus_as10_gae1_no,107,700000,,,,"{""ea77ce1b"":""8\/3100@m5""}",132,66,44,23,37,36,9,3,5,37,23,14,3,9,6,4,1,1
66227,2026-04-09 17:25:21,3,3,3,attack,attack,attack,attack,2,true,0,49631462555613,92758,5,5,1500,10,3,0,0,0,0,10256,45000,52,0,22.8,bonus_as10_gae1_no,107,700000,,LongExtraDayReduced,,"{""slot_on_"":""4190\/4500@m13""}",133,69,44,23,37,36,10,3,5,38,26,14,3,9,6,5,1,1
66228,2026-04-09 17:25:27,1,1,1,coin,coin,coin,gold,1,true,750000,49653083305613,93555,5,5,3,10,0,0,0,0,0,10256,45000,52,0,22.8,bonus_as10_gae1_no,107,700000,LongExtraDayReduced,LongExtraDayReduced,LongExtraDayReduced,"{""slot_on_"":""4205\/4500@m13""}",134,69,44,23,37,36,10,3,5,39,26,14,3,9,6,5,1,1
66229,2026-04-09 17:25:28,1,4,6,coin,steal,spins,gold,1,false,75000,49653083380613,93552,5,5,3,10,0,1,0,1,0,10256,45000,52,0,22.8,bonus_as10_gae1_no,107,700000,,,,,135,69,45,23,38,36,10,3,5,40,26,15,3,10,6,5,1,1
66230,2026-04-09 17:25:29,30,30,1,accumulation,accumulation,coin,gold,1,false,75000,49653083455613,93549,5,5,3,10,0,0,0,0,2,10262,45000,52,6,22.8,bonus_as10_gae1_no,107,700000,,,,,136,69,45,23,38,38,10,3,5,41,26,15,3,10,8,5,1,1
66231,2026-04-09 17:25:31,30,30,30,accumulation,accumulation,accumulation,gold,10,true,0,49653083455613,93546,5,5,3,10,0,0,0,0,3,10292,45000,52,30,22.9,bonus_as10_gae1_no,107,700000,,,,"{""3d7e46c4"":""598\/2000@m6""}",137,69,45,23,38,41,10,3,5,42,26,15,3,10,11,5,1,1
66232,2026-04-09 17:25:38,3,3,3,attack,attack,attack,attack,2,true,0,49653083455613,93545,5,5,1,10,3,0,0,0,0,10292,45000,52,0,22.9,bonus_as10_gae1_no,107,700000,,,,,1,3,0,0,0,0,1,0,0,43,29,15,3,10,11,6,1,1
66233,2026-04-09 17:25:41,1,4,4,coin,steal,steal,gold,1,false,25000,49653109480613,93544,5,5,1,10,0,2,0,0,0,10292,45000,52,0,22.9,bonus_as10_gae1_no,107,700000,,,,"{""4fdd0917"":""1237\/1600@m33""}",2,3,2,0,0,0,1,0,0,44,29,17,3,10,11,6,1,1
66234,2026-04-09 17:25:42,1,4,5,coin,steal,shield,gold,1,false,25000,49653109505613,93543,5,5,1,10,0,1,1,0,0,10292,45000,52,0,22.9,bonus_as10_gae1_no,107,700000,,,,,3,3,3,1,0,0,1,0,0,45,29,18,4,10,11,6,1,1
66235,2026-04-09 17:25:43,1,1,4,coin,coin,steal,gold,1,false,50000,49653109555613,93542,5,5,1,10,0,1,0,0,0,10292,45000,52,0,22.9,bonus_as10_gae1_no,107,700000,,,,,4,3,4,1,0,0,1,0,0,46,29,19,4,10,11,6,1,1
66236,2026-04-09 17:25:43,3,3,1,attack,attack,coin,gold,1,false,25000,49653109580613,93541,5,5,1,10,2,0,0,0,0,10292,45000,52,0,22.9,bonus_as10_gae1_no,107,700000,LongExtraDayReduced,LongExtraDayReduced,,"{""slot_on_"":""4207\/4500@m13""}",5,5,4,1,0,0,1,0,0,47,31,19,4,10,11,6,1,1
66237,2026-04-09 17:25:44,3,3,3,attack,attack,attack,attack,2,true,0,49653109580613,93540,5,5,1,10,3,0,0,0,0,10292,45000,52,0,22.9,bonus_as10_gae1_no,107,700000,,,,,6,8,4,1,0,0,2,0,0,48,34,19,4,10,11,7,1,1
66238,2026-04-09 17:25:48,1,1,4,coin,coin,steal,gold,1,false,50000,49653118210613,93539,5,5,1,10,0,1,0,0,0,10292,45000,52,0,22.9,bonus_as10_gae1_no,107,700000,,,,,7,8,5,1,0,0,2,0,0,49,34,20,4,10,11,7,1,1
66239,2026-04-09 17:25:49,5,5,5,shield,shield,shield,shield,3,true,1,49653118210613,93539,5,5,1,10,0,0,3,0,0,10292,45000,52,0,22.9,bonus_as10_gae1_no,107,700000,,,,"{""ea77ce1b"":""9\/3100@m5""}",8,8,5,4,0,0,2,0,1,50,34,20,7,10,11,7,1,2
66240,2026-04-09 17:25:50,1,6,6,coin,spins,spins,gold,1,false,25000,49653118235613,93538,5,5,1,10,0,0,0,2,0,10292,45000,52,0,22.9,bonus_as10_gae1_no,107,700000,,,,,9,8,5,4,2,0,2,0,1,51,34,20,7,12,11,7,1,2
66241,2026-04-09 17:25:51,30,2,2,accumulation,goldSack,goldSack,gold,1,false,150000,49653118385613,93537,5,5,1,10,0,0,0,0,1,10293,45000,52,1,22.9,bonus_as10_gae1_no,107,700000,,,,,10,8,5,4,2,1,2,0,1,52,34,20,7,12,12,7,1,2
66242,2026-04-09 17:25:52,30,30,1,accumulation,accumulation,coin,gold,1,false,25000,49653118410613,93536,5,5,1,10,0,0,0,0,2,10295,45000,52,2,22.9,bonus_as10_gae1_no,107,700000,,,,,11,8,5,4,2,3,2,0,1,53,34,20,7,12,14,7,1,2
66243,2026-04-09 17:25:53,1,1,1,coin,coin,coin,gold,1,true,250000,49653118660613,93535,5,5,1,10,0,0,0,0,0,10295,45000,52,0,22.9,bonus_as10_gae1_no,107,700000,,,,,12,8,5,4,2,3,2,0,1,54,34,20,7,12,14,7,1,2
66244,2026-04-09 17:25:53,1,1,4,coin,coin,steal,gold,1,false,50000,49653118710613,93534,5,5,1,10,0,1,0,0,0,10295,45000,52,0,22.9,bonus_as10_gae1_no,107,700000,,,,"{""4fdd0917"":""1239\/1600@m33""}",13,8,6,4,2,3,2,0,1,55,34,21,7,12,14,7,1,2
66245,2026-04-09 17:25:54,3,3,1,attack,attack,coin,gold,1,false,25000,49653118735613,93533,5,5,1,10,2,0,0,0,0,10295,45000,52,0,22.9,bonus_as10_gae1_no,107,700000,,LongExtraDayReduced,,"{""slot_on_"":""4208\/4500@m13""}",14,10,6,4,2,3,2,0,1,56,36,21,7,12,14,7,1,2
66246,2026-04-09 17:25:55,3,4,2,attack,steal,goldSack,gold,1,false,100000,49653118835613,93532,5,5,1,10,1,1,0,0,0,10295,45000,52,0,22.9,bonus_as10_gae1_no,107,700000,,,,,15,11,7,4,2,3,2,0,1,57,37,22,7,12,14,7,1,2
66247,2026-04-09 17:25:56,3,6,2,attack,spins,goldSack,gold,1,false,100000,49653118935613,93531,5,5,1,10,1,0,0,1,0,10295,45000,52,0,22.9,bonus_as10_gae1_no,107,700000,,,,"{""3d7e46c4"":""600\/2000@m6""}",16,12,7,4,3,3,2,0,1,58,38,22,7,13,14,7,1,2
66248,2026-04-09 17:25:57,30,30,1,accumulation,accumulation,coin,gold,1,false,25000,49653118960613,93530,5,5,1,10,0,0,0,0,2,10297,45000,52,2,22.9,bonus_as10_gae1_no,107,700000,,,LongExtraDayReduced,"{""slot_on_"":""4209\/4500@m13""}",17,12,7,4,3,5,2,0,1,59,38,22,7,13,16,7,1,2
66249,2026-04-09 17:25:58,3,6,2,attack,spins,goldSack,gold,1,false,100000,49653119060613,93529,5,5,1,10,1,0,0,1,0,10297,45000,52,0,22.9,bonus_as10_gae1_no,107,700000,LongExtraDayReduced,,LongExtraDayReduced,"{""slot_on_"":""4211\/4500@m13""}",18,13,7,4,4,5,2,0,1,60,39,22,7,14,16,7,1,2
66250,2026-04-09 17:25:59,3,4,2,attack,steal,goldSack,gold,1,false,100000,49653119160613,93528,5,5,1,10,1,1,0,0,0,10297,45000,52,0,22.9,bonus_as10_gae1_no,107,700000,,,,"{""ea77ce1b"":""10\/3100@m5""}",19,14,8,4,4,5,2,0,1,61,40,23,7,14,16,7,1,2
66251,2026-04-09 17:26:27,5,5,5,shield,shield,shield,shield,3,true,1,49657119160613,97828,5,5,1,10,0,0,3,0,0,10297,45000,52,0,22.9,bonus_as10_gae1_no,107,700000,,,,,20,14,8,7,4,5,2,0,2,62,40,23,10,14,16,7,1,3
66252,2026-04-09 17:26:29,30,2,2,accumulation,goldSack,goldSack,gold,1,false,150000,49657119310613,97827,5,5,1,10,0,0,0,0,1,10298,45000,52,1,22.9,bonus_as10_gae1_no,107,700000,,,,,21,14,8,7,4,6,2,0,2,63,40,23,10,14,17,7,1,3
66253,2026-04-09 17:26:30,30,2,2,accumulation,goldSack,goldSack,gold,1,false,150000,49657119460613,97826,5,5,1,10,0,0,0,0,1,10299,45000,52,1,22.9,bonus_as10_gae1_no,107,700000,,,,,22,14,8,7,4,7,2,0,2,64,40,23,10,14,18,7,1,3
66254,2026-04-09 17:26:31,30,2,2,accumulation,goldSack,goldSack,gold,1,false,150000,49657119610613,97825,5,5,1,10,0,0,0,0,1,10300,45000,52,1,22.9,bonus_as10_gae1_no,107,700000,,,LongExtraDayReduced,"{""slot_on_"":""4212\/4500@m13"",""3d7e46c4"":""602\/2000@m6""}",23,14,8,7,4,8,2,0,2,65,40,23,10,14,19,7,1,3
66255,2026-04-09 17:26:33,30,2,2,accumulation,goldSack,goldSack,gold,1,false,150000,49657119760613,97824,5,5,1,10,0,0,0,0,1,10301,45000,52,1,22.9,bonus_as10_gae1_no,107,700000,,,,,24,14,8,7,4,9,2,0,2,66,40,23,10,14,20,7,1,3
66256,2026-04-09 17:26:34,5,5,5,shield,shield,shield,shield,3,true,1,49657119760613,97824,5,5,1,10,0,0,3,0,0,10301,45000,52,0,22.9,bonus_as10_gae1_no,107,700000,LongExtraDayReduced,,,"{""slot_on_"":""4213\/4500@m13""}",25,14,8,10,4,9,2,0,3,67,40,23,13,14,20,7,1,4
66257,2026-04-09 17:26:35,30,2,2,accumulation,goldSack,goldSack,gold,1,false,150000,49657119910613,97823,5,5,1,10,0,0,0,0,1,10302,45000,52,1,22.9,bonus_as10_gae1_no,107,700000,,,,,26,14,8,10,4,10,2,0,3,68,40,23,13,14,21,7,1,4
66258,2026-04-09 17:26:37,2,2,2,goldSack,goldSack,goldSack,gold,1,true,2000000,49657121910613,97822,5,5,1,10,0,0,0,0,0,10302,45000,52,0,22.9,bonus_as10_gae1_no,107,700000,,LongExtraDayReduced,LongExtraDayReduced,"{""slot_on_"":""4215\/4500@m13""}",27,14,8,10,4,10,2,0,3,69,40,23,13,14,21,7,1,4
66259,2026-04-09 17:26:38,30,2,2,accumulation,goldSack,goldSack,gold,1,false,150000,49657122060613,97821,5,5,1,10,0,0,0,0,1,10303,45000,52,1,22.9,bonus_as10_gae1_no,107,700000,,,,"{""ea77ce1b"":""11\/3100@m5""}",28,14,8,10,4,11,2,0,3,70,40,23,13,14,22,7,1,4
66260,2026-04-09 17:26:39,2,2,2,goldSack,goldSack,goldSack,gold,1,true,2000000,49657124060613,97820,5,5,1,10,0,0,0,0,0,10303,45000,52,0,22.9,bonus_as10_gae1_no,107,700000,,,,,29,14,8,10,4,11,2,0,3,71,40,23,13,14,22,7,1,4
66261,2026-04-09 17:26:39,2,2,2,goldSack,goldSack,goldSack,gold,1,true,2000000,49657126060613,97819,5,5,1,10,0,0,0,0,0,10303,45000,52,0,22.9,bonus_as10_gae1_no,107,700000,,LongExtraDayReduced,,"{""slot_on_"":""4216\/4500@m13""}",30,14,8,10,4,11,2,0,3,72,40,23,13,14,22,7,1,4
66262,2026-04-09 17:26:40,1,1,4,coin,coin,steal,gold,1,false,50000,49657126110613,97818,5,5,1,10,0,1,0,0,0,10303,45000,52,0,22.9,bonus_as10_gae1_no,107,700000,,,,,31,14,9,10,4,11,2,0,3,73,40,24,13,14,22,7,1,4
66263,2026-04-09 17:26:41,30,2,2,accumulation,goldSack,goldSack,gold,1,false,150000,49657126260613,97817,5,5,1,10,0,0,0,0,1,10304,45000,52,1,22.9,bonus_as10_gae1_no,107,700000,,,,,32,14,9,10,4,12,2,0,3,74,40,24,13,14,23,7,1,4
66264,2026-04-09 17:26:42,30,2,2,accumulation,goldSack,goldSack,gold,1,false,150000,49657126410613,97816,5,5,1,10,0,0,0,0,1,10305,45000,52,1,22.9,bonus_as10_gae1_no,107,700000,,LongExtraDayReduced,,"{""slot_on_"":""4217\/4500@m13""}",33,14,9,10,4,13,2,0,3,75,40,24,13,14,24,7,1,4
66265,2026-04-09 17:26:43,3,6,2,attack,spins,goldSack,gold,1,false,100000,49657126510613,97815,5,5,1,10,1,0,0,1,0,10305,45000,52,0,22.9,bonus_as10_gae1_no,107,700000,LongExtraDayReduced,LongExtraDayReduced,LongExtraDayReduced,"{""slot_on_"":""4222\/4500@m13""}",34,15,9,10,5,13,2,0,3,76,41,24,13,15,24,7,1,4
66266,2026-04-09 17:26:44,3,4,2,attack,steal,goldSack,gold,1,false,100000,49657126610613,97814,5,5,1,10,1,1,0,0,0,10305,45000,52,0,22.9,bonus_as10_gae1_no,107,700000,LongExtraDayReduced,,,"{""slot_on_"":""4223\/4500@m13"",""4fdd0917"":""1241\/1600@m33""}",35,16,10,10,5,13,2,0,3,77,42,25,13,15,24,7,1,4
66267,2026-04-09 17:26:46,3,6,2,attack,spins,goldSack,gold,1,false,100000,49657126710613,97813,5,5,1,10,1,0,0,1,0,10305,45000,52,0,22.9,bonus_as10_gae1_no,107,700000,,,,"{""3d7e46c4"":""604\/2000@m6""}",36,17,10,10,6,13,2,0,3,78,43,25,13,16,24,7,1,4
66268,2026-04-09 17:26:47,1,4,4,coin,steal,steal,gold,1,false,25000,49657126735613,97812,5,5,1,10,0,2,0,0,0,10305,45000,52,0,22.9,bonus_as10_gae1_no,107,700000,,,,,37,17,12,10,6,13,2,0,3,79,43,27,13,16,24,7,1,4
66269,2026-04-09 17:26:47,30,2,2,accumulation,goldSack,goldSack,gold,1,false,150000,49657126885613,97811,5,5,1,10,0,0,0,0,1,10306,45000,52,1,22.9,bonus_as10_gae1_no,107,700000,LongExtraDayReduced,LongExtraDayReduced,,"{""slot_on_"":""4225\/4500@m13""}",38,17,12,10,6,14,2,0,3,80,43,27,13,16,25,7,1,4
66270,2026-04-09 17:26:49,3,6,2,attack,spins,goldSack,gold,1,false,100000,49657126985613,97810,5,5,1,10,1,0,0,1,0,10306,45000,52,0,22.9,bonus_as10_gae1_no,107,700000,,,,,39,18,12,10,7,14,2,0,3,81,44,27,13,17,25,7,1,4
66271,2026-04-09 17:26:49,3,3,2,attack,attack,goldSack,gold,1,false,100000,49657127085613,97809,5,5,1,10,2,0,0,0,0,10306,45000,52,0,22.9,bonus_as10_gae1_no,107,700000,,,,,40,20,12,10,7,14,2,0,3,82,46,27,13,17,25,7,1,4
66272,2026-04-09 17:26:50,3,6,2,attack,spins,goldSack,gold,1,false,100000,49657127185613,97808,5,5,1,10,1,0,0,1,0,10306,45000,52,0,22.9,bonus_as10_gae1_no,107,700000,,,,,41,21,12,10,8,14,2,0,3,83,47,27,13,18,25,7,1,4
66273,2026-04-09 17:26:51,4,4,4,steal,steal,steal,steal,4,true,0,49657127185613,97807,5,5,1,10,0,3,0,0,0,10306,45000,52,0,22.9,bonus_as10_gae1_no,107,700000,,,,,42,21,15,10,8,14,2,1,3,84,47,30,13,18,25,7,2,4
66274,2026-04-09 17:26:56,3,6,2,attack,spins,goldSack,gold,1,false,100000,49657335971613,97806,5,5,1,10,1,0,0,1,0,10306,45000,52,0,22.9,bonus_as10_gae1_no,107,700000,,,,,43,22,15,10,9,14,2,1,3,85,48,30,13,19,25,7,2,4
66275,2026-04-09 17:26:57,2,2,2,goldSack,goldSack,goldSack,gold,1,true,2000000,49657337971613,97805,5,5,1,10,0,0,0,0,0,10306,45000,52,0,22.9,bonus_as10_gae1_no,107,700000,,,,"{""4fdd0917"":""1243\/1600@m33""}",44,22,15,10,9,14,2,1,3,86,48,30,13,19,25,7,2,4
66276,2026-04-09 17:26:58,2,2,2,goldSack,goldSack,goldSack,gold,1,true,2000000,49657339971613,97804,5,5,1,10,0,0,0,0,0,10306,45000,52,0,22.9,bonus_as10_gae1_no,107,700000,LongExtraDayReduced,,,"{""slot_on_"":""4226\/4500@m13""}",45,22,15,10,9,14,2,1,3,87,48,30,13,19,25,7,2,4
66277,2026-04-09 17:26:59,3,3,3,attack,attack,attack,attack,2,true,0,49657339971613,97803,5,5,1,10,3,0,0,0,0,10306,45000,52,0,22.9,bonus_as10_gae1_no,107,700000,,,,"{""ea77ce1b"":""12\/3100@m5""}",46,25,15,10,9,14,3,1,3,88,51,30,13,19,25,8,2,4
66278,2026-04-09 17:27:03,5,2,2,shield,goldSack,goldSack,gold,1,false,150000,49657348701613,97802,5,5,1,10,0,0,1,0,0,10306,45000,52,0,22.9,bonus_as10_gae1_no,107,700000,,,,,47,25,15,11,9,14,3,1,3,89,51,30,14,19,25,8,2,4
66279,2026-04-09 17:27:04,1,6,6,coin,spins,spins,gold,1,false,25000,49657348726613,97801,5,5,1,10,0,0,0,2,0,10306,45000,52,0,22.9,bonus_as10_gae1_no,107,700000,LongExtraDayReduced,,,"{""slot_on_"":""4227\/4500@m13""}",48,25,15,11,11,14,3,1,3,90,51,30,14,21,25,8,2,4
66280,2026-04-09 17:27:05,1,5,5,coin,shield,shield,gold,1,false,25000,49657348751613,97800,5,5,1,10,0,0,2,0,0,10306,45000,52,0,22.9,bonus_as10_gae1_no,107,700000,,LongExtraDayReduced,,"{""slot_on_"":""4228\/4500@m13""}",49,25,15,13,11,14,3,1,3,91,51,30,16,21,25,8,2,4
66281,2026-04-09 17:27:06,3,6,2,attack,spins,goldSack,gold,1,false,100000,49657348851613,97799,5,5,1,10,1,0,0,1,0,10306,45000,52,0,22.9,bonus_as10_gae1_no,107,700000,,,,,50,26,15,13,12,14,3,1,3,92,52,30,16,22,25,8,2,4
66282,2026-04-09 17:27:07,5,5,5,shield,shield,shield,shield,3,true,1,49657348851613,97799,5,5,1,10,0,0,3,0,0,10306,45000,52,0,22.9,bonus_as10_gae1_no,107,700000,,,,,51,26,15,16,12,14,3,1,4,93,52,30,19,22,25,8,2,5
66283,2026-04-09 17:27:08,1,4,4,coin,steal,steal,gold,1,false,25000,49657348876613,97798,5,5,1,10,0,2,0,0,0,10306,45000,52,0,22.9,bonus_as10_gae1_no,107,700000,,,,,52,26,17,16,12,14,3,1,4,94,52,32,19,22,25,8,2,5
66284,2026-04-09 17:27:08,1,1,4,coin,coin,steal,gold,1,false,50000,49657348926613,97797,5,5,1,10,0,1,0,0,0,10306,45000,52,0,22.9,bonus_as10_gae1_no,107,700000,,,,,53,26,18,16,12,14,3,1,4,95,52,33,19,22,25,8,2,5
66285,2026-04-09 17:27:09,3,4,2,attack,steal,goldSack,gold,1,false,100000,49657349026613,97796,5,5,1,10,1,1,0,0,0,10306,45000,52,0,22.9,bonus_as10_gae1_no,107,700000,,,,,54,27,19,16,12,14,3,1,4,96,53,34,19,22,25,8,2,5
66286,2026-04-09 17:27:09,30,30,1,accumulation,accumulation,coin,gold,1,false,25000,49657349051613,97795,5,5,1,10,0,0,0,0,2,10308,45000,52,2,22.9,bonus_as10_gae1_no,107,700000,,,,,55,27,19,16,12,16,3,1,4,97,53,34,19,22,27,8,2,5
66287,2026-04-09 17:27:10,1,1,1,coin,coin,coin,gold,1,true,250000,49657349301613,97794,5,5,1,10,0,0,0,0,0,10308,45000,52,0,22.9,bonus_as10_gae1_no,107,700000,,,,"{""3d7e46c4"":""606\/2000@m6""}",56,27,19,16,12,16,3,1,4,98,53,34,19,22,27,8,2,5
66288,2026-04-09 17:27:11,30,2,2,accumulation,goldSack,goldSack,gold,1,false,150000,49657349451613,97793,5,5,1,10,0,0,0,0,1,10309,45000,52,1,22.9,bonus_as10_gae1_no,107,700000,,,,"{""4fdd0917"":""1245\/1600@m33""}",57,27,19,16,12,17,3,1,4,99,53,34,19,22,28,8,2,5
66289,2026-04-09 17:27:12,3,6,2,attack,spins,goldSack,gold,1,false,100000,49657349551613,97792,5,5,1,10,1,0,0,1,0,10309,45000,52,0,22.9,bonus_as10_gae1_no,107,700000,,,,,58,28,19,16,13,17,3,1,4,100,54,34,19,23,28,8,2,5
66290,2026-04-09 17:27:13,1,1,4,coin,coin,steal,gold,1,false,50000,49657349601613,97791,5,5,1,10,0,1,0,0,0,10309,45000,52,0,22.9,bonus_as10_gae1_no,107,700000,,,,"{""ea77ce1b"":""13\/3100@m5""}",59,28,20,16,13,17,3,1,4,101,54,35,19,23,28,8,2,5
66291,2026-04-09 17:27:14,1,4,5,coin,steal,shield,gold,1,false,25000,49657349626613,97790,5,5,1,10,0,1,1,0,0,10309,45000,52,0,22.9,bonus_as10_gae1_no,107,700000,,,,,60,28,21,17,13,17,3,1,4,102,54,36,20,23,28,8,2,5
66292,2026-04-09 17:27:15,1,1,4,coin,coin,steal,gold,1,false,50000,49657349676613,97789,5,5,1,10,0,1,0,0,0,10309,45000,52,0,22.9,bonus_as10_gae1_no,107,700000,LongExtraDayReduced,,,"{""slot_on_"":""4229\/4500@m13""}",61,28,22,17,13,17,3,1,4,103,54,37,20,23,28,8,2,5
66293,2026-04-09 17:27:16,3,6,2,attack,spins,goldSack,gold,1,false,100000,49657349776613,97788,5,5,1,10,1,0,0,1,0,10309,45000,52,0,22.9,bonus_as10_gae1_no,107,700000,,,,,62,29,22,17,14,17,3,1,4,104,55,37,20,24,28,8,2,5
66294,2026-04-09 17:27:16,1,1,4,coin,coin,steal,gold,1,false,50000,49657349826613,97787,5,5,1,10,0,1,0,0,0,10309,45000,52,0,22.9,bonus_as10_gae1_no,107,700000,,,,,63,29,23,17,14,17,3,1,4,105,55,38,20,24,28,8,2,5
66295,2026-04-09 17:27:17,3,3,1,attack,attack,coin,gold,1,false,25000,49657349851613,97786,5,5,1,10,2,0,0,0,0,10309,45000,52,0,22.9,bonus_as10_gae1_no,107,700000,,,,,64,31,23,17,14,17,3,1,4,106,57,38,20,24,28,8,2,5
66296,2026-04-09 17:27:18,3,6,2,attack,spins,goldSack,gold,1,false,100000,49657349951613,97785,5,5,1,10,1,0,0,1,0,10309,45000,52,0,22.9,bonus_as10_gae1_no,107,700000,,,,,65,32,23,17,15,17,3,1,4,107,58,38,20,25,28,8,2,5
66297,2026-04-09 17:27:19,30,2,2,accumulation,goldSack,goldSack,gold,1,false,150000,49657350101613,97784,5,5,1,10,0,0,0,0,1,10310,45000,52,1,22.9,bonus_as10_gae1_no,107,700000,,,,,66,32,23,17,15,18,3,1,4,108,58,38,20,25,29,8,2,5
66298,2026-04-09 17:27:19,1,1,4,coin,coin,steal,gold,1,false,50000,49657350151613,97783,5,5,1,10,0,1,0,0,0,10310,45000,52,0,22.9,bonus_as10_gae1_no,107,700000,,,,,67,32,24,17,15,18,3,1,4,109,58,39,20,25,29,8,2,5
66299,2026-04-09 17:27:20,5,5,5,shield,shield,shield,shield,3,true,1,49657350151613,97783,5,5,1,10,0,0,3,0,0,10310,45000,52,0,22.9,bonus_as10_gae1_no,107,700000,LongExtraDayReduced,,,"{""slot_on_"":""4230\/4500@m13""}",68,32,24,20,15,18,3,1,5,110,58,39,23,25,29,8,2,6
66300,2026-04-09 17:27:21,1,1,1,coin,coin,coin,gold,1,true,250000,49657350401613,97782,5,5,1,10,0,0,0,0,0,10310,45000,52,0,22.9,bonus_as10_gae1_no,107,700000,,,,,69,32,24,20,15,18,3,1,5,111,58,39,23,25,29,8,2,6
66301,2026-04-09 17:27:22,1,6,6,coin,spins,spins,gold,1,false,25000,49657350426613,97781,5,5,1,10,0,0,0,2,0,10310,45000,52,0,22.9,bonus_as10_gae1_no,107,700000,,LongExtraDayReduced,,"{""slot_on_"":""4231\/4500@m13"",""ea77ce1b"":""14\/3100@m5""}",70,32,24,20,17,18,3,1,5,112,58,39,23,27,29,8,2,6
66302,2026-04-09 17:27:23,3,3,3,attack,attack,attack,attack,2,true,0,49657350426613,97780,5,5,1,10,3,0,0,0,0,10310,45000,52,0,22.9,bonus_as10_gae1_no,107,700000,,,,,71,35,24,20,17,18,4,1,5,113,61,39,23,27,29,9,2,6
66303,2026-04-09 17:27:27,2,2,2,goldSack,goldSack,goldSack,gold,1,true,2000000,49657378426613,97779,5,5,1,10,0,0,0,0,0,10310,45000,52,0,22.9,bonus_as10_gae1_no,107,700000,,,LongExtraDayReduced,"{""slot_on_"":""4232\/4500@m13""}",72,35,24,20,17,18,4,1,5,114,61,39,23,27,29,9,2,6
66304,2026-04-09 17:27:28,30,2,2,accumulation,goldSack,goldSack,gold,1,false,150000,49657378576613,97778,5,5,1,10,0,0,0,0,1,10311,45000,52,1,22.9,bonus_as10_gae1_no,107,700000,,,,"{""3d7e46c4"":""608\/2000@m6""}",73,35,24,20,17,19,4,1,5,115,61,39,23,27,30,9,2,6
66305,2026-04-09 17:27:30,3,3,3,attack,attack,attack,attack,2,true,0,49657378576613,97777,5,5,1,10,3,0,0,0,0,10311,45000,52,0,22.9,bonus_as10_gae1_no,107,700000,,,,,74,38,24,20,17,19,5,1,5,116,64,39,23,27,30,10,2,6
66306,2026-04-09 17:27:34,30,30,1,accumulation,accumulation,coin,gold,1,false,25000,49657387181613,97776,5,5,1,10,0,0,0,0,2,10313,45000,52,2,22.9,bonus_as10_gae1_no,107,700000,,,,,75,38,24,20,17,21,5,1,5,117,64,39,23,27,32,10,2,6
66307,2026-04-09 17:27:35,2,2,2,goldSack,goldSack,goldSack,gold,1,true,2000000,49657389181613,97775,5,5,1,10,0,0,0,0,0,10313,45000,52,0,22.9,bonus_as10_gae1_no,107,700000,,,,,76,38,24,20,17,21,5,1,5,118,64,39,23,27,32,10,2,6
66308,2026-04-09 17:27:36,3,6,2,attack,spins,goldSack,gold,1,false,100000,49657389281613,97774,5,5,1,10,1,0,0,1,0,10313,45000,52,0,22.9,bonus_as10_gae1_no,107,700000,,,,,77,39,24,20,18,21,5,1,5,119,65,39,23,28,32,10,2,6
66309,2026-04-09 17:27:37,3,6,2,attack,spins,goldSack,gold,1,false,100000,49657389381613,97773,5,5,1,10,1,0,0,1,0,10313,45000,52,0,22.9,bonus_as10_gae1_no,107,700000,,,LongExtraDayReduced,"{""slot_on_"":""4233\/4500@m13""}",78,40,24,20,19,21,5,1,5,120,66,39,23,29,32,10,2,6
66310,2026-04-09 17:27:38,3,3,3,attack,attack,attack,attack,2,true,0,49657389381613,97772,5,5,1,10,3,0,0,0,0,10313,45000,52,0,22.9,bonus_as10_gae1_no,107,700000,,,,"{""ea77ce1b"":""15\/3100@m5""}",79,43,24,20,19,21,6,1,5,121,69,39,23,29,32,11,2,6
66311,2026-04-09 17:27:42,2,2,2,goldSack,goldSack,goldSack,gold,1,true,2000000,49657399961613,97771,5,5,1,10,0,0,0,0,0,10313,45000,52,0,22.9,bonus_as10_gae1_no,107,700000,,,,,80,43,24,20,19,21,6,1,5,122,69,39,23,29,32,11,2,6
66312,2026-04-09 17:27:43,30,2,2,accumulation,goldSack,goldSack,gold,1,false,150000,49657400111613,97770,5,5,1,10,0,0,0,0,1,10314,45000,52,1,22.9,bonus_as10_gae1_no,107,700000,,,,"{""3d7e46c4"":""610\/2000@m6"",""4fdd0917"":""1247\/1600@m33""}",81,43,24,20,19,22,6,1,5,123,69,39,23,29,33,11,2,6
66313,2026-04-09 17:27:45,4,4,4,steal,steal,steal,steal,4,true,0,49657400111613,97769,5,5,1,10,0,3,0,0,0,10314,45000,52,0,22.9,bonus_as10_gae1_no,107,700000,,,,,82,43,27,20,19,22,6,2,5,124,69,42,23,29,33,11,3,6
66314,2026-04-09 17:27:51,1,1,1,coin,coin,coin,gold,1,true,250000,49657518711613,97768,5,5,1,10,0,0,0,0,0,10314,45000,52,0,22.9,bonus_as10_gae1_no,107,700000,,,LongExtraDayReduced,"{""slot_on_"":""4234\/4500@m13""}",83,43,27,20,19,22,6,2,5,125,69,42,23,29,33,11,3,6
66315,2026-04-09 17:27:52,30,30,1,accumulation,accumulation,coin,gold,1,false,25000,49657518736613,97767,5,5,1,10,0,0,0,0,2,10316,45000,52,2,22.9,bonus_as10_gae1_no,107,700000,,,,,84,43,27,20,19,24,6,2,5,126,69,42,23,29,35,11,3,6
66316,2026-04-09 17:27:54,1,1,1,coin,coin,coin,gold,1,true,250000,49657518986613,97766,5,5,1,10,0,0,0,0,0,10316,45000,52,0,22.9,bonus_as10_gae1_no,107,700000,,,,,85,43,27,20,19,24,6,2,5,127,69,42,23,29,35,11,3,6
66317,2026-04-09 17:27:55,6,6,6,spins,spins,spins,spins,5,true,10,49657518986613,97775,5,5,1,10,0,0,0,3,0,10316,45000,52,0,22.9,bonus_as10_gae1_no,107,700000,,,,,86,43,27,20,22,24,6,2,5,128,69,42,23,32,35,11,3,6
66318,2026-04-09 17:27:58,4,4,4,steal,steal,steal,steal,4,true,0,49657518986613,97774,5,5,1,10,0,3,0,0,0,10316,45000,52,0,22.9,bonus_as10_gae1_no,107,700000,,,,"{""ea77ce1b"":""16\/3100@m5""}",87,43,30,20,22,24,6,3,5,1,0,3,0,0,0,0,1,0
66319,2026-04-09 17:28:07,3,6,2,attack,spins,goldSack,gold,1,false,100000,49657648141613,97773,5,5,1,10,1,0,0,1,0,10316,45000,52,0,22.9,bonus_as10_gae1_no,107,700000,,,,,88,44,30,20,23,24,6,3,5,2,1,3,0,1,0,0,1,0
66320,2026-04-09 17:28:09,1,1,1,coin,coin,coin,gold,1,true,250000,49657648391613,97772,5,5,1,10,0,0,0,0,0,10316,45000,52,0,22.9,bonus_as10_gae1_no,107,700000,,,,,89,44,30,20,23,24,6,3,5,3,1,3,0,1,0,0,1,0
66321,2026-04-09 17:28:10,30,2,2,accumulation,goldSack,goldSack,gold,1,false,150000,49657648541613,97771,5,5,1,10,0,0,0,0,1,10317,45000,52,1,22.9,bonus_as10_gae1_no,107,700000,,,LongExtraDayReduced,"{""slot_on_"":""4235\/4500@m13""}",90,44,30,20,23,25,6,3,5,4,1,3,0,1,1,0,1,0
66322,2026-04-09 17:28:11,3,4,2,attack,steal,goldSack,gold,1,false,100000,49657648641613,97770,5,5,1,10,1,1,0,0,0,10317,45000,52,0,22.9,bonus_as10_gae1_no,107,700000,,,,,91,45,31,20,23,25,6,3,5,5,2,4,0,1,1,0,1,0
66323,2026-04-09 17:28:12,30,2,2,accumulation,goldSack,goldSack,gold,1,false,150000,49657648791613,97769,5,5,1,10,0,0,0,0,1,10318,45000,52,1,22.9,bonus_as10_gae1_no,107,700000,,,,,92,45,31,20,23,26,6,3,5,6,2,4,0,1,2,0,1,0
66324,2026-04-09 17:28:14,30,30,1,accumulation,accumulation,coin,gold,1,false,25000,49657648816613,97768,5,5,1,10,0,0,0,0,2,10320,45000,52,2,22.9,bonus_as10_gae1_no,107,700000,,,,,93,45,31,20,23,28,6,3,5,7,2,4,0,1,4,0,1,0
66325,2026-04-09 17:28:15,3,3,1,attack,attack,coin,gold,1,false,25000,49657546781614,97767,5,5,1,10,2,0,0,0,0,10320,45000,52,0,22.9,bonus_as10_gae1_no,107,700000,,,,,94,47,31,20,23,28,6,3,5,8,4,4,0,1,4,0,1,0
66326,2026-04-09 17:28:16,1,4,6,coin,steal,spins,gold,1,false,25000,49657546806614,97766,5,5,1,10,0,1,0,1,0,10320,45000,52,0,22.9,bonus_as10_gae1_no,107,700000,,,,,95,47,32,20,24,28,6,3,5,9,4,5,0,2,4,0,1,0
66327,2026-04-09 17:28:17,3,1,1,attack,coin,coin,gold,1,false,50000,49657546856614,97765,5,5,1,10,1,0,0,0,0,10320,45000,52,0,22.9,bonus_as10_gae1_no,107,700000,LongExtraDayReduced,,LongExtraDayReduced,"{""slot_on_"":""4237\/4500@m13""}",96,48,32,20,24,28,6,3,5,10,5,5,0,2,4,0,1,0
66328,2026-04-09 17:28:18,2,2,2,goldSack,goldSack,goldSack,gold,1,true,2000000,49657548856614,97764,5,5,1,10,0,0,0,0,0,10320,45000,52,0,22.9,bonus_as10_gae1_no,107,700000,,,,"{""ea77ce1b"":""17\/3100@m5""}",97,48,32,20,24,28,6,3,5,11,5,5,0,2,4,0,1,0
66329,2026-04-09 17:28:20,3,3,3,attack,attack,attack,attack,2,true,0,49657548856614,97763,5,5,1,10,3,0,0,0,0,10320,45000,52,0,22.9,bonus_as10_gae1_no,107,700000,,LongExtraDayReduced,,"{""slot_on_"":""4238\/4500@m13""}",98,51,32,20,24,28,7,3,5,12,8,5,0,2,4,1,1,0
66330,2026-04-09 17:28:24,5,5,5,shield,shield,shield,shield,3,true,1,49657574856614,97763,5,5,1,10,0,0,3,0,0,10320,45000,52,0,22.9,bonus_as10_gae1_no,107,700000,,,,,99,51,32,23,24,28,7,3,6,13,8,5,3,2,4,1,1,1
66331,2026-04-09 17:28:25,4,4,4,steal,steal,steal,steal,4,true,0,49657574856614,97762,5,5,1,10,0,3,0,0,0,10320,45000,52,0,22.9,bonus_as10_gae1_no,107,700000,,LongExtraDayReduced,,"{""slot_on_"":""4239\/4500@m13""}",100,51,35,23,24,28,7,4,6,14,8,8,3,2,4,1,2,1
66332,2026-04-09 17:28:31,3,1,1,attack,coin,coin,gold,1,false,50000,49657806494614,97761,5,5,1,10,1,0,0,0,0,10320,45000,52,0,22.9,bonus_as10_gae1_no,107,700000,LongExtraDayReduced,,,"{""slot_on_"":""4240\/4500@m13"",""3d7e46c4"":""612\/2000@m6""}",101,52,35,23,24,28,7,4,6,15,9,8,3,2,4,1,2,1
66333,2026-04-09 17:28:32,2,2,2,goldSack,goldSack,goldSack,gold,1,true,2000000,49657808494614,97760,5,5,1,10,0,0,0,0,0,10320,45000,52,0,22.9,bonus_as10_gae1_no,107,700000,,,,,102,52,35,23,24,28,7,4,6,16,9,8,3,2,4,1,2,1
66334,2026-04-09 17:28:33,1,5,5,coin,shield,shield,gold,1,false,25000,49657808519614,97759,5,5,1,10,0,0,2,0,0,10320,45000,52,0,22.9,bonus_as10_gae1_no,107,700000,,,,,103,52,35,25,24,28,7,4,6,17,9,8,5,2,4,1,2,1
66335,2026-04-09 17:28:34,5,5,5,shield,shield,shield,shield,3,true,1,49657808519614,97759,5,5,1,10,0,0,3,0,0,10320,45000,52,0,22.9,bonus_as10_gae1_no,107,700000,,,,,104,52,35,28,24,28,7,4,7,18,9,8,8,2,4,1,2,2
66336,2026-04-09 17:28:35,3,1,4,attack,coin,steal,gold,1,false,25000,49657808544614,97758,5,5,1,10,1,1,0,0,0,10320,45000,52,0,22.9,bonus_as10_gae1_no,107,700000,,LongExtraDayReduced,,"{""slot_on_"":""4241\/4500@m13"",""4fdd0917"":""1249\/1600@m33""}",105,53,36,28,24,28,7,4,7,19,10,9,8,2,4,1,2,2
66337,2026-04-09 17:28:37,30,2,2,accumulation,goldSack,goldSack,gold,1,false,150000,49657808694614,97757,5,5,1,10,0,0,0,0,1,10321,45000,52,1,22.9,bonus_as10_gae1_no,107,700000,,,,,106,53,36,28,24,29,7,4,7,20,10,9,8,2,5,1,2,2
66338,2026-04-09 17:28:38,5,5,5,shield,shield,shield,shield,3,true,1,49657808694614,97757,5,5,1,10,0,0,3,0,0,10321,45000,52,0,22.9,bonus_as10_gae1_no,107,700000,,,,,107,53,36,31,24,29,7,4,8,21,10,9,11,2,5,1,2,3
66339,2026-04-09 17:28:39,4,6,2,steal,spins,goldSack,gold,1,false,100000,49657808794614,97756,5,5,1,10,0,1,0,1,0,10321,45000,52,0,22.9,bonus_as10_gae1_no,107,700000,,,,"{""ea77ce1b"":""18\/3100@m5""}",108,53,37,31,25,29,7,4,8,22,10,10,11,3,5,1,2,3
66340,2026-04-09 17:28:41,4,4,2,steal,steal,goldSack,gold,1,false,100000,49657808894614,97755,5,5,1,10,0,2,0,0,0,10321,45000,52,0,22.9,bonus_as10_gae1_no,107,700000,,,,,109,53,39,31,25,29,7,4,8,23,10,12,11,3,5,1,2,3
66341,2026-04-09 17:28:43,30,2,2,accumulation,goldSack,goldSack,gold,1,false,150000,49657809044614,97754,5,5,1,10,0,0,0,0,1,10322,45000,52,1,22.9,bonus_as10_gae1_no,107,700000,,,,,110,53,39,31,25,30,7,4,8,24,10,12,11,3,6,1,2,3
66342,2026-04-09 17:28:44,3,1,1,attack,coin,coin,gold,1,false,50000,49657809094614,97753,5,5,1,10,1,0,0,0,0,10322,45000,52,0,22.9,bonus_as10_gae1_no,107,700000,,,,,111,54,39,31,25,30,7,4,8,25,11,12,11,3,6,1,2,3
66343,2026-04-09 17:28:45,3,1,1,attack,coin,coin,gold,1,false,50000,49657809144614,97752,5,5,1,10,1,0,0,0,0,10322,45000,52,0,22.9,bonus_as10_gae1_no,107,700000,,,,,112,55,39,31,25,30,7,4,8,26,12,12,11,3,6,1,2,3
66344,2026-04-09 17:28:48,2,2,2,goldSack,goldSack,goldSack,gold,1,true,800000000,49658609144614,97352,5,5,400,10,0,0,0,0,0,10322,45000,52,0,22.9,bonus_as10_gae1_no,107,700000,,,,,113,55,39,31,25,30,7,4,8,27,12,12,11,3,6,1,2,3
66345,2026-04-09 17:28:52,30,2,2,accumulation,goldSack,goldSack,gold,1,false,60000000,49658669144614,96952,5,5,400,10,0,0,0,0,1,10722,45000,52,400,23.8,bonus_as10_gae1_no,107,700000,,,,"{""3d7e46c4"":""1412\/2000@m6""}",114,55,39,31,25,31,7,4,8,28,12,12,11,3,7,1,2,3
66346,2026-04-09 17:28:54,3,1,1,attack,coin,coin,gold,1,false,20000000,49658689144614,96552,5,5,400,10,1,0,0,0,0,10722,45000,52,0,23.8,bonus_as10_gae1_no,107,700000,,,,,115,56,39,31,25,31,7,4,8,29,13,12,11,3,7,1,2,3
66347,2026-04-09 17:28:55,4,6,2,steal,spins,goldSack,gold,1,false,40000000,49658729144614,96152,5,5,400,10,0,1,0,1,0,10722,45000,52,0,23.8,bonus_as10_gae1_no,107,700000,,,,,116,56,40,31,26,31,7,4,8,30,13,13,11,4,7,1,2,3
66348,2026-04-09 17:28:57,30,30,1,accumulation,accumulation,coin,gold,1,false,10000000,49658739144614,95752,5,5,400,10,0,0,0,0,2,11522,45000,52,800,25.6,bonus_as10_gae1_no,107,700000,,LongExtraDayReduced,,"{""slot_on_"":""141\/5500@m14""}",117,56,40,31,26,33,7,4,8,31,13,13,11,4,9,1,2,3
66349,2026-04-09 17:29:00,3,3,1,attack,attack,coin,gold,1,false,10000000,49658749144614,96452,5,5,400,10,2,0,0,0,0,11522,45000,52,0,25.6,bonus_as10_gae1_no,107,700000,,,,,118,58,40,31,26,33,7,4,8,32,15,13,11,4,9,1,2,3
66350,2026-04-09 17:29:02,30,30,30,accumulation,accumulation,accumulation,gold,10,true,0,49658749144614,96052,5,5,400,10,0,0,0,0,3,15522,45000,52,4000,34.5,bonus_as10_gae1_no,107,700000,LongExtraDayReduced,,,"{""slot_on_"":""541\/5500@m14"",""3d7e46c4"":""212\/2500@m7""}",119,58,40,31,26,36,7,4,8,33,15,13,11,4,12,1,2,3
66351,2026-04-09 17:29:08,4,6,2,steal,spins,goldSack,gold,1,false,100000,49658749244614,96051,5,5,1,10,0,1,0,1,0,15522,45000,52,0,34.5,bonus_as10_gae1_no,107,700000,,,,,1,0,1,0,1,0,0,0,0,34,15,14,11,5,12,1,2,3
66352,2026-04-09 17:29:08,3,3,1,attack,attack,coin,gold,1,false,25000,49658749269614,96050,5,5,1,10,2,0,0,0,0,15522,45000,52,0,34.5,bonus_as10_gae1_no,107,700000,,,,,2,2,1,0,1,0,0,0,0,35,17,14,11,5,12,1,2,3
66353,2026-04-09 17:29:09,30,2,2,accumulation,goldSack,goldSack,gold,1,false,150000,49658749419614,96049,5,5,1,10,0,0,0,0,1,15523,45000,52,1,34.5,bonus_as10_gae1_no,107,700000,,,,,3,2,1,0,1,1,0,0,0,36,17,14,11,5,13,1,2,3
66354,2026-04-09 17:29:10,4,4,4,steal,steal,steal,steal,4,true,0,49658749419614,96048,5,5,1,10,0,3,0,0,0,15523,45000,52,0,34.5,bonus_as10_gae1_no,107,700000,,,,"{""ea77ce1b"":""19\/3100@m5""}",4,2,4,0,1,1,0,1,0,37,17,17,11,5,13,1,3,3
66355,2026-04-09 17:29:15,30,2,2,accumulation,goldSack,goldSack,gold,1,false,150000,49658900589614,96047,5,5,1,10,0,0,0,0,1,15524,45000,52,1,34.5,bonus_as10_gae1_no,107,700000,,,,,5,2,4,0,1,2,0,1,0,38,17,17,11,5,14,1,3,3
66356,2026-04-09 17:29:17,30,2,2,accumulation,goldSack,goldSack,gold,1,false,150000,49658900739614,96046,5,5,1,10,0,0,0,0,1,15525,45000,52,1,34.5,bonus_as10_gae1_no,107,700000,,,,,6,2,4,0,1,3,0,1,0,39,17,17,11,5,15,1,3,3
66357,2026-04-09 17:29:18,1,5,5,coin,shield,shield,gold,1,false,25000,49658900764614,96045,5,5,1,10,0,0,2,0,0,15525,45000,52,0,34.5,bonus_as10_gae1_no,107,700000,,,,,7,2,4,2,1,3,0,1,0,40,17,17,13,5,15,1,3,3
66358,2026-04-09 17:29:18,30,2,2,accumulation,goldSack,goldSack,gold,1,false,150000,49658900914614,96044,5,5,1,10,0,0,0,0,1,15526,45000,52,1,34.5,bonus_as10_gae1_no,107,700000,,,,,8,2,4,2,1,4,0,1,0,41,17,17,13,5,16,1,3,3
66359,2026-04-09 17:29:19,5,5,5,shield,shield,shield,shield,3,true,1,49658900914614,96044,5,5,1,10,0,0,3,0,0,15526,45000,52,0,34.5,bonus_as10_gae1_no,107,700000,,,,,9,2,4,5,1,4,0,1,1,42,17,17,16,5,16,1,3,4
66360,2026-04-09 17:29:20,3,4,2,attack,steal,goldSack,gold,1,false,100000,49658901014614,96043,5,5,1,10,1,1,0,0,0,15526,45000,52,0,34.5,bonus_as10_gae1_no,107,700000,,LongExtraDayReduced,LongExtraDayReduced,"{""slot_on_"":""543\/5500@m14""}",10,3,5,5,1,4,0,1,1,43,18,18,16,5,16,1,3,4
66361,2026-04-09 17:29:21,4,6,2,steal,spins,goldSack,gold,1,false,100000,49658901114614,96042,5,5,1,10,0,1,0,1,0,15526,45000,52,0,34.5,bonus_as10_gae1_no,107,700000,,,,"{""4fdd0917"":""1251\/1600@m33""}",11,3,6,5,2,4,0,1,1,44,18,19,16,6,16,1,3,4
66362,2026-04-09 17:29:22,4,4,4,steal,steal,steal,steal,4,true,0,49658901114614,96041,5,5,1,10,0,3,0,0,0,15526,45000,52,0,34.5,bonus_as10_gae1_no,107,700000,,,,,12,3,9,5,2,4,0,2,1,45,18,22,16,6,16,1,4,4
66363,2026-04-09 17:29:27,1,1,1,coin,coin,coin,gold,1,true,250000,49659026914614,96040,5,5,1,10,0,0,0,0,0,15526,45000,52,0,34.5,bonus_as10_gae1_no,107,700000,LongExtraDayReduced,,LongExtraDayReduced,"{""slot_on_"":""545\/5500@m14""}",13,3,9,5,2,4,0,2,1,46,18,22,16,6,16,1,4,4
66364,2026-04-09 17:29:28,30,2,2,accumulation,goldSack,goldSack,gold,1,false,150000,49659027064614,96039,5,5,1,10,0,0,0,0,1,15527,45000,52,1,34.5,bonus_as10_gae1_no,107,700000,LongExtraDayReduced,,,"{""slot_on_"":""546\/5500@m14""}",14,3,9,5,2,5,0,2,1,47,18,22,16,6,17,1,4,4
66365,2026-04-09 17:29:29,3,6,2,attack,spins,goldSack,gold,1,false,100000,49659027164614,96038,5,5,1,10,1,0,0,1,0,15527,45000,52,0,34.5,bonus_as10_gae1_no,107,700000,,,,,15,4,9,5,3,5,0,2,1,48,19,22,16,7,17,1,4,4
66366,2026-04-09 17:29:30,3,1,1,attack,coin,coin,gold,1,false,50000,49659027214614,96037,5,5,1,10,1,0,0,0,0,15527,45000,52,0,34.5,bonus_as10_gae1_no,107,700000,,LongExtraDayReduced,,"{""slot_on_"":""547\/5500@m14""}",16,5,9,5,3,5,0,2,1,49,20,22,16,7,17,1,4,4
66367,2026-04-09 17:29:31,30,30,1,accumulation,accumulation,coin,gold,1,false,25000,49659027239614,96036,5,5,1,10,0,0,0,0,2,15529,45000,52,2,34.5,bonus_as10_gae1_no,107,700000,LongExtraDayReduced,LongExtraDayReduced,LongExtraDayReduced,"{""slot_on_"":""552\/5500@m14""}",17,5,9,5,3,7,0,2,1,50,20,22,16,7,19,1,4,4
66368,2026-04-09 17:29:32,30,30,1,accumulation,accumulation,coin,gold,1,false,25000,49659027264614,96035,5,5,1,10,0,0,0,0,2,15531,45000,52,2,34.5,bonus_as10_gae1_no,107,700000,,,LongExtraDayReduced,"{""slot_on_"":""553\/5500@m14""}",18,5,9,5,3,9,0,2,1,51,20,22,16,7,21,1,4,4
66369,2026-04-09 17:29:33,1,1,1,coin,coin,coin,gold,1,true,250000,49659027514614,96034,5,5,1,10,0,0,0,0,0,15531,45000,52,0,34.5,bonus_as10_gae1_no,107,700000,,LongExtraDayReduced,,"{""slot_on_"":""554\/5500@m14"",""ea77ce1b"":""20\/3100@m5""}",19,5,9,5,3,9,0,2,1,52,20,22,16,7,21,1,4,4
66370,2026-04-09 17:29:35,3,3,3,attack,attack,attack,attack,2,true,0,49659027514614,96033,5,5,1,10,3,0,0,0,0,15531,45000,52,0,34.5,bonus_as10_gae1_no,107,700000,,,,"{""3d7e46c4"":""214\/2500@m7""}",20,8,9,5,3,9,1,2,1,53,23,22,16,7,21,2,4,4
66371,2026-04-09 17:29:39,3,1,5,attack,coin,shield,gold,1,false,25000,49659036119614,96032,5,5,1,10,1,0,1,0,0,15531,45000,52,0,34.5,bonus_as10_gae1_no,107,700000,,,,,21,9,9,6,3,9,1,2,1,54,24,22,17,7,21,2,4,4
66372,2026-04-09 17:29:39,4,6,2,steal,spins,goldSack,gold,1,false,100000,49659036219614,96031,5,5,1,10,0,1,0,1,0,15531,45000,52,0,34.5,bonus_as10_gae1_no,107,700000,,,LongExtraDayReduced,"{""slot_on_"":""555\/5500@m14""}",22,9,10,6,4,9,1,2,1,55,24,23,17,8,21,2,4,4
66373,2026-04-09 17:29:40,30,2,2,accumulation,goldSack,goldSack,gold,1,false,150000,49659036369614,96030,5,5,1,10,0,0,0,0,1,15532,45000,52,1,34.5,bonus_as10_gae1_no,107,700000,,,LongExtraDayReduced,"{""slot_on_"":""556\/5500@m14""}",23,9,10,6,4,10,1,2,1,56,24,23,17,8,22,2,4,4
66374,2026-04-09 17:29:41,1,4,4,coin,steal,steal,gold,1,false,25000,49659036394614,96029,5,5,1,10,0,2,0,0,0,15532,45000,52,0,34.5,bonus_as10_gae1_no,107,700000,,,,,24,9,12,6,4,10,1,2,1,57,24,25,17,8,22,2,4,4
66375,2026-04-09 17:29:42,4,4,4,steal,steal,steal,steal,4,true,0,49659036394614,96028,5,5,1,10,0,3,0,0,0,15532,45000,52,0,34.5,bonus_as10_gae1_no,107,700000,,,,,25,9,15,6,4,10,1,3,1,58,24,28,17,8,22,2,5,4
66376,2026-04-09 17:29:47,1,4,4,coin,steal,steal,gold,1,false,25000,49659093869614,96027,5,5,1,10,0,2,0,0,0,15532,45000,52,0,34.5,bonus_as10_gae1_no,107,700000,,,,,26,9,17,6,4,10,1,3,1,59,24,30,17,8,22,2,5,4
66377,2026-04-09 17:29:49,5,5,5,shield,shield,shield,shield,3,true,1,49659093869614,96027,5,5,1,10,0,0,3,0,0,15532,45000,52,0,34.5,bonus_as10_gae1_no,107,700000,,,,,27,9,17,9,4,10,1,3,2,60,24,30,20,8,22,2,5,5
66378,2026-04-09 17:29:50,30,30,1,accumulation,accumulation,coin,gold,1,false,25000,49659093894614,96026,5,5,1,10,0,0,0,0,2,15534,45000,52,2,34.5,bonus_as10_gae1_no,107,700000,,,,,28,9,17,9,4,12,1,3,2,61,24,30,20,8,24,2,5,5
66379,2026-04-09 17:29:51,30,30,1,accumulation,accumulation,coin,gold,1,false,25000,49659093919614,96025,5,5,1,10,0,0,0,0,2,15536,45000,52,2,34.5,bonus_as10_gae1_no,107,700000,,,,,29,9,17,9,4,14,1,3,2,62,24,30,20,8,26,2,5,5
66380,2026-04-09 17:29:52,3,5,2,attack,shield,goldSack,gold,1,false,100000,49659094019614,96024,5,5,1,10,1,0,1,0,0,15536,45000,52,0,34.5,bonus_as10_gae1_no,107,700000,,,,,30,10,17,10,4,14,1,3,2,63,25,30,21,8,26,2,5,5
66381,2026-04-09 17:29:52,2,2,2,goldSack,goldSack,goldSack,gold,1,true,2000000,49659096019614,96023,5,5,1,10,0,0,0,0,0,15536,45000,52,0,34.5,bonus_as10_gae1_no,107,700000,,,,,31,10,17,10,4,14,1,3,2,64,25,30,21,8,26,2,5,5
66382,2026-04-09 17:29:54,3,1,1,attack,coin,coin,gold,1,false,50000,49659096069614,96022,5,5,1,10,1,0,0,0,0,15536,45000,52,0,34.5,bonus_as10_gae1_no,107,700000,,,,,32,11,17,10,4,14,1,3,2,65,26,30,21,8,26,2,5,5
66383,2026-04-09 17:29:54,4,6,2,steal,spins,goldSack,gold,1,false,100000,49659096169614,96021,5,5,1,10,0,1,0,1,0,15536,45000,52,0,34.5,bonus_as10_gae1_no,107,700000,,,,,33,11,18,10,5,14,1,3,2,66,26,31,21,9,26,2,5,5
66384,2026-04-09 17:29:55,2,2,2,goldSack,goldSack,goldSack,gold,1,true,2000000,49659098169614,96020,5,5,1,10,0,0,0,0,0,15536,45000,52,0,34.5,bonus_as10_gae1_no,107,700000,,,,"{""3d7e46c4"":""216\/2500@m7"",""4fdd0917"":""1253\/1600@m33""}",34,11,18,10,5,14,1,3,2,67,26,31,21,9,26,2,5,5
66385,2026-04-09 17:29:56,5,5,5,shield,shield,shield,shield,3,true,1,49659098169614,96020,5,5,1,10,0,0,3,0,0,15536,45000,52,0,34.5,bonus_as10_gae1_no,107,700000,,,,,35,11,18,13,5,14,1,3,3,68,26,31,24,9,26,2,5,6
66386,2026-04-09 17:29:57,3,1,5,attack,coin,shield,gold,1,false,25000,49659098194614,96019,5,5,1,10,1,0,1,0,0,15536,45000,52,0,34.5,bonus_as10_gae1_no,107,700000,,,,,36,12,18,14,5,14,1,3,3,69,27,31,25,9,26,2,5,6
66387,2026-04-09 17:29:58,4,6,2,steal,spins,goldSack,gold,1,false,100000,49659098294614,96018,5,5,1,10,0,1,0,1,0,15536,45000,52,0,34.5,bonus_as10_gae1_no,107,700000,,,,,37,12,19,14,6,14,1,3,3,70,27,32,25,10,26,2,5,6
66388,2026-04-09 17:29:59,3,3,3,attack,attack,attack,attack,2,true,0,49659098294614,96017,5,5,1,10,3,0,0,0,0,15536,45000,52,0,34.5,bonus_as10_gae1_no,107,700000,,,,,38,15,19,14,6,14,2,3,3,71,30,32,25,10,26,3,5,6
66389,2026-04-09 17:30:02,1,1,1,coin,coin,coin,gold,1,true,250000,49659107124614,96016,5,5,1,10,0,0,0,0,0,15536,45000,52,0,34.5,bonus_as10_gae1_no,107,700000,,LongExtraDayReduced,,"{""slot_on_"":""557\/5500@m14""}",39,15,19,14,6,14,2,3,3,72,30,32,25,10,26,3,5,6
66390,2026-04-09 17:30:03,3,3,1,attack,attack,coin,gold,1,false,25000,49659107149614,96015,5,5,1,10,2,0,0,0,0,15536,45000,52,0,34.5,bonus_as10_gae1_no,107,700000,,,,"{""ea77ce1b"":""21\/3100@m5""}",40,17,19,14,6,14,2,3,3,73,32,32,25,10,26,3,5,6
66391,2026-04-09 17:30:04,30,2,2,accumulation,goldSack,goldSack,gold,1,false,150000,49659107299614,96014,5,5,1,10,0,0,0,0,1,15537,45000,52,1,34.5,bonus_as10_gae1_no,107,700000,,,,,41,17,19,14,6,15,2,3,3,74,32,32,25,10,27,3,5,6
66392,2026-04-09 17:30:05,5,5,5,shield,shield,shield,shield,3,true,1,49659107299614,96014,5,5,1,10,0,0,3,0,0,15537,45000,52,0,34.5,bonus_as10_gae1_no,107,700000,,LongExtraDayReduced,LongExtraDayReduced,"{""slot_on_"":""559\/5500@m14""}",42,17,19,17,6,15,2,3,4,75,32,32,28,10,27,3,5,7
66393,2026-04-09 17:30:06,3,1,1,attack,coin,coin,gold,1,false,50000,49659107349614,96013,5,5,1,10,1,0,0,0,0,15537,45000,52,0,34.5,bonus_as10_gae1_no,107,700000,,,,,43,18,19,17,6,15,2,3,4,76,33,32,28,10,27,3,5,7
66394,2026-04-09 17:30:07,30,2,2,accumulation,goldSack,goldSack,gold,1,false,150000,49659107499614,96012,5,5,1,10,0,0,0,0,1,15538,45000,52,1,34.5,bonus_as10_gae1_no,107,700000,,,,,44,18,19,17,6,16,2,3,4,77,33,32,28,10,28,3,5,7
66395,2026-04-09 17:30:08,6,6,6,spins,spins,spins,spins,5,true,10,49659107499614,96021,5,5,1,10,0,0,0,3,0,15538,45000,52,0,34.5,bonus_as10_gae1_no,107,700000,,,,,45,18,19,17,9,16,2,3,4,78,33,32,28,13,28,3,5,7
66396,2026-04-09 17:30:09,3,1,1,attack,coin,coin,gold,1,false,50000,49659107549614,96020,5,5,1,10,1,0,0,0,0,15538,45000,52,0,34.5,bonus_as10_gae1_no,107,700000,,,,"{""3d7e46c4"":""218\/2500@m7""}",46,19,19,17,9,16,2,3,4,1,1,0,0,0,0,0,0,0
66397,2026-04-09 17:30:10,30,2,2,accumulation,goldSack,goldSack,gold,1,false,150000,49659107699614,96019,5,5,1,10,0,0,0,0,1,15539,45000,52,1,34.5,bonus_as10_gae1_no,107,700000,,,,,47,19,19,17,9,17,2,3,4,2,1,0,0,0,1,0,0,0
66398,2026-04-09 17:30:11,30,2,2,accumulation,goldSack,goldSack,gold,1,false,150000,49659107849614,96018,5,5,1,10,0,0,0,0,1,15540,45000,52,1,34.5,bonus_as10_gae1_no,107,700000,,,,,48,19,19,17,9,18,2,3,4,3,1,0,0,0,2,0,0,0
66399,2026-04-09 17:30:12,4,6,2,steal,spins,goldSack,gold,1,false,100000,49659107949614,96017,5,5,1,10,0,1,0,1,0,15540,45000,52,0,34.5,bonus_as10_gae1_no,107,700000,,,,,49,19,20,17,10,18,2,3,4,4,1,1,0,1,2,0,0,0
66400,2026-04-09 17:30:12,4,6,2,steal,spins,goldSack,gold,1,false,100000,49659108049614,96016,5,5,1,10,0,1,0,1,0,15540,45000,52,0,34.5,bonus_as10_gae1_no,107,700000,LongExtraDayReduced,LongExtraDayReduced,,"{""slot_on_"":""561\/5500@m14"",""ea77ce1b"":""22\/3100@m5""}",50,19,21,17,11,18,2,3,4,5,1,2,0,2,2,0,0,0
66401,2026-04-09 17:30:13,1,4,4,coin,steal,steal,gold,1,false,25000,49659108074614,96015,5,5,1,10,0,2,0,0,0,15540,45000,52,0,34.5,bonus_as10_gae1_no,107,700000,,,,,51,19,23,17,11,18,2,3,4,6,1,4,0,2,2,0,0,0
66402,2026-04-09 17:30:14,3,3,3,attack,attack,attack,attack,2,true,0,49659108074614,96014,5,5,1,10,3,0,0,0,0,15540,45000,52,0,34.5,bonus_as10_gae1_no,107,700000,,LongExtraDayReduced,,"{""slot_on_"":""562\/5500@m14""}",52,22,23,17,11,18,3,3,4,7,4,4,0,2,2,1,0,0
66403,2026-04-09 17:30:20,4,6,2,steal,spins,goldSack,gold,1,false,100000,49659116754614,96013,5,5,1,10,0,1,0,1,0,15540,45000,52,0,34.5,bonus_as10_gae1_no,107,700000,,,LongExtraDayReduced,"{""slot_on_"":""563\/5500@m14""}",53,22,24,17,12,18,3,3,4,8,4,5,0,3,2,1,0,0
66404,2026-04-09 17:30:21,3,1,1,attack,coin,coin,gold,1,false,50000,49659116804614,96012,5,5,1,10,1,0,0,0,0,15540,45000,52,0,34.5,bonus_as10_gae1_no,107,700000,,,,"{""4fdd0917"":""1255\/1600@m33""}",54,23,24,17,12,18,3,3,4,9,5,5,0,3,2,1,0,0
66405,2026-04-09 17:30:21,3,3,1,attack,attack,coin,gold,1,false,25000,49659116829614,96011,5,5,1,10,2,0,0,0,0,15540,45000,52,0,34.5,bonus_as10_gae1_no,107,700000,,,,,55,25,24,17,12,18,3,3,4,10,7,5,0,3,2,1,0,0
66406,2026-04-09 17:30:22,4,6,2,steal,spins,goldSack,gold,1,false,100000,49659116929614,96010,5,5,1,10,0,1,0,1,0,15540,45000,52,0,34.5,bonus_as10_gae1_no,107,700000,,,,,56,25,25,17,13,18,3,3,4,11,7,6,0,4,2,1,0,0
66407,2026-04-09 17:30:23,3,3,3,attack,attack,attack,attack,2,true,0,49659116929614,96009,5,5,1,10,3,0,0,0,0,15540,45000,52,0,34.5,bonus_as10_gae1_no,107,700000,LongExtraDayReduced,,LongExtraDayReduced,"{""slot_on_"":""565\/5500@m14""}",57,28,25,17,13,18,4,3,4,12,10,6,0,4,2,2,0,0
66408,2026-04-09 17:30:33,3,4,2,attack,steal,goldSack,gold,1,false,100000,49659125609614,96008,5,5,1,10,1,1,0,0,0,15540,45000,52,0,34.5,bonus_as10_gae1_no,107,700000,,,,,58,29,26,17,13,18,4,3,4,13,11,7,0,4,2,2,0,0
66409,2026-04-09 17:30:33,4,6,2,steal,spins,goldSack,gold,1,false,100000,49659125709614,96007,5,5,1,10,0,1,0,1,0,15540,45000,52,0,34.5,bonus_as10_gae1_no,107,700000,,,,,59,29,27,17,14,18,4,3,4,14,11,8,0,5,2,2,0,0
66410,2026-04-09 17:30:34,3,1,1,attack,coin,coin,gold,1,false,50000,49659125759614,96006,5,5,1,10,1,0,0,0,0,15540,45000,52,0,34.5,bonus_as10_gae1_no,107,700000,,,LongExtraDayReduced,"{""slot_on_"":""566\/5500@m14""}",60,30,27,17,14,18,4,3,4,15,12,8,0,5,2,2,0,0
66411,2026-04-09 17:30:35,3,1,1,attack,coin,coin,gold,1,false,50000,49659125809614,96005,5,5,1,10,1,0,0,0,0,15540,45000,52,0,34.5,bonus_as10_gae1_no,107,700000,,,,"{""3d7e46c4"":""220\/2500@m7""}",61,31,27,17,14,18,4,3,4,16,13,8,0,5,2,2,0,0
66412,2026-04-09 17:30:36,6,6,6,spins,spins,spins,spins,5,true,10,49659125809614,96014,5,5,1,10,0,0,0,3,0,15540,45000,52,0,34.5,bonus_as10_gae1_no,107,700000,,,,,62,31,27,17,17,18,4,3,4,17,13,8,0,8,2,2,0,0
66413,2026-04-09 17:30:37,2,2,2,goldSack,goldSack,goldSack,gold,1,true,2000000,49659127809614,96013,5,5,1,10,0,0,0,0,0,15540,45000,52,0,34.5,bonus_as10_gae1_no,107,700000,,,LongExtraDayReduced,"{""slot_on_"":""567\/5500@m14""}",63,31,27,17,17,18,4,3,4,1,0,0,0,0,0,0,0,0
66414,2026-04-09 17:30:38,1,4,4,coin,steal,steal,gold,1,false,25000,49659127834614,96012,5,5,1,10,0,2,0,0,0,15540,45000,52,0,34.5,bonus_as10_gae1_no,107,700000,,,,,64,31,29,17,17,18,4,3,4,2,0,2,0,0,0,0,0,0
66415,2026-04-09 17:30:39,2,2,2,goldSack,goldSack,goldSack,gold,1,true,2000000,49659129834614,96011,5,5,1,10,0,0,0,0,0,15540,45000,52,0,34.5,bonus_as10_gae1_no,107,700000,,,,,65,31,29,17,17,18,4,3,4,3,0,2,0,0,0,0,0,0
66416,2026-04-09 17:30:40,3,3,3,attack,attack,attack,attack,2,true,0,49659129834614,96010,5,5,1,10,3,0,0,0,0,15540,45000,52,0,34.5,bonus_as10_gae1_no,107,700000,,,,,66,34,29,17,17,18,5,3,4,4,3,2,0,0,0,1,0,0
66417,2026-04-09 17:30:46,30,2,2,accumulation,goldSack,goldSack,gold,1,false,150000,49659138564614,96009,5,5,1,10,0,0,0,0,1,15541,45000,52,1,34.5,bonus_as10_gae1_no,107,700000,,,,"{""ea77ce1b"":""23\/3100@m5""}",67,34,29,17,17,19,5,3,4,5,3,2,0,0,1,1,0,0
66418,2026-04-09 17:30:47,2,2,2,goldSack,goldSack,goldSack,gold,1,true,2000000,49659140564614,96008,5,5,1,10,0,0,0,0,0,15541,45000,52,0,34.5,bonus_as10_gae1_no,107,700000,LongExtraDayReduced,,,"{""slot_on_"":""568\/5500@m14""}",68,34,29,17,17,19,5,3,4,6,3,2,0,0,1,1,0,0
66419,2026-04-09 17:30:50,5,2,2,shield,goldSack,goldSack,gold,1,false,150000,49659140714614,96007,5,5,1,10,0,0,1,0,0,15541,45000,52,0,34.5,bonus_as10_gae1_no,107,700000,,,,,69,34,29,18,17,19,5,3,4,7,3,2,1,0,1,1,0,0
66420,2026-04-09 17:31:00,2,2,2,goldSack,goldSack,goldSack,gold,1,true,2000000,49659142714614,96006,5,5,1,10,0,0,0,0,0,15541,45000,52,0,34.5,bonus_as10_gae1_no,107,700000,LongExtraDayReduced,,,"{""slot_on_"":""569\/5500@m14""}",70,34,29,18,17,19,5,3,4,8,3,2,1,0,1,1,0,0
66421,2026-04-09 17:31:03,4,6,2,steal,spins,goldSack,gold,1,false,100000,49659142814614,96005,5,5,1,10,0,1,0,1,0,15541,45000,52,0,34.5,bonus_as10_gae1_no,107,700000,,,,,71,34,30,18,18,19,5,3,4,9,3,3,1,1,1,1,0,0
66422,2026-04-09 17:31:04,3,1,1,attack,coin,coin,gold,1,false,50000,49659142864614,96004,5,5,1,10,1,0,0,0,0,15541,45000,52,0,34.5,bonus_as10_gae1_no,107,700000,,,,,72,35,30,18,18,19,5,3,4,10,4,3,1,1,1,1,0,0
66423,2026-04-09 17:31:05,3,4,2,attack,steal,goldSack,gold,1,false,100000,49659142964614,96003,5,5,1,10,1,1,0,0,0,15541,45000,52,0,34.5,bonus_as10_gae1_no,107,700000,LongExtraDayReduced,,,"{""slot_on_"":""570\/5500@m14""}",73,36,31,18,18,19,5,3,4,11,5,4,1,1,1,1,0,0
66424,2026-04-09 17:31:07,1,1,1,coin,coin,coin,gold,1,true,250000,49659143214614,96002,5,5,1,10,0,0,0,0,0,15541,45000,52,0,34.5,bonus_as10_gae1_no,107,700000,,,,"{""3d7e46c4"":""222\/2500@m7""}",74,36,31,18,18,19,5,3,4,12,5,4,1,1,1,1,0,0
66425,2026-04-09 17:31:14,2,2,2,goldSack,goldSack,goldSack,gold,1,true,2000000,49659145214614,96001,5,5,1,10,0,0,0,0,0,15541,45000,52,0,34.5,bonus_as10_gae1_no,107,700000,,,,,75,36,31,18,18,19,5,3,4,13,5,4,1,1,1,1,0,0
66426,2026-04-09 17:31:19,30,2,2,accumulation,goldSack,goldSack,gold,1,false,150000,49659145364614,96000,5,5,1,10,0,0,0,0,1,15542,45000,52,1,34.5,bonus_as10_gae1_no,107,700000,,,,,76,36,31,18,18,20,5,3,4,14,5,4,1,1,2,1,0,0
66427,2026-04-09 17:31:24,4,6,2,steal,spins,goldSack,gold,1,false,100000,49659145464614,95999,5,5,1,10,0,1,0,1,0,15542,45000,52,0,34.5,bonus_as10_gae1_no,107,700000,,,,,77,36,32,18,19,20,5,3,4,15,5,5,1,2,2,1,0,0
66428,2026-04-09 17:31:25,3,6,2,attack,spins,goldSack,gold,1,false,100000,49659145564614,95998,5,5,1,10,1,0,0,1,0,15542,45000,52,0,34.5,bonus_as10_gae1_no,107,700000,,,,"{""3d7e46c4"":""224\/2500@m7""}",78,37,32,18,20,20,5,3,4,16,6,5,1,3,2,1,0,0
66429,2026-04-09 17:31:26,1,1,1,coin,coin,coin,gold,1,true,250000,49659145814614,95997,5,5,1,10,0,0,0,0,0,15542,45000,52,0,34.5,bonus_as10_gae1_no,107,700000,,,,"{""4fdd0917"":""1257\/1600@m33""}",79,37,32,18,20,20,5,3,4,17,6,5,1,3,2,1,0,0
66430,2026-04-09 17:31:29,1,6,6,coin,spins,spins,gold,1,false,25000,49659145839614,95996,5,5,1,10,0,0,0,2,0,15542,45000,52,0,34.5,bonus_as10_gae1_no,107,700000,,LongExtraDayReduced,,"{""slot_on_"":""571\/5500@m14""}",80,37,32,18,22,20,5,3,4,18,6,5,1,5,2,1,0,0
66431,2026-04-09 17:31:30,4,6,2,steal,spins,goldSack,gold,1,false,100000,49659145939614,95995,5,5,1,10,0,1,0,1,0,15542,45000,52,0,34.5,bonus_as10_gae1_no,107,700000,,,,,81,37,33,18,23,20,5,3,4,19,6,6,1,6,2,1,0,0
66432,2026-04-09 17:31:33,3,4,2,attack,steal,goldSack,gold,1,false,100000,49659146039614,95994,5,5,1,10,1,1,0,0,0,15542,45000,52,0,34.5,bonus_as10_gae1_no,107,700000,LongExtraDayReduced,,,"{""slot_on_"":""572\/5500@m14""}",82,38,34,18,23,20,5,3,4,20,7,7,1,6,2,1,0,0
66433,2026-04-09 17:31:35,3,3,3,attack,attack,attack,attack,2,true,0,49659146039614,95993,5,5,1,10,3,0,0,0,0,15542,45000,52,0,34.5,bonus_as10_gae1_no,107,700000,,,,,83,41,34,18,23,20,6,3,4,21,10,7,1,6,2,2,0,0
66434,2026-04-09 17:31:43,30,2,2,accumulation,goldSack,goldSack,gold,1,false,150000,49659154769614,95992,5,5,1,10,0,0,0,0,1,15543,45000,52,1,34.5,bonus_as10_gae1_no,107,700000,,LongExtraDayReduced,,"{""slot_on_"":""573\/5500@m14""}",84,41,34,18,23,21,6,3,4,22,10,7,1,6,3,2,0,0
66435,2026-04-09 17:31:45,30,2,2,accumulation,goldSack,goldSack,gold,1,false,150000,49659154919614,95991,5,5,1,10,0,0,0,0,1,15544,45000,52,1,34.5,bonus_as10_gae1_no,107,700000,,,,"{""3d7e46c4"":""226\/2500@m7""}",85,41,34,18,23,22,6,3,4,23,10,7,1,6,4,2,0,0
66436,2026-04-09 17:31:51,1,4,6,coin,steal,spins,gold,1,false,10000000,49659164919614,95591,5,5,400,10,0,1,0,1,0,15544,45000,52,0,34.5,bonus_as10_gae1_no,107,700000,,LongExtraDayReduced,,"{""slot_on_"":""973\/5500@m14""}",86,41,35,18,24,22,6,3,4,24,10,8,1,7,4,2,0,0
66437,2026-04-09 17:31:53,30,2,2,accumulation,goldSack,goldSack,gold,1,false,60000000,49659224919614,95191,5,5,400,10,0,0,0,0,1,15944,45000,52,400,35.4,bonus_as10_gae1_no,107,700000,,,,"{""ea77ce1b"":""423\/3100@m5""}",87,41,35,18,24,23,6,3,4,25,10,8,1,7,5,2,0,0
66438,2026-04-09 17:31:54,3,4,2,attack,steal,goldSack,gold,1,false,40000000,49659264919614,94791,5,5,400,10,1,1,0,0,0,15944,45000,52,0,35.4,bonus_as10_gae1_no,107,700000,,,,,88,42,36,18,24,23,6,3,4,26,11,9,1,7,5,2,0,0
66439,2026-04-09 17:31:56,1,4,6,coin,steal,spins,gold,1,false,10000000,49659274919614,94391,5,5,400,10,0,1,0,1,0,15944,45000,52,0,35.4,bonus_as10_gae1_no,107,700000,LongExtraDayReduced,,,"{""slot_on_"":""1373\/5500@m14""}",89,42,37,18,25,23,6,3,4,27,11,10,1,8,5,2,0,0
66440,2026-04-09 17:31:57,2,2,2,goldSack,goldSack,goldSack,gold,1,true,800000000,49660074919614,93991,5,5,400,10,0,0,0,0,0,15944,45000,52,0,35.4,bonus_as10_gae1_no,107,700000,,LongExtraDayReduced,,"{""slot_on_"":""1773\/5500@m14""}",90,42,37,18,25,23,6,3,4,28,11,10,1,8,5,2,0,0
66441,2026-04-09 17:31:59,1,1,1,coin,coin,coin,gold,1,true,100000000,49660174919614,93591,5,5,400,10,0,0,0,0,0,15944,45000,52,0,35.4,bonus_as10_gae1_no,107,700000,,,,,91,42,37,18,25,23,6,3,4,29,11,10,1,8,5,2,0,0
66442,2026-04-09 17:32:01,3,3,3,attack,attack,attack,attack,2,true,0,49660174919614,92091,5,5,1500,10,3,0,0,0,0,15944,45000,52,0,35.4,bonus_as10_gae1_no,107,700000,,,,,92,45,37,18,25,23,7,3,4,30,14,10,1,8,5,3,0,0
66443,2026-04-09 17:32:07,30,2,2,accumulation,goldSack,goldSack,gold,1,false,300000,49699175219614,92089,5,5,2,10,0,0,0,0,1,15946,45000,52,2,35.4,bonus_as10_gae1_no,107,700000,,,,,93,45,37,18,25,24,7,3,4,31,14,10,1,8,6,3,0,0
66444,2026-04-09 17:32:10,1,1,4,coin,coin,steal,gold,1,false,100000,49699175319614,92087,5,5,2,10,0,1,0,0,0,15946,45000,52,0,35.4,bonus_as10_gae1_no,107,700000,LongExtraDayReduced,,LongExtraDayReduced,"{""slot_on_"":""1777\/5500@m14"",""4fdd0917"":""1261\/1600@m33""}",94,45,38,18,25,24,7,3,4,32,14,11,1,8,6,3,0,0
66445,2026-04-09 17:32:12,30,30,1,accumulation,accumulation,coin,gold,1,false,50000,49699175369614,92085,5,5,2,10,0,0,0,0,2,15950,45000,52,4,35.4,bonus_as10_gae1_no,107,700000,,,LongExtraDayReduced,"{""slot_on_"":""1779\/5500@m14""}",95,45,38,18,25,26,7,3,4,33,14,11,1,8,8,3,0,0
66446,2026-04-09 17:32:14,3,6,2,attack,spins,goldSack,gold,1,false,200000,49699175569614,92083,5,5,2,10,1,0,0,1,0,15950,45000,52,0,35.4,bonus_as10_gae1_no,107,700000,,,LongExtraDayReduced,"{""slot_on_"":""1781\/5500@m14""}",96,46,38,18,26,26,7,3,4,34,15,11,1,9,8,3,0,0
66447,2026-04-09 17:32:15,1,1,1,coin,coin,coin,gold,1,true,500000,49699176069614,92081,5,5,2,10,0,0,0,0,0,15950,45000,52,0,35.4,bonus_as10_gae1_no,107,700000,,,,"{""ea77ce1b"":""425\/3100@m5""}",97,46,38,18,26,26,7,3,4,35,15,11,1,9,8,3,0,0
66448,2026-04-09 17:32:17,3,3,1,attack,attack,coin,gold,1,false,50000,49699176119614,92079,5,5,2,10,2,0,0,0,0,15950,45000,52,0,35.4,bonus_as10_gae1_no,107,700000,,,,,98,48,38,18,26,26,7,3,4,36,17,11,1,9,8,3,0,0
66449,2026-04-09 17:32:21,3,1,4,attack,coin,steal,gold,1,false,50000,49699176169614,92077,5,5,2,10,1,1,0,0,0,15950,45000,52,0,35.4,bonus_as10_gae1_no,107,700000,,,,,99,49,39,18,26,26,7,3,4,37,18,12,1,9,8,3,0,0
66450,2026-04-09 17:32:22,5,5,5,shield,shield,shield,shield,3,true,2,49699176169614,92077,5,5,2,10,0,0,3,0,0,15950,45000,52,0,35.4,bonus_as10_gae1_no,107,700000,,,,,100,49,39,21,26,26,7,3,5,38,18,12,4,9,8,3,0,1
66451,2026-04-09 17:32:25,6,6,2,spins,spins,goldSack,gold,1,false,200000,49699176369614,92075,5,5,2,10,0,0,0,2,0,15950,45000,52,0,35.4,bonus_as10_gae1_no,107,700000,,,,,101,49,39,21,28,26,7,3,5,39,18,12,4,11,8,3,0,1
66452,2026-04-09 17:32:27,30,2,2,accumulation,goldSack,goldSack,gold,1,false,300000,49699176669614,92073,5,5,2,10,0,0,0,0,1,15952,45000,52,2,35.4,bonus_as10_gae1_no,107,700000,,,,"{""3d7e46c4"":""230\/2500@m7""}",102,49,39,21,28,27,7,3,5,40,18,12,4,11,9,3,0,1
66453,2026-04-09 17:32:28,3,3,3,attack,attack,attack,attack,2,true,0,49699176669614,92071,5,5,2,10,3,0,0,0,0,15952,45000,52,0,35.4,bonus_as10_gae1_no,107,700000,,,,,103,52,39,21,28,27,8,3,5,41,21,12,4,11,9,4,0,1
66454,2026-04-09 17:32:33,30,30,1,accumulation,accumulation,coin,gold,1,false,50000,49699193879614,92069,5,5,2,10,0,0,0,0,2,15956,45000,52,4,35.5,bonus_as10_gae1_no,107,700000,,,,,104,52,39,21,28,29,8,3,5,42,21,12,4,11,11,4,0,1
66455,2026-04-09 17:32:35,30,30,1,accumulation,accumulation,coin,gold,1,false,50000,49699193929614,92067,5,5,2,10,0,0,0,0,2,15960,45000,52,4,35.5,bonus_as10_gae1_no,107,700000,,LongExtraDayReduced,,"{""slot_on_"":""1783\/5500@m14""}",105,52,39,21,28,31,8,3,5,43,21,12,4,11,13,4,0,1
66456,2026-04-09 17:32:40,3,5,2,attack,shield,goldSack,gold,1,false,40000000,49699233929614,91667,5,5,400,10,1,0,1,0,0,15960,45000,52,0,35.5,bonus_as10_gae1_no,107,700000,,,,,106,53,39,22,28,31,8,3,5,44,22,12,5,11,13,4,0,1
66457,2026-04-09 17:32:42,30,2,2,accumulation,goldSack,goldSack,gold,1,false,60000000,49699293929614,91267,5,5,400,10,0,0,0,0,1,16360,45000,52,400,36.4,bonus_as10_gae1_no,107,700000,,,LongExtraDayReduced,"{""slot_on_"":""2183\/5500@m14"",""ea77ce1b"":""825\/3100@m5""}",107,53,39,22,28,32,8,3,5,45,22,12,5,11,14,4,0,1
66458,2026-04-09 17:32:44,3,3,3,attack,attack,attack,attack,2,true,0,49699293929614,90867,5,5,400,10,3,0,0,0,0,16360,45000,52,0,36.4,bonus_as10_gae1_no,107,700000,,,,,108,56,39,22,28,32,9,3,5,46,25,12,5,11,14,5,0,1
66459,2026-04-09 17:32:54,3,3,3,attack,attack,attack,attack,2,true,0,49709693929614,90866,5,5,1,10,3,0,0,0,0,16360,45000,52,0,36.4,bonus_as10_gae1_no,107,700000,,,,,109,59,39,22,28,32,10,3,5,47,28,12,5,11,14,6,0,1
66460,2026-04-09 17:33:03,1,6,6,coin,spins,spins,gold,1,false,10000000,49709729929614,90466,5,5,400,10,0,0,0,2,0,16360,45000,52,0,36.4,bonus_as10_gae1_no,107,700000,LongExtraDayReduced,,,"{""slot_on_"":""2583\/5500@m14""}",110,59,39,22,30,32,10,3,5,48,28,12,5,13,14,6,0,1
66461,2026-04-09 17:33:04,3,6,2,attack,spins,goldSack,gold,1,false,40000000,49709769929614,90066,5,5,400,10,1,0,0,1,0,16360,45000,52,0,36.4,bonus_as10_gae1_no,107,700000,,LongExtraDayReduced,,"{""slot_on_"":""2983\/5500@m14"",""3d7e46c4"":""1030\/2500@m7""}",111,60,39,22,31,32,10,3,5,49,29,12,5,14,14,6,0,1
66462,2026-04-09 17:33:05,30,30,2,accumulation,accumulation,goldSack,gold,1,false,40000000,49709809929614,89666,5,5,400,10,0,0,0,0,2,17160,45000,52,800,38.1,bonus_as10_gae1_no,107,700000,,,,,112,60,39,22,31,34,10,3,5,50,29,12,5,14,16,6,0,1
66463,2026-04-09 17:33:07,5,5,5,shield,shield,shield,shield,3,true,400,49709809929614,89666,5,5,400,10,0,0,3,0,0,17160,45000,52,0,38.1,bonus_as10_gae1_no,107,700000,,,,,113,60,39,25,31,34,10,3,6,51,29,12,8,14,16,6,0,2
66464,2026-04-09 17:33:10,3,3,2,attack,attack,goldSack,gold,1,false,100000,49709810029614,89665,5,5,1,10,2,0,0,0,0,17160,45000,52,0,38.1,bonus_as10_gae1_no,107,700000,,,,,114,62,39,25,31,34,10,3,6,52,31,12,8,14,16,6,0,2
66465,2026-04-09 17:33:11,3,1,4,attack,coin,steal,gold,1,false,25000,49709810054614,89664,5,5,1,10,1,1,0,0,0,17160,45000,52,0,38.1,bonus_as10_gae1_no,107,700000,,,,"{""4fdd0917"":""1263\/1600@m33""}",115,63,40,25,31,34,10,3,6,53,32,13,8,14,16,6,0,2
66466,2026-04-09 17:33:12,4,4,2,steal,steal,goldSack,gold,1,false,100000,49709810154614,89663,5,5,1,10,0,2,0,0,0,17160,45000,52,0,38.1,bonus_as10_gae1_no,107,700000,,,,,116,63,42,25,31,34,10,3,6,54,32,15,8,14,16,6,0,2
66467,2026-04-09 17:33:13,3,5,2,attack,shield,goldSack,gold,1,false,100000,49709810254614,89662,5,5,1,10,1,0,1,0,0,17160,45000,52,0,38.1,bonus_as10_gae1_no,107,700000,,,,,117,64,42,26,31,34,10,3,6,55,33,15,9,14,16,6,0,2
66468,2026-04-09 17:33:15,1,6,6,coin,spins,spins,gold,1,false,25000,49709810279614,89661,5,5,1,10,0,0,0,2,0,17160,45000,52,0,38.1,bonus_as10_gae1_no,107,700000,,,,,118,64,42,26,33,34,10,3,6,56,33,15,9,16,16,6,0,2
66469,2026-04-09 17:33:16,30,2,2,accumulation,goldSack,goldSack,gold,1,false,150000,49709810429614,89660,5,5,1,10,0,0,0,0,1,17161,45000,52,1,38.1,bonus_as10_gae1_no,107,700000,,,,,119,64,42,26,33,35,10,3,6,57,33,15,9,16,17,6,0,2
66470,2026-04-09 17:33:18,1,1,1,coin,coin,coin,gold,1,true,250000,49709810679614,89659,5,5,1,10,0,0,0,0,0,17161,45000,52,0,38.1,bonus_as10_gae1_no,107,700000,LongExtraDayReduced,,LongExtraDayReduced,"{""slot_on_"":""2985\/5500@m14""}",120,64,42,26,33,35,10,3,6,58,33,15,9,16,17,6,0,2
66471,2026-04-09 17:33:19,1,1,1,coin,coin,coin,gold,1,true,250000,49709810929614,89658,5,5,1,10,0,0,0,0,0,17161,45000,52,0,38.1,bonus_as10_gae1_no,107,700000,,,,,121,64,42,26,33,35,10,3,6,59,33,15,9,16,17,6,0,2
66472,2026-04-09 17:33:23,30,30,2,accumulation,accumulation,goldSack,gold,1,false,40000000,49709850929614,89258,5,5,400,10,0,0,0,0,2,17961,45000,52,800,39.9,bonus_as10_gae1_no,107,700000,,,,,122,64,42,26,33,37,10,3,6,60,33,15,9,16,19,6,0,2
66473,2026-04-09 17:33:25,4,4,2,steal,steal,goldSack,gold,1,false,40000000,49709890929614,88858,5,5,400,10,0,2,0,0,0,17961,45000,52,0,39.9,bonus_as10_gae1_no,107,700000,,,,,123,64,44,26,33,37,10,3,6,61,33,17,9,16,19,6,0,2
66474,2026-04-09 17:33:27,30,2,2,accumulation,goldSack,goldSack,gold,1,false,60000000,49709950929614,88458,5,5,400,10,0,0,0,0,1,18361,45000,52,400,40.8,bonus_as10_gae1_no,107,700000,,,,,124,64,44,26,33,38,10,3,6,62,33,17,9,16,20,6,0,2
66475,2026-04-09 17:33:28,3,3,3,attack,attack,attack,attack,2,true,0,49709950929614,88058,5,5,400,10,3,0,0,0,0,18361,45000,52,0,40.8,bonus_as10_gae1_no,107,700000,,,,"{""ea77ce1b"":""1225\/3100@m5""}",125,67,44,26,33,38,11,3,6,63,36,17,9,16,20,7,0,2
66476,2026-04-09 17:33:34,30,2,2,accumulation,goldSack,goldSack,gold,1,false,150000,49720351079614,88057,5,5,1,10,0,0,0,0,1,18362,45000,52,1,40.8,bonus_as10_gae1_no,107,700000,,LongExtraDayReduced,LongExtraDayReduced,"{""slot_on_"":""2987\/5500@m14""}",126,67,44,26,33,39,11,3,6,64,36,17,9,16,21,7,0,2
66477,2026-04-09 17:33:36,30,30,30,accumulation,accumulation,accumulation,gold,10,true,0,49720351079614,88056,5,5,1,10,0,0,0,0,3,18372,45000,52,10,40.8,bonus_as10_gae1_no,107,700000,,,,,127,67,44,26,33,42,11,3,6,65,36,17,9,16,24,7,0,2
66478,2026-04-09 17:44:38,2,2,2,goldSack,goldSack,goldSack,gold,1,true,2000000,49720353079614,88055,5,5,1,10,0,0,0,0,0,18372,45000,52,0,40.8,bonus_as10_gae1_no,107,700000,,,,,1,0,0,0,0,0,0,0,0,66,36,17,9,16,24,7,0,2
66479,2026-04-09 17:44:39,3,1,1,attack,coin,coin,gold,1,false,50000,49720353129614,88054,5,5,1,10,1,0,0,0,0,18372,45000,52,0,40.8,bonus_as10_gae1_no,107,700000,,,,"{""3d7e46c4"":""1032\/2500@m7""}",2,1,0,0,0,0,0,0,0,67,37,17,9,16,24,7,0,2
66480,2026-04-09 17:44:40,3,3,1,attack,attack,coin,gold,1,false,25000,49720353154614,88053,5,5,1,10,2,0,0,0,0,18372,45000,52,0,40.8,bonus_as10_gae1_no,107,700000,,,,,3,3,0,0,0,0,0,0,0,68,39,17,9,16,24,7,0,2
66481,2026-04-09 17:44:41,3,3,1,attack,attack,coin,gold,1,false,25000,49720353179614,88052,5,5,1,10,2,0,0,0,0,18372,45000,52,0,40.8,bonus_as10_gae1_no,107,700000,,LongExtraDayReduced,,"{""slot_on_"":""2988\/5500@m14"",""4fdd0917"":""1265\/1600@m33""}",4,5,0,0,0,0,0,0,0,69,41,17,9,16,24,7,0,2
66482,2026-04-09 17:44:42,1,1,1,coin,coin,coin,gold,1,true,250000,49720353429614,88051,5,5,1,10,0,0,0,0,0,18372,45000,52,0,40.8,bonus_as10_gae1_no,107,700000,,,,,5,5,0,0,0,0,0,0,0,70,41,17,9,16,24,7,0,2
66483,2026-04-09 17:44:43,3,5,2,attack,shield,goldSack,gold,1,false,100000,49720353529614,88050,5,5,1,10,1,0,1,0,0,18372,45000,52,0,40.8,bonus_as10_gae1_no,107,700000,,,,,6,6,0,1,0,0,0,0,0,71,42,17,10,16,24,7,0,2
66484,2026-04-09 17:44:44,4,4,2,steal,steal,goldSack,gold,1,false,100000,49720353629614,88049,5,5,1,10,0,2,0,0,0,18372,45000,52,0,40.8,bonus_as10_gae1_no,107,700000,,,,,7,6,2,1,0,0,0,0,0,72,42,19,10,16,24,7,0,2
66485,2026-04-09 17:44:44,1,4,6,coin,steal,spins,gold,1,false,25000,49720353654614,88048,5,5,1,10,0,1,0,1,0,18372,45000,52,0,40.8,bonus_as10_gae1_no,107,700000,,,,,8,6,3,1,1,0,0,0,0,73,42,20,10,17,24,7,0,2
66486,2026-04-09 17:44:45,1,1,1,coin,coin,coin,gold,1,true,250000,49720353904614,88047,5,5,1,10,0,0,0,0,0,18372,45000,52,0,40.8,bonus_as10_gae1_no,107,700000,,,,"{""ea77ce1b"":""1226\/3100@m5""}",9,6,3,1,1,0,0,0,0,74,42,20,10,17,24,7,0,2
66487,2026-04-09 17:46:14,30,2,2,accumulation,goldSack,goldSack,gold,1,false,150000,49720354054614,88046,5,5,1,10,0,0,0,0,1,18373,45000,52,1,40.8,bonus_as10_gae1_no,107,700000,,LongExtraDayReduced,,"{""slot_on_"":""2989\/5500@m14""}",10,6,3,1,1,1,0,0,0,75,42,20,10,17,25,7,0,2
66488,2026-04-09 17:46:15,3,3,1,attack,attack,coin,gold,1,false,25000,49720354079614,88045,5,5,1,10,2,0,0,0,0,18373,45000,52,0,40.8,bonus_as10_gae1_no,107,700000,,,,,11,8,3,1,1,1,0,0,0,76,44,20,10,17,25,7,0,2
66489,2026-04-09 17:46:16,1,4,6,coin,steal,spins,gold,1,false,25000,49720354104614,88044,5,5,1,10,0,1,0,1,0,18373,45000,52,0,40.8,bonus_as10_gae1_no,107,700000,,LongExtraDayReduced,,"{""slot_on_"":""2990\/5500@m14""}",12,8,4,1,2,1,0,0,0,77,44,21,10,18,25,7,0,2
66490,2026-04-09 17:46:17,3,1,1,attack,coin,coin,gold,1,false,50000,49720354154614,88043,5,5,1,10,1,0,0,0,0,18373,45000,52,0,40.8,bonus_as10_gae1_no,107,700000,,,,,13,9,4,1,2,1,0,0,0,78,45,21,10,18,25,7,0,2
66491,2026-04-09 17:46:18,5,5,5,shield,shield,shield,shield,3,true,1,49720354154614,88043,5,5,1,10,0,0,3,0,0,18373,45000,52,0,40.8,bonus_as10_gae1_no,107,700000,,,,,14,9,4,4,2,1,0,0,1,79,45,21,13,18,25,7,0,3
66492,2026-04-09 17:46:19,30,30,2,accumulation,accumulation,goldSack,gold,1,false,100000,49720354254614,88042,5,5,1,10,0,0,0,0,2,18375,45000,52,2,40.8,bonus_as10_gae1_no,107,700000,,,,,15,9,4,4,2,3,0,0,1,80,45,21,13,18,27,7,0,3
66493,2026-04-09 17:46:20,2,2,2,goldSack,goldSack,goldSack,gold,1,true,2000000,49720356254614,88041,5,5,1,10,0,0,0,0,0,18375,45000,52,0,40.8,bonus_as10_gae1_no,107,700000,,,,,16,9,4,4,2,3,0,0,1,81,45,21,13,18,27,7,0,3
66494,2026-04-09 17:46:21,6,6,2,spins,spins,goldSack,gold,1,false,100000,49720356354614,88040,5,5,1,10,0,0,0,2,0,18375,45000,52,0,40.8,bonus_as10_gae1_no,107,700000,,,,,17,9,4,4,4,3,0,0,1,82,45,21,13,20,27,7,0,3
66495,2026-04-09 17:46:22,30,2,2,accumulation,goldSack,goldSack,gold,1,false,150000,49720356504614,88039,5,5,1,10,0,0,0,0,1,18376,45000,52,1,40.8,bonus_as10_gae1_no,107,700000,,,,,18,9,4,4,4,4,0,0,1,83,45,21,13,20,28,7,0,3
66496,2026-04-09 17:46:23,1,4,6,coin,steal,spins,gold,1,false,25000,49720356529614,88038,5,5,1,10,0,1,0,1,0,18376,45000,52,0,40.8,bonus_as10_gae1_no,107,700000,,,,"{""3d7e46c4"":""1034\/2500@m7""}",19,9,5,4,5,4,0,0,1,84,45,22,13,21,28,7,0,3
66497,2026-04-09 17:46:23,1,4,6,coin,steal,spins,gold,1,false,25000,49720356554614,88037,5,5,1,10,0,1,0,1,0,18376,45000,52,0,40.8,bonus_as10_gae1_no,107,700000,,,,,20,9,6,4,6,4,0,0,1,85,45,23,13,22,28,7,0,3
66498,2026-04-09 17:46:24,5,2,2,shield,goldSack,goldSack,gold,1,false,150000,49720356704614,88036,5,5,1,10,0,0,1,0,0,18376,45000,52,0,40.8,bonus_as10_gae1_no,107,700000,,,,,21,9,6,5,6,4,0,0,1,86,45,23,14,22,28,7,0,3
66499,2026-04-09 17:46:25,1,1,1,coin,coin,coin,gold,1,true,250000,49720356954614,88035,5,5,1,10,0,0,0,0,0,18376,45000,52,0,40.8,bonus_as10_gae1_no,107,700000,,,,,22,9,6,5,6,4,0,0,1,87,45,23,14,22,28,7,0,3
66500,2026-04-09 17:46:25,1,4,6,coin,steal,spins,gold,1,false,25000,49720356979614,88034,5,5,1,10,0,1,0,1,0,18376,45000,52,0,40.8,bonus_as10_gae1_no,107,700000,LongExtraDayReduced,LongExtraDayReduced,,"{""slot_on_"":""2992\/5500@m14""}",23,9,7,5,7,4,0,0,1,88,45,24,14,23,28,7,0,3
66501,2026-04-09 17:46:26,1,4,6,coin,steal,spins,gold,1,false,25000,49720357004614,88033,5,5,1,10,0,1,0,1,0,18376,45000,52,0,40.8,bonus_as10_gae1_no,107,700000,,,,,24,9,8,5,8,4,0,0,1,89,45,25,14,24,28,7,0,3
66502,2026-04-09 17:46:27,4,4,4,steal,steal,steal,steal,4,true,0,49720357004614,88032,5,5,1,10,0,3,0,0,0,18376,45000,52,0,40.8,bonus_as10_gae1_no,107,700000,,,,,25,9,11,5,8,4,0,1,1,90,45,28,14,24,28,7,1,3
66503,2026-04-09 17:46:33,3,5,2,attack,shield,goldSack,gold,1,false,100000,49720494486614,88031,5,5,1,10,1,0,1,0,0,18376,45000,52,0,40.8,bonus_as10_gae1_no,107,700000,,,,,26,10,11,6,8,4,0,1,1,91,46,28,15,24,28,7,1,3
66504,2026-04-09 17:46:33,3,1,1,attack,coin,coin,gold,1,false,50000,49720494536614,88030,5,5,1,10,1,0,0,0,0,18376,45000,52,0,40.8,bonus_as10_gae1_no,107,700000,,,,,27,11,11,6,8,4,0,1,1,92,47,28,15,24,28,7,1,3
66505,2026-04-09 17:46:34,3,1,1,attack,coin,coin,gold,1,false,50000,49720494586614,88029,5,5,1,10,1,0,0,0,0,18376,45000,52,0,40.8,bonus_as10_gae1_no,107,700000,,,,,28,12,11,6,8,4,0,1,1,93,48,28,15,24,28,7,1,3
66506,2026-04-09 17:46:35,1,1,1,coin,coin,coin,gold,1,true,250000,49720494836614,88028,5,5,1,10,0,0,0,0,0,18376,45000,52,0,40.8,bonus_as10_gae1_no,107,700000,,,,"{""ea77ce1b"":""1227\/3100@m5"",""4fdd0917"":""1267\/1600@m33""}",29,12,11,6,8,4,0,1,1,94,48,28,15,24,28,7,1,3
66507,2026-04-09 17:46:36,1,1,1,coin,coin,coin,gold,1,true,250000,49720495086614,88027,5,5,1,10,0,0,0,0,0,18376,45000,52,0,40.8,bonus_as10_gae1_no,107,700000,,,,,30,12,11,6,8,4,0,1,1,95,48,28,15,24,28,7,1,3
66508,2026-04-09 17:46:37,30,30,3,accumulation,accumulation,attack,gold,6,false,0,49720495086614,88026,5,5,1,10,1,0,0,0,2,18378,45000,52,2,40.8,bonus_as10_gae1_no,107,700000,,,,,31,13,11,6,8,6,0,1,1,96,49,28,15,24,30,7,1,3
66509,2026-04-09 17:46:38,30,2,2,accumulation,goldSack,goldSack,gold,1,false,150000,49720495236614,88025,5,5,1,10,0,0,0,0,1,18379,45000,52,1,40.8,bonus_as10_gae1_no,107,700000,,LongExtraDayReduced,,"{""slot_on_"":""2993\/5500@m14""}",32,13,11,6,8,7,0,1,1,97,49,28,15,24,31,7,1,3
66510,2026-04-09 17:46:39,2,2,2,goldSack,goldSack,goldSack,gold,1,true,2000000,49720497236614,88024,5,5,1,10,0,0,0,0,0,18379,45000,52,0,40.8,bonus_as10_gae1_no,107,700000,,,,,33,13,11,6,8,7,0,1,1,98,49,28,15,24,31,7,1,3
66511,2026-04-09 17:46:39,1,4,6,coin,steal,spins,gold,1,false,25000,49720497261614,88023,5,5,1,10,0,1,0,1,0,18379,45000,52,0,40.8,bonus_as10_gae1_no,107,700000,,LongExtraDayReduced,,"{""slot_on_"":""2994\/5500@m14""}",34,13,12,6,9,7,0,1,1,99,49,29,15,25,31,7,1,3
66512,2026-04-09 17:46:43,3,3,3,attack,attack,attack,attack,2,true,0,49720497261614,88022,5,5,1,10,3,0,0,0,0,18379,45000,52,0,40.8,bonus_as10_gae1_no,107,700000,,,,"{""3d7e46c4"":""1036\/2500@m7""}",35,16,12,6,9,7,1,1,1,100,52,29,15,25,31,8,1,3
66513,2026-04-09 17:48:40,3,3,1,attack,attack,coin,gold,1,false,25000,49720505866614,88021,5,5,1,10,2,0,0,0,0,18379,45000,52,0,40.8,bonus_as10_gae1_no,107,700000,,,,,36,18,12,6,9,7,1,1,1,101,54,29,15,25,31,8,1,3
66514,2026-04-09 17:48:41,5,5,5,shield,shield,shield,shield,3,true,1,49720505866614,88021,5,5,1,10,0,0,3,0,0,18379,45000,52,0,40.8,bonus_as10_gae1_no,107,700000,LongExtraDayReduced,,,"{""slot_on_"":""2995\/5500@m14""}",37,18,12,9,9,7,1,1,2,102,54,29,18,25,31,8,1,4
66515,2026-04-09 17:48:42,1,1,1,coin,coin,coin,gold,1,true,250000,49720506116614,88020,5,5,1,10,0,0,0,0,0,18379,45000,52,0,40.8,bonus_as10_gae1_no,107,700000,,,,,38,18,12,9,9,7,1,1,2,103,54,29,18,25,31,8,1,4
66516,2026-04-09 17:48:43,30,2,2,accumulation,goldSack,goldSack,gold,1,false,150000,49720506266614,88019,5,5,1,10,0,0,0,0,1,18380,45000,52,1,40.8,bonus_as10_gae1_no,107,700000,,,,,39,18,12,9,9,8,1,1,2,104,54,29,18,25,32,8,1,4
66517,2026-04-09 17:48:44,30,2,2,accumulation,goldSack,goldSack,gold,1,false,150000,49720506416614,88018,5,5,1,10,0,0,0,0,1,18381,45000,52,1,40.8,bonus_as10_gae1_no,107,700000,,,,"{""4fdd0917"":""1269\/1600@m33""}",40,18,12,9,9,9,1,1,2,105,54,29,18,25,33,8,1,4
66518,2026-04-09 17:48:45,4,4,4,steal,steal,steal,steal,4,true,0,49720506416614,88017,5,5,1,10,0,3,0,0,0,18381,45000,52,0,40.8,bonus_as10_gae1_no,107,700000,,,LongExtraDayReduced,"{""slot_on_"":""2996\/5500@m14""}",41,18,15,9,9,9,1,2,2,106,54,32,18,25,33,8,2,4
66519,2026-04-09 17:48:51,1,4,6,coin,steal,spins,gold,1,false,25000,49720624491614,88016,5,5,1,10,0,1,0,1,0,18381,45000,52,0,40.8,bonus_as10_gae1_no,107,700000,,,,,42,18,16,9,10,9,1,2,2,107,54,33,18,26,33,8,2,4
66520,2026-04-09 17:48:52,3,1,1,attack,coin,coin,gold,1,false,50000,49720624541614,88015,5,5,1,10,1,0,0,0,0,18381,45000,52,0,40.8,bonus_as10_gae1_no,107,700000,,LongExtraDayReduced,,"{""slot_on_"":""2997\/5500@m14""}",43,19,16,9,10,9,1,2,2,108,55,33,18,26,33,8,2,4
66521,2026-04-09 17:48:53,30,30,2,accumulation,accumulation,goldSack,gold,1,false,100000,49720624641614,88014,5,5,1,10,0,0,0,0,2,18383,45000,52,2,40.9,bonus_as10_gae1_no,107,700000,,,,,44,19,16,9,10,11,1,2,2,109,55,33,18,26,35,8,2,4
66522,2026-04-09 17:48:54,1,4,6,coin,steal,spins,gold,1,false,25000,49720624666614,88013,5,5,1,10,0,1,0,1,0,18383,45000,52,0,40.9,bonus_as10_gae1_no,107,700000,,,,,45,19,17,9,11,11,1,2,2,110,55,34,18,27,35,8,2,4
66523,2026-04-09 17:48:54,3,1,1,attack,coin,coin,gold,1,false,50000,49720624716614,88012,5,5,1,10,1,0,0,0,0,18383,45000,52,0,40.9,bonus_as10_gae1_no,107,700000,,,,,46,20,17,9,11,11,1,2,2,111,56,34,18,27,35,8,2,4
66524,2026-04-09 17:48:55,3,4,2,attack,steal,goldSack,gold,1,false,100000,49720624816614,88011,5,5,1,10,1,1,0,0,0,18383,45000,52,0,40.9,bonus_as10_gae1_no,107,700000,,,,,47,21,18,9,11,11,1,2,2,112,57,35,18,27,35,8,2,4
66525,2026-04-09 17:48:56,30,2,2,accumulation,goldSack,goldSack,gold,1,false,150000,49720624966614,88010,5,5,1,10,0,0,0,0,1,18384,45000,52,1,40.9,bonus_as10_gae1_no,107,700000,LongExtraDayReduced,LongExtraDayReduced,,"{""slot_on_"":""2999\/5500@m14""}",48,21,18,9,11,12,1,2,2,113,57,35,18,27,36,8,2,4
66526,2026-04-09 17:48:57,3,5,2,attack,shield,goldSack,gold,1,false,100000,49720625066614,88009,5,5,1,10,1,0,1,0,0,18384,45000,52,0,40.9,bonus_as10_gae1_no,107,700000,,,,"{""4fdd0917"":""1271\/1600@m33""}",49,22,18,10,11,12,1,2,2,114,58,35,19,27,36,8,2,4
66527,2026-04-09 17:48:58,30,2,2,accumulation,goldSack,goldSack,gold,1,false,150000,49720625216614,88008,5,5,1,10,0,0,0,0,1,18385,45000,52,1,40.9,bonus_as10_gae1_no,107,700000,,,,"{""ea77ce1b"":""1228\/3100@m5""}",50,22,18,10,11,13,1,2,2,115,58,35,19,27,37,8,2,4
66528,2026-04-09 17:48:59,2,2,2,goldSack,goldSack,goldSack,gold,1,true,2000000,49720627216614,88007,5,5,1,10,0,0,0,0,0,18385,45000,52,0,40.9,bonus_as10_gae1_no,107,700000,,,,,51,22,18,10,11,13,1,2,2,116,58,35,19,27,37,8,2,4
66529,2026-04-09 17:49:00,3,3,3,attack,attack,attack,attack,2,true,0,49720627216614,88006,5,5,1,10,3,0,0,0,0,18385,45000,52,0,40.9,bonus_as10_gae1_no,107,700000,,,LongExtraDayReduced,"{""slot_on_"":""3000\/5500@m14""}",52,25,18,10,11,13,2,2,2,117,61,35,19,27,37,9,2,4
66530,2026-04-09 17:49:04,1,5,5,coin,shield,shield,gold,1,false,25000,49720635821614,88005,5,5,1,10,0,0,2,0,0,18385,45000,52,0,40.9,bonus_as10_gae1_no,107,700000,,,LongExtraDayReduced,"{""slot_on_"":""3001\/5500@m14""}",53,25,18,12,11,13,2,2,2,118,61,35,21,27,37,9,2,4
66531,2026-04-09 17:49:05,6,6,2,spins,spins,goldSack,gold,1,false,100000,49720635921614,88004,5,5,1,10,0,0,0,2,0,18385,45000,52,0,40.9,bonus_as10_gae1_no,107,700000,,,,,54,25,18,12,13,13,2,2,2,119,61,35,21,29,37,9,2,4
66532,2026-04-09 17:49:06,4,6,2,steal,spins,goldSack,gold,1,false,100000,49720636021614,88003,5,5,1,10,0,1,0,1,0,18385,45000,52,0,40.9,bonus_as10_gae1_no,107,700000,,,,,55,25,19,12,14,13,2,2,2,120,61,36,21,30,37,9,2,4
66533,2026-04-09 17:49:06,6,6,2,spins,spins,goldSack,gold,1,false,100000,49720636121614,88002,5,5,1,10,0,0,0,2,0,18385,45000,52,0,40.9,bonus_as10_gae1_no,107,700000,LongExtraDayReduced,LongExtraDayReduced,LongExtraDayReduced,"{""slot_on_"":""3006\/5500@m14"",""3d7e46c4"":""1038\/2500@m7""}",56,25,19,12,16,13,2,2,2,121,61,36,21,32,37,9,2,4
66534,2026-04-09 17:49:08,3,1,1,attack,coin,coin,gold,1,false,50000,49720636171614,88001,5,5,1,10,1,0,0,0,0,18385,45000,52,0,40.9,bonus_as10_gae1_no,107,700000,LongExtraDayReduced,,,"{""slot_on_"":""3007\/5500@m14""}",57,26,19,12,16,13,2,2,2,122,62,36,21,32,37,9,2,4
66535,2026-04-09 17:49:09,30,2,2,accumulation,goldSack,goldSack,gold,1,false,150000,49720636321614,88000,5,5,1,10,0,0,0,0,1,18386,45000,52,1,40.9,bonus_as10_gae1_no,107,700000,,,,"{""ea77ce1b"":""1229\/3100@m5""}",58,26,19,12,16,14,2,2,2,123,62,36,21,32,38,9,2,4
66536,2026-04-09 17:49:10,1,4,6,coin,steal,spins,gold,1,false,25000,49720636346614,87999,5,5,1,10,0,1,0,1,0,18386,45000,52,0,40.9,bonus_as10_gae1_no,107,700000,,,,,59,26,20,12,17,14,2,2,2,124,62,37,21,33,38,9,2,4
66537,2026-04-09 17:49:11,4,4,2,steal,steal,goldSack,gold,1,false,100000,49720636446614,87998,5,5,1,10,0,2,0,0,0,18386,45000,52,0,40.9,bonus_as10_gae1_no,107,700000,,,,,60,26,22,12,17,14,2,2,2,125,62,39,21,33,38,9,2,4
66538,2026-04-09 17:49:12,30,2,2,accumulation,goldSack,goldSack,gold,1,false,150000,49720636596614,87997,5,5,1,10,0,0,0,0,1,18387,45000,52,1,40.9,bonus_as10_gae1_no,107,700000,,,LongExtraDayReduced,"{""slot_on_"":""3008\/5500@m14""}",61,26,22,12,17,15,2,2,2,126,62,39,21,33,39,9,2,4
66539,2026-04-09 17:49:18,2,2,2,goldSack,goldSack,goldSack,gold,1,true,2000000,49720638596614,87996,5,5,1,10,0,0,0,0,0,18387,45000,52,0,40.9,bonus_as10_gae1_no,107,700000,LongExtraDayReduced,,,"{""slot_on_"":""3009\/5500@m14""}",62,26,22,12,17,15,2,2,2,127,62,39,21,33,39,9,2,4
66540,2026-04-09 17:49:19,3,1,1,attack,coin,coin,gold,1,false,50000,49720638646614,87995,5,5,1,10,1,0,0,0,0,18387,45000,52,0,40.9,bonus_as10_gae1_no,107,700000,,,,,63,27,22,12,17,15,2,2,2,128,63,39,21,33,39,9,2,4
66541,2026-04-09 17:49:20,3,3,1,attack,attack,coin,gold,1,false,25000,49720638671614,87994,5,5,1,10,2,0,0,0,0,18387,45000,52,0,40.9,bonus_as10_gae1_no,107,700000,,,,,64,29,22,12,17,15,2,2,2,129,65,39,21,33,39,9,2,4
66542,2026-04-09 17:49:21,1,4,6,coin,steal,spins,gold,1,false,25000,49720638696614,87993,5,5,1,10,0,1,0,1,0,18387,45000,52,0,40.9,bonus_as10_gae1_no,107,700000,,,LongExtraDayReduced,"{""slot_on_"":""3010\/5500@m14"",""3d7e46c4"":""1040\/2500@m7""}",65,29,23,12,18,15,2,2,2,130,65,40,21,34,39,9,2,4
66543,2026-04-09 17:49:22,3,3,3,attack,attack,attack,attack,2,true,0,49720638696614,87992,5,5,1,10,3,0,0,0,0,18387,45000,52,0,40.9,bonus_as10_gae1_no,107,700000,,,,,66,32,23,12,18,15,3,2,2,131,68,40,21,34,39,10,2,4
66544,2026-04-09 17:49:27,30,2,2,accumulation,goldSack,goldSack,gold,1,false,150000,49720664846614,87991,5,5,1,10,0,0,0,0,1,18388,45000,52,1,40.9,bonus_as10_gae1_no,107,700000,,,,"{""ea77ce1b"":""1230\/3100@m5""}",67,32,23,12,18,16,3,2,2,132,68,40,21,34,40,10,2,4
66545,2026-04-09 17:49:28,3,5,2,attack,shield,goldSack,gold,1,false,100000,49720664946614,87990,5,5,1,10,1,0,1,0,0,18388,45000,52,0,40.9,bonus_as10_gae1_no,107,700000,,,,,68,33,23,13,18,16,3,2,2,133,69,40,22,34,40,10,2,4
66546,2026-04-09 17:49:29,3,1,1,attack,coin,coin,gold,1,false,50000,49720664996614,87989,5,5,1,10,1,0,0,0,0,18388,45000,52,0,40.9,bonus_as10_gae1_no,107,700000,,,,,69,34,23,13,18,16,3,2,2,134,70,40,22,34,40,10,2,4
66547,2026-04-09 17:49:30,30,2,2,accumulation,goldSack,goldSack,gold,1,false,150000,49720665146614,87988,5,5,1,10,0,0,0,0,1,18389,45000,52,1,40.9,bonus_as10_gae1_no,107,700000,,,,,70,34,23,13,18,17,3,2,2,135,70,40,22,34,41,10,2,4
66548,2026-04-09 17:49:32,3,5,2,attack,shield,goldSack,gold,1,false,100000,49720665246614,87987,5,5,1,10,1,0,1,0,0,18389,45000,52,0,40.9,bonus_as10_gae1_no,107,700000,,LongExtraDayReduced,,"{""slot_on_"":""3011\/5500@m14""}",71,35,23,14,18,17,3,2,2,136,71,40,23,34,41,10,2,4
66549,2026-04-09 17:49:33,1,4,6,coin,steal,spins,gold,1,false,25000,49720665271614,87986,5,5,1,10,0,1,0,1,0,18389,45000,52,0,40.9,bonus_as10_gae1_no,107,700000,,,,"{""4fdd0917"":""1273\/1600@m33""}",72,35,24,14,19,17,3,2,2,137,71,41,23,35,41,10,2,4
66550,2026-04-09 17:49:34,6,6,6,spins,spins,spins,spins,5,true,10,49720665271614,87995,5,5,1,10,0,0,0,3,0,18389,45000,52,0,40.9,bonus_as10_gae1_no,107,700000,,,,,73,35,24,14,22,17,3,2,2,138,71,41,23,38,41,10,2,4
66551,2026-04-09 17:49:35,5,5,5,shield,shield,shield,shield,3,true,1,49720665271614,87995,5,5,1,10,0,0,3,0,0,18389,45000,52,0,40.9,bonus_as10_gae1_no,107,700000,,,,"{""3d7e46c4"":""1042\/2500@m7""}",74,35,24,17,22,17,3,2,3,1,0,0,3,0,0,0,0,1
66552,2026-04-09 17:49:36,3,5,2,attack,shield,goldSack,gold,1,false,100000,49720665371614,87994,5,5,1,10,1,0,1,0,0,18389,45000,52,0,40.9,bonus_as10_gae1_no,107,700000,,,,,75,36,24,18,22,17,3,2,3,2,1,0,4,0,0,0,0,1
66553,2026-04-09 17:49:37,2,2,2,goldSack,goldSack,goldSack,gold,1,true,2000000,49720667371614,87993,5,5,1,10,0,0,0,0,0,18389,45000,52,0,40.9,bonus_as10_gae1_no,107,700000,LongExtraDayReduced,,,"{""slot_on_"":""3012\/5500@m14""}",76,36,24,18,22,17,3,2,3,3,1,0,4,0,0,0,0,1
66554,2026-04-09 17:49:38,5,5,5,shield,shield,shield,shield,3,true,1,49720667371614,87993,5,5,1,10,0,0,3,0,0,18389,45000,52,0,40.9,bonus_as10_gae1_no,107,700000,,LongExtraDayReduced,,"{""slot_on_"":""3013\/5500@m14""}",77,36,24,21,22,17,3,2,4,4,1,0,7,0,0,0,0,2
66555,2026-04-09 17:49:39,3,3,3,attack,attack,attack,attack,2,true,0,49720667371614,87992,5,5,1,10,3,0,0,0,0,18389,45000,52,0,40.9,bonus_as10_gae1_no,107,700000,,,,,78,39,24,21,22,17,4,2,4,5,4,0,7,0,0,1,0,2
66556,2026-04-09 17:49:43,1,4,6,coin,steal,spins,gold,1,false,25000,49720693396614,87991,5,5,1,10,0,1,0,1,0,18389,45000,52,0,40.9,bonus_as10_gae1_no,107,700000,,,,"{""ea77ce1b"":""1231\/3100@m5""}",79,39,25,21,23,17,4,2,4,6,4,1,7,1,0,1,0,2
66557,2026-04-09 17:49:44,30,2,2,accumulation,goldSack,goldSack,gold,1,false,150000,49720693546614,87990,5,5,1,10,0,0,0,0,1,18390,45000,52,1,40.9,bonus_as10_gae1_no,107,700000,,,,,80,39,25,21,23,18,4,2,4,7,4,1,7,1,1,1,0,2
66558,2026-04-09 17:49:45,1,1,1,coin,coin,coin,gold,1,true,250000,49720693796614,87989,5,5,1,10,0,0,0,0,0,18390,45000,52,0,40.9,bonus_as10_gae1_no,107,700000,,,,,81,39,25,21,23,18,4,2,4,8,4,1,7,1,1,1,0,2
66559,2026-04-09 17:49:46,3,3,3,attack,attack,attack,attack,2,true,0,49720693796614,87988,5,5,1,10,3,0,0,0,0,18390,45000,52,0,40.9,bonus_as10_gae1_no,107,700000,,,,"{""4fdd0917"":""1275\/1600@m33""}",82,42,25,21,23,18,5,2,4,9,7,1,7,1,1,2,0,2
66560,2026-04-09 17:49:50,2,2,2,goldSack,goldSack,goldSack,gold,1,true,2000000,49720704376614,87987,5,5,1,10,0,0,0,0,0,18390,45000,52,0,40.9,bonus_as10_gae1_no,107,700000,,,LongExtraDayReduced,"{""slot_on_"":""3014\/5500@m14""}",83,42,25,21,23,18,5,2,4,10,7,1,7,1,1,2,0,2
66561,2026-04-09 17:49:51,30,30,2,accumulation,accumulation,goldSack,gold,1,false,100000,49720704476614,87986,5,5,1,10,0,0,0,0,2,18392,45000,52,2,40.9,bonus_as10_gae1_no,107,700000,,,,,84,42,25,21,23,20,5,2,4,11,7,1,7,1,3,2,0,2
66562,2026-04-09 17:49:53,1,4,6,coin,steal,spins,gold,1,false,25000,49720704501614,87985,5,5,1,10,0,1,0,1,0,18392,45000,52,0,40.9,bonus_as10_gae1_no,107,700000,,,,,85,42,26,21,24,20,5,2,4,12,7,2,7,2,3,2,0,2
66563,2026-04-09 17:49:53,1,4,6,coin,steal,spins,gold,1,false,25000,49720704526614,87984,5,5,1,10,0,1,0,1,0,18392,45000,52,0,40.9,bonus_as10_gae1_no,107,700000,,,,,86,42,27,21,25,20,5,2,4,13,7,3,7,3,3,2,0,2
66564,2026-04-09 17:49:54,3,4,2,attack,steal,goldSack,gold,1,false,100000,49720704626614,87983,5,5,1,10,1,1,0,0,0,18392,45000,52,0,40.9,bonus_as10_gae1_no,107,700000,,,,"{""ea77ce1b"":""1232\/3100@m5""}",87,43,28,21,25,20,5,2,4,14,8,4,7,3,3,2,0,2
66565,2026-04-09 17:49:55,4,4,4,steal,steal,steal,steal,4,true,0,49720704626614,87982,5,5,1,10,0,3,0,0,0,18392,45000,52,0,40.9,bonus_as10_gae1_no,107,700000,,,,,88,43,31,21,25,20,5,3,4,15,8,7,7,3,3,2,1,2
66566,2026-04-09 17:50:19,30,30,2,accumulation,accumulation,goldSack,gold,1,false,100000,49720868388614,87981,5,5,1,10,0,0,0,0,2,18394,45000,52,2,40.9,bonus_as10_gae1_no,107,700000,,,,,89,43,31,21,25,22,5,3,4,16,8,7,7,3,5,2,1,2
66567,2026-04-09 17:50:20,4,4,2,steal,steal,goldSack,gold,1,false,100000,49720868488614,87980,5,5,1,10,0,2,0,0,0,18394,45000,52,0,40.9,bonus_as10_gae1_no,107,700000,,,,"{""3d7e46c4"":""1044\/2500@m7""}",90,43,33,21,25,22,5,3,4,17,8,9,7,3,5,2,1,2
66568,2026-04-09 17:50:21,30,30,3,accumulation,accumulation,attack,gold,6,false,0,49720868488614,87979,5,5,1,10,1,0,0,0,2,18396,45000,52,2,40.9,bonus_as10_gae1_no,107,700000,,,,,91,44,33,21,25,24,5,3,4,18,9,9,7,3,7,2,1,2
66569,2026-04-09 17:50:22,30,2,2,accumulation,goldSack,goldSack,gold,1,false,150000,49720868638614,87978,5,5,1,10,0,0,0,0,1,18397,45000,52,1,40.9,bonus_as10_gae1_no,107,700000,,,,,92,44,33,21,25,25,5,3,4,19,9,9,7,3,8,2,1,2
66570,2026-04-09 17:50:23,30,2,2,accumulation,goldSack,goldSack,gold,1,false,150000,49720868788614,87977,5,5,1,10,0,0,0,0,1,18398,45000,52,1,40.9,bonus_as10_gae1_no,107,700000,,,,"{""4fdd0917"":""1277\/1600@m33""}",93,44,33,21,25,26,5,3,4,20,9,9,7,3,9,2,1,2
66571,2026-04-09 17:50:24,1,1,1,coin,coin,coin,gold,1,true,250000,49720869038614,87976,5,5,1,10,0,0,0,0,0,18398,45000,52,0,40.9,bonus_as10_gae1_no,107,700000,,,,,94,44,33,21,25,26,5,3,4,21,9,9,7,3,9,2,1,2
66572,2026-04-09 17:50:27,30,2,2,accumulation,goldSack,goldSack,gold,1,false,7500000,49720876538614,87926,5,5,50,10,0,0,0,0,1,18448,45000,52,50,41.0,bonus_as10_gae1_no,107,700000,,,,,95,44,33,21,25,27,5,3,4,22,9,9,7,3,10,2,1,2
66573,2026-04-09 17:50:28,2,2,2,goldSack,goldSack,goldSack,gold,1,true,100000000,49720976538614,87876,5,5,50,10,0,0,0,0,0,18448,45000,52,0,41.0,bonus_as10_gae1_no,107,700000,,,,"{""ea77ce1b"":""1282\/3100@m5""}",96,44,33,21,25,27,5,3,4,23,9,9,7,3,10,2,1,2
66574,2026-04-09 17:50:29,30,2,2,accumulation,goldSack,goldSack,gold,1,false,7500000,49720984038614,87826,5,5,50,10,0,0,0,0,1,18498,45000,52,50,41.1,bonus_as10_gae1_no,107,700000,,,,,97,44,33,21,25,28,5,3,4,24,9,9,7,3,11,2,1,2
66575,2026-04-09 17:50:31,1,4,6,coin,steal,spins,gold,1,false,1250000,49720985288614,87776,5,5,50,10,0,1,0,1,0,18498,45000,52,0,41.1,bonus_as10_gae1_no,107,700000,,,,,98,44,34,21,26,28,5,3,4,25,9,10,7,4,11,2,1,2
66576,2026-04-09 17:50:32,3,4,2,attack,steal,goldSack,gold,1,false,5000000,49720990288614,87726,5,5,50,10,1,1,0,0,0,18498,45000,52,0,41.1,bonus_as10_gae1_no,107,700000,,,,,99,45,35,21,26,28,5,3,4,26,10,11,7,4,11,2,1,2
66577,2026-04-09 17:50:34,2,2,2,goldSack,goldSack,goldSack,gold,1,true,800000000,49721790288614,87326,5,5,400,10,0,0,0,0,0,18498,45000,52,0,41.1,bonus_as10_gae1_no,107,700000,,,,,100,45,35,21,26,28,5,3,4,27,10,11,7,4,11,2,1,2
66578,2026-04-09 17:50:35,3,3,2,attack,attack,goldSack,gold,1,false,40000000,49721830288614,86926,5,5,400,10,2,0,0,0,0,18498,45000,52,0,41.1,bonus_as10_gae1_no,107,700000,LongExtraDayReduced,LongExtraDayReduced,LongExtraDayReduced,"{""slot_on_"":""5014\/5500@m14""}",101,47,35,21,26,28,5,3,4,28,12,11,7,4,11,2,1,2
66579,2026-04-09 17:50:37,30,2,2,accumulation,goldSack,goldSack,gold,1,false,60000000,49721890288614,86526,5,5,400,10,0,0,0,0,1,18898,45000,52,400,42.0,bonus_as10_gae1_no,107,700000,,,,"{""4fdd0917"":""477\/1600@m34""}",102,47,35,21,26,29,5,3,4,29,12,11,7,4,12,2,1,2
66580,2026-04-09 17:50:40,30,30,1,accumulation,accumulation,coin,gold,1,false,10000000,49721900288614,86126,5,5,400,10,0,0,0,0,2,19698,45000,52,800,43.8,bonus_as10_gae1_no,107,700000,,,,,103,47,35,21,26,31,5,3,4,30,12,11,7,4,14,2,1,2
66581,2026-04-09 17:50:41,30,2,2,accumulation,goldSack,goldSack,gold,1,false,60000000,49721960288614,85726,5,5,400,10,0,0,0,0,1,20098,45000,52,400,44.7,bonus_as10_gae1_no,107,700000,,,,"{""3d7e46c4"":""1844\/2500@m7""}",104,47,35,21,26,32,5,3,4,31,12,11,7,4,15,2,1,2
66582,2026-04-09 17:50:43,1,1,1,coin,coin,coin,gold,1,true,100000000,49722060288614,85326,5,5,400,10,0,0,0,0,0,20098,45000,52,0,44.7,bonus_as10_gae1_no,107,700000,,,,,105,47,35,21,26,32,5,3,4,32,12,11,7,4,15,2,1,2
66583,2026-04-09 17:50:45,5,5,5,shield,shield,shield,shield,3,true,400,49722060288614,85326,5,5,400,10,0,0,3,0,0,20098,45000,52,0,44.7,bonus_as10_gae1_no,107,700000,,,,,106,47,35,24,26,32,5,3,5,33,12,11,10,4,15,2,1,3
66584,2026-04-09 17:50:48,3,6,2,attack,spins,goldSack,gold,1,false,100000,49722060388614,85325,5,5,1,10,1,0,0,1,0,20098,45000,52,0,44.7,bonus_as10_gae1_no,107,700000,LongExtraDayReduced,,,"{""slot_on_"":""5015\/5500@m14""}",107,48,35,24,27,32,5,3,5,34,13,11,10,5,15,2,1,3
66585,2026-04-09 17:50:49,30,2,2,accumulation,goldSack,goldSack,gold,1,false,150000,49722060538614,85324,5,5,1,10,0,0,0,0,1,20099,45000,52,1,44.7,bonus_as10_gae1_no,107,700000,LongExtraDayReduced,,,"{""slot_on_"":""5016\/5500@m14""}",108,48,35,24,27,33,5,3,5,35,13,11,10,5,16,2,1,3
66586,2026-04-09 17:50:52,30,2,2,accumulation,goldSack,goldSack,gold,1,false,150000,49722060688614,85323,5,5,1,10,0,0,0,0,1,20100,45000,52,1,44.7,bonus_as10_gae1_no,107,700000,,,,,109,48,35,24,27,34,5,3,5,36,13,11,10,5,17,2,1,3
66587,2026-04-09 17:50:57,3,6,2,attack,spins,goldSack,gold,1,false,40000000,49722100688614,84923,5,5,400,10,1,0,0,1,0,20100,45000,52,0,44.7,bonus_as10_gae1_no,107,700000,,,,,110,49,35,24,28,34,5,3,5,37,14,11,10,6,17,2,1,3
66588,2026-04-09 17:51:00,30,2,2,accumulation,goldSack,goldSack,gold,1,false,60000000,49722160688614,84523,5,5,400,10,0,0,0,0,1,20500,45000,52,400,45.6,bonus_as10_gae1_no,107,700000,,,,,111,49,35,24,28,35,5,3,5,38,14,11,10,6,18,2,1,3
66589,2026-04-09 17:51:01,1,1,1,coin,coin,coin,gold,1,true,100000000,49722260688614,84123,5,5,400,10,0,0,0,0,0,20500,45000,52,0,45.6,bonus_as10_gae1_no,107,700000,,LongExtraDayReduced,LongExtraDayReduced,"{""slot_on_"":""316\/7800@m15"",""ea77ce1b"":""1682\/3100@m5""}",112,49,35,24,28,35,5,3,5,39,14,11,10,6,18,2,1,3
66590,2026-04-09 17:51:14,3,6,2,attack,spins,goldSack,gold,1,false,40000000,49722300688614,83723,5,5,400,10,1,0,0,1,0,20500,45000,52,0,45.6,bonus_as10_gae1_no,107,700000,,,,,113,50,35,24,29,35,5,3,5,40,15,11,10,7,18,2,1,3
66591,2026-04-09 17:51:19,3,4,2,attack,steal,goldSack,gold,1,false,40000000,49722340688614,83323,5,5,400,10,1,1,0,0,0,20500,45000,52,0,45.6,bonus_as10_gae1_no,107,700000,,,,,114,51,36,24,29,35,5,3,5,41,16,12,10,7,18,2,1,3
66592,2026-04-09 17:51:20,1,1,1,coin,coin,coin,gold,1,true,100000000,49722440688614,82923,5,5,400,10,0,0,0,0,0,20500,45000,52,0,45.6,bonus_as10_gae1_no,107,700000,,,,,115,51,36,24,29,35,5,3,5,42,16,12,10,7,18,2,1,3
66593,2026-04-09 17:51:21,2,2,2,goldSack,goldSack,goldSack,gold,1,true,800000000,49723240688614,82523,5,5,400,10,0,0,0,0,0,20500,45000,52,0,45.6,bonus_as10_gae1_no,107,700000,,,,,116,51,36,24,29,35,5,3,5,43,16,12,10,7,18,2,1,3
66594,2026-04-09 17:51:23,30,30,3,accumulation,accumulation,attack,gold,6,false,0,49723240688614,82123,5,5,400,10,1,0,0,0,2,21300,45000,52,800,47.3,bonus_as10_gae1_no,107,700000,LongExtraDayReduced,,,"{""slot_on_"":""716\/7800@m15""}",117,52,36,24,29,37,5,3,5,44,17,12,10,7,20,2,1,3
66595,2026-04-09 17:51:25,1,1,4,coin,coin,steal,gold,1,false,20000000,49723260688614,81723,5,5,400,10,0,1,0,0,0,21300,45000,52,0,47.3,bonus_as10_gae1_no,107,700000,,,,,118,52,37,24,29,37,5,3,5,45,17,13,10,7,20,2,1,3
66596,2026-04-09 17:51:28,1,6,6,coin,spins,spins,gold,1,false,25000,49723260713614,81722,5,5,1,10,0,0,0,2,0,21300,45000,52,0,47.3,bonus_as10_gae1_no,107,700000,,,,,119,52,37,24,31,37,5,3,5,46,17,13,10,9,20,2,1,3
66597,2026-04-09 17:51:29,1,1,1,coin,coin,coin,gold,1,true,250000,49723260963614,81721,5,5,1,10,0,0,0,0,0,21300,45000,52,0,47.3,bonus_as10_gae1_no,107,700000,,,,"{""4fdd0917"":""479\/1600@m34""}",120,52,37,24,31,37,5,3,5,47,17,13,10,9,20,2,1,3
66598,2026-04-09 17:51:30,5,5,5,shield,shield,shield,shield,3,true,1,49723260963614,81721,5,5,1,10,0,0,3,0,0,21300,45000,52,0,47.3,bonus_as10_gae1_no,107,700000,,,,,121,52,37,27,31,37,5,3,6,48,17,13,13,9,20,2,1,4
66599,2026-04-09 17:51:31,1,4,6,coin,steal,spins,gold,1,false,25000,49723260988614,81720,5,5,1,10,0,1,0,1,0,21300,45000,52,0,47.3,bonus_as10_gae1_no,107,700000,,,,,122,52,38,27,32,37,5,3,6,49,17,14,13,10,20,2,1,4
66600,2026-04-09 17:51:32,2,2,2,goldSack,goldSack,goldSack,gold,1,true,2000000,49723262988614,81719,5,5,1,10,0,0,0,0,0,21300,45000,52,0,47.3,bonus_as10_gae1_no,107,700000,,,,"{""3d7e46c4"":""1846\/2500@m7""}",123,52,38,27,32,37,5,3,6,50,17,14,13,10,20,2,1,4
66601,2026-04-09 17:51:33,1,4,6,coin,steal,spins,gold,1,false,25000,49723263013614,81718,5,5,1,10,0,1,0,1,0,21300,45000,52,0,47.3,bonus_as10_gae1_no,107,700000,LongExtraDayReduced,,LongExtraDayReduced,"{""slot_on_"":""718\/7800@m15""}",124,52,39,27,33,37,5,3,6,51,17,15,13,11,20,2,1,4
66602,2026-04-09 17:51:34,30,2,2,accumulation,goldSack,goldSack,gold,1,false,150000,49723263163614,81717,5,5,1,10,0,0,0,0,1,21301,45000,52,1,47.3,bonus_as10_gae1_no,107,700000,LongExtraDayReduced,,,"{""slot_on_"":""719\/7800@m15""}",125,52,39,27,33,38,5,3,6,52,17,15,13,11,21,2,1,4
66603,2026-04-09 17:51:36,2,2,2,goldSack,goldSack,goldSack,gold,1,true,2000000,49723265163614,81716,5,5,1,10,0,0,0,0,0,21301,45000,52,0,47.3,bonus_as10_gae1_no,107,700000,,,,,126,52,39,27,33,38,5,3,6,53,17,15,13,11,21,2,1,4
66604,2026-04-09 17:51:37,3,3,3,attack,attack,attack,attack,2,true,0,49723265163614,81715,5,5,1,10,3,0,0,0,0,21301,45000,52,0,47.3,bonus_as10_gae1_no,107,700000,LongExtraDayReduced,LongExtraDayReduced,,"{""slot_on_"":""721\/7800@m15""}",127,55,39,27,33,38,6,3,6,54,20,15,13,11,21,3,1,4
66605,2026-04-09 17:51:41,1,1,1,coin,coin,coin,gold,1,true,250000,49723273993614,81714,5,5,1,10,0,0,0,0,0,21301,45000,52,0,47.3,bonus_as10_gae1_no,107,700000,,,,,128,55,39,27,33,38,6,3,6,55,20,15,13,11,21,3,1,4
66606,2026-04-09 17:51:42,2,2,2,goldSack,goldSack,goldSack,gold,1,true,2000000,49723275993614,81713,5,5,1,10,0,0,0,0,0,21301,45000,52,0,47.3,bonus_as10_gae1_no,107,700000,,,,,129,55,39,27,33,38,6,3,6,56,20,15,13,11,21,3,1,4
66607,2026-04-09 17:51:43,30,2,2,accumulation,goldSack,goldSack,gold,1,false,150000,49723276143614,81712,5,5,1,10,0,0,0,0,1,21302,45000,52,1,47.3,bonus_as10_gae1_no,107,700000,,,,,130,55,39,27,33,39,6,3,6,57,20,15,13,11,22,3,1,4
66608,2026-04-09 17:51:45,1,4,4,coin,steal,steal,gold,1,false,25000,49723276168614,81711,5,5,1,10,0,2,0,0,0,21302,45000,52,0,47.3,bonus_as10_gae1_no,107,700000,,,LongExtraDayReduced,"{""slot_on_"":""722\/7800@m15"",""ea77ce1b"":""1683\/3100@m5""}",131,55,41,27,33,39,6,3,6,58,20,17,13,11,22,3,1,4
66609,2026-04-09 17:51:47,3,6,2,attack,spins,goldSack,gold,1,false,100000,49723276268614,81710,5,5,1,10,1,0,0,1,0,21302,45000,52,0,47.3,bonus_as10_gae1_no,107,700000,LongExtraDayReduced,,,"{""slot_on_"":""723\/7800@m15""}",132,56,41,27,34,39,6,3,6,59,21,17,13,12,22,3,1,4
66610,2026-04-09 17:51:48,1,4,4,coin,steal,steal,gold,1,false,25000,49723276293614,81709,5,5,1,10,0,2,0,0,0,21302,45000,52,0,47.3,bonus_as10_gae1_no,107,700000,,,,"{""4fdd0917"":""481\/1600@m34""}",133,56,43,27,34,39,6,3,6,60,21,19,13,12,22,3,1,4
66611,2026-04-09 17:51:49,1,1,4,coin,coin,steal,gold,1,false,50000,49723276343614,81708,5,5,1,10,0,1,0,0,0,21302,45000,52,0,47.3,bonus_as10_gae1_no,107,700000,LongExtraDayReduced,,,"{""slot_on_"":""724\/7800@m15""}",134,56,44,27,34,39,6,3,6,61,21,20,13,12,22,3,1,4
66612,2026-04-09 17:51:51,1,1,1,coin,coin,coin,gold,1,true,250000,49723276593614,81707,5,5,1,10,0,0,0,0,0,21302,45000,52,0,47.3,bonus_as10_gae1_no,107,700000,,,,,135,56,44,27,34,39,6,3,6,62,21,20,13,12,22,3,1,4
66613,2026-04-09 17:51:52,30,30,1,accumulation,accumulation,coin,gold,1,false,25000,49723276618614,81706,5,5,1,10,0,0,0,0,2,21304,45000,52,2,47.3,bonus_as10_gae1_no,107,700000,,LongExtraDayReduced,LongExtraDayReduced,"{""slot_on_"":""726\/7800@m15""}",136,56,44,27,34,41,6,3,6,63,21,20,13,12,24,3,1,4
66614,2026-04-09 17:51:53,30,2,2,accumulation,goldSack,goldSack,gold,1,false,150000,49723276768614,81705,5,5,1,10,0,0,0,0,1,21305,45000,52,1,47.3,bonus_as10_gae1_no,107,700000,,,,"{""3d7e46c4"":""1848\/2500@m7""}",137,56,44,27,34,42,6,3,6,64,21,20,13,12,25,3,1,4
66615,2026-04-09 17:51:57,3,3,3,attack,attack,attack,attack,2,true,0,49723276768614,81704,5,5,1,10,3,0,0,0,0,21305,45000,52,0,47.3,bonus_as10_gae1_no,107,700000,,,,,138,59,44,27,34,42,7,3,6,65,24,20,13,12,25,4,1,4
66616,2026-04-09 17:52:01,1,4,6,coin,steal,spins,gold,1,false,25000,49723302793614,81703,5,5,1,10,0,1,0,1,0,21305,45000,52,0,47.3,bonus_as10_gae1_no,107,700000,,LongExtraDayReduced,,"{""slot_on_"":""727\/7800@m15""}",139,59,45,27,35,42,7,3,6,66,24,21,13,13,25,4,1,4
66617,2026-04-09 17:52:02,1,1,4,coin,coin,steal,gold,1,false,50000,49723302843614,81702,5,5,1,10,0,1,0,0,0,21305,45000,52,0,47.3,bonus_as10_gae1_no,107,700000,,,LongExtraDayReduced,"{""slot_on_"":""728\/7800@m15""}",140,59,46,27,35,42,7,3,6,67,24,22,13,13,25,4,1,4
66618,2026-04-09 17:52:04,30,2,2,accumulation,goldSack,goldSack,gold,1,false,150000,49723302993614,81701,5,5,1,10,0,0,0,0,1,21306,45000,52,1,47.3,bonus_as10_gae1_no,107,700000,,,,,141,59,46,27,35,43,7,3,6,68,24,22,13,13,26,4,1,4
66619,2026-04-09 17:52:06,4,4,4,steal,steal,steal,steal,4,true,0,49723302993614,81700,5,5,1,10,0,3,0,0,0,21306,45000,52,0,47.3,bonus_as10_gae1_no,107,700000,,LongExtraDayReduced,,"{""slot_on_"":""729\/7800@m15""}",142,59,49,27,35,43,7,4,6,69,24,25,13,13,26,4,2,4
66620,2026-04-09 17:52:12,1,4,6,coin,steal,spins,gold,1,false,25000,49723511704614,81699,5,5,1,10,0,1,0,1,0,21306,45000,52,0,47.3,bonus_as10_gae1_no,107,700000,,,,,143,59,50,27,36,43,7,4,6,70,24,26,13,14,26,4,2,4
66621,2026-04-09 17:52:13,1,4,6,coin,steal,spins,gold,1,false,25000,49723511729614,81698,5,5,1,10,0,1,0,1,0,21306,45000,52,0,47.3,bonus_as10_gae1_no,107,700000,,,,,144,59,51,27,37,43,7,4,6,71,24,27,13,15,26,4,2,4
66622,2026-04-09 17:52:16,3,1,1,attack,coin,coin,gold,1,false,20000000,49723531729614,81298,5,5,400,10,1,0,0,0,0,21306,45000,52,0,47.3,bonus_as10_gae1_no,107,700000,,,LongExtraDayReduced,"{""slot_on_"":""1129\/7800@m15""}",145,60,51,27,37,43,7,4,6,72,25,27,13,15,26,4,2,4
66623,2026-04-09 17:52:17,30,30,30,accumulation,accumulation,accumulation,gold,10,true,0,49723531729614,80898,5,5,400,10,0,0,0,0,3,25306,45000,52,4000,56.2,bonus_as10_gae1_no,107,700000,,LongExtraDayReduced,,"{""slot_on_"":""1529\/7800@m15"",""ea77ce1b"":""2083\/3100@m5""}",146,60,51,27,37,46,7,4,6,73,25,27,13,15,29,4,2,4
