seq,timestamp,r1,r2,r3,reel_1,reel_2,reel_3,spin_result,reward_code,is_triple,coins_won,coins,spins_remaining,shields,max_shields,bet_multiplier,bet_level,atk_count,stl_count,shd_count,spn_count,acc_count,accum_current,accum_total,accum_mission,accum_delta,accum_pct,gae_segment,gae_last_mission,gae_grand_prize,slot2_r1,slot2_r2,slot2_r3,event_bars,sa_spins,sa_atk,sa_stl,sa_shd,sa_spn,sa_acc,sa_3x_atk,sa_3x_stl,sa_3x_shd,ss_spins,ss_atk,ss_stl,ss_shd,ss_spn,ss_acc,ss_3x_atk,ss_3x_stl,ss_3x_shd,r1_idx,r2_idx,r3_idx,is_valuable,strategy_tier,strategy_score,l1_score,l2_score,scorer_cfg,cm_balance,profile_name,slot_prob_seg
74889,2026-04-13 16:18:04,3,1,1,attack,coin,coin,gold,1,false,2500000,87027342196200,500161,5,5,50,11,1,0,0,0,0,0,2500,0,0,0.0,,100,4050000,,,,,1,1,0,0,0,0,0,0,0,1,1,0,0,0,0,0,0,0,5,5,0,false,MIN,-3,-3,0,V2,0,3_5_fbios_PABUnityIAPiOSDefensiveBase,segment_tag_core_slot_prob_nu_29_06_base1
74890,2026-04-13 16:26:48,30,2,2,accumulation,goldSack,goldSack,gold,1,false,7500000,87034139696200,557446,5,5,50,11,0,0,0,0,1,50,2500,0,50,2.0,,100,4050000,,,,,2,1,0,0,0,1,0,0,0,2,1,0,0,0,1,0,0,0,3,3,8,false,BIG,6,4,2,V2,0,3_5_fbios_PABUnityIAPiOSDefensiveBase,segment_tag_core_slot_prob_nu_29_06_base1
74891,2026-04-13 16:26:50,1,4,6,coin,steal,spins,gold,1,false,1250000,87034140946200,557396,5,5,50,11,0,1,0,1,0,50,2500,0,0,2.0,,100,4050000,,,,,3,1,1,0,1,1,0,0,0,3,1,1,0,1,1,0,0,0,6,4,1,false,MIN,-5,-3,-2,V2,0,3_5_fbios_PABUnityIAPiOSDefensiveBase,segment_tag_core_slot_prob_nu_29_06_base1
74892,2026-04-13 16:26:51,5,5,5,shield,shield,shield,shield,3,true,50,87034140946200,557396,5,5,50,11,0,0,3,0,0,50,2500,0,0,2.0,,100,4050000,,,,,4,1,1,3,1,1,0,0,1,4,1,1,3,1,1,0,0,1,2,2,2,false,MIN,-3,-1,-2,V2,0,3_5_fbios_PABUnityIAPiOSDefensiveBase,segment_tag_core_slot_prob_nu_29_06_base1
74893,2026-04-13 16:26:53,30,30,30,accumulation,accumulation,accumulation,gold,10,true,0,87034140946200,557346,5,5,50,11,0,0,0,0,3,550,2500,0,500,22.0,,100,4050000,,,,,5,1,1,3,1,4,0,0,1,5,1,1,3,1,4,0,0,1,8,8,8,true,SMALL,-1,-1,0,V2,0,3_5_fbios_PABUnityIAPiOSDefensiveBase,segment_tag_core_slot_prob_nu_29_06_base1
74894,2026-04-13 16:26:55,30,30,1,accumulation,accumulation,coin,gold,1,false,1250000,87034142196200,557296,5,5,50,11,0,0,0,0,2,650,2500,0,100,26.0,,100,4050000,,,,,1,0,0,0,0,2,0,0,0,6,1,1,3,1,6,0,0,1,1,8,8,false,NORMAL,1,1,0,V2,0,3_5_fbios_PABUnityIAPiOSDefensiveBase,segment_tag_core_slot_prob_nu_29_06_base1
74895,2026-04-13 16:26:58,1,4,6,coin,steal,spins,gold,1,false,1250000,87034143446200,557246,5,5,50,11,0,1,0,1,0,650,2500,0,0,26.0,,100,4050000,,,,,2,0,1,0,1,2,0,0,0,7,1,2,3,2,6,0,0,1,6,4,5,false,BIG,5,5,0,V2,0,3_5_fbios_PABUnityIAPiOSDefensiveBase,segment_tag_core_slot_prob_nu_29_06_base1
74896,2026-04-13 16:26:59,1,1,6,coin,coin,spins,gold,1,false,2500000,87034145946200,557196,5,5,50,11,0,0,0,1,0,650,2500,0,0,26.0,,100,4050000,,,,,3,0,1,0,2,2,0,0,0,8,1,2,3,3,6,0,0,1,6,1,1,false,MIN,-3,-1,-2,V2,0,3_5_fbios_PABUnityIAPiOSDefensiveBase,segment_tag_core_slot_prob_nu_29_06_base1
74897,2026-04-13 16:27:00,3,4,2,attack,steal,goldSack,gold,1,false,5000000,87034150946200,557146,5,5,50,11,1,1,0,0,0,650,2500,0,0,26.0,,100,4050000,,,,,4,1,2,0,2,2,0,0,0,9,2,3,3,3,6,0,0,1,3,4,0,false,NORMAL,1,3,-2,V2,0,3_5_fbios_PABUnityIAPiOSDefensiveBase,segment_tag_core_slot_prob_nu_29_06_base1
74898,2026-04-13 16:27:09,5,5,5,shield,shield,shield,shield,3,true,50,87034150946200,557146,5,5,50,11,0,0,3,0,0,650,2500,0,0,26.0,,100,4050000,,,,"{""b0185791"":""40\/50@m1""}",1,0,0,3,0,0,0,0,1,1,0,0,3,0,0,0,0,1,2,2,2,false,SMALL,-2,-1,-1,V2,0,3_5_fbios_PABUnityIAPiOSDefensiveBase,segment_tag_core_slot_prob_nu_29_06_base1
74899,2026-04-13 16:27:13,30,30,1,accumulation,accumulation,coin,gold,1,false,1250000,87034152196200,557096,5,5,50,11,0,0,0,0,2,750,2500,0,100,30.0,,100,4050000,,,,,2,0,0,3,0,2,0,0,1,2,0,0,3,0,2,0,0,1,1,8,8,false,SMALL,-2,-1,-1,V2,0,3_5_fbios_PABUnityIAPiOSDefensiveBase,segment_tag_core_slot_prob_nu_29_06_base1
74900,2026-04-13 16:27:14,30,30,1,accumulation,accumulation,coin,gold,1,false,1250000,87034153446200,557046,5,5,50,11,0,0,0,0,2,850,2500,0,100,34.0,,100,4050000,,,,,3,0,0,3,0,4,0,0,1,3,0,0,3,0,4,0,0,1,5,8,8,false,NORMAL,0,1,-1,V2,0,3_5_fbios_PABUnityIAPiOSDefensiveBase,segment_tag_core_slot_prob_nu_29_06_base1
74901,2026-04-13 16:27:16,30,2,2,accumulation,goldSack,goldSack,gold,1,false,7500000,87034160946200,556996,5,5,50,11,0,0,0,0,1,900,2500,0,50,36.0,,100,4050000,,,,,4,0,0,3,0,5,0,0,1,4,0,0,3,0,5,0,0,1,3,7,8,false,BIG,6,7,-1,V2,0,3_5_fbios_PABUnityIAPiOSDefensiveBase,segment_tag_core_slot_prob_nu_29_06_base1
74902,2026-04-13 16:27:18,2,2,2,goldSack,goldSack,goldSack,gold,1,true,120000000,87034280946200,556946,5,5,50,11,0,0,0,0,0,900,2500,0,0,36.0,,100,4050000,,,,"{""4f593c8c"":""100\/350@m0""}",5,0,0,3,0,5,0,0,1,5,0,0,3,0,5,0,0,1,3,3,3,false,BIG,4,4,0,V2,0,3_5_fbios_PABUnityIAPiOSDefensiveBase,segment_tag_core_slot_prob_nu_29_06_base1
74903,2026-04-13 16:27:20,1,1,1,coin,coin,coin,gold,1,true,12500000,87034293446200,556896,5,5,50,11,0,0,0,0,0,900,2500,0,0,36.0,,100,4050000,,,,,6,0,0,3,0,5,0,0,1,6,0,0,3,0,5,0,0,1,1,1,1,false,MIN,-7,-4,-3,V2,0,3_5_fbios_PABUnityIAPiOSDefensiveBase,segment_tag_core_slot_prob_nu_29_06_base1
74904,2026-04-13 16:27:21,1,6,6,coin,spins,spins,gold,1,false,1250000,87034294696200,556846,5,5,50,11,0,0,0,2,0,900,2500,0,0,36.0,,100,4050000,,,,,7,0,0,3,2,5,0,0,1,7,0,0,3,2,5,0,0,1,6,6,1,false,MIN,-5,-2,-3,V2,0,3_5_fbios_PABUnityIAPiOSDefensiveBase,segment_tag_core_slot_prob_nu_29_06_base1
74905,2026-04-13 16:27:23,3,1,1,attack,coin,coin,gold,1,false,2500000,87034297196200,556796,5,5,50,11,1,0,0,0,0,900,2500,0,0,36.0,,100,4050000,,,,,8,1,0,3,2,5,0,0,1,8,1,0,3,2,5,0,0,1,1,1,0,false,MIN,-3,0,-3,V2,0,3_5_fbios_PABUnityIAPiOSDefensiveBase,segment_tag_core_slot_prob_nu_29_06_base1
74906,2026-04-13 16:27:24,3,4,2,attack,steal,goldSack,gold,1,false,5000000,87034302196200,556746,5,5,50,11,1,1,0,0,0,900,2500,0,0,36.0,,100,4050000,,,,,9,2,1,3,2,5,0,0,1,9,2,1,3,2,5,0,0,1,7,4,0,false,SMALL,-1,0,-1,V2,0,3_5_fbios_PABUnityIAPiOSDefensiveBase,segment_tag_core_slot_prob_nu_29_06_base1
74907,2026-04-13 16:27:25,1,1,6,coin,coin,spins,gold,1,false,2500000,87034304696200,556696,5,5,50,11,0,0,0,1,0,900,2500,0,0,36.0,,100,4050000,,,,"{""b0185791"":""40\/140@m2""}",10,2,1,3,3,5,0,0,1,10,2,1,3,3,5,0,0,1,6,1,1,false,MIN,-4,-2,-2,V2,0,3_5_fbios_PABUnityIAPiOSDefensiveBase,segment_tag_core_slot_prob_nu_29_06_base1
74908,2026-04-13 16:27:59,1,1,4,coin,coin,steal,gold,1,false,20000000,87034324696200,556296,5,5,400,11,0,1,0,0,0,900,2500,0,0,36.0,,100,4050000,,,,,11,2,2,3,3,5,0,0,1,11,2,2,3,3,5,0,0,1,4,5,1,false,MIN,-7,-5,-2,V2,0,3_5_fbios_PABUnityIAPiOSDefensiveBase,segment_tag_core_slot_prob_nu_29_06_base1
74909,2026-04-13 16:28:01,4,4,4,steal,steal,steal,steal,4,true,0,87034324696200,555896,5,5,400,11,0,3,0,0,0,900,2500,0,0,36.0,,100,4050000,,,,"{""90c703bf"":""350\/1800@m1""}",12,2,5,3,3,5,0,1,1,12,2,5,3,3,5,0,1,1,4,4,4,false,MIN,-6,-4,-2,V2,0,3_5_fbios_PABUnityIAPiOSDefensiveBase,segment_tag_core_slot_prob_nu_29_06_base1
74910,2026-04-13 19:28:59,3,6,2,attack,spins,goldSack,gold,1,false,100000,87058239888530,556295,5,5,1,11,1,0,0,1,0,900,2500,0,0,36.0,,100,4050000,,,,,13,3,5,3,4,5,0,1,1,13,3,5,3,4,5,0,1,1,3,6,0,false,NORMAL,1,1,0,V2,0,3_5_fbios_PABUnityIAPiOSDefensiveBase,segment_tag_core_slot_prob_nu_29_06_base1
74911,2026-04-13 19:28:59,30,30,30,accumulation,accumulation,accumulation,gold,10,true,0,87058239888530,556294,5,5,1,11,0,0,0,0,3,910,2500,0,10,36.4,,100,4050000,,,,,14,3,5,3,4,8,0,1,1,14,3,5,3,4,8,0,1,1,8,8,8,true,NORMAL,2,1,1,V2,0,3_5_fbios_PABUnityIAPiOSDefensiveBase,segment_tag_core_slot_prob_nu_29_06_base1
74912,2026-04-13 19:29:00,30,2,2,accumulation,goldSack,goldSack,gold,1,false,150000,87058240038530,556293,5,5,1,11,0,0,0,0,1,911,2500,0,1,36.4,,100,4050000,,,,,1,0,0,0,0,1,0,0,0,15,3,5,3,4,9,0,1,1,7,3,8,false,MAX,8,7,1,V2,0,3_5_fbios_PABUnityIAPiOSDefensiveBase,segment_tag_core_slot_prob_nu_29_06_base1
74913,2026-04-13 19:29:02,30,2,2,accumulation,goldSack,goldSack,gold,1,false,150000,87058240188530,556292,5,5,1,11,0,0,0,0,1,912,2500,0,1,36.5,,100,4050000,,,,,2,0,0,0,0,2,0,0,0,16,3,5,3,4,10,0,1,1,7,3,8,false,MAX,10,9,1,V2,0,3_5_fbios_PABUnityIAPiOSDefensiveBase,segment_tag_core_slot_prob_nu_29_06_base1
74914,2026-04-13 19:29:05,3,6,2,attack,spins,goldSack,gold,1,false,100000,87058240288530,556291,5,5,1,11,1,0,0,1,0,912,2500,0,0,36.5,,100,4050000,,,,"{""4f593c8c"":""102\/350@m0""}",1,1,0,0,1,0,0,0,0,1,1,0,0,1,0,0,0,0,3,6,0,false,NORMAL,3,2,1,V2,0,3_5_fbios_PABUnityIAPiOSDefensiveBase,segment_tag_core_slot_prob_nu_29_06_base1
74915,2026-04-13 19:29:06,1,4,5,coin,steal,shield,gold,1,false,25000,87058240313530,556290,5,5,1,11,0,1,1,0,0,912,2500,0,0,36.5,,100,4050000,,,,,2,1,1,1,1,0,0,0,0,2,1,1,1,1,0,0,0,0,2,4,5,false,NORMAL,3,2,1,V2,0,3_5_fbios_PABUnityIAPiOSDefensiveBase,segment_tag_core_slot_prob_nu_29_06_base1
74916,2026-04-13 19:29:07,3,4,2,attack,steal,goldSack,gold,1,false,100000,87058240413530,556289,5,5,1,11,1,1,0,0,0,912,2500,0,0,36.5,,100,4050000,,,,,3,2,2,1,1,0,0,0,0,3,2,2,1,1,0,0,0,0,3,4,0,false,NORMAL,2,2,0,V2,0,3_5_fbios_PABUnityIAPiOSDefensiveBase,segment_tag_core_slot_prob_nu_29_06_base1
74917,2026-04-13 19:29:08,1,1,1,coin,coin,coin,gold,1,true,250000,87058240663530,556288,5,5,1,11,0,0,0,0,0,912,2500,0,0,36.5,,100,4050000,,,,,4,2,2,1,1,0,0,0,0,4,2,2,1,1,0,0,0,0,5,5,5,false,SMALL,-2,-2,0,V2,0,3_5_fbios_PABUnityIAPiOSDefensiveBase,segment_tag_core_slot_prob_nu_29_06_base1
74918,2026-04-13 19:29:08,4,4,4,steal,steal,steal,steal,4,true,0,87058240663530,556287,5,5,1,11,0,3,0,0,0,912,2500,0,0,36.5,,100,4050000,,,,"{""b0185791"":""41\/140@m2""}",5,2,5,1,1,0,0,1,0,5,2,5,1,1,0,0,1,0,4,4,4,false,MIN,-5,-5,0,V2,0,3_5_fbios_PABUnityIAPiOSDefensiveBase,segment_tag_core_slot_prob_nu_29_06_base1
74919,2026-04-13 19:52:40,1,4,4,coin,steal,steal,gold,1,false,25000,87058324332030,556286,5,5,1,11,0,2,0,0,0,912,2500,0,0,36.5,,100,4050000,,,,,6,2,7,1,1,0,0,1,0,6,2,7,1,1,0,0,1,0,4,4,5,false,SMALL,-1,-1,0,V2,0,3_5_fbios_PABUnityIAPiOSDefensiveBase,segment_tag_core_slot_prob_nu_29_06_base1
74920,2026-04-13 19:52:47,3,6,2,attack,spins,goldSack,gold,1,false,100000,87058324432030,556285,5,5,1,11,1,0,0,1,0,912,2500,0,0,36.5,,100,4050000,,,,,7,3,7,1,2,0,0,1,0,7,3,7,1,2,0,0,1,0,3,6,0,false,NORMAL,3,2,1,V2,0,3_5_fbios_PABUnityIAPiOSDefensiveBase,segment_tag_core_slot_prob_nu_29_06_base1
74921,2026-04-13 19:52:48,3,3,3,attack,attack,attack,attack,2,true,0,87058324432030,556284,5,5,1,11,3,0,0,0,0,912,2500,0,0,36.5,,100,4050000,,,,,8,6,7,1,2,0,1,1,0,8,6,7,1,2,0,1,1,0,0,0,0,false,SMALL,-1,-1,0,V2,0,3_5_fbios_PABUnityIAPiOSDefensiveBase,segment_tag_core_slot_prob_nu_29_06_base1
74922,2026-04-13 19:52:51,1,4,4,coin,steal,steal,gold,1,false,25000,87058354457030,556283,5,5,1,11,0,2,0,0,0,912,2500,0,0,36.5,,100,4050000,,,,"{""4f593c8c"":""104\/350@m0""}",9,6,9,1,2,0,1,1,0,9,6,9,1,2,0,1,1,0,4,4,5,false,NORMAL,0,0,0,V2,0,3_5_fbios_PABUnityIAPiOSDefensiveBase,segment_tag_core_slot_prob_nu_29_06_base1
74923,2026-04-13 19:52:52,1,4,4,coin,steal,steal,gold,1,false,25000,87058354482030,556282,5,5,1,11,0,2,0,0,0,912,2500,0,0,36.5,,100,4050000,,,,,10,6,11,1,2,0,1,1,0,10,6,11,1,2,0,1,1,0,4,4,1,false,MIN,-6,-3,-3,V2,0,3_5_fbios_PABUnityIAPiOSDefensiveBase,segment_tag_core_slot_prob_nu_29_06_base1
74924,2026-04-13 19:52:53,1,4,5,coin,steal,shield,gold,1,false,25000,87058354507030,556281,5,5,1,11,0,1,1,0,0,912,2500,0,0,36.5,,100,4050000,,,,,11,6,12,2,2,0,1,1,0,11,6,12,2,2,0,1,1,0,2,4,5,false,SMALL,-1,2,-3,V2,0,3_5_fbios_PABUnityIAPiOSDefensiveBase,segment_tag_core_slot_prob_nu_29_06_base1
74925,2026-04-13 19:52:54,5,5,5,shield,shield,shield,shield,3,true,1,87058354507030,556281,5,5,1,11,0,0,3,0,0,912,2500,0,0,36.5,,100,4050000,,,,,12,6,12,5,2,0,1,1,1,12,6,12,5,2,0,1,1,1,2,2,2,false,SMALL,-2,-1,-1,V2,0,3_5_fbios_PABUnityIAPiOSDefensiveBase,segment_tag_core_slot_prob_nu_29_06_base1
74926,2026-04-13 19:52:55,30,30,1,accumulation,accumulation,coin,gold,1,false,25000,87058354532030,556280,5,5,1,11,0,0,0,0,2,914,2500,0,2,36.6,,100,4050000,,,,,13,6,12,5,2,2,1,1,1,13,6,12,5,2,2,1,1,1,1,8,8,false,SMALL,-1,-1,0,V2,0,3_5_fbios_PABUnityIAPiOSDefensiveBase,segment_tag_core_slot_prob_nu_29_06_base1
74927,2026-04-13 19:52:56,3,6,2,attack,spins,goldSack,gold,1,false,100000,87058354632030,556279,5,5,1,11,1,0,0,1,0,914,2500,0,0,36.6,,100,4050000,,,,,14,7,12,5,3,2,1,1,1,14,7,12,5,3,2,1,1,1,3,6,0,false,NORMAL,2,2,0,V2,0,3_5_fbios_PABUnityIAPiOSDefensiveBase,segment_tag_core_slot_prob_nu_29_06_base1
74928,2026-04-13 19:53:06,3,3,3,attack,attack,attack,attack,2,true,0,87058354632030,556278,5,5,1,11,3,0,0,0,0,914,2500,0,0,36.6,,100,4050000,,,,"{""4f593c8c"":""106\/350@m0"",""b0185791"":""42\/140@m2""}",15,10,12,5,3,2,2,1,1,15,10,12,5,3,2,2,1,1,0,0,0,false,SMALL,-2,-1,-1,V2,0,3_5_fbios_PABUnityIAPiOSDefensiveBase,segment_tag_core_slot_prob_nu_29_06_base1
74929,2026-04-13 19:53:09,1,1,4,coin,coin,steal,gold,1,false,50000,87058384682030,556277,5,5,1,11,0,1,0,0,0,914,2500,0,0,36.6,,100,4050000,,,,,16,10,13,5,3,2,2,1,1,16,10,13,5,3,2,2,1,1,4,5,1,false,MIN,-9,-6,-3,V2,0,3_5_fbios_PABUnityIAPiOSDefensiveBase,segment_tag_core_slot_prob_nu_29_06_base1
74930,2026-04-13 19:53:11,2,2,2,goldSack,goldSack,goldSack,gold,1,true,2400000,87058387082030,556276,5,5,1,11,0,0,0,0,0,914,2500,0,0,36.6,,100,4050000,,,,,17,10,13,5,3,2,2,1,1,17,10,13,5,3,2,2,1,1,7,3,3,false,NORMAL,2,5,-3,V2,0,3_5_fbios_PABUnityIAPiOSDefensiveBase,segment_tag_core_slot_prob_nu_29_06_base1
74931,2026-04-13 19:53:11,3,6,2,attack,spins,goldSack,gold,1,false,100000,87058387182030,556275,5,5,1,11,1,0,0,1,0,914,2500,0,0,36.6,,100,4050000,,,,,18,11,13,5,4,2,2,1,1,18,11,13,5,4,2,2,1,1,7,6,0,false,SMALL,-2,-1,-1,V2,0,3_5_fbios_PABUnityIAPiOSDefensiveBase,segment_tag_core_slot_prob_nu_29_06_base1
74932,2026-04-13 19:53:12,5,5,5,shield,shield,shield,shield,3,true,1,87058387182030,556275,5,5,1,11,0,0,3,0,0,914,2500,0,0,36.6,,100,4050000,,,,"{""4f593c8c"":""108\/350@m0""}",19,11,13,8,4,2,2,1,2,19,11,13,8,4,2,2,1,2,2,2,2,false,SMALL,-2,-1,-1,V2,0,3_5_fbios_PABUnityIAPiOSDefensiveBase,segment_tag_core_slot_prob_nu_29_06_base1
74933,2026-04-13 19:53:13,3,3,2,attack,attack,goldSack,gold,1,false,100000,87058387282030,556274,5,5,1,11,2,0,0,0,0,914,2500,0,0,36.6,,100,4050000,,,,"{""b0185791"":""43\/140@m2""}",20,13,13,8,4,2,2,1,2,20,13,13,8,4,2,2,1,2,7,0,0,false,MIN,-4,-4,0,V2,0,3_5_fbios_PABUnityIAPiOSDefensiveBase,segment_tag_core_slot_prob_nu_29_06_base1
74934,2026-04-13 19:53:14,1,1,1,coin,coin,coin,gold,1,true,250000,87058387532030,556273,5,5,1,11,0,0,0,0,0,914,2500,0,0,36.6,,100,4050000,,,,,21,13,13,8,4,2,2,1,2,21,13,13,8,4,2,2,1,2,1,1,1,false,MIN,-6,-4,-2,V2,0,3_5_fbios_PABUnityIAPiOSDefensiveBase,segment_tag_core_slot_prob_nu_29_06_base1
74935,2026-04-13 19:53:14,30,2,2,accumulation,goldSack,goldSack,gold,1,false,150000,87058387682030,556272,5,5,1,11,0,0,0,0,1,915,2500,0,1,36.6,,100,4050000,,,,,22,13,13,8,4,3,2,1,2,22,13,13,8,4,3,2,1,2,3,3,8,false,NORMAL,2,4,-2,V2,0,3_5_fbios_PABUnityIAPiOSDefensiveBase,segment_tag_core_slot_prob_nu_29_06_base1
74936,2026-04-13 19:53:15,3,3,3,attack,attack,attack,attack,2,true,0,87058387682030,556271,5,5,1,11,3,0,0,0,0,915,2500,0,0,36.6,,100,4050000,,,,"{""4f593c8c"":""110\/350@m0""}",23,16,13,8,4,3,3,1,2,23,16,13,8,4,3,3,1,2,0,0,0,false,MIN,-3,-2,-1,V2,0,3_5_fbios_PABUnityIAPiOSDefensiveBase,segment_tag_core_slot_prob_nu_29_06_base1
74937,2026-04-13 19:53:20,3,3,2,attack,attack,goldSack,gold,1,false,100000,87058397682030,556270,5,5,1,11,2,0,0,0,0,915,2500,0,0,36.6,,100,4050000,,,,,24,18,13,8,4,3,3,1,2,24,18,13,8,4,3,3,1,2,3,0,0,false,NORMAL,1,2,-1,V2,0,3_5_fbios_PABUnityIAPiOSDefensiveBase,segment_tag_core_slot_prob_nu_29_06_base1
74938,2026-04-13 19:53:21,2,2,2,goldSack,goldSack,goldSack,gold,1,true,2400000,87058400082030,556269,5,5,1,11,0,0,0,0,0,915,2500,0,0,36.6,,100,4050000,,,,"{""4f593c8c"":""112\/350@m0"",""90c703bf"":""352\/1800@m1""}",25,18,13,8,4,3,3,1,2,25,18,13,8,4,3,3,1,2,3,7,7,false,NORMAL,3,4,-1,V2,0,3_5_fbios_PABUnityIAPiOSDefensiveBase,segment_tag_core_slot_prob_nu_29_06_base1
74939,2026-04-13 19:53:22,30,2,2,accumulation,goldSack,goldSack,gold,1,false,150000,87058400232030,556268,5,5,1,11,0,0,0,0,1,916,2500,0,1,36.6,,100,4050000,,,,"{""b0185791"":""44\/140@m2""}",26,18,13,8,4,4,3,1,2,26,18,13,8,4,4,3,1,2,3,3,8,false,BIG,5,6,-1,V2,0,3_5_fbios_PABUnityIAPiOSDefensiveBase,segment_tag_core_slot_prob_nu_29_06_base1
74940,2026-04-13 19:53:23,30,30,1,accumulation,accumulation,coin,gold,1,false,25000,87058400257030,556267,5,5,1,11,0,0,0,0,2,918,2500,0,2,36.7,,100,4050000,,,,,27,18,13,8,4,6,3,1,2,27,18,13,8,4,6,3,1,2,1,8,8,false,NORMAL,2,2,0,V2,0,3_5_fbios_PABUnityIAPiOSDefensiveBase,segment_tag_core_slot_prob_nu_29_06_base1
74941,2026-04-13 19:53:24,1,1,1,coin,coin,coin,gold,1,true,250000,87058400507030,556266,5,5,1,11,0,0,0,0,0,918,2500,0,0,36.7,,100,4050000,,,,,28,18,13,8,4,6,3,1,2,28,18,13,8,4,6,3,1,2,5,5,1,false,MIN,-12,-9,-3,V2,0,3_5_fbios_PABUnityIAPiOSDefensiveBase,segment_tag_core_slot_prob_nu_29_06_base1
74942,2026-04-13 19:53:25,3,3,3,attack,attack,attack,attack,2,true,0,87058400507030,556265,5,5,1,11,3,0,0,0,0,918,2500,0,0,36.7,,100,4050000,,,,,29,21,13,8,4,6,4,1,2,29,21,13,8,4,6,4,1,2,0,0,0,false,MIN,-5,-2,-3,V2,0,3_5_fbios_PABUnityIAPiOSDefensiveBase,segment_tag_core_slot_prob_nu_29_06_base1
74943,2026-04-13 19:53:28,30,2,2,accumulation,goldSack,goldSack,gold,1,false,150000,87058430657030,556264,5,5,1,11,0,0,0,0,1,919,2500,0,1,36.8,,100,4050000,,,,,30,21,13,8,4,7,4,1,2,30,21,13,8,4,7,4,1,2,7,7,8,false,MAX,8,8,0,V2,0,3_5_fbios_PABUnityIAPiOSDefensiveBase,segment_tag_core_slot_prob_nu_29_06_base1
74944,2026-04-13 19:53:30,3,6,2,attack,spins,goldSack,gold,1,false,100000,87058430757030,556263,5,5,1,11,1,0,0,1,0,919,2500,0,0,36.8,,100,4050000,,,,,31,22,13,8,5,7,4,1,2,31,22,13,8,5,7,4,1,2,7,6,0,false,NORMAL,0,-1,1,V2,0,3_5_fbios_PABUnityIAPiOSDefensiveBase,segment_tag_core_slot_prob_nu_29_06_base1
74945,2026-04-13 19:53:30,1,4,5,coin,steal,shield,gold,1,false,25000,87058430782030,556262,5,5,1,11,0,1,1,0,0,919,2500,0,0,36.8,,100,4050000,,,,,32,22,14,9,5,7,4,1,2,32,22,14,9,5,7,4,1,2,2,4,1,false,MIN,-3,-2,-1,V2,0,3_5_fbios_PABUnityIAPiOSDefensiveBase,segment_tag_core_slot_prob_nu_29_06_base1
74946,2026-04-13 19:53:31,30,2,2,accumulation,goldSack,goldSack,gold,1,false,150000,87058430932030,556261,5,5,1,11,0,0,0,0,1,920,2500,0,1,36.8,,100,4050000,,,,"{""4f593c8c"":""114\/350@m0"",""b0185791"":""45\/140@m2""}",33,22,14,9,5,8,4,1,2,33,22,14,9,5,8,4,1,2,7,3,8,false,BIG,5,6,-1,V2,0,3_5_fbios_PABUnityIAPiOSDefensiveBase,segment_tag_core_slot_prob_nu_29_06_base1
74947,2026-04-13 19:53:32,1,4,6,coin,steal,spins,gold,1,false,25000,87058430957030,556260,5,5,1,11,0,1,0,1,0,920,2500,0,0,36.8,,100,4050000,,,,,34,22,15,9,6,8,4,1,2,34,22,15,9,6,8,4,1,2,6,4,5,false,BIG,6,5,1,V2,0,3_5_fbios_PABUnityIAPiOSDefensiveBase,segment_tag_core_slot_prob_nu_29_06_base1
74948,2026-04-13 19:53:33,30,2,2,accumulation,goldSack,goldSack,gold,1,false,150000,87058431107030,556259,5,5,1,11,0,0,0,0,1,921,2500,0,1,36.8,,100,4050000,,,,,35,22,15,9,6,9,4,1,2,35,22,15,9,6,9,4,1,2,7,7,8,false,MAX,9,8,1,V2,0,3_5_fbios_PABUnityIAPiOSDefensiveBase,segment_tag_core_slot_prob_nu_29_06_base1
74949,2026-04-13 19:53:34,2,2,2,goldSack,goldSack,goldSack,gold,1,true,2400000,87058433507030,556258,5,5,1,11,0,0,0,0,0,921,2500,0,0,36.8,,100,4050000,,,,,36,22,15,9,6,9,4,1,2,36,22,15,9,6,9,4,1,2,7,3,3,false,BIG,6,6,0,V2,0,3_5_fbios_PABUnityIAPiOSDefensiveBase,segment_tag_core_slot_prob_nu_29_06_base1
74950,2026-04-13 19:53:35,1,4,5,coin,steal,shield,gold,1,false,25000,87058433532030,556257,5,5,1,11,0,1,1,0,0,921,2500,0,0,36.8,,100,4050000,,,,,37,22,16,10,6,9,4,1,2,37,22,16,10,6,9,4,1,2,2,4,5,false,NORMAL,2,2,0,V2,0,3_5_fbios_PABUnityIAPiOSDefensiveBase,segment_tag_core_slot_prob_nu_29_06_base1
74951,2026-04-13 19:53:36,2,2,2,goldSack,goldSack,goldSack,gold,1,true,2400000,87058435932030,556256,5,5,1,11,0,0,0,0,0,921,2500,0,0,36.8,,100,4050000,,,,"{""b0185791"":""46\/140@m2""}",38,22,16,10,6,9,4,1,2,38,22,16,10,6,9,4,1,2,7,7,7,false,NORMAL,3,2,1,V2,0,3_5_fbios_PABUnityIAPiOSDefensiveBase,segment_tag_core_slot_prob_nu_29_06_base1
74952,2026-04-13 19:53:37,3,3,2,attack,attack,goldSack,gold,1,false,100000,87058436032030,556255,5,5,1,11,2,0,0,0,0,921,2500,0,0,36.8,,100,4050000,,,,,39,24,16,10,6,9,4,1,2,39,24,16,10,6,9,4,1,2,3,0,0,false,NORMAL,2,1,1,V2,0,3_5_fbios_PABUnityIAPiOSDefensiveBase,segment_tag_core_slot_prob_nu_29_06_base1
74953,2026-04-13 19:53:38,1,1,4,coin,coin,steal,gold,1,false,50000,87058436082030,556254,5,5,1,11,0,1,0,0,0,921,2500,0,0,36.8,,100,4050000,,,,,40,24,17,10,6,9,4,1,2,40,24,17,10,6,9,4,1,2,4,5,1,false,MIN,-8,-6,-2,V2,0,3_5_fbios_PABUnityIAPiOSDefensiveBase,segment_tag_core_slot_prob_nu_29_06_base1
74954,2026-04-13 19:53:38,3,6,2,attack,spins,goldSack,gold,1,false,100000,87058436182030,556253,5,5,1,11,1,0,0,1,0,921,2500,0,0,36.8,,100,4050000,,,,,41,25,17,10,7,9,4,1,2,41,25,17,10,7,9,4,1,2,3,6,0,false,NORMAL,0,2,-2,V2,0,3_5_fbios_PABUnityIAPiOSDefensiveBase,segment_tag_core_slot_prob_nu_29_06_base1
74955,2026-04-13 19:53:39,3,1,1,attack,coin,coin,gold,1,false,50000,87058436232030,556252,5,5,1,11,1,0,0,0,0,921,2500,0,0,36.8,,100,4050000,,,,"{""b0185791"":""47\/140@m2""}",42,26,17,10,7,9,4,1,2,42,26,17,10,7,9,4,1,2,5,5,0,false,MIN,-5,-3,-2,V2,0,3_5_fbios_PABUnityIAPiOSDefensiveBase,segment_tag_core_slot_prob_nu_29_06_base1
74956,2026-04-13 19:53:40,1,1,1,coin,coin,coin,gold,1,true,250000,87058436482030,556251,5,5,1,11,0,0,0,0,0,921,2500,0,0,36.8,,100,4050000,,,,,43,26,17,10,7,9,4,1,2,43,26,17,10,7,9,4,1,2,5,5,1,false,MIN,-10,-8,-2,V2,0,3_5_fbios_PABUnityIAPiOSDefensiveBase,segment_tag_core_slot_prob_nu_29_06_base1
74957,2026-04-13 19:53:41,30,2,2,accumulation,goldSack,goldSack,gold,1,false,150000,87058436632030,556250,5,5,1,11,0,0,0,0,1,922,2500,0,1,36.9,,100,4050000,,,,,44,26,17,10,7,10,4,1,2,44,26,17,10,7,10,4,1,2,3,7,8,false,BIG,4,6,-2,V2,0,3_5_fbios_PABUnityIAPiOSDefensiveBase,segment_tag_core_slot_prob_nu_29_06_base1
74958,2026-04-13 19:53:42,5,5,5,shield,shield,shield,shield,3,true,1,87058436632030,556250,5,5,1,11,0,0,3,0,0,922,2500,0,0,36.9,,100,4050000,,,,,45,26,17,13,7,10,4,1,3,45,26,17,13,7,10,4,1,3,2,2,2,false,SMALL,-2,-1,-1,V2,0,3_5_fbios_PABUnityIAPiOSDefensiveBase,segment_tag_core_slot_prob_nu_29_06_base1
74959,2026-04-13 19:53:43,3,3,3,attack,attack,attack,attack,2,true,0,87058436632030,556249,5,5,1,11,3,0,0,0,0,922,2500,0,0,36.9,,100,4050000,,,,,46,29,17,13,7,10,5,1,3,46,29,17,13,7,10,5,1,3,0,0,0,false,MIN,-5,-4,-1,V2,0,3_5_fbios_PABUnityIAPiOSDefensiveBase,segment_tag_core_slot_prob_nu_29_06_base1
74960,2026-04-13 19:53:47,30,30,1,accumulation,accumulation,coin,gold,1,false,25000,87058446557030,556248,5,5,1,11,0,0,0,0,2,924,2500,0,2,37.0,,100,4050000,,,,"{""b0185791"":""48\/140@m2""}",47,29,17,13,7,12,5,1,3,47,29,17,13,7,12,5,1,3,1,8,8,false,NORMAL,1,1,0,V2,0,3_5_fbios_PABUnityIAPiOSDefensiveBase,segment_tag_core_slot_prob_nu_29_06_base1
74961,2026-04-13 19:53:48,1,4,6,coin,steal,spins,gold,1,false,25000,87058446582030,556247,5,5,1,11,0,1,0,1,0,924,2500,0,0,37.0,,100,4050000,,,,,48,29,18,13,8,12,5,1,3,48,29,18,13,8,12,5,1,3,6,4,5,false,BIG,5,5,0,V2,0,3_5_fbios_PABUnityIAPiOSDefensiveBase,segment_tag_core_slot_prob_nu_29_06_base1
74962,2026-04-13 19:53:51,3,1,4,attack,coin,steal,gold,1,false,1250000,87058447832030,556197,5,5,50,11,1,1,0,0,0,924,2500,0,0,37.0,,100,4050000,,,,,49,30,19,13,8,12,5,1,3,49,30,19,13,8,12,5,1,3,4,1,0,false,NORMAL,2,0,2,V2,0,3_5_fbios_PABUnityIAPiOSDefensiveBase,segment_tag_core_slot_prob_nu_29_06_base1
74963,2026-04-13 19:53:51,4,6,2,steal,spins,goldSack,gold,1,false,5000000,87058452832030,556147,5,5,50,11,0,1,0,1,0,924,2500,0,0,37.0,,100,4050000,,,,,50,30,20,13,9,12,5,1,3,50,30,20,13,9,12,5,1,3,3,6,4,false,BIG,4,1,3,V2,0,3_5_fbios_PABUnityIAPiOSDefensiveBase,segment_tag_core_slot_prob_nu_29_06_base1
74964,2026-04-13 19:53:52,30,30,30,accumulation,accumulation,accumulation,gold,10,true,0,87058452832030,556097,5,5,50,11,0,0,0,0,3,1424,2500,0,500,57.0,,100,4050000,,,,,51,30,20,13,9,15,5,1,3,51,30,20,13,9,15,5,1,3,8,8,8,true,BIG,6,2,4,V2,0,3_5_fbios_PABUnityIAPiOSDefensiveBase,segment_tag_core_slot_prob_nu_29_06_base1
74965,2026-04-13 19:53:53,3,3,3,attack,attack,attack,attack,2,true,0,87058452832030,556047,5,5,50,11,3,0,0,0,0,1424,2500,0,0,57.0,,100,4050000,,,,"{""4f593c8c"":""214\/350@m0"",""b0185791"":""98\/140@m2""}",1,3,0,0,0,0,1,0,0,52,33,20,13,9,15,6,1,3,0,0,0,false,NORMAL,0,-3,3,V2,0,3_5_fbios_PABUnityIAPiOSDefensiveBase,segment_tag_core_slot_prob_nu_29_06_base1
74966,2026-04-13 19:54:02,4,4,2,steal,steal,goldSack,gold,1,false,100000,87059952932030,556046,5,5,1,11,0,2,0,0,0,1424,2500,0,0,57.0,,100,4050000,,,,"{""90c703bf"":""354\/1800@m1""}",2,3,2,0,0,0,1,0,0,53,33,22,13,9,15,6,1,3,7,4,4,false,BIG,6,2,4,V2,0,3_5_fbios_PABUnityIAPiOSDefensiveBase,segment_tag_core_slot_prob_nu_29_06_base1
74967,2026-04-13 19:54:03,3,3,3,attack,attack,attack,attack,2,true,0,87059952932030,556045,5,5,1,11,3,0,0,0,0,1424,2500,0,0,57.0,,100,4050000,,,,,3,6,2,0,0,0,2,0,0,54,36,22,13,9,15,7,1,3,0,0,0,false,NORMAL,3,-1,4,V2,0,3_5_fbios_PABUnityIAPiOSDefensiveBase,segment_tag_core_slot_prob_nu_29_06_base1
74968,2026-04-13 19:54:07,30,2,2,accumulation,goldSack,goldSack,gold,1,false,150000,87059962982030,556044,5,5,1,11,0,0,0,0,1,1425,2500,0,1,57.0,,100,4050000,,,,,4,6,2,0,0,1,2,0,0,55,36,22,13,9,16,7,1,3,3,7,8,false,MAX,11,6,5,V2,0,3_5_fbios_PABUnityIAPiOSDefensiveBase,segment_tag_core_slot_prob_nu_29_06_base1
74969,2026-04-13 19:54:08,30,30,1,accumulation,accumulation,coin,gold,1,false,25000,87059963007030,556043,5,5,1,11,0,0,0,0,2,1427,2500,0,2,57.1,,100,4050000,,,,"{""b0185791"":""99\/140@m2""}",5,6,2,0,0,3,2,0,0,56,36,22,13,9,18,7,1,3,5,8,8,false,BIG,5,2,3,V2,0,3_5_fbios_PABUnityIAPiOSDefensiveBase,segment_tag_core_slot_prob_nu_29_06_base1
74970,2026-04-13 19:54:09,30,2,2,accumulation,goldSack,goldSack,gold,1,false,150000,87059963157030,556042,5,5,1,11,0,0,0,0,1,1428,2500,0,1,57.1,,100,4050000,,,,"{""4f593c8c"":""216\/350@m0""}",6,6,2,0,0,4,2,0,0,57,36,22,13,9,19,7,1,3,7,7,8,false,MAX,12,9,3,V2,0,3_5_fbios_PABUnityIAPiOSDefensiveBase,segment_tag_core_slot_prob_nu_29_06_base1
74971,2026-04-13 19:54:10,4,6,2,steal,spins,goldSack,gold,1,false,100000,87059963257030,556041,5,5,1,11,0,1,0,1,0,1428,2500,0,0,57.1,,100,4050000,,,,,7,6,3,0,1,4,2,0,0,58,36,23,13,10,19,7,1,3,7,6,4,false,BIG,5,2,3,V2,0,3_5_fbios_PABUnityIAPiOSDefensiveBase,segment_tag_core_slot_prob_nu_29_06_base1
74972,2026-04-13 19:54:11,3,6,2,attack,spins,goldSack,gold,1,false,100000,87059963357030,556040,5,5,1,11,1,0,0,1,0,1428,2500,0,0,57.1,,100,4050000,,,,,8,7,3,0,2,4,2,0,0,59,37,23,13,11,19,7,1,3,3,6,0,false,BIG,6,3,3,V2,0,3_5_fbios_PABUnityIAPiOSDefensiveBase,segment_tag_core_slot_prob_nu_29_06_base1
74973,2026-04-13 19:54:12,1,1,1,coin,coin,coin,gold,1,true,250000,87059963607030,556039,5,5,1,11,0,0,0,0,0,1428,2500,0,0,57.1,,100,4050000,,,,"{""b0185791"":""100\/140@m2""}",9,7,3,0,2,4,2,0,0,60,37,23,13,11,19,7,1,3,1,1,5,false,NORMAL,3,1,2,V2,0,3_5_fbios_PABUnityIAPiOSDefensiveBase,segment_tag_core_slot_prob_nu_29_06_base1
74974,2026-04-13 19:54:13,4,6,2,steal,spins,goldSack,gold,1,false,100000,87059963707030,556038,5,5,1,11,0,1,0,1,0,1428,2500,0,0,57.1,,100,4050000,,,,,10,7,4,0,3,4,2,0,0,61,37,24,13,12,19,7,1,3,3,6,4,false,BIG,5,1,4,V2,0,3_5_fbios_PABUnityIAPiOSDefensiveBase,segment_tag_core_slot_prob_nu_29_06_base1
74975,2026-04-13 19:54:14,3,1,1,attack,coin,coin,gold,1,false,50000,87059963757030,556037,5,5,1,11,1,0,0,0,0,1428,2500,0,0,57.1,,100,4050000,,,,,11,8,4,0,3,4,2,0,0,62,38,24,13,12,19,7,1,3,5,1,0,false,BIG,4,0,4,V2,0,3_5_fbios_PABUnityIAPiOSDefensiveBase,segment_tag_core_slot_prob_nu_29_06_base1
74976,2026-04-13 19:54:15,4,4,4,steal,steal,steal,steal,4,true,0,87059963757030,556036,5,5,1,11,0,3,0,0,0,1428,2500,0,0,57.1,,100,4050000,,,,,12,8,7,0,3,4,2,1,0,63,38,27,13,12,19,7,2,3,4,4,4,false,SMALL,-1,-5,4,V2,0,3_5_fbios_PABUnityIAPiOSDefensiveBase,segment_tag_core_slot_prob_nu_29_06_base1
74977,2026-04-13 19:54:20,5,5,5,shield,shield,shield,shield,3,true,1,87060173541030,556036,5,5,1,11,0,0,3,0,0,1428,2500,0,0,57.1,,100,4050000,,,,,13,8,7,3,3,4,2,1,1,64,38,27,16,12,19,7,2,4,2,2,2,false,BIG,4,0,4,V2,0,3_5_fbios_PABUnityIAPiOSDefensiveBase,segment_tag_core_slot_prob_nu_29_06_base1
74978,2026-04-13 19:54:21,30,2,2,accumulation,goldSack,goldSack,gold,1,false,150000,87060173691030,556035,5,5,1,11,0,0,0,0,1,1429,2500,0,1,57.2,,100,4050000,,,,"{""b0185791"":""101\/140@m2""}",14,8,7,3,3,5,2,1,1,65,38,27,16,12,20,7,2,4,7,3,8,false,MAX,9,5,4,V2,0,3_5_fbios_PABUnityIAPiOSDefensiveBase,segment_tag_core_slot_prob_nu_29_06_base1
74979,2026-04-13 19:54:22,2,2,2,goldSack,goldSack,goldSack,gold,1,true,2400000,87060176091030,556034,5,5,1,11,0,0,0,0,0,1429,2500,0,0,57.2,,100,4050000,,,,"{""4f593c8c"":""218\/350@m0""}",15,8,7,3,3,5,2,1,1,66,38,27,16,12,20,7,2,4,3,3,3,false,BIG,7,3,4,V2,0,3_5_fbios_PABUnityIAPiOSDefensiveBase,segment_tag_core_slot_prob_nu_29_06_base1
74980,2026-04-13 19:54:23,1,1,1,coin,coin,coin,gold,1,true,250000,87060176341030,556033,5,5,1,11,0,0,0,0,0,1429,2500,0,0,57.2,,100,4050000,,,,,16,8,7,3,3,5,2,1,1,67,38,27,16,12,20,7,2,4,5,5,1,false,MIN,-10,-9,-1,V2,0,3_5_fbios_PABUnityIAPiOSDefensiveBase,segment_tag_core_slot_prob_nu_29_06_base1
74981,2026-04-13 19:54:24,30,2,2,accumulation,goldSack,goldSack,gold,1,false,150000,87060176491030,556032,5,5,1,11,0,0,0,0,1,1430,2500,0,1,57.2,,100,4050000,,,,,17,8,7,3,3,6,2,1,1,68,38,27,16,12,21,7,2,4,7,3,8,false,BIG,4,7,-3,V2,0,3_5_fbios_PABUnityIAPiOSDefensiveBase,segment_tag_core_slot_prob_nu_29_06_base1
74982,2026-04-13 19:54:25,1,4,6,coin,steal,spins,gold,1,false,25000,87060176516030,556031,5,5,1,11,0,1,0,1,0,1430,2500,0,0,57.2,,100,4050000,,,,,18,8,8,3,4,6,2,1,1,69,38,28,16,13,21,7,2,4,6,4,1,false,MIN,-6,-3,-3,V2,0,3_5_fbios_PABUnityIAPiOSDefensiveBase,segment_tag_core_slot_prob_nu_29_06_base1
74983,2026-04-13 19:54:26,4,6,2,steal,spins,goldSack,gold,1,false,100000,87060176616030,556030,5,5,1,11,0,1,0,1,0,1430,2500,0,0,57.2,,100,4050000,,,,,19,8,9,3,5,6,2,1,1,70,38,29,16,14,21,7,2,4,3,6,4,false,SMALL,-1,1,-2,V2,0,3_5_fbios_PABUnityIAPiOSDefensiveBase,segment_tag_core_slot_prob_nu_29_06_base1
74984,2026-04-13 19:54:26,5,5,5,shield,shield,shield,shield,3,true,1,87060176616030,556030,5,5,1,11,0,0,3,0,0,1430,2500,0,0,57.2,,100,4050000,,,,,20,8,9,6,5,6,2,1,2,71,38,29,19,14,21,7,2,5,2,2,2,false,MIN,-3,-1,-2,V2,0,3_5_fbios_PABUnityIAPiOSDefensiveBase,segment_tag_core_slot_prob_nu_29_06_base1
74985,2026-04-13 19:54:27,4,6,2,steal,spins,goldSack,gold,1,false,100000,87060176716030,556029,5,5,1,11,0,1,0,1,0,1430,2500,0,0,57.2,,100,4050000,,,,"{""b0185791"":""102\/140@m2""}",21,8,10,6,6,6,2,1,2,72,38,30,19,15,21,7,2,5,7,6,4,false,NORMAL,2,-1,3,V2,0,3_5_fbios_PABUnityIAPiOSDefensiveBase,segment_tag_core_slot_prob_nu_29_06_base1
74986,2026-04-13 19:54:28,4,4,4,steal,steal,steal,steal,4,true,0,87060176716030,556028,5,5,1,11,0,3,0,0,0,1430,2500,0,0,57.2,,100,4050000,,,,,22,8,13,6,6,6,2,2,2,73,38,33,19,15,21,7,3,5,4,4,4,false,NORMAL,1,-3,4,V2,0,3_5_fbios_PABUnityIAPiOSDefensiveBase,segment_tag_core_slot_prob_nu_29_06_base1
74987,2026-04-13 19:54:34,3,1,1,attack,coin,coin,gold,1,false,50000,87060345186030,556027,5,5,1,11,1,0,0,0,0,1430,2500,0,0,57.2,,100,4050000,,,,,23,9,13,6,6,6,2,2,2,74,39,33,19,15,21,7,3,5,5,1,0,false,BIG,4,0,4,V2,0,3_5_fbios_PABUnityIAPiOSDefensiveBase,segment_tag_core_slot_prob_nu_29_06_base1
74988,2026-04-13 19:54:35,3,3,1,attack,attack,coin,gold,1,false,25000,87060345211030,556026,5,5,1,11,2,0,0,0,0,1430,2500,0,0,57.2,,100,4050000,,,,"{""4f593c8c"":""220\/350@m0""}",24,11,13,6,6,6,2,2,2,75,41,33,19,15,21,7,3,5,5,0,0,false,BIG,5,0,5,V2,0,3_5_fbios_PABUnityIAPiOSDefensiveBase,segment_tag_core_slot_prob_nu_29_06_base1
74989,2026-04-13 19:54:35,30,2,2,accumulation,goldSack,goldSack,gold,1,false,150000,87060345361030,556025,5,5,1,11,0,0,0,0,1,1431,2500,0,1,57.2,,100,4050000,,,,,25,11,13,6,6,7,2,2,2,76,41,33,19,15,22,7,3,5,3,7,8,false,MAX,11,6,5,V2,0,3_5_fbios_PABUnityIAPiOSDefensiveBase,segment_tag_core_slot_prob_nu_29_06_base1
74990,2026-04-13 19:54:36,2,2,2,goldSack,goldSack,goldSack,gold,1,true,2400000,87060347761030,556024,5,5,1,11,0,0,0,0,0,1431,2500,0,0,57.2,,100,4050000,,,,"{""b0185791"":""103\/140@m2"",""4f593c8c"":""222\/350@m0""}",26,11,13,6,6,7,2,2,2,77,41,33,19,15,22,7,3,5,3,7,3,false,MAX,9,6,3,V2,0,3_5_fbios_PABUnityIAPiOSDefensiveBase,segment_tag_core_slot_prob_nu_29_06_base1
74991,2026-04-13 19:54:38,2,2,2,goldSack,goldSack,goldSack,gold,1,true,2400000,87060350161030,556023,5,5,1,11,0,0,0,0,0,1431,2500,0,0,57.2,,100,4050000,,,,,27,11,13,6,6,7,2,2,2,78,41,33,19,15,22,7,3,5,7,7,7,false,BIG,4,3,1,V2,0,3_5_fbios_PABUnityIAPiOSDefensiveBase,segment_tag_core_slot_prob_nu_29_06_base1
74992,2026-04-13 19:54:39,4,6,2,steal,spins,goldSack,gold,1,false,100000,87060350261030,556022,5,5,1,11,0,1,0,1,0,1431,2500,0,0,57.2,,100,4050000,,,,,28,11,14,6,7,7,2,2,2,79,41,34,19,16,22,7,3,5,7,6,4,false,NORMAL,3,2,1,V2,0,3_5_fbios_PABUnityIAPiOSDefensiveBase,segment_tag_core_slot_prob_nu_29_06_base1
74993,2026-04-13 19:54:39,4,6,2,steal,spins,goldSack,gold,1,false,100000,87060350361030,556021,5,5,1,11,0,1,0,1,0,1431,2500,0,0,57.2,,100,4050000,,,,,29,11,15,6,8,7,2,2,2,80,41,35,19,17,22,7,3,5,3,6,4,false,BIG,7,2,5,V2,0,3_5_fbios_PABUnityIAPiOSDefensiveBase,segment_tag_core_slot_prob_nu_29_06_base1
74994,2026-04-13 19:54:40,3,3,3,attack,attack,attack,attack,2,true,0,87060350361030,556020,5,5,1,11,3,0,0,0,0,1431,2500,0,0,57.2,,100,4050000,,,,,30,14,15,6,8,7,3,2,2,81,44,35,19,17,22,8,3,5,0,0,0,false,NORMAL,3,-1,4,V2,0,3_5_fbios_PABUnityIAPiOSDefensiveBase,segment_tag_core_slot_prob_nu_29_06_base1
74995,2026-04-13 19:54:43,1,1,1,coin,coin,coin,gold,1,true,250000,87060380611030,556019,5,5,1,11,0,0,0,0,0,1431,2500,0,0,57.2,,100,4050000,,,,,31,14,15,6,8,7,3,2,2,82,44,35,19,17,22,8,3,5,1,1,5,false,BIG,5,1,4,V2,0,3_5_fbios_PABUnityIAPiOSDefensiveBase,segment_tag_core_slot_prob_nu_29_06_base1
74996,2026-04-13 19:54:44,3,3,3,attack,attack,attack,attack,2,true,0,87060380611030,556018,5,5,1,11,3,0,0,0,0,1431,2500,0,0,57.2,,100,4050000,,,,"{""90c703bf"":""356\/1800@m1""}",32,17,15,6,8,7,4,2,2,83,47,35,19,17,22,9,3,5,0,0,0,false,NORMAL,2,-2,4,V2,0,3_5_fbios_PABUnityIAPiOSDefensiveBase,segment_tag_core_slot_prob_nu_29_06_base1
74997,2026-04-13 19:54:48,3,1,5,attack,coin,shield,gold,1,false,25000,87060410636030,556017,5,5,1,11,1,0,1,0,0,1431,2500,0,0,57.2,,100,4050000,,,,"{""b0185791"":""104\/140@m2""}",33,18,15,7,8,7,4,2,2,84,48,35,20,17,22,9,3,5,2,1,0,false,BIG,5,1,4,V2,0,3_5_fbios_PABUnityIAPiOSDefensiveBase,segment_tag_core_slot_prob_nu_29_06_base1
74998,2026-04-13 19:54:49,1,1,1,coin,coin,coin,gold,1,true,250000,87060410886030,556016,5,5,1,11,0,0,0,0,0,1431,2500,0,0,57.2,,100,4050000,,,,,34,18,15,7,8,7,4,2,2,85,48,35,20,17,22,9,3,5,5,5,1,false,MIN,-10,-10,0,V2,0,3_5_fbios_PABUnityIAPiOSDefensiveBase,segment_tag_core_slot_prob_nu_29_06_base1
74999,2026-04-13 19:54:49,2,2,2,goldSack,goldSack,goldSack,gold,1,true,2400000,87060413286030,556015,5,5,1,11,0,0,0,0,0,1431,2500,0,0,57.2,,100,4050000,,,,,35,18,15,7,8,7,4,2,2,86,48,35,20,17,22,9,3,5,7,3,7,false,NORMAL,0,1,-1,V2,0,3_5_fbios_PABUnityIAPiOSDefensiveBase,segment_tag_core_slot_prob_nu_29_06_base1
75000,2026-04-13 19:54:50,30,2,2,accumulation,goldSack,goldSack,gold,1,false,150000,87060413436030,556014,5,5,1,11,0,0,0,0,1,1432,2500,0,1,57.3,,100,4050000,,,,,36,18,15,7,8,8,4,2,2,87,48,35,20,17,23,9,3,5,7,3,8,false,MAX,8,8,0,V2,0,3_5_fbios_PABUnityIAPiOSDefensiveBase,segment_tag_core_slot_prob_nu_29_06_base1
75001,2026-04-13 19:54:51,3,1,1,attack,coin,coin,gold,1,false,50000,87060413486030,556013,5,5,1,11,1,0,0,0,0,1432,2500,0,0,57.3,,100,4050000,,,,,37,19,15,7,8,8,4,2,2,88,49,35,20,17,23,9,3,5,5,1,0,false,SMALL,-1,-1,0,V2,0,3_5_fbios_PABUnityIAPiOSDefensiveBase,segment_tag_core_slot_prob_nu_29_06_base1
75002,2026-04-13 19:54:52,30,2,2,accumulation,goldSack,goldSack,gold,1,false,150000,87060413636030,556012,5,5,1,11,0,0,0,0,1,1433,2500,0,1,57.3,,100,4050000,,,,"{""4f593c8c"":""224\/350@m0""}",38,19,15,7,8,9,4,2,2,89,49,35,20,17,24,9,3,5,3,3,8,false,BIG,5,4,1,V2,0,3_5_fbios_PABUnityIAPiOSDefensiveBase,segment_tag_core_slot_prob_nu_29_06_base1
75003,2026-04-13 19:54:53,30,30,1,accumulation,accumulation,coin,gold,1,false,25000,87060413661030,556011,5,5,1,11,0,0,0,0,2,1435,2500,0,2,57.4,,100,4050000,,,,,39,19,15,7,8,11,4,2,2,90,49,35,20,17,26,9,3,5,5,8,8,false,NORMAL,1,1,0,V2,0,3_5_fbios_PABUnityIAPiOSDefensiveBase,segment_tag_core_slot_prob_nu_29_06_base1
75004,2026-04-13 19:54:54,30,2,2,accumulation,goldSack,goldSack,gold,1,false,150000,87060413811030,556010,5,5,1,11,0,0,0,0,1,1436,2500,0,1,57.4,,100,4050000,,,,,40,19,15,7,8,12,4,2,2,91,49,35,20,17,27,9,3,5,3,3,8,false,BIG,6,5,1,V2,0,3_5_fbios_PABUnityIAPiOSDefensiveBase,segment_tag_core_slot_prob_nu_29_06_base1
75005,2026-04-13 19:54:55,3,3,3,attack,attack,attack,attack,2,true,0,87060413811030,556009,5,5,1,11,3,0,0,0,0,1436,2500,0,0,57.4,,100,4050000,,,,,41,22,15,7,8,12,5,2,2,92,52,35,20,17,27,10,3,5,0,0,0,false,SMALL,-1,-2,1,V2,0,3_5_fbios_PABUnityIAPiOSDefensiveBase,segment_tag_core_slot_prob_nu_29_06_base1
75006,2026-04-13 19:54:58,4,6,2,steal,spins,goldSack,gold,1,false,100000,87060443911030,556008,5,5,1,11,0,1,0,1,0,1436,2500,0,0,57.4,,100,4050000,,,,"{""4f593c8c"":""226\/350@m0"",""b0185791"":""105\/140@m2""}",42,22,16,7,9,12,5,2,2,93,52,36,20,18,27,10,3,5,3,6,4,false,NORMAL,3,1,2,V2,0,3_5_fbios_PABUnityIAPiOSDefensiveBase,segment_tag_core_slot_prob_nu_29_06_base1
75007,2026-04-13 19:55:00,3,1,1,attack,coin,coin,gold,1,false,50000,87060443961030,556007,5,5,1,11,1,0,0,0,0,1436,2500,0,0,57.4,,100,4050000,,,,,43,23,16,7,9,12,5,2,2,94,53,36,20,18,27,10,3,5,5,5,0,false,NORMAL,0,-3,3,V2,0,3_5_fbios_PABUnityIAPiOSDefensiveBase,segment_tag_core_slot_prob_nu_29_06_base1
75008,2026-04-13 19:55:00,4,6,2,steal,spins,goldSack,gold,1,false,100000,87060444061030,556006,5,5,1,11,0,1,0,1,0,1436,2500,0,0,57.4,,100,4050000,,,,,44,23,17,7,10,12,5,2,2,95,53,37,20,19,27,10,3,5,3,6,4,false,BIG,5,1,4,V2,0,3_5_fbios_PABUnityIAPiOSDefensiveBase,segment_tag_core_slot_prob_nu_29_06_base1
75009,2026-04-13 19:55:01,1,5,5,coin,shield,shield,gold,1,false,25000,87060444086030,556005,5,5,1,11,0,0,2,0,0,1436,2500,0,0,57.4,,100,4050000,,,,,45,23,17,9,10,12,5,2,2,96,53,37,22,19,27,10,3,5,2,2,5,false,BIG,5,1,4,V2,0,3_5_fbios_PABUnityIAPiOSDefensiveBase,segment_tag_core_slot_prob_nu_29_06_base1
75010,2026-04-13 19:55:02,4,4,2,steal,steal,goldSack,gold,1,false,100000,87060444186030,556004,5,5,1,11,0,2,0,0,0,1436,2500,0,0,57.4,,100,4050000,,,,,46,23,19,9,10,12,5,2,2,97,53,39,22,19,27,10,3,5,7,4,4,false,BIG,5,1,4,V2,0,3_5_fbios_PABUnityIAPiOSDefensiveBase,segment_tag_core_slot_prob_nu_29_06_base1
75011,2026-04-13 19:55:03,3,3,1,attack,attack,coin,gold,1,false,25000,87060444211030,556003,5,5,1,11,2,0,0,0,0,1436,2500,0,0,57.4,,100,4050000,,,,,47,25,19,9,10,12,5,2,2,98,55,39,22,19,27,10,3,5,5,0,0,false,NORMAL,3,-1,4,V2,0,3_5_fbios_PABUnityIAPiOSDefensiveBase,segment_tag_core_slot_prob_nu_29_06_base1
75012,2026-04-13 19:55:03,1,4,6,coin,steal,spins,gold,1,false,25000,87060444236030,556002,5,5,1,11,0,1,0,1,0,1436,2500,0,0,57.4,,100,4050000,,,,,48,25,20,9,11,12,5,2,2,99,55,40,22,20,27,10,3,5,6,4,5,false,MAX,9,5,4,V2,0,3_5_fbios_PABUnityIAPiOSDefensiveBase,segment_tag_core_slot_prob_nu_29_06_base1
75013,2026-04-13 19:55:04,1,1,1,coin,coin,coin,gold,1,true,250000,87060444486030,556001,5,5,1,11,0,0,0,0,0,1436,2500,0,0,57.4,,100,4050000,,,,,49,25,20,9,11,12,5,2,2,100,55,40,22,20,27,10,3,5,5,5,1,false,MIN,-8,-9,1,V2,0,3_5_fbios_PABUnityIAPiOSDefensiveBase,segment_tag_core_slot_prob_nu_29_06_base1
75014,2026-04-13 19:55:04,3,3,1,attack,attack,coin,gold,1,false,25000,87060444511030,556000,5,5,1,11,2,0,0,0,0,1436,2500,0,0,57.4,,100,4050000,,,,"{""b0185791"":""106\/140@m2""}",50,27,20,9,11,12,5,2,2,101,57,40,22,20,27,10,3,5,1,0,0,false,NORMAL,0,-1,1,V2,0,3_5_fbios_PABUnityIAPiOSDefensiveBase,segment_tag_core_slot_prob_nu_29_06_base1
75015,2026-04-13 19:55:06,3,1,1,attack,coin,coin,gold,1,false,50000,87060444561030,555999,5,5,1,11,1,0,0,0,0,1436,2500,0,0,57.4,,100,4050000,,,,"{""4f593c8c"":""228\/350@m0""}",51,28,20,9,11,12,5,2,2,102,58,40,22,20,27,10,3,5,5,1,0,false,NORMAL,2,0,2,V2,0,3_5_fbios_PABUnityIAPiOSDefensiveBase,segment_tag_core_slot_prob_nu_29_06_base1
75016,2026-04-13 19:55:07,6,6,2,spins,spins,goldSack,gold,1,false,100000,87060444661030,555998,5,5,1,11,0,0,0,2,0,1436,2500,0,0,57.4,,100,4050000,,,,,52,28,20,9,13,12,5,2,2,103,58,40,22,22,27,10,3,5,7,6,6,false,NORMAL,1,1,0,V2,0,3_5_fbios_PABUnityIAPiOSDefensiveBase,segment_tag_core_slot_prob_nu_29_06_base1
75017,2026-04-13 19:55:07,3,1,1,attack,coin,coin,gold,1,false,50000,87060444711030,555997,5,5,1,11,1,0,0,0,0,1436,2500,0,0,57.4,,100,4050000,,,,,53,29,20,9,13,12,5,2,2,104,59,40,22,22,27,10,3,5,5,5,0,false,MIN,-5,-5,0,V2,0,3_5_fbios_PABUnityIAPiOSDefensiveBase,segment_tag_core_slot_prob_nu_29_06_base1
75018,2026-04-13 19:55:08,4,4,2,steal,steal,goldSack,gold,1,false,100000,87060444811030,555996,5,5,1,11,0,2,0,0,0,1436,2500,0,0,57.4,,100,4050000,,,,,54,29,22,9,13,12,5,2,2,105,59,42,22,22,27,10,3,5,7,4,4,false,NORMAL,2,2,0,V2,0,3_5_fbios_PABUnityIAPiOSDefensiveBase,segment_tag_core_slot_prob_nu_29_06_base1
75019,2026-04-13 19:55:09,30,2,2,accumulation,goldSack,goldSack,gold,1,false,150000,87060444961030,555995,5,5,1,11,0,0,0,0,1,1437,2500,0,1,57.5,,100,4050000,,,,,55,29,22,9,13,13,5,2,2,106,59,42,22,22,28,10,3,5,7,3,8,false,MAX,9,8,1,V2,0,3_5_fbios_PABUnityIAPiOSDefensiveBase,segment_tag_core_slot_prob_nu_29_06_base1
75020,2026-04-13 19:55:10,4,4,2,steal,steal,goldSack,gold,1,false,100000,87060445061030,555994,5,5,1,11,0,2,0,0,0,1437,2500,0,0,57.5,,100,4050000,,,,,56,29,24,9,13,13,5,2,2,107,59,44,22,22,28,10,3,5,7,4,4,false,BIG,7,3,4,V2,0,3_5_fbios_PABUnityIAPiOSDefensiveBase,segment_tag_core_slot_prob_nu_29_06_base1
75021,2026-04-13 19:55:11,3,3,1,attack,attack,coin,gold,1,false,25000,87060445086030,555993,5,5,1,11,2,0,0,0,0,1437,2500,0,0,57.5,,100,4050000,,,,"{""90c703bf"":""358\/1800@m1""}",57,31,24,9,13,13,5,2,2,108,61,44,22,22,28,10,3,5,1,0,0,false,BIG,4,0,4,V2,0,3_5_fbios_PABUnityIAPiOSDefensiveBase,segment_tag_core_slot_prob_nu_29_06_base1
75022,2026-04-13 19:55:11,3,6,2,attack,spins,goldSack,gold,1,false,100000,87060445186030,555992,5,5,1,11,1,0,0,1,0,1437,2500,0,0,57.5,,100,4050000,,,,,58,32,24,9,14,13,5,2,2,109,62,44,22,23,28,10,3,5,3,6,0,false,BIG,7,3,4,V2,0,3_5_fbios_PABUnityIAPiOSDefensiveBase,segment_tag_core_slot_prob_nu_29_06_base1
75023,2026-04-13 19:55:13,30,30,1,accumulation,accumulation,coin,gold,1,false,25000,87060445211030,555991,5,5,1,11,0,0,0,0,2,1439,2500,0,2,57.6,,100,4050000,,,,"{""b0185791"":""107\/140@m2""}",59,32,24,9,14,15,5,2,2,110,62,44,22,23,30,10,3,5,1,8,8,false,BIG,5,1,4,V2,0,3_5_fbios_PABUnityIAPiOSDefensiveBase,segment_tag_core_slot_prob_nu_29_06_base1
75024,2026-04-13 19:55:14,3,1,4,attack,coin,steal,gold,1,false,25000,87060445236030,555990,5,5,1,11,1,1,0,0,0,1439,2500,0,0,57.6,,100,4050000,,,,"{""4f593c8c"":""230\/350@m0""}",60,33,25,9,14,15,5,2,2,111,63,45,22,23,30,10,3,5,4,1,0,false,NORMAL,3,0,3,V2,0,3_5_fbios_PABUnityIAPiOSDefensiveBase,segment_tag_core_slot_prob_nu_29_06_base1
75025,2026-04-13 19:55:17,2,2,2,goldSack,goldSack,goldSack,gold,1,true,120000000,87060565236030,555940,5,5,50,11,0,0,0,0,0,1439,2500,0,0,57.6,,100,4050000,,,,,61,33,25,9,14,15,5,2,2,112,63,45,22,23,30,10,3,5,7,7,3,false,BIG,7,6,1,V2,0,3_5_fbios_PABUnityIAPiOSDefensiveBase,segment_tag_core_slot_prob_nu_29_06_base1
75026,2026-04-13 19:55:18,30,2,2,accumulation,goldSack,goldSack,gold,1,false,7500000,87060572736030,555890,5,5,50,11,0,0,0,0,1,1489,2500,0,50,59.6,,100,4050000,,,,,62,33,25,9,14,16,5,2,2,113,63,45,22,23,31,10,3,5,3,7,8,false,MAX,8,7,1,V2,0,3_5_fbios_PABUnityIAPiOSDefensiveBase,segment_tag_core_slot_prob_nu_29_06_base1
75027,2026-04-13 19:55:19,1,1,4,coin,coin,steal,gold,1,false,2500000,87060575236030,555840,5,5,50,11,0,1,0,0,0,1489,2500,0,0,59.6,,100,4050000,,,,,63,33,26,9,14,16,5,2,2,114,63,46,22,23,31,10,3,5,4,5,5,false,NORMAL,1,0,1,V2,0,3_5_fbios_PABUnityIAPiOSDefensiveBase,segment_tag_core_slot_prob_nu_29_06_base1
75028,2026-04-13 19:55:19,2,2,2,goldSack,goldSack,goldSack,gold,1,true,120000000,87060695236030,555790,5,5,50,11,0,0,0,0,0,1489,2500,0,0,59.6,,100,4050000,,,,,64,33,26,9,14,16,5,2,2,115,63,46,22,23,31,10,3,5,3,7,3,false,BIG,5,5,0,V2,0,3_5_fbios_PABUnityIAPiOSDefensiveBase,segment_tag_core_slot_prob_nu_29_06_base1
75029,2026-04-13 19:55:20,2,2,2,goldSack,goldSack,goldSack,gold,1,true,120000000,87060815236030,555740,5,5,50,11,0,0,0,0,0,1489,2500,0,0,59.6,,100,4050000,,,,,65,33,26,9,14,16,5,2,2,116,63,46,22,23,31,10,3,5,3,3,3,false,BIG,5,5,0,V2,0,3_5_fbios_PABUnityIAPiOSDefensiveBase,segment_tag_core_slot_prob_nu_29_06_base1
75030,2026-04-13 19:55:21,1,1,4,coin,coin,steal,gold,1,false,2500000,87060817736030,555690,5,5,50,11,0,1,0,0,0,1489,2500,0,0,59.6,,100,4050000,,,,,66,33,27,9,14,16,5,2,2,117,63,47,22,23,31,10,3,5,4,1,5,false,NORMAL,1,1,0,V2,0,3_5_fbios_PABUnityIAPiOSDefensiveBase,segment_tag_core_slot_prob_nu_29_06_base1
75031,2026-04-13 19:55:21,3,1,6,attack,coin,spins,gold,1,false,1250000,87060818986030,555640,5,5,50,11,1,0,0,1,0,1489,2500,0,0,59.6,,100,4050000,,,,"{""b0185791"":""17\/225@m3""}",67,34,27,9,15,16,5,2,2,118,64,47,22,24,31,10,3,5,6,5,0,false,MIN,-3,-3,0,V2,0,3_5_fbios_PABUnityIAPiOSDefensiveBase,segment_tag_core_slot_prob_nu_29_06_base1
75032,2026-04-13 19:55:24,1,4,6,coin,steal,spins,gold,1,false,1250000,87060820236030,555590,5,5,50,11,0,1,0,1,0,1489,2500,0,0,59.6,,100,4050000,,,,,68,34,28,9,16,16,5,2,2,119,64,48,22,25,31,10,3,5,6,4,1,false,MIN,-5,-2,-3,V2,0,3_5_fbios_PABUnityIAPiOSDefensiveBase,segment_tag_core_slot_prob_nu_29_06_base1
75033,2026-04-13 19:55:50,5,5,5,shield,shield,shield,shield,3,true,50,87060820236030,555590,5,5,50,11,0,0,3,0,0,1489,2500,0,0,59.6,,100,4050000,,,,"{""4f593c8c"":""330\/350@m0""}",69,34,28,12,16,16,5,2,3,120,64,48,25,25,31,10,3,6,2,2,2,false,MIN,-4,-1,-3,V2,0,3_5_fbios_PABUnityIAPiOSDefensiveBase,segment_tag_core_slot_prob_nu_29_06_base1
75034,2026-04-13 19:55:54,30,2,2,accumulation,goldSack,goldSack,gold,1,false,7500000,87060827736030,555540,5,5,50,11,0,0,0,0,1,1539,2500,0,50,61.6,,100,4050000,,,,,70,34,28,12,16,17,5,2,3,121,64,48,25,25,32,10,3,6,3,3,8,false,NORMAL,2,2,0,V2,0,3_5_fbios_PABUnityIAPiOSDefensiveBase,segment_tag_core_slot_prob_nu_29_06_base1
75035,2026-04-13 19:55:55,5,5,5,shield,shield,shield,shield,3,true,50,87060827736030,555540,5,5,50,11,0,0,3,0,0,1539,2500,0,0,61.6,,100,4050000,,,,,71,34,28,15,16,17,5,2,4,122,64,48,28,25,32,10,3,7,2,2,2,false,SMALL,-2,-1,-1,V2,0,3_5_fbios_PABUnityIAPiOSDefensiveBase,segment_tag_core_slot_prob_nu_29_06_base1
75036,2026-04-13 19:55:56,3,1,6,attack,coin,spins,gold,1,false,1250000,87060828986030,555490,5,5,50,11,1,0,0,1,0,1539,2500,0,0,61.6,,100,4050000,,,,,72,35,28,15,17,17,5,2,4,123,65,48,28,26,32,10,3,7,6,1,0,false,MIN,-3,-2,-1,V2,0,3_5_fbios_PABUnityIAPiOSDefensiveBase,segment_tag_core_slot_prob_nu_29_06_base1
75037,2026-04-13 19:55:57,30,2,2,accumulation,goldSack,goldSack,gold,1,false,7500000,87060836486030,555440,5,5,50,11,0,0,0,0,1,1589,2500,0,50,63.6,,100,4050000,,,,"{""b0185791"":""67\/225@m3"",""4f593c8c"":""80\/550@m1""}",73,35,28,15,17,18,5,2,4,124,65,48,28,26,33,10,3,7,7,3,8,false,BIG,7,7,0,V2,0,3_5_fbios_PABUnityIAPiOSDefensiveBase,segment_tag_core_slot_prob_nu_29_06_base1
75038,2026-04-13 19:56:00,1,1,4,coin,coin,steal,gold,1,false,2500000,87060838986030,555390,5,5,50,11,0,1,0,0,0,1589,2500,0,0,63.6,,100,4050000,,,,,74,35,29,15,17,18,5,2,4,125,65,49,28,26,33,10,3,7,4,5,1,false,MIN,-8,-6,-2,V2,0,3_5_fbios_PABUnityIAPiOSDefensiveBase,segment_tag_core_slot_prob_nu_29_06_base1
75039,2026-04-13 19:56:00,1,1,1,coin,coin,coin,gold,1,true,12500000,87060851486030,555340,5,5,50,11,0,0,0,0,0,1589,2500,0,0,63.6,,100,4050000,,,,,75,35,29,15,17,18,5,2,4,126,65,49,28,26,33,10,3,7,5,1,1,false,MIN,-5,-3,-2,V2,0,3_5_fbios_PABUnityIAPiOSDefensiveBase,segment_tag_core_slot_prob_nu_29_06_base1
75040,2026-04-13 19:56:02,4,4,2,steal,steal,goldSack,gold,1,false,5000000,87060856486030,555290,5,5,50,11,0,2,0,0,0,1589,2500,0,0,63.6,,100,4050000,,,,,76,35,31,15,17,18,5,2,4,127,65,51,28,26,33,10,3,7,7,4,4,false,NORMAL,1,2,-1,V2,0,3_5_fbios_PABUnityIAPiOSDefensiveBase,segment_tag_core_slot_prob_nu_29_06_base1
75041,2026-04-13 19:56:02,3,1,6,attack,coin,spins,gold,1,false,1250000,87060857736030,555240,5,5,50,11,1,0,0,1,0,1589,2500,0,0,63.6,,100,4050000,,,,,77,36,31,15,18,18,5,2,4,128,66,51,28,27,33,10,3,7,6,1,0,false,BIG,4,1,3,V2,0,3_5_fbios_PABUnityIAPiOSDefensiveBase,segment_tag_core_slot_prob_nu_29_06_base1
75042,2026-04-13 19:56:03,3,1,6,attack,coin,spins,gold,1,false,1250000,87060858986030,555190,5,5,50,11,1,0,0,1,0,1589,2500,0,0,63.6,,100,4050000,,,,,78,37,31,15,19,18,5,2,4,129,67,51,28,28,33,10,3,7,6,1,0,false,BIG,4,2,2,V2,0,3_5_fbios_PABUnityIAPiOSDefensiveBase,segment_tag_core_slot_prob_nu_29_06_base1
75043,2026-04-13 19:56:03,3,5,2,attack,shield,goldSack,gold,1,false,5000000,87060863986030,555140,5,5,50,11,1,0,1,0,0,1589,2500,0,0,63.6,,100,4050000,,,,,79,38,31,16,19,18,5,2,4,130,68,51,29,28,33,10,3,7,7,2,0,false,NORMAL,1,-1,2,V2,0,3_5_fbios_PABUnityIAPiOSDefensiveBase,segment_tag_core_slot_prob_nu_29_06_base1
75044,2026-04-13 19:56:04,30,2,2,accumulation,goldSack,goldSack,gold,1,false,7500000,87060871486030,555090,5,5,50,11,0,0,0,0,1,1639,2500,0,50,65.6,,100,4050000,,,,,80,38,31,16,19,19,5,2,4,131,68,51,29,28,34,10,3,7,3,7,8,false,MAX,9,6,3,V2,0,3_5_fbios_PABUnityIAPiOSDefensiveBase,segment_tag_core_slot_prob_nu_29_06_base1
75045,2026-04-13 19:56:05,6,6,2,spins,spins,goldSack,gold,1,false,5000000,87060876486030,555040,5,5,50,11,0,0,0,2,0,1639,2500,0,0,65.6,,100,4050000,,,,,81,38,31,16,21,19,5,2,4,132,68,51,29,30,34,10,3,7,7,6,6,false,NORMAL,2,1,1,V2,0,3_5_fbios_PABUnityIAPiOSDefensiveBase,segment_tag_core_slot_prob_nu_29_06_base1
75046,2026-04-13 19:56:07,30,30,3,accumulation,accumulation,attack,gold,6,false,0,87060876486030,554990,5,5,50,11,1,0,0,0,2,1739,2500,0,100,69.6,,100,4050000,,,,,82,39,31,16,21,21,5,2,4,133,69,51,29,30,36,10,3,7,0,8,8,false,NORMAL,0,-1,1,V2,0,3_5_fbios_PABUnityIAPiOSDefensiveBase,segment_tag_core_slot_prob_nu_29_06_base1
75047,2026-04-13 19:56:08,2,2,2,goldSack,goldSack,goldSack,gold,1,true,120000000,87060996486030,554940,5,5,50,11,0,0,0,0,0,1739,2500,0,0,69.6,,100,4050000,,,,"{""90c703bf"":""458\/1800@m1""}",83,39,31,16,21,21,5,2,4,134,69,51,29,30,36,10,3,7,3,7,3,false,BIG,6,5,1,V2,0,3_5_fbios_PABUnityIAPiOSDefensiveBase,segment_tag_core_slot_prob_nu_29_06_base1
75048,2026-04-13 19:56:09,30,2,2,accumulation,goldSack,goldSack,gold,1,false,7500000,87061003986030,554890,5,5,50,11,0,0,0,0,1,1789,2500,0,50,71.6,,100,4050000,,,,,84,39,31,16,21,22,5,2,4,135,69,51,29,30,37,10,3,7,7,7,8,false,MAX,10,9,1,V2,0,3_5_fbios_PABUnityIAPiOSDefensiveBase,segment_tag_core_slot_prob_nu_29_06_base1
75049,2026-04-13 19:56:12,4,6,2,steal,spins,goldSack,gold,1,false,150000000,87061153986030,553390,5,5,1500,11,0,1,0,1,0,1789,2500,0,0,71.6,,100,4050000,,,,"{""b0185791"":""892\/1000@m5""}",85,39,32,16,22,22,5,2,4,136,69,52,29,31,37,10,3,7,7,6,4,false,NORMAL,3,2,1,V2,0,3_5_fbios_PABUnityIAPiOSDefensiveBase,segment_tag_core_slot_prob_nu_29_06_base1
75050,2026-04-13 19:56:19,3,6,2,attack,spins,goldSack,gold,1,false,150000000,87061303986030,551890,5,5,1500,11,1,0,0,1,0,1789,2500,0,0,71.6,,100,4050000,,,,"{""4f593c8c"":""780\/1300@m4""}",86,40,32,16,23,22,5,2,4,137,70,52,29,32,37,10,3,7,7,6,0,false,NORMAL,2,0,2,V2,0,3_5_fbios_PABUnityIAPiOSDefensiveBase,segment_tag_core_slot_prob_nu_29_06_base1
75051,2026-04-13 19:56:23,30,2,2,accumulation,goldSack,goldSack,gold,1,false,225000000,87061528986030,550390,5,5,1500,11,0,0,0,0,1,289,500,2,0,57.8,,100,4050000,,,,,87,40,32,16,23,23,5,2,4,138,70,52,29,32,38,10,3,7,7,3,8,false,MAX,11,8,3,V2,0,3_5_fbios_PABUnityIAPiOSDefensiveBase,segment_tag_core_slot_prob_nu_29_06_base1
75052,2026-04-13 19:56:27,3,6,2,attack,spins,goldSack,gold,1,false,150000000,87061678986030,550590,5,5,1500,11,1,0,0,1,0,289,500,2,0,57.8,,100,4050000,,,,,88,41,32,16,24,23,5,2,4,139,71,52,29,33,38,10,3,7,3,6,0,false,BIG,6,2,4,V2,0,3_5_fbios_PABUnityIAPiOSDefensiveBase,segment_tag_core_slot_prob_nu_29_06_base1
75053,2026-04-13 19:56:30,1,1,1,coin,coin,coin,gold,1,true,375000000,87062053986030,549090,5,5,1500,11,0,0,0,0,0,289,500,2,0,57.8,,100,4050000,,,,,89,41,32,16,24,23,5,2,4,140,71,52,29,33,38,10,3,7,5,5,1,false,MIN,-9,-9,0,V2,0,3_5_fbios_PABUnityIAPiOSDefensiveBase,segment_tag_core_slot_prob_nu_29_06_base1
75054,2026-04-13 19:56:32,30,2,2,accumulation,goldSack,goldSack,gold,1,false,225000000,87062278986030,547590,5,5,1500,11,0,0,0,0,1,1289,5000,3,0,25.8,,100,4050000,,,,,90,41,32,16,24,24,5,2,4,141,71,52,29,33,39,10,3,7,3,7,8,false,BIG,4,6,-2,V2,0,3_5_fbios_PABUnityIAPiOSDefensiveBase,segment_tag_core_slot_prob_nu_29_06_base1
75055,2026-04-13 19:56:36,4,6,2,steal,spins,goldSack,gold,1,false,150000000,87062428986030,546090,5,5,1500,11,0,1,0,1,0,1289,5000,3,0,25.8,,100,4050000,,,,,91,41,33,16,25,24,5,2,4,142,71,53,29,34,39,10,3,7,3,6,4,false,BIG,4,2,2,V2,0,3_5_fbios_PABUnityIAPiOSDefensiveBase,segment_tag_core_slot_prob_nu_29_06_base1
75056,2026-04-13 19:56:37,30,2,2,accumulation,goldSack,goldSack,gold,1,false,225000000,87062653986030,544590,5,5,1500,11,0,0,0,0,1,2789,5000,3,1500,55.8,,100,4050000,,,,,92,41,33,16,25,25,5,2,4,143,71,53,29,34,40,10,3,7,3,3,8,false,MAX,8,6,2,V2,0,3_5_fbios_PABUnityIAPiOSDefensiveBase,segment_tag_core_slot_prob_nu_29_06_base1
75057,2026-04-13 19:56:41,30,2,2,accumulation,goldSack,goldSack,gold,1,false,225000000,87062878986030,543090,5,5,1500,11,0,0,0,0,1,4289,5000,3,1500,85.8,,100,4050000,,,,,93,41,33,16,25,26,5,2,4,144,71,53,29,34,41,10,3,7,3,7,8,false,MAX,10,8,2,V2,0,3_5_fbios_PABUnityIAPiOSDefensiveBase,segment_tag_core_slot_prob_nu_29_06_base1
75058,2026-04-13 19:56:45,1,1,1,coin,coin,coin,gold,1,true,1500000000,87064378986030,537090,5,5,6000,11,0,0,0,0,0,4289,5000,3,0,85.8,,100,4050000,,,,,94,41,33,16,25,26,5,2,4,145,71,53,29,34,41,10,3,7,5,1,5,false,NORMAL,3,1,2,V2,0,3_5_fbios_PABUnityIAPiOSDefensiveBase,segment_tag_core_slot_prob_nu_29_06_base1
75059,2026-04-13 19:56:49,3,3,3,attack,attack,attack,attack,2,true,0,87064378986030,536690,5,5,400,11,3,0,0,0,0,4289,5000,3,0,85.8,,100,4050000,,,,,95,44,33,16,25,26,6,2,4,146,74,53,29,34,41,11,3,7,0,0,0,false,NORMAL,1,-2,3,V2,0,3_5_fbios_PABUnityIAPiOSDefensiveBase,segment_tag_core_slot_prob_nu_29_06_base1
75060,2026-04-13 19:56:55,30,2,2,accumulation,goldSack,goldSack,gold,1,false,60000000,87085763586030,536290,5,5,400,11,0,0,0,0,1,4689,5000,3,400,93.8,,100,4050000,,,,"{""b0185791"":""292\/3000@m6""}",96,44,33,16,25,27,6,2,4,147,74,53,29,34,42,11,3,7,7,3,8,false,MAX,9,7,2,V2,0,3_5_fbios_PABUnityIAPiOSDefensiveBase,segment_tag_core_slot_prob_nu_29_06_base1
75061,2026-04-13 19:56:59,1,4,4,coin,steal,steal,gold,1,false,37500000,87085801086030,534790,5,5,1500,11,0,2,0,0,0,4689,5000,3,0,93.8,,100,4050000,,,,,97,44,35,16,25,27,6,2,4,148,74,55,29,34,42,11,3,7,4,4,1,false,MIN,-6,-4,-2,V2,0,3_5_fbios_PABUnityIAPiOSDefensiveBase,segment_tag_core_slot_prob_nu_29_06_base1
75062,2026-04-13 19:57:03,30,30,30,accumulation,accumulation,accumulation,gold,10,true,0,87085801086030,533290,5,5,1500,11,0,0,0,0,3,11514,14000,8,0,82.2,bonus_as10_gae3_no,100,4050000,,,,,98,44,35,16,25,30,6,2,4,149,74,55,29,34,45,11,3,7,8,8,8,true,NORMAL,0,1,-1,V2,0,3_5_fbios_PABUnityIAPiOSDefensiveBase,segment_tag_core_slot_prob_nu_29_06_base1
75063,2026-04-13 19:57:16,3,3,1,attack,attack,coin,gold,1,false,75000,87087091236030,537767,5,5,3,11,2,0,0,0,0,11514,14000,8,0,82.2,bonus_as10_gae3_no,100,4050000,,,,,1,2,0,0,0,0,0,0,0,150,76,55,29,34,45,11,3,7,5,0,0,false,SMALL,-2,-3,1,V2,0,3_5_fbios_PABUnityIAPiOSDefensiveBase,segment_tag_core_slot_prob_nu_29_06_base1
75064,2026-04-13 19:57:17,3,3,3,attack,attack,attack,attack,2,true,0,87087091236030,537764,5,5,3,11,3,0,0,0,0,11514,14000,8,0,82.2,bonus_as10_gae3_no,100,4050000,,,,,2,5,0,0,0,0,1,0,0,151,79,55,29,34,45,12,3,7,0,0,0,false,SMALL,-1,-2,1,V2,0,3_5_fbios_PABUnityIAPiOSDefensiveBase,segment_tag_core_slot_prob_nu_29_06_base1
75065,2026-04-13 19:57:22,30,2,2,accumulation,goldSack,goldSack,gold,1,false,450000,87088092136030,537761,5,5,3,11,0,0,0,0,1,11517,14000,8,3,82.3,bonus_as10_gae3_no,100,4050000,,,,,3,5,0,0,0,1,1,0,0,152,79,55,29,34,46,12,3,7,3,3,8,false,BIG,5,4,1,V2,0,3_5_fbios_PABUnityIAPiOSDefensiveBase,segment_tag_core_slot_prob_nu_29_06_base1
75066,2026-04-13 19:57:23,3,6,2,attack,spins,goldSack,gold,1,false,300000,87088092736030,537758,5,5,3,11,1,0,0,1,0,11517,14000,8,0,82.3,bonus_as10_gae3_no,100,4050000,,,,,4,6,0,0,1,1,1,0,0,153,80,55,29,35,46,12,3,7,7,6,0,false,SMALL,-2,-2,0,V2,0,3_5_fbios_PABUnityIAPiOSDefensiveBase,segment_tag_core_slot_prob_nu_29_06_base1
75067,2026-04-13 19:57:24,3,3,1,attack,attack,coin,gold,1,false,75000,87088092886030,537755,5,5,3,11,2,0,0,0,0,11517,14000,8,0,82.3,bonus_as10_gae3_no,100,4050000,,,,,5,8,0,0,1,1,1,0,0,154,82,55,29,35,46,12,3,7,5,0,0,false,NORMAL,0,-1,1,V2,0,3_5_fbios_PABUnityIAPiOSDefensiveBase,segment_tag_core_slot_prob_nu_29_06_base1
75068,2026-04-13 19:57:24,4,6,2,steal,spins,goldSack,gold,1,false,300000,87088093486030,537752,5,5,3,11,0,1,0,1,0,11517,14000,8,0,82.3,bonus_as10_gae3_no,100,4050000,,,,"{""4f593c8c"":""786\/1300@m4""}",6,8,1,0,2,1,1,0,0,155,82,56,29,36,46,12,3,7,3,6,4,false,NORMAL,3,1,2,V2,0,3_5_fbios_PABUnityIAPiOSDefensiveBase,segment_tag_core_slot_prob_nu_29_06_base1
75069,2026-04-13 19:57:25,3,6,2,attack,spins,goldSack,gold,1,false,300000,87088094086030,537749,5,5,3,11,1,0,0,1,0,11517,14000,8,0,82.3,bonus_as10_gae3_no,100,4050000,,,,"{""b0185791"":""295\/3000@m6""}",7,9,1,0,3,1,1,0,0,156,83,56,29,37,46,12,3,7,3,6,0,false,MAX,8,4,4,V2,0,3_5_fbios_PABUnityIAPiOSDefensiveBase,segment_tag_core_slot_prob_nu_29_06_base1
75070,2026-04-13 19:57:27,1,1,4,coin,coin,steal,gold,1,false,150000,87088094386030,537746,5,5,3,11,0,1,0,0,0,11517,14000,8,0,82.3,bonus_as10_gae3_no,100,4050000,,,,,8,9,2,0,3,1,1,0,0,157,83,57,29,37,46,12,3,7,4,1,1,false,SMALL,-2,-2,0,V2,0,3_5_fbios_PABUnityIAPiOSDefensiveBase,segment_tag_core_slot_prob_nu_29_06_base1
75071,2026-04-13 19:57:27,3,3,3,attack,attack,attack,attack,2,true,0,87088094386030,537743,5,5,3,11,3,0,0,0,0,11517,14000,8,0,82.3,bonus_as10_gae3_no,100,4050000,,,,,9,12,2,0,3,1,2,0,0,158,86,57,29,37,46,13,3,7,0,0,0,false,SMALL,-2,-2,0,V2,0,3_5_fbios_PABUnityIAPiOSDefensiveBase,segment_tag_core_slot_prob_nu_29_06_base1
75072,2026-04-13 19:57:33,3,5,2,attack,shield,goldSack,gold,1,false,300000,87088419986030,537740,5,5,3,11,1,0,1,0,0,11517,14000,8,0,82.3,bonus_as10_gae3_no,100,4050000,,,,,10,13,2,1,3,1,2,0,0,159,87,57,30,37,46,13,3,7,3,2,0,false,BIG,4,2,2,V2,0,3_5_fbios_PABUnityIAPiOSDefensiveBase,segment_tag_core_slot_prob_nu_29_06_base1
75073,2026-04-13 19:57:33,30,2,2,accumulation,goldSack,goldSack,gold,1,false,450000,87088420886030,537737,5,5,3,11,0,0,0,0,1,11520,14000,8,3,82.3,bonus_as10_gae3_no,100,4050000,,,,,11,13,2,1,3,2,2,0,0,160,87,57,30,37,47,13,3,7,7,3,8,false,MAX,10,7,3,V2,0,3_5_fbios_PABUnityIAPiOSDefensiveBase,segment_tag_core_slot_prob_nu_29_06_base1
75074,2026-04-13 19:57:34,4,4,4,steal,steal,steal,steal,4,true,0,87088420886030,537734,5,5,3,11,0,3,0,0,0,11520,14000,8,0,82.3,bonus_as10_gae3_no,100,4050000,,,,,12,13,5,1,3,2,2,1,0,161,87,60,30,37,47,13,4,7,4,4,4,false,SMALL,-2,-5,3,V2,0,3_5_fbios_PABUnityIAPiOSDefensiveBase,segment_tag_core_slot_prob_nu_29_06_base1
75075,2026-04-13 19:57:41,1,4,4,coin,steal,steal,gold,1,false,75000,87090421036030,537731,5,5,3,11,0,2,0,0,0,11520,14000,8,0,82.3,bonus_as10_gae3_no,100,4050000,,,,,13,13,7,1,3,2,2,1,0,162,87,62,30,37,47,13,4,7,4,4,5,false,BIG,5,2,3,V2,0,3_5_fbios_PABUnityIAPiOSDefensiveBase,segment_tag_core_slot_prob_nu_29_06_base1
75076,2026-04-13 19:57:41,2,2,2,goldSack,goldSack,goldSack,gold,1,true,7200000,87090435436030,537728,5,5,3,11,0,0,0,0,0,11520,14000,8,0,82.3,bonus_as10_gae3_no,100,4050000,,,,,14,13,7,1,3,2,2,1,0,163,87,62,30,37,47,13,4,7,3,3,7,false,BIG,4,1,3,V2,0,3_5_fbios_PABUnityIAPiOSDefensiveBase,segment_tag_core_slot_prob_nu_29_06_base1
75077,2026-04-13 19:57:42,1,1,4,coin,coin,steal,gold,1,false,150000,87090435736030,537725,5,5,3,11,0,1,0,0,0,11520,14000,8,0,82.3,bonus_as10_gae3_no,100,4050000,,,,,15,13,8,1,3,2,2,1,0,164,87,63,30,37,47,13,4,7,4,5,1,false,MIN,-6,-6,0,V2,0,3_5_fbios_PABUnityIAPiOSDefensiveBase,segment_tag_core_slot_prob_nu_29_06_base1
75078,2026-04-13 19:57:43,3,6,2,attack,spins,goldSack,gold,1,false,300000,87090436336030,537722,5,5,3,11,1,0,0,1,0,11520,14000,8,0,82.3,bonus_as10_gae3_no,100,4050000,,,,,16,14,8,1,4,2,2,1,0,165,88,63,30,38,47,13,4,7,3,6,0,false,NORMAL,1,2,-1,V2,0,3_5_fbios_PABUnityIAPiOSDefensiveBase,segment_tag_core_slot_prob_nu_29_06_base1
75079,2026-04-13 19:57:44,30,30,1,accumulation,accumulation,coin,gold,1,false,75000,87090436486030,537719,5,5,3,11,0,0,0,0,2,11526,14000,8,6,82.3,bonus_as10_gae3_no,100,4050000,,,,,17,14,8,1,4,4,2,1,0,166,88,63,30,38,49,13,4,7,5,8,8,false,NORMAL,0,0,0,V2,0,3_5_fbios_PABUnityIAPiOSDefensiveBase,segment_tag_core_slot_prob_nu_29_06_base1
75080,2026-04-13 19:57:45,5,5,5,shield,shield,shield,shield,3,true,3,87090436486030,537719,5,5,3,11,0,0,3,0,0,11526,14000,8,0,82.3,bonus_as10_gae3_no,100,4050000,,,,,18,14,8,4,4,4,2,1,1,167,88,63,33,38,49,13,4,8,2,2,2,false,SMALL,-1,-1,0,V2,0,3_5_fbios_PABUnityIAPiOSDefensiveBase,segment_tag_core_slot_prob_nu_29_06_base1
75081,2026-04-13 19:57:46,3,6,2,attack,spins,goldSack,gold,1,false,300000,87090437086030,537716,5,5,3,11,1,0,0,1,0,11526,14000,8,0,82.3,bonus_as10_gae3_no,100,4050000,,,,"{""b0185791"":""298\/3000@m6"",""90c703bf"":""464\/1800@m1""}",19,15,8,4,5,4,2,1,1,168,89,63,33,39,49,13,4,8,3,6,0,false,NORMAL,0,0,0,V2,0,3_5_fbios_PABUnityIAPiOSDefensiveBase,segment_tag_core_slot_prob_nu_29_06_base1
75082,2026-04-13 19:57:47,1,1,4,coin,coin,steal,gold,1,false,150000,87090437386030,537713,5,5,3,11,0,1,0,0,0,11526,14000,8,0,82.3,bonus_as10_gae3_no,100,4050000,,,,,20,15,9,4,5,4,2,1,1,169,89,64,33,39,49,13,4,8,4,1,5,false,NORMAL,1,1,0,V2,0,3_5_fbios_PABUnityIAPiOSDefensiveBase,segment_tag_core_slot_prob_nu_29_06_base1
75083,2026-04-13 19:57:48,3,3,1,attack,attack,coin,gold,1,false,75000,87090437536030,537710,5,5,3,11,2,0,0,0,0,11526,14000,8,0,82.3,bonus_as10_gae3_no,100,4050000,,,,,21,17,9,4,5,4,2,1,1,170,91,64,33,39,49,13,4,8,5,0,0,false,SMALL,-2,-2,0,V2,0,3_5_fbios_PABUnityIAPiOSDefensiveBase,segment_tag_core_slot_prob_nu_29_06_base1
75084,2026-04-13 19:57:48,30,2,2,accumulation,goldSack,goldSack,gold,1,false,450000,87090438436030,537707,5,5,3,11,0,0,0,0,1,11529,14000,8,3,82.3,bonus_as10_gae3_no,100,4050000,,,,,22,17,9,4,5,5,2,1,1,171,91,64,33,39,50,13,4,8,3,3,8,false,BIG,5,4,1,V2,0,3_5_fbios_PABUnityIAPiOSDefensiveBase,segment_tag_core_slot_prob_nu_29_06_base1
75085,2026-04-13 19:57:49,3,1,4,attack,coin,steal,gold,1,false,75000,87090438586030,537704,5,5,3,11,1,1,0,0,0,11529,14000,8,0,82.3,bonus_as10_gae3_no,100,4050000,,,,,23,18,10,4,5,5,2,1,1,172,92,65,33,39,50,13,4,8,4,1,0,false,NORMAL,1,0,1,V2,0,3_5_fbios_PABUnityIAPiOSDefensiveBase,segment_tag_core_slot_prob_nu_29_06_base1
75086,2026-04-13 19:57:50,1,4,4,coin,steal,steal,gold,1,false,75000,87090438736030,537701,5,5,3,11,0,2,0,0,0,11529,14000,8,0,82.3,bonus_as10_gae3_no,100,4050000,,,,,24,18,12,4,5,5,2,1,1,173,92,67,33,39,50,13,4,8,4,4,5,false,NORMAL,2,1,1,V2,0,3_5_fbios_PABUnityIAPiOSDefensiveBase,segment_tag_core_slot_prob_nu_29_06_base1
75087,2026-04-13 19:57:51,1,1,4,coin,coin,steal,gold,1,false,150000,87090439036030,537698,5,5,3,11,0,1,0,0,0,11529,14000,8,0,82.3,bonus_as10_gae3_no,100,4050000,,,,"{""4f593c8c"":""792\/1300@m4""}",25,18,13,4,5,5,2,1,1,174,92,68,33,39,50,13,4,8,4,1,1,false,MIN,-3,-1,-2,V2,0,3_5_fbios_PABUnityIAPiOSDefensiveBase,segment_tag_core_slot_prob_nu_29_06_base1
75088,2026-04-13 19:57:52,3,3,1,attack,attack,coin,gold,1,false,75000,87090439186030,537695,5,5,3,11,2,0,0,0,0,11529,14000,8,0,82.3,bonus_as10_gae3_no,100,4050000,,,,,26,20,13,4,5,5,2,1,1,175,94,68,33,39,50,13,4,8,5,0,0,false,MIN,-4,-2,-2,V2,0,3_5_fbios_PABUnityIAPiOSDefensiveBase,segment_tag_core_slot_prob_nu_29_06_base1
75089,2026-04-13 19:57:53,30,2,2,accumulation,goldSack,goldSack,gold,1,false,450000,87090440086030,537692,5,5,3,11,0,0,0,0,1,11532,14000,8,3,82.4,bonus_as10_gae3_no,100,4050000,,,,,27,20,13,4,5,6,2,1,1,176,94,68,33,39,51,13,4,8,7,7,8,false,MAX,8,8,0,V2,0,3_5_fbios_PABUnityIAPiOSDefensiveBase,segment_tag_core_slot_prob_nu_29_06_base1
75090,2026-04-13 19:57:54,2,2,2,goldSack,goldSack,goldSack,gold,1,true,7200000,87090454486030,537689,5,5,3,11,0,0,0,0,0,11532,14000,8,0,82.4,bonus_as10_gae3_no,100,4050000,,,,"{""b0185791"":""301\/3000@m6""}",28,20,13,4,5,6,2,1,1,177,94,68,33,39,51,13,4,8,3,3,3,false,BIG,4,3,1,V2,0,3_5_fbios_PABUnityIAPiOSDefensiveBase,segment_tag_core_slot_prob_nu_29_06_base1
75091,2026-04-13 19:57:55,5,2,2,shield,goldSack,goldSack,gold,1,false,450000,87090455386030,537686,5,5,3,11,0,0,1,0,0,11532,14000,8,0,82.4,bonus_as10_gae3_no,100,4050000,,,,,29,20,13,5,5,6,2,1,1,178,94,68,34,39,51,13,4,8,7,3,2,false,BIG,4,4,0,V2,0,3_5_fbios_PABUnityIAPiOSDefensiveBase,segment_tag_core_slot_prob_nu_29_06_base1
75092,2026-04-13 19:57:55,4,4,4,steal,steal,steal,steal,4,true,0,87090455386030,537683,5,5,3,11,0,3,0,0,0,11532,14000,8,0,82.4,bonus_as10_gae3_no,100,4050000,,,,,30,20,16,5,5,6,2,2,1,179,94,71,34,39,51,13,5,8,4,4,4,false,MIN,-6,-6,0,V2,0,3_5_fbios_PABUnityIAPiOSDefensiveBase,segment_tag_core_slot_prob_nu_29_06_base1
75093,2026-04-13 19:58:03,3,6,2,attack,spins,goldSack,gold,1,false,300000,87093705986030,537680,5,5,3,11,1,0,0,1,0,11532,14000,8,0,82.4,bonus_as10_gae3_no,100,4050000,,,,,31,21,16,5,6,6,2,2,1,180,95,71,34,40,51,13,5,8,3,6,0,false,BIG,6,3,3,V2,0,3_5_fbios_PABUnityIAPiOSDefensiveBase,segment_tag_core_slot_prob_nu_29_06_base1
75094,2026-04-13 19:58:04,1,1,1,coin,coin,coin,gold,1,true,750000,87093707486030,537677,5,5,3,11,0,0,0,0,0,11532,14000,8,0,82.4,bonus_as10_gae3_no,100,4050000,,,,,32,21,16,5,6,6,2,2,1,181,95,71,34,40,51,13,5,8,5,5,5,false,NORMAL,0,-2,2,V2,0,3_5_fbios_PABUnityIAPiOSDefensiveBase,segment_tag_core_slot_prob_nu_29_06_base1
75095,2026-04-13 19:58:05,5,5,5,shield,shield,shield,shield,3,true,3,87093707486030,537677,5,5,3,11,0,0,3,0,0,11532,14000,8,0,82.4,bonus_as10_gae3_no,100,4050000,,,,,33,21,16,8,6,6,2,2,2,182,95,71,37,40,51,13,5,9,2,2,2,false,NORMAL,1,-1,2,V2,0,3_5_fbios_PABUnityIAPiOSDefensiveBase,segment_tag_core_slot_prob_nu_29_06_base1
75096,2026-04-13 19:58:06,1,4,4,coin,steal,steal,gold,1,false,75000,87093707636030,537674,5,5,3,11,0,2,0,0,0,11532,14000,8,0,82.4,bonus_as10_gae3_no,100,4050000,,,,,34,21,18,8,6,6,2,2,2,183,95,73,37,40,51,13,5,9,4,4,5,false,NORMAL,0,-2,2,V2,0,3_5_fbios_PABUnityIAPiOSDefensiveBase,segment_tag_core_slot_prob_nu_29_06_base1
75097,2026-04-13 19:58:06,2,2,2,goldSack,goldSack,goldSack,gold,1,true,7200000,87093722036030,537671,5,5,3,11,0,0,0,0,0,11532,14000,8,0,82.4,bonus_as10_gae3_no,100,4050000,,,,,35,21,18,8,6,6,2,2,2,184,95,73,37,40,51,13,5,9,3,3,3,false,NORMAL,3,3,0,V2,0,3_5_fbios_PABUnityIAPiOSDefensiveBase,segment_tag_core_slot_prob_nu_29_06_base1
75098,2026-04-13 19:58:07,4,6,2,steal,spins,goldSack,gold,1,false,300000,87093722636030,537668,5,5,3,11,0,1,0,1,0,11532,14000,8,0,82.4,bonus_as10_gae3_no,100,4050000,,,,,36,21,19,8,7,6,2,2,2,185,95,74,37,41,51,13,5,9,3,6,4,false,NORMAL,3,2,1,V2,0,3_5_fbios_PABUnityIAPiOSDefensiveBase,segment_tag_core_slot_prob_nu_29_06_base1
75099,2026-04-13 19:58:08,1,1,4,coin,coin,steal,gold,1,false,150000,87093722936030,537665,5,5,3,11,0,1,0,0,0,11532,14000,8,0,82.4,bonus_as10_gae3_no,100,4050000,,,,,37,21,20,8,7,6,2,2,2,186,95,75,37,41,51,13,5,9,4,1,5,false,BIG,5,2,3,V2,0,3_5_fbios_PABUnityIAPiOSDefensiveBase,segment_tag_core_slot_prob_nu_29_06_base1
75100,2026-04-13 19:58:08,30,30,1,accumulation,accumulation,coin,gold,1,false,75000,87093723086030,537662,5,5,3,11,0,0,0,0,2,11538,14000,8,6,82.4,bonus_as10_gae3_no,100,4050000,,,,,38,21,20,8,7,8,2,2,2,187,95,75,37,41,53,13,5,9,5,8,8,false,NORMAL,3,0,3,V2,0,3_5_fbios_PABUnityIAPiOSDefensiveBase,segment_tag_core_slot_prob_nu_29_06_base1
75101,2026-04-13 19:58:10,3,3,3,attack,attack,attack,attack,2,true,0,87093723086030,537659,5,5,3,11,3,0,0,0,0,11538,14000,8,0,82.4,bonus_as10_gae3_no,100,4050000,,,,"{""4f593c8c"":""798\/1300@m4""}",39,24,20,8,7,8,3,2,2,188,98,75,37,41,53,14,5,9,0,0,0,false,NORMAL,1,-2,3,V2,0,3_5_fbios_PABUnityIAPiOSDefensiveBase,segment_tag_core_slot_prob_nu_29_06_base1
75102,2026-04-13 19:58:14,3,6,2,attack,spins,goldSack,gold,1,false,300000,87094048686030,537656,5,5,3,11,1,0,0,1,0,11538,14000,8,0,82.4,bonus_as10_gae3_no,100,4050000,,,,"{""b0185791"":""304\/3000@m6""}",40,25,20,8,8,8,3,2,2,189,99,75,37,42,53,14,5,9,7,6,0,false,NORMAL,2,-1,3,V2,0,3_5_fbios_PABUnityIAPiOSDefensiveBase,segment_tag_core_slot_prob_nu_29_06_base1
75103,2026-04-13 19:58:15,4,6,2,steal,spins,goldSack,gold,1,false,300000,87094049286030,537653,5,5,3,11,0,1,0,1,0,11538,14000,8,0,82.4,bonus_as10_gae3_no,100,4050000,,,,,41,25,21,8,9,8,3,2,2,190,99,76,37,43,53,14,5,9,3,6,4,false,BIG,4,1,3,V2,0,3_5_fbios_PABUnityIAPiOSDefensiveBase,segment_tag_core_slot_prob_nu_29_06_base1
75104,2026-04-13 19:58:16,30,2,2,accumulation,goldSack,goldSack,gold,1,false,450000,87094050186030,537650,5,5,3,11,0,0,0,0,1,11541,14000,8,3,82.4,bonus_as10_gae3_no,100,4050000,,,,,42,25,21,8,9,9,3,2,2,191,99,76,37,43,54,14,5,9,3,7,8,false,MAX,8,7,1,V2,0,3_5_fbios_PABUnityIAPiOSDefensiveBase,segment_tag_core_slot_prob_nu_29_06_base1
75105,2026-04-13 19:58:17,30,30,1,accumulation,accumulation,coin,gold,1,false,75000,87094050336030,537647,5,5,3,11,0,0,0,0,2,11547,14000,8,6,82.5,bonus_as10_gae3_no,100,4050000,,,,"{""90c703bf"":""470\/1800@m1""}",43,25,21,8,9,11,3,2,2,192,99,76,37,43,56,14,5,9,1,8,8,false,BIG,4,3,1,V2,0,3_5_fbios_PABUnityIAPiOSDefensiveBase,segment_tag_core_slot_prob_nu_29_06_base1
75106,2026-04-13 19:58:19,4,6,2,steal,spins,goldSack,gold,1,false,300000,87094050936030,537644,5,5,3,11,0,1,0,1,0,11547,14000,8,0,82.5,bonus_as10_gae3_no,100,4050000,,,,"{""b0185791"":""307\/3000@m6""}",44,25,22,8,10,11,3,2,2,193,99,77,37,44,56,14,5,9,7,6,4,false,BIG,5,1,4,V2,0,3_5_fbios_PABUnityIAPiOSDefensiveBase,segment_tag_core_slot_prob_nu_29_06_base1
75107,2026-04-13 19:58:19,1,1,4,coin,coin,steal,gold,1,false,150000,87094051236030,537641,5,5,3,11,0,1,0,0,0,11547,14000,8,0,82.5,bonus_as10_gae3_no,100,4050000,,,,,45,25,23,8,10,11,3,2,2,194,99,78,37,44,56,14,5,9,4,5,1,false,MIN,-4,-5,1,V2,0,3_5_fbios_PABUnityIAPiOSDefensiveBase,segment_tag_core_slot_prob_nu_29_06_base1
75108,2026-04-13 19:58:20,3,6,2,attack,spins,goldSack,gold,1,false,300000,87094051836030,537638,5,5,3,11,1,0,0,1,0,11547,14000,8,0,82.5,bonus_as10_gae3_no,100,4050000,,,,,46,26,23,8,11,11,3,2,2,195,100,78,37,45,56,14,5,9,7,6,0,false,SMALL,-1,-2,1,V2,0,3_5_fbios_PABUnityIAPiOSDefensiveBase,segment_tag_core_slot_prob_nu_29_06_base1
75109,2026-04-13 19:58:21,3,1,4,attack,coin,steal,gold,1,false,75000,87094051986030,537635,5,5,3,11,1,1,0,0,0,11547,14000,8,0,82.5,bonus_as10_gae3_no,100,4050000,,,,,47,27,24,8,11,11,3,2,2,196,101,79,37,45,56,14,5,9,4,1,0,false,NORMAL,3,1,2,V2,0,3_5_fbios_PABUnityIAPiOSDefensiveBase,segment_tag_core_slot_prob_nu_29_06_base1
75110,2026-04-13 19:58:21,30,30,1,accumulation,accumulation,coin,gold,1,false,75000,87094052136030,537632,5,5,3,11,0,0,0,0,2,11553,14000,8,6,82.5,bonus_as10_gae3_no,100,4050000,,,,,48,27,24,8,11,13,3,2,2,197,101,79,37,45,58,14,5,9,1,8,8,false,BIG,4,1,3,V2,0,3_5_fbios_PABUnityIAPiOSDefensiveBase,segment_tag_core_slot_prob_nu_29_06_base1
75111,2026-04-13 19:58:23,3,3,3,attack,attack,attack,attack,2,true,0,87094052136030,537629,5,5,3,11,3,0,0,0,0,11553,14000,8,0,82.5,bonus_as10_gae3_no,100,4050000,,,,,49,30,24,8,11,13,4,2,2,198,104,79,37,45,58,15,5,9,0,0,0,false,SMALL,-1,-2,1,V2,0,3_5_fbios_PABUnityIAPiOSDefensiveBase,segment_tag_core_slot_prob_nu_29_06_base1
75112,2026-04-13 19:58:35,3,3,2,attack,attack,goldSack,gold,1,false,5000000,87095062136030,537579,5,5,50,11,2,0,0,0,0,11553,14000,8,0,82.5,bonus_as10_gae3_no,100,4050000,,,,"{""b0185791"":""357\/3000@m6""}",50,32,24,8,11,13,4,2,2,199,106,79,37,45,58,15,5,9,7,0,0,false,NORMAL,0,-1,1,V2,0,3_5_fbios_PABUnityIAPiOSDefensiveBase,segment_tag_core_slot_prob_nu_29_06_base1
75113,2026-04-13 19:58:37,1,4,4,coin,steal,steal,gold,1,false,1250000,87095064636030,537529,5,5,50,11,0,2,0,0,0,11553,14000,8,0,82.5,bonus_as10_gae3_no,100,4050000,,,,,51,32,26,8,11,13,4,2,2,200,106,81,37,45,58,15,5,9,4,4,1,false,MIN,-5,-4,-1,V2,0,3_5_fbios_PABUnityIAPiOSDefensiveBase,segment_tag_core_slot_prob_nu_29_06_base1
75114,2026-04-13 19:58:38,1,1,1,coin,coin,coin,gold,1,true,12500000,87095089636030,537479,5,5,50,11,0,0,0,0,0,11553,14000,8,0,82.5,bonus_as10_gae3_no,100,4050000,,,,,52,32,26,8,11,13,4,2,2,201,106,81,37,45,58,15,5,9,5,1,1,false,MIN,-4,-3,-1,V2,0,3_5_fbios_PABUnityIAPiOSDefensiveBase,segment_tag_core_slot_prob_nu_29_06_base1
75115,2026-04-13 19:58:39,30,30,1,accumulation,accumulation,coin,gold,1,false,1250000,87095092136030,537429,5,5,50,11,0,0,0,0,2,11653,14000,8,100,83.2,bonus_as10_gae3_no,100,4050000,,,,,53,32,26,8,11,15,4,2,2,202,106,81,37,45,60,15,5,9,5,8,8,false,SMALL,-1,1,-2,V2,0,3_5_fbios_PABUnityIAPiOSDefensiveBase,segment_tag_core_slot_prob_nu_29_06_base1
75116,2026-04-13 19:58:41,3,4,2,attack,steal,goldSack,gold,1,false,5000000,87095102136030,537379,5,5,50,11,1,1,0,0,0,11653,14000,8,0,83.2,bonus_as10_gae3_no,100,4050000,,,,,54,33,27,8,11,15,4,2,2,203,107,82,37,45,60,15,5,9,7,4,0,false,SMALL,-1,-1,0,V2,0,3_5_fbios_PABUnityIAPiOSDefensiveBase,segment_tag_core_slot_prob_nu_29_06_base1
75117,2026-04-13 19:58:42,30,2,2,accumulation,goldSack,goldSack,gold,1,false,7500000,87095117136030,537329,5,5,50,11,0,0,0,0,1,11703,14000,8,50,83.6,bonus_as10_gae3_no,100,4050000,,,,"{""90c703bf"":""570\/1800@m1""}",55,33,27,8,11,16,4,2,2,204,107,82,37,45,61,15,5,9,7,7,8,false,MAX,10,9,1,V2,0,3_5_fbios_PABUnityIAPiOSDefensiveBase,segment_tag_core_slot_prob_nu_29_06_base1
75118,2026-04-13 19:58:44,3,6,2,attack,spins,goldSack,gold,1,false,40000000,87095197136030,536929,5,5,400,11,1,0,0,1,0,11703,14000,8,0,83.6,bonus_as10_gae3_no,100,4050000,,,,,56,34,27,8,12,16,4,2,2,205,108,82,37,46,61,15,5,9,7,6,0,false,NORMAL,0,-1,1,V2,0,3_5_fbios_PABUnityIAPiOSDefensiveBase,segment_tag_core_slot_prob_nu_29_06_base1
75119,2026-04-13 19:58:46,30,30,1,accumulation,accumulation,coin,gold,1,false,10000000,87095217136030,536529,5,5,400,11,0,0,0,0,2,12503,14000,8,800,89.3,bonus_as10_gae3_no,100,4050000,,,,,57,34,27,8,12,18,4,2,2,206,108,82,37,46,63,15,5,9,5,8,8,false,NORMAL,1,0,1,V2,0,3_5_fbios_PABUnityIAPiOSDefensiveBase,segment_tag_core_slot_prob_nu_29_06_base1
75120,2026-04-13 19:58:49,30,30,1,accumulation,accumulation,coin,gold,1,false,10000000,87095237136030,536129,5,5,400,11,0,0,0,0,2,13303,14000,8,800,95.0,bonus_as10_gae3_no,100,4050000,,,,"{""4f593c8c"":""298\/1500@m5""}",58,34,27,8,12,20,4,2,2,207,108,82,37,46,65,15,5,9,5,8,8,false,BIG,4,2,2,V2,0,3_5_fbios_PABUnityIAPiOSDefensiveBase,segment_tag_core_slot_prob_nu_29_06_base1
75121,2026-04-13 19:58:52,3,6,2,attack,spins,goldSack,gold,1,false,40000000,87095317136030,535729,5,5,400,11,1,0,0,1,0,13303,14000,8,0,95.0,bonus_as10_gae3_no,100,4050000,,,,"{""b0185791"":""757\/3000@m6""}",59,35,27,8,13,20,4,2,2,208,109,82,37,47,65,15,5,9,3,6,0,false,BIG,4,2,2,V2,0,3_5_fbios_PABUnityIAPiOSDefensiveBase,segment_tag_core_slot_prob_nu_29_06_base1
75122,2026-04-13 19:58:53,3,3,1,attack,attack,coin,gold,1,false,10000000,87095337136030,535329,5,5,400,11,2,0,0,0,0,13303,14000,8,0,95.0,bonus_as10_gae3_no,100,4050000,,,,,60,37,27,8,13,20,4,2,2,209,111,82,37,47,65,15,5,9,1,0,0,false,NORMAL,1,0,1,V2,0,3_5_fbios_PABUnityIAPiOSDefensiveBase,segment_tag_core_slot_prob_nu_29_06_base1
75123,2026-04-13 19:58:54,3,6,2,attack,spins,goldSack,gold,1,false,40000000,87095417136030,534929,5,5,400,11,1,0,0,1,0,13303,14000,8,0,95.0,bonus_as10_gae3_no,100,4050000,,,,,61,38,27,8,14,20,4,2,2,210,112,82,37,48,65,15,5,9,7,6,0,false,NORMAL,0,-1,1,V2,0,3_5_fbios_PABUnityIAPiOSDefensiveBase,segment_tag_core_slot_prob_nu_29_06_base1
75124,2026-04-13 19:58:54,1,1,4,coin,coin,steal,gold,1,false,20000000,87095457136030,534529,5,5,400,11,0,1,0,0,0,13303,14000,8,0,95.0,bonus_as10_gae3_no,100,4050000,,,,,62,38,28,8,14,20,4,2,2,211,112,83,37,48,65,15,5,9,4,5,5,false,SMALL,-1,-1,0,V2,0,3_5_fbios_PABUnityIAPiOSDefensiveBase,segment_tag_core_slot_prob_nu_29_06_base1
75125,2026-04-13 19:58:55,3,3,3,attack,attack,attack,attack,2,true,0,87095457136030,534129,5,5,400,11,3,0,0,0,0,13303,14000,8,0,95.0,bonus_as10_gae3_no,100,4050000,,,,"{""b0185791"":""1157\/3000@m6""}",63,41,28,8,14,20,5,2,2,212,115,83,37,48,65,16,5,9,0,0,0,false,SMALL,-2,-2,0,V2,0,3_5_fbios_PABUnityIAPiOSDefensiveBase,segment_tag_core_slot_prob_nu_29_06_base1
75126,2026-04-13 19:59:47,4,6,2,steal,spins,goldSack,gold,1,false,200000,87138457536030,534427,5,5,2,11,0,1,0,1,0,13303,14000,8,0,95.0,,100,4050000,,,,,64,41,29,8,15,20,5,2,2,213,115,84,37,49,65,16,5,9,3,6,4,false,NORMAL,2,1,1,V2,0,3_5_fbios_PABUnityIAPiOSDefensiveBase,segment_tag_core_slot_prob_nu_29_06_base1
75127,2026-04-13 19:59:51,3,6,2,attack,spins,goldSack,gold,1,false,300000,87138458136030,534424,5,5,3,11,1,0,0,1,0,13303,14000,8,0,95.0,,100,4050000,,,,,65,42,29,8,16,20,5,2,2,214,116,84,37,50,65,16,5,9,7,6,0,false,NORMAL,2,-1,3,V2,0,3_5_fbios_PABUnityIAPiOSDefensiveBase,segment_tag_core_slot_prob_nu_29_06_base1
75128,2026-04-13 19:59:53,3,1,5,attack,coin,shield,gold,1,false,75000,87138458286030,534421,5,5,3,11,1,0,1,0,0,13303,14000,8,0,95.0,,100,4050000,,,,"{""4f593c8c"":""304\/1500@m5""}",66,43,29,9,16,20,5,2,2,215,117,84,38,50,65,16,5,9,2,5,0,false,NORMAL,2,-1,3,V2,0,3_5_fbios_PABUnityIAPiOSDefensiveBase,segment_tag_core_slot_prob_nu_29_06_base1
75129,2026-04-13 20:02:23,3,3,1,attack,attack,coin,gold,1,false,75000,87138458436030,534422,5,5,3,11,2,0,0,0,0,13303,14000,8,0,95.0,bonus_bs15_gae3_no,100,4050000,,,,,67,45,29,9,16,20,5,2,2,216,119,84,38,50,65,16,5,9,5,0,0,false,NORMAL,1,-2,3,V2,0,3_5_fbios_PABUnityIAPiOSDefensiveBase,segment_tag_core_slot_prob_nu_29_06_base1
75130,2026-04-13 20:02:24,1,1,1,coin,coin,coin,gold,1,true,750000,87138459936030,534419,5,5,3,11,0,0,0,0,0,13303,14000,8,0,95.0,bonus_bs15_gae3_no,100,4050000,,,,,68,45,29,9,16,20,5,2,2,217,119,84,38,50,65,16,5,9,1,5,1,false,MIN,-7,-7,0,V2,0,3_5_fbios_PABUnityIAPiOSDefensiveBase,segment_tag_core_slot_prob_nu_29_06_base1
75131,2026-04-13 20:02:24,3,5,2,attack,shield,goldSack,gold,1,false,300000,87138460536030,534416,5,5,3,11,1,0,1,0,0,13303,14000,8,0,95.0,bonus_bs15_gae3_no,100,4050000,,,,"{""4f593c8c"":""310\/1500@m5""}",69,46,29,10,16,20,5,2,2,218,120,84,39,50,65,16,5,9,7,2,0,false,SMALL,-2,-2,0,V2,0,3_5_fbios_PABUnityIAPiOSDefensiveBase,segment_tag_core_slot_prob_nu_29_06_base1
75132,2026-04-13 20:02:25,1,1,1,coin,coin,coin,gold,1,true,750000,87138462036030,534413,5,5,3,11,0,0,0,0,0,13303,14000,8,0,95.0,bonus_bs15_gae3_no,100,4050000,,,,,70,46,29,10,16,20,5,2,2,219,120,84,39,50,65,16,5,9,1,5,1,false,MIN,-9,-7,-2,V2,0,3_5_fbios_PABUnityIAPiOSDefensiveBase,segment_tag_core_slot_prob_nu_29_06_base1
75133,2026-04-13 20:02:27,3,3,3,attack,attack,attack,attack,2,true,0,87138462036030,534410,5,5,3,11,3,0,0,0,0,13303,14000,8,0,95.0,bonus_bs15_gae3_no,100,4050000,,,,,71,49,29,10,16,20,6,2,2,220,123,84,39,50,65,17,5,9,0,0,0,false,MIN,-4,-2,-2,V2,0,3_5_fbios_PABUnityIAPiOSDefensiveBase,segment_tag_core_slot_prob_nu_29_06_base1
75134,2026-04-13 20:02:33,30,30,1,accumulation,accumulation,coin,gold,1,false,10000000,87138807036030,534010,5,5,400,11,0,0,0,0,2,103,750,9,0,13.7,bonus_bs15_gae3_no,100,4050000,,,,"{""4f593c8c"":""1110\/1500@m5"",""90c703bf"":""1370\/1800@m1""}",72,49,29,10,16,22,6,2,2,221,123,84,39,50,67,17,5,9,1,8,8,false,NORMAL,2,1,1,V2,0,3_5_fbios_PABUnityIAPiOSDefensiveBase,segment_tag_core_slot_prob_nu_29_06_base1
75135,2026-04-13 20:02:35,30,30,3,accumulation,accumulation,attack,gold,6,false,0,87138807036030,548510,5,5,400,11,1,0,0,0,2,153,1500,10,0,10.2,bonus_bs15_gae3_no,100,4050000,,,,,73,50,29,10,16,24,6,2,2,222,124,84,39,50,69,17,5,9,0,8,8,false,NORMAL,2,1,1,V2,0,3_5_fbios_PABUnityIAPiOSDefensiveBase,segment_tag_core_slot_prob_nu_29_06_base1
75136,2026-04-13 20:02:38,2,2,2,goldSack,goldSack,goldSack,gold,1,true,960000000,87140807036030,548110,5,5,400,11,0,0,0,0,0,153,1500,10,0,10.2,bonus_bs15_gae3_no,100,4050000,,,,"{""b0185791"":""1557\/3000@m6""}",74,50,29,10,16,24,6,2,2,223,124,84,39,50,69,17,5,9,7,7,3,false,BIG,7,6,1,V2,0,3_5_fbios_PABUnityIAPiOSDefensiveBase,segment_tag_core_slot_prob_nu_29_06_base1
75137,2026-04-13 20:02:39,3,3,3,attack,attack,attack,attack,2,true,0,87140807036030,547710,5,5,400,11,3,0,0,0,0,153,1500,10,0,10.2,bonus_bs15_gae3_no,100,4050000,,,,,75,53,29,10,16,24,7,2,2,224,127,84,39,50,69,18,5,9,0,0,0,false,SMALL,-1,-2,1,V2,0,3_5_fbios_PABUnityIAPiOSDefensiveBase,segment_tag_core_slot_prob_nu_29_06_base1
75138,2026-04-13 20:02:48,30,30,30,accumulation,accumulation,accumulation,gold,10,true,0,87270807036030,547310,5,5,400,11,0,0,0,0,3,1903,30000,12,0,6.3,,100,4050000,,,,,76,53,29,10,16,27,7,2,2,225,127,84,39,50,72,18,5,9,8,8,8,true,NORMAL,3,1,2,V2,0,3_5_fbios_PABUnityIAPiOSDefensiveBase,segment_tag_core_slot_prob_nu_29_06_base1
75139,2026-04-13 21:19:40,30,2,2,accumulation,goldSack,goldSack,gold,1,false,150000,87274978211030,547315,5,5,1,11,0,0,0,0,1,1904,30000,12,1,6.3,,100,4050000,,,,,1,0,0,0,0,1,0,0,0,226,127,84,39,50,73,18,5,9,3,7,8,false,BIG,4,4,0,V2,0,3_5_fbios_PABUnityIAPiOSDefensiveBase,segment_tag_core_slot_prob_nu_29_06_base1
75140,2026-04-13 21:19:42,1,1,1,coin,coin,coin,gold,1,true,250000,87274978461030,547314,5,5,1,11,0,0,0,0,0,1904,30000,12,0,6.3,,100,4050000,,,,,2,0,0,0,0,1,0,0,0,227,127,84,39,50,73,18,5,9,1,1,1,false,MIN,-7,-4,-3,V2,0,3_5_fbios_PABUnityIAPiOSDefensiveBase,segment_tag_core_slot_prob_nu_29_06_base1
75141,2026-04-13 21:19:42,4,6,2,steal,spins,goldSack,gold,1,false,100000,87274978561030,547313,5,5,1,11,0,1,0,1,0,1904,30000,12,0,6.3,,100,4050000,,,,,3,0,1,0,1,1,0,0,0,228,127,85,39,51,73,18,5,9,7,6,4,false,SMALL,-2,1,-3,V2,0,3_5_fbios_PABUnityIAPiOSDefensiveBase,segment_tag_core_slot_prob_nu_29_06_base1
75142,2026-04-13 21:19:43,4,6,2,steal,spins,goldSack,gold,1,false,100000,87274978661030,547312,5,5,1,11,0,1,0,1,0,1904,30000,12,0,6.3,,100,4050000,,,,,4,0,2,0,2,1,0,0,0,229,127,86,39,52,73,18,5,9,7,6,4,false,BIG,6,4,2,V2,0,3_5_fbios_PABUnityIAPiOSDefensiveBase,segment_tag_core_slot_prob_nu_29_06_base1
75143,2026-04-13 21:19:44,1,4,6,coin,steal,spins,gold,1,false,25000,87274978686030,547311,5,5,1,11,0,1,0,1,0,1904,30000,12,0,6.3,,100,4050000,,,,,5,0,3,0,3,1,0,0,0,230,127,87,39,53,73,18,5,9,6,4,1,false,SMALL,-2,-2,0,V2,0,3_5_fbios_PABUnityIAPiOSDefensiveBase,segment_tag_core_slot_prob_nu_29_06_base1
75144,2026-04-13 21:19:45,30,2,2,accumulation,goldSack,goldSack,gold,1,false,150000,87274978836030,547310,5,5,1,11,0,0,0,0,1,1905,30000,12,1,6.3,,100,4050000,,,,,6,0,3,0,3,2,0,0,0,231,127,87,39,53,74,18,5,9,3,3,8,false,BIG,5,5,0,V2,0,3_5_fbios_PABUnityIAPiOSDefensiveBase,segment_tag_core_slot_prob_nu_29_06_base1
75145,2026-04-13 21:19:46,1,6,6,coin,spins,spins,gold,1,false,25000,87274978861030,547309,5,5,1,11,0,0,0,2,0,1905,30000,12,0,6.3,,100,4050000,,,,,7,0,3,0,5,2,0,0,0,232,127,87,39,55,74,18,5,9,6,6,5,false,BIG,5,3,2,V2,0,3_5_fbios_PABUnityIAPiOSDefensiveBase,segment_tag_core_slot_prob_nu_29_06_base1
75146,2026-04-13 21:19:47,3,3,1,attack,attack,coin,gold,1,false,25000,87274978886030,547308,5,5,1,11,2,0,0,0,0,1905,30000,12,0,6.3,,100,4050000,,,,"{""b0185791"":""1558\/3000@m6""}",8,2,3,0,5,2,0,0,0,233,129,87,39,55,74,18,5,9,5,0,0,false,NORMAL,0,-2,2,V2,0,3_5_fbios_PABUnityIAPiOSDefensiveBase,segment_tag_core_slot_prob_nu_29_06_base1
75147,2026-04-13 21:19:48,3,3,1,attack,attack,coin,gold,1,false,25000,87274978911030,547307,5,5,1,11,2,0,0,0,0,1905,30000,12,0,6.3,,100,4050000,,,,,9,4,3,0,5,2,0,0,0,234,131,87,39,55,74,18,5,9,5,0,0,false,NORMAL,1,0,1,V2,0,3_5_fbios_PABUnityIAPiOSDefensiveBase,segment_tag_core_slot_prob_nu_29_06_base1
75148,2026-04-13 21:19:49,3,3,1,attack,attack,coin,gold,1,false,25000,87274978936030,547306,5,5,1,11,2,0,0,0,0,1905,30000,12,0,6.3,,100,4050000,,,,,10,6,3,0,5,2,0,0,0,235,133,87,39,55,74,18,5,9,5,0,0,false,SMALL,-1,0,-1,V2,0,3_5_fbios_PABUnityIAPiOSDefensiveBase,segment_tag_core_slot_prob_nu_29_06_base1
75149,2026-04-13 21:19:49,1,5,5,coin,shield,shield,gold,1,false,25000,87274978961030,547305,5,5,1,11,0,0,2,0,0,1905,30000,12,0,6.3,,100,4050000,,,,,11,6,3,2,5,2,0,0,0,236,133,87,41,55,74,18,5,9,2,2,5,false,SMALL,-1,0,-1,V2,0,3_5_fbios_PABUnityIAPiOSDefensiveBase,segment_tag_core_slot_prob_nu_29_06_base1
75150,2026-04-13 21:19:50,30,2,2,accumulation,goldSack,goldSack,gold,1,false,150000,87274979111030,547304,5,5,1,11,0,0,0,0,1,1906,30000,12,1,6.4,,100,4050000,,,,"{""4f593c8c"":""1112\/1500@m5""}",12,6,3,2,5,3,0,0,0,237,133,87,41,55,75,18,5,9,3,3,8,false,BIG,4,3,1,V2,0,3_5_fbios_PABUnityIAPiOSDefensiveBase,segment_tag_core_slot_prob_nu_29_06_base1
75151,2026-04-13 21:19:52,4,6,2,steal,spins,goldSack,gold,1,false,100000,87274979211030,547303,5,5,1,11,0,1,0,1,0,1906,30000,12,0,6.4,,100,4050000,,,,"{""b0185791"":""1559\/3000@m6""}",13,6,4,2,6,3,0,0,0,238,133,88,41,56,75,18,5,9,3,6,4,false,BIG,4,2,2,V2,0,3_5_fbios_PABUnityIAPiOSDefensiveBase,segment_tag_core_slot_prob_nu_29_06_base1
75152,2026-04-13 21:19:53,4,6,2,steal,spins,goldSack,gold,1,false,100000,87274979311030,547302,5,5,1,11,0,1,0,1,0,1906,30000,12,0,6.4,,100,4050000,,,,,14,6,5,2,7,3,0,0,0,239,133,89,41,57,75,18,5,9,3,6,4,false,MAX,8,4,4,V2,0,3_5_fbios_PABUnityIAPiOSDefensiveBase,segment_tag_core_slot_prob_nu_29_06_base1
75153,2026-04-13 21:19:53,1,1,1,coin,coin,coin,gold,1,true,250000,87274979561030,547301,5,5,1,11,0,0,0,0,0,1906,30000,12,0,6.4,,100,4050000,,,,,15,6,5,2,7,3,0,0,0,240,133,89,41,57,75,18,5,9,5,1,5,false,BIG,5,1,4,V2,0,3_5_fbios_PABUnityIAPiOSDefensiveBase,segment_tag_core_slot_prob_nu_29_06_base1
75154,2026-04-13 21:19:54,3,3,3,attack,attack,attack,attack,2,true,0,87274979561030,547300,5,5,1,11,3,0,0,0,0,1906,30000,12,0,6.4,,100,4050000,,,,,16,9,5,2,7,3,1,0,0,241,136,89,41,57,75,19,5,9,0,0,0,false,NORMAL,3,-1,4,V2,0,3_5_fbios_PABUnityIAPiOSDefensiveBase,segment_tag_core_slot_prob_nu_29_06_base1
75155,2026-04-13 21:19:59,3,1,1,attack,coin,coin,gold,1,false,50000,87274989511030,547299,5,5,1,11,1,0,0,0,0,1906,30000,12,0,6.4,,100,4050000,,,,,17,10,5,2,7,3,1,0,0,242,137,89,41,57,75,19,5,9,1,1,0,false,BIG,5,1,4,V2,0,3_5_fbios_PABUnityIAPiOSDefensiveBase,segment_tag_core_slot_prob_nu_29_06_base1
75156,2026-04-13 21:19:59,4,6,2,steal,spins,goldSack,gold,1,false,100000,87274989611030,547298,5,5,1,11,0,1,0,1,0,1906,30000,12,0,6.4,,100,4050000,,,,"{""b0185791"":""1560\/3000@m6""}",18,10,6,2,8,3,1,0,0,243,137,90,41,58,75,19,5,9,7,6,4,false,BIG,5,1,4,V2,0,3_5_fbios_PABUnityIAPiOSDefensiveBase,segment_tag_core_slot_prob_nu_29_06_base1
75157,2026-04-13 21:20:00,3,5,2,attack,shield,goldSack,gold,1,false,100000,87274989711030,547297,5,5,1,11,1,0,1,0,0,1906,30000,12,0,6.4,,100,4050000,,,,,19,11,6,3,8,3,1,0,0,244,138,90,42,58,75,19,5,9,7,2,0,false,BIG,4,0,4,V2,0,3_5_fbios_PABUnityIAPiOSDefensiveBase,segment_tag_core_slot_prob_nu_29_06_base1
75158,2026-04-13 21:20:01,30,30,1,accumulation,accumulation,coin,gold,1,false,25000,87274989736030,547296,5,5,1,11,0,0,0,0,2,1908,30000,12,2,6.4,,100,4050000,,,,,20,11,6,3,8,5,1,0,0,245,138,90,42,58,77,19,5,9,1,8,8,false,BIG,6,1,5,V2,0,3_5_fbios_PABUnityIAPiOSDefensiveBase,segment_tag_core_slot_prob_nu_29_06_base1
75159,2026-04-13 21:20:02,4,6,2,steal,spins,goldSack,gold,1,false,100000,87274989836030,547295,5,5,1,11,0,1,0,1,0,1908,30000,12,0,6.4,,100,4050000,,,,,21,11,7,3,9,5,1,0,0,246,138,91,42,59,77,19,5,9,3,6,4,false,BIG,7,1,6,V2,0,3_5_fbios_PABUnityIAPiOSDefensiveBase,segment_tag_core_slot_prob_nu_29_06_base1
75160,2026-04-13 21:20:03,4,6,2,steal,spins,goldSack,gold,1,false,100000,87274989936030,547294,5,5,1,11,0,1,0,1,0,1908,30000,12,0,6.4,,100,4050000,,,,,22,11,8,3,10,5,1,0,0,247,138,92,42,60,77,19,5,9,3,6,4,false,MAX,8,3,5,V2,0,3_5_fbios_PABUnityIAPiOSDefensiveBase,segment_tag_core_slot_prob_nu_29_06_base1
75161,2026-04-13 21:20:04,4,6,2,steal,spins,goldSack,gold,1,false,100000,87274990036030,547293,5,5,1,11,0,1,0,1,0,1908,30000,12,0,6.4,,100,4050000,,,,,23,11,9,3,11,5,1,0,0,248,138,93,42,61,77,19,5,9,7,6,4,false,MAX,8,3,5,V2,0,3_5_fbios_PABUnityIAPiOSDefensiveBase,segment_tag_core_slot_prob_nu_29_06_base1
75162,2026-04-13 21:20:05,4,6,2,steal,spins,goldSack,gold,1,false,100000,87274990136030,547292,5,5,1,11,0,1,0,1,0,1908,30000,12,0,6.4,,100,4050000,,,,"{""4f593c8c"":""1114\/1500@m5""}",24,11,10,3,12,5,1,0,0,249,138,94,42,62,77,19,5,9,7,6,4,false,MAX,9,4,5,V2,0,3_5_fbios_PABUnityIAPiOSDefensiveBase,segment_tag_core_slot_prob_nu_29_06_base1
75163,2026-04-13 21:20:10,3,6,2,attack,spins,goldSack,gold,1,false,150000000,87275140136030,545792,5,5,1500,11,1,0,0,1,0,1908,30000,12,0,6.4,,100,4050000,,,,"{""90c703bf"":""2570\/2700@m2""}",25,12,10,3,13,5,1,0,0,250,139,94,42,63,77,19,5,9,3,6,0,false,BIG,7,3,4,V2,0,3_5_fbios_PABUnityIAPiOSDefensiveBase,segment_tag_core_slot_prob_nu_29_06_base1
75164,2026-04-13 21:20:18,1,4,4,coin,steal,steal,gold,1,false,37500000,87275177636030,544292,5,5,1500,11,0,2,0,0,0,1908,30000,12,0,6.4,,100,4050000,,,,"{""b0185791"":""60\/3500@m7""}",26,12,12,3,13,5,1,0,0,251,139,96,42,63,77,19,5,9,4,4,5,false,BIG,4,0,4,V2,0,3_5_fbios_PABUnityIAPiOSDefensiveBase,segment_tag_core_slot_prob_nu_29_06_base1
75165,2026-04-13 21:20:25,30,30,1,accumulation,accumulation,coin,gold,1,false,37500000,87275215136030,542792,5,5,1500,11,0,0,0,0,2,4908,30000,12,3000,16.4,,100,4050000,,,,,27,12,12,3,13,7,1,0,0,252,139,96,42,63,79,19,5,9,1,8,8,false,BIG,5,1,4,V2,0,3_5_fbios_PABUnityIAPiOSDefensiveBase,segment_tag_core_slot_prob_nu_29_06_base1
75166,2026-04-13 21:20:27,30,2,2,accumulation,goldSack,goldSack,gold,1,false,225000000,87275440136030,541292,5,5,1500,11,0,0,0,0,1,6408,30000,12,1500,21.4,,100,4050000,,,,"{""4f593c8c"":""614\/2500@m7""}",28,12,12,3,13,8,1,0,0,253,139,96,42,63,80,19,5,9,3,3,8,false,BIG,7,5,2,V2,0,3_5_fbios_PABUnityIAPiOSDefensiveBase,segment_tag_core_slot_prob_nu_29_06_base1
75167,2026-04-13 21:20:32,1,5,5,coin,shield,shield,gold,1,false,37500000,87275477636030,539792,5,5,1500,11,0,0,2,0,0,6408,30000,12,0,21.4,,100,4050000,,,,,29,12,12,5,13,8,1,0,0,254,139,96,44,63,80,19,5,9,2,2,1,false,MIN,-6,-3,-3,V2,0,3_5_fbios_PABUnityIAPiOSDefensiveBase,segment_tag_core_slot_prob_nu_29_06_base1
75168,2026-04-13 21:20:34,1,1,1,coin,coin,coin,gold,1,true,375000000,87275852636030,538292,5,5,1500,11,0,0,0,0,0,6408,30000,12,0,21.4,,100,4050000,,,,"{""b0185791"":""1560\/3500@m7""}",30,12,12,5,13,8,1,0,0,255,139,96,44,63,80,19,5,9,5,5,5,false,MIN,-6,-3,-3,V2,0,3_5_fbios_PABUnityIAPiOSDefensiveBase,segment_tag_core_slot_prob_nu_29_06_base1
75169,2026-04-13 21:20:36,1,1,6,coin,coin,spins,gold,1,false,75000000,87275927636030,536792,5,5,1500,11,0,0,0,1,0,6408,30000,12,0,21.4,,100,4050000,,,,,31,12,12,5,14,8,1,0,0,256,139,96,44,64,80,19,5,9,6,5,1,false,MIN,-10,-7,-3,V2,0,3_5_fbios_PABUnityIAPiOSDefensiveBase,segment_tag_core_slot_prob_nu_29_06_base1
75170,2026-04-13 21:20:38,1,1,1,coin,coin,coin,gold,1,true,375000000,87276302636030,535292,5,5,1500,11,0,0,0,0,0,6408,30000,12,0,21.4,,100,4050000,,,,,32,12,12,5,14,8,1,0,0,257,139,96,44,64,80,19,5,9,1,1,5,false,SMALL,-2,1,-3,V2,0,3_5_fbios_PABUnityIAPiOSDefensiveBase,segment_tag_core_slot_prob_nu_29_06_base1
75171,2026-04-13 21:20:40,3,3,3,attack,attack,attack,attack,2,true,0,87276302636030,533792,5,5,1500,11,3,0,0,0,0,6408,30000,12,0,21.4,,100,4050000,,,,,33,15,12,5,14,8,2,0,0,258,142,96,44,64,80,20,5,9,0,0,0,false,SMALL,-2,-2,0,V2,0,3_5_fbios_PABUnityIAPiOSDefensiveBase,segment_tag_core_slot_prob_nu_29_06_base1
75172,2026-04-13 21:23:03,1,4,4,coin,steal,steal,gold,1,false,1250000,87300653886030,534542,5,5,50,11,0,2,0,0,0,6408,30000,12,0,21.4,,100,4050000,,,,,34,15,14,5,14,8,2,0,0,259,142,98,44,64,80,20,5,9,4,4,1,false,MIN,-6,-4,-2,V2,0,3_5_fbios_PABUnityIAPiOSDefensiveBase,segment_tag_core_slot_prob_nu_29_06_base1
75173,2026-04-13 21:23:05,30,30,1,accumulation,accumulation,coin,gold,1,false,1250000,87300655136030,534492,5,5,50,11,0,0,0,0,2,6508,30000,12,100,21.7,,100,4050000,,,,"{""4f593c8c"":""714\/2500@m7""}",35,15,14,5,14,10,2,0,0,260,142,98,44,64,82,20,5,9,1,8,8,false,SMALL,-1,1,-2,V2,0,3_5_fbios_PABUnityIAPiOSDefensiveBase,segment_tag_core_slot_prob_nu_29_06_base1
75174,2026-04-13 21:23:06,3,4,2,attack,steal,goldSack,gold,1,false,5000000,87300660136030,534442,5,5,50,11,1,1,0,0,0,6508,30000,12,0,21.7,,100,4050000,,,,,36,16,15,5,14,10,2,0,0,261,143,99,44,64,82,20,5,9,3,4,0,false,NORMAL,3,3,0,V2,0,3_5_fbios_PABUnityIAPiOSDefensiveBase,segment_tag_core_slot_prob_nu_29_06_base1
75175,2026-04-13 21:23:09,2,2,2,goldSack,goldSack,goldSack,gold,1,true,120000000,87300780136030,534392,5,5,50,11,0,0,0,0,0,6508,30000,12,0,21.7,,100,4050000,,,,,37,16,15,5,14,10,2,0,0,262,143,99,44,64,82,20,5,9,7,3,3,false,BIG,4,5,-1,V2,0,3_5_fbios_PABUnityIAPiOSDefensiveBase,segment_tag_core_slot_prob_nu_29_06_base1
75176,2026-04-13 21:23:11,1,1,1,coin,coin,coin,gold,1,true,12500000,87300792636030,534342,5,5,50,11,0,0,0,0,0,6508,30000,12,0,21.7,,100,4050000,,,,,38,16,15,5,14,10,2,0,0,263,143,99,44,64,82,20,5,9,5,1,5,false,SMALL,-1,0,-1,V2,0,3_5_fbios_PABUnityIAPiOSDefensiveBase,segment_tag_core_slot_prob_nu_29_06_base1
75177,2026-04-13 21:23:12,3,1,5,attack,coin,shield,gold,1,false,1250000,87300793886030,534292,5,5,50,11,1,0,1,0,0,6508,30000,12,0,21.7,,100,4050000,,,,"{""b0185791"":""1610\/3500@m7""}",39,17,15,6,14,10,2,0,0,264,144,99,45,64,82,20,5,9,2,1,0,false,SMALL,-1,0,-1,V2,0,3_5_fbios_PABUnityIAPiOSDefensiveBase,segment_tag_core_slot_prob_nu_29_06_base1
75178,2026-04-13 21:23:13,3,1,1,attack,coin,coin,gold,1,false,2500000,87300796386030,534242,5,5,50,11,1,0,0,0,0,6508,30000,12,0,21.7,,100,4050000,,,,,40,18,15,6,14,10,2,0,0,265,145,99,45,64,82,20,5,9,1,1,0,false,NORMAL,0,0,0,V2,0,3_5_fbios_PABUnityIAPiOSDefensiveBase,segment_tag_core_slot_prob_nu_29_06_base1
75179,2026-04-13 21:23:14,1,1,1,coin,coin,coin,gold,1,true,12500000,87300808886030,534192,5,5,50,11,0,0,0,0,0,6508,30000,12,0,21.7,,100,4050000,,,,,41,18,15,6,14,10,2,0,0,266,145,99,45,64,82,20,5,9,1,1,1,false,MIN,-5,-3,-2,V2,0,3_5_fbios_PABUnityIAPiOSDefensiveBase,segment_tag_core_slot_prob_nu_29_06_base1
75180,2026-04-13 21:23:15,3,6,2,attack,spins,goldSack,gold,1,false,5000000,87300813886030,534142,5,5,50,11,1,0,0,1,0,6508,30000,12,0,21.7,,100,4050000,,,,,42,19,15,6,15,10,2,0,0,267,146,99,45,65,82,20,5,9,3,6,0,false,NORMAL,0,2,-2,V2,0,3_5_fbios_PABUnityIAPiOSDefensiveBase,segment_tag_core_slot_prob_nu_29_06_base1
75181,2026-04-13 21:23:17,3,3,2,attack,attack,goldSack,gold,1,false,5000000,87300818886030,534092,5,5,50,11,2,0,0,0,0,6508,30000,12,0,21.7,,100,4050000,,,,"{""b0185791"":""1660\/3500@m7""}",43,21,15,6,15,10,2,0,0,268,148,99,45,65,82,20,5,9,3,0,0,false,NORMAL,2,3,-1,V2,0,3_5_fbios_PABUnityIAPiOSDefensiveBase,segment_tag_core_slot_prob_nu_29_06_base1
75182,2026-04-13 21:23:18,1,1,1,coin,coin,coin,gold,1,true,12500000,87300831386030,534042,5,5,50,11,0,0,0,0,0,6508,30000,12,0,21.7,,100,4050000,,,,,44,21,15,6,15,10,2,0,0,269,148,99,45,65,82,20,5,9,1,5,1,false,MIN,-10,-7,-3,V2,0,3_5_fbios_PABUnityIAPiOSDefensiveBase,segment_tag_core_slot_prob_nu_29_06_base1
75183,2026-04-13 21:23:19,4,6,2,steal,spins,goldSack,gold,1,false,5000000,87300836386030,533992,5,5,50,11,0,1,0,1,0,6508,30000,12,0,21.7,,100,4050000,,,,,45,21,16,6,16,10,2,0,0,270,148,100,45,66,82,20,5,9,7,6,4,false,SMALL,-2,1,-3,V2,0,3_5_fbios_PABUnityIAPiOSDefensiveBase,segment_tag_core_slot_prob_nu_29_06_base1
75184,2026-04-13 21:23:20,2,2,2,goldSack,goldSack,goldSack,gold,1,true,120000000,87300956386030,533942,5,5,50,11,0,0,0,0,0,6508,30000,12,0,21.7,,100,4050000,,,,,46,21,16,6,16,10,2,0,0,271,148,100,45,66,82,20,5,9,3,7,7,false,BIG,5,4,1,V2,0,3_5_fbios_PABUnityIAPiOSDefensiveBase,segment_tag_core_slot_prob_nu_29_06_base1
75185,2026-04-13 21:23:21,1,6,6,coin,spins,spins,gold,1,false,1250000,87300957636030,533892,5,5,50,11,0,0,0,2,0,6508,30000,12,0,21.7,,100,4050000,,,,"{""b0185791"":""1710\/3500@m7"",""4f593c8c"":""814\/2500@m7""}",47,21,16,6,18,10,2,0,0,272,148,100,45,68,82,20,5,9,6,6,5,false,NORMAL,3,2,1,V2,0,3_5_fbios_PABUnityIAPiOSDefensiveBase,segment_tag_core_slot_prob_nu_29_06_base1
75186,2026-04-13 21:23:23,6,6,6,spins,spins,spins,spins,5,true,500,87300957636030,534342,5,5,50,11,0,0,0,3,0,6508,30000,12,0,21.7,,100,4050000,,,,,48,21,16,6,21,10,2,0,0,273,148,100,45,71,82,20,5,9,6,6,6,true,NORMAL,2,1,1,V2,0,3_5_fbios_PABUnityIAPiOSDefensiveBase,segment_tag_core_slot_prob_nu_29_06_base1
75187,2026-04-13 21:23:25,30,30,30,accumulation,accumulation,accumulation,gold,10,true,0,87300957636030,534292,5,5,50,11,0,0,0,0,3,7008,30000,12,500,23.4,,100,4050000,,,,"{""90c703bf"":""2670\/2700@m2""}",49,21,16,6,21,13,2,0,0,1,0,0,0,0,3,0,0,0,8,8,8,true,NORMAL,1,0,1,V2,0,3_5_fbios_PABUnityIAPiOSDefensiveBase,segment_tag_core_slot_prob_nu_29_06_base1
75188,2026-04-14 04:31:37,3,1,1,attack,coin,coin,gold,1,false,50000,87298313015430,534371,5,5,1,11,1,0,0,0,0,7008,30000,12,0,23.4,,100,4050000,,,,,1,1,0,0,0,0,0,0,0,2,1,0,0,0,3,0,0,0,5,1,0,false,SMALL,-1,-1,0,V2,0,3_5_fbios_PABUnityIAPiOSDefensiveBase,segment_tag_core_slot_prob_nu_29_06_base1
75189,2026-04-14 04:31:40,1,6,6,coin,spins,spins,gold,1,false,25000,87298313040430,534370,5,5,1,11,0,0,0,2,0,7008,30000,12,0,23.4,,100,4050000,,,,,2,1,0,0,2,0,0,0,0,3,1,0,0,2,3,0,0,0,6,6,5,false,NORMAL,3,2,1,V2,0,3_5_fbios_PABUnityIAPiOSDefensiveBase,segment_tag_core_slot_prob_nu_29_06_base1
75190,2026-04-14 04:31:42,1,4,4,coin,steal,steal,gold,1,false,25000,87298313065430,534369,5,5,1,11,0,2,0,0,0,7008,30000,12,0,23.4,,100,4050000,,,,,3,1,2,0,2,0,0,0,0,4,1,2,0,2,3,0,0,0,4,4,5,false,NORMAL,3,2,1,V2,0,3_5_fbios_PABUnityIAPiOSDefensiveBase,segment_tag_core_slot_prob_nu_29_06_base1
75191,2026-04-14 04:31:44,3,3,3,attack,attack,attack,attack,2,true,0,87298313065430,534368,5,5,1,11,3,0,0,0,0,7008,30000,12,0,23.4,,100,4050000,,,,,4,4,2,0,2,0,1,0,0,5,4,2,0,2,3,1,0,0,0,0,0,false,SMALL,-1,-2,1,V2,0,3_5_fbios_PABUnityIAPiOSDefensiveBase,segment_tag_core_slot_prob_nu_29_06_base1
75192,2026-04-14 04:31:53,2,2,2,goldSack,goldSack,goldSack,gold,1,true,2400000,87298325365430,534367,5,5,1,11,0,0,0,0,0,7008,30000,12,0,23.4,,100,4050000,,,,,5,4,2,0,2,0,1,0,0,6,4,2,0,2,3,1,0,0,7,3,3,false,BIG,6,5,1,V2,0,3_5_fbios_PABUnityIAPiOSDefensiveBase,segment_tag_core_slot_prob_nu_29_06_base1
75193,2026-04-14 04:31:54,30,2,2,accumulation,goldSack,goldSack,gold,1,false,150000,87298325515430,534366,5,5,1,11,0,0,0,0,1,7009,30000,12,1,23.4,,100,4050000,,,,"{""b0185791"":""1711\/3500@m7""}",6,4,2,0,2,1,1,0,0,7,4,2,0,2,4,1,0,0,3,3,8,false,BIG,5,4,1,V2,0,3_5_fbios_PABUnityIAPiOSDefensiveBase,segment_tag_core_slot_prob_nu_29_06_base1
75194,2026-04-14 04:31:55,3,4,2,attack,steal,goldSack,gold,1,false,100000,87298325615430,534365,5,5,1,11,1,1,0,0,0,7009,30000,12,0,23.4,,100,4050000,,,,,7,5,3,0,2,1,1,0,0,8,5,3,0,2,4,1,0,0,7,4,0,false,SMALL,-1,-1,0,V2,0,3_5_fbios_PABUnityIAPiOSDefensiveBase,segment_tag_core_slot_prob_nu_29_06_base1
75195,2026-04-14 04:31:55,5,2,2,shield,goldSack,goldSack,gold,1,false,150000,87298325765430,534364,5,5,1,11,0,0,1,0,0,7009,30000,12,0,23.4,,100,4050000,,,,,8,5,3,1,2,1,1,0,0,9,5,3,1,2,4,1,0,0,3,7,2,false,BIG,4,4,0,V2,0,3_5_fbios_PABUnityIAPiOSDefensiveBase,segment_tag_core_slot_prob_nu_29_06_base1
75196,2026-04-14 04:31:56,5,5,5,shield,shield,shield,shield,3,true,1,87298325765430,534364,5,5,1,11,0,0,3,0,0,7009,30000,12,0,23.4,,100,4050000,,,,,9,5,3,4,2,1,1,0,1,10,5,3,4,2,4,1,0,1,2,2,2,false,SMALL,-1,-1,0,V2,0,3_5_fbios_PABUnityIAPiOSDefensiveBase,segment_tag_core_slot_prob_nu_29_06_base1
75197,2026-04-14 04:31:57,1,5,5,coin,shield,shield,gold,1,false,25000,87298325790430,534363,5,5,1,11,0,0,2,0,0,7009,30000,12,0,23.4,,100,4050000,,,,,10,5,3,6,2,1,1,0,1,11,5,3,6,2,4,1,0,1,2,2,1,false,MIN,-7,-4,-3,V2,0,3_5_fbios_PABUnityIAPiOSDefensiveBase,segment_tag_core_slot_prob_nu_29_06_base1
75198,2026-04-14 04:31:58,30,2,2,accumulation,goldSack,goldSack,gold,1,false,150000,87298325940430,534362,5,5,1,11,0,0,0,0,1,7010,30000,12,1,23.4,,100,4050000,,,,,11,5,3,6,2,2,1,0,1,12,5,3,6,2,5,1,0,1,7,3,8,false,NORMAL,3,6,-3,V2,0,3_5_fbios_PABUnityIAPiOSDefensiveBase,segment_tag_core_slot_prob_nu_29_06_base1
75199,2026-04-14 04:31:59,3,3,3,attack,attack,attack,attack,2,true,0,87298325940430,534361,5,5,1,11,3,0,0,0,0,7010,30000,12,0,23.4,,100,4050000,,,,,12,8,3,6,2,2,2,0,1,13,8,3,6,2,5,2,0,1,0,0,0,false,MIN,-3,-2,-1,V2,0,3_5_fbios_PABUnityIAPiOSDefensiveBase,segment_tag_core_slot_prob_nu_29_06_base1
75200,2026-04-14 04:32:07,4,6,2,steal,spins,goldSack,gold,1,false,100000,87298356040430,534360,5,5,1,11,0,1,0,1,0,7010,30000,12,0,23.4,,100,4050000,,,,,13,8,4,6,3,2,2,0,1,14,8,4,6,3,5,2,0,1,7,6,4,false,NORMAL,1,1,0,V2,0,3_5_fbios_PABUnityIAPiOSDefensiveBase,segment_tag_core_slot_prob_nu_29_06_base1
75201,2026-04-14 04:32:08,3,1,1,attack,coin,coin,gold,1,false,50000,87298356090430,534359,5,5,1,11,1,0,0,0,0,7010,30000,12,0,23.4,,100,4050000,,,,,14,9,4,6,3,2,2,0,1,15,9,4,6,3,5,2,0,1,5,5,0,false,SMALL,-1,-3,2,V2,0,3_5_fbios_PABUnityIAPiOSDefensiveBase,segment_tag_core_slot_prob_nu_29_06_base1
75202,2026-04-14 04:32:09,3,3,3,attack,attack,attack,attack,2,true,0,87298356090430,534358,5,5,1,11,3,0,0,0,0,7010,30000,12,0,23.4,,100,4050000,,,,,15,12,4,6,3,2,3,0,1,16,12,4,6,3,5,3,0,1,0,0,0,false,NORMAL,1,-1,2,V2,0,3_5_fbios_PABUnityIAPiOSDefensiveBase,segment_tag_core_slot_prob_nu_29_06_base1
75203,2026-04-14 04:32:14,30,2,2,accumulation,goldSack,goldSack,gold,1,false,150000,87298366140430,534357,5,5,1,11,0,0,0,0,1,7011,30000,12,1,23.4,,100,4050000,,,,"{""b0185791"":""1712\/3500@m7"",""4f593c8c"":""816\/2500@m7""}",16,12,4,6,3,3,3,0,1,17,12,4,6,3,6,3,0,1,3,3,8,false,MAX,8,4,4,V2,0,3_5_fbios_PABUnityIAPiOSDefensiveBase,segment_tag_core_slot_prob_nu_29_06_base1
75204,2026-04-14 04:32:15,4,4,4,steal,steal,steal,steal,4,true,0,87298366140430,534356,5,5,1,11,0,3,0,0,0,7011,30000,12,0,23.4,,100,4050000,,,,,17,12,7,6,3,3,3,1,1,18,12,7,6,3,6,3,1,1,4,4,4,false,SMALL,-1,-5,4,V2,0,3_5_fbios_PABUnityIAPiOSDefensiveBase,segment_tag_core_slot_prob_nu_29_06_base1
75205,2026-04-14 04:32:21,1,4,6,coin,steal,spins,gold,1,false,25000,87298619167430,534355,5,5,1,11,0,1,0,1,0,7011,30000,12,0,23.4,,100,4050000,,,,,18,12,8,6,4,3,3,1,1,19,12,8,6,4,6,3,1,1,6,4,5,false,MAX,8,5,3,V2,0,3_5_fbios_PABUnityIAPiOSDefensiveBase,segment_tag_core_slot_prob_nu_29_06_base1
75206,2026-04-14 04:32:22,4,6,2,steal,spins,goldSack,gold,1,false,100000,87298619267430,534354,5,5,1,11,0,1,0,1,0,7011,30000,12,0,23.4,,100,4050000,,,,,19,12,9,6,5,3,3,1,1,20,12,9,6,5,6,3,1,1,3,6,4,false,BIG,6,1,5,V2,0,3_5_fbios_PABUnityIAPiOSDefensiveBase,segment_tag_core_slot_prob_nu_29_06_base1
75207,2026-04-14 04:32:23,30,2,2,accumulation,goldSack,goldSack,gold,1,false,150000,87298619417430,534353,5,5,1,11,0,0,0,0,1,7012,30000,12,1,23.4,,100,4050000,,,,,20,12,9,6,5,4,3,1,1,21,12,9,6,5,7,3,1,1,7,3,8,false,MAX,13,8,5,V2,0,3_5_fbios_PABUnityIAPiOSDefensiveBase,segment_tag_core_slot_prob_nu_29_06_base1
75208,2026-04-14 04:32:24,3,3,3,attack,attack,attack,attack,2,true,0,87298619417430,534352,5,5,1,11,3,0,0,0,0,7012,30000,12,0,23.4,,100,4050000,,,,,21,15,9,6,5,4,4,1,1,22,15,9,6,5,7,4,1,1,0,0,0,false,NORMAL,2,-2,4,V2,0,3_5_fbios_PABUnityIAPiOSDefensiveBase,segment_tag_core_slot_prob_nu_29_06_base1
75209,2026-04-14 04:32:28,30,2,2,accumulation,goldSack,goldSack,gold,1,false,150000,87298629467430,534351,5,5,1,11,0,0,0,0,1,7013,30000,12,1,23.4,,100,4050000,,,,,22,15,9,6,5,5,4,1,1,23,15,9,6,5,8,4,1,1,7,3,8,false,MAX,11,7,4,V2,0,3_5_fbios_PABUnityIAPiOSDefensiveBase,segment_tag_core_slot_prob_nu_29_06_base1
75210,2026-04-14 04:32:29,3,1,1,attack,coin,coin,gold,1,false,50000,87298629517430,534350,5,5,1,11,1,0,0,0,0,7013,30000,12,0,23.4,,100,4050000,,,,,23,16,9,6,5,5,4,1,1,24,16,9,6,5,8,4,1,1,5,1,0,false,NORMAL,3,-1,4,V2,0,3_5_fbios_PABUnityIAPiOSDefensiveBase,segment_tag_core_slot_prob_nu_29_06_base1
75211,2026-04-14 04:32:31,30,2,2,accumulation,goldSack,goldSack,gold,1,false,150000,87298629667430,534349,5,5,1,11,0,0,0,0,1,7014,30000,12,1,23.4,,100,4050000,,,,"{""b0185791"":""1713\/3500@m7""}",24,16,9,6,5,6,4,1,1,25,16,9,6,5,9,4,1,1,7,3,8,false,MAX,10,7,3,V2,0,3_5_fbios_PABUnityIAPiOSDefensiveBase,segment_tag_core_slot_prob_nu_29_06_base1
75212,2026-04-14 04:32:32,30,30,1,accumulation,accumulation,coin,gold,1,false,25000,87298629692430,534348,5,5,1,11,0,0,0,0,2,7016,30000,12,2,23.4,,100,4050000,,,,,25,16,9,6,5,8,4,1,1,26,16,9,6,5,11,4,1,1,1,8,8,false,BIG,4,2,2,V2,0,3_5_fbios_PABUnityIAPiOSDefensiveBase,segment_tag_core_slot_prob_nu_29_06_base1
75213,2026-04-14 04:32:34,6,6,6,spins,spins,spins,spins,5,true,10,87298629692430,534357,5,5,1,11,0,0,0,3,0,7016,30000,12,0,23.4,,100,4050000,,,,,26,16,9,6,8,8,4,1,1,27,16,9,6,8,11,4,1,1,6,6,6,true,NORMAL,2,0,2,V2,0,3_5_fbios_PABUnityIAPiOSDefensiveBase,segment_tag_core_slot_prob_nu_29_06_base1
75214,2026-04-14 04:32:37,1,4,6,coin,steal,spins,gold,1,false,25000,87298629717430,534356,5,5,1,11,0,1,0,1,0,7016,30000,12,0,23.4,,100,4050000,,,,,27,16,10,6,9,8,4,1,1,1,0,1,0,1,0,0,0,0,6,4,5,false,BIG,6,4,2,V2,0,3_5_fbios_PABUnityIAPiOSDefensiveBase,segment_tag_core_slot_prob_nu_29_06_base1
75215,2026-04-14 04:32:43,5,5,5,shield,shield,shield,shield,3,true,1,87298629717430,534356,5,5,1,11,0,0,3,0,0,7016,30000,12,0,23.4,,100,4050000,,,,,28,16,10,9,9,8,4,1,2,2,0,1,3,1,0,0,0,1,2,2,2,false,NORMAL,1,-1,2,V2,0,3_5_fbios_PABUnityIAPiOSDefensiveBase,segment_tag_core_slot_prob_nu_29_06_base1
75216,2026-04-14 04:32:46,5,5,5,shield,shield,shield,shield,3,true,1,87298629717430,534356,5,5,1,11,0,0,3,0,0,7016,30000,12,0,23.4,,100,4050000,,,,"{""90c703bf"":""2672\/2700@m2""}",29,16,10,12,9,8,4,1,3,3,0,1,6,1,0,0,0,2,2,2,2,false,NORMAL,0,-1,1,V2,0,3_5_fbios_PABUnityIAPiOSDefensiveBase,segment_tag_core_slot_prob_nu_29_06_base1
75217,2026-04-14 04:32:47,3,3,2,attack,attack,goldSack,gold,1,false,100000,87298629817430,534355,5,5,1,11,2,0,0,0,0,7016,30000,12,0,23.4,,100,4050000,,,,,30,18,10,12,9,8,4,1,3,4,2,1,6,1,0,0,0,2,3,0,0,false,NORMAL,0,-1,1,V2,0,3_5_fbios_PABUnityIAPiOSDefensiveBase,segment_tag_core_slot_prob_nu_29_06_base1
75218,2026-04-14 04:32:49,3,3,2,attack,attack,goldSack,gold,1,false,100000,87298629917430,534354,5,5,1,11,2,0,0,0,0,7016,30000,12,0,23.4,,100,4050000,,,,,31,20,10,12,9,8,4,1,3,5,4,1,6,1,0,0,0,2,3,0,0,false,NORMAL,3,3,0,V2,0,3_5_fbios_PABUnityIAPiOSDefensiveBase,segment_tag_core_slot_prob_nu_29_06_base1
75219,2026-04-14 04:32:51,2,2,2,goldSack,goldSack,goldSack,gold,1,true,2400000,87298632317430,534353,5,5,1,11,0,0,0,0,0,7016,30000,12,0,23.4,,100,4050000,,,,,32,20,10,12,9,8,4,1,3,6,4,1,6,1,0,0,0,2,3,3,3,false,BIG,4,4,0,V2,0,3_5_fbios_PABUnityIAPiOSDefensiveBase,segment_tag_core_slot_prob_nu_29_06_base1
75220,2026-04-14 04:32:52,3,6,2,attack,spins,goldSack,gold,1,false,100000,87298632417430,534352,5,5,1,11,1,0,0,1,0,7016,30000,12,0,23.4,,100,4050000,,,,"{""b0185791"":""1714\/3500@m7""}",33,21,10,12,10,8,4,1,3,7,5,1,6,2,0,0,0,2,7,6,0,false,SMALL,-2,-2,0,V2,0,3_5_fbios_PABUnityIAPiOSDefensiveBase,segment_tag_core_slot_prob_nu_29_06_base1
75221,2026-04-14 04:32:53,2,2,2,goldSack,goldSack,goldSack,gold,1,true,2400000,87298634817430,534351,5,5,1,11,0,0,0,0,0,7016,30000,12,0,23.4,,100,4050000,,,,,34,21,10,12,10,8,4,1,3,8,5,1,6,2,0,0,0,2,7,3,3,false,BIG,6,6,0,V2,0,3_5_fbios_PABUnityIAPiOSDefensiveBase,segment_tag_core_slot_prob_nu_29_06_base1
75222,2026-04-14 04:32:54,4,6,2,steal,spins,goldSack,gold,1,false,100000,87298634917430,534350,5,5,1,11,0,1,0,1,0,7016,30000,12,0,23.4,,100,4050000,,,,"{""4f593c8c"":""818\/2500@m7""}",35,21,11,12,11,8,4,1,3,9,5,2,6,3,0,0,0,2,7,6,4,false,NORMAL,2,2,0,V2,0,3_5_fbios_PABUnityIAPiOSDefensiveBase,segment_tag_core_slot_prob_nu_29_06_base1
75223,2026-04-14 04:32:55,3,3,3,attack,attack,attack,attack,2,true,0,87298634917430,534349,5,5,1,11,3,0,0,0,0,7016,30000,12,0,23.4,,100,4050000,,,,,36,24,11,12,11,8,5,1,3,10,8,2,6,3,0,1,0,2,0,0,0,false,NORMAL,1,-1,2,V2,0,3_5_fbios_PABUnityIAPiOSDefensiveBase,segment_tag_core_slot_prob_nu_29_06_base1
75224,2026-04-14 04:32:58,30,2,2,accumulation,goldSack,goldSack,gold,1,false,150000,87298644967430,534348,5,5,1,11,0,0,0,0,1,7017,30000,12,1,23.4,,100,4050000,,,,,37,24,11,12,11,9,5,1,3,11,8,2,6,3,1,1,0,2,7,3,8,false,MAX,11,7,4,V2,0,3_5_fbios_PABUnityIAPiOSDefensiveBase,segment_tag_core_slot_prob_nu_29_06_base1
75225,2026-04-14 04:32:59,30,2,2,accumulation,goldSack,goldSack,gold,1,false,150000,87298645117430,534347,5,5,1,11,0,0,0,0,1,7018,30000,12,1,23.4,,100,4050000,,,,"{""b0185791"":""1715\/3500@m7""}",38,24,11,12,11,10,5,1,3,12,8,2,6,3,2,1,0,2,3,3,8,false,MAX,9,5,4,V2,0,3_5_fbios_PABUnityIAPiOSDefensiveBase,segment_tag_core_slot_prob_nu_29_06_base1
75226,2026-04-14 04:33:01,30,2,2,accumulation,goldSack,goldSack,gold,1,false,150000,87298645267430,534346,5,5,1,11,0,0,0,0,1,7019,30000,12,1,23.4,,100,4050000,,,,,39,24,11,12,11,11,5,1,3,13,8,2,6,3,3,1,0,2,7,3,8,false,MAX,11,8,3,V2,0,3_5_fbios_PABUnityIAPiOSDefensiveBase,segment_tag_core_slot_prob_nu_29_06_base1
75227,2026-04-14 04:33:02,3,1,1,attack,coin,coin,gold,1,false,50000,87298645317430,534345,5,5,1,11,1,0,0,0,0,7019,30000,12,0,23.4,,100,4050000,,,,,40,25,11,12,11,11,5,1,3,14,9,2,6,3,3,1,0,2,5,5,0,false,MIN,-3,-4,1,V2,0,3_5_fbios_PABUnityIAPiOSDefensiveBase,segment_tag_core_slot_prob_nu_29_06_base1
75228,2026-04-14 04:33:02,1,4,6,coin,steal,spins,gold,1,false,25000,87298645342430,534344,5,5,1,11,0,1,0,1,0,7019,30000,12,0,23.4,,100,4050000,,,,,41,25,12,12,12,11,5,1,3,15,9,3,6,4,3,1,0,2,6,4,5,false,BIG,5,4,1,V2,0,3_5_fbios_PABUnityIAPiOSDefensiveBase,segment_tag_core_slot_prob_nu_29_06_base1
75229,2026-04-14 04:33:03,30,2,2,accumulation,goldSack,goldSack,gold,1,false,150000,87298645492430,534343,5,5,1,11,0,0,0,0,1,7020,30000,12,1,23.4,,100,4050000,,,,,42,25,12,12,12,12,5,1,3,16,9,3,6,4,4,1,0,2,3,3,8,false,BIG,4,4,0,V2,0,3_5_fbios_PABUnityIAPiOSDefensiveBase,segment_tag_core_slot_prob_nu_29_06_base1
75230,2026-04-14 04:33:04,2,2,2,goldSack,goldSack,goldSack,gold,1,true,2400000,87298647892430,534342,5,5,1,11,0,0,0,0,0,7020,30000,12,0,23.4,,100,4050000,,,,,43,25,12,12,12,12,5,1,3,17,9,3,6,4,4,1,0,2,7,3,7,false,NORMAL,1,1,0,V2,0,3_5_fbios_PABUnityIAPiOSDefensiveBase,segment_tag_core_slot_prob_nu_29_06_base1
75231,2026-04-14 04:33:05,4,6,2,steal,spins,goldSack,gold,1,false,100000,87298647992430,534341,5,5,1,11,0,1,0,1,0,7020,30000,12,0,23.4,,100,4050000,,,,,44,25,13,12,13,12,5,1,3,18,9,4,6,5,4,1,0,2,3,6,4,false,NORMAL,2,1,1,V2,0,3_5_fbios_PABUnityIAPiOSDefensiveBase,segment_tag_core_slot_prob_nu_29_06_base1
75232,2026-04-14 04:33:05,5,5,5,shield,shield,shield,shield,3,true,1,87298647992430,534341,5,5,1,11,0,0,3,0,0,7020,30000,12,0,23.4,,100,4050000,,,,"{""b0185791"":""1716\/3500@m7""}",45,25,13,15,13,12,5,1,4,19,9,4,9,5,4,1,0,3,2,2,2,false,NORMAL,3,0,3,V2,0,3_5_fbios_PABUnityIAPiOSDefensiveBase,segment_tag_core_slot_prob_nu_29_06_base1
75233,2026-04-14 04:33:06,5,5,5,shield,shield,shield,shield,3,true,1,87298647992430,534341,5,5,1,11,0,0,3,0,0,7020,30000,12,0,23.4,,100,4050000,,,,,46,25,13,18,13,12,5,1,5,20,9,4,12,5,4,1,0,4,2,2,2,false,NORMAL,2,-1,3,V2,0,3_5_fbios_PABUnityIAPiOSDefensiveBase,segment_tag_core_slot_prob_nu_29_06_base1
75234,2026-04-14 04:33:07,30,30,1,accumulation,accumulation,coin,gold,1,false,25000,87298648017430,534340,5,5,1,11,0,0,0,0,2,7022,30000,12,2,23.4,,100,4050000,,,,,47,25,13,18,13,14,5,1,5,21,9,4,12,5,6,1,0,4,1,8,8,false,NORMAL,2,-1,3,V2,0,3_5_fbios_PABUnityIAPiOSDefensiveBase,segment_tag_core_slot_prob_nu_29_06_base1
75235,2026-04-14 04:33:08,3,1,1,attack,coin,coin,gold,1,false,50000,87298648067430,534339,5,5,1,11,1,0,0,0,0,7022,30000,12,0,23.4,,100,4050000,,,,,48,26,13,18,13,14,5,1,5,22,10,4,12,5,6,1,0,4,5,1,0,false,NORMAL,2,-1,3,V2,0,3_5_fbios_PABUnityIAPiOSDefensiveBase,segment_tag_core_slot_prob_nu_29_06_base1
75236,2026-04-14 04:33:09,30,2,2,accumulation,goldSack,goldSack,gold,1,false,150000,87298648217430,534338,5,5,1,11,0,0,0,0,1,7023,30000,12,1,23.4,,100,4050000,,,,,49,26,13,18,13,15,5,1,5,23,10,4,12,5,7,1,0,4,3,7,8,false,MAX,9,6,3,V2,0,3_5_fbios_PABUnityIAPiOSDefensiveBase,segment_tag_core_slot_prob_nu_29_06_base1
75237,2026-04-14 04:33:10,3,3,3,attack,attack,attack,attack,2,true,0,87298648217430,534337,5,5,1,11,3,0,0,0,0,7023,30000,12,0,23.4,,100,4050000,,,,,50,29,13,18,13,15,6,1,5,24,13,4,12,5,7,2,0,4,0,0,0,false,SMALL,-1,-2,1,V2,0,3_5_fbios_PABUnityIAPiOSDefensiveBase,segment_tag_core_slot_prob_nu_29_06_base1
75238,2026-04-14 04:33:20,4,4,4,steal,steal,steal,steal,4,true,0,87298658117430,534336,5,5,1,11,0,3,0,0,0,7023,30000,12,0,23.4,,100,4050000,,,,"{""b0185791"":""1717\/3500@m7""}",51,29,16,18,13,15,6,2,5,25,13,7,12,5,7,2,1,4,4,4,4,false,MIN,-4,-5,1,V2,0,3_5_fbios_PABUnityIAPiOSDefensiveBase,segment_tag_core_slot_prob_nu_29_06_base1
75239,2026-04-14 04:33:26,3,1,1,attack,coin,coin,gold,1,false,50000,87298768167430,534335,5,5,1,11,1,0,0,0,0,7023,30000,12,0,23.4,,100,4050000,,,,"{""4f593c8c"":""820\/2500@m7""}",52,30,16,18,13,15,6,2,5,26,14,7,12,5,7,2,1,4,1,1,0,false,BIG,4,1,3,V2,0,3_5_fbios_PABUnityIAPiOSDefensiveBase,segment_tag_core_slot_prob_nu_29_06_base1
75240,2026-04-14 04:33:26,3,4,2,attack,steal,goldSack,gold,1,false,100000,87298768267430,534334,5,5,1,11,1,1,0,0,0,7023,30000,12,0,23.4,,100,4050000,,,,,53,31,17,18,13,15,6,2,5,27,15,8,12,5,7,2,1,4,7,4,0,false,NORMAL,3,0,3,V2,0,3_5_fbios_PABUnityIAPiOSDefensiveBase,segment_tag_core_slot_prob_nu_29_06_base1
75241,2026-04-14 04:33:27,3,3,2,attack,attack,goldSack,gold,1,false,100000,87298768367430,534333,5,5,1,11,2,0,0,0,0,7023,30000,12,0,23.4,,100,4050000,,,,,54,33,17,18,13,15,6,2,5,28,17,8,12,5,7,2,1,4,3,0,0,false,BIG,5,2,3,V2,0,3_5_fbios_PABUnityIAPiOSDefensiveBase,segment_tag_core_slot_prob_nu_29_06_base1
75242,2026-04-14 04:33:28,30,30,1,accumulation,accumulation,coin,gold,1,false,25000,87298768392430,534332,5,5,1,11,0,0,0,0,2,7025,30000,12,2,23.4,,100,4050000,,,,,55,33,17,18,13,17,6,2,5,29,17,8,12,5,9,2,1,4,5,8,8,false,NORMAL,3,0,3,V2,0,3_5_fbios_PABUnityIAPiOSDefensiveBase,segment_tag_core_slot_prob_nu_29_06_base1
75243,2026-04-14 04:33:29,1,4,4,coin,steal,steal,gold,1,false,25000,87298768417430,534331,5,5,1,11,0,2,0,0,0,7025,30000,12,0,23.4,,100,4050000,,,,,56,33,19,18,13,17,6,2,5,30,17,10,12,5,9,2,1,4,4,4,5,false,NORMAL,2,1,1,V2,0,3_5_fbios_PABUnityIAPiOSDefensiveBase,segment_tag_core_slot_prob_nu_29_06_base1
75244,2026-04-14 04:33:30,30,2,2,accumulation,goldSack,goldSack,gold,1,false,150000,87298768567430,534330,5,5,1,11,0,0,0,0,1,7026,30000,12,1,23.4,,100,4050000,,,,,57,33,19,18,13,18,6,2,5,31,17,10,12,5,10,2,1,4,7,3,8,false,MAX,8,7,1,V2,0,3_5_fbios_PABUnityIAPiOSDefensiveBase,segment_tag_core_slot_prob_nu_29_06_base1
75245,2026-04-14 04:33:31,30,30,1,accumulation,accumulation,coin,gold,1,false,25000,87298768592430,534329,5,5,1,11,0,0,0,0,2,7028,30000,12,2,23.4,,100,4050000,,,,,58,33,19,18,13,20,6,2,5,32,17,10,12,5,12,2,1,4,5,8,8,false,NORMAL,2,1,1,V2,0,3_5_fbios_PABUnityIAPiOSDefensiveBase,segment_tag_core_slot_prob_nu_29_06_base1
75246,2026-04-14 04:33:32,3,1,1,attack,coin,coin,gold,1,false,50000,87298768642430,534328,5,5,1,11,1,0,0,0,0,7028,30000,12,0,23.4,,100,4050000,,,,,59,34,19,18,13,20,6,2,5,33,18,10,12,5,12,2,1,4,1,1,0,false,NORMAL,2,0,2,V2,0,3_5_fbios_PABUnityIAPiOSDefensiveBase,segment_tag_core_slot_prob_nu_29_06_base1
75247,2026-04-14 04:33:32,4,6,2,steal,spins,goldSack,gold,1,false,100000,87298768742430,534327,5,5,1,11,0,1,0,1,0,7028,30000,12,0,23.4,,100,4050000,,,,,60,34,20,18,14,20,6,2,5,34,18,11,12,6,12,2,1,4,3,6,4,false,NORMAL,3,1,2,V2,0,3_5_fbios_PABUnityIAPiOSDefensiveBase,segment_tag_core_slot_prob_nu_29_06_base1
75248,2026-04-14 04:33:33,3,3,2,attack,attack,goldSack,gold,1,false,100000,87298768842430,534326,5,5,1,11,2,0,0,0,0,7028,30000,12,0,23.4,,100,4050000,,,,"{""b0185791"":""1718\/3500@m7""}",61,36,20,18,14,20,6,2,5,35,20,11,12,6,12,2,1,4,3,0,0,false,BIG,6,3,3,V2,0,3_5_fbios_PABUnityIAPiOSDefensiveBase,segment_tag_core_slot_prob_nu_29_06_base1
75249,2026-04-14 04:33:34,3,3,2,attack,attack,goldSack,gold,1,false,100000,87298768942430,534325,5,5,1,11,2,0,0,0,0,7028,30000,12,0,23.4,,100,4050000,,,,"{""90c703bf"":""2674\/2700@m2""}",62,38,20,18,14,20,6,2,5,36,22,11,12,6,12,2,1,4,7,0,0,false,NORMAL,2,-1,3,V2,0,3_5_fbios_PABUnityIAPiOSDefensiveBase,segment_tag_core_slot_prob_nu_29_06_base1
75250,2026-04-14 04:33:35,4,6,2,steal,spins,goldSack,gold,1,false,100000,87298769042430,534324,5,5,1,11,0,1,0,1,0,7028,30000,12,0,23.4,,100,4050000,,,,,63,38,21,18,15,20,6,2,5,37,22,12,12,7,12,2,1,4,3,6,4,false,BIG,5,1,4,V2,0,3_5_fbios_PABUnityIAPiOSDefensiveBase,segment_tag_core_slot_prob_nu_29_06_base1
75251,2026-04-14 04:33:39,3,1,5,attack,coin,shield,gold,1,false,25000,87298769067430,534323,5,5,1,11,1,0,1,0,0,7028,30000,12,0,23.4,,100,4050000,,,,,64,39,21,19,15,20,6,2,5,38,23,12,13,7,12,2,1,4,2,5,0,false,NORMAL,3,-1,4,V2,0,3_5_fbios_PABUnityIAPiOSDefensiveBase,segment_tag_core_slot_prob_nu_29_06_base1
75252,2026-04-14 04:33:40,30,30,1,accumulation,accumulation,coin,gold,1,false,25000,87298769092430,534322,5,5,1,11,0,0,0,0,2,7030,30000,12,2,23.4,,100,4050000,,,,,65,39,21,19,15,22,6,2,5,39,23,12,13,7,14,2,1,4,5,8,8,false,NORMAL,3,-1,4,V2,0,3_5_fbios_PABUnityIAPiOSDefensiveBase,segment_tag_core_slot_prob_nu_29_06_base1
75253,2026-04-14 04:33:42,1,1,1,coin,coin,coin,gold,1,true,250000,87298769342430,534321,5,5,1,11,0,0,0,0,0,7030,30000,12,0,23.4,,100,4050000,,,,,66,39,21,19,15,22,6,2,5,40,23,12,13,7,14,2,1,4,1,1,5,false,BIG,6,2,4,V2,0,3_5_fbios_PABUnityIAPiOSDefensiveBase,segment_tag_core_slot_prob_nu_29_06_base1
75254,2026-04-14 04:33:43,30,2,2,accumulation,goldSack,goldSack,gold,1,false,150000,87298769492430,534320,5,5,1,11,0,0,0,0,1,7031,30000,12,1,23.4,,100,4050000,,,,"{""4f593c8c"":""822\/2500@m7""}",67,39,21,19,15,23,6,2,5,41,23,12,13,7,15,2,1,4,7,7,8,false,MAX,12,8,4,V2,0,3_5_fbios_PABUnityIAPiOSDefensiveBase,segment_tag_core_slot_prob_nu_29_06_base1
75255,2026-04-14 04:33:45,3,1,1,attack,coin,coin,gold,1,false,50000,87298769542430,534319,5,5,1,11,1,0,0,0,0,7031,30000,12,0,23.4,,100,4050000,,,,"{""b0185791"":""1719\/3500@m7""}",68,40,21,19,15,23,6,2,5,42,24,12,13,7,15,2,1,4,1,1,0,false,NORMAL,3,0,3,V2,0,3_5_fbios_PABUnityIAPiOSDefensiveBase,segment_tag_core_slot_prob_nu_29_06_base1
75256,2026-04-14 04:33:47,1,4,6,coin,steal,spins,gold,1,false,25000,87298769567430,534318,5,5,1,11,0,1,0,1,0,7031,30000,12,0,23.4,,100,4050000,,,,,69,40,22,19,16,23,6,2,5,43,24,13,13,8,15,2,1,4,6,4,5,false,BIG,6,4,2,V2,0,3_5_fbios_PABUnityIAPiOSDefensiveBase,segment_tag_core_slot_prob_nu_29_06_base1
75257,2026-04-14 04:33:51,2,2,2,goldSack,goldSack,goldSack,gold,1,true,2400000,87298771967430,534317,5,5,1,11,0,0,0,0,0,7031,30000,12,0,23.4,,100,4050000,,,,,70,40,22,19,16,23,6,2,5,44,24,13,13,8,15,2,1,4,3,7,3,false,BIG,6,5,1,V2,0,3_5_fbios_PABUnityIAPiOSDefensiveBase,segment_tag_core_slot_prob_nu_29_06_base1
75258,2026-04-14 04:33:52,3,3,3,attack,attack,attack,attack,2,true,0,87298771967430,534316,5,5,1,11,3,0,0,0,0,7031,30000,12,0,23.4,,100,4050000,,,,,71,43,22,19,16,23,7,2,5,45,27,13,13,8,15,3,1,4,0,0,0,false,SMALL,-2,-2,0,V2,0,3_5_fbios_PABUnityIAPiOSDefensiveBase,segment_tag_core_slot_prob_nu_29_06_base1
75259,2026-04-14 04:33:57,3,1,5,attack,coin,shield,gold,1,false,25000,87298801992430,534315,5,5,1,11,1,0,1,0,0,7031,30000,12,0,23.4,,100,4050000,,,,,72,44,22,20,16,23,7,2,5,46,28,13,14,8,15,3,1,4,2,1,0,false,NORMAL,1,1,0,V2,0,3_5_fbios_PABUnityIAPiOSDefensiveBase,segment_tag_core_slot_prob_nu_29_06_base1
75260,2026-04-14 04:33:59,4,6,2,steal,spins,goldSack,gold,1,false,100000,87298802092430,534314,5,5,1,11,0,1,0,1,0,7031,30000,12,0,23.4,,100,4050000,,,,,73,44,23,20,17,23,7,2,5,47,28,14,14,9,15,3,1,4,7,6,4,false,NORMAL,0,0,0,V2,0,3_5_fbios_PABUnityIAPiOSDefensiveBase,segment_tag_core_slot_prob_nu_29_06_base1
75261,2026-04-14 04:33:59,2,2,2,goldSack,goldSack,goldSack,gold,1,true,2400000,87298804492430,534313,5,5,1,11,0,0,0,0,0,7031,30000,12,0,23.4,,100,4050000,,,,,74,44,23,20,17,23,7,2,5,48,28,14,14,9,15,3,1,4,3,3,3,false,NORMAL,3,3,0,V2,0,3_5_fbios_PABUnityIAPiOSDefensiveBase,segment_tag_core_slot_prob_nu_29_06_base1
75262,2026-04-14 04:34:00,1,4,6,coin,steal,spins,gold,1,false,25000,87298804517430,534312,5,5,1,11,0,1,0,1,0,7031,30000,12,0,23.4,,100,4050000,,,,,75,44,24,20,18,23,7,2,5,49,28,15,14,10,15,3,1,4,6,4,5,false,BIG,5,5,0,V2,0,3_5_fbios_PABUnityIAPiOSDefensiveBase,segment_tag_core_slot_prob_nu_29_06_base1
75263,2026-04-14 04:34:02,30,2,2,accumulation,goldSack,goldSack,gold,1,false,150000,87298804667430,534311,5,5,1,11,0,0,0,0,1,7032,30000,12,1,23.4,,100,4050000,,,,,76,44,24,20,18,24,7,2,5,50,28,15,14,10,16,3,1,4,3,7,8,false,BIG,7,6,1,V2,0,3_5_fbios_PABUnityIAPiOSDefensiveBase,segment_tag_core_slot_prob_nu_29_06_base1
75264,2026-04-14 04:34:03,4,4,4,steal,steal,steal,steal,4,true,0,87298804667430,534310,5,5,1,11,0,3,0,0,0,7032,30000,12,0,23.4,,100,4050000,,,,"{""b0185791"":""1720\/3500@m7""}",77,44,27,20,18,24,7,3,5,51,28,18,14,10,16,3,2,4,4,4,4,false,SMALL,-2,-5,3,V2,0,3_5_fbios_PABUnityIAPiOSDefensiveBase,segment_tag_core_slot_prob_nu_29_06_base1
75265,2026-04-14 04:34:11,3,1,1,attack,coin,coin,gold,1,false,50000,87298962217430,534309,5,5,1,11,1,0,0,0,0,7032,30000,12,0,23.4,,100,4050000,,,,,78,45,27,20,18,24,7,3,5,52,29,18,14,10,16,3,2,4,5,5,0,false,NORMAL,0,-3,3,V2,0,3_5_fbios_PABUnityIAPiOSDefensiveBase,segment_tag_core_slot_prob_nu_29_06_base1
75266,2026-04-14 04:34:13,4,6,2,steal,spins,goldSack,gold,1,false,100000,87298962317430,534308,5,5,1,11,0,1,0,1,0,7032,30000,12,0,23.4,,100,4050000,,,,,79,45,28,20,19,24,7,3,5,53,29,19,14,11,16,3,2,4,7,6,4,false,BIG,4,1,3,V2,0,3_5_fbios_PABUnityIAPiOSDefensiveBase,segment_tag_core_slot_prob_nu_29_06_base1
75267,2026-04-14 04:34:15,1,6,6,coin,spins,spins,gold,1,false,25000,87298962342430,534307,5,5,1,11,0,0,0,2,0,7032,30000,12,0,23.4,,100,4050000,,,,,80,45,28,20,21,24,7,3,5,54,29,19,14,13,16,3,2,4,6,6,1,false,SMALL,-2,-2,0,V2,0,3_5_fbios_PABUnityIAPiOSDefensiveBase,segment_tag_core_slot_prob_nu_29_06_base1
75268,2026-04-14 04:34:16,3,4,2,attack,steal,goldSack,gold,1,false,100000,87298962442430,534306,5,5,1,11,1,1,0,0,0,7032,30000,12,0,23.4,,100,4050000,,,,"{""b0185791"":""1721\/3500@m7""}",81,46,29,20,21,24,7,3,5,55,30,20,14,13,16,3,2,4,7,4,0,false,NORMAL,0,-1,1,V2,0,3_5_fbios_PABUnityIAPiOSDefensiveBase,segment_tag_core_slot_prob_nu_29_06_base1
75269,2026-04-14 04:34:18,30,30,1,accumulation,accumulation,coin,gold,1,false,25000,87298962467430,534305,5,5,1,11,0,0,0,0,2,7034,30000,12,2,23.4,,100,4050000,,,,,82,46,29,20,21,26,7,3,5,56,30,20,14,13,18,3,2,4,1,8,8,false,BIG,4,1,3,V2,0,3_5_fbios_PABUnityIAPiOSDefensiveBase,segment_tag_core_slot_prob_nu_29_06_base1
75270,2026-04-14 04:34:20,30,2,2,accumulation,goldSack,goldSack,gold,1,false,150000,87298962617430,534304,5,5,1,11,0,0,0,0,1,7035,30000,12,1,23.4,,100,4050000,,,,,83,46,29,20,21,27,7,3,5,57,30,20,14,13,19,3,2,4,7,7,8,false,MAX,12,9,3,V2,0,3_5_fbios_PABUnityIAPiOSDefensiveBase,segment_tag_core_slot_prob_nu_29_06_base1
75271,2026-04-14 04:34:29,30,2,2,accumulation,goldSack,goldSack,gold,1,false,150000,87298962767430,534303,5,5,1,11,0,0,0,0,1,7036,30000,12,1,23.5,,100,4050000,,,,,84,46,29,20,21,28,7,3,5,58,30,20,14,13,20,3,2,4,3,3,8,false,BIG,7,6,1,V2,0,3_5_fbios_PABUnityIAPiOSDefensiveBase,segment_tag_core_slot_prob_nu_29_06_base1
75272,2026-04-14 04:34:31,30,2,2,accumulation,goldSack,goldSack,gold,1,false,150000,87298962917430,534302,5,5,1,11,0,0,0,0,1,7037,30000,12,1,23.5,,100,4050000,,,,"{""4f593c8c"":""824\/2500@m7""}",85,46,29,20,21,29,7,3,5,59,30,20,14,13,21,3,2,4,7,7,8,false,MAX,9,9,0,V2,0,3_5_fbios_PABUnityIAPiOSDefensiveBase,segment_tag_core_slot_prob_nu_29_06_base1
75273,2026-04-14 04:59:08,3,4,2,attack,steal,goldSack,gold,1,false,100000,87298963017430,534301,5,5,1,11,1,1,0,0,0,7037,30000,12,0,23.5,,100,4050000,,,,,86,47,30,20,21,29,7,3,5,60,31,21,14,13,21,3,2,4,7,4,0,false,NORMAL,1,0,1,V2,0,3_5_fbios_PABUnityIAPiOSDefensiveBase,segment_tag_core_slot_prob_nu_29_06_base1
75274,2026-04-14 04:59:12,3,6,2,attack,spins,goldSack,gold,1,false,100000,87298963117430,534300,5,5,1,11,1,0,0,1,0,7037,30000,12,0,23.5,,100,4050000,,,,"{""b0185791"":""1722\/3500@m7""}",87,48,30,20,22,29,7,3,5,61,32,21,14,14,21,3,2,4,3,6,0,false,NORMAL,3,3,0,V2,0,3_5_fbios_PABUnityIAPiOSDefensiveBase,segment_tag_core_slot_prob_nu_29_06_base1
75275,2026-04-14 04:59:44,1,1,1,coin,coin,coin,gold,1,true,250000,87298963367430,534299,5,5,1,11,0,0,0,0,0,7037,30000,12,0,23.5,,100,4050000,,,,,88,48,30,20,22,29,7,3,5,62,32,21,14,14,21,3,2,4,1,5,5,false,SMALL,-1,-1,0,V2,0,3_5_fbios_PABUnityIAPiOSDefensiveBase,segment_tag_core_slot_prob_nu_29_06_base1
75276,2026-04-14 05:00:05,1,1,6,coin,coin,spins,gold,1,false,50000,87298963417430,534298,5,5,1,11,0,0,0,1,0,7037,30000,12,0,23.5,,100,4050000,,,,"{""90c703bf"":""2676\/2700@m2""}",89,48,30,20,23,29,7,3,5,63,32,21,14,15,21,3,2,4,6,5,1,false,MIN,-10,-7,-3,V2,0,3_5_fbios_PABUnityIAPiOSDefensiveBase,segment_tag_core_slot_prob_nu_29_06_base1
75277,2026-04-14 05:00:32,4,4,4,steal,steal,steal,steal,4,true,0,87298963417430,534297,5,5,1,11,0,3,0,0,0,7037,30000,12,0,23.5,,100,4050000,,,,,90,48,33,20,23,29,7,4,5,64,32,24,14,15,21,3,3,4,4,4,4,false,MIN,-8,-5,-3,V2,0,3_5_fbios_PABUnityIAPiOSDefensiveBase,segment_tag_core_slot_prob_nu_29_06_base1
75278,2026-04-14 05:00:43,30,2,2,accumulation,goldSack,goldSack,gold,1,false,150000,87299243839430,534296,5,5,1,11,0,0,0,0,1,7038,30000,12,1,23.5,,100,4050000,,,,,91,48,33,20,23,30,7,4,5,65,32,24,14,15,22,3,3,4,3,3,8,false,BIG,6,5,1,V2,0,3_5_fbios_PABUnityIAPiOSDefensiveBase,segment_tag_core_slot_prob_nu_29_06_base1
75279,2026-04-14 05:01:01,3,4,2,attack,steal,goldSack,gold,1,false,100000,87299243939430,534295,5,5,1,11,1,1,0,0,0,7038,30000,12,0,23.5,,100,4050000,,,,,92,49,34,20,23,30,7,4,5,66,33,25,14,15,22,3,3,4,3,4,0,false,BIG,5,4,1,V2,0,3_5_fbios_PABUnityIAPiOSDefensiveBase,segment_tag_core_slot_prob_nu_29_06_base1
75280,2026-04-14 05:01:49,3,3,2,attack,attack,goldSack,gold,1,false,100000,87299244039430,534294,5,5,1,11,2,0,0,0,0,7038,30000,12,0,23.5,,100,4050000,,,,,93,51,34,20,23,30,7,4,5,67,35,25,14,15,22,3,3,4,3,0,0,false,BIG,4,3,1,V2,0,3_5_fbios_PABUnityIAPiOSDefensiveBase,segment_tag_core_slot_prob_nu_29_06_base1
75281,2026-04-14 05:02:11,30,2,2,accumulation,goldSack,goldSack,gold,1,false,150000,87299244189430,534293,5,5,1,11,0,0,0,0,1,7039,30000,12,1,23.5,,100,4050000,,,,,94,51,34,20,23,31,7,4,5,68,35,25,14,15,23,3,3,4,7,7,8,false,MAX,10,8,2,V2,0,3_5_fbios_PABUnityIAPiOSDefensiveBase,segment_tag_core_slot_prob_nu_29_06_base1
75282,2026-04-14 05:03:58,3,3,1,attack,attack,coin,gold,1,false,25000,87299244214430,534292,5,5,1,11,2,0,0,0,0,7039,30000,12,0,23.5,,100,4050000,,,,,95,53,34,20,23,31,7,4,5,69,37,25,14,15,23,3,3,4,1,0,0,false,NORMAL,0,-1,1,V2,0,3_5_fbios_PABUnityIAPiOSDefensiveBase,segment_tag_core_slot_prob_nu_29_06_base1
75283,2026-04-14 05:04:57,5,5,5,shield,shield,shield,shield,3,true,1,87299244214430,534292,5,5,1,11,0,0,3,0,0,7039,30000,12,0,23.5,,100,4050000,,,,,96,53,34,23,23,31,7,4,6,70,37,25,17,15,23,3,3,5,2,2,2,false,NORMAL,0,-1,1,V2,0,3_5_fbios_PABUnityIAPiOSDefensiveBase,segment_tag_core_slot_prob_nu_29_06_base1
75284,2026-04-14 05:05:01,1,4,4,coin,steal,steal,gold,1,false,25000,87299244239430,534291,5,5,1,11,0,2,0,0,0,7039,30000,12,0,23.5,,100,4050000,,,,,97,53,36,23,23,31,7,4,6,71,37,27,17,15,23,3,3,5,4,4,5,false,SMALL,-1,-2,1,V2,0,3_5_fbios_PABUnityIAPiOSDefensiveBase,segment_tag_core_slot_prob_nu_29_06_base1
75285,2026-04-14 05:05:37,1,1,1,coin,coin,coin,gold,1,true,250000,87299244489430,534290,5,5,1,11,0,0,0,0,0,7039,30000,12,0,23.5,,100,4050000,,,,,98,53,36,23,23,31,7,4,6,72,37,27,17,15,23,3,3,5,1,1,1,false,MIN,-5,-4,-1,V2,0,3_5_fbios_PABUnityIAPiOSDefensiveBase,segment_tag_core_slot_prob_nu_29_06_base1
75286,2026-04-14 05:05:39,3,4,2,attack,steal,goldSack,gold,1,false,100000,87299244589430,534289,5,5,1,11,1,1,0,0,0,7039,30000,12,0,23.5,,100,4050000,,,,"{""b0185791"":""1723\/3500@m7""}",99,54,37,23,23,31,7,4,6,73,38,28,17,15,23,3,3,5,3,4,0,false,NORMAL,1,3,-2,V2,0,3_5_fbios_PABUnityIAPiOSDefensiveBase,segment_tag_core_slot_prob_nu_29_06_base1
75287,2026-04-14 05:06:09,3,4,2,attack,steal,goldSack,gold,1,false,100000,87299244689430,534288,5,5,1,11,1,1,0,0,0,7039,30000,12,0,23.5,,100,4050000,,,,,100,55,38,23,23,31,7,4,6,74,39,29,17,15,23,3,3,5,3,4,0,false,BIG,4,5,-1,V2,0,3_5_fbios_PABUnityIAPiOSDefensiveBase,segment_tag_core_slot_prob_nu_29_06_base1
75288,2026-04-14 05:06:12,5,5,5,shield,shield,shield,shield,3,true,1,87299244689430,534288,5,5,1,11,0,0,3,0,0,7039,30000,12,0,23.5,,100,4050000,,,,,101,55,38,26,23,31,7,4,7,75,39,29,20,15,23,3,3,6,2,2,2,false,SMALL,-2,-1,-1,V2,0,3_5_fbios_PABUnityIAPiOSDefensiveBase,segment_tag_core_slot_prob_nu_29_06_base1
75289,2026-04-14 05:06:13,5,2,2,shield,goldSack,goldSack,gold,1,false,150000,87299244839430,534287,5,5,1,11,0,0,1,0,0,7039,30000,12,0,23.5,,100,4050000,,,,,102,55,38,27,23,31,7,4,7,76,39,29,21,15,23,3,3,6,7,7,2,false,NORMAL,3,4,-1,V2,0,3_5_fbios_PABUnityIAPiOSDefensiveBase,segment_tag_core_slot_prob_nu_29_06_base1
75290,2026-04-14 05:09:08,1,4,4,coin,steal,steal,gold,1,false,25000,87299244864430,534286,5,5,1,11,0,2,0,0,0,7039,30000,12,0,23.5,,100,4050000,,,,"{""4f593c8c"":""826\/2500@m7""}",103,55,40,27,23,31,7,4,7,77,39,31,21,15,23,3,3,6,4,4,1,false,MIN,-8,-5,-3,V2,0,3_5_fbios_PABUnityIAPiOSDefensiveBase,segment_tag_core_slot_prob_nu_29_06_base1
75291,2026-04-14 05:09:14,1,4,6,coin,steal,spins,gold,1,false,25000,87299244889430,534285,5,5,1,11,0,1,0,1,0,7039,30000,12,0,23.5,,100,4050000,,,,,104,55,41,27,24,31,7,4,7,78,39,32,21,16,23,3,3,6,6,4,1,false,MIN,-5,-2,-3,V2,0,3_5_fbios_PABUnityIAPiOSDefensiveBase,segment_tag_core_slot_prob_nu_29_06_base1
75292,2026-04-14 05:34:32,3,3,3,attack,attack,attack,attack,2,true,0,87299113189430,534284,5,5,1,11,3,0,0,0,0,7039,30000,12,0,23.5,,100,4050000,,,,,105,58,41,27,24,31,8,4,7,79,42,32,21,16,23,4,3,6,0,0,0,false,MIN,-4,-2,-2,V2,0,3_5_fbios_PABUnityIAPiOSDefensiveBase,segment_tag_core_slot_prob_nu_29_06_base1
75293,2026-04-14 05:34:50,2,2,2,goldSack,goldSack,goldSack,gold,1,true,2400000,87299125489430,534283,5,5,1,11,0,0,0,0,0,7039,30000,12,0,23.5,,100,4050000,,,,,106,58,41,27,24,31,8,4,7,80,42,32,21,16,23,4,3,6,3,7,7,false,NORMAL,3,3,0,V2,0,3_5_fbios_PABUnityIAPiOSDefensiveBase,segment_tag_core_slot_prob_nu_29_06_base1
75294,2026-04-14 05:35:12,3,6,2,attack,spins,goldSack,gold,1,false,100000,87299125589430,534282,5,5,1,11,1,0,0,1,0,7039,30000,12,0,23.5,,100,4050000,,,,"{""b0185791"":""1724\/3500@m7""}",107,59,41,27,25,31,8,4,7,81,43,32,21,17,23,4,3,6,3,6,0,false,NORMAL,2,3,-1,V2,0,3_5_fbios_PABUnityIAPiOSDefensiveBase,segment_tag_core_slot_prob_nu_29_06_base1
75295,2026-04-14 05:35:15,1,1,1,coin,coin,coin,gold,1,true,250000,87299125839430,534281,5,5,1,11,0,0,0,0,0,7039,30000,12,0,23.5,,100,4050000,,,,,108,59,41,27,25,31,8,4,7,82,43,32,21,17,23,4,3,6,5,5,5,false,MIN,-3,-2,-1,V2,0,3_5_fbios_PABUnityIAPiOSDefensiveBase,segment_tag_core_slot_prob_nu_29_06_base1
75296,2026-04-14 05:35:16,3,3,3,attack,attack,attack,attack,2,true,0,87299125839430,534280,5,5,1,11,3,0,0,0,0,7039,30000,12,0,23.5,,100,4050000,,,,,109,62,41,27,25,31,9,4,7,83,46,32,21,17,23,5,3,6,0,0,0,false,MIN,-3,-2,-1,V2,0,3_5_fbios_PABUnityIAPiOSDefensiveBase,segment_tag_core_slot_prob_nu_29_06_base1
75297,2026-04-14 05:35:20,30,2,2,accumulation,goldSack,goldSack,gold,1,false,150000,87299135889430,534279,5,5,1,11,0,0,0,0,1,7040,30000,12,1,23.5,,100,4050000,,,,,110,62,41,27,25,32,9,4,7,84,46,32,21,17,24,5,3,6,3,7,8,false,BIG,7,6,1,V2,0,3_5_fbios_PABUnityIAPiOSDefensiveBase,segment_tag_core_slot_prob_nu_29_06_base1
75298,2026-04-14 05:35:23,1,1,6,coin,coin,spins,gold,1,false,50000,87299135939430,534278,5,5,1,11,0,0,0,1,0,7040,30000,12,0,23.5,,100,4050000,,,,,111,62,41,27,26,32,9,4,7,85,46,32,21,18,24,5,3,6,6,1,5,false,BIG,4,3,1,V2,0,3_5_fbios_PABUnityIAPiOSDefensiveBase,segment_tag_core_slot_prob_nu_29_06_base1
75299,2026-04-14 05:35:25,2,2,2,goldSack,goldSack,goldSack,gold,1,true,2400000,87299138339430,534277,5,5,1,11,0,0,0,0,0,7040,30000,12,0,23.5,,100,4050000,,,,,112,62,41,27,26,32,9,4,7,86,46,32,21,18,24,5,3,6,3,3,7,false,NORMAL,1,0,1,V2,0,3_5_fbios_PABUnityIAPiOSDefensiveBase,segment_tag_core_slot_prob_nu_29_06_base1
75300,2026-04-14 05:35:27,30,2,2,accumulation,goldSack,goldSack,gold,1,false,150000,87299138489430,534276,5,5,1,11,0,0,0,0,1,7041,30000,12,1,23.5,,100,4050000,,,,,113,62,41,27,26,33,9,4,7,87,46,32,21,18,25,5,3,6,7,3,8,false,MAX,8,7,1,V2,0,3_5_fbios_PABUnityIAPiOSDefensiveBase,segment_tag_core_slot_prob_nu_29_06_base1
75301,2026-04-14 05:35:30,30,30,1,accumulation,accumulation,coin,gold,1,false,25000,87299138514430,534275,5,5,1,11,0,0,0,0,2,7043,30000,12,2,23.5,,100,4050000,,,,"{""b0185791"":""1725\/3500@m7""}",114,62,41,27,26,35,9,4,7,88,46,32,21,18,27,5,3,6,1,8,8,false,NORMAL,3,2,1,V2,0,3_5_fbios_PABUnityIAPiOSDefensiveBase,segment_tag_core_slot_prob_nu_29_06_base1
75302,2026-04-14 05:35:50,1,1,6,coin,coin,spins,gold,1,false,50000,87299138564430,534274,5,5,1,11,0,0,0,1,0,7043,30000,12,0,23.5,,100,4050000,,,,,115,62,41,27,27,35,9,4,7,89,46,32,21,19,27,5,3,6,6,5,5,false,NORMAL,0,0,0,V2,0,3_5_fbios_PABUnityIAPiOSDefensiveBase,segment_tag_core_slot_prob_nu_29_06_base1
75303,2026-04-14 05:35:52,3,3,3,attack,attack,attack,attack,2,true,0,87299138564430,534273,5,5,1,11,3,0,0,0,0,7043,30000,12,0,23.5,,100,4050000,,,,"{""4f593c8c"":""828\/2500@m7""}",116,65,41,27,27,35,10,4,7,90,49,32,21,19,27,6,3,6,0,0,0,false,SMALL,-2,-2,0,V2,0,3_5_fbios_PABUnityIAPiOSDefensiveBase,segment_tag_core_slot_prob_nu_29_06_base1
75304,2026-04-14 05:35:56,1,1,6,coin,coin,spins,gold,1,false,50000,87299148514430,534272,5,5,1,11,0,0,0,1,0,7043,30000,12,0,23.5,,100,4050000,,,,,117,65,41,27,28,35,10,4,7,91,49,32,21,20,27,6,3,6,6,5,5,false,NORMAL,0,-1,1,V2,0,3_5_fbios_PABUnityIAPiOSDefensiveBase,segment_tag_core_slot_prob_nu_29_06_base1
75305,2026-04-14 05:49:41,30,30,1,accumulation,accumulation,coin,gold,1,false,25000,87299148539430,534271,5,5,1,11,0,0,0,0,2,7045,30000,12,2,23.5,,100,4050000,,,,,118,65,41,27,28,37,10,4,7,92,49,32,21,20,29,6,3,6,1,8,8,false,NORMAL,2,2,0,V2,0,3_5_fbios_PABUnityIAPiOSDefensiveBase,segment_tag_core_slot_prob_nu_29_06_base1
75306,2026-04-15 02:40:40,3,4,2,attack,steal,goldSack,gold,1,false,100000,87363688188850,534280,5,5,1,11,1,1,0,0,0,7045,30000,12,0,23.5,bonus_as10_gae3_no,100,4050000,,,,,119,66,42,27,28,37,10,4,7,93,50,33,21,20,29,6,3,6,3,4,0,false,NORMAL,3,3,0,V2,3,1,5,3,4,2,0,3_5_fbios_PABUnityIAPiOSDefensiveBase,segment_tag_core_slot_prob_nu_29_06_base1
75307,2026-04-15 02:40:40,1,1,6,coin,coin,spins,gold,1,false,50000,87363688238850,534279,5,5,1,11,0,0,0,1,0,7045,30000,12,0,23.5,bonus_as10_gae3_no,100,4050000,,,,,120,66,42,27,29,37,10,4,7,94,50,33,21,21,29,6,3,6,6,1,5,false,NORMAL,2,2,0,V2,3,1,5,1,1,6,0,3_5_fbios_PABUnityIAPiOSDefensiveBase,segment_tag_core_slot_prob_nu_29_06_base1
75308,2026-04-15 02:40:41,3,4,2,attack,steal,goldSack,gold,1,false,100000,87363688338850,534278,5,5,1,11,1,1,0,0,0,7045,30000,12,0,23.5,bonus_as10_gae3_no,100,4050000,,,,,121,67,43,27,29,37,10,4,7,95,51,34,21,21,29,6,3,6,3,4,0,false,BIG,4,3,1,V2,3,1,5,3,4,2,0,3_5_fbios_PABUnityIAPiOSDefensiveBase,segment_tag_core_slot_prob_nu_29_06_base1
75309,2026-04-15 02:40:50,3,4,2,attack,steal,goldSack,gold,1,false,100000,87363688438850,534277,5,5,1,11,1,1,0,0,0,7045,30000,12,0,23.5,bonus_as10_gae3_no,100,4050000,,,,,122,68,44,27,29,37,10,4,7,96,52,35,21,21,29,6,3,6,7,4,0,false,NORMAL,1,0,1,V2,3,1,5,3,4,2,0,3_5_fbios_PABUnityIAPiOSDefensiveBase,segment_tag_core_slot_prob_nu_29_06_base1
75310,2026-04-15 02:40:52,1,6,6,coin,spins,spins,gold,1,false,25000,87363688463850,534276,5,5,1,11,0,0,0,2,0,7045,30000,12,0,23.5,bonus_as10_gae3_no,100,4050000,,,,,123,68,44,27,31,37,10,4,7,97,52,35,21,23,29,6,3,6,6,6,1,false,MIN,-5,-3,-2,V2,3,1,5,1,6,6,0,3_5_fbios_PABUnityIAPiOSDefensiveBase,segment_tag_core_slot_prob_nu_29_06_base1
75311,2026-04-15 02:40:54,30,30,1,accumulation,accumulation,coin,gold,1,false,25000,87363688488850,534275,5,5,1,11,0,0,0,0,2,7047,30000,12,2,23.5,bonus_as10_gae3_no,100,4050000,,,,,124,68,44,27,31,39,10,4,7,98,52,35,21,23,31,6,3,6,5,8,8,false,SMALL,-2,0,-2,V2,3,1,5,30,30,1,0,3_5_fbios_PABUnityIAPiOSDefensiveBase,segment_tag_core_slot_prob_nu_29_06_base1
75312,2026-04-15 02:40:59,3,3,3,attack,attack,attack,attack,2,true,0,87363688488850,534274,5,5,1,11,3,0,0,0,0,7047,30000,12,0,23.5,bonus_as10_gae3_no,100,4050000,,,,,125,71,44,27,31,39,11,4,7,99,55,35,21,23,31,7,3,6,0,0,0,false,MIN,-4,-2,-2,V2,3,1,5,3,3,3,0,3_5_fbios_PABUnityIAPiOSDefensiveBase,segment_tag_core_slot_prob_nu_29_06_base1
75313,2026-04-15 02:41:07,1,4,4,coin,steal,steal,gold,1,false,25000,87363741924350,534273,5,5,1,11,0,2,0,0,0,7047,30000,12,0,23.5,bonus_as10_gae3_no,100,4050000,,,,"{""b0185791"":""1726\/3500@m7""}",126,71,46,27,31,39,11,4,7,100,55,37,21,23,31,7,3,6,4,4,1,false,MIN,-6,-4,-2,V2,3,1,5,1,4,4,0,3_5_fbios_PABUnityIAPiOSDefensiveBase,segment_tag_core_slot_prob_nu_29_06_base1
75314,2026-04-15 02:41:08,1,1,6,coin,coin,spins,gold,1,false,50000,87363741974350,534272,5,5,1,11,0,0,0,1,0,7047,30000,12,0,23.5,bonus_as10_gae3_no,100,4050000,,,,,127,71,46,27,32,39,11,4,7,101,55,37,21,24,31,7,3,6,6,5,5,false,MIN,-3,-1,-2,V2,3,1,5,1,1,6,0,3_5_fbios_PABUnityIAPiOSDefensiveBase,segment_tag_core_slot_prob_nu_29_06_base1
75315,2026-04-15 02:41:10,30,2,2,accumulation,goldSack,goldSack,gold,1,false,150000,87363742124350,534271,5,5,1,11,0,0,0,0,1,7048,30000,12,1,23.5,bonus_as10_gae3_no,100,4050000,,,,"{""4f593c8c"":""830\/2500@m7""}",128,71,46,27,32,40,11,4,7,102,55,37,21,24,32,7,3,6,3,3,8,false,NORMAL,2,4,-2,V2,3,1,5,30,2,2,0,3_5_fbios_PABUnityIAPiOSDefensiveBase,segment_tag_core_slot_prob_nu_29_06_base1
75316,2026-04-15 02:41:12,1,5,5,coin,shield,shield,gold,1,false,25000,87363742149350,534270,5,5,1,11,0,0,2,0,0,7048,30000,12,0,23.5,bonus_as10_gae3_no,100,4050000,,,,,129,71,46,29,32,40,11,4,7,103,55,37,23,24,32,7,3,6,2,2,5,false,NORMAL,1,1,0,V2,3,1,5,1,5,5,0,3_5_fbios_PABUnityIAPiOSDefensiveBase,segment_tag_core_slot_prob_nu_29_06_base1
75317,2026-04-15 02:41:14,30,30,1,accumulation,accumulation,coin,gold,1,false,25000,87363742174350,534269,5,5,1,11,0,0,0,0,2,7050,30000,12,2,23.5,bonus_as10_gae3_no,100,4050000,,,,,130,71,46,29,32,42,11,4,7,104,55,37,23,24,34,7,3,6,1,8,8,false,NORMAL,0,0,0,V2,3,1,5,30,30,1,0,3_5_fbios_PABUnityIAPiOSDefensiveBase,segment_tag_core_slot_prob_nu_29_06_base1
75318,2026-04-15 02:43:04,1,1,6,coin,coin,spins,gold,1,false,50000,87363742224350,534268,5,5,1,11,0,0,0,1,0,7050,30000,12,0,23.5,bonus_as10_gae3_no,100,4050000,,,,,131,71,46,29,33,42,11,4,7,105,55,37,23,25,34,7,3,6,6,1,5,false,NORMAL,3,3,0,V2,3,1,5,1,1,6,0,3_5_fbios_PABUnityIAPiOSDefensiveBase,segment_tag_core_slot_prob_nu_29_06_base1
75319,2026-04-15 02:43:05,5,5,5,shield,shield,shield,shield,3,true,1,87363742224350,534268,5,5,1,11,0,0,3,0,0,7050,30000,12,0,23.5,bonus_as10_gae3_no,100,4050000,,,,,132,71,46,32,33,42,11,4,8,106,55,37,26,25,34,7,3,7,2,2,2,false,SMALL,-1,-1,0,V2,3,1,5,5,5,5,0,3_5_fbios_PABUnityIAPiOSDefensiveBase,segment_tag_core_slot_prob_nu_29_06_base1
75320,2026-04-15 02:43:08,1,4,6,coin,steal,spins,gold,1,false,25000,87363742249350,534267,5,5,1,11,0,1,0,1,0,7050,30000,12,0,23.5,bonus_as10_gae3_no,100,4050000,,,,,133,71,47,32,34,42,11,4,8,107,55,38,26,26,34,7,3,7,6,4,5,false,NORMAL,2,2,0,V2,3,1,5,1,4,6,0,3_5_fbios_PABUnityIAPiOSDefensiveBase,segment_tag_core_slot_prob_nu_29_06_base1
75321,2026-04-15 02:43:11,3,4,2,attack,steal,goldSack,gold,1,false,100000,87363742349350,534266,5,5,1,11,1,1,0,0,0,7050,30000,12,0,23.5,bonus_as10_gae3_no,100,4050000,,,,,134,72,48,32,34,42,11,4,8,108,56,39,26,26,34,7,3,7,3,4,0,false,NORMAL,3,3,0,V2,3,1,5,3,4,2,0,3_5_fbios_PABUnityIAPiOSDefensiveBase,segment_tag_core_slot_prob_nu_29_06_base1
75322,2026-04-15 02:43:15,2,2,2,goldSack,goldSack,goldSack,gold,1,true,2400000,87363744749350,534265,5,5,1,11,0,0,0,0,0,7050,30000,12,0,23.5,bonus_as10_gae3_no,100,4050000,,,,,135,72,48,32,34,42,11,4,8,109,56,39,26,26,34,7,3,7,3,7,7,false,NORMAL,3,4,-1,V2,3,1,5,2,2,2,0,3_5_fbios_PABUnityIAPiOSDefensiveBase,segment_tag_core_slot_prob_nu_29_06_base1
75323,2026-04-15 02:43:17,5,5,5,shield,shield,shield,shield,3,true,1,87363744749350,534265,5,5,1,11,0,0,3,0,0,7050,30000,12,0,23.5,bonus_as10_gae3_no,100,4050000,,,,,136,72,48,35,34,42,11,4,9,110,56,39,29,26,34,7,3,8,2,2,2,false,SMALL,-1,-1,0,V2,3,1,5,5,5,5,0,3_5_fbios_PABUnityIAPiOSDefensiveBase,segment_tag_core_slot_prob_nu_29_06_base1
75324,2026-04-15 02:43:19,5,5,5,shield,shield,shield,shield,3,true,1,87363744749350,534265,5,5,1,11,0,0,3,0,0,7050,30000,12,0,23.5,bonus_as10_gae3_no,100,4050000,,,,"{""b0185791"":""1727\/3500@m7""}",137,72,48,38,34,42,11,4,10,111,56,39,32,26,34,7,3,9,2,2,2,false,SMALL,-1,-1,0,V2,3,1,5,5,5,5,0,3_5_fbios_PABUnityIAPiOSDefensiveBase,segment_tag_core_slot_prob_nu_29_06_base1
75325,2026-04-15 02:43:20,3,6,2,attack,spins,goldSack,gold,1,false,100000,87363744849350,534264,5,5,1,11,1,0,0,1,0,7050,30000,12,0,23.5,bonus_as10_gae3_no,100,4050000,,,,,138,73,48,38,35,42,11,4,10,112,57,39,32,27,34,7,3,9,3,6,0,false,NORMAL,0,0,0,V2,3,1,5,3,6,2,0,3_5_fbios_PABUnityIAPiOSDefensiveBase,segment_tag_core_slot_prob_nu_29_06_base1
75326,2026-04-15 02:43:21,30,2,2,accumulation,goldSack,goldSack,gold,1,false,150000,87363744999350,534263,5,5,1,11,0,0,0,0,1,7051,30000,12,1,23.5,bonus_as10_gae3_no,100,4050000,,,,,139,73,48,38,35,43,11,4,10,113,57,39,32,27,35,7,3,9,3,3,8,false,BIG,6,5,1,V2,3,1,5,30,2,2,0,3_5_fbios_PABUnityIAPiOSDefensiveBase,segment_tag_core_slot_prob_nu_29_06_base1
75327,2026-04-15 02:43:25,30,30,30,accumulation,accumulation,accumulation,gold,10,true,0,87363744999350,533863,5,5,400,11,0,0,0,0,3,11051,30000,12,4000,36.8,bonus_as10_gae3_no,100,4050000,,,,,140,73,48,38,35,46,11,4,10,114,57,39,32,27,38,7,3,9,8,8,8,true,NORMAL,3,2,1,V2,3,1,5,30,30,30,0,3_5_fbios_PABUnityIAPiOSDefensiveBase,segment_tag_core_slot_prob_nu_29_06_base1
75328,2026-04-15 02:43:30,30,2,2,accumulation,goldSack,goldSack,gold,1,false,150000,87363745149350,533862,5,5,1,11,0,0,0,0,1,11052,30000,12,1,36.8,bonus_as10_gae3_no,100,4050000,,,,,1,0,0,0,0,1,0,0,0,115,57,39,32,27,39,7,3,9,3,3,8,false,BIG,6,5,1,V2,3,1,5,30,2,2,0,3_5_fbios_PABUnityIAPiOSDefensiveBase,segment_tag_core_slot_prob_nu_29_06_base1
75329,2026-04-15 02:43:31,1,1,1,coin,coin,coin,gold,1,true,250000,87363745399350,533861,5,5,1,11,0,0,0,0,0,11052,30000,12,0,36.8,bonus_as10_gae3_no,100,4050000,,,,,2,0,0,0,0,1,0,0,0,116,57,39,32,27,39,7,3,9,5,1,5,false,NORMAL,1,0,1,V2,3,1,5,1,1,1,0,3_5_fbios_PABUnityIAPiOSDefensiveBase,segment_tag_core_slot_prob_nu_29_06_base1
75330,2026-04-15 02:43:32,30,2,2,accumulation,goldSack,goldSack,gold,1,false,150000,87363745549350,533860,5,5,1,11,0,0,0,0,1,11053,30000,12,1,36.8,bonus_as10_gae3_no,100,4050000,,,,,3,0,0,0,0,2,0,0,0,117,57,39,32,27,40,7,3,9,7,3,8,false,MAX,8,7,1,V2,3,1,5,30,2,2,0,3_5_fbios_PABUnityIAPiOSDefensiveBase,segment_tag_core_slot_prob_nu_29_06_base1
75331,2026-04-15 02:43:33,3,5,2,attack,shield,goldSack,gold,1,false,100000,87363745649350,533859,5,5,1,11,1,0,1,0,0,11053,30000,12,0,36.8,bonus_as10_gae3_no,100,4050000,,,,,4,1,0,1,0,2,0,0,0,118,58,39,33,27,40,7,3,9,3,2,0,false,NORMAL,2,1,1,V2,3,1,5,3,5,2,0,3_5_fbios_PABUnityIAPiOSDefensiveBase,segment_tag_core_slot_prob_nu_29_06_base1
75332,2026-04-15 02:43:34,30,2,2,accumulation,goldSack,goldSack,gold,1,false,150000,87363745799350,533858,5,5,1,11,0,0,0,0,1,11054,30000,12,1,36.8,bonus_as10_gae3_no,100,4050000,,,,"{""4f593c8c"":""832\/2500@m7""}",5,1,0,1,0,3,0,0,0,119,58,39,33,27,41,7,3,9,-1,-1,-1,false,,0,0,0,,-1,-1,-1,-1,-1,-1,0,3_5_fbios_PABUnityIAPiOSDefensiveBase,segment_tag_core_slot_prob_nu_29_06_base1
75333,2026-04-15 02:43:36,30,30,1,accumulation,accumulation,coin,gold,1,false,25000,87363745824350,533857,5,5,1,11,0,0,0,0,2,11056,30000,12,2,36.9,bonus_as10_gae3_no,100,4050000,,,,"{""b0185791"":""1728\/3500@m7""}",6,1,0,1,0,5,0,0,0,120,58,39,33,27,43,7,3,9,1,8,8,false,NORMAL,2,1,1,V2,3,1,5,30,30,1,0,3_5_fbios_PABUnityIAPiOSDefensiveBase,segment_tag_core_slot_prob_nu_29_06_base1
75334,2026-04-15 02:43:37,3,3,1,attack,attack,coin,gold,1,false,25000,87363745849350,533856,5,5,1,11,2,0,0,0,0,11056,30000,12,0,36.9,bonus_as10_gae3_no,100,4050000,,,,"{""4f593c8c"":""834\/2500@m7""}",7,3,0,1,0,5,0,0,0,121,60,39,33,27,43,7,3,9,5,0,0,false,SMALL,-1,-2,1,V2,3,1,5,3,3,1,0,3_5_fbios_PABUnityIAPiOSDefensiveBase,segment_tag_core_slot_prob_nu_29_06_base1
75335,2026-04-15 02:43:38,1,1,1,coin,coin,coin,gold,1,true,250000,87363746099350,533855,5,5,1,11,0,0,0,0,0,11056,30000,12,0,36.9,bonus_as10_gae3_no,100,4050000,,,,,8,3,0,1,0,5,0,0,0,122,60,39,33,27,43,7,3,9,5,1,5,false,NORMAL,2,1,1,V2,3,1,5,1,1,1,0,3_5_fbios_PABUnityIAPiOSDefensiveBase,segment_tag_core_slot_prob_nu_29_06_base1
75336,2026-04-15 02:43:39,4,6,2,steal,spins,goldSack,gold,1,false,100000,87363746199350,533854,5,5,1,11,0,1,0,1,0,11056,30000,12,0,36.9,bonus_as10_gae3_no,100,4050000,,,,,9,3,1,1,1,5,0,0,0,123,60,40,33,28,43,7,3,9,3,6,4,false,BIG,4,1,3,V2,3,1,5,4,6,2,0,3_5_fbios_PABUnityIAPiOSDefensiveBase,segment_tag_core_slot_prob_nu_29_06_base1
75337,2026-04-15 02:43:39,30,2,2,accumulation,goldSack,goldSack,gold,1,false,150000,87363746349350,533853,5,5,1,11,0,0,0,0,1,11057,30000,12,1,36.9,bonus_as10_gae3_no,100,4050000,,,,,10,3,1,1,1,6,0,0,0,124,60,40,33,28,44,7,3,9,7,3,8,false,MAX,10,7,3,V2,3,1,5,30,2,2,0,3_5_fbios_PABUnityIAPiOSDefensiveBase,segment_tag_core_slot_prob_nu_29_06_base1
75338,2026-04-15 02:43:41,3,3,3,attack,attack,attack,attack,2,true,0,87363746349350,533852,5,5,1,11,3,0,0,0,0,11057,30000,12,0,36.9,bonus_as10_gae3_no,100,4050000,,,,"{""b0185791"":""1729\/3500@m7""}",11,6,1,1,1,6,1,0,0,125,63,40,33,28,44,8,3,9,0,0,0,false,NORMAL,2,-1,3,V2,3,1,5,3,3,3,0,3_5_fbios_PABUnityIAPiOSDefensiveBase,segment_tag_core_slot_prob_nu_29_06_base1
75339,2026-04-15 02:43:48,3,4,2,attack,steal,goldSack,gold,1,false,100000,87363799859850,533851,5,5,1,11,1,1,0,0,0,11057,30000,12,0,36.9,bonus_as10_gae3_no,100,4050000,,,,,12,7,2,1,1,6,1,0,0,126,64,41,33,28,44,8,3,9,7,4,0,false,NORMAL,3,0,3,V2,3,1,5,3,4,2,0,3_5_fbios_PABUnityIAPiOSDefensiveBase,segment_tag_core_slot_prob_nu_29_06_base1
75340,2026-04-15 02:43:49,1,6,6,coin,spins,spins,gold,1,false,25000,87363799884850,533850,5,5,1,11,0,0,0,2,0,11057,30000,12,0,36.9,bonus_as10_gae3_no,100,4050000,,,,,13,7,2,1,3,6,1,0,0,127,64,41,33,30,44,8,3,9,6,6,1,false,MIN,-3,-3,0,V2,3,1,5,1,6,6,0,3_5_fbios_PABUnityIAPiOSDefensiveBase,segment_tag_core_slot_prob_nu_29_06_base1
75341,2026-04-15 02:43:50,4,4,4,steal,steal,steal,steal,4,true,0,87363799884850,533849,5,5,1,11,0,3,0,0,0,11057,30000,12,0,36.9,bonus_as10_gae3_no,100,4050000,,,,,14,7,5,1,3,6,1,1,0,128,64,44,33,30,44,8,4,9,4,4,4,false,MIN,-3,-5,2,V2,3,1,5,4,4,4,0,3_5_fbios_PABUnityIAPiOSDefensiveBase,segment_tag_core_slot_prob_nu_29_06_base1
75342,2026-04-15 02:43:57,5,5,5,shield,shield,shield,shield,3,true,1,87363984192850,533849,5,5,1,11,0,0,3,0,0,11057,30000,12,0,36.9,bonus_as10_gae3_no,100,4050000,,,,,15,7,5,4,3,6,1,1,1,129,64,44,36,30,44,8,4,10,2,2,2,false,NORMAL,0,-1,1,V2,3,1,5,5,5,5,0,3_5_fbios_PABUnityIAPiOSDefensiveBase,segment_tag_core_slot_prob_nu_29_06_base1
75343,2026-04-15 02:43:58,3,5,2,attack,shield,goldSack,gold,1,false,100000,87363984292850,533848,5,5,1,11,1,0,1,0,0,11057,30000,12,0,36.9,bonus_as10_gae3_no,100,4050000,,,,,16,8,5,5,3,6,1,1,1,130,65,44,37,30,44,8,4,10,3,2,0,false,NORMAL,3,0,3,V2,3,1,5,3,5,2,0,3_5_fbios_PABUnityIAPiOSDefensiveBase,segment_tag_core_slot_prob_nu_29_06_base1
75344,2026-04-15 02:43:59,3,3,3,attack,attack,attack,attack,2,true,0,87363984292850,533847,5,5,1,11,3,0,0,0,0,11057,30000,12,0,36.9,bonus_as10_gae3_no,100,4050000,,,,"{""b0185791"":""1730\/3500@m7""}",17,11,5,5,3,6,2,1,1,131,68,44,37,30,44,9,4,10,0,0,0,false,NORMAL,2,-1,3,V2,3,1,5,3,3,3,0,3_5_fbios_PABUnityIAPiOSDefensiveBase,segment_tag_core_slot_prob_nu_29_06_base1
75345,2026-04-15 02:44:05,3,3,1,attack,attack,coin,gold,1,false,25000,87364146167850,533846,5,5,1,11,2,0,0,0,0,11057,30000,12,0,36.9,bonus_as10_gae3_no,100,4050000,,,,,18,13,5,5,3,6,2,1,1,132,70,44,37,30,44,9,4,10,5,0,0,false,NORMAL,2,-1,3,V2,3,1,5,3,3,1,0,3_5_fbios_PABUnityIAPiOSDefensiveBase,segment_tag_core_slot_prob_nu_29_06_base1
75346,2026-04-15 02:44:06,30,2,2,accumulation,goldSack,goldSack,gold,1,false,150000,87364146317850,533845,5,5,1,11,0,0,0,0,1,11058,30000,12,1,36.9,bonus_as10_gae3_no,100,4050000,,,,,19,13,5,5,3,7,2,1,1,133,70,44,37,30,45,9,4,10,3,7,8,false,BIG,7,6,1,V2,3,1,5,30,2,2,0,3_5_fbios_PABUnityIAPiOSDefensiveBase,segment_tag_core_slot_prob_nu_29_06_base1
75347,2026-04-15 02:44:08,4,6,2,steal,spins,goldSack,gold,1,false,100000,87364146417850,533844,5,5,1,11,0,1,0,1,0,11058,30000,12,0,36.9,bonus_as10_gae3_no,100,4050000,,,,,20,13,6,5,4,7,2,1,1,134,70,45,37,31,45,9,4,10,7,6,4,false,BIG,5,1,4,V2,3,1,5,4,6,2,0,3_5_fbios_PABUnityIAPiOSDefensiveBase,segment_tag_core_slot_prob_nu_29_06_base1
75348,2026-04-15 02:44:11,3,4,2,attack,steal,goldSack,gold,1,false,100000,87364146517850,533843,5,5,1,11,1,1,0,0,0,11058,30000,12,0,36.9,bonus_as10_gae3_no,100,4050000,,,,,21,14,7,5,4,7,2,1,1,135,71,46,37,31,45,9,4,10,3,4,0,false,BIG,7,3,4,V2,3,1,5,3,4,2,0,3_5_fbios_PABUnityIAPiOSDefensiveBase,segment_tag_core_slot_prob_nu_29_06_base1
75349,2026-04-15 02:44:12,3,4,2,attack,steal,goldSack,gold,1,false,100000,87364146617850,533842,5,5,1,11,1,1,0,0,0,11058,30000,12,0,36.9,bonus_as10_gae3_no,100,4050000,,,,"{""b0185791"":""1731\/3500@m7""}",22,15,8,5,4,7,2,1,1,136,72,47,37,31,45,9,4,10,3,4,0,false,MAX,9,6,3,V2,3,1,5,3,4,2,0,3_5_fbios_PABUnityIAPiOSDefensiveBase,segment_tag_core_slot_prob_nu_29_06_base1
75350,2026-04-15 02:44:13,3,1,1,attack,coin,coin,gold,1,false,50000,87364146667850,533841,5,5,1,11,1,0,0,0,0,11058,30000,12,0,36.9,bonus_as10_gae3_no,100,4050000,,,,,23,16,8,5,4,7,2,1,1,137,73,47,37,31,45,9,4,10,5,1,0,false,BIG,4,0,4,V2,3,1,5,3,1,1,0,3_5_fbios_PABUnityIAPiOSDefensiveBase,segment_tag_core_slot_prob_nu_29_06_base1
75351,2026-04-15 02:44:14,1,6,6,coin,spins,spins,gold,1,false,25000,87364146692850,533840,5,5,1,11,0,0,0,2,0,11058,30000,12,0,36.9,bonus_as10_gae3_no,100,4050000,,,,,24,16,8,5,6,7,2,1,1,138,73,47,37,33,45,9,4,10,6,6,1,false,MIN,-4,-3,-1,V2,3,1,5,1,6,6,0,3_5_fbios_PABUnityIAPiOSDefensiveBase,segment_tag_core_slot_prob_nu_29_06_base1
75352,2026-04-15 02:44:16,3,1,1,attack,coin,coin,gold,1,false,50000,87364146742850,533839,5,5,1,11,1,0,0,0,0,11058,30000,12,0,36.9,bonus_as10_gae3_no,100,4050000,,,,"{""4f593c8c"":""836\/2500@m7""}",25,17,8,5,6,7,2,1,1,139,74,47,37,33,45,9,4,10,5,5,0,false,MIN,-5,-4,-1,V2,3,1,5,3,1,1,0,3_5_fbios_PABUnityIAPiOSDefensiveBase,segment_tag_core_slot_prob_nu_29_06_base1
75353,2026-04-15 02:44:17,4,6,2,steal,spins,goldSack,gold,1,false,100000,87364146842850,533838,5,5,1,11,0,1,0,1,0,11058,30000,12,0,36.9,bonus_as10_gae3_no,100,4050000,,,,,26,17,9,5,7,7,2,1,1,140,74,48,37,34,45,9,4,10,3,6,4,false,NORMAL,3,1,2,V2,3,1,5,4,6,2,0,3_5_fbios_PABUnityIAPiOSDefensiveBase,segment_tag_core_slot_prob_nu_29_06_base1
75354,2026-04-15 02:44:21,1,1,4,coin,coin,steal,gold,1,false,20000000,87364166842850,533438,5,5,400,11,0,1,0,0,0,11058,30000,12,0,36.9,bonus_as10_gae3_no,100,4050000,,,,,27,17,10,5,7,7,2,1,1,141,74,49,37,34,45,9,4,10,4,5,1,false,MIN,-4,-6,2,V2,3,1,5,1,1,4,0,3_5_fbios_PABUnityIAPiOSDefensiveBase,segment_tag_core_slot_prob_nu_29_06_base1
75355,2026-04-15 02:44:22,30,2,2,accumulation,goldSack,goldSack,gold,1,false,60000000,87364226842850,533038,5,5,400,11,0,0,0,0,1,11458,30000,12,400,38.2,bonus_as10_gae3_no,100,4050000,,,,,28,17,10,5,7,8,2,1,1,142,74,49,37,34,46,9,4,10,7,7,8,false,MAX,10,9,1,V2,3,1,5,30,2,2,0,3_5_fbios_PABUnityIAPiOSDefensiveBase,segment_tag_core_slot_prob_nu_29_06_base1
75356,2026-04-15 02:44:24,3,3,3,attack,attack,attack,attack,2,true,0,87364226842850,532638,5,5,400,11,3,0,0,0,0,11458,30000,12,0,38.2,bonus_as10_gae3_no,100,4050000,,,,,29,20,10,5,7,8,3,1,1,143,77,49,37,34,46,10,4,10,0,0,0,false,SMALL,-2,-2,0,V2,3,1,5,3,3,3,0,3_5_fbios_PABUnityIAPiOSDefensiveBase,segment_tag_core_slot_prob_nu_29_06_base1
75357,2026-04-15 02:44:31,1,4,4,coin,steal,steal,gold,1,false,10000000,87390851042850,532538,5,5,400,11,0,2,0,0,0,11458,30000,12,0,38.2,bonus_as10_gae3_no,100,4050000,,,,,30,20,12,5,7,8,3,1,1,144,77,51,37,34,46,10,4,10,4,4,5,false,NORMAL,0,0,0,V2,3,1,5,1,4,4,0,3_5_fbios_PABUnityIAPiOSDefensiveBase,segment_tag_core_slot_prob_nu_29_06_base1
75358,2026-04-15 02:44:32,30,2,2,accumulation,goldSack,goldSack,gold,1,false,60000000,87390911042850,532138,5,5,400,11,0,0,0,0,1,11858,30000,12,400,39.5,bonus_as10_gae3_no,100,4050000,,,,,31,20,12,5,7,9,3,1,1,145,77,51,37,34,47,10,4,10,3,3,8,false,BIG,5,4,1,V2,3,1,5,30,2,2,0,3_5_fbios_PABUnityIAPiOSDefensiveBase,segment_tag_core_slot_prob_nu_29_06_base1
75359,2026-04-15 02:44:34,1,1,4,coin,coin,steal,gold,1,false,20000000,87390931042850,531738,5,5,400,11,0,1,0,0,0,11858,30000,12,0,39.5,bonus_as10_gae3_no,100,4050000,,,,"{""4f593c8c"":""1636\/2500@m7"",""b0185791"":""2131\/3500@m7""}",32,20,13,5,7,9,3,1,1,146,77,52,37,34,47,10,4,10,4,5,1,false,MIN,-7,-6,-1,V2,3,1,5,1,1,4,0,3_5_fbios_PABUnityIAPiOSDefensiveBase,segment_tag_core_slot_prob_nu_29_06_base1
75360,2026-04-15 02:44:36,3,6,2,attack,spins,goldSack,gold,1,false,40000000,87390971042850,531338,5,5,400,11,1,0,0,1,0,11858,30000,12,0,39.5,bonus_as10_gae3_no,100,4050000,,,,,33,21,13,5,8,9,3,1,1,147,78,52,37,35,47,10,4,10,7,6,0,false,MIN,-3,-2,-1,V2,3,1,5,3,6,2,0,3_5_fbios_PABUnityIAPiOSDefensiveBase,segment_tag_core_slot_prob_nu_29_06_base1
75361,2026-04-15 02:44:38,5,5,5,shield,shield,shield,shield,3,true,1500,87390971042850,531338,5,5,1500,11,0,0,3,0,0,11858,30000,12,0,39.5,bonus_as10_gae3_no,100,4050000,,,,,34,21,13,8,8,9,3,1,2,148,78,52,40,35,47,10,4,11,2,2,2,false,SMALL,-2,-1,-1,V2,3,1,5,5,5,5,0,3_5_fbios_PABUnityIAPiOSDefensiveBase,segment_tag_core_slot_prob_nu_29_06_base1
75362,2026-04-15 02:44:42,2,2,2,goldSack,goldSack,goldSack,gold,1,true,960000000,87391931042850,530938,5,5,400,11,0,0,0,0,0,11858,30000,12,0,39.5,bonus_as10_gae3_no,100,4050000,,,,,35,21,13,8,8,9,3,1,2,149,78,52,40,35,47,10,4,11,7,7,7,false,NORMAL,2,1,1,V2,3,1,5,2,2,2,0,3_5_fbios_PABUnityIAPiOSDefensiveBase,segment_tag_core_slot_prob_nu_29_06_base1
75363,2026-04-15 02:44:45,3,3,3,attack,attack,attack,attack,2,true,0,87391931042850,530538,5,5,400,11,3,0,0,0,0,11858,30000,12,0,39.5,bonus_as10_gae3_no,100,4050000,,,,,36,24,13,8,8,9,4,1,2,150,81,52,40,35,47,11,4,11,0,0,0,false,SMALL,-2,-2,0,V2,3,1,5,3,3,3,0,3_5_fbios_PABUnityIAPiOSDefensiveBase,segment_tag_core_slot_prob_nu_29_06_base1
75364,2026-04-15 02:44:52,3,6,2,attack,spins,goldSack,gold,1,false,40000000,87413335242850,530338,5,5,400,11,1,0,0,1,0,11858,30000,12,0,39.5,bonus_as10_gae3_no,100,4050000,,,,,37,25,13,8,9,9,4,1,2,151,82,52,40,36,47,11,4,11,3,6,0,false,NORMAL,3,3,0,V2,3,1,5,3,6,2,0,3_5_fbios_PABUnityIAPiOSDefensiveBase,segment_tag_core_slot_prob_nu_29_06_base1
75365,2026-04-15 02:44:53,3,3,1,attack,attack,coin,gold,1,false,10000000,87413345242850,529938,5,5,400,11,2,0,0,0,0,11858,30000,12,0,39.5,bonus_as10_gae3_no,100,4050000,,,,,38,27,13,8,9,9,4,1,2,152,84,52,40,36,47,11,4,11,5,0,0,false,SMALL,-1,-1,0,V2,3,1,5,3,3,1,0,3_5_fbios_PABUnityIAPiOSDefensiveBase,segment_tag_core_slot_prob_nu_29_06_base1
75366,2026-04-15 02:44:54,30,2,2,accumulation,goldSack,goldSack,gold,1,false,60000000,87413405242850,529538,5,5,400,11,0,0,0,0,1,12258,30000,12,400,40.9,bonus_as10_gae3_no,100,4050000,,,,,39,27,13,8,9,10,4,1,2,153,84,52,40,36,48,11,4,11,3,7,8,false,BIG,7,6,1,V2,3,1,5,30,2,2,0,3_5_fbios_PABUnityIAPiOSDefensiveBase,segment_tag_core_slot_prob_nu_29_06_base1
75367,2026-04-15 02:44:55,3,6,2,attack,spins,goldSack,gold,1,false,40000000,87413445242850,529138,5,5,400,11,1,0,0,1,0,12258,30000,12,0,40.9,bonus_as10_gae3_no,100,4050000,,,,,40,28,13,8,10,10,4,1,2,154,85,52,40,37,48,11,4,11,7,6,0,false,SMALL,-1,-2,1,V2,3,1,5,3,6,2,0,3_5_fbios_PABUnityIAPiOSDefensiveBase,segment_tag_core_slot_prob_nu_29_06_base1
75368,2026-04-15 02:44:57,30,30,1,accumulation,accumulation,coin,gold,1,false,37500000,87413482742850,527638,5,5,1500,11,0,0,0,0,2,15258,30000,12,3000,50.9,bonus_as10_gae3_no,100,4050000,,,,,41,28,13,8,10,12,4,1,2,155,85,52,40,37,50,11,4,11,1,8,8,false,NORMAL,2,1,1,V2,3,1,5,30,30,1,0,3_5_fbios_PABUnityIAPiOSDefensiveBase,segment_tag_core_slot_prob_nu_29_06_base1
75369,2026-04-15 02:45:00,1,6,6,coin,spins,spins,gold,1,false,37500000,87413520242850,526138,5,5,1500,11,0,0,0,2,0,15258,30000,12,0,50.9,bonus_as10_gae3_no,100,4050000,,,,,42,28,13,8,12,12,4,1,2,156,85,52,40,39,50,11,4,11,6,6,5,false,BIG,5,3,2,V2,3,1,5,1,6,6,0,3_5_fbios_PABUnityIAPiOSDefensiveBase,segment_tag_core_slot_prob_nu_29_06_base1
75370,2026-04-15 02:45:01,30,2,2,accumulation,goldSack,goldSack,gold,1,false,225000000,87413745242850,524638,5,5,1500,11,0,0,0,0,1,16758,30000,12,1500,55.9,bonus_as10_gae3_no,100,4050000,,,,,43,28,13,8,12,13,4,1,2,157,85,52,40,39,51,11,4,11,7,7,8,false,MAX,10,8,2,V2,3,1,5,30,2,2,0,3_5_fbios_PABUnityIAPiOSDefensiveBase,segment_tag_core_slot_prob_nu_29_06_base1
75371,2026-04-15 02:45:02,3,6,2,attack,spins,goldSack,gold,1,false,150000000,87413895242850,523138,5,5,1500,11,1,0,0,1,0,16758,30000,12,0,55.9,bonus_as10_gae3_no,100,4050000,,,,"{""b0185791"":""131\/5300@m8""}",44,29,13,8,13,13,4,1,2,158,86,52,40,40,51,11,4,11,7,6,0,false,NORMAL,1,-1,2,V2,3,1,5,3,6,2,0,3_5_fbios_PABUnityIAPiOSDefensiveBase,segment_tag_core_slot_prob_nu_29_06_base1
75372,2026-04-15 02:45:06,3,3,2,attack,attack,goldSack,gold,1,false,150000000,87414045242850,521638,5,5,1500,11,2,0,0,0,0,16758,30000,12,0,55.9,bonus_as10_gae3_no,100,4050000,,,,"{""4f593c8c"":""2136\/3200@m8""}",45,31,13,8,13,13,4,1,2,159,88,52,40,40,51,11,4,11,7,0,0,false,NORMAL,2,0,2,V2,3,1,5,3,3,2,0,3_5_fbios_PABUnityIAPiOSDefensiveBase,segment_tag_core_slot_prob_nu_29_06_base1
75373,2026-04-15 02:45:10,30,2,2,accumulation,goldSack,goldSack,gold,1,false,225000000,87414270242850,520138,5,5,1500,11,0,0,0,0,1,18258,30000,12,1500,60.9,bonus_as10_gae3_no,100,4050000,,,,,46,31,13,8,13,14,4,1,2,160,88,52,40,40,52,11,4,11,7,7,8,false,MAX,11,9,2,V2,3,1,5,30,2,2,0,3_5_fbios_PABUnityIAPiOSDefensiveBase,segment_tag_core_slot_prob_nu_29_06_base1
75374,2026-04-15 02:45:12,3,6,2,attack,spins,goldSack,gold,1,false,150000000,87414420242850,518638,5,5,1500,11,1,0,0,1,0,18258,30000,12,0,60.9,bonus_as10_gae3_no,100,4050000,,,,,47,32,13,8,14,14,4,1,2,161,89,52,40,41,52,11,4,11,7,6,0,false,NORMAL,1,-1,2,V2,3,1,5,3,6,2,0,3_5_fbios_PABUnityIAPiOSDefensiveBase,segment_tag_core_slot_prob_nu_29_06_base1
75375,2026-04-15 02:45:13,3,3,3,attack,attack,attack,attack,2,true,0,87414420242850,517138,5,5,1500,11,3,0,0,0,0,18258,30000,12,0,60.9,bonus_as10_gae3_no,100,4050000,,,,,48,35,13,8,14,14,5,1,2,162,92,52,40,41,52,12,4,11,0,0,0,false,NORMAL,1,-1,2,V2,3,1,5,3,3,3,0,3_5_fbios_PABUnityIAPiOSDefensiveBase,segment_tag_core_slot_prob_nu_29_06_base1
75376,2026-04-15 02:45:23,1,1,1,coin,coin,coin,gold,1,true,12500000,87494548492850,517088,5,5,50,11,0,0,0,0,0,18258,30000,12,0,60.9,bonus_as10_gae3_no,100,4050000,,,,,49,35,13,8,14,14,5,1,2,163,92,52,40,41,52,12,4,11,1,1,5,false,NORMAL,3,1,2,V2,3,1,5,1,1,1,0,3_5_fbios_PABUnityIAPiOSDefensiveBase,segment_tag_core_slot_prob_nu_29_06_base1
75377,2026-04-15 02:45:25,30,30,1,accumulation,accumulation,coin,gold,1,false,1250000,87494549742850,517038,5,5,50,11,0,0,0,0,2,18358,30000,12,100,61.2,bonus_as10_gae3_no,100,4050000,,,,,50,35,13,8,14,16,5,1,2,164,92,52,40,41,54,12,4,11,5,8,8,false,NORMAL,2,0,2,V2,3,1,5,30,30,1,0,3_5_fbios_PABUnityIAPiOSDefensiveBase,segment_tag_core_slot_prob_nu_29_06_base1
75378,2026-04-15 02:45:26,1,1,1,coin,coin,coin,gold,1,true,12500000,87494562242850,516988,5,5,50,11,0,0,0,0,0,18358,30000,12,0,61.2,bonus_as10_gae3_no,100,4050000,,,,"{""b0185791"":""181\/5300@m8"",""4f593c8c"":""2236\/3200@m8""}",51,35,13,8,14,16,5,1,2,165,92,52,40,41,54,12,4,11,5,5,5,false,NORMAL,2,0,2,V2,3,1,5,1,1,1,0,3_5_fbios_PABUnityIAPiOSDefensiveBase,segment_tag_core_slot_prob_nu_29_06_base1
75379,2026-04-15 02:45:31,2,2,2,goldSack,goldSack,goldSack,gold,1,true,960000000,87495522242850,516588,5,5,400,11,0,0,0,0,0,18358,30000,12,0,61.2,bonus_as10_gae3_no,100,4050000,,,,,52,35,13,8,14,16,5,1,2,166,92,52,40,41,54,12,4,11,7,7,3,false,MAX,8,6,2,V2,3,1,5,2,2,2,0,3_5_fbios_PABUnityIAPiOSDefensiveBase,segment_tag_core_slot_prob_nu_29_06_base1
75380,2026-04-15 02:45:33,30,2,2,accumulation,goldSack,goldSack,gold,1,false,225000000,87495747242850,515088,5,5,1500,11,0,0,0,0,1,19858,30000,12,1500,66.2,bonus_as10_gae3_no,100,4050000,,,,,53,35,13,8,14,17,5,1,2,167,92,52,40,41,55,12,4,11,7,7,8,false,MAX,12,10,2,V2,3,1,5,30,2,2,0,3_5_fbios_PABUnityIAPiOSDefensiveBase,segment_tag_core_slot_prob_nu_29_06_base1
75381,2026-04-15 02:45:36,3,3,3,attack,attack,attack,attack,2,true,0,87495747242850,513588,5,5,1500,11,3,0,0,0,0,19858,30000,12,0,66.2,bonus_as10_gae3_no,100,4050000,,,,,54,38,13,8,14,17,6,1,2,168,95,52,40,41,55,13,4,11,0,0,0,false,NORMAL,0,-2,2,V2,3,1,5,3,3,3,0,3_5_fbios_PABUnityIAPiOSDefensiveBase,segment_tag_core_slot_prob_nu_29_06_base1
75382,2026-04-15 02:45:49,3,3,2,attack,attack,goldSack,gold,1,false,40000000,87738562242850,513188,5,5,400,11,2,0,0,0,0,19858,30000,12,0,66.2,bonus_as10_gae3_no,100,4050000,,,,,55,40,13,8,14,17,6,1,2,169,97,52,40,41,55,13,4,11,3,0,0,false,NORMAL,3,2,1,V2,3,1,5,3,3,2,0,3_5_fbios_PABUnityIAPiOSDefensiveBase,segment_tag_core_slot_prob_nu_29_06_base1
75383,2026-04-15 02:45:50,1,1,4,coin,coin,steal,gold,1,false,20000000,87738582242850,512788,5,5,400,11,0,1,0,0,0,19858,30000,12,0,66.2,bonus_as10_gae3_no,100,4050000,,,,,56,40,14,8,14,17,6,1,2,170,97,53,40,41,55,13,4,11,4,1,5,false,NORMAL,2,1,1,V2,3,1,5,1,1,4,0,3_5_fbios_PABUnityIAPiOSDefensiveBase,segment_tag_core_slot_prob_nu_29_06_base1
75384,2026-04-15 02:45:52,1,1,4,coin,coin,steal,gold,1,false,20000000,87738602242850,512388,5,5,400,11,0,1,0,0,0,19858,30000,12,0,66.2,bonus_as10_gae3_no,100,4050000,,,,,57,40,15,8,14,17,6,1,2,171,97,54,40,41,55,13,4,11,4,1,1,false,MIN,-3,-1,-2,V2,3,1,5,1,1,4,0,3_5_fbios_PABUnityIAPiOSDefensiveBase,segment_tag_core_slot_prob_nu_29_06_base1
75385,2026-04-15 02:45:54,3,1,6,attack,coin,spins,gold,1,false,10000000,87738612242850,511988,5,5,400,11,1,0,0,1,0,19858,30000,12,0,66.2,bonus_as10_gae3_no,100,4050000,,,,"{""b0185791"":""581\/5300@m8""}",58,41,15,8,15,17,6,1,2,172,98,54,40,42,55,13,4,11,6,1,0,false,SMALL,-2,0,-2,V2,3,1,5,3,1,6,0,3_5_fbios_PABUnityIAPiOSDefensiveBase,segment_tag_core_slot_prob_nu_29_06_base1
75386,2026-04-15 02:45:55,3,6,2,attack,spins,goldSack,gold,1,false,150000000,87738762242850,510488,5,5,1500,11,1,0,0,1,0,19858,30000,12,0,66.2,bonus_as10_gae3_no,100,4050000,,,,,59,42,15,8,16,17,6,1,2,173,99,54,40,43,55,13,4,11,3,6,0,false,NORMAL,1,3,-2,V2,3,1,5,3,6,2,0,3_5_fbios_PABUnityIAPiOSDefensiveBase,segment_tag_core_slot_prob_nu_29_06_base1
75387,2026-04-15 02:45:57,30,2,2,accumulation,goldSack,goldSack,gold,1,false,225000000,87738987242850,508988,5,5,1500,11,0,0,0,0,1,21358,30000,12,1500,71.2,bonus_as10_gae3_no,100,4050000,,,,,60,42,15,8,16,18,6,1,2,174,99,54,40,43,56,13,4,11,7,7,8,false,MAX,9,8,1,V2,3,1,5,30,2,2,0,3_5_fbios_PABUnityIAPiOSDefensiveBase,segment_tag_core_slot_prob_nu_29_06_base1
75388,2026-04-15 02:46:00,3,3,1,attack,attack,coin,gold,1,false,37500000,87739024742850,507488,5,5,1500,11,2,0,0,0,0,21358,30000,12,0,71.2,bonus_as10_gae3_no,100,4050000,,,,,61,44,15,8,16,18,6,1,2,175,101,54,40,43,56,13,4,11,5,0,0,false,SMALL,-1,-2,1,V2,3,1,5,3,3,1,0,3_5_fbios_PABUnityIAPiOSDefensiveBase,segment_tag_core_slot_prob_nu_29_06_base1
75389,2026-04-15 02:46:02,4,4,4,steal,steal,steal,steal,4,true,0,87739024742850,505988,5,5,1500,11,0,3,0,0,0,21358,30000,12,0,71.2,bonus_as10_gae3_no,100,4050000,,,,"{""4f593c8c"":""2036\/4000@m9""}",62,44,18,8,16,18,6,2,2,176,101,57,40,43,56,13,5,11,4,4,4,false,MIN,-4,-5,1,V2,3,1,5,4,4,4,0,3_5_fbios_PABUnityIAPiOSDefensiveBase,segment_tag_core_slot_prob_nu_29_06_base1
75390,2026-04-15 02:46:16,30,2,2,accumulation,goldSack,goldSack,gold,1,false,60000000,87939604742850,505588,5,5,400,11,0,0,0,0,1,21758,30000,12,400,72.5,bonus_as10_gae3_no,100,4050000,,,,,63,44,18,8,16,19,6,2,2,177,101,57,40,43,57,13,5,11,7,3,8,false,MAX,8,7,1,V2,3,1,5,30,2,2,0,3_5_fbios_PABUnityIAPiOSDefensiveBase,segment_tag_core_slot_prob_nu_29_06_base1
75391,2026-04-15 02:46:18,1,1,4,coin,coin,steal,gold,1,false,20000000,87939624742850,505188,5,5,400,11,0,1,0,0,0,21758,30000,12,0,72.5,bonus_as10_gae3_no,100,4050000,,,,"{""b0185791"":""981\/5300@m8""}",64,44,19,8,16,19,6,2,2,178,101,58,40,43,57,13,5,11,4,1,5,false,BIG,4,3,1,V2,3,1,5,1,1,4,0,3_5_fbios_PABUnityIAPiOSDefensiveBase,segment_tag_core_slot_prob_nu_29_06_base1
75392,2026-04-15 02:46:19,30,2,2,accumulation,goldSack,goldSack,gold,1,false,60000000,87939684742850,504788,5,5,400,11,0,0,0,0,1,22158,30000,12,400,73.9,bonus_as10_gae3_no,100,4050000,,,,,65,44,19,8,16,20,6,2,2,179,101,58,40,43,58,13,5,11,3,3,8,false,BIG,5,4,1,V2,3,1,5,30,2,2,0,3_5_fbios_PABUnityIAPiOSDefensiveBase,segment_tag_core_slot_prob_nu_29_06_base1
75393,2026-04-15 02:46:21,3,1,5,attack,coin,shield,gold,1,false,37500000,87939722242850,503288,5,5,1500,11,1,0,1,0,0,22158,30000,12,0,73.9,bonus_as10_gae3_no,100,4050000,,,,,66,45,19,9,16,20,6,2,2,180,102,58,41,43,58,13,5,11,2,1,0,false,NORMAL,1,0,1,V2,3,1,5,3,1,5,0,3_5_fbios_PABUnityIAPiOSDefensiveBase,segment_tag_core_slot_prob_nu_29_06_base1
75394,2026-04-15 02:46:22,30,2,2,accumulation,goldSack,goldSack,gold,1,false,225000000,87939947242850,501788,5,5,1500,11,0,0,0,0,1,23658,30000,12,1500,78.9,bonus_as10_gae3_no,100,4050000,,,,,67,45,19,9,16,21,6,2,2,181,102,58,41,43,59,13,5,11,7,7,8,false,MAX,9,7,2,V2,3,1,5,30,2,2,0,3_5_fbios_PABUnityIAPiOSDefensiveBase,segment_tag_core_slot_prob_nu_29_06_base1
75395,2026-04-15 02:46:24,1,4,4,coin,steal,steal,gold,1,false,37500000,87939984742850,500288,5,5,1500,11,0,2,0,0,0,23658,30000,12,0,78.9,bonus_as10_gae3_no,100,4050000,,,,,68,45,21,9,16,21,6,2,2,182,102,60,41,43,59,13,5,11,4,4,5,false,NORMAL,3,1,2,V2,3,1,5,1,4,4,0,3_5_fbios_PABUnityIAPiOSDefensiveBase,segment_tag_core_slot_prob_nu_29_06_base1
75396,2026-04-15 02:46:25,30,2,2,accumulation,goldSack,goldSack,gold,1,false,225000000,87940209742850,498788,5,5,1500,11,0,0,0,0,1,25158,30000,12,1500,83.9,bonus_as10_gae3_no,100,4050000,,,,,69,45,21,9,16,22,6,2,2,183,102,60,41,43,60,13,5,11,3,3,8,false,BIG,6,4,2,V2,3,1,5,30,2,2,0,3_5_fbios_PABUnityIAPiOSDefensiveBase,segment_tag_core_slot_prob_nu_29_06_base1
75397,2026-04-15 02:46:27,1,1,4,coin,coin,steal,gold,1,false,75000000,87940284742850,497288,5,5,1500,11,0,1,0,0,0,25158,30000,12,0,83.9,bonus_as10_gae3_no,100,4050000,,,,,70,45,22,9,16,22,6,2,2,184,102,61,41,43,60,13,5,11,4,5,1,false,MIN,-7,-6,-1,V2,3,1,5,1,1,4,0,3_5_fbios_PABUnityIAPiOSDefensiveBase,segment_tag_core_slot_prob_nu_29_06_base1
75398,2026-04-15 02:46:29,3,1,5,attack,coin,shield,gold,1,false,37500000,87940322242850,495788,5,5,1500,11,1,0,1,0,0,25158,30000,12,0,83.9,bonus_as10_gae3_no,100,4050000,,,,,71,46,22,10,16,22,6,2,2,185,103,61,42,43,60,13,5,11,2,5,0,false,MIN,-3,-2,-1,V2,3,1,5,3,1,5,0,3_5_fbios_PABUnityIAPiOSDefensiveBase,segment_tag_core_slot_prob_nu_29_06_base1
75399,2026-04-15 02:46:31,1,4,4,coin,steal,steal,gold,1,false,37500000,87940359742850,494288,5,5,1500,11,0,2,0,0,0,25158,30000,12,0,83.9,bonus_as10_gae3_no,100,4050000,,,,"{""b0185791"":""2481\/5300@m8""}",72,46,24,10,16,22,6,2,2,186,103,63,42,43,60,13,5,11,4,4,1,false,MIN,-6,-5,-1,V2,3,1,5,1,4,4,0,3_5_fbios_PABUnityIAPiOSDefensiveBase,segment_tag_core_slot_prob_nu_29_06_base1
75400,2026-04-15 02:46:32,30,30,3,accumulation,accumulation,attack,gold,6,false,0,87940359742850,492788,5,5,1500,11,1,0,0,0,2,28158,30000,12,3000,93.9,bonus_as10_gae3_no,100,4050000,,,,,73,47,24,10,16,24,6,2,2,187,104,63,42,43,62,13,5,11,0,8,8,false,SMALL,-1,0,-1,V2,3,1,5,30,30,3,0,3_5_fbios_PABUnityIAPiOSDefensiveBase,segment_tag_core_slot_prob_nu_29_06_base1
75401,2026-04-15 02:46:34,5,5,5,shield,shield,shield,shield,3,true,1500,87940359742850,492788,5,5,1500,11,0,0,3,0,0,28158,30000,12,0,93.9,bonus_as10_gae3_no,100,4050000,,,,,74,47,24,13,16,24,6,2,3,188,104,63,45,43,62,13,5,12,2,2,2,false,SMALL,-2,-1,-1,V2,3,1,5,5,5,5,0,3_5_fbios_PABUnityIAPiOSDefensiveBase,segment_tag_core_slot_prob_nu_29_06_base1
75402,2026-04-15 02:46:40,1,6,6,coin,spins,spins,gold,1,false,10000000,87940369742850,492388,5,5,400,11,0,0,0,2,0,28158,30000,12,0,93.9,bonus_as10_gae3_no,100,4050000,,,,"{""4f593c8c"":""2836\/4000@m9""}",75,47,24,13,18,24,6,2,3,189,104,63,45,45,62,13,5,12,6,6,5,false,NORMAL,1,0,1,V2,3,1,5,1,6,6,0,3_5_fbios_PABUnityIAPiOSDefensiveBase,segment_tag_core_slot_prob_nu_29_06_base1
75403,2026-04-15 02:46:41,1,1,1,coin,coin,coin,gold,1,true,100000000,87940469742850,491988,5,5,400,11,0,0,0,0,0,28158,30000,12,0,93.9,bonus_as10_gae3_no,100,4050000,,,,,76,47,24,13,18,24,6,2,3,190,104,63,45,45,62,13,5,12,5,1,1,false,MIN,-6,-4,-2,V2,3,1,5,1,1,1,0,3_5_fbios_PABUnityIAPiOSDefensiveBase,segment_tag_core_slot_prob_nu_29_06_base1
75404,2026-04-15 02:46:42,30,2,2,accumulation,goldSack,goldSack,gold,1,false,60000000,87940529742850,491588,5,5,400,11,0,0,0,0,1,28558,30000,12,400,95.2,bonus_as10_gae3_no,100,4050000,,,,,77,47,24,13,18,25,6,2,3,191,104,63,45,45,63,13,5,12,3,7,8,false,BIG,4,6,-2,V2,3,1,5,30,2,2,0,3_5_fbios_PABUnityIAPiOSDefensiveBase,segment_tag_core_slot_prob_nu_29_06_base1
75405,2026-04-15 02:46:45,3,3,3,attack,attack,attack,attack,2,true,0,87940529742850,490088,5,5,1500,11,3,0,0,0,0,28558,30000,12,0,95.2,bonus_as10_gae3_no,100,4050000,,,,,78,50,24,13,18,25,7,2,3,192,107,63,45,45,63,14,5,12,0,0,0,false,MIN,-4,-2,-2,V2,3,1,5,3,3,3,0,3_5_fbios_PABUnityIAPiOSDefensiveBase,segment_tag_core_slot_prob_nu_29_06_base1
75406,2026-04-15 02:46:55,3,6,2,attack,spins,goldSack,gold,1,false,40000000,88183344742850,489688,5,5,400,11,1,0,0,1,0,28558,30000,12,0,95.2,bonus_as10_gae3_no,100,4050000,,,,,79,51,24,13,19,25,7,2,3,193,108,63,45,46,63,14,5,12,7,6,0,false,SMALL,-1,-1,0,V2,3,1,5,3,6,2,0,3_5_fbios_PABUnityIAPiOSDefensiveBase,segment_tag_core_slot_prob_nu_29_06_base1
75407,2026-04-15 02:46:56,30,2,2,accumulation,goldSack,goldSack,gold,1,false,60000000,88183404742850,489288,5,5,400,11,0,0,0,0,1,28958,30000,12,400,96.5,bonus_as10_gae3_no,100,4050000,,,,,80,51,24,13,19,26,7,2,3,194,108,63,45,46,64,14,5,12,3,3,8,false,BIG,5,4,1,V2,3,1,5,30,2,2,0,3_5_fbios_PABUnityIAPiOSDefensiveBase,segment_tag_core_slot_prob_nu_29_06_base1
75408,2026-04-15 02:46:57,1,1,1,coin,coin,coin,gold,1,true,100000000,88183504742850,488888,5,5,400,11,0,0,0,0,0,28958,30000,12,0,96.5,bonus_as10_gae3_no,100,4050000,,,,,81,51,24,13,19,26,7,2,3,195,108,63,45,46,64,14,5,12,1,5,1,false,MIN,-8,-7,-1,V2,3,1,5,1,1,1,0,3_5_fbios_PABUnityIAPiOSDefensiveBase,segment_tag_core_slot_prob_nu_29_06_base1
75409,2026-04-15 02:46:59,3,3,2,attack,attack,goldSack,gold,1,false,40000000,88183544742850,488488,5,5,400,11,2,0,0,0,0,28958,30000,12,0,96.5,bonus_as10_gae3_no,100,4050000,,,,"{""b0185791"":""2881\/5300@m8""}",82,53,24,13,19,26,7,2,3,196,110,63,45,46,64,14,5,12,7,0,0,false,MIN,-3,-2,-1,V2,3,1,5,3,3,2,0,3_5_fbios_PABUnityIAPiOSDefensiveBase,segment_tag_core_slot_prob_nu_29_06_base1
75410,2026-04-15 02:47:00,1,1,1,coin,coin,coin,gold,1,true,100000000,88183644742850,488088,5,5,400,11,0,0,0,0,0,28958,30000,12,0,96.5,bonus_as10_gae3_no,100,4050000,,,,,83,53,24,13,19,26,7,2,3,197,110,63,45,46,64,14,5,12,5,1,1,false,MIN,-5,-4,-1,V2,3,1,5,1,1,1,0,3_5_fbios_PABUnityIAPiOSDefensiveBase,segment_tag_core_slot_prob_nu_29_06_base1
75411,2026-04-15 02:47:02,5,2,2,shield,goldSack,goldSack,gold,1,false,225000000,88183869742850,486588,5,5,1500,11,0,0,1,0,0,28958,30000,12,0,96.5,bonus_as10_gae3_no,100,4050000,,,,,84,53,24,14,19,26,7,2,3,198,110,63,46,46,64,14,5,12,3,7,2,false,NORMAL,3,4,-1,V2,3,1,5,5,2,2,0,3_5_fbios_PABUnityIAPiOSDefensiveBase,segment_tag_core_slot_prob_nu_29_06_base1
75412,2026-04-15 02:47:03,3,6,2,attack,spins,goldSack,gold,1,false,150000000,88184019742850,485088,5,5,1500,11,1,0,0,1,0,28958,30000,12,0,96.5,bonus_as10_gae3_no,100,4050000,,,,,85,54,24,14,20,26,7,2,3,199,111,63,46,47,64,14,5,12,7,6,0,false,MIN,-4,-3,-1,V2,3,1,5,3,6,2,0,3_5_fbios_PABUnityIAPiOSDefensiveBase,segment_tag_core_slot_prob_nu_29_06_base1
75413,2026-04-15 02:47:05,1,1,1,coin,coin,coin,gold,1,true,375000000,88184394742850,483588,5,5,1500,11,0,0,0,0,0,28958,30000,12,0,96.5,bonus_as10_gae3_no,100,4050000,,,,,86,54,24,14,20,26,7,2,3,200,111,63,46,47,64,14,5,12,1,5,1,false,MIN,-8,-7,-1,V2,3,1,5,1,1,1,0,3_5_fbios_PABUnityIAPiOSDefensiveBase,segment_tag_core_slot_prob_nu_29_06_base1
75414,2026-04-15 02:47:06,2,2,2,goldSack,goldSack,goldSack,gold,1,true,3600000000,88187994742850,482088,5,5,1500,11,0,0,0,0,0,28958,30000,12,0,96.5,bonus_as10_gae3_no,100,4050000,,,,,87,54,24,14,20,26,7,2,3,201,111,63,46,47,64,14,5,12,3,3,7,false,SMALL,-1,0,-1,V2,3,1,5,2,2,2,0,3_5_fbios_PABUnityIAPiOSDefensiveBase,segment_tag_core_slot_prob_nu_29_06_base1
75415,2026-04-15 02:47:08,3,6,2,attack,spins,goldSack,gold,1,false,150000000,88188144742850,480588,5,5,1500,11,1,0,0,1,0,28958,30000,12,0,96.5,bonus_as10_gae3_no,100,4050000,,,,"{""b0185791"":""4381\/5300@m8"",""4f593c8c"":""1836\/5000@m10""}",88,55,24,14,21,26,7,2,3,202,112,63,46,48,64,14,5,12,3,6,0,false,NORMAL,1,3,-2,V2,3,1,5,3,6,2,0,3_5_fbios_PABUnityIAPiOSDefensiveBase,segment_tag_core_slot_prob_nu_29_06_base1
75416,2026-04-15 02:47:11,3,1,5,attack,coin,shield,gold,1,false,37500000,88188182242850,479088,5,5,1500,11,1,0,1,0,0,28958,30000,12,0,96.5,bonus_as10_gae3_no,100,4050000,,,,,89,56,24,15,21,26,7,2,3,203,113,63,47,48,64,14,5,12,2,1,0,false,NORMAL,0,1,-1,V2,3,1,5,3,1,5,0,3_5_fbios_PABUnityIAPiOSDefensiveBase,segment_tag_core_slot_prob_nu_29_06_base1
75417,2026-04-15 02:47:13,4,6,2,steal,spins,goldSack,gold,1,false,600000000,88188782242850,473088,5,5,6000,11,0,1,0,1,0,28958,30000,12,0,96.5,bonus_as10_gae3_no,100,4050000,,,,"{""4f593c8c"":""2336\/8000@m12""}",90,56,25,15,22,26,7,2,3,204,113,64,47,49,64,14,5,12,7,6,4,false,SMALL,-1,0,-1,V2,3,1,5,4,6,2,0,3_5_fbios_PABUnityIAPiOSDefensiveBase,segment_tag_core_slot_prob_nu_29_06_base1
75418,2026-04-15 02:47:16,30,30,2,accumulation,accumulation,goldSack,gold,1,false,600000000,88189382242850,467088,5,5,6000,11,0,0,0,0,2,7658,40000,16,0,19.1,bonus_as10_gae3_no,100,4050000,,,,,91,56,25,15,22,28,7,2,3,205,113,64,47,49,66,14,5,12,3,8,8,false,NORMAL,1,2,-1,V2,3,1,5,30,30,2,0,3_5_fbios_PABUnityIAPiOSDefensiveBase,segment_tag_core_slot_prob_nu_29_06_base1
75419,2026-04-15 02:47:24,1,4,6,coin,steal,spins,gold,1,false,150000000,88190222242850,494258,5,5,6000,11,0,1,0,1,0,7658,40000,16,0,19.1,bonus_as10_gae3_no,100,4050000,,,,,92,56,26,15,23,28,7,2,3,206,113,65,47,50,66,14,5,12,6,4,1,false,MIN,-5,-2,-3,V2,3,1,5,1,4,6,0,3_5_fbios_PABUnityIAPiOSDefensiveBase,segment_tag_core_slot_prob_nu_29_06_base1
75420,2026-04-15 02:47:29,3,3,2,attack,attack,goldSack,gold,1,false,150000000,88190372242850,492758,5,5,1500,11,2,0,0,0,0,7658,40000,16,0,19.1,bonus_as10_gae3_no,100,4050000,,,,,93,58,26,15,23,28,7,2,3,207,115,65,47,50,66,14,5,12,3,0,0,false,SMALL,-2,1,-3,V2,3,1,5,3,3,2,0,3_5_fbios_PABUnityIAPiOSDefensiveBase,segment_tag_core_slot_prob_nu_29_06_base1
75421,2026-04-15 02:47:30,4,4,4,steal,steal,steal,steal,4,true,0,88190372242850,491258,5,5,1500,11,0,3,0,0,0,7658,40000,16,0,19.1,bonus_as10_gae3_no,100,4050000,,,,,94,58,29,15,23,28,7,3,3,208,115,68,47,50,66,14,6,12,4,4,4,false,MIN,-6,-5,-1,V2,3,1,5,4,4,4,0,3_5_fbios_PABUnityIAPiOSDefensiveBase,segment_tag_core_slot_prob_nu_29_06_base1
75422,2026-04-15 02:47:40,30,2,2,accumulation,goldSack,goldSack,gold,1,false,60000000,88505108242850,490858,5,5,400,11,0,0,0,0,1,8058,40000,16,400,20.1,bonus_as10_gae3_no,100,4050000,,,,"{""b0185791"":""4781\/5300@m8""}",95,58,29,15,23,29,7,3,3,209,115,68,47,50,67,14,6,12,7,3,8,false,MAX,8,7,1,V2,3,1,5,30,2,2,0,3_5_fbios_PABUnityIAPiOSDefensiveBase,segment_tag_core_slot_prob_nu_29_06_base1
75423,2026-04-15 02:47:42,3,3,1,attack,attack,coin,gold,1,false,37500000,88505145742850,489358,5,5,1500,11,2,0,0,0,0,8058,40000,16,0,20.1,bonus_as10_gae3_no,100,4050000,,,,,96,60,29,15,23,29,7,3,3,210,117,68,47,50,67,14,6,12,1,0,0,false,NORMAL,1,0,1,V2,3,1,5,3,3,1,0,3_5_fbios_PABUnityIAPiOSDefensiveBase,segment_tag_core_slot_prob_nu_29_06_base1
75424,2026-04-15 02:47:44,3,6,2,attack,spins,goldSack,gold,1,false,150000000,88505295742850,487858,5,5,1500,11,1,0,0,1,0,8058,40000,16,0,20.1,bonus_as10_gae3_no,100,4050000,,,,,97,61,29,15,24,29,7,3,3,211,118,68,47,51,67,14,6,12,7,6,0,false,NORMAL,1,-1,2,V2,3,1,5,3,6,2,0,3_5_fbios_PABUnityIAPiOSDefensiveBase,segment_tag_core_slot_prob_nu_29_06_base1
75425,2026-04-15 02:47:45,3,3,1,attack,attack,coin,gold,1,false,37500000,88505333242850,486358,5,5,1500,11,2,0,0,0,0,8058,40000,16,0,20.1,bonus_as10_gae3_no,100,4050000,,,,,98,63,29,15,24,29,7,3,3,212,120,68,47,51,67,14,6,12,5,0,0,false,NORMAL,1,-1,2,V2,3,1,5,3,3,1,0,3_5_fbios_PABUnityIAPiOSDefensiveBase,segment_tag_core_slot_prob_nu_29_06_base1
75426,2026-04-15 02:47:46,3,1,5,attack,coin,shield,gold,1,false,37500000,88505370742850,484858,5,5,1500,11,1,0,1,0,0,8058,40000,16,0,20.1,bonus_as10_gae3_no,100,4050000,,,,,99,64,29,16,24,29,7,3,3,213,121,68,48,51,67,14,6,12,2,5,0,false,NORMAL,1,-1,2,V2,3,1,5,3,1,5,0,3_5_fbios_PABUnityIAPiOSDefensiveBase,segment_tag_core_slot_prob_nu_29_06_base1
75427,2026-04-15 02:47:47,3,3,3,attack,attack,attack,attack,2,true,0,88505370742850,483358,5,5,1500,11,3,0,0,0,0,8058,40000,16,0,20.1,bonus_as10_gae3_no,100,4050000,,,,,100,67,29,16,24,29,8,3,3,214,124,68,48,51,67,15,6,12,0,0,0,false,SMALL,-2,-2,0,V2,3,1,5,3,3,3,0,3_5_fbios_PABUnityIAPiOSDefensiveBase,segment_tag_core_slot_prob_nu_29_06_base1
75428,2026-04-15 02:47:53,5,2,2,shield,goldSack,goldSack,gold,1,false,225000000,88748370742850,481858,5,5,1500,11,0,0,1,0,0,8058,40000,16,0,20.1,bonus_as10_gae3_no,100,4050000,,,,,101,67,29,17,24,29,8,3,3,215,124,68,49,51,67,15,6,12,7,7,2,false,BIG,5,5,0,V2,3,1,5,5,2,2,0,3_5_fbios_PABUnityIAPiOSDefensiveBase,segment_tag_core_slot_prob_nu_29_06_base1
75429,2026-04-15 02:47:54,30,30,30,accumulation,accumulation,accumulation,gold,10,true,0,88748370742850,480358,5,5,1500,11,0,0,0,0,3,23058,40000,16,15000,57.6,bonus_as10_gae3_no,100,4050000,,,,,102,67,29,17,24,32,8,3,3,216,124,68,49,51,70,15,6,12,8,8,8,true,NORMAL,2,1,1,V2,3,1,5,30,30,30,0,3_5_fbios_PABUnityIAPiOSDefensiveBase,segment_tag_core_slot_prob_nu_29_06_base1
75430,2026-04-15 02:48:03,1,1,4,coin,coin,steal,gold,1,false,50000,88748370792850,480357,5,5,1,11,0,1,0,0,0,23058,40000,16,0,57.6,bonus_as10_gae3_no,100,4050000,,,,,1,0,1,0,0,0,0,0,0,217,124,69,49,51,70,15,6,12,4,5,5,false,NORMAL,1,0,1,V2,3,1,5,1,1,4,0,3_5_fbios_PABUnityIAPiOSDefensiveBase,segment_tag_core_slot_prob_nu_29_06_base1
75431,2026-04-15 02:48:04,3,3,3,attack,attack,attack,attack,2,true,0,88748370792850,480356,5,5,1,11,3,0,0,0,0,23058,40000,16,0,57.6,bonus_as10_gae3_no,100,4050000,,,,,2,3,1,0,0,0,1,0,0,218,127,69,49,51,70,16,6,12,-1,-1,-1,false,,0,0,0,,-1,-1,-1,-1,-1,-1,0,3_5_fbios_PABUnityIAPiOSDefensiveBase,segment_tag_core_slot_prob_nu_29_06_base1
75432,2026-04-15 02:48:08,30,30,1,accumulation,accumulation,coin,gold,1,false,25000,88748532667850,480355,5,5,1,11,0,0,0,0,2,23060,40000,16,2,57.6,bonus_as10_gae3_no,100,4050000,,,,"{""4f593c8c"":""2338\/8000@m12"",""b0185791"":""4782\/5300@m8""}",3,3,1,0,0,2,1,0,0,219,127,69,49,51,72,16,6,12,5,8,8,false,NORMAL,0,-1,1,V2,3,1,5,30,30,1,0,3_5_fbios_PABUnityIAPiOSDefensiveBase,segment_tag_core_slot_prob_nu_29_06_base1
75433,2026-04-15 02:48:10,30,30,1,accumulation,accumulation,coin,gold,1,false,25000,88748532692850,480354,5,5,1,11,0,0,0,0,2,23062,40000,16,2,57.7,bonus_as10_gae3_no,100,4050000,,,,,4,3,1,0,0,4,1,0,0,220,127,69,49,51,74,16,6,12,5,8,8,false,NORMAL,3,2,1,V2,3,1,5,30,30,1,0,3_5_fbios_PABUnityIAPiOSDefensiveBase,segment_tag_core_slot_prob_nu_29_06_base1
75434,2026-04-15 02:48:11,4,4,4,steal,steal,steal,steal,4,true,0,88748532692850,480353,5,5,1,11,0,3,0,0,0,23062,40000,16,0,57.7,bonus_as10_gae3_no,100,4050000,,,,,5,3,4,0,0,4,1,1,0,221,127,72,49,51,74,16,7,12,4,4,4,false,MIN,-3,-5,2,V2,3,1,5,4,4,4,0,3_5_fbios_PABUnityIAPiOSDefensiveBase,segment_tag_core_slot_prob_nu_29_06_base1
75435,2026-04-15 02:48:17,30,2,2,accumulation,goldSack,goldSack,gold,1,false,150000,88748701262850,480352,5,5,1,11,0,0,0,0,1,23063,40000,16,1,57.7,bonus_as10_gae3_no,100,4050000,,,,,6,3,4,0,0,5,1,1,0,222,127,72,49,51,75,16,7,12,7,3,8,false,MAX,9,7,2,V2,3,1,5,30,2,2,0,3_5_fbios_PABUnityIAPiOSDefensiveBase,segment_tag_core_slot_prob_nu_29_06_base1
75436,2026-04-15 02:48:18,2,2,2,goldSack,goldSack,goldSack,gold,1,true,2400000,88748703662850,480351,5,5,1,11,0,0,0,0,0,23063,40000,16,0,57.7,bonus_as10_gae3_no,100,4050000,,,,,7,3,4,0,0,5,1,1,0,223,127,72,49,51,75,16,7,12,3,7,7,false,BIG,6,4,2,V2,3,1,5,2,2,2,0,3_5_fbios_PABUnityIAPiOSDefensiveBase,segment_tag_core_slot_prob_nu_29_06_base1
75437,2026-04-15 02:48:19,1,1,4,coin,coin,steal,gold,1,false,50000,88748703712850,480350,5,5,1,11,0,1,0,0,0,23063,40000,16,0,57.7,bonus_as10_gae3_no,100,4050000,,,,"{""4f593c8c"":""2340\/8000@m12""}",8,3,5,0,0,5,1,1,0,224,127,73,49,51,75,16,7,12,4,5,5,false,NORMAL,1,-1,2,V2,3,1,5,1,1,4,0,3_5_fbios_PABUnityIAPiOSDefensiveBase,segment_tag_core_slot_prob_nu_29_06_base1
75438,2026-04-15 02:48:20,3,6,2,attack,spins,goldSack,gold,1,false,100000,88748703812850,480349,5,5,1,11,1,0,0,1,0,23063,40000,16,0,57.7,bonus_as10_gae3_no,100,4050000,,,,,9,4,5,0,1,5,1,1,0,225,128,73,49,52,75,16,7,12,7,6,0,false,NORMAL,0,-2,2,V2,3,1,5,3,6,2,0,3_5_fbios_PABUnityIAPiOSDefensiveBase,segment_tag_core_slot_prob_nu_29_06_base1
75439,2026-04-15 02:48:21,1,1,1,coin,coin,coin,gold,1,true,250000,88748704062850,480348,5,5,1,11,0,0,0,0,0,23063,40000,16,0,57.7,bonus_as10_gae3_no,100,4050000,,,,,10,4,5,0,1,5,1,1,0,226,128,73,49,52,75,16,7,12,5,5,1,false,MIN,-10,-9,-1,V2,3,1,5,1,1,1,0,3_5_fbios_PABUnityIAPiOSDefensiveBase,segment_tag_core_slot_prob_nu_29_06_base1
75440,2026-04-15 02:48:22,3,3,3,attack,attack,attack,attack,2,true,0,88748704062850,480347,5,5,1,11,3,0,0,0,0,23063,40000,16,0,57.7,bonus_as10_gae3_no,100,4050000,,,,,11,7,5,0,1,5,2,1,0,227,131,73,49,52,75,17,7,12,0,0,0,false,MIN,-3,-2,-1,V2,3,1,5,3,3,3,0,3_5_fbios_PABUnityIAPiOSDefensiveBase,segment_tag_core_slot_prob_nu_29_06_base1
75441,2026-04-15 02:48:27,1,1,4,coin,coin,steal,gold,1,false,50000,88748865962850,480346,5,5,1,11,0,1,0,0,0,23063,40000,16,0,57.7,bonus_as10_gae3_no,100,4050000,,,,,12,7,6,0,1,5,2,1,0,228,131,74,49,52,75,17,7,12,4,1,1,false,MIN,-3,-2,-1,V2,3,1,5,1,1,4,0,3_5_fbios_PABUnityIAPiOSDefensiveBase,segment_tag_core_slot_prob_nu_29_06_base1
75442,2026-04-15 02:48:28,5,5,5,shield,shield,shield,shield,3,true,1,88748865962850,480346,5,5,1,11,0,0,3,0,0,23063,40000,16,0,57.7,bonus_as10_gae3_no,100,4050000,,,,,13,7,6,3,1,5,2,1,1,229,131,74,52,52,75,17,7,13,2,2,2,false,SMALL,-2,-1,-1,V2,3,1,5,5,5,5,0,3_5_fbios_PABUnityIAPiOSDefensiveBase,segment_tag_core_slot_prob_nu_29_06_base1
75443,2026-04-15 02:48:29,4,4,4,steal,steal,steal,steal,4,true,0,88748865962850,480345,5,5,1,11,0,3,0,0,0,23063,40000,16,0,57.7,bonus_as10_gae3_no,100,4050000,,,,"{""b0185791"":""4783\/5300@m8""}",14,7,9,3,1,5,2,2,1,230,131,77,52,52,75,17,8,13,4,4,4,false,MIN,-7,-7,0,V2,3,1,5,4,4,4,0,3_5_fbios_PABUnityIAPiOSDefensiveBase,segment_tag_core_slot_prob_nu_29_06_base1
75444,2026-04-15 02:48:34,4,6,2,steal,spins,goldSack,gold,1,false,100000,88748975812850,480344,5,5,1,11,0,1,0,1,0,23063,40000,16,0,57.7,bonus_as10_gae3_no,100,4050000,,,,,15,7,10,3,2,5,2,2,1,231,131,78,52,53,75,17,8,13,3,6,4,false,BIG,6,2,4,V2,3,1,5,4,6,2,0,3_5_fbios_PABUnityIAPiOSDefensiveBase,segment_tag_core_slot_prob_nu_29_06_base1
75445,2026-04-15 02:48:35,30,2,2,accumulation,goldSack,goldSack,gold,1,false,150000,88748975962850,480343,5,5,1,11,0,0,0,0,1,23064,40000,16,1,57.7,bonus_as10_gae3_no,100,4050000,,,,,16,7,10,3,2,6,2,2,1,232,131,78,52,53,76,17,8,13,7,3,8,false,MAX,12,8,4,V2,3,1,5,30,2,2,0,3_5_fbios_PABUnityIAPiOSDefensiveBase,segment_tag_core_slot_prob_nu_29_06_base1
75446,2026-04-15 02:48:36,3,6,2,attack,spins,goldSack,gold,1,false,100000,88748976062850,480342,5,5,1,11,1,0,0,1,0,23064,40000,16,0,57.7,bonus_as10_gae3_no,100,4050000,,,,,17,8,10,3,3,6,2,2,1,233,132,78,52,54,76,17,8,13,7,6,0,false,BIG,4,0,4,V2,3,1,5,3,6,2,0,3_5_fbios_PABUnityIAPiOSDefensiveBase,segment_tag_core_slot_prob_nu_29_06_base1
75447,2026-04-15 02:48:38,1,1,4,coin,coin,steal,gold,1,false,50000,88748976112850,480341,5,5,1,11,0,1,0,0,0,23064,40000,16,0,57.7,bonus_as10_gae3_no,100,4050000,,,,"{""b0185791"":""4784\/5300@m8""}",18,8,11,3,3,6,2,2,1,234,132,79,52,54,76,17,8,13,4,1,1,false,NORMAL,0,-2,2,V2,3,1,5,1,1,4,0,3_5_fbios_PABUnityIAPiOSDefensiveBase,segment_tag_core_slot_prob_nu_29_06_base1
75448,2026-04-15 02:48:39,2,2,2,goldSack,goldSack,goldSack,gold,1,true,2400000,88748978512850,480340,5,5,1,11,0,0,0,0,0,23064,40000,16,0,57.7,bonus_as10_gae3_no,100,4050000,,,,,19,8,11,3,3,6,2,2,1,235,132,79,52,54,76,17,8,13,3,7,3,false,BIG,7,5,2,V2,3,1,5,2,2,2,0,3_5_fbios_PABUnityIAPiOSDefensiveBase,segment_tag_core_slot_prob_nu_29_06_base1
75449,2026-04-15 02:48:40,2,2,2,goldSack,goldSack,goldSack,gold,1,true,2400000,88748980912850,480339,5,5,1,11,0,0,0,0,0,23064,40000,16,0,57.7,bonus_as10_gae3_no,100,4050000,,,,,20,8,11,3,3,6,2,2,1,236,132,79,52,54,76,17,8,13,7,3,3,false,MAX,8,6,2,V2,3,1,5,2,2,2,0,3_5_fbios_PABUnityIAPiOSDefensiveBase,segment_tag_core_slot_prob_nu_29_06_base1
75450,2026-04-15 02:48:44,5,2,2,shield,goldSack,goldSack,gold,1,false,225000000,88749205912850,478839,5,5,1500,11,0,0,1,0,0,23064,40000,16,0,57.7,bonus_as10_gae3_no,100,4050000,,,,,21,8,11,4,3,6,2,2,1,237,132,79,53,54,76,17,8,13,7,3,2,false,MAX,9,5,4,V2,3,1,5,5,2,2,0,3_5_fbios_PABUnityIAPiOSDefensiveBase,segment_tag_core_slot_prob_nu_29_06_base1
75451,2026-04-15 02:48:45,30,2,2,accumulation,goldSack,goldSack,gold,1,false,225000000,88749430912850,477339,5,5,1500,11,0,0,0,0,1,24564,40000,16,1500,61.4,bonus_as10_gae3_no,100,4050000,,,,,22,8,11,4,3,7,2,2,1,238,132,79,53,54,77,17,8,13,3,3,8,false,BIG,7,3,4,V2,3,1,5,30,2,2,0,3_5_fbios_PABUnityIAPiOSDefensiveBase,segment_tag_core_slot_prob_nu_29_06_base1
75452,2026-04-15 02:48:48,30,30,1,accumulation,accumulation,coin,gold,1,false,37500000,88749468412850,475839,5,5,1500,11,0,0,0,0,2,27564,40000,16,3000,68.9,bonus_as10_gae3_no,100,4050000,,,,"{""4f593c8c"":""5340\/8000@m12""}",23,8,11,4,3,9,2,2,1,239,132,79,53,54,79,17,8,13,1,8,8,false,BIG,6,2,4,V2,3,1,5,30,30,1,0,3_5_fbios_PABUnityIAPiOSDefensiveBase,segment_tag_core_slot_prob_nu_29_06_base1
75453,2026-04-15 02:48:51,2,2,2,goldSack,goldSack,goldSack,gold,1,true,3600000000,88753068412850,474339,5,5,1500,11,0,0,0,0,0,27564,40000,16,0,68.9,bonus_as10_gae3_no,100,4050000,,,,,24,8,11,4,3,9,2,2,1,240,132,79,53,54,79,17,8,13,3,7,3,false,BIG,6,5,1,V2,3,1,5,2,2,2,0,3_5_fbios_PABUnityIAPiOSDefensiveBase,segment_tag_core_slot_prob_nu_29_06_base1
75454,2026-04-15 02:48:52,3,1,1,attack,coin,coin,gold,1,false,75000000,88753143412850,472839,5,5,1500,11,1,0,0,0,0,27564,40000,16,0,68.9,bonus_as10_gae3_no,100,4050000,,,,,25,9,11,4,3,9,2,2,1,241,133,79,53,54,79,17,8,13,1,1,0,false,NORMAL,0,0,0,V2,3,1,5,3,1,1,0,3_5_fbios_PABUnityIAPiOSDefensiveBase,segment_tag_core_slot_prob_nu_29_06_base1
75455,2026-04-15 02:48:53,3,3,1,attack,attack,coin,gold,1,false,37500000,88753180912850,471339,5,5,1500,11,2,0,0,0,0,27564,40000,16,0,68.9,bonus_as10_gae3_no,100,4050000,,,,,26,11,11,4,3,9,2,2,1,242,135,79,53,54,79,17,8,13,5,0,0,false,SMALL,-1,-1,0,V2,3,1,5,3,3,1,0,3_5_fbios_PABUnityIAPiOSDefensiveBase,segment_tag_core_slot_prob_nu_29_06_base1
75456,2026-04-15 02:48:55,30,30,30,accumulation,accumulation,accumulation,gold,10,true,0,88753180912850,469839,5,5,1500,11,0,0,0,0,3,2564,3300,17,0,77.7,bonus_as10_gae3_no,100,4050000,,,,,27,11,11,4,3,12,2,2,1,243,135,79,53,54,82,17,8,13,8,8,8,true,NORMAL,2,1,1,V2,3,1,5,30,30,30,0,3_5_fbios_PABUnityIAPiOSDefensiveBase,segment_tag_core_slot_prob_nu_29_06_base1
75457,2026-04-15 02:49:55,3,3,1,attack,attack,coin,gold,1,false,25000,88753180937850,517140,5,5,1,11,2,0,0,0,0,2564,3300,17,0,77.7,bonus_as10_gae3_no,100,4050000,,,,,1,2,0,0,0,0,0,0,0,244,137,79,53,54,82,17,8,13,5,0,0,false,NORMAL,0,-2,2,V2,3,1,5,3,3,1,0,3_5_fbios_PABUnityIAPiOSDefensiveBase,segment_tag_core_slot_prob_nu_29_06_base1
75458,2026-04-15 02:49:56,30,30,1,accumulation,accumulation,coin,gold,1,false,25000,88753180962850,517139,5,5,1,11,0,0,0,0,2,2566,3300,17,2,77.8,bonus_as10_gae3_no,100,4050000,,,,,2,2,0,0,0,2,0,0,0,245,137,79,53,54,84,17,8,13,5,8,8,false,NORMAL,2,0,2,V2,3,1,5,30,30,1,0,3_5_fbios_PABUnityIAPiOSDefensiveBase,segment_tag_core_slot_prob_nu_29_06_base1
75459,2026-04-15 02:49:57,3,3,1,attack,attack,coin,gold,1,false,25000,88753180987850,517138,5,5,1,11,2,0,0,0,0,2566,3300,17,0,77.8,bonus_as10_gae3_no,100,4050000,,,,"{""b0185791"":""4785\/5300@m8""}",3,4,0,0,0,2,0,0,0,246,139,79,53,54,84,17,8,13,1,0,0,false,NORMAL,1,-1,2,V2,3,1,5,3,3,1,0,3_5_fbios_PABUnityIAPiOSDefensiveBase,segment_tag_core_slot_prob_nu_29_06_base1
75460,2026-04-15 02:49:58,4,6,2,steal,spins,goldSack,gold,1,false,100000,88753181087850,517137,5,5,1,11,0,1,0,1,0,2566,3300,17,0,77.8,bonus_as10_gae3_no,100,4050000,,,,,4,4,1,0,1,2,0,0,0,247,139,80,53,55,84,17,8,13,7,6,4,false,NORMAL,3,1,2,V2,3,1,5,4,6,2,0,3_5_fbios_PABUnityIAPiOSDefensiveBase,segment_tag_core_slot_prob_nu_29_06_base1
75461,2026-04-15 02:49:59,3,1,1,attack,coin,coin,gold,1,false,50000,88753181137850,517136,5,5,1,11,1,0,0,0,0,2566,3300,17,0,77.8,bonus_as10_gae3_no,100,4050000,,,,,5,5,1,0,1,2,0,0,0,248,140,80,53,55,84,17,8,13,-1,-1,-1,false,,0,0,0,,-1,-1,-1,-1,-1,-1,0,3_5_fbios_PABUnityIAPiOSDefensiveBase,segment_tag_core_slot_prob_nu_29_06_base1
75462,2026-04-15 02:49:59,30,2,2,accumulation,goldSack,goldSack,gold,1,false,150000,88753181287850,517135,5,5,1,11,0,0,0,0,1,2567,3300,17,1,77.8,bonus_as10_gae3_no,100,4050000,,,,,6,5,1,0,1,3,0,0,0,249,140,80,53,55,85,17,8,13,3,3,8,false,BIG,6,4,2,V2,3,1,5,30,2,2,0,3_5_fbios_PABUnityIAPiOSDefensiveBase,segment_tag_core_slot_prob_nu_29_06_base1
75463,2026-04-15 02:50:01,4,6,2,steal,spins,goldSack,gold,1,false,100000,88753181387850,517134,5,5,1,11,0,1,0,1,0,2567,3300,17,0,77.8,bonus_as10_gae3_no,100,4050000,,,,"{""4f593c8c"":""5342\/8000@m12""}",7,5,2,0,2,3,0,0,0,250,140,81,53,56,85,17,8,13,3,6,4,false,MAX,8,3,5,V2,3,1,5,4,6,2,0,3_5_fbios_PABUnityIAPiOSDefensiveBase,segment_tag_core_slot_prob_nu_29_06_base1
75464,2026-04-15 02:50:02,4,6,2,steal,spins,goldSack,gold,1,false,100000,88753181487850,517133,5,5,1,11,0,1,0,1,0,2567,3300,17,0,77.8,bonus_as10_gae3_no,100,4050000,,,,,8,5,3,0,3,3,0,0,0,251,140,82,53,57,85,17,8,13,3,6,4,false,MAX,8,3,5,V2,3,1,5,4,6,2,0,3_5_fbios_PABUnityIAPiOSDefensiveBase,segment_tag_core_slot_prob_nu_29_06_base1
75465,2026-04-15 02:50:03,5,5,5,shield,shield,shield,shield,3,true,1,88753181487850,517133,5,5,1,11,0,0,3,0,0,2567,3300,17,0,77.8,bonus_as10_gae3_no,100,4050000,,,,"{""b0185791"":""4786\/5300@m8""}",9,5,3,3,3,3,0,0,1,252,140,82,56,57,85,17,8,14,2,2,2,false,BIG,5,0,5,V2,3,1,5,5,5,5,0,3_5_fbios_PABUnityIAPiOSDefensiveBase,segment_tag_core_slot_prob_nu_29_06_base1
75466,2026-04-15 02:50:04,6,6,6,spins,spins,spins,spins,5,true,10,88753181487850,517142,5,5,1,11,0,0,0,3,0,2567,3300,17,0,77.8,bonus_as10_gae3_no,100,4050000,,,,"{""4f593c8c"":""5344\/8000@m12""}",10,5,3,3,6,3,0,0,1,253,140,82,56,60,85,17,8,14,6,6,6,true,BIG,4,-1,5,V2,3,1,5,6,6,6,0,3_5_fbios_PABUnityIAPiOSDefensiveBase,segment_tag_core_slot_prob_nu_29_06_base1
75467,2026-04-15 02:50:06,4,6,2,steal,spins,goldSack,gold,1,false,100000,88753181587850,517141,5,5,1,11,0,1,0,1,0,2567,3300,17,0,77.8,bonus_as10_gae3_no,100,4050000,,,,,11,5,4,3,7,3,0,0,1,1,0,1,0,1,0,0,0,0,3,6,4,false,BIG,5,0,5,V2,3,1,5,4,6,2,0,3_5_fbios_PABUnityIAPiOSDefensiveBase,segment_tag_core_slot_prob_nu_29_06_base1
75468,2026-04-15 02:50:06,3,4,2,attack,steal,goldSack,gold,1,false,100000,88753181687850,517140,5,5,1,11,1,1,0,0,0,2567,3300,17,0,77.8,bonus_as10_gae3_no,100,4050000,,,,,12,6,5,3,7,3,0,0,1,2,1,2,0,1,0,0,0,0,3,4,0,false,MAX,8,4,4,V2,3,1,5,3,4,2,0,3_5_fbios_PABUnityIAPiOSDefensiveBase,segment_tag_core_slot_prob_nu_29_06_base1
75469,2026-04-15 02:50:07,3,1,1,attack,coin,coin,gold,1,false,50000,88753181737850,517139,5,5,1,11,1,0,0,0,0,2567,3300,17,0,77.8,bonus_as10_gae3_no,100,4050000,,,,,13,7,5,3,7,3,0,0,1,3,2,2,0,1,0,0,0,0,1,5,0,false,BIG,4,0,4,V2,3,1,5,3,1,1,0,3_5_fbios_PABUnityIAPiOSDefensiveBase,segment_tag_core_slot_prob_nu_29_06_base1
75470,2026-04-15 02:50:08,3,5,2,attack,shield,goldSack,gold,1,false,100000,88753181837850,517138,5,5,1,11,1,0,1,0,0,2567,3300,17,0,77.8,bonus_as10_gae3_no,100,4050000,,,,"{""4f593c8c"":""5346\/8000@m12""}",14,8,5,4,7,3,0,0,1,4,3,2,1,1,0,0,0,0,7,2,0,false,NORMAL,3,-1,4,V2,3,1,5,3,5,2,0,3_5_fbios_PABUnityIAPiOSDefensiveBase,segment_tag_core_slot_prob_nu_29_06_base1
75471,2026-04-15 02:51:55,2,2,2,goldSack,goldSack,goldSack,gold,1,true,2400000,88753184237850,517137,5,5,1,11,0,0,0,0,0,2567,3300,17,0,77.8,bonus_as10_gae3_no,100,4050000,,,,,15,8,5,4,7,3,0,0,1,5,3,2,1,1,0,0,0,0,7,3,7,false,BIG,6,2,4,V2,3,1,5,2,2,2,0,3_5_fbios_PABUnityIAPiOSDefensiveBase,segment_tag_core_slot_prob_nu_29_06_base1
75472,2026-04-15 02:51:56,4,4,4,steal,steal,steal,steal,4,true,0,88753184237850,517136,5,5,1,11,0,3,0,0,0,2567,3300,17,0,77.8,bonus_as10_gae3_no,100,4050000,,,,,16,8,8,4,7,3,0,1,1,6,3,5,1,1,0,0,1,0,4,4,4,false,SMALL,-1,-5,4,V2,3,1,5,4,4,4,0,3_5_fbios_PABUnityIAPiOSDefensiveBase,segment_tag_core_slot_prob_nu_29_06_base1
75473,2026-04-15 02:52:03,30,2,2,accumulation,goldSack,goldSack,gold,1,false,150000,88753383731850,517135,5,5,1,11,0,0,0,0,1,2568,3300,17,1,77.8,bonus_as10_gae3_no,100,4050000,,,,,17,8,8,4,7,4,0,1,1,7,3,5,1,1,1,0,1,0,3,3,8,false,BIG,7,4,3,V2,3,1,5,30,2,2,0,3_5_fbios_PABUnityIAPiOSDefensiveBase,segment_tag_core_slot_prob_nu_29_06_base1
75474,2026-04-15 02:52:05,30,2,2,accumulation,goldSack,goldSack,gold,1,false,150000,88753383881850,517134,5,5,1,11,0,0,0,0,1,2569,3300,17,1,77.8,bonus_as10_gae3_no,100,4050000,,,,,18,8,8,4,7,5,0,1,1,8,3,5,1,1,2,0,1,0,3,3,8,false,MAX,10,7,3,V2,3,1,5,30,2,2,0,3_5_fbios_PABUnityIAPiOSDefensiveBase,segment_tag_core_slot_prob_nu_29_06_base1
75475,2026-04-15 02:52:06,3,3,1,attack,attack,coin,gold,1,false,25000,88753383906850,517133,5,5,1,11,2,0,0,0,0,2569,3300,17,0,77.8,bonus_as10_gae3_no,100,4050000,,,,,19,10,8,4,7,5,0,1,1,9,5,5,1,1,2,0,1,0,1,0,0,false,NORMAL,2,-1,3,V2,3,1,5,3,3,1,0,3_5_fbios_PABUnityIAPiOSDefensiveBase,segment_tag_core_slot_prob_nu_29_06_base1
75476,2026-04-15 02:52:07,30,30,1,accumulation,accumulation,coin,gold,1,false,25000,88753383931850,517132,5,5,1,11,0,0,0,0,2,2571,3300,17,2,77.9,bonus_as10_gae3_no,100,4050000,,,,,20,10,8,4,7,7,0,1,1,10,5,5,1,1,4,0,1,0,-1,-1,-1,false,,0,0,0,,-1,-1,-1,-1,-1,-1,0,3_5_fbios_PABUnityIAPiOSDefensiveBase,segment_tag_core_slot_prob_nu_29_06_base1
75477,2026-04-15 02:52:08,30,2,2,accumulation,goldSack,goldSack,gold,1,false,150000,88753384081850,517131,5,5,1,11,0,0,0,0,1,2572,3300,17,1,77.9,bonus_as10_gae3_no,100,4050000,,,,"{""4f593c8c"":""5348\/8000@m12"",""b0185791"":""4787\/5300@m8""}",21,10,8,4,7,8,0,1,1,11,5,5,1,1,5,0,1,0,7,3,8,false,MAX,11,7,4,V2,3,1,5,30,2,2,0,3_5_fbios_PABUnityIAPiOSDefensiveBase,segment_tag_core_slot_prob_nu_29_06_base1
75478,2026-04-15 02:52:10,5,5,5,shield,shield,shield,shield,3,true,1,88753384081850,517131,5,5,1,11,0,0,3,0,0,2572,3300,17,0,77.9,bonus_as10_gae3_no,100,4050000,,,,,22,10,8,7,7,8,0,1,2,12,5,5,4,1,5,0,1,1,2,2,2,false,NORMAL,0,-1,1,V2,3,1,5,5,5,5,0,3_5_fbios_PABUnityIAPiOSDefensiveBase,segment_tag_core_slot_prob_nu_29_06_base1
75479,2026-04-15 02:52:11,4,4,4,steal,steal,steal,steal,4,true,0,88753384081850,517130,5,5,1,11,0,3,0,0,0,2572,3300,17,0,77.9,bonus_as10_gae3_no,100,4050000,,,,,23,10,11,7,7,8,0,2,2,13,5,8,4,1,5,0,2,1,4,4,4,false,MIN,-4,-7,3,V2,3,1,5,4,4,4,0,3_5_fbios_PABUnityIAPiOSDefensiveBase,segment_tag_core_slot_prob_nu_29_06_base1
75480,2026-04-15 02:52:17,3,1,1,attack,coin,coin,gold,1,false,50000,88753594966850,517129,5,5,1,11,1,0,0,0,0,2572,3300,17,0,77.9,bonus_as10_gae3_no,100,4050000,,,,,24,11,11,7,7,8,0,2,2,14,6,8,4,1,5,0,2,1,5,1,0,false,NORMAL,2,-1,3,V2,3,1,5,3,1,1,0,3_5_fbios_PABUnityIAPiOSDefensiveBase,segment_tag_core_slot_prob_nu_29_06_base1
75481,2026-04-15 02:52:17,1,6,6,coin,spins,spins,gold,1,false,25000,88753594991850,517128,5,5,1,11,0,0,0,2,0,2572,3300,17,0,77.9,bonus_as10_gae3_no,100,4050000,,,,,25,11,11,7,9,8,0,2,2,15,6,8,4,3,5,0,2,1,-1,-1,-1,false,,0,0,0,,-1,-1,-1,-1,-1,-1,0,3_5_fbios_PABUnityIAPiOSDefensiveBase,segment_tag_core_slot_prob_nu_29_06_base1
75482,2026-04-15 02:52:18,4,6,2,steal,spins,goldSack,gold,1,false,100000,88753595091850,517127,5,5,1,11,0,1,0,1,0,2572,3300,17,0,77.9,bonus_as10_gae3_no,100,4050000,,,,,26,11,12,7,10,8,0,2,2,16,6,9,4,4,5,0,2,1,7,6,4,false,BIG,5,2,3,V2,3,1,5,4,6,2,0,3_5_fbios_PABUnityIAPiOSDefensiveBase,segment_tag_core_slot_prob_nu_29_06_base1
75483,2026-04-15 02:52:19,1,1,1,coin,coin,coin,gold,1,true,250000,88753595341850,517126,5,5,1,11,0,0,0,0,0,2572,3300,17,0,77.9,bonus_as10_gae3_no,100,4050000,,,,"{""b0185791"":""4788\/5300@m8""}",27,11,12,7,10,8,0,2,2,17,6,9,4,4,5,0,2,1,5,5,5,false,NORMAL,1,-2,3,V2,3,1,5,1,1,1,0,3_5_fbios_PABUnityIAPiOSDefensiveBase,segment_tag_core_slot_prob_nu_29_06_base1
75484,2026-04-15 02:52:20,3,3,3,attack,attack,attack,attack,2,true,0,88753595341850,517125,5,5,1,11,3,0,0,0,0,2572,3300,17,0,77.9,bonus_as10_gae3_no,100,4050000,,,,,28,14,12,7,10,8,1,2,2,18,9,9,4,4,5,1,2,1,0,0,0,false,NORMAL,2,-1,3,V2,3,1,5,3,3,3,0,3_5_fbios_PABUnityIAPiOSDefensiveBase,segment_tag_core_slot_prob_nu_29_06_base1
75485,2026-04-15 02:52:27,30,30,1,accumulation,accumulation,coin,gold,1,false,25000,88753757216850,517124,5,5,1,11,0,0,0,0,2,2574,3300,17,2,78.0,bonus_as10_gae3_no,100,4050000,,,,,29,14,12,7,10,10,1,2,2,19,9,9,4,4,7,1,2,1,5,8,8,false,BIG,4,0,4,V2,3,1,5,30,30,1,0,3_5_fbios_PABUnityIAPiOSDefensiveBase,segment_tag_core_slot_prob_nu_29_06_base1
75486,2026-04-15 02:52:28,4,6,2,steal,spins,goldSack,gold,1,false,100000,88753757316850,517123,5,5,1,11,0,1,0,1,0,2574,3300,17,0,78.0,bonus_as10_gae3_no,100,4050000,,,,"{""4f593c8c"":""5350\/8000@m12""}",30,14,13,7,11,10,1,2,2,20,9,10,4,5,7,1,2,1,3,6,4,false,BIG,7,1,6,V2,3,1,5,4,6,2,0,3_5_fbios_PABUnityIAPiOSDefensiveBase,segment_tag_core_slot_prob_nu_29_06_base1
75487,2026-04-15 02:52:29,1,1,1,coin,coin,coin,gold,1,true,250000,88753757566850,517122,5,5,1,11,0,0,0,0,0,2574,3300,17,0,78.0,bonus_as10_gae3_no,100,4050000,,,,,31,14,13,7,11,10,1,2,2,21,9,10,4,5,7,1,2,1,1,1,1,false,SMALL,-1,-4,3,V2,3,1,5,1,1,1,0,3_5_fbios_PABUnityIAPiOSDefensiveBase,segment_tag_core_slot_prob_nu_29_06_base1
75488,2026-04-15 02:52:30,4,6,2,steal,spins,goldSack,gold,1,false,100000,88753757666850,517121,5,5,1,11,0,1,0,1,0,2574,3300,17,0,78.0,bonus_as10_gae3_no,100,4050000,,,,,32,14,14,7,12,10,1,2,2,22,9,11,4,6,7,1,2,1,3,6,4,false,BIG,5,2,3,V2,3,1,5,4,6,2,0,3_5_fbios_PABUnityIAPiOSDefensiveBase,segment_tag_core_slot_prob_nu_29_06_base1
75489,2026-04-15 02:52:31,1,6,6,coin,spins,spins,gold,1,false,25000,88753757691850,517120,5,5,1,11,0,0,0,2,0,2574,3300,17,0,78.0,bonus_as10_gae3_no,100,4050000,,,,,33,14,14,7,14,10,1,2,2,23,9,11,4,8,7,1,2,1,6,6,5,false,BIG,5,2,3,V2,3,1,5,1,6,6,0,3_5_fbios_PABUnityIAPiOSDefensiveBase,segment_tag_core_slot_prob_nu_29_06_base1
75490,2026-04-15 02:52:31,3,1,5,attack,coin,shield,gold,1,false,25000,88753757716850,517119,5,5,1,11,1,0,1,0,0,2574,3300,17,0,78.0,bonus_as10_gae3_no,100,4050000,,,,,34,15,14,8,14,10,1,2,2,24,10,11,5,8,7,1,2,1,2,1,0,false,BIG,6,1,5,V2,3,1,5,3,1,5,0,3_5_fbios_PABUnityIAPiOSDefensiveBase,segment_tag_core_slot_prob_nu_29_06_base1
75491,2026-04-15 02:52:32,3,3,3,attack,attack,attack,attack,2,true,0,88753757716850,517118,5,5,1,11,3,0,0,0,0,2574,3300,17,0,78.0,bonus_as10_gae3_no,100,4050000,,,,"{""b0185791"":""4789\/5300@m8""}",35,18,14,8,14,10,2,2,2,25,13,11,5,8,7,2,2,1,0,0,0,false,NORMAL,3,-2,5,V2,3,1,5,3,3,3,0,3_5_fbios_PABUnityIAPiOSDefensiveBase,segment_tag_core_slot_prob_nu_29_06_base1
75492,2026-04-15 02:52:37,1,1,1,coin,coin,coin,gold,1,true,250000,88753811377350,517117,5,5,1,11,0,0,0,0,0,2574,3300,17,0,78.0,bonus_as10_gae3_no,100,4050000,,,,,36,18,14,8,14,10,2,2,2,26,13,11,5,8,7,2,2,1,1,5,1,false,MIN,-4,-7,3,V2,3,1,5,1,1,1,0,3_5_fbios_PABUnityIAPiOSDefensiveBase,segment_tag_core_slot_prob_nu_29_06_base1
75493,2026-04-15 02:52:38,5,5,5,shield,shield,shield,shield,3,true,1,88753811377350,517117,5,5,1,11,0,0,3,0,0,2574,3300,17,0,78.0,bonus_as10_gae3_no,100,4050000,,,,,37,18,14,11,14,10,2,2,3,27,13,11,8,8,7,2,2,2,-1,-1,-1,false,,0,0,0,,-1,-1,-1,-1,-1,-1,0,3_5_fbios_PABUnityIAPiOSDefensiveBase,segment_tag_core_slot_prob_nu_29_06_base1
75494,2026-04-15 02:52:39,3,5,2,attack,shield,goldSack,gold,1,false,100000,88753811477350,517116,5,5,1,11,1,0,1,0,0,2574,3300,17,0,78.0,bonus_as10_gae3_no,100,4050000,,,,"{""4f593c8c"":""5352\/8000@m12""}",38,19,14,12,14,10,2,2,3,28,14,11,9,8,7,2,2,2,7,2,0,false,NORMAL,1,-2,3,V2,3,1,5,3,5,2,0,3_5_fbios_PABUnityIAPiOSDefensiveBase,segment_tag_core_slot_prob_nu_29_06_base1
75495,2026-04-15 02:52:40,1,4,4,coin,steal,steal,gold,1,false,25000,88753811502350,517115,5,5,1,11,0,2,0,0,0,2574,3300,17,0,78.0,bonus_as10_gae3_no,100,4050000,,,,,39,19,16,12,14,10,2,2,3,29,14,13,9,8,7,2,2,2,4,4,5,false,NORMAL,2,0,2,V2,3,1,5,1,4,4,0,3_5_fbios_PABUnityIAPiOSDefensiveBase,segment_tag_core_slot_prob_nu_29_06_base1
75496,2026-04-15 02:52:41,30,2,2,accumulation,goldSack,goldSack,gold,1,false,150000,88753811652350,517114,5,5,1,11,0,0,0,0,1,2575,3300,17,1,78.0,bonus_as10_gae3_no,100,4050000,,,,,40,19,16,12,14,11,2,2,3,30,14,13,9,8,8,2,2,2,-1,-1,-1,false,,0,0,0,,-1,-1,-1,-1,-1,-1,0,3_5_fbios_PABUnityIAPiOSDefensiveBase,segment_tag_core_slot_prob_nu_29_06_base1
75497,2026-04-15 02:52:42,3,1,1,attack,coin,coin,gold,1,false,50000,88753811702350,517113,5,5,1,11,1,0,0,0,0,2575,3300,17,0,78.0,bonus_as10_gae3_no,100,4050000,,,,,41,20,16,12,14,11,2,2,3,31,15,13,9,8,8,2,2,2,5,1,0,false,NORMAL,2,-1,3,V2,3,1,5,3,1,1,0,3_5_fbios_PABUnityIAPiOSDefensiveBase,segment_tag_core_slot_prob_nu_29_06_base1
75498,2026-04-15 02:52:43,30,30,1,accumulation,accumulation,coin,gold,1,false,25000,88753811727350,517112,5,5,1,11,0,0,0,0,2,2577,3300,17,2,78.1,bonus_as10_gae3_no,100,4050000,,,,"{""4f593c8c"":""5354\/8000@m12""}",42,20,16,12,14,13,2,2,3,32,15,13,9,8,10,2,2,2,1,8,8,false,NORMAL,3,1,2,V2,3,1,5,30,30,1,0,3_5_fbios_PABUnityIAPiOSDefensiveBase,segment_tag_core_slot_prob_nu_29_06_base1
75499,2026-04-15 02:52:45,3,1,1,attack,coin,coin,gold,1,false,50000,88753811777350,517111,5,5,1,11,1,0,0,0,0,2577,3300,17,0,78.1,bonus_as10_gae3_no,100,4050000,,,,,43,21,16,12,14,13,2,2,3,33,16,13,9,8,10,2,2,2,1,1,0,false,NORMAL,3,1,2,V2,3,1,5,3,1,1,0,3_5_fbios_PABUnityIAPiOSDefensiveBase,segment_tag_core_slot_prob_nu_29_06_base1
75500,2026-04-15 02:52:46,3,6,2,attack,spins,goldSack,gold,1,false,100000,88753811877350,517110,5,5,1,11,1,0,0,1,0,2577,3300,17,0,78.1,bonus_as10_gae3_no,100,4050000,,,,"{""b0185791"":""4790\/5300@m8""}",44,22,16,12,15,13,2,2,3,34,17,13,9,9,10,2,2,2,7,6,0,false,NORMAL,0,-1,1,V2,3,1,5,3,6,2,0,3_5_fbios_PABUnityIAPiOSDefensiveBase,segment_tag_core_slot_prob_nu_29_06_base1
75501,2026-04-15 02:52:47,3,4,2,attack,steal,goldSack,gold,1,false,100000,88753811977350,517109,5,5,1,11,1,1,0,0,0,2577,3300,17,0,78.1,bonus_as10_gae3_no,100,4050000,,,,,45,23,17,12,15,13,2,2,3,35,18,14,9,9,10,2,2,2,7,4,0,false,NORMAL,2,1,1,V2,3,1,5,3,4,2,0,3_5_fbios_PABUnityIAPiOSDefensiveBase,segment_tag_core_slot_prob_nu_29_06_base1
75502,2026-04-15 02:52:47,2,2,2,goldSack,goldSack,goldSack,gold,1,true,2400000,88753814377350,517108,5,5,1,11,0,0,0,0,0,2577,3300,17,0,78.1,bonus_as10_gae3_no,100,4050000,,,,,46,23,17,12,15,13,2,2,3,36,18,14,9,9,10,2,2,2,3,3,3,false,BIG,4,3,1,V2,3,1,5,2,2,2,0,3_5_fbios_PABUnityIAPiOSDefensiveBase,segment_tag_core_slot_prob_nu_29_06_base1
75503,2026-04-15 02:52:48,30,2,2,accumulation,goldSack,goldSack,gold,1,false,150000,88753814527350,517107,5,5,1,11,0,0,0,0,1,2578,3300,17,1,78.1,bonus_as10_gae3_no,100,4050000,,,,,47,23,17,12,15,14,2,2,3,37,18,14,9,9,11,2,2,2,-1,-1,-1,false,,0,0,0,,-1,-1,-1,-1,-1,-1,0,3_5_fbios_PABUnityIAPiOSDefensiveBase,segment_tag_core_slot_prob_nu_29_06_base1
75504,2026-04-15 02:52:49,5,5,5,shield,shield,shield,shield,3,true,1,88753814527350,517107,5,5,1,11,0,0,3,0,0,2578,3300,17,0,78.1,bonus_as10_gae3_no,100,4050000,,,,,48,23,17,15,15,14,2,2,4,38,18,14,12,9,11,2,2,3,2,2,2,false,NORMAL,0,-1,1,V2,3,1,5,5,5,5,0,3_5_fbios_PABUnityIAPiOSDefensiveBase,segment_tag_core_slot_prob_nu_29_06_base1
75505,2026-04-15 02:52:50,2,2,2,goldSack,goldSack,goldSack,gold,1,true,2400000,88753816927350,517106,5,5,1,11,0,0,0,0,0,2578,3300,17,0,78.1,bonus_as10_gae3_no,100,4050000,,,,"{""b0185791"":""4791\/5300@m8""}",49,23,17,15,15,14,2,2,4,39,18,14,12,9,11,2,2,3,7,3,7,false,NORMAL,1,-1,2,V2,3,1,5,2,2,2,0,3_5_fbios_PABUnityIAPiOSDefensiveBase,segment_tag_core_slot_prob_nu_29_06_base1
75506,2026-04-15 02:52:51,1,1,1,coin,coin,coin,gold,1,true,250000,88753817177350,517105,5,5,1,11,0,0,0,0,0,2578,3300,17,0,78.1,bonus_as10_gae3_no,100,4050000,,,,,50,23,17,15,15,14,2,2,4,40,18,14,12,9,11,2,2,3,1,1,5,false,NORMAL,3,1,2,V2,3,1,5,1,1,1,0,3_5_fbios_PABUnityIAPiOSDefensiveBase,segment_tag_core_slot_prob_nu_29_06_base1
75507,2026-04-15 02:52:52,30,2,2,accumulation,goldSack,goldSack,gold,1,false,150000,88753817327350,517104,5,5,1,11,0,0,0,0,1,2579,3300,17,1,78.2,bonus_as10_gae3_no,100,4050000,,,,,51,23,17,15,15,15,2,2,4,41,18,14,12,9,12,2,2,3,3,7,8,false,MAX,8,6,2,V2,3,1,5,30,2,2,0,3_5_fbios_PABUnityIAPiOSDefensiveBase,segment_tag_core_slot_prob_nu_29_06_base1
75508,2026-04-15 02:52:53,3,3,3,attack,attack,attack,attack,2,true,0,88753817327350,517103,5,5,1,11,3,0,0,0,0,2579,3300,17,0,78.2,bonus_as10_gae3_no,100,4050000,,,,,52,26,17,15,15,15,3,2,4,42,21,14,12,9,12,3,2,3,0,0,0,false,SMALL,-1,-2,1,V2,3,1,5,3,3,3,0,3_5_fbios_PABUnityIAPiOSDefensiveBase,segment_tag_core_slot_prob_nu_29_06_base1
75509,2026-04-15 02:52:58,1,4,4,coin,steal,steal,gold,1,false,25000,88753870762850,517102,5,5,1,11,0,2,0,0,0,2579,3300,17,0,78.2,bonus_as10_gae3_no,100,4050000,,,,"{""b0185791"":""4792\/5300@m8""}",53,26,19,15,15,15,3,2,4,43,21,16,12,9,12,3,2,3,4,4,5,false,NORMAL,1,0,1,V2,3,1,5,1,4,4,0,3_5_fbios_PABUnityIAPiOSDefensiveBase,segment_tag_core_slot_prob_nu_29_06_base1
75510,2026-04-15 02:52:59,4,4,4,steal,steal,steal,steal,4,true,0,88753870762850,517101,5,5,1,11,0,3,0,0,0,2579,3300,17,0,78.2,bonus_as10_gae3_no,100,4050000,,,,,54,26,22,15,15,15,3,3,4,44,21,19,12,9,12,3,3,3,4,4,4,false,MIN,-3,-4,1,V2,3,1,5,4,4,4,0,3_5_fbios_PABUnityIAPiOSDefensiveBase,segment_tag_core_slot_prob_nu_29_06_base1
75511,2026-04-15 02:53:05,3,1,1,attack,coin,coin,gold,1,false,50000,88754002812850,517100,5,5,1,11,1,0,0,0,0,2579,3300,17,0,78.2,bonus_as10_gae3_no,100,4050000,,,,,55,27,22,15,15,15,3,3,4,45,22,19,12,9,12,3,3,3,1,5,0,false,SMALL,-1,-2,1,V2,3,1,5,3,1,1,0,3_5_fbios_PABUnityIAPiOSDefensiveBase,segment_tag_core_slot_prob_nu_29_06_base1
75512,2026-04-15 02:53:06,30,2,2,accumulation,goldSack,goldSack,gold,1,false,150000,88754002962850,517099,5,5,1,11,0,0,0,0,1,2580,3300,17,1,78.2,bonus_as10_gae3_no,100,4050000,,,,,56,27,22,15,15,16,3,3,4,46,22,19,12,9,13,3,3,3,3,3,8,false,BIG,7,5,2,V2,3,1,5,30,2,2,0,3_5_fbios_PABUnityIAPiOSDefensiveBase,segment_tag_core_slot_prob_nu_29_06_base1
75513,2026-04-15 02:53:07,30,2,2,accumulation,goldSack,goldSack,gold,1,false,150000,88754003112850,517098,5,5,1,11,0,0,0,0,1,2581,3300,17,1,78.2,bonus_as10_gae3_no,100,4050000,,,,,57,27,22,15,15,17,3,3,4,47,22,19,12,9,14,3,3,3,3,7,8,false,MAX,9,8,1,V2,3,1,5,30,2,2,0,3_5_fbios_PABUnityIAPiOSDefensiveBase,segment_tag_core_slot_prob_nu_29_06_base1
75514,2026-04-15 02:53:08,30,2,2,accumulation,goldSack,goldSack,gold,1,false,150000,88754003262850,517097,5,5,1,11,0,0,0,0,1,2582,3300,17,1,78.2,bonus_as10_gae3_no,100,4050000,,,,,58,27,22,15,15,18,3,3,4,48,22,19,12,9,15,3,3,3,7,3,8,false,MAX,10,9,1,V2,3,1,5,30,2,2,0,3_5_fbios_PABUnityIAPiOSDefensiveBase,segment_tag_core_slot_prob_nu_29_06_base1
75515,2026-04-15 02:53:09,30,2,2,accumulation,goldSack,goldSack,gold,1,false,150000,88754003412850,517096,5,5,1,11,0,0,0,0,1,2583,3300,17,1,78.3,bonus_as10_gae3_no,100,4050000,,,,"{""4f593c8c"":""5356\/8000@m12""}",59,27,22,15,15,19,3,3,4,49,22,19,12,9,16,3,3,3,3,3,8,false,BIG,6,5,1,V2,3,1,5,30,2,2,0,3_5_fbios_PABUnityIAPiOSDefensiveBase,segment_tag_core_slot_prob_nu_29_06_base1
75516,2026-04-15 02:53:11,3,1,5,attack,coin,shield,gold,1,false,25000,88754003437850,517095,5,5,1,11,1,0,1,0,0,2583,3300,17,0,78.3,bonus_as10_gae3_no,100,4050000,,,,,60,28,22,16,15,19,3,3,4,50,23,19,13,9,16,3,3,3,2,5,0,false,SMALL,-1,-2,1,V2,3,1,5,3,1,5,0,3_5_fbios_PABUnityIAPiOSDefensiveBase,segment_tag_core_slot_prob_nu_29_06_base1
75517,2026-04-15 02:53:13,3,3,3,attack,attack,attack,attack,2,true,0,88754003437850,517094,5,5,1,11,3,0,0,0,0,2583,3300,17,0,78.3,bonus_as10_gae3_no,100,4050000,,,,"{""4f593c8c"":""5358\/8000@m12""}",61,31,22,16,15,19,4,3,4,51,26,19,13,9,16,4,3,3,0,0,0,false,SMALL,-1,-2,1,V2,3,1,5,3,3,3,0,3_5_fbios_PABUnityIAPiOSDefensiveBase,segment_tag_core_slot_prob_nu_29_06_base1
75518,2026-04-15 02:53:17,3,3,1,attack,attack,coin,gold,1,false,25000,88754056873350,517093,5,5,1,11,2,0,0,0,0,2583,3300,17,0,78.3,bonus_as10_gae3_no,100,4050000,,,,,62,33,22,16,15,19,4,3,4,52,28,19,13,9,16,4,3,3,1,0,0,false,NORMAL,1,0,1,V2,3,1,5,3,3,1,0,3_5_fbios_PABUnityIAPiOSDefensiveBase,segment_tag_core_slot_prob_nu_29_06_base1
75519,2026-04-15 02:53:18,3,3,3,attack,attack,attack,attack,2,true,0,88754056873350,517092,5,5,1,11,3,0,0,0,0,2583,3300,17,0,78.3,bonus_as10_gae3_no,100,4050000,,,,"{""b0185791"":""4793\/5300@m8""}",63,36,22,16,15,19,5,3,4,53,31,19,13,9,16,5,3,3,0,0,0,false,NORMAL,0,-1,1,V2,3,1,5,3,3,3,0,3_5_fbios_PABUnityIAPiOSDefensiveBase,segment_tag_core_slot_prob_nu_29_06_base1
75520,2026-04-15 02:53:23,2,2,2,goldSack,goldSack,goldSack,gold,1,true,2400000,88754112683850,517091,5,5,1,11,0,0,0,0,0,2583,3300,17,0,78.3,bonus_as10_gae3_no,100,4050000,,,,,64,36,22,16,15,19,5,3,4,54,31,19,13,9,16,5,3,3,7,3,3,false,BIG,6,5,1,V2,3,1,5,2,2,2,0,3_5_fbios_PABUnityIAPiOSDefensiveBase,segment_tag_core_slot_prob_nu_29_06_base1
75521,2026-04-15 02:53:24,2,2,2,goldSack,goldSack,goldSack,gold,1,true,2400000,88754115083850,517090,5,5,1,11,0,0,0,0,0,2583,3300,17,0,78.3,bonus_as10_gae3_no,100,4050000,,,,"{""4f593c8c"":""5360\/8000@m12""}",65,36,22,16,15,19,5,3,4,55,31,19,13,9,16,5,3,3,3,7,7,false,NORMAL,3,3,0,V2,3,1,5,2,2,2,0,3_5_fbios_PABUnityIAPiOSDefensiveBase,segment_tag_core_slot_prob_nu_29_06_base1
75522,2026-04-15 02:53:25,3,3,3,attack,attack,attack,attack,2,true,0,88754115083850,517089,5,5,1,11,3,0,0,0,0,2583,3300,17,0,78.3,bonus_as10_gae3_no,100,4050000,,,,,66,39,22,16,15,19,6,3,4,56,34,19,13,9,16,6,3,3,0,0,0,false,SMALL,-1,-2,1,V2,3,1,5,3,3,3,0,3_5_fbios_PABUnityIAPiOSDefensiveBase,segment_tag_core_slot_prob_nu_29_06_base1
75523,2026-04-15 02:53:29,1,1,1,coin,coin,coin,gold,1,true,250000,88754277183850,517088,5,5,1,11,0,0,0,0,0,2583,3300,17,0,78.3,bonus_as10_gae3_no,100,4050000,,,,,67,39,22,16,15,19,6,3,4,57,34,19,13,9,16,6,3,3,5,5,5,false,SMALL,-1,-2,1,V2,3,1,5,1,1,1,0,3_5_fbios_PABUnityIAPiOSDefensiveBase,segment_tag_core_slot_prob_nu_29_06_base1
75524,2026-04-15 02:53:30,30,2,2,accumulation,goldSack,goldSack,gold,1,false,150000,88754277333850,517087,5,5,1,11,0,0,0,0,1,2584,3300,17,1,78.3,bonus_as10_gae3_no,100,4050000,,,,,68,39,22,16,15,20,6,3,4,58,34,19,13,9,17,6,3,3,7,7,8,false,MAX,9,8,1,V2,3,1,5,30,2,2,0,3_5_fbios_PABUnityIAPiOSDefensiveBase,segment_tag_core_slot_prob_nu_29_06_base1
75525,2026-04-15 02:53:31,4,6,2,steal,spins,goldSack,gold,1,false,100000,88754277433850,517086,5,5,1,11,0,1,0,1,0,2584,3300,17,0,78.3,bonus_as10_gae3_no,100,4050000,,,,,69,39,23,16,16,20,6,3,4,59,34,20,13,10,17,6,3,3,7,6,4,false,BIG,4,2,2,V2,3,1,5,4,6,2,0,3_5_fbios_PABUnityIAPiOSDefensiveBase,segment_tag_core_slot_prob_nu_29_06_base1
75526,2026-04-15 02:53:32,4,6,2,steal,spins,goldSack,gold,1,false,100000,88754277533850,517085,5,5,1,11,0,1,0,1,0,2584,3300,17,0,78.3,bonus_as10_gae3_no,100,4050000,,,,"{""b0185791"":""4794\/5300@m8""}",70,39,24,16,17,20,6,3,4,60,34,21,13,11,17,6,3,3,3,6,4,false,BIG,7,2,5,V2,3,1,5,4,6,2,0,3_5_fbios_PABUnityIAPiOSDefensiveBase,segment_tag_core_slot_prob_nu_29_06_base1
75527,2026-04-15 02:53:36,5,2,2,shield,goldSack,goldSack,gold,1,false,60000000,88754337533850,516685,5,5,400,11,0,0,1,0,0,2584,3300,17,0,78.3,bonus_as10_gae3_no,100,4050000,,,,,71,39,24,17,17,20,6,3,4,61,34,21,14,11,17,6,3,3,7,3,2,false,MAX,10,5,5,V2,3,1,5,5,2,2,0,3_5_fbios_PABUnityIAPiOSDefensiveBase,segment_tag_core_slot_prob_nu_29_06_base1
75528,2026-04-15 02:53:37,4,6,2,steal,spins,goldSack,gold,1,false,40000000,88754377533850,516285,5,5,400,11,0,1,0,1,0,2584,3300,17,0,78.3,bonus_as10_gae3_no,100,4050000,,,,,72,39,25,17,18,20,6,3,4,62,34,22,14,12,17,6,3,3,3,6,4,false,BIG,6,1,5,V2,3,1,5,4,6,2,0,3_5_fbios_PABUnityIAPiOSDefensiveBase,segment_tag_core_slot_prob_nu_29_06_base1
75529,2026-04-15 02:53:38,2,2,2,goldSack,goldSack,goldSack,gold,1,true,960000000,88755337533850,515885,5,5,400,11,0,0,0,0,0,2584,3300,17,0,78.3,bonus_as10_gae3_no,100,4050000,,,,,73,39,25,17,18,20,6,3,4,63,34,22,14,12,17,6,3,3,7,7,7,false,MAX,8,3,5,V2,3,1,5,2,2,2,0,3_5_fbios_PABUnityIAPiOSDefensiveBase,segment_tag_core_slot_prob_nu_29_06_base1
75530,2026-04-15 02:53:40,1,6,6,coin,spins,spins,gold,1,false,10000000,88755347533850,515485,5,5,400,11,0,0,0,2,0,2584,3300,17,0,78.3,bonus_as10_gae3_no,100,4050000,,,,,74,39,25,17,20,20,6,3,4,64,34,22,14,14,17,6,3,3,6,6,5,false,MAX,8,3,5,V2,3,1,5,1,6,6,0,3_5_fbios_PABUnityIAPiOSDefensiveBase,segment_tag_core_slot_prob_nu_29_06_base1
75531,2026-04-15 02:53:42,2,2,2,goldSack,goldSack,goldSack,gold,1,true,960000000,88756307533850,515085,5,5,400,11,0,0,0,0,0,2584,3300,17,0,78.3,bonus_as10_gae3_no,100,4050000,,,,"{""b0185791"":""5194\/5300@m8""}",75,39,25,17,20,20,6,3,4,65,34,22,14,14,17,6,3,3,7,7,7,false,MAX,8,3,5,V2,3,1,5,2,2,2,0,3_5_fbios_PABUnityIAPiOSDefensiveBase,segment_tag_core_slot_prob_nu_29_06_base1
75532,2026-04-15 02:53:44,1,4,5,coin,steal,shield,gold,1,false,37500000,88756345033850,513585,5,5,1500,11,0,1,1,0,0,2584,3300,17,0,78.3,bonus_as10_gae3_no,100,4050000,,,,,76,39,26,18,20,20,6,3,4,66,34,23,15,14,17,6,3,3,2,4,5,false,BIG,7,2,5,V2,3,1,5,1,4,5,0,3_5_fbios_PABUnityIAPiOSDefensiveBase,segment_tag_core_slot_prob_nu_29_06_base1
75533,2026-04-15 02:53:46,3,6,2,attack,spins,goldSack,gold,1,false,150000000,88756495033850,512085,5,5,1500,11,1,0,0,1,0,2584,3300,17,0,78.3,bonus_as10_gae3_no,100,4050000,,,,"{""4f593c8c"":""360\/10000@m13""}",77,40,26,18,21,20,6,3,4,67,35,23,15,15,17,6,3,3,3,6,0,false,BIG,6,1,5,V2,3,1,5,3,6,2,0,3_5_fbios_PABUnityIAPiOSDefensiveBase,segment_tag_core_slot_prob_nu_29_06_base1
75534,2026-04-15 02:53:49,1,1,6,coin,coin,spins,gold,1,false,75000000,88756570033850,510585,5,5,1500,11,0,0,0,1,0,2584,3300,17,0,78.3,bonus_as10_gae3_no,100,4050000,,,,,78,40,26,18,22,20,6,3,4,68,35,23,15,16,17,6,3,3,6,1,1,false,NORMAL,0,-2,2,V2,3,1,5,1,1,6,0,3_5_fbios_PABUnityIAPiOSDefensiveBase,segment_tag_core_slot_prob_nu_29_06_base1
75535,2026-04-15 02:53:50,3,4,2,attack,steal,goldSack,gold,1,false,150000000,88756720033850,509085,5,5,1500,11,1,1,0,0,0,2584,3300,17,0,78.3,bonus_as10_gae3_no,100,4050000,,,,,79,41,27,18,22,20,6,3,4,69,36,24,15,16,17,6,3,3,3,4,0,false,BIG,4,3,1,V2,3,1,5,3,4,2,0,3_5_fbios_PABUnityIAPiOSDefensiveBase,segment_tag_core_slot_prob_nu_29_06_base1
75536,2026-04-15 02:53:52,2,2,2,goldSack,goldSack,goldSack,gold,1,true,3600000000,88760320033850,507585,5,5,1500,11,0,0,0,0,0,2584,3300,17,0,78.3,bonus_as10_gae3_no,100,4050000,,,,,80,41,27,18,22,20,6,3,4,70,36,24,15,16,17,6,3,3,3,3,7,false,SMALL,-1,1,-2,V2,3,1,5,2,2,2,0,3_5_fbios_PABUnityIAPiOSDefensiveBase,segment_tag_core_slot_prob_nu_29_06_base1
75537,2026-04-15 02:53:54,1,1,1,coin,coin,coin,gold,1,true,375000000,88760695033850,506085,5,5,1500,11,0,0,0,0,0,2584,3300,17,0,78.3,bonus_as10_gae3_no,100,4050000,,,,,81,41,27,18,22,20,6,3,4,71,36,24,15,16,17,6,3,3,1,5,5,false,SMALL,-1,-1,0,V2,3,1,5,1,1,1,0,3_5_fbios_PABUnityIAPiOSDefensiveBase,segment_tag_core_slot_prob_nu_29_06_base1
75538,2026-04-15 02:53:56,1,1,1,coin,coin,coin,gold,1,true,375000000,88761070033850,504585,5,5,1500,11,0,0,0,0,0,2584,3300,17,0,78.3,bonus_as10_gae3_no,100,4050000,,,,,82,41,27,18,22,20,6,3,4,72,36,24,15,16,17,6,3,3,5,5,5,false,SMALL,-1,0,-1,V2,3,1,5,1,1,1,0,3_5_fbios_PABUnityIAPiOSDefensiveBase,segment_tag_core_slot_prob_nu_29_06_base1
75539,2026-04-15 02:53:57,3,4,2,attack,steal,goldSack,gold,1,false,150000000,88761220033850,503085,5,5,1500,11,1,1,0,0,0,2584,3300,17,0,78.3,bonus_as10_gae3_no,100,4050000,,,,,83,42,28,18,22,20,6,3,4,73,37,25,15,16,17,6,3,3,3,4,0,false,NORMAL,2,3,-1,V2,3,1,5,3,4,2,0,3_5_fbios_PABUnityIAPiOSDefensiveBase,segment_tag_core_slot_prob_nu_29_06_base1
75540,2026-04-15 02:53:59,2,2,2,goldSack,goldSack,goldSack,gold,1,true,3600000000,88764820033850,501585,5,5,1500,11,0,0,0,0,0,2584,3300,17,0,78.3,bonus_as10_gae3_no,100,4050000,,,,"{""b0185791"":""1394\/5300@m9""}",84,42,28,18,22,20,6,3,4,74,37,25,15,16,17,6,3,3,7,3,3,false,BIG,4,5,-1,V2,3,1,5,2,2,2,0,3_5_fbios_PABUnityIAPiOSDefensiveBase,segment_tag_core_slot_prob_nu_29_06_base1
75541,2026-04-15 02:54:02,3,3,2,attack,attack,goldSack,gold,1,false,150000000,88764970033850,500085,5,5,1500,11,2,0,0,0,0,2584,3300,17,0,78.3,bonus_as10_gae3_no,100,4050000,,,,,85,44,28,18,22,20,6,3,4,75,39,25,15,16,17,6,3,3,3,0,0,false,NORMAL,0,1,-1,V2,3,1,5,3,3,2,0,3_5_fbios_PABUnityIAPiOSDefensiveBase,segment_tag_core_slot_prob_nu_29_06_base1
75542,2026-04-15 02:54:04,6,6,6,spins,spins,spins,spins,5,true,15000,88764970033850,513585,5,5,1500,11,0,0,0,3,0,2584,3300,17,0,78.3,bonus_as10_gae3_no,100,4050000,,,,,86,44,28,18,25,20,6,3,4,76,39,25,15,19,17,6,3,3,6,6,6,true,SMALL,-1,0,-1,V2,3,1,5,6,6,6,0,3_5_fbios_PABUnityIAPiOSDefensiveBase,segment_tag_core_slot_prob_nu_29_06_base1
75543,2026-04-15 02:54:09,3,4,2,attack,steal,goldSack,gold,1,false,100000,88764970133850,513584,5,5,1,11,1,1,0,0,0,2584,3300,17,0,78.3,bonus_as10_gae3_no,100,4050000,,,,,87,45,29,18,25,20,6,3,4,1,1,1,0,0,0,0,0,0,3,4,0,false,NORMAL,1,2,-1,V2,3,1,5,3,4,2,0,3_5_fbios_PABUnityIAPiOSDefensiveBase,segment_tag_core_slot_prob_nu_29_06_base1
75544,2026-04-15 02:54:10,3,3,2,attack,attack,goldSack,gold,1,false,100000,88764970233850,513583,5,5,1,11,2,0,0,0,0,2584,3300,17,0,78.3,bonus_as10_gae3_no,100,4050000,,,,,88,47,29,18,25,20,6,3,4,2,3,1,0,0,0,0,0,0,7,0,0,false,SMALL,-1,-1,0,V2,3,1,5,3,3,2,0,3_5_fbios_PABUnityIAPiOSDefensiveBase,segment_tag_core_slot_prob_nu_29_06_base1
75545,2026-04-15 02:54:10,1,1,6,coin,coin,spins,gold,1,false,50000,88764970283850,513582,5,5,1,11,0,0,0,1,0,2584,3300,17,0,78.3,bonus_as10_gae3_no,100,4050000,,,,,89,47,29,18,26,20,6,3,4,3,3,1,0,1,0,0,0,0,6,5,1,false,MIN,-9,-7,-2,V2,3,1,5,1,1,6,0,3_5_fbios_PABUnityIAPiOSDefensiveBase,segment_tag_core_slot_prob_nu_29_06_base1
75546,2026-04-15 02:54:11,30,30,3,accumulation,accumulation,attack,gold,6,false,0,88764970283850,513581,5,5,1,11,1,0,0,0,2,2586,3300,17,2,78.4,bonus_as10_gae3_no,100,4050000,,,,,90,48,29,18,26,22,6,3,4,4,4,1,0,1,2,0,0,0,-1,-1,-1,false,,0,0,0,,-1,-1,-1,-1,-1,-1,0,3_5_fbios_PABUnityIAPiOSDefensiveBase,segment_tag_core_slot_prob_nu_29_06_base1
75547,2026-04-15 02:54:12,1,4,4,coin,steal,steal,gold,1,false,25000,88764970308850,513580,5,5,1,11,0,2,0,0,0,2586,3300,17,0,78.4,bonus_as10_gae3_no,100,4050000,,,,,91,48,31,18,26,22,6,3,4,5,4,3,0,1,2,0,0,0,4,4,5,false,SMALL,-2,0,-2,V2,3,1,5,1,4,4,0,3_5_fbios_PABUnityIAPiOSDefensiveBase,segment_tag_core_slot_prob_nu_29_06_base1
75548,2026-04-15 02:54:13,30,30,3,accumulation,accumulation,attack,gold,6,false,0,88764970308850,513579,5,5,1,11,1,0,0,0,2,2588,3300,17,2,78.4,bonus_as10_gae3_no,100,4050000,,,,,92,49,31,18,26,24,6,3,4,6,5,3,0,1,4,0,0,0,0,8,8,false,SMALL,-2,0,-2,V2,3,1,5,30,30,3,0,3_5_fbios_PABUnityIAPiOSDefensiveBase,segment_tag_core_slot_prob_nu_29_06_base1
75549,2026-04-15 02:54:15,1,1,1,coin,coin,coin,gold,1,true,250000,88764970558850,513578,5,5,1,11,0,0,0,0,0,2588,3300,17,0,78.4,bonus_as10_gae3_no,100,4050000,,,,"{""b0185791"":""1395\/5300@m9""}",93,49,31,18,26,24,6,3,4,7,5,3,0,1,4,0,0,0,1,1,1,false,MIN,-6,-4,-2,V2,3,1,5,1,1,1,0,3_5_fbios_PABUnityIAPiOSDefensiveBase,segment_tag_core_slot_prob_nu_29_06_base1
75550,2026-04-15 02:54:16,5,5,5,shield,shield,shield,shield,3,true,1,88764970558850,513578,5,5,1,11,0,0,3,0,0,2588,3300,17,0,78.4,bonus_as10_gae3_no,100,4050000,,,,,94,49,31,21,26,24,6,3,5,8,5,3,3,1,4,0,0,1,2,2,2,false,MIN,-3,-1,-2,V2,3,1,5,5,5,5,0,3_5_fbios_PABUnityIAPiOSDefensiveBase,segment_tag_core_slot_prob_nu_29_06_base1
75551,2026-04-15 02:54:17,3,1,5,attack,coin,shield,gold,1,false,25000,88764970583850,513577,5,5,1,11,1,0,1,0,0,2588,3300,17,0,78.4,bonus_as10_gae3_no,100,4050000,,,,"{""4f593c8c"":""362\/10000@m13""}",95,50,31,22,26,24,6,3,5,9,6,3,4,1,4,0,0,1,2,1,0,false,MIN,-3,-1,-2,V2,3,1,5,3,1,5,0,3_5_fbios_PABUnityIAPiOSDefensiveBase,segment_tag_core_slot_prob_nu_29_06_base1
75552,2026-04-15 02:54:18,30,2,2,accumulation,goldSack,goldSack,gold,1,false,150000,88764970733850,513576,5,5,1,11,0,0,0,0,1,2589,3300,17,1,78.5,bonus_as10_gae3_no,100,4050000,,,,,96,50,31,22,26,25,6,3,5,10,6,3,4,1,5,0,0,1,7,3,8,false,BIG,7,6,1,V2,3,1,5,30,2,2,0,3_5_fbios_PABUnityIAPiOSDefensiveBase,segment_tag_core_slot_prob_nu_29_06_base1
75553,2026-04-15 02:54:19,1,4,5,coin,steal,shield,gold,1,false,25000,88764970758850,513575,5,5,1,11,0,1,1,0,0,2589,3300,17,0,78.5,bonus_as10_gae3_no,100,4050000,,,,,97,50,32,23,26,25,6,3,5,11,6,4,5,1,5,0,0,1,2,4,5,false,BIG,4,3,1,V2,3,1,5,1,4,5,0,3_5_fbios_PABUnityIAPiOSDefensiveBase,segment_tag_core_slot_prob_nu_29_06_base1
75554,2026-04-15 02:54:20,30,30,1,accumulation,accumulation,coin,gold,1,false,25000,88764970783850,513574,5,5,1,11,0,0,0,0,2,2591,3300,17,2,78.5,bonus_as10_gae3_no,100,4050000,,,,,98,50,32,23,26,27,6,3,5,12,6,4,5,1,7,0,0,1,5,8,8,false,NORMAL,0,-1,1,V2,3,1,5,30,30,1,0,3_5_fbios_PABUnityIAPiOSDefensiveBase,segment_tag_core_slot_prob_nu_29_06_base1
75555,2026-04-15 02:54:22,1,6,6,coin,spins,spins,gold,1,false,25000,88764970808850,513573,5,5,1,11,0,0,0,2,0,2591,3300,17,0,78.5,bonus_as10_gae3_no,100,4050000,,,,,99,50,32,23,28,27,6,3,5,13,6,4,5,3,7,0,0,1,6,6,5,false,BIG,4,3,1,V2,3,1,5,1,6,6,0,3_5_fbios_PABUnityIAPiOSDefensiveBase,segment_tag_core_slot_prob_nu_29_06_base1
75556,2026-04-15 02:54:22,30,30,1,accumulation,accumulation,coin,gold,1,false,25000,88764970833850,513572,5,5,1,11,0,0,0,0,2,2593,3300,17,2,78.6,bonus_as10_gae3_no,100,4050000,,,,,100,50,32,23,28,29,6,3,5,14,6,4,5,3,9,0,0,1,1,8,8,false,NORMAL,2,1,1,V2,3,1,5,30,30,1,0,3_5_fbios_PABUnityIAPiOSDefensiveBase,segment_tag_core_slot_prob_nu_29_06_base1
75557,2026-04-15 02:54:24,3,4,2,attack,steal,goldSack,gold,1,false,100000,88764970933850,513571,5,5,1,11,1,1,0,0,0,2593,3300,17,0,78.6,bonus_as10_gae3_no,100,4050000,,,,,101,51,33,23,28,29,6,3,5,15,7,5,5,3,9,0,0,1,3,4,0,false,BIG,4,3,1,V2,3,1,5,3,4,2,0,3_5_fbios_PABUnityIAPiOSDefensiveBase,segment_tag_core_slot_prob_nu_29_06_base1
75558,2026-04-15 02:54:25,1,5,5,coin,shield,shield,gold,1,false,25000,88764970958850,513570,5,5,1,11,0,0,2,0,0,2593,3300,17,0,78.6,bonus_as10_gae3_no,100,4050000,,,,,102,51,33,25,28,29,6,3,5,16,7,5,7,3,9,0,0,1,2,2,5,false,NORMAL,1,0,1,V2,3,1,5,1,5,5,0,3_5_fbios_PABUnityIAPiOSDefensiveBase,segment_tag_core_slot_prob_nu_29_06_base1
75559,2026-04-15 02:54:26,30,2,2,accumulation,goldSack,goldSack,gold,1,false,150000,88764971108850,513569,5,5,1,11,0,0,0,0,1,2594,3300,17,1,78.6,bonus_as10_gae3_no,100,4050000,,,,"{""b0185791"":""1396\/5300@m9""}",103,51,33,25,28,30,6,3,5,17,7,5,7,3,10,0,0,1,3,7,8,false,BIG,7,5,2,V2,3,1,5,30,2,2,0,3_5_fbios_PABUnityIAPiOSDefensiveBase,segment_tag_core_slot_prob_nu_29_06_base1
75560,2026-04-15 02:54:27,30,2,2,accumulation,goldSack,goldSack,gold,1,false,150000,88764971258850,513568,5,5,1,11,0,0,0,0,1,2595,3300,17,1,78.6,bonus_as10_gae3_no,100,4050000,,,,,104,51,33,25,28,31,6,3,5,18,7,5,7,3,11,0,0,1,3,7,8,false,MAX,10,9,1,V2,3,1,5,30,2,2,0,3_5_fbios_PABUnityIAPiOSDefensiveBase,segment_tag_core_slot_prob_nu_29_06_base1
75561,2026-04-15 02:54:28,1,6,6,coin,spins,spins,gold,1,false,25000,88764971283850,513567,5,5,1,11,0,0,0,2,0,2595,3300,17,0,78.6,bonus_as10_gae3_no,100,4050000,,,,,105,51,33,25,30,31,6,3,5,19,7,5,7,5,11,0,0,1,6,6,5,false,NORMAL,3,3,0,V2,3,1,5,1,6,6,0,3_5_fbios_PABUnityIAPiOSDefensiveBase,segment_tag_core_slot_prob_nu_29_06_base1
75562,2026-04-15 02:54:29,3,1,5,attack,coin,shield,gold,1,false,25000,88764971308850,513566,5,5,1,11,1,0,1,0,0,2595,3300,17,0,78.6,bonus_as10_gae3_no,100,4050000,,,,"{""4f593c8c"":""364\/10000@m13""}",106,52,33,26,30,31,6,3,5,20,8,5,8,5,11,0,0,1,2,1,0,false,NORMAL,0,0,0,V2,3,1,5,3,1,5,0,3_5_fbios_PABUnityIAPiOSDefensiveBase,segment_tag_core_slot_prob_nu_29_06_base1
75563,2026-04-15 02:54:30,3,3,3,attack,attack,attack,attack,2,true,0,88764971308850,513565,5,5,1,11,3,0,0,0,0,2595,3300,17,0,78.6,bonus_as10_gae3_no,100,4050000,,,,"{""b0185791"":""1397\/5300@m9""}",107,55,33,26,30,31,7,3,5,21,11,5,8,5,11,1,0,1,0,0,0,false,SMALL,-2,-2,0,V2,3,1,5,3,3,3,0,3_5_fbios_PABUnityIAPiOSDefensiveBase,segment_tag_core_slot_prob_nu_29_06_base1
75564,2026-04-15 02:54:35,1,1,6,coin,coin,spins,gold,1,false,50000,88765133208850,513564,5,5,1,11,0,0,0,1,0,2595,3300,17,0,78.6,bonus_as10_gae3_no,100,4050000,,,,,108,55,33,26,31,31,7,3,5,22,11,5,8,6,11,1,0,1,6,1,1,false,MIN,-5,-2,-3,V2,3,1,5,1,1,6,0,3_5_fbios_PABUnityIAPiOSDefensiveBase,segment_tag_core_slot_prob_nu_29_06_base1
75565,2026-04-15 02:54:36,30,2,2,accumulation,goldSack,goldSack,gold,1,false,150000,88765133358850,513563,5,5,1,11,0,0,0,0,1,2596,3300,17,1,78.7,bonus_as10_gae3_no,100,4050000,,,,,109,55,33,26,31,32,7,3,5,23,11,5,8,6,12,1,0,1,3,3,8,false,NORMAL,1,4,-3,V2,3,1,5,30,2,2,0,3_5_fbios_PABUnityIAPiOSDefensiveBase,segment_tag_core_slot_prob_nu_29_06_base1
75566,2026-04-15 02:54:36,4,4,4,steal,steal,steal,steal,4,true,0,88765133358850,513562,5,5,1,11,0,3,0,0,0,2596,3300,17,0,78.7,bonus_as10_gae3_no,100,4050000,,,,,110,55,36,26,31,32,7,4,5,24,11,8,8,6,12,1,1,1,4,4,4,false,MIN,-7,-5,-2,V2,3,1,5,4,4,4,0,3_5_fbios_PABUnityIAPiOSDefensiveBase,segment_tag_core_slot_prob_nu_29_06_base1
75567,2026-04-15 02:54:42,3,4,2,attack,steal,goldSack,gold,1,false,100000,88765322458850,513561,5,5,1,11,1,1,0,0,0,2596,3300,17,0,78.7,bonus_as10_gae3_no,100,4050000,,,,,111,56,37,26,31,32,7,4,5,25,12,9,8,6,12,1,1,1,3,4,0,false,NORMAL,3,3,0,V2,3,1,5,3,4,2,0,3_5_fbios_PABUnityIAPiOSDefensiveBase,segment_tag_core_slot_prob_nu_29_06_base1
75568,2026-04-15 02:54:42,1,4,6,coin,steal,spins,gold,1,false,25000,88765322483850,513560,5,5,1,11,0,1,0,1,0,2596,3300,17,0,78.7,bonus_as10_gae3_no,100,4050000,,,,,112,56,38,26,32,32,7,4,5,26,12,10,8,7,12,1,1,1,-1,-1,-1,false,,0,0,0,,-1,-1,-1,-1,-1,-1,0,3_5_fbios_PABUnityIAPiOSDefensiveBase,segment_tag_core_slot_prob_nu_29_06_base1
75569,2026-04-15 02:54:43,3,3,2,attack,attack,goldSack,gold,1,false,100000,88765322583850,513559,5,5,1,11,2,0,0,0,0,2596,3300,17,0,78.7,bonus_as10_gae3_no,100,4050000,,,,,113,58,38,26,32,32,7,4,5,27,14,10,8,7,12,1,1,1,3,0,0,false,BIG,4,4,0,V2,3,1,5,3,3,2,0,3_5_fbios_PABUnityIAPiOSDefensiveBase,segment_tag_core_slot_prob_nu_29_06_base1
75570,2026-04-15 02:54:44,1,1,6,coin,coin,spins,gold,1,false,50000,88765322633850,513558,5,5,1,11,0,0,0,1,0,2596,3300,17,0,78.7,bonus_as10_gae3_no,100,4050000,,,,,114,58,38,26,33,32,7,4,5,28,14,10,8,8,12,1,1,1,6,5,1,false,MIN,-9,-7,-2,V2,3,1,5,1,1,6,0,3_5_fbios_PABUnityIAPiOSDefensiveBase,segment_tag_core_slot_prob_nu_29_06_base1
75571,2026-04-15 02:54:44,30,2,2,accumulation,goldSack,goldSack,gold,1,false,150000,88765322783850,513557,5,5,1,11,0,0,0,0,1,2597,3300,17,1,78.7,bonus_as10_gae3_no,100,4050000,,,,,115,58,38,26,33,33,7,4,5,29,14,10,8,8,13,1,1,1,7,7,8,false,BIG,6,8,-2,V2,3,1,5,30,2,2,0,3_5_fbios_PABUnityIAPiOSDefensiveBase,segment_tag_core_slot_prob_nu_29_06_base1
75572,2026-04-15 02:54:46,30,2,2,accumulation,goldSack,goldSack,gold,1,false,150000,88765322933850,513556,5,5,1,11,0,0,0,0,1,2598,3300,17,1,78.7,bonus_as10_gae3_no,100,4050000,,,,,116,58,38,26,33,34,7,4,5,30,14,10,8,8,14,1,1,1,7,3,8,false,MAX,8,10,-2,V2,3,1,5,30,2,2,0,3_5_fbios_PABUnityIAPiOSDefensiveBase,segment_tag_core_slot_prob_nu_29_06_base1
75573,2026-04-15 02:54:47,1,4,4,coin,steal,steal,gold,1,false,25000,88765322958850,513555,5,5,1,11,0,2,0,0,0,2598,3300,17,0,78.7,bonus_as10_gae3_no,100,4050000,,,,,117,58,40,26,33,34,7,4,5,31,14,12,8,8,14,1,1,1,4,4,1,false,MIN,-6,-4,-2,V2,3,1,5,1,4,4,0,3_5_fbios_PABUnityIAPiOSDefensiveBase,segment_tag_core_slot_prob_nu_29_06_base1
75574,2026-04-15 02:54:48,5,5,5,shield,shield,shield,shield,3,true,1,88765322958850,513555,5,5,1,11,0,0,3,0,0,2598,3300,17,0,78.7,bonus_as10_gae3_no,100,4050000,,,,,118,58,40,29,33,34,7,4,6,32,14,12,11,8,14,1,1,2,2,2,2,false,MIN,-3,-1,-2,V2,3,1,5,5,5,5,0,3_5_fbios_PABUnityIAPiOSDefensiveBase,segment_tag_core_slot_prob_nu_29_06_base1
75575,2026-04-15 02:54:49,3,4,2,attack,steal,goldSack,gold,1,false,100000,88765323058850,513554,5,5,1,11,1,1,0,0,0,2598,3300,17,0,78.7,bonus_as10_gae3_no,100,4050000,,,,"{""b0185791"":""1398\/5300@m9""}",119,59,41,29,33,34,7,4,6,33,15,13,11,8,14,1,1,2,7,4,0,false,MIN,-5,-3,-2,V2,3,1,5,3,4,2,0,3_5_fbios_PABUnityIAPiOSDefensiveBase,segment_tag_core_slot_prob_nu_29_06_base1
75576,2026-04-15 02:54:50,30,2,2,accumulation,goldSack,goldSack,gold,1,false,150000,88765323208850,513553,5,5,1,11,0,0,0,0,1,2599,3300,17,1,78.8,bonus_as10_gae3_no,100,4050000,,,,,120,59,41,29,33,35,7,4,6,34,15,13,11,8,15,1,1,2,3,7,8,false,BIG,6,6,0,V2,3,1,5,30,2,2,0,3_5_fbios_PABUnityIAPiOSDefensiveBase,segment_tag_core_slot_prob_nu_29_06_base1
75577,2026-04-15 02:54:51,3,6,2,attack,spins,goldSack,gold,1,false,100000,88765323308850,513552,5,5,1,11,1,0,0,1,0,2599,3300,17,0,78.8,bonus_as10_gae3_no,100,4050000,,,,,121,60,41,29,34,35,7,4,6,35,16,13,11,9,15,1,1,2,3,6,0,false,NORMAL,3,3,0,V2,3,1,5,3,6,2,0,3_5_fbios_PABUnityIAPiOSDefensiveBase,segment_tag_core_slot_prob_nu_29_06_base1
75578,2026-04-15 02:54:53,1,1,6,coin,coin,spins,gold,1,false,50000,88765323358850,513551,5,5,1,11,0,0,0,1,0,2599,3300,17,0,78.8,bonus_as10_gae3_no,100,4050000,,,,,122,60,41,29,35,35,7,4,6,36,16,13,11,10,15,1,1,2,6,5,1,false,MIN,-9,-7,-2,V2,3,1,5,1,1,6,0,3_5_fbios_PABUnityIAPiOSDefensiveBase,segment_tag_core_slot_prob_nu_29_06_base1
75579,2026-04-15 02:54:55,1,4,5,coin,steal,shield,gold,1,false,25000,88765323383850,513550,5,5,1,11,0,1,1,0,0,2599,3300,17,0,78.8,bonus_as10_gae3_no,100,4050000,,,,"{""4f593c8c"":""366\/10000@m13""}",123,60,42,30,35,35,7,4,6,37,16,14,12,10,15,1,1,2,2,4,5,false,NORMAL,0,2,-2,V2,3,1,5,1,4,5,0,3_5_fbios_PABUnityIAPiOSDefensiveBase,segment_tag_core_slot_prob_nu_29_06_base1
75580,2026-04-15 02:54:56,1,4,5,coin,steal,shield,gold,1,false,25000,88765323408850,513549,5,5,1,11,0,1,1,0,0,2599,3300,17,0,78.8,bonus_as10_gae3_no,100,4050000,,,,,124,60,43,31,35,35,7,4,6,38,16,15,13,10,15,1,1,2,2,4,1,false,MIN,-4,-2,-2,V2,3,1,5,1,4,5,0,3_5_fbios_PABUnityIAPiOSDefensiveBase,segment_tag_core_slot_prob_nu_29_06_base1
75581,2026-04-15 02:54:58,1,1,1,coin,coin,coin,gold,1,true,250000,88765323658850,513548,5,5,1,11,0,0,0,0,0,2599,3300,17,0,78.8,bonus_as10_gae3_no,100,4050000,,,,"{""b0185791"":""1399\/5300@m9""}",125,60,43,31,35,35,7,4,6,39,16,15,13,10,15,1,1,2,1,1,1,false,MIN,-6,-4,-2,V2,3,1,5,1,1,1,0,3_5_fbios_PABUnityIAPiOSDefensiveBase,segment_tag_core_slot_prob_nu_29_06_base1
75582,2026-04-15 02:54:59,1,1,1,coin,coin,coin,gold,1,true,250000,88765323908850,513547,5,5,1,11,0,0,0,0,0,2599,3300,17,0,78.8,bonus_as10_gae3_no,100,4050000,,,,,126,60,43,31,35,35,7,4,6,40,16,15,13,10,15,1,1,2,5,1,1,false,MIN,-5,-3,-2,V2,3,1,5,1,1,1,0,3_5_fbios_PABUnityIAPiOSDefensiveBase,segment_tag_core_slot_prob_nu_29_06_base1
75583,2026-04-15 02:55:00,30,2,2,accumulation,goldSack,goldSack,gold,1,false,150000,88765324058850,513546,5,5,1,11,0,0,0,0,1,2600,3300,17,1,78.8,bonus_as10_gae3_no,100,4050000,,,,,127,60,43,31,35,36,7,4,6,41,16,15,13,10,16,1,1,2,3,3,8,false,NORMAL,2,4,-2,V2,3,1,5,30,2,2,0,3_5_fbios_PABUnityIAPiOSDefensiveBase,segment_tag_core_slot_prob_nu_29_06_base1
75584,2026-04-15 02:55:01,30,2,2,accumulation,goldSack,goldSack,gold,1,false,150000,88765324208850,513545,5,5,1,11,0,0,0,0,1,2601,3300,17,1,78.8,bonus_as10_gae3_no,100,4050000,,,,,128,60,43,31,35,37,7,4,6,42,16,15,13,10,17,1,1,2,3,3,8,false,BIG,4,6,-2,V2,3,1,5,30,2,2,0,3_5_fbios_PABUnityIAPiOSDefensiveBase,segment_tag_core_slot_prob_nu_29_06_base1
75585,2026-04-15 02:55:04,1,4,4,coin,steal,steal,gold,1,false,25000,88765324233850,513544,5,5,1,11,0,2,0,0,0,2601,3300,17,0,78.8,bonus_as10_gae3_no,100,4050000,,,,,129,60,45,31,35,37,7,4,6,43,16,17,13,10,17,1,1,2,4,4,1,false,MIN,-7,-4,-3,V2,3,1,5,1,4,4,0,3_5_fbios_PABUnityIAPiOSDefensiveBase,segment_tag_core_slot_prob_nu_29_06_base1
75586,2026-04-15 02:55:08,3,3,3,attack,attack,attack,attack,2,true,0,88765324233850,513543,5,5,1,11,3,0,0,0,0,2601,3300,17,0,78.8,bonus_as10_gae3_no,100,4050000,,,,,130,63,45,31,35,37,8,4,6,44,19,17,13,10,17,2,1,2,0,0,0,false,MIN,-5,-2,-3,V2,3,1,5,3,3,3,0,3_5_fbios_PABUnityIAPiOSDefensiveBase,segment_tag_core_slot_prob_nu_29_06_base1
75587,2026-04-15 02:55:16,1,6,6,coin,spins,spins,gold,1,false,10000000,88765387644350,513143,5,5,400,11,0,0,0,2,0,2601,3300,17,0,78.8,bonus_as10_gae3_no,100,4050000,,,,,131,63,45,31,37,37,8,4,6,45,19,17,13,12,17,2,1,2,6,6,5,false,SMALL,-1,2,-3,V2,3,1,5,1,6,6,0,3_5_fbios_PABUnityIAPiOSDefensiveBase,segment_tag_core_slot_prob_nu_29_06_base1
75588,2026-04-15 02:55:17,3,1,4,attack,coin,steal,gold,1,false,10000000,88765397644350,512743,5,5,400,11,1,1,0,0,0,2601,3300,17,0,78.8,bonus_as10_gae3_no,100,4050000,,,,,132,64,46,31,37,37,8,4,6,46,20,18,13,12,17,2,1,2,4,5,0,false,MIN,-3,-2,-1,V2,3,1,5,3,1,4,0,3_5_fbios_PABUnityIAPiOSDefensiveBase,segment_tag_core_slot_prob_nu_29_06_base1
75589,2026-04-15 02:55:18,1,1,4,coin,coin,steal,gold,1,false,20000000,88765417644350,512343,5,5,400,11,0,1,0,0,0,2601,3300,17,0,78.8,bonus_as10_gae3_no,100,4050000,,,,,133,64,47,31,37,37,8,4,6,47,20,19,13,12,17,2,1,2,4,5,1,false,MIN,-8,-5,-3,V2,3,1,5,1,1,4,0,3_5_fbios_PABUnityIAPiOSDefensiveBase,segment_tag_core_slot_prob_nu_29_06_base1
75590,2026-04-15 02:55:19,1,1,1,coin,coin,coin,gold,1,true,100000000,88765517644350,511943,5,5,400,11,0,0,0,0,0,2601,3300,17,0,78.8,bonus_as10_gae3_no,100,4050000,,,,,134,64,47,31,37,37,8,4,6,48,20,19,13,12,17,2,1,2,5,1,5,false,MIN,-3,0,-3,V2,3,1,5,1,1,1,0,3_5_fbios_PABUnityIAPiOSDefensiveBase,segment_tag_core_slot_prob_nu_29_06_base1
75591,2026-04-15 02:55:20,30,2,2,accumulation,goldSack,goldSack,gold,1,false,60000000,88765577644350,511543,5,5,400,11,0,0,0,0,1,3001,3300,17,400,90.9,bonus_as10_gae3_no,100,4050000,,,,,135,64,47,31,37,38,8,4,6,49,20,19,13,12,18,2,1,2,3,3,8,false,NORMAL,1,4,-3,V2,3,1,5,30,2,2,0,3_5_fbios_PABUnityIAPiOSDefensiveBase,segment_tag_core_slot_prob_nu_29_06_base1
75592,2026-04-15 02:55:21,3,6,2,attack,spins,goldSack,gold,1,false,40000000,88765617644350,511143,5,5,400,11,1,0,0,1,0,3001,3300,17,0,90.9,bonus_as10_gae3_no,100,4050000,,,,"{""b0185791"":""1799\/5300@m9""}",136,65,47,31,38,38,8,4,6,50,21,19,13,13,18,2,1,2,7,6,0,false,MIN,-3,-2,-1,V2,3,1,5,3,6,2,0,3_5_fbios_PABUnityIAPiOSDefensiveBase,segment_tag_core_slot_prob_nu_29_06_base1
75593,2026-04-15 02:55:23,1,1,1,coin,coin,coin,gold,1,true,100000000,88765717644350,510743,5,5,400,11,0,0,0,0,0,3001,3300,17,0,90.9,bonus_as10_gae3_no,100,4050000,,,,,137,65,47,31,38,38,8,4,6,51,21,19,13,13,18,2,1,2,5,5,1,false,MIN,-11,-9,-2,V2,3,1,5,1,1,1,0,3_5_fbios_PABUnityIAPiOSDefensiveBase,segment_tag_core_slot_prob_nu_29_06_base1
75594,2026-04-15 02:55:25,3,3,1,attack,attack,coin,gold,1,false,10000000,88765727644350,510343,5,5,400,11,2,0,0,0,0,3001,3300,17,0,90.9,bonus_as10_gae3_no,100,4050000,,,,,138,67,47,31,38,38,8,4,6,52,23,19,13,13,18,2,1,2,5,0,0,false,MIN,-3,-1,-2,V2,3,1,5,3,3,1,0,3_5_fbios_PABUnityIAPiOSDefensiveBase,segment_tag_core_slot_prob_nu_29_06_base1
75595,2026-04-15 02:55:26,30,2,2,accumulation,goldSack,goldSack,gold,1,false,60000000,88765787644350,509943,5,5,400,11,0,0,0,0,1,101,2800,18,0,3.6,bonus_as10_gae3_no,100,4050000,,,,,139,67,47,31,38,39,8,4,6,53,23,19,13,13,19,2,1,2,3,3,8,false,NORMAL,3,4,-1,V2,3,1,5,30,2,2,0,3_5_fbios_PABUnityIAPiOSDefensiveBase,segment_tag_core_slot_prob_nu_29_06_base1
75596,2026-04-15 02:55:30,5,5,5,shield,shield,shield,shield,3,true,400,88765787644350,509943,5,5,400,11,0,0,3,0,0,101,2800,18,0,3.6,bonus_as10_gae3_no,100,4050000,,,,,140,67,47,34,38,39,8,4,7,54,23,19,16,13,19,2,1,3,2,2,2,false,NORMAL,0,-1,1,V2,3,1,5,5,5,5,0,3_5_fbios_PABUnityIAPiOSDefensiveBase,segment_tag_core_slot_prob_nu_29_06_base1
75597,2026-04-15 02:55:32,1,1,4,coin,coin,steal,gold,1,false,20000000,88765807644350,509543,5,5,400,11,0,1,0,0,0,101,2800,18,0,3.6,bonus_as10_gae3_no,100,4050000,,,,"{""4f593c8c"":""1166\/10000@m13""}",141,67,48,34,38,39,8,4,7,55,23,20,16,13,19,2,1,3,4,5,5,false,SMALL,-2,-3,1,V2,3,1,5,1,1,4,0,3_5_fbios_PABUnityIAPiOSDefensiveBase,segment_tag_core_slot_prob_nu_29_06_base1
75598,2026-04-15 02:55:33,30,2,2,accumulation,goldSack,goldSack,gold,1,false,60000000,88765867644350,509143,5,5,400,11,0,0,0,0,1,501,2800,18,400,17.9,bonus_as10_gae3_no,100,4050000,,,,,142,67,48,34,38,40,8,4,7,56,23,20,16,13,20,2,1,3,7,7,8,false,MAX,9,8,1,V2,3,1,5,30,2,2,0,3_5_fbios_PABUnityIAPiOSDefensiveBase,segment_tag_core_slot_prob_nu_29_06_base1
75599,2026-04-15 02:55:35,5,5,5,shield,shield,shield,shield,3,true,400,88765867644350,509143,5,5,400,11,0,0,3,0,0,501,2800,18,0,17.9,bonus_as10_gae3_no,100,4050000,,,,,143,67,48,37,38,40,8,4,8,57,23,20,19,13,20,2,1,4,2,2,2,false,NORMAL,0,-1,1,V2,3,1,5,5,5,5,0,3_5_fbios_PABUnityIAPiOSDefensiveBase,segment_tag_core_slot_prob_nu_29_06_base1
75600,2026-04-15 02:55:37,30,2,2,accumulation,goldSack,goldSack,gold,1,false,60000000,88765927644350,508743,5,5,400,11,0,0,0,0,1,901,2800,18,400,32.2,bonus_as10_gae3_no,100,4050000,,,,,144,67,48,37,38,41,8,4,8,58,23,20,19,13,21,2,1,4,7,7,8,false,BIG,7,6,1,V2,3,1,5,30,2,2,0,3_5_fbios_PABUnityIAPiOSDefensiveBase,segment_tag_core_slot_prob_nu_29_06_base1
75601,2026-04-15 02:55:40,3,1,6,attack,coin,spins,gold,1,false,37500000,88765965144350,507243,5,5,1500,11,1,0,0,1,0,901,2800,18,0,32.2,bonus_as10_gae3_no,100,4050000,,,,"{""4f593c8c"":""4166\/10000@m13"",""b0185791"":""3299\/5300@m9""}",145,68,48,37,39,41,8,4,8,59,24,20,19,14,21,2,1,4,6,1,0,false,NORMAL,1,0,1,V2,3,1,5,3,1,6,0,3_5_fbios_PABUnityIAPiOSDefensiveBase,segment_tag_core_slot_prob_nu_29_06_base1
75602,2026-04-15 02:55:41,30,2,2,accumulation,goldSack,goldSack,gold,1,false,225000000,88766190144350,505743,5,5,1500,11,0,0,0,0,1,2401,2800,18,1500,85.8,bonus_as10_gae3_no,100,4050000,,,,,146,68,48,37,39,42,8,4,8,60,24,20,19,14,22,2,1,4,7,7,8,false,MAX,9,8,1,V2,3,1,5,30,2,2,0,3_5_fbios_PABUnityIAPiOSDefensiveBase,segment_tag_core_slot_prob_nu_29_06_base1
75603,2026-04-15 02:55:44,2,2,2,goldSack,goldSack,goldSack,gold,1,true,3600000000,88769790144350,504243,5,5,1500,11,0,0,0,0,0,2401,2800,18,0,85.8,bonus_as10_gae3_no,100,4050000,,,,,147,68,48,37,39,42,8,4,8,61,24,20,19,14,22,2,1,4,3,7,3,false,BIG,7,5,2,V2,3,1,5,2,2,2,0,3_5_fbios_PABUnityIAPiOSDefensiveBase,segment_tag_core_slot_prob_nu_29_06_base1
75604,2026-04-15 02:55:46,3,1,1,attack,coin,coin,gold,1,false,300000000,88770090144350,498243,5,5,6000,11,1,0,0,0,0,2401,2800,18,0,85.8,bonus_as10_gae3_no,100,4050000,,,,,148,69,48,37,39,42,8,4,8,62,25,20,19,14,22,2,1,4,1,1,0,false,NORMAL,2,0,2,V2,3,1,5,3,1,1,0,3_5_fbios_PABUnityIAPiOSDefensiveBase,segment_tag_core_slot_prob_nu_29_06_base1
75605,2026-04-15 02:55:47,30,2,2,accumulation,goldSack,goldSack,gold,1,false,900000000,88770990144350,492243,5,5,6000,11,0,0,0,0,1,2301,60000,21,0,3.8,bonus_as10_gae3_no,100,4050000,,,,,149,69,48,37,39,43,8,4,8,63,25,20,19,14,23,2,1,4,7,3,8,false,MAX,9,7,2,V2,3,1,5,30,2,2,0,3_5_fbios_PABUnityIAPiOSDefensiveBase,segment_tag_core_slot_prob_nu_29_06_base1
75606,2026-04-15 02:55:53,3,3,3,attack,attack,attack,attack,2,true,0,88778490144350,486243,5,5,6000,11,3,0,0,0,0,2301,60000,21,0,3.8,bonus_as10_gae3_no,100,4050000,,,,"{""b0185791"":""3999\/5500@m10""}",150,72,48,37,39,43,9,4,8,64,28,20,19,14,23,3,1,4,0,0,0,false,NORMAL,0,-2,2,V2,3,1,5,3,3,3,0,3_5_fbios_PABUnityIAPiOSDefensiveBase,segment_tag_core_slot_prob_nu_29_06_base1
75607,2026-04-15 02:56:01,3,4,2,attack,steal,goldSack,gold,1,false,40000000,88837930144350,485843,5,5,400,11,1,1,0,0,0,2301,60000,21,0,3.8,bonus_as10_gae3_no,100,4050000,,,,,151,73,49,37,39,43,9,4,8,65,29,21,19,14,23,3,1,4,3,4,0,false,BIG,6,4,2,V2,3,1,5,3,4,2,0,3_5_fbios_PABUnityIAPiOSDefensiveBase,segment_tag_core_slot_prob_nu_29_06_base1
75608,2026-04-15 02:56:03,30,2,2,accumulation,goldSack,goldSack,gold,1,false,60000000,88837990144350,485443,5,5,400,11,0,0,0,0,1,2701,60000,21,400,4.5,bonus_as10_gae3_no,100,4050000,,,,,152,73,49,37,39,44,9,4,8,66,29,21,19,14,24,3,1,4,7,3,8,false,MAX,9,7,2,V2,3,1,5,30,2,2,0,3_5_fbios_PABUnityIAPiOSDefensiveBase,segment_tag_core_slot_prob_nu_29_06_base1
75609,2026-04-15 02:56:10,4,6,2,steal,spins,goldSack,gold,1,false,150000000,88838140144350,483943,5,5,1500,11,0,1,0,1,0,2701,60000,21,0,4.5,bonus_as10_gae3_no,100,4050000,,,,,153,73,50,37,40,44,9,4,8,67,29,22,19,15,24,3,1,4,3,6,4,false,BIG,5,1,4,V2,3,1,5,4,6,2,0,3_5_fbios_PABUnityIAPiOSDefensiveBase,segment_tag_core_slot_prob_nu_29_06_base1
75610,2026-04-15 02:56:12,3,6,2,attack,spins,goldSack,gold,1,false,150000000,88838290144350,482443,5,5,1500,11,1,0,0,1,0,2701,60000,21,0,4.5,bonus_as10_gae3_no,100,4050000,,,,,154,74,50,37,41,44,9,4,8,68,30,22,19,16,24,3,1,4,3,6,0,false,BIG,6,3,3,V2,3,1,5,3,6,2,0,3_5_fbios_PABUnityIAPiOSDefensiveBase,segment_tag_core_slot_prob_nu_29_06_base1
75611,2026-04-15 02:56:14,3,3,3,attack,attack,attack,attack,2,true,0,88838290144350,480943,5,5,1500,11,3,0,0,0,0,2701,60000,21,0,4.5,bonus_as10_gae3_no,100,4050000,,,,,155,77,50,37,41,44,10,4,8,69,33,22,19,16,24,4,1,4,0,0,0,false,NORMAL,3,0,3,V2,3,1,5,3,3,3,0,3_5_fbios_PABUnityIAPiOSDefensiveBase,segment_tag_core_slot_prob_nu_29_06_base1
75612,2026-04-15 02:56:20,3,1,4,attack,coin,steal,gold,1,false,10000000,88853150144350,480543,5,5,400,11,1,1,0,0,0,2701,60000,21,0,4.5,bonus_as10_gae3_no,100,4050000,,,,,156,78,51,37,41,44,10,4,8,70,34,23,19,16,24,4,1,4,4,5,0,false,NORMAL,2,-1,3,V2,3,1,5,3,1,4,0,3_5_fbios_PABUnityIAPiOSDefensiveBase,segment_tag_core_slot_prob_nu_29_06_base1
75613,2026-04-15 02:56:22,30,2,2,accumulation,goldSack,goldSack,gold,1,false,60000000,88853210144350,480143,5,5,400,11,0,0,0,0,1,3101,60000,21,400,5.2,bonus_as10_gae3_no,100,4050000,,,,"{""b0185791"":""4399\/5500@m10""}",157,78,51,37,41,45,10,4,8,71,34,23,19,16,25,4,1,4,7,3,8,false,MAX,10,7,3,V2,3,1,5,30,2,2,0,3_5_fbios_PABUnityIAPiOSDefensiveBase,segment_tag_core_slot_prob_nu_29_06_base1
75614,2026-04-15 02:56:24,4,6,2,steal,spins,goldSack,gold,1,false,150000000,88853360144350,478643,5,5,1500,11,0,1,0,1,0,3101,60000,21,0,5.2,bonus_as10_gae3_no,100,4050000,,,,"{""4f593c8c"":""7166\/10000@m13""}",158,78,52,37,42,45,10,4,8,72,34,24,19,17,25,4,1,4,7,6,4,false,BIG,7,2,5,V2,3,1,5,4,6,2,0,3_5_fbios_PABUnityIAPiOSDefensiveBase,segment_tag_core_slot_prob_nu_29_06_base1
75615,2026-04-15 02:56:26,1,4,4,coin,steal,steal,gold,1,false,150000000,88853510144350,472643,5,5,6000,11,0,2,0,0,0,3101,60000,21,0,5.2,bonus_as10_gae3_no,100,4050000,,,,,159,78,54,37,42,45,10,4,8,73,34,26,19,17,25,4,1,4,4,4,1,false,SMALL,-2,-4,2,V2,3,1,5,1,4,4,0,3_5_fbios_PABUnityIAPiOSDefensiveBase,segment_tag_core_slot_prob_nu_29_06_base1
75616,2026-04-15 02:56:27,4,6,2,steal,spins,goldSack,gold,1,false,600000000,88854110144350,466643,5,5,6000,11,0,1,0,1,0,3101,60000,21,0,5.2,bonus_as10_gae3_no,100,4050000,,,,,160,78,55,37,43,45,10,4,8,74,34,27,19,18,25,4,1,4,3,6,4,false,BIG,4,2,2,V2,3,1,5,4,6,2,0,3_5_fbios_PABUnityIAPiOSDefensiveBase,segment_tag_core_slot_prob_nu_29_06_base1
75617,2026-04-15 02:56:28,1,5,5,coin,shield,shield,gold,1,false,150000000,88854260144350,460643,5,5,6000,11,0,0,2,0,0,3101,60000,21,0,5.2,bonus_as10_gae3_no,100,4050000,,,,,161,78,55,39,43,45,10,4,8,75,34,27,21,18,25,4,1,4,2,2,5,false,NORMAL,2,0,2,V2,3,1,5,1,5,5,0,3_5_fbios_PABUnityIAPiOSDefensiveBase,segment_tag_core_slot_prob_nu_29_06_base1
75618,2026-04-15 02:56:30,3,3,3,attack,attack,attack,attack,2,true,0,88854260144350,454643,5,5,6000,11,3,0,0,0,0,3101,60000,21,0,5.2,bonus_as10_gae3_no,100,4050000,,,,,162,81,55,39,43,45,11,4,8,76,37,27,21,18,25,5,1,4,0,0,0,false,NORMAL,2,-2,4,V2,3,1,5,3,3,3,0,3_5_fbios_PABUnityIAPiOSDefensiveBase,segment_tag_core_slot_prob_nu_29_06_base1
75619,2026-04-15 02:56:41,3,3,3,attack,attack,attack,attack,2,true,0,89034260144350,454243,5,5,400,11,3,0,0,0,0,3101,60000,21,0,5.2,bonus_as10_gae3_no,100,4050000,,,,,163,84,55,39,43,45,12,4,8,77,40,27,21,18,25,6,1,4,0,0,0,false,BIG,5,0,5,V2,3,1,5,3,3,3,0,3_5_fbios_PABUnityIAPiOSDefensiveBase,segment_tag_core_slot_prob_nu_29_06_base1
75620,2026-04-15 02:56:46,3,3,1,attack,attack,coin,gold,1,false,37500000,89038257644350,452743,5,5,1500,11,2,0,0,0,0,3101,60000,21,0,5.2,bonus_as10_gae3_no,100,4050000,,,,,164,86,55,39,43,45,12,4,8,78,42,27,21,18,25,6,1,4,1,0,0,false,BIG,5,0,5,V2,3,1,5,3,3,1,0,3_5_fbios_PABUnityIAPiOSDefensiveBase,segment_tag_core_slot_prob_nu_29_06_base1
75621,2026-04-15 02:56:48,3,6,2,attack,spins,goldSack,gold,1,false,150000000,89038407644350,451243,5,5,1500,11,1,0,0,1,0,3101,60000,21,0,5.2,bonus_as10_gae3_no,100,4050000,,,,"{""b0185791"":""399\/5500@m11""}",165,87,55,39,44,45,12,4,8,79,43,27,21,19,25,6,1,4,3,6,0,false,MAX,8,3,5,V2,3,1,5,3,6,2,0,3_5_fbios_PABUnityIAPiOSDefensiveBase,segment_tag_core_slot_prob_nu_29_06_base1
75622,2026-04-15 02:56:56,3,3,1,attack,attack,coin,gold,1,false,37500000,89038445144350,449743,5,5,1500,11,2,0,0,0,0,3101,60000,21,0,5.2,bonus_as10_gae3_no,100,4050000,,,,,166,89,55,39,44,45,12,4,8,80,45,27,21,19,25,6,1,4,1,0,0,false,BIG,4,0,4,V2,3,1,5,3,3,1,0,3_5_fbios_PABUnityIAPiOSDefensiveBase,segment_tag_core_slot_prob_nu_29_06_base1
75623,2026-04-15 02:57:00,4,4,4,steal,steal,steal,steal,4,true,0,89038445144350,443743,5,5,6000,11,0,3,0,0,0,3101,60000,21,0,5.2,bonus_as10_gae3_no,100,4050000,,,,,167,89,58,39,44,45,12,5,8,81,45,30,21,19,25,6,2,4,4,4,4,false,SMALL,-2,-5,3,V2,3,1,5,4,4,4,0,3_5_fbios_PABUnityIAPiOSDefensiveBase,segment_tag_core_slot_prob_nu_29_06_base1
75624,2026-04-15 02:57:17,3,3,2,attack,attack,goldSack,gold,1,false,150000000,90720227144350,442243,5,5,1500,11,2,0,0,0,0,3101,60000,21,0,5.2,bonus_as10_gae3_no,100,4050000,,,,,168,91,58,39,44,45,12,5,8,82,47,30,21,19,25,6,2,4,7,0,0,false,NORMAL,1,-2,3,V2,3,1,5,3,3,2,0,3_5_fbios_PABUnityIAPiOSDefensiveBase,segment_tag_core_slot_prob_nu_29_06_base1
75625,2026-04-15 02:57:18,30,2,2,accumulation,goldSack,goldSack,gold,1,false,225000000,90720452144350,440743,5,5,1500,11,0,0,0,0,1,4601,60000,21,1500,7.7,bonus_as10_gae3_no,100,4050000,,,,,169,91,58,39,44,46,12,5,8,83,47,30,21,19,26,6,2,4,7,7,8,false,MAX,15,10,5,V2,3,1,5,30,2,2,0,3_5_fbios_PABUnityIAPiOSDefensiveBase,segment_tag_core_slot_prob_nu_29_06_base1
75626,2026-04-15 02:57:21,1,4,4,coin,steal,steal,gold,1,false,150000000,90720602144350,434743,5,5,6000,11,0,2,0,0,0,4601,60000,21,0,7.7,bonus_as10_gae3_no,100,4050000,,,,,170,91,60,39,44,46,12,5,8,84,47,32,21,19,26,6,2,4,4,4,5,false,NORMAL,3,1,2,V2,3,1,5,1,4,4,0,3_5_fbios_PABUnityIAPiOSDefensiveBase,segment_tag_core_slot_prob_nu_29_06_base1
75627,2026-04-15 02:57:22,2,2,2,goldSack,goldSack,goldSack,gold,1,true,14400000000,90735002144350,428743,5,5,6000,11,0,0,0,0,0,4601,60000,21,0,7.7,bonus_as10_gae3_no,100,4050000,,,,,171,91,60,39,44,46,12,5,8,85,47,32,21,19,26,6,2,4,7,3,3,false,BIG,7,5,2,V2,3,1,5,2,2,2,0,3_5_fbios_PABUnityIAPiOSDefensiveBase,segment_tag_core_slot_prob_nu_29_06_base1
75628,2026-04-15 02:57:24,1,1,1,coin,coin,coin,gold,1,true,1500000000,90736502144350,422743,5,5,6000,11,0,0,0,0,0,4601,60000,21,0,7.7,bonus_as10_gae3_no,100,4050000,,,,,172,91,60,39,44,46,12,5,8,86,47,32,21,19,26,6,2,4,1,1,1,false,MIN,-5,-4,-1,V2,3,1,5,1,1,1,0,3_5_fbios_PABUnityIAPiOSDefensiveBase,segment_tag_core_slot_prob_nu_29_06_base1
75629,2026-04-15 02:57:25,3,4,2,attack,steal,goldSack,gold,1,false,600000000,90737102144350,416743,5,5,6000,11,1,1,0,0,0,4601,60000,21,0,7.7,bonus_as10_gae3_no,100,4050000,,,,"{""b0185791"":""899\/5500@m12""}",173,92,61,39,44,46,12,5,8,87,48,33,21,19,26,6,2,4,7,4,0,false,SMALL,-2,-1,-1,V2,3,1,5,3,4,2,0,3_5_fbios_PABUnityIAPiOSDefensiveBase,segment_tag_core_slot_prob_nu_29_06_base1
75630,2026-04-15 02:57:28,1,1,4,coin,coin,steal,gold,1,false,300000000,90737402144350,410743,5,5,6000,11,0,1,0,0,0,4601,60000,21,0,7.7,bonus_as10_gae3_no,100,4050000,,,,"{""4f593c8c"":""9166\/13000@m14""}",174,92,62,39,44,46,12,5,8,88,48,34,21,19,26,6,2,4,4,1,1,false,MIN,-3,-2,-1,V2,3,1,5,1,1,4,0,3_5_fbios_PABUnityIAPiOSDefensiveBase,segment_tag_core_slot_prob_nu_29_06_base1
75631,2026-04-15 02:57:33,2,2,2,goldSack,goldSack,goldSack,gold,1,true,14400000000,90751802144350,404743,5,5,6000,11,0,0,0,0,0,4601,60000,21,0,7.7,bonus_as10_gae3_no,100,4050000,,,,,175,92,62,39,44,46,12,5,8,89,48,34,21,19,26,6,2,4,3,3,7,false,SMALL,-1,0,-1,V2,3,1,5,2,2,2,0,3_5_fbios_PABUnityIAPiOSDefensiveBase,segment_tag_core_slot_prob_nu_29_06_base1
75632,2026-04-15 02:57:35,30,2,2,accumulation,goldSack,goldSack,gold,1,false,3000000000,90754802144350,384743,5,5,20000,11,0,0,0,0,1,24601,60000,21,20000,41.0,bonus_as10_gae3_no,100,4050000,,,,,176,92,62,39,44,47,12,5,8,90,48,34,21,19,27,6,2,4,7,3,8,false,BIG,6,7,-1,V2,3,1,5,30,2,2,0,3_5_fbios_PABUnityIAPiOSDefensiveBase,segment_tag_core_slot_prob_nu_29_06_base1
75633,2026-04-15 02:57:38,30,2,2,accumulation,goldSack,goldSack,gold,1,false,3000000000,90757802144350,364743,5,5,20000,11,0,0,0,0,1,44601,60000,21,20000,74.3,bonus_as10_gae3_no,100,4050000,,,,,177,92,62,39,44,48,12,5,8,91,48,34,21,19,28,6,2,4,7,7,8,false,MAX,11,10,1,V2,3,1,5,30,2,2,0,3_5_fbios_PABUnityIAPiOSDefensiveBase,segment_tag_core_slot_prob_nu_29_06_base1
75634,2026-04-15 02:57:41,1,1,1,coin,coin,coin,gold,1,true,5000000000,90762802144350,344743,5,5,20000,11,0,0,0,0,0,44601,60000,21,0,74.3,bonus_as10_gae3_no,100,4050000,,,,,178,92,62,39,44,48,12,5,8,92,48,34,21,19,28,6,2,4,1,1,5,false,NORMAL,2,2,0,V2,3,1,5,1,1,1,0,3_5_fbios_PABUnityIAPiOSDefensiveBase,segment_tag_core_slot_prob_nu_29_06_base1
75635,2026-04-15 02:57:43,1,1,4,coin,coin,steal,gold,1,false,1000000000,90763802144350,324743,5,5,20000,11,0,1,0,0,0,44601,60000,21,0,74.3,bonus_as10_gae3_no,100,4050000,,,,,179,92,63,39,44,48,12,5,8,93,48,35,21,19,28,6,2,4,4,5,1,false,MIN,-8,-6,-2,V2,3,1,5,1,1,4,0,3_5_fbios_PABUnityIAPiOSDefensiveBase,segment_tag_core_slot_prob_nu_29_06_base1
75636,2026-04-15 02:57:45,1,1,4,coin,coin,steal,gold,1,false,1000000000,90764802144350,304743,5,5,20000,11,0,1,0,0,0,44601,60000,21,0,74.3,bonus_as10_gae3_no,100,4050000,,,,,180,92,64,39,44,48,12,5,8,94,48,36,21,19,28,6,2,4,4,5,5,false,SMALL,-2,0,-2,V2,3,1,5,1,1,4,0,3_5_fbios_PABUnityIAPiOSDefensiveBase,segment_tag_core_slot_prob_nu_29_06_base1
75637,2026-04-15 02:57:46,5,5,5,shield,shield,shield,shield,3,true,20000,90764802144350,304743,5,5,20000,11,0,0,3,0,0,44601,60000,21,0,74.3,bonus_as10_gae3_no,100,4050000,,,,,181,92,64,42,44,48,12,5,9,95,48,36,24,19,28,6,2,5,2,2,2,false,MIN,-3,-1,-2,V2,3,1,5,5,5,5,0,3_5_fbios_PABUnityIAPiOSDefensiveBase,segment_tag_core_slot_prob_nu_29_06_base1
75638,2026-04-15 02:57:50,3,1,4,attack,coin,steal,gold,1,false,37500000,90764839644350,303243,5,5,1500,11,1,1,0,0,0,44601,60000,21,0,74.3,bonus_as10_gae3_no,100,4050000,,,,,182,93,65,42,44,48,12,5,9,96,49,37,24,19,28,6,2,5,4,5,0,false,MIN,-4,-4,0,V2,3,1,5,3,1,4,0,3_5_fbios_PABUnityIAPiOSDefensiveBase,segment_tag_core_slot_prob_nu_29_06_base1
75639,2026-04-15 02:57:51,1,4,6,coin,steal,spins,gold,1,false,37500000,90764877144350,301743,5,5,1500,11,0,1,0,1,0,44601,60000,21,0,74.3,bonus_as10_gae3_no,100,4050000,,,,,183,93,66,42,45,48,12,5,9,97,49,38,24,20,28,6,2,5,6,4,1,false,MIN,-5,-3,-2,V2,3,1,5,1,4,6,0,3_5_fbios_PABUnityIAPiOSDefensiveBase,segment_tag_core_slot_prob_nu_29_06_base1
75640,2026-04-15 02:57:52,1,6,6,coin,spins,spins,gold,1,false,37500000,90764914644350,300243,5,5,1500,11,0,0,0,2,0,44601,60000,21,0,74.3,bonus_as10_gae3_no,100,4050000,,,,"{""4f593c8c"":""12166\/13000@m14""}",184,93,66,42,47,48,12,5,9,98,49,38,24,22,28,6,2,5,6,6,1,false,MIN,-3,-1,-2,V2,3,1,5,1,6,6,0,3_5_fbios_PABUnityIAPiOSDefensiveBase,segment_tag_core_slot_prob_nu_29_06_base1
75641,2026-04-15 02:57:53,3,1,4,attack,coin,steal,gold,1,false,37500000,90764952144350,298743,5,5,1500,11,1,1,0,0,0,44601,60000,21,0,74.3,bonus_as10_gae3_no,100,4050000,,,,"{""b0185791"":""2399\/5500@m12""}",185,94,67,42,47,48,12,5,9,99,50,39,24,22,28,6,2,5,4,1,0,false,SMALL,-2,0,-2,V2,3,1,5,3,1,4,0,3_5_fbios_PABUnityIAPiOSDefensiveBase,segment_tag_core_slot_prob_nu_29_06_base1
75642,2026-04-15 02:57:55,3,1,5,attack,coin,shield,gold,1,false,37500000,90764989644350,297243,5,5,1500,11,1,0,1,0,0,44601,60000,21,0,74.3,bonus_as10_gae3_no,100,4050000,,,,,186,95,67,43,47,48,12,5,9,100,51,39,25,22,28,6,2,5,2,1,0,false,SMALL,-1,1,-2,V2,3,1,5,3,1,5,0,3_5_fbios_PABUnityIAPiOSDefensiveBase,segment_tag_core_slot_prob_nu_29_06_base1
75643,2026-04-15 02:57:58,5,5,5,shield,shield,shield,shield,3,true,1500,90764989644350,297243,5,5,1500,11,0,0,3,0,0,44601,60000,21,0,74.3,bonus_as10_gae3_no,100,4050000,,,,,187,95,67,46,47,48,12,5,10,101,51,39,28,22,28,6,2,6,2,2,2,false,SMALL,-1,-1,0,V2,3,1,5,5,5,5,0,3_5_fbios_PABUnityIAPiOSDefensiveBase,segment_tag_core_slot_prob_nu_29_06_base1
75644,2026-04-15 02:58:00,3,6,2,attack,spins,goldSack,gold,1,false,150000000,90765139644350,295743,5,5,1500,11,1,0,0,1,0,44601,60000,21,0,74.3,bonus_as10_gae3_no,100,4050000,,,,,188,96,67,46,48,48,12,5,10,102,52,39,28,23,28,6,2,6,3,6,0,false,NORMAL,0,0,0,V2,3,1,5,3,6,2,0,3_5_fbios_PABUnityIAPiOSDefensiveBase,segment_tag_core_slot_prob_nu_29_06_base1
75645,2026-04-15 02:58:01,2,2,2,goldSack,goldSack,goldSack,gold,1,true,3600000000,90768739644350,294243,5,5,1500,11,0,0,0,0,0,44601,60000,21,0,74.3,bonus_as10_gae3_no,100,4050000,,,,,189,96,67,46,48,48,12,5,10,103,52,39,28,23,28,6,2,6,3,7,3,false,BIG,5,6,-1,V2,3,1,5,2,2,2,0,3_5_fbios_PABUnityIAPiOSDefensiveBase,segment_tag_core_slot_prob_nu_29_06_base1
75646,2026-04-15 02:58:02,3,6,2,attack,spins,goldSack,gold,1,false,150000000,90768889644350,292743,5,5,1500,11,1,0,0,1,0,44601,60000,21,0,74.3,bonus_as10_gae3_no,100,4050000,,,,,190,97,67,46,49,48,12,5,10,104,53,39,28,24,28,6,2,6,3,6,0,false,NORMAL,2,3,-1,V2,3,1,5,3,6,2,0,3_5_fbios_PABUnityIAPiOSDefensiveBase,segment_tag_core_slot_prob_nu_29_06_base1
75647,2026-04-15 02:58:03,3,3,2,attack,attack,goldSack,gold,1,false,150000000,90769039644350,291243,5,5,1500,11,2,0,0,0,0,44601,60000,21,0,74.3,bonus_as10_gae3_no,100,4050000,,,,"{""b0185791"":""3899\/5500@m12""}",191,99,67,46,49,48,12,5,10,105,55,39,28,24,28,6,2,6,3,0,0,false,NORMAL,2,3,-1,V2,3,1,5,3,3,2,0,3_5_fbios_PABUnityIAPiOSDefensiveBase,segment_tag_core_slot_prob_nu_29_06_base1
75648,2026-04-15 02:58:05,3,3,2,attack,attack,goldSack,gold,1,false,150000000,90769189644350,289743,5,5,1500,11,2,0,0,0,0,44601,60000,21,0,74.3,bonus_as10_gae3_no,100,4050000,,,,,192,101,67,46,49,48,12,5,10,106,57,39,28,24,28,6,2,6,7,0,0,false,SMALL,-2,-1,-1,V2,3,1,5,3,3,2,0,3_5_fbios_PABUnityIAPiOSDefensiveBase,segment_tag_core_slot_prob_nu_29_06_base1
75649,2026-04-15 02:58:07,30,30,1,accumulation,accumulation,coin,gold,1,false,150000000,90769339644350,283743,5,5,6000,11,0,0,0,0,2,56601,60000,21,12000,94.3,bonus_as10_gae3_no,100,4050000,,,,,193,101,67,46,49,50,12,5,10,107,57,39,28,24,30,6,2,6,5,8,8,false,NORMAL,0,0,0,V2,3,1,5,30,30,1,0,3_5_fbios_PABUnityIAPiOSDefensiveBase,segment_tag_core_slot_prob_nu_29_06_base1
75650,2026-04-15 02:58:11,30,2,2,accumulation,goldSack,goldSack,gold,1,false,900000000,90770239644350,277743,5,5,6000,11,0,0,0,0,1,2601,3000,22,0,86.7,bonus_as10_gae3_no,100,4050000,,,,,194,101,67,46,49,51,12,5,10,108,57,39,28,24,31,6,2,6,3,7,8,false,MAX,8,7,1,V2,3,1,5,30,2,2,0,3_5_fbios_PABUnityIAPiOSDefensiveBase,segment_tag_core_slot_prob_nu_29_06_base1
75651,2026-04-15 02:58:15,1,1,1,coin,coin,coin,gold,1,true,5000000000,90775239644350,336943,5,5,20000,11,0,0,0,0,0,2601,3000,22,0,86.7,bonus_as10_gae3_no,100,4050000,,,,,195,101,67,46,49,51,12,5,10,109,57,39,28,24,31,6,2,6,1,5,1,false,MIN,-9,-7,-2,V2,3,1,5,1,1,1,0,3_5_fbios_PABUnityIAPiOSDefensiveBase,segment_tag_core_slot_prob_nu_29_06_base1
75652,2026-04-15 02:58:17,2,2,2,goldSack,goldSack,goldSack,gold,1,true,48000000000,90823239644350,316943,5,5,20000,11,0,0,0,0,0,2601,3000,22,0,86.7,bonus_as10_gae3_no,100,4050000,,,,,196,101,67,46,49,51,12,5,10,110,57,39,28,24,31,6,2,6,7,7,7,false,NORMAL,1,3,-2,V2,3,1,5,2,2,2,0,3_5_fbios_PABUnityIAPiOSDefensiveBase,segment_tag_core_slot_prob_nu_29_06_base1
75653,2026-04-15 02:58:18,5,5,5,shield,shield,shield,shield,3,true,20000,90823239644350,316943,5,5,20000,11,0,0,3,0,0,2601,3000,22,0,86.7,bonus_as10_gae3_no,100,4050000,,,,,197,101,67,49,49,51,12,5,11,111,57,39,31,24,31,6,2,7,2,2,2,false,MIN,-3,-1,-2,V2,3,1,5,5,5,5,0,3_5_fbios_PABUnityIAPiOSDefensiveBase,segment_tag_core_slot_prob_nu_29_06_base1
75654,2026-04-15 02:58:33,3,3,3,attack,attack,attack,attack,2,true,0,90823239644350,316543,5,5,400,11,3,0,0,0,0,2601,3000,22,0,86.7,bonus_as10_gae3_no,100,4050000,,,,"{""4f593c8c"":""12966\/13000@m14""}",198,104,67,49,49,51,13,5,11,112,60,39,31,24,31,7,2,7,0,0,0,false,MIN,-4,-4,0,V2,3,1,5,3,3,3,0,3_5_fbios_PABUnityIAPiOSDefensiveBase,segment_tag_core_slot_prob_nu_29_06_base1
75655,2026-04-15 02:58:41,1,6,6,coin,spins,spins,gold,1,false,10000000,90827209644350,316143,5,5,400,11,0,0,0,2,0,2601,3000,22,0,86.7,bonus_as10_gae3_no,100,4050000,,,,,199,104,67,49,51,51,13,5,11,113,60,39,31,26,31,7,2,7,6,6,1,false,MIN,-5,-3,-2,V2,3,1,5,1,6,6,0,3_5_fbios_PABUnityIAPiOSDefensiveBase,segment_tag_core_slot_prob_nu_29_06_base1
75656,2026-04-15 02:58:43,3,5,2,attack,shield,goldSack,gold,1,false,150000000,90827359644350,314643,5,5,1500,11,1,0,1,0,0,2601,3000,22,0,86.7,bonus_as10_gae3_no,100,4050000,,,,,200,105,67,50,51,51,13,5,11,114,61,39,32,26,31,7,2,7,3,2,0,false,NORMAL,0,1,-1,V2,3,1,5,3,5,2,0,3_5_fbios_PABUnityIAPiOSDefensiveBase,segment_tag_core_slot_prob_nu_29_06_base1
75657,2026-04-15 02:58:45,3,3,3,attack,attack,attack,attack,2,true,0,90827359644350,313143,5,5,1500,11,3,0,0,0,0,2601,3000,22,0,86.7,bonus_as10_gae3_no,100,4050000,,,,,201,108,67,50,51,51,14,5,11,115,64,39,32,26,31,8,2,7,0,0,0,false,SMALL,-2,-1,-1,V2,3,1,5,3,3,3,0,3_5_fbios_PABUnityIAPiOSDefensiveBase,segment_tag_core_slot_prob_nu_29_06_base1
75658,2026-04-15 02:59:05,3,6,2,attack,spins,goldSack,gold,1,false,150000000,90842359644350,311643,5,5,1500,11,1,0,0,1,0,2601,3000,22,0,86.7,,100,4050000,,,,"{""b0185791"":""5399\/5500@m12""}",202,109,67,50,52,51,14,5,11,116,65,39,32,27,31,8,2,7,7,6,0,false,SMALL,-1,-1,0,V2,3,1,5,3,6,2,0,3_5_fbios_PABUnityIAPiOSDefensiveBase,segment_tag_core_slot_prob_nu_29_06_base1
75659,2026-04-15 02:59:06,30,2,2,accumulation,goldSack,goldSack,gold,1,false,225000000,90842584644350,310143,5,5,1500,11,0,0,0,0,1,1101,2500,23,0,44.0,,100,4050000,,,,,203,109,67,50,52,52,14,5,11,117,65,39,32,27,32,8,2,7,7,3,8,false,MAX,9,8,1,V2,3,1,5,30,2,2,0,3_5_fbios_PABUnityIAPiOSDefensiveBase,segment_tag_core_slot_prob_nu_29_06_base1
75660,2026-04-15 02:59:09,30,30,1,accumulation,accumulation,coin,gold,1,false,37500000,90842622144350,308643,5,5,1500,11,0,0,0,0,2,101,1000,25,0,10.1,,100,4050000,,,,,204,109,67,50,52,54,14,5,11,118,65,39,32,27,34,8,2,7,1,8,8,false,NORMAL,3,2,1,V2,3,1,5,30,30,1,0,3_5_fbios_PABUnityIAPiOSDefensiveBase,segment_tag_core_slot_prob_nu_29_06_base1
75661,2026-04-15 02:59:15,30,2,2,accumulation,goldSack,goldSack,gold,1,false,900000000,90843522144350,302643,5,5,6000,11,0,0,0,0,1,5101,85000,26,0,6.0,,100,4050000,,,,,205,109,67,50,52,55,14,5,11,119,65,39,32,27,35,8,2,7,7,7,8,false,MAX,10,9,1,V2,3,1,5,30,2,2,0,3_5_fbios_PABUnityIAPiOSDefensiveBase,segment_tag_core_slot_prob_nu_29_06_base1
75662,2026-04-15 02:59:21,1,4,4,coin,steal,steal,gold,1,false,150000000,90843672144350,296643,5,5,6000,11,0,2,0,0,0,5101,85000,26,0,6.0,,100,4050000,,,,,206,109,69,50,52,55,14,5,11,120,65,41,32,27,35,8,2,7,4,4,5,false,NORMAL,2,1,1,V2,3,1,5,1,4,4,0,3_5_fbios_PABUnityIAPiOSDefensiveBase,segment_tag_core_slot_prob_nu_29_06_base1
75663,2026-04-15 02:59:23,2,2,2,goldSack,goldSack,goldSack,gold,1,true,14400000000,90858072144350,290643,5,5,6000,11,0,0,0,0,0,5101,85000,26,0,6.0,,100,4050000,,,,,207,109,69,50,52,55,14,5,11,121,65,41,32,27,35,8,2,7,3,7,3,false,BIG,6,5,1,V2,3,1,5,2,2,2,0,3_5_fbios_PABUnityIAPiOSDefensiveBase,segment_tag_core_slot_prob_nu_29_06_base1
75664,2026-04-15 02:59:24,3,3,2,attack,attack,goldSack,gold,1,false,600000000,90858672144350,284643,5,5,6000,11,2,0,0,0,0,5101,85000,26,0,6.0,,100,4050000,,,,"{""4f593c8c"":""11966\/16000@m15""}",208,111,69,50,52,55,14,5,11,122,67,41,32,27,35,8,2,7,3,0,0,false,NORMAL,2,2,0,V2,3,1,5,3,3,2,0,3_5_fbios_PABUnityIAPiOSDefensiveBase,segment_tag_core_slot_prob_nu_29_06_base1
75665,2026-04-15 02:59:27,3,1,5,attack,coin,shield,gold,1,false,150000000,90858822144350,278643,5,5,6000,11,1,0,1,0,0,5101,85000,26,0,6.0,,100,4050000,,,,,209,112,69,51,52,55,14,5,11,123,68,41,33,27,35,8,2,7,2,5,0,false,NORMAL,0,-1,1,V2,3,1,5,3,1,5,0,3_5_fbios_PABUnityIAPiOSDefensiveBase,segment_tag_core_slot_prob_nu_29_06_base1
75666,2026-04-15 02:59:29,2,2,2,goldSack,goldSack,goldSack,gold,1,true,14400000000,90873222144350,272643,5,5,6000,11,0,0,0,0,0,5101,85000,26,0,6.0,,100,4050000,,,,"{""b0185791"":""399\/5000@m14""}",210,112,69,51,52,55,14,5,11,124,68,41,33,27,35,8,2,7,7,7,7,false,NORMAL,3,2,1,V2,3,1,5,2,2,2,0,3_5_fbios_PABUnityIAPiOSDefensiveBase,segment_tag_core_slot_prob_nu_29_06_base1
75667,2026-04-15 02:59:33,1,1,1,coin,coin,coin,gold,1,true,1500000000,90874722144350,266643,5,5,6000,11,0,0,0,0,0,5101,85000,26,0,6.0,,100,4050000,,,,,211,112,69,51,52,55,14,5,11,125,68,41,33,27,35,8,2,7,1,1,1,false,MIN,-6,-4,-2,V2,3,1,5,1,1,1,0,3_5_fbios_PABUnityIAPiOSDefensiveBase,segment_tag_core_slot_prob_nu_29_06_base1
75668,2026-04-15 02:59:34,30,2,2,accumulation,goldSack,goldSack,gold,1,false,900000000,90875622144350,260643,5,5,6000,11,0,0,0,0,1,11101,85000,26,6000,13.1,,100,4050000,,,,,212,112,69,51,52,56,14,5,11,126,68,41,33,27,36,8,2,7,3,3,8,false,NORMAL,1,4,-3,V2,3,1,5,30,2,2,0,3_5_fbios_PABUnityIAPiOSDefensiveBase,segment_tag_core_slot_prob_nu_29_06_base1
75669,2026-04-15 02:59:55,30,2,2,accumulation,goldSack,goldSack,gold,1,false,225000000,90875847144350,259143,5,5,1500,11,0,0,0,0,1,12601,85000,26,1500,14.8,,100,4050000,,,,,213,112,69,51,52,57,14,5,11,127,68,41,33,27,37,8,2,7,3,7,8,false,BIG,5,8,-3,V2,3,1,5,30,2,2,0,3_5_fbios_PABUnityIAPiOSDefensiveBase,segment_tag_core_slot_prob_nu_29_06_base1
75670,2026-04-15 03:00:33,3,3,3,attack,attack,attack,attack,2,true,0,90875594142350,257643,5,5,1500,11,3,0,0,0,0,12601,85000,26,0,14.8,,100,4050000,,,,,214,115,69,51,52,57,15,5,11,128,71,41,33,27,37,9,2,7,0,0,0,false,MIN,-3,-2,-1,V2,3,1,5,3,3,3,0,3_5_fbios_PABUnityIAPiOSDefensiveBase,segment_tag_core_slot_prob_nu_29_06_base1
75671,2026-04-15 03:00:39,3,6,2,attack,spins,goldSack,gold,1,false,150000000,90955859892350,256143,5,5,1500,11,1,0,0,1,0,12601,85000,26,0,14.8,,100,4050000,,,,,215,116,69,51,53,57,15,5,11,129,72,41,33,28,37,9,2,7,3,6,0,false,NORMAL,2,3,-1,V2,3,1,5,3,6,2,0,3_5_fbios_PABUnityIAPiOSDefensiveBase,segment_tag_core_slot_prob_nu_29_06_base1
75672,2026-04-15 03:00:41,1,1,4,coin,coin,steal,gold,1,false,75000000,90955934892350,254643,5,5,1500,11,0,1,0,0,0,12601,85000,26,0,14.8,,100,4050000,,,,,216,116,70,51,53,57,15,5,11,130,72,42,33,28,37,9,2,7,4,1,1,false,MIN,-5,-2,-3,V2,3,1,5,1,1,4,0,3_5_fbios_PABUnityIAPiOSDefensiveBase,segment_tag_core_slot_prob_nu_29_06_base1
75673,2026-04-15 03:00:42,2,2,2,goldSack,goldSack,goldSack,gold,1,true,3600000000,90959534892350,253143,5,5,1500,11,0,0,0,0,0,12601,85000,26,0,14.8,,100,4050000,,,,,217,116,70,51,53,57,15,5,11,131,72,42,33,28,37,9,2,7,7,3,7,false,SMALL,-2,1,-3,V2,3,1,5,2,2,2,0,3_5_fbios_PABUnityIAPiOSDefensiveBase,segment_tag_core_slot_prob_nu_29_06_base1
75674,2026-04-15 03:00:44,3,1,1,attack,coin,coin,gold,1,false,300000000,90959834892350,247143,5,5,6000,11,1,0,0,0,0,12601,85000,26,0,14.8,,100,4050000,,,,,218,117,70,51,53,57,15,5,11,132,73,42,33,28,37,9,2,7,1,5,0,false,MIN,-5,-2,-3,V2,3,1,5,3,1,1,0,3_5_fbios_PABUnityIAPiOSDefensiveBase,segment_tag_core_slot_prob_nu_29_06_base1
75675,2026-04-15 03:00:46,3,3,2,attack,attack,goldSack,gold,1,false,600000000,90960434892350,241143,5,5,6000,11,2,0,0,0,0,12601,85000,26,0,14.8,,100,4050000,,,,"{""b0185791"":""1399\/6000@m15""}",219,119,70,51,53,57,15,5,11,133,75,42,33,28,37,9,2,7,7,0,0,false,SMALL,-2,-1,-1,V2,3,1,5,3,3,2,0,3_5_fbios_PABUnityIAPiOSDefensiveBase,segment_tag_core_slot_prob_nu_29_06_base1
75676,2026-04-15 03:00:49,30,2,2,accumulation,goldSack,goldSack,gold,1,false,900000000,90961334892350,235143,5,5,6000,11,0,0,0,0,1,18601,85000,26,6000,21.9,,100,4050000,,,,,220,119,70,51,53,58,15,5,11,134,75,42,33,28,38,9,2,7,7,3,8,false,MAX,8,8,0,V2,3,1,5,30,2,2,0,3_5_fbios_PABUnityIAPiOSDefensiveBase,segment_tag_core_slot_prob_nu_29_06_base1
75677,2026-04-15 03:00:51,4,6,2,steal,spins,goldSack,gold,1,false,600000000,90961934892350,229143,5,5,6000,11,0,1,0,1,0,18601,85000,26,0,21.9,,100,4050000,,,,,221,119,71,51,54,58,15,5,11,135,75,43,33,29,38,9,2,7,3,6,4,false,NORMAL,3,1,2,V2,3,1,5,4,6,2,0,3_5_fbios_PABUnityIAPiOSDefensiveBase,segment_tag_core_slot_prob_nu_29_06_base1
75678,2026-04-15 03:01:18,4,6,2,steal,spins,goldSack,gold,1,false,150000000,90962084892350,227643,5,5,1500,11,0,1,0,1,0,18601,85000,26,0,21.9,,100,4050000,,,,,222,119,72,51,55,58,15,5,11,136,75,44,33,30,38,9,2,7,7,6,4,false,BIG,7,2,5,V2,3,1,5,4,6,2,0,3_5_fbios_PABUnityIAPiOSDefensiveBase,segment_tag_core_slot_prob_nu_29_06_base1
75679,2026-04-15 03:01:19,3,1,1,attack,coin,coin,gold,1,false,75000000,90962159892350,226143,5,5,1500,11,1,0,0,0,0,18601,85000,26,0,21.9,,100,4050000,,,,,223,120,72,51,55,58,15,5,11,137,76,44,33,30,38,9,2,7,5,1,0,false,BIG,5,0,5,V2,3,1,5,3,1,1,0,3_5_fbios_PABUnityIAPiOSDefensiveBase,segment_tag_core_slot_prob_nu_29_06_base1
75680,2026-04-15 03:01:21,30,2,2,accumulation,goldSack,goldSack,gold,1,false,225000000,90962384892350,224643,5,5,1500,11,0,0,0,0,1,20101,85000,26,1500,23.6,,100,4050000,,,,"{""b0185791"":""2899\/6000@m15""}",224,120,72,51,55,59,15,5,11,138,76,44,33,30,39,9,2,7,7,7,8,false,MAX,14,9,5,V2,3,1,5,30,2,2,0,3_5_fbios_PABUnityIAPiOSDefensiveBase,segment_tag_core_slot_prob_nu_29_06_base1
75681,2026-04-15 03:01:23,3,1,5,attack,coin,shield,gold,1,false,150000000,90962534892350,218643,5,5,6000,11,1,0,1,0,0,20101,85000,26,0,23.6,,100,4050000,,,,,225,121,72,52,55,59,15,5,11,139,77,44,34,30,39,9,2,7,2,5,0,false,NORMAL,3,-2,5,V2,3,1,5,3,1,5,0,3_5_fbios_PABUnityIAPiOSDefensiveBase,segment_tag_core_slot_prob_nu_29_06_base1
75682,2026-04-15 03:01:24,30,2,2,accumulation,goldSack,goldSack,gold,1,false,900000000,90963434892350,212643,5,5,6000,11,0,0,0,0,1,26101,85000,26,6000,30.7,,100,4050000,,,,,226,121,72,52,55,60,15,5,11,140,77,44,34,30,40,9,2,7,7,3,8,false,MAX,12,6,6,V2,3,1,5,30,2,2,0,3_5_fbios_PABUnityIAPiOSDefensiveBase,segment_tag_core_slot_prob_nu_29_06_base1
75683,2026-04-15 03:01:26,3,6,2,attack,spins,goldSack,gold,1,false,600000000,90964034892350,206643,5,5,6000,11,1,0,0,1,0,26101,85000,26,0,30.7,,100,4050000,,,,"{""4f593c8c"":""7966\/20000@m16""}",227,122,72,52,56,60,15,5,11,141,78,44,34,31,40,9,2,7,7,6,0,false,BIG,5,-1,6,V2,3,1,5,3,6,2,0,3_5_fbios_PABUnityIAPiOSDefensiveBase,segment_tag_core_slot_prob_nu_29_06_base1
75684,2026-04-15 03:01:29,3,3,2,attack,attack,goldSack,gold,1,false,600000000,90964634892350,200643,5,5,6000,11,2,0,0,0,0,26101,85000,26,0,30.7,,100,4050000,,,,,228,124,72,52,56,60,15,5,11,142,80,44,34,31,40,9,2,7,3,0,0,false,MAX,8,2,6,V2,3,1,5,3,3,2,0,3_5_fbios_PABUnityIAPiOSDefensiveBase,segment_tag_core_slot_prob_nu_29_06_base1
75685,2026-04-15 03:01:30,3,1,5,attack,coin,shield,gold,1,false,150000000,90964784892350,194643,5,5,6000,11,1,0,1,0,0,26101,85000,26,0,30.7,,100,4050000,,,,,229,125,72,53,56,60,15,5,11,143,81,44,35,31,40,9,2,7,2,1,0,false,BIG,7,1,6,V2,3,1,5,3,1,5,0,3_5_fbios_PABUnityIAPiOSDefensiveBase,segment_tag_core_slot_prob_nu_29_06_base1
75686,2026-04-15 03:01:35,1,1,4,coin,coin,steal,gold,1,false,300000000,90965084892350,188643,5,5,6000,11,0,1,0,0,0,26101,85000,26,0,30.7,,100,4050000,,,,,230,125,73,53,56,60,15,5,11,144,81,45,35,31,40,9,2,7,4,5,1,false,MIN,-4,-7,3,V2,3,1,5,1,1,4,0,3_5_fbios_PABUnityIAPiOSDefensiveBase,segment_tag_core_slot_prob_nu_29_06_base1
75687,2026-04-15 03:01:37,4,4,4,steal,steal,steal,steal,4,true,0,90965084892350,182643,5,5,6000,11,0,3,0,0,0,26101,85000,26,0,30.7,,100,4050000,,,,,231,125,76,53,56,60,15,6,11,145,81,48,35,31,40,9,3,7,4,4,4,false,MIN,-3,-4,1,V2,3,1,5,4,4,4,0,3_5_fbios_PABUnityIAPiOSDefensiveBase,segment_tag_core_slot_prob_nu_29_06_base1
75688,2026-04-15 03:02:08,3,3,3,attack,attack,attack,attack,2,true,0,92070932892350,182143,5,5,1500,11,3,0,0,0,0,26101,85000,26,0,30.7,,100,4050000,,,,,232,128,76,53,56,60,16,6,11,146,84,48,35,31,40,10,3,7,0,0,0,false,MIN,-3,-2,-1,V2,3,1,5,3,3,3,0,3_5_fbios_PABUnityIAPiOSDefensiveBase,segment_tag_core_slot_prob_nu_29_06_base1
75689,2026-04-15 03:02:15,30,30,1,accumulation,accumulation,coin,gold,1,false,37500000,92151086142350,180643,5,5,1500,11,0,0,0,0,2,29101,85000,26,3000,34.2,,100,4050000,,,,"{""b0185791"":""4399\/6000@m15""}",233,128,76,53,56,62,16,6,11,147,84,48,35,31,42,10,3,7,1,8,8,false,NORMAL,3,2,1,V2,3,1,5,30,30,1,0,3_5_fbios_PABUnityIAPiOSDefensiveBase,segment_tag_core_slot_prob_nu_29_06_base1
75690,2026-04-15 03:02:17,2,2,2,goldSack,goldSack,goldSack,gold,1,true,3600000000,92154686142350,179143,5,5,1500,11,0,0,0,0,0,29101,85000,26,0,34.2,,100,4050000,,,,,234,128,76,53,56,62,16,6,11,148,84,48,35,31,42,10,3,7,3,7,3,false,BIG,6,5,1,V2,3,1,5,2,2,2,0,3_5_fbios_PABUnityIAPiOSDefensiveBase,segment_tag_core_slot_prob_nu_29_06_base1
75691,2026-04-15 03:02:19,4,4,4,steal,steal,steal,steal,4,true,0,92154686142350,177643,5,5,1500,11,0,3,0,0,0,29101,85000,26,0,34.2,,100,4050000,,,,,235,128,79,53,56,62,16,7,11,149,84,51,35,31,42,10,4,7,4,4,4,false,SMALL,-2,-5,3,V2,3,1,5,4,4,4,0,3_5_fbios_PABUnityIAPiOSDefensiveBase,segment_tag_core_slot_prob_nu_29_06_base1
75692,2026-04-15 03:04:59,2,2,2,goldSack,goldSack,goldSack,gold,1,true,2400000,92355758542350,242092,5,5,1,11,0,0,0,0,0,29101,85000,26,0,34.2,,100,4050000,,,,,236,128,79,53,56,62,16,7,11,150,84,51,35,31,42,10,4,7,3,3,3,false,BIG,6,3,3,V2,3,1,5,2,2,2,0,3_5_fbios_PABUnityIAPiOSDefensiveBase,segment_tag_core_slot_prob_nu_29_06_base1
75693,2026-04-15 03:04:59,30,2,2,accumulation,goldSack,goldSack,gold,1,false,150000,92355758692350,242091,5,5,1,11,0,0,0,0,1,29102,85000,26,1,34.2,,100,4050000,,,,,237,128,79,53,56,63,16,7,11,151,84,51,35,31,43,10,4,7,7,3,8,false,MAX,11,8,3,V2,3,1,5,30,2,2,0,3_5_fbios_PABUnityIAPiOSDefensiveBase,segment_tag_core_slot_prob_nu_29_06_base1
75694,2026-04-15 03:05:00,30,2,2,accumulation,goldSack,goldSack,gold,1,false,150000,92355758842350,242090,5,5,1,11,0,0,0,0,1,29103,85000,26,1,34.2,,100,4050000,,,,"{""b0185791"":""4400\/6000@m15""}",238,128,79,53,56,64,16,7,11,152,84,51,35,31,44,10,4,7,7,7,8,false,MAX,13,10,3,V2,3,1,5,30,2,2,0,3_5_fbios_PABUnityIAPiOSDefensiveBase,segment_tag_core_slot_prob_nu_29_06_base1
75695,2026-04-15 03:05:02,5,5,5,shield,shield,shield,shield,3,true,1,92355758842350,242090,5,5,1,11,0,0,3,0,0,29103,85000,26,0,34.2,,100,4050000,,,,,239,128,79,56,56,64,16,7,12,153,84,51,38,31,44,10,4,8,2,2,2,false,NORMAL,2,-1,3,V2,3,1,5,5,5,5,0,3_5_fbios_PABUnityIAPiOSDefensiveBase,segment_tag_core_slot_prob_nu_29_06_base1
75696,2026-04-15 03:05:03,3,3,2,attack,attack,goldSack,gold,1,false,100000,92355758942350,242089,5,5,1,11,2,0,0,0,0,29103,85000,26,0,34.2,,100,4050000,,,,"{""4f593c8c"":""7968\/20000@m16""}",240,130,79,56,56,64,16,7,12,154,86,51,38,31,44,10,4,8,3,0,0,false,NORMAL,3,-1,4,V2,3,1,5,3,3,2,0,3_5_fbios_PABUnityIAPiOSDefensiveBase,segment_tag_core_slot_prob_nu_29_06_base1
75697,2026-04-15 03:05:08,4,4,4,steal,steal,steal,steal,4,true,0,92355758942350,242088,5,5,1,11,0,3,0,0,0,29103,85000,26,0,34.2,,100,4050000,,,,,241,130,82,56,56,64,16,8,12,155,86,54,38,31,44,10,5,8,4,4,4,false,SMALL,-1,-5,4,V2,3,1,5,4,4,4,0,3_5_fbios_PABUnityIAPiOSDefensiveBase,segment_tag_core_slot_prob_nu_29_06_base1
75698,2026-04-15 03:05:37,5,5,5,shield,shield,shield,shield,3,true,1,92355828870350,242088,5,5,1,11,0,0,3,0,0,29103,85000,26,0,34.2,,100,4050000,,,,,242,130,82,59,56,64,16,8,13,156,86,54,41,31,44,10,5,9,2,2,2,false,NORMAL,2,-1,3,V2,3,1,5,5,5,5,0,3_5_fbios_PABUnityIAPiOSDefensiveBase,segment_tag_core_slot_prob_nu_29_06_base1
75699,2026-04-15 03:05:38,30,30,1,accumulation,accumulation,coin,gold,1,false,25000,92355828895350,242087,5,5,1,11,0,0,0,0,2,29105,85000,26,2,34.2,,100,4050000,,,,,243,130,82,59,56,66,16,8,13,157,86,54,41,31,46,10,5,9,5,8,8,false,NORMAL,2,-1,3,V2,3,1,5,30,30,1,0,3_5_fbios_PABUnityIAPiOSDefensiveBase,segment_tag_core_slot_prob_nu_29_06_base1
75700,2026-04-15 03:05:40,2,2,2,goldSack,goldSack,goldSack,gold,1,true,2400000,92355831295350,242086,5,5,1,11,0,0,0,0,0,29105,85000,26,0,34.2,,100,4050000,,,,"{""b0185791"":""4401\/6000@m15""}",244,130,82,59,56,66,16,8,13,158,86,54,41,31,46,10,5,9,7,3,3,false,MAX,8,5,3,V2,3,1,5,2,2,2,0,3_5_fbios_PABUnityIAPiOSDefensiveBase,segment_tag_core_slot_prob_nu_29_06_base1
75701,2026-04-15 03:05:40,1,1,1,coin,coin,coin,gold,1,true,250000,92355831545350,242085,5,5,1,11,0,0,0,0,0,29105,85000,26,0,34.2,,100,4050000,,,,,245,130,82,59,56,66,16,8,13,159,86,54,41,31,46,10,5,9,5,1,1,false,MIN,-6,-4,-2,V2,3,1,5,1,1,1,0,3_5_fbios_PABUnityIAPiOSDefensiveBase,segment_tag_core_slot_prob_nu_29_06_base1
75702,2026-04-15 03:05:41,3,1,4,attack,coin,steal,gold,1,false,25000,92355831570350,242084,5,5,1,11,1,1,0,0,0,29105,85000,26,0,34.2,,100,4050000,,,,,246,131,83,59,56,66,16,8,13,160,87,55,41,31,46,10,5,9,4,5,0,false,MIN,-4,-2,-2,V2,3,1,5,3,1,4,0,3_5_fbios_PABUnityIAPiOSDefensiveBase,segment_tag_core_slot_prob_nu_29_06_base1
75703,2026-04-15 03:05:42,2,2,2,goldSack,goldSack,goldSack,gold,1,true,2400000,92355833970350,242083,5,5,1,11,0,0,0,0,0,29105,85000,26,0,34.2,,100,4050000,,,,"{""4f593c8c"":""7970\/20000@m16""}",247,131,83,59,56,66,16,8,13,161,87,55,41,31,46,10,5,9,3,3,7,false,SMALL,-2,0,-2,V2,3,1,5,2,2,2,0,3_5_fbios_PABUnityIAPiOSDefensiveBase,segment_tag_core_slot_prob_nu_29_06_base1
75704,2026-04-15 03:05:43,3,6,2,attack,spins,goldSack,gold,1,false,100000,92355834070350,242082,5,5,1,11,1,0,0,1,0,29105,85000,26,0,34.2,,100,4050000,,,,,248,132,83,59,57,66,16,8,13,162,88,55,41,32,46,10,5,9,3,6,0,false,NORMAL,2,3,-1,V2,3,1,5,3,6,2,0,3_5_fbios_PABUnityIAPiOSDefensiveBase,segment_tag_core_slot_prob_nu_29_06_base1
75706,2026-04-15 14:56:04,30,2,2,accumulation,goldSack,goldSack,gold,1,false,150000,92352763484230,242388,5,5,1,11,0,0,0,0,1,29106,85000,26,1,34.2,bonus_as10_gae3_no,100,4050000,,,,,249,132,83,59,57,67,16,8,13,163,88,55,41,32,47,10,5,9,7,7,8,false,MAX,8,8,0,V2,3,1,5,30,2,2,0,3_5_fbios_PABUnityIAPiOSDefensiveBase,segment_tag_core_slot_prob_nu_29_06_base1
75707,2026-04-15 14:56:17,3,4,2,attack,steal,goldSack,gold,1,false,150000000,92352913484230,240888,5,5,1500,11,1,1,0,0,0,29106,85000,26,0,34.2,bonus_as10_gae3_no,100,4050000,,,,,250,133,84,59,57,67,16,8,13,164,89,56,41,32,47,10,5,9,7,4,0,false,NORMAL,0,0,0,V2,3,1,5,3,4,2,0,3_5_fbios_PABUnityIAPiOSDefensiveBase,segment_tag_core_slot_prob_nu_29_06_base1
75708,2026-04-15 14:56:21,3,1,1,attack,coin,coin,gold,1,false,75000000,92352988484230,239390,5,5,1500,11,1,0,0,0,0,29106,85000,26,0,34.2,bonus_as10_gae3_no,100,4050000,,,,,251,134,84,59,57,67,16,8,13,165,90,56,41,32,47,10,5,9,1,1,0,false,NORMAL,2,1,1,V2,3,1,5,3,1,1,0,3_5_fbios_PABUnityIAPiOSDefensiveBase,segment_tag_core_slot_prob_nu_29_06_base1
75709,2026-04-15 14:56:23,1,6,6,coin,spins,spins,gold,1,false,37500000,92353025984230,237890,5,5,1500,11,0,0,0,2,0,29106,85000,26,0,34.2,bonus_as10_gae3_no,100,4050000,,,,,252,134,84,59,59,67,16,8,13,166,90,56,41,34,47,10,5,9,6,6,1,false,MIN,-5,-3,-2,V2,3,1,5,1,6,6,0,3_5_fbios_PABUnityIAPiOSDefensiveBase,segment_tag_core_slot_prob_nu_29_06_base1
75710,2026-04-15 14:56:24,4,6,2,steal,spins,goldSack,gold,1,false,150000000,92353175984230,236390,5,5,1500,11,0,1,0,1,0,29106,85000,26,0,34.2,bonus_as10_gae3_no,100,4050000,,,,,253,134,85,59,60,67,16,8,13,167,90,57,41,35,47,10,5,9,7,6,4,false,SMALL,-1,1,-2,V2,3,1,5,4,6,2,0,3_5_fbios_PABUnityIAPiOSDefensiveBase,segment_tag_core_slot_prob_nu_29_06_base1
75711,2026-04-15 14:56:25,2,2,2,goldSack,goldSack,goldSack,gold,1,true,3600000000,92356775984230,234890,5,5,1500,11,0,0,0,0,0,29106,85000,26,0,34.2,bonus_as10_gae3_no,100,4050000,,,,,254,134,85,59,60,67,16,8,13,168,90,57,41,35,47,10,5,9,3,7,3,false,NORMAL,3,5,-2,V2,3,1,5,2,2,2,0,3_5_fbios_PABUnityIAPiOSDefensiveBase,segment_tag_core_slot_prob_nu_29_06_base1
75712,2026-04-15 14:56:27,3,3,3,attack,attack,attack,attack,2,true,0,92356775984230,233390,5,5,1500,11,3,0,0,0,0,29106,85000,26,0,34.2,bonus_as10_gae3_no,100,4050000,,,,"{""4f593c8c"":""10970\/20000@m16"",""b0185791"":""5901\/6000@m15""}",255,137,85,59,60,67,17,8,13,169,93,57,41,35,47,11,5,9,0,0,0,false,SMALL,-1,-1,0,V2,3,1,5,3,3,3,0,3_5_fbios_PABUnityIAPiOSDefensiveBase,segment_tag_core_slot_prob_nu_29_06_base1
75713,2026-04-15 14:56:43,3,4,2,attack,steal,goldSack,gold,1,false,40000000,92390915984230,233370,5,5,400,11,1,1,0,0,0,29106,85000,26,0,34.2,bonus_as10_gae3_no,100,4050000,,,,,256,138,86,59,60,67,17,8,13,170,94,58,41,35,47,11,5,9,7,4,0,false,NORMAL,0,0,0,V2,3,1,5,3,4,2,0,3_5_fbios_PABUnityIAPiOSDefensiveBase,segment_tag_core_slot_prob_nu_29_06_base1
75714,2026-04-15 14:56:44,3,1,5,attack,coin,shield,gold,1,false,10000000,92390925984230,232970,5,5,400,11,1,0,1,0,0,29106,85000,26,0,34.2,bonus_as10_gae3_no,100,4050000,,,,"{""4f593c8c"":""11770\/20000@m16""}",257,139,86,60,60,67,17,8,13,171,95,58,42,35,47,11,5,9,2,1,0,false,NORMAL,1,1,0,V2,3,1,5,3,1,5,0,3_5_fbios_PABUnityIAPiOSDefensiveBase,segment_tag_core_slot_prob_nu_29_06_base1
75715,2026-04-15 14:56:46,3,3,3,attack,attack,attack,attack,2,true,0,92390925984230,232570,5,5,400,11,3,0,0,0,0,29106,85000,26,0,34.2,bonus_as10_gae3_no,100,4050000,,,,,258,142,86,60,60,67,18,8,13,172,98,58,42,35,47,12,5,9,0,0,0,false,SMALL,-2,-2,0,V2,3,1,5,3,3,3,0,3_5_fbios_PABUnityIAPiOSDefensiveBase,segment_tag_core_slot_prob_nu_29_06_base1
75716,2026-04-15 14:56:54,6,6,6,spins,spins,spins,spins,5,true,4000,92402925984230,236820,5,5,400,11,0,0,0,3,0,29106,85000,26,0,34.2,bonus_as10_gae3_no,100,4050000,,,,,259,142,86,60,63,67,18,8,13,173,98,58,42,38,47,12,5,9,6,6,6,true,NORMAL,0,0,0,V2,3,1,5,6,6,6,0,3_5_fbios_PABUnityIAPiOSDefensiveBase,segment_tag_core_slot_prob_nu_29_06_base1
75717,2026-04-15 14:56:56,3,3,3,attack,attack,attack,attack,2,true,0,92402925984230,236420,5,5,400,11,3,0,0,0,0,29106,85000,26,0,34.2,bonus_as10_gae3_no,100,4050000,,,,,260,145,86,60,63,67,19,8,13,1,3,0,0,0,0,1,0,0,0,0,0,false,MIN,-3,-3,0,V2,3,1,5,3,3,3,0,3_5_fbios_PABUnityIAPiOSDefensiveBase,segment_tag_core_slot_prob_nu_29_06_base1
75718,2026-04-15 14:57:05,3,1,5,attack,coin,shield,gold,1,false,10000000,92414935984230,236020,5,5,400,11,1,0,1,0,0,29106,85000,26,0,34.2,bonus_as10_gae3_no,100,4050000,,,,,261,146,86,61,63,67,19,8,13,2,4,0,1,0,0,1,0,0,2,1,0,false,NORMAL,1,1,0,V2,3,1,5,3,1,5,0,3_5_fbios_PABUnityIAPiOSDefensiveBase,segment_tag_core_slot_prob_nu_29_06_base1
75719,2026-04-15 14:57:06,2,2,2,goldSack,goldSack,goldSack,gold,1,true,960000000,92415895984230,235620,5,5,400,11,0,0,0,0,0,29106,85000,26,0,34.2,bonus_as10_gae3_no,100,4050000,,,,,262,146,86,61,63,67,19,8,13,3,4,0,1,0,0,1,0,0,7,3,7,false,NORMAL,1,0,1,V2,3,1,5,2,2,2,0,3_5_fbios_PABUnityIAPiOSDefensiveBase,segment_tag_core_slot_prob_nu_29_06_base1
75720,2026-04-15 14:57:07,3,1,1,attack,coin,coin,gold,1,false,20000000,92415915984230,235220,5,5,400,11,1,0,0,0,0,29106,85000,26,0,34.2,bonus_as10_gae3_no,100,4050000,,,,"{""4f593c8c"":""12570\/20000@m16""}",263,147,86,61,63,67,19,8,13,4,5,0,1,0,0,1,0,0,1,1,0,false,NORMAL,1,0,1,V2,3,1,5,3,1,1,0,3_5_fbios_PABUnityIAPiOSDefensiveBase,segment_tag_core_slot_prob_nu_29_06_base1
75721,2026-04-15 14:57:12,3,3,3,attack,attack,attack,attack,2,true,0,92415915984230,233720,5,5,1500,11,3,0,0,0,0,29106,85000,26,0,34.2,bonus_as10_gae3_no,100,4050000,,,,,264,150,86,61,63,67,20,8,13,5,8,0,1,0,0,2,0,0,0,0,0,false,NORMAL,0,-1,1,V2,3,1,5,3,3,3,0,3_5_fbios_PABUnityIAPiOSDefensiveBase,segment_tag_core_slot_prob_nu_29_06_base1
75722,2026-04-15 14:57:18,30,2,2,accumulation,goldSack,goldSack,gold,1,false,225000000,92461140984230,232520,5,5,1500,11,0,0,0,0,1,30606,85000,26,1500,36.0,bonus_as10_gae3_no,100,4050000,,,,"{""b0185791"":""1401\/15000@m16""}",265,150,86,61,63,68,20,8,13,6,8,0,1,0,1,2,0,0,7,3,8,false,MAX,9,7,2,V2,3,1,5,30,2,2,0,3_5_fbios_PABUnityIAPiOSDefensiveBase,segment_tag_core_slot_prob_nu_29_06_base1
75723,2026-04-15 14:57:23,4,6,2,steal,spins,goldSack,gold,1,false,150000000,92461290984230,231020,5,5,1500,11,0,1,0,1,0,30606,85000,26,0,36.0,bonus_as10_gae3_no,100,4050000,,,,,266,150,87,61,64,68,20,8,13,7,8,1,1,1,1,2,0,0,3,6,4,false,BIG,5,1,4,V2,3,1,5,4,6,2,0,3_5_fbios_PABUnityIAPiOSDefensiveBase,segment_tag_core_slot_prob_nu_29_06_base1
75724,2026-04-15 14:57:24,30,2,2,accumulation,goldSack,goldSack,gold,1,false,225000000,92461515984230,229520,5,5,1500,11,0,0,0,0,1,32106,85000,26,1500,37.8,bonus_as10_gae3_no,100,4050000,,,,,267,150,87,61,64,69,20,8,13,8,8,1,1,1,2,2,0,0,7,3,8,false,MAX,11,7,4,V2,3,1,5,30,2,2,0,3_5_fbios_PABUnityIAPiOSDefensiveBase,segment_tag_core_slot_prob_nu_29_06_base1
75725,2026-04-15 14:57:27,3,1,1,attack,coin,coin,gold,1,false,300000000,92461815984230,223520,5,5,6000,11,1,0,0,0,0,32106,85000,26,0,37.8,bonus_as10_gae3_no,100,4050000,,,,,268,151,87,61,64,69,20,8,13,9,9,1,1,1,2,2,0,0,1,1,0,false,BIG,5,1,4,V2,3,1,5,3,1,1,0,3_5_fbios_PABUnityIAPiOSDefensiveBase,segment_tag_core_slot_prob_nu_29_06_base1
75726,2026-04-15 14:57:28,1,6,6,coin,spins,spins,gold,1,false,150000000,92461965984230,217520,5,5,6000,11,0,0,0,2,0,32106,85000,26,0,37.8,bonus_as10_gae3_no,100,4050000,,,,,269,151,87,61,66,69,20,8,13,10,9,1,1,3,2,2,0,0,6,6,1,false,SMALL,-2,-3,1,V2,3,1,5,1,6,6,0,3_5_fbios_PABUnityIAPiOSDefensiveBase,segment_tag_core_slot_prob_nu_29_06_base1
75727,2026-04-15 14:57:30,3,3,3,attack,attack,attack,attack,2,true,0,92461965984230,211520,5,5,6000,11,3,0,0,0,0,32106,85000,26,0,37.8,bonus_as10_gae3_no,100,4050000,,,,,270,154,87,61,66,69,21,8,13,11,12,1,1,3,2,3,0,0,0,0,0,false,SMALL,-1,-2,1,V2,3,1,5,3,3,3,0,3_5_fbios_PABUnityIAPiOSDefensiveBase,segment_tag_core_slot_prob_nu_29_06_base1
75728,2026-04-15 14:57:39,1,6,6,coin,spins,spins,gold,1,false,10000000,92641975984230,211120,5,5,400,11,0,0,0,2,0,32106,85000,26,0,37.8,bonus_as10_gae3_no,100,4050000,,,,"{""4f593c8c"":""13370\/20000@m16""}",271,154,87,61,68,69,21,8,13,12,12,1,1,5,2,3,0,0,6,6,5,false,NORMAL,3,2,1,V2,3,1,5,1,6,6,0,3_5_fbios_PABUnityIAPiOSDefensiveBase,segment_tag_core_slot_prob_nu_29_06_base1
75729,2026-04-15 14:57:41,1,1,6,coin,coin,spins,gold,1,false,20000000,92641995984230,210720,5,5,400,11,0,0,0,1,0,32106,85000,26,0,37.8,bonus_as10_gae3_no,100,4050000,,,,,272,154,87,61,69,69,21,8,13,13,12,1,1,6,2,3,0,0,6,1,1,false,NORMAL,0,-1,1,V2,3,1,5,1,1,6,0,3_5_fbios_PABUnityIAPiOSDefensiveBase,segment_tag_core_slot_prob_nu_29_06_base1
75730,2026-04-15 14:57:42,1,4,4,coin,steal,steal,gold,1,false,10000000,92642005984230,210320,5,5,400,11,0,2,0,0,0,32106,85000,26,0,37.8,bonus_as10_gae3_no,100,4050000,,,,"{""b0185791"":""1801\/15000@m16""}",273,154,89,61,69,69,21,8,13,14,12,3,1,6,2,3,0,0,4,4,1,false,SMALL,-2,-3,1,V2,3,1,5,1,4,4,0,3_5_fbios_PABUnityIAPiOSDefensiveBase,segment_tag_core_slot_prob_nu_29_06_base1
75731,2026-04-15 14:57:44,6,6,6,spins,spins,spins,spins,5,true,4000,92642005984230,213920,5,5,400,11,0,0,0,3,0,32106,85000,26,0,37.8,bonus_as10_gae3_no,100,4050000,,,,,274,154,89,61,72,69,21,8,13,15,12,3,1,9,2,3,0,0,6,6,6,true,NORMAL,0,0,0,V2,3,1,5,6,6,6,0,3_5_fbios_PABUnityIAPiOSDefensiveBase,segment_tag_core_slot_prob_nu_29_06_base1
75732,2026-04-15 14:57:46,30,2,2,accumulation,goldSack,goldSack,gold,1,false,60000000,92642065984230,213522,5,5,400,11,0,0,0,0,1,32506,85000,26,400,38.2,bonus_as10_gae3_no,100,4050000,,,,"{""4f593c8c"":""14170\/20000@m16""}",275,154,89,61,72,70,21,8,13,1,0,0,0,0,1,0,0,0,3,7,8,false,BIG,4,5,-1,V2,3,1,5,30,2,2,0,3_5_fbios_PABUnityIAPiOSDefensiveBase,segment_tag_core_slot_prob_nu_29_06_base1
75733,2026-04-15 14:57:48,1,1,4,coin,coin,steal,gold,1,false,75000000,92642140984230,212022,5,5,1500,11,0,1,0,0,0,32506,85000,26,0,38.2,bonus_as10_gae3_no,100,4050000,,,,,276,154,90,61,72,70,21,8,13,2,0,1,0,0,1,0,0,0,4,1,1,false,MIN,-4,-2,-2,V2,3,1,5,1,1,4,0,3_5_fbios_PABUnityIAPiOSDefensiveBase,segment_tag_core_slot_prob_nu_29_06_base1
75734,2026-04-15 14:57:49,2,2,2,goldSack,goldSack,goldSack,gold,1,true,3600000000,92645740984230,210522,5,5,1500,11,0,0,0,0,0,32506,85000,26,0,38.2,bonus_as10_gae3_no,100,4050000,,,,,277,154,90,61,72,70,21,8,13,3,0,1,0,0,1,0,0,0,3,7,7,false,NORMAL,1,3,-2,V2,3,1,5,2,2,2,0,3_5_fbios_PABUnityIAPiOSDefensiveBase,segment_tag_core_slot_prob_nu_29_06_base1
75735,2026-04-15 14:57:51,4,6,2,steal,spins,goldSack,gold,1,false,150000000,92645890984230,209022,5,5,1500,11,0,1,0,1,0,32506,85000,26,0,38.2,bonus_as10_gae3_no,100,4050000,,,,,278,154,91,61,73,70,21,8,13,4,0,2,0,1,1,0,0,0,3,6,4,false,NORMAL,0,2,-2,V2,3,1,5,4,6,2,0,3_5_fbios_PABUnityIAPiOSDefensiveBase,segment_tag_core_slot_prob_nu_29_06_base1
75736,2026-04-15 14:57:53,3,3,3,attack,attack,attack,attack,2,true,0,92645890984230,203022,5,5,6000,11,3,0,0,0,0,32506,85000,26,0,38.2,bonus_as10_gae3_no,100,4050000,,,,,279,157,91,61,73,70,22,8,13,5,3,2,0,1,1,1,0,0,0,0,0,false,SMALL,-2,-2,0,V2,3,1,5,3,3,3,0,3_5_fbios_PABUnityIAPiOSDefensiveBase,segment_tag_core_slot_prob_nu_29_06_base1
75737,2026-04-15 14:58:04,5,5,5,shield,shield,shield,shield,3,true,400,92705290984230,204722,5,5,400,11,0,0,3,0,0,32506,85000,26,0,38.2,bonus_as10_gae3_no,100,4050000,,,,,280,157,91,64,73,70,22,8,14,6,3,2,3,1,1,1,0,1,2,2,2,false,NORMAL,0,0,0,V2,3,1,5,5,5,5,0,3_5_fbios_PABUnityIAPiOSDefensiveBase,segment_tag_core_slot_prob_nu_29_06_base1
75738,2026-04-15 14:58:05,1,4,6,coin,steal,spins,gold,1,false,10000000,92705300984230,204322,5,5,400,11,0,1,0,1,0,32506,85000,26,0,38.2,bonus_as10_gae3_no,100,4050000,,,,"{""b0185791"":""2201\/15000@m16""}",281,157,92,64,74,70,22,8,14,7,3,3,3,2,1,1,0,1,6,4,5,false,NORMAL,2,2,0,V2,3,1,5,1,4,6,0,3_5_fbios_PABUnityIAPiOSDefensiveBase,segment_tag_core_slot_prob_nu_29_06_base1
75739,2026-04-15 14:58:06,3,6,2,attack,spins,goldSack,gold,1,false,40000000,92705340984230,203922,5,5,400,11,1,0,0,1,0,32506,85000,26,0,38.2,bonus_as10_gae3_no,100,4050000,,,,,282,158,92,64,75,70,22,8,14,8,4,3,3,3,1,1,0,1,3,6,0,false,NORMAL,2,2,0,V2,3,1,5,3,6,2,0,3_5_fbios_PABUnityIAPiOSDefensiveBase,segment_tag_core_slot_prob_nu_29_06_base1
75740,2026-04-15 14:58:08,1,4,6,coin,steal,spins,gold,1,false,10000000,92705350984230,203522,5,5,400,11,0,1,0,1,0,32506,85000,26,0,38.2,bonus_as10_gae3_no,100,4050000,,,,,283,158,93,64,76,70,22,8,14,9,4,4,3,4,1,1,0,1,6,4,1,false,MIN,-5,-3,-2,V2,3,1,5,1,4,6,0,3_5_fbios_PABUnityIAPiOSDefensiveBase,segment_tag_core_slot_prob_nu_29_06_base1
75741,2026-04-15 14:58:11,4,4,4,steal,steal,steal,steal,4,true,0,92705350984230,202022,5,5,1500,11,0,3,0,0,0,32506,85000,26,0,38.2,bonus_as10_gae3_no,100,4050000,,,,,284,158,96,64,76,70,22,9,14,10,4,7,3,4,1,1,1,1,4,4,4,false,MIN,-5,-5,0,V2,3,1,5,4,4,4,0,3_5_fbios_PABUnityIAPiOSDefensiveBase,segment_tag_core_slot_prob_nu_29_06_base1
75742,2026-04-15 14:58:28,5,5,5,shield,shield,shield,shield,3,true,400,92789560984230,202022,5,5,400,11,0,0,3,0,0,32506,85000,26,0,38.2,bonus_as10_gae3_no,100,4050000,,,,,285,158,96,67,76,70,22,9,15,11,4,7,6,4,1,1,1,2,2,2,2,false,SMALL,-1,-1,0,V2,3,1,5,5,5,5,0,3_5_fbios_PABUnityIAPiOSDefensiveBase,segment_tag_core_slot_prob_nu_29_06_base1
75743,2026-04-15 14:58:31,1,1,1,coin,coin,coin,gold,1,true,100000000,92789660984230,201622,5,5,400,11,0,0,0,0,0,32506,85000,26,0,38.2,bonus_as10_gae3_no,100,4050000,,,,"{""4f593c8c"":""14970\/20000@m16""}",286,158,96,67,76,70,22,9,15,12,4,7,6,4,1,1,1,2,5,1,1,false,MIN,-5,-5,0,V2,3,1,5,1,1,1,0,3_5_fbios_PABUnityIAPiOSDefensiveBase,segment_tag_core_slot_prob_nu_29_06_base1
75744,2026-04-15 14:58:32,3,1,4,attack,coin,steal,gold,1,false,10000000,92789670984230,201222,5,5,400,11,1,1,0,0,0,32506,85000,26,0,38.2,bonus_as10_gae3_no,100,4050000,,,,,287,159,97,67,76,70,22,9,15,13,5,8,6,4,1,1,1,2,4,1,0,false,NORMAL,1,0,1,V2,3,1,5,3,1,4,0,3_5_fbios_PABUnityIAPiOSDefensiveBase,segment_tag_core_slot_prob_nu_29_06_base1
75745,2026-04-15 14:58:34,3,5,2,attack,shield,goldSack,gold,1,false,40000000,92789710984230,200822,5,5,400,11,1,0,1,0,0,32506,85000,26,0,38.2,bonus_as10_gae3_no,100,4050000,,,,,288,160,97,68,76,70,22,9,15,14,6,8,7,4,1,1,1,2,3,2,0,false,NORMAL,0,2,-2,V2,3,1,5,3,5,2,0,3_5_fbios_PABUnityIAPiOSDefensiveBase,segment_tag_core_slot_prob_nu_29_06_base1
75746,2026-04-15 14:58:36,2,2,2,goldSack,goldSack,goldSack,gold,1,true,960000000,92790670984230,200422,5,5,400,11,0,0,0,0,0,32506,85000,26,0,38.2,bonus_as10_gae3_no,100,4050000,,,,,289,160,97,68,76,70,22,9,15,15,6,8,7,4,1,1,1,2,7,7,7,false,NORMAL,3,3,0,V2,3,1,5,2,2,2,0,3_5_fbios_PABUnityIAPiOSDefensiveBase,segment_tag_core_slot_prob_nu_29_06_base1
75747,2026-04-15 14:58:37,1,1,4,coin,coin,steal,gold,1,false,20000000,92790690984230,200022,5,5,400,11,0,1,0,0,0,32506,85000,26,0,38.2,bonus_as10_gae3_no,100,4050000,,,,,290,160,98,68,76,70,22,9,15,16,6,9,7,4,1,1,1,2,4,1,1,false,MIN,-4,-2,-2,V2,3,1,5,1,1,4,0,3_5_fbios_PABUnityIAPiOSDefensiveBase,segment_tag_core_slot_prob_nu_29_06_base1
75748,2026-04-15 14:58:39,5,5,5,shield,shield,shield,shield,3,true,400,92790690984230,200022,5,5,400,11,0,0,3,0,0,32506,85000,26,0,38.2,bonus_as10_gae3_no,100,4050000,,,,"{""b0185791"":""2601\/15000@m16""}",291,160,98,71,76,70,22,9,16,17,6,9,10,4,1,1,1,3,2,2,2,false,MIN,-3,-1,-2,V2,3,1,5,5,5,5,0,3_5_fbios_PABUnityIAPiOSDefensiveBase,segment_tag_core_slot_prob_nu_29_06_base1
75749,2026-04-15 14:58:41,1,1,1,coin,coin,coin,gold,1,true,100000000,92790790984230,199622,5,5,400,11,0,0,0,0,0,32506,85000,26,0,38.2,bonus_as10_gae3_no,100,4050000,,,,,292,160,98,71,76,70,22,9,16,18,6,9,10,4,1,1,1,3,5,5,1,false,MIN,-13,-11,-2,V2,3,1,5,1,1,1,0,3_5_fbios_PABUnityIAPiOSDefensiveBase,segment_tag_core_slot_prob_nu_29_06_base1
75750,2026-04-15 14:58:43,3,3,2,attack,attack,goldSack,gold,1,false,40000000,92790830984230,199222,5,5,400,11,2,0,0,0,0,32506,85000,26,0,38.2,bonus_as10_gae3_no,100,4050000,,,,,293,162,98,71,76,70,22,9,16,19,8,9,10,4,1,1,1,3,3,0,0,false,SMALL,-1,1,-2,V2,3,1,5,3,3,2,0,3_5_fbios_PABUnityIAPiOSDefensiveBase,segment_tag_core_slot_prob_nu_29_06_base1
75751,2026-04-15 14:58:44,6,6,2,spins,spins,goldSack,gold,1,false,40000000,92790870984230,198822,5,5,400,11,0,0,0,2,0,32506,85000,26,0,38.2,bonus_as10_gae3_no,100,4050000,,,,,294,162,98,71,78,70,22,9,16,20,8,9,10,6,1,1,1,3,7,6,6,false,SMALL,-1,1,-2,V2,3,1,5,6,6,2,0,3_5_fbios_PABUnityIAPiOSDefensiveBase,segment_tag_core_slot_prob_nu_29_06_base1
75752,2026-04-15 14:58:46,30,30,2,accumulation,accumulation,goldSack,gold,1,false,40000000,92790910984230,198422,5,5,400,11,0,0,0,0,2,33306,85000,26,800,39.2,bonus_as10_gae3_no,100,4050000,,,,,295,162,98,71,78,72,22,9,16,21,8,9,10,6,3,1,1,3,7,8,8,false,NORMAL,3,3,0,V2,3,1,5,30,30,2,0,3_5_fbios_PABUnityIAPiOSDefensiveBase,segment_tag_core_slot_prob_nu_29_06_base1
75753,2026-04-15 14:58:47,30,2,2,accumulation,goldSack,goldSack,gold,1,false,225000000,92791135984230,196922,5,5,1500,11,0,0,0,0,1,34806,85000,26,1500,40.9,bonus_as10_gae3_no,100,4050000,,,,,296,162,98,71,78,73,22,9,16,22,8,9,10,6,4,1,1,3,7,7,8,false,MAX,10,10,0,V2,3,1,5,30,2,2,0,3_5_fbios_PABUnityIAPiOSDefensiveBase,segment_tag_core_slot_prob_nu_29_06_base1
75754,2026-04-15 14:58:49,2,2,2,goldSack,goldSack,goldSack,gold,1,true,3600000000,92794735984230,195422,5,5,1500,11,0,0,0,0,0,34806,85000,26,0,40.9,bonus_as10_gae3_no,100,4050000,,,,,297,162,98,71,78,73,22,9,16,23,8,9,10,6,4,1,1,3,3,3,3,false,NORMAL,3,3,0,V2,3,1,5,2,2,2,0,3_5_fbios_PABUnityIAPiOSDefensiveBase,segment_tag_core_slot_prob_nu_29_06_base1
75755,2026-04-15 14:58:50,2,2,2,goldSack,goldSack,goldSack,gold,1,true,3600000000,92798335984230,193922,5,5,1500,11,0,0,0,0,0,34806,85000,26,0,40.9,bonus_as10_gae3_no,100,4050000,,,,"{""b0185791"":""4101\/15000@m16""}",298,162,98,71,78,73,22,9,16,24,8,9,10,6,4,1,1,3,3,7,7,false,NORMAL,3,4,-1,V2,3,1,5,2,2,2,0,3_5_fbios_PABUnityIAPiOSDefensiveBase,segment_tag_core_slot_prob_nu_29_06_base1
75756,2026-04-15 14:58:52,30,2,2,accumulation,goldSack,goldSack,gold,1,false,225000000,92798560984230,192422,5,5,1500,11,0,0,0,0,1,36306,85000,26,1500,42.7,bonus_as10_gae3_no,100,4050000,,,,,299,162,98,71,78,74,22,9,16,25,8,9,10,6,5,1,1,3,7,7,8,false,MAX,8,9,-1,V2,3,1,5,30,2,2,0,3_5_fbios_PABUnityIAPiOSDefensiveBase,segment_tag_core_slot_prob_nu_29_06_base1
75757,2026-04-15 14:58:55,2,2,2,goldSack,goldSack,goldSack,gold,1,true,14400000000,92812960984230,186422,5,5,6000,11,0,0,0,0,0,36306,85000,26,0,42.7,bonus_as10_gae3_no,100,4050000,,,,,300,162,98,71,78,74,22,9,16,26,8,9,10,6,5,1,1,3,7,7,3,false,BIG,6,7,-1,V2,3,1,5,2,2,2,0,3_5_fbios_PABUnityIAPiOSDefensiveBase,segment_tag_core_slot_prob_nu_29_06_base1
75758,2026-04-15 14:58:57,3,3,3,attack,attack,attack,attack,2,true,0,92812960984230,180422,5,5,6000,11,3,0,0,0,0,36306,85000,26,0,42.7,bonus_as10_gae3_no,100,4050000,,,,,301,165,98,71,78,74,23,9,16,27,11,9,10,6,5,2,1,3,0,0,0,false,MIN,-3,-2,-1,V2,3,1,5,3,3,3,0,3_5_fbios_PABUnityIAPiOSDefensiveBase,segment_tag_core_slot_prob_nu_29_06_base1
75759,2026-04-15 14:59:40,4,4,4,steal,steal,steal,steal,4,true,0,92872360984230,180022,5,5,400,11,0,3,0,0,0,36306,85000,26,0,42.7,,100,4050000,,,,,302,165,101,71,78,74,23,10,16,28,11,12,10,6,5,2,2,3,4,4,4,false,MIN,-5,-5,0,V2,3,1,5,4,4,4,0,3_5_fbios_PABUnityIAPiOSDefensiveBase,segment_tag_core_slot_prob_nu_29_06_base1
75760,2026-04-15 15:00:00,1,4,4,coin,steal,steal,gold,1,false,10000000,92925050984230,179622,5,5,400,11,0,2,0,0,0,36306,85000,26,0,42.7,,100,4050000,,,,,303,165,103,71,78,74,23,10,16,29,11,14,10,6,5,2,2,3,4,4,5,false,NORMAL,1,1,0,V2,3,1,5,1,4,4,0,3_5_fbios_PABUnityIAPiOSDefensiveBase,segment_tag_core_slot_prob_nu_29_06_base1
75761,2026-04-15 15:00:02,30,30,1,accumulation,accumulation,coin,gold,1,false,10000000,92925060984230,179222,5,5,400,11,0,0,0,0,2,37106,85000,26,800,43.7,,100,4050000,,,,"{""b0185791"":""4501\/15000@m16""}",304,165,103,71,78,76,23,10,16,30,11,14,10,6,7,2,2,3,5,8,8,false,NORMAL,1,1,0,V2,3,1,5,30,30,1,0,3_5_fbios_PABUnityIAPiOSDefensiveBase,segment_tag_core_slot_prob_nu_29_06_base1
75762,2026-04-15 15:00:05,2,2,2,goldSack,goldSack,goldSack,gold,1,true,960000000,92926020984230,178822,5,5,400,11,0,0,0,0,0,37106,85000,26,0,43.7,,100,4050000,,,,"{""4f593c8c"":""15770\/20000@m16""}",305,165,103,71,78,76,23,10,16,31,11,14,10,6,7,2,2,3,3,3,7,false,NORMAL,0,0,0,V2,3,1,5,2,2,2,0,3_5_fbios_PABUnityIAPiOSDefensiveBase,segment_tag_core_slot_prob_nu_29_06_base1
75763,2026-04-15 15:00:06,3,3,3,attack,attack,attack,attack,2,true,0,92926020984230,178422,5,5,400,11,3,0,0,0,0,37106,85000,26,0,43.7,,100,4050000,,,,,306,168,103,71,78,76,24,10,16,32,14,14,10,6,7,3,2,3,0,0,0,false,SMALL,-2,-2,0,V2,3,1,5,3,3,3,0,3_5_fbios_PABUnityIAPiOSDefensiveBase,segment_tag_core_slot_prob_nu_29_06_base1
75764,2026-04-15 15:00:13,30,2,2,accumulation,goldSack,goldSack,gold,1,false,60000000,92930040984230,178022,5,5,400,11,0,0,0,0,1,37506,85000,26,400,44.1,,100,4050000,,,,,307,168,103,71,78,77,24,10,16,33,14,14,10,6,8,3,2,3,7,3,8,false,MAX,9,7,2,V2,3,1,5,30,2,2,0,3_5_fbios_PABUnityIAPiOSDefensiveBase,segment_tag_core_slot_prob_nu_29_06_base1
75765,2026-04-15 15:00:16,1,4,6,coin,steal,spins,gold,1,false,10000000,92930050984230,177622,5,5,400,11,0,1,0,1,0,37506,85000,26,0,44.1,,100,4050000,,,,,308,168,104,71,79,77,24,10,16,34,14,15,10,7,8,3,2,3,6,4,1,false,MIN,-4,-3,-1,V2,3,1,5,1,4,6,0,3_5_fbios_PABUnityIAPiOSDefensiveBase,segment_tag_core_slot_prob_nu_29_06_base1
75766,2026-04-15 15:00:17,2,2,2,goldSack,goldSack,goldSack,gold,1,true,960000000,92931010984230,177222,5,5,400,11,0,0,0,0,0,37506,85000,26,0,44.1,,100,4050000,,,,,309,168,104,71,79,77,24,10,16,35,14,15,10,7,8,3,2,3,7,3,3,false,BIG,4,5,-1,V2,3,1,5,2,2,2,0,3_5_fbios_PABUnityIAPiOSDefensiveBase,segment_tag_core_slot_prob_nu_29_06_base1
75767,2026-04-15 15:00:18,3,3,3,attack,attack,attack,attack,2,true,0,92931010984230,176822,5,5,400,11,3,0,0,0,0,37506,85000,26,0,44.1,,100,4050000,,,,,310,171,104,71,79,77,25,10,16,36,17,15,10,7,8,4,2,3,0,0,0,false,MIN,-3,-2,-1,V2,3,1,5,3,3,3,0,3_5_fbios_PABUnityIAPiOSDefensiveBase,segment_tag_core_slot_prob_nu_29_06_base1
75768,2026-04-15 15:00:27,3,4,2,attack,steal,goldSack,gold,1,false,40000000,92934730712230,176422,5,5,400,11,1,1,0,0,0,37506,85000,26,0,44.1,,100,4050000,,,,,311,172,105,71,79,77,25,10,16,37,18,16,10,7,8,4,2,3,3,4,0,false,BIG,5,4,1,V2,3,1,5,3,4,2,0,3_5_fbios_PABUnityIAPiOSDefensiveBase,segment_tag_core_slot_prob_nu_29_06_base1
75769,2026-04-15 15:00:51,4,6,2,steal,spins,goldSack,gold,1,false,40000000,92934770712230,176022,5,5,400,11,0,1,0,1,0,37506,85000,26,0,44.1,,100,4050000,,,,,312,172,106,71,80,77,25,10,16,38,18,17,10,8,8,4,2,3,3,6,4,false,NORMAL,3,2,1,V2,3,1,5,4,6,2,0,3_5_fbios_PABUnityIAPiOSDefensiveBase,segment_tag_core_slot_prob_nu_29_06_base1
75770,2026-04-15 15:00:52,3,6,2,attack,spins,goldSack,gold,1,false,40000000,92934810712230,175622,5,5,400,11,1,0,0,1,0,37506,85000,26,0,44.1,,100,4050000,,,,,313,173,106,71,81,77,25,10,16,39,19,17,10,9,8,4,2,3,3,6,0,false,BIG,4,3,1,V2,3,1,5,3,6,2,0,3_5_fbios_PABUnityIAPiOSDefensiveBase,segment_tag_core_slot_prob_nu_29_06_base1
75771,2026-04-15 15:00:53,30,2,2,accumulation,goldSack,goldSack,gold,1,false,60000000,92934870712230,175222,5,5,400,11,0,0,0,0,1,37906,85000,26,400,44.6,,100,4050000,,,,,314,173,106,71,81,78,25,10,16,40,19,17,10,9,9,4,2,3,3,7,8,false,MAX,9,8,1,V2,3,1,5,30,2,2,0,3_5_fbios_PABUnityIAPiOSDefensiveBase,segment_tag_core_slot_prob_nu_29_06_base1
75772,2026-04-15 15:00:55,1,6,6,coin,spins,spins,gold,1,false,37500000,92934908212230,173722,5,5,1500,11,0,0,0,2,0,37906,85000,26,0,44.6,,100,4050000,,,,,315,173,106,71,83,78,25,10,16,41,19,17,10,11,9,4,2,3,6,6,5,false,BIG,4,3,1,V2,3,1,5,1,6,6,0,3_5_fbios_PABUnityIAPiOSDefensiveBase,segment_tag_core_slot_prob_nu_29_06_base1
75773,2026-04-15 15:00:57,30,2,2,accumulation,goldSack,goldSack,gold,1,false,225000000,92935133212230,172222,5,5,1500,11,0,0,0,0,1,39406,85000,26,1500,46.4,,100,4050000,,,,"{""b0185791"":""6001\/15000@m16""}",316,173,106,71,83,79,25,10,16,42,19,17,10,11,10,4,2,3,3,3,8,false,BIG,5,4,1,V2,3,1,5,30,2,2,0,3_5_fbios_PABUnityIAPiOSDefensiveBase,segment_tag_core_slot_prob_nu_29_06_base1
75774,2026-04-15 15:00:58,30,2,2,accumulation,goldSack,goldSack,gold,1,false,225000000,92935358212230,170722,5,5,1500,11,0,0,0,0,1,40906,85000,26,1500,48.1,,100,4050000,,,,,317,173,106,71,83,80,25,10,16,43,19,17,10,11,11,4,2,3,7,3,8,false,MAX,9,8,1,V2,3,1,5,30,2,2,0,3_5_fbios_PABUnityIAPiOSDefensiveBase,segment_tag_core_slot_prob_nu_29_06_base1
75775,2026-04-15 15:01:01,4,6,2,steal,spins,goldSack,gold,1,false,600000000,92935958212230,164722,5,5,6000,11,0,1,0,1,0,40906,85000,26,0,48.1,,100,4050000,,,,,318,173,107,71,84,80,25,10,16,44,19,18,10,12,11,4,2,3,7,6,4,false,BIG,7,2,5,V2,3,1,5,4,6,2,0,3_5_fbios_PABUnityIAPiOSDefensiveBase,segment_tag_core_slot_prob_nu_29_06_base1
75776,2026-04-15 15:01:03,1,5,5,coin,shield,shield,gold,1,false,150000000,92936108212230,158722,5,5,6000,11,0,0,2,0,0,40906,85000,26,0,48.1,,100,4050000,,,,,319,173,107,73,84,80,25,10,16,45,19,18,12,12,11,4,2,3,2,2,5,false,BIG,5,0,5,V2,3,1,5,1,5,5,0,3_5_fbios_PABUnityIAPiOSDefensiveBase,segment_tag_core_slot_prob_nu_29_06_base1
75777,2026-04-15 15:01:04,30,2,2,accumulation,goldSack,goldSack,gold,1,false,900000000,92937008212230,152722,5,5,6000,11,0,0,0,0,1,46906,85000,26,6000,55.2,bonus_as10_gae3_no,100,4050000,,,,,320,173,107,73,84,81,25,10,16,46,19,18,12,12,12,4,2,3,3,7,8,false,MAX,11,6,5,V2,3,1,5,30,2,2,0,3_5_fbios_PABUnityIAPiOSDefensiveBase,segment_tag_core_slot_prob_nu_29_06_base1
75778,2026-04-15 15:01:06,3,1,1,attack,coin,coin,gold,1,false,300000000,92937308212230,146722,5,5,6000,11,1,0,0,0,0,46906,85000,26,0,55.2,bonus_as10_gae3_no,100,4050000,,,,"{""b0185791"":""12001\/15000@m16""}",321,174,107,73,84,81,25,10,16,47,20,18,12,12,12,4,2,3,5,5,0,false,NORMAL,1,-4,5,V2,3,1,5,3,1,1,0,3_5_fbios_PABUnityIAPiOSDefensiveBase,segment_tag_core_slot_prob_nu_29_06_base1
75779,2026-04-15 15:01:07,3,4,2,attack,steal,goldSack,gold,1,false,600000000,92937908212230,140722,5,5,6000,11,1,1,0,0,0,46906,85000,26,0,55.2,bonus_as10_gae3_no,100,4050000,,,,,322,175,108,73,84,81,25,10,16,48,21,19,12,12,12,4,2,3,7,4,0,false,NORMAL,2,0,2,V2,3,1,5,3,4,2,0,3_5_fbios_PABUnityIAPiOSDefensiveBase,segment_tag_core_slot_prob_nu_29_06_base1
75780,2026-04-15 15:01:08,3,3,3,attack,attack,attack,attack,2,true,0,92937908212230,134722,5,5,6000,11,3,0,0,0,0,46906,85000,26,0,55.2,bonus_as10_gae3_no,100,4050000,,,,,323,178,108,73,84,81,26,10,16,49,24,19,12,12,12,5,2,3,0,0,0,false,NORMAL,1,-1,2,V2,3,1,5,3,3,3,0,3_5_fbios_PABUnityIAPiOSDefensiveBase,segment_tag_core_slot_prob_nu_29_06_base1
